,日期,开盘,收盘,最高,最低,成交量,成交额,振幅,涨跌幅,涨跌额,换手率
0,2015-01-26,12.57,13.96,15.04,11.53,12259278,23755591168.0,116.61,363.79,10.95,37.67
1,2015-01-27,13.04,12.54,13.48,12.51,6875505,12429620736.0,6.95,-10.17,-1.42,21.12
2,2015-01-28,12.45,12.13,12.45,11.85,3682042,6344390144.0,4.78,-3.27,-0.41,11.31
3,2015-01-29,11.78,12.45,12.73,11.68,3956047,6838197504.0,8.66,2.64,0.32,12.15
4,2015-01-30,12.36,11.89,12.54,11.85,2688311,4614103296.0,5.54,-4.5,-0.56,8.26
5,2015-02-02,11.39,10.97,11.52,10.89,2968030,4709138176.0,5.3,-7.74,-0.92,9.12
6,2015-02-03,11.15,11.25,11.32,10.97,2441306,3874595328.0,3.19,2.55,0.28,7.5
7,2015-02-04,11.26,10.91,11.38,10.9,2526351,3986040192.0,4.27,-3.02,-0.34,7.76
8,2015-02-05,11.25,10.81,11.25,10.8,2337072,3657292480.0,4.12,-0.92,-0.1,7.18
9,2015-02-06,10.62,10.48,10.86,10.42,1964061,2973104640.0,4.07,-3.05,-0.33,6.03
10,2015-02-09,10.45,10.91,11.09,10.39,2630038,4062699408.0,6.68,4.1,0.43,8.08
11,2015-02-10,10.82,10.75,10.99,10.61,1870823,2879595616.0,3.48,-1.47,-0.16,5.75
12,2015-02-11,10.82,11.19,11.25,10.67,2451222,3845895392.0,5.4,4.09,0.44,7.53
13,2015-02-12,11.08,11.1,11.22,10.95,1575186,2482387344.0,2.41,-0.8,-0.09,4.84
14,2015-02-13,11.19,11.08,11.31,11.05,1624716,2580064928.0,2.34,-0.18,-0.02,4.99
15,2015-02-16,11.09,10.99,11.13,10.93,1268139,1987430992.0,1.81,-0.81,-0.09,3.9
16,2015-02-17,11.0,11.11,11.22,11.0,1212164,1918480496.0,2.0,1.09,0.12,3.72
17,2015-02-25,11.15,10.88,11.15,10.85,1003062,1561035952.0,2.7,-2.07,-0.23,3.08
18,2015-02-26,10.84,11.21,11.33,10.66,2129151,3345515248.0,6.16,3.03,0.33,6.54
19,2015-02-27,11.13,11.08,11.23,11.05,1424341,2254747504.0,1.61,-1.16,-0.13,4.38
20,2015-03-02,11.27,11.21,11.46,11.12,2095634,3357588720.0,3.07,1.17,0.13,6.44
21,2015-03-03,11.15,10.84,11.16,10.83,1777157,2768033600.0,2.94,-3.3,-0.37,5.46
22,2015-03-04,10.82,10.91,11.04,10.82,1048845,1629174400.0,2.03,0.65,0.07,3.22
23,2015-03-05,10.83,10.85,11.02,10.78,1199280,1856576176.0,2.2,-0.55,-0.06,3.68
24,2015-03-06,10.88,10.82,10.99,10.81,975870,1512189536.0,1.66,-0.28,-0.03,3.0
25,2015-03-09,10.54,10.73,10.77,10.43,1340238,2017582288.0,3.14,-0.83,-0.09,4.12
26,2015-03-10,10.69,10.8,10.96,10.6,1239555,1899032656.0,3.36,0.65,0.07,3.81
27,2015-03-11,10.8,10.66,10.95,10.61,1215782,1865269872.0,3.15,-1.3,-0.14,3.74
28,2015-03-12,10.71,10.76,10.91,10.6,1282557,1965937248.0,2.91,0.94,0.1,3.94
29,2015-03-13,10.82,10.78,10.96,10.71,1164827,1796282768.0,2.32,0.19,0.02,3.58
30,2015-03-16,10.81,11.01,11.02,10.71,2030431,3153751152.0,2.88,2.13,0.23,6.24
31,2015-03-17,11.1,11.84,12.08,11.04,4587791,7489495296.0,9.45,7.54,0.83,14.1
32,2015-03-18,11.85,12.22,12.45,11.71,3987765,6849320960.0,6.25,3.21,0.38,12.25
33,2015-03-19,12.23,12.13,12.34,11.93,2564621,4397697536.0,3.36,-0.74,-0.09,7.88
34,2015-03-20,12.16,12.71,13.16,11.91,4425377,7853674496.0,10.31,4.78,0.58,13.6
35,2015-03-23,12.59,12.67,12.88,12.42,2927399,5226910208.0,3.62,-0.31,-0.04,8.99
36,2015-03-24,12.63,12.22,12.64,12.0,2708267,4715207936.0,5.05,-3.55,-0.45,8.32
37,2015-03-25,12.21,12.09,12.49,12.05,2034971,3514445840.0,3.6,-1.06,-0.13,6.25
38,2015-03-26,12.0,12.16,12.31,11.88,1854593,3178770128.0,3.56,0.58,0.07,5.7
39,2015-03-27,12.16,12.16,12.27,12.08,1252506,2159041120.0,1.56,0.0,0.0,3.85
40,2015-03-30,12.19,12.32,12.44,12.13,1916090,3334112992.0,2.55,1.32,0.16,5.89
41,2015-03-31,12.45,12.19,12.93,12.15,2747237,4870208768.0,6.33,-1.06,-0.13,8.44
42,2015-04-01,12.24,12.36,12.5,12.13,1948163,3390374960.0,3.04,1.39,0.17,5.99
43,2015-04-02,12.42,12.28,12.51,12.13,1776137,3084623648.0,3.07,-0.65,-0.08,5.46
44,2015-04-03,12.16,12.52,12.65,12.14,2492074,4386372096.0,4.15,1.95,0.24,7.66
45,2015-04-07,12.67,12.69,12.72,12.45,2620246,4670383872.0,2.16,1.36,0.17,8.05
46,2015-04-08,12.75,13.62,13.95,12.61,5084897,9522503936.0,10.56,7.33,0.93,15.62
47,2015-04-09,13.72,13.54,14.66,13.49,5144671,10136816384.0,8.59,-0.59,-0.08,15.81
48,2015-04-10,13.41,13.56,13.64,13.2,2406514,4556914176.0,3.25,0.15,0.02,7.39
49,2015-04-13,13.63,13.59,13.82,13.35,2291062,4369214208.0,3.47,0.22,0.03,7.04
50,2015-04-14,13.56,13.62,13.81,13.14,2322682,4395884544.0,4.93,0.22,0.03,7.14
51,2015-04-15,13.59,13.09,13.59,13.08,1585327,2986230928.0,3.74,-3.89,-0.53,4.87
52,2015-04-16,12.93,13.15,13.34,12.76,1524522,2808183552.0,4.43,0.46,0.06,4.68
53,2015-04-17,13.31,13.25,13.61,13.16,1998820,3763872784.0,3.42,0.76,0.1,6.14
54,2015-04-20,13.26,12.8,13.3,12.8,2082003,3825452160.0,3.77,-3.4,-0.45,6.4
55,2015-04-21,12.61,13.29,13.48,12.61,2069836,3845619008.0,6.8,3.83,0.49,6.36
56,2015-04-22,13.34,13.91,14.2,13.25,3032776,5802979840.0,7.15,4.67,0.62,9.32
57,2015-04-23,13.96,13.5,14.02,13.45,2766249,5339266304.0,4.1,-2.95,-0.41,8.5
58,2015-04-24,13.26,13.03,13.33,12.88,1911151,3537468368.0,3.33,-3.48,-0.47,5.87
59,2015-04-27,13.11,13.15,13.33,12.98,1485176,2755165616.0,2.69,0.92,0.12,4.56
60,2015-04-28,13.16,13.07,13.33,12.96,1693591,3140715520.0,2.81,-0.61,-0.08,5.2
61,2015-04-29,13.15,13.08,13.19,12.88,1116175,2056653072.0,2.37,0.08,0.01,3.43
62,2015-04-30,13.16,12.88,13.17,12.85,1298258,2385338400.0,2.45,-1.53,-0.2,3.99
63,2015-05-04,12.87,12.8,13.01,12.7,1046984,1892924992.0,2.41,-0.62,-0.08,3.22
64,2015-05-05,12.79,12.41,13.09,12.36,1469855,2648737984.0,5.7,-3.05,-0.39,4.52
65,2015-05-06,12.52,12.22,12.8,12.09,1395619,2460915824.0,5.72,-1.53,-0.19,4.29
66,2015-05-07,12.11,12.28,12.52,12.11,1075448,1872067952.0,3.36,0.49,0.06,3.3
67,2015-05-08,12.51,12.39,12.59,12.13,1079911,1884735024.0,3.75,0.9,0.11,3.32
68,2015-05-11,12.57,12.65,12.66,12.41,1427157,2531160960.0,2.02,2.1,0.26,4.38
69,2015-05-12,12.66,12.85,13.09,12.47,1878973,3403016400.0,4.9,1.58,0.2,5.77
70,2015-05-13,12.85,12.53,12.85,12.5,1325218,2362872128.0,2.72,-2.49,-0.32,4.07
71,2015-05-14,12.56,12.47,12.69,12.38,974397,1722680624.0,2.47,-0.48,-0.06,2.99
72,2015-05-15,12.44,12.57,12.89,12.16,1853852,3280032672.0,5.85,0.8,0.1,5.7
73,2015-05-18,12.36,12.31,12.57,12.25,1092602,1914893136.0,2.55,-2.07,-0.26,3.36
74,2015-05-19,12.29,12.98,13.39,12.27,3301087,6006494208.0,9.1,5.44,0.67,10.14
75,2015-05-20,12.88,12.71,12.94,12.63,2209408,3980654208.0,2.39,-2.08,-0.27,6.79
76,2015-05-21,12.71,12.71,12.82,12.54,1398763,2504937616.0,2.2,0.0,0.0,4.3
77,2015-05-22,12.83,13.07,13.31,12.76,2575462,4746692352.0,4.33,2.83,0.36,7.91
78,2015-05-25,13.09,13.34,13.62,13.09,2909068,5479255808.0,4.06,2.07,0.27,8.94
79,2015-05-26,13.38,13.49,13.66,13.1,3147038,5918033664.0,4.2,1.12,0.15,9.67
80,2015-05-27,13.51,13.92,14.08,13.31,3776417,7301563904.0,5.71,3.19,0.43,11.6
81,2015-05-28,13.96,13.12,14.65,12.96,4789385,9495664640.0,12.14,-5.75,-0.8,14.72
82,2015-05-29,13.2,13.26,13.62,12.75,3184959,5969560576.0,6.63,1.07,0.14,9.79
83,2015-06-01,13.26,13.87,14.16,12.89,3288197,6283590912.0,9.58,4.6,0.61,10.1
84,2015-06-02,13.85,14.15,14.21,13.64,2980357,5846981120.0,4.11,2.02,0.28,9.16
85,2015-06-03,14.3,13.69,14.3,13.6,2609941,5126656256.0,4.95,-3.25,-0.46,8.02
86,2015-06-04,13.74,13.73,14.05,12.96,2700950,5148018432.0,7.96,0.29,0.04,8.3
87,2015-06-05,13.96,13.59,14.04,13.31,2758355,5320601344.0,5.32,-1.02,-0.14,8.48
88,2015-06-15,13.88,13.47,14.42,13.41,2942498,5758773248.0,7.43,-0.88,-0.12,9.04
89,2015-06-16,13.26,12.99,13.62,12.87,1871787,3496611120.0,5.57,-3.56,-0.48,5.75
90,2015-06-17,13.16,13.05,13.22,12.6,1651003,3003491408.0,4.77,0.46,0.06,5.07
91,2015-06-18,12.91,12.44,13.04,12.41,1373068,2471302736.0,4.83,-4.67,-0.61,4.22
92,2015-06-19,12.36,12.16,12.82,12.11,1584485,2801797232.0,5.71,-2.25,-0.28,4.87
93,2015-06-23,12.28,12.62,12.65,11.89,1447478,2533838224.0,6.25,3.78,0.46,4.45
94,2015-06-24,12.7,12.72,12.74,12.42,1412864,2517614192.0,2.54,0.79,0.1,4.34
95,2015-06-25,12.74,12.35,12.89,12.22,1426363,2548204752.0,5.27,-2.91,-0.37,4.38
96,2015-06-26,12.19,11.36,12.71,11.05,2146966,3631410560.0,13.44,-8.02,-0.99,6.6
97,2015-06-29,11.82,10.59,11.82,10.21,2098379,3300885168.0,14.17,-6.78,-0.77,6.45
98,2015-06-30,10.6,11.45,11.48,9.97,2162293,3352259472.0,14.26,8.12,0.86,6.64
99,2015-07-01,11.25,10.59,11.55,10.52,1659385,2638195984.0,9.0,-7.51,-0.86,5.1
100,2015-07-02,11.01,10.31,11.04,9.79,1721135,2595188192.0,11.8,-2.64,-0.28,5.29
101,2015-07-03,10.45,9.51,10.48,9.32,1649026,2342440256.0,11.25,-7.76,-0.8,5.07
102,2015-07-06,10.51,10.08,10.51,9.45,2216758,3172331248.0,11.15,5.99,0.57,6.81
103,2015-07-07,9.78,10.08,10.08,9.01,2976373,4083884864.0,10.62,0.0,0.0,9.14
104,2015-07-08,9.1,9.01,9.39,9.01,3733819,4945596160.0,3.77,-10.62,-1.07,11.47
105,2015-07-09,9.01,9.97,9.97,8.38,2233414,3044075408.0,17.65,10.65,0.96,6.86
106,2015-07-10,10.04,11.02,11.03,9.79,2926159,4490900736.0,12.44,10.53,1.05,8.99
107,2015-07-13,10.79,11.13,11.68,10.65,2938375,4639629568.0,9.35,1.0,0.11,9.03
108,2015-07-14,10.79,10.39,10.93,10.3,1980315,3003668736.0,5.66,-6.65,-0.74,6.08
109,2015-07-15,10.18,9.4,10.48,9.38,1388078,1962543472.0,10.59,-9.53,-0.99,4.26
110,2015-07-16,9.4,9.53,9.82,9.19,1098045,1501675248.0,6.7,1.38,0.13,3.37
111,2015-07-17,9.59,9.97,10.14,9.53,1185578,1667446128.0,6.4,4.62,0.44,3.64
112,2015-07-20,9.96,9.87,10.12,9.76,1100819,1560319312.0,3.61,-1.0,-0.1,3.38
113,2015-07-21,9.74,9.94,10.13,9.63,1201767,1704563984.0,5.07,0.71,0.07,3.69
114,2015-07-22,9.93,9.79,10.03,9.7,872291,1229452768.0,3.32,-1.51,-0.15,2.68
115,2015-07-23,9.85,10.05,10.08,9.8,1175110,1680513632.0,2.86,2.66,0.26,3.61
116,2015-07-24,10.06,9.77,10.11,9.69,1182925,1687503952.0,4.18,-2.79,-0.28,3.63
117,2015-07-27,9.59,8.73,9.69,8.73,1322979,1757232528.0,9.83,-10.64,-1.04,4.06
118,2015-07-28,8.54,9.35,9.67,8.05,2387696,3097563360.0,18.56,7.1,0.62,7.34
119,2015-07-29,9.3,9.48,9.78,9.05,1007183,1344308656.0,7.81,1.39,0.13,3.09
120,2015-07-30,9.41,9.09,9.58,9.09,711884,958525360.0,5.17,-4.11,-0.39,2.19
121,2015-07-31,9.0,9.23,9.25,8.9,685728,899511328.0,3.85,1.54,0.14,2.11
122,2015-08-03,9.08,9.47,9.47,9.02,812372,1079959792.0,4.88,2.6,0.24,2.5
123,2015-08-04,9.42,9.62,9.67,9.27,873408,1190544704.0,4.22,1.58,0.15,2.68
124,2015-08-05,9.61,9.28,9.61,9.26,562349,762008960.0,3.64,-3.53,-0.34,1.73
125,2015-08-06,9.11,9.07,9.28,9.04,427751,562194272.0,2.59,-2.26,-0.21,1.31
126,2015-08-07,9.16,9.19,9.36,9.12,479647,635157216.0,2.65,1.32,0.12,1.47
127,2015-08-10,9.26,9.71,9.93,9.17,1260988,1725245856.0,8.27,5.66,0.52,3.87
128,2015-08-11,9.62,9.55,9.71,9.52,834959,1148993824.0,1.96,-1.65,-0.16,2.57
129,2015-08-12,9.45,9.48,9.76,9.42,721348,990337088.0,3.56,-0.73,-0.07,2.22
130,2015-08-13,9.39,9.51,9.57,9.27,638120,864029856.0,3.16,0.32,0.03,1.96
131,2015-08-14,9.62,9.62,9.73,9.49,894293,1229560176.0,2.52,1.16,0.11,2.75
132,2015-08-17,9.6,9.51,9.61,9.37,562807,765361808.0,2.49,-1.14,-0.11,1.73
133,2015-08-18,9.56,8.88,9.91,8.73,1346819,1844099760.0,12.41,-6.62,-0.63,4.14
134,2015-08-19,8.71,8.96,8.99,8.39,797503,1007940032.0,6.76,0.9,0.08,2.45
135,2015-08-20,9.08,8.95,9.33,8.85,909062,1194763568.0,5.36,-0.11,-0.01,2.79
136,2015-08-21,8.74,8.35,8.99,8.31,681502,848219184.0,7.6,-6.7,-0.6,2.09
137,2015-08-24,8.08,7.45,8.19,7.45,781293,865810624.0,8.86,-10.78,-0.9,2.4
138,2015-08-25,6.67,6.65,6.93,6.65,812132,800611664.0,3.76,-10.74,-0.8,2.5
139,2015-08-26,6.65,6.08,6.99,5.99,1105406,1054804400.0,15.04,-8.57,-0.57,3.4
140,2015-08-27,6.3,6.42,6.46,5.93,980520,904249984.0,8.72,5.59,0.34,3.01
141,2015-08-28,6.52,6.79,6.87,6.36,1172665,1128210816.0,7.94,5.76,0.37,3.6
142,2015-08-31,6.67,6.36,6.67,6.25,893392,848170688.0,6.19,-6.33,-0.43,2.74
143,2015-09-01,6.36,6.36,6.59,5.99,1004983,936600752.0,9.43,0.0,0.0,3.09
144,2015-09-02,6.08,6.09,6.48,5.99,713200,654364288.0,7.7,-4.25,-0.27,2.19
145,2015-09-07,6.19,6.17,6.36,6.13,635332,588037152.0,3.78,1.31,0.08,1.95
146,2015-09-08,6.08,6.33,6.35,6.01,586471,537331712.0,5.51,2.59,0.16,1.8
147,2015-09-09,6.37,6.62,6.7,6.31,1298463,1245247472.0,6.16,4.58,0.29,3.99
148,2015-09-10,6.48,6.41,6.57,6.39,728974,696576704.0,2.72,-3.17,-0.21,2.24
149,2015-09-11,6.42,6.46,6.56,6.34,488056,464398688.0,3.43,0.78,0.05,1.5
150,2015-09-14,6.51,5.91,6.51,5.76,907655,818764480.0,11.61,-8.51,-0.55,2.79
151,2015-09-15,5.78,5.43,5.92,5.38,637064,534961136.0,9.14,-8.12,-0.48,1.96
152,2015-09-16,5.45,5.93,6.02,5.44,693294,584817216.0,10.68,9.21,0.5,2.13
153,2015-09-17,5.9,5.74,6.05,5.73,684259,600705488.0,5.4,-3.2,-0.19,2.1
154,2015-09-18,5.8,5.94,6.02,5.75,642046,562361200.0,4.7,3.48,0.2,1.97
155,2015-09-21,5.83,6.02,6.05,5.79,436846,386724768.0,4.38,1.35,0.08,1.34
156,2015-09-22,6.05,6.24,6.47,6.02,891491,827401488.0,7.48,3.65,0.22,2.74
157,2015-09-23,6.1,5.99,6.19,5.96,504907,455337424.0,3.69,-4.01,-0.25,1.55
158,2015-09-24,6.04,6.04,6.11,5.93,352883,315512304.0,3.01,0.83,0.05,1.08
159,2015-09-25,6.02,5.76,6.04,5.71,413406,359930080.0,5.46,-4.64,-0.28,1.27
160,2015-09-28,5.72,5.82,5.83,5.68,263154,225931780.0,2.6,1.04,0.06,0.81
161,2015-09-29,5.72,5.76,5.91,5.56,421586,359146720.0,6.01,-1.03,-0.06,1.3
162,2015-09-30,5.74,5.76,5.93,5.73,342225,296085024.0,3.47,0.0,0.0,1.05
163,2015-10-08,6.08,6.0,6.14,5.97,516221,461131792.0,2.95,4.17,0.24,1.59
164,2015-10-09,6.0,6.13,6.2,5.97,592238,534281232.0,3.83,2.17,0.13,1.82
165,2015-10-12,6.15,6.45,6.58,6.11,1163419,1094859408.0,7.67,5.22,0.32,3.57
166,2015-10-13,6.28,6.38,6.42,6.26,641230,601723440.0,2.48,-1.09,-0.07,1.97
167,2015-10-14,6.35,6.3,6.49,6.28,716828,674560080.0,3.29,-1.25,-0.08,2.2
168,2015-10-15,6.3,6.45,6.47,6.27,746850,703605984.0,3.17,2.38,0.15,2.29
169,2015-10-16,6.51,6.58,6.65,6.47,1121162,1084054528.0,2.79,2.02,0.13,3.44
170,2015-10-19,6.59,6.71,6.93,6.57,1262824,1253113072.0,5.47,1.98,0.13,3.88
171,2015-10-20,6.73,6.73,6.74,6.54,756721,740136736.0,2.98,0.3,0.02,2.33
172,2015-10-21,6.72,6.22,6.74,6.19,1005235,964756368.0,8.17,-7.58,-0.51,3.09
173,2015-10-22,6.19,6.35,6.36,6.14,674851,624915296.0,3.54,2.09,0.13,2.07
174,2015-10-23,6.39,6.47,6.48,6.29,709374,668194528.0,2.99,1.89,0.12,2.18
175,2015-10-26,6.65,6.6,6.8,6.52,998853,978689280.0,4.33,2.01,0.13,3.07
176,2015-10-27,6.57,6.51,6.57,6.29,617531,585879392.0,4.24,-1.36,-0.09,1.9
177,2015-10-28,6.54,6.48,6.71,6.45,718844,696455856.0,3.99,-0.46,-0.03,2.21
178,2015-10-29,6.52,6.5,6.58,6.43,439086,420619920.0,2.31,0.31,0.02,1.35
179,2015-10-30,6.49,6.61,6.79,6.37,967866,942215472.0,6.46,1.69,0.11,2.97
180,2015-11-02,6.48,6.39,6.59,6.38,624048,595475152.0,3.18,-3.33,-0.22,1.92
181,2015-11-03,6.39,6.38,6.48,6.33,461815,436483552.0,2.35,-0.16,-0.01,1.42
182,2015-11-04,6.39,7.08,7.08,6.39,2176230,2184960528.0,10.82,10.97,0.7,6.69
183,2015-11-05,7.25,7.59,7.85,7.11,3909097,4345833472.0,10.45,7.2,0.51,12.01
184,2015-11-06,7.48,8.28,8.41,7.33,3514315,4017115264.0,14.23,9.09,0.69,10.8
185,2015-11-09,8.33,8.03,8.79,8.0,3530202,4281006784.0,9.54,-3.02,-0.25,10.85
186,2015-11-10,7.91,8.16,8.58,7.82,2195381,2610156896.0,9.46,1.62,0.13,6.75
187,2015-11-11,8.0,8.22,8.41,7.93,1569578,1840171344.0,5.88,0.74,0.06,4.82
188,2015-11-12,8.25,8.02,8.29,7.93,1174300,1380616272.0,4.38,-2.43,-0.2,3.61
189,2015-11-13,7.89,8.05,8.25,7.83,1385295,1620841680.0,5.24,0.37,0.03,4.26
190,2015-11-16,7.83,7.99,7.99,7.79,767953,881679712.0,2.48,-0.75,-0.06,2.36
191,2015-11-17,8.1,8.14,8.58,8.05,1993317,2402734432.0,6.63,1.88,0.15,6.12
192,2015-11-18,8.08,7.85,8.29,7.78,1136047,1323841504.0,6.27,-3.56,-0.29,3.49
193,2015-11-19,7.85,7.94,7.95,7.78,652069,743431184.0,2.17,1.15,0.09,2.0
194,2015-11-20,7.93,7.84,7.95,7.79,646080,736467888.0,2.02,-1.26,-0.1,1.99
195,2015-11-23,7.86,7.86,8.06,7.82,664963,765445168.0,3.06,0.26,0.02,2.04
196,2015-11-24,7.86,8.05,8.12,7.79,766069,884829328.0,4.2,2.42,0.19,2.35
197,2015-11-25,7.95,8.04,8.1,7.94,764219,888793376.0,1.99,-0.12,-0.01,2.35
198,2015-11-26,8.08,8.03,8.28,8.02,953695,1125028832.0,3.23,-0.12,-0.01,2.93
199,2015-11-27,7.86,7.17,7.93,7.17,1117388,1223894736.0,9.46,-10.71,-0.86,3.43
200,2015-11-30,7.11,7.12,7.22,6.75,894510,918154032.0,6.56,-0.7,-0.05,2.75
201,2015-12-01,7.11,7.05,7.18,7.01,501993,521130080.0,2.39,-0.98,-0.07,1.54
202,2015-12-02,7.1,7.48,7.48,7.04,820574,870625152.0,6.24,6.1,0.43,2.52
203,2015-12-03,7.41,7.46,7.59,7.3,662468,720120560.0,3.88,-0.27,-0.02,2.04
204,2015-12-04,7.41,7.22,7.41,7.18,584412,620274912.0,3.08,-3.22,-0.24,1.8
205,2015-12-07,7.2,7.3,7.36,7.05,480806,506713872.0,4.29,1.11,0.08,1.48
206,2015-12-08,7.23,7.12,7.37,7.1,411613,434261184.0,3.7,-2.47,-0.18,1.26
207,2015-12-09,7.09,7.1,7.22,6.96,408315,424037728.0,3.65,-0.28,-0.02,1.25
208,2015-12-10,7.13,7.15,7.45,7.11,604012,642778896.0,4.79,0.7,0.05,1.86
209,2015-12-11,7.07,7.15,7.32,6.93,530438,551520320.0,5.45,0.0,0.0,1.63
210,2015-12-14,7.04,7.74,7.74,6.97,1104701,1194787136.0,10.77,8.25,0.59,3.39
211,2015-12-15,7.66,7.42,7.69,7.41,806058,883469232.0,3.62,-4.13,-0.32,2.48
212,2015-12-16,7.51,7.43,7.63,7.42,580373,635509312.0,2.83,0.13,0.01,1.78
213,2015-12-17,7.53,7.57,7.7,7.48,730475,805967296.0,2.96,1.88,0.14,2.24
214,2015-12-18,7.57,7.48,7.63,7.43,583380,638715728.0,2.64,-1.19,-0.09,1.79
215,2015-12-21,7.45,7.64,7.76,7.42,788416,875742528.0,4.55,2.14,0.16,2.42
216,2015-12-22,7.67,7.75,7.8,7.61,722451,810932224.0,2.49,1.44,0.11,2.22
217,2015-12-23,7.82,7.9,8.19,7.71,1449445,1671815168.0,6.19,1.94,0.15,4.45
218,2015-12-24,7.78,7.59,7.9,7.46,788109,878646688.0,5.57,-3.92,-0.31,2.42
219,2015-12-25,7.6,7.63,7.71,7.53,394562,437244176.0,2.37,0.53,0.04,1.21
220,2015-12-28,7.7,7.45,7.77,7.45,635517,704525776.0,4.19,-2.36,-0.18,1.95
221,2015-12-29,7.42,7.54,7.58,7.42,349847,382328832.0,2.15,1.21,0.09,1.07
222,2015-12-30,7.53,7.55,7.62,7.45,410484,449168352.0,2.25,0.13,0.01,1.26
223,2015-12-31,7.56,7.34,7.59,7.32,553984,601712496.0,3.58,-2.78,-0.21,1.69
224,2016-01-04,7.33,6.59,7.39,6.57,479967,493005504.0,11.17,-10.22,-0.75,1.46
225,2016-01-05,6.35,6.57,6.79,6.16,653832,629107216.0,9.56,-0.3,-0.02,1.99
226,2016-01-06,6.59,6.72,6.77,6.51,515305,503592624.0,3.96,2.28,0.15,1.57
227,2016-01-07,6.6,6.08,6.61,6.04,139748,131061565.0,8.48,-9.52,-0.64,0.43
228,2016-01-08,6.32,6.23,6.51,5.93,752152,697565968.0,9.54,2.47,0.15,2.29
229,2016-01-11,6.1,5.8,6.22,5.76,595368,532233840.0,7.38,-6.9,-0.43,1.82
230,2016-01-12,5.93,5.93,6.1,5.85,481692,426669424.0,4.31,2.24,0.13,1.47
231,2016-01-13,6.03,5.85,6.06,5.83,453504,401830928.0,3.88,-1.35,-0.08,1.38
232,2016-01-14,5.68,6.02,6.03,5.65,441737,388037552.0,6.5,2.91,0.17,1.35
233,2016-01-15,6.02,5.86,6.02,5.78,412837,362508784.0,3.99,-2.66,-0.16,1.26
234,2016-01-18,5.75,5.93,6.01,5.73,329746,289933424.0,4.78,1.19,0.07,1.01
235,2016-01-19,5.96,6.15,6.19,5.91,490976,441846304.0,4.72,3.71,0.22,1.5
236,2016-01-20,6.11,6.05,6.18,6.01,383063,345395792.0,2.76,-1.63,-0.1,1.17
237,2016-01-21,5.96,5.81,6.13,5.81,377833,334717152.0,5.29,-3.97,-0.24,1.15
238,2016-01-22,5.91,5.88,5.93,5.75,262187,228102244.0,3.1,1.2,0.07,0.8
239,2016-01-25,5.92,5.85,5.96,5.83,283709,248439922.0,2.21,-0.51,-0.03,0.87
240,2016-01-26,5.71,5.36,5.76,5.33,530377,441998464.0,7.35,-8.38,-0.49,1.01
241,2016-01-27,5.42,5.25,5.45,5.09,447758,355348432.0,6.72,-2.05,-0.11,0.86
242,2016-01-28,5.2,5.15,5.4,5.12,332016,262503250.0,5.33,-1.9,-0.1,0.63
243,2016-01-29,5.2,5.42,5.47,5.16,470304,379018848.0,6.02,5.24,0.27,0.9
244,2016-02-01,5.41,5.28,5.41,5.18,311326,248058134.0,4.24,-2.58,-0.14,0.6
245,2016-02-02,5.28,5.41,5.48,5.26,351026,284002320.0,4.17,2.46,0.13,0.67
246,2016-02-03,5.36,5.39,5.4,5.27,237753,190199517.0,2.4,-0.37,-0.02,0.45
247,2016-02-04,5.41,5.46,5.51,5.41,343146,280302688.0,1.86,1.3,0.07,0.66
248,2016-02-05,5.44,5.35,5.44,5.34,268736,216892537.0,1.83,-2.01,-0.11,0.51
249,2016-02-15,5.11,5.25,5.3,5.11,208746,163480318.0,3.55,-1.87,-0.1,0.4
250,2016-02-16,5.28,5.48,5.51,5.28,427192,348434832.0,4.38,4.38,0.23,0.82
251,2016-02-17,5.48,5.5,5.51,5.39,404811,331260352.0,2.19,0.36,0.02,0.77
252,2016-02-18,5.56,5.48,5.67,5.47,467883,388107168.0,3.64,-0.36,-0.02,0.89
253,2016-02-19,5.48,5.48,5.52,5.42,296430,242718527.0,1.82,0.0,0.0,0.57
254,2016-02-22,5.56,5.66,5.76,5.51,671910,564043616.0,4.56,3.28,0.18,1.28
255,2016-02-23,5.65,5.59,5.66,5.5,468661,389771600.0,2.83,-1.24,-0.07,0.9
256,2016-02-24,5.55,5.62,5.63,5.49,406781,338046608.0,2.5,0.54,0.03,0.78
257,2016-02-25,5.6,5.11,5.6,5.02,601557,482178016.0,10.32,-9.07,-0.51,1.15
258,2016-02-26,5.2,5.19,5.23,5.06,371670,289608080.0,3.33,1.57,0.08,0.71
259,2016-02-29,5.17,4.91,5.17,4.78,445289,331664608.0,7.51,-5.39,-0.28,0.85
260,2016-03-01,4.98,5.11,5.25,4.9,452510,344628096.0,7.13,4.07,0.2,0.87
261,2016-03-02,5.16,5.39,5.45,5.11,607761,482454144.0,6.65,5.48,0.28,1.16
262,2016-03-03,5.39,5.35,5.45,5.32,518340,418440704.0,2.41,-0.74,-0.04,0.99
263,2016-03-04,5.31,5.47,5.62,5.31,941501,768976144.0,5.79,2.24,0.12,1.8
264,2016-03-07,5.48,5.56,5.66,5.48,604195,502627712.0,3.29,1.65,0.09,1.16
265,2016-03-08,5.52,5.49,5.54,5.3,559784,453802752.0,4.32,-1.26,-0.07,1.07
266,2016-03-09,5.37,5.31,5.45,5.27,494362,396032064.0,3.28,-3.28,-0.18,0.95
267,2016-03-10,5.32,5.19,5.36,5.17,355800,281366320.0,3.58,-2.26,-0.12,0.68
268,2016-03-11,5.13,5.22,5.3,5.1,330865,258904957.0,3.85,0.58,0.03,0.63
269,2016-03-14,5.28,5.39,5.48,5.23,585327,472192960.0,4.79,3.26,0.17,1.12
270,2016-03-15,5.36,5.35,5.4,5.31,294890,236569484.0,1.67,-0.74,-0.04,0.55
271,2016-03-16,5.36,5.31,5.42,5.28,339252,272410640.0,2.62,-0.75,-0.04,0.64
272,2016-03-17,5.34,5.45,5.51,5.33,543099,441012336.0,3.39,2.64,0.14,1.02
273,2016-03-18,5.43,5.62,5.71,5.43,1166574,976185008.0,5.14,3.12,0.17,2.19
274,2016-03-21,5.79,6.25,6.25,5.79,2338674,2121697456.0,8.19,11.21,0.63,4.39
275,2016-03-22,6.2,6.05,6.26,6.03,1177480,1069728368.0,3.68,-3.2,-0.2,2.21
276,2016-03-23,6.05,6.18,6.21,5.98,764311,689410960.0,3.8,2.15,0.13,1.44
277,2016-03-24,6.08,5.91,6.08,5.91,636417,565704832.0,2.75,-4.37,-0.27,1.2
278,2016-03-25,5.91,5.98,6.04,5.9,363095,321524288.0,2.37,1.18,0.07,0.68
279,2016-03-28,5.96,5.83,6.1,5.78,483663,427313392.0,5.35,-2.51,-0.15,0.91
280,2016-03-29,5.85,5.79,5.93,5.74,451379,391785984.0,3.26,-0.69,-0.04,0.85
281,2016-03-30,5.89,5.99,6.0,5.85,573455,505598288.0,2.59,3.45,0.2,1.08
282,2016-03-31,6.02,5.99,6.13,5.95,562777,503084304.0,3.01,0.0,0.0,1.06
283,2016-04-01,5.99,5.96,6.04,5.83,378250,333442928.0,3.51,-0.5,-0.03,0.71
284,2016-04-05,5.91,6.06,6.11,5.91,518915,464179456.0,3.36,1.68,0.1,0.97
285,2016-04-06,6.05,6.02,6.08,5.97,373093,333788832.0,1.82,-0.66,-0.04,0.7
286,2016-04-07,6.05,5.91,6.08,5.91,368210,326253712.0,2.82,-1.83,-0.11,0.69
287,2016-04-08,5.87,5.84,5.89,5.76,321701,278571648.0,2.2,-1.18,-0.07,0.6
288,2016-04-11,6.05,5.99,6.16,5.99,659382,592467776.0,2.91,2.57,0.15,1.24
289,2016-04-12,5.93,5.92,5.96,5.86,345332,302893616.0,1.67,-1.17,-0.07,0.65
290,2016-04-13,5.96,6.07,6.19,5.96,935811,846009696.0,3.89,2.53,0.15,1.76
291,2016-04-14,6.1,6.08,6.13,6.01,381812,342577856.0,1.98,0.16,0.01,0.72
292,2016-04-15,6.09,6.02,6.09,5.98,320519,286183040.0,1.81,-0.99,-0.06,0.6
293,2016-04-18,5.93,5.87,5.96,5.84,322542,281432464.0,1.99,-2.49,-0.15,0.61
294,2016-04-19,5.9,5.89,5.93,5.82,242994,212022971.0,1.87,0.34,0.02,0.46
295,2016-04-20,5.91,5.62,5.92,5.45,562123,475316656.0,7.98,-4.58,-0.27,1.06
296,2016-04-21,5.56,5.54,5.66,5.53,281264,234769901.0,2.31,-1.42,-0.08,0.53
297,2016-04-22,5.5,5.56,5.58,5.48,216392,179133341.0,1.81,0.36,0.02,0.41
298,2016-04-25,5.52,5.51,5.55,5.45,180930,148636300.0,1.8,-0.9,-0.05,0.34
299,2016-04-26,5.53,5.59,5.59,5.51,184506,153077636.0,1.45,1.45,0.08,0.35
300,2016-04-27,5.68,5.65,5.76,5.6,392647,332153984.0,2.86,1.07,0.06,0.74
301,2016-04-28,5.65,5.66,5.74,5.56,426928,359919536.0,3.19,0.18,0.01,0.8
302,2016-04-29,5.63,5.63,5.7,5.59,286464,241122098.0,1.94,-0.53,-0.03,0.54
303,2016-05-03,5.63,5.75,5.78,5.6,518628,441784000.0,3.2,2.13,0.12,0.97
304,2016-05-04,5.71,5.7,5.74,5.63,347528,294870000.0,1.91,-0.87,-0.05,0.65
305,2016-05-05,5.68,5.68,5.71,5.65,253484,214626170.0,1.05,-0.35,-0.02,0.48
306,2016-05-06,5.69,5.48,5.72,5.48,400059,333723904.0,4.23,-3.52,-0.2,0.75
307,2016-05-09,5.43,5.33,5.45,5.3,334639,268823120.0,2.74,-2.74,-0.15,0.63
308,2016-05-10,5.33,5.33,5.4,5.28,295233,236858498.0,2.25,0.0,0.0,0.55
309,2016-05-11,5.38,5.31,5.39,5.27,213642,170635072.0,2.25,-0.38,-0.02,0.4
310,2016-05-12,5.26,5.38,5.39,5.19,306459,243756903.0,3.77,1.32,0.07,0.58
311,2016-05-13,5.34,5.38,5.45,5.34,276689,223221756.0,2.04,0.0,0.0,0.52
312,2016-05-16,5.34,5.39,5.39,5.29,213331,171007660.0,1.86,0.19,0.01,0.4
313,2016-05-17,5.4,5.38,5.45,5.32,227472,183389804.0,2.41,-0.19,-0.01,0.43
314,2016-05-18,5.33,5.39,5.39,5.25,307514,245711611.0,2.6,0.19,0.01,0.58
315,2016-05-19,5.33,5.36,5.41,5.33,170628,137402300.0,1.48,-0.56,-0.03,0.32
316,2016-05-20,5.33,5.4,5.4,5.31,193651,155668627.0,1.68,0.75,0.04,0.36
317,2016-05-23,5.38,5.39,5.43,5.36,201083,162560651.0,1.3,-0.19,-0.01,0.38
318,2016-05-24,5.39,5.33,5.4,5.32,138240,110762558.0,1.48,-1.11,-0.06,0.26
319,2016-05-25,5.36,5.33,5.42,5.33,180516,145352924.0,1.69,0.0,0.0,0.34
320,2016-05-26,5.31,5.34,5.36,5.25,172373,137162388.0,2.06,0.19,0.01,0.32
321,2016-05-27,5.33,5.32,5.36,5.29,145006,115781681.0,1.31,-0.37,-0.02,0.27
322,2016-05-30,5.31,5.36,5.36,5.27,174211,139247302.0,1.69,0.75,0.04,0.33
323,2016-05-31,5.36,5.73,5.82,5.33,963494,814236960.0,9.14,6.9,0.37,1.81
324,2016-06-01,5.71,5.63,5.78,5.62,620668,525148768.0,2.79,-1.75,-0.1,1.17
325,2016-06-02,5.62,5.65,5.66,5.58,364522,305955536.0,1.42,0.36,0.02,0.68
326,2016-06-03,5.66,5.67,5.73,5.61,371695,313436320.0,2.12,0.35,0.02,0.7
327,2016-06-06,5.71,5.61,5.71,5.6,217320,182572926.0,1.94,-1.06,-0.06,0.41
328,2016-06-07,5.63,5.61,5.68,5.59,232936,195776867.0,1.6,0.0,0.0,0.44
329,2016-06-08,5.61,5.61,5.63,5.56,225683,188547204.0,1.25,0.0,0.0,0.42
330,2016-06-13,5.52,5.34,5.54,5.34,333005,272394704.0,3.57,-4.81,-0.27,0.63
331,2016-06-14,5.33,5.36,5.4,5.31,217323,174379444.0,1.69,0.37,0.02,0.41
332,2016-06-15,5.29,5.44,5.54,5.25,429758,348451952.0,5.41,1.49,0.08,0.81
333,2016-06-16,5.41,5.35,5.42,5.32,281999,226836138.0,1.84,-1.65,-0.09,0.53
334,2016-06-17,5.37,5.39,5.45,5.36,266275,215797682.0,1.68,0.75,0.04,0.5
335,2016-06-20,5.39,5.4,5.42,5.35,174151,140579324.0,1.3,0.19,0.01,0.33
336,2016-06-21,5.42,5.47,5.71,5.42,575069,476638208.0,5.37,1.3,0.07,1.08
337,2016-06-22,5.45,5.53,5.53,5.41,295877,242490059.0,2.19,1.1,0.06,0.56
338,2016-06-23,5.52,5.49,5.52,5.43,219899,180167877.0,1.63,-0.72,-0.04,0.41
339,2016-06-24,5.48,5.39,5.56,5.27,458869,372442256.0,5.28,-1.82,-0.1,0.86
340,2016-06-27,5.36,5.45,5.48,5.33,353132,287228720.0,2.78,1.11,0.06,0.66
341,2016-06-28,5.44,5.51,5.56,5.41,475320,389689888.0,2.75,1.1,0.06,0.89
342,2016-06-29,5.54,5.53,5.58,5.51,466184,385344608.0,1.27,0.36,0.02,0.88
343,2016-06-30,5.59,5.64,5.69,5.56,621385,522690144.0,2.35,1.99,0.11,1.17
344,2016-07-01,5.66,5.62,5.67,5.59,383731,322701920.0,1.42,-0.35,-0.02,0.72
345,2016-07-04,5.62,5.82,5.89,5.59,772080,664086624.0,5.34,3.56,0.2,1.45
346,2016-07-05,5.79,5.92,5.99,5.79,804602,705893088.0,3.44,1.72,0.1,1.51
347,2016-07-06,5.93,5.86,5.93,5.78,869551,549743376.0,2.53,-1.01,-0.06,1.21
348,2016-07-07,5.82,5.87,5.9,5.77,532857,336015520.0,2.22,0.17,0.01,0.74
349,2016-07-08,5.86,5.86,5.93,5.81,485668,308316032.0,2.04,-0.17,-0.01,0.68
350,2016-07-11,5.86,5.85,6.0,5.84,550723,351169792.0,2.73,-0.17,-0.01,0.77
351,2016-07-12,5.85,5.95,5.97,5.72,965365,613012880.0,4.27,1.71,0.1,1.34
352,2016-07-13,5.95,5.96,6.08,5.9,862809,558592944.0,3.03,0.17,0.01,1.2
353,2016-07-14,5.93,5.94,5.97,5.9,456202,292106240.0,1.17,-0.34,-0.02,0.63
354,2016-07-15,5.94,5.92,5.96,5.89,360656,230704050.0,1.18,-0.34,-0.02,0.5
355,2016-07-18,5.92,5.87,5.93,5.83,462839,294451840.0,1.69,-0.84,-0.05,0.64
356,2016-07-19,5.87,5.92,5.95,5.86,387337,247438680.0,1.53,0.85,0.05,0.54
357,2016-07-20,5.91,5.92,5.94,5.89,334508,213913195.0,0.84,0.0,0.0,0.47
358,2016-07-21,5.91,5.94,5.99,5.9,501186,322579296.0,1.52,0.34,0.02,0.7
359,2016-07-22,5.92,5.86,5.95,5.85,343505,218916479.0,1.68,-1.35,-0.08,0.48
360,2016-07-25,5.87,5.87,5.9,5.83,253470,160799616.0,1.19,0.17,0.01,0.35
361,2016-07-26,5.87,5.95,5.95,5.86,385993,247141946.0,1.53,1.36,0.08,0.54
362,2016-07-27,5.95,5.74,5.96,5.68,710126,445764768.0,4.71,-3.53,-0.21,0.99
363,2016-07-28,5.75,5.71,5.78,5.67,349735,217006999.0,1.92,-0.52,-0.03,0.49
364,2016-07-29,5.72,5.7,5.76,5.69,260898,161945450.0,1.23,-0.18,-0.01,0.36
365,2016-08-01,5.7,5.65,5.72,5.6,320684,196694482.0,2.11,-0.88,-0.05,0.45
366,2016-08-02,5.65,5.71,5.71,5.65,170892,105323158.0,1.06,1.06,0.06,0.24
367,2016-08-03,5.67,5.69,5.71,5.67,151107,93163678.0,0.7,-0.35,-0.02,0.21
368,2016-08-04,5.7,5.71,5.71,5.65,163000,100540265.0,1.05,0.35,0.02,0.23
369,2016-08-05,5.7,5.73,5.78,5.67,239838,148720070.0,1.93,0.35,0.02,0.33
370,2016-08-08,5.71,5.76,5.77,5.67,191241,118711278.0,1.75,0.52,0.03,0.27
371,2016-08-09,5.76,5.78,5.79,5.72,248645,155038490.0,1.22,0.35,0.02,0.35
372,2016-08-10,5.77,5.75,5.81,5.73,302363,188957993.0,1.38,-0.52,-0.03,0.42
373,2016-08-11,5.76,5.76,5.84,5.75,478497,300205968.0,1.57,0.17,0.01,0.67
374,2016-08-12,5.76,5.87,5.89,5.73,518748,326108752.0,2.78,1.91,0.11,0.72
375,2016-08-15,5.9,6.13,6.37,5.86,1892321,1249177216.0,8.69,4.43,0.26,2.63
376,2016-08-16,6.11,6.13,6.17,6.05,866820,572635232.0,1.96,0.0,0.0,1.21
377,2016-08-17,6.17,6.14,6.37,6.13,982778,658263104.0,3.92,0.16,0.01,1.37
378,2016-08-18,6.1,6.05,6.18,6.01,770518,505955824.0,2.77,-1.47,-0.09,1.07
379,2016-08-19,6.04,6.08,6.11,6.01,397446,259776567.0,1.65,0.5,0.03,0.55
380,2016-08-22,6.07,6.02,6.11,6.02,389969,254797690.0,1.48,-0.99,-0.06,0.54
381,2016-08-23,6.02,6.05,6.08,6.01,315660,205910688.0,1.16,0.5,0.03,0.44
382,2016-08-24,6.05,6.02,6.08,6.01,240248,156536623.0,1.16,-0.5,-0.03,0.33
383,2016-08-25,6.01,6.01,6.07,5.94,352178,228364728.0,2.16,-0.17,-0.01,0.49
384,2016-08-26,6.02,5.99,6.04,5.97,252404,163825603.0,1.16,-0.33,-0.02,0.35
385,2016-08-29,6.02,5.97,6.03,5.95,212700,137285916.0,1.34,-0.33,-0.02,0.3
386,2016-08-30,5.97,5.99,6.03,5.96,302006,195476794.0,1.17,0.34,0.02,0.42
387,2016-08-31,5.99,6.02,6.04,5.95,275707,178656522.0,1.5,0.5,0.03,0.38
388,2016-09-01,6.01,5.92,6.02,5.92,298893,192910891.0,1.66,-1.66,-0.1,0.42
389,2016-09-02,5.93,5.96,6.05,5.92,322312,208270343.0,2.2,0.68,0.04,0.45
390,2016-09-05,5.99,5.99,6.06,5.96,314629,204088832.0,1.68,0.5,0.03,0.44
391,2016-09-06,5.98,6.01,6.03,5.93,319275,206048635.0,1.67,0.33,0.02,0.44
392,2016-09-07,6.01,6.01,6.04,5.98,299383,194313485.0,1.0,0.0,0.0,0.42
393,2016-09-08,6.0,5.98,6.0,5.95,215102,138787631.0,0.83,-0.5,-0.03,0.3
394,2016-09-09,5.98,5.93,6.0,5.93,269243,173623019.0,1.17,-0.84,-0.05,0.37
395,2016-09-12,5.87,5.72,5.87,5.7,514756,321992944.0,2.87,-3.54,-0.21,0.72
396,2016-09-13,5.74,5.72,5.76,5.7,254746,157906786.0,1.05,0.0,0.0,0.35
397,2016-09-14,5.7,5.69,5.72,5.67,231860,143148970.0,0.87,-0.52,-0.03,0.32
398,2016-09-19,5.69,5.71,5.73,5.69,227558,140744231.0,0.7,0.35,0.02,0.32
399,2016-09-20,5.7,5.69,5.71,5.68,146136,90156824.0,0.53,-0.35,-0.02,0.2
400,2016-09-21,5.69,5.71,5.75,5.67,286085,176934147.0,1.41,0.35,0.02,0.4
401,2016-09-22,5.75,5.76,5.8,5.72,393940,245701452.0,1.4,0.88,0.05,0.55
402,2016-09-23,5.77,5.74,5.77,5.72,177863,110641491.0,0.87,-0.35,-0.02,0.25
403,2016-09-26,5.73,5.65,5.77,5.65,400086,247411321.0,2.09,-1.57,-0.09,0.56
404,2016-09-27,5.65,5.71,5.71,5.63,227536,140216118.0,1.42,1.06,0.06,0.32
405,2016-09-28,5.69,5.7,5.73,5.67,169442,104715203.0,1.05,-0.18,-0.01,0.24
406,2016-09-29,5.72,5.74,5.82,5.69,418020,260886383.0,2.28,0.7,0.04,0.58
407,2016-09-30,5.72,5.78,5.8,5.71,223168,139304915.0,1.57,0.7,0.04,0.31
408,2016-10-10,5.82,5.94,5.94,5.81,538105,342263904.0,2.25,2.77,0.16,0.75
409,2016-10-11,5.94,5.93,5.95,5.86,304211,194392107.0,1.52,-0.17,-0.01,0.42
410,2016-10-12,5.9,5.9,5.93,5.88,170582,108854390.0,0.84,-0.51,-0.03,0.24
411,2016-10-13,5.9,5.92,5.96,5.87,283236,181239840.0,1.53,0.34,0.02,0.39
412,2016-10-14,5.92,5.94,5.95,5.87,243451,155409867.0,1.35,0.34,0.02,0.34
413,2016-10-17,5.94,5.85,5.95,5.83,244204,155747130.0,2.02,-1.52,-0.09,0.34
414,2016-10-18,5.84,5.96,5.98,5.83,442324,282721088.0,2.56,1.88,0.11,0.61
415,2016-10-19,5.96,5.91,5.98,5.89,266447,170671287.0,1.51,-0.84,-0.05,0.37
416,2016-10-20,5.9,5.89,5.93,5.87,201636,128638620.0,1.02,-0.34,-0.02,0.28
417,2016-10-21,5.89,5.92,5.98,5.87,342522,219284275.0,1.87,0.51,0.03,0.48
418,2016-10-24,5.92,6.01,6.09,5.9,837272,543871184.0,3.21,1.52,0.09,1.16
419,2016-10-25,6.01,5.99,6.02,5.96,349107,225727895.0,1.0,-0.33,-0.02,0.48
420,2016-10-26,6.01,5.96,6.03,5.93,331439,213936507.0,1.67,-0.5,-0.03,0.46
421,2016-10-27,5.95,5.93,5.96,5.9,235410,150732867.0,1.01,-0.5,-0.03,0.33
422,2016-10-28,5.95,5.99,6.09,5.94,717825,466626720.0,2.53,1.01,0.06,1.0
423,2016-10-31,5.97,5.97,6.0,5.89,289106,185393595.0,1.84,-0.33,-0.02,0.4
424,2016-11-01,5.97,6.0,6.06,5.93,366520,237541635.0,2.18,0.5,0.03,0.51
425,2016-11-02,5.98,5.95,6.05,5.94,339697,219530571.0,1.83,-0.83,-0.05,0.47
426,2016-11-03,5.92,6.08,6.16,5.92,1104943,724278256.0,4.03,2.18,0.13,1.53
427,2016-11-04,6.08,6.05,6.16,6.03,619850,407842704.0,2.14,-0.49,-0.03,0.86
428,2016-11-07,6.06,6.04,6.08,6.02,331390,216380957.0,0.99,-0.17,-0.01,0.46
429,2016-11-08,6.07,6.06,6.11,6.03,393427,257492741.0,1.32,0.33,0.02,0.55
430,2016-11-09,6.06,5.95,6.07,5.9,508791,328685952.0,2.81,-1.82,-0.11,0.71
431,2016-11-10,6.01,6.03,6.11,5.99,575821,375550944.0,2.02,1.34,0.08,0.8
432,2016-11-11,6.05,6.26,6.36,6.03,1545300,1032877328.0,5.47,3.81,0.23,2.15
433,2016-11-14,6.26,6.33,6.49,6.23,1558015,1068616832.0,4.15,1.12,0.07,2.16
434,2016-11-15,6.35,6.47,6.49,6.33,1374989,947877632.0,2.53,2.21,0.14,1.91
435,2016-11-16,6.47,6.43,6.47,6.32,952565,654121520.0,2.32,-0.62,-0.04,1.32
436,2016-11-17,6.38,6.6,6.71,6.3,1778528,1249378640.0,6.38,2.64,0.17,2.47
437,2016-11-18,6.43,6.4,6.66,6.37,1187483,826305792.0,4.39,-3.03,-0.2,1.65
438,2016-11-21,6.38,6.46,6.56,6.36,998864,696370016.0,3.13,0.94,0.06,1.39
439,2016-11-22,6.46,6.54,6.58,6.46,906272,634494880.0,1.86,1.24,0.08,1.26
440,2016-11-23,6.53,6.48,6.6,6.47,813683,570631712.0,1.99,-0.92,-0.06,1.13
441,2016-11-24,6.47,6.54,6.68,6.45,980168,690409856.0,3.55,0.93,0.06,1.36
442,2016-11-25,6.52,6.58,6.58,6.4,749193,522293888.0,2.75,0.61,0.04,1.04
443,2016-11-28,6.68,6.59,6.71,6.57,902409,641301376.0,2.13,0.15,0.01,1.25
444,2016-11-29,6.56,6.58,6.66,6.49,913999,644249296.0,2.58,-0.15,-0.01,1.27
445,2016-11-30,6.56,6.44,6.66,6.41,865263,606627408.0,3.8,-2.13,-0.14,1.2
446,2016-12-01,6.43,6.48,6.52,6.41,600112,416644512.0,1.71,0.62,0.04,0.83
447,2016-12-02,6.49,6.36,6.49,6.32,719040,494051232.0,2.62,-1.85,-0.12,1.0
448,2016-12-05,6.3,6.11,6.36,6.08,834124,556148368.0,4.4,-3.93,-0.25,1.16
449,2016-12-06,6.11,6.1,6.16,6.08,403348,266387774.0,1.31,-0.16,-0.01,0.56
450,2016-12-07,6.12,6.18,6.18,6.08,357900,236612135.0,1.64,1.31,0.08,0.5
451,2016-12-08,6.18,6.09,6.19,6.08,434011,286528800.0,1.78,-1.46,-0.09,0.6
452,2016-12-09,6.08,6.11,6.15,6.07,491147,323787456.0,1.31,0.33,0.02,0.68
453,2016-12-12,6.1,5.86,6.11,5.83,772103,495626064.0,4.58,-4.09,-0.25,1.07
454,2016-12-13,5.85,5.88,5.91,5.82,480327,305098144.0,1.54,0.34,0.02,0.67
455,2016-12-14,5.88,5.8,5.89,5.79,453977,286618848.0,1.7,-1.36,-0.08,0.63
456,2016-12-15,5.78,5.81,5.86,5.76,519669,326538224.0,1.72,0.17,0.01,0.72
457,2016-12-16,5.8,5.78,5.83,5.74,577472,361859056.0,1.55,-0.52,-0.03,0.8
458,2016-12-19,5.79,5.74,5.79,5.72,348610,217325954.0,1.21,-0.69,-0.04,0.48
459,2016-12-20,5.74,5.77,5.78,5.72,387380,241364942.0,1.05,0.52,0.03,0.54
460,2017-01-26,5.81,5.83,5.87,5.77,925890,582676608.0,1.73,1.04,0.06,1.29
461,2017-02-03,5.83,5.77,5.84,5.77,333772,209607286.0,1.2,-1.03,-0.06,0.47
462,2017-02-06,5.8,5.82,5.83,5.78,344275,216159105.0,0.87,0.87,0.05,0.48
463,2017-02-07,5.82,5.82,5.83,5.79,328602,206749332.0,0.69,0.0,0.0,0.46
464,2017-02-08,5.81,5.9,5.95,5.78,591669,375391312.0,2.92,1.37,0.08,0.82
465,2017-02-09,5.89,5.91,5.95,5.86,464847,297034240.0,1.53,0.17,0.01,0.65
466,2017-02-10,5.91,5.94,5.98,5.89,568474,364702656.0,1.52,0.51,0.03,0.79
467,2017-02-13,5.93,5.96,5.99,5.91,535945,345145696.0,1.35,0.34,0.02,0.75
468,2017-02-14,5.97,5.95,5.99,5.93,348460,224134264.0,1.01,-0.17,-0.01,0.49
469,2017-02-15,5.95,5.92,6.01,5.9,529740,340633392.0,1.85,-0.5,-0.03,0.74
470,2017-02-16,5.89,5.98,5.99,5.88,605469,389295152.0,1.86,1.01,0.06,0.84
471,2017-02-17,5.99,5.98,6.17,5.97,1176910,770086160.0,3.34,0.0,0.0,1.64
472,2017-02-20,5.95,6.02,6.02,5.92,475675,306560976.0,1.67,0.67,0.04,0.66
473,2017-02-21,6.02,6.05,6.11,6.01,498024,325452448.0,1.66,0.5,0.03,0.69
474,2017-02-22,6.05,6.03,6.06,5.99,368675,239519401.0,1.16,-0.33,-0.02,0.51
475,2017-02-23,6.02,5.96,6.03,5.93,411511,265359388.0,1.66,-1.16,-0.07,0.57
476,2017-02-24,5.97,5.98,6.0,5.94,242228,156097807.0,1.01,0.34,0.02,0.34
477,2017-02-27,5.96,5.91,5.97,5.9,303992,195000224.0,1.17,-1.17,-0.07,0.42
478,2017-02-28,5.91,5.93,5.94,5.89,236765,151517350.0,0.85,0.34,0.02,0.33
479,2017-03-01,5.92,5.92,5.96,5.9,347635,222715381.0,1.01,-0.17,-0.01,0.48
480,2017-03-02,5.93,5.9,6.02,5.89,532745,342422784.0,2.2,-0.34,-0.02,0.74
481,2017-03-03,5.87,5.84,5.89,5.82,411063,259998317.0,1.19,-1.02,-0.06,0.57
482,2017-03-06,5.82,5.88,5.89,5.82,326990,207468888.0,1.2,0.68,0.04,0.46
483,2017-03-07,5.89,5.87,5.89,5.84,301504,191022403.0,0.85,-0.17,-0.01,0.42
484,2017-03-08,5.87,5.83,5.87,5.82,333108,210412042.0,0.85,-0.68,-0.04,0.46
485,2017-03-09,5.84,5.79,5.84,5.77,354649,222364208.0,1.2,-0.69,-0.04,0.49
486,2017-03-10,5.79,5.79,5.81,5.78,214375,134471852.0,0.52,0.0,0.0,0.3
487,2017-03-13,5.78,5.82,5.83,5.74,264938,166267456.0,1.55,0.52,0.03,0.37
488,2017-03-14,5.83,5.8,5.84,5.79,233753,147218108.0,0.86,-0.34,-0.02,0.33
489,2017-03-15,5.8,5.81,5.82,5.78,206925,129951422.0,0.69,0.17,0.01,0.29
490,2017-03-16,5.82,5.91,5.93,5.82,722352,460695824.0,1.89,1.72,0.1,1.01
491,2017-03-17,5.91,5.81,5.93,5.81,448224,284491616.0,2.03,-1.69,-0.1,0.62
492,2017-03-20,5.79,5.8,5.83,5.78,287172,180428633.0,0.86,-0.17,-0.01,0.4
493,2017-03-21,5.79,5.78,5.82,5.77,301259,188935426.0,0.86,-0.34,-0.02,0.42
494,2017-03-22,5.77,5.73,5.78,5.73,347654,216535653.0,0.87,-0.87,-0.05,0.48
495,2017-03-23,5.75,5.74,5.79,5.72,302764,188556989.0,1.22,0.17,0.01,0.42
496,2017-03-24,5.75,5.81,5.82,5.73,362154,226520344.0,1.57,1.22,0.07,0.5
497,2017-03-27,5.81,5.81,5.83,5.78,285076,179146712.0,0.86,0.0,0.0,0.4
498,2017-03-28,5.81,5.79,5.84,5.79,242238,152357726.0,0.86,-0.34,-0.02,0.34
499,2017-03-29,5.79,5.75,5.81,5.75,264304,165474827.0,1.04,-0.69,-0.04,0.37
500,2017-03-30,5.75,5.7,5.79,5.69,394615,245301069.0,1.74,-0.87,-0.05,0.55
501,2017-03-31,5.71,5.72,5.73,5.7,225372,139631779.0,0.53,0.35,0.02,0.31
502,2017-04-05,5.73,5.8,5.81,5.72,357587,223876301.0,1.57,1.4,0.08,0.5
503,2017-04-06,5.8,5.79,5.81,5.77,295606,185185319.0,0.69,-0.17,-0.01,0.41
504,2017-04-07,5.79,5.8,5.82,5.77,366398,230055612.0,0.86,0.17,0.01,0.51
505,2017-04-10,5.8,5.77,5.82,5.76,310383,194697495.0,1.03,-0.52,-0.03,0.43
506,2017-04-11,5.76,5.79,5.8,5.69,489464,304469856.0,1.91,0.35,0.02,0.68
507,2017-04-12,5.79,5.76,5.85,5.76,473685,297693120.0,1.55,-0.52,-0.03,0.66
508,2017-04-13,5.75,5.76,5.77,5.73,303658,189287264.0,0.69,0.0,0.0,0.42
509,2017-04-14,5.75,5.69,5.76,5.68,406913,251920380.0,1.39,-1.22,-0.07,0.56
510,2017-04-17,5.69,5.66,5.7,5.64,263433,161966519.0,1.05,-0.53,-0.03,0.37
511,2017-04-18,5.67,5.64,5.69,5.64,196899,120965356.0,0.88,-0.35,-0.02,0.27
512,2017-04-19,5.63,5.57,5.63,5.55,369038,223638986.0,1.42,-1.24,-0.07,0.51
513,2017-04-20,5.57,5.54,5.59,5.51,252376,152097738.0,1.44,-0.54,-0.03,0.35
514,2017-04-21,5.54,5.56,5.58,5.53,205632,124067633.0,0.9,0.36,0.02,0.29
515,2017-04-24,5.55,5.44,5.55,5.42,336965,200337313.0,2.34,-2.16,-0.12,0.47
516,2017-04-25,5.44,5.43,5.47,5.42,183849,108995847.0,0.92,-0.18,-0.01,0.25
517,2017-04-26,5.44,5.44,5.52,5.42,243675,144785818.0,1.84,0.18,0.01,0.34
518,2017-04-27,5.43,5.42,5.44,5.32,349765,204769287.0,2.21,-0.37,-0.02,0.48
519,2017-04-28,5.4,5.43,5.43,5.34,231682,135882466.0,1.66,0.18,0.01,0.32
520,2017-05-02,5.42,5.39,5.42,5.37,200043,117374394.0,0.92,-0.74,-0.04,0.28
521,2017-05-03,5.4,5.35,5.4,5.33,193093,112741446.0,1.3,-0.74,-0.04,0.27
522,2017-05-04,5.33,5.24,5.34,5.23,276105,159549890.0,2.06,-2.06,-0.11,0.38
523,2017-05-05,5.22,5.08,5.22,5.07,474858,266200103.0,2.86,-3.05,-0.16,0.65
524,2017-05-08,5.05,5.03,5.09,5.01,296889,164041716.0,1.57,-0.98,-0.05,0.4
525,2017-05-09,5.03,5.08,5.09,5.02,218731,121126861.0,1.39,0.99,0.05,0.3
526,2017-05-10,5.07,5.02,5.09,5.0,285315,157803418.0,1.77,-1.18,-0.06,0.39
527,2017-05-11,4.98,5.0,5.01,4.83,438229,237429512.0,3.59,-0.4,-0.02,0.6
528,2017-05-12,4.98,5.09,5.11,4.96,384680,212814547.0,3.0,1.8,0.09,0.52
529,2017-05-15,5.09,5.07,5.11,5.05,243527,135544186.0,1.18,-0.39,-0.02,0.33
530,2017-05-16,5.07,5.09,5.1,5.0,241130,133340776.0,1.97,0.39,0.02,0.33
531,2017-05-17,5.09,5.1,5.17,5.08,334193,187109817.0,1.77,0.2,0.01,0.45
532,2017-05-18,5.05,5.03,5.09,5.02,201037,111236198.0,1.37,-1.37,-0.07,0.27
533,2017-05-19,5.02,5.01,5.05,4.99,147256,81047059.0,1.19,-0.4,-0.02,0.2
534,2017-05-22,4.99,4.96,5.03,4.88,260358,141230001.0,2.99,-1.0,-0.05,0.35
535,2017-05-23,4.94,4.98,5.02,4.87,406078,220352745.0,3.02,0.4,0.02,0.55
536,2017-05-24,4.96,4.99,5.0,4.91,232453,126618943.0,1.81,0.2,0.01,0.32
537,2017-05-25,4.99,5.16,5.2,4.96,609276,340103696.0,4.81,3.41,0.17,0.83
538,2017-05-26,5.14,5.15,5.19,5.1,435949,245009981.0,1.74,-0.19,-0.01,0.59
539,2017-05-31,5.2,5.22,5.25,5.14,500593,284593376.0,2.14,1.36,0.07,0.68
540,2017-06-01,5.19,5.17,5.21,5.14,293750,166201176.0,1.34,-0.96,-0.05,0.4
541,2017-06-02,5.17,5.16,5.18,5.09,236831,133102395.0,1.74,-0.19,-0.01,0.32
542,2017-06-05,5.16,5.17,5.2,5.14,152989,86428620.0,1.16,0.19,0.01,0.21
543,2017-06-06,5.18,5.2,5.21,5.15,146806,83163075.0,1.16,0.58,0.03,0.2
544,2017-06-07,5.2,5.24,5.26,5.18,244026,139385682.0,1.54,0.77,0.04,0.33
545,2017-06-08,5.23,5.22,5.26,5.2,185688,105976860.0,1.15,-0.38,-0.02,0.25
546,2017-06-09,5.24,5.24,5.26,5.21,186925,106802225.0,0.96,0.38,0.02,0.25
547,2017-06-12,5.22,5.13,5.23,5.13,409693,231901743.0,1.91,-2.1,-0.11,0.56
548,2017-06-13,5.14,5.18,5.19,5.12,168627,95148769.0,1.36,0.97,0.05,0.23
549,2017-06-14,5.18,5.19,5.2,5.15,357804,202617822.0,0.97,0.19,0.01,0.49
550,2017-06-15,5.19,5.2,5.24,5.17,358625,203749847.0,1.35,0.19,0.01,0.49
551,2017-06-16,5.22,5.15,5.23,5.13,625540,347256096.0,1.92,-0.96,-0.05,0.85
552,2017-06-19,5.15,5.22,5.25,5.13,410425,229238148.0,2.33,1.36,0.07,0.56
553,2017-06-20,5.23,5.2,5.23,5.16,287295,160332257.0,1.34,-0.38,-0.02,0.39
554,2017-06-21,5.24,5.21,5.27,5.18,344935,193047444.0,1.73,0.19,0.01,0.47
555,2017-06-22,5.2,5.21,5.29,5.19,533363,300128944.0,1.92,0.0,0.0,0.73
556,2017-06-23,5.18,5.18,5.2,5.14,279002,154803089.0,1.15,-0.58,-0.03,0.38
557,2017-06-26,5.18,5.25,5.26,5.17,322281,180783871.0,1.74,1.35,0.07,0.44
558,2017-06-27,5.24,5.24,5.26,5.21,205479,115328502.0,0.95,-0.19,-0.01,0.28
559,2017-06-28,5.22,5.21,5.25,5.2,178440,100001993.0,0.95,-0.57,-0.03,0.24
560,2017-06-29,5.2,5.2,5.24,5.2,178977,100187438.0,0.77,-0.19,-0.01,0.24
561,2017-06-30,5.2,5.22,5.24,5.16,240223,133946461.0,1.54,0.38,0.02,0.33
562,2017-07-03,5.22,5.25,5.25,5.19,200237,112165131.0,1.15,0.57,0.03,0.27
563,2017-07-04,5.25,5.24,5.27,5.18,309359,173440801.0,1.71,-0.19,-0.01,0.42
564,2017-07-05,5.24,5.26,5.26,5.22,175061,98380074.0,0.76,0.38,0.02,0.24
565,2017-07-06,5.25,5.27,5.28,5.2,342649,192589488.0,1.52,0.19,0.01,0.47
566,2017-07-07,5.25,5.36,5.37,5.22,479926,272989648.0,2.85,1.71,0.09,0.65
567,2017-07-10,5.34,5.36,5.44,5.32,540737,311588320.0,2.24,0.0,0.0,0.74
568,2017-07-11,5.37,5.37,5.47,5.35,464520,268894224.0,2.24,0.19,0.01,0.63
569,2017-07-12,5.37,5.34,5.41,5.3,382109,218743317.0,2.05,-0.56,-0.03,0.52
570,2017-07-13,5.34,5.43,5.44,5.32,438930,253659050.0,2.25,1.69,0.09,0.6
571,2017-07-14,5.43,5.41,5.46,5.38,267238,154778089.0,1.47,-0.37,-0.02,0.36
572,2017-07-17,5.38,5.24,5.41,5.2,592412,336113952.0,3.88,-3.14,-0.17,0.81
573,2017-07-18,5.24,5.24,5.26,5.2,295122,165532115.0,1.15,0.0,0.0,0.4
574,2017-07-19,5.23,5.53,5.53,5.2,1014579,587338960.0,6.3,5.53,0.29,1.38
575,2017-07-20,5.5,5.49,5.57,5.47,566284,333078752.0,1.81,-0.72,-0.04,0.77
576,2017-07-21,5.48,5.46,5.54,5.44,372545,218518324.0,1.82,-0.55,-0.03,0.51
577,2017-07-24,5.44,5.46,5.53,5.44,413561,242482343.0,1.65,0.0,0.0,0.56
578,2017-07-25,5.47,5.42,5.5,5.4,321214,186787205.0,1.83,-0.73,-0.04,0.44
579,2017-07-26,5.42,5.44,5.46,5.4,292603,169986297.0,1.11,0.37,0.02,0.4
580,2017-07-27,5.43,5.52,5.55,5.4,679011,398346768.0,2.76,1.47,0.08,0.92
581,2017-07-28,5.5,5.49,5.52,5.48,224283,131754354.0,0.72,-0.54,-0.03,0.31
582,2017-07-31,5.49,5.53,5.56,5.47,405322,239407154.0,1.64,0.73,0.04,0.55
583,2017-08-01,5.53,5.56,5.64,5.53,520677,310800416.0,1.99,0.54,0.03,0.71
584,2017-08-02,5.57,5.58,5.65,5.53,651501,389131136.0,2.16,0.36,0.02,0.89
585,2017-08-03,5.57,5.57,5.64,5.55,472727,282552672.0,1.61,-0.18,-0.01,0.64
586,2017-08-04,5.57,5.59,5.68,5.56,648523,389756208.0,2.15,0.36,0.02,0.88
587,2017-08-07,5.57,5.53,5.59,5.5,378411,224095250.0,1.61,-1.07,-0.06,0.51
588,2017-08-08,5.53,5.55,5.58,5.47,398625,235108458.0,1.99,0.36,0.02,0.54
589,2017-08-09,5.52,5.47,5.54,5.47,302269,177359194.0,1.26,-1.44,-0.08,0.41
590,2017-08-10,5.46,5.46,5.53,5.42,366860,214547479.0,2.01,-0.18,-0.01,0.5
591,2017-08-11,5.42,5.3,5.45,5.3,433547,249006431.0,2.75,-2.93,-0.16,0.59
592,2017-08-14,5.33,5.47,5.49,5.32,472569,273524768.0,3.21,3.21,0.17,0.64
593,2017-08-15,5.49,5.44,5.49,5.4,250344,145690379.0,1.65,-0.55,-0.03,0.34
594,2017-08-16,5.44,5.43,5.46,5.39,212633,123424742.0,1.29,-0.18,-0.01,0.29
595,2017-08-17,5.42,5.48,5.49,5.42,296409,172943837.0,1.29,0.92,0.05,0.4
596,2017-08-18,5.45,5.42,5.45,5.4,240876,139810142.0,0.91,-1.09,-0.06,0.33
597,2017-08-21,5.42,5.44,5.45,5.41,203984,118476659.0,0.74,0.37,0.02,0.28
598,2017-08-22,5.44,5.4,5.46,5.39,234654,136232569.0,1.29,-0.74,-0.04,0.32
599,2017-08-23,5.41,5.45,5.49,5.38,367021,213632138.0,2.04,0.93,0.05,0.5
600,2017-08-24,5.44,5.37,5.45,5.36,269897,156280989.0,1.65,-1.47,-0.08,0.37
601,2017-08-25,5.36,5.49,5.52,5.36,609929,356627536.0,2.98,2.23,0.12,0.83
602,2017-08-28,5.54,5.73,5.78,5.53,1751223,1065776576.0,4.55,4.37,0.24,2.38
603,2017-08-29,5.73,5.65,5.75,5.64,771145,467824032.0,1.92,-1.4,-0.08,1.05
604,2017-08-30,5.66,5.68,5.79,5.66,766739,468159536.0,2.3,0.53,0.03,1.04
605,2017-08-31,5.68,5.7,5.75,5.66,610114,371200224.0,1.58,0.35,0.02,0.83
606,2017-09-01,5.7,5.72,5.75,5.69,552697,336853392.0,1.05,0.35,0.02,0.75
607,2017-09-04,5.72,5.7,5.74,5.67,459572,279261072.0,1.22,-0.35,-0.02,0.63
608,2017-09-05,5.71,5.69,5.74,5.69,333643,203206958.0,0.88,-0.18,-0.01,0.45
609,2017-09-06,5.69,5.65,5.69,5.63,461399,278486784.0,1.05,-0.7,-0.04,0.63
610,2017-09-07,5.66,5.59,5.68,5.58,412366,247822185.0,1.77,-1.06,-0.06,0.56
611,2017-09-08,5.6,5.59,5.62,5.56,301947,180138685.0,1.07,0.0,0.0,0.41
612,2017-09-11,5.59,5.6,5.63,5.56,300696,179636441.0,1.25,0.18,0.01,0.41
613,2017-09-12,5.59,5.63,5.67,5.59,603609,363088800.0,1.43,0.54,0.03,0.81
614,2017-09-13,5.62,5.6,5.63,5.58,196155,117372384.0,0.89,-0.53,-0.03,0.26
615,2017-09-14,5.6,5.58,5.64,5.57,297104,177850253.0,1.25,-0.36,-0.02,0.4
616,2017-09-15,5.58,5.58,5.61,5.54,282833,168480524.0,1.25,0.0,0.0,0.38
617,2017-09-18,5.58,5.62,5.65,5.58,442006,265301223.0,1.25,0.72,0.04,0.6
618,2017-09-19,5.62,5.56,5.63,5.54,284651,169679429.0,1.6,-1.07,-0.06,0.38
619,2017-09-20,5.56,5.61,5.61,5.54,222168,132232791.0,1.26,0.9,0.05,0.3
620,2017-09-21,5.6,5.55,5.64,5.55,383491,229367126.0,1.6,-1.07,-0.06,0.52
621,2017-09-22,5.55,5.51,5.56,5.49,346274,204101758.0,1.26,-0.72,-0.04,0.47
622,2017-09-25,5.51,5.46,5.52,5.43,292013,170490063.0,1.63,-0.91,-0.05,0.39
623,2017-09-26,5.46,5.46,5.47,5.44,177070,103268440.0,0.55,0.0,0.0,0.24
624,2017-09-27,5.47,5.46,5.47,5.44,200037,116798207.0,0.55,0.0,0.0,0.27
625,2017-09-28,5.46,5.43,5.46,5.43,246986,143802296.0,0.55,-0.55,-0.03,0.33
626,2017-09-29,5.44,5.45,5.5,5.43,242042,141590956.0,1.29,0.37,0.02,0.33
627,2017-10-09,5.54,5.48,5.57,5.47,329713,194392826.0,1.83,0.55,0.03,0.44
628,2017-10-10,5.47,5.51,5.51,5.47,275981,161986028.0,0.73,0.55,0.03,0.37
629,2017-10-11,5.5,5.51,5.54,5.49,241225,142220031.0,0.91,0.0,0.0,0.33
630,2017-10-12,5.51,5.5,5.52,5.48,174617,102579150.0,0.73,-0.18,-0.01,0.24
631,2017-10-13,5.49,5.52,5.53,5.48,212791,125240774.0,0.91,0.36,0.02,0.29
632,2017-10-16,5.52,5.46,5.54,5.45,301938,177643939.0,1.63,-1.09,-0.06,0.41
633,2017-10-17,5.47,5.45,5.48,5.43,195662,114035054.0,0.92,-0.18,-0.01,0.26
634,2017-10-18,5.44,5.47,5.49,5.43,253895,148148659.0,1.1,0.37,0.02,0.34
635,2017-10-19,5.46,5.36,5.47,5.33,314290,181027012.0,2.56,-2.01,-0.11,0.42
636,2017-10-20,5.35,5.37,5.38,5.32,179025,102567898.0,1.12,0.19,0.01,0.24
637,2017-10-23,5.36,5.35,5.37,5.33,126946,72719516.0,0.74,-0.37,-0.02,0.17
638,2017-10-24,5.35,5.44,5.46,5.33,449589,259928953.0,2.43,1.68,0.09,0.61
639,2017-10-25,5.44,5.42,5.45,5.4,136074,78835052.0,0.92,-0.37,-0.02,0.18
640,2017-10-26,5.41,5.45,5.46,5.38,305585,177543904.0,1.48,0.55,0.03,0.41
641,2017-10-27,5.43,5.4,5.44,5.39,154253,89365150.0,0.92,-0.92,-0.05,0.21
642,2017-10-30,5.38,5.27,5.39,5.24,293964,166762941.0,2.78,-2.41,-0.13,0.4
643,2017-10-31,5.26,5.27,5.29,5.24,165939,93668657.0,0.95,0.0,0.0,0.22
644,2017-11-01,5.27,5.22,5.3,5.22,216021,122016372.0,1.52,-0.95,-0.05,0.29
645,2017-11-02,5.23,5.27,5.27,5.17,341282,191193372.0,1.92,0.96,0.05,0.46
646,2017-11-03,5.25,5.21,5.26,5.18,175868,98310700.0,1.52,-1.14,-0.06,0.24
647,2017-11-06,5.19,5.2,5.21,5.15,156825,87224569.0,1.15,-0.19,-0.01,0.21
648,2017-11-07,5.2,5.26,5.28,5.19,260185,146348443.0,1.73,1.15,0.06,0.35
649,2017-11-08,5.26,5.32,5.4,5.24,418006,238770252.0,3.04,1.14,0.06,0.56
650,2017-11-09,5.3,5.31,5.36,5.28,212544,120928061.0,1.5,-0.19,-0.01,0.29
651,2017-11-10,5.31,5.31,5.36,5.27,221139,125876001.0,1.69,0.0,0.0,0.3
652,2017-11-13,5.33,5.3,5.36,5.28,189096,107634461.0,1.51,-0.19,-0.01,0.26
653,2017-11-14,5.3,5.22,5.31,5.22,207948,117181182.0,1.7,-1.51,-0.08,0.28
654,2017-11-15,5.23,5.23,5.25,5.2,153287,85941150.0,0.96,0.19,0.01,0.21
655,2017-11-16,5.22,5.2,5.25,5.2,179537,100643642.0,0.96,-0.57,-0.03,0.24
656,2017-11-17,5.19,5.23,5.26,5.12,444524,247410505.0,2.69,0.58,0.03,0.6
657,2017-11-20,5.2,5.19,5.23,5.14,221207,122886682.0,1.72,-0.76,-0.04,0.3
658,2017-11-21,5.19,5.33,5.41,5.18,674493,385189872.0,4.43,2.7,0.14,0.91
659,2017-11-22,5.3,5.32,5.38,5.26,499417,283896304.0,2.25,-0.19,-0.01,0.67
660,2017-11-23,5.31,5.21,5.33,5.17,368910,208393913.0,3.01,-2.07,-0.11,0.5
661,2017-11-24,5.16,5.28,5.29,5.15,418300,233692803.0,2.69,1.34,0.07,0.56
662,2017-11-27,5.25,5.29,5.31,5.23,316209,178913085.0,1.52,0.19,0.01,0.43
663,2017-11-28,5.28,5.28,5.29,5.23,137968,77820695.0,1.13,-0.19,-0.01,0.19
664,2017-11-29,5.28,5.28,5.29,5.21,174833,98441593.0,1.52,0.0,0.0,0.24
665,2017-11-30,5.26,5.29,5.3,5.21,246856,139301005.0,1.7,0.19,0.01,0.33
666,2017-12-01,5.26,5.22,5.28,5.2,218596,122872417.0,1.51,-1.32,-0.07,0.3
667,2017-12-04,5.2,5.14,5.22,5.12,311730,172888522.0,1.92,-1.53,-0.08,0.42
668,2017-12-05,5.13,5.17,5.22,5.1,611282,339595280.0,2.33,0.58,0.03,0.82
669,2017-12-06,5.14,5.16,5.18,5.11,226686,125041091.0,1.35,-0.19,-0.01,0.31
670,2017-12-07,5.15,5.12,5.15,5.11,137897,75974144.0,0.78,-0.78,-0.04,0.19
671,2017-12-08,5.13,5.13,5.14,5.11,146913,80903902.0,0.59,0.2,0.01,0.2
672,2017-12-11,5.13,5.14,5.15,5.11,183920,101288466.0,0.78,0.19,0.01,0.25
673,2017-12-12,5.13,5.05,5.14,5.05,202446,110851011.0,1.75,-1.75,-0.09,0.27
674,2017-12-13,5.04,5.04,5.06,5.01,154812,83887016.0,0.99,-0.2,-0.01,0.21
675,2017-12-14,5.04,5.01,5.06,5.01,126105,68172604.0,0.99,-0.6,-0.03,0.17
676,2017-12-15,5.01,4.98,5.02,4.97,180047,96688635.0,1.0,-0.6,-0.03,0.24
677,2017-12-18,4.98,4.95,4.99,4.94,132696,70967657.0,1.0,-0.6,-0.03,0.18
678,2017-12-19,4.97,4.98,4.99,4.95,120445,64528332.0,0.81,0.61,0.03,0.16
679,2017-12-20,4.98,4.92,4.98,4.92,162932,86771598.0,1.2,-1.2,-0.06,0.22
680,2017-12-21,4.92,4.91,4.94,4.87,197329,104433381.0,1.42,-0.2,-0.01,0.27
681,2017-12-22,4.91,4.89,4.94,4.88,101655,53801683.0,1.22,-0.41,-0.02,0.14
682,2017-12-25,4.89,4.81,4.92,4.79,184231,96349468.0,2.66,-1.64,-0.08,0.25
683,2017-12-26,4.8,4.84,4.85,4.8,185865,96761842.0,1.04,0.62,0.03,0.25
684,2017-12-27,4.83,4.84,4.87,4.78,236366,123002319.0,1.86,0.0,0.0,0.32
685,2017-12-28,4.84,4.92,4.96,4.82,426359,226073081.0,2.89,1.65,0.08,0.58
686,2017-12-29,4.92,4.99,5.01,4.91,398072,212915934.0,2.03,1.42,0.07,0.54
687,2018-01-02,4.99,5.0,5.02,4.95,176649,94793279.0,1.4,0.2,0.01,0.24
688,2018-01-03,4.97,4.99,5.04,4.97,244062,131395693.0,1.4,-0.2,-0.01,0.33
689,2018-01-04,4.98,4.95,4.99,4.94,205106,109688341.0,1.0,-0.8,-0.04,0.28
690,2018-01-05,4.95,4.97,5.0,4.94,225223,120596179.0,1.21,0.4,0.02,0.3
691,2018-01-08,4.97,5.02,5.07,4.93,352238,189920184.0,2.82,1.01,0.05,0.48
692,2018-01-09,5.01,4.98,5.06,4.97,205026,110370207.0,1.79,-0.8,-0.04,0.28
693,2018-01-10,4.98,4.95,5.01,4.93,183576,98173049.0,1.61,-0.6,-0.03,0.25
694,2018-01-11,4.95,4.95,4.96,4.93,139232,74152235.0,0.61,0.0,0.0,0.19
695,2018-01-12,4.96,4.95,4.99,4.94,133567,71336510.0,1.01,0.0,0.0,0.18
696,2018-01-15,4.95,4.88,4.95,4.87,239519,126821364.0,1.62,-1.41,-0.07,0.32
697,2018-01-16,4.89,4.94,4.94,4.87,172762,91187639.0,1.43,1.23,0.06,0.23
698,2018-01-17,4.94,5.09,5.19,4.94,842122,461696352.0,5.06,3.04,0.15,1.14
699,2018-01-18,5.1,5.09,5.16,5.05,375986,206121136.0,2.16,0.0,0.0,0.51
700,2018-01-19,5.08,5.21,5.29,5.08,826496,461475632.0,4.13,2.36,0.12,1.12
701,2018-01-22,5.18,5.21,5.26,5.14,494232,275277568.0,2.3,0.0,0.0,0.67
702,2018-01-23,5.18,5.19,5.26,5.16,423876,236285798.0,1.92,-0.38,-0.02,0.57
703,2018-01-24,5.19,5.32,5.32,5.15,902795,509263968.0,3.28,2.5,0.13,1.22
704,2018-01-25,5.26,5.18,5.28,5.17,628087,352168096.0,2.07,-2.63,-0.14,0.85
705,2018-01-26,5.15,5.22,5.25,5.15,410852,230225587.0,1.93,0.77,0.04,0.55
706,2018-01-29,5.2,5.22,5.3,5.18,484108,272515664.0,2.3,0.0,0.0,0.65
707,2018-01-30,5.21,5.1,5.22,5.08,523013,288418048.0,2.68,-2.3,-0.12,0.71
708,2018-01-31,5.09,4.97,5.09,4.93,457816,246907396.0,3.14,-2.55,-0.13,0.62
709,2018-02-01,4.99,4.94,5.01,4.88,482420,256894112.0,2.62,-0.6,-0.03,0.65
710,2018-02-02,4.92,4.99,5.0,4.87,301493,160393143.0,2.63,1.01,0.05,0.41
711,2018-02-05,4.93,4.99,5.05,4.9,298442,159878565.0,3.01,0.0,0.0,0.4
712,2018-02-06,4.93,4.95,5.0,4.9,587234,314084480.0,2.0,-0.8,-0.04,0.79
713,2018-02-07,4.98,4.83,5.01,4.79,470107,247804957.0,4.44,-2.42,-0.12,0.63
714,2018-02-08,4.83,4.85,4.87,4.8,229853,119904037.0,1.45,0.41,0.02,0.31
715,2018-02-09,4.77,4.63,4.78,4.46,529858,265170241.0,6.6,-4.54,-0.22,0.72
716,2018-02-12,4.63,4.59,4.66,4.57,218325,108948023.0,1.94,-0.86,-0.04,0.29
717,2018-02-13,4.61,4.58,4.65,4.58,194576,97274009.0,1.53,-0.22,-0.01,0.26
718,2018-02-14,4.57,4.6,4.6,4.56,121432,60249227.0,0.87,0.44,0.02,0.06
719,2018-02-22,4.63,4.61,4.66,4.59,277388,138712557.0,1.52,0.22,0.01,0.14
720,2018-02-23,4.61,4.62,4.65,4.6,150518,75320744.0,1.08,0.22,0.01,0.08
721,2018-02-26,4.63,4.7,4.71,4.61,278317,140301042.0,2.16,1.73,0.08,0.14
722,2018-02-27,4.69,4.66,4.69,4.64,233011,117416909.0,1.06,-0.85,-0.04,0.12
723,2018-02-28,4.64,4.64,4.69,4.58,227190,113757785.0,2.36,-0.43,-0.02,0.11
724,2018-03-01,4.62,4.65,4.65,4.59,164480,82345306.0,1.29,0.22,0.01,0.08
725,2018-03-02,4.62,4.61,4.64,4.6,147678,73842975.0,0.86,-0.86,-0.04,0.07
726,2018-03-05,4.6,4.62,4.63,4.6,137010,68376320.0,0.65,0.22,0.01,0.07
727,2018-03-06,4.62,4.68,4.68,4.61,265073,133407575.0,1.52,1.3,0.06,0.13
728,2018-03-07,4.67,4.62,4.69,4.61,215382,108392584.0,1.71,-1.28,-0.06,0.11
729,2018-03-08,4.61,4.65,4.66,4.61,155275,77833054.0,1.08,0.65,0.03,0.08
730,2018-03-09,4.65,4.69,4.71,4.64,233861,118171406.0,1.51,0.86,0.04,0.12
731,2018-03-12,4.72,4.71,4.76,4.68,339793,172983014.0,1.71,0.43,0.02,0.17
732,2018-03-13,4.7,4.66,4.7,4.66,208468,105481197.0,0.85,-1.06,-0.05,0.1
733,2018-03-14,4.66,4.65,4.68,4.63,159437,80294573.0,1.07,-0.21,-0.01,0.08
734,2018-03-15,4.64,4.62,4.66,4.61,151334,75804482.0,1.08,-0.65,-0.03,0.08
735,2018-03-16,4.62,4.61,4.65,4.61,165574,82989599.0,0.87,-0.22,-0.01,0.08
736,2018-03-19,4.61,4.66,4.67,4.6,204393,102500573.0,1.52,1.08,0.05,0.1
737,2018-03-20,4.65,4.64,4.66,4.62,114612,57489468.0,0.86,-0.43,-0.02,0.06
738,2018-03-21,4.64,4.64,4.71,4.63,318158,160591497.0,1.72,0.0,0.0,0.16
739,2018-03-22,4.63,4.61,4.67,4.6,186766,93548580.0,1.51,-0.65,-0.03,0.09
740,2018-03-23,4.55,4.57,4.6,4.33,637021,309771776.0,5.86,-0.87,-0.04,0.32
741,2018-03-26,4.48,4.52,4.53,4.44,173429,84465867.0,1.97,-1.09,-0.05,0.09
742,2018-03-27,4.55,4.55,4.57,4.52,198284,97622511.0,1.11,0.66,0.03,0.1
743,2018-03-28,4.51,4.53,4.54,4.48,136524,66804742.0,1.32,-0.44,-0.02,0.07
744,2018-03-29,4.53,4.57,4.63,4.5,280150,139000643.0,2.87,0.88,0.04,0.14
745,2018-03-30,4.57,4.59,4.6,4.56,143486,71193070.0,0.88,0.44,0.02,0.07
746,2018-04-02,4.59,4.6,4.67,4.57,225107,112696272.0,2.18,0.22,0.01,0.11
747,2018-04-03,4.57,4.55,4.6,4.54,159877,78967786.0,1.3,-1.09,-0.05,0.08
748,2018-04-04,4.57,4.52,4.59,4.52,132281,65280959.0,1.54,-0.66,-0.03,0.07
749,2018-04-09,4.51,4.49,4.53,4.49,136379,66660130.0,0.88,-0.66,-0.03,0.07
750,2018-04-10,4.5,4.54,4.57,4.49,175019,85879819.0,1.78,1.11,0.05,0.09
751,2018-04-11,4.56,4.54,4.57,4.53,155480,76571878.0,0.88,0.0,0.0,0.08
752,2018-04-12,4.54,4.49,4.56,4.49,195811,95987537.0,1.54,-1.1,-0.05,0.1
753,2018-04-13,4.51,4.48,4.53,4.47,121830,59435541.0,1.34,-0.22,-0.01,0.06
754,2018-04-16,4.47,4.41,4.48,4.4,156639,75447433.0,1.79,-1.56,-0.07,0.08
755,2018-04-17,4.41,4.4,4.47,4.4,164064,78922425.0,1.59,-0.23,-0.01,0.08
756,2018-04-18,4.44,4.42,4.45,4.39,160740,77100779.0,1.36,0.45,0.02,0.08
757,2018-04-19,4.42,4.42,4.46,4.41,184892,88903297.0,1.13,0.0,0.0,0.09
758,2018-04-20,4.41,4.32,4.41,4.32,190936,90624298.0,2.04,-2.26,-0.1,0.1
759,2018-04-23,4.33,4.27,4.34,4.26,195570,91502541.0,1.85,-1.16,-0.05,0.1
760,2018-04-24,4.27,4.35,4.36,4.27,177153,83315515.0,2.11,1.87,0.08,0.09
761,2018-04-25,4.33,4.3,4.34,4.29,171109,80236255.0,1.15,-1.15,-0.05,0.09
762,2018-04-26,4.31,4.23,4.31,4.23,175889,81771902.0,1.86,-1.63,-0.07,0.09
763,2018-04-27,4.24,4.26,4.29,4.23,145704,67557845.0,1.42,0.71,0.03,0.07
764,2018-05-02,4.31,4.38,4.41,4.31,445126,211693498.0,2.35,2.82,0.12,0.22
765,2018-05-03,4.38,4.52,4.55,4.37,565386,275108752.0,4.11,3.2,0.14,0.28
766,2018-05-04,4.51,4.52,4.53,4.48,267435,130714509.0,1.11,0.0,0.0,0.13
767,2018-05-07,4.52,4.54,4.61,4.52,328366,162433808.0,1.99,0.44,0.02,0.16
768,2018-05-08,4.54,4.56,4.57,4.51,181158,89269406.0,1.32,0.44,0.02,0.09
769,2018-05-09,4.57,4.5,4.57,4.46,194331,94998513.0,2.41,-1.32,-0.06,0.1
770,2018-05-10,4.51,4.54,4.56,4.5,253898,124657201.0,1.33,0.89,0.04,0.13
771,2018-05-11,4.54,4.52,4.56,4.51,165565,81425443.0,1.1,-0.44,-0.02,0.08
772,2018-05-14,4.53,4.54,4.56,4.52,161098,79290908.0,0.88,0.44,0.02,0.08
773,2018-05-15,4.55,4.53,4.55,4.5,176878,86693843.0,1.1,-0.22,-0.01,0.09
774,2018-05-16,4.51,4.47,4.52,4.46,160066,77869200.0,1.32,-1.32,-0.06,0.08
775,2018-05-17,4.47,4.43,4.48,4.43,149645,72173961.0,1.12,-0.89,-0.04,0.07
776,2018-05-18,4.43,4.46,4.47,4.42,181369,87407137.0,1.13,0.68,0.03,0.09
777,2018-05-21,4.49,4.51,4.54,4.48,214478,104933286.0,1.35,1.12,0.05,0.11
778,2018-05-22,4.51,4.49,4.51,4.46,159680,77672719.0,1.11,-0.44,-0.02,0.08
779,2018-05-23,4.49,4.46,4.5,4.46,143127,69515219.0,0.89,-0.67,-0.03,0.07
780,2018-05-24,4.46,4.39,4.47,4.38,168118,80739325.0,2.02,-1.57,-0.07,0.08
781,2018-05-25,4.39,4.34,4.41,4.33,157699,74772290.0,1.82,-1.14,-0.05,0.08
782,2018-05-28,4.34,4.34,4.37,4.31,120377,56839135.0,1.38,0.0,0.0,0.06
783,2018-05-29,4.33,4.3,4.35,4.27,159531,74795936.0,1.84,-0.92,-0.04,0.08
784,2018-05-30,4.26,4.18,4.28,4.15,298578,137921547.0,3.02,-2.79,-0.12,0.15
785,2018-05-31,4.19,4.26,4.26,4.19,272245,125044849.0,1.67,1.91,0.08,0.14
786,2018-06-01,4.22,4.28,4.34,4.19,248744,115228029.0,3.52,0.47,0.02,0.12
787,2018-06-04,4.28,4.24,4.29,4.22,133097,61641853.0,1.64,-0.93,-0.04,0.07
788,2018-06-05,4.25,4.27,4.27,4.2,155649,71958487.0,1.65,0.71,0.03,0.08
789,2018-06-06,4.25,4.27,4.31,4.24,128634,59876817.0,1.64,0.0,0.0,0.06
790,2018-06-07,4.28,4.3,4.36,4.28,213157,100183588.0,1.87,0.7,0.03,0.11
791,2018-06-08,4.29,4.27,4.31,4.24,257704,119745526.0,1.63,-0.7,-0.03,0.13
792,2018-06-11,4.26,4.31,4.35,4.23,250741,117903457.0,2.81,0.94,0.04,0.13
793,2018-06-12,4.32,4.37,4.37,4.3,135556,64031971.0,1.62,1.39,0.06,0.07
794,2018-06-13,4.36,4.3,4.39,4.3,157055,74361937.0,2.06,-1.6,-0.07,0.08
795,2018-06-14,4.28,4.33,4.35,4.28,136256,64009117.0,1.63,0.7,0.03,0.07
796,2018-06-15,4.32,4.3,4.36,4.27,144978,67944785.0,2.08,-0.69,-0.03,0.07
797,2018-06-19,4.25,3.94,4.27,3.93,334341,150221167.0,7.91,-8.37,-0.36,0.17
798,2018-06-20,3.95,4.03,4.06,3.95,242061,106586091.0,2.79,2.28,0.09,0.12
799,2018-06-21,4.02,3.93,4.05,3.93,179396,78513430.0,2.98,-2.48,-0.1,0.09
800,2018-06-22,3.93,3.97,3.97,3.87,146514,63261399.0,2.54,1.02,0.04,0.07
801,2018-06-25,3.99,3.96,4.02,3.93,147638,64251169.0,2.27,-0.25,-0.01,0.07
802,2018-06-26,3.9,3.97,3.98,3.89,164698,71051016.0,2.27,0.25,0.01,0.08
803,2018-06-27,3.98,3.93,3.99,3.92,125880,53844687.0,1.76,-1.01,-0.04,0.06
804,2018-06-28,3.93,3.95,4.04,3.92,167932,72380182.0,3.05,0.51,0.02,0.08
805,2018-06-29,3.95,4.04,4.08,3.95,173863,75624152.0,3.29,2.28,0.09,0.09
806,2018-07-02,4.02,4.0,4.05,3.95,167542,72591815.0,2.48,-0.99,-0.04,0.08
807,2018-07-03,4.0,4.03,4.03,3.97,161977,70225971.0,1.5,0.75,0.03,0.08
808,2018-07-04,4.02,4.0,4.04,3.98,132990,57742112.0,1.49,-0.74,-0.03,0.07
809,2018-07-05,4.0,3.94,4.04,3.94,118496,51214544.0,2.5,-1.5,-0.06,0.06
810,2018-07-06,3.93,3.98,4.03,3.92,164194,70654163.0,2.79,1.02,0.04,0.08
811,2018-07-09,3.99,4.05,4.05,3.99,112597,49144147.0,1.51,1.76,0.07,0.06
812,2018-07-10,4.05,4.05,4.07,4.03,105290,46099416.0,0.99,0.0,0.0,0.05
813,2018-07-11,4.02,3.96,4.03,3.94,148382,63900815.0,2.22,-2.22,-0.09,0.07
814,2018-07-12,3.95,4.06,4.08,3.95,163913,71573782.0,3.28,2.53,0.1,0.08
815,2018-07-13,4.05,4.04,4.07,4.03,102117,44709724.0,0.99,-0.49,-0.02,0.05
816,2018-07-16,4.04,4.07,4.09,4.04,147263,64612077.0,1.24,0.74,0.03,0.07
817,2018-07-17,4.08,4.05,4.08,4.02,87080,38059937.0,1.47,-0.49,-0.02,0.04
818,2018-07-18,4.04,3.99,4.07,3.99,107748,46994433.0,1.98,-1.48,-0.06,0.05
819,2018-07-19,3.99,3.98,4.03,3.96,93978,40570507.0,1.75,-0.25,-0.01,0.05
820,2018-07-20,3.97,4.07,4.09,3.96,230103,100449904.0,3.27,2.26,0.09,0.11
821,2018-07-23,4.05,4.11,4.11,4.04,179916,79331849.0,1.72,0.98,0.04,0.09
822,2018-07-24,4.1,4.18,4.22,4.09,296375,133326581.0,3.16,1.7,0.07,0.15
823,2018-07-25,4.17,4.13,4.18,4.12,187872,84123399.0,1.44,-1.2,-0.05,0.09
824,2018-07-26,4.14,4.15,4.16,4.13,154877,69305755.0,0.73,0.48,0.02,0.08
825,2018-07-27,4.15,4.11,4.16,4.1,138674,61793520.0,1.45,-0.96,-0.04,0.07
826,2018-07-30,4.1,4.11,4.14,4.08,147890,65576089.0,1.46,0.0,0.0,0.07
827,2018-07-31,4.1,4.11,4.13,4.08,86590,38400298.0,1.22,0.0,0.0,0.04
828,2018-08-01,4.11,4.05,4.15,4.05,155614,68946011.0,2.43,-1.46,-0.06,0.08
829,2018-08-02,4.05,3.95,4.05,3.91,177299,76279896.0,3.46,-2.47,-0.1,0.09
830,2018-08-03,3.95,3.93,3.97,3.93,87036,37256228.0,1.01,-0.51,-0.02,0.04
831,2018-08-06,3.93,3.9,3.97,3.88,107350,45697056.0,2.29,-0.76,-0.03,0.05
832,2018-08-07,3.91,4.0,4.0,3.9,137720,59044347.0,2.56,2.56,0.1,0.07
833,2018-08-08,3.99,3.98,4.02,3.97,134978,58350760.0,1.25,-0.5,-0.02,0.07
834,2018-08-09,3.98,4.04,4.07,3.97,172627,75376988.0,2.51,1.51,0.06,0.09
835,2018-08-10,4.04,4.04,4.06,4.01,97009,42348409.0,1.24,0.0,0.0,0.05
836,2018-08-13,4.01,4.05,4.08,3.97,224816,98281698.0,2.72,0.25,0.01,0.11
837,2018-08-14,4.05,4.08,4.09,4.05,117680,51762184.0,0.99,0.74,0.03,0.06
838,2018-08-15,4.08,4.04,4.09,4.03,124255,54522863.0,1.47,-0.98,-0.04,0.06
839,2018-08-16,4.01,4.06,4.12,3.98,194431,85184558.0,3.47,0.5,0.02,0.1
840,2018-08-17,4.08,3.97,4.08,3.96,133951,58502690.0,2.96,-2.22,-0.09,0.07
841,2018-08-20,3.97,4.01,4.02,3.95,110372,47664664.0,1.76,1.01,0.04,0.06
842,2018-08-21,4.01,4.08,4.1,4.0,178514,78461633.0,2.49,1.75,0.07,0.09
843,2018-08-22,4.08,4.07,4.08,4.05,101008,44401862.0,0.74,-0.25,-0.01,0.05
844,2018-08-23,4.08,4.09,4.12,4.04,183136,80765735.0,1.97,0.49,0.02,0.09
845,2018-08-24,4.08,4.11,4.13,4.05,158532,70119379.0,1.96,0.49,0.02,0.08
846,2018-08-27,4.12,4.14,4.16,4.1,167041,74558331.0,1.46,0.73,0.03,0.08
847,2018-08-28,4.13,4.13,4.15,4.11,116925,52167842.0,0.97,-0.24,-0.01,0.06
848,2018-08-29,4.13,4.13,4.14,4.11,93496,41647576.0,0.73,0.0,0.0,0.05
849,2018-08-30,4.12,4.06,4.13,4.05,103032,45514380.0,1.94,-1.69,-0.07,0.05
850,2018-08-31,4.06,4.13,4.13,4.05,226429,100289732.0,1.97,1.72,0.07,0.11
851,2018-09-03,4.1,4.1,4.12,4.07,124711,55203530.0,1.21,-0.73,-0.03,0.06
852,2018-09-04,4.1,4.15,4.16,4.08,157091,70002717.0,1.95,1.22,0.05,0.08
853,2018-09-05,4.13,4.1,4.15,4.1,129168,57497333.0,1.2,-1.2,-0.05,0.06
854,2018-09-06,4.09,4.1,4.13,4.08,77296,34293437.0,1.22,0.0,0.0,0.04
855,2018-09-07,4.09,4.14,4.15,4.09,137378,61128695.0,1.46,0.98,0.04,0.07
856,2018-09-10,4.13,4.03,4.13,4.03,168635,74199514.0,2.42,-2.66,-0.11,0.08
857,2018-09-11,4.02,4.05,4.06,4.01,102571,44778616.0,1.24,0.5,0.02,0.05
858,2018-09-12,4.03,4.09,4.11,4.03,98724,43589586.0,1.98,0.99,0.04,0.05
859,2018-09-13,4.11,4.15,4.15,4.09,161849,72126895.0,1.47,1.47,0.06,0.08
860,2018-09-14,4.15,4.14,4.16,4.13,141844,63542120.0,0.72,-0.24,-0.01,0.07
861,2018-09-17,4.14,4.14,4.16,4.12,124785,55805052.0,0.97,0.0,0.0,0.06
862,2018-09-18,4.13,4.19,4.2,4.12,218360,98021763.0,1.93,1.21,0.05,0.11
863,2018-09-19,4.18,4.18,4.2,4.15,214027,96343181.0,1.19,-0.24,-0.01,0.11
864,2018-09-20,4.18,4.14,4.18,4.13,131545,58924249.0,1.2,-0.96,-0.04,0.07
865,2018-09-21,4.15,4.2,4.2,4.13,229612,103371820.0,1.69,1.45,0.06,0.11
866,2018-09-25,4.16,4.18,4.21,4.15,149655,67531213.0,1.43,-0.48,-0.02,0.07
867,2018-09-26,4.2,4.22,4.23,4.16,273448,123861149.0,1.67,0.96,0.04,0.14
868,2018-09-27,4.22,4.15,4.22,4.13,239259,107349936.0,2.13,-1.66,-0.07,0.12
869,2018-09-28,4.15,4.17,4.18,4.14,144565,64939274.0,0.96,0.48,0.02,0.07
870,2018-10-08,4.12,4.03,4.14,4.03,210913,93161022.0,2.64,-3.36,-0.14,0.11
871,2018-10-09,4.04,4.03,4.07,4.02,114006,49889710.0,1.24,0.0,0.0,0.06
872,2018-10-10,4.04,4.04,4.07,4.03,99109,43396825.0,0.99,0.25,0.01,0.05
873,2018-10-11,3.95,3.69,3.96,3.67,349025,145277398.0,7.18,-8.66,-0.35,0.17
874,2018-10-12,3.67,3.59,3.69,3.59,225947,89779737.0,2.71,-2.71,-0.1,0.11
875,2018-10-15,3.62,3.59,3.67,3.57,171422,67635080.0,2.79,0.0,0.0,0.09
876,2018-10-16,3.58,3.6,3.64,3.58,144619,56916742.0,1.67,0.28,0.01,0.07
877,2018-10-17,3.63,3.64,3.66,3.6,131448,52022353.0,1.67,1.11,0.04,0.07
878,2018-10-18,3.62,3.56,3.64,3.55,148762,58498861.0,2.47,-2.2,-0.08,0.07
879,2018-10-19,3.53,3.64,3.64,3.49,227232,88825427.0,4.21,2.25,0.08,0.11
880,2018-10-22,3.66,4.04,4.04,3.66,670457,286095616.0,10.44,10.99,0.4,0.33
881,2018-10-23,4.11,4.01,4.24,3.97,838705,372030048.0,6.68,-0.74,-0.03,0.42
882,2018-10-24,3.94,4.07,4.18,3.91,583959,256573623.0,6.73,1.5,0.06,0.29
883,2018-10-25,3.95,4.19,4.21,3.92,605240,267277881.0,7.13,2.95,0.12,0.3
884,2018-10-26,4.19,4.11,4.21,4.08,450728,201222057.0,3.1,-1.91,-0.08,0.23
885,2018-10-29,4.1,4.05,4.14,4.02,232616,102575097.0,2.92,-1.46,-0.06,0.12
886,2018-10-30,4.07,4.22,4.34,4.01,774670,350087856.0,8.15,4.2,0.17,0.39
887,2018-10-31,4.2,4.13,4.22,4.11,456853,204787452.0,2.61,-2.13,-0.09,0.23
888,2018-11-01,4.15,4.15,4.39,4.13,750718,342950656.0,6.3,0.48,0.02,0.37
889,2018-11-02,4.22,4.21,4.25,4.14,512716,232368976.0,2.65,1.45,0.06,0.26
890,2018-11-05,4.2,4.24,4.26,4.17,469046,213541872.0,2.14,0.71,0.03,0.23
891,2018-11-06,4.23,4.2,4.3,4.17,414889,188787261.0,3.07,-0.94,-0.04,0.21
892,2018-11-07,4.18,4.11,4.2,4.11,270235,121193996.0,2.14,-2.14,-0.09,0.13
893,2018-11-08,4.15,4.07,4.17,4.06,277653,123540281.0,2.68,-0.97,-0.04,0.14
894,2018-11-09,4.07,4.07,4.1,4.04,197121,86832200.0,1.47,0.0,0.0,0.1
895,2018-11-12,4.07,4.12,4.13,4.04,246947,109288922.0,2.21,1.23,0.05,0.12
896,2018-11-13,4.07,4.22,4.29,4.05,671427,302586896.0,5.83,2.43,0.1,0.34
897,2018-11-14,4.2,4.19,4.27,4.17,409867,185888447.0,2.37,-0.71,-0.03,0.2
898,2018-11-15,4.19,4.27,4.3,4.18,588906,269844144.0,2.86,1.91,0.08,0.29
899,2018-11-16,4.27,4.38,4.48,4.25,796454,374035568.0,5.39,2.58,0.11,0.4
900,2018-11-19,4.34,4.48,4.52,4.34,815186,388782432.0,4.11,2.28,0.1,0.41
901,2018-11-20,4.43,4.25,4.47,4.24,617084,288919040.0,5.13,-5.13,-0.23,0.31
902,2018-11-21,4.21,4.25,4.3,4.18,331184,151783052.0,2.82,0.0,0.0,0.17
903,2018-11-22,4.27,4.24,4.28,4.19,266594,121967206.0,2.12,-0.24,-0.01,0.13
904,2018-11-23,4.24,4.12,4.28,4.09,338369,152174377.0,4.48,-2.83,-0.12,0.17
905,2018-11-26,4.11,4.07,4.16,4.05,227614,100918312.0,2.67,-1.21,-0.05,0.11
906,2018-11-27,4.1,4.1,4.13,4.06,174952,77457590.0,1.72,0.74,0.03,0.09
907,2018-11-28,4.1,4.18,4.19,4.08,278544,124806452.0,2.68,1.95,0.08,0.14
908,2018-11-29,4.2,4.1,4.24,4.09,282978,127340382.0,3.59,-1.91,-0.08,0.14
909,2018-11-30,4.08,4.11,4.13,4.01,310567,136894778.0,2.93,0.24,0.01,0.16
910,2018-12-03,4.29,4.23,4.32,4.2,451686,207022524.0,2.92,2.92,0.12,0.23
911,2018-12-04,4.21,4.27,4.27,4.21,207499,94863990.0,1.42,0.95,0.04,0.1
912,2018-12-05,4.21,4.19,4.23,4.17,254072,115037773.0,1.41,-1.87,-0.08,0.13
913,2018-12-06,4.17,4.1,4.17,4.09,184041,81819425.0,1.91,-2.15,-0.09,0.09
914,2018-12-07,4.1,4.12,4.14,4.09,105955,47108707.0,1.22,0.49,0.02,0.05
915,2018-12-10,4.08,4.06,4.1,4.04,142403,62554497.0,1.46,-1.46,-0.06,0.07
916,2018-12-11,4.07,4.06,4.08,4.02,147225,64525522.0,1.48,0.0,0.0,0.07
917,2018-12-12,4.07,4.06,4.12,4.05,200374,88234213.0,1.72,0.0,0.0,0.1
918,2018-12-13,4.08,4.09,4.11,4.01,322436,141914804.0,2.46,0.74,0.03,0.16
919,2018-12-14,4.07,3.92,4.08,3.9,328741,142076229.0,4.4,-4.16,-0.17,0.16
920,2018-12-17,3.91,3.89,3.93,3.86,225722,95359001.0,1.79,-0.77,-0.03,0.11
921,2018-12-18,3.87,3.87,3.92,3.85,167070,70379247.0,1.8,-0.51,-0.02,0.08
922,2018-12-19,3.87,3.83,3.9,3.83,142158,59579498.0,1.81,-1.03,-0.04,0.07
923,2018-12-20,3.84,3.9,3.91,3.82,247156,103745572.0,2.35,1.83,0.07,0.12
924,2018-12-21,3.88,3.81,3.89,3.77,261075,108268929.0,3.08,-2.31,-0.09,0.13
925,2018-12-24,3.8,3.82,3.83,3.77,129443,53481481.0,1.57,0.26,0.01,0.06
926,2018-12-25,3.79,3.74,3.79,3.68,200005,80949778.0,2.88,-2.09,-0.08,0.1
927,2018-12-26,3.75,3.68,3.76,3.68,194573,78526492.0,2.14,-1.6,-0.06,0.1
928,2018-12-27,3.74,3.66,3.77,3.65,305294,123274306.0,3.26,-0.54,-0.02,0.15
929,2018-12-28,3.67,3.74,3.79,3.67,284392,115627398.0,3.28,2.19,0.08,0.14
930,2019-01-02,3.76,3.71,3.76,3.69,240053,97250500.0,1.87,-0.8,-0.03,0.12
931,2019-01-03,3.72,3.8,3.87,3.72,455746,188723049.0,4.04,2.43,0.09,0.23
932,2019-01-04,3.76,4.09,4.19,3.74,861200,373164864.0,11.84,7.63,0.29,0.43
933,2019-01-07,4.07,4.05,4.12,4.0,532738,234321269.0,2.93,-0.98,-0.04,0.27
934,2019-01-08,4.04,4.07,4.13,3.99,431250,189634127.0,3.46,0.49,0.02,0.22
935,2019-01-09,4.06,4.07,4.15,4.06,433780,192196948.0,2.21,0.0,0.0,0.22
936,2019-01-10,4.07,4.0,4.09,3.98,292559,127737788.0,2.7,-1.72,-0.07,0.15
937,2019-01-11,4.0,4.03,4.06,3.98,222559,96850897.0,2.0,0.75,0.03,0.11
938,2019-01-14,4.03,3.99,4.06,3.97,201703,87563920.0,2.23,-0.99,-0.04,0.1
939,2019-01-15,3.98,4.08,4.1,3.98,370971,162838795.0,3.01,2.26,0.09,0.19
940,2019-01-16,4.09,4.05,4.09,4.04,192358,84345229.0,1.23,-0.74,-0.03,0.1
941,2019-01-17,4.05,3.99,4.06,3.99,213626,92930775.0,1.73,-1.48,-0.06,0.11
942,2019-01-18,3.99,4.05,4.05,3.99,179194,78091530.0,1.5,1.5,0.06,0.09
943,2019-01-21,4.05,4.05,4.07,4.01,259866,113559655.0,1.48,0.0,0.0,0.13
944,2019-01-22,4.03,4.01,4.07,3.99,224500,97926644.0,1.98,-0.99,-0.04,0.11
945,2019-01-23,3.99,3.99,4.02,3.97,124635,53866045.0,1.25,-0.5,-0.02,0.06
946,2019-01-24,4.0,4.05,4.08,3.99,272027,119028782.0,2.26,1.5,0.06,0.14
947,2019-01-25,4.04,4.05,4.08,4.03,252788,111004045.0,1.23,0.0,0.0,0.13
948,2019-01-28,4.09,4.06,4.13,4.05,254088,112277963.0,1.98,0.25,0.01,0.13
949,2019-01-29,4.05,4.06,4.08,3.98,238859,104244510.0,2.46,0.0,0.0,0.12
950,2019-01-30,4.04,4.02,4.07,4.01,128703,56261408.0,1.48,-0.99,-0.04,0.06
951,2019-01-31,4.04,4.09,4.11,4.03,288796,127290375.0,1.99,1.74,0.07,0.14
952,2019-02-01,4.13,4.17,4.19,4.12,357859,160581740.0,1.71,1.96,0.08,0.18
953,2019-02-11,4.16,4.24,4.24,4.14,334849,151951033.0,2.4,1.68,0.07,0.17
954,2019-02-12,4.21,4.21,4.27,4.19,393136,179007451.0,1.89,-0.71,-0.03,0.2
955,2019-02-13,4.21,4.32,4.36,4.17,720286,332316128.0,4.51,2.61,0.11,0.36
956,2019-02-14,4.32,4.43,4.51,4.31,898485,425587600.0,4.63,2.55,0.11,0.4
957,2019-02-15,4.41,4.3,4.42,4.3,663778,311373088.0,2.71,-2.93,-0.13,0.29
958,2019-02-18,4.33,4.53,4.56,4.33,817653,391342976.0,5.35,5.35,0.23,0.36
959,2019-02-19,4.54,4.52,4.66,4.47,920482,449828544.0,4.19,-0.22,-0.01,0.41
960,2019-02-20,4.49,4.53,4.58,4.47,492295,238917060.0,2.43,0.22,0.01,0.22
961,2019-02-21,4.51,4.57,4.75,4.5,1042305,514724880.0,5.52,0.88,0.04,0.46
962,2019-02-22,4.63,5.06,5.06,4.55,2195984,1132896048.0,11.16,10.72,0.49,0.97
963,2019-02-25,5.28,5.6,5.6,5.28,3974855,2307175664.0,6.32,10.67,0.54,1.76
964,2019-02-26,5.62,5.4,5.87,5.38,3945785,2343918560.0,8.75,-3.57,-0.2,1.75
965,2019-02-27,5.32,5.4,5.59,5.23,2174470,1250106432.0,6.67,0.0,0.0,0.96
966,2019-02-28,5.37,5.17,5.37,5.12,1353722,751037440.0,4.63,-4.26,-0.23,0.6
967,2019-03-01,5.22,5.31,5.38,5.16,1526094,853723200.0,4.26,2.71,0.14,0.68
968,2019-03-04,5.36,5.33,5.62,5.22,2670705,1528477280.0,7.53,0.38,0.02,1.19
969,2019-03-05,5.27,5.31,5.33,5.22,1539044,861410624.0,2.06,-0.38,-0.02,0.68
970,2019-03-06,5.31,5.58,5.67,5.3,3106592,1795760624.0,6.97,5.08,0.27,1.38
971,2019-03-07,5.62,5.82,6.07,5.5,5843104,3553452496.0,10.22,4.3,0.24,2.59
972,2019-03-08,5.52,5.21,5.61,5.21,4101260,2363044688.0,6.87,-10.48,-0.61,1.82
973,2019-03-11,5.19,5.33,5.41,5.13,2017649,1129295232.0,5.37,2.3,0.12,0.9
974,2019-03-12,5.36,5.37,5.52,5.31,2146539,1229631200.0,3.94,0.75,0.04,0.95
975,2019-03-13,5.36,5.29,5.46,5.23,1777800,1004437968.0,4.28,-1.49,-0.08,0.79
976,2019-03-14,5.23,5.14,5.33,5.07,1493732,824331104.0,4.91,-2.84,-0.15,0.66
977,2019-03-15,5.19,5.2,5.28,5.1,1365584,755970288.0,3.5,1.17,0.06,0.61
978,2019-03-18,5.2,5.31,5.31,5.11,1573177,875805920.0,3.85,2.12,0.11,0.7
979,2019-03-19,5.35,5.31,5.4,5.25,1464983,829349456.0,2.82,0.0,0.0,0.65
980,2019-03-20,5.29,5.37,5.44,5.25,1689162,959891728.0,3.58,1.13,0.06,0.75
981,2019-03-21,5.36,5.42,5.52,5.31,2334441,1345342064.0,3.91,0.93,0.05,1.04
982,2019-03-22,5.4,5.33,5.44,5.23,1357432,767573968.0,3.87,-1.66,-0.09,0.6
983,2019-03-25,5.24,5.15,5.29,5.14,1297772,719043600.0,2.81,-3.38,-0.18,0.58
984,2019-03-26,5.17,4.96,5.21,4.93,1273196,685964416.0,5.44,-3.69,-0.19,0.57
985,2019-03-27,5.0,4.97,5.02,4.93,767124,407274640.0,1.81,0.2,0.01,0.34
986,2019-03-28,4.97,4.88,5.03,4.87,1103307,580912256.0,3.22,-1.81,-0.09,0.49
987,2019-03-29,4.9,5.19,5.24,4.88,2368676,1284044400.0,7.38,6.35,0.31,1.05
988,2019-04-01,5.2,5.3,5.38,5.13,2325647,1298726528.0,4.82,2.12,0.11,1.03
989,2019-04-02,5.31,5.27,5.38,5.25,1536571,865831504.0,2.45,-0.57,-0.03,0.68
990,2019-04-03,5.24,5.46,5.47,5.21,2326683,1323011920.0,4.93,3.61,0.19,1.03
991,2019-04-04,5.52,5.45,5.55,5.37,2029498,1171633328.0,3.3,-0.18,-0.01,0.9
992,2019-04-08,5.5,5.31,5.51,5.23,1899876,1082843568.0,5.14,-2.57,-0.14,0.84
993,2019-04-09,5.34,5.44,5.44,5.27,1794337,1019805424.0,3.2,2.45,0.13,0.8
994,2019-04-10,5.4,5.33,5.46,5.25,1819756,1030256096.0,3.86,-2.02,-0.11,0.81
995,2019-04-11,5.31,5.23,5.34,5.22,1058652,593380288.0,2.25,-1.88,-0.1,0.47
996,2019-04-12,5.22,5.23,5.29,5.19,827334,461091872.0,1.91,0.0,0.0,0.37
997,2019-04-15,5.31,5.16,5.35,5.16,957301,536674384.0,3.63,-1.34,-0.07,0.42
998,2019-04-16,5.13,5.27,5.28,5.06,1058519,583314192.0,4.26,2.13,0.11,0.47
999,2019-04-17,5.26,5.24,5.3,5.22,817379,456648352.0,1.52,-0.57,-0.03,0.36
1000,2019-04-18,5.24,5.22,5.27,5.21,561110,312377840.0,1.15,-0.38,-0.02,0.25
1001,2019-04-19,5.23,5.25,5.29,5.2,659613,367382752.0,1.72,0.57,0.03,0.29
1002,2019-04-22,5.31,5.16,5.32,5.15,836719,464774672.0,3.24,-1.71,-0.09,0.37
1003,2019-04-23,5.14,5.15,5.27,5.09,901544,495804016.0,3.49,-0.19,-0.01,0.4
1004,2019-04-24,5.15,5.18,5.2,5.09,630104,345958592.0,2.14,0.58,0.03,0.28
1005,2019-04-25,5.19,5.07,5.25,5.06,943942,518875472.0,3.67,-2.12,-0.11,0.42
1006,2019-04-26,5.05,5.04,5.14,5.02,803794,433942704.0,2.37,-0.59,-0.03,0.36
1007,2019-04-29,5.05,4.76,5.07,4.74,1133548,586596880.0,6.55,-5.56,-0.28,0.5
1008,2019-04-30,4.77,4.81,4.84,4.77,534145,274440496.0,1.47,1.05,0.05,0.24
1009,2019-05-06,4.67,4.37,4.7,4.3,1292130,625866992.0,8.32,-9.15,-0.44,0.57
1010,2019-05-07,4.4,4.44,4.47,4.31,920153,435825680.0,3.66,1.6,0.07,0.41
1011,2019-05-08,4.37,4.41,4.46,4.34,485742,230056588.0,2.7,-0.68,-0.03,0.22
1012,2019-05-09,4.37,4.34,4.42,4.32,545852,256401961.0,2.27,-1.59,-0.07,0.24
1013,2019-05-10,4.38,4.5,4.58,4.35,834178,399992704.0,5.3,3.69,0.16,0.37
1014,2019-05-13,4.45,4.42,4.49,4.41,427800,204183291.0,1.78,-1.78,-0.08,0.19
1015,2019-05-14,4.38,4.39,4.46,4.36,448923,212953125.0,2.26,-0.68,-0.03,0.2
1016,2019-05-15,4.42,4.45,4.49,4.42,441395,211042596.0,1.59,1.37,0.06,0.2
1017,2019-05-16,4.46,4.48,4.5,4.43,425700,204208661.0,1.57,0.67,0.03,0.19
1018,2019-05-17,4.49,4.3,4.51,4.26,697976,326020432.0,5.58,-4.02,-0.18,0.31
1019,2019-05-20,4.27,4.36,4.4,4.26,441496,203400897.0,3.26,1.4,0.06,0.2
1020,2019-05-21,4.35,4.42,4.45,4.34,382664,179301238.0,2.52,1.38,0.06,0.17
1021,2019-05-22,4.42,4.34,4.43,4.33,381866,177734802.0,2.26,-1.81,-0.08,0.17
1022,2019-05-23,4.33,4.33,4.4,4.29,405150,187535917.0,2.53,-0.23,-0.01,0.18
1023,2019-05-24,4.31,4.34,4.38,4.31,281194,130187718.0,1.62,0.23,0.01,0.12
1024,2019-05-27,4.36,4.45,4.48,4.31,521411,244823981.0,3.92,2.53,0.11,0.23
1025,2019-05-28,4.45,4.49,4.51,4.41,644318,305914320.0,2.25,0.9,0.04,0.29
1026,2019-05-29,4.46,4.46,4.54,4.44,360146,171525165.0,2.23,-0.67,-0.03,0.16
1027,2019-05-30,4.45,4.45,4.47,4.41,274788,129511549.0,1.35,-0.22,-0.01,0.12
1028,2019-05-31,4.46,4.44,4.5,4.44,285982,135719497.0,1.35,-0.22,-0.01,0.13
1029,2019-06-03,4.45,4.45,4.52,4.42,372698,176641811.0,2.25,0.23,0.01,0.17
1030,2019-06-04,4.44,4.41,4.46,4.37,338706,159103826.0,2.02,-0.9,-0.04,0.15
1031,2019-06-05,4.46,4.44,4.49,4.43,378333,179238018.0,1.36,0.68,0.03,0.17
1032,2019-06-06,4.44,4.37,4.47,4.35,360495,169265144.0,2.7,-1.58,-0.07,0.16
1033,2019-06-10,4.37,4.38,4.41,4.25,488874,226298034.0,3.66,0.23,0.01,0.22
1034,2019-06-11,4.38,4.59,4.6,4.36,866776,415877088.0,5.48,4.79,0.21,0.38
1035,2019-06-12,4.56,4.53,4.61,4.51,524710,253599191.0,2.18,-1.31,-0.06,0.23
1036,2019-06-13,4.53,4.55,4.59,4.52,425177,205591833.0,1.55,0.44,0.02,0.19
1037,2019-06-14,4.56,4.51,4.59,4.5,768613,371610944.0,1.98,-0.88,-0.04,0.34
1038,2019-06-17,4.52,4.57,4.58,4.51,440106,212966378.0,1.55,1.33,0.06,0.2
1039,2019-06-18,4.56,4.58,4.59,4.52,423913,205362299.0,1.53,0.22,0.01,0.19
1040,2019-06-19,4.8,4.62,4.86,4.59,1079056,537896336.0,5.9,0.87,0.04,0.48
1041,2019-06-20,4.59,4.84,4.96,4.59,1548665,784837600.0,8.01,4.76,0.22,0.69
1042,2019-06-21,4.83,4.86,4.91,4.81,1050208,539699008.0,2.07,0.41,0.02,0.47
1043,2019-06-24,4.92,4.84,4.95,4.79,767824,394950528.0,3.29,-0.41,-0.02,0.34
1044,2019-06-25,4.84,4.8,4.85,4.7,794920,402032256.0,3.1,-0.83,-0.04,0.35
1045,2019-06-26,4.73,4.73,4.77,4.7,377043,189239787.0,1.46,-1.46,-0.07,0.17
1046,2019-06-27,4.75,4.78,4.87,4.75,602678,306216464.0,2.54,1.06,0.05,0.27
1047,2019-06-28,4.77,4.73,4.79,4.7,377079,189129984.0,1.88,-1.05,-0.05,0.17
1048,2019-07-01,4.86,4.83,4.89,4.79,752977,384558240.0,2.11,2.11,0.1,0.33
1049,2019-07-02,4.82,4.81,4.82,4.78,340839,173194651.0,0.83,-0.41,-0.02,0.15
1050,2019-07-03,4.8,4.72,4.8,4.7,377073,188946514.0,2.08,-1.87,-0.09,0.17
1051,2019-07-04,4.72,4.73,4.77,4.7,391963,196807496.0,1.48,0.21,0.01,0.17
1052,2019-07-05,4.74,4.72,4.74,4.69,263432,131542613.0,1.06,-0.21,-0.01,0.12
1053,2019-07-08,4.71,4.54,4.71,4.52,442955,216504305.0,4.03,-3.81,-0.18,0.2
1054,2019-07-09,4.56,4.57,4.59,4.52,303641,146831920.0,1.54,0.66,0.03,0.13
1055,2019-07-10,4.57,4.53,4.59,4.5,262042,126719131.0,1.97,-0.88,-0.04,0.12
1056,2019-07-11,4.56,4.54,4.6,4.53,241273,116825462.0,1.55,0.22,0.01,0.11
1057,2019-07-12,4.55,4.57,4.6,4.53,295416,143333643.0,1.54,0.66,0.03,0.13
1058,2019-07-15,4.59,4.67,4.72,4.53,518018,254650531.0,4.16,2.19,0.1,0.23
1059,2019-07-16,4.65,4.71,4.72,4.65,346805,172532690.0,1.5,0.86,0.04,0.15
1060,2019-07-17,4.7,4.7,4.75,4.67,377984,188366916.0,1.7,-0.21,-0.01,0.17
1061,2019-07-18,4.68,4.67,4.7,4.65,308031,152706284.0,1.06,-0.64,-0.03,0.14
1062,2019-07-19,4.68,4.75,4.8,4.68,484214,243660662.0,2.57,1.71,0.08,0.21
1063,2019-07-22,4.78,4.66,4.79,4.62,412896,205847000.0,3.58,-1.89,-0.09,0.18
1064,2019-07-23,4.68,4.67,4.7,4.64,221229,109444331.0,1.29,0.21,0.01,0.1
1065,2019-07-24,4.68,4.69,4.75,4.67,374954,187096024.0,1.71,0.43,0.02,0.17
1066,2019-07-25,4.69,4.68,4.7,4.65,268122,132793120.0,1.07,-0.21,-0.01,0.12
1067,2019-07-26,4.68,4.66,4.68,4.63,259216,127910194.0,1.07,-0.43,-0.02,0.12
1068,2019-07-29,4.64,4.59,4.66,4.58,330932,161912165.0,1.72,-1.5,-0.07,0.15
1069,2019-07-30,4.6,4.64,4.68,4.6,302219,148793937.0,1.74,1.09,0.05,0.13
1070,2019-07-31,4.64,4.61,4.64,4.59,256648,125617232.0,1.08,-0.65,-0.03,0.11
1071,2019-08-01,4.59,4.55,4.62,4.54,309755,150357197.0,1.74,-1.3,-0.06,0.14
1072,2019-08-02,4.49,4.43,4.49,4.41,476406,225082282.0,1.76,-2.64,-0.12,0.21
1073,2019-08-05,4.41,4.38,4.46,4.37,334785,157277481.0,2.03,-1.13,-0.05,0.15
1074,2019-08-06,4.28,4.32,4.39,4.19,573406,261756939.0,4.57,-1.37,-0.06,0.25
1075,2019-08-07,4.33,4.28,4.35,4.28,233758,107300664.0,1.62,-0.93,-0.04,0.1
1076,2019-08-08,4.38,4.34,4.42,4.32,311261,144283513.0,2.34,1.4,0.06,0.14
1077,2019-08-09,4.35,4.27,4.37,4.26,235599,108030728.0,2.53,-1.61,-0.07,0.1
1078,2019-08-12,4.3,4.35,4.36,4.29,287670,132569830.0,1.64,1.87,0.08,0.13
1079,2019-08-13,4.31,4.29,4.32,4.27,221954,101494635.0,1.15,-1.38,-0.06,0.1
1080,2019-08-14,4.34,4.31,4.36,4.31,204614,94424969.0,1.17,0.47,0.02,0.09
1081,2019-08-15,4.22,4.31,4.33,4.18,300435,136344860.0,3.48,0.0,0.0,0.13
1082,2019-08-16,4.3,4.34,4.39,4.29,327020,151334374.0,2.32,0.7,0.03,0.15
1083,2019-08-19,4.38,4.57,4.59,4.36,785732,375859200.0,5.3,5.3,0.23,0.35
1084,2019-08-20,4.58,4.61,4.66,4.55,726889,355588464.0,2.41,0.88,0.04,0.32
1085,2019-08-21,4.59,4.62,4.66,4.58,359688,176049209.0,1.74,0.22,0.01,0.16
1086,2019-08-22,4.64,4.61,4.65,4.59,274625,134393604.0,1.3,-0.22,-0.01,0.12
1087,2019-08-23,4.65,4.59,4.67,4.58,299869,146992939.0,1.95,-0.43,-0.02,0.13
1088,2019-08-26,4.53,4.56,4.6,4.5,283204,137137898.0,2.18,-0.65,-0.03,0.13
1089,2019-08-27,4.6,4.69,4.7,4.59,733180,362694368.0,2.41,2.85,0.13,0.33
1090,2019-08-28,4.66,4.62,4.7,4.61,320200,157511280.0,1.92,-1.49,-0.07,0.14
1091,2019-08-29,4.63,4.57,4.64,4.55,222799,108525406.0,1.95,-1.08,-0.05,0.1
1092,2019-08-30,4.61,4.5,4.64,4.5,287844,139314781.0,3.06,-1.53,-0.07,0.13
1093,2019-09-02,4.51,4.64,4.65,4.51,420402,205241072.0,3.11,3.11,0.14,0.19
1094,2019-09-03,4.64,4.61,4.64,4.58,281807,137680766.0,1.29,-0.65,-0.03,0.13
1095,2019-09-04,4.6,4.65,4.69,4.59,434664,214177319.0,2.17,0.87,0.04,0.19
1096,2019-09-05,4.68,4.75,4.91,4.68,1241081,630896656.0,4.95,2.15,0.1,0.55
1097,2019-09-06,4.76,4.78,4.8,4.73,531104,267882227.0,1.47,0.63,0.03,0.24
1098,2019-09-09,4.85,4.82,4.88,4.78,708563,361778176.0,2.09,0.84,0.04,0.31
1099,2019-09-10,4.8,4.82,4.85,4.74,532954,270276064.0,2.28,0.0,0.0,0.24
1100,2019-09-11,4.87,4.83,4.9,4.81,741609,380601728.0,1.87,0.21,0.01,0.33
1101,2019-09-12,4.83,4.84,4.87,4.79,432895,221153080.0,1.66,0.21,0.01,0.19
1102,2019-09-16,4.84,4.79,4.85,4.76,417815,212017726.0,1.86,-1.03,-0.05,0.19
1103,2019-09-17,4.77,4.66,4.78,4.64,497835,248365188.0,2.92,-2.71,-0.13,0.22
1104,2019-09-18,4.67,4.62,4.69,4.61,338545,166880232.0,1.72,-0.86,-0.04,0.15
1105,2019-09-19,4.64,4.66,4.68,4.62,264993,130640617.0,1.3,0.87,0.04,0.12
1106,2019-09-20,4.66,4.68,4.68,4.64,405580,200615927.0,0.86,0.43,0.02,0.18
1107,2019-09-23,4.66,4.58,4.66,4.52,432188,209887628.0,2.99,-2.14,-0.1,0.19
1108,2019-09-24,4.58,4.59,4.64,4.55,236720,115547796.0,1.97,0.22,0.01,0.11
1109,2019-09-25,4.57,4.58,4.61,4.54,236166,114612431.0,1.53,-0.22,-0.01,0.1
1110,2019-09-26,4.59,4.52,4.62,4.51,355982,172598859.0,2.4,-1.31,-0.06,0.16
1111,2019-09-27,4.52,4.53,4.56,4.51,212108,102177146.0,1.11,0.22,0.01,0.09
1112,2019-09-30,4.54,4.5,4.56,4.5,218525,105293794.0,1.32,-0.66,-0.03,0.1
1113,2019-10-08,4.5,4.48,4.55,4.48,208367,99931850.0,1.56,-0.44,-0.02,0.09
1114,2019-10-09,4.47,4.5,4.5,4.43,167630,79701152.0,1.56,0.45,0.02,0.07
1115,2019-10-10,4.51,4.53,4.53,4.49,179983,86368328.0,0.89,0.67,0.03,0.08
1116,2019-10-11,4.53,4.57,4.61,4.5,303267,146758781.0,2.43,0.88,0.04,0.13
1117,2019-10-14,4.6,4.63,4.68,4.59,439690,216381439.0,1.97,1.31,0.06,0.2
1118,2019-10-15,4.62,4.58,4.63,4.58,245340,119652677.0,1.08,-1.08,-0.05,0.11
1119,2019-10-16,4.58,4.63,4.66,4.57,321342,157822908.0,1.97,1.09,0.05,0.14
1120,2019-10-17,4.64,4.61,4.66,4.6,185833,91262311.0,1.3,-0.43,-0.02,0.08
1121,2019-10-18,4.63,4.51,4.63,4.5,293594,142058178.0,2.82,-2.17,-0.1,0.13
1122,2019-10-21,4.49,4.52,4.53,4.45,244962,117113792.0,1.77,0.22,0.01,0.11
1123,2019-10-22,4.54,4.53,4.54,4.49,171719,82340778.0,1.11,0.22,0.01,0.08
1124,2019-10-23,4.53,4.51,4.55,4.49,124124,59509298.0,1.32,-0.44,-0.02,0.06
1125,2019-10-24,4.52,4.52,4.54,4.48,164864,79053494.0,1.33,0.22,0.01,0.07
1126,2019-10-25,4.52,4.57,4.57,4.5,222086,107113143.0,1.55,1.11,0.05,0.1
1127,2019-10-28,4.6,4.62,4.64,4.57,295460,144392234.0,1.53,1.09,0.05,0.13
1128,2019-10-29,4.62,4.55,4.63,4.55,200114,97309289.0,1.73,-1.52,-0.07,0.09
1129,2019-10-30,4.55,4.52,4.56,4.51,165529,79622089.0,1.1,-0.66,-0.03,0.07
1130,2019-10-31,4.53,4.51,4.54,4.49,155661,74537276.0,1.11,-0.22,-0.01,0.07
1131,2019-11-01,4.5,4.54,4.55,4.49,210980,101364061.0,1.33,0.67,0.03,0.09
1132,2019-11-04,4.56,4.53,4.58,4.52,222094,107185963.0,1.32,-0.22,-0.01,0.1
1133,2019-11-05,4.54,4.59,4.63,4.51,468250,227826910.0,2.65,1.32,0.06,0.21
1134,2019-11-06,4.59,4.56,4.61,4.56,285167,138680413.0,1.09,-0.65,-0.03,0.13
1135,2019-11-07,4.56,4.61,4.62,4.55,328598,160029900.0,1.54,1.1,0.05,0.15
1136,2019-11-08,4.64,4.54,4.66,4.53,420178,204278279.0,2.82,-1.52,-0.07,0.19
1137,2019-11-11,4.5,4.46,4.54,4.44,344452,164629771.0,2.2,-1.76,-0.08,0.15
1138,2019-11-12,4.46,4.48,4.5,4.43,237227,112545058.0,1.57,0.45,0.02,0.11
1139,2019-11-13,4.48,4.49,4.49,4.44,209137,99313378.0,1.12,0.22,0.01,0.09
1140,2019-11-14,4.49,4.46,4.51,4.45,171007,81439438.0,1.34,-0.67,-0.03,0.08
1141,2019-11-15,4.46,4.43,4.49,4.42,175522,83103280.0,1.57,-0.67,-0.03,0.08
1142,2019-11-18,4.42,4.46,4.48,4.38,254983,120653996.0,2.26,0.68,0.03,0.11
1143,2019-11-19,4.45,4.48,4.49,4.44,210113,99685082.0,1.12,0.45,0.02,0.09
1144,2019-11-20,4.46,4.42,4.47,4.42,161967,76587625.0,1.12,-1.34,-0.06,0.07
1145,2019-11-21,4.42,4.45,4.45,4.41,151380,71317613.0,0.9,0.68,0.03,0.07
1146,2019-11-22,4.43,4.43,4.5,4.41,232809,110045871.0,2.02,-0.45,-0.02,0.1
1147,2019-11-25,4.42,4.44,4.45,4.4,200183,94246684.0,1.13,0.23,0.01,0.09
1148,2019-11-26,4.44,4.52,4.52,4.42,441887,210202692.0,2.25,1.8,0.08,0.2
1149,2019-11-27,4.48,4.47,4.5,4.44,183951,87370132.0,1.33,-1.11,-0.05,0.08
1150,2019-11-28,4.45,4.46,4.49,4.44,109876,52108803.0,1.12,-0.22,-0.01,0.05
1151,2019-11-29,4.46,4.48,4.51,4.45,176563,84025172.0,1.35,0.45,0.02,0.08
1152,2019-12-02,4.53,4.49,4.56,4.47,301586,144742052.0,2.01,0.22,0.01,0.13
1153,2019-12-03,4.46,4.52,4.52,4.45,238922,113915411.0,1.56,0.67,0.03,0.11
1154,2019-12-04,4.5,4.52,4.52,4.49,168982,80915475.0,0.66,0.0,0.0,0.07
1155,2019-12-05,4.52,4.56,4.57,4.51,335195,161861756.0,1.33,0.88,0.04,0.15
1156,2019-12-06,4.57,4.57,4.58,4.53,246329,119201683.0,1.1,0.22,0.01,0.11
1157,2019-12-09,4.57,4.58,4.59,4.55,238695,115927954.0,0.88,0.22,0.01,0.11
1158,2019-12-10,4.57,4.56,4.58,4.55,165229,80006849.0,0.66,-0.44,-0.02,0.07
1159,2019-12-11,4.57,4.56,4.6,4.53,267439,129448293.0,1.54,0.0,0.0,0.12
1160,2019-12-12,4.56,4.51,4.56,4.5,219326,105404592.0,1.32,-1.1,-0.05,0.1
1161,2019-12-13,4.54,4.64,4.69,4.54,1071422,523409584.0,3.33,2.88,0.13,0.48
1162,2019-12-16,4.63,4.66,4.69,4.59,801764,394196672.0,2.16,0.43,0.02,0.36
1163,2019-12-17,4.66,4.78,4.89,4.64,1446582,731543504.0,5.36,2.58,0.12,0.64
1164,2019-12-18,4.75,4.79,4.85,4.74,881129,446853728.0,2.3,0.21,0.01,0.39
1165,2019-12-19,4.77,4.76,4.79,4.72,553297,278481200.0,1.46,-0.63,-0.03,0.25
1166,2019-12-20,4.75,4.78,4.85,4.74,985105,500184688.0,2.31,0.42,0.02,0.44
1167,2019-12-23,4.77,4.63,4.81,4.61,774421,387374032.0,4.18,-3.14,-0.15,0.34
1168,2019-12-24,4.64,4.67,4.68,4.62,310733,153128702.0,1.3,0.86,0.04,0.14
1169,2019-12-25,4.65,4.66,4.71,4.63,387916,191792745.0,1.71,-0.21,-0.01,0.17
1170,2019-12-26,4.67,4.73,4.74,4.65,626689,311280464.0,1.93,1.5,0.07,0.28
1171,2019-12-27,4.72,4.66,4.79,4.64,796787,398294336.0,3.17,-1.48,-0.07,0.35
1172,2019-12-30,4.65,4.86,4.88,4.63,1563711,795378800.0,5.36,4.29,0.2,0.69
1173,2019-12-31,4.84,4.84,4.88,4.79,1000310,511995504.0,1.85,-0.41,-0.02,0.44
1174,2020-01-02,4.9,4.87,4.99,4.84,1224903,635348144.0,3.1,0.62,0.03,0.54
1175,2020-01-03,4.86,4.88,4.93,4.84,741718,382865648.0,1.85,0.21,0.01,0.33
1176,2020-01-06,4.85,4.84,4.93,4.83,923976,475928928.0,2.05,-0.82,-0.04,0.41
1177,2020-01-07,4.85,4.88,4.9,4.82,722776,371541760.0,1.65,0.83,0.04,0.32
1178,2020-01-08,4.83,4.76,4.86,4.73,848021,430396912.0,2.66,-2.46,-0.12,0.38
1179,2020-01-09,4.8,4.79,4.84,4.77,607640,308849088.0,1.47,0.63,0.03,0.27
1180,2020-01-10,4.84,4.77,4.86,4.74,691432,350764448.0,2.51,-0.42,-0.02,0.31
1181,2020-01-13,4.77,4.8,4.81,4.7,619303,311005472.0,2.31,0.63,0.03,0.27
1182,2020-01-14,4.8,4.78,4.82,4.77,466781,237025179.0,1.04,-0.42,-0.02,0.21
1183,2020-01-15,4.77,4.74,4.79,4.73,410546,206335533.0,1.26,-0.84,-0.04,0.18
1184,2020-01-16,4.74,4.73,4.77,4.72,359736,180580662.0,1.05,-0.21,-0.01,0.16
1185,2020-01-17,4.74,4.75,4.8,4.73,437070,220246859.0,1.48,0.42,0.02,0.19
1186,2020-01-20,4.75,4.79,4.79,4.71,445197,224163022.0,1.68,0.84,0.04,0.2
1187,2020-01-21,4.77,4.72,4.78,4.7,481700,241775037.0,1.67,-1.46,-0.07,0.21
1188,2020-01-22,4.7,4.72,4.75,4.62,550526,273407776.0,2.75,0.0,0.0,0.24
1189,2020-01-23,4.68,4.54,4.69,4.49,693371,338689760.0,4.24,-3.81,-0.18,0.31
1190,2020-02-03,4.06,4.06,4.06,4.06,323698,140484932.0,0.0,-10.57,-0.48,0.14
1191,2020-02-04,3.88,4.05,4.1,3.88,974335,420157680.0,5.42,-0.25,-0.01,0.43
1192,2020-02-05,4.07,4.1,4.21,4.05,675468,297013904.0,3.95,1.23,0.05,0.3
1193,2020-02-06,4.12,4.19,4.22,4.07,761716,337119536.0,3.66,2.2,0.09,0.34
1194,2020-02-07,4.18,4.17,4.19,4.13,541772,240457921.0,1.43,-0.48,-0.02,0.24
1195,2020-02-10,4.14,4.2,4.24,4.13,467615,209057141.0,2.64,0.72,0.03,0.21
1196,2020-02-11,4.21,4.21,4.28,4.18,475749,214335425.0,2.38,0.24,0.01,0.21
1197,2020-02-12,4.18,4.26,4.28,4.18,539449,243381601.0,2.38,1.19,0.05,0.24
1198,2020-02-13,4.25,4.18,4.28,4.18,437200,196671578.0,2.35,-1.88,-0.08,0.19
1199,2020-02-14,4.18,4.22,4.28,4.17,530341,239040440.0,2.63,0.96,0.04,0.24
1200,2020-02-17,4.29,4.42,4.43,4.27,950261,439917184.0,3.79,4.74,0.2,0.42
1201,2020-02-18,4.4,4.42,4.49,4.38,603837,284201440.0,2.49,0.0,0.0,0.27
1202,2020-02-19,4.42,4.42,4.51,4.39,619847,293711312.0,2.71,0.0,0.0,0.28
1203,2020-02-20,4.43,4.66,4.69,4.4,1299110,627001360.0,6.56,5.43,0.24,0.58
1204,2020-02-21,4.65,4.63,4.77,4.6,1183167,585524656.0,3.65,-0.64,-0.03,0.53
1205,2020-02-24,4.61,4.61,4.66,4.58,783618,383899296.0,1.73,-0.43,-0.02,0.35
1206,2020-02-25,4.53,4.71,4.71,4.49,1353644,660206928.0,4.77,2.17,0.1,0.6
1207,2020-02-26,4.65,4.6,4.75,4.6,1196769,592660544.0,3.18,-2.34,-0.11,0.53
1208,2020-02-27,4.62,4.59,4.69,4.56,827065,405080752.0,2.83,-0.22,-0.01,0.37
1209,2020-02-28,4.47,4.4,4.52,4.34,953145,448938016.0,3.92,-4.14,-0.19,0.42
1210,2020-03-02,4.4,4.58,4.64,4.4,1021580,491785632.0,5.45,4.09,0.18,0.45
1211,2020-03-03,4.62,4.59,4.69,4.55,1066134,523219488.0,3.06,0.22,0.01,0.47
1212,2020-03-04,4.56,4.64,4.64,4.53,1043667,509249584.0,2.4,1.09,0.05,0.46
1213,2020-03-05,4.69,4.72,4.8,4.6,1908438,952618352.0,4.31,1.72,0.08,0.85
1214,2020-03-06,4.66,4.62,4.68,4.61,932218,458993408.0,1.48,-2.12,-0.1,0.41
1215,2020-03-09,4.55,4.51,4.61,4.47,945181,455668064.0,3.03,-2.38,-0.11,0.42
1216,2020-03-10,4.48,4.62,4.63,4.47,1134663,549918688.0,3.55,2.44,0.11,0.5
1217,2020-03-11,4.61,4.51,4.62,4.51,754782,365455536.0,2.38,-2.38,-0.11,0.33
1218,2020-03-12,4.47,4.39,4.51,4.36,769859,361921200.0,3.33,-2.66,-0.12,0.34
1219,2020-03-13,4.17,4.34,4.4,4.12,829623,376734640.0,6.38,-1.14,-0.05,0.37
1220,2020-03-16,4.36,4.19,4.38,4.16,690683,315896400.0,5.07,-3.46,-0.15,0.31
1221,2020-03-17,4.22,4.2,4.28,4.12,639371,286598128.0,3.82,0.24,0.01,0.28
1222,2020-03-18,4.22,4.1,4.26,4.08,559554,250078695.0,4.29,-2.38,-0.1,0.25
1223,2020-03-19,4.1,4.11,4.16,4.02,688968,301640400.0,3.41,0.24,0.01,0.31
1224,2020-03-20,4.14,4.26,4.31,4.07,887522,398379680.0,5.84,3.65,0.15,0.39
1225,2020-03-23,4.14,4.14,4.27,4.13,549513,245722720.0,3.29,-2.82,-0.12,0.24
1226,2020-03-24,4.22,4.19,4.24,4.12,544755,243318070.0,2.9,1.21,0.05,0.24
1227,2020-03-25,4.26,4.24,4.29,4.2,541778,245106032.0,2.15,1.19,0.05,0.24
1228,2020-03-26,4.21,4.17,4.23,4.16,318329,142550520.0,1.65,-1.65,-0.07,0.14
1229,2020-03-27,4.2,4.18,4.27,4.18,378840,170208011.0,2.16,0.24,0.01,0.17
1230,2020-03-30,4.14,4.13,4.16,4.11,341857,150752161.0,1.2,-1.2,-0.05,0.15
1231,2020-03-31,4.17,4.13,4.18,4.11,308032,136401491.0,1.69,0.0,0.0,0.14
1232,2020-04-01,4.13,4.1,4.18,4.09,328874,145228774.0,2.18,-0.73,-0.03,0.15
1233,2020-04-02,4.08,4.16,4.17,4.07,325829,143621456.0,2.44,1.46,0.06,0.14
1234,2020-04-03,4.14,4.11,4.16,4.1,279536,123147296.0,1.44,-1.2,-0.05,0.12
1235,2020-04-07,4.16,4.18,4.2,4.14,539623,239892071.0,1.46,1.7,0.07,0.24
1236,2020-04-08,4.15,4.15,4.18,4.14,313835,139293501.0,0.96,-0.72,-0.03,0.14
1237,2020-04-09,4.18,4.15,4.21,4.15,439356,196046595.0,1.45,0.0,0.0,0.19
1238,2020-04-10,4.17,4.12,4.17,4.1,314801,138889463.0,1.69,-0.72,-0.03,0.14
1239,2020-04-13,4.1,4.09,4.12,4.08,236213,103349250.0,0.97,-0.73,-0.03,0.1
1240,2020-04-14,4.1,4.17,4.19,4.09,454375,200874347.0,2.44,1.96,0.08,0.2
1241,2020-04-15,4.15,4.12,4.19,4.12,356712,158211014.0,1.68,-1.2,-0.05,0.16
1242,2020-04-16,4.1,4.13,4.19,4.1,404020,178691519.0,2.18,0.24,0.01,0.18
1243,2020-04-17,4.15,4.13,4.17,4.12,332836,147381851.0,1.21,0.0,0.0,0.15
1244,2020-04-20,4.13,4.13,4.15,4.12,239884,105824893.0,0.73,0.0,0.0,0.11
1245,2020-04-21,4.12,4.07,4.12,4.04,336928,146743844.0,1.94,-1.45,-0.06,0.15
1246,2020-04-22,4.04,4.07,4.08,4.03,217686,94406347.0,1.23,0.0,0.0,0.1
1247,2020-04-23,4.07,4.04,4.08,4.04,199354,86439033.0,0.98,-0.74,-0.03,0.09
1248,2020-04-24,4.04,3.99,4.05,3.98,256862,110345707.0,1.73,-1.24,-0.05,0.11
1249,2020-04-27,4.0,3.97,4.03,3.96,260413,111382194.0,1.75,-0.5,-0.02,0.12
1250,2020-04-28,4.0,3.99,4.02,3.91,424511,180808009.0,2.77,0.5,0.02,0.19
1251,2020-04-29,3.97,4.0,4.01,3.96,226109,96647045.0,1.25,0.25,0.01,0.1
1252,2020-04-30,4.02,4.09,4.09,4.01,494843,214717052.0,2.0,2.25,0.09,0.22
1253,2020-05-06,4.04,4.16,4.19,4.03,628817,276923936.0,3.91,1.71,0.07,0.28
1254,2020-05-07,4.16,4.14,4.21,4.12,408762,181649086.0,2.16,-0.48,-0.02,0.18
1255,2020-05-08,4.17,4.2,4.25,4.14,527910,236052588.0,2.66,1.45,0.06,0.23
1256,2020-05-11,4.22,4.21,4.23,4.18,418528,187727146.0,1.19,0.24,0.01,0.19
1257,2020-05-12,4.27,4.22,4.3,4.2,520970,235973932.0,2.38,0.24,0.01,0.23
1258,2020-05-13,4.19,4.25,4.26,4.15,365110,164054506.0,2.61,0.71,0.03,0.16
1259,2020-05-14,4.22,4.2,4.24,4.19,217539,97723302.0,1.18,-1.18,-0.05,0.1
1260,2020-05-15,4.21,4.18,4.24,4.17,231989,104110146.0,1.67,-0.48,-0.02,0.1
1261,2020-05-18,4.19,4.18,4.22,4.17,217300,97194638.0,1.2,0.0,0.0,0.1
1262,2020-05-19,4.22,4.2,4.24,4.19,270688,121422602.0,1.2,0.48,0.02,0.12
1263,2020-05-20,4.18,4.2,4.23,4.17,293981,131823723.0,1.43,0.0,0.0,0.13
1264,2020-05-21,4.21,4.2,4.23,4.18,245371,110096444.0,1.19,0.0,0.0,0.11
1265,2020-05-22,4.19,4.16,4.2,4.14,332056,147748911.0,1.43,-0.95,-0.04,0.15
1266,2020-05-25,4.15,4.17,4.19,4.14,236701,105367154.0,1.2,0.24,0.01,0.11
1267,2020-05-26,4.19,4.16,4.19,4.14,286070,127072712.0,1.2,-0.24,-0.01,0.13
1268,2020-05-27,4.15,4.05,4.16,4.04,326807,142919422.0,2.88,-2.64,-0.11,0.15
1269,2020-05-28,4.06,4.09,4.14,4.05,288728,126116636.0,2.22,0.99,0.04,0.13
1270,2020-05-29,4.07,4.04,4.1,4.04,246313,107127765.0,1.47,-1.22,-0.05,0.11
1271,2020-06-01,4.12,4.23,4.26,4.12,789191,354289568.0,3.47,4.7,0.19,0.35
1272,2020-06-02,4.22,4.23,4.27,4.2,417664,188553915.0,1.65,0.0,0.0,0.19
1273,2020-06-03,4.23,4.18,4.25,4.18,331549,149090667.0,1.65,-1.18,-0.05,0.15
1274,2020-06-04,4.2,4.17,4.22,4.16,262747,117383791.0,1.44,-0.24,-0.01,0.12
1275,2020-06-05,4.15,4.21,4.22,4.15,334566,149395863.0,1.68,0.96,0.04,0.15
1276,2020-06-08,4.23,4.18,4.24,4.17,280300,125595695.0,1.66,-0.71,-0.03,0.12
1277,2020-06-09,4.17,4.23,4.23,4.17,507279,227706445.0,1.44,1.2,0.05,0.23
1278,2020-06-10,4.22,4.17,4.22,4.17,313613,140066270.0,1.18,-1.42,-0.06,0.14
1279,2020-06-11,4.18,4.15,4.23,4.13,448415,199660265.0,2.4,-0.48,-0.02,0.2
1280,2020-06-12,4.1,4.12,4.14,4.07,458705,201076353.0,1.69,-0.72,-0.03,0.2
1281,2020-06-15,4.11,4.09,4.17,4.09,409645,180672817.0,1.94,-0.73,-0.03,0.18
1282,2020-06-16,4.12,4.13,4.14,4.1,296787,130633639.0,0.98,0.98,0.04,0.13
1283,2020-06-17,4.12,4.15,4.17,4.11,374820,165553717.0,1.45,0.48,0.02,0.17
1284,2020-06-18,4.15,4.18,4.21,4.13,399825,178114330.0,1.93,0.72,0.03,0.18
1285,2020-06-19,4.19,4.32,4.37,4.17,1373309,626776656.0,4.78,3.35,0.14,0.61
1286,2020-06-22,4.39,4.63,4.78,4.36,3545322,1755477488.0,9.72,7.18,0.31,1.57
1287,2020-06-23,4.57,4.59,4.61,4.49,1860165,898957168.0,2.59,-0.86,-0.04,0.83
1288,2020-06-24,4.58,4.56,4.67,4.51,1190170,576774880.0,3.49,-0.65,-0.03,0.53
1289,2020-06-29,4.58,4.53,4.6,4.41,1293395,617686960.0,4.17,-0.66,-0.03,0.57
1290,2020-06-30,4.55,4.77,4.88,4.52,1864440,929413696.0,7.95,5.3,0.24,0.83
1291,2020-07-01,4.73,4.83,4.92,4.69,1908721,972253248.0,4.82,1.26,0.06,0.85
1292,2020-07-02,4.78,5.12,5.18,4.76,3003497,1582196112.0,8.7,6.0,0.29,1.33
1293,2020-07-03,5.21,5.66,5.66,5.18,4974861,2843544992.0,9.38,10.55,0.54,2.21
1294,2020-07-06,5.9,6.25,6.25,5.77,6027408,3883429520.0,8.48,10.42,0.59,2.67
1295,2020-07-07,6.45,6.08,6.53,5.95,6845674,4449255168.0,9.28,-2.72,-0.17,3.04
1296,2020-07-08,5.98,6.42,6.61,5.93,6101772,3979677584.0,11.18,5.59,0.34,2.71
1297,2020-07-09,6.24,6.24,6.4,6.12,4984737,3244472464.0,4.36,-2.8,-0.18,2.21
1298,2020-07-10,5.97,5.89,6.11,5.84,4619175,2888795504.0,4.33,-5.61,-0.35,2.05
1299,2020-07-13,5.84,6.0,6.09,5.82,4205930,2624541584.0,4.58,1.87,0.11,1.87
1300,2020-07-14,5.95,6.02,6.12,5.88,3373477,2114617440.0,4.0,0.33,0.02,1.5
1301,2020-07-15,6.06,5.81,6.12,5.79,3224941,1999347600.0,5.48,-3.49,-0.21,1.43
1302,2020-07-16,5.84,5.51,5.99,5.48,3443933,2092796560.0,8.78,-5.16,-0.3,1.53
1303,2020-07-17,5.55,5.28,5.61,5.18,3118338,1760142240.0,7.8,-4.17,-0.23,1.38
1304,2020-07-20,5.4,5.58,5.65,5.37,2873282,1664752416.0,5.3,5.68,0.3,1.28
1305,2020-07-21,5.58,5.5,5.61,5.47,2031607,1180197792.0,2.51,-1.43,-0.08,0.9
1306,2020-07-22,5.53,5.53,5.75,5.48,2946575,1739340576.0,4.91,0.55,0.03,1.31
1307,2020-07-23,5.47,5.5,5.57,5.26,2777213,1580900992.0,5.61,-0.54,-0.03,1.23
1308,2020-07-24,5.47,5.21,5.59,5.17,2424467,1369243520.0,7.64,-5.27,-0.29,1.08
1309,2020-07-27,5.24,5.38,5.46,5.11,2084226,1161719680.0,6.72,3.26,0.17,0.92
1310,2020-07-28,5.39,5.36,5.41,5.28,1330145,747419568.0,2.42,-0.37,-0.02,0.59
1311,2020-07-29,5.36,5.53,5.59,5.33,2277102,1315368512.0,4.85,3.17,0.17,1.01
1312,2020-07-30,5.56,5.49,5.57,5.46,1463629,847719792.0,1.99,-0.72,-0.04,0.65
1313,2020-07-31,5.47,5.55,5.63,5.45,1797773,1047296272.0,3.28,1.09,0.06,0.8
1314,2020-08-03,5.58,5.63,5.64,5.51,2154006,1260710544.0,2.34,1.44,0.08,0.96
1315,2020-08-04,5.62,5.59,5.67,5.57,1587809,934401600.0,1.78,-0.71,-0.04,0.7
1316,2020-08-05,5.55,5.52,5.57,5.49,1237972,718077504.0,1.43,-1.25,-0.07,0.55
1317,2020-08-06,5.52,5.6,5.67,5.36,2327840,1344430368.0,5.62,1.45,0.08,1.03
1318,2020-08-07,5.51,5.37,5.51,5.29,2251658,1280524400.0,3.93,-4.11,-0.23,1.0
1319,2020-08-10,5.32,5.4,5.49,5.3,1444884,820707024.0,3.54,0.56,0.03,0.64
1320,2020-08-11,5.4,5.3,5.5,5.29,1411395,803272784.0,3.89,-1.85,-0.1,0.63
1321,2020-08-12,5.29,5.26,5.34,5.19,1070606,593564976.0,2.83,-0.75,-0.04,0.48
1322,2020-08-13,5.28,5.29,5.36,5.25,837172,467096064.0,2.09,0.57,0.03,0.37
1323,2020-08-14,5.28,5.4,5.41,5.26,952622,535379952.0,2.84,2.08,0.11,0.42
1324,2020-08-17,5.47,5.64,5.76,5.47,2553343,1505030384.0,5.37,4.44,0.24,1.13
1325,2020-08-18,5.64,5.6,5.67,5.56,1250139,735917024.0,1.95,-0.71,-0.04,0.55
1326,2020-08-19,5.62,5.57,5.68,5.55,1476030,871941424.0,2.32,-0.54,-0.03,0.65
1327,2020-08-20,5.58,5.46,5.59,5.43,1203946,685840416.0,2.87,-1.97,-0.11,0.53
1328,2020-08-21,5.5,5.52,5.57,5.45,886203,505968624.0,2.2,1.1,0.06,0.39
1329,2020-08-24,5.52,5.49,5.56,5.46,735477,419873264.0,1.81,-0.54,-0.03,0.33
1330,2020-08-25,5.51,5.5,5.59,5.46,994635,569290400.0,2.37,0.18,0.01,0.44
1331,2020-08-26,5.48,5.33,5.5,5.31,1216058,679641184.0,3.45,-3.09,-0.17,0.54
1332,2020-08-27,5.38,5.38,5.4,5.33,597120,332571024.0,1.31,0.94,0.05,0.26
1333,2020-08-28,5.36,5.54,5.56,5.34,1186248,673227296.0,4.09,2.97,0.16,0.53
1334,2020-08-31,5.56,5.44,5.65,5.44,1497337,864836064.0,3.79,-1.81,-0.1,0.66
1335,2020-09-01,5.43,5.48,5.49,5.42,853241,482665920.0,1.29,0.74,0.04,0.38
1336,2020-09-02,5.49,5.48,5.54,5.43,996403,566163472.0,2.01,0.0,0.0,0.44
1337,2020-09-03,5.47,5.44,5.55,5.4,908738,515230240.0,2.74,-0.73,-0.04,0.4
1338,2020-09-04,5.32,5.36,5.38,5.31,924188,512957904.0,1.29,-1.47,-0.08,0.41
1339,2020-09-07,5.33,5.23,5.38,5.2,1113509,613427200.0,3.36,-2.43,-0.13,0.49
1340,2020-09-08,5.23,5.31,5.35,5.22,771165,422897392.0,2.49,1.53,0.08,0.34
1341,2020-09-09,5.26,5.26,5.34,5.23,759351,416405088.0,2.07,-0.94,-0.05,0.34
1342,2020-09-10,5.31,5.08,5.32,5.07,954639,514783536.0,4.75,-3.42,-0.18,0.42
1343,2020-09-11,5.05,5.07,5.1,5.01,583898,306873904.0,1.77,-0.2,-0.01,0.26
1344,2020-09-14,5.1,5.07,5.11,5.03,435722,229527521.0,1.58,0.0,0.0,0.19
1345,2020-09-15,5.07,5.06,5.09,5.02,456928,240086164.0,1.38,-0.2,-0.01,0.2
1346,2020-09-16,5.06,5.04,5.1,5.02,513371,270157136.0,1.58,-0.4,-0.02,0.23
1347,2020-09-17,5.04,4.99,5.05,4.95,602313,312980096.0,1.98,-0.99,-0.05,0.27
1348,2020-09-18,4.99,5.22,5.24,4.98,1212074,644215280.0,5.21,4.61,0.23,0.54
1349,2020-09-21,5.36,5.18,5.39,5.17,1298730,708839744.0,4.21,-0.77,-0.04,0.58
1350,2020-09-22,5.12,5.2,5.36,5.11,1218679,664170096.0,4.83,0.39,0.02,0.54
1351,2020-09-23,5.2,5.16,5.24,5.15,611865,329411744.0,1.73,-0.77,-0.04,0.27
1352,2020-09-24,5.13,5.1,5.21,5.1,577864,308724960.0,2.13,-1.16,-0.06,0.26
1353,2020-09-25,5.12,5.19,5.22,5.1,711924,381829520.0,2.35,1.76,0.09,0.32
1354,2020-09-28,5.18,5.24,5.28,5.16,799935,435838352.0,2.31,0.96,0.05,0.35
1355,2020-09-29,5.27,5.23,5.29,5.21,605754,329433248.0,1.53,-0.19,-0.01,0.27
1356,2020-09-30,5.22,5.11,5.24,5.09,615607,329792112.0,2.87,-2.29,-0.12,0.27
1357,2020-10-09,5.18,5.21,5.23,5.15,539018,290974528.0,1.57,1.96,0.1,0.24
1358,2020-10-12,5.23,5.38,5.4,5.23,1268603,703368064.0,3.26,3.26,0.17,0.56
1359,2020-10-13,5.33,5.31,5.35,5.27,764479,420981600.0,1.49,-1.3,-0.07,0.34
1360,2020-10-14,5.32,5.24,5.32,5.23,565023,308936144.0,1.69,-1.32,-0.07,0.25
1361,2020-10-15,5.24,5.24,5.32,5.23,484401,264770849.0,1.72,0.0,0.0,0.21
1362,2020-10-16,5.25,5.25,5.32,5.24,703478,385005824.0,1.53,0.19,0.01,0.31
1363,2020-10-19,5.28,5.2,5.34,5.19,787854,429896848.0,2.86,-0.95,-0.05,0.35
1364,2020-10-20,5.17,5.17,5.18,5.1,524512,280490128.0,1.54,-0.58,-0.03,0.23
1365,2020-10-21,5.17,5.14,5.21,5.12,376518,201601284.0,1.74,-0.58,-0.03,0.17
1366,2020-10-22,5.13,5.16,5.21,5.1,430446,230120724.0,2.14,0.39,0.02,0.19
1367,2020-10-23,5.16,5.11,5.19,5.1,444294,237695432.0,1.74,-0.97,-0.05,0.2
1368,2020-10-26,5.08,4.99,5.09,4.96,631192,329445504.0,2.54,-2.35,-0.12,0.28
1369,2020-10-27,4.96,4.95,5.0,4.93,422138,217999301.0,1.4,-0.8,-0.04,0.19
1370,2020-10-28,4.96,4.98,4.99,4.9,390118,201029519.0,1.82,0.61,0.03,0.17
1371,2020-10-29,4.91,5.0,5.04,4.9,498409,257893393.0,2.81,0.4,0.02,0.22
1372,2020-10-30,5.01,4.84,5.03,4.83,686038,352078000.0,4.0,-3.2,-0.16,0.3
1373,2020-11-02,4.85,4.91,4.99,4.85,667750,342087632.0,2.89,1.45,0.07,0.3
1374,2020-11-03,4.9,5.03,5.07,4.87,711835,369973568.0,4.07,2.44,0.12,0.32
1375,2020-11-04,5.0,4.98,5.02,4.94,475328,246348589.0,1.59,-0.99,-0.05,0.21
1376,2020-11-05,5.03,5.05,5.08,5.01,613200,321628128.0,1.41,1.41,0.07,0.27
1377,2020-11-06,5.04,5.04,5.09,4.99,672819,352497328.0,1.98,-0.2,-0.01,0.3
1378,2020-11-09,5.06,5.18,5.25,5.04,1279965,684740064.0,4.17,2.78,0.14,0.57
1379,2020-11-10,5.18,5.1,5.22,5.09,763117,408721136.0,2.51,-1.54,-0.08,0.34
1380,2020-11-11,5.11,5.02,5.11,5.01,624060,328088256.0,1.96,-1.57,-0.08,0.28
1381,2020-11-12,5.03,4.98,5.05,4.97,434696,226143435.0,1.59,-0.8,-0.04,0.19
1382,2020-11-13,4.97,4.95,4.98,4.93,439560,226310772.0,1.0,-0.6,-0.03,0.2
1383,2020-11-16,4.98,5.01,5.03,4.95,481704,250077773.0,1.62,1.21,0.06,0.21
1384,2020-11-17,5.01,5.01,5.02,4.95,450350,233272683.0,1.4,0.0,0.0,0.2
1385,2020-11-18,5.01,5.03,5.09,5.0,578195,303653968.0,1.8,0.4,0.02,0.26
1386,2020-11-19,5.02,5.09,5.12,5.0,587183,308964352.0,2.39,1.19,0.06,0.26
1387,2020-11-20,5.08,5.1,5.11,5.06,452631,239402484.0,0.98,0.2,0.01,0.2
1388,2020-11-23,5.07,5.2,5.29,5.07,1366034,736672752.0,4.31,1.96,0.1,0.61
1389,2020-11-24,5.2,5.16,5.24,5.16,645903,348451072.0,1.54,-0.77,-0.04,0.29
1390,2020-11-25,5.2,5.08,5.23,5.07,718829,385114752.0,3.1,-1.55,-0.08,0.32
1391,2020-11-26,5.06,5.1,5.13,5.05,456107,241116920.0,1.57,0.39,0.02,0.2
1392,2020-11-27,5.09,5.19,5.21,5.07,717844,382538912.0,2.75,1.76,0.09,0.32
1393,2020-11-30,5.21,5.2,5.34,5.17,1684841,921860512.0,3.28,0.19,0.01,0.75
1394,2020-12-01,5.15,5.34,5.37,5.14,1542430,843704048.0,4.42,2.69,0.14,0.68
1395,2020-12-02,5.3,5.31,5.4,5.27,1370932,758220336.0,2.43,-0.56,-0.03,0.61
1396,2020-12-03,5.29,5.33,5.39,5.24,1241710,684740880.0,2.82,0.38,0.02,0.55
1397,2020-12-04,5.31,5.23,5.31,5.18,938129,509265936.0,2.44,-1.88,-0.1,0.42
1398,2020-12-07,5.23,5.14,5.24,5.14,690358,371645520.0,1.91,-1.72,-0.09,0.31
1399,2020-12-08,5.13,5.13,5.17,5.1,561167,299545264.0,1.36,-0.19,-0.01,0.25
1400,2020-12-09,5.13,4.97,5.17,4.96,738670,389421648.0,4.09,-3.12,-0.16,0.33
1401,2020-12-10,4.96,4.95,5.01,4.91,656724,338828624.0,2.01,-0.4,-0.02,0.29
1402,2020-12-11,4.96,4.89,4.96,4.84,781319,397510352.0,2.42,-1.21,-0.06,0.35
1403,2020-12-14,4.88,4.88,4.91,4.85,462632,234841349.0,1.23,-0.2,-0.01,0.21
1404,2020-12-15,4.86,4.89,4.91,4.86,406409,206540609.0,1.02,0.2,0.01,0.18
1405,2020-12-16,4.89,4.84,4.91,4.83,431260,218534830.0,1.64,-1.02,-0.05,0.19
1406,2020-12-17,4.84,4.95,4.96,4.8,721376,366836592.0,3.31,2.27,0.11,0.32
1407,2020-12-18,4.93,4.89,4.96,4.89,552243,282966880.0,1.41,-1.21,-0.06,0.25
1408,2020-12-21,4.9,4.94,4.97,4.87,488905,251002342.0,2.04,1.02,0.05,0.22
1409,2020-12-22,4.94,4.82,4.95,4.8,609354,309081120.0,3.04,-2.43,-0.12,0.27
1410,2020-12-23,4.83,4.86,4.9,4.81,492229,248423905.0,1.87,0.83,0.04,0.22
1411,2020-12-24,4.85,4.83,4.89,4.81,390915,196780902.0,1.65,-0.62,-0.03,0.17
1412,2020-12-25,4.82,4.88,4.89,4.79,489768,247567779.0,2.07,1.04,0.05,0.22
1413,2020-12-28,4.87,4.88,4.94,4.84,557493,283435952.0,2.05,0.0,0.0,0.25
1414,2020-12-29,4.91,4.91,4.96,4.88,682636,349893296.0,1.64,0.61,0.03,0.3
1415,2020-12-30,4.9,4.95,4.96,4.88,700542,359242752.0,1.63,0.81,0.04,0.31
1416,2020-12-31,4.97,5.08,5.14,4.96,1395875,735400320.0,3.64,2.63,0.13,0.62
1417,2021-01-04,5.11,5.07,5.14,4.98,1163486,611323136.0,3.15,-0.2,-0.01,0.52
1418,2021-01-05,5.04,5.05,5.08,4.97,941762,492118864.0,2.17,-0.39,-0.02,0.42
1419,2021-01-06,5.04,5.0,5.09,4.97,783551,408752304.0,2.38,-0.99,-0.05,0.35
1420,2021-01-07,5.0,5.02,5.04,4.91,947656,491156656.0,2.6,0.4,0.02,0.42
1421,2021-01-08,5.03,5.05,5.07,4.98,897299,469589744.0,1.79,0.6,0.03,0.4
1422,2021-01-11,5.06,4.9,5.08,4.9,834642,432879040.0,3.56,-2.97,-0.15,0.37
1423,2021-01-12,4.9,5.1,5.13,4.84,1733086,899709536.0,5.92,4.08,0.2,0.77
1424,2021-01-13,5.07,4.98,5.11,4.94,1231215,641505872.0,3.33,-2.35,-0.12,0.55
1425,2021-01-14,4.95,4.93,4.99,4.91,862238,443225664.0,1.61,-1.0,-0.05,0.38
1426,2021-01-15,4.93,4.92,4.98,4.89,801994,412203008.0,1.83,-0.2,-0.01,0.36
1427,2021-01-18,4.9,4.91,4.97,4.88,670961,343611184.0,1.83,-0.2,-0.01,0.3
1428,2021-01-19,4.91,4.94,5.01,4.89,981108,504896416.0,2.44,0.61,0.03,0.44
1429,2021-01-20,4.92,4.9,4.97,4.88,975499,499356656.0,1.82,-0.81,-0.04,0.43
1430,2021-01-21,4.9,4.89,4.96,4.84,1151781,587127840.0,2.45,-0.2,-0.01,0.51
1431,2021-01-22,4.87,4.78,4.89,4.78,1144124,573960528.0,2.25,-2.25,-0.11,0.51
1432,2021-01-25,4.78,4.61,4.78,4.57,1381848,672949296.0,4.39,-3.56,-0.17,0.61
1433,2021-01-26,4.57,4.53,4.63,4.52,701786,334802912.0,2.39,-1.74,-0.08,0.31
1434,2021-01-27,4.54,4.57,4.6,4.54,431427,205707751.0,1.32,0.88,0.04,0.19
1435,2021-01-28,4.55,4.5,4.56,4.46,680458,320097664.0,2.19,-1.53,-0.07,0.3
1436,2021-01-29,4.52,4.48,4.54,4.45,563055,264716273.0,2.0,-0.44,-0.02,0.25
1437,2021-02-01,4.49,4.49,4.52,4.46,376172,176406572.0,1.34,0.22,0.01,0.17
1438,2021-02-02,4.48,4.51,4.52,4.47,401958,188911338.0,1.11,0.45,0.02,0.18
1439,2021-02-03,4.49,4.53,4.54,4.48,544705,256923042.0,1.33,0.44,0.02,0.24
1440,2021-02-04,4.5,4.41,4.53,4.32,700695,323740800.0,4.64,-2.65,-0.12,0.31
1441,2021-02-05,4.39,4.42,4.45,4.37,424502,196011419.0,1.81,0.23,0.01,0.19
1442,2021-02-08,4.41,4.43,4.45,4.38,325093,150072226.0,1.58,0.23,0.01,0.14
1443,2021-02-09,4.41,4.5,4.51,4.38,530738,247068022.0,2.93,1.58,0.07,0.24
1444,2021-02-10,4.49,4.48,4.51,4.46,338544,158637886.0,1.11,-0.44,-0.02,0.15
1445,2021-02-18,4.52,4.53,4.58,4.51,631835,299324576.0,1.56,1.12,0.05,0.28
1446,2021-02-19,4.52,4.63,4.64,4.5,706614,337712992.0,3.09,2.21,0.1,0.31
1447,2021-02-22,4.64,4.6,4.72,4.6,854713,415240640.0,2.59,-0.65,-0.03,0.38
1448,2021-02-23,4.58,4.58,4.63,4.57,485457,233142490.0,1.3,-0.43,-0.02,0.22
1449,2021-02-24,4.59,4.62,4.66,4.58,597654,288073040.0,1.75,0.87,0.04,0.27
1450,2021-02-25,4.63,4.65,4.68,4.6,618509,299588176.0,1.73,0.65,0.03,0.27
1451,2021-02-26,4.6,4.6,4.65,4.57,595100,286582272.0,1.72,-1.08,-0.05,0.26
1452,2021-03-01,4.61,4.59,4.62,4.55,753557,360570560.0,1.52,-0.22,-0.01,0.33
1453,2021-03-02,4.6,4.54,4.62,4.52,464935,221756144.0,2.18,-1.09,-0.05,0.21
1454,2021-03-03,4.54,4.59,4.6,4.53,422267,201483364.0,1.54,1.1,0.05,0.19
1455,2021-03-04,4.57,4.54,4.59,4.53,393388,187351647.0,1.31,-1.09,-0.05,0.17
1456,2021-03-05,4.52,4.62,4.63,4.52,665521,319409136.0,2.42,1.76,0.08,0.3
1457,2021-03-08,4.63,4.59,4.67,4.58,625721,302285088.0,1.95,-0.65,-0.03,0.28
1458,2021-03-09,4.56,4.51,4.61,4.49,690868,327529712.0,2.61,-1.74,-0.08,0.31
1459,2021-03-10,4.52,4.46,4.54,4.46,533081,250613222.0,1.77,-1.11,-0.05,0.24
1460,2021-03-11,4.47,4.5,4.52,4.45,430257,201533168.0,1.57,0.9,0.04,0.19
1461,2021-03-12,4.49,4.51,4.56,4.45,596025,280125936.0,2.44,0.22,0.01,0.26
1462,2021-03-15,4.49,4.48,4.52,4.47,394464,185297079.0,1.11,-0.67,-0.03,0.18
1463,2021-03-16,4.49,4.51,4.52,4.48,343977,161777778.0,0.89,0.67,0.03,0.15
1464,2021-03-17,4.52,4.5,4.53,4.48,341532,160662229.0,1.11,-0.22,-0.01,0.15
1465,2021-03-18,4.5,4.46,4.51,4.45,488087,227997770.0,1.33,-0.89,-0.04,0.22
1466,2021-03-19,4.44,4.4,4.45,4.4,463345,213957253.0,1.12,-1.35,-0.06,0.21
1467,2021-03-22,4.42,4.46,4.48,4.39,452175,210091568.0,2.05,1.36,0.06,0.2
1468,2021-03-23,4.46,4.49,4.52,4.45,492755,230724286.0,1.57,0.67,0.03,0.22
1469,2021-03-24,4.49,4.51,4.6,4.47,732541,347237520.0,2.9,0.45,0.02,0.33
1470,2021-03-25,4.49,4.52,4.56,4.49,490797,232170498.0,1.55,0.22,0.01,0.22
1471,2021-03-26,4.51,4.52,4.54,4.5,306973,145022497.0,0.88,0.0,0.0,0.14
1472,2021-03-29,4.52,4.5,4.55,4.49,441112,208020831.0,1.33,-0.44,-0.02,0.2
1473,2021-03-30,4.5,4.51,4.52,4.48,278936,131112369.0,0.89,0.22,0.01,0.12
1474,2021-03-31,4.5,4.44,4.51,4.43,434216,202001331.0,1.77,-1.55,-0.07,0.19
1475,2021-04-01,4.46,4.45,4.46,4.42,287862,133553852.0,0.9,0.23,0.01,0.13
1476,2021-04-02,4.45,4.44,4.46,4.43,271756,126075891.0,0.67,-0.22,-0.01,0.12
1477,2021-04-06,4.45,4.43,4.46,4.43,286809,133075489.0,0.68,-0.23,-0.01,0.13
1478,2021-04-07,4.43,4.45,4.46,4.41,414131,191917123.0,1.13,0.45,0.02,0.18
1479,2021-04-08,4.43,4.46,4.51,4.43,536611,250572419.0,1.8,0.22,0.01,0.24
1480,2021-04-09,4.45,4.44,4.46,4.42,316019,146480295.0,0.9,-0.45,-0.02,0.14
1481,2021-04-12,4.43,4.41,4.44,4.39,343307,158601378.0,1.13,-0.68,-0.03,0.15
1482,2021-04-13,4.4,4.37,4.41,4.35,403834,184870698.0,1.36,-0.91,-0.04,0.18
1483,2021-04-14,4.37,4.38,4.39,4.36,296865,135911453.0,0.69,0.23,0.01,0.13
1484,2021-04-15,4.37,4.35,4.37,4.34,244763,111372894.0,0.68,-0.68,-0.03,0.11
1485,2021-04-16,4.36,4.37,4.39,4.35,346069,157994569.0,0.92,0.46,0.02,0.15
1486,2021-04-19,4.37,4.43,4.44,4.35,489803,225516665.0,2.06,1.37,0.06,0.22
1487,2021-04-20,4.43,4.4,4.44,4.38,413571,190645340.0,1.35,-0.68,-0.03,0.18
1488,2021-04-21,4.38,4.37,4.41,4.37,232100,106438743.0,0.91,-0.68,-0.03,0.1
1489,2021-04-22,4.38,4.38,4.41,4.37,248032,113780982.0,0.92,0.23,0.01,0.11
1490,2021-04-23,4.38,4.36,4.38,4.34,220935,100715143.0,0.91,-0.46,-0.02,0.1
1491,2021-04-26,4.35,4.32,4.38,4.31,401814,182881762.0,1.61,-0.92,-0.04,0.18
1492,2021-04-27,4.31,4.31,4.33,4.29,318379,143606942.0,0.93,-0.23,-0.01,0.14
1493,2021-04-28,4.31,4.27,4.31,4.26,278426,124831274.0,1.16,-0.93,-0.04,0.12
1494,2021-04-29,4.27,4.36,4.38,4.27,540377,245553970.0,2.58,2.11,0.09,0.24
1495,2021-04-30,4.35,4.32,4.36,4.28,430722,194616673.0,1.83,-0.92,-0.04,0.19
1496,2021-05-06,4.33,4.33,4.36,4.31,375726,170430173.0,1.16,0.23,0.01,0.17
1497,2021-05-07,4.32,4.31,4.34,4.31,405236,183440965.0,0.69,-0.46,-0.02,0.18
1498,2021-05-10,4.32,4.33,4.35,4.31,330551,149698970.0,0.93,0.46,0.02,0.15
1499,2021-05-11,4.32,4.4,4.42,4.31,560117,256294202.0,2.54,1.62,0.07,0.25
1500,2021-05-12,4.38,4.42,4.42,4.38,318506,146502723.0,0.91,0.45,0.02,0.14
1501,2021-05-13,4.4,4.42,4.43,4.39,401853,185627760.0,0.9,0.0,0.0,0.18
1502,2021-05-14,4.43,4.62,4.63,4.42,1662815,789641104.0,4.75,4.52,0.2,0.74
1503,2021-05-17,4.5,4.47,4.54,4.45,1048164,491996960.0,1.95,-3.25,-0.15,0.47
1504,2021-05-18,4.45,4.46,4.51,4.42,621078,289431472.0,2.01,-0.22,-0.01,0.28
1505,2021-05-19,4.46,4.42,4.47,4.41,382133,177237690.0,1.35,-0.9,-0.04,0.17
1506,2021-05-20,4.42,4.46,4.5,4.41,618971,287781792.0,2.04,0.9,0.04,0.27
1507,2021-05-21,4.45,4.42,4.48,4.41,387981,180012941.0,1.57,-0.9,-0.04,0.17
1508,2021-05-24,4.42,4.48,4.51,4.42,645419,301896160.0,2.04,1.36,0.06,0.29
1509,2021-05-25,4.47,4.59,4.62,4.47,1359761,648549136.0,3.35,2.46,0.11,0.6
1510,2021-05-26,4.57,4.57,4.64,4.56,1129783,542159936.0,1.74,-0.44,-0.02,0.5
1511,2021-05-27,4.55,4.59,4.59,4.52,854991,406136880.0,1.53,0.44,0.02,0.38
1512,2021-05-28,4.55,4.6,4.65,4.53,973557,465634928.0,2.61,0.22,0.01,0.43
1513,2021-05-31,4.6,4.59,4.6,4.55,604643,289124256.0,1.09,-0.22,-0.01,0.27
1514,2021-06-01,4.57,4.54,4.58,4.5,688283,326073488.0,1.74,-1.09,-0.05,0.31
1515,2021-06-02,4.54,4.5,4.57,4.48,544219,257055681.0,1.98,-0.88,-0.04,0.24
1516,2021-06-03,4.5,4.46,4.54,4.46,640171,301215776.0,1.78,-0.89,-0.04,0.28
1517,2021-06-04,4.46,4.53,4.59,4.45,781526,368502160.0,3.14,1.57,0.07,0.35
1518,2021-06-07,4.53,4.5,4.56,4.49,449712,212173822.0,1.55,-0.66,-0.03,0.2
1519,2021-06-08,4.48,4.51,4.55,4.48,488256,230437559.0,1.56,0.22,0.01,0.22
1520,2021-06-09,4.53,4.5,4.55,4.49,384746,181517485.0,1.33,-0.22,-0.01,0.17
1521,2021-06-10,4.5,4.49,4.54,4.49,477897,225217830.0,1.11,-0.22,-0.01,0.21
1522,2021-06-11,4.49,4.45,4.52,4.42,616662,287961952.0,2.23,-0.89,-0.04,0.27
1523,2021-06-15,4.45,4.38,4.45,4.38,426360,196540365.0,1.57,-1.57,-0.07,0.19
1524,2021-06-16,4.38,4.41,4.43,4.37,358992,165231624.0,1.37,0.68,0.03,0.16
1525,2021-06-17,4.4,4.42,4.44,4.39,468009,216231841.0,1.13,0.23,0.01,0.21
1526,2021-06-18,4.42,4.43,4.46,4.4,414636,192008957.0,1.36,0.23,0.01,0.18
1527,2021-06-21,4.43,4.42,4.47,4.41,424367,196577136.0,1.35,-0.23,-0.01,0.19
1528,2021-06-22,4.42,4.43,4.45,4.41,372031,172224965.0,0.9,0.23,0.01,0.17
1529,2021-06-23,4.43,4.44,4.45,4.39,426287,197102093.0,1.35,0.23,0.01,0.19
1530,2021-06-24,4.44,4.47,4.5,4.43,525569,245116397.0,1.58,0.68,0.03,0.23
1531,2021-06-25,4.47,4.55,4.58,4.46,1011979,479594384.0,2.68,1.79,0.08,0.45
1532,2021-06-28,4.55,4.51,4.56,4.5,414063,195389592.0,1.32,-0.88,-0.04,0.18
1533,2021-06-29,4.52,4.47,4.53,4.44,456419,214105841.0,2.0,-0.89,-0.04,0.2
1534,2021-06-30,4.46,4.48,4.5,4.45,366774,171470123.0,1.12,0.22,0.01,0.16
1535,2021-07-01,4.51,4.43,4.54,4.42,499800,233697757.0,2.68,-1.12,-0.05,0.22
1536,2021-07-02,4.41,4.35,4.42,4.34,550213,251921554.0,1.81,-1.81,-0.08,0.24
1537,2021-07-05,4.35,4.31,4.36,4.29,435016,196560789.0,1.61,-0.92,-0.04,0.19
1538,2021-07-06,4.31,4.32,4.34,4.29,392144,176961357.0,1.16,0.23,0.01,0.17
1539,2021-07-07,4.31,4.31,4.34,4.29,424414,191560490.0,1.16,-0.23,-0.01,0.19
1540,2021-07-08,4.32,4.29,4.33,4.27,385377,173424116.0,1.39,-0.46,-0.02,0.17
1541,2021-07-09,4.28,4.3,4.32,4.27,342728,153948200.0,1.17,0.23,0.01,0.15
1542,2021-07-12,4.35,4.3,4.36,4.3,681349,308324912.0,1.4,0.0,0.0,0.3
1543,2021-07-13,4.3,4.3,4.31,4.28,363216,163345274.0,0.7,0.0,0.0,0.16
1544,2021-07-14,4.31,4.25,4.31,4.25,441455,197396631.0,1.4,-1.16,-0.05,0.2
1545,2021-07-15,4.25,4.26,4.28,4.22,339264,151120231.0,1.41,0.24,0.01,0.15
1546,2021-07-16,4.27,4.27,4.31,4.26,446158,199840006.0,1.17,0.23,0.01,0.2
1547,2021-07-19,4.27,4.26,4.28,4.24,341868,152303225.0,0.94,-0.23,-0.01,0.15
1548,2021-07-20,4.24,4.25,4.26,4.23,282848,125684778.0,0.7,-0.23,-0.01,0.13
1549,2021-07-21,4.25,4.29,4.3,4.25,407357,182419827.0,1.18,0.94,0.04,0.18
1550,2021-07-22,4.28,4.31,4.33,4.27,484643,218516239.0,1.4,0.47,0.02,0.22
1551,2021-07-23,4.35,4.39,4.43,4.31,992537,444166528.0,2.78,1.86,0.08,0.44
1552,2021-07-26,4.37,4.33,4.41,4.32,569256,253724764.0,2.05,-1.37,-0.06,0.25
1553,2021-07-27,4.33,4.27,4.35,4.25,548112,241313934.0,2.31,-1.39,-0.06,0.24
1554,2021-07-28,4.25,4.18,4.28,4.17,671036,290066464.0,2.58,-2.11,-0.09,0.3
1555,2021-07-29,4.2,4.2,4.23,4.16,493843,211767654.0,1.67,0.48,0.02,0.22
1556,2021-07-30,4.17,4.19,4.2,4.14,446242,190680738.0,1.43,-0.24,-0.01,0.2
1557,2021-08-02,4.18,4.28,4.35,4.14,716762,311911376.0,5.01,2.15,0.09,0.32
1558,2021-08-03,4.28,4.31,4.37,4.24,604533,266499777.0,3.04,0.7,0.03,0.27
1559,2021-08-04,4.3,4.3,4.33,4.27,303354,133190351.0,1.39,-0.23,-0.01,0.13
1560,2021-08-05,4.28,4.25,4.33,4.25,383814,168358652.0,1.86,-1.16,-0.05,0.17
1561,2021-08-06,4.25,4.23,4.27,4.21,344956,149813442.0,1.41,-0.47,-0.02,0.15
1562,2021-08-09,4.21,4.3,4.33,4.21,461202,202491560.0,2.84,1.65,0.07,0.2
1563,2021-08-10,4.3,4.32,4.33,4.26,451063,198492147.0,1.63,0.47,0.02,0.2
1564,2021-08-11,4.31,4.3,4.34,4.29,420182,185579223.0,1.16,-0.46,-0.02,0.19
1565,2021-08-12,4.29,4.29,4.31,4.28,285088,125298201.0,0.7,-0.23,-0.01,0.13
1566,2021-08-13,4.29,4.3,4.31,4.27,369237,161967323.0,0.93,0.23,0.01,0.16
1567,2021-08-16,4.3,4.33,4.36,4.29,497940,220753861.0,1.63,0.7,0.03,0.22
1568,2021-08-17,4.32,4.34,4.42,4.31,1019385,455952400.0,2.54,0.23,0.01,0.45
1569,2021-08-18,4.32,4.57,4.59,4.32,2247443,1031606400.0,6.22,5.3,0.23,1.0
1570,2021-08-19,4.55,4.54,4.64,4.5,1536651,716565856.0,3.06,-0.66,-0.03,0.68
1571,2021-08-20,4.53,4.55,4.57,4.48,842657,390367680.0,1.98,0.22,0.01,0.37
1572,2021-08-23,4.56,4.53,4.59,4.52,586102,272342880.0,1.54,-0.44,-0.02,0.26
1573,2021-08-24,4.53,4.62,4.65,4.47,1309455,612629232.0,3.97,1.99,0.09,0.58
1574,2021-08-25,4.62,4.57,4.63,4.56,774844,363196416.0,1.52,-1.08,-0.05,0.34
1575,2021-08-26,4.58,4.56,4.64,4.55,692502,325022256.0,1.97,-0.22,-0.01,0.31
1576,2021-08-27,4.54,4.54,4.61,4.54,539806,251771880.0,1.54,-0.44,-0.02,0.24
1577,2021-08-30,4.55,4.52,4.58,4.48,622585,288037040.0,2.2,-0.44,-0.02,0.28
1578,2021-08-31,4.51,4.6,4.6,4.48,907364,421536768.0,2.65,1.77,0.08,0.4
1579,2021-09-01,4.57,4.7,4.79,4.56,1671793,799764192.0,5.0,2.17,0.1,0.74
1580,2021-09-02,4.67,4.77,4.8,4.64,1449264,700174160.0,3.4,1.49,0.07,0.64
1581,2021-09-03,5.26,5.24,5.26,5.09,7341911,3918089152.0,3.56,9.85,0.47,3.26
1582,2021-09-06,5.26,5.77,5.77,5.23,7987105,4597643520.0,10.31,10.11,0.53,3.54
1583,2021-09-07,5.65,5.97,6.18,5.42,9480438,5456662528.0,13.17,3.47,0.2,4.21
1584,2021-09-08,5.8,5.73,6.16,5.69,5666320,3375026448.0,7.87,-4.02,-0.24,2.51
1585,2021-09-09,5.62,6.05,6.15,5.58,5802187,3469254080.0,9.95,5.58,0.32,2.57
1586,2021-09-10,6.08,6.34,6.66,5.97,7671084,4964446208.0,11.4,4.79,0.29,3.4
1587,2021-09-13,6.2,6.45,6.52,6.16,4898142,3155838400.0,5.68,1.74,0.11,2.17
1588,2021-09-14,6.38,6.05,6.4,6.01,4851640,3054282624.0,6.05,-6.2,-0.4,2.15
1589,2021-09-15,6.01,5.89,6.13,5.87,4045835,2459122928.0,4.3,-2.64,-0.16,1.8
1590,2021-09-16,5.89,5.97,6.04,5.78,4257971,2554178208.0,4.41,1.36,0.08,1.89
1591,2021-09-17,5.91,5.86,6.0,5.77,3355297,2001988640.0,3.85,-1.84,-0.11,1.49
1592,2021-09-22,5.77,5.83,5.95,5.72,2333810,1385303680.0,3.92,-0.51,-0.03,1.04
1593,2021-09-23,5.91,5.94,6.0,5.83,3215795,1938283952.0,2.92,1.89,0.11,1.43
1594,2021-09-24,5.94,5.67,5.96,5.63,2962462,1742932864.0,5.56,-4.55,-0.27,1.31
1595,2021-09-27,5.64,5.5,5.78,5.42,2714817,1551711920.0,6.35,-3.0,-0.17,1.2
1596,2021-09-28,5.48,5.49,5.58,5.47,1884202,1057056832.0,2.0,-0.18,-0.01,0.84
1597,2021-09-29,5.43,5.39,5.46,5.3,1830626,1003162384.0,2.91,-1.82,-0.1,0.81
1598,2021-09-30,5.42,5.4,5.45,5.26,1664443,908077760.0,3.53,0.19,0.01,0.74
1599,2021-10-08,5.46,5.41,5.49,5.37,1471296,813135136.0,2.22,0.19,0.01,0.65
1600,2021-10-11,5.41,5.27,5.44,5.26,1514491,822454896.0,3.33,-2.59,-0.14,0.67
1601,2021-10-12,5.24,5.28,5.33,5.14,1617668,864747984.0,3.61,0.19,0.01,0.72
1602,2021-10-13,5.26,5.3,5.34,5.18,1084434,581361680.0,3.03,0.38,0.02,0.48
1603,2021-10-14,5.29,5.24,5.3,5.22,766474,410916000.0,1.51,-1.13,-0.06,0.34
1604,2021-10-15,5.21,5.17,5.27,5.15,1128978,598282208.0,2.29,-1.34,-0.07,0.5
1605,2021-10-18,5.19,5.29,5.32,5.16,1125088,602034448.0,3.09,2.32,0.12,0.5
1606,2021-10-19,5.26,5.29,5.37,5.25,1209621,653704672.0,2.27,0.0,0.0,0.54
1607,2021-10-20,5.29,5.31,5.35,5.26,1003145,542697840.0,1.7,0.38,0.02,0.45
1608,2021-10-21,5.3,5.39,5.46,5.27,1924251,1052320048.0,3.58,1.51,0.08,0.85
1609,2021-10-22,5.37,5.33,5.41,5.3,1169458,636266288.0,2.04,-1.11,-0.06,0.52
1610,2021-10-25,5.32,5.43,5.43,5.21,1772224,959488944.0,4.13,1.88,0.1,0.79
1611,2021-10-26,5.36,5.29,5.44,5.28,1025433,559821936.0,2.95,-2.58,-0.14,0.46
1612,2021-10-27,5.27,5.11,5.28,5.11,1319536,695836688.0,3.21,-3.4,-0.18,0.59
1613,2021-10-28,5.12,5.07,5.15,5.05,970911,504408448.0,1.96,-0.78,-0.04,0.43
1614,2021-10-29,5.06,5.03,5.08,4.85,1489889,755368560.0,4.54,-0.79,-0.04,0.66
1615,2021-11-01,5.11,5.25,5.45,5.1,2478166,1341798144.0,6.96,4.37,0.22,1.1
1616,2021-11-02,5.24,5.25,5.42,5.15,1789169,960156096.0,5.14,0.0,0.0,0.79
1617,2021-11-03,5.26,5.22,5.29,5.17,975712,519913104.0,2.29,-0.57,-0.03,0.43
1618,2021-11-04,5.27,5.23,5.36,5.19,1133899,607828368.0,3.26,0.19,0.01,0.5
1619,2021-11-05,5.2,5.25,5.32,5.15,1270431,679624880.0,3.25,0.38,0.02,0.56
1620,2021-11-08,5.21,5.29,5.33,5.18,1041278,557663872.0,2.86,0.76,0.04,0.46
1621,2021-11-09,5.35,5.52,5.6,5.31,2712324,1508902672.0,5.48,4.35,0.23,1.2
1622,2021-11-10,5.46,5.55,5.59,5.46,1848117,1039581744.0,2.36,0.54,0.03,0.82
1623,2021-11-11,5.52,5.66,5.71,5.51,2655141,1518186144.0,3.6,1.98,0.11,1.18
1624,2021-11-12,5.64,5.53,5.65,5.47,2054876,1158681120.0,3.18,-2.3,-0.13,0.91
1625,2021-11-15,5.57,5.28,5.6,5.26,2186673,1196058448.0,6.15,-4.52,-0.25,0.97
1626,2021-11-16,5.25,5.08,5.26,5.06,1783064,936292368.0,3.79,-3.79,-0.2,0.79
1627,2021-11-17,5.05,5.06,5.12,5.03,908935,469696096.0,1.77,-0.39,-0.02,0.4
1628,2021-11-18,5.06,4.99,5.07,4.99,921382,471461808.0,1.58,-1.38,-0.07,0.41
1629,2021-11-19,4.99,5.08,5.12,4.98,1211240,624250464.0,2.81,1.8,0.09,0.54
1630,2021-11-22,5.05,5.04,5.11,5.02,1033000,533320032.0,1.77,-0.79,-0.04,0.46
1631,2021-11-23,5.05,5.06,5.14,5.02,1049713,545273744.0,2.38,0.4,0.02,0.47
1632,2021-11-24,5.05,5.06,5.09,5.04,707539,365203728.0,0.99,0.0,0.0,0.31
1633,2021-11-25,5.06,4.98,5.07,4.97,842506,430297216.0,1.98,-1.58,-0.08,0.37
1634,2021-11-26,4.98,4.97,5.02,4.95,580126,294732112.0,1.41,-0.2,-0.01,0.26
1635,2021-11-29,4.9,4.92,4.94,4.88,689424,345822288.0,1.21,-1.01,-0.05,0.31
1636,2021-11-30,4.92,4.95,5.05,4.92,925788,471159744.0,2.64,0.61,0.03,0.41
1637,2021-12-01,4.95,5.01,5.05,4.94,740394,377879712.0,2.22,1.21,0.06,0.33
1638,2021-12-02,5.0,5.04,5.06,4.98,900060,462007120.0,1.6,0.6,0.03,0.4
1639,2021-12-03,5.03,5.03,5.06,4.97,775864,396876944.0,1.79,-0.2,-0.01,0.34
1640,2021-12-06,5.05,5.07,5.2,5.03,1720975,899649680.0,3.38,0.8,0.04,0.76
1641,2021-12-07,5.12,5.06,5.14,5.03,900882,465755248.0,2.17,-0.2,-0.01,0.4
1642,2021-12-08,5.07,5.11,5.11,5.02,945393,489607408.0,1.78,0.99,0.05,0.42
1643,2021-12-09,5.11,5.19,5.26,5.08,1795289,948685920.0,3.52,1.57,0.08,0.8
1644,2021-12-10,5.15,5.22,5.25,5.12,1639979,867252000.0,2.5,0.58,0.03,0.73
1645,2021-12-13,5.3,5.18,5.36,5.18,1699189,913153712.0,3.45,-0.77,-0.04,0.75
1646,2021-12-14,5.13,5.08,5.18,5.06,938534,489388112.0,2.32,-1.93,-0.1,0.42
1647,2021-12-15,5.09,5.08,5.14,5.06,727424,377632304.0,1.57,0.0,0.0,0.32
1648,2021-12-16,5.09,5.1,5.12,5.06,802402,416089520.0,1.18,0.39,0.02,0.36
1649,2021-12-17,5.09,5.08,5.14,5.07,823055,427899456.0,1.37,-0.39,-0.02,0.37
1650,2021-12-20,5.07,4.99,5.07,4.98,753210,386125888.0,1.77,-1.77,-0.09,0.33
1651,2021-12-21,4.99,5.05,5.07,4.98,647566,332179664.0,1.8,1.2,0.06,0.29
1652,2021-12-22,5.05,5.02,5.07,5.01,421087,216032465.0,1.19,-0.59,-0.03,0.19
1653,2021-12-23,5.02,5.0,5.04,4.99,522669,267182399.0,1.0,-0.4,-0.02,0.23
1654,2021-12-24,5.01,4.96,5.02,4.96,468299,238038278.0,1.2,-0.8,-0.04,0.21
1655,2021-12-27,4.97,4.98,5.0,4.96,393574,199912036.0,0.81,0.4,0.02,0.17
1656,2021-12-28,4.99,5.01,5.02,4.96,462043,235072520.0,1.2,0.6,0.03,0.21
1657,2021-12-29,5.01,4.98,5.02,4.96,413947,210904724.0,1.2,-0.6,-0.03,0.18
1658,2021-12-30,4.97,5.01,5.04,4.96,588811,300667776.0,1.61,0.6,0.03,0.26
1659,2021-12-31,5.01,5.02,5.04,5.0,498533,255130340.0,0.8,0.2,0.01,0.22
1660,2022-01-04,5.03,5.03,5.08,4.99,714769,366351248.0,1.79,0.2,0.01,0.32
1661,2022-01-05,5.02,5.02,5.06,5.01,557908,286217600.0,0.99,-0.2,-0.01,0.25
1662,2022-01-06,5.01,4.98,5.02,4.96,648537,329779328.0,1.2,-0.8,-0.04,0.29
1663,2022-01-07,4.98,4.98,5.02,4.98,470551,239750093.0,0.8,0.0,0.0,0.21
1664,2022-01-10,4.99,5.01,5.02,4.98,388295,198029536.0,0.8,0.6,0.03,0.17
1665,2022-01-11,4.99,5.02,5.04,4.99,541212,276937744.0,1.0,0.2,0.01,0.24
1666,2022-01-12,5.02,5.03,5.05,4.99,538695,276080256.0,1.2,0.2,0.01,0.24
1667,2022-01-13,5.04,5.04,5.12,5.03,666415,344025248.0,1.79,0.2,0.01,0.3
1668,2022-01-14,5.02,4.93,5.03,4.93,747533,379479328.0,1.98,-2.18,-0.11,0.33
1669,2022-01-17,4.91,4.93,4.96,4.9,425972,214344774.0,1.22,0.0,0.0,0.19
1670,2022-01-18,4.93,4.97,4.97,4.91,520657,262832882.0,1.22,0.81,0.04,0.23
1671,2022-01-19,4.96,4.94,5.0,4.92,492292,248897497.0,1.61,-0.6,-0.03,0.22
1672,2022-01-20,4.93,4.98,5.03,4.92,912971,463929200.0,2.23,0.81,0.04,0.41
1673,2022-01-21,4.97,4.93,4.98,4.91,603183,303752080.0,1.41,-1.0,-0.05,0.27
1674,2022-01-24,4.91,4.9,4.94,4.89,404538,202724576.0,1.01,-0.61,-0.03,0.18
1675,2022-01-25,4.88,4.68,4.89,4.67,818138,400064416.0,4.49,-4.49,-0.22,0.36
1676,2022-01-26,4.69,4.74,4.76,4.68,545160,262495649.0,1.71,1.28,0.06,0.24
1677,2022-01-27,4.73,4.61,4.73,4.59,582601,277667824.0,2.95,-2.74,-0.13,0.26
1678,2022-01-28,4.62,4.57,4.69,4.57,515052,243635426.0,2.6,-0.87,-0.04,0.23
1679,2022-02-07,4.63,4.68,4.71,4.6,669885,318844640.0,2.41,2.41,0.11,0.3
1680,2022-02-08,4.67,4.77,4.77,4.65,696029,335918464.0,2.56,1.92,0.09,0.31
1681,2022-02-09,4.75,4.76,4.8,4.74,443526,215891616.0,1.26,-0.21,-0.01,0.2
1682,2022-02-10,4.77,4.76,4.78,4.73,390375,189593308.0,1.05,0.0,0.0,0.17
1683,2022-02-11,4.75,4.77,4.82,4.74,599927,292462032.0,1.68,0.21,0.01,0.27
1684,2022-02-14,4.74,4.64,4.74,4.61,704694,336474256.0,2.73,-2.73,-0.13,0.31
1685,2022-02-15,4.64,4.66,4.67,4.63,375819,178655133.0,0.86,0.43,0.02,0.17
1686,2022-02-16,4.68,4.65,4.72,4.63,415438,198221887.0,1.93,-0.21,-0.01,0.18
1687,2022-02-17,4.64,4.63,4.66,4.62,394357,186932786.0,0.86,-0.43,-0.02,0.17
1688,2022-02-18,4.62,4.65,4.67,4.6,339129,160600736.0,1.51,0.43,0.02,0.15
1689,2022-02-21,4.66,4.7,4.71,4.64,426985,203604342.0,1.51,1.08,0.05,0.19
1690,2022-02-22,4.68,4.63,4.69,4.61,461998,219184686.0,1.7,-1.49,-0.07,0.21
1691,2022-02-23,4.62,4.64,4.65,4.61,408952,193521740.0,0.86,0.22,0.01,0.18
1692,2022-02-24,4.62,4.49,4.63,4.46,871579,404352000.0,3.66,-3.23,-0.15,0.39
1693,2022-02-25,4.52,4.52,4.55,4.49,403698,186442958.0,1.34,0.67,0.03,0.18
1694,2022-02-28,4.52,4.48,4.53,4.47,371788,170638824.0,1.33,-0.88,-0.04,0.16
1695,2022-03-01,4.5,4.52,4.53,4.48,377793,173951402.0,1.12,0.89,0.04,0.17
1696,2022-03-02,4.5,4.56,4.58,4.5,484972,225071225.0,1.77,0.88,0.04,0.22
1697,2022-03-03,4.56,4.56,4.6,4.55,432182,201939358.0,1.1,0.0,0.0,0.19
1698,2022-03-04,4.55,4.51,4.56,4.5,383377,177193460.0,1.32,-1.1,-0.05,0.17
1699,2022-03-07,4.51,4.44,4.52,4.43,482611,221195284.0,2.0,-1.55,-0.07,0.21
1700,2022-03-08,4.44,4.35,4.48,4.35,555158,250639561.0,2.93,-2.03,-0.09,0.25
1701,2022-03-09,4.36,4.24,4.39,4.12,888491,387285840.0,6.21,-2.53,-0.11,0.39
1702,2022-03-10,4.31,4.23,4.33,4.23,510990,223434115.0,2.36,-0.24,-0.01,0.23
1703,2022-03-11,4.18,4.32,4.33,4.12,855831,370239328.0,4.96,2.13,0.09,0.38
1704,2022-03-14,4.27,4.27,4.35,4.25,618954,272316368.0,2.31,-1.16,-0.05,0.27
1705,2022-03-15,4.25,4.14,4.3,4.13,777809,336067168.0,3.98,-3.04,-0.13,0.35
1706,2022-03-16,4.18,4.34,4.36,4.12,1141567,497695312.0,5.8,4.83,0.2,0.51
1707,2022-03-17,4.36,4.28,4.38,4.27,1146499,505606800.0,2.53,-1.38,-0.06,0.51
1708,2022-03-18,4.26,4.29,4.32,4.25,643282,281993360.0,1.64,0.23,0.01,0.29
1709,2022-03-21,4.27,4.24,4.29,4.22,648197,282351760.0,1.63,-1.17,-0.05,0.29
1710,2022-03-22,4.22,4.26,4.3,4.21,579472,252214304.0,2.12,0.47,0.02,0.26
1711,2022-03-23,4.25,4.25,4.27,4.23,376625,163836585.0,0.94,-0.23,-0.01,0.17
1712,2022-03-24,4.23,4.2,4.24,4.18,485492,209225115.0,1.41,-1.18,-0.05,0.22
1713,2022-03-25,4.18,4.18,4.24,4.17,455268,195689753.0,1.67,-0.48,-0.02,0.2
1714,2022-03-28,4.16,4.21,4.22,4.13,413855,177137940.0,2.15,0.72,0.03,0.18
1715,2022-03-29,4.22,4.22,4.24,4.2,345008,149122024.0,0.95,0.24,0.01,0.15
1716,2022-03-30,4.24,4.31,4.34,4.23,815481,357969888.0,2.61,2.13,0.09,0.36
1717,2022-03-31,4.3,4.28,4.34,4.28,617736,271982944.0,1.39,-0.7,-0.03,0.27
1718,2022-04-01,4.27,4.34,4.35,4.26,719595,318054416.0,2.1,1.4,0.06,0.32
1719,2022-04-06,4.33,4.38,4.4,4.31,801721,358368864.0,2.07,0.92,0.04,0.36
1720,2022-04-07,4.37,4.28,4.41,4.27,714499,316815808.0,3.2,-2.28,-0.1,0.32
1721,2022-04-08,4.28,4.34,4.34,4.23,593001,260545818.0,2.57,1.4,0.06,0.26
1722,2022-04-11,4.33,4.26,4.35,4.24,579351,254648354.0,2.53,-1.84,-0.08,0.26
1723,2022-04-12,4.26,4.37,4.39,4.23,793139,351137136.0,3.76,2.58,0.11,0.35
1724,2022-04-13,4.36,4.32,4.39,4.31,608248,270287696.0,1.83,-1.14,-0.05,0.27
1725,2022-04-14,4.35,4.35,4.39,4.33,640762,285462464.0,1.39,0.69,0.03,0.28
1726,2022-04-15,4.32,4.29,4.36,4.28,560390,247403325.0,1.84,-1.38,-0.06,0.25
1727,2022-04-18,4.26,4.23,4.26,4.21,520334,225824811.0,1.17,-1.4,-0.06,0.23
1728,2022-04-19,4.23,4.24,4.28,4.22,386406,167853891.0,1.42,0.24,0.01,0.17
1729,2022-04-20,4.24,4.2,4.25,4.19,428900,185286860.0,1.42,-0.94,-0.04,0.19
1730,2022-04-21,4.19,4.18,4.25,4.16,665837,286103872.0,2.14,-0.48,-0.02,0.3
1731,2022-04-22,4.16,4.21,4.22,4.15,478810,205374300.0,1.67,0.72,0.03,0.21
1732,2022-04-25,4.15,4.05,4.23,4.05,998677,425505088.0,4.28,-3.8,-0.16,0.44
1733,2022-04-26,4.06,3.87,4.08,3.86,900111,365082384.0,5.43,-4.44,-0.18,0.4
1734,2022-04-27,3.83,3.93,3.95,3.8,647986,258121915.0,3.88,1.55,0.06,0.29
1735,2022-04-28,3.9,3.86,3.92,3.81,573901,228004495.0,2.8,-1.78,-0.07,0.25
1736,2022-04-29,3.94,3.99,4.03,3.91,792420,322582480.0,3.11,3.37,0.13,0.35
1737,2022-05-05,3.96,3.93,3.97,3.9,691442,278240224.0,1.75,-1.5,-0.06,0.31
1738,2022-05-06,3.88,3.83,3.88,3.82,468100,185112295.0,1.53,-2.54,-0.1,0.21
1739,2022-05-09,3.83,3.86,3.87,3.82,292462,115623335.0,1.31,0.78,0.03,0.13
1740,2022-05-10,3.82,3.89,3.91,3.81,465409,185042640.0,2.59,0.78,0.03,0.21
1741,2022-05-11,3.89,3.88,3.98,3.87,650727,261503374.0,2.83,-0.26,-0.01,0.29
1742,2022-05-12,3.87,3.88,3.92,3.85,413423,164306727.0,1.8,0.0,0.0,0.18
1743,2022-05-13,3.88,3.9,3.92,3.87,387431,154676905.0,1.29,0.52,0.02,0.17
1744,2022-05-16,3.92,3.89,3.94,3.88,394229,157548502.0,1.54,-0.26,-0.01,0.17
1745,2022-05-17,3.89,3.89,3.91,3.86,304998,121613412.0,1.29,0.0,0.0,0.14
1746,2022-05-18,3.9,3.91,3.93,3.88,355452,142312064.0,1.29,0.51,0.02,0.16
1747,2022-05-19,3.88,3.9,3.9,3.86,304611,121261350.0,1.02,-0.26,-0.01,0.14
1748,2022-05-20,3.9,3.94,3.95,3.89,531998,214482208.0,1.54,1.03,0.04,0.24
1749,2022-05-23,3.94,3.95,3.97,3.91,447373,180727770.0,1.52,0.25,0.01,0.2
1750,2022-05-24,3.96,3.87,3.99,3.87,568965,229297762.0,3.04,-2.03,-0.08,0.25
1751,2022-05-25,3.87,3.9,3.9,3.87,324158,129295949.0,0.78,0.78,0.03,0.14
1752,2022-05-26,3.9,3.96,3.99,3.88,584587,236229180.0,2.82,1.54,0.06,0.26
1753,2022-05-27,3.97,3.94,3.98,3.92,416197,168678556.0,1.52,-0.51,-0.02,0.18
1754,2022-05-30,3.94,3.92,3.95,3.91,334564,134807917.0,1.02,-0.51,-0.02,0.15
1755,2022-05-31,3.92,3.95,3.97,3.91,492139,198981806.0,1.53,0.77,0.03,0.22
1756,2022-06-01,3.95,3.93,3.96,3.92,308030,124419955.0,1.01,-0.51,-0.02,0.14
1757,2022-06-02,3.93,3.95,3.96,3.91,410444,165903009.0,1.27,0.51,0.02,0.18
1758,2022-06-06,3.95,4.01,4.02,3.93,708118,289113344.0,2.28,1.52,0.06,0.31
1759,2022-06-07,4.01,3.98,4.06,3.97,824985,338683008.0,2.24,-0.75,-0.03,0.37
1760,2022-06-08,3.98,4.04,4.05,3.97,1058058,434721296.0,2.01,1.51,0.06,0.47
1761,2022-06-09,4.04,4.01,4.1,4.0,1396216,579357584.0,2.48,-0.74,-0.03,0.62
1762,2022-06-10,3.98,4.08,4.13,3.96,2019759,834853712.0,4.24,1.75,0.07,0.9
1763,2022-06-13,4.04,4.06,4.09,4.02,1225345,509026480.0,1.72,-0.49,-0.02,0.54
1764,2022-06-14,4.02,4.26,4.28,3.99,1838074,776422144.0,7.14,4.93,0.2,0.82
1765,2022-06-15,4.28,4.36,4.55,4.26,3319137,1499086848.0,6.81,2.35,0.1,1.47
1766,2022-06-16,4.38,4.22,4.39,4.21,1725474,758099440.0,4.13,-3.21,-0.14,0.77
1767,2022-06-17,4.19,4.21,4.27,4.13,1067630,458834240.0,3.32,-0.24,-0.01,0.47
1768,2022-06-20,4.19,4.17,4.24,4.16,667526,286247952.0,1.9,-0.95,-0.04,0.3
1769,2022-06-21,4.17,4.18,4.21,4.15,667387,285760608.0,1.44,0.24,0.01,0.3
1770,2022-06-22,4.18,4.09,4.19,4.08,881612,373309424.0,2.63,-2.15,-0.09,0.39
1771,2022-06-23,4.09,4.19,4.22,4.07,914136,389048768.0,3.67,2.44,0.1,0.41
1772,2022-06-24,4.2,4.16,4.2,4.15,638607,273016400.0,1.19,-0.72,-0.03,0.28
1773,2022-06-27,4.16,4.14,4.19,4.13,646441,275770672.0,1.44,-0.48,-0.02,0.29
1774,2022-06-28,4.13,4.21,4.23,4.11,672772,286902016.0,2.9,1.69,0.07,0.3
1775,2022-06-29,4.19,4.16,4.24,4.15,784798,337599360.0,2.14,-1.19,-0.05,0.35
1776,2022-06-30,4.16,4.19,4.22,4.15,547869,235230779.0,1.68,0.72,0.03,0.24
1777,2022-07-01,4.19,4.14,4.2,4.13,508137,216304233.0,1.67,-1.19,-0.05,0.23
1778,2022-07-04,4.13,4.14,4.16,4.1,527157,222631385.0,1.45,0.0,0.0,0.23
1779,2022-07-05,4.13,4.1,4.15,4.07,530098,222999025.0,1.93,-0.97,-0.04,0.24
1780,2022-07-06,4.1,4.07,4.1,4.06,439301,183481250.0,0.98,-0.73,-0.03,0.19
1781,2022-07-07,4.07,4.06,4.1,4.06,311338,130077167.0,0.98,-0.25,-0.01,0.14
1782,2022-07-08,4.08,4.07,4.1,4.06,322236,134589714.93,0.99,0.25,0.01,0.14
1783,2022-07-11,4.06,4.04,4.08,4.03,351651,146135637.32,1.23,-0.74,-0.03,0.16
1784,2022-07-12,4.05,4.07,4.12,4.04,446540,186570754.26,1.98,0.74,0.03,0.2
1785,2022-07-13,4.06,4.07,4.1,4.06,337263,140974861.93,0.98,0.0,0.0,0.15
1786,2022-07-14,4.07,4.07,4.08,4.04,265320,110462933.53,0.98,0.0,0.0,0.12
1787,2022-07-15,4.06,3.94,4.07,3.93,569406,233725131.22,3.44,-3.19,-0.13,0.25
1788,2022-07-18,3.94,4.0,4.03,3.94,395402,161935528.96,2.28,1.52,0.06,0.18
1789,2022-07-19,4.01,4.03,4.05,3.98,386059,158823386.29,1.75,0.75,0.03,0.17
1790,2022-07-20,4.04,4.05,4.06,4.03,256587,106340656.15,0.74,0.5,0.02,0.11
1791,2022-07-21,4.04,4.04,4.09,4.03,372741,155103389.16,1.48,-0.25,-0.01,0.17
1792,2022-07-22,4.05,4.05,4.1,4.03,343940,143151012.77,1.73,0.25,0.01,0.15
1793,2022-07-25,4.06,4.02,4.07,4.02,199034,82358846.87,1.23,-0.74,-0.03,0.09
1794,2022-07-26,4.03,4.05,4.07,4.02,218888,90801675.75,1.24,0.75,0.03,0.1
1795,2022-07-27,4.05,4.03,4.06,4.01,262645,108720893.09,1.23,-0.49,-0.02,0.12
1796,2022-07-28,4.04,4.06,4.09,4.04,383804,160019700.95,1.24,0.74,0.03,0.17
1797,2022-07-29,4.07,4.03,4.08,4.02,366103,151905167.77,1.48,-0.74,-0.03,0.16
1798,2022-08-01,4.02,4.0,4.04,3.98,314758,129249546.0,1.49,-0.74,-0.03,0.14
1799,2022-08-02,3.98,3.92,3.98,3.86,740234,297145213.54,3.0,-2.0,-0.08,0.33
1800,2022-08-03,3.91,3.92,3.96,3.91,356525,143865508.27,1.28,0.0,0.0,0.16
1801,2022-08-04,3.93,3.94,3.96,3.91,286186,115570319.42,1.28,0.51,0.02,0.13
1802,2022-08-05,3.98,4.02,4.03,3.96,487571,194911537.34,1.78,2.03,0.08,0.22
1803,2022-08-08,4.03,4.07,4.08,4.01,350016,141913483.17,1.74,1.24,0.05,0.16
1804,2022-08-09,4.07,4.04,4.07,4.04,272354,110352707.79,0.74,-0.74,-0.03,0.12
1805,2022-08-10,4.04,4.04,4.1,4.02,319987,129851369.42,1.98,0.0,0.0,0.14
1806,2022-08-11,4.07,4.18,4.2,4.06,1110131,460046751.59,3.47,3.47,0.14,0.49
1807,2022-08-12,4.15,4.19,4.21,4.14,796691,333645236.42,1.67,0.24,0.01,0.35
1808,2022-08-15,4.18,4.16,4.2,4.15,433377,180833815.52,1.19,-0.72,-0.03,0.19
1809,2022-08-16,4.18,4.18,4.21,4.16,351229,146879693.54,1.2,0.48,0.02,0.16
1810,2022-08-17,4.19,4.24,4.25,4.16,642329,270941180.89,2.15,1.44,0.06,0.29
1811,2022-08-18,4.23,4.18,4.23,4.17,389016,163124204.92,1.42,-1.42,-0.06,0.17
1812,2022-08-19,4.18,4.19,4.22,4.17,405103,170207662.15,1.2,0.24,0.01,0.18
1813,2022-08-22,4.17,4.17,4.21,4.16,369393,154502021.58,1.19,-0.48,-0.02,0.16
1814,2022-08-23,4.17,4.18,4.24,4.16,493819,206971150.14,1.92,0.24,0.01,0.22
1815,2022-08-24,4.18,4.14,4.25,4.13,631106,264142690.35,2.87,-0.96,-0.04,0.28
1816,2022-08-25,4.16,4.2,4.22,4.13,530364,221275885.64,2.17,1.45,0.06,0.24
1817,2022-08-26,4.21,4.17,4.22,4.16,376832,157661778.48,1.43,-0.71,-0.03,0.17
1818,2022-08-29,4.14,4.14,4.17,4.13,378845,156821857.75,0.96,-0.72,-0.03,0.17
1819,2022-08-30,4.14,4.15,4.18,4.11,421743,174783300.61,1.69,0.24,0.01,0.19
1820,2022-08-31,4.15,4.18,4.2,4.13,766968,320231802.63,1.69,0.72,0.03,0.34
1821,2022-09-01,4.18,4.2,4.22,4.15,614294,258112462.94,1.67,0.48,0.02,0.27
1822,2022-09-02,4.2,4.16,4.22,4.14,487187,203318006.3,1.9,-0.95,-0.04,0.22
1823,2022-09-05,4.15,4.24,4.25,4.14,574432,241117604.7,2.64,1.92,0.08,0.25
1824,2022-09-06,4.25,4.26,4.27,4.23,645959,274652989.65,0.94,0.47,0.02,0.29
1825,2022-09-07,4.25,4.24,4.25,4.22,378969,160426331.28,0.7,-0.47,-0.02,0.17
1826,2022-09-08,4.24,4.23,4.25,4.21,342922,144995973.08,0.94,-0.24,-0.01,0.15
1827,2022-09-09,4.23,4.27,4.3,4.22,632188,269789466.05,1.89,0.95,0.04,0.28
1828,2022-09-13,4.28,4.25,4.29,4.24,494194,210960488.03,1.17,-0.47,-0.02,0.22
1829,2022-09-14,4.2,4.2,4.22,4.18,492800,206953508.76,0.94,-1.18,-0.05,0.22
1830,2022-09-15,4.2,4.18,4.23,4.15,544402,228547229.46,1.9,-0.48,-0.02,0.24
1831,2022-09-16,4.17,4.01,4.17,4.0,1002557,407404898.87,4.07,-4.07,-0.17,0.44
1832,2022-09-19,4.03,4.0,4.05,3.99,401589,161222626.46,1.5,-0.25,-0.01,0.18
1833,2022-09-20,4.01,4.01,4.05,4.0,297442,119544705.15,1.25,0.25,0.01,0.13
1834,2022-09-21,4.0,4.0,4.03,3.96,430332,171766864.35,1.75,-0.25,-0.01,0.19
1835,2022-09-22,3.98,4.01,4.02,3.98,284261,113681828.35,1.0,0.25,0.01,0.13
1836,2022-09-23,4.0,4.02,4.05,3.99,398830,160224730.23,1.5,0.25,0.01,0.18
1837,2022-09-26,4.0,3.92,4.02,3.92,457571,181706243.84,2.49,-2.49,-0.1,0.2
1838,2022-09-27,3.93,3.95,3.96,3.91,290109,114093287.74,1.28,0.77,0.03,0.13
1839,2022-09-28,3.95,3.91,3.95,3.9,301889,118350052.23,1.27,-1.01,-0.04,0.13
1840,2022-09-29,3.94,3.85,3.95,3.81,533060,206436660.3,3.58,-1.53,-0.06,0.24
1841,2022-09-30,3.84,3.86,3.88,3.83,332777,128537016.72,1.3,0.26,0.01,0.15
1842,2022-10-10,3.86,3.82,3.89,3.82,351645,135537136.25,1.81,-1.04,-0.04,0.16
1843,2022-10-11,3.83,3.88,3.91,3.82,339908,131291423.26,2.36,1.57,0.06,0.15
1844,2022-10-12,3.86,3.94,3.95,3.86,430805,168151725.77,2.32,1.55,0.06,0.19
1845,2022-10-13,3.93,3.96,3.97,3.91,337461,132980124.85,1.52,0.51,0.02,0.15
1846,2022-10-14,3.97,3.97,4.0,3.96,377585,150251180.15,1.01,0.25,0.01,0.17
1847,2022-10-17,3.95,3.97,3.98,3.93,309250,122600186.08,1.26,0.0,0.0,0.14
1848,2022-10-18,3.98,3.95,3.99,3.94,312146,123554467.93,1.26,-0.5,-0.02,0.14
1849,2022-10-19,3.94,3.92,3.96,3.91,222753,87575950.09,1.27,-0.76,-0.03,0.1
1850,2022-10-20,3.91,3.95,3.98,3.9,304745,120062064.21,2.04,0.77,0.03,0.14
1851,2022-10-21,4.04,3.96,4.06,3.95,461836,184683794.29,2.78,0.25,0.01,0.2
1852,2022-10-24,3.97,3.91,4.03,3.89,518741,205749477.3,3.54,-1.26,-0.05,0.23
1853,2022-10-25,3.91,3.93,3.97,3.86,400812,156696337.72,2.81,0.51,0.02,0.18
1854,2022-10-26,3.93,3.94,3.99,3.92,402765,159127368.58,1.78,0.25,0.01,0.18
1855,2022-10-27,3.94,3.94,3.97,3.92,321576,126937856.33,1.27,0.0,0.0,0.14
1856,2022-10-28,3.93,3.88,3.95,3.87,484323,189631519.78,2.03,-1.52,-0.06,0.21
1857,2022-10-31,3.89,3.89,3.94,3.87,405402,158155960.83,1.8,0.26,0.01,0.18
1858,2022-11-01,3.9,3.98,3.99,3.89,488416,192887468.71,2.57,2.31,0.09,0.22
1859,2022-11-02,3.98,3.99,4.01,3.97,383591,152870130.1,1.01,0.25,0.01,0.17
1860,2022-11-03,3.96,3.97,3.98,3.95,243157,96373875.5,0.75,-0.5,-0.02,0.11
1861,2022-11-04,3.97,4.03,4.05,3.96,577870,232057178.1,2.27,1.51,0.06,0.26
1862,2022-11-07,4.02,4.05,4.08,4.0,481388,194483361.6,1.99,0.5,0.02,0.21
1863,2022-11-08,4.04,4.02,4.06,4.0,308937,124283883.35,1.48,-0.74,-0.03,0.14
1864,2022-11-09,4.02,4.0,4.03,3.99,238047,95410948.53,1.0,-0.5,-0.02,0.11
1865,2022-11-10,3.99,4.01,4.03,3.97,277123,110980650.51,1.5,0.25,0.01,0.12
1866,2022-11-11,4.07,4.07,4.11,4.03,760638,309497415.5,2.0,1.5,0.06,0.34
1867,2022-11-14,4.08,4.08,4.14,4.07,742970,304428256.39,1.72,0.25,0.01,0.33
1868,2022-11-15,4.07,4.18,4.22,4.05,1222620,508080661.25,4.17,2.45,0.1,0.54
1869,2022-11-16,4.16,4.12,4.17,4.12,566980,234803933.84,1.2,-1.44,-0.06,0.25
1870,2022-11-17,4.11,4.14,4.14,4.09,496353,204562447.52,1.21,0.49,0.02,0.22
1871,2022-11-18,4.14,4.08,4.14,4.08,432005,177727896.82,1.45,-1.45,-0.06,0.19
1872,2022-11-21,4.07,4.06,4.09,4.04,345954,140254691.0,1.23,-0.49,-0.02,0.15
1873,2022-11-22,4.05,4.08,4.11,4.04,446037,181773139.51,1.72,0.49,0.02,0.2
1874,2022-11-23,4.07,4.1,4.12,4.07,408138,167011773.58,1.23,0.49,0.02,0.18
1875,2022-11-24,4.1,4.07,4.12,4.06,354985,145115573.79,1.46,-0.73,-0.03,0.16
1876,2022-11-25,4.05,4.1,4.12,4.05,457722,187341483.25,1.72,0.74,0.03,0.2
1877,2022-11-28,4.06,4.05,4.07,4.01,450257,182013071.16,1.46,-1.22,-0.05,0.2
1878,2022-11-29,4.05,4.15,4.18,4.05,857786,353814375.73,3.21,2.47,0.1,0.38
1879,2022-11-30,4.15,4.13,4.18,4.13,555023,230275795.61,1.2,-0.48,-0.02,0.25
1880,2022-12-01,4.17,4.13,4.22,4.12,897815,374044517.35,2.42,0.0,0.0,0.4
1881,2022-12-02,4.13,4.12,4.15,4.11,466815,192606378.16,0.97,-0.24,-0.01,0.21
1882,2022-12-05,4.15,4.21,4.22,4.14,925446,387830534.25,1.94,2.18,0.09,0.41
1883,2022-12-06,4.2,4.19,4.23,4.18,579254,243382700.71,1.19,-0.48,-0.02,0.26
1884,2022-12-07,4.19,4.17,4.21,4.14,579860,241957664.72,1.67,-0.48,-0.02,0.26
1885,2022-12-08,4.16,4.15,4.18,4.14,367124,152553841.95,0.96,-0.48,-0.02,0.16
1886,2022-12-09,4.17,4.18,4.18,4.12,633936,263365719.38,1.45,0.72,0.03,0.28
1887,2022-12-12,4.17,4.09,4.17,4.08,601860,247975011.04,2.15,-2.15,-0.09,0.27
1888,2022-12-13,4.09,4.1,4.12,4.08,318745,130564322.21,0.98,0.24,0.01,0.14
1889,2022-12-14,4.09,4.1,4.13,4.08,354032,145178890.39,1.22,0.0,0.0,0.16
1890,2022-12-15,4.09,4.08,4.12,4.07,276834,113099854.81,1.22,-0.49,-0.02,0.12
1891,2022-12-16,4.06,4.1,4.1,4.05,322793,131673862.15,1.23,0.49,0.02,0.14
1892,2022-12-19,4.09,4.0,4.11,3.98,537659,216814819.24,3.17,-2.44,-0.1,0.24
1893,2022-12-20,3.99,3.98,4.01,3.97,337834,134625372.96,1.0,-0.5,-0.02,0.15
1894,2022-12-21,3.98,3.96,4.0,3.96,200674,79818564.96,1.01,-0.5,-0.02,0.09
1895,2022-12-22,3.98,3.95,4.0,3.93,248718,98709860.27,1.77,-0.25,-0.01,0.11
1896,2022-12-23,3.94,3.96,3.98,3.93,190950,75517482.83,1.27,0.25,0.01,0.08
1897,2022-12-26,3.97,3.96,3.98,3.95,240799,95577842.64,0.76,0.0,0.0,0.11
1898,2022-12-27,3.98,3.99,4.0,3.97,207171,82653072.27,0.76,0.76,0.03,0.09
1899,2022-12-28,3.98,3.99,4.0,3.97,198903,79199081.22,0.75,0.0,0.0,0.09
1900,2022-12-29,3.97,3.97,3.99,3.95,287235,114034979.9,1.0,-0.5,-0.02,0.13
1901,2022-12-30,3.99,3.98,4.0,3.97,308370,122887983.27,0.76,0.25,0.01,0.14
