,日期,开盘,收盘,最高,最低,成交量,成交额,振幅,涨跌幅,涨跌额,换手率
0,2015-01-05,8.98,8.88,9.04,8.7,95285,312965632.0,3.79,-1.11,-0.1,1.65
1,2015-01-06,8.88,9.43,9.58,8.72,180925,617855472.0,9.68,6.19,0.55,3.13
2,2015-01-07,9.41,9.23,9.43,9.17,80811,276610544.0,2.76,-2.12,-0.2,1.4
3,2015-01-08,9.3,9.45,9.65,9.26,118324,413991408.0,4.23,2.38,0.22,2.05
4,2015-01-09,9.43,9.33,9.74,9.29,93916,329111120.0,4.76,-1.27,-0.12,1.63
5,2015-01-12,9.33,9.56,9.61,9.27,82823,289219552.0,3.64,2.47,0.23,1.43
6,2015-01-13,9.53,9.8,9.83,9.52,105063,373180752.0,3.24,2.51,0.24,1.82
7,2015-01-14,9.78,9.68,9.97,9.56,80296,287049680.0,4.18,-1.22,-0.12,1.39
8,2015-01-15,9.65,9.49,9.65,9.43,61216,213609533.0,2.27,-1.96,-0.19,1.06
9,2015-01-16,9.52,9.57,9.64,9.43,71085,249500877.0,2.21,0.84,0.08,1.23
10,2015-01-19,9.48,9.42,10.01,9.27,147501,524061216.0,7.73,-1.57,-0.15,2.55
11,2015-01-20,9.36,9.96,10.02,9.35,133396,475990736.0,7.11,5.73,0.54,2.31
12,2015-01-21,9.96,10.17,10.36,9.86,113775,421176992.0,5.02,2.11,0.21,1.97
13,2015-01-22,10.2,10.17,10.44,10.11,90229,335453456.0,3.24,0.0,0.0,1.56
14,2015-01-23,10.26,10.27,10.33,10.04,96923,359512192.0,2.85,0.98,0.1,1.68
15,2015-01-26,10.33,10.28,10.39,10.2,67321,251646895.0,1.85,0.1,0.01,1.17
16,2015-01-27,10.36,10.02,10.39,9.88,98776,362393200.0,4.96,-2.53,-0.26,1.71
17,2015-01-28,10.09,10.13,10.35,10.04,103215,383671776.0,3.09,1.1,0.11,1.79
18,2015-01-29,10.17,10.09,10.37,9.99,93240,345043904.0,3.75,-0.39,-0.04,1.61
19,2015-01-30,10.11,9.87,10.2,9.86,66354,241982357.0,3.37,-2.18,-0.22,1.15
20,2015-02-02,9.91,9.84,9.99,9.72,44653,161244690.0,2.74,-0.3,-0.03,0.77
21,2015-02-03,9.96,9.97,10.0,9.84,38593,140003894.0,1.63,1.32,0.13,0.67
22,2015-02-04,10.04,9.59,10.04,9.57,81542,291446704.0,4.71,-3.81,-0.38,1.41
23,2015-02-05,9.69,9.51,9.75,9.5,61055,215964368.0,2.61,-0.83,-0.08,1.06
24,2015-02-06,9.53,9.4,9.71,9.33,50982,178125838.0,4.0,-1.16,-0.11,0.88
25,2015-02-09,9.4,9.34,9.49,9.3,36341,125277654.0,2.02,-0.64,-0.06,0.63
26,2015-02-10,9.33,9.46,9.48,9.3,37147,128442799.0,1.93,1.28,0.12,0.64
27,2015-02-11,9.49,9.52,9.6,9.46,28975,101283649.0,1.48,0.63,0.06,0.5
28,2015-02-12,9.57,9.54,9.59,9.46,43520,152269496.0,1.37,0.21,0.02,0.75
29,2015-02-13,9.73,9.85,9.99,9.61,82720,297319072.0,3.98,3.25,0.31,1.43
30,2015-02-16,9.86,9.82,9.89,9.7,63451,227234589.0,1.93,-0.3,-0.03,1.1
31,2015-02-17,9.96,9.89,9.98,9.77,63552,229568547.0,2.14,0.71,0.07,1.1
32,2015-02-25,9.85,9.75,9.92,9.73,57060,204992555.0,1.92,-1.42,-0.14,0.99
33,2015-02-26,9.73,9.84,9.87,9.68,58455,208764486.0,1.95,0.92,0.09,1.01
34,2015-02-27,9.7,9.69,9.8,9.63,87865,312771904.0,1.73,-1.52,-0.15,1.52
35,2015-03-02,9.73,9.83,9.83,9.58,98996,350843712.0,2.58,1.44,0.14,1.71
36,2015-03-03,9.78,10.03,10.19,9.74,142875,522403568.0,4.58,2.03,0.2,2.47
37,2015-03-04,10.03,10.52,10.74,9.98,217308,823146304.0,7.58,4.89,0.49,3.76
38,2015-03-05,10.47,10.49,10.86,10.34,145964,559542256.0,4.94,-0.29,-0.03,2.53
39,2015-03-06,10.49,10.29,10.63,10.17,76898,288230736.0,4.39,-1.91,-0.2,1.33
40,2015-03-09,10.17,10.36,10.38,10.09,73506,273851792.0,2.82,0.68,0.07,1.27
41,2015-03-10,10.35,10.4,10.53,10.29,63352,239778136.0,2.32,0.39,0.04,1.1
42,2015-03-11,10.42,10.21,10.65,10.17,66238,249323894.0,4.62,-1.83,-0.19,1.15
43,2015-03-12,10.21,10.11,10.27,10.01,62341,229023452.0,2.55,-0.98,-0.1,1.08
44,2015-03-13,10.12,10.38,10.5,10.05,85612,319826256.0,4.45,2.67,0.27,1.48
45,2015-03-16,10.49,11.14,11.19,10.49,185468,732945728.0,6.74,7.32,0.76,3.21
46,2015-03-17,11.13,11.1,11.23,10.89,122915,490303712.0,3.05,-0.36,-0.04,2.13
47,2015-03-18,11.13,11.58,11.7,11.04,142156,582165968.0,5.95,4.32,0.48,2.46
48,2015-03-19,11.45,11.63,11.8,11.36,106101,440223424.0,3.8,0.43,0.05,1.84
49,2015-03-20,11.63,12.06,12.25,11.58,125441,537642480.0,5.76,3.7,0.43,2.17
50,2015-03-23,12.06,11.87,12.5,11.76,143546,617145104.0,6.14,-1.58,-0.19,2.49
51,2015-03-24,11.87,12.09,12.39,11.34,166596,700423312.0,8.85,1.85,0.22,2.89
52,2015-03-25,11.87,11.74,11.97,11.47,118808,497387712.0,4.14,-2.89,-0.35,2.06
53,2015-03-26,11.63,11.7,11.87,11.49,81172,338893056.0,3.24,-0.34,-0.04,1.41
54,2015-03-27,11.67,11.73,11.81,11.54,70036,292970512.0,2.31,0.26,0.03,1.21
55,2015-03-30,11.73,11.77,12.09,11.64,127867,539883600.0,3.84,0.34,0.04,2.21
56,2015-03-31,11.77,11.9,12.16,11.69,119500,506126560.0,3.99,1.1,0.13,2.07
57,2015-04-01,11.9,12.43,12.46,11.89,133694,583873040.0,4.79,4.45,0.53,2.32
58,2015-04-02,12.49,12.31,12.83,12.17,128616,566808176.0,5.31,-0.97,-0.12,2.23
59,2015-04-03,12.41,12.41,12.57,12.17,113333,496238832.0,3.25,0.81,0.1,1.96
60,2015-04-07,12.42,12.63,12.69,12.3,139146,614403088.0,3.14,1.77,0.22,2.41
61,2015-04-08,12.65,12.05,12.69,11.94,130524,565375248.0,5.94,-4.59,-0.58,2.26
62,2015-04-09,12.03,11.61,12.05,11.26,128380,530830368.0,6.56,-3.65,-0.44,2.22
63,2015-04-10,11.51,12.16,12.23,11.43,140997,602539600.0,6.89,4.74,0.55,2.44
64,2015-04-13,12.36,13.24,13.54,12.12,270864,1236234544.0,11.68,8.88,1.08,4.69
65,2015-04-14,13.47,13.25,14.08,13.12,212804,1021522736.0,7.25,0.08,0.01,3.69
66,2015-04-15,13.21,12.66,13.21,12.53,100701,455863264.0,5.13,-4.45,-0.59,1.74
67,2015-04-16,12.66,12.92,13.36,12.53,108902,501301792.0,6.56,2.05,0.26,1.89
68,2015-04-17,12.96,12.65,13.24,12.56,135498,611055552.0,5.26,-2.09,-0.27,2.35
69,2015-04-20,12.65,12.22,12.85,12.14,123445,544919440.0,5.61,-3.4,-0.43,2.14
70,2015-04-21,12.18,13.45,13.61,12.18,176361,811467424.0,11.7,10.07,1.23,3.05
71,2015-04-22,14.04,13.82,14.33,13.69,185960,906957120.0,4.76,2.75,0.37,3.22
72,2015-04-23,13.66,14.24,14.65,13.53,178997,892529888.0,8.1,3.04,0.42,3.1
73,2015-04-24,14.16,15.23,15.54,13.96,206797,1060279360.0,11.1,6.95,0.99,3.58
74,2015-04-27,16.1,15.62,16.48,15.29,195967,1071583968.0,7.81,2.56,0.39,3.39
75,2015-04-28,15.62,15.52,15.93,14.86,121735,645049072.0,6.85,-0.64,-0.1,2.11
76,2015-04-29,15.35,15.35,15.91,15.2,79290,424884928.0,4.57,-1.1,-0.17,1.37
77,2015-04-30,15.61,15.55,16.42,15.37,120192,661093456.0,6.84,1.3,0.2,2.08
78,2015-05-04,15.54,14.88,15.54,14.81,105510,550751744.0,4.69,-4.31,-0.67,1.83
79,2015-05-05,14.93,15.63,16.54,14.46,185484,985930864.0,13.98,5.04,0.75,3.21
80,2015-05-06,15.62,16.22,17.06,15.61,185666,1049635376.0,9.28,3.77,0.59,3.22
81,2015-05-07,16.11,15.62,16.54,15.46,113591,616753104.0,6.66,-3.7,-0.6,1.97
82,2015-05-08,15.62,15.5,15.87,14.66,147481,776253728.0,7.75,-0.77,-0.12,2.55
83,2015-05-11,15.5,16.12,16.15,15.02,134980,734736720.0,7.29,4.0,0.62,2.34
84,2015-05-12,16.0,16.54,16.77,15.57,176998,989690144.0,7.44,2.61,0.42,3.07
85,2015-05-13,16.34,15.98,16.58,15.89,125794,702790784.0,4.17,-3.39,-0.56,2.18
86,2015-05-14,16.03,15.89,16.1,15.58,91250,499103200.0,3.25,-0.56,-0.09,1.58
87,2015-05-15,15.82,17.02,17.22,15.57,187678,1070666016.0,10.38,7.11,1.13,3.25
88,2015-05-18,16.54,18.36,18.89,16.51,251255,1552251728.0,13.98,7.87,1.34,4.35
89,2015-05-19,18.47,18.61,18.98,17.72,140341,877309808.0,6.86,1.36,0.25,2.43
90,2015-05-20,18.64,18.39,19.99,18.0,184351,1177500800.0,10.69,-1.18,-0.22,3.19
91,2015-05-21,18.61,18.85,19.17,18.02,148615,947490592.0,6.25,2.5,0.46,2.57
92,2015-05-22,19.74,18.94,19.77,18.61,111212,718952144.0,6.15,0.48,0.09,1.93
93,2015-05-25,18.72,19.09,19.25,18.48,116226,743691632.0,4.07,0.79,0.15,2.01
94,2015-05-26,19.11,19.71,19.9,18.87,137918,912015488.0,5.4,3.25,0.62,2.39
95,2015-05-27,19.76,19.69,19.9,18.82,123844,807890656.0,5.48,-0.1,-0.02,2.14
96,2015-05-28,19.59,17.7,19.59,17.56,159829,1019875280.0,10.31,-10.11,-1.99,2.77
97,2015-05-29,17.7,17.77,18.28,16.93,122943,743290608.0,7.63,0.4,0.07,2.13
98,2015-06-01,18.5,18.79,19.35,18.5,152548,975930864.0,4.78,5.74,1.02,2.64
99,2015-06-02,18.82,18.98,19.45,18.5,142265,914665952.0,5.06,1.01,0.19,2.46
100,2015-06-03,19.23,18.6,19.23,17.82,149139,939796832.0,7.43,-2.0,-0.38,2.58
101,2015-06-04,18.44,18.19,18.6,16.9,145264,881975488.0,9.14,-2.2,-0.41,2.52
102,2015-06-05,18.38,17.63,18.55,17.36,186776,1128238752.0,6.54,-3.08,-0.56,3.24
103,2015-06-08,17.66,17.07,18.14,16.89,160342,937986672.0,7.09,-3.18,-0.56,2.78
104,2015-06-09,17.07,17.02,17.4,16.74,121659,702410096.0,3.87,-0.29,-0.05,2.11
105,2015-06-10,17.05,18.54,18.54,16.86,237829,1428625488.0,9.87,8.93,1.52,4.12
106,2015-06-11,19.01,19.55,20.45,18.86,428142,2828972432.0,8.58,5.45,1.01,7.42
107,2015-06-12,19.59,19.23,20.06,19.11,211712,1382212560.0,4.86,-1.64,-0.32,3.67
108,2015-06-15,19.24,17.79,19.33,17.77,216424,1339762720.0,8.11,-7.49,-1.44,3.75
109,2015-06-16,17.41,16.82,17.57,16.52,200899,1154806928.0,5.9,-5.45,-0.97,3.48
110,2015-06-17,16.84,17.1,17.41,15.81,147541,833542048.0,9.51,1.66,0.28,2.56
111,2015-06-18,17.1,16.11,17.1,16.09,101553,576144272.0,5.91,-5.79,-0.99,1.76
112,2015-06-19,15.9,15.58,16.45,15.36,140961,758871840.0,6.77,-3.29,-0.53,2.44
113,2015-06-23,15.59,15.25,15.89,13.88,122668,632172752.0,12.9,-2.12,-0.33,2.12
114,2015-06-24,15.36,15.47,15.71,14.73,133464,698914704.0,6.43,1.44,0.22,2.31
115,2015-06-25,15.49,14.4,15.51,14.19,99934,515715792.0,8.53,-6.92,-1.07,1.73
116,2015-06-26,14.04,12.81,14.43,12.81,177691,830276016.0,11.25,-11.04,-1.59,3.08
117,2015-06-29,13.36,11.4,13.46,11.38,255757,1079718480.0,16.24,-11.01,-1.41,4.43
118,2015-06-30,11.38,12.7,12.7,11.19,233343,974650768.0,13.25,11.4,1.3,4.66
119,2015-07-01,12.6,12.76,13.87,12.24,214472,991283552.0,12.83,0.47,0.06,4.29
120,2015-07-02,12.77,12.44,13.4,11.45,200063,891031328.0,15.28,-2.51,-0.32,4.0
121,2015-07-03,11.96,12.31,13.24,11.32,207235,897540672.0,15.43,-1.05,-0.13,4.14
122,2015-07-06,13.7,12.64,13.7,11.38,199384,872109616.0,18.85,2.68,0.33,3.98
123,2015-07-07,12.27,11.24,12.28,11.23,236887,951840400.0,8.31,-11.08,-1.4,4.73
124,2015-07-13,12.52,12.52,12.52,12.52,13634,59634066.0,0.0,11.39,1.28,0.27
125,2015-07-14,13.92,13.92,13.92,13.82,111463,536189072.0,0.8,11.18,1.4,2.23
126,2015-07-15,13.92,12.38,13.94,12.38,193289,873877088.0,11.21,-11.06,-1.54,3.86
127,2015-07-16,12.38,12.75,13.12,11.42,134290,587207008.0,13.73,2.99,0.37,2.68
128,2015-07-17,12.92,13.66,13.73,12.75,153114,708007184.0,7.69,7.14,0.91,3.06
129,2015-07-20,13.6,13.47,14.17,13.36,167700,794194736.0,5.93,-1.39,-0.19,3.35
130,2015-07-21,13.24,13.77,13.94,13.04,150780,715731584.0,6.68,2.23,0.3,3.01
131,2015-07-22,14.04,14.3,14.69,14.04,172201,850547776.0,4.72,3.85,0.53,3.44
132,2015-07-23,14.43,14.63,14.78,14.05,132603,660264000.0,5.1,2.31,0.33,2.65
133,2015-07-24,14.64,14.01,14.74,13.75,152496,757062624.0,6.77,-4.24,-0.62,3.05
134,2015-07-27,13.72,12.46,14.33,12.46,172299,802409920.0,13.35,-11.06,-1.55,3.44
135,2015-07-28,11.93,12.44,12.81,11.28,181942,765383152.0,12.28,-0.16,-0.02,3.64
136,2015-07-29,12.76,13.28,13.31,12.06,128110,558535712.0,10.05,6.75,0.84,2.56
137,2015-07-30,13.05,12.51,13.4,12.33,100327,456326288.0,8.06,-5.8,-0.77,2.0
138,2015-07-31,12.3,12.76,12.91,12.22,115909,509041408.0,5.52,2.0,0.25,2.32
139,2015-08-03,12.57,13.29,13.31,12.47,127852,577653328.0,6.58,4.15,0.53,2.56
140,2015-08-04,13.29,13.89,14.01,13.15,123040,583503184.0,6.47,4.51,0.6,2.46
141,2015-08-05,13.92,13.93,14.37,13.6,125657,611847248.0,5.54,0.29,0.04,2.51
142,2015-08-06,13.66,13.86,14.2,13.56,65404,315140064.0,4.59,-0.5,-0.07,1.31
143,2015-08-07,13.89,14.11,14.24,13.88,90402,439284752.0,2.6,1.8,0.25,1.81
144,2015-08-10,14.25,14.63,14.88,14.04,128372,639627392.0,5.95,3.69,0.52,2.57
145,2015-08-11,14.69,14.17,14.81,14.14,109070,541883552.0,4.58,-3.14,-0.46,2.18
146,2015-08-12,13.93,13.73,14.14,13.72,69577,334788704.0,2.96,-3.11,-0.44,1.39
147,2015-08-13,13.88,14.03,14.08,13.61,69282,332271024.0,3.42,2.18,0.3,1.38
148,2015-08-14,14.16,15.02,15.21,14.14,198015,1003191712.0,7.63,7.06,0.99,3.96
149,2015-08-17,14.65,15.23,15.97,14.37,180231,936743232.0,10.65,1.4,0.21,3.6
150,2015-08-18,15.74,14.31,16.41,13.55,277570,1469643328.0,18.78,-6.04,-0.92,5.55
151,2015-08-19,13.69,14.52,14.74,12.94,149946,719365040.0,12.58,1.47,0.21,3.0
152,2015-08-20,14.18,13.53,14.37,13.5,95015,457884688.0,5.99,-6.82,-0.99,1.9
153,2015-08-21,13.26,12.36,13.47,12.36,98391,440621808.0,8.2,-8.65,-1.17,1.97
154,2015-08-24,11.67,10.98,11.77,10.98,141267,555424336.0,6.39,-11.17,-1.38,2.82
155,2015-08-25,9.75,9.74,10.87,9.73,200248,721025200.0,10.38,-11.29,-1.24,4.0
156,2015-08-26,9.91,9.85,10.68,9.36,126618,458022080.0,13.55,1.13,0.11,2.53
157,2015-08-27,10.1,10.46,10.49,9.91,101400,372372272.0,5.89,6.19,0.61,2.03
158,2015-08-28,10.74,11.21,11.42,10.52,111119,431672048.0,8.6,7.17,0.75,2.22
159,2015-08-31,11.0,11.05,11.06,10.55,84222,324356896.0,4.55,-1.43,-0.16,1.68
160,2015-09-01,10.9,10.56,10.96,9.97,106887,398654224.0,8.96,-4.43,-0.49,2.14
161,2015-09-02,10.04,10.59,10.69,9.92,115430,426762288.0,7.29,0.28,0.03,2.31
162,2015-09-07,10.68,10.46,11.1,10.33,60144,230904530.0,7.27,-1.23,-0.13,1.2
163,2015-09-08,10.56,11.05,11.05,10.17,48587,183466109.0,8.41,5.64,0.59,0.97
164,2015-09-09,11.21,11.3,11.38,10.87,80472,318904944.0,4.62,2.26,0.25,1.61
165,2015-09-10,11.06,11.06,11.27,10.96,51676,203330179.0,2.74,-2.12,-0.24,1.03
166,2015-09-11,11.1,10.93,11.18,10.68,58449,226960413.0,4.52,-1.18,-0.13,1.17
167,2015-09-14,10.99,10.11,11.09,9.76,75009,276985600.0,12.17,-7.5,-0.82,1.5
168,2015-09-15,9.75,9.72,10.04,9.45,59863,210194933.0,5.84,-3.86,-0.39,1.19
169,2015-09-16,9.77,10.49,10.68,9.62,66074,239362695.0,10.91,7.92,0.77,1.32
170,2015-09-17,10.36,10.01,10.55,10.01,67087,246265013.0,5.15,-4.58,-0.48,1.34
171,2015-09-18,10.04,9.91,10.16,9.75,46743,166528760.0,4.1,-1.0,-0.1,0.93
172,2015-09-21,9.88,10.29,10.35,9.56,57439,208022751.0,7.97,3.83,0.38,1.15
173,2015-09-22,10.36,10.34,10.47,10.19,56055,206871135.0,2.72,0.49,0.05,1.12
174,2015-09-23,10.21,10.02,10.26,10.01,36330,131785855.0,2.42,-3.09,-0.32,0.72
175,2015-09-24,10.1,10.11,10.29,10.04,40829,148483432.0,2.5,0.9,0.09,0.81
176,2015-09-25,10.04,9.91,10.16,9.62,43006,152576220.0,5.34,-1.98,-0.2,0.86
177,2015-09-28,9.8,10.03,10.04,9.63,26973,95503481.0,4.14,1.21,0.12,0.54
178,2015-09-29,9.87,9.72,9.88,9.58,38453,134526825.0,2.99,-3.09,-0.31,0.77
179,2015-09-30,9.71,9.75,9.79,9.68,21514,75371893.0,1.13,0.31,0.03,0.43
180,2015-10-08,10.26,10.33,10.42,10.05,76807,281927072.0,3.79,5.95,0.58,1.53
181,2015-10-09,10.44,10.59,10.71,10.36,86810,327301744.0,3.39,2.52,0.26,1.73
182,2015-10-12,10.76,11.04,11.21,10.62,112933,439194512.0,5.57,4.25,0.45,2.25
183,2015-10-13,10.87,10.95,11.25,10.84,69972,273409184.0,3.71,-0.82,-0.09,1.4
184,2015-10-14,10.94,10.82,10.99,10.72,58182,223861599.0,2.47,-1.19,-0.13,1.16
185,2015-10-15,10.71,11.25,11.35,10.7,83899,330897808.0,6.01,3.97,0.43,1.67
186,2015-10-16,11.22,11.46,11.54,11.06,96371,384316896.0,4.27,1.87,0.21,1.92
187,2015-10-19,11.5,11.22,11.51,11.15,88966,355931248.0,3.14,-2.09,-0.24,1.77
188,2015-10-20,11.22,11.68,11.69,11.11,80825,324359408.0,5.17,4.1,0.46,1.61
189,2015-10-21,11.77,10.92,11.83,10.91,94921,381161040.0,7.88,-6.51,-0.76,1.89
190,2015-10-22,11.04,11.32,11.34,10.78,76988,303745968.0,5.13,3.66,0.4,1.54
191,2015-10-23,11.32,11.6,11.83,11.32,104262,426112464.0,4.51,2.47,0.28,2.08
192,2015-10-26,11.71,11.39,11.75,11.22,100967,406613440.0,4.57,-1.81,-0.21,2.01
193,2015-10-27,11.35,11.53,11.63,11.23,85293,343901632.0,3.51,1.23,0.14,1.7
194,2015-10-28,11.58,11.53,12.02,11.44,102846,424298800.0,5.03,0.0,0.0,2.05
195,2015-10-29,11.66,11.59,11.7,11.47,57521,234652637.0,1.99,0.52,0.06,1.15
196,2015-10-30,11.65,11.54,11.69,11.3,65392,265187344.0,3.36,-0.43,-0.05,1.3
197,2015-11-02,11.43,11.03,11.49,11.0,56430,224652960.0,4.25,-4.42,-0.51,1.13
198,2015-11-03,11.05,10.88,11.15,10.8,63323,245223324.0,3.17,-1.36,-0.15,1.26
199,2015-11-04,10.96,11.4,11.45,10.94,74099,293623312.0,4.69,4.78,0.52,1.48
200,2015-11-05,11.4,11.56,11.7,11.32,85635,348087024.0,3.33,1.4,0.16,1.71
201,2015-11-06,11.58,11.82,11.96,11.54,92443,384410624.0,3.63,2.25,0.26,1.84
202,2015-11-09,11.91,12.34,12.48,11.83,120666,515374160.0,5.5,4.4,0.52,2.41
203,2015-11-10,12.16,12.22,12.51,12.14,86195,371739296.0,3.0,-0.97,-0.12,1.72
204,2015-11-11,12.3,12.44,12.59,12.22,85505,369984448.0,3.03,1.8,0.22,1.71
205,2015-11-12,12.67,12.37,12.68,12.14,86405,373393024.0,4.34,-0.56,-0.07,1.72
206,2015-11-13,12.27,11.97,12.29,11.93,63473,268739904.0,2.91,-3.23,-0.4,1.27
207,2015-11-16,11.72,12.09,12.11,11.71,59349,249379395.0,3.34,1.0,0.12,1.18
208,2015-11-17,12.19,11.93,12.34,11.89,69234,295423936.0,3.72,-1.32,-0.16,1.38
209,2015-11-18,12.03,11.71,12.04,11.68,46574,194118057.0,3.02,-1.84,-0.22,0.93
210,2015-11-19,11.71,11.98,12.02,11.71,40461,168448273.0,2.65,2.31,0.27,0.81
211,2015-11-20,11.98,11.96,12.05,11.8,42379,177563507.0,2.09,-0.17,-0.02,0.85
212,2015-11-23,11.94,12.35,12.35,11.81,94535,402671456.0,4.52,3.26,0.39,1.89
213,2015-11-24,12.35,12.22,12.39,11.96,65398,278582064.0,3.48,-1.05,-0.13,1.3
214,2015-11-25,12.19,12.25,12.31,12.13,62388,267420306.0,1.47,0.25,0.03,1.24
215,2015-11-26,12.4,12.02,12.4,12.02,52794,226009509.0,3.1,-1.88,-0.23,1.05
216,2015-11-27,12.01,11.02,12.07,10.87,80715,326604304.0,9.98,-8.32,-1.0,1.61
217,2015-11-30,10.97,11.17,11.23,10.91,68718,269811184.0,2.9,1.36,0.15,1.37
218,2015-12-01,11.22,11.42,11.63,11.04,48346,194140630.0,5.28,2.24,0.25,0.96
219,2015-12-02,11.38,11.48,11.6,11.16,49627,200516575.0,3.85,0.53,0.06,0.99
220,2015-12-03,11.5,11.55,11.59,11.24,77479,311846224.0,3.05,0.61,0.07,1.55
221,2015-12-04,11.47,11.55,11.67,11.4,50291,204327875.0,2.34,0.0,0.0,1.0
222,2015-12-07,11.51,11.6,11.74,11.38,34259,139939972.0,3.12,0.43,0.05,0.68
223,2015-12-08,11.53,11.28,11.53,11.28,34196,137282208.0,2.16,-2.76,-0.32,0.68
224,2015-12-09,11.3,11.21,11.41,11.16,21241,84621691.0,2.22,-0.62,-0.07,0.42
225,2015-12-10,11.21,11.32,11.49,11.13,36128,145297787.0,3.21,0.98,0.11,0.72
226,2015-12-11,11.26,11.22,11.43,11.19,21708,86639050.0,2.12,-0.88,-0.1,0.43
227,2015-12-14,11.18,11.46,11.51,11.13,34288,136722701.0,3.39,2.14,0.24,0.68
228,2015-12-15,11.56,11.6,11.68,11.39,46791,190822906.0,2.53,1.22,0.14,0.93
229,2015-12-16,11.61,11.48,11.68,11.47,32979,134334508.0,1.81,-1.03,-0.12,0.66
230,2015-12-17,11.54,11.66,11.73,11.53,61698,252896653.0,1.74,1.57,0.18,1.23
231,2015-12-18,11.71,11.85,12.02,11.66,84889,352866864.0,3.09,1.63,0.19,1.69
232,2015-12-21,11.85,12.31,12.63,11.83,134245,579365296.0,6.75,3.88,0.46,2.68
233,2015-12-22,12.32,12.27,12.42,12.16,68966,295399872.0,2.11,-0.32,-0.04,1.38
234,2015-12-23,12.28,12.34,12.76,12.23,88515,386739104.0,4.32,0.57,0.07,1.77
235,2015-12-24,12.34,12.58,12.67,12.12,88488,386399552.0,4.46,1.94,0.24,1.77
236,2015-12-25,12.57,12.5,12.7,12.38,59656,260806624.0,2.54,-0.64,-0.08,1.19
237,2015-12-28,12.55,12.24,12.97,12.22,91760,405212256.0,6.0,-2.08,-0.26,1.83
238,2015-12-29,12.26,12.8,12.82,12.26,89751,394736016.0,4.58,4.58,0.56,1.79
239,2015-12-30,12.8,12.96,13.37,12.76,110626,504033968.0,4.77,1.25,0.16,2.21
240,2015-12-31,12.92,12.6,13.05,12.55,76665,340122816.0,3.86,-2.78,-0.36,1.53
241,2016-01-04,12.54,11.45,12.73,11.39,51436,218776743.0,10.63,-9.13,-1.15,1.03
242,2016-01-05,11.63,11.39,11.86,11.02,120549,488176608.0,7.34,-0.52,-0.06,2.41
243,2016-01-06,11.42,11.63,11.7,11.22,75843,306300992.0,4.21,2.11,0.24,1.51
244,2016-01-07,11.32,10.52,11.38,10.36,18450,71712408.0,8.77,-9.54,-1.11,0.37
245,2016-01-08,10.68,10.85,11.08,10.23,98535,377775344.0,8.08,3.14,0.33,1.97
246,2016-01-11,10.68,10.09,11.09,10.09,72684,275060480.0,9.22,-7.0,-0.76,1.45
247,2016-01-12,10.04,10.48,10.54,9.89,61455,227826146.0,6.44,3.87,0.39,1.23
248,2016-01-13,10.52,10.35,10.71,10.29,38577,144766754.0,4.01,-1.24,-0.13,0.77
249,2016-01-14,10.01,10.68,10.73,9.9,45897,170349071.0,8.02,3.19,0.33,0.92
250,2016-01-15,10.62,10.17,10.73,10.07,42303,156861271.0,6.18,-4.78,-0.51,0.84
251,2016-01-18,9.97,10.54,10.67,9.91,47634,176357686.0,7.47,3.64,0.37,0.95
252,2016-01-19,10.49,11.35,11.38,10.48,114003,448534896.0,8.54,7.69,0.81,2.27
253,2016-01-20,11.21,11.67,12.25,11.21,141524,585898048.0,9.16,2.82,0.32,2.82
254,2016-01-21,11.41,12.12,12.94,11.36,169668,728307824.0,13.54,3.86,0.45,3.39
255,2016-01-22,12.25,12.04,12.44,11.53,85160,357721824.0,7.51,-0.66,-0.08,1.7
256,2016-01-25,12.15,12.46,12.88,11.96,116503,508173552.0,7.64,3.49,0.42,2.32
257,2016-01-26,12.16,11.33,12.4,11.28,100255,414953440.0,8.99,-9.07,-1.13,2.0
258,2016-01-27,11.47,12.24,12.27,11.13,133807,543611632.0,10.06,8.03,0.91,2.67
259,2016-01-28,11.87,12.32,12.76,11.87,166203,723627072.0,7.27,0.65,0.08,3.32
260,2016-01-29,12.0,12.52,12.76,11.51,113571,487968176.0,10.15,1.62,0.2,2.27
261,2016-02-01,12.42,12.94,13.55,12.29,140268,639036896.0,10.06,3.35,0.42,2.8
262,2016-02-02,12.94,13.18,13.3,12.64,95478,433577168.0,5.1,1.85,0.24,1.91
263,2016-02-03,12.94,12.94,13.43,12.61,94217,428192352.0,6.22,-1.82,-0.24,1.88
264,2016-02-04,12.94,12.86,13.36,12.76,82363,372209040.0,4.64,-0.62,-0.08,1.64
265,2016-02-05,13.01,12.55,13.01,12.54,59122,261441015.0,3.65,-2.41,-0.31,1.18
266,2016-02-15,12.25,12.6,12.83,12.13,49673,216824125.0,5.58,0.4,0.05,0.99
267,2016-02-16,12.67,13.22,13.3,12.67,88766,402530208.0,5.0,4.92,0.62,1.77
268,2016-02-17,13.21,13.1,13.3,12.79,94974,429796192.0,3.86,-0.91,-0.12,1.9
269,2016-02-18,13.15,13.58,14.21,13.05,178781,844280432.0,8.85,3.66,0.48,3.57
270,2016-02-19,13.44,13.47,13.71,13.33,91602,429727616.0,2.8,-0.81,-0.11,1.83
271,2016-02-22,13.62,13.47,13.88,13.4,90307,425925792.0,3.56,0.0,0.0,1.8
272,2016-02-23,13.47,13.05,13.48,12.79,92622,420537216.0,5.12,-3.12,-0.42,1.85
273,2016-02-24,12.99,13.15,13.2,12.75,72718,328036160.0,3.45,0.77,0.1,1.45
274,2016-02-25,13.08,11.74,13.12,11.7,111038,480518928.0,10.8,-10.72,-1.41,2.22
275,2016-02-26,11.93,12.04,12.32,11.85,88798,375558368.0,4.0,2.56,0.3,1.77
276,2016-02-29,11.8,11.45,11.87,10.99,85200,341468672.0,7.31,-4.9,-0.59,1.7
277,2016-03-01,11.33,11.77,11.95,11.13,76490,310226416.0,7.16,2.79,0.32,1.53
278,2016-03-02,11.86,12.28,12.54,11.67,76484,327895296.0,7.39,4.33,0.51,1.53
279,2016-03-03,12.3,12.35,12.66,12.18,70321,306061632.0,3.91,0.57,0.07,1.4
280,2016-03-04,12.29,11.85,12.43,11.7,50125,211786053.0,5.91,-4.05,-0.5,1.0
281,2016-03-07,11.9,11.63,12.29,11.58,59727,250335315.0,5.99,-1.86,-0.22,1.19
282,2016-03-08,11.64,11.76,11.76,11.12,60447,243010071.0,5.5,1.12,0.13,1.21
283,2016-03-09,11.32,11.96,12.21,11.29,76609,321981008.0,7.82,1.7,0.2,1.53
284,2016-03-10,11.91,11.61,12.06,11.46,50324,206113756.0,5.02,-2.93,-0.35,1.0
285,2016-03-11,11.51,11.79,11.9,11.35,38669,159981066.0,4.74,1.55,0.18,0.77
286,2016-03-14,11.93,12.1,12.36,11.9,53254,226853611.0,3.9,2.63,0.31,1.06
287,2016-03-15,12.04,12.06,12.22,11.9,30112,127387146.0,2.64,-0.33,-0.04,0.6
288,2016-03-16,12.18,11.93,12.23,11.76,26745,112582750.0,3.9,-1.08,-0.13,0.53
289,2016-03-17,11.92,12.28,12.35,11.91,54110,230949496.0,3.69,2.93,0.35,1.08
290,2016-03-18,12.38,12.46,12.76,12.28,111077,486361056.0,3.91,1.47,0.18,2.22
291,2016-03-21,12.61,12.44,12.81,12.23,219791,954940112.0,4.65,-0.16,-0.02,4.39
292,2016-03-22,12.31,12.51,12.59,12.15,120452,520933488.0,3.54,0.56,0.07,2.4
293,2016-03-23,12.49,12.29,12.63,12.11,89726,387854560.0,4.16,-1.76,-0.22,1.79
294,2016-03-24,12.12,12.07,12.39,12.03,66171,283332016.0,2.93,-1.79,-0.22,1.32
295,2016-03-25,12.04,12.15,12.3,12.04,38792,165270856.0,2.15,0.66,0.08,0.77
296,2016-03-28,12.21,12.33,12.67,12.2,125017,544447536.0,3.87,1.48,0.18,2.49
297,2016-03-29,12.33,12.6,12.63,12.16,96305,419310576.0,3.81,2.19,0.27,1.92
298,2016-03-30,12.69,12.98,13.02,12.47,135215,601594304.0,4.37,3.02,0.38,2.7
299,2016-03-31,12.99,12.73,13.01,12.67,81927,365112016.0,2.62,-1.93,-0.25,1.63
300,2016-04-01,12.7,12.54,12.79,12.44,51418,225558318.0,2.75,-1.49,-0.19,1.03
301,2016-04-05,12.55,12.88,12.93,12.52,67247,299588240.0,3.27,2.71,0.34,1.34
302,2016-04-06,12.81,13.02,13.03,12.75,60317,271049184.0,2.17,1.09,0.14,1.2
303,2016-04-07,13.03,12.63,13.07,12.63,55135,246269510.0,3.38,-3.0,-0.39,1.1
304,2016-04-08,12.56,12.46,12.57,12.35,43111,187898165.0,1.74,-1.35,-0.17,0.86
305,2016-04-11,12.62,12.39,12.83,12.35,200502,876293152.0,3.85,-0.56,-0.07,4.0
306,2016-04-12,12.47,12.46,12.56,12.4,74094,323312992.0,1.29,0.56,0.07,1.48
307,2016-04-13,12.5,12.54,12.73,12.42,101498,446892272.0,2.49,0.64,0.08,2.03
308,2016-04-14,12.56,12.88,12.89,12.51,82867,367151376.0,3.03,2.71,0.34,1.65
309,2016-04-15,12.86,12.8,12.89,12.65,61180,272558416.0,1.86,-0.62,-0.08,1.22
310,2016-04-18,12.72,12.39,12.72,12.38,67422,293888720.0,2.66,-3.2,-0.41,1.35
311,2016-04-19,12.46,12.57,12.66,12.28,76540,332914672.0,3.07,1.45,0.18,1.53
312,2016-04-20,12.57,12.4,12.87,11.96,133074,583149280.0,7.24,-1.35,-0.17,2.66
313,2016-04-21,12.32,12.36,12.68,12.29,48129,210530957.0,3.15,-0.32,-0.04,0.96
314,2016-04-22,12.22,12.55,12.56,12.15,26061,112664339.0,3.32,1.54,0.19,0.52
315,2016-04-25,12.57,12.86,13.08,12.56,104084,464538672.0,4.14,2.47,0.31,2.08
316,2016-04-26,12.84,12.94,13.04,12.8,50317,226599575.0,1.87,0.62,0.08,1.0
317,2016-04-27,12.96,13.2,13.41,12.96,81118,373285552.0,3.48,2.01,0.26,1.62
318,2016-04-28,13.4,13.2,13.4,12.94,74387,340432656.0,3.48,0.0,0.0,1.48
319,2016-04-29,13.27,13.5,13.61,13.21,101225,470594016.0,3.03,2.27,0.3,2.02
320,2016-05-03,13.41,14.52,14.62,13.38,163711,801972896.0,9.19,7.56,1.02,3.27
321,2016-05-04,14.47,14.14,14.65,14.11,89455,443578800.0,3.72,-2.62,-0.38,1.78
322,2016-05-05,14.08,14.24,14.46,14.07,60050,294942016.0,2.76,0.71,0.1,1.2
323,2016-05-06,14.21,13.56,14.4,13.48,92144,441776928.0,6.46,-4.78,-0.68,1.84
324,2016-05-09,13.53,13.59,14.0,13.14,100906,476113056.0,6.34,0.22,0.03,2.01
325,2016-05-10,13.59,14.13,14.29,13.4,92373,446553136.0,6.55,3.97,0.54,1.84
326,2016-05-11,14.17,14.69,15.09,14.1,122792,621907680.0,7.01,3.96,0.56,2.45
327,2016-05-12,14.46,14.61,14.97,14.21,87142,435855696.0,5.17,-0.54,-0.08,1.74
328,2016-05-13,14.53,14.08,14.75,14.01,103202,508415856.0,5.07,-3.63,-0.53,2.06
329,2016-05-16,13.92,14.32,14.32,13.92,65810,322163584.0,2.84,1.7,0.24,1.31
330,2016-05-17,14.32,14.39,14.74,14.01,83875,414539280.0,5.1,0.49,0.07,1.67
331,2016-05-18,14.27,13.88,14.27,13.72,81476,390655424.0,3.82,-3.54,-0.51,1.63
332,2016-05-19,13.79,13.82,14.1,13.79,40602,195612804.0,2.23,-0.43,-0.06,0.81
333,2016-05-20,13.72,14.13,14.14,13.61,47638,229698913.0,3.84,2.24,0.31,0.95
334,2016-05-23,14.24,14.54,14.69,14.21,68947,342619440.0,3.4,2.9,0.41,1.38
335,2016-05-24,14.52,14.62,15.01,14.4,86685,437516880.0,4.2,0.55,0.08,1.73
336,2016-05-25,14.56,14.53,15.07,14.43,79813,405140016.0,4.38,-0.62,-0.09,1.59
337,2016-05-26,14.47,14.94,14.99,13.97,67338,334065984.0,7.02,2.82,0.41,1.34
338,2016-05-27,14.78,14.77,15.2,14.69,58083,297088672.0,3.41,-1.14,-0.17,1.16
339,2016-05-30,14.56,13.94,14.56,13.85,133552,649036000.0,4.81,-5.62,-0.83,2.66
340,2016-05-31,13.93,14.41,14.45,13.89,128975,631027760.0,4.02,3.37,0.47,2.57
341,2016-06-01,14.53,14.73,14.88,14.47,91046,459435376.0,2.85,2.22,0.32,1.82
342,2016-06-02,14.75,14.49,14.79,14.33,91179,454167392.0,3.12,-1.63,-0.24,1.82
343,2016-06-03,14.44,14.5,14.62,14.17,84500,418868784.0,3.11,0.07,0.01,1.69
344,2016-06-06,14.56,14.68,14.81,14.43,93894,473060064.0,2.62,1.24,0.18,1.87
345,2016-06-07,14.67,14.42,14.67,14.27,96026,295245664.0,2.72,-1.77,-0.26,1.2
346,2016-06-08,14.42,13.97,14.43,13.89,114049,343962608.0,3.74,-3.12,-0.45,1.42
347,2016-06-13,13.8,13.63,14.11,13.53,113265,335633344.0,4.15,-2.43,-0.34,1.41
348,2016-06-14,13.58,13.71,13.86,13.58,52255,153559462.0,2.05,0.59,0.08,0.65
349,2016-06-15,13.69,14.04,14.18,13.56,105234,315116896.0,4.52,2.41,0.33,1.31
350,2016-06-16,14.01,13.83,14.14,13.71,105050,312158128.0,3.06,-1.5,-0.21,1.31
351,2016-06-17,13.81,13.97,14.21,13.69,106373,319991328.0,3.76,1.01,0.14,1.33
352,2016-06-20,13.91,13.68,13.97,13.59,106941,314298496.0,2.72,-2.08,-0.29,1.33
353,2016-06-21,13.76,13.57,13.89,13.45,109659,321949616.0,3.22,-0.8,-0.11,1.37
354,2016-06-22,13.48,13.74,13.8,13.48,80435,236209534.0,2.36,1.25,0.17,1.0
355,2016-06-23,13.76,13.95,14.08,13.66,99388,295606624.0,3.06,1.53,0.21,1.24
356,2016-06-24,13.95,14.01,14.12,13.58,102931,307151296.0,3.87,0.43,0.06,1.28
357,2016-06-27,13.95,14.27,14.27,13.85,100865,305392096.0,3.0,1.86,0.26,1.26
358,2016-06-28,14.24,14.76,14.96,14.15,189921,593786880.0,5.68,3.43,0.49,2.37
359,2016-06-29,14.8,14.8,15.28,14.78,169784,541359232.0,3.39,0.27,0.04,2.12
360,2016-06-30,14.83,14.73,15.09,14.67,93975,298038416.0,2.84,-0.47,-0.07,1.17
361,2016-07-01,14.79,14.9,15.13,14.73,87888,279586544.0,2.72,1.15,0.17,1.1
362,2016-07-04,14.87,15.37,15.54,14.83,125449,409191056.0,4.77,3.15,0.47,1.56
363,2016-07-05,15.36,15.13,15.6,15.04,121125,391946432.0,3.64,-1.56,-0.24,1.51
364,2016-07-06,15.04,15.41,15.45,14.83,129322,416447408.0,4.1,1.85,0.28,1.61
365,2016-07-07,15.29,15.31,15.6,15.22,110632,361371632.0,2.47,-0.65,-0.1,1.38
366,2016-07-08,15.22,15.07,15.34,15.04,69313,223394394.0,1.96,-1.57,-0.24,0.86
367,2016-07-11,15.01,14.85,15.16,14.83,114178,364112928.0,2.19,-1.46,-0.22,1.42
368,2016-07-12,14.85,15.34,15.37,14.62,138175,441930768.0,5.05,3.3,0.49,1.72
369,2016-07-13,15.49,15.19,15.54,15.12,99967,325160000.0,2.74,-0.98,-0.15,1.25
370,2016-07-14,15.17,15.74,15.88,15.05,198838,658636160.0,5.46,3.62,0.55,2.48
371,2016-07-15,15.72,15.77,15.89,15.6,82992,276538064.0,1.84,0.19,0.03,1.03
372,2016-07-18,15.71,15.98,16.45,15.61,142604,484999616.0,5.33,1.33,0.21,1.78
373,2016-07-19,16.21,15.77,16.21,15.58,98625,330830704.0,3.94,-1.31,-0.21,1.23
374,2016-07-20,15.77,15.76,16.05,15.65,66413,222801831.0,2.54,-0.06,-0.01,0.83
375,2016-07-21,15.65,15.84,16.01,15.61,68345,229231214.0,2.54,0.51,0.08,0.85
376,2016-07-22,17.04,16.81,17.56,16.47,317976,1137859872.0,6.88,6.12,0.97,3.96
377,2016-07-25,16.78,17.6,18.05,16.64,240185,885647248.0,8.39,4.7,0.79,2.99
378,2016-07-26,17.49,18.06,18.14,17.25,174236,647223232.0,5.06,2.61,0.46,2.17
379,2016-07-27,18.05,17.76,18.46,17.39,259547,974987216.0,5.92,-1.66,-0.3,3.24
380,2016-07-28,17.76,18.68,19.04,17.6,292987,1137531664.0,8.11,5.18,0.92,3.65
381,2016-07-29,18.53,18.33,18.71,18.22,139444,538145680.0,2.62,-1.87,-0.35,1.74
382,2016-08-01,18.17,17.46,18.17,17.4,150947,560001376.0,4.2,-4.75,-0.87,1.88
383,2016-08-02,17.6,17.77,17.93,17.35,124601,461727072.0,3.32,1.78,0.31,1.55
384,2016-08-03,17.76,18.68,18.95,17.54,235836,909759360.0,7.93,5.12,0.91,2.94
385,2016-08-04,18.46,18.36,18.81,18.16,149222,576496656.0,3.48,-1.71,-0.32,1.86
386,2016-08-05,18.23,18.48,18.83,18.23,134061,520790384.0,3.27,0.65,0.12,1.67
387,2016-08-08,18.31,18.64,18.88,17.92,175626,682420704.0,5.19,0.87,0.16,2.19
388,2016-08-09,18.64,18.98,19.2,18.43,171887,680098224.0,4.13,1.82,0.34,2.14
389,2016-08-10,18.78,19.38,19.63,18.67,201976,815275056.0,5.06,2.11,0.4,2.52
390,2016-08-11,19.29,18.5,19.54,18.48,166439,659136352.0,5.47,-4.54,-0.88,2.08
391,2016-08-12,18.43,18.22,18.63,17.95,200611,765158880.0,3.68,-1.51,-0.28,2.5
392,2016-08-15,18.12,18.35,18.45,18.01,194013,742162896.0,2.41,0.71,0.13,2.42
393,2016-08-16,18.31,18.19,18.55,18.15,138821,532060144.0,2.18,-0.87,-0.16,1.73
394,2016-08-17,18.19,18.49,18.8,18.12,179282,694699840.0,3.74,1.65,0.3,2.24
395,2016-08-18,18.36,17.91,18.36,17.76,224426,846351152.0,3.24,-3.14,-0.58,2.8
396,2016-08-19,18.01,17.87,18.2,17.83,113769,429304176.0,2.07,-0.22,-0.04,1.42
397,2016-08-22,17.99,18.46,18.56,17.79,203548,781503872.0,4.31,3.3,0.59,2.54
398,2016-08-23,18.41,18.53,18.78,18.28,141037,548553856.0,2.71,0.38,0.07,1.76
399,2016-08-24,18.45,18.07,18.62,18.01,110481,423457456.0,3.29,-2.48,-0.46,1.38
400,2016-08-25,17.96,17.85,17.96,17.66,76791,287088208.0,1.66,-1.22,-0.22,0.96
401,2016-08-26,17.91,18.03,18.4,17.82,94725,360138192.0,3.25,1.01,0.18,1.18
402,2016-08-29,18.4,18.88,19.13,18.4,217561,856526560.0,4.05,4.71,0.85,2.71
403,2016-08-30,18.68,18.83,19.14,18.67,109278,430474896.0,2.49,-0.26,-0.05,1.36
404,2016-08-31,18.82,18.78,18.98,18.68,93340,366977904.0,1.59,-0.27,-0.05,1.16
405,2016-09-01,18.83,18.77,18.94,18.58,89503,351894576.0,1.92,-0.05,-0.01,1.12
406,2016-09-02,18.69,17.86,18.75,17.81,244434,925858944.0,5.01,-4.85,-0.91,3.05
407,2016-09-05,17.94,17.92,18.09,17.76,79448,298575360.0,1.85,0.34,0.06,0.99
408,2016-09-06,17.92,17.99,18.05,17.78,61911,232972888.0,1.51,0.39,0.07,0.77
409,2016-09-07,17.96,17.81,18.19,17.74,112645,423411824.0,2.5,-1.0,-0.18,1.4
410,2016-09-08,17.81,17.72,17.81,17.6,83371,309610704.0,1.18,-0.51,-0.09,1.04
411,2016-09-09,17.78,17.77,17.96,17.71,69597,260130520.0,1.41,0.28,0.05,0.87
412,2016-09-12,17.36,16.92,17.58,16.88,168230,609243504.0,3.94,-4.78,-0.85,2.1
413,2016-09-13,17.09,17.11,17.23,16.99,70558,254090107.0,1.42,1.12,0.19,0.88
414,2016-09-14,17.04,16.81,17.17,16.69,75307,268079695.0,2.81,-1.75,-0.3,0.94
415,2016-09-19,16.81,17.23,17.28,16.81,63112,227127857.0,2.8,2.5,0.42,0.79
416,2016-09-20,17.23,17.38,17.54,17.1,55577,203151574.0,2.55,0.87,0.15,0.69
417,2016-09-21,17.26,17.28,17.47,17.24,45140,164870610.0,1.32,-0.58,-0.1,0.56
418,2016-09-22,17.33,17.51,17.77,17.33,91802,339167280.0,2.55,1.33,0.23,1.14
419,2016-09-23,17.5,17.41,17.75,17.41,55738,206239963.0,1.94,-0.57,-0.1,0.69
420,2016-09-26,17.32,17.09,17.5,17.0,61681,222925232.0,2.87,-1.84,-0.32,0.77
421,2016-09-27,17.09,17.11,17.13,16.78,44007,157254611.0,2.05,0.12,0.02,0.55
422,2016-09-28,17.12,17.22,17.22,16.96,33989,122229090.0,1.52,0.64,0.11,0.42
423,2016-09-29,17.21,17.61,17.71,17.18,80991,299158304.0,3.08,2.26,0.39,1.01
424,2016-09-30,17.51,17.9,17.98,17.51,85768,321295856.0,2.67,1.65,0.29,1.07
425,2016-10-10,18.05,18.01,18.06,17.81,92609,348919312.0,1.4,0.61,0.11,1.15
426,2016-10-11,17.96,18.04,18.12,17.79,62451,235301127.0,1.83,0.17,0.03,0.78
427,2016-10-12,18.08,18.06,18.32,18.0,61158,232845243.0,1.77,0.11,0.02,0.76
428,2016-10-13,18.08,17.78,18.21,17.77,54373,204218567.0,2.44,-1.55,-0.28,0.68
429,2016-10-14,17.7,17.89,17.95,17.68,37492,140212129.0,1.52,0.62,0.11,0.47
430,2016-10-17,17.88,17.45,17.96,17.45,65025,241355526.0,2.85,-2.46,-0.44,0.81
431,2016-10-18,17.29,17.55,17.59,17.29,56716,208557111.0,1.72,0.57,0.1,0.71
432,2016-10-19,17.54,17.3,17.56,17.21,79450,289829248.0,1.99,-1.42,-0.25,0.99
433,2016-10-20,17.31,17.24,17.44,17.14,67802,246840696.0,1.73,-0.35,-0.06,0.84
434,2016-10-21,17.24,17.17,17.31,17.03,69009,248824065.0,1.62,-0.41,-0.07,0.86
435,2016-10-24,17.14,17.79,17.79,17.12,118460,437834064.0,3.9,3.61,0.62,1.47
436,2016-10-25,17.75,17.67,17.82,17.58,53520,198683378.0,1.35,-0.67,-0.12,0.67
437,2016-10-26,17.68,17.72,17.89,17.5,57008,212209678.0,2.21,0.28,0.05,0.71
438,2016-10-27,17.6,17.28,17.65,17.19,81127,295912000.0,2.6,-2.48,-0.44,1.01
439,2016-10-28,17.25,17.17,17.39,17.17,43699,158615234.0,1.27,-0.64,-0.11,0.54
440,2016-10-31,17.14,17.23,17.27,17.05,48423,175064272.0,1.28,0.35,0.06,0.6
441,2016-11-01,17.23,17.47,17.53,17.11,57674,210618617.0,2.44,1.39,0.24,0.72
442,2016-11-02,17.5,17.32,17.58,17.24,54521,199561204.0,1.95,-0.86,-0.15,0.68
443,2016-11-03,17.22,17.25,17.38,17.19,35129,127751769.0,1.1,-0.4,-0.07,0.44
444,2016-11-04,17.25,17.19,17.42,17.15,38101,138471334.0,1.57,-0.35,-0.06,0.47
445,2016-11-07,17.2,16.77,17.23,16.73,100437,357887776.0,2.91,-2.44,-0.42,1.25
446,2016-11-08,16.88,17.08,17.12,16.83,67814,243785756.0,1.73,1.85,0.31,0.84
447,2016-11-09,17.04,17.05,17.14,16.89,37690,135440387.0,1.46,-0.18,-0.03,0.47
448,2016-11-10,17.14,17.34,17.36,17.14,51502,187340114.0,1.29,1.7,0.29,0.64
449,2016-11-11,17.33,17.08,17.39,16.99,49964,180149155.0,2.31,-1.5,-0.26,0.62
450,2016-11-14,17.07,16.91,17.07,16.83,67743,241799902.0,1.41,-1.0,-0.17,0.84
451,2016-11-15,16.91,17.01,17.03,16.81,42014,150123430.0,1.3,0.59,0.1,0.52
452,2016-11-16,17.01,16.95,17.14,16.88,50144,179671343.0,1.53,-0.35,-0.06,0.62
453,2016-11-17,16.95,16.86,16.98,16.78,40864,145325825.0,1.18,-0.53,-0.09,0.51
454,2016-11-18,16.79,16.81,16.93,16.77,43052,152781212.0,0.95,-0.3,-0.05,0.54
455,2016-11-21,16.81,16.77,16.91,16.68,49251,174380256.0,1.37,-0.24,-0.04,0.61
456,2016-11-22,16.78,16.66,16.8,16.57,85583,301237280.0,1.37,-0.66,-0.11,1.06
457,2016-11-23,16.66,16.76,16.77,16.58,73879,260015875.0,1.14,0.6,0.1,0.92
458,2016-11-24,16.73,16.62,16.74,16.55,62700,219871347.0,1.13,-0.84,-0.14,0.78
459,2016-11-25,16.63,16.57,16.68,16.29,61188,212225075.0,2.35,-0.3,-0.05,0.76
460,2016-11-28,16.64,16.95,17.04,16.57,112638,400542816.0,2.84,2.29,0.38,1.4
461,2016-11-29,16.94,17.06,17.23,16.86,103465,373346640.0,2.18,0.65,0.11,1.29
462,2016-11-30,17.09,16.88,17.13,16.84,41305,147333690.0,1.7,-1.06,-0.18,0.51
463,2016-12-01,17.03,16.83,17.03,16.75,44448,157663107.0,1.66,-0.3,-0.05,0.55
464,2016-12-02,16.76,16.52,16.83,16.5,44811,157094023.0,1.96,-1.84,-0.31,0.56
465,2016-12-05,16.42,16.6,16.82,16.37,35440,124621753.0,2.72,0.48,0.08,0.44
466,2016-12-06,16.6,16.76,16.82,16.59,25686,90615431.0,1.39,0.96,0.16,0.32
467,2016-12-07,16.76,16.88,16.95,16.66,34411,122260803.0,1.73,0.72,0.12,0.43
468,2016-12-08,16.96,16.98,17.15,16.86,59343,212918647.0,1.72,0.59,0.1,0.74
469,2016-12-09,16.98,16.8,17.15,16.78,48604,174163486.0,2.18,-1.06,-0.18,0.6
470,2016-12-12,16.8,16.2,16.81,16.0,83029,285223472.0,4.82,-3.57,-0.6,1.03
471,2016-12-13,16.07,16.22,16.28,16.04,44273,151477872.0,1.48,0.12,0.02,0.55
472,2016-12-14,16.17,16.16,16.29,16.07,29933,102481222.0,1.36,-0.37,-0.06,0.37
473,2016-12-15,16.09,16.08,16.26,16.0,30755,104858827.0,1.61,-0.5,-0.08,0.38
474,2016-12-16,16.06,16.58,16.61,16.02,48075,166939556.0,3.67,3.11,0.5,0.6
475,2016-12-19,16.58,16.89,17.01,16.48,61543,218895217.0,3.2,1.87,0.31,0.77
476,2016-12-20,16.88,16.89,16.9,16.59,37113,131023876.0,1.84,0.0,0.0,0.46
477,2016-12-21,16.93,16.87,17.0,16.76,31052,110323960.0,1.42,-0.12,-0.02,0.39
478,2016-12-22,16.88,16.93,16.97,16.68,35562,126258249.0,1.72,0.36,0.06,0.44
479,2016-12-23,16.93,16.64,16.93,16.63,21314,75216346.0,1.77,-1.71,-0.29,0.27
480,2016-12-26,16.64,16.96,17.04,16.56,47101,167753987.0,2.88,1.92,0.32,0.59
481,2016-12-27,16.89,16.81,17.14,16.73,49273,175853066.0,2.42,-0.88,-0.15,0.61
482,2016-12-28,16.76,16.73,16.84,16.71,21291,75273031.0,0.77,-0.48,-0.08,0.26
483,2016-12-29,16.63,16.58,16.76,16.54,28746,100666443.0,1.32,-0.9,-0.15,0.36
484,2016-12-30,16.55,16.96,17.03,16.55,71036,252773183.0,2.9,2.29,0.38,0.88
485,2017-01-03,16.96,16.99,17.07,16.79,54260,193466656.0,1.65,0.18,0.03,0.68
486,2017-01-04,16.98,17.0,17.19,16.83,58072,208311414.0,2.12,0.06,0.01,0.72
487,2017-01-05,16.94,17.09,17.27,16.92,62190,224210129.0,2.06,0.53,0.09,0.77
488,2017-01-06,17.08,16.96,17.19,16.83,55991,200626711.0,2.11,-0.76,-0.13,0.7
489,2017-01-09,16.88,16.78,16.98,16.71,44001,156173692.0,1.59,-1.06,-0.18,0.55
490,2017-01-10,16.78,16.83,16.83,16.73,27554,97552098.0,0.6,0.3,0.05,0.34
491,2017-01-11,16.78,16.58,16.82,16.58,30164,105976623.0,1.43,-1.49,-0.25,0.38
492,2017-01-12,16.58,16.4,16.66,16.38,29365,102247651.0,1.69,-1.09,-0.18,0.37
493,2017-01-13,16.45,16.06,16.51,16.05,39785,136502846.0,2.8,-2.07,-0.34,0.5
494,2017-01-16,16.03,15.72,16.14,15.53,58492,196006520.0,3.8,-2.12,-0.34,0.73
495,2017-01-17,15.7,15.82,15.99,15.66,37528,125813837.0,2.1,0.64,0.1,0.47
496,2017-01-18,15.83,15.78,15.97,15.77,36617,123200550.0,1.26,-0.25,-0.04,0.46
497,2017-01-19,15.65,15.71,15.85,15.64,29625,98736484.0,1.33,-0.44,-0.07,0.37
498,2017-01-20,15.71,15.89,15.95,15.71,25971,87292829.0,1.53,1.15,0.18,0.32
499,2017-01-23,15.9,15.94,16.05,15.87,36282,122607435.0,1.13,0.31,0.05,0.45
500,2017-01-24,15.94,15.84,15.98,15.73,25393,85251862.0,1.57,-0.63,-0.1,0.32
501,2017-01-25,15.88,16.0,16.0,15.81,34564,116590045.0,1.2,1.01,0.16,0.43
502,2017-01-26,16.01,16.26,16.3,15.99,46119,157853834.0,1.94,1.63,0.26,0.57
503,2017-02-03,16.23,16.26,16.34,16.12,24466,84004874.0,1.35,0.0,0.0,0.3
504,2017-02-06,16.22,16.58,16.66,16.17,57420,200249754.0,3.01,1.97,0.32,0.71
505,2017-02-07,16.58,16.45,16.6,16.41,35123,122446335.0,1.15,-0.78,-0.13,0.44
506,2017-02-08,16.56,16.54,16.64,16.45,28668,100118423.0,1.16,0.55,0.09,0.36
507,2017-02-09,16.54,16.61,16.69,16.48,57942,202970485.0,1.27,0.42,0.07,0.72
508,2017-02-10,16.68,16.42,16.68,16.31,49590,172015709.0,2.23,-1.14,-0.19,0.62
509,2017-02-13,16.46,16.82,16.92,16.37,73871,260120452.0,3.35,2.44,0.4,0.92
510,2017-02-14,16.8,16.65,16.81,16.58,46604,163867132.0,1.37,-1.01,-0.17,0.58
511,2017-02-15,16.67,16.79,17.12,16.65,105031,375268464.0,2.82,0.84,0.14,1.31
512,2017-02-16,16.84,16.89,17.08,16.76,61628,219675424.0,1.91,0.6,0.1,0.77
513,2017-02-17,16.83,16.61,16.95,16.53,42940,151098950.0,2.49,-1.66,-0.28,0.53
514,2017-02-20,16.59,16.8,16.82,16.59,37471,132078107.0,1.38,1.14,0.19,0.47
515,2017-02-21,16.87,16.85,16.88,16.68,43679,154470435.0,1.19,0.3,0.05,0.54
516,2017-02-22,16.85,16.72,17.04,16.68,59442,210831387.0,2.14,-0.77,-0.13,0.74
517,2017-02-23,16.72,16.99,17.12,16.51,129238,460239632.0,3.65,1.61,0.27,1.61
518,2017-02-24,17.08,17.31,17.75,17.07,165703,608016208.0,4.0,1.88,0.32,2.06
519,2017-02-27,17.23,17.49,17.67,17.17,145897,537715120.0,2.89,1.04,0.18,1.82
520,2017-02-28,17.46,17.44,17.58,17.24,50381,183969853.0,1.94,-0.29,-0.05,0.63
521,2017-03-01,17.35,17.36,17.53,17.3,38329,140232169.0,1.32,-0.46,-0.08,0.48
522,2017-03-02,17.36,17.58,17.66,17.26,77400,284981792.0,2.3,1.27,0.22,0.96
523,2017-03-03,17.52,17.62,17.73,17.47,59938,222089291.0,1.48,0.23,0.04,0.75
524,2017-03-06,17.62,17.62,17.65,17.51,46095,170365319.0,0.79,0.0,0.0,0.57
525,2017-03-07,17.6,17.44,17.6,17.33,59147,217203465.0,1.53,-1.02,-0.18,0.74
526,2017-03-08,17.41,17.32,17.41,17.19,43231,157336844.0,1.26,-0.69,-0.12,0.54
527,2017-03-09,17.29,17.15,17.29,17.08,37606,135910963.0,1.21,-0.98,-0.17,0.47
528,2017-03-10,17.09,17.04,17.28,17.03,55537,200419373.0,1.46,-0.64,-0.11,0.69
529,2017-03-13,17.08,17.31,17.55,17.05,75476,275408592.0,2.93,1.58,0.27,0.94
530,2017-03-14,17.39,17.27,17.39,17.07,51346,185759634.0,1.85,-0.23,-0.04,0.64
531,2017-03-15,17.28,17.09,17.28,17.0,53399,192267731.0,1.62,-1.04,-0.18,0.66
532,2017-03-16,17.1,17.2,17.24,17.05,33726,121714409.0,1.11,0.64,0.11,0.42
533,2017-03-17,17.17,16.93,17.2,16.91,40967,147331990.0,1.69,-1.57,-0.27,0.51
534,2017-03-20,16.86,17.36,17.39,16.81,74565,269200176.0,3.43,2.54,0.43,0.93
535,2017-03-21,17.35,17.55,17.63,17.27,96482,354887584.0,2.07,1.09,0.19,1.2
536,2017-03-22,17.48,17.54,17.65,17.29,77517,284988848.0,2.05,-0.06,-0.01,0.96
537,2017-03-23,17.65,17.62,17.98,17.59,128150,478451248.0,2.22,0.46,0.08,1.6
538,2017-03-24,17.68,17.76,17.97,17.68,87868,328674400.0,1.65,0.79,0.14,1.09
539,2017-03-27,17.73,17.23,17.73,17.22,83723,306172576.0,2.87,-2.98,-0.53,1.04
540,2017-03-28,17.2,17.2,17.42,17.14,35674,129519108.0,1.63,-0.17,-0.03,0.44
541,2017-03-29,17.27,17.25,17.36,17.06,35306,128122902.0,1.74,0.29,0.05,0.44
542,2017-03-30,17.19,17.03,17.35,17.02,43658,157384583.0,1.91,-1.28,-0.22,0.54
543,2017-03-31,17.0,16.99,17.14,16.91,48756,174647970.0,1.35,-0.23,-0.04,0.61
544,2017-04-05,16.98,17.22,17.35,16.92,65970,238640820.0,2.53,1.35,0.23,0.82
545,2017-04-06,17.19,17.12,17.34,17.03,61665,222978426.0,1.8,-0.58,-0.1,0.77
546,2017-04-07,17.23,16.9,17.23,16.86,87738,313287824.0,2.16,-1.29,-0.22,1.09
547,2017-04-10,16.96,16.98,17.11,16.88,62345,223143964.0,1.36,0.47,0.08,0.78
548,2017-04-11,17.0,16.91,17.02,16.55,76188,269404752.0,2.77,-0.41,-0.07,0.95
549,2017-04-12,16.82,16.89,17.04,16.77,32210,115056839.0,1.6,-0.12,-0.02,0.4
550,2017-04-13,16.89,16.86,16.97,16.81,25714,91545815.0,0.95,-0.18,-0.03,0.32
551,2017-04-14,16.96,16.71,16.96,16.62,31996,112815065.0,2.02,-0.89,-0.15,0.4
552,2017-04-17,16.71,16.78,16.78,16.58,50471,177545590.0,1.2,0.42,0.07,0.63
553,2017-04-18,16.78,17.04,17.08,16.63,56413,201451158.0,2.68,1.55,0.26,0.7
554,2017-04-19,16.94,16.99,17.06,16.68,38923,138926110.0,2.23,-0.29,-0.05,0.48
555,2017-04-20,16.94,17.33,17.55,16.94,123279,448833728.0,3.59,2.0,0.34,1.53
556,2017-04-21,17.37,17.27,17.57,17.22,70014,255722920.0,2.02,-0.35,-0.06,0.87
557,2017-04-24,17.24,17.08,17.24,16.87,57050,204744998.0,2.14,-1.1,-0.19,0.71
558,2017-04-25,16.98,17.08,17.2,16.96,42884,154155685.0,1.41,0.0,0.0,0.53
559,2017-04-26,17.09,17.14,17.46,17.02,71813,260642287.0,2.58,0.35,0.06,0.89
560,2017-04-27,17.26,17.14,17.41,17.09,101732,369300384.0,1.87,0.0,0.0,1.27
561,2017-04-28,17.09,17.4,17.45,17.09,87561,319336416.0,2.1,1.52,0.26,1.09
562,2017-05-02,17.35,17.26,17.47,17.17,60740,220602456.0,1.72,-0.8,-0.14,0.76
563,2017-05-03,17.27,17.11,17.39,17.02,52914,191792510.0,2.14,-0.87,-0.15,0.66
564,2017-05-04,17.09,16.96,17.21,16.94,49613,178306591.0,1.58,-0.88,-0.15,0.62
565,2017-05-05,16.94,16.96,17.03,16.75,46670,166163707.0,1.65,0.0,0.0,0.58
566,2017-05-08,16.96,16.69,17.03,16.67,40507,143575502.0,2.12,-1.59,-0.27,0.5
567,2017-05-09,16.65,16.58,16.77,16.16,65152,226452531.0,3.65,-0.66,-0.11,0.81
568,2017-05-10,16.58,16.38,16.58,16.25,85684,297204528.0,1.99,-1.21,-0.2,1.07
569,2017-05-11,16.29,16.07,16.29,15.92,73554,249994525.0,2.26,-1.89,-0.31,0.92
570,2017-05-12,16.09,16.0,16.19,15.95,36374,123480063.0,1.49,-0.44,-0.07,0.45
571,2017-05-15,16.05,16.27,16.31,15.94,46154,158009800.0,2.31,1.69,0.27,0.57
572,2017-05-16,16.2,16.67,16.71,16.04,58478,202367243.0,4.12,2.46,0.4,0.73
573,2017-05-17,16.62,16.51,16.73,16.47,36413,127546908.0,1.56,-0.96,-0.16,0.45
574,2017-05-18,16.39,16.49,16.6,16.39,23151,80693341.0,1.27,-0.12,-0.02,0.29
575,2017-05-19,16.54,16.53,16.6,16.27,31914,110770282.0,2.0,0.24,0.04,0.4
576,2017-05-22,16.46,16.48,16.66,16.43,37188,129914185.0,1.39,-0.3,-0.05,0.46
577,2017-05-23,16.48,16.54,16.66,16.39,52782,184515319.0,1.64,0.36,0.06,0.66
578,2017-05-24,16.47,16.51,16.62,16.16,34627,119950210.0,2.78,-0.18,-0.03,0.43
579,2017-05-25,16.52,16.73,16.78,16.48,39927,140376727.0,1.82,1.33,0.22,0.5
580,2017-05-26,16.73,16.77,16.98,16.69,38466,136664769.0,1.73,0.24,0.04,0.48
581,2017-05-31,16.99,16.78,17.08,16.76,33099,117706767.0,1.91,0.06,0.01,0.41
582,2017-06-01,16.83,16.83,16.97,16.76,41572,148045979.0,1.25,0.3,0.05,0.52
583,2017-06-02,16.82,16.95,16.99,16.41,49923,176245748.0,3.45,0.71,0.12,0.62
584,2017-06-05,16.99,16.83,17.12,16.74,38066,135855120.0,2.24,-0.71,-0.12,0.47
585,2017-06-06,16.87,16.86,16.94,16.78,18641,66216141.0,0.95,0.18,0.03,0.23
586,2017-06-07,16.91,17.22,17.22,16.87,53527,192626141.0,2.08,2.14,0.36,0.67
587,2017-06-08,17.15,17.45,17.68,17.14,113686,416926432.0,3.14,1.34,0.23,1.42
588,2017-06-09,17.46,17.48,17.58,17.24,68566,251363560.0,1.95,0.17,0.03,0.85
589,2017-06-12,17.48,17.28,17.85,17.23,125510,463832560.0,3.55,-1.14,-0.2,1.56
590,2017-06-13,17.44,17.54,17.64,17.24,91363,330515104.0,2.31,1.5,0.26,1.14
591,2017-06-14,17.5,17.2,17.51,17.18,53215,191477247.0,1.88,-1.94,-0.34,0.66
592,2017-06-15,17.15,17.15,17.34,17.09,47514,170015636.0,1.45,-0.29,-0.05,0.59
593,2017-06-16,17.17,17.08,17.23,16.99,53808,191795139.0,1.4,-0.41,-0.07,0.67
594,2017-06-19,17.14,17.27,17.29,17.08,58119,208185537.0,1.23,1.11,0.19,0.72
595,2017-06-20,17.28,17.16,17.37,17.14,36526,131027807.0,1.33,-0.64,-0.11,0.45
596,2017-06-21,17.19,17.3,17.35,17.04,60031,214446585.0,1.81,0.82,0.14,0.75
597,2017-06-22,17.29,17.21,17.54,17.19,134076,485039616.0,2.02,-0.52,-0.09,1.67
598,2017-06-23,17.19,17.17,17.32,16.94,68520,243984500.0,2.21,-0.23,-0.04,0.85
599,2017-06-26,17.24,17.9,17.94,17.14,236527,866037552.0,4.66,4.25,0.73,2.94
600,2017-06-27,17.91,17.76,18.04,17.64,130478,482991056.0,2.23,-0.78,-0.14,1.62
601,2017-06-28,17.76,17.71,18.03,17.65,143414,531614128.0,2.14,-0.28,-0.05,1.79
602,2017-06-29,17.66,17.63,17.81,17.39,180625,658643472.0,2.37,-0.45,-0.08,2.25
603,2017-06-30,17.55,17.55,17.62,17.4,127699,464398848.0,1.25,-0.45,-0.08,1.59
604,2017-07-03,17.57,17.43,17.67,17.27,163079,591021680.0,2.28,-0.68,-0.12,2.03
605,2017-07-04,17.39,16.92,17.39,16.83,262519,932238240.0,3.21,-2.93,-0.51,3.27
606,2017-07-05,15.86,15.11,15.91,15.11,632971,2033427152.0,4.73,-10.7,-1.81,7.88
607,2017-07-06,14.89,14.77,15.05,14.39,470579,1460931728.0,4.37,-2.25,-0.34,5.86
608,2017-07-07,14.64,14.72,14.83,14.59,159235,492397888.0,1.62,-0.34,-0.05,1.98
609,2017-07-10,14.67,14.65,14.77,14.58,120371,371957280.0,1.29,-0.48,-0.07,1.5
610,2017-07-11,14.6,14.38,14.71,14.35,153801,469949616.0,2.46,-1.84,-0.27,1.91
611,2017-07-12,14.35,14.18,14.45,14.01,161176,482159792.0,3.06,-1.39,-0.2,2.01
612,2017-07-13,14.16,14.21,14.28,14.13,98396,295299040.0,1.06,0.21,0.03,1.22
613,2017-07-14,14.21,14.15,14.25,14.02,75183,224049247.0,1.62,-0.42,-0.06,0.94
614,2017-07-17,14.02,13.23,14.08,12.94,220379,625076512.0,8.06,-6.5,-0.92,2.74
615,2017-07-18,13.24,13.22,13.38,13.05,105019,294056352.0,2.49,-0.08,-0.01,1.31
616,2017-07-19,13.19,13.27,13.32,13.03,130319,364320624.0,2.19,0.38,0.05,1.62
617,2017-07-20,13.25,13.4,13.52,13.16,108638,308393184.0,2.71,0.98,0.13,1.35
618,2017-07-21,13.39,13.37,13.48,13.31,56713,161027010.0,1.27,-0.22,-0.03,0.71
619,2017-07-24,13.38,13.21,13.41,13.15,81462,228786938.0,1.94,-1.2,-0.16,1.01
620,2017-07-25,13.22,13.4,13.57,13.22,112391,320693056.0,2.65,1.44,0.19,1.4
621,2017-07-26,13.41,13.24,13.42,13.17,74197,208771765.0,1.87,-1.19,-0.16,0.92
622,2017-07-27,13.2,13.43,13.43,13.09,88798,250415699.0,2.57,1.44,0.19,1.11
623,2017-07-28,13.43,13.37,13.55,13.37,73573,209841061.0,1.34,-0.45,-0.06,0.92
624,2017-07-31,13.37,13.42,13.44,13.19,72226,203950355.0,1.87,0.37,0.05,0.9
625,2017-08-01,13.32,13.35,13.42,13.28,47659,134730218.0,1.04,-0.52,-0.07,0.59
626,2017-08-02,13.37,13.26,13.45,13.24,57458,162335923.0,1.57,-0.67,-0.09,0.72
627,2017-08-03,13.24,13.32,13.4,13.19,81865,230875513.0,1.58,0.45,0.06,1.02
628,2017-08-04,13.32,13.33,13.45,13.23,76026,214854287.0,1.65,0.08,0.01,0.95
629,2017-08-07,13.49,13.9,13.95,13.45,203048,591757648.0,3.75,4.28,0.57,2.53
630,2017-08-08,13.91,13.71,13.91,13.63,109052,316835344.0,2.01,-1.37,-0.19,1.36
631,2017-08-09,13.78,13.82,13.94,13.72,100545,294374576.0,1.6,0.8,0.11,1.25
632,2017-08-10,13.83,13.63,13.87,13.56,78501,227483514.0,2.24,-1.37,-0.19,0.98
633,2017-08-11,13.58,13.53,13.75,13.47,66743,192586431.0,2.05,-0.73,-0.1,0.83
634,2017-08-14,13.6,13.64,13.66,13.48,64887,186547493.0,1.33,0.81,0.11,0.81
635,2017-08-15,13.6,13.55,13.69,13.48,61798,177457387.0,1.54,-0.66,-0.09,0.77
636,2017-08-16,13.51,13.64,13.68,13.5,52277,150664566.0,1.33,0.66,0.09,0.65
637,2017-08-17,13.66,13.76,13.79,13.66,66069,191876195.0,0.95,0.88,0.12,0.82
638,2017-08-18,13.71,13.67,13.74,13.61,48066,138987178.0,0.94,-0.65,-0.09,0.6
639,2017-08-21,13.53,13.28,13.55,13.22,180386,508855744.0,2.41,-2.85,-0.39,2.25
640,2017-08-22,13.25,13.22,13.28,13.17,74064,207573351.0,0.83,-0.45,-0.06,0.92
641,2017-08-23,13.22,13.26,13.29,13.19,50278,141322238.0,0.76,0.3,0.04,0.63
642,2017-08-24,13.27,13.18,13.27,13.17,39239,109993049.0,0.75,-0.6,-0.08,0.49
643,2017-08-25,13.19,13.2,13.24,13.15,60399,169132703.0,0.68,0.15,0.02,0.75
644,2017-08-28,13.19,13.31,13.32,13.19,73736,207656396.0,0.98,0.83,0.11,0.92
645,2017-08-29,13.34,13.19,13.34,13.18,83126,233369640.0,1.2,-0.9,-0.12,1.03
646,2017-08-30,13.17,13.28,13.33,13.16,72491,203651670.0,1.29,0.68,0.09,0.9
647,2017-08-31,13.24,13.3,13.33,13.19,55320,155698160.0,1.05,0.15,0.02,0.69
648,2017-09-01,13.3,13.25,13.32,13.19,60577,170252895.0,0.98,-0.38,-0.05,0.75
649,2017-09-04,13.24,13.25,13.29,13.2,51901,145902867.0,0.68,0.0,0.0,0.65
650,2017-09-05,13.27,13.37,13.41,13.21,92803,262496444.0,1.51,0.91,0.12,1.16
651,2017-09-06,13.33,13.32,13.34,13.27,54328,153243026.0,0.52,-0.37,-0.05,0.68
652,2017-09-07,13.33,13.25,13.37,13.25,54406,153606348.0,0.9,-0.53,-0.07,0.68
653,2017-09-08,13.25,13.31,13.44,13.23,107177,303069216.0,1.58,0.45,0.06,1.33
654,2017-09-11,13.37,13.29,13.41,13.26,84620,238677754.0,1.13,-0.15,-0.02,1.05
655,2017-09-12,13.29,13.05,13.34,13.02,178205,496646624.0,2.41,-1.81,-0.24,2.22
656,2017-09-13,13.16,13.18,13.23,13.08,93106,259997747.0,1.15,1.0,0.13,1.16
657,2017-09-14,13.19,13.15,13.22,13.09,64870,180992080.0,0.99,-0.23,-0.03,0.81
658,2017-09-15,13.17,13.05,13.17,12.98,81237,225049996.0,1.44,-0.76,-0.1,1.01
659,2017-09-18,13.05,12.96,13.06,12.88,123829,341179328.0,1.38,-0.69,-0.09,1.54
660,2017-09-19,12.96,12.95,13.03,12.94,56988,157167582.0,0.69,-0.08,-0.01,0.71
661,2017-09-20,12.95,12.99,13.0,12.87,67041,184377316.0,1.0,0.31,0.04,0.83
662,2017-09-21,12.99,12.93,13.07,12.93,60876,168092432.0,1.08,-0.46,-0.06,0.76
663,2017-09-22,12.93,12.88,12.99,12.87,52655,144645821.0,0.93,-0.39,-0.05,0.66
664,2017-09-25,12.89,13.07,13.14,12.87,109372,302582128.0,2.1,1.48,0.19,1.36
665,2017-09-26,13.07,12.93,13.07,12.9,53056,145921815.0,1.3,-1.07,-0.14,0.66
666,2017-09-27,12.94,12.9,13.02,12.88,61014,167493604.0,1.08,-0.23,-0.03,0.76
667,2017-09-28,12.9,12.83,12.98,12.83,59299,162519521.0,1.16,-0.54,-0.07,0.74
668,2017-09-29,12.85,12.79,12.88,12.77,64239,175024807.0,0.86,-0.31,-0.04,0.8
669,2017-10-09,12.85,13.04,13.13,12.85,110713,305785216.0,2.19,1.95,0.25,1.38
670,2017-10-10,13.02,13.5,13.53,12.99,234403,664089680.0,4.14,3.53,0.46,2.92
671,2017-10-11,13.51,13.44,13.74,13.41,188242,540821504.0,2.44,-0.44,-0.06,2.34
672,2017-10-12,13.46,13.45,13.57,13.35,85337,243255094.0,1.64,0.07,0.01,1.06
673,2017-10-13,13.45,13.43,13.52,13.32,70522,200413521.0,1.49,-0.15,-0.02,0.88
674,2017-10-16,13.5,13.23,13.53,13.17,81598,230473154.0,2.68,-1.49,-0.2,1.02
675,2017-10-17,13.25,13.16,13.34,13.12,65753,183934827.0,1.66,-0.53,-0.07,0.82
676,2017-10-18,13.24,13.58,13.58,13.14,133230,378323376.0,3.34,3.19,0.42,1.66
677,2017-10-19,13.51,13.54,13.73,13.46,140212,404383248.0,1.99,-0.29,-0.04,1.75
678,2017-10-20,13.37,13.55,13.66,13.24,107960,307488096.0,3.1,0.07,0.01,1.34
679,2017-10-23,13.56,13.85,13.85,13.55,159186,463334976.0,2.21,2.21,0.3,1.98
680,2017-10-24,13.88,14.04,14.11,13.76,194443,573671040.0,2.53,1.37,0.19,2.42
681,2017-10-25,13.93,13.93,14.11,13.87,101438,299340864.0,1.71,-0.78,-0.11,1.26
682,2017-10-26,13.91,13.82,14.01,13.76,105142,308476848.0,1.79,-0.79,-0.11,1.31
683,2017-10-27,13.78,13.82,13.89,13.73,70726,206466976.0,1.16,0.0,0.0,0.88
684,2017-10-30,13.81,13.39,13.81,13.36,97457,278525616.0,3.26,-3.11,-0.43,1.21
685,2017-10-31,13.39,13.54,13.54,13.27,56413,160208818.0,2.02,1.12,0.15,0.7
686,2017-11-01,13.54,13.34,13.54,13.34,43633,124209238.0,1.48,-1.48,-0.2,0.54
687,2017-11-02,13.3,13.47,13.49,13.16,63722,179394095.0,2.47,0.97,0.13,0.79
688,2017-11-03,13.43,13.32,13.63,13.31,53908,153739951.0,2.38,-1.11,-0.15,0.67
689,2017-11-06,13.34,13.58,13.64,13.16,79437,225301177.0,3.6,1.95,0.26,0.99
690,2017-11-07,13.56,13.85,13.85,13.48,114668,333736144.0,2.72,1.99,0.27,1.43
691,2017-11-08,13.91,13.68,14.0,13.65,96297,281334816.0,2.53,-1.23,-0.17,1.2
692,2017-11-09,13.7,13.73,13.86,13.68,57240,166623968.0,1.32,0.37,0.05,0.71
693,2017-11-10,13.76,13.86,14.0,13.71,103125,302786160.0,2.11,0.95,0.13,1.28
694,2017-11-13,13.81,14.19,14.21,13.76,150508,446060336.0,3.25,2.38,0.33,1.87
695,2017-11-14,14.26,14.53,14.72,14.21,289756,888076832.0,3.59,2.4,0.34,3.61
696,2017-11-15,14.53,14.49,14.53,14.28,113062,343815408.0,1.72,-0.28,-0.04,1.41
697,2017-11-16,14.42,14.37,14.53,14.24,81495,246446274.0,2.0,-0.83,-0.12,1.01
698,2017-11-17,14.47,14.0,14.47,13.96,127971,381879840.0,3.55,-2.57,-0.37,1.59
699,2017-11-20,14.01,14.13,14.15,13.51,89218,262396622.0,4.57,0.93,0.13,1.11
700,2017-11-21,14.06,14.11,14.28,13.87,85163,253710867.0,2.9,-0.14,-0.02,1.06
701,2017-11-22,14.09,14.47,14.49,14.05,136656,413481664.0,3.12,2.55,0.36,1.7
702,2017-11-23,14.45,13.88,14.57,13.86,113349,340604016.0,4.91,-4.08,-0.59,1.41
703,2017-11-24,13.8,14.07,14.09,13.65,88428,259149660.0,3.17,1.37,0.19,1.1
704,2017-11-27,14.06,14.14,14.34,13.92,64562,192383056.0,2.99,0.5,0.07,0.8
705,2017-11-28,14.03,14.22,14.26,13.95,64332,192340462.0,2.19,0.57,0.08,0.8
706,2017-11-29,14.28,13.9,14.31,13.72,67726,200016480.0,4.15,-2.25,-0.32,0.84
707,2017-11-30,13.82,13.68,13.99,13.62,62315,181554854.0,2.66,-1.58,-0.22,0.78
708,2017-12-01,13.6,13.6,13.79,13.55,53513,154374319.0,1.75,-0.58,-0.08,0.67
709,2017-12-04,13.59,13.21,13.59,13.19,71544,202396503.0,2.94,-2.87,-0.39,0.89
710,2017-12-05,13.22,13.4,13.47,13.09,80897,228280647.0,2.88,1.44,0.19,1.01
711,2017-12-06,13.36,13.55,13.64,13.29,46917,133455139.0,2.61,1.12,0.15,0.58
712,2017-12-07,13.45,13.49,13.69,13.4,31281,89749407.0,2.14,-0.44,-0.06,0.39
713,2017-12-08,13.52,13.49,13.6,13.44,28292,80964372.0,1.19,0.0,0.0,0.35
714,2017-12-11,13.41,13.5,13.56,13.31,52247,148577647.0,1.85,0.07,0.01,0.65
715,2017-12-12,13.46,13.28,13.5,13.27,44890,126954022.0,1.7,-1.63,-0.22,0.56
716,2017-12-13,13.24,13.34,13.36,13.19,26282,74066657.0,1.28,0.45,0.06,0.33
717,2017-12-14,13.45,13.23,13.5,13.2,41100,115877313.0,2.25,-0.82,-0.11,0.51
718,2017-12-15,13.19,13.15,13.28,13.15,31226,87525447.0,0.98,-0.6,-0.08,0.39
719,2017-12-18,13.21,13.17,13.28,13.15,22606,63341652.0,0.99,0.15,0.02,0.28
720,2017-12-19,13.17,13.16,13.24,13.12,36949,103371972.0,0.91,-0.08,-0.01,0.46
721,2017-12-20,13.17,12.78,13.2,12.77,75422,207512071.0,3.27,-2.89,-0.38,0.94
722,2017-12-21,12.75,12.54,12.8,12.43,84082,225530694.0,2.9,-1.88,-0.24,1.05
723,2017-12-22,12.72,12.83,12.91,12.68,66564,181548905.0,1.83,2.31,0.29,0.83
724,2017-12-25,12.86,12.74,12.88,12.68,38567,104841875.0,1.56,-0.7,-0.09,0.48
725,2017-12-26,12.83,12.78,12.86,12.71,30306,82368679.0,1.18,0.31,0.04,0.38
726,2017-12-27,12.82,12.73,12.87,12.7,39746,107986390.0,1.33,-0.39,-0.05,0.49
727,2017-12-28,12.69,12.48,12.75,12.39,87826,234626069.0,2.83,-1.96,-0.25,1.09
728,2017-12-29,12.51,12.62,12.62,12.47,51494,137795131.0,1.2,1.12,0.14,0.64
729,2018-01-02,12.62,13.24,13.3,12.62,115445,320779280.0,5.39,4.91,0.62,1.44
730,2018-01-03,13.24,13.65,13.73,13.24,160765,463337936.0,3.7,3.1,0.41,2.0
731,2018-01-04,13.66,13.7,13.72,13.46,93126,268027536.0,1.9,0.37,0.05,1.16
732,2018-01-05,13.65,13.5,13.65,13.43,48084,137513061.0,1.61,-1.46,-0.2,0.6
733,2018-01-08,13.53,13.43,13.64,13.29,52344,148822323.0,2.59,-0.52,-0.07,0.65
734,2018-01-09,13.44,13.53,13.59,13.4,42217,120693955.0,1.41,0.74,0.1,0.53
735,2018-01-10,13.53,13.6,13.63,13.41,64883,185808626.0,1.63,0.52,0.07,0.81
736,2018-01-11,13.56,13.46,13.61,13.44,49698,142177565.0,1.25,-1.03,-0.14,0.62
737,2018-01-12,13.5,13.19,13.51,13.17,57633,162394277.0,2.53,-2.01,-0.27,0.72
738,2018-01-15,13.25,13.02,13.49,12.99,69159,194652393.0,3.79,-1.29,-0.17,0.86
739,2018-01-16,13.07,12.87,13.07,12.84,52307,143784710.0,1.77,-1.15,-0.15,0.65
740,2018-01-17,12.88,12.99,13.02,12.73,43592,119370505.0,2.25,0.93,0.12,0.54
741,2018-01-18,12.98,12.89,12.99,12.81,50507,138391580.0,1.39,-0.77,-0.1,0.63
742,2018-01-19,12.94,12.91,13.02,12.79,38493,105659986.0,1.78,0.16,0.02,0.48
743,2018-01-22,12.92,12.84,12.98,12.78,63250,172664465.0,1.55,-0.54,-0.07,0.79
744,2018-01-23,12.94,12.83,12.94,12.77,57837,157817053.0,1.32,-0.08,-0.01,0.72
745,2018-01-24,12.83,12.8,12.86,12.67,101829,275693760.0,1.48,-0.23,-0.03,1.27
746,2018-01-25,12.77,12.78,12.9,12.72,43317,118171143.0,1.41,-0.16,-0.02,0.54
747,2018-01-26,12.81,12.93,13.02,12.77,51288,140857180.0,1.96,1.17,0.15,0.64
748,2018-01-29,13.12,13.01,13.29,12.94,103187,287697104.0,2.71,0.62,0.08,1.29
749,2018-01-30,12.95,13.06,13.21,12.95,40228,111909678.0,2.0,0.38,0.05,0.5
750,2018-01-31,12.97,12.69,13.03,12.63,60329,163758554.0,3.06,-2.83,-0.37,0.75
751,2018-02-01,12.69,12.47,12.76,12.28,84179,224127521.0,3.78,-1.73,-0.22,1.05
752,2018-02-02,12.45,12.23,12.45,12.21,66009,173527308.0,1.92,-1.92,-0.24,0.82
753,2018-02-05,12.15,11.86,12.15,11.63,78343,198838112.0,4.25,-3.03,-0.37,0.98
754,2018-02-06,11.64,11.84,11.88,11.55,60798,153252851.0,2.78,-0.17,-0.02,0.76
755,2018-02-07,11.96,11.75,12.02,11.58,36996,93499871.0,3.72,-0.76,-0.09,0.46
756,2018-02-08,11.78,11.8,11.87,11.65,28071,70834965.0,1.87,0.43,0.05,0.35
757,2018-02-09,11.55,11.62,11.87,11.28,62479,155430277.0,5.0,-1.53,-0.18,0.78
758,2018-02-12,11.69,11.83,11.88,11.6,25937,65539544.0,2.41,1.81,0.21,0.32
759,2018-02-13,11.84,11.81,11.94,11.78,23240,58974130.0,1.35,-0.17,-0.02,0.29
760,2018-02-14,11.87,11.94,12.01,11.83,19862,50700439.0,1.52,1.1,0.13,0.25
761,2018-02-22,12.04,11.97,12.11,11.96,27438,70542590.0,1.26,0.25,0.03,0.34
762,2018-02-23,12.05,12.11,12.14,11.95,36233,93282247.0,1.59,1.17,0.14,0.45
763,2018-02-26,12.17,12.39,12.46,12.06,42340,111142178.0,3.3,2.31,0.28,0.53
764,2018-02-27,12.47,12.53,12.68,12.35,46934,125688406.0,2.66,1.13,0.14,0.58
765,2018-02-28,12.58,12.61,12.69,12.48,48253,129760428.0,1.68,0.64,0.08,0.6
766,2018-03-01,12.51,12.72,12.82,12.51,39363,106377018.0,2.46,0.87,0.11,0.49
767,2018-03-02,12.62,12.83,12.93,12.58,63317,172413015.0,2.75,0.86,0.11,0.79
768,2018-03-05,12.86,13.06,13.18,12.86,68302,189523876.0,2.49,1.79,0.23,0.85
769,2018-03-06,13.17,13.39,13.43,13.04,109716,309613616.0,2.99,2.53,0.33,1.37
770,2018-03-07,13.41,13.17,13.47,13.13,69349,195536371.0,2.54,-1.64,-0.22,0.86
771,2018-03-08,13.11,13.43,13.47,13.11,70750,200727737.0,2.73,1.97,0.26,0.88
772,2018-03-09,13.48,13.4,13.48,13.27,38151,108075783.0,1.56,-0.22,-0.03,0.48
773,2018-03-12,13.45,13.44,13.58,13.37,65811,187438585.0,1.57,0.3,0.04,0.82
774,2018-03-13,13.44,13.15,13.44,13.14,48824,136915343.0,2.23,-2.16,-0.29,0.61
775,2018-03-14,13.25,13.31,13.41,13.17,62526,176589708.0,1.83,1.22,0.16,0.78
776,2018-03-15,13.31,12.92,13.31,12.83,61063,168441872.0,3.61,-2.93,-0.39,0.76
777,2018-03-16,12.86,12.89,13.11,12.86,53254,146809877.0,1.93,-0.23,-0.03,0.66
778,2018-03-19,12.97,13.29,13.31,12.85,60639,168855408.0,3.57,3.1,0.4,0.76
779,2018-03-20,13.28,13.45,13.54,13.1,80748,229604928.0,3.31,1.2,0.16,1.01
780,2018-03-21,13.57,13.29,13.57,13.28,62775,178833591.0,2.16,-1.19,-0.16,0.78
781,2018-03-22,13.29,13.15,13.41,13.08,41990,117806693.0,2.48,-1.05,-0.14,0.52
782,2018-03-23,12.68,13.14,13.16,12.68,75086,206315643.0,3.65,-0.08,-0.01,0.94
783,2018-03-26,12.94,13.51,13.52,12.79,71977,203115824.0,5.56,2.82,0.37,0.9
784,2018-03-27,13.68,14.22,14.31,13.65,226321,674212016.0,4.89,5.26,0.71,2.82
785,2018-03-28,14.11,14.23,14.49,14.04,150805,455427424.0,3.16,0.07,0.01,1.88
786,2018-03-29,14.22,13.94,14.32,13.86,85035,252343030.0,3.23,-2.04,-0.29,1.06
787,2018-03-30,13.92,14.25,14.3,13.91,78851,235328565.0,2.8,2.22,0.31,0.98
788,2018-04-02,14.2,14.08,14.36,13.97,84011,251409662.0,2.74,-1.19,-0.17,1.05
789,2018-04-03,13.96,14.21,14.57,13.9,98398,297093168.0,4.76,0.92,0.13,1.23
790,2018-04-04,14.47,14.19,14.55,14.13,82042,247257712.0,2.96,-0.14,-0.02,1.02
791,2018-04-09,14.18,14.58,14.58,13.85,114133,344784944.0,5.14,2.75,0.39,1.42
792,2018-04-10,14.62,14.42,14.62,14.23,66253,200859235.0,2.67,-1.1,-0.16,0.83
793,2018-04-11,14.45,14.58,14.83,14.33,87703,270495440.0,3.47,1.11,0.16,1.09
794,2018-04-12,14.62,14.82,15.04,14.53,91997,288118912.0,3.5,1.65,0.24,1.15
795,2018-04-13,14.88,14.63,15.23,14.53,86267,269211296.0,4.72,-1.28,-0.19,1.07
796,2018-04-16,14.59,14.51,14.86,14.36,74637,229088719.0,3.42,-0.82,-0.12,0.93
797,2018-04-17,14.52,14.19,14.6,14.07,58287,175916660.0,3.65,-2.21,-0.32,0.73
798,2018-04-18,14.26,14.31,14.36,13.92,43492,130299467.0,3.1,0.85,0.12,0.54
799,2018-04-19,14.22,14.42,14.67,14.11,46452,141515042.0,3.91,0.77,0.11,0.58
800,2018-04-20,14.38,14.21,14.5,14.04,50274,150745021.0,3.19,-1.46,-0.21,0.63
801,2018-04-23,14.12,13.06,14.14,12.99,182473,516002496.0,8.09,-8.09,-1.15,2.27
802,2018-04-24,13.12,13.26,13.4,13.12,77402,217899515.0,2.14,1.53,0.2,0.96
803,2018-04-25,13.25,13.7,13.78,13.17,81830,235089794.0,4.6,3.32,0.44,1.02
804,2018-04-26,13.69,13.64,14.03,13.4,75539,219723466.0,4.6,-0.44,-0.06,0.94
805,2018-04-27,12.94,13.49,13.61,12.69,99495,280654368.0,6.74,-1.1,-0.15,1.24
806,2018-05-02,13.6,14.01,14.02,13.5,79052,231497676.0,3.85,3.85,0.52,0.98
807,2018-05-03,14.01,13.81,14.01,13.4,94998,275871968.0,4.35,-1.43,-0.2,1.18
808,2018-05-04,13.79,14.18,14.21,13.68,82971,245440096.0,3.84,2.68,0.37,1.03
809,2018-05-07,14.26,14.25,14.53,14.19,84907,256954919.0,2.4,0.49,0.07,1.06
810,2018-05-08,14.27,14.35,14.6,14.27,66243,201589776.0,2.32,0.7,0.1,0.83
811,2018-05-09,14.3,14.74,14.75,14.22,96001,294341824.0,3.69,2.72,0.39,1.2
812,2018-05-10,14.79,15.8,16.14,14.79,285139,931786464.0,9.16,7.19,1.06,3.55
813,2018-05-11,16.04,15.92,16.82,15.74,336898,1142373648.0,6.84,0.76,0.12,4.2
814,2018-05-14,16.18,16.77,16.79,15.91,300209,1028021648.0,5.53,5.34,0.85,3.74
815,2018-05-15,16.68,16.88,17.01,16.43,199286,697117888.0,3.46,0.66,0.11,2.48
816,2018-05-16,17.55,16.99,17.8,16.93,299529,1080211536.0,5.15,0.65,0.11,3.73
817,2018-05-17,17.19,16.93,17.52,16.8,162361,580427328.0,4.24,-0.35,-0.06,2.02
818,2018-05-18,16.83,16.91,17.22,16.44,156597,546907952.0,4.61,-0.12,-0.02,1.95
819,2018-05-21,17.08,16.73,17.12,16.53,174845,609981968.0,3.49,-1.06,-0.18,2.18
820,2018-05-22,16.57,17.8,18.02,16.57,271787,988604320.0,8.67,6.4,1.07,3.39
821,2018-05-23,17.66,17.59,18.02,17.32,133299,489185072.0,3.93,-1.18,-0.21,1.66
822,2018-05-24,17.6,17.48,17.94,17.38,110886,405186032.0,3.18,-0.63,-0.11,1.38
823,2018-05-25,17.45,17.67,18.04,17.29,141191,520834064.0,4.29,1.09,0.19,1.76
824,2018-05-28,17.8,17.71,18.11,17.22,139290,511415568.0,5.04,0.23,0.04,1.74
825,2018-05-29,17.6,16.48,18.14,16.26,261773,935910192.0,10.62,-6.95,-1.23,3.26
826,2018-05-30,16.22,16.64,17.08,16.11,224110,779058784.0,5.89,0.97,0.16,2.79
827,2018-05-31,17.03,17.34,17.54,16.64,154541,552874448.0,5.41,4.21,0.7,1.93
828,2018-06-01,17.45,16.83,17.63,16.59,140064,496943360.0,6.0,-2.94,-0.51,1.75
829,2018-06-04,16.82,16.81,16.97,16.3,112960,392910832.0,3.98,-0.12,-0.02,1.41
830,2018-06-05,16.96,17.4,17.67,16.96,139719,506053312.0,4.22,3.51,0.59,1.74
831,2018-06-06,17.28,17.4,17.56,17.12,99503,359119408.0,2.53,0.0,0.0,1.24
832,2018-06-07,17.49,16.82,17.53,16.8,108635,385150144.0,4.2,-3.33,-0.58,1.35
833,2018-06-08,16.68,16.82,17.03,16.59,91454,319976816.0,2.62,0.0,0.0,1.14
834,2018-06-11,16.85,16.64,16.87,16.45,81460,283161152.0,2.5,-1.07,-0.18,1.01
835,2018-06-12,17.08,16.89,17.23,16.43,143155,500720048.0,4.81,1.5,0.25,1.78
836,2018-06-13,17.14,16.0,17.15,15.97,172933,591532496.0,6.99,-5.27,-0.89,2.15
837,2018-06-14,15.8,15.74,16.01,15.6,135266,447599296.0,2.56,-1.63,-0.26,1.69
838,2018-06-15,15.79,15.45,15.99,15.3,97677,318823584.0,4.38,-1.84,-0.29,1.22
839,2018-06-19,15.25,15.35,15.96,15.01,167774,544842128.0,6.15,-0.65,-0.1,2.09
840,2018-06-20,15.37,15.68,15.76,14.87,116153,375338800.0,5.8,2.15,0.33,1.45
841,2018-06-21,15.69,15.24,15.94,15.19,115134,375603440.0,4.78,-2.81,-0.44,1.43
842,2018-06-22,15.05,15.28,15.4,14.73,68906,218606342.0,4.4,0.26,0.04,0.86
843,2018-06-25,15.35,15.35,15.55,15.05,70001,225360137.0,3.27,0.46,0.07,0.87
844,2018-06-26,15.14,15.35,15.5,14.99,51473,164769344.0,3.32,0.0,0.0,0.64
845,2018-06-27,15.35,15.12,15.75,14.82,102412,324863984.0,6.06,-1.5,-0.23,1.28
846,2018-06-28,15.06,14.85,15.15,14.83,64002,199781364.0,2.12,-1.79,-0.27,0.8
847,2018-06-29,14.88,15.48,15.59,14.88,61064,193915829.0,4.78,4.24,0.63,0.76
848,2018-07-02,15.55,15.39,15.94,15.26,70111,227624089.0,4.39,-0.58,-0.09,0.87
849,2018-07-03,15.39,15.72,15.75,14.94,86053,275099600.0,5.26,2.14,0.33,1.07
850,2018-07-04,15.84,16.73,16.97,15.72,196029,668486400.0,7.95,6.42,1.01,2.44
851,2018-07-05,16.56,16.47,16.87,16.14,89514,305107360.0,4.36,-1.55,-0.26,1.12
852,2018-07-06,16.45,16.14,16.73,15.74,85318,286155392.0,6.01,-2.0,-0.33,1.06
853,2018-07-09,16.14,16.92,17.03,15.98,98803,341889312.0,6.51,4.83,0.78,1.23
854,2018-07-10,16.88,16.82,17.13,16.62,73210,254657718.0,3.01,-0.59,-0.1,0.91
855,2018-07-11,16.53,16.72,16.78,16.25,51319,175605896.0,3.15,-0.59,-0.1,0.64
856,2018-07-12,16.8,16.94,17.33,16.72,115235,407330352.0,3.65,1.32,0.22,1.44
857,2018-07-13,16.88,16.94,17.28,16.77,105080,369442352.0,3.01,0.0,0.0,1.31
858,2018-07-16,16.98,17.78,18.0,16.78,170748,619291328.0,7.2,4.96,0.84,2.13
859,2018-07-17,18.19,17.35,18.26,17.09,162333,584572224.0,6.58,-2.42,-0.43,2.02
860,2018-07-18,17.36,17.12,17.47,16.95,80342,285687744.0,3.0,-1.33,-0.23,1.0
861,2018-07-19,16.99,16.71,17.12,16.23,131507,452366544.0,5.2,-2.39,-0.41,1.64
862,2018-07-20,16.74,16.82,16.92,16.58,53438,185757059.0,2.03,0.66,0.11,0.67
863,2018-07-23,15.15,15.05,16.11,15.03,488730,1557139584.0,6.42,-10.52,-1.77,6.09
864,2018-07-24,15.14,15.61,16.07,15.14,406025,1310646336.0,6.18,3.72,0.56,5.06
865,2018-07-25,15.8,17.27,17.27,15.72,311548,1077036816.0,9.93,10.63,1.66,3.88
866,2018-07-26,17.45,17.6,17.93,17.19,296689,1072716160.0,4.28,1.91,0.33,3.7
867,2018-07-27,17.63,17.17,17.7,16.89,181007,644147536.0,4.6,-2.44,-0.43,2.26
868,2018-07-30,17.17,16.67,17.27,16.29,208431,716858480.0,5.71,-2.91,-0.5,2.6
869,2018-07-31,16.64,16.18,16.85,15.96,150508,511678784.0,5.34,-2.94,-0.49,1.88
870,2018-08-01,16.27,15.91,16.41,15.84,117323,390860528.0,3.52,-1.67,-0.27,1.46
871,2018-08-02,15.85,16.29,16.32,15.4,185640,612336608.0,5.78,2.39,0.38,2.31
872,2018-08-03,16.08,15.29,16.12,15.04,167186,543840576.0,6.63,-6.14,-1.0,2.08
873,2018-08-06,15.14,14.46,15.29,14.41,180426,556048304.0,5.76,-5.43,-0.83,2.25
874,2018-08-07,14.65,15.17,15.25,14.41,133484,412542080.0,5.81,4.91,0.71,1.66
875,2018-08-08,14.92,14.65,15.17,14.62,86191,266891397.0,3.63,-3.43,-0.52,1.07
876,2018-08-09,14.58,15.53,15.82,14.53,130576,417683872.0,8.81,6.01,0.88,1.63
877,2018-08-10,15.51,15.63,16.13,15.48,138681,454410752.0,4.19,0.64,0.1,1.73
878,2018-08-13,15.37,15.88,15.99,15.37,92180,301938464.0,3.97,1.6,0.25,1.15
879,2018-08-14,15.81,16.05,16.2,15.71,78175,258394996.0,3.09,1.07,0.17,0.97
880,2018-08-15,16.0,15.31,16.07,15.19,88131,284112128.0,5.48,-4.61,-0.74,1.1
881,2018-08-16,15.05,15.4,15.83,14.97,74038,237456093.0,5.62,0.59,0.09,0.92
882,2018-08-17,15.44,14.88,15.6,14.76,104661,326886160.0,5.45,-3.38,-0.52,1.3
883,2018-08-20,14.87,14.06,14.92,13.29,247700,720329552.0,10.95,-5.51,-0.82,3.09
884,2018-08-21,13.91,14.83,14.88,13.87,138160,417408880.0,7.18,5.48,0.77,1.72
885,2018-08-22,14.74,14.8,15.09,14.67,72374,224509493.0,2.83,-0.2,-0.03,0.9
886,2018-08-23,14.78,14.82,15.04,14.6,53603,166072145.0,2.97,0.14,0.02,0.67
887,2018-08-24,14.78,15.81,16.04,14.78,148142,480408608.0,8.5,6.68,0.99,1.85
888,2018-08-27,15.78,17.49,17.49,15.64,257273,896491504.0,11.7,10.63,1.68,3.21
889,2018-08-28,17.37,17.2,17.58,16.87,180435,639095008.0,4.06,-1.66,-0.29,2.25
890,2018-08-29,17.24,17.24,17.32,16.94,98536,348875696.0,2.21,0.23,0.04,1.23
891,2018-08-30,17.22,16.95,17.41,16.81,95560,335669184.0,3.48,-1.68,-0.29,1.19
892,2018-08-31,16.78,16.46,17.01,16.39,105093,360603808.0,3.66,-2.89,-0.49,1.31
893,2018-09-03,16.57,17.13,17.33,16.52,130267,456391792.0,4.92,4.07,0.67,1.62
894,2018-09-04,17.1,16.86,17.19,16.44,130000,451005280.0,4.38,-1.58,-0.27,1.62
895,2018-09-05,16.81,16.6,17.03,16.44,96975,335999088.0,3.5,-1.54,-0.26,1.21
896,2018-09-06,16.42,16.76,17.04,16.33,96778,334838576.0,4.28,0.96,0.16,1.21
897,2018-09-07,16.76,17.07,17.37,16.76,132248,466775984.0,3.64,1.85,0.31,1.65
898,2018-09-10,17.45,17.06,17.6,16.83,122246,433304064.0,4.51,-0.06,-0.01,1.52
899,2018-09-11,16.96,16.93,17.42,16.65,101912,357431776.0,4.51,-0.76,-0.13,1.27
900,2018-09-12,17.04,17.02,17.54,16.88,147203,523971824.0,3.9,0.53,0.09,1.83
901,2018-09-13,17.2,16.36,17.32,15.29,252529,843294784.0,11.93,-3.88,-0.66,3.15
902,2018-09-14,16.09,16.19,16.5,15.98,90300,303859872.0,3.18,-1.04,-0.17,1.13
903,2018-09-17,16.12,15.88,16.24,15.76,50776,167953959.0,2.96,-1.91,-0.31,0.63
904,2018-09-18,15.71,16.4,16.43,15.71,75671,254041539.0,4.53,3.27,0.52,0.94
905,2018-09-19,16.42,16.63,16.81,16.27,90265,309639296.0,3.29,1.4,0.23,1.12
906,2018-09-20,16.57,16.63,16.85,16.43,61718,212375210.0,2.53,0.0,0.0,0.77
907,2018-09-21,16.76,17.03,17.03,16.6,93767,327072336.0,2.59,2.41,0.4,1.17
908,2018-09-25,16.89,16.88,17.0,16.69,64664,225322573.0,1.82,-0.88,-0.15,0.81
909,2018-09-26,16.88,16.98,17.28,16.62,119846,420526352.0,3.91,0.59,0.1,1.49
910,2018-09-27,16.99,18.31,18.58,16.88,277632,1030198096.0,10.01,7.83,1.33,3.46
911,2018-09-28,18.22,18.42,18.53,18.07,163632,617206480.0,2.51,0.6,0.11,2.04
912,2018-10-08,18.07,17.91,18.41,17.78,127092,473821872.0,3.42,-2.77,-0.51,1.58
913,2018-10-09,17.91,18.19,18.82,17.91,166538,628825408.0,5.08,1.56,0.28,2.08
914,2018-10-10,18.23,17.37,18.27,16.88,156202,562830544.0,7.64,-4.51,-0.82,1.95
915,2018-10-11,16.42,16.93,17.54,16.17,151555,532746320.0,7.89,-2.53,-0.44,1.89
916,2018-10-12,16.99,17.24,17.53,16.88,126142,449116064.0,3.84,1.83,0.31,1.57
917,2018-10-15,17.35,17.42,18.12,17.35,123421,450656832.0,4.47,1.04,0.18,1.54
918,2018-10-16,17.35,17.12,18.12,16.35,157818,563614624.0,10.16,-1.72,-0.3,1.97
919,2018-10-17,17.55,16.53,17.65,16.06,155658,534738320.0,9.29,-3.45,-0.59,1.94
920,2018-10-18,16.19,15.7,16.29,15.55,116808,385278912.0,4.48,-5.02,-0.83,1.46
921,2018-10-19,15.24,17.14,17.31,15.19,154596,525862880.0,13.5,9.17,1.44,1.93
922,2018-10-22,17.45,18.43,18.64,17.35,229907,855054864.0,7.53,7.53,1.29,2.86
923,2018-10-23,18.34,18.61,19.17,18.23,237009,910212352.0,5.1,0.98,0.18,2.95
924,2018-10-24,18.53,18.19,18.66,17.91,144958,545152992.0,4.03,-2.26,-0.42,1.81
925,2018-10-25,17.87,18.01,18.28,17.4,204494,751466992.0,4.84,-0.99,-0.18,2.55
926,2018-10-26,18.22,17.78,18.75,17.57,168751,629970112.0,6.55,-1.28,-0.23,2.1
927,2018-10-29,17.45,16.98,17.45,16.04,161690,561170080.0,7.93,-4.5,-0.8,2.01
928,2018-10-30,16.68,15.95,16.68,15.18,374638,1223094768.0,8.83,-6.07,-1.03,4.67
929,2018-10-31,15.9,16.48,16.59,15.76,174354,587597648.0,5.2,3.32,0.53,2.17
930,2018-11-01,16.66,16.69,17.13,16.53,172105,598537696.0,3.64,1.27,0.21,2.14
931,2018-11-02,17.05,17.81,17.89,16.94,191488,687389008.0,5.69,6.71,1.12,2.39
932,2018-11-05,17.73,17.91,18.17,17.17,185166,677773552.0,5.61,0.56,0.1,2.31
933,2018-11-06,17.96,18.14,18.17,17.58,153704,567321216.0,3.29,1.28,0.23,1.92
934,2018-11-07,18.09,17.6,18.09,17.6,140169,513994400.0,2.7,-2.98,-0.54,1.75
935,2018-11-08,17.76,17.55,18.06,17.51,136772,502201104.0,3.13,-0.28,-0.05,1.7
936,2018-11-09,17.24,17.45,17.74,16.88,126314,451694304.0,4.9,-0.57,-0.1,1.57
937,2018-11-12,17.55,18.04,18.05,17.13,162024,591843504.0,5.27,3.38,0.59,2.02
938,2018-11-13,17.78,18.14,18.47,17.76,187373,700864016.0,3.94,0.55,0.1,2.33
939,2018-11-14,18.12,18.48,18.68,17.89,172136,648741328.0,4.36,1.87,0.34,2.14
940,2018-11-15,18.37,18.51,18.52,18.1,109529,413024256.0,2.27,0.16,0.03,1.36
941,2018-11-16,18.41,17.83,18.47,17.52,222329,818202544.0,5.13,-3.67,-0.68,2.77
942,2018-11-19,17.8,17.77,18.11,17.71,119303,439977248.0,2.24,-0.34,-0.06,1.49
943,2018-11-20,17.72,18.19,18.51,17.68,174909,656095296.0,4.67,2.36,0.42,2.18
944,2018-11-21,17.83,19.08,19.33,17.6,291334,1118843136.0,9.51,4.89,0.89,3.63
945,2018-11-22,19.0,19.05,19.19,18.62,156745,609190176.0,2.99,-0.16,-0.03,1.95
946,2018-11-23,18.88,18.75,19.27,18.48,152687,593463200.0,4.15,-1.57,-0.3,1.9
947,2018-11-26,18.75,18.66,19.08,18.27,126939,488672400.0,4.32,-0.48,-0.09,1.58
948,2018-11-27,18.94,18.59,19.03,18.13,126563,480889456.0,4.82,-0.38,-0.07,1.58
949,2018-11-28,18.47,18.67,18.73,18.26,104002,396918864.0,2.53,0.43,0.08,1.3
950,2018-11-29,18.81,18.11,18.97,18.09,139876,533551600.0,4.71,-3.0,-0.56,1.74
951,2018-11-30,17.96,18.36,18.45,17.81,93179,348832320.0,3.53,1.38,0.25,1.16
952,2018-12-03,18.77,19.15,19.31,18.43,186803,726482880.0,4.79,4.3,0.79,2.33
953,2018-12-04,18.99,19.33,19.42,18.93,158441,623625664.0,2.56,0.94,0.18,1.97
954,2018-12-05,19.1,19.68,19.76,19.01,158040,630680592.0,3.88,1.81,0.35,1.97
955,2018-12-06,19.46,18.69,19.76,18.61,213283,836698032.0,5.84,-5.03,-0.99,2.66
956,2018-12-07,18.83,18.36,18.86,17.91,170139,641751456.0,5.08,-1.77,-0.33,2.12
957,2018-12-10,18.15,18.35,18.55,17.91,118904,447653728.0,3.49,-0.05,-0.01,1.48
958,2018-12-11,18.41,18.4,18.58,17.96,92206,346825920.0,3.38,0.27,0.05,1.15
959,2018-12-12,18.41,18.22,18.5,18.01,75547,283861536.0,2.66,-0.98,-0.18,0.94
960,2018-12-13,18.25,18.51,18.56,17.98,120803,454930432.0,3.18,1.59,0.29,1.51
961,2018-12-14,18.32,16.55,18.32,16.55,480228,1700609280.0,9.56,-10.59,-1.96,5.98
962,2018-12-17,16.22,16.18,16.45,15.86,204699,686506784.0,3.56,-2.24,-0.37,2.55
963,2018-12-18,16.19,16.21,16.53,16.12,112722,380087120.0,2.53,0.19,0.03,1.4
964,2018-12-19,16.35,15.6,16.38,15.44,174755,569555936.0,5.8,-3.76,-0.61,2.18
965,2018-12-20,15.6,15.55,15.8,15.41,107503,348130080.0,2.5,-0.32,-0.05,1.34
966,2018-12-21,15.54,15.47,15.65,15.23,101011,324230608.0,2.7,-0.51,-0.08,1.26
967,2018-12-24,15.4,15.89,15.96,15.3,96686,316430208.0,4.27,2.71,0.42,1.2
968,2018-12-25,15.65,15.96,15.99,15.59,94527,310512960.0,2.52,0.44,0.07,1.18
969,2018-12-26,15.88,16.04,16.2,15.88,88628,295502880.0,2.01,0.5,0.08,1.1
970,2018-12-27,16.24,15.81,16.32,15.81,81732,271221616.0,3.18,-1.43,-0.23,1.02
971,2018-12-28,15.81,15.81,15.96,15.65,59908,196326485.0,1.96,0.0,0.0,0.75
972,2019-01-02,15.71,14.32,15.88,14.17,273928,833377824.0,10.82,-9.42,-1.49,3.41
973,2019-01-03,14.28,14.43,14.66,14.25,115664,350143920.0,2.86,0.77,0.11,1.44
974,2019-01-04,14.43,15.02,15.04,14.43,109376,338027712.0,4.23,4.09,0.59,1.36
975,2019-01-07,15.2,14.98,15.21,14.77,86924,269963488.0,2.93,-0.27,-0.04,1.08
976,2019-01-08,14.99,15.09,15.29,14.83,69062,217033442.0,3.07,0.73,0.11,0.86
977,2019-01-09,15.17,15.04,15.39,15.0,85380,269480016.0,2.58,-0.33,-0.05,1.06
978,2019-01-10,15.08,14.69,15.08,14.51,96795,296292544.0,3.79,-2.33,-0.35,1.21
979,2019-01-11,14.78,14.84,14.91,14.63,58850,180907023.0,1.91,1.02,0.15,0.73
980,2019-01-14,14.84,14.66,15.37,14.55,127313,396883840.0,5.53,-1.21,-0.18,1.59
981,2019-01-15,14.69,15.11,15.16,14.37,85588,265375149.0,5.39,3.07,0.45,1.07
982,2019-01-16,15.09,15.63,15.74,14.95,143115,458638448.0,5.23,3.44,0.52,1.78
983,2019-01-17,15.5,15.54,15.74,15.46,70322,227663189.0,1.79,-0.58,-0.09,0.88
984,2019-01-18,15.54,15.81,15.91,15.36,95348,311065088.0,3.54,1.74,0.27,1.19
985,2019-01-21,15.96,16.27,16.55,15.92,135810,459015840.0,3.98,2.91,0.46,1.69
986,2019-01-22,16.28,16.09,16.32,15.89,63602,211627596.0,2.64,-1.11,-0.18,0.79
987,2019-01-23,16.06,16.09,16.24,15.86,42177,140066650.0,2.36,0.0,0.0,0.53
988,2019-01-24,16.09,16.1,16.15,15.8,50259,166743899.0,2.18,0.06,0.01,0.63
989,2019-01-25,16.06,16.26,16.45,15.91,60188,202810488.0,3.35,0.99,0.16,0.75
990,2019-01-28,16.31,16.22,16.49,16.02,48950,165400245.0,2.89,-0.25,-0.04,0.61
991,2019-01-29,16.14,16.31,16.51,16.14,43316,146434710.0,2.28,0.55,0.09,0.54
992,2019-01-30,16.23,15.82,16.47,15.76,64658,215989531.0,4.35,-3.0,-0.49,0.81
993,2019-01-31,15.81,16.22,16.4,15.8,68386,229460838.0,3.79,2.53,0.4,0.85
994,2019-02-01,16.27,16.68,16.76,16.19,76746,262774263.0,3.51,2.84,0.46,0.96
995,2019-02-11,16.21,16.72,16.72,16.07,165427,561849152.0,3.9,0.24,0.04,2.06
996,2019-02-12,16.66,17.5,17.56,16.54,177663,632903424.0,6.1,4.67,0.78,2.21
997,2019-02-13,17.39,17.77,17.98,17.3,149155,542349776.0,3.89,1.54,0.27,1.86
998,2019-02-14,17.66,17.62,17.76,17.45,69619,252777146.0,1.74,-0.84,-0.15,0.87
999,2019-02-15,17.61,17.38,17.74,17.33,60043,216292927.0,2.33,-1.36,-0.24,0.75
1000,2019-02-18,17.4,17.88,17.99,17.34,95586,349243296.0,3.74,2.88,0.5,1.19
1001,2019-02-19,18.0,17.15,18.01,17.01,161568,578953232.0,5.59,-4.08,-0.73,2.01
1002,2019-02-20,16.99,17.28,17.31,16.81,107772,380672448.0,2.92,0.76,0.13,1.34
1003,2019-02-21,17.08,17.18,17.54,17.08,85205,304175600.0,2.66,-0.58,-0.1,1.06
1004,2019-02-22,17.16,17.19,17.19,16.68,122701,430529568.0,2.97,0.06,0.01,1.53
1005,2019-02-25,17.15,17.86,17.88,16.98,184906,666497600.0,5.24,3.9,0.67,2.3
1006,2019-02-26,18.94,18.65,19.75,18.53,379958,1494703312.0,6.83,4.42,0.79,4.73
1007,2019-02-27,18.67,18.43,19.02,18.16,168231,642014912.0,4.61,-1.18,-0.22,2.1
1008,2019-02-28,18.36,18.84,19.05,18.35,150548,581314784.0,3.8,2.22,0.41,1.88
1009,2019-03-01,18.97,18.9,18.99,18.42,88800,342515456.0,3.03,0.32,0.06,1.11
1010,2019-03-04,18.89,18.94,19.4,18.81,183864,719289376.0,3.12,0.21,0.04,2.29
1011,2019-03-05,18.84,19.09,19.14,18.78,93929,366492464.0,1.9,0.79,0.15,1.17
1012,2019-03-06,19.18,18.94,19.29,18.61,111016,431227648.0,3.56,-0.79,-0.15,1.38
1013,2019-03-07,18.94,18.58,18.95,18.41,126191,482880016.0,2.85,-1.9,-0.36,1.57
1014,2019-03-08,18.37,18.62,19.37,18.22,169595,659276720.0,6.19,0.22,0.04,2.11
1015,2019-03-11,18.58,20.14,20.27,18.57,253857,1018733968.0,9.13,8.16,1.52,3.16
1016,2019-03-12,20.35,19.82,20.39,19.5,180899,738058000.0,4.42,-1.59,-0.32,2.25
1017,2019-03-13,19.76,20.84,21.26,19.71,251356,1059838768.0,7.82,5.15,1.02,3.13
1018,2019-03-14,20.53,20.76,21.12,20.35,124425,525805328.0,3.69,-0.38,-0.08,1.55
1019,2019-03-15,20.76,21.56,21.89,20.63,143738,630014592.0,6.07,3.85,0.8,1.79
1020,2019-03-18,21.79,22.13,22.52,21.61,154357,697193408.0,4.22,2.64,0.57,1.92
1021,2019-03-19,22.17,21.79,22.52,21.5,130554,579802016.0,4.61,-1.54,-0.34,1.63
1022,2019-03-20,21.61,21.42,21.8,20.87,119580,521775744.0,4.27,-1.7,-0.37,1.49
1023,2019-03-21,21.29,20.94,21.29,20.48,266321,1129560096.0,3.78,-2.24,-0.48,3.32
1024,2019-03-22,20.72,21.1,21.17,20.61,139855,598333808.0,2.67,0.76,0.16,1.74
1025,2019-03-25,20.71,20.47,20.94,20.43,113680,480363952.0,2.42,-2.99,-0.63,1.42
1026,2019-03-26,20.62,20.66,20.95,20.42,127289,539302512.0,2.59,0.93,0.19,1.59
1027,2019-03-27,20.88,20.99,21.48,20.73,204465,882947120.0,3.63,1.6,0.33,2.55
1028,2019-03-28,21.18,21.54,21.69,20.94,183039,796414720.0,3.57,2.62,0.55,2.28
1029,2019-03-29,21.55,22.06,22.15,21.04,235849,1044770128.0,5.15,2.41,0.52,2.94
1030,2019-04-01,22.03,22.26,22.67,21.92,203539,922569168.0,3.4,0.91,0.2,2.54
1031,2019-04-02,22.21,21.68,22.21,21.55,145220,646127600.0,2.96,-2.61,-0.58,1.81
1032,2019-04-03,21.69,22.01,22.14,21.68,111364,499054624.0,2.12,1.52,0.33,1.39
1033,2019-04-04,22.06,21.93,22.16,21.55,96457,430669136.0,2.77,-0.36,-0.08,1.2
1034,2019-04-08,21.86,21.74,22.31,21.55,104105,464917200.0,3.47,-0.87,-0.19,1.3
1035,2019-04-09,21.65,22.64,22.78,21.55,134230,611252992.0,5.66,4.14,0.9,1.67
1036,2019-04-10,22.66,22.81,23.05,22.29,130417,602738000.0,3.36,0.75,0.17,1.62
1037,2019-04-11,22.88,21.37,22.97,21.32,184915,823757216.0,7.23,-6.31,-1.44,2.3
1038,2019-04-12,21.45,21.47,21.81,20.99,84351,369215584.0,3.84,0.47,0.1,1.05
1039,2019-04-15,21.74,20.76,21.8,20.75,110200,477499824.0,4.89,-3.31,-0.71,1.37
1040,2019-04-16,20.89,21.19,21.24,20.59,77721,332942000.0,3.13,2.07,0.43,0.97
1041,2019-04-17,21.19,21.2,21.42,21.04,58537,253618108.0,1.79,0.05,0.01,0.73
1042,2019-04-18,21.23,20.98,21.24,20.74,52506,224316229.0,2.36,-1.04,-0.22,0.65
1043,2019-04-19,20.89,21.28,21.39,20.89,58690,253531132.0,2.38,1.43,0.3,0.73
1044,2019-04-22,21.27,21.45,21.71,21.09,80051,350067904.0,2.91,0.8,0.17,1.0
1045,2019-04-23,21.36,21.31,21.5,20.99,63435,275497248.0,2.38,-0.65,-0.14,0.79
1046,2019-04-24,21.35,21.24,21.5,20.79,60313,260274731.0,3.33,-0.33,-0.07,0.75
1047,2019-04-25,21.29,21.33,21.71,21.21,97057,426242672.0,2.35,0.42,0.09,1.21
1048,2019-04-26,20.78,20.4,20.96,20.13,99777,421180128.0,3.89,-4.36,-0.93,1.24
1049,2019-04-29,20.42,20.91,21.35,20.42,111652,481445440.0,4.56,2.5,0.51,1.39
1050,2019-04-30,21.03,20.86,21.29,20.58,58339,249146923.0,3.4,-0.24,-0.05,0.73
1051,2019-05-06,20.17,19.43,20.59,18.98,122088,493203920.0,7.72,-6.86,-1.43,1.52
1052,2019-05-07,19.47,20.06,20.23,19.46,99978,407487008.0,3.96,3.24,0.63,1.25
1053,2019-05-08,19.69,20.26,20.42,19.53,83697,344612992.0,4.44,1.0,0.2,1.04
1054,2019-05-09,20.24,19.8,20.24,19.62,67339,274084416.0,3.06,-2.27,-0.46,0.84
1055,2019-05-10,19.91,20.69,20.69,19.8,82718,345302656.0,4.49,4.49,0.89,1.03
1056,2019-05-13,20.47,20.6,21.03,20.4,63960,271945744.0,3.04,-0.43,-0.09,0.8
1057,2019-05-14,20.52,20.65,20.92,20.42,45860,194068893.0,2.43,0.24,0.05,0.57
1058,2019-05-15,20.82,21.51,21.59,20.73,84670,367476576.0,4.16,4.16,0.86,1.05
1059,2019-05-16,21.51,21.6,21.67,21.29,49237,215924110.0,1.77,0.42,0.09,0.61
1060,2019-05-17,21.59,21.06,21.83,21.01,63783,278865824.0,3.8,-2.5,-0.54,0.79
1061,2019-05-20,21.15,20.99,21.18,20.54,49303,209910534.0,3.04,-0.33,-0.07,0.61
1062,2019-05-21,20.87,21.48,21.74,20.84,77665,339821536.0,4.29,2.33,0.49,0.97
1063,2019-05-22,21.44,21.58,21.71,21.04,57674,253228677.0,3.12,0.47,0.1,0.72
1064,2019-05-23,21.49,20.73,21.49,20.59,65256,280122816.0,4.17,-3.94,-0.85,0.81
1065,2019-05-24,20.72,20.36,20.93,20.02,70014,291582016.0,4.39,-1.78,-0.37,0.87
1066,2019-05-27,20.35,20.66,20.85,20.17,59277,249667735.0,3.34,1.47,0.3,0.74
1067,2019-05-28,20.56,20.77,20.94,20.56,45093,191717130.0,1.84,0.53,0.11,0.56
1068,2019-05-29,20.58,20.47,20.77,20.27,49975,209605057.0,2.41,-1.44,-0.3,0.62
1069,2019-05-30,20.34,20.57,20.64,19.99,54284,225622977.0,3.18,0.49,0.1,0.68
1070,2019-05-31,20.58,20.61,20.76,20.37,37232,157131251.0,1.9,0.19,0.04,0.46
1071,2019-06-03,20.6,21.0,21.22,20.57,69785,299282384.0,3.15,1.89,0.39,0.87
1072,2019-06-04,21.03,20.39,21.19,20.3,58667,247522617.0,4.24,-2.9,-0.61,0.73
1073,2019-06-05,20.37,19.4,20.46,19.19,116667,468013984.0,6.23,-4.86,-0.99,1.45
1074,2019-06-06,19.32,19.0,19.34,18.88,54474,213197734.0,2.37,-2.06,-0.4,0.68
1075,2019-06-10,19.19,19.36,19.5,18.81,56185,222252794.0,3.63,1.89,0.36,0.7
1076,2019-06-11,19.36,20.11,20.23,19.31,66881,273169376.0,4.75,3.87,0.75,0.83
1077,2019-06-12,20.11,20.2,20.32,19.87,37157,153257786.0,2.24,0.45,0.09,0.46
1078,2019-06-13,20.2,20.17,20.28,19.88,33965,139957779.0,1.98,-0.15,-0.03,0.42
1079,2019-06-14,20.17,20.42,20.65,20.07,68969,288284512.0,2.88,1.24,0.25,0.86
1080,2019-06-17,20.38,20.27,20.6,19.95,71687,195507395.0,3.18,-0.73,-0.15,0.6
1081,2019-06-18,20.27,20.81,20.99,20.17,81206,227213336.0,4.05,2.66,0.54,0.67
1082,2019-06-19,21.19,21.28,21.41,20.9,93629,267544689.0,2.45,2.26,0.47,0.78
1083,2019-06-20,21.19,21.51,21.72,21.02,89488,259120359.0,3.29,1.08,0.23,0.74
1084,2019-06-21,21.51,21.35,21.99,21.22,126924,368258928.0,3.58,-0.74,-0.16,1.05
1085,2019-06-24,21.35,21.7,21.92,21.12,99055,288858128.0,3.75,1.64,0.35,0.82
1086,2019-06-25,21.71,21.74,21.8,21.25,76280,221648139.0,2.53,0.18,0.04,0.63
1087,2019-06-26,21.55,22.01,22.12,21.55,91794,270971504.0,2.62,1.24,0.27,0.76
1088,2019-06-27,22.1,22.19,22.23,21.79,81617,242605615.0,2.0,0.82,0.18,0.68
1089,2019-06-28,22.42,22.65,22.86,22.27,127415,387526176.0,2.66,2.07,0.46,1.06
1090,2019-07-01,23.15,23.56,23.7,22.87,149242,467139856.0,3.66,4.02,0.91,1.24
1091,2019-07-02,23.56,23.88,24.65,23.31,170636,550847840.0,5.69,1.36,0.32,1.42
1092,2019-07-03,23.73,23.41,24.04,23.02,134955,427671648.0,4.27,-1.97,-0.47,1.12
1093,2019-07-04,23.63,23.06,23.72,22.81,104826,327529856.0,3.89,-1.5,-0.35,0.87
1094,2019-07-05,23.42,24.65,24.65,23.19,188812,611587536.0,6.33,6.9,1.59,1.57
1095,2019-07-08,24.59,23.52,24.73,23.49,171471,549980608.0,5.03,-4.58,-1.13,1.42
1096,2019-07-09,23.43,23.54,23.77,23.19,99716,314482928.0,2.47,0.09,0.02,0.83
1097,2019-07-10,23.56,23.55,23.95,22.95,103769,327012880.0,4.25,0.04,0.01,0.86
1098,2019-07-11,23.57,23.23,23.65,23.16,63472,199794823.0,2.08,-1.36,-0.32,0.53
1099,2019-07-12,23.22,23.78,24.0,23.1,89868,286489600.0,3.87,2.37,0.55,0.75
1100,2019-07-15,23.52,23.58,23.92,23.12,89238,281850224.0,3.36,-0.84,-0.2,0.74
1101,2019-07-16,23.64,23.18,23.88,22.86,97323,304383120.0,4.33,-1.7,-0.4,0.81
1102,2019-07-17,23.32,23.21,23.65,23.05,80998,254326487.0,2.59,0.13,0.03,0.67
1103,2019-07-18,23.29,23.23,23.54,23.07,54155,169396836.0,2.02,0.09,0.02,0.45
1104,2019-07-19,23.22,23.32,23.63,23.12,72278,227616359.0,2.2,0.39,0.09,0.6
1105,2019-07-22,23.49,23.18,23.49,22.94,74410,232329678.0,2.36,-0.6,-0.14,0.62
1106,2019-07-23,23.13,22.98,23.19,22.72,87339,269495440.0,2.03,-0.86,-0.2,0.73
1107,2019-07-24,23.19,23.17,23.42,22.96,78500,244973834.0,2.0,0.83,0.19,0.65
1108,2019-07-25,23.19,23.04,23.23,22.87,69826,216432086.0,1.55,-0.56,-0.13,0.58
1109,2019-07-26,23.02,23.04,23.17,22.69,81080,250689318.0,2.08,0.0,0.0,0.67
1110,2019-07-29,23.23,22.92,23.28,22.79,53997,167254788.0,2.13,-0.52,-0.12,0.45
1111,2019-07-30,22.86,22.94,23.22,22.86,71257,220828979.0,1.57,0.09,0.02,0.59
1112,2019-07-31,22.85,22.25,23.01,22.24,121927,368804256.0,3.36,-3.01,-0.69,1.01
1113,2019-08-01,22.24,21.8,22.39,21.68,175415,516319856.0,3.19,-2.02,-0.45,1.46
1114,2019-08-02,21.42,21.68,21.74,21.28,102381,297877216.0,2.11,-0.55,-0.12,0.85
1115,2019-08-05,21.65,21.69,22.15,21.28,134433,395782784.0,4.01,0.05,0.01,1.12
1116,2019-08-06,21.35,21.95,22.04,21.28,126086,370600000.0,3.5,1.2,0.26,1.05
1117,2019-08-07,22.12,22.3,22.53,21.68,112976,336709776.0,3.87,1.59,0.35,0.94
1118,2019-08-08,22.26,22.56,22.65,22.12,88601,267920898.0,2.38,1.17,0.26,0.74
1119,2019-08-09,22.57,22.9,23.31,22.56,117692,363451072.0,3.32,1.51,0.34,0.98
1120,2019-08-12,22.83,23.91,24.65,22.59,173938,553706064.0,9.0,4.41,1.01,1.45
1121,2019-08-13,23.63,23.75,24.31,23.47,97975,313625968.0,3.51,-0.67,-0.16,0.81
1122,2019-08-14,24.04,24.19,24.52,23.76,126816,410852720.0,3.2,1.85,0.44,1.05
1123,2019-08-15,23.8,24.27,24.55,23.69,111765,363175840.0,3.56,0.33,0.08,0.93
1124,2019-08-16,24.29,24.68,24.96,24.05,147190,486914368.0,3.75,1.69,0.41,1.22
1125,2019-08-19,24.81,24.55,24.92,24.02,179613,589216432.0,3.65,-0.53,-0.13,1.49
1126,2019-08-20,24.55,24.42,24.56,24.05,112867,367426896.0,2.08,-0.53,-0.13,0.94
1127,2019-08-21,24.27,24.27,24.57,24.12,72875,237761286.0,1.84,-0.61,-0.15,0.61
1128,2019-08-22,24.44,25.06,25.08,24.05,134209,442668592.0,4.24,3.26,0.79,1.12
1129,2019-08-23,25.04,25.78,26.58,24.87,204910,709128400.0,6.82,2.87,0.72,1.7
1130,2019-08-26,25.38,25.62,26.08,25.27,117198,403551040.0,3.14,-0.62,-0.16,0.97
1131,2019-08-27,25.62,25.68,26.07,25.5,94009,325697392.0,2.22,0.23,0.06,0.78
1132,2019-08-28,25.35,24.58,25.35,24.41,182124,608122240.0,3.66,-4.28,-1.1,1.51
1133,2019-08-29,24.68,24.33,24.93,24.12,164379,538527872.0,3.3,-1.02,-0.25,1.37
1134,2019-08-30,23.98,24.27,25.32,23.85,232789,768750192.0,6.04,-0.25,-0.06,1.93
1135,2019-09-02,24.25,24.37,24.69,23.69,171354,557934160.0,4.12,0.41,0.1,1.42
1136,2019-09-03,24.29,24.1,24.77,23.95,125425,408093840.0,3.36,-1.11,-0.27,1.04
1137,2019-09-04,24.27,24.36,24.7,24.01,134795,440346064.0,2.86,1.08,0.26,1.12
1138,2019-09-05,24.57,24.22,24.64,24.08,198156,644265088.0,2.3,-0.57,-0.14,1.65
1139,2019-09-06,24.15,24.39,24.54,23.88,144485,469951968.0,2.73,0.7,0.17,1.2
1140,2019-09-09,24.52,24.35,24.55,23.98,180239,585888592.0,2.34,-0.16,-0.04,1.5
1141,2019-09-10,24.27,25.18,25.2,24.06,240635,796318448.0,4.68,3.41,0.83,2.0
1142,2019-09-11,25.19,24.76,25.34,24.58,134169,447316496.0,3.02,-1.67,-0.42,1.11
1143,2019-09-12,24.42,24.62,24.85,24.08,145650,478279728.0,3.11,-0.57,-0.14,1.21
1144,2019-09-16,24.58,24.5,24.72,24.41,72838,239710716.0,1.26,-0.49,-0.12,0.61
1145,2019-09-17,24.4,24.54,24.78,24.34,92802,306087168.0,1.8,0.16,0.04,0.77
1146,2019-09-18,24.54,24.62,24.78,24.26,113136,372818880.0,2.12,0.33,0.08,0.94
1147,2019-09-19,24.58,24.34,24.72,24.1,113278,370277472.0,2.52,-1.14,-0.28,0.94
1148,2019-09-20,24.32,24.55,24.55,24.05,93140,304672480.0,2.05,0.86,0.21,0.77
1149,2019-09-23,24.35,24.02,24.41,23.81,72705,235141811.0,2.44,-2.16,-0.53,0.6
1150,2019-09-24,24.08,25.06,25.3,24.02,206064,687468928.0,5.33,4.33,1.04,1.71
1151,2019-09-25,25.12,25.12,25.48,24.82,109640,370574896.0,2.63,0.24,0.06,0.91
1152,2019-09-26,25.39,25.21,25.81,24.85,161277,551804976.0,3.82,0.36,0.09,1.34
1153,2019-09-27,25.22,25.16,25.6,24.72,89162,299714656.0,3.49,-0.2,-0.05,0.74
1154,2019-09-30,25.18,25.58,25.79,24.95,88409,301647664.0,3.34,1.67,0.42,0.73
1155,2019-10-08,25.9,25.9,26.45,25.73,112303,391283712.0,2.81,1.25,0.32,0.93
1156,2019-10-09,25.87,25.35,25.9,24.92,110767,376171648.0,3.78,-2.12,-0.55,0.92
1157,2019-10-10,25.58,27.12,27.35,25.44,220481,787352528.0,7.53,6.98,1.77,1.83
1158,2019-10-11,27.25,27.15,27.55,26.74,116811,424768288.0,2.99,0.11,0.03,0.97
1159,2019-10-14,27.37,27.18,28.28,26.95,165127,606964448.0,4.9,0.11,0.03,1.37
1160,2019-10-15,27.4,27.12,27.65,26.92,108620,395960352.0,2.69,-0.22,-0.06,0.9
1161,2019-10-16,27.33,27.98,28.4,27.31,141649,531537600.0,4.02,3.17,0.86,1.18
1162,2019-10-17,28.02,27.38,28.83,27.08,141791,523510080.0,6.25,-2.14,-0.6,1.18
1163,2019-10-18,27.54,27.49,28.38,27.18,107012,397324272.0,4.38,0.4,0.11,0.89
1164,2019-10-21,27.5,27.32,28.04,26.72,130952,476368608.0,4.8,-0.62,-0.17,1.09
1165,2019-10-22,27.38,27.35,27.45,26.88,84374,307273216.0,2.09,0.11,0.03,0.7
1166,2019-10-23,27.32,26.77,27.44,26.59,92247,332380592.0,3.11,-2.12,-0.58,0.77
1167,2019-10-24,27.08,27.08,27.41,26.88,81183,294955040.0,1.98,1.16,0.31,0.67
1168,2019-10-25,27.15,27.88,28.0,27.02,89935,333284016.0,3.62,2.95,0.8,0.75
1169,2019-10-28,28.73,27.5,28.81,27.22,212438,786848992.0,5.7,-1.36,-0.38,1.77
1170,2019-10-29,27.48,27.1,27.62,27.03,127527,465389184.0,2.15,-1.45,-0.4,1.06
1171,2019-10-30,26.95,26.33,27.38,26.18,191300,680122416.0,4.43,-2.84,-0.77,1.59
1172,2019-10-31,26.45,26.92,27.12,26.39,158651,569849440.0,2.77,2.24,0.59,1.32
1173,2019-11-01,27.04,27.32,27.51,26.76,120671,438609056.0,2.79,1.49,0.4,1.0
1174,2019-11-04,27.47,27.27,27.77,27.0,137933,505151968.0,2.82,-0.18,-0.05,1.15
1175,2019-11-05,27.46,27.36,27.58,27.0,101942,373046944.0,2.13,0.33,0.09,0.85
1176,2019-11-06,27.32,27.42,27.57,27.12,93596,342665776.0,1.64,0.22,0.06,0.78
1177,2019-11-07,27.63,27.15,27.64,26.88,121099,440156912.0,2.77,-0.98,-0.27,1.01
1178,2019-11-08,27.37,26.81,27.41,26.72,102705,370661904.0,2.54,-1.25,-0.34,0.85
1179,2019-11-11,26.63,26.18,26.87,26.12,106305,376800304.0,2.8,-2.35,-0.63,0.88
1180,2019-11-12,26.35,26.59,26.64,25.91,86398,305085040.0,2.79,1.57,0.41,0.72
1181,2019-11-13,26.69,27.35,27.38,26.45,149921,543222000.0,3.5,2.86,0.76,1.25
1182,2019-11-14,27.42,27.73,27.98,27.24,147686,547264416.0,2.71,1.39,0.38,1.23
1183,2019-11-15,27.82,27.45,27.95,27.41,82620,305701600.0,1.95,-1.01,-0.28,0.69
1184,2019-11-18,27.65,27.23,27.87,26.74,114305,415272896.0,4.12,-0.8,-0.22,0.95
1185,2019-11-19,27.41,28.23,28.25,27.28,180181,672924848.0,3.56,3.67,1.0,1.5
1186,2019-11-20,28.23,27.96,28.4,27.92,96873,364218848.0,1.7,-0.96,-0.27,0.8
1187,2019-11-21,28.02,27.54,28.02,27.35,96636,356080592.0,2.4,-1.5,-0.42,0.8
1188,2019-11-22,27.65,26.19,27.68,26.1,233037,829332096.0,5.74,-4.9,-1.35,1.94
1189,2019-11-25,26.19,25.37,26.34,24.99,208053,707713152.0,5.15,-3.13,-0.82,1.73
1190,2019-11-26,25.58,25.8,25.8,25.15,175464,599461376.0,2.56,1.69,0.43,1.46
1191,2019-11-27,25.42,25.18,25.42,24.97,115805,391205712.0,1.74,-2.4,-0.62,0.96
1192,2019-11-28,25.27,25.24,25.4,25.08,73496,248744744.0,1.27,0.24,0.06,0.61
1193,2019-11-29,25.19,24.93,25.19,24.4,173987,577607744.0,3.13,-1.23,-0.31,1.45
1194,2019-12-02,24.88,24.58,25.04,24.52,97555,323289680.0,2.09,-1.4,-0.35,0.81
1195,2019-12-03,24.54,24.6,24.62,23.95,125246,408523376.0,2.73,0.08,0.02,1.04
1196,2019-12-04,24.46,24.6,24.88,24.33,103949,344128320.0,2.24,0.0,0.0,0.86
1197,2019-12-05,24.78,24.86,25.02,24.63,104118,347166032.0,1.59,1.06,0.26,0.87
1198,2019-12-06,24.92,24.88,24.98,24.75,59594,198741467.0,0.93,0.08,0.02,0.5
1199,2019-12-09,24.88,24.18,24.98,24.13,139034,454725184.0,3.42,-2.81,-0.7,1.16
1200,2019-12-10,24.15,24.68,24.69,24.08,107830,354851360.0,2.52,2.07,0.5,0.9
1201,2019-12-11,24.68,24.88,25.05,24.32,101407,337714512.0,2.96,0.81,0.2,0.84
1202,2019-12-12,24.81,24.81,25.0,24.71,62214,207150402.0,1.17,-0.28,-0.07,0.52
1203,2019-12-13,24.98,25.27,25.33,24.78,114917,387735104.0,2.22,1.85,0.46,0.95
1204,2019-12-16,25.19,25.34,25.44,24.88,117589,398237376.0,2.22,0.28,0.07,0.98
1205,2019-12-17,25.46,25.35,25.48,25.22,122037,414982736.0,1.03,0.04,0.01,1.01
1206,2019-12-18,25.4,25.04,25.4,24.96,112164,378167472.0,1.74,-1.22,-0.31,0.93
1207,2019-12-19,25.11,24.72,25.14,24.58,101299,336343168.0,2.24,-1.28,-0.32,0.84
1208,2019-12-20,24.62,24.73,24.85,24.47,74782,247529068.0,1.54,0.04,0.01,0.62
1209,2019-12-23,24.58,24.74,25.15,24.56,82277,275023120.0,2.39,0.04,0.01,0.68
1210,2019-12-24,24.77,25.14,25.15,24.77,75634,253981347.0,1.54,1.62,0.4,0.63
1211,2019-12-25,25.14,24.97,25.21,24.81,62682,209597185.0,1.59,-0.68,-0.17,0.52
1212,2019-12-26,24.96,25.81,25.93,24.89,181766,623318448.0,4.16,3.36,0.84,1.51
1213,2019-12-27,25.87,25.2,25.87,25.12,140537,480156704.0,2.91,-2.36,-0.61,1.17
1214,2019-12-30,25.02,25.02,25.19,24.67,129282,431709968.0,2.06,-0.71,-0.18,1.07
1215,2019-12-31,25.11,26.23,27.15,25.05,289157,1013505440.0,8.39,4.84,1.21,2.4
1216,2020-01-02,26.12,26.28,26.41,25.61,195108,679275200.0,3.05,0.19,0.05,1.62
1217,2020-01-03,26.15,26.09,26.46,25.98,93787,328597408.0,1.83,-0.72,-0.19,0.78
1218,2020-01-06,26.07,23.95,26.18,23.56,466284,1533706400.0,10.04,-8.2,-2.14,3.87
1219,2020-01-07,23.77,24.04,24.04,23.56,370937,1184116016.0,2.0,0.38,0.09,3.08
1220,2020-01-08,23.85,23.93,24.23,23.81,154454,497894656.0,1.75,-0.46,-0.11,1.28
1221,2020-01-09,24.15,24.49,24.72,24.02,218722,716035248.0,2.93,2.34,0.56,1.82
1222,2020-01-10,24.6,24.76,24.92,24.34,160336,531721888.0,2.37,1.1,0.27,1.33
1223,2020-01-13,24.76,25.58,25.62,24.76,196333,666948176.0,3.47,3.31,0.82,1.63
1224,2020-01-14,25.56,25.38,25.78,25.23,140011,478993984.0,2.15,-0.78,-0.2,1.16
1225,2020-01-15,25.38,25.55,25.65,25.19,86032,294147424.0,1.81,0.67,0.17,0.71
1226,2020-01-16,25.53,25.43,25.72,25.28,80121,273163888.0,1.72,-0.47,-0.12,0.67
1227,2020-01-17,25.43,25.41,25.6,25.15,90070,306876448.0,1.77,-0.08,-0.02,0.75
1228,2020-01-20,26.62,26.49,26.86,25.81,316100,1117039328.0,4.13,4.25,1.08,2.63
1229,2020-01-21,27.27,27.68,28.37,27.19,393119,1459905904.0,4.45,4.49,1.19,3.27
1230,2020-01-22,28.05,26.86,28.05,26.5,286359,1033420480.0,5.6,-2.96,-0.82,2.38
1231,2020-01-23,27.46,26.95,27.87,26.4,343628,1250598896.0,5.47,0.34,0.09,2.85
1232,2020-02-03,28.45,27.8,29.46,25.84,533563,1994430736.0,13.43,3.15,0.85,4.43
1233,2020-02-04,27.27,27.35,27.77,26.12,415500,1506827120.0,5.94,-1.62,-0.45,3.45
1234,2020-02-05,28.09,29.28,30.02,27.45,614740,2329787520.0,9.4,7.06,1.93,5.11
1235,2020-02-06,29.5,32.29,32.29,29.5,693595,2890210880.0,9.53,10.28,3.01,5.76
1236,2020-02-07,32.35,30.81,33.17,30.17,515107,2165710336.0,9.29,-4.58,-1.48,4.28
1237,2020-02-10,31.59,31.65,32.27,29.95,502207,2089025648.0,7.53,2.73,0.84,4.17
1238,2020-02-11,31.03,30.62,31.19,30.32,260292,1067066208.0,2.75,-3.25,-1.03,2.16
1239,2020-02-12,31.33,30.86,31.58,30.73,212300,878569472.0,2.78,0.78,0.24,1.76
1240,2020-02-13,30.87,31.05,31.53,29.97,299890,1229204160.0,5.06,0.62,0.19,2.49
1241,2020-02-14,34.24,32.26,34.24,31.97,535543,2353743072.0,7.31,3.9,1.21,4.45
1242,2020-02-17,31.5,31.74,32.15,30.71,326285,1363085248.0,4.46,-1.61,-0.52,2.71
1243,2020-02-18,31.74,30.87,31.78,30.74,254375,1053444832.0,3.28,-2.74,-0.87,2.11
1244,2020-02-19,31.0,29.78,31.11,29.75,268424,1076887648.0,4.41,-3.53,-1.09,2.23
1245,2020-02-20,29.62,30.02,30.24,29.61,188660,754434720.0,2.12,0.81,0.24,1.57
1246,2020-02-21,29.98,30.5,30.69,29.75,232773,945763504.0,3.13,1.6,0.48,1.93
1247,2020-02-24,31.5,30.87,31.88,30.75,237056,982159648.0,3.7,1.21,0.37,1.97
1248,2020-02-25,30.85,31.95,32.24,30.4,319687,1348827296.0,5.96,3.5,1.08,2.66
1249,2020-02-26,31.5,30.91,31.75,30.58,253068,1051133984.0,3.66,-3.26,-1.04,2.1
1250,2020-02-27,31.19,31.31,31.55,30.52,184572,765505872.0,3.33,1.29,0.4,1.53
1251,2020-02-28,30.58,31.12,31.92,30.55,210584,882562336.0,4.38,-0.61,-0.19,1.75
1252,2020-03-02,31.15,31.74,32.08,30.06,217455,912361312.0,6.49,1.99,0.62,1.8
1253,2020-03-03,32.24,33.26,34.32,31.96,340673,1509532576.0,7.44,4.79,1.52,2.83
1254,2020-03-04,33.42,32.81,33.78,32.07,188194,821695360.0,5.14,-1.35,-0.45,1.56
1255,2020-03-05,33.04,33.82,34.19,32.86,200943,901034992.0,4.05,3.08,1.01,1.67
1256,2020-03-06,33.37,33.42,34.1,33.21,148526,663520640.0,2.63,-1.18,-0.4,1.23
1257,2020-03-09,33.42,32.52,34.1,32.38,184814,819102976.0,5.15,-2.69,-0.9,1.53
1258,2020-03-10,31.8,32.12,32.97,30.73,218064,924992624.0,6.89,-1.23,-0.4,1.81
1259,2020-03-11,32.12,31.96,32.72,31.74,117296,502424064.0,3.05,-0.5,-0.16,0.97
1260,2020-03-12,31.71,30.65,31.78,30.5,184603,760067760.0,4.01,-4.1,-1.31,1.53
1261,2020-03-13,27.5,30.02,31.05,27.5,234608,917100624.0,11.58,-2.06,-0.63,1.95
1262,2020-03-16,30.63,29.65,30.92,28.98,192508,775464304.0,6.46,-1.23,-0.37,1.6
1263,2020-03-17,30.05,32.08,32.42,29.02,330610,1368225456.0,11.47,8.2,2.43,2.74
1264,2020-03-18,33.04,31.65,33.48,31.54,235059,1017357744.0,6.05,-1.34,-0.43,1.95
1265,2020-03-19,31.67,30.68,32.01,29.81,204154,839047312.0,6.95,-3.06,-0.97,1.69
1266,2020-03-20,30.94,32.42,33.02,30.04,245047,1032444672.0,9.71,5.67,1.74,2.03
1267,2020-03-23,31.62,32.85,33.32,31.49,266353,1155363600.0,5.64,1.33,0.43,2.21
1268,2020-03-24,33.15,32.95,33.55,31.87,235306,1024623328.0,5.11,0.3,0.1,1.95
1269,2020-03-25,33.19,34.85,35.25,32.52,272659,1234110400.0,8.29,5.77,1.9,2.26
1270,2020-03-26,34.48,36.12,36.46,34.27,272519,1289288704.0,6.28,3.64,1.27,2.26
1271,2020-03-27,36.73,35.25,36.99,34.33,278577,1316751152.0,7.36,-2.41,-0.87,2.31
1272,2020-03-30,34.75,34.58,36.19,33.87,206839,954609536.0,6.58,-1.9,-0.67,1.72
1273,2020-03-31,34.12,36.05,36.1,33.96,192713,901881216.0,6.19,4.25,1.47,1.6
1274,2020-04-01,35.95,36.42,37.73,35.66,245596,1201016832.0,5.74,1.03,0.37,2.04
1275,2020-04-02,36.39,36.72,36.84,35.62,153253,739249920.0,3.35,0.82,0.3,1.27
1276,2020-04-03,37.27,36.94,38.65,36.68,197812,988904272.0,5.36,0.6,0.22,1.64
1277,2020-04-07,37.05,38.58,38.94,36.64,222500,1125895664.0,6.23,4.44,1.64,1.85
1278,2020-04-08,37.65,36.25,37.81,36.03,390676,1914827008.0,4.61,-6.04,-2.33,3.24
1279,2020-04-09,36.5,36.65,37.22,35.36,240179,1161907760.0,5.13,1.1,0.4,1.99
1280,2020-04-10,36.46,36.56,37.98,36.12,196040,964373536.0,5.08,-0.25,-0.09,1.63
1281,2020-04-13,36.18,35.52,37.11,35.32,187877,901053680.0,4.9,-2.84,-1.04,1.56
1282,2020-04-14,35.98,36.85,36.98,35.2,269513,1299947520.0,5.01,3.74,1.33,2.24
1283,2020-04-15,36.88,37.32,37.98,36.5,228339,1128696656.0,4.02,1.28,0.47,1.89
1284,2020-04-16,37.45,38.46,39.18,37.27,246395,1250501024.0,5.12,3.05,1.14,2.04
1285,2020-04-17,38.37,36.71,38.37,36.54,267578,1316632256.0,4.76,-4.55,-1.75,2.22
1286,2020-04-20,36.75,36.66,37.54,36.1,217818,1064070784.0,3.92,-0.14,-0.05,1.81
1287,2020-04-21,37.27,36.77,38.04,36.33,199915,984091680.0,4.66,0.3,0.11,1.66
1288,2020-04-22,36.18,36.87,36.98,35.35,165064,795087456.0,4.43,0.27,0.1,1.37
1289,2020-04-23,37.37,38.44,39.01,37.05,313964,1589293344.0,5.32,4.26,1.57,2.6
1290,2020-04-24,38.59,37.09,38.94,36.98,201213,1014481792.0,5.1,-3.51,-1.35,1.67
1291,2020-04-27,37.68,39.02,40.45,36.73,342825,1346166560.0,10.03,5.2,1.93,2.19
1292,2020-04-28,38.89,40.04,40.05,38.05,341282,1362332896.0,5.13,2.61,1.02,2.18
1293,2020-04-29,39.8,39.32,40.3,38.97,214789,858878576.0,3.32,-1.8,-0.72,1.37
1294,2020-04-30,39.15,38.37,39.3,37.6,310215,1201180784.0,4.32,-2.42,-0.95,1.98
1295,2020-05-06,37.85,38.05,38.42,37.45,292028,1120651408.0,2.53,-0.83,-0.32,1.86
1296,2020-05-07,37.98,37.53,38.2,37.48,256341,981382208.0,1.89,-1.37,-0.52,1.64
1297,2020-05-08,37.6,37.56,38.13,36.99,270477,1031645792.0,3.04,0.08,0.03,1.73
1298,2020-05-11,37.8,36.74,38.05,36.43,308446,1159394896.0,4.31,-2.18,-0.82,1.97
1299,2020-05-12,36.82,37.72,37.72,36.61,264186,1000180672.0,3.02,2.67,0.98,1.69
1300,2020-05-13,37.5,37.78,38.12,37.1,222881,850776176.0,2.7,0.16,0.06,1.42
1301,2020-05-14,37.47,37.08,37.66,37.06,170973,645917056.0,1.59,-1.85,-0.7,1.09
1302,2020-05-15,37.0,36.36,37.3,36.03,258427,954870256.0,3.43,-1.94,-0.72,1.65
1303,2020-05-18,36.36,37.55,37.78,35.99,278760,1049856912.0,4.92,3.27,1.19,1.78
1304,2020-05-19,38.33,40.0,40.3,38.02,543265,2153112608.0,6.07,6.52,2.45,3.47
1305,2020-05-20,40.01,39.61,40.61,39.27,308237,1242950064.0,3.35,-0.98,-0.39,1.97
1306,2020-05-21,40.1,40.22,41.99,39.19,403082,1656624032.0,7.07,1.54,0.61,2.57
1307,2020-05-22,40.53,40.66,41.95,40.15,380858,1579394128.0,4.48,1.09,0.44,2.43
1308,2020-05-25,41.0,40.68,41.57,40.13,279269,1152130576.0,3.54,0.05,0.02,1.78
1309,2020-05-26,40.68,41.51,41.82,40.0,280035,1169139360.0,4.47,2.04,0.83,1.79
1310,2020-05-27,41.6,41.28,42.49,40.84,255086,1076205312.0,3.97,-0.55,-0.23,1.63
1311,2020-05-28,40.65,39.5,40.89,38.8,365820,1467108688.0,5.06,-4.31,-1.78,2.33
1312,2020-05-29,39.3,40.68,41.05,39.07,234451,957911760.0,5.01,2.99,1.18,1.5
1313,2020-06-01,40.69,41.0,41.18,40.08,264992,1091327664.0,2.7,0.79,0.32,1.69
1314,2020-06-02,40.7,39.76,40.78,39.2,318745,1280423360.0,3.85,-3.02,-1.24,2.03
1315,2020-06-03,39.59,39.58,40.27,39.35,224423,904600640.0,2.31,-0.45,-0.18,1.43
1316,2020-06-04,39.7,40.8,41.04,39.57,288389,1177331936.0,3.71,3.08,1.22,1.84
1317,2020-06-05,40.65,40.63,41.23,40.37,187115,771616000.0,2.11,-0.42,-0.17,1.19
1318,2020-06-08,41.48,39.75,41.98,39.41,269420,1095642976.0,6.33,-2.17,-0.88,1.72
1319,2020-06-09,39.51,40.1,40.38,39.28,193914,784842448.0,2.77,0.88,0.35,1.24
1320,2020-06-10,39.84,40.82,41.3,39.84,279300,1153161712.0,3.64,1.8,0.72,1.78
1321,2020-06-11,41.05,40.2,41.2,39.75,242855,995733632.0,3.55,-1.52,-0.62,1.55
1322,2020-06-12,39.62,40.77,41.0,39.5,305361,1250023792.0,3.73,1.42,0.57,1.95
1323,2020-06-15,41.4,42.39,42.66,41.11,400696,1704618352.0,3.8,3.97,1.62,2.56
1324,2020-06-16,42.26,43.1,43.4,41.81,300998,1300098624.0,3.75,1.67,0.71,1.92
1325,2020-06-17,43.76,47.46,47.46,43.76,509885,2383519872.0,8.58,10.12,4.36,3.25
1326,2020-06-18,47.5,47.15,48.88,46.19,446081,2128517312.0,5.67,-0.65,-0.31,2.85
1327,2020-06-19,46.55,47.51,48.3,45.88,301166,1442809728.0,5.13,0.76,0.36,1.92
1328,2020-06-22,47.52,48.15,49.5,47.06,306580,1489025440.0,5.14,1.35,0.64,1.96
1329,2020-06-23,48.09,48.3,49.02,47.22,231435,1125662336.0,3.74,0.31,0.15,1.48
1330,2020-06-24,48.45,47.53,49.35,46.95,258017,1240136208.0,4.97,-1.59,-0.77,1.65
1331,2020-06-29,47.5,49.47,49.78,47.3,379045,1872700976.0,5.22,4.08,1.94,2.42
1332,2020-06-30,49.43,49.61,50.25,48.58,268670,1343253664.0,3.38,0.28,0.14,1.71
1333,2020-07-01,50.14,47.47,50.15,45.81,441061,2128190864.0,8.75,-4.31,-2.14,2.81
1334,2020-07-02,46.9,47.0,47.86,46.08,381657,1808033488.0,3.75,-0.99,-0.47,2.44
1335,2020-07-03,46.49,46.88,47.45,45.73,297884,1402893744.0,3.66,-0.26,-0.12,1.9
1336,2020-07-06,46.88,45.9,46.88,45.55,655435,3040245152.0,2.84,-2.09,-0.98,4.18
1337,2020-07-07,45.5,46.56,47.29,44.8,573646,2676205968.0,5.42,1.44,0.66,3.66
1338,2020-07-08,46.6,46.21,46.88,45.92,356791,1666656160.0,2.06,-0.75,-0.35,2.28
1339,2020-07-09,45.8,47.61,48.27,45.57,584718,2781203232.0,5.84,3.03,1.4,3.73
1340,2020-07-10,47.62,48.14,48.65,47.03,483699,2345381280.0,3.4,1.11,0.53,3.09
1341,2020-07-13,48.18,53.0,53.0,48.18,693355,3602571312.0,10.01,10.1,4.86,4.42
1342,2020-07-14,53.5,55.0,55.5,52.0,675109,3672545248.0,6.6,3.77,2.0,4.31
1343,2020-07-15,54.9,54.89,57.36,53.52,519646,2896824816.0,6.98,-0.2,-0.11,3.32
1344,2020-07-16,54.55,49.49,54.72,49.35,523006,2731466320.0,9.78,-9.84,-5.4,3.34
1345,2020-07-17,49.8,50.5,51.75,49.03,337475,1716000416.0,5.5,2.04,1.01,2.15
1346,2020-07-20,51.6,50.36,51.8,48.5,315909,1594331072.0,6.53,-0.28,-0.14,2.02
1347,2020-07-21,50.0,53.68,54.5,49.5,477513,2534257472.0,9.93,6.59,3.32,3.05
1348,2020-07-22,52.9,54.67,56.06,51.9,435419,2398837408.0,7.75,1.84,0.99,2.78
1349,2020-07-23,54.0,57.4,57.4,53.6,555374,3138121296.0,6.95,4.99,2.73,3.54
1350,2020-07-24,55.87,53.38,56.66,52.84,433350,2393237264.0,6.66,-7.0,-4.02,2.77
1351,2020-07-27,53.55,56.65,57.38,53.5,484171,2717433200.0,7.27,6.13,3.27,3.09
1352,2020-07-28,57.2,55.62,57.2,53.68,365037,2030820496.0,6.21,-1.82,-1.03,2.33
1353,2020-07-29,55.61,59.33,60.8,55.28,489460,2896146432.0,9.92,6.67,3.71,3.12
1354,2020-07-30,59.8,60.48,65.1,59.29,632303,3939819872.0,9.79,1.94,1.15,4.04
1355,2020-07-31,59.5,64.43,65.06,58.7,566914,3534724080.0,10.52,6.53,3.95,3.62
1356,2020-08-03,65.5,70.92,70.92,62.83,589112,3981053632.0,12.56,10.07,6.49,3.76
1357,2020-08-04,69.5,67.98,75.5,66.1,719016,5092254208.0,13.25,-4.15,-2.94,4.59
1358,2020-08-05,66.38,69.67,71.03,64.51,533136,3634298736.0,9.59,2.49,1.69,3.4
1359,2020-08-06,68.53,65.1,69.97,64.1,564551,3763116576.0,8.43,-6.56,-4.57,3.6
1360,2020-08-07,65.1,61.5,66.06,59.48,726432,4502988032.0,10.11,-5.53,-3.6,4.64
1361,2020-08-10,60.83,60.21,61.16,57.72,485905,2925761696.0,5.59,-2.1,-1.29,3.1
1362,2020-08-11,59.5,59.3,61.24,59.01,359775,2176034176.0,3.7,-1.51,-0.91,2.3
1363,2020-08-12,59.35,54.88,59.7,53.67,576638,3259082384.0,10.17,-7.45,-4.42,3.68
1364,2020-08-13,55.5,53.54,55.68,52.34,463566,2519013536.0,6.09,-2.44,-1.34,2.96
1365,2020-08-14,53.56,54.35,54.58,52.65,332172,1801409136.0,3.6,1.51,0.81,2.12
1366,2020-08-17,54.5,58.57,58.73,53.43,628773,3574460272.0,9.75,7.76,4.22,4.01
1367,2020-08-18,57.5,58.52,60.29,57.38,466763,2763788000.0,4.97,-0.09,-0.05,2.98
1368,2020-08-19,58.53,56.58,60.4,56.35,503928,2951945408.0,6.92,-3.32,-1.94,3.22
1369,2020-08-20,55.0,55.86,56.32,54.0,239115,1339130656.0,4.1,-1.27,-0.72,1.53
1370,2020-08-21,55.9,55.03,56.63,54.38,222728,1250214192.0,4.03,-1.49,-0.83,1.42
1371,2020-08-24,55.14,54.85,55.73,53.0,225987,1242510736.0,4.96,-0.33,-0.18,1.44
1372,2020-08-25,55.5,55.47,56.45,55.2,212290,1192395584.0,2.28,1.13,0.62,1.35
1373,2020-08-26,55.33,55.8,57.68,54.9,244929,1390812640.0,5.01,0.59,0.33,1.56
1374,2020-08-27,56.09,56.62,56.62,54.13,221126,1242815168.0,4.46,1.47,0.82,1.41
1375,2020-08-28,56.5,58.21,58.5,56.1,307341,1782480784.0,4.24,2.81,1.59,1.96
1376,2020-08-31,58.14,57.1,58.65,57.1,208491,1213220704.0,2.66,-1.91,-1.11,1.33
1377,2020-09-01,56.85,55.4,57.22,55.12,198377,1115069968.0,3.68,-2.98,-1.7,1.27
1378,2020-09-02,55.24,55.62,56.03,54.8,137940,771102512.0,2.22,0.4,0.22,0.88
1379,2020-09-03,55.43,54.55,56.36,54.5,193259,1079781472.0,3.34,-1.92,-1.07,1.23
1380,2020-09-04,53.7,55.59,55.83,52.93,218847,1197094224.0,5.32,1.91,1.04,1.4
1381,2020-09-07,55.5,54.38,56.6,54.28,185925,1038541264.0,4.17,-2.18,-1.21,1.19
1382,2020-09-08,54.41,53.7,55.45,53.18,146770,798393424.0,4.17,-1.25,-0.68,0.94
1383,2020-09-09,52.83,48.89,52.83,48.51,379500,1901794720.0,8.04,-8.96,-4.81,2.42
1384,2020-09-10,49.18,47.68,49.67,47.68,261650,1287216640.0,4.07,-2.47,-1.21,1.67
1385,2020-09-11,47.67,48.13,48.57,47.47,169514,823823936.0,2.31,0.94,0.45,1.08
1386,2020-09-14,49.1,48.36,49.85,47.77,198447,979169504.0,4.32,0.48,0.23,1.27
1387,2020-09-15,48.4,49.53,49.59,47.87,208698,1030886416.0,3.56,2.42,1.17,1.33
1388,2020-09-16,49.6,48.45,50.1,48.2,172733,852754624.0,3.84,-2.18,-1.08,1.1
1389,2020-09-17,47.81,47.12,48.28,46.14,278579,1320253472.0,4.42,-2.75,-1.33,1.78
1390,2020-09-18,47.72,48.1,48.35,46.5,226690,1093216720.0,3.93,2.08,0.98,1.45
1391,2020-09-21,48.2,48.13,49.3,47.99,187983,921436752.0,2.72,0.06,0.03,1.2
1392,2020-09-22,47.77,49.0,50.6,47.77,343671,1716829744.0,5.88,1.81,0.87,2.19
1393,2020-09-23,49.66,52.07,52.89,49.03,455755,2362358384.0,7.88,6.27,3.07,2.91
1394,2020-09-24,51.44,53.62,54.51,51.21,476793,2563013600.0,6.34,2.98,1.55,3.04
1395,2020-09-25,53.65,54.45,57.03,52.72,423692,2354718128.0,8.04,1.55,0.83,2.7
1396,2020-09-28,55.1,53.46,56.0,53.0,295498,1614096896.0,5.51,-1.82,-0.99,1.89
1397,2020-09-29,53.5,54.95,55.61,51.8,308125,1677106848.0,7.13,2.79,1.49,1.97
1398,2020-09-30,55.04,56.49,56.61,54.19,346856,1952825808.0,4.4,2.8,1.54,2.21
1399,2020-10-09,59.0,60.85,61.86,58.0,469267,2829608240.0,6.83,7.72,4.36,2.99
1400,2020-10-12,61.2,61.46,62.3,59.82,393307,2413520528.0,4.08,1.0,0.61,2.51
1401,2020-10-13,60.65,62.03,64.5,60.18,422299,2667905488.0,7.03,0.93,0.57,2.7
1402,2020-10-14,61.66,59.44,62.6,59.2,461669,2828843408.0,5.48,-4.18,-2.59,2.95
1403,2020-10-15,60.3,58.97,60.49,58.56,316423,1898345136.0,3.25,-0.79,-0.47,2.02
1404,2020-10-16,59.57,59.9,60.3,58.6,262594,1577378400.0,2.88,1.58,0.93,1.68
1405,2020-10-19,59.95,56.8,60.25,56.14,465457,2706227440.0,6.86,-5.18,-3.1,2.97
1406,2020-10-20,56.76,56.64,57.03,55.55,229852,1303916144.0,2.61,-0.28,-0.16,1.47
1407,2020-10-21,57.47,56.51,58.27,56.18,304799,1757175872.0,3.69,-0.23,-0.13,1.95
1408,2020-10-22,56.01,53.13,56.07,53.1,379244,2061917072.0,5.26,-5.98,-3.38,2.42
1409,2020-10-23,53.5,50.77,53.69,50.1,335316,1746169904.0,6.76,-4.44,-2.36,2.14
1410,2020-10-26,50.51,51.41,52.5,49.7,228471,1183773584.0,5.52,1.26,0.64,1.46
1411,2020-10-27,50.83,52.23,52.46,50.61,216080,1133168720.0,3.6,1.6,0.82,1.38
1412,2020-10-28,52.32,51.82,52.48,50.65,155141,808475888.0,3.5,-0.78,-0.41,0.99
1413,2020-10-29,51.43,53.13,53.81,51.21,325175,1732582736.0,5.02,2.53,1.31,2.08
1414,2020-10-30,53.06,50.7,53.08,50.3,297884,1542508656.0,5.23,-4.57,-2.43,1.9
1415,2020-11-02,49.5,45.58,49.5,45.58,694437,3247887248.0,7.73,-10.1,-5.12,4.43
1416,2020-11-03,45.5,46.22,46.61,43.78,456333,2103073264.0,6.21,1.4,0.64,2.91
1417,2020-11-04,45.93,45.73,46.46,45.0,293654,1353724048.0,3.16,-1.06,-0.49,1.87
1418,2020-11-05,45.9,45.97,46.3,45.18,257180,1189208368.0,2.45,0.52,0.24,1.64
1419,2020-11-06,45.7,44.65,45.71,44.0,323895,1457217152.0,3.72,-2.87,-1.32,2.07
1420,2020-11-09,44.79,45.77,46.0,44.37,347665,1595519200.0,3.65,2.51,1.12,2.22
1421,2020-11-10,47.3,44.54,48.29,44.0,523352,2422163632.0,9.37,-2.69,-1.23,3.34
1422,2020-11-11,44.01,42.44,44.06,42.08,477103,2071199536.0,4.45,-4.71,-2.1,3.04
1423,2020-11-12,42.74,43.83,44.26,42.74,302647,1333249392.0,3.58,3.28,1.39,1.93
1424,2020-11-13,43.8,44.13,44.4,43.01,189077,838056864.0,3.17,0.68,0.3,1.21
1425,2020-11-16,44.0,44.09,44.46,43.08,181252,805707664.0,3.13,-0.09,-0.04,1.16
1426,2020-11-17,43.96,43.1,44.0,42.24,233624,1013506384.0,3.99,-2.25,-0.99,1.49
1427,2020-11-18,43.3,42.87,43.59,42.72,137282,597962528.0,2.02,-0.53,-0.23,0.88
1428,2020-11-19,42.69,43.09,43.31,42.27,118603,515581856.0,2.43,0.51,0.22,0.76
1429,2020-11-20,43.15,42.7,43.33,42.68,134891,586005264.0,1.51,-0.91,-0.39,0.86
1430,2020-11-23,42.76,42.0,43.0,41.3,323016,1370262160.0,3.98,-1.64,-0.7,2.06
1431,2020-11-24,41.88,41.83,42.16,41.3,145949,616579024.0,2.05,-0.4,-0.17,0.93
1432,2020-11-25,41.83,40.76,41.94,40.72,232599,969119312.0,2.92,-2.56,-1.07,1.48
1433,2020-11-26,40.85,40.0,41.25,39.81,199038,812131744.0,3.53,-1.86,-0.76,1.27
1434,2020-11-27,40.25,41.16,41.66,39.8,242530,1006066896.0,4.65,2.9,1.16,1.55
1435,2020-11-30,41.65,42.54,43.22,40.96,347835,1490494304.0,5.49,3.35,1.38,2.22
1436,2020-12-01,42.75,43.74,43.9,42.75,343804,1514501504.0,2.7,2.82,1.2,2.19
1437,2020-12-02,43.49,43.35,43.7,42.68,232662,1016200656.0,2.33,-0.89,-0.39,1.48
1438,2020-12-03,43.53,45.28,46.35,43.2,529040,2416320672.0,7.27,4.45,1.93,3.38
1439,2020-12-04,45.5,45.57,46.28,45.01,286037,1318170368.0,2.8,0.64,0.29,1.83
1440,2020-12-07,44.78,44.67,45.79,43.68,301769,1363514128.0,4.63,-1.97,-0.9,1.93
1441,2020-12-08,44.57,43.23,44.9,43.15,297576,1312347968.0,3.92,-3.22,-1.44,1.9
1442,2020-12-09,43.46,42.61,44.1,42.45,186197,809292048.0,3.82,-1.43,-0.62,1.19
1443,2020-12-10,42.49,41.77,42.7,41.5,202827,861764304.0,2.82,-1.97,-0.84,1.29
1444,2020-12-11,41.88,41.17,42.5,40.3,353848,1481692976.0,5.27,-1.44,-0.6,2.26
1445,2020-12-14,41.41,42.61,43.0,41.15,273349,1165918032.0,4.49,3.5,1.44,1.74
1446,2020-12-15,42.62,44.65,45.0,42.43,386806,1730294304.0,6.03,4.79,2.04,2.47
1447,2020-12-16,44.65,43.81,44.79,43.3,223610,992101696.0,3.34,-1.88,-0.84,1.43
1448,2020-12-17,44.5,44.01,44.94,43.51,261263,1168983040.0,3.26,0.46,0.2,1.67
1449,2020-12-18,43.87,43.93,44.67,43.1,222538,988473120.0,3.57,-0.18,-0.08,1.42
1450,2020-12-21,43.9,43.79,44.31,42.38,253366,1111990544.0,4.39,-0.32,-0.14,1.62
1451,2020-12-22,43.81,44.5,45.56,43.81,435643,1975680960.0,4.0,1.62,0.71,2.78
1452,2020-12-23,44.42,43.55,44.42,43.18,291286,1280951984.0,2.79,-2.13,-0.95,1.86
1453,2020-12-24,43.6,41.6,43.64,41.54,260992,1120076464.0,4.82,-4.48,-1.95,1.67
1454,2020-12-25,41.59,41.88,42.07,41.11,171425,720972896.0,2.31,0.67,0.28,1.09
1455,2020-12-28,42.01,41.35,42.45,41.2,179348,758721024.0,2.98,-1.27,-0.53,1.14
1456,2020-12-29,41.35,40.4,41.6,40.31,215692,885953632.0,3.12,-2.3,-0.95,1.38
1457,2020-12-30,40.36,40.73,41.08,40.03,196929,808638384.0,2.6,0.82,0.33,1.26
1458,2020-12-31,40.61,41.74,42.0,40.51,246371,1034071056.0,3.66,2.48,1.01,1.57
1459,2021-01-04,41.7,41.35,41.95,40.84,277382,1156706640.0,2.66,-0.93,-0.39,1.77
1460,2021-01-05,41.21,43.78,43.79,41.08,458535,1976599152.0,6.55,5.88,2.43,2.93
1461,2021-01-06,44.5,45.15,45.45,43.53,533869,2406904496.0,4.39,3.13,1.37,3.41
1462,2021-01-07,45.16,46.97,47.46,44.72,604432,2827427328.0,6.07,4.03,1.82,3.86
1463,2021-01-08,47.11,49.89,49.92,46.76,663004,3249837648.0,6.73,6.22,2.92,4.23
1464,2021-01-11,49.96,49.45,51.62,47.61,628620,3138444608.0,8.04,-0.88,-0.44,4.01
1465,2021-01-12,48.8,52.47,52.83,48.51,523143,2702893488.0,8.74,6.11,3.02,3.34
1466,2021-01-13,52.47,51.77,52.89,50.5,389416,2023546800.0,4.55,-1.33,-0.7,2.49
1467,2021-01-14,51.77,50.43,52.06,48.01,521483,2621960640.0,7.82,-2.59,-1.34,3.33
1468,2021-01-15,49.7,48.83,49.93,48.09,341509,1690253232.0,3.65,-3.17,-1.6,2.18
1469,2021-01-18,48.5,50.3,50.97,48.2,279617,1414893088.0,5.67,3.01,1.47,1.78
1470,2021-01-19,50.29,50.7,51.98,50.01,310966,1605294688.0,3.92,0.8,0.4,1.98
1471,2021-01-20,50.74,49.24,51.05,49.14,240221,1207598352.0,3.77,-2.88,-1.46,1.53
1472,2021-01-21,49.2,48.67,50.61,48.59,277715,1381275664.0,4.1,-1.16,-0.57,1.77
1473,2021-01-22,48.8,50.9,50.9,48.01,407630,2045045840.0,5.94,4.58,2.23,2.6
1474,2021-01-25,50.95,48.83,51.38,48.8,354907,1770897424.0,5.07,-4.07,-2.07,2.26
1475,2021-01-26,48.73,49.07,49.69,48.18,229434,1134827312.0,3.09,0.49,0.24,1.46
1476,2021-01-27,48.52,47.27,48.75,46.34,277830,1329957120.0,4.91,-3.67,-1.8,1.77
1477,2021-01-28,46.51,45.49,47.82,45.45,277039,1296903248.0,5.01,-3.77,-1.78,1.77
1478,2021-01-29,45.71,45.49,46.18,44.51,221478,1017977744.0,3.67,0.0,0.0,1.41
1479,2021-02-01,45.5,46.22,46.7,45.15,159923,747712800.0,3.41,1.6,0.73,1.02
1480,2021-02-02,46.2,47.2,47.28,45.41,176590,832280656.0,4.05,2.12,0.98,1.13
1481,2021-02-03,46.94,46.25,47.6,46.03,164524,779028496.0,3.33,-2.01,-0.95,1.05
1482,2021-02-04,45.75,45.57,46.88,45.0,146167,678840528.0,4.06,-1.47,-0.68,0.93
1483,2021-02-05,45.78,49.5,50.16,45.5,439238,2167719728.0,10.23,8.62,3.93,2.8
1484,2021-02-08,49.4,50.02,50.68,48.74,331586,1665547648.0,3.92,1.05,0.52,2.12
1485,2021-02-09,49.71,50.33,50.79,48.36,315322,1584114256.0,4.86,0.62,0.31,2.01
1486,2021-02-10,50.56,53.48,54.0,49.8,467893,2478393360.0,8.34,6.26,3.15,2.99
1487,2021-02-18,53.81,49.16,53.9,49.1,500284,2567740544.0,8.98,-8.08,-4.32,3.19
1488,2021-02-19,48.0,47.57,48.53,46.16,329714,1574713472.0,4.82,-3.23,-1.59,2.1
1489,2021-02-22,47.17,46.61,47.7,46.3,227640,1080552192.0,2.94,-2.02,-0.96,1.45
1490,2021-02-23,46.29,47.13,47.62,46.18,170439,809468192.0,3.09,1.12,0.52,1.09
1491,2021-02-24,47.1,44.1,47.11,43.72,359871,1642864032.0,7.19,-6.43,-3.03,2.3
1492,2021-02-25,44.2,41.9,44.42,41.73,326250,1414271280.0,6.1,-4.99,-2.2,2.08
1493,2021-02-26,41.49,42.28,42.87,40.8,218292,928467504.0,4.94,0.91,0.38,1.39
1494,2021-03-01,42.49,42.5,42.68,41.82,165877,708833088.0,2.03,0.52,0.22,1.05
1495,2021-03-02,42.5,41.7,42.5,41.5,164160,695279344.0,2.35,-1.88,-0.8,1.04
1496,2021-03-03,41.51,42.21,42.21,41.36,121276,513683936.0,2.04,1.22,0.51,0.77
1497,2021-03-04,41.7,41.11,41.89,40.82,158456,661162320.0,2.53,-2.61,-1.1,1.01
1498,2021-03-05,40.4,40.95,41.35,40.26,119546,494945472.0,2.65,-0.39,-0.16,0.76
1499,2021-03-08,41.15,39.05,41.47,39.05,225683,916266720.0,5.91,-4.64,-1.9,1.44
1500,2021-03-09,39.05,37.25,39.2,35.47,271500,1020645472.0,9.55,-4.61,-1.8,1.73
1501,2021-03-10,37.79,36.84,37.88,36.43,181388,678632816.0,3.89,-1.1,-0.41,1.15
1502,2021-03-11,38.95,39.54,40.02,37.96,306460,1212345952.0,5.59,7.33,2.7,1.95
1503,2021-03-12,39.4,39.45,39.93,38.46,184929,734545232.0,3.72,-0.23,-0.09,1.18
1504,2021-03-15,39.33,38.12,39.33,37.8,151437,590290720.0,3.88,-3.37,-1.33,0.96
1505,2021-03-16,38.7,38.92,39.28,38.46,154179,607514960.0,2.15,2.1,0.8,0.98
1506,2021-03-17,38.81,39.07,39.97,38.67,133447,530641248.0,3.34,0.39,0.15,0.85
1507,2021-03-18,39.1,39.32,39.7,38.8,122385,487138624.0,2.3,0.64,0.25,0.78
1508,2021-03-19,38.7,38.24,39.06,37.86,135022,525476880.0,3.05,-2.75,-1.08,0.86
1509,2021-03-22,38.24,38.9,39.29,38.1,110742,434836752.0,3.11,1.73,0.66,0.7
1510,2021-03-23,39.14,38.71,39.44,38.2,104858,412353376.0,3.19,-0.49,-0.19,0.67
1511,2021-03-24,38.3,37.82,38.89,37.68,92898,359260608.0,3.13,-2.3,-0.89,0.59
1512,2021-03-25,37.93,38.04,38.25,37.23,78022,299750640.0,2.7,0.58,0.22,0.5
1513,2021-03-26,38.05,39.25,39.5,38.05,151962,600464560.0,3.81,3.18,1.21,0.97
1514,2021-03-29,39.5,39.63,40.2,39.2,153197,615209504.0,2.55,0.97,0.38,0.97
1515,2021-03-30,39.72,40.24,40.35,39.45,161717,655533168.0,2.27,1.54,0.61,1.03
1516,2021-03-31,40.11,39.25,40.4,38.9,179592,716335856.0,3.73,-2.46,-0.99,1.14
1517,2021-04-01,39.13,39.62,39.76,39.1,112576,450552576.0,1.68,0.94,0.37,0.72
1518,2021-04-02,39.72,39.78,39.84,38.91,151473,604708656.0,2.35,0.4,0.16,0.96
1519,2021-04-06,39.88,40.77,41.1,39.65,197005,809469888.0,3.65,2.49,0.99,1.25
1520,2021-04-07,40.48,40.59,40.77,39.41,177625,719284160.0,3.34,-0.44,-0.18,1.13
1521,2021-04-08,40.27,42.24,42.6,40.12,323930,1375999696.0,6.11,4.07,1.65,2.06
1522,2021-04-09,42.39,41.21,42.39,40.81,187353,783125984.0,3.74,-2.44,-1.03,1.19
1523,2021-04-12,40.9,40.45,41.5,40.2,126882,523319472.0,3.15,-1.84,-0.76,0.81
1524,2021-04-13,40.06,40.68,41.47,40.01,132181,547062624.0,3.61,0.57,0.23,0.84
1525,2021-04-14,40.81,41.72,41.97,40.71,202079,852224960.0,3.1,2.56,1.04,1.29
1526,2021-04-15,41.68,42.31,42.38,41.41,150883,641114368.0,2.33,1.41,0.59,0.96
1527,2021-04-16,42.31,42.28,42.72,41.39,121162,515397568.0,3.14,-0.07,-0.03,0.77
1528,2021-04-19,42.85,43.63,44.35,42.26,250232,1099517808.0,4.94,3.19,1.35,1.59
1529,2021-04-20,45.3,43.88,45.5,43.65,250695,1126904336.0,4.24,0.57,0.25,1.59
1530,2021-04-21,43.38,43.73,45.05,43.2,279396,1248257840.0,4.22,-0.34,-0.15,1.78
1531,2021-04-22,44.03,42.69,44.07,42.3,270698,1171465488.0,4.05,-2.38,-1.04,1.72
1532,2021-04-23,42.89,42.81,43.36,42.42,239130,1037230672.0,2.2,0.28,0.12,1.52
1533,2021-04-26,43.72,43.9,45.38,43.57,418364,1879577248.0,4.23,2.55,1.09,2.66
1534,2021-04-27,43.98,44.37,44.79,43.34,265367,1190836272.0,3.3,1.07,0.47,1.69
1535,2021-04-28,44.1,44.27,44.7,42.97,314942,1392293824.0,3.9,-0.23,-0.1,2.0
1536,2021-04-29,43.84,42.56,44.16,42.55,275656,1200281680.0,3.64,-3.86,-1.71,1.75
1537,2021-04-30,41.44,41.58,42.48,40.58,338154,1423510240.0,4.46,-2.3,-0.98,2.15
1538,2021-05-06,41.2,39.21,41.2,39.0,368953,1479706704.0,5.29,-5.7,-2.37,2.35
1539,2021-05-07,39.25,37.75,39.6,37.75,257520,1005583888.0,4.72,-3.72,-1.46,1.64
1540,2021-05-10,38.1,38.2,38.94,37.68,226048,876183104.0,3.34,1.19,0.45,1.44
1541,2021-05-11,37.88,38.15,38.3,37.3,186231,712069776.0,2.62,-0.13,-0.05,1.18
1542,2021-05-12,38.27,38.63,38.67,37.53,197165,759894400.0,2.99,1.26,0.48,1.25
1543,2021-05-13,38.14,38.73,39.15,38.0,212310,831134736.0,2.98,0.26,0.1,1.35
1544,2021-05-14,38.76,39.75,40.2,38.2,285649,1144433216.0,5.16,2.63,1.02,1.82
1545,2021-05-17,39.86,39.88,40.79,39.6,267977,1089385936.0,2.99,0.33,0.13,1.7
1546,2021-05-18,39.88,39.08,40.0,38.77,197654,782577200.0,3.08,-2.01,-0.8,1.26
1547,2021-05-19,38.98,38.6,38.98,38.3,193207,754755088.0,1.74,-1.23,-0.48,1.23
1548,2021-05-20,38.39,38.94,39.39,38.38,185085,730032224.0,2.62,0.88,0.34,1.18
1549,2021-05-21,39.18,38.09,39.28,37.95,208496,811373856.0,3.42,-2.18,-0.85,1.33
1550,2021-05-24,38.17,38.72,39.03,37.39,174401,674990496.0,4.31,1.65,0.63,1.11
1551,2021-05-25,39.36,40.09,40.14,39.21,302170,1215834608.0,2.4,3.54,1.37,1.92
1552,2021-05-26,40.09,39.65,40.5,39.58,222187,898538640.0,2.29,-1.1,-0.44,1.41
1553,2021-05-27,39.79,40.31,40.31,39.21,199260,803878064.0,2.77,1.66,0.66,1.27
1554,2021-05-28,40.36,39.42,40.43,39.21,188788,758558528.0,3.03,-2.21,-0.89,1.2
1555,2021-05-31,39.43,39.9,40.63,39.43,223594,907584752.0,3.04,1.22,0.48,1.42
1556,2021-06-01,40.0,39.55,40.61,39.22,228442,916154736.0,3.48,-0.88,-0.35,1.45
1557,2021-06-02,39.62,38.3,39.69,38.14,276188,1079438352.0,3.92,-3.16,-1.25,1.76
1558,2021-06-03,38.3,37.93,38.65,37.89,158641,613141056.0,1.98,-0.97,-0.37,1.01
1559,2021-06-04,37.95,38.29,38.55,37.8,118387,458288032.0,1.98,0.95,0.36,0.75
1560,2021-06-07,38.49,38.35,38.52,38.02,105414,408386608.0,1.31,0.16,0.06,0.67
1561,2021-06-08,38.44,37.89,38.51,37.73,131384,506513808.0,2.03,-1.2,-0.46,0.84
1562,2021-06-09,37.9,38.02,38.1,37.64,91801,353018480.0,1.21,0.34,0.13,0.58
1563,2021-06-10,38.03,37.78,38.27,37.75,127255,488314576.0,1.37,-0.63,-0.24,0.81
1564,2021-06-11,37.8,36.5,37.86,36.38,279172,1042829728.0,3.92,-3.39,-1.28,1.78
1565,2021-06-15,36.51,36.58,37.38,36.0,162573,603263280.0,3.78,0.22,0.08,1.03
1566,2021-06-16,36.71,36.28,36.78,36.0,123161,452431600.0,2.13,-0.82,-0.3,0.78
1567,2021-06-17,36.28,36.19,36.56,36.05,81815,300624512.0,1.41,-0.25,-0.09,0.52
1568,2021-06-18,36.18,35.64,36.18,35.55,124050,449357936.0,1.74,-1.52,-0.55,0.79
1569,2021-06-21,35.5,37.09,37.27,35.15,174721,644186688.0,5.95,4.07,1.45,1.11
1570,2021-06-22,37.15,36.83,37.19,36.61,100176,373957744.0,1.56,-0.7,-0.26,0.64
1571,2021-06-23,37.08,36.47,37.08,36.26,113885,418068752.0,2.23,-0.98,-0.36,0.72
1572,2021-06-24,36.3,36.04,36.4,35.93,86396,313468800.0,1.29,-1.18,-0.43,0.55
1573,2021-06-25,36.04,36.74,36.96,35.91,130994,482627440.0,2.91,1.94,0.7,0.83
1574,2021-06-28,36.8,37.19,37.44,36.35,162107,601417088.0,2.97,1.22,0.45,1.03
1575,2021-06-29,37.01,36.82,37.45,36.7,116552,434281008.0,2.02,-0.99,-0.37,0.74
1576,2021-06-30,36.81,36.48,37.09,36.3,121072,445296496.0,2.15,-0.92,-0.34,0.77
1577,2021-07-01,36.48,36.87,37.29,36.21,161658,598702336.0,2.96,1.07,0.39,1.03
1578,2021-07-02,36.8,36.35,37.15,36.32,172664,637077424.0,2.25,-1.41,-0.52,1.1
1579,2021-07-05,36.2,37.18,38.18,35.86,244728,916806816.0,6.38,2.28,0.83,1.56
1580,2021-07-06,37.11,37.0,37.88,36.3,186108,689656944.0,4.25,-0.48,-0.18,1.18
1581,2021-07-07,36.68,36.4,36.8,36.1,154467,565737840.0,1.89,-1.62,-0.6,0.98
1582,2021-07-08,36.35,35.38,36.5,35.33,210291,754131744.0,3.21,-2.8,-1.02,1.34
1583,2021-07-09,35.3,35.71,35.88,35.22,129030,461509072.0,1.87,0.93,0.33,0.82
1584,2021-07-12,35.99,37.8,38.2,35.6,446349,1675480176.0,7.28,5.85,2.09,2.84
1585,2021-07-13,38.1,37.72,38.15,37.38,207862,787882688.0,2.04,-0.21,-0.08,1.32
1586,2021-07-14,37.77,38.3,39.0,37.52,388230,1500992224.0,3.92,1.54,0.58,2.47
1587,2021-07-15,38.32,37.56,38.35,37.1,210580,793861728.0,3.26,-1.93,-0.74,1.34
1588,2021-07-16,37.56,36.83,37.63,36.7,172460,641551840.0,2.48,-1.94,-0.73,1.1
1589,2021-07-19,36.66,37.22,37.47,36.27,157011,585418960.0,3.26,1.06,0.39,1.0
1590,2021-07-20,37.2,39.32,39.46,37.08,489797,1914854640.0,6.39,5.64,2.1,3.12
1591,2021-07-21,38.8,39.4,39.69,38.75,367377,1450666048.0,2.39,0.2,0.08,2.34
1592,2021-07-22,39.28,38.7,39.28,38.4,236827,920642384.0,2.23,-1.78,-0.7,1.51
1593,2021-07-23,38.4,37.92,39.04,37.6,222595,853488112.0,3.72,-2.02,-0.78,1.42
1594,2021-07-26,37.98,36.26,38.3,36.01,265290,984641040.0,6.04,-4.38,-1.66,1.69
1595,2021-07-27,36.0,35.69,36.8,35.44,225217,815482144.0,3.75,-1.57,-0.57,1.43
1596,2021-07-28,35.8,36.7,36.75,35.31,203198,739999984.0,4.03,2.83,1.01,1.29
1597,2021-07-29,36.95,36.59,37.24,36.21,195735,720216192.0,2.81,-0.3,-0.11,1.25
1598,2021-07-30,36.34,36.59,37.04,35.5,202548,736649424.0,4.21,0.0,0.0,1.29
1599,2021-08-02,36.79,37.2,37.45,36.16,230009,854901040.0,3.53,1.67,0.61,1.46
1600,2021-08-03,37.18,38.79,39.15,36.9,398469,1537856128.0,6.05,4.27,1.59,2.54
1601,2021-08-04,38.82,38.46,38.84,37.66,289143,1113165776.0,3.04,-0.85,-0.33,1.84
1602,2021-08-05,38.15,38.46,39.45,38.05,265299,1033517056.0,3.64,0.0,0.0,1.69
1603,2021-08-06,37.9,37.17,38.01,36.85,223590,839490272.0,3.02,-3.35,-1.29,1.42
1604,2021-08-09,36.78,37.9,38.48,36.6,182371,690946208.0,5.06,1.96,0.73,1.16
1605,2021-08-10,37.81,37.89,37.98,37.33,148621,562986016.0,1.72,-0.03,-0.01,0.95
1606,2021-08-11,37.88,37.17,38.43,37.08,173217,653675360.0,3.56,-1.9,-0.72,1.1
1607,2021-08-12,36.81,36.75,37.37,36.69,135284,501254032.0,1.83,-1.13,-0.42,0.86
1608,2021-08-13,36.7,36.88,37.06,36.6,113396,419401600.0,1.25,0.35,0.13,0.72
1609,2021-08-16,36.81,36.6,37.16,36.6,113693,420444656.0,1.52,-0.76,-0.28,0.72
1610,2021-08-17,36.53,35.86,36.8,35.8,138290,503208800.0,2.73,-2.02,-0.74,0.88
1611,2021-08-18,36.29,36.05,36.29,35.68,87806,317462720.0,1.7,0.53,0.19,0.56
1612,2021-08-19,36.21,36.2,36.64,35.94,95105,346781888.0,1.94,0.42,0.15,0.61
1613,2021-08-20,36.05,35.6,36.09,35.27,138515,496050272.0,2.27,-1.66,-0.6,0.88
1614,2021-08-23,35.53,35.9,35.94,35.39,90889,327103280.0,1.54,0.84,0.3,0.58
1615,2021-08-24,35.86,36.19,36.27,35.59,129140,466716272.0,1.89,0.81,0.29,0.82
1616,2021-08-25,36.2,35.89,36.48,35.81,107420,389888992.0,1.85,-0.83,-0.3,0.68
1617,2021-08-26,36.14,35.41,36.17,35.3,140060,499261536.0,2.42,-1.34,-0.48,0.89
1618,2021-08-27,35.3,31.85,35.6,31.85,321660,1071198576.0,10.59,-10.05,-3.56,2.05
1619,2021-08-30,28.91,28.79,30.2,28.65,560717,1639574192.0,4.87,-9.61,-3.06,3.57
1620,2021-08-31,28.94,29.23,29.29,28.54,244958,715108432.0,2.61,1.53,0.44,1.56
1621,2021-09-01,29.22,29.67,29.97,28.81,184099,544839312.0,3.97,1.51,0.44,1.17
1622,2021-09-02,29.6,29.69,30.28,29.41,169145,507713920.0,2.93,0.07,0.02,1.08
1623,2021-09-03,29.6,29.51,29.95,29.25,122360,365035888.0,2.36,-0.61,-0.18,0.78
1624,2021-09-06,29.88,30.13,30.6,29.79,167693,510402992.0,2.74,2.1,0.62,1.07
1625,2021-09-07,30.4,29.93,30.46,29.82,144429,435496688.0,2.12,-0.66,-0.2,0.92
1626,2021-09-08,29.93,29.62,30.1,29.6,146173,437917392.0,1.67,-1.04,-0.31,0.93
1627,2021-09-09,29.68,29.55,29.89,29.48,126354,377371696.0,1.38,-0.24,-0.07,0.8
1628,2021-09-10,29.43,29.2,29.69,29.16,175455,519104960.0,1.79,-1.18,-0.35,1.12
1629,2021-09-13,29.26,28.86,29.56,28.8,157726,461629408.0,2.6,-1.16,-0.34,1.0
1630,2021-09-14,28.86,28.6,29.17,28.51,171505,496624896.0,2.29,-0.9,-0.26,1.09
1631,2021-09-15,28.6,27.59,28.67,27.4,247880,691897200.0,4.44,-3.53,-1.01,1.58
1632,2021-09-16,27.65,27.58,28.05,27.4,177991,496499136.0,2.36,-0.04,-0.01,1.13
1633,2021-09-17,27.5,28.03,28.37,26.7,272812,755466928.0,6.06,1.63,0.45,1.74
1634,2021-09-22,27.7,27.36,27.71,27.05,153784,423805760.0,2.35,-2.39,-0.67,0.98
1635,2021-09-23,27.4,27.98,28.16,27.39,230322,646133088.0,2.81,2.27,0.62,1.47
1636,2021-09-24,28.04,27.97,28.3,27.69,190322,537880720.0,2.18,-0.04,-0.01,1.21
1637,2021-09-27,28.01,28.12,28.54,27.81,171854,487107600.0,2.61,0.54,0.15,1.09
1638,2021-09-28,27.9,27.91,28.05,27.35,112702,314989072.0,2.49,-0.75,-0.21,0.72
1639,2021-09-29,27.67,27.48,27.93,27.41,97805,271740048.0,1.86,-1.54,-0.43,0.62
1640,2021-09-30,27.75,27.7,28.13,27.57,94079,263558749.0,2.04,0.8,0.22,0.6
1641,2021-10-08,27.71,28.35,28.45,27.71,177799,505189984.0,2.67,2.35,0.65,1.13
1642,2021-10-11,28.51,28.55,29.19,28.23,170343,490869888.0,3.39,0.71,0.2,1.08
1643,2021-10-12,28.56,29.09,29.29,28.32,266609,777178496.0,3.4,1.89,0.54,1.7
1644,2021-10-13,28.95,30.17,30.18,28.68,273854,814495056.0,5.16,3.71,1.08,1.74
1645,2021-10-14,31.2,30.4,31.78,29.81,302261,937172432.0,6.53,0.76,0.23,1.92
1646,2021-10-15,29.88,29.6,30.27,29.44,198945,595663712.0,2.73,-2.63,-0.8,1.27
1647,2021-10-18,29.39,29.17,29.81,28.85,123523,363560800.0,3.24,-1.45,-0.43,0.79
1648,2021-10-19,29.08,29.64,30.0,29.05,120128,358204016.0,3.26,1.61,0.47,0.76
1649,2021-10-20,29.5,29.81,29.89,29.1,99783,296679616.0,2.67,0.57,0.17,0.64
1650,2021-10-21,29.83,29.42,29.89,29.42,63834,190105200.0,1.58,-1.31,-0.39,0.41
1651,2021-10-22,29.38,29.72,30.1,29.2,113907,341520432.0,3.06,1.02,0.3,0.73
1652,2021-10-25,29.68,29.2,30.0,28.95,122839,362541472.0,3.53,-1.75,-0.52,0.78
1653,2021-10-26,29.14,28.54,29.52,28.49,136204,396628912.0,3.53,-2.26,-0.66,0.87
1654,2021-10-27,28.5,27.75,28.79,27.68,148722,419839856.0,3.89,-2.77,-0.79,0.95
1655,2021-10-28,27.5,28.68,28.95,27.48,161253,462761232.0,5.3,3.35,0.93,1.03
1656,2021-10-29,28.69,29.5,29.75,28.42,165594,487325376.0,4.64,2.86,0.82,1.05
1657,2021-11-01,30.37,30.31,30.77,29.57,317063,965753984.0,4.07,2.75,0.81,2.02
1658,2021-11-02,30.28,30.12,31.01,29.91,212986,653422880.0,3.63,-0.63,-0.19,1.36
1659,2021-11-03,30.18,30.47,31.05,30.18,150433,463896800.0,2.89,1.16,0.35,0.96
1660,2021-11-04,30.48,30.64,30.87,30.23,126506,389725664.0,2.1,0.56,0.17,0.81
1661,2021-11-05,30.62,30.94,31.43,30.55,171621,536514016.0,2.87,0.98,0.3,1.09
1662,2021-11-08,30.93,30.02,30.93,29.65,177274,535495664.0,4.14,-2.97,-0.92,1.13
1663,2021-11-09,29.93,29.42,30.19,29.38,161004,479709440.0,2.7,-2.0,-0.6,1.03
1664,2021-11-10,29.41,29.6,29.87,28.9,177541,526045728.0,3.3,0.61,0.18,1.13
1665,2021-11-11,29.41,29.74,30.25,29.2,135657,406192048.0,3.55,0.47,0.14,0.86
1666,2021-11-12,29.68,29.35,29.73,29.13,112003,331517472.0,2.02,-1.31,-0.39,0.71
1667,2021-11-15,29.18,29.71,29.83,29.17,131164,390844992.0,2.25,1.23,0.36,0.84
1668,2021-11-16,29.71,29.97,30.21,29.54,174933,527464480.0,2.26,0.88,0.26,1.11
1669,2021-11-17,30.05,30.02,30.37,29.35,159612,480639376.0,3.4,0.17,0.05,1.02
1670,2021-11-18,29.98,28.88,30.02,28.85,200098,589848976.0,3.9,-3.8,-1.14,1.27
1671,2021-11-19,28.83,28.92,29.05,28.66,109944,319607600.0,1.35,0.14,0.04,0.7
1672,2021-11-22,29.0,28.49,29.04,28.38,205810,591889408.0,2.28,-1.49,-0.43,1.31
1673,2021-11-23,28.5,28.57,28.74,28.4,100151,288008464.0,1.19,0.28,0.08,0.64
1674,2021-11-24,28.58,28.65,28.72,28.33,98857,284387824.0,1.37,0.28,0.08,0.63
1675,2021-11-25,28.7,28.95,29.1,28.58,127113,369916800.0,1.82,1.05,0.3,0.81
1676,2021-11-26,28.95,28.63,29.09,28.5,93368,269623424.0,2.04,-1.11,-0.32,0.59
1677,2021-11-29,29.38,28.99,29.9,28.81,245047,721805840.0,3.81,1.26,0.36,1.56
1678,2021-11-30,28.7,28.7,28.85,28.4,193246,555793536.0,1.55,-1.0,-0.29,1.23
1679,2021-12-01,28.6,28.31,28.71,28.16,151565,432725632.0,1.92,-1.36,-0.39,0.96
1680,2021-12-02,28.2,28.11,28.54,28.08,121600,346160064.0,1.62,-0.71,-0.2,0.77
1681,2021-12-03,28.12,28.25,28.25,27.93,90931,257648475.0,1.14,0.5,0.14,0.58
1682,2021-12-06,28.1,27.84,28.22,27.81,123907,348935824.0,1.45,-1.45,-0.41,0.79
1683,2021-12-07,27.9,27.95,28.03,27.73,89098,250128664.0,1.08,0.4,0.11,0.57
1684,2021-12-08,27.96,28.19,28.19,27.81,86966,245989774.0,1.36,0.86,0.24,0.55
1685,2021-12-09,28.2,28.91,28.92,28.13,213073,615468496.0,2.8,2.55,0.72,1.36
1686,2021-12-10,28.92,28.68,29.19,28.44,191151,553119552.0,2.59,-0.8,-0.23,1.22
1687,2021-12-13,28.68,28.74,29.09,28.6,139261,404694288.0,1.71,0.21,0.06,0.89
1688,2021-12-14,28.75,29.08,29.28,28.69,162449,475758464.0,2.05,1.18,0.34,1.03
1689,2021-12-15,29.08,28.53,29.14,28.48,133653,386234880.0,2.27,-1.89,-0.55,0.85
1690,2021-12-16,28.53,28.21,28.72,28.12,142146,405059680.0,2.1,-1.12,-0.32,0.91
1691,2021-12-17,28.22,28.13,28.35,28.01,107349,304240144.0,1.21,-0.28,-0.08,0.68
1692,2021-12-20,28.1,28.01,28.45,27.92,112866,320600736.0,1.88,-0.43,-0.12,0.72
1693,2021-12-21,28.02,28.18,28.3,28.02,78204,221725422.0,1.0,0.61,0.17,0.5
1694,2021-12-22,28.19,28.28,28.43,28.07,81927,233102955.0,1.28,0.35,0.1,0.52
1695,2021-12-23,28.29,28.0,28.33,27.95,98297,277736816.0,1.34,-0.99,-0.28,0.63
1696,2021-12-24,27.98,28.19,28.4,27.85,125777,356911040.0,1.96,0.68,0.19,0.8
1697,2021-12-27,28.26,28.84,28.88,28.2,179142,515893808.0,2.41,2.31,0.65,1.14
1698,2021-12-28,28.91,28.79,29.16,28.55,136567,395641216.0,2.12,-0.17,-0.05,0.87
1699,2021-12-29,28.84,28.76,29.02,28.65,121332,352423792.0,1.29,-0.1,-0.03,0.77
1700,2021-12-30,28.76,28.8,28.89,28.52,126672,366163008.0,1.29,0.14,0.04,0.81
1701,2021-12-31,28.8,28.94,29.0,28.7,137002,398617312.0,1.04,0.49,0.14,0.87
1702,2022-01-04,28.98,29.28,29.45,28.97,212683,626424976.0,1.66,1.17,0.34,1.35
1703,2022-01-05,29.44,28.88,29.45,28.8,157590,460317600.0,2.22,-1.37,-0.4,1.0
1704,2022-01-06,28.77,28.96,29.08,28.55,121711,352658352.0,1.84,0.28,0.08,0.78
1705,2022-01-07,28.99,29.24,29.68,28.91,226303,669449776.0,2.66,0.97,0.28,1.44
1706,2022-01-10,29.35,29.74,29.9,29.1,203621,607193232.0,2.74,1.71,0.5,1.3
1707,2022-01-11,29.63,29.56,29.74,29.31,162346,482452960.0,1.45,-0.61,-0.18,1.03
1708,2022-01-12,29.5,29.73,29.87,29.21,179740,536417904.0,2.23,0.58,0.17,1.14
1709,2022-01-13,29.97,28.96,30.32,28.95,254541,756110320.0,4.61,-2.59,-0.77,1.62
1710,2022-01-14,28.72,30.45,30.57,28.68,458403,1382985680.0,6.53,5.15,1.49,2.92
1711,2022-01-17,30.61,30.79,31.02,30.1,396177,1221708368.0,3.02,1.12,0.34,2.52
1712,2022-01-18,30.26,29.63,30.5,29.4,265856,797936256.0,3.57,-3.77,-1.16,1.69
1713,2022-01-19,29.6,27.95,29.76,27.23,466059,1324351824.0,8.54,-5.67,-1.68,2.97
1714,2022-01-20,27.69,27.53,28.05,27.31,229493,637059440.0,2.65,-1.5,-0.42,1.46
1715,2022-01-21,27.54,26.2,27.62,26.2,334478,893464304.0,5.16,-4.83,-1.33,2.13
1716,2022-01-24,26.01,26.45,26.63,25.96,110467,293212576.0,2.56,0.95,0.25,0.7
1717,2022-01-25,26.3,25.82,26.46,25.8,107365,281579952.0,2.5,-2.38,-0.63,0.68
1718,2022-01-26,25.84,26.04,26.18,25.6,88233,230373777.0,2.25,0.85,0.22,0.56
1719,2022-01-27,25.87,25.07,26.0,24.88,145736,371212512.0,4.3,-3.73,-0.97,0.93
1720,2022-01-28,25.26,25.02,25.49,25.01,83966,213191295.0,1.91,-0.2,-0.05,0.53
1721,2022-02-07,25.6,25.56,25.75,25.23,66900,171772201.0,2.08,2.16,0.54,0.43
1722,2022-02-08,25.69,26.12,26.29,25.45,109979,288552336.0,3.29,2.19,0.56,0.7
1723,2022-02-09,26.3,26.12,26.3,25.9,99584,261338465.0,1.53,0.0,0.0,0.63
1724,2022-02-10,26.12,26.05,26.24,25.9,68547,179797002.0,1.3,-0.27,-0.07,0.44
1725,2022-02-11,25.98,25.37,26.02,25.25,100820,259728304.0,2.96,-2.61,-0.68,0.64
1726,2022-02-14,25.38,25.53,25.7,25.17,73232,188130568.0,2.09,0.63,0.16,0.47
1727,2022-02-15,25.54,26.1,26.17,25.47,98347,256290265.0,2.74,2.23,0.57,0.63
1728,2022-02-16,25.88,26.02,26.23,25.88,71359,187230730.0,1.34,-0.31,-0.08,0.45
1729,2022-02-17,26.03,26.13,26.17,25.95,77379,203299108.0,0.85,0.42,0.11,0.49
1730,2022-02-18,26.0,25.9,26.05,25.61,70428,183431283.0,1.68,-0.88,-0.23,0.45
1731,2022-02-21,25.78,26.04,26.16,25.65,77029,201770868.0,1.97,0.54,0.14,0.49
1732,2022-02-22,25.89,25.35,25.89,25.28,101029,259242211.0,2.34,-2.65,-0.69,0.64
1733,2022-02-23,25.3,25.6,25.62,25.29,76567,196813794.0,1.3,0.99,0.25,0.49
1734,2022-02-24,25.54,24.76,25.58,24.6,144360,363933840.0,3.83,-3.28,-0.84,0.92
1735,2022-02-25,24.86,25.32,25.46,24.86,118549,301309168.0,2.42,2.26,0.56,0.75
1736,2022-02-28,25.41,25.5,25.66,25.11,98192,251814781.0,2.17,0.71,0.18,0.62
1737,2022-03-01,25.65,25.64,25.87,25.49,75194,194380530.0,1.49,0.55,0.14,0.48
1738,2022-03-02,25.46,25.42,25.54,25.03,103302,262985684.0,1.99,-0.86,-0.22,0.66
1739,2022-03-03,25.4,25.26,25.58,25.2,67580,172433636.0,1.49,-0.63,-0.16,0.43
1740,2022-03-04,25.13,25.02,25.48,25.0,92345,234586279.0,1.9,-0.95,-0.24,0.59
1741,2022-03-07,25.01,24.0,25.08,23.94,150370,368662208.0,4.56,-4.08,-1.02,0.96
1742,2022-03-08,24.0,23.16,24.1,23.0,126824,300449904.0,4.58,-3.5,-0.84,0.81
1743,2022-03-09,23.16,22.3,23.35,21.39,197708,446181408.0,8.46,-3.71,-0.86,1.26
1744,2022-03-10,22.73,22.59,22.88,22.47,131072,299527456.0,1.84,1.3,0.29,0.83
1745,2022-03-11,22.31,23.58,23.6,22.11,231679,541597648.0,6.6,4.38,0.99,1.47
1746,2022-03-14,23.58,23.07,23.92,22.97,198528,470057168.0,4.03,-2.16,-0.51,1.26
1747,2022-03-15,22.68,21.78,22.92,21.77,176277,398969152.0,4.98,-5.59,-1.29,1.12
1748,2022-03-16,22.29,22.19,22.38,21.06,175559,384890320.0,6.06,1.88,0.41,1.12
1749,2022-03-17,22.23,22.41,23.05,22.14,217346,494256096.0,4.1,0.99,0.22,1.38
1750,2022-03-18,22.25,22.67,22.75,22.16,134484,305416656.0,2.63,1.16,0.26,0.85
1751,2022-03-21,22.69,23.01,23.12,22.57,153866,354220928.0,2.43,1.5,0.34,0.98
1752,2022-03-22,22.8,22.43,22.81,22.43,125634,285810688.0,1.65,-2.52,-0.58,0.8
1753,2022-03-23,22.5,22.66,22.86,22.3,101889,232452814.0,2.5,1.03,0.23,0.65
1754,2022-03-24,22.51,22.78,22.97,22.24,131063,299846144.0,3.22,0.53,0.12,0.83
1755,2022-03-25,22.7,22.15,22.83,22.15,121609,275596960.0,2.99,-2.77,-0.63,0.77
1756,2022-03-28,22.0,22.07,22.27,21.85,95699,213049498.0,1.9,-0.36,-0.08,0.61
1757,2022-03-29,22.13,22.03,22.43,21.95,88437,197858151.0,2.17,-0.18,-0.04,0.56
1758,2022-03-30,21.36,20.49,21.4,19.86,477939,982904096.0,6.99,-6.99,-1.54,3.04
1759,2022-03-31,20.21,20.11,20.57,20.06,242155,495992320.0,2.49,-1.85,-0.38,1.54
1760,2022-04-01,20.08,20.01,20.17,19.6,194720,391163072.0,2.83,-0.5,-0.1,1.24
1761,2022-04-06,19.98,20.01,20.3,19.76,188084,379594944.0,2.7,0.0,0.0,1.19
1762,2022-04-07,19.95,19.45,20.11,19.44,209045,416086032.0,3.35,-2.8,-0.56,1.33
1763,2022-04-08,19.45,19.25,19.57,18.92,185583,360268752.0,3.34,-1.03,-0.2,1.18
1764,2022-04-11,18.98,18.54,19.08,18.41,213119,402354304.0,3.48,-3.69,-0.71,1.35
1765,2022-04-12,18.48,18.78,18.82,18.18,154463,289183664.0,3.45,1.29,0.24,0.98
1766,2022-04-13,18.65,18.14,18.65,18.14,138923,257805583.0,2.72,-3.41,-0.64,0.88
1767,2022-04-14,18.2,18.33,18.51,18.2,113566,210758167.0,1.71,1.05,0.19,0.72
1768,2022-04-15,18.25,18.35,18.55,18.15,103659,192437863.0,2.18,0.11,0.02,0.66
1769,2022-04-18,18.27,18.33,18.6,17.88,119574,219941218.0,3.92,-0.11,-0.02,0.76
1770,2022-04-19,18.3,17.72,18.39,17.53,274500,495055248.0,4.69,-3.33,-0.61,1.74
1771,2022-04-20,17.54,17.5,18.02,17.41,268166,480104704.0,3.44,-1.24,-0.22,1.7
1772,2022-04-21,17.45,16.97,17.62,16.91,223076,389682544.0,4.06,-3.03,-0.53,1.42
1773,2022-04-22,16.79,16.74,17.03,16.48,159774,270877088.0,3.24,-1.36,-0.23,1.02
1774,2022-04-25,16.4,15.61,16.58,15.61,239837,390753360.0,5.79,-6.75,-1.13,1.52
1775,2022-04-26,15.8,15.44,15.95,15.41,208594,331507552.0,3.46,-1.09,-0.17,1.33
1776,2022-04-27,15.22,15.71,15.71,14.81,265236,410762048.0,5.83,1.75,0.27,1.68
1777,2022-04-28,15.64,15.34,15.76,15.15,208491,325993008.0,3.88,-2.36,-0.37,1.32
1778,2022-04-29,15.8,16.49,16.55,15.67,290004,476632272.0,5.74,7.5,1.15,1.84
1779,2022-05-05,16.51,16.84,17.01,16.21,232625,394656832.0,4.85,2.12,0.35,1.48
1780,2022-05-06,16.44,16.54,16.73,16.36,126684,212051408.0,2.2,-1.78,-0.3,0.8
1781,2022-05-09,16.47,16.7,16.82,16.41,117038,197372991.0,2.48,0.97,0.16,0.74
1782,2022-05-10,16.55,16.63,16.73,16.36,141534,237226138.0,2.22,-0.42,-0.07,0.9
1783,2022-05-11,16.67,16.79,17.16,16.67,206529,354916832.0,2.95,0.96,0.16,1.31
1784,2022-05-12,16.6,16.85,17.0,16.51,135937,231197315.0,2.92,0.36,0.06,0.86
1785,2022-05-13,16.95,16.74,17.22,16.51,138557,234846414.0,4.21,-0.65,-0.11,0.88
1786,2022-05-16,16.8,16.47,17.0,16.35,160210,269586768.0,3.88,-1.61,-0.27,1.02
1787,2022-05-17,16.49,16.19,16.5,16.0,149722,245027521.0,3.04,-1.7,-0.28,0.95
1788,2022-05-18,16.37,16.46,16.76,16.19,176880,296329184.0,3.52,1.67,0.27,1.13
1789,2022-05-19,16.25,16.34,16.38,15.95,154983,253389929.0,2.61,-0.73,-0.12,0.99
1790,2022-05-20,16.55,17.04,17.49,16.55,325648,562510736.0,5.75,4.28,0.7,2.07
1791,2022-05-23,17.4,17.28,17.8,17.04,434111,764040176.0,4.46,1.41,0.24,2.76
1792,2022-05-24,17.56,19.03,19.03,17.32,997481,1846902704.0,9.9,10.13,1.75,6.35
1793,2022-05-25,19.3,20.24,20.5,19.01,1186317,2386770576.0,7.83,6.36,1.21,7.55
1794,2022-05-26,19.8,19.14,20.0,18.94,681179,1330914480.0,5.24,-5.43,-1.1,4.33
1795,2022-05-27,19.07,18.55,19.18,18.39,550326,1041013024.0,4.13,-3.08,-0.59,3.5
1796,2022-05-30,18.46,18.73,18.82,18.1,385464,720465760.0,3.88,0.97,0.18,2.45
1797,2022-05-31,18.5,18.5,18.54,18.0,350392,647822064.0,2.88,-1.23,-0.23,2.23
1798,2022-06-01,18.52,18.3,18.74,18.21,263508,491159248.0,2.86,-1.08,-0.2,1.68
1799,2022-06-02,18.35,18.29,18.53,17.9,269828,495173024.0,3.44,-0.05,-0.01,1.72
1800,2022-06-06,18.1,18.55,18.56,18.06,258225,480112048.0,2.73,1.42,0.26,1.64
1801,2022-06-07,18.56,18.61,18.74,18.21,303831,569060112.0,2.86,0.32,0.06,1.93
1802,2022-06-08,18.65,19.7,19.7,18.52,563666,1096194848.0,6.34,5.86,1.09,3.59
1803,2022-06-09,19.5,19.08,19.97,19.0,369168,723792640.0,4.92,-3.15,-0.62,2.35
1804,2022-06-10,18.87,19.07,19.25,18.73,243082,465812688.0,2.73,-0.05,-0.01,1.55
1805,2022-06-13,18.8,19.09,19.3,18.8,208665,400301856.0,2.62,0.1,0.02,1.33
1806,2022-06-14,18.9,18.94,19.0,18.4,229917,434652464.0,3.14,-0.79,-0.15,1.46
1807,2022-06-15,19.5,20.09,20.47,19.4,695653,1405087168.0,5.65,6.07,1.15,4.43
1808,2022-06-16,20.35,21.2,21.86,20.29,683149,1449428896.0,7.81,5.53,1.11,4.35
1809,2022-06-17,21.15,21.36,21.56,20.56,446690,941612208.0,4.72,0.75,0.16,2.84
1810,2022-06-20,21.65,22.86,23.0,21.63,550975,1235615776.0,6.41,7.02,1.5,3.51
1811,2022-06-21,22.9,21.51,22.9,21.35,531280,1169835424.0,6.78,-5.91,-1.35,3.38
1812,2022-06-22,21.4,21.56,22.1,21.33,320252,693967536.0,3.58,0.23,0.05,2.04
1813,2022-06-23,21.47,21.8,21.92,21.16,210453,454705664.0,3.53,1.11,0.24,1.34
1814,2022-06-24,22.02,21.81,22.38,21.65,241256,530679744.0,3.35,0.05,0.01,1.53
1815,2022-06-27,21.66,23.08,23.33,21.66,432967,984154336.0,7.66,5.82,1.27,2.75
1816,2022-06-28,22.78,22.99,23.16,22.48,255176,582706848.0,2.95,-0.39,-0.09,1.62
1817,2022-06-29,22.98,22.64,23.8,22.62,360223,836813600.0,5.13,-1.52,-0.35,2.29
1818,2022-06-30,22.72,22.8,23.16,22.41,214038,488162640.0,3.31,0.71,0.16,1.36
1819,2022-07-01,22.8,23.15,23.18,22.43,229372,524572128.0,3.29,1.54,0.35,1.46
1820,2022-07-04,23.2,24.19,24.34,23.08,357340,849361456.0,5.44,4.49,1.04,2.27
1821,2022-07-05,24.02,23.92,24.1,23.32,239850,569265440.0,3.22,-1.12,-0.27,1.53
1822,2022-07-06,23.62,23.44,24.21,23.2,210694,499127920.0,4.22,-2.01,-0.48,1.34
1823,2022-07-07,23.38,22.83,23.6,22.58,214454,490366672.0,4.35,-2.6,-0.61,1.36
1824,2022-07-08,22.89,22.76,23.2,22.68,144474,330713862.8,2.28,-0.31,-0.07,0.92
1825,2022-07-11,22.66,22.35,22.92,21.85,231085,515556466.3,4.7,-1.8,-0.41,1.47
1826,2022-07-12,22.33,21.82,22.33,21.65,213086,466118486.52,3.04,-2.37,-0.53,1.36
1827,2022-07-13,22.3,21.75,22.89,21.66,284469,628501395.59,5.64,-0.32,-0.07,1.81
1828,2022-07-14,21.6,21.81,22.4,21.51,178886,392598634.59,4.09,0.28,0.06,1.14
1829,2022-07-15,21.81,21.31,22.06,21.3,158104,343257237.31,3.48,-2.29,-0.5,1.01
1830,2022-07-18,21.5,21.69,21.73,21.05,123134,264005791.58,3.19,1.78,0.38,0.78
1831,2022-07-19,21.53,21.64,21.98,21.42,116691,252546905.15,2.58,-0.23,-0.05,0.74
1832,2022-07-20,21.81,21.94,22.12,21.74,145953,319995942.21,1.76,1.39,0.3,0.93
1833,2022-07-21,22.06,21.4,22.08,21.34,133876,289157944.06,3.37,-2.46,-0.54,0.85
1834,2022-07-22,21.51,20.57,21.66,20.5,281377,586148897.36,5.42,-3.88,-0.83,1.79
1835,2022-07-25,20.7,20.59,20.89,20.4,136847,281958831.38,2.38,0.1,0.02,0.87
1836,2022-07-26,20.75,20.49,20.8,20.16,101744,207931471.52,3.11,-0.49,-0.1,0.65
1837,2022-07-27,20.45,20.54,20.66,20.36,85537,175305060.96,1.46,0.24,0.05,0.54
1838,2022-07-28,20.64,20.35,20.65,20.33,119220,243951752.89,1.56,-0.93,-0.19,0.76
1839,2022-07-29,20.5,20.0,20.51,19.86,132765,266972025.05,3.19,-1.72,-0.35,0.84
1840,2022-08-01,19.9,19.9,20.0,19.62,95955,190357685.21,1.9,-0.5,-0.1,0.61
1841,2022-08-02,19.71,19.2,19.74,18.9,182222,351168234.1,4.22,-3.52,-0.7,1.16
1842,2022-08-03,19.2,19.13,19.53,19.07,125726,242343281.16,2.4,-0.36,-0.07,0.8
1843,2022-08-04,19.29,19.56,19.6,19.22,114275,222618911.89,1.99,2.25,0.43,0.73
1844,2022-08-05,19.56,20.28,20.28,19.56,185882,372667957.45,3.68,3.68,0.72,1.18
1845,2022-08-08,20.4,20.28,20.71,20.1,131922,268386259.2,3.01,0.0,0.0,0.84
1846,2022-08-09,20.21,20.11,20.21,19.93,91896,183981802.65,1.38,-0.84,-0.17,0.58
1847,2022-08-10,20.09,19.99,20.28,19.96,94521,190016150.69,1.59,-0.6,-0.12,0.6
1848,2022-08-11,20.1,20.45,20.5,20.01,110087,223737097.61,2.45,2.3,0.46,0.7
1849,2022-08-12,20.45,20.55,20.72,20.33,109696,225575835.47,1.91,0.49,0.1,0.7
1850,2022-08-15,20.47,20.19,20.47,20.13,92057,186425071.25,1.65,-1.75,-0.36,0.59
1851,2022-08-16,20.26,20.19,20.33,20.05,81723,164739349.05,1.39,0.0,0.0,0.52
1852,2022-08-17,20.17,20.15,20.2,19.69,120071,239489363.6,2.53,-0.2,-0.04,0.76
1853,2022-08-18,20.06,19.74,20.06,19.61,125286,247466226.15,2.23,-2.03,-0.41,0.8
1854,2022-08-19,19.91,19.63,19.93,19.57,99330,195760065.82,1.82,-0.56,-0.11,0.63
1855,2022-08-22,19.58,19.59,19.84,19.3,142565,279321936.69,2.75,-0.2,-0.04,0.91
1856,2022-08-23,19.91,20.03,20.58,19.91,244037,491332901.16,3.42,2.25,0.44,1.55
1857,2022-08-24,20.0,19.53,20.25,19.5,142853,283634778.48,3.74,-2.5,-0.5,0.91
1858,2022-08-25,19.56,19.67,19.76,19.22,92324,180371516.61,2.76,0.72,0.14,0.59
1859,2022-08-26,19.61,19.84,20.04,19.61,87422,173799033.7,2.19,0.86,0.17,0.56
1860,2022-08-29,19.58,19.37,19.7,19.25,112096,217662810.76,2.27,-2.37,-0.47,0.71
1861,2022-08-30,19.31,19.48,19.58,19.21,66159,128173325.84,1.91,0.57,0.11,0.42
1862,2022-08-31,19.42,19.76,19.9,19.4,118067,232623234.32,2.57,1.44,0.28,0.75
1863,2022-09-01,19.77,20.46,20.66,19.66,259032,529304626.88,5.06,3.54,0.7,1.65
1864,2022-09-02,20.46,20.05,20.52,19.87,187883,377287048.88,3.18,-2.0,-0.41,1.2
1865,2022-09-05,20.0,20.07,20.22,19.83,103855,207790367.74,1.95,0.1,0.02,0.66
1866,2022-09-06,20.13,19.93,20.2,19.75,113388,225416025.9,2.24,-0.7,-0.14,0.72
1867,2022-09-07,19.91,19.69,19.91,19.6,103843,204476922.73,1.56,-1.2,-0.24,0.66
1868,2022-09-08,19.72,19.51,19.78,19.51,66364,130374760.74,1.37,-0.91,-0.18,0.42
1869,2022-09-09,19.55,19.8,19.81,19.55,80539,158927407.02,1.33,1.49,0.29,0.51
1870,2022-09-13,19.82,19.88,20.2,19.82,92942,185711648.63,1.92,0.4,0.08,0.59
1871,2022-09-14,19.61,19.63,19.69,19.26,80117,156281993.34,2.16,-1.26,-0.25,0.51
1872,2022-09-15,19.63,19.45,20.0,19.32,89679,176250936.06,3.46,-0.92,-0.18,0.57
1873,2022-09-16,19.3,18.18,19.48,18.09,206551,383597204.56,7.15,-6.53,-1.27,1.31
1874,2022-09-19,18.2,18.08,18.33,17.91,75897,137322575.42,2.31,-0.55,-0.1,0.48
1875,2022-09-20,18.18,18.2,18.35,18.1,47652,86828316.33,1.38,0.66,0.12,0.3
1876,2022-09-21,18.2,18.03,18.2,17.8,68038,122058487.35,2.2,-0.93,-0.17,0.43
1877,2022-09-22,18.0,18.02,18.24,17.85,58872,106515550.51,2.16,-0.06,-0.01,0.37
1878,2022-09-23,18.05,18.06,18.23,17.61,79476,143015706.22,3.44,0.22,0.04,0.51
1879,2022-09-26,17.89,17.58,18.04,17.56,74624,132871306.67,2.66,-2.66,-0.48,0.47
1880,2022-09-27,17.6,18.31,18.31,17.6,97549,175389344.3,4.04,4.15,0.73,0.62
1881,2022-09-28,18.11,17.95,18.47,17.86,76614,138803130.58,3.33,-1.97,-0.36,0.49
1882,2022-09-29,18.18,18.12,18.49,17.97,108759,198450398.35,2.9,0.95,0.17,0.69
1883,2022-09-30,18.11,18.16,18.37,18.02,70311,128124204.61,1.93,0.22,0.04,0.45
1884,2022-10-10,18.16,17.72,18.38,17.7,83949,150938040.82,3.74,-2.42,-0.44,0.53
1885,2022-10-11,17.81,17.48,17.88,17.31,75092,131110900.08,3.22,-1.35,-0.24,0.48
1886,2022-10-12,17.54,17.94,17.98,17.1,82782,144741088.76,5.03,2.63,0.46,0.53
1887,2022-10-13,17.81,18.47,18.58,17.78,130310,239169028.22,4.46,2.95,0.53,0.83
1888,2022-10-14,18.7,19.57,19.7,18.5,244450,472951671.38,6.5,5.96,1.1,1.56
1889,2022-10-17,19.38,19.83,20.08,19.33,185377,366531051.14,3.83,1.33,0.26,1.18
1890,2022-10-18,19.8,20.15,20.34,19.51,206577,414304307.8,4.19,1.61,0.32,1.31
1891,2022-10-19,20.2,19.75,20.2,19.66,137608,272990985.35,2.68,-1.99,-0.4,0.88
1892,2022-10-20,19.69,19.9,20.18,19.58,139036,277669261.69,3.04,0.76,0.15,0.88
1893,2022-10-21,19.84,19.88,20.09,19.74,86940,172963293.78,1.76,-0.1,-0.02,0.55
1894,2022-10-24,19.9,19.47,20.2,19.4,126958,250503706.11,4.02,-2.06,-0.41,0.81
1895,2022-10-25,19.37,18.97,19.56,18.76,150061,285929193.13,4.11,-2.57,-0.5,0.95
1896,2022-10-26,19.09,19.98,20.08,19.08,177928,352066396.37,5.27,5.32,1.01,1.13
1897,2022-10-27,19.98,20.54,20.65,19.72,243737,495055525.73,4.65,2.8,0.56,1.55
1898,2022-10-28,20.3,19.7,20.49,19.69,157269,315063091.33,3.89,-4.09,-0.84,1.0
1899,2022-10-31,18.72,17.73,18.72,17.73,352765,631487634.28,5.03,-10.0,-1.97,2.24
1900,2022-11-01,17.7,17.64,17.88,17.01,443862,769688632.2,4.91,-0.51,-0.09,2.82
1901,2022-11-02,17.51,18.13,18.68,17.39,383069,695364341.63,7.31,2.78,0.49,2.44
1902,2022-11-03,17.83,18.01,18.1,17.7,163103,291987541.04,2.21,-0.66,-0.12,1.04
1903,2022-11-04,17.99,18.38,18.55,17.95,220392,402083086.8,3.33,2.05,0.37,1.4
1904,2022-11-07,18.25,18.47,18.65,18.22,160260,296087501.32,2.34,0.49,0.09,1.02
1905,2022-11-08,18.46,18.22,18.46,18.1,129244,235700595.32,1.95,-1.35,-0.25,0.82
1906,2022-11-09,18.18,18.25,18.42,18.08,107566,196399197.93,1.87,0.16,0.03,0.68
1907,2022-11-10,18.1,18.37,18.65,18.06,192120,354632017.86,3.23,0.66,0.12,1.22
1908,2022-11-11,18.76,18.3,18.88,18.26,278130,517698838.42,3.38,-0.38,-0.07,1.77
1909,2022-11-14,18.21,19.07,19.15,18.01,296429,556113996.82,6.23,4.21,0.77,1.89
1910,2022-11-15,19.18,19.24,19.25,18.72,244030,464130870.93,2.78,0.89,0.17,1.55
1911,2022-11-16,19.23,19.28,19.64,19.08,198297,383676562.47,2.91,0.21,0.04,1.26
1912,2022-11-17,19.2,19.53,19.68,19.09,192564,374730700.71,3.06,1.3,0.25,1.23
1913,2022-11-18,19.45,21.48,21.48,19.42,681959,1424357370.5,10.55,9.98,1.95,4.34
1914,2022-11-21,21.69,21.39,21.9,21.02,672599,1440594316.31,4.1,-0.42,-0.09,4.28
1915,2022-11-22,21.12,20.65,21.66,20.4,400680,838694817.01,5.89,-3.46,-0.74,2.55
1916,2022-11-23,20.52,20.15,20.65,19.8,272614,546749697.97,4.12,-2.42,-0.5,1.73
1917,2022-11-24,20.08,20.25,20.4,20.01,221891,448573287.51,1.94,0.5,0.1,1.41
1918,2022-11-25,19.94,20.34,20.43,19.65,220815,442450559.63,3.85,0.44,0.09,1.4
1919,2022-11-28,20.0,19.99,20.54,19.81,185819,373561502.59,3.59,-1.72,-0.35,1.18
1920,2022-11-29,20.05,20.95,20.99,19.98,295645,608169368.4,5.05,4.8,0.96,1.88
1921,2022-11-30,20.94,20.46,20.94,20.38,204595,422682360.91,2.67,-2.34,-0.49,1.3
1922,2022-12-01,20.71,20.51,20.93,20.16,225297,462114387.47,3.76,0.24,0.05,1.43
1923,2022-12-02,20.5,20.54,20.69,20.36,107909,221549367.98,1.61,0.15,0.03,0.69
1924,2022-12-05,20.61,20.79,20.88,20.31,164610,340286737.31,2.78,1.22,0.25,1.05
1925,2022-12-06,20.76,20.44,20.95,20.36,162583,335790459.74,2.84,-1.68,-0.35,1.03
1926,2022-12-07,20.34,20.84,20.9,20.16,166400,342957705.61,3.62,1.96,0.4,1.06
1927,2022-12-08,20.83,20.72,21.22,20.59,184696,385478899.94,3.02,-0.58,-0.12,1.18
1928,2022-12-09,20.6,20.71,20.97,20.52,178785,370763795.99,2.17,-0.05,-0.01,1.14
1929,2022-12-12,20.8,21.5,21.8,20.8,346736,744617340.09,4.83,3.81,0.79,2.21
1930,2022-12-13,21.49,22.87,23.6,21.09,586273,1317696463.47,11.67,6.37,1.37,3.73
1931,2022-12-14,22.91,22.0,22.93,21.87,311046,692705946.77,4.63,-3.8,-0.87,1.98
1932,2022-12-15,22.1,21.95,22.51,21.78,224807,497414374.31,3.32,-0.23,-0.05,1.43
1933,2022-12-16,21.9,22.71,22.71,21.7,279996,625559812.0,4.6,3.46,0.76,1.78
1934,2022-12-19,23.19,21.81,23.19,21.7,282470,627642503.77,6.56,-3.96,-0.9,1.8
1935,2022-12-20,21.47,20.83,21.8,20.82,174584,367901397.61,4.49,-4.49,-0.98,1.11
1936,2022-12-21,20.9,20.96,21.36,20.71,119809,251413641.68,3.12,0.62,0.13,0.76
1937,2022-12-22,21.02,20.94,21.45,20.8,133254,281092592.19,3.1,-0.1,-0.02,0.85
1938,2022-12-23,20.75,20.71,21.0,20.4,148769,307775584.76,2.87,-1.1,-0.23,0.95
1939,2022-12-26,20.92,20.4,21.06,20.3,148931,307088729.77,3.67,-1.5,-0.31,0.95
1940,2022-12-27,20.59,20.77,20.88,20.05,154544,316854656.56,4.07,1.81,0.37,0.98
1941,2022-12-28,21.09,20.77,21.14,20.69,125121,261010547.87,2.17,0.0,0.0,0.8
1942,2022-12-29,20.98,22.17,22.52,20.89,463006,1019934991.3,7.85,6.74,1.4,2.95
1943,2022-12-30,22.32,22.63,22.87,22.04,332822,750282236.22,3.74,2.07,0.46,2.12
