,日期,开盘,收盘,最高,最低,成交量,成交额,振幅,涨跌幅,涨跌额,换手率
0,2015-01-05,3.62,3.82,3.93,3.5,21378,37141607.0,12.36,9.77,0.34,0.63
1,2015-01-06,3.73,4.2,4.3,3.63,37085,65946775.0,17.54,9.95,0.38,1.09
2,2015-01-07,4.23,4.06,4.23,3.85,19709,34943807.0,9.05,-3.33,-0.14,0.58
3,2015-01-08,4.02,3.98,4.21,3.86,12808,22680953.0,8.62,-1.97,-0.08,0.38
4,2015-01-09,3.93,4.15,4.21,3.91,26354,47123809.0,7.54,4.27,0.17,0.78
5,2015-01-12,4.16,4.62,4.63,4.05,36119,65831790.0,13.98,11.33,0.47,1.06
6,2015-01-13,4.49,4.53,4.77,4.31,21142,38870657.0,9.96,-1.95,-0.09,0.62
7,2015-01-14,4.53,4.27,4.57,4.09,13776,24854790.0,10.6,-5.74,-0.26,0.41
8,2015-01-15,4.25,4.12,4.3,4.04,12560,22470571.0,6.09,-3.51,-0.15,0.37
9,2015-01-16,4.12,4.12,4.23,3.81,23285,41102782.0,10.19,0.0,0.0,0.69
10,2015-01-19,3.83,3.63,4.22,3.48,22100,38810123.0,17.96,-11.89,-0.49,0.65
11,2015-01-20,3.62,4.12,4.12,3.59,18655,32807324.0,14.6,13.5,0.49,0.55
12,2015-01-21,4.08,4.4,4.48,4.07,21744,39460219.0,9.95,6.8,0.28,0.64
13,2015-01-22,4.4,4.87,5.0,4.23,27063,50180319.0,17.5,10.68,0.47,0.8
14,2015-01-23,4.79,4.99,4.99,4.63,17738,33199835.0,7.39,2.46,0.12,0.52
15,2015-01-26,4.9,4.99,5.14,4.71,17736,33609687.0,8.62,0.0,0.0,0.52
16,2015-01-27,5.07,4.95,5.07,4.62,17985,33827269.0,9.02,-0.8,-0.04,0.53
17,2015-01-28,4.74,4.69,4.9,4.64,11203,20890717.0,5.25,-5.25,-0.26,0.33
18,2015-01-29,4.6,4.5,4.61,4.36,9586,17592797.0,5.33,-4.05,-0.19,0.28
19,2015-01-30,4.51,5.0,5.77,4.51,39120,74923384.0,28.0,11.11,0.5,1.15
20,2015-02-02,4.9,4.4,4.9,4.4,22891,42094390.0,10.0,-12.0,-0.6,0.67
21,2015-02-03,4.38,4.5,4.66,4.22,18043,32992212.0,10.0,2.27,0.1,0.53
22,2015-02-04,4.54,5.2,5.7,4.53,47824,92646989.0,26.0,15.56,0.7,1.41
23,2015-02-05,5.23,4.96,5.43,4.85,21397,40846087.0,11.15,-4.62,-0.24,0.63
24,2015-02-06,4.85,4.31,4.93,4.16,22593,41367452.0,15.52,-13.1,-0.65,0.67
25,2015-02-09,4.23,4.16,4.44,4.1,16359,29435458.0,7.89,-3.48,-0.15,0.48
26,2015-02-10,4.22,4.57,4.57,4.13,11386,20699692.0,10.58,9.86,0.41,0.34
27,2015-02-11,4.6,4.55,4.64,4.39,12558,23046844.0,5.47,-0.44,-0.02,0.37
28,2015-02-12,4.54,4.91,4.92,4.54,14132,26408739.0,8.35,7.91,0.36,0.42
29,2015-02-13,5.14,4.73,5.14,4.7,29339,55133513.0,8.96,-3.67,-0.18,0.86
30,2015-02-16,4.73,5.0,5.0,4.63,17099,32148174.0,7.82,5.71,0.27,0.5
31,2015-02-17,4.91,4.93,4.97,4.77,21185,39840443.0,4.0,-1.4,-0.07,0.62
32,2015-02-25,4.92,4.95,5.0,4.68,17188,32291859.0,6.49,0.41,0.02,0.51
33,2015-02-26,4.91,5.02,5.16,4.85,23883,45492545.0,6.26,1.41,0.07,0.7
34,2015-02-27,5.07,5.04,5.39,4.97,26160,50317782.0,8.37,0.4,0.02,0.77
35,2015-03-02,5.3,5.0,5.34,4.87,30848,58828173.0,9.33,-0.79,-0.04,0.91
36,2015-03-03,5.08,4.7,5.27,4.67,40951,77835380.0,12.0,-6.0,-0.3,1.21
37,2015-03-04,4.7,4.97,4.99,4.7,26164,49037498.0,6.17,5.74,0.27,0.77
38,2015-03-05,4.97,4.81,5.12,4.61,23652,44404961.0,10.26,-3.22,-0.16,0.7
39,2015-03-06,4.79,4.81,4.89,4.64,10912,20390786.0,5.2,0.0,0.0,0.32
40,2015-03-09,4.77,5.04,5.04,4.59,16035,30180682.0,9.36,4.78,0.23,0.47
41,2015-03-10,5.03,5.06,5.1,4.93,19165,36477616.0,3.37,0.4,0.02,0.56
42,2015-03-11,5.06,5.1,5.35,5.03,24633,47416890.0,6.32,0.79,0.04,0.73
43,2015-03-12,5.12,5.27,5.48,5.04,23539,45464420.0,8.63,3.33,0.17,0.69
44,2015-03-13,5.27,5.2,5.46,5.08,18139,34887008.0,7.21,-1.33,-0.07,0.53
45,2015-03-16,5.2,5.49,5.49,5.18,34904,67795435.0,5.96,5.58,0.29,1.03
46,2015-03-17,5.53,5.63,5.7,5.38,34382,67733772.0,5.83,2.55,0.14,1.01
47,2015-03-18,5.69,5.73,5.75,5.49,24662,48919487.0,4.62,1.78,0.1,0.73
48,2015-03-19,5.7,5.63,5.73,5.51,23233,45915675.0,3.84,-1.75,-0.1,0.68
49,2015-03-20,5.63,5.63,5.73,5.39,30739,60644347.0,6.04,0.0,0.0,0.91
50,2015-03-23,5.63,5.97,6.07,5.53,35105,70734065.0,9.59,6.04,0.34,1.03
51,2015-03-24,5.99,5.86,6.15,5.52,27475,55248010.0,10.55,-1.84,-0.11,0.81
52,2015-03-25,5.9,5.83,5.92,5.37,42447,84000970.0,9.39,-0.51,-0.03,1.25
53,2015-03-26,5.7,5.49,5.8,5.31,43211,85085283.0,8.4,-5.83,-0.34,1.27
54,2015-03-27,5.49,5.72,5.77,5.45,26693,52711885.0,5.83,4.19,0.23,0.79
55,2015-03-30,5.82,5.99,6.03,5.66,32901,66281607.0,6.47,4.72,0.27,0.97
56,2015-03-31,6.01,6.34,6.43,6.01,44763,92402716.0,7.01,5.84,0.35,1.32
57,2015-04-01,6.42,6.7,6.8,6.4,39827,83889159.0,6.31,5.68,0.36,1.17
58,2015-04-02,6.68,6.73,6.96,6.41,35833,76034389.0,8.21,0.45,0.03,1.06
59,2015-04-03,6.57,6.87,7.0,6.53,33029,70342392.0,6.98,2.08,0.14,0.97
60,2015-04-07,7.0,8.08,8.38,6.78,50141,112990833.0,23.29,17.61,1.21,1.48
61,2015-04-08,8.08,7.63,8.08,7.23,45515,101828545.0,10.52,-5.57,-0.45,1.34
62,2015-04-09,7.54,7.05,7.54,6.54,41702,89727410.0,13.11,-7.6,-0.58,1.23
63,2015-04-10,6.97,7.85,8.0,6.77,43031,95265424.0,17.45,11.35,0.8,1.27
64,2015-04-13,7.85,8.96,9.15,7.78,51777,122182330.0,17.45,14.14,1.11,1.52
65,2015-04-14,8.84,8.46,8.92,8.26,31678,74733522.0,7.37,-5.58,-0.5,0.93
66,2015-04-15,8.17,9.41,10.23,7.62,44896,106844893.0,30.85,11.23,0.95,1.32
67,2015-04-16,9.35,10.39,10.75,8.79,57092,145562680.0,20.83,10.41,0.98,1.68
68,2015-04-17,10.39,10.34,11.17,9.85,44793,116800992.0,12.7,-0.48,-0.05,1.32
69,2015-04-20,10.0,9.04,10.01,8.93,49352,122080536.0,10.44,-12.57,-1.3,1.45
70,2015-04-21,9.0,9.95,10.0,8.85,34824,86325969.0,12.72,10.07,0.91,1.03
71,2015-04-22,10.0,10.49,10.53,10.0,49142,127647069.0,5.33,5.43,0.54,1.45
72,2015-04-23,11.21,10.49,11.77,10.4,50140,132512894.0,13.06,0.0,0.0,1.48
73,2015-04-24,10.24,10.46,10.46,9.85,26339,67540802.0,5.82,-0.29,-0.03,0.78
74,2015-04-27,10.5,10.56,10.91,10.3,27346,71663794.0,5.83,0.96,0.1,0.81
75,2015-04-28,10.43,9.91,10.43,9.73,24356,62241139.0,6.63,-6.16,-0.65,0.72
76,2015-04-29,9.64,10.01,10.13,9.62,21232,54068374.0,5.15,1.01,0.1,0.63
77,2015-04-30,10.11,10.16,10.73,10.0,27495,71461568.0,7.29,1.5,0.15,0.81
78,2015-05-04,10.37,9.9,10.37,9.82,20395,51797226.0,5.41,-2.56,-0.26,0.6
79,2015-05-05,10.01,9.08,10.01,8.97,25172,62395336.0,10.51,-8.28,-0.82,0.74
80,2015-05-06,9.08,9.0,9.68,8.85,18922,46352795.0,9.14,-0.88,-0.08,0.56
81,2015-05-07,9.07,9.44,9.62,8.93,23255,57422249.0,7.67,4.89,0.44,0.69
82,2015-05-08,9.49,9.88,9.89,9.23,19211,48172000.0,6.99,4.66,0.44,0.57
83,2015-05-11,9.9,10.76,10.77,9.67,39374,101689244.0,11.13,8.91,0.88,1.16
84,2015-05-12,10.93,10.94,11.39,10.25,39139,103444169.0,10.59,1.67,0.18,1.15
85,2015-05-13,10.93,10.3,10.93,10.21,31412,81951346.0,6.58,-5.85,-0.64,0.93
86,2015-05-14,10.31,9.67,10.33,9.53,46098,116017332.0,7.77,-6.12,-0.63,1.36
87,2015-05-15,9.66,9.5,9.71,9.23,30470,75584901.0,4.96,-1.76,-0.17,0.9
88,2015-05-18,9.5,9.97,10.07,9.31,24315,61711847.0,8.0,4.95,0.47,0.52
89,2015-05-19,10.0,10.96,11.07,9.92,47612,124990502.0,11.53,9.93,0.99,1.02
90,2015-05-20,10.97,11.73,11.94,10.62,60192,164247396.0,12.04,7.03,0.77,1.29
91,2015-05-21,11.39,12.7,13.23,11.39,47401,136044239.0,15.69,8.27,0.97,1.02
92,2015-05-22,12.77,13.06,13.11,12.02,34813,100508217.0,8.58,2.83,0.36,0.75
93,2015-05-25,13.1,13.85,14.04,12.61,39072,116046390.0,10.95,6.05,0.79,0.84
94,2015-05-26,13.77,13.92,14.1,13.33,29458,89295950.0,5.56,0.51,0.07,0.63
95,2015-05-27,13.85,15.2,15.2,13.09,88135,273699968.0,15.16,9.2,1.28,1.89
96,2015-05-28,14.83,12.81,15.39,12.77,69810,218026243.0,17.24,-15.72,-2.39,1.5
97,2015-05-29,12.87,11.8,13.26,10.72,53359,147216708.0,19.83,-7.88,-1.01,1.14
98,2015-06-01,11.73,12.87,12.93,11.38,39273,110299747.0,13.14,9.07,1.07,0.84
99,2015-06-02,12.87,13.78,13.78,12.7,36985,108271712.0,8.39,7.07,0.91,0.79
100,2015-06-03,13.79,13.45,15.31,12.8,43294,129840191.0,18.21,-2.39,-0.33,0.93
101,2015-06-04,13.45,12.64,14.95,11.49,47807,139161889.0,25.72,-6.02,-0.81,1.02
102,2015-06-05,12.91,13.81,13.87,12.83,56333,165495831.0,8.23,9.26,1.17,1.21
103,2015-06-08,13.69,13.12,13.98,13.03,61138,180550136.0,6.88,-5.0,-0.69,1.31
104,2015-06-09,13.18,13.13,13.5,12.92,40947,119584513.0,4.42,0.08,0.01,0.88
105,2015-06-10,12.98,13.4,13.72,12.58,30023,88010805.0,8.68,2.06,0.27,0.64
106,2015-06-11,13.4,13.8,13.88,12.98,49304,146402981.0,6.72,2.99,0.4,1.06
107,2015-06-12,13.8,14.17,14.37,13.64,66617,201467761.0,5.29,2.68,0.37,1.43
108,2015-06-15,14.32,13.42,14.4,13.18,53803,161377812.0,8.61,-5.29,-0.75,1.15
109,2015-06-16,13.12,12.03,13.14,12.03,39058,110922293.0,8.27,-10.36,-1.39,0.84
110,2015-06-17,12.01,12.45,12.72,11.22,30433,84251588.0,12.47,3.49,0.42,0.65
111,2015-06-18,12.4,11.64,12.41,11.49,27687,76841466.0,7.39,-6.51,-0.81,0.59
112,2015-06-19,11.27,9.93,12.01,9.64,23258,60811651.0,20.36,-14.69,-1.71,0.5
113,2015-06-23,9.72,10.13,10.22,8.87,32540,80116457.0,13.6,2.01,0.2,0.7
114,2015-06-24,10.57,11.66,11.66,10.33,64786,171602099.0,13.13,15.1,1.53,1.39
115,2015-06-25,11.87,11.21,12.41,10.43,78128,215279136.0,16.98,-3.86,-0.45,1.67
116,2015-06-26,10.6,9.17,10.72,9.17,47948,118203758.0,13.83,-18.2,-2.04,1.03
117,2015-06-29,9.79,8.11,9.94,7.33,51848,119599002.0,28.46,-11.56,-1.06,1.11
118,2015-06-30,8.11,9.65,9.81,7.33,42977,100636795.0,30.58,18.99,1.54,0.92
119,2015-07-01,9.56,8.64,10.37,8.42,45295,111869709.0,20.21,-10.47,-1.01,0.97
120,2015-07-02,9.0,7.74,9.0,7.03,31348,70603783.0,22.8,-10.42,-0.9,0.67
121,2015-07-03,7.64,6.9,8.45,6.14,33120,71759499.0,29.84,-10.85,-0.84,0.71
122,2015-07-06,8.49,7.53,8.49,6.06,45143,97106226.0,35.22,9.13,0.63,0.97
123,2015-07-07,7.15,6.1,7.64,6.1,57624,118853033.0,20.45,-18.99,-1.43,1.24
124,2015-07-08,4.66,7.55,7.64,4.57,154719,315999136.0,50.33,23.77,1.45,3.32
125,2015-07-09,7.18,9.23,9.23,6.73,52861,121864199.0,33.11,22.25,1.68,1.13
126,2015-07-10,9.58,11.09,11.09,9.58,68877,180180663.0,16.36,20.15,1.86,1.48
127,2015-07-13,11.09,12.48,12.64,11.09,65060,180550046.0,13.98,12.53,1.39,1.39
128,2015-07-14,11.88,10.57,11.93,10.57,67308,179140888.0,10.9,-15.3,-1.91,1.44
129,2015-07-15,9.95,9.19,10.27,8.63,40795,99132037.0,15.52,-13.06,-1.38,0.87
130,2015-07-16,9.19,10.54,10.87,9.19,40537,102823116.0,18.28,14.69,1.35,0.87
131,2015-07-17,10.72,11.49,11.7,10.56,66013,175321177.0,10.82,9.01,0.95,1.42
132,2015-07-20,11.1,10.68,13.03,10.33,55328,145633092.0,23.5,-7.05,-0.81,1.19
133,2015-07-21,10.07,10.57,10.76,9.72,34824,88298189.0,9.74,-1.03,-0.11,0.75
134,2015-07-22,10.31,10.77,10.9,10.19,34927,90286150.0,6.72,1.89,0.2,0.75
135,2015-07-23,10.68,11.08,11.09,10.22,35703,93173768.0,8.08,2.88,0.31,0.77
136,2015-07-24,11.1,10.07,11.1,10.06,33512,86454919.0,9.39,-9.12,-1.01,0.72
137,2015-07-27,9.41,8.99,11.03,8.8,44316,112064657.0,22.14,-10.72,-1.08,0.95
138,2015-07-28,8.32,10.82,10.82,7.64,54063,133670923.0,35.37,20.36,1.83,1.16
139,2015-07-29,10.83,10.99,11.43,10.03,66270,172720389.0,12.94,1.57,0.17,1.42
140,2015-07-30,10.72,9.57,10.72,9.57,40914,104264806.0,10.46,-12.92,-1.42,0.88
141,2015-07-31,9.41,9.2,9.91,8.8,29103,70669313.0,11.6,-3.87,-0.37,0.62
142,2015-08-03,8.8,9.23,9.4,8.32,25743,60047214.0,11.74,0.33,0.03,0.55
143,2015-08-04,9.41,10.1,10.16,9.03,22343,55236428.0,12.24,9.43,0.87,0.48
144,2015-08-05,9.95,9.42,10.03,9.39,16836,41493348.0,6.34,-6.73,-0.68,0.36
145,2015-08-06,9.15,9.39,9.66,9.03,10202,24772042.0,6.69,-0.32,-0.03,0.22
146,2015-08-07,9.38,9.88,9.99,9.33,19517,48409751.0,7.03,5.22,0.49,0.42
147,2015-08-10,10.26,10.64,10.71,9.72,29994,76791396.0,10.02,7.69,0.76,0.64
148,2015-08-11,10.54,10.41,11.15,10.18,27720,72018935.0,9.12,-2.16,-0.23,0.59
149,2015-08-12,10.33,10.39,11.01,10.18,19839,51202748.0,7.97,-0.19,-0.02,0.43
150,2015-08-13,10.07,12.22,12.26,10.07,75453,200437528.0,21.08,17.61,1.83,1.62
151,2015-08-14,12.41,11.33,12.49,11.3,106247,288782416.0,9.74,-7.28,-0.89,2.28
152,2015-08-17,11.1,10.87,11.1,10.33,50052,129885462.0,6.8,-4.06,-0.46,1.07
153,2015-08-18,10.57,8.86,11.29,8.86,59321,149769814.0,22.36,-18.49,-2.01,1.27
154,2015-08-19,8.57,9.26,9.4,7.49,38627,89085134.0,21.56,4.51,0.4,0.83
155,2015-08-20,8.93,8.57,9.62,8.41,27743,65504169.0,13.07,-7.45,-0.69,0.59
156,2015-08-21,8.41,7.96,8.8,7.78,23074,52619807.0,11.9,-7.12,-0.61,0.49
157,2015-08-24,7.64,6.23,7.65,6.23,25348,52444205.0,17.84,-21.73,-1.73,0.54
158,2015-08-25,4.89,5.99,6.22,4.87,37492,71644494.0,21.67,-3.85,-0.24,0.8
159,2015-08-26,6.18,6.1,7.03,5.53,23081,46708068.0,25.04,1.84,0.11,0.49
160,2015-08-27,6.15,7.1,7.1,6.15,32664,67762362.0,15.57,16.39,1.0,0.7
161,2015-08-28,7.18,8.3,8.49,6.87,33686,74369215.0,22.82,16.9,1.2,0.72
162,2015-08-31,8.3,7.62,8.41,7.5,19991,44698341.0,10.96,-8.19,-0.68,0.43
163,2015-09-01,7.49,7.1,7.53,6.45,14938,31479248.0,14.17,-6.82,-0.52,0.32
164,2015-09-02,6.77,7.22,7.27,6.27,16961,35585868.0,14.08,1.69,0.12,0.36
165,2015-09-07,7.21,7.27,7.87,7.1,15349,33456850.0,10.66,0.69,0.05,0.33
166,2015-09-08,7.11,7.57,7.75,6.73,14533,31013726.0,14.03,4.13,0.3,0.31
167,2015-09-09,7.41,7.9,8.41,7.41,30854,68866942.0,13.21,4.36,0.33,0.66
168,2015-09-10,7.64,7.69,8.25,7.53,15923,35657867.0,9.11,-2.66,-0.21,0.34
169,2015-09-11,7.34,7.5,7.8,7.23,9276,20288813.0,7.41,-2.47,-0.19,0.2
170,2015-09-14,7.63,5.82,7.64,5.82,15513,31628679.0,24.27,-22.4,-1.68,0.33
171,2015-09-15,4.35,5.18,5.9,4.35,20160,37590760.0,26.63,-11.0,-0.64,0.43
172,2015-09-16,5.03,6.54,6.63,5.03,18308,35773775.0,30.89,26.25,1.36,0.39
173,2015-09-17,6.53,6.33,6.76,6.11,17835,36442643.0,9.94,-3.21,-0.21,0.38
174,2015-09-18,6.27,6.07,6.4,5.84,8132,16223174.0,8.85,-4.11,-0.26,0.17
175,2015-09-21,5.88,6.3,6.4,5.87,9309,18684282.0,8.73,3.79,0.23,0.2
176,2015-09-22,6.34,7.64,7.86,6.1,32189,68062026.0,27.94,21.27,1.34,0.69
177,2015-09-23,7.26,6.76,7.59,6.72,42508,91248297.0,11.39,-11.52,-0.88,0.91
178,2015-09-24,6.78,6.57,6.98,6.3,16483,33971391.0,10.06,-2.81,-0.19,0.35
179,2015-09-25,6.5,5.95,6.72,5.91,12855,25835302.0,12.33,-9.44,-0.62,0.28
180,2015-09-28,6.08,6.07,6.13,5.86,8689,17309217.0,4.54,2.02,0.12,0.19
181,2015-09-29,5.93,5.82,6.01,5.73,7967,15703539.0,4.61,-4.12,-0.25,0.17
182,2015-09-30,5.83,5.9,6.03,5.73,7962,15669606.0,5.15,1.37,0.08,0.17
183,2015-10-08,6.49,6.48,6.63,6.21,20413,41597776.0,7.12,9.83,0.58,0.44
184,2015-10-09,6.3,6.57,6.6,6.3,17355,35494326.0,4.63,1.39,0.09,0.37
185,2015-10-12,6.67,7.25,7.55,6.64,30558,65524256.0,13.85,10.35,0.68,0.66
186,2015-10-13,7.18,7.3,7.44,7.1,14554,31405133.0,4.69,0.69,0.05,0.31
187,2015-10-14,7.33,6.91,7.4,6.88,18683,39881952.0,7.12,-5.34,-0.39,0.4
188,2015-10-15,7.03,7.42,7.43,7.03,19612,42250979.0,5.79,7.38,0.51,0.42
189,2015-10-16,7.53,7.57,7.71,7.27,21707,47492956.0,5.93,2.02,0.15,0.47
190,2015-10-19,7.72,8.03,8.03,7.53,22843,50374212.0,6.61,6.08,0.46,0.49
191,2015-10-20,7.97,8.25,8.66,7.83,23303,53491909.0,10.34,2.74,0.22,0.5
192,2015-10-21,8.41,7.2,8.53,6.95,24310,54594657.0,19.15,-12.73,-1.05,0.52
193,2015-10-22,7.6,7.9,8.07,7.49,12425,27716315.0,8.06,9.72,0.7,0.27
194,2015-10-23,8.1,8.45,8.47,8.1,13866,31872594.0,4.68,6.96,0.55,0.3
195,2015-10-26,8.64,10.23,10.23,8.64,30214,74676229.0,18.82,21.07,1.78,0.65
196,2015-10-27,10.22,10.21,11.48,9.41,57354,146503912.0,20.23,-0.2,-0.02,1.23
197,2015-10-28,9.94,9.56,10.16,9.47,37037,91864862.0,6.76,-6.37,-0.65,0.79
198,2015-10-29,9.78,10.18,10.5,9.65,19015,48300221.0,8.89,6.49,0.62,0.41
199,2015-10-30,10.2,10.66,10.99,9.5,21484,55258662.0,14.64,4.72,0.48,0.46
200,2015-11-02,10.27,10.47,11.24,9.96,23252,60244422.0,12.01,-1.78,-0.19,0.5
201,2015-11-03,10.33,10.49,11.17,10.27,14402,37307649.0,8.6,0.19,0.02,0.31
202,2015-11-04,10.33,11.17,11.27,10.3,23155,60587868.0,9.25,6.48,0.68,0.5
203,2015-11-05,11.25,10.64,11.27,10.57,19832,51827203.0,6.27,-4.74,-0.53,0.43
204,2015-11-06,10.37,10.77,11.11,10.33,16187,41951690.0,7.33,1.22,0.13,0.35
205,2015-11-09,10.33,10.32,10.57,10.07,31004,78991675.0,4.64,-4.18,-0.45,0.66
206,2015-11-10,10.26,10.81,11.13,10.26,19071,49511469.0,8.43,4.75,0.49,0.41
207,2015-11-11,10.73,10.54,10.8,10.36,14243,36611699.0,4.07,-2.5,-0.27,0.31
208,2015-11-12,10.59,10.72,10.72,10.33,15935,41028020.0,3.7,1.71,0.18,0.34
209,2015-11-13,10.68,10.85,11.2,10.42,21613,56523977.0,7.28,1.21,0.13,0.46
210,2015-11-16,10.68,11.49,11.57,10.42,23234,61340613.0,10.6,5.9,0.64,0.5
211,2015-11-17,11.24,10.51,11.63,10.43,68686,180235950.0,10.44,-8.53,-0.98,1.47
212,2015-11-18,10.37,9.91,10.52,9.87,22710,57670720.0,6.18,-5.71,-0.6,0.49
213,2015-11-19,10.18,10.33,10.54,9.97,15241,38752793.0,5.75,4.24,0.42,0.33
214,2015-11-20,10.49,10.57,10.78,10.33,30465,78772185.0,4.36,2.32,0.24,0.65
215,2015-11-23,10.72,10.95,11.25,10.57,23640,62115871.0,6.43,3.6,0.38,0.51
216,2015-11-24,10.91,10.64,10.91,10.32,13264,34303343.0,5.39,-2.83,-0.31,0.28
217,2015-11-25,10.6,10.7,10.79,10.6,8939,23236460.0,1.79,0.56,0.06,0.19
218,2015-11-26,10.86,10.37,10.97,10.34,13771,35644480.0,5.89,-3.08,-0.33,0.3
219,2015-11-27,10.55,9.7,10.75,9.42,18547,47197594.0,12.83,-6.46,-0.67,0.4
220,2015-11-30,9.64,10.42,10.6,9.55,18449,46408175.0,10.82,7.42,0.72,0.4
221,2015-12-01,10.42,10.83,11.02,10.41,14717,38458879.0,5.85,3.93,0.41,0.32
222,2015-12-02,11.03,11.1,11.45,10.18,26754,70754491.0,11.73,2.49,0.27,0.57
223,2015-12-03,11.09,11.65,11.83,10.87,23267,62307850.0,8.65,4.95,0.55,0.5
224,2015-12-04,11.47,11.3,11.61,11.08,16166,43238828.0,4.55,-3.0,-0.35,0.35
225,2015-12-07,11.07,11.46,11.64,11.07,13408,36039128.0,5.04,1.42,0.16,0.29
226,2015-12-08,11.45,10.72,11.45,10.6,12788,33394988.0,7.42,-6.46,-0.74,0.27
227,2015-12-09,10.64,11.0,11.16,10.57,8641,22662411.0,5.5,2.61,0.28,0.19
228,2015-12-10,10.98,10.73,11.14,10.64,9501,24905189.0,4.55,-2.45,-0.27,0.2
229,2015-12-11,10.73,10.66,11.3,10.57,7519,19787662.0,6.8,-0.65,-0.07,0.16
230,2015-12-14,10.86,10.8,10.93,10.22,10708,27729282.0,6.66,1.31,0.14,0.23
231,2015-12-15,10.72,10.84,11.0,10.57,9885,25801005.0,3.98,0.37,0.04,0.21
232,2015-12-16,10.8,10.72,11.01,10.72,7423,19399272.0,2.68,-1.11,-0.12,0.16
233,2015-12-17,10.73,11.03,11.14,10.73,18444,48602969.0,3.82,2.89,0.31,0.4
234,2015-12-18,11.0,11.57,11.61,10.76,24553,65206707.0,7.71,4.9,0.54,0.53
235,2015-12-21,11.57,11.8,12.26,11.1,50625,138098680.0,10.03,1.99,0.23,1.09
236,2015-12-22,11.85,12.09,12.1,11.5,41135,112899803.0,5.08,2.46,0.29,0.88
237,2015-12-23,12.95,12.75,13.33,12.41,75138,216425936.0,7.61,5.46,0.66,1.61
238,2015-12-24,12.53,13.5,13.71,12.28,52652,152089665.0,11.22,5.88,0.75,1.13
239,2015-12-25,13.2,12.76,13.4,12.7,35483,102575680.0,5.19,-5.48,-0.74,0.76
240,2015-12-28,12.8,12.9,13.54,12.74,37467,108956513.0,6.27,1.1,0.14,0.8
241,2015-12-29,12.91,12.96,13.03,12.18,22497,64022930.0,6.59,0.47,0.06,0.48
242,2015-12-30,13.0,12.8,13.02,12.49,27374,78416229.0,4.09,-1.23,-0.16,0.59
243,2015-12-31,12.87,12.12,12.95,12.1,23505,66658156.0,6.64,-5.31,-0.68,0.5
244,2016-01-04,12.09,10.85,12.12,10.83,19345,51838134.0,10.64,-10.48,-1.27,0.41
245,2016-01-05,10.1,10.44,11.56,9.89,32160,83223816.0,15.39,-3.78,-0.41,0.69
246,2016-01-06,10.41,10.56,10.78,10.03,19959,50991898.0,7.18,1.15,0.12,0.43
247,2016-01-07,10.44,9.53,10.44,9.37,5094,12609261.0,10.13,-9.75,-1.03,0.11
248,2016-01-08,9.72,10.33,10.57,9.03,24248,60449106.0,16.16,8.39,0.8,0.52
249,2016-01-11,9.96,9.41,10.2,9.33,23477,58229746.0,8.42,-8.91,-0.92,0.5
250,2016-01-12,9.58,10.17,10.23,9.41,15577,38701223.0,8.71,8.08,0.76,0.33
251,2016-01-13,10.1,10.18,10.72,9.99,20376,51917854.0,7.18,0.1,0.01,0.44
252,2016-01-14,9.59,10.49,10.49,9.43,25144,62962048.0,10.41,3.05,0.31,0.54
253,2016-01-15,10.03,9.8,10.31,9.73,16436,41061009.0,5.53,-6.58,-0.69,0.35
254,2016-01-18,9.49,9.52,9.95,9.43,14668,36084390.0,5.31,-2.86,-0.28,0.31
255,2016-01-19,9.57,10.02,10.09,9.13,18715,45818625.0,10.08,5.25,0.5,0.4
256,2016-01-20,9.94,9.97,10.33,9.8,14790,37009646.0,5.29,-0.5,-0.05,0.32
257,2016-01-21,9.68,9.68,10.17,9.59,15655,38848340.0,5.82,-2.91,-0.29,0.33
258,2016-01-22,9.94,9.97,10.25,9.58,13652,33937031.0,6.92,3.0,0.29,0.29
259,2016-01-25,10.26,10.18,10.4,10.03,15051,38222438.0,3.71,2.11,0.21,0.32
260,2016-01-26,10.07,9.47,10.67,9.09,28531,71810019.0,15.52,-6.97,-0.71,0.61
261,2016-01-27,9.91,9.53,9.91,9.26,29415,72036446.0,6.86,0.63,0.06,0.63
262,2016-01-28,9.56,9.99,10.17,9.47,19575,48714051.0,7.35,4.83,0.46,0.42
263,2016-01-29,9.8,10.6,10.73,9.69,18942,48438246.0,10.41,6.11,0.61,0.41
264,2016-02-01,10.73,10.54,10.76,10.04,14787,37713488.0,6.79,-0.57,-0.06,0.32
265,2016-02-02,10.51,10.91,10.93,10.2,18477,48052282.0,6.93,3.51,0.37,0.4
266,2016-02-03,10.49,11.13,11.49,10.49,20509,54481115.0,9.17,2.02,0.22,0.44
267,2016-02-04,11.17,10.94,11.87,10.92,22436,60333111.0,8.54,-1.71,-0.19,0.48
268,2016-02-05,10.87,10.26,11.18,10.23,15511,40462577.0,8.68,-6.22,-0.68,0.33
269,2016-02-15,9.93,11.23,11.37,9.72,18257,47940141.0,16.08,9.45,0.97,0.39
270,2016-02-16,11.25,11.72,11.72,11.09,17689,47767173.0,5.61,4.36,0.49,0.38
271,2016-02-17,11.71,11.53,11.71,11.23,12731,34299004.0,4.1,-1.62,-0.19,0.27
272,2016-02-18,11.77,11.49,11.77,11.28,18773,50711426.0,4.25,-0.35,-0.04,0.4
273,2016-02-19,11.38,11.3,11.6,11.0,18912,50562469.0,5.22,-1.65,-0.19,0.4
274,2016-02-22,11.45,11.79,11.95,11.27,24764,67303335.0,6.02,4.34,0.49,0.53
275,2016-02-23,11.78,11.39,11.83,11.3,22275,59987561.0,4.5,-3.39,-0.4,0.48
276,2016-02-24,11.4,11.44,11.57,11.11,17566,47058716.0,4.04,0.44,0.05,0.38
277,2016-02-25,11.33,11.07,11.79,11.07,29572,79892012.0,6.29,-3.23,-0.37,0.63
278,2016-02-26,11.1,12.07,12.87,10.98,34784,95222005.0,17.07,9.03,1.0,0.74
279,2016-02-29,11.95,12.49,12.49,11.14,70192,193829949.0,11.18,3.48,0.42,1.5
280,2016-03-01,12.37,12.41,12.49,11.82,35377,98831864.0,5.36,-0.64,-0.08,0.76
281,2016-03-02,12.33,12.97,13.26,12.0,51606,147560535.0,10.15,4.51,0.56,1.1
282,2016-03-03,12.89,12.57,12.89,12.37,32020,91119269.0,4.01,-3.08,-0.4,0.68
283,2016-03-04,12.26,12.22,12.49,11.77,23569,65626699.0,5.73,-2.78,-0.35,0.5
284,2016-03-07,12.07,12.33,12.8,12.04,19804,56013322.0,6.22,0.9,0.11,0.42
285,2016-03-08,12.3,11.87,12.3,11.42,19172,52459497.0,7.14,-3.73,-0.46,0.41
286,2016-03-09,11.72,11.5,11.87,11.47,15418,41925828.0,3.37,-3.12,-0.37,0.33
287,2016-03-10,11.5,12.08,12.32,11.3,24701,67977705.0,8.87,5.04,0.58,0.53
288,2016-03-11,11.96,12.07,12.33,11.8,10664,29571202.0,4.39,-0.08,-0.01,0.23
289,2016-03-14,12.25,12.65,12.93,12.25,26074,74521620.0,5.63,4.81,0.58,0.56
290,2016-03-15,12.64,12.76,12.97,12.42,16724,47875045.0,4.35,0.87,0.11,0.36
291,2016-03-16,12.78,12.73,12.87,12.43,13425,38208120.0,3.45,-0.24,-0.03,0.29
292,2016-03-17,12.72,13.0,13.15,12.65,22549,65177485.0,3.93,2.12,0.27,0.48
293,2016-03-18,13.0,13.38,13.57,12.72,29503,85809075.0,6.54,2.92,0.38,0.63
294,2016-03-21,13.4,13.39,13.41,13.07,23410,68604484.0,2.54,0.07,0.01,0.5
295,2016-03-22,13.37,12.75,13.37,12.57,30113,86468833.0,5.97,-4.78,-0.64,0.64
296,2016-03-23,12.8,13.03,13.03,12.67,10744,30877520.0,2.82,2.2,0.28,0.23
297,2016-03-24,13.09,12.72,13.09,12.62,12971,37222470.0,3.61,-2.38,-0.31,0.28
298,2016-03-25,12.71,14.13,14.13,12.71,37082,109920206.0,11.16,11.08,1.41,0.79
299,2016-03-28,14.1,13.8,14.56,13.73,27533,83541492.0,5.87,-2.34,-0.33,0.59
300,2016-03-29,13.63,13.67,13.9,13.41,15933,47572324.0,3.55,-0.94,-0.13,0.34
301,2016-03-30,13.66,14.74,15.11,13.66,33452,103208585.0,10.61,7.83,1.07,0.72
302,2016-03-31,14.57,14.57,14.8,14.07,24287,74614086.0,4.95,-1.15,-0.17,0.52
303,2016-04-01,14.26,14.2,14.57,13.91,14804,45193629.0,4.53,-2.54,-0.37,0.32
304,2016-04-05,14.23,14.49,14.72,14.23,25563,79084087.0,3.45,2.04,0.29,0.55
305,2016-04-06,14.51,14.3,14.63,14.19,17523,53970000.0,3.04,-1.31,-0.19,0.37
306,2016-04-07,14.33,13.9,14.35,13.65,21387,64491352.0,4.9,-2.8,-0.4,0.46
307,2016-04-08,13.63,14.07,14.37,13.58,16237,49166080.0,5.68,1.22,0.17,0.35
308,2016-04-11,14.22,15.23,15.48,13.99,25398,80022838.0,10.59,8.24,1.16,0.54
309,2016-04-12,14.95,16.3,16.3,14.88,41428,134262045.0,9.32,7.03,1.07,0.89
310,2016-04-13,16.1,16.25,18.48,15.87,44820,151939232.0,16.01,-0.31,-0.05,0.96
311,2016-04-14,16.17,16.53,16.73,16.03,17887,59687238.0,4.31,1.72,0.28,0.38
312,2016-04-15,16.53,15.83,16.72,15.6,18552,60944689.0,6.78,-4.23,-0.7,0.4
313,2016-04-18,15.68,16.79,16.95,15.26,28111,92274886.0,10.68,6.06,0.96,0.6
314,2016-04-19,16.72,17.06,17.55,16.33,29303,100285523.0,7.27,1.61,0.27,0.63
315,2016-04-20,16.9,16.68,17.24,15.57,27929,92892412.0,9.79,-2.23,-0.38,0.6
316,2016-04-21,16.58,17.83,18.4,16.35,47520,166742229.0,12.29,6.89,1.15,1.02
317,2016-04-22,17.63,20.54,20.55,17.42,65451,246349107.0,17.55,15.2,2.71,1.4
318,2016-04-25,19.73,17.87,19.95,17.7,97061,351225744.0,10.95,-13.0,-2.67,2.08
319,2016-04-26,17.69,17.78,18.07,16.53,55840,193145372.0,8.62,-0.5,-0.09,1.19
320,2016-04-27,17.77,16.8,17.77,16.64,52408,179540844.0,6.36,-5.51,-0.98,1.12
321,2016-04-28,16.49,16.6,16.93,15.5,69375,229074910.0,8.51,-1.19,-0.2,1.48
322,2016-04-29,16.48,16.54,17.26,16.13,52333,177401115.0,6.81,-0.36,-0.06,1.12
323,2016-05-03,16.32,16.8,17.02,15.57,50139,167716612.0,8.77,1.57,0.26,1.07
324,2016-05-04,16.8,16.28,16.83,16.09,45728,153221738.0,4.4,-3.1,-0.52,0.98
325,2016-05-05,15.8,16.26,16.53,15.8,30683,101853354.0,4.48,-0.12,-0.02,0.66
326,2016-05-06,16.29,15.1,16.91,15.1,49646,164141024.0,11.13,-7.13,-1.16,1.06
327,2016-05-09,14.86,14.78,15.52,14.19,37254,116843491.0,8.81,-2.12,-0.32,0.8
328,2016-05-10,14.77,16.34,16.49,14.77,63665,207414697.0,11.64,10.55,1.56,1.36
329,2016-05-11,16.35,17.18,17.87,15.83,74892,257239020.0,12.48,5.14,0.84,1.6
330,2016-05-12,16.53,17.15,17.83,16.37,36293,124712936.0,8.5,-0.17,-0.03,0.78
331,2016-05-13,17.1,16.5,17.41,16.15,32095,106195299.0,7.35,-3.79,-0.65,0.69
332,2016-05-16,16.34,16.84,16.9,14.92,36398,116816728.0,12.0,2.06,0.34,0.78
333,2016-05-17,16.6,16.38,16.75,16.24,22722,74829347.0,3.03,-2.73,-0.46,0.49
334,2016-05-18,16.3,15.38,16.3,15.1,25004,79423535.0,7.33,-6.11,-1.0,0.53
335,2016-05-19,15.19,15.35,16.15,15.19,12514,39950883.0,6.24,-0.2,-0.03,0.27
336,2016-05-20,15.23,15.27,15.61,15.01,21599,67705440.0,3.91,-0.52,-0.08,0.46
337,2016-05-23,15.31,15.81,15.98,15.31,13982,44666754.0,4.39,3.54,0.54,0.3
338,2016-05-24,15.83,15.34,15.98,15.15,15479,48905676.0,5.25,-2.97,-0.47,0.33
339,2016-05-25,15.6,15.39,15.68,15.25,9770,30841027.0,2.8,0.33,0.05,0.21
340,2016-05-26,15.38,16.96,17.3,14.61,37330,122059382.0,17.48,10.2,1.57,0.8
341,2016-05-27,16.96,16.27,16.96,16.14,27899,91794843.0,4.83,-4.07,-0.69,0.6
342,2016-05-30,15.87,16.28,16.77,15.87,18849,61996649.0,5.53,0.06,0.01,0.4
343,2016-05-31,16.29,17.15,17.46,16.29,35243,119056402.0,7.19,5.34,0.87,0.75
344,2016-06-01,17.46,17.23,17.59,16.92,30098,102049717.0,3.91,0.47,0.08,0.64
345,2016-06-02,17.23,17.35,17.67,16.77,19525,66030180.0,5.22,0.7,0.12,0.42
346,2016-06-03,17.46,17.37,17.53,17.06,16495,56191666.0,2.71,0.12,0.02,0.35
347,2016-06-06,17.33,17.73,17.94,17.07,23660,81151788.0,5.01,2.07,0.36,0.51
348,2016-06-07,17.99,17.57,18.07,17.23,16421,56612751.0,4.74,-0.9,-0.16,0.35
349,2016-06-08,17.57,17.47,17.91,17.0,14857,50773234.0,5.18,-0.57,-0.1,0.32
350,2016-06-13,17.0,16.38,17.3,16.29,21984,73019507.0,5.78,-6.24,-1.09,0.47
351,2016-06-14,16.11,17.2,17.21,15.84,26321,86738032.0,8.36,5.01,0.82,0.56
352,2016-06-15,16.75,18.2,18.23,16.59,43819,150466245.0,9.53,5.81,1.0,0.94
353,2016-06-16,17.93,17.55,19.01,17.46,40897,143995243.0,8.52,-3.57,-0.65,0.87
354,2016-06-17,17.44,17.27,17.9,16.7,37494,126932707.0,6.84,-1.6,-0.28,0.8
355,2016-06-20,17.23,17.2,17.27,16.77,27359,91936835.0,2.9,-0.41,-0.07,0.58
356,2016-06-21,17.2,17.4,17.59,17.02,43583,148103213.0,3.31,1.16,0.2,0.93
357,2016-06-22,17.3,17.3,17.72,17.08,37165,126376736.0,3.68,-0.57,-0.1,0.79
358,2016-06-23,17.3,17.15,17.5,16.99,16067,54299766.0,2.95,-0.87,-0.15,0.34
359,2016-06-24,17.23,17.03,17.29,16.38,17969,60195479.0,5.31,-0.7,-0.12,0.38
360,2016-06-27,16.73,17.2,17.28,16.67,21294,71845199.0,3.58,1.0,0.17,0.45
361,2016-06-28,17.17,17.53,17.53,17.13,22143,75470356.0,2.33,1.92,0.33,0.47
362,2016-06-29,17.69,17.55,17.79,17.42,14852,50979120.0,2.11,0.11,0.02,0.32
363,2016-06-30,17.54,17.65,17.76,17.16,11706,40134707.0,3.42,0.57,0.1,0.28
364,2016-07-01,17.6,17.96,18.22,17.47,17172,59843575.0,4.25,1.76,0.31,0.41
365,2016-07-04,17.77,18.23,18.5,17.77,17654,62080274.0,4.06,1.5,0.27,0.42
366,2016-07-05,18.3,18.06,18.44,17.92,19022,66642169.0,2.85,-0.93,-0.17,0.46
367,2016-07-06,17.8,17.97,18.06,17.73,11549,40171403.0,1.83,-0.5,-0.09,0.28
368,2016-07-07,18.03,19.6,19.61,18.0,43421,156251023.0,8.96,9.07,1.63,1.04
369,2016-07-08,19.6,19.75,19.98,19.06,30820,113655225.0,4.69,0.77,0.15,0.74
370,2016-07-11,19.53,20.23,20.3,19.23,32735,121771417.0,5.42,2.43,0.48,0.78
371,2016-07-12,20.23,21.18,22.38,19.84,56623,218153303.0,12.56,4.7,0.95,1.35
372,2016-07-13,20.77,20.09,21.3,19.92,32699,124489848.0,6.52,-5.15,-1.09,0.78
373,2016-07-14,20.14,20.23,20.5,19.54,25263,94610975.0,4.78,0.7,0.14,0.6
374,2016-07-15,20.13,20.25,20.43,19.92,21367,80592016.0,2.52,0.1,0.02,0.51
375,2016-07-18,20.22,20.77,20.77,20.01,20219,77142522.0,3.75,2.57,0.52,0.48
376,2016-07-19,20.55,21.84,22.06,20.38,46317,182013002.0,8.09,5.15,1.07,1.11
377,2016-07-20,21.8,21.33,21.93,21.13,16259,63990576.0,3.66,-2.34,-0.51,0.39
378,2016-07-21,21.33,21.38,21.53,20.69,16391,63568291.0,3.94,0.23,0.05,0.39
379,2016-07-22,21.0,21.15,21.3,20.38,19747,76481841.0,4.3,-1.08,-0.23,0.47
380,2016-07-25,21.0,21.06,21.23,20.57,14657,56724207.0,3.12,-0.43,-0.09,0.35
381,2016-07-26,20.99,21.61,21.68,20.73,13726,53801967.0,4.51,2.61,0.55,0.33
382,2016-07-27,21.5,21.83,22.14,19.63,30326,119110517.0,11.61,1.02,0.22,0.73
383,2016-07-28,21.27,22.69,22.8,21.27,32314,131203551.0,7.01,3.94,0.86,0.77
384,2016-07-29,22.3,23.3,24.3,22.3,41833,175673576.0,8.81,2.69,0.61,1.0
385,2016-08-01,23.18,22.23,23.34,21.46,27113,109377167.0,8.07,-4.59,-1.07,0.65
386,2016-08-02,22.07,21.77,22.24,21.06,26095,102812359.0,5.31,-2.07,-0.46,0.62
387,2016-08-03,21.64,21.9,22.03,21.33,14045,55736201.0,3.22,0.6,0.13,0.34
388,2016-08-04,21.84,21.73,22.13,21.46,10660,42420469.0,3.06,-0.78,-0.17,0.25
389,2016-08-05,21.47,20.76,21.91,20.44,36801,143225334.0,6.76,-4.46,-0.97,0.88
390,2016-08-08,20.8,21.15,21.16,20.17,21021,80919992.0,4.77,1.88,0.39,0.5
391,2016-08-09,20.99,21.13,21.16,20.93,11835,46063542.0,1.09,-0.09,-0.02,0.28
392,2016-08-10,21.15,21.07,21.5,21.01,10279,40109770.0,2.32,-0.28,-0.06,0.25
393,2016-08-11,21.06,20.92,21.16,20.69,15220,58756355.0,2.23,-0.71,-0.15,0.36
394,2016-08-12,20.73,21.23,21.33,20.7,9220,35787998.0,3.01,1.48,0.31,0.22
395,2016-08-15,21.22,21.6,21.76,20.67,14367,56416634.0,5.13,1.74,0.37,0.34
396,2016-08-16,21.61,21.66,22.58,21.15,17036,68030471.0,6.62,0.28,0.06,0.41
397,2016-08-17,21.66,22.27,22.37,21.24,15676,62536481.0,5.22,2.82,0.61,0.37
398,2016-08-18,22.13,21.83,22.51,21.65,9635,38495401.0,3.86,-1.98,-0.44,0.23
399,2016-08-19,21.69,21.77,21.9,21.61,8168,32519041.0,1.33,-0.27,-0.06,0.2
400,2016-08-22,21.54,21.07,21.79,20.77,24654,95895349.0,4.69,-3.22,-0.7,0.59
401,2016-08-23,20.97,20.86,21.34,20.78,12236,47483248.0,2.66,-1.0,-0.21,0.29
402,2016-08-24,20.77,20.53,21.07,20.52,11081,42695120.0,2.64,-1.58,-0.33,0.27
403,2016-08-25,20.56,20.11,20.56,19.73,30311,113922910.0,4.04,-2.05,-0.42,0.73
404,2016-08-26,20.11,20.08,20.23,19.92,18060,67851427.0,1.54,-0.15,-0.03,0.43
405,2016-08-29,20.15,20.35,20.36,19.71,16829,63131782.0,3.24,1.34,0.27,0.4
406,2016-08-30,20.21,20.07,20.53,20.06,12756,48404121.0,2.31,-1.38,-0.28,0.31
407,2016-08-31,20.06,20.03,20.53,20.0,18066,68331431.0,2.64,-0.2,-0.04,0.43
408,2016-09-01,20.17,20.12,20.36,19.92,11682,44053497.0,2.2,0.45,0.09,0.28
409,2016-09-02,20.13,20.12,20.35,19.58,13747,51335533.0,3.83,0.0,0.0,0.33
410,2016-09-05,20.07,20.82,20.83,20.0,16251,62189452.0,4.13,3.48,0.7,0.39
411,2016-09-06,21.11,21.0,21.15,20.61,17166,66558920.0,2.59,0.86,0.18,0.41
412,2016-09-07,20.84,20.56,21.22,20.38,18122,69863871.0,4.0,-2.1,-0.44,0.43
413,2016-09-08,20.68,20.53,20.99,20.39,14879,56938586.0,2.92,-0.15,-0.03,0.36
414,2016-09-09,20.54,20.23,20.54,20.15,15882,60149974.0,1.9,-1.46,-0.3,0.38
415,2016-09-12,19.77,19.67,20.07,19.61,15674,58495914.0,2.27,-2.77,-0.56,0.37
416,2016-09-13,19.83,19.93,20.13,19.3,12507,46298961.0,4.22,1.32,0.26,0.3
417,2016-09-14,19.91,19.52,19.98,19.37,9608,35655829.0,3.06,-2.06,-0.41,0.23
418,2016-09-19,19.49,19.7,19.76,19.47,4086,15105479.0,1.49,0.92,0.18,0.1
419,2016-09-20,19.83,19.73,19.83,19.64,3224,11967954.0,0.96,0.15,0.03,0.08
420,2016-09-21,19.74,19.73,19.83,19.65,3748,13936469.0,0.91,0.0,0.0,0.09
421,2016-09-22,19.88,19.79,20.09,19.66,7116,26522687.0,2.18,0.3,0.06,0.17
422,2016-09-23,19.79,19.83,19.9,19.7,4053,15102856.0,1.01,0.2,0.04,0.1
423,2016-09-26,19.84,19.49,19.98,19.45,4966,18507121.0,2.67,-1.71,-0.34,0.12
424,2016-09-27,19.23,19.46,19.64,19.23,5302,19505012.0,2.1,-0.15,-0.03,0.13
425,2016-09-28,19.65,19.62,19.68,19.47,4738,17534778.0,1.08,0.82,0.16,0.11
426,2016-09-29,19.78,20.05,20.07,19.78,6141,23015405.0,1.48,2.19,0.43,0.15
427,2016-09-30,20.03,20.71,20.74,19.89,11858,45288489.0,4.24,3.29,0.66,0.28
428,2016-10-10,20.84,20.51,21.03,20.23,12274,46787979.0,3.86,-0.97,-0.2,0.29
429,2016-10-11,20.68,20.46,20.68,20.37,6864,26171267.0,1.51,-0.24,-0.05,0.16
430,2016-10-12,20.19,20.15,20.45,19.93,7689,28994082.0,2.54,-1.52,-0.31,0.18
431,2016-10-13,20.09,20.23,20.28,19.96,3996,15072958.0,1.59,0.4,0.08,0.1
432,2016-10-14,20.32,19.8,20.32,19.66,5048,18839815.0,3.26,-2.13,-0.43,0.12
433,2016-10-17,19.8,20.01,20.4,19.7,7450,28032952.0,3.54,1.06,0.21,0.18
434,2016-10-18,19.61,20.13,20.15,19.61,5978,22336460.0,2.7,0.6,0.12,0.14
435,2016-10-19,20.13,20.18,20.25,19.96,5851,22038846.0,1.44,0.25,0.05,0.14
436,2016-10-20,20.23,20.54,20.77,20.14,10057,38360107.0,3.12,1.78,0.36,0.24
437,2016-10-21,20.38,19.53,20.38,19.3,27299,101431461.0,5.26,-4.92,-1.01,0.65
438,2016-10-24,19.38,19.53,19.65,19.38,12588,46419273.0,1.38,0.0,0.0,0.3
439,2016-10-25,19.67,19.81,19.88,19.38,9937,36816148.0,2.56,1.43,0.28,0.24
440,2016-10-26,19.8,19.77,20.2,19.54,6816,25380709.0,3.33,-0.2,-0.04,0.16
441,2016-10-27,19.68,19.54,19.76,19.52,5829,21545854.0,1.21,-1.16,-0.23,0.14
442,2016-10-28,19.53,19.3,19.61,19.24,6625,24335397.0,1.89,-1.23,-0.24,0.16
443,2016-10-31,19.32,19.15,19.37,19.0,10023,36399183.0,1.92,-0.78,-0.15,0.24
444,2016-11-01,19.14,19.3,19.52,18.93,13388,48755104.0,3.08,0.78,0.15,0.32
445,2016-11-02,19.11,19.08,19.23,19.04,4891,17760450.0,0.98,-1.14,-0.22,0.12
446,2016-11-03,19.0,18.84,19.29,18.84,9956,36119517.0,2.36,-1.26,-0.24,0.24
447,2016-11-04,18.7,18.11,18.84,17.77,19920,70453728.0,5.68,-3.87,-0.73,0.48
448,2016-11-07,17.89,18.26,18.33,17.89,11393,40019651.0,2.43,0.83,0.15,0.27
449,2016-11-08,18.26,18.4,18.53,17.93,12971,45618374.0,3.29,0.77,0.14,0.31
450,2016-11-09,18.51,18.3,18.73,17.88,11086,39008642.0,4.62,-0.54,-0.1,0.27
451,2016-11-10,18.3,18.23,18.44,18.2,11924,42131260.0,1.31,-0.38,-0.07,0.29
452,2016-11-11,18.21,18.0,18.43,17.98,10655,37312074.0,2.47,-1.26,-0.23,0.25
453,2016-11-14,17.98,17.93,18.26,17.83,10038,35040653.0,2.39,-0.39,-0.07,0.24
454,2016-11-15,17.85,18.94,18.95,17.85,16515,58655721.0,6.13,5.63,1.01,0.4
455,2016-11-16,18.94,18.62,19.25,18.61,10229,36818609.0,3.38,-1.69,-0.32,0.24
456,2016-11-17,18.63,18.57,19.01,18.31,7370,26272242.0,3.76,-0.27,-0.05,0.18
457,2016-11-18,18.4,18.43,18.61,18.33,5332,18884669.0,1.51,-0.75,-0.14,0.13
458,2016-11-21,18.34,18.57,18.57,18.3,5453,19319325.0,1.47,0.76,0.14,0.13
459,2016-11-22,18.57,19.19,19.38,18.32,9217,33106422.0,5.71,3.34,0.62,0.22
460,2016-11-23,19.15,18.59,19.3,18.17,13045,46722046.0,5.89,-3.13,-0.6,0.31
461,2016-11-24,18.53,18.8,18.99,18.34,11244,40326421.0,3.5,1.13,0.21,0.27
462,2016-11-25,18.67,18.77,18.95,18.51,15237,54679479.0,2.34,-0.16,-0.03,0.36
463,2016-11-28,18.78,19.07,19.27,18.77,11882,42952273.0,2.66,1.6,0.3,0.28
464,2016-11-29,19.14,19.46,20.23,18.69,27712,102478384.0,8.08,2.05,0.39,0.66
465,2016-11-30,19.29,19.2,19.44,18.92,11469,41723701.0,2.67,-1.34,-0.26,0.27
466,2016-12-01,19.15,19.17,19.5,19.0,7148,26117007.0,2.6,-0.16,-0.03,0.17
467,2016-12-02,19.19,18.35,19.19,18.07,13896,49236068.0,5.84,-4.28,-0.82,0.33
468,2016-12-05,18.23,18.12,18.59,18.08,5341,18777707.0,2.78,-1.25,-0.23,0.13
469,2016-12-06,18.32,18.3,18.46,17.99,5729,20204905.0,2.59,0.99,0.18,0.14
470,2016-12-07,18.42,18.46,18.5,18.18,3969,14066649.0,1.75,0.87,0.16,0.09
471,2016-12-08,18.6,18.33,18.6,18.23,3171,11213197.0,2.0,-0.7,-0.13,0.08
472,2016-12-09,18.37,17.97,18.37,17.93,5336,18690374.0,2.4,-1.96,-0.36,0.13
473,2016-12-12,17.93,17.37,18.1,16.73,16499,56110652.0,7.62,-3.34,-0.6,0.39
474,2016-12-13,17.33,16.77,17.36,16.67,10912,36630605.0,3.97,-3.45,-0.6,0.26
475,2016-12-14,16.85,16.33,17.0,16.23,8779,29098706.0,4.59,-2.62,-0.44,0.21
476,2016-12-15,16.3,16.41,16.69,16.16,7104,23420340.0,3.25,0.49,0.08,0.17
477,2016-12-16,16.37,16.75,16.91,16.32,6058,20143484.0,3.6,2.07,0.34,0.14
478,2016-12-19,16.78,16.19,16.88,16.13,8876,29008119.0,4.48,-3.34,-0.56,0.21
479,2016-12-20,16.19,16.7,17.07,15.93,12642,41951077.0,7.04,3.15,0.51,0.3
480,2016-12-21,16.69,17.06,17.29,16.57,7924,26483004.0,4.31,2.16,0.36,0.19
481,2016-12-22,17.03,16.94,17.23,16.88,6701,22570359.0,2.05,-0.7,-0.12,0.16
482,2016-12-23,16.83,16.89,17.13,16.67,4138,13833979.0,2.72,-0.3,-0.05,0.1
483,2016-12-26,16.89,17.07,17.19,16.55,7561,25345775.0,3.79,1.07,0.18,0.18
484,2016-12-27,17.16,17.6,17.91,17.0,11594,39696200.0,5.33,3.1,0.53,0.28
485,2016-12-28,17.47,18.31,18.31,17.47,13905,48650662.0,4.77,4.03,0.71,0.33
486,2016-12-29,18.28,18.23,18.28,17.81,6373,22301918.0,2.57,-0.44,-0.08,0.15
487,2016-12-30,18.07,18.01,18.26,17.6,8262,28647779.0,3.62,-1.21,-0.22,0.2
488,2017-01-03,17.73,17.81,18.15,17.63,6817,23658793.0,2.89,-1.11,-0.2,0.16
489,2017-01-04,17.84,17.77,17.9,17.39,8743,30087142.0,2.86,-0.22,-0.04,0.21
490,2017-01-05,17.77,17.2,17.77,17.13,8855,30137992.0,3.6,-3.21,-0.57,0.21
491,2017-01-06,17.22,16.99,17.37,16.93,7292,24627240.0,2.56,-1.22,-0.21,0.17
492,2017-01-09,16.98,17.18,17.28,16.86,5959,20065647.0,2.47,1.12,0.19,0.14
493,2017-01-10,17.21,17.32,17.34,17.07,6355,21532060.0,1.57,0.81,0.14,0.15
494,2017-01-11,17.44,16.95,17.44,16.92,7798,26376680.0,3.0,-2.14,-0.37,0.19
495,2017-01-12,16.8,17.03,17.42,16.73,6703,22746053.0,4.07,0.47,0.08,0.16
496,2017-01-13,17.03,17.0,17.07,16.69,5174,17312800.0,2.23,-0.18,-0.03,0.12
497,2017-01-16,17.0,16.69,17.16,15.92,6960,23126655.0,7.29,-1.82,-0.31,0.17
498,2017-01-17,16.68,16.49,16.68,16.08,7109,23255005.0,3.59,-1.2,-0.2,0.17
499,2017-01-18,16.32,16.6,16.76,16.32,2936,9726750.0,2.67,0.67,0.11,0.07
500,2017-01-19,16.67,17.05,17.11,16.65,7502,25167385.0,2.77,2.71,0.45,0.18
501,2017-01-20,17.03,18.3,18.45,16.86,12373,42827588.0,9.33,7.33,1.25,0.29
502,2017-01-23,18.19,18.15,18.8,17.93,5233,18453830.0,4.75,-0.82,-0.15,0.12
503,2017-01-24,18.14,17.77,18.15,17.7,5204,18036270.0,2.48,-2.09,-0.38,0.12
504,2017-01-25,17.74,17.8,18.17,17.43,3752,12952442.0,4.16,0.17,0.03,0.09
505,2017-01-26,17.8,17.85,17.96,17.73,2421,8395012.0,1.29,0.28,0.05,0.06
506,2017-02-03,17.85,17.3,18.19,17.01,7841,26637530.0,6.61,-3.08,-0.55,0.19
507,2017-02-06,17.33,17.53,17.61,17.19,4293,14701071.0,2.43,1.33,0.23,0.1
508,2017-02-07,17.53,17.53,17.69,17.38,7821,26804428.0,1.77,0.0,0.0,0.19
509,2017-02-08,17.47,17.65,17.9,17.3,8687,29893649.0,3.42,0.68,0.12,0.21
510,2017-02-09,17.64,17.89,17.89,17.53,8491,29296372.0,2.04,1.36,0.24,0.2
511,2017-02-10,17.98,17.73,18.03,17.53,9719,33709590.0,2.79,-0.89,-0.16,0.23
512,2017-02-13,17.73,17.6,17.83,17.3,18121,62125600.0,2.99,-0.73,-0.13,0.43
513,2017-02-14,17.61,17.38,17.61,17.23,13758,46905196.0,2.16,-1.25,-0.22,0.33
514,2017-02-15,17.61,18.3,18.78,17.61,40166,141417114.0,6.73,5.29,0.92,0.96
515,2017-02-16,18.69,18.1,18.69,17.97,21127,74144728.0,3.93,-1.09,-0.2,0.5
516,2017-02-17,18.09,19.34,19.38,17.97,49607,178804637.0,7.79,6.85,1.24,1.18
517,2017-02-20,19.33,19.99,20.27,19.17,50173,186747245.0,5.69,3.36,0.65,1.2
518,2017-02-21,19.88,20.43,20.84,19.5,26090,98002945.0,6.7,2.2,0.44,0.62
519,2017-02-22,20.23,20.17,20.52,19.84,19138,72325750.0,3.33,-1.27,-0.26,0.46
520,2017-02-23,20.17,20.12,20.44,20.0,16315,61459853.0,2.18,-0.25,-0.05,0.39
521,2017-02-24,20.04,19.95,20.1,19.71,8821,32947845.0,1.94,-0.84,-0.17,0.21
522,2017-02-27,19.87,19.76,20.37,19.61,8059,30126162.0,3.81,-0.95,-0.19,0.19
523,2017-02-28,19.76,19.77,19.98,19.54,14893,55411065.0,2.23,0.05,0.01,0.36
524,2017-03-01,19.71,19.48,19.73,19.34,11910,43932677.0,1.97,-1.47,-0.29,0.28
525,2017-03-02,19.48,19.3,19.5,19.04,8959,32681801.0,2.36,-0.92,-0.18,0.21
526,2017-03-03,19.27,19.37,19.52,19.07,12315,45062860.0,2.33,0.36,0.07,0.29
527,2017-03-06,19.38,21.06,21.13,19.17,34944,132148247.0,10.12,8.72,1.69,0.83
528,2017-03-07,20.93,21.0,21.44,20.73,23262,90361749.0,3.37,-0.28,-0.06,0.55
529,2017-03-08,20.87,20.48,20.99,20.36,13518,51572848.0,3.0,-2.48,-0.52,0.32
530,2017-03-09,20.47,20.48,20.92,20.32,15333,58847027.0,2.93,0.0,0.0,0.37
531,2017-03-10,20.48,21.18,21.51,20.42,21236,82714034.0,5.32,3.42,0.7,0.51
532,2017-03-13,21.15,21.14,21.68,20.86,24044,94018989.0,3.87,-0.19,-0.04,0.57
533,2017-03-14,20.97,20.8,21.14,20.34,26919,103043335.0,3.78,-1.61,-0.34,0.64
534,2017-03-15,20.75,20.81,20.91,20.43,16129,61942945.0,2.31,0.05,0.01,0.38
535,2017-03-16,20.69,20.93,20.99,20.61,14508,55953171.0,1.83,0.58,0.12,0.35
536,2017-03-17,20.87,21.05,21.48,20.7,22057,85671653.0,3.73,0.57,0.12,0.53
537,2017-03-20,20.77,20.67,21.04,20.54,12450,47924738.0,2.38,-1.81,-0.38,0.3
538,2017-03-21,20.71,21.39,21.43,20.66,22672,88236223.0,3.73,3.48,0.72,0.54
539,2017-03-22,21.17,22.15,22.46,21.03,20051,79597351.0,6.69,3.55,0.76,0.48
540,2017-03-23,21.91,21.88,22.29,21.54,13664,54653197.0,3.39,-1.22,-0.27,0.33
541,2017-03-24,21.8,21.86,22.73,21.67,16426,66200657.0,4.84,-0.09,-0.02,0.39
542,2017-03-27,22.15,20.69,22.28,20.69,26871,104837758.0,7.27,-5.35,-1.17,0.64
543,2017-03-28,20.69,20.83,20.96,20.29,17817,68067247.0,3.24,0.68,0.14,0.42
544,2017-03-29,20.93,21.09,21.3,20.62,15051,58377852.0,3.26,1.25,0.26,0.36
545,2017-03-30,21.23,21.16,21.92,20.91,24088,95243728.0,4.79,0.33,0.07,0.57
546,2017-03-31,21.39,21.94,22.53,21.39,24959,100096695.0,5.39,3.69,0.78,0.6
547,2017-04-05,21.77,22.62,23.23,21.77,31260,128080572.0,6.65,3.1,0.68,0.75
548,2017-04-06,22.55,22.68,22.93,21.92,14893,60903032.0,4.47,0.27,0.06,0.36
549,2017-04-07,22.67,23.0,23.3,22.47,16575,68432068.0,3.66,1.41,0.32,0.4
550,2017-04-10,23.07,22.71,23.46,22.46,19781,81628774.0,4.35,-1.26,-0.29,0.47
551,2017-04-11,22.77,22.43,23.1,21.4,22492,90786006.0,7.49,-1.23,-0.28,0.54
552,2017-04-12,22.41,22.62,22.99,22.23,15035,61581702.0,3.39,0.85,0.19,0.36
553,2017-04-13,22.6,23.25,23.42,22.53,11804,48957313.0,3.93,2.79,0.63,0.28
554,2017-04-14,23.17,22.54,23.37,22.54,8031,33207699.0,3.57,-3.05,-0.71,0.19
555,2017-04-17,22.33,22.84,22.89,22.07,11743,47776095.0,3.64,1.33,0.3,0.28
556,2017-04-18,22.84,24.23,24.31,22.74,34925,148970879.0,6.87,6.09,1.39,0.83
557,2017-04-19,24.38,24.69,24.75,23.28,29855,127246041.0,6.07,1.9,0.46,0.71
558,2017-04-20,24.41,25.32,25.9,24.35,37138,165299580.0,6.28,2.55,0.63,0.89
559,2017-04-21,25.12,24.63,25.53,24.46,17882,78387177.0,4.23,-2.73,-0.69,0.43
560,2017-04-24,24.53,26.77,27.38,23.92,40971,183904118.0,14.05,8.69,2.14,0.98
561,2017-04-25,26.73,27.26,27.69,26.15,42876,199236684.0,5.75,1.83,0.49,1.02
562,2017-04-26,26.85,26.51,28.3,26.3,41505,194442625.0,7.34,-2.75,-0.75,0.99
563,2017-04-27,26.16,26.54,26.88,25.53,18108,82410011.0,5.09,0.11,0.03,0.43
564,2017-04-28,26.47,25.37,26.61,25.0,31417,140219365.0,6.07,-4.41,-1.17,0.75
565,2017-05-02,25.01,27.42,27.77,24.63,34485,158088128.0,12.38,8.08,2.05,0.82
566,2017-05-03,27.23,27.04,27.58,26.77,13555,63402997.0,2.95,-1.39,-0.38,0.32
567,2017-05-04,26.9,26.15,27.23,25.92,17900,82046795.0,4.84,-3.29,-0.89,0.43
568,2017-05-05,26.11,25.77,26.68,25.53,17353,78708456.0,4.4,-1.45,-0.38,0.41
569,2017-05-08,25.77,25.8,26.21,24.69,18272,81916547.0,5.9,0.12,0.03,0.44
570,2017-05-09,25.42,25.87,26.15,24.07,19527,86445174.0,8.06,0.27,0.07,0.47
571,2017-05-10,25.77,26.03,27.69,25.62,23060,106891883.0,8.0,0.62,0.16,0.55
572,2017-05-11,26.27,29.46,29.53,25.76,28297,133786894.0,14.48,13.18,3.43,0.67
573,2017-05-12,28.84,28.57,30.0,28.43,28905,142165157.0,5.33,-3.02,-0.89,0.69
574,2017-05-15,28.94,28.19,28.94,27.9,25242,122201723.0,3.64,-1.33,-0.38,0.6
575,2017-05-16,28.17,28.7,29.0,27.92,33332,161687570.0,3.83,1.81,0.51,0.79
576,2017-05-17,28.73,27.76,28.73,27.33,30846,147211828.0,4.88,-3.28,-0.94,0.73
577,2017-05-18,27.44,26.62,27.94,26.38,28446,132667506.0,5.62,-4.11,-1.14,0.68
578,2017-05-19,26.63,28.07,28.3,26.63,27835,131595262.0,6.27,5.45,1.45,0.66
579,2017-05-22,28.07,27.75,28.25,27.47,20954,100170175.0,2.78,-1.14,-0.32,0.5
580,2017-05-23,27.77,28.82,29.37,27.34,24089,116066059.0,7.32,3.86,1.07,0.57
581,2017-05-24,28.84,28.77,28.9,26.22,22256,107950649.0,9.3,-0.17,-0.05,0.53
582,2017-05-25,28.35,27.95,28.69,27.34,25314,91638667.0,4.69,-2.85,-0.82,0.46
583,2017-05-26,27.92,27.88,28.09,27.65,17962,64878904.0,1.57,-0.25,-0.07,0.33
584,2017-05-31,27.69,27.93,28.18,26.89,21488,77088881.0,4.63,0.18,0.05,0.39
585,2017-06-01,27.84,28.75,29.02,27.39,34339,125778283.0,5.84,2.94,0.82,0.63
586,2017-06-02,28.47,28.69,29.1,28.19,20197,74478013.0,3.17,-0.21,-0.06,0.37
587,2017-06-05,28.63,28.66,29.36,28.35,21780,80930601.0,3.52,-0.1,-0.03,0.4
588,2017-06-06,28.73,30.09,30.29,28.66,35294,133503923.0,5.69,4.99,1.43,0.65
589,2017-06-07,30.31,30.84,31.1,29.92,33820,130996635.0,3.92,2.49,0.75,0.62
590,2017-06-08,30.6,31.75,32.37,30.43,31571,125653299.0,6.29,2.95,0.91,0.58
591,2017-06-09,31.51,31.93,32.06,31.14,35624,142027676.0,2.9,0.57,0.18,0.65
592,2017-06-12,31.93,31.54,32.7,31.19,24108,96515455.0,4.73,-1.22,-0.39,0.44
593,2017-06-13,31.72,31.22,31.72,30.89,32019,126002114.0,2.63,-1.01,-0.32,0.59
594,2017-06-14,31.22,30.68,31.72,30.07,30973,121134847.0,5.29,-1.73,-0.54,0.57
595,2017-06-15,30.19,30.61,30.86,29.81,24146,92995797.0,3.42,-0.23,-0.07,0.44
596,2017-06-16,30.4,30.75,31.23,30.14,15228,59359203.0,3.56,0.46,0.14,0.28
597,2017-06-19,30.6,32.5,32.56,30.57,25863,103663538.0,6.47,5.69,1.75,0.47
598,2017-06-20,32.12,31.72,32.44,31.44,19844,79453919.0,3.08,-2.4,-0.78,0.36
599,2017-06-21,31.54,33.54,33.65,31.51,35972,146755762.0,6.75,5.74,1.82,0.66
600,2017-06-22,32.75,32.42,34.03,32.24,27016,111734908.0,5.34,-3.34,-1.12,0.5
601,2017-06-23,32.39,33.28,33.46,31.55,21310,86646084.0,5.89,2.65,0.86,0.39
602,2017-06-26,32.94,33.63,34.22,32.75,36504,152908645.0,4.42,1.05,0.35,0.67
603,2017-06-27,33.63,33.89,34.47,33.03,24982,104871268.0,4.28,0.77,0.26,0.46
604,2017-06-28,33.89,32.74,33.91,32.48,21585,89247742.0,4.22,-3.39,-1.15,0.4
605,2017-06-29,32.69,32.73,33.13,32.3,13241,54142761.0,2.54,-0.03,-0.01,0.24
606,2017-06-30,32.66,32.79,33.04,32.36,14722,60350079.0,2.08,0.18,0.06,0.27
607,2017-07-03,32.86,31.64,33.29,31.27,28838,116564182.0,6.16,-3.51,-1.15,0.53
608,2017-07-04,31.63,30.64,31.64,29.76,34395,133133851.0,5.94,-3.16,-1.0,0.63
609,2017-07-05,30.25,31.02,31.33,30.19,20743,80931593.0,3.72,1.24,0.38,0.38
610,2017-07-06,30.94,31.14,31.64,29.86,31525,122959216.0,5.74,0.39,0.12,0.58
611,2017-07-07,30.98,30.4,31.08,30.37,15563,60468541.0,2.28,-2.38,-0.74,0.29
612,2017-07-10,30.38,29.72,30.46,29.42,22572,85913085.0,3.42,-2.24,-0.68,0.41
613,2017-07-11,29.57,31.24,31.94,29.51,37562,147374115.0,8.18,5.11,1.52,0.69
614,2017-07-12,31.04,30.85,31.34,30.71,18995,74522502.0,2.02,-1.25,-0.39,0.35
615,2017-07-13,30.9,30.24,30.9,29.83,24420,93949696.0,3.47,-1.98,-0.61,0.45
616,2017-07-14,30.13,30.24,30.36,29.85,11775,45168394.0,1.69,0.0,0.0,0.22
617,2017-07-17,30.04,30.49,30.54,28.8,19073,73028738.0,5.75,0.83,0.25,0.35
618,2017-07-18,30.29,29.99,30.52,29.15,13939,53107627.0,4.49,-1.64,-0.5,0.26
619,2017-07-19,29.61,30.12,30.34,29.61,21664,82890907.0,2.43,0.43,0.13,0.4
620,2017-07-20,29.66,31.25,31.25,29.58,36385,140546428.0,5.54,3.75,1.13,0.67
621,2017-07-21,30.66,30.04,30.66,29.04,60465,229519950.0,5.18,-3.87,-1.21,1.11
622,2017-07-24,29.54,29.56,30.24,29.25,22887,86854742.0,3.3,-1.6,-0.48,0.42
623,2017-07-25,29.54,29.56,29.74,29.27,19538,73771846.0,1.59,0.0,0.0,0.36
624,2017-07-26,29.48,28.39,29.68,27.97,25273,93569280.0,5.78,-3.96,-1.17,0.46
625,2017-07-27,28.38,28.55,28.65,27.7,17290,62886871.0,3.35,0.56,0.16,0.32
626,2017-07-28,28.46,28.42,28.94,28.27,10451,38564615.0,2.35,-0.46,-0.13,0.19
627,2017-07-31,28.34,28.58,29.07,28.29,13606,50342004.0,2.74,0.56,0.16,0.25
628,2017-08-01,28.58,28.91,28.94,28.4,9494,35094215.0,1.89,1.15,0.33,0.17
629,2017-08-02,28.95,28.87,29.11,28.79,7431,27652799.0,1.11,-0.14,-0.04,0.14
630,2017-08-03,28.87,28.29,29.03,28.04,9076,33267606.0,3.43,-2.01,-0.58,0.17
631,2017-08-04,28.16,27.64,28.48,27.46,19101,68767123.0,3.61,-2.3,-0.65,0.35
632,2017-08-07,27.66,27.84,28.05,27.24,9830,35469055.0,2.93,0.72,0.2,0.18
633,2017-08-08,27.84,27.49,28.12,27.27,10179,36571889.0,3.05,-1.26,-0.35,0.19
634,2017-08-09,27.42,28.46,28.74,27.04,24967,90305496.0,6.18,3.53,0.97,0.46
635,2017-08-10,28.27,27.43,28.35,27.28,21660,77974662.0,3.76,-3.62,-1.03,0.4
636,2017-08-11,27.24,27.1,27.71,27.05,12170,43267556.0,2.41,-1.2,-0.33,0.22
637,2017-08-14,27.1,28.42,28.48,27.1,29909,108834925.0,5.09,4.87,1.32,0.55
638,2017-08-15,28.42,27.93,28.49,27.74,15419,55932384.0,2.64,-1.72,-0.49,0.28
639,2017-08-16,27.89,27.67,28.09,27.27,11898,42588514.0,2.94,-0.93,-0.26,0.22
640,2017-08-17,27.67,27.82,27.89,27.24,10458,37442227.0,2.35,0.54,0.15,0.19
641,2017-08-18,27.64,27.95,28.09,27.52,9255,33461935.0,2.05,0.47,0.13,0.17
642,2017-08-21,27.95,28.49,28.74,27.94,11501,42228158.0,2.86,1.93,0.54,0.21
643,2017-08-22,28.51,28.56,28.98,28.51,13832,51286864.0,1.65,0.25,0.07,0.25
644,2017-08-23,28.56,28.51,28.79,28.26,6399,23505580.0,1.86,-0.18,-0.05,0.12
645,2017-08-24,28.44,28.89,28.92,27.93,12169,44741153.0,3.47,1.33,0.38,0.22
646,2017-08-25,28.65,29.24,29.34,28.65,12651,47313493.0,2.39,1.21,0.35,0.23
647,2017-08-28,29.24,29.34,29.7,29.0,17285,64968578.0,2.39,0.34,0.1,0.32
648,2017-08-29,29.34,28.79,29.34,28.65,8700,32338477.0,2.35,-1.87,-0.55,0.16
649,2017-08-30,28.94,28.81,29.04,28.55,10156,37707584.0,1.7,0.07,0.02,0.19
650,2017-08-31,28.84,29.16,29.78,28.81,11513,43181680.0,3.37,1.21,0.35,0.21
651,2017-09-01,29.17,29.25,29.37,28.69,12629,47150106.0,2.33,0.31,0.09,0.23
652,2017-09-04,29.12,28.75,29.37,28.71,11979,44525001.0,2.26,-1.71,-0.5,0.22
653,2017-09-05,28.75,29.04,29.06,28.47,10053,37249212.0,2.05,1.01,0.29,0.18
654,2017-09-06,29.12,28.88,29.12,28.6,7147,26469746.0,1.79,-0.55,-0.16,0.13
655,2017-09-07,28.94,28.66,29.05,28.58,9608,35483758.0,1.63,-0.76,-0.22,0.18
656,2017-09-08,28.69,27.86,28.89,27.74,12828,46779157.0,4.01,-2.79,-0.8,0.24
657,2017-09-11,27.81,27.8,27.93,27.54,12596,45345981.0,1.4,-0.22,-0.06,0.23
658,2017-09-12,27.8,27.58,27.81,27.34,14709,52658120.0,1.69,-0.79,-0.22,0.27
659,2017-09-13,27.71,28.45,28.61,27.54,17168,62635337.0,3.88,3.15,0.87,0.31
660,2017-09-14,28.4,28.25,28.5,27.99,9139,33389120.0,1.79,-0.7,-0.2,0.17
661,2017-09-15,28.24,28.47,28.55,27.95,14236,52079305.0,2.12,0.78,0.22,0.26
662,2017-09-18,28.47,28.66,28.8,28.4,16091,59361024.0,1.4,0.67,0.19,0.29
663,2017-09-19,28.49,28.72,29.12,28.49,17100,63526267.0,2.2,0.21,0.06,0.31
664,2017-09-20,28.74,29.25,29.33,28.69,21684,81091082.0,2.23,1.85,0.53,0.4
665,2017-09-21,29.24,30.23,30.57,29.04,32048,122783844.0,5.23,3.35,0.98,0.59
666,2017-09-22,30.24,30.3,31.3,30.14,21179,82263525.0,3.84,0.23,0.07,0.39
667,2017-09-25,30.31,30.63,31.02,30.06,22929,89394310.0,3.17,1.09,0.33,0.42
668,2017-09-26,30.63,29.53,30.73,29.41,20084,76201073.0,4.31,-3.59,-1.1,0.37
669,2017-09-27,29.94,30.06,30.71,29.57,29750,113547812.0,3.86,1.79,0.53,0.55
670,2017-09-28,30.2,29.71,30.22,29.34,19753,74942148.0,2.93,-1.16,-0.35,0.36
671,2017-09-29,29.7,29.6,30.03,29.42,23796,90439023.0,2.05,-0.37,-0.11,0.44
672,2017-10-09,29.7,32.74,33.24,29.7,63841,255221814.0,11.96,10.61,3.14,1.17
673,2017-10-10,32.74,32.69,32.83,32.14,29302,119480496.0,2.11,-0.15,-0.05,0.54
674,2017-10-11,32.54,32.61,33.7,32.05,30987,127377127.0,5.05,-0.24,-0.08,0.57
675,2017-10-12,32.55,32.52,33.33,32.39,25440,104468718.0,2.88,-0.28,-0.09,0.47
676,2017-10-13,32.59,32.82,33.22,32.25,17022,69950824.0,2.98,0.92,0.3,0.31
677,2017-10-16,32.97,32.84,33.6,32.34,14664,60452694.0,3.84,0.06,0.02,0.27
678,2017-10-17,33.04,33.51,33.54,32.09,14185,58183988.0,4.42,2.04,0.67,0.26
679,2017-10-18,33.29,33.29,33.74,32.54,25149,104013818.0,3.58,-0.66,-0.22,0.46
680,2017-10-19,32.94,32.53,33.24,32.04,27842,113698369.0,3.6,-2.28,-0.76,0.51
681,2017-10-20,32.53,32.03,32.53,31.54,19380,78020449.0,3.04,-1.54,-0.5,0.36
682,2017-10-23,31.97,32.46,32.46,31.76,13444,54422013.0,2.19,1.34,0.43,0.25
683,2017-10-24,32.34,31.79,32.5,31.64,18993,76444524.0,2.65,-2.06,-0.67,0.35
684,2017-10-25,31.79,34.09,34.09,31.79,38793,160564068.0,7.23,7.23,2.3,0.71
685,2017-10-26,33.79,33.63,34.4,32.96,36686,154066737.0,4.22,-1.35,-0.46,0.67
686,2017-10-27,33.45,33.74,34.13,33.05,19377,81264784.0,3.21,0.33,0.11,0.35
687,2017-10-30,33.67,33.73,34.67,32.44,15878,66569676.0,6.61,-0.03,-0.01,0.29
688,2017-10-31,33.93,33.32,33.93,32.54,12967,53709238.0,4.12,-1.22,-0.41,0.24
689,2017-11-01,32.86,32.82,33.47,32.67,15712,64819921.0,2.4,-1.5,-0.5,0.29
690,2017-11-02,32.82,32.41,32.96,31.75,10527,42630015.0,3.69,-1.25,-0.41,0.19
691,2017-11-03,32.18,31.22,32.38,30.99,22931,91202378.0,4.29,-3.67,-1.19,0.42
692,2017-11-06,31.21,33.29,33.29,30.84,36296,146493222.0,7.85,6.63,2.07,0.66
693,2017-11-07,34.2,33.03,34.29,32.95,19473,81407341.0,4.03,-0.78,-0.26,0.36
694,2017-11-08,32.95,32.29,33.56,32.05,20909,85709854.0,4.57,-2.24,-0.74,0.38
695,2017-11-09,32.09,33.09,33.2,31.54,20585,83374722.0,5.14,2.48,0.8,0.38
696,2017-11-10,32.89,33.77,33.92,32.26,23256,96784173.0,5.02,2.06,0.68,0.43
697,2017-11-13,33.71,32.8,33.71,32.76,21131,87304582.0,2.81,-2.87,-0.97,0.39
698,2017-11-14,32.8,32.16,32.93,31.87,12894,52343090.0,3.23,-1.95,-0.64,0.24
699,2017-11-15,31.74,32.15,32.54,31.71,6854,27622180.0,2.58,-0.03,-0.01,0.13
700,2017-11-16,32.38,32.86,33.17,31.89,10319,42110671.0,3.98,2.21,0.71,0.19
701,2017-11-17,32.95,33.19,33.97,32.75,26583,110775953.0,3.71,1.0,0.33,0.49
702,2017-11-20,33.07,33.73,33.83,29.05,26838,110016674.0,14.4,1.63,0.54,0.49
703,2017-11-21,33.35,35.5,35.66,33.25,36124,155878163.0,7.14,5.25,1.77,0.66
704,2017-11-22,35.51,35.77,35.77,34.25,28521,123541661.0,4.28,0.76,0.27,0.52
705,2017-11-23,35.82,34.66,35.99,34.14,28413,123401336.0,5.17,-3.1,-1.11,0.52
706,2017-11-24,34.25,35.54,35.69,32.64,35848,153201278.0,8.8,2.54,0.88,0.66
707,2017-11-27,34.54,33.25,35.14,32.28,32006,136651828.0,8.05,-6.44,-2.29,0.59
708,2017-11-28,32.98,33.74,34.53,32.54,20325,85692146.0,5.98,1.47,0.49,0.37
709,2017-11-29,33.71,32.39,33.84,31.93,15719,64373511.0,5.66,-4.0,-1.35,0.29
710,2017-11-30,32.38,31.68,32.74,31.54,11181,45032501.0,3.7,-2.19,-0.71,0.2
711,2017-12-01,31.68,31.38,32.15,31.25,10347,41238570.0,2.84,-0.95,-0.3,0.19
712,2017-12-04,31.51,31.88,32.49,31.51,9851,39621132.0,3.12,1.59,0.5,0.18
713,2017-12-05,32.06,31.03,32.33,30.95,12325,49367132.0,4.33,-2.67,-0.85,0.23
714,2017-12-06,30.95,31.34,31.62,30.48,12531,49177017.0,3.67,1.0,0.31,0.23
715,2017-12-07,31.33,31.53,31.89,30.95,9395,37277238.0,3.0,0.61,0.19,0.17
716,2017-12-08,31.47,31.94,32.53,31.17,9698,38982765.0,4.31,1.3,0.41,0.18
717,2017-12-11,31.94,32.82,33.24,31.91,10413,42657689.0,4.16,2.76,0.88,0.19
718,2017-12-12,32.64,32.52,32.99,32.18,6919,28300537.0,2.47,-0.91,-0.3,0.13
719,2017-12-13,32.74,33.59,33.72,32.37,10043,41555741.0,4.15,3.29,1.07,0.18
720,2017-12-14,32.96,33.01,33.72,32.56,16255,67096171.0,3.45,-1.73,-0.58,0.3
721,2017-12-15,32.74,31.77,33.14,31.62,10701,43335542.0,4.6,-3.76,-1.24,0.2
722,2017-12-18,31.74,32.37,32.62,31.27,6810,27599379.0,4.25,1.89,0.6,0.12
723,2017-12-19,32.13,33.47,33.48,32.13,10359,42761589.0,4.17,3.4,1.1,0.19
724,2017-12-20,33.41,33.65,34.24,32.83,16124,67468002.0,4.21,0.54,0.18,0.3
725,2017-12-21,33.64,33.72,34.04,33.14,14017,58718771.0,2.67,0.21,0.07,0.26
726,2017-12-22,33.59,33.72,34.04,33.24,9161,38399896.0,2.37,0.0,0.0,0.17
727,2017-12-25,33.67,34.85,34.94,33.4,21724,92585967.0,4.57,3.35,1.13,0.4
728,2017-12-26,34.84,34.49,34.85,33.86,19344,82404307.0,2.84,-1.03,-0.36,0.35
729,2017-12-27,34.24,32.65,34.39,32.44,30039,124744429.0,5.65,-5.33,-1.84,0.55
730,2017-12-28,32.55,32.54,32.94,31.85,22916,93222001.0,3.34,-0.34,-0.11,0.42
731,2017-12-29,32.38,32.12,32.62,31.75,21514,86578486.0,2.67,-1.29,-0.42,0.4
732,2018-01-02,31.91,32.45,32.89,31.91,18569,75613610.0,3.05,1.03,0.33,0.34
733,2018-01-03,32.64,32.84,32.92,32.23,15050,61625884.0,2.13,1.2,0.39,0.28
734,2018-01-04,32.63,33.09,33.19,32.44,13699,56351287.0,2.28,0.76,0.25,0.25
735,2018-01-05,33.04,32.85,33.18,31.78,18481,75425227.0,4.23,-0.73,-0.24,0.34
736,2018-01-08,32.73,32.33,32.74,32.24,9991,40594718.0,1.52,-1.58,-0.52,0.18
737,2018-01-09,32.44,32.37,32.65,31.97,19108,77608185.0,2.1,0.12,0.04,0.35
738,2018-01-10,32.24,31.61,32.29,31.11,46523,185709550.0,3.65,-2.35,-0.76,0.85
739,2018-01-11,31.32,31.37,31.98,31.12,27439,108993277.0,2.72,-0.76,-0.24,0.5
740,2018-01-12,31.19,31.71,31.99,30.75,25496,100986197.0,3.95,1.08,0.34,0.47
741,2018-01-15,31.4,33.32,34.04,31.4,50966,210910328.0,8.33,5.08,1.61,0.94
742,2018-01-16,33.32,34.19,35.02,32.94,40916,174565870.0,6.24,2.61,0.87,0.75
743,2018-01-17,34.19,33.52,34.38,33.04,24700,103446032.0,3.92,-1.96,-0.67,0.45
744,2018-01-18,33.99,34.74,34.84,33.54,29355,124788291.0,3.88,3.64,1.22,0.54
745,2018-01-19,34.74,33.8,34.93,33.63,31162,132699819.0,3.74,-2.71,-0.94,0.57
746,2018-01-22,33.45,36.74,36.74,33.45,43305,188704151.0,9.73,8.7,2.94,0.8
747,2018-01-23,36.84,38.34,39.74,36.04,53165,245730551.0,10.07,4.35,1.6,0.98
748,2018-01-24,38.24,38.0,38.69,37.25,26800,123124577.0,3.76,-0.89,-0.34,0.49
749,2018-01-25,38.04,37.13,38.4,36.75,27054,123303233.0,4.34,-2.29,-0.87,0.5
750,2018-01-26,37.14,37.57,38.0,36.42,22599,103024288.0,4.26,1.19,0.44,0.42
751,2018-01-29,37.72,35.5,37.72,35.05,34938,154564034.0,7.11,-5.51,-2.07,0.64
752,2018-01-30,35.12,34.24,35.52,34.06,32171,138129727.0,4.11,-3.55,-1.26,0.59
753,2018-01-31,34.54,35.34,35.88,34.32,26166,113898941.0,4.56,3.21,1.1,0.48
754,2018-02-01,35.34,35.61,36.54,35.04,25794,113579825.0,4.24,0.76,0.27,0.47
755,2018-02-02,35.61,35.89,36.69,34.0,16982,74697205.0,7.55,0.79,0.28,0.31
756,2018-02-05,35.54,35.94,36.26,34.4,29249,127558062.0,5.18,0.14,0.05,0.54
757,2018-02-06,33.74,33.74,34.73,32.87,21072,88924529.0,5.18,-6.12,-2.2,0.39
758,2018-02-07,34.62,33.06,35.0,32.93,15151,64061556.0,6.14,-2.02,-0.68,0.28
759,2018-02-08,31.84,33.63,34.02,31.84,10795,44954586.0,6.59,1.72,0.57,0.2
760,2018-02-09,32.24,32.11,33.25,31.23,18473,74596446.0,6.01,-4.52,-1.52,0.34
761,2018-02-12,32.09,33.35,33.67,32.09,8347,34493531.0,4.92,3.86,1.24,0.15
762,2018-02-13,33.74,34.14,34.42,33.47,8998,37999712.0,2.85,2.37,0.79,0.17
763,2018-02-14,34.17,34.92,35.17,33.76,9028,38842048.0,4.13,2.28,0.78,0.17
764,2018-02-22,34.97,35.38,36.07,34.8,15280,66346969.0,3.64,1.32,0.46,0.28
765,2018-02-23,34.94,34.88,36.03,34.77,18866,82314081.0,3.56,-1.41,-0.5,0.35
766,2018-02-26,35.24,36.94,37.29,35.07,18446,82152254.0,6.36,5.91,2.06,0.34
767,2018-02-27,36.6,35.38,36.6,35.24,15099,66775592.0,3.68,-4.22,-1.56,0.28
768,2018-02-28,35.2,35.63,35.86,34.32,17341,75307352.0,4.35,0.71,0.25,0.32
769,2018-03-01,35.44,36.0,36.33,34.96,15566,68572146.0,3.85,1.04,0.37,0.29
770,2018-03-02,35.69,35.52,36.32,34.98,18789,82266362.0,3.72,-1.33,-0.48,0.35
771,2018-03-05,35.33,34.27,35.61,33.96,21513,91982165.0,4.65,-3.52,-1.25,0.4
772,2018-03-06,34.07,36.18,36.18,34.07,11489,49777507.0,6.16,5.57,1.91,0.21
773,2018-03-07,36.22,35.24,36.49,34.82,10704,46861233.0,4.62,-2.6,-0.94,0.2
774,2018-03-08,35.49,35.44,35.84,34.1,12683,54759594.0,4.94,0.57,0.2,0.23
775,2018-03-09,35.74,36.78,36.91,35.47,19139,85293330.0,4.06,3.78,1.34,0.35
776,2018-03-12,36.79,36.54,37.21,36.22,12371,55462757.0,2.69,-0.65,-0.24,0.23
777,2018-03-13,36.54,34.9,36.94,34.78,18798,82308756.0,5.91,-4.49,-1.64,0.35
778,2018-03-14,34.69,35.18,35.54,34.69,16437,71304595.0,2.44,0.8,0.28,0.3
779,2018-03-15,35.43,35.18,35.43,34.3,16179,69619311.0,3.21,0.0,0.0,0.3
780,2018-03-16,35.39,34.04,35.39,34.02,16645,71084810.0,3.89,-3.24,-1.14,0.31
781,2018-03-19,33.44,33.94,34.41,33.44,19452,82135500.0,2.85,-0.29,-0.1,0.36
782,2018-03-20,33.88,33.44,33.88,33.29,21439,89452130.0,1.74,-1.47,-0.5,0.39
783,2018-03-21,33.53,32.92,33.74,32.85,16544,68959147.0,2.66,-1.56,-0.52,0.3
784,2018-03-22,32.92,32.3,33.13,31.92,19198,77993793.0,3.68,-1.88,-0.62,0.35
785,2018-03-23,30.54,30.04,31.09,28.99,32161,123790004.0,6.5,-7.0,-2.26,0.59
786,2018-03-26,29.3,30.74,30.75,28.53,43399,163964889.0,7.39,2.33,0.7,0.8
787,2018-03-27,30.74,31.0,31.34,30.49,23690,92666723.0,2.77,0.85,0.26,0.44
788,2018-03-28,30.64,29.81,30.64,29.68,11937,45873666.0,3.1,-3.84,-1.19,0.22
789,2018-03-29,29.87,30.83,30.92,29.61,11302,43453917.0,4.39,3.42,1.02,0.21
790,2018-04-02,32.97,34.74,34.74,32.74,25182,107246177.0,6.49,12.68,3.91,0.46
791,2018-04-03,34.72,35.05,36.73,34.3,61992,270049008.0,6.99,0.89,0.31,1.14
792,2018-04-04,34.11,35.06,36.42,34.11,39920,175343625.0,6.59,0.03,0.01,0.73
793,2018-04-09,35.04,36.44,36.9,34.56,29081,128434777.0,6.67,3.94,1.38,0.53
794,2018-04-10,36.6,36.91,37.66,35.74,27329,123191893.0,5.27,1.29,0.47,0.5
795,2018-04-11,37.4,37.15,37.7,37.04,16198,73950078.0,1.79,0.65,0.24,0.3
796,2018-04-12,36.84,37.11,37.45,36.11,11991,54320201.0,3.61,-0.11,-0.04,0.22
797,2018-04-13,37.11,36.84,38.09,36.25,9744,44130136.0,4.96,-0.73,-0.27,0.18
798,2018-04-16,36.25,36.62,37.49,36.25,12881,57975080.0,3.37,-0.6,-0.22,0.24
799,2018-04-17,36.53,36.83,37.44,36.34,12482,56463590.0,3.0,0.57,0.21,0.23
800,2018-04-18,36.79,36.14,37.09,34.8,17366,76648187.0,6.22,-1.87,-0.69,0.32
801,2018-04-19,36.74,36.4,36.88,35.43,15281,68191884.0,4.01,0.72,0.26,0.28
802,2018-04-20,36.38,35.98,36.38,35.4,9000,39867778.0,2.69,-1.15,-0.42,0.17
803,2018-04-23,33.77,37.34,37.35,33.77,12378,55424010.0,9.95,3.78,1.36,0.23
804,2018-04-24,37.24,40.27,41.9,37.24,54270,261692505.0,12.48,7.85,2.93,1.0
805,2018-04-25,40.74,39.78,40.74,38.59,28116,134064942.0,5.34,-1.22,-0.49,0.52
806,2018-04-26,39.4,38.95,40.0,38.74,24283,115598566.0,3.17,-2.09,-0.83,0.45
807,2018-04-27,38.99,40.45,40.99,38.82,28097,134528044.0,5.57,3.85,1.5,0.52
808,2018-05-02,41.74,43.94,44.24,40.57,41764,212813096.0,9.07,8.63,3.49,0.77
809,2018-05-03,43.89,43.07,45.24,41.74,38293,196862088.0,7.97,-1.98,-0.87,0.7
810,2018-05-04,42.21,42.44,43.06,41.8,15176,77152667.0,2.93,-1.46,-0.63,0.28
811,2018-05-07,42.44,42.54,42.75,40.54,26042,131087238.0,5.21,0.24,0.1,0.48
812,2018-05-08,41.89,42.79,43.17,41.89,12151,61703099.0,3.01,0.59,0.25,0.22
813,2018-05-09,42.47,42.11,43.04,41.3,10394,52417286.0,4.07,-1.59,-0.68,0.19
814,2018-05-10,41.94,41.88,42.56,41.24,20345,101862023.0,3.13,-0.55,-0.23,0.37
815,2018-05-11,41.92,41.25,42.21,41.24,16995,85007146.0,2.32,-1.5,-0.63,0.31
816,2018-05-14,41.72,42.18,43.5,41.18,14110,71389972.0,5.62,2.25,0.93,0.26
817,2018-05-15,42.14,41.26,42.65,40.73,20189,100157663.0,4.55,-2.18,-0.92,0.37
818,2018-05-16,41.29,43.93,44.19,40.85,21405,109222702.0,8.1,6.47,2.67,0.39
819,2018-05-17,43.68,41.95,43.68,41.67,23159,117339200.0,4.58,-4.51,-1.98,0.43
820,2018-05-18,41.71,42.2,42.34,40.84,12884,63963216.0,3.58,0.6,0.25,0.24
821,2018-05-21,42.42,42.79,43.84,41.25,15951,81185865.0,6.14,1.4,0.59,0.29
822,2018-05-22,43.58,42.72,43.58,40.85,16497,83226946.0,6.38,-0.16,-0.07,0.3
823,2018-05-23,42.74,41.92,43.53,41.62,13650,68743356.0,4.47,-1.87,-0.8,0.25
824,2018-05-24,41.92,42.08,42.22,40.32,17360,84300199.0,4.53,0.38,0.16,0.32
825,2018-05-25,41.36,40.83,41.76,39.48,17841,85719857.0,5.42,-2.97,-1.25,0.33
826,2018-05-28,41.21,41.48,42.09,40.66,14368,70187288.0,3.5,1.59,0.65,0.26
827,2018-05-29,41.53,41.17,42.26,40.02,14494,70942803.0,5.4,-0.75,-0.31,0.27
828,2018-05-30,41.15,42.76,43.98,40.55,19015,95109269.0,8.33,3.86,1.59,0.35
829,2018-05-31,42.77,44.14,44.56,42.72,19087,98361646.0,4.3,3.23,1.38,0.35
830,2018-06-01,44.18,46.45,47.46,43.79,31953,169977593.0,8.31,5.23,2.31,0.59
831,2018-06-04,46.42,47.48,51.46,45.98,33290,184656822.0,11.8,2.22,1.03,0.61
832,2018-06-05,47.48,48.12,48.96,46.49,22972,126853823.0,5.2,1.35,0.64,0.42
833,2018-06-06,47.4,47.86,48.35,47.11,14982,82655374.0,2.58,-0.54,-0.26,0.28
834,2018-06-07,47.45,46.61,48.28,46.07,15072,82055335.0,4.62,-2.61,-1.25,0.28
835,2018-06-08,46.34,46.76,47.46,45.46,22234,119608219.0,4.29,0.32,0.15,0.41
836,2018-06-11,45.97,45.14,46.76,44.77,29222,155304898.0,4.26,-3.46,-1.62,0.54
837,2018-06-12,45.96,48.46,49.43,45.49,33686,184103815.0,8.73,7.35,3.32,0.62
838,2018-06-13,47.45,47.46,48.66,47.42,27873,154614892.0,2.56,-2.06,-1.0,0.51
839,2018-06-14,46.58,47.45,47.46,45.56,24444,131973054.0,4.0,-0.02,-0.01,0.45
840,2018-06-15,47.26,45.74,47.26,45.38,22924,122415978.0,3.96,-3.6,-1.71,0.42
841,2018-06-19,44.76,46.45,46.96,43.31,30320,159530780.0,7.98,1.55,0.71,0.56
842,2018-06-20,46.12,45.16,46.96,44.39,28106,148953739.0,5.53,-2.78,-1.29,0.52
843,2018-06-21,44.77,45.48,46.66,44.77,19374,103647667.0,4.19,0.71,0.32,0.36
844,2018-06-22,44.51,45.34,46.26,44.31,21031,110337182.0,4.29,-0.31,-0.14,0.39
845,2018-06-25,45.46,44.96,46.18,44.54,19209,101214587.0,3.62,-0.84,-0.38,0.35
846,2018-06-26,44.46,45.26,45.86,43.46,15460,81105622.0,5.34,0.67,0.3,0.28
847,2018-06-27,45.47,44.46,47.95,44.27,26646,143165919.0,8.13,-1.77,-0.8,0.49
848,2018-06-28,43.6,41.66,44.46,40.89,49140,244852410.0,8.03,-6.3,-2.8,0.9
849,2018-06-29,41.35,43.96,44.88,41.35,24437,124015646.0,8.47,5.52,2.3,0.45
850,2018-07-02,44.46,43.35,45.26,42.66,22237,115226381.0,5.91,-1.39,-0.61,0.41
851,2018-07-03,43.46,43.84,44.21,41.06,18370,92540189.0,7.27,1.13,0.49,0.34
852,2018-07-04,43.69,42.6,44.77,42.16,17145,87213196.0,5.95,-2.83,-1.24,0.31
853,2018-07-05,42.96,41.44,44.61,41.27,13109,65428342.0,7.84,-2.72,-1.16,0.24
854,2018-07-06,41.21,40.98,41.94,40.46,17589,85614035.0,3.57,-1.11,-0.46,0.32
855,2018-07-09,40.98,42.36,42.89,40.67,16284,80510301.0,5.42,3.37,1.38,0.3
856,2018-07-10,42.43,41.36,42.54,41.06,24580,120357668.0,3.49,-2.36,-1.0,0.45
857,2018-07-11,40.46,39.52,41.15,38.96,25870,122106137.0,5.29,-4.45,-1.84,0.47
858,2018-07-12,39.47,42.6,43.46,39.47,37472,185348852.0,10.1,7.79,3.08,0.69
859,2018-07-13,43.58,45.76,46.33,42.66,24223,127223537.0,8.62,7.42,3.16,0.44
860,2018-07-16,46.87,45.26,46.88,44.36,18487,97263795.0,5.51,-1.09,-0.5,0.34
861,2018-07-17,45.26,44.21,45.28,43.96,15501,80282316.0,2.92,-2.32,-1.05,0.28
862,2018-07-18,44.48,43.55,45.14,43.36,16275,83617756.0,4.03,-1.49,-0.66,0.3
863,2018-07-19,43.86,42.44,44.36,42.26,22522,114406849.0,4.82,-2.55,-1.11,0.41
864,2018-07-20,43.11,43.18,43.66,42.08,20702,104763413.0,3.72,1.74,0.74,0.38
865,2018-07-23,43.92,45.61,45.84,43.85,25384,133176048.0,4.61,5.63,2.43,0.47
866,2018-07-24,46.3,44.8,46.3,44.47,18172,95529421.0,4.01,-1.78,-0.81,0.33
867,2018-07-25,45.01,46.66,46.75,44.65,20196,107711278.0,4.69,4.15,1.86,0.37
868,2018-07-26,46.4,45.22,46.63,44.84,13423,71043739.0,3.84,-3.09,-1.44,0.25
869,2018-07-27,45.16,44.56,45.16,44.16,8970,46715632.0,2.21,-1.46,-0.66,0.16
870,2018-07-30,44.56,46.9,47.85,44.55,28185,152275292.0,7.41,5.25,2.34,0.52
871,2018-07-31,46.26,46.56,47.98,45.37,19235,103335779.0,5.57,-0.72,-0.34,0.35
872,2018-08-01,46.46,44.38,46.46,44.16,14768,77564189.0,4.94,-4.68,-2.18,0.27
873,2018-08-02,44.26,44.16,44.79,42.68,16154,83186995.0,4.75,-0.5,-0.22,0.3
874,2018-08-03,43.85,43.71,44.41,43.11,11704,59953747.0,2.94,-1.02,-0.45,0.21
875,2018-08-06,43.46,42.61,45.96,42.46,19591,99983276.0,8.01,-2.52,-1.1,0.36
876,2018-08-07,42.07,42.65,43.55,40.71,19374,96399285.0,6.67,0.09,0.04,0.36
877,2018-08-08,42.46,41.14,42.63,41.14,10198,50551444.0,3.49,-3.54,-1.51,0.19
878,2018-08-09,40.91,42.26,43.09,40.77,15733,78412431.0,5.64,2.72,1.12,0.29
879,2018-08-10,42.41,43.88,44.28,42.36,9227,47122732.0,4.54,3.83,1.62,0.17
880,2018-08-13,43.86,43.84,44.14,42.55,9296,47449166.0,3.62,-0.09,-0.04,0.17
881,2018-08-14,43.24,42.37,44.1,41.97,16595,82939504.0,4.86,-3.35,-1.47,0.3
882,2018-08-15,43.3,42.56,43.3,41.6,9537,47466231.0,4.01,0.45,0.19,0.18
883,2018-08-16,42.09,41.5,42.46,41.31,8616,42442725.0,2.7,-2.49,-1.06,0.16
884,2018-08-17,41.96,40.47,42.23,40.47,8014,38985629.0,4.24,-2.48,-1.03,0.15
885,2018-08-20,40.46,40.8,40.93,38.89,16073,75661538.0,5.04,0.82,0.33,0.3
886,2018-08-21,40.66,41.06,41.67,39.99,7977,38665530.0,4.12,0.64,0.26,0.15
887,2018-08-22,40.7,40.83,41.19,39.71,6323,30317756.0,3.6,-0.56,-0.23,0.12
888,2018-08-23,40.46,40.48,41.64,40.29,6789,32931121.0,3.31,-0.86,-0.35,0.12
889,2018-08-24,40.48,40.6,41.03,40.2,3586,17283318.0,2.05,0.3,0.12,0.07
890,2018-08-27,40.37,44.32,44.32,40.24,12425,61150626.0,10.05,9.16,3.72,0.23
891,2018-08-28,43.26,43.07,43.61,42.59,9511,48116465.0,2.3,-2.82,-1.25,0.17
892,2018-08-29,43.01,43.06,43.36,41.79,7923,39721461.0,3.65,-0.02,-0.01,0.15
893,2018-08-30,43.18,43.03,43.93,42.57,6820,34537901.0,3.16,-0.07,-0.03,0.13
894,2018-08-31,42.46,42.43,43.31,41.67,9365,46817504.0,3.81,-1.39,-0.6,0.17
895,2018-09-03,42.46,41.81,42.46,40.57,15082,73960346.0,4.45,-1.46,-0.62,0.28
896,2018-09-04,41.71,40.98,41.9,40.41,12210,59126319.0,3.56,-1.99,-0.83,0.22
897,2018-09-05,40.65,39.97,40.79,39.96,7952,37969085.0,2.03,-2.46,-1.01,0.15
898,2018-09-06,39.66,39.95,40.32,39.66,7669,36364906.0,1.65,-0.05,-0.02,0.14
899,2018-09-07,39.84,40.26,40.55,39.66,8495,40464984.0,2.23,0.78,0.31,0.16
900,2018-09-10,40.41,39.57,40.41,38.76,7702,36229151.0,4.1,-1.71,-0.69,0.14
901,2018-09-11,39.56,39.74,39.86,38.97,11015,51929836.0,2.25,0.43,0.17,0.2
902,2018-09-12,39.95,39.46,39.95,38.97,7733,36266295.0,2.47,-0.7,-0.28,0.14
903,2018-09-13,39.95,41.04,41.04,38.96,14459,69219621.0,5.27,4.0,1.58,0.27
904,2018-09-14,40.86,40.78,41.25,40.48,4111,19910759.0,1.88,-0.63,-0.26,0.08
905,2018-09-17,40.77,39.51,40.77,39.51,6285,29914658.0,3.09,-3.11,-1.27,0.12
906,2018-09-18,39.36,41.07,41.34,39.3,15684,75693479.0,5.16,3.95,1.56,0.29
907,2018-09-19,41.06,42.45,43.26,40.62,12872,63935888.0,6.43,3.36,1.38,0.24
908,2018-09-20,42.45,42.85,43.86,42.03,9676,48962426.0,4.31,0.94,0.4,0.18
909,2018-09-21,42.86,43.12,43.86,42.79,10701,54319627.0,2.5,0.63,0.27,0.2
910,2018-09-25,42.73,44.5,44.51,42.07,12136,62528667.0,5.66,3.2,1.38,0.22
911,2018-09-26,44.98,46.22,46.33,44.32,17415,91877410.0,4.52,3.87,1.72,0.32
912,2018-09-27,46.25,46.53,46.54,45.16,14230,75886178.0,2.99,0.67,0.31,0.26
913,2018-09-28,46.46,46.44,47.13,45.34,13935,74846076.0,3.85,-0.19,-0.09,0.26
914,2018-10-08,45.46,45.06,46.39,44.47,12872,68245131.0,4.13,-2.97,-1.38,0.24
915,2018-10-09,45.0,44.53,46.16,43.69,11600,60861535.0,5.48,-1.18,-0.53,0.21
916,2018-10-10,44.86,43.46,45.22,42.94,13680,70090497.0,5.12,-2.4,-1.07,0.25
917,2018-10-11,42.76,42.12,43.96,41.66,19891,99929713.0,5.29,-3.08,-1.34,0.37
918,2018-10-12,42.12,42.51,43.84,41.46,17857,89376182.0,5.65,0.93,0.39,0.33
919,2018-10-15,42.85,42.96,43.46,41.81,15285,77255419.0,3.88,1.06,0.45,0.28
920,2018-10-16,42.95,41.16,42.95,40.51,11670,57380055.0,5.68,-4.19,-1.8,0.21
921,2018-10-17,41.6,41.51,41.93,40.72,6755,33050248.0,2.94,0.85,0.35,0.12
922,2018-10-18,41.65,41.17,41.79,40.35,10243,49832672.0,3.47,-0.82,-0.34,0.19
923,2018-10-19,41.06,43.47,43.66,40.07,17141,84924994.0,8.72,5.59,2.3,0.31
924,2018-10-22,43.3,44.86,45.06,42.96,30343,157422893.0,4.83,3.2,1.39,0.56
925,2018-10-23,44.46,44.01,44.88,43.13,17877,92138424.0,3.9,-1.89,-0.85,0.33
926,2018-10-24,43.31,42.18,43.34,41.97,12479,62486450.0,3.11,-4.16,-1.83,0.23
927,2018-10-25,41.16,41.76,42.63,40.46,13005,63882904.0,5.14,-1.0,-0.42,0.24
928,2018-10-26,41.73,40.62,42.39,40.62,11036,53163518.0,4.24,-2.73,-1.14,0.2
929,2018-10-29,40.63,39.6,40.91,38.57,12008,56068926.0,5.76,-2.51,-1.02,0.22
930,2018-10-30,37.92,37.82,39.17,37.72,22575,102763757.0,3.66,-4.49,-1.78,0.41
931,2018-10-31,38.35,41.54,41.92,37.98,18979,90558448.0,10.42,9.84,3.72,0.35
932,2018-11-01,42.12,40.82,42.12,40.66,11615,56253650.0,3.51,-1.73,-0.72,0.21
933,2018-11-02,41.62,42.78,43.72,40.93,15153,75422547.0,6.83,4.8,1.96,0.28
934,2018-11-05,43.19,43.37,43.9,42.29,12932,64711917.0,3.76,1.38,0.59,0.24
935,2018-11-06,43.51,43.32,44.12,42.12,8500,42671048.0,4.61,-0.12,-0.05,0.16
936,2018-11-07,43.6,43.09,43.81,42.42,8085,40509986.0,3.21,-0.53,-0.23,0.15
937,2018-11-08,43.88,43.01,43.88,42.61,5944,29816072.0,2.95,-0.19,-0.08,0.11
938,2018-11-09,42.76,41.85,42.76,41.47,10122,49647335.0,3.0,-2.7,-1.16,0.19
939,2018-11-12,41.87,42.78,43.04,41.69,7306,36041342.0,3.23,2.22,0.93,0.13
940,2018-11-13,42.52,43.52,43.92,42.05,10863,54629588.0,4.37,1.73,0.74,0.2
941,2018-11-14,43.22,43.32,43.72,43.02,3991,20128365.0,1.61,-0.46,-0.2,0.07
942,2018-11-15,42.97,43.12,43.37,41.94,10717,53196551.0,3.3,-0.46,-0.2,0.2
943,2018-11-16,42.78,43.64,43.66,42.62,6060,30539307.0,2.41,1.21,0.52,0.11
944,2018-11-19,43.17,43.92,44.56,43.02,9919,50503839.0,3.53,0.64,0.28,0.18
945,2018-11-20,43.58,42.95,43.79,42.82,8948,44976508.0,2.21,-2.21,-0.97,0.16
946,2018-11-21,42.38,45.1,45.42,42.38,12329,63284957.0,7.08,5.01,2.15,0.23
947,2018-11-22,45.1,44.65,45.3,44.27,5419,28087435.0,2.28,-1.0,-0.45,0.1
948,2018-11-23,44.4,44.18,45.32,43.24,7364,38035228.0,4.66,-1.05,-0.47,0.14
949,2018-11-26,43.77,44.9,45.74,43.49,8026,41589569.0,5.09,1.63,0.72,0.15
950,2018-11-27,44.9,45.42,45.42,44.45,5538,28801299.0,2.16,1.16,0.52,0.1
951,2018-11-28,45.37,46.18,47.89,45.03,13131,70409660.0,6.3,1.67,0.76,0.24
952,2018-11-29,46.22,45.89,46.87,45.55,5525,29398534.0,2.86,-0.63,-0.29,0.1
953,2018-11-30,45.93,46.62,46.72,45.59,10329,55154792.0,2.46,1.59,0.73,0.19
954,2018-12-03,46.91,47.11,48.09,46.63,12904,69928490.0,3.13,1.05,0.49,0.24
955,2018-12-04,47.29,47.57,48.48,46.73,15249,83475425.0,3.71,0.98,0.46,0.28
956,2018-12-05,46.92,47.89,48.72,46.59,12965,71282468.0,4.48,0.67,0.32,0.24
957,2018-12-06,47.45,47.51,47.9,46.52,13476,73149427.0,2.88,-0.79,-0.38,0.25
958,2018-12-07,47.47,46.73,48.27,45.92,11010,59292417.0,4.95,-1.64,-0.78,0.2
959,2018-12-10,46.03,47.97,48.17,46.03,14588,79566513.0,4.58,2.65,1.24,0.27
960,2018-12-11,47.94,47.99,48.23,46.92,11800,64613291.0,2.73,0.04,0.02,0.22
961,2018-12-12,48.1,48.13,48.18,47.48,11844,65091814.0,1.46,0.29,0.14,0.22
962,2018-12-13,48.13,50.14,50.94,47.97,22125,125102063.0,6.17,4.18,2.01,0.41
963,2018-12-14,49.92,48.24,50.21,47.92,26191,147609680.0,4.57,-3.79,-1.9,0.48
964,2018-12-17,48.3,48.29,48.91,47.3,12594,69608729.0,3.34,0.1,0.05,0.23
965,2018-12-18,47.98,46.0,48.72,45.23,27863,148711734.0,7.23,-4.74,-2.29,0.51
966,2018-12-19,46.42,45.57,47.42,45.42,18423,98490557.0,4.35,-0.93,-0.43,0.34
967,2018-12-20,46.29,47.12,47.88,45.99,20376,110207334.0,4.15,3.4,1.55,0.37
968,2018-12-21,47.43,44.89,47.87,44.6,16564,87416265.0,6.94,-4.73,-2.23,0.3
969,2018-12-24,45.41,47.73,48.42,45.26,24910,134820821.0,7.04,6.33,2.84,0.46
970,2018-12-25,47.73,45.52,47.81,44.92,32816,173292534.0,6.05,-4.63,-2.21,0.6
971,2018-12-26,45.41,46.43,46.96,45.28,22673,121375599.0,3.69,2.0,0.91,0.42
972,2018-12-27,47.41,45.81,47.6,44.94,27590,145758366.0,5.73,-1.34,-0.62,0.51
973,2018-12-28,45.42,45.42,46.18,44.64,24175,127007970.0,3.36,-0.85,-0.39,0.44
974,2019-01-02,45.92,44.95,46.05,44.6,13644,71053558.0,3.19,-1.03,-0.47,0.25
975,2019-01-03,44.64,40.99,44.77,40.79,37525,184202910.0,8.85,-8.81,-3.96,0.69
976,2019-01-04,41.09,42.99,43.37,40.33,27538,136350909.0,7.42,4.88,2.0,0.51
977,2019-01-07,43.91,43.97,44.92,42.52,23319,119346294.0,5.58,2.28,0.98,0.43
978,2019-01-08,43.67,43.92,45.17,43.42,16342,83567731.0,3.98,-0.11,-0.05,0.3
979,2019-01-09,44.02,44.73,45.22,43.06,20783,107408293.0,4.92,1.84,0.81,0.38
980,2019-01-10,44.32,43.36,44.5,42.96,17386,87769692.0,3.44,-3.06,-1.37,0.32
981,2019-01-11,43.42,42.99,43.89,42.62,23053,115690397.0,2.93,-0.85,-0.37,0.42
982,2019-01-14,42.99,43.65,43.78,42.67,15660,78853471.0,2.58,1.54,0.66,0.29
983,2019-01-15,43.13,44.22,44.58,42.04,20655,104329087.0,5.82,1.31,0.57,0.38
984,2019-01-16,43.72,43.6,44.22,42.8,15572,78683453.0,3.21,-1.4,-0.62,0.29
985,2019-01-17,43.65,43.42,43.84,43.09,10842,54790260.0,1.72,-0.41,-0.18,0.2
986,2019-01-18,43.04,43.48,43.92,43.04,17909,90584803.0,2.03,0.14,0.06,0.33
987,2019-01-21,43.28,43.62,44.6,43.0,25378,128844217.0,3.68,0.32,0.14,0.47
988,2019-01-22,43.57,42.93,43.57,42.52,14748,73765466.0,2.41,-1.58,-0.69,0.27
989,2019-01-23,43.0,42.42,43.31,42.05,21269,105531038.0,2.94,-1.19,-0.51,0.39
990,2019-01-24,42.93,43.85,43.93,42.45,27936,140587075.0,3.49,3.37,1.43,0.51
991,2019-01-25,44.12,45.43,45.61,43.83,26799,139067098.0,4.06,3.6,1.58,0.49
992,2019-01-28,45.56,45.51,47.42,44.94,20340,108086899.0,5.46,0.18,0.08,0.37
993,2019-01-29,45.53,45.36,46.07,44.63,13997,73183787.0,3.16,-0.33,-0.15,0.26
994,2019-01-30,44.93,45.66,46.85,44.9,13296,70509054.0,4.3,0.66,0.3,0.24
995,2019-01-31,45.71,45.91,46.42,45.18,9924,52559516.0,2.72,0.55,0.25,0.18
996,2019-02-01,45.93,45.67,46.52,45.11,9391,49393630.0,3.07,-0.52,-0.24,0.17
997,2019-02-11,45.68,47.75,48.3,45.68,14582,79291052.0,5.74,4.55,2.08,0.27
998,2019-02-12,47.9,47.68,48.11,46.75,13560,73992491.0,2.85,-0.15,-0.07,0.25
999,2019-02-13,47.89,48.27,48.81,47.14,16859,92941107.0,3.5,1.24,0.59,0.31
1000,2019-02-14,48.32,49.27,49.59,47.73,15584,87004560.0,3.85,2.07,1.0,0.29
1001,2019-02-15,48.79,47.55,48.92,46.99,10110,55600187.0,3.92,-3.49,-1.72,0.19
1002,2019-02-18,47.54,47.82,48.2,47.24,18593,101844505.0,2.02,0.57,0.27,0.34
1003,2019-02-19,47.82,47.0,47.82,46.69,19422,105463590.0,2.36,-1.71,-0.82,0.36
1004,2019-02-20,46.93,46.77,47.1,46.17,12997,69838317.0,1.98,-0.49,-0.23,0.24
1005,2019-02-21,46.77,46.02,46.92,45.8,22336,119272861.0,2.39,-1.6,-0.75,0.41
1006,2019-02-22,46.03,46.42,46.54,45.04,18820,99369612.0,3.26,0.87,0.4,0.35
1007,2019-02-25,46.95,51.77,51.77,46.94,46018,261989941.0,10.4,11.53,5.35,0.84
1008,2019-02-26,52.42,52.47,56.92,51.92,37699,229407764.0,9.66,1.35,0.7,0.69
1009,2019-02-27,55.37,54.08,55.37,51.77,28797,175287180.0,6.86,3.07,1.61,0.53
1010,2019-02-28,53.77,54.42,54.72,53.34,13189,80678030.0,2.55,0.63,0.34,0.24
1011,2019-03-01,54.41,57.48,57.48,54.03,22621,143139211.0,6.34,5.62,3.06,0.42
1012,2019-03-04,57.42,58.99,60.85,56.46,32055,211298398.0,7.64,2.63,1.51,0.59
1013,2019-03-05,58.41,58.84,59.82,57.92,14923,98409195.0,3.22,-0.25,-0.15,0.27
1014,2019-03-06,58.71,57.82,58.71,55.72,26833,171898462.0,5.08,-1.73,-1.02,0.49
1015,2019-03-07,57.15,56.52,57.96,55.92,21682,138297303.0,3.53,-2.25,-1.3,0.4
1016,2019-03-08,55.92,55.58,56.47,54.42,28420,177967713.0,3.63,-1.66,-0.94,0.52
1017,2019-03-11,55.67,55.47,55.97,54.94,23844,148923352.0,1.85,-0.2,-0.11,0.44
1018,2019-03-12,55.72,55.38,55.92,54.05,30962,192869042.0,3.37,-0.16,-0.09,0.57
1019,2019-03-13,55.04,55.32,56.97,53.92,30966,194047297.0,5.51,-0.11,-0.06,0.57
1020,2019-03-14,55.04,54.75,56.17,54.07,14174,87986211.0,3.8,-1.03,-0.57,0.26
1021,2019-03-15,55.11,56.76,57.51,54.58,24670,156101457.0,5.35,3.67,2.01,0.45
1022,2019-03-18,56.12,59.8,59.82,56.12,25947,169935164.0,6.52,5.36,3.04,0.48
1023,2019-03-19,59.73,58.48,60.31,58.08,11518,75855738.0,3.73,-2.21,-1.32,0.21
1024,2019-03-20,57.69,58.57,59.2,57.69,11424,74884165.0,2.58,0.15,0.09,0.21
1025,2019-03-21,58.6,57.72,58.91,57.25,10543,68505814.0,2.83,-1.45,-0.85,0.19
1026,2019-03-22,57.15,57.73,58.2,56.58,12002,77329615.0,2.81,0.02,0.01,0.22
1027,2019-03-25,57.07,56.58,57.57,56.12,13564,86689387.0,2.51,-1.99,-1.15,0.25
1028,2019-03-26,56.92,56.68,57.8,55.57,12027,76721101.0,3.94,0.18,0.1,0.22
1029,2019-03-27,56.52,59.11,59.71,55.93,22455,146724649.0,6.67,4.29,2.43,0.41
1030,2019-03-28,59.05,61.92,64.71,58.26,32557,226153181.0,10.91,4.75,2.81,0.6
1031,2019-03-29,62.58,67.95,68.58,62.3,33983,248235935.0,10.14,9.74,6.03,0.62
1032,2019-04-01,67.75,67.52,70.05,66.04,38406,286742976.0,5.9,-0.63,-0.43,0.71
1033,2019-04-02,67.27,68.19,68.82,64.39,34253,251151166.0,6.56,0.99,0.67,0.63
1034,2019-04-03,66.62,66.19,67.68,65.08,32786,239721011.0,3.81,-2.93,-2.0,0.6
1035,2019-04-04,66.02,65.45,66.83,65.03,25134,183396539.0,2.72,-1.12,-0.74,0.46
1036,2019-04-08,65.44,65.71,66.94,64.47,30273,220638938.0,3.77,0.4,0.26,0.56
1037,2019-04-09,65.71,65.34,66.32,64.42,22402,161570519.0,2.89,-0.56,-0.37,0.41
1038,2019-04-10,65.19,70.0,70.0,64.34,37410,279439584.0,8.66,7.13,4.66,0.69
1039,2019-04-11,69.42,65.82,69.42,64.92,27873,206998179.0,6.43,-5.97,-4.18,0.51
1040,2019-04-12,65.48,65.45,66.4,64.36,10854,78752071.0,3.1,-0.56,-0.37,0.2
1041,2019-04-15,66.57,64.49,67.5,64.42,18017,131113386.0,4.71,-1.47,-0.96,0.33
1042,2019-04-16,64.22,66.12,66.3,64.02,14377,104086250.0,3.54,2.53,1.63,0.26
1043,2019-04-17,65.91,66.72,67.42,65.64,11665,85999702.0,2.69,0.91,0.6,0.21
1044,2019-04-18,67.36,68.06,70.3,66.54,16024,121808354.0,5.64,2.01,1.34,0.29
1045,2019-04-19,67.99,70.34,75.51,66.93,16529,125877002.0,12.61,3.35,2.28,0.3
1046,2019-04-22,70.87,67.76,70.87,67.48,12220,92418702.0,4.82,-3.67,-2.58,0.22
1047,2019-04-23,67.41,67.11,67.72,66.07,14619,108408576.0,2.44,-0.96,-0.65,0.27
1048,2019-04-24,66.82,67.2,67.61,65.62,17753,130708591.0,2.97,0.13,0.09,0.33
1049,2019-04-25,63.9,60.52,63.92,59.77,47769,327847632.0,6.18,-9.94,-6.68,0.88
1050,2019-04-26,59.43,62.04,64.3,57.52,31340,215292086.0,11.2,2.51,1.52,0.58
1051,2019-04-29,62.82,60.8,64.58,60.52,26129,181402673.0,6.54,-2.0,-1.24,0.48
1052,2019-04-30,61.42,60.69,62.03,60.02,20419,138774885.0,3.31,-0.18,-0.11,0.38
1053,2019-05-06,58.95,60.27,60.62,55.34,36170,238285787.0,8.7,-0.69,-0.42,0.66
1054,2019-05-07,58.91,61.87,61.93,58.91,33254,224455245.0,5.01,2.65,1.6,0.61
1055,2019-05-08,60.89,59.08,60.91,59.04,26324,176090391.0,3.02,-4.51,-2.79,0.48
1056,2019-05-09,54.92,57.14,58.91,54.92,32879,209860576.0,6.75,-3.28,-1.94,0.6
1057,2019-05-10,57.24,60.71,60.92,57.24,19414,128863426.0,6.44,6.25,3.57,0.36
1058,2019-05-13,59.92,60.1,61.12,59.52,12862,86578665.0,2.64,-1.0,-0.61,0.24
1059,2019-05-14,58.92,58.74,61.49,56.59,36242,236112054.0,8.15,-2.26,-1.36,0.67
1060,2019-05-15,59.12,60.47,60.66,57.7,34671,230260861.0,5.04,2.95,1.73,0.64
1061,2019-05-16,60.47,60.97,61.42,59.93,20425,138426065.0,2.46,0.83,0.5,0.38
1062,2019-05-17,60.23,60.43,61.72,60.23,14113,95551443.0,2.44,-0.89,-0.54,0.26
1063,2019-05-20,59.97,61.15,61.32,59.75,16527,111446990.0,2.6,1.19,0.72,0.3
1064,2019-05-21,61.17,61.3,62.8,59.57,16240,110963706.0,5.28,0.25,0.15,0.3
1065,2019-05-22,61.3,62.52,62.8,60.62,16855,115902415.0,3.56,1.99,1.22,0.31
1066,2019-05-23,62.39,66.07,66.07,61.99,37161,266743152.0,6.53,5.68,3.55,0.68
1067,2019-05-24,64.94,63.97,65.44,63.07,25253,177315994.0,3.59,-3.18,-2.1,0.46
1068,2019-05-27,63.97,63.8,64.93,61.2,17009,116910180.0,5.83,-0.27,-0.17,0.31
1069,2019-05-28,63.44,64.73,65.24,62.5,11465,80545803.0,4.29,1.46,0.93,0.21
1070,2019-05-29,63.95,63.69,64.54,62.95,10615,73940365.0,2.46,-1.61,-1.04,0.2
1071,2019-05-30,63.69,63.75,64.15,62.62,12589,87553327.0,2.4,0.09,0.06,0.23
1072,2019-05-31,64.13,65.09,65.39,63.34,19320,136292851.0,3.22,2.1,1.34,0.35
1073,2019-06-03,64.83,66.31,66.54,63.94,19438,139663600.0,3.99,1.87,1.22,0.36
1074,2019-06-04,66.44,63.39,66.66,62.91,28539,200361224.0,5.66,-4.4,-2.92,0.52
1075,2019-06-05,63.49,63.43,64.12,62.37,14003,96676093.0,2.76,0.06,0.04,0.26
1076,2019-06-06,62.95,62.74,63.27,62.26,11866,81449030.0,1.59,-1.09,-0.69,0.22
1077,2019-06-10,62.45,63.76,64.04,62.45,13457,93767968.0,2.53,1.63,1.02,0.25
1078,2019-06-11,63.76,65.94,66.34,63.33,22617,160619023.0,4.72,3.42,2.18,0.42
1079,2019-06-12,65.94,65.76,66.45,65.14,12215,87668092.0,1.99,-0.27,-0.18,0.22
1080,2019-06-13,65.76,66.64,66.94,64.2,14116,101203073.0,4.17,1.34,0.88,0.26
1081,2019-06-14,65.98,66.42,66.74,65.64,13849,99948884.0,1.65,-0.33,-0.22,0.25
1082,2019-06-17,66.42,65.52,67.41,65.34,12536,90425564.0,3.12,-1.36,-0.9,0.23
1083,2019-06-18,66.05,66.4,66.64,65.54,11951,86436250.0,1.68,1.34,0.88,0.22
1084,2019-06-19,67.45,68.39,69.44,67.45,15115,112376682.0,3.0,3.0,1.99,0.28
1085,2019-06-20,68.87,70.71,71.64,68.39,25462,194406896.0,4.75,3.39,2.32,0.47
1086,2019-06-21,70.92,71.13,71.52,68.96,24774,189252827.0,3.62,0.59,0.42,0.46
1087,2019-06-24,70.29,70.54,71.89,69.15,13256,101891275.0,3.85,-0.83,-0.59,0.24
1088,2019-06-25,70.93,70.44,70.93,69.15,9969,75935503.0,2.52,-0.14,-0.1,0.18
1089,2019-06-26,69.96,69.89,71.34,69.31,16805,127643122.0,2.88,-0.78,-0.55,0.31
1090,2019-06-27,70.3,69.93,70.75,68.55,21492,162665886.0,3.15,0.06,0.04,0.35
1091,2019-06-28,69.95,69.77,70.92,69.17,10866,82667746.0,2.5,-0.23,-0.16,0.18
1092,2019-07-01,70.69,71.94,72.1,70.69,16773,130306949.0,2.02,3.11,2.17,0.27
1093,2019-07-02,71.94,71.46,71.94,70.84,12894,99777723.0,1.53,-0.67,-0.48,0.21
1094,2019-07-03,70.76,69.53,71.23,69.24,17559,133270769.0,2.78,-2.7,-1.93,0.29
1095,2019-07-04,70.14,68.64,70.64,68.12,15778,118437725.0,3.62,-1.28,-0.89,0.26
1096,2019-07-05,69.18,69.99,70.3,68.99,16842,127559422.0,1.91,1.97,1.35,0.28
1097,2019-07-08,68.65,67.67,69.54,67.07,12392,91877111.0,3.53,-3.31,-2.32,0.2
1098,2019-07-09,67.9,66.94,67.99,66.34,10598,77342098.0,2.44,-1.08,-0.73,0.17
1099,2019-07-10,67.53,66.46,67.62,66.09,9186,66704128.0,2.29,-0.72,-0.48,0.15
1100,2019-07-11,66.46,67.14,68.41,66.46,11721,86151770.0,2.93,1.02,0.68,0.19
1101,2019-07-12,66.94,67.63,68.01,66.8,8049,59211364.0,1.8,0.73,0.49,0.13
1102,2019-07-15,67.78,65.95,67.94,65.54,16178,116505606.0,3.55,-2.48,-1.68,0.27
1103,2019-07-16,65.86,63.79,66.17,63.54,20787,146272340.0,3.99,-3.28,-2.16,0.34
1104,2019-07-17,64.19,63.31,64.26,62.95,27511,191218420.0,2.05,-0.75,-0.48,0.45
1105,2019-07-18,63.62,62.65,63.74,62.35,13520,93142347.0,2.2,-1.04,-0.66,0.22
1106,2019-07-19,62.93,61.95,63.22,61.84,25825,176809144.0,2.2,-1.12,-0.7,0.42
1107,2019-07-22,62.68,61.95,63.62,61.62,16495,112836474.0,3.23,0.0,0.0,0.27
1108,2019-07-23,62.05,62.48,62.78,61.55,11262,76924765.0,1.99,0.86,0.53,0.18
1109,2019-07-24,62.94,63.43,65.24,62.74,26239,183465944.0,4.0,1.52,0.95,0.43
1110,2019-07-25,63.43,63.39,63.73,62.43,14801,102445442.0,2.05,-0.06,-0.04,0.24
1111,2019-07-26,63.39,64.76,65.19,63.07,14702,103645878.0,3.34,2.16,1.37,0.24
1112,2019-07-29,64.9,63.83,65.19,63.07,16326,114527555.0,3.27,-1.44,-0.93,0.27
1113,2019-07-30,64.31,63.72,64.73,63.39,12989,91055600.0,2.1,-0.17,-0.11,0.21
1114,2019-07-31,63.21,62.8,63.89,62.22,13508,93121735.0,2.62,-1.44,-0.92,0.22
1115,2019-08-01,62.83,63.18,63.44,61.86,16142,111234184.0,2.52,0.61,0.38,0.26
1116,2019-08-02,62.14,61.47,62.73,60.55,23032,154764287.0,3.45,-2.71,-1.71,0.38
1117,2019-08-05,61.27,59.47,61.44,59.25,18023,119650053.0,3.56,-3.25,-2.0,0.3
1118,2019-08-06,58.07,60.49,60.82,57.31,21776,142133554.0,5.9,1.72,1.02,0.36
1119,2019-08-07,60.82,60.44,61.8,60.03,10153,67842727.0,2.93,-0.08,-0.05,0.17
1120,2019-08-08,60.67,62.14,62.52,60.67,13885,94258591.0,3.06,2.81,1.7,0.23
1121,2019-08-09,62.08,62.92,63.59,62.08,15420,106744135.0,2.43,1.26,0.78,0.25
1122,2019-08-12,62.28,63.04,63.81,61.69,13018,89876731.0,3.37,0.19,0.12,0.21
1123,2019-08-13,62.64,63.03,63.54,62.01,10447,72057570.0,2.43,-0.02,-0.01,0.17
1124,2019-08-14,63.54,63.18,64.22,62.42,16873,116896797.0,2.86,0.24,0.15,0.28
1125,2019-08-15,62.42,63.23,63.61,61.54,13697,94501608.0,3.28,0.08,0.05,0.22
1126,2019-08-16,63.48,63.34,64.21,63.23,13805,96469078.0,1.55,0.17,0.11,0.23
1127,2019-08-19,63.94,64.13,64.62,63.43,18977,132809529.0,1.88,1.25,0.79,0.31
1128,2019-08-20,64.19,62.65,64.19,61.74,18083,124407672.0,3.82,-2.31,-1.48,0.3
1129,2019-08-21,61.77,61.85,62.58,61.64,14756,100366153.0,1.5,-1.28,-0.8,0.24
1130,2019-08-22,62.44,61.53,62.63,60.78,15764,106385641.0,2.99,-0.52,-0.32,0.26
1131,2019-08-23,61.29,63.44,63.62,61.24,21804,149645913.0,3.87,3.1,1.91,0.36
1132,2019-08-26,62.39,61.94,62.41,60.46,22028,148190431.0,3.07,-2.36,-1.5,0.36
1133,2019-08-27,61.68,63.74,63.93,61.45,22199,153518892.0,4.0,2.91,1.8,0.36
1134,2019-08-28,63.74,64.29,64.69,63.12,14333,100549571.0,2.46,0.86,0.55,0.23
1135,2019-08-29,64.43,62.97,64.86,61.55,16156,112248348.0,5.15,-2.05,-1.32,0.26
1136,2019-08-30,63.72,66.22,67.89,63.04,37112,266195107.0,7.7,5.16,3.25,0.61
1137,2019-09-02,66.27,66.24,67.49,64.74,29628,212737128.0,4.15,0.03,0.02,0.49
1138,2019-09-03,65.82,65.46,65.92,64.46,15388,109526292.0,2.2,-1.18,-0.78,0.25
1139,2019-09-04,65.46,64.99,65.87,64.44,10668,75971295.0,2.18,-0.72,-0.47,0.17
1140,2019-09-05,64.87,65.12,65.89,64.56,17946,127524830.0,2.05,0.2,0.13,0.29
1141,2019-09-06,65.15,64.34,65.33,63.34,20188,141554836.0,3.06,-1.2,-0.78,0.33
1142,2019-09-09,64.51,65.34,65.61,64.05,18284,129491731.0,2.42,1.55,1.0,0.3
1143,2019-09-10,65.23,65.59,65.94,64.54,9558,68230638.0,2.14,0.38,0.25,0.16
1144,2019-09-11,65.59,64.28,66.01,63.74,11642,82038518.0,3.46,-2.0,-1.31,0.19
1145,2019-09-12,64.34,64.8,65.24,63.64,11056,78173045.0,2.49,0.81,0.52,0.18
1146,2019-09-16,64.93,65.63,65.9,64.0,10449,74625595.0,2.93,1.28,0.83,0.17
1147,2019-09-17,65.74,64.77,65.84,64.44,10507,74766344.0,2.13,-1.31,-0.86,0.17
1148,2019-09-18,64.96,66.82,67.44,64.96,16995,123278964.0,3.83,3.17,2.05,0.28
1149,2019-09-19,67.17,66.64,67.49,66.33,11305,82417045.0,1.74,-0.27,-0.18,0.19
1150,2019-09-20,67.44,66.34,67.47,65.55,14215,102796549.0,2.88,-0.45,-0.3,0.23
1151,2019-09-23,66.48,66.38,67.89,64.05,18452,133095043.0,5.79,0.06,0.04,0.3
1152,2019-09-24,66.03,66.32,67.63,65.79,14090,102379003.0,2.77,-0.09,-0.06,0.23
1153,2019-09-25,66.86,66.64,67.12,66.04,9814,71329403.0,1.63,0.48,0.32,0.16
1154,2019-09-26,66.79,67.94,69.3,66.14,17812,131430851.0,4.74,1.95,1.3,0.29
1155,2019-09-27,67.42,66.89,68.43,65.8,18058,131176643.0,3.87,-1.55,-1.05,0.3
1156,2019-09-30,66.42,65.67,66.87,65.33,11389,82234955.0,2.3,-1.82,-1.22,0.19
1157,2019-10-08,65.02,66.55,67.1,65.02,13485,97323854.0,3.17,1.34,0.88,0.22
1158,2019-10-09,66.52,66.59,67.04,65.24,12144,87740098.0,2.7,0.06,0.04,0.2
1159,2019-10-10,66.89,66.37,67.11,65.94,10451,75708378.0,1.76,-0.33,-0.22,0.17
1160,2019-10-11,66.79,67.25,68.54,66.72,13963,103032983.0,2.74,1.33,0.88,0.23
1161,2019-10-14,68.02,69.3,69.3,67.52,17324,129724916.0,2.65,3.05,2.05,0.28
1162,2019-10-15,69.78,70.61,72.09,68.55,19994,153345030.0,5.11,1.89,1.31,0.33
1163,2019-10-16,70.77,71.84,73.24,70.74,15260,119250323.0,3.54,1.74,1.23,0.25
1164,2019-10-17,72.3,71.53,73.11,70.81,9861,76603414.0,3.2,-0.43,-0.31,0.16
1165,2019-10-18,72.07,70.94,72.38,70.81,8481,65673716.0,2.19,-0.82,-0.59,0.14
1166,2019-10-21,70.94,71.51,72.41,70.82,8352,64722288.0,2.24,0.8,0.57,0.14
1167,2019-10-22,71.24,71.5,72.14,70.03,11197,86485378.0,2.95,-0.01,-0.01,0.18
1168,2019-10-23,71.39,71.32,72.84,71.06,9701,75789394.0,2.49,-0.25,-0.18,0.16
1169,2019-10-24,71.38,70.17,72.27,69.6,12893,98717668.0,3.74,-1.61,-1.15,0.21
1170,2019-10-25,70.58,70.16,71.63,69.29,12017,91408524.0,3.33,-0.01,-0.01,0.2
1171,2019-10-28,70.31,70.87,72.02,70.1,10362,79420823.0,2.74,1.01,0.71,0.17
1172,2019-10-29,71.08,70.43,71.43,70.0,9634,73635352.0,2.02,-0.62,-0.44,0.16
1173,2019-10-30,69.68,68.58,70.65,67.57,19213,143422801.0,4.37,-2.63,-1.85,0.31
1174,2019-10-31,68.65,68.83,70.05,68.57,15476,116136398.0,2.16,0.36,0.25,0.25
1175,2019-11-01,69.02,73.41,73.79,69.02,30757,240230198.0,6.93,6.65,4.58,0.5
1176,2019-11-04,73.43,74.3,75.48,72.71,24855,197807562.0,3.77,1.21,0.89,0.41
1177,2019-11-05,74.3,74.56,75.8,73.71,18562,149435110.0,2.81,0.35,0.26,0.3
1178,2019-11-06,75.21,74.05,75.3,73.6,10236,81986918.0,2.28,-0.68,-0.51,0.17
1179,2019-11-07,73.82,74.26,74.26,73.11,13049,103712637.0,1.55,0.28,0.21,0.21
1180,2019-11-08,75.15,73.95,75.15,73.46,12473,99984249.0,2.28,-0.42,-0.31,0.2
1181,2019-11-11,73.7,72.4,73.7,72.1,11407,89747147.0,2.16,-2.1,-1.55,0.19
1182,2019-11-12,72.41,71.58,72.81,71.0,10029,77705444.0,2.5,-1.13,-0.82,0.16
1183,2019-11-13,72.13,72.28,72.99,71.01,10175,79162840.0,2.77,0.98,0.7,0.17
1184,2019-11-14,73.0,72.2,73.49,71.2,11938,92853254.0,3.17,-0.11,-0.08,0.2
1185,2019-11-15,72.17,71.06,72.37,70.52,12410,95443921.0,2.56,-1.58,-1.14,0.2
1186,2019-11-18,70.92,71.5,71.69,69.89,10195,78340066.0,2.53,0.62,0.44,0.17
1187,2019-11-19,72.16,71.83,72.75,71.38,12068,93800881.0,1.92,0.46,0.33,0.2
1188,2019-11-20,72.0,69.75,72.2,69.42,20487,155583935.0,3.87,-2.9,-2.08,0.34
1189,2019-11-21,70.0,69.29,70.05,68.27,13760,103150254.0,2.55,-0.66,-0.46,0.23
1190,2019-11-22,69.69,68.63,70.6,67.7,16999,127683714.0,4.19,-0.95,-0.66,0.28
1191,2019-11-25,68.61,67.34,69.53,66.93,16362,119772649.0,3.79,-1.88,-1.29,0.27
1192,2019-11-26,68.4,66.66,68.65,66.01,50082,364035072.0,3.92,-1.01,-0.68,0.82
1193,2019-11-27,67.04,65.42,67.04,65.01,19496,139394792.0,3.05,-1.86,-1.24,0.32
1194,2019-11-28,65.35,65.87,66.37,65.35,14654,105222989.0,1.56,0.69,0.45,0.24
1195,2019-11-29,66.32,66.0,67.22,65.0,18494,132973068.0,3.37,0.2,0.13,0.3
1196,2019-12-02,66.0,66.1,66.69,64.38,15694,111969737.0,3.5,0.15,0.1,0.26
1197,2019-12-03,65.4,65.66,65.95,64.7,9867,70154428.0,1.89,-0.67,-0.44,0.16
1198,2019-12-04,65.96,66.44,67.02,65.42,13484,97183546.0,2.44,1.19,0.78,0.22
1199,2019-12-05,66.99,67.45,67.78,66.49,13905,101627471.0,1.94,1.52,1.01,0.23
1200,2019-12-06,67.75,69.42,69.54,67.69,11983,89418389.0,2.74,2.92,1.97,0.2
1201,2019-12-09,69.57,70.4,71.15,69.57,13435,102457927.0,2.28,1.41,0.98,0.22
1202,2019-12-10,70.98,69.51,70.98,69.19,8185,61714635.0,2.54,-1.26,-0.89,0.13
1203,2019-12-11,69.69,68.39,69.69,68.1,4377,32502685.0,2.29,-1.61,-1.12,0.07
1204,2019-12-12,68.6,68.81,69.18,68.43,5415,40421562.0,1.1,0.61,0.42,0.09
1205,2019-12-13,69.28,69.42,69.89,68.61,9528,71442210.0,1.86,0.89,0.61,0.16
1206,2019-12-16,69.3,69.81,70.1,68.88,8178,61671813.0,1.76,0.56,0.39,0.13
1207,2019-12-17,69.69,69.88,70.8,69.26,12096,91700565.0,2.21,0.1,0.07,0.2
1208,2019-12-18,69.95,69.82,70.5,69.0,12898,97392078.0,2.15,-0.09,-0.06,0.21
1209,2019-12-19,69.77,69.92,70.18,69.2,6004,45343434.0,1.4,0.14,0.1,0.1
1210,2019-12-20,69.92,69.85,70.13,69.31,6378,48154927.0,1.17,-0.1,-0.07,0.1
1211,2019-12-23,69.21,67.6,69.83,67.56,11368,84801617.0,3.25,-3.22,-2.25,0.19
1212,2019-12-24,67.6,67.71,68.55,67.21,4759,35020430.0,1.98,0.16,0.11,0.08
1213,2019-12-25,67.71,66.84,68.11,66.42,8018,58353443.0,2.5,-1.28,-0.87,0.13
1214,2019-12-26,67.13,69.95,70.48,66.53,12459,93162379.0,5.91,4.65,3.11,0.2
1215,2019-12-27,69.46,70.31,71.5,69.32,15417,117006218.0,3.12,0.51,0.36,0.25
1216,2019-12-30,69.32,70.47,72.8,69.2,16194,123809797.0,5.12,0.23,0.16,0.27
1217,2019-12-31,70.49,70.98,71.04,69.7,7996,60859829.0,1.9,0.72,0.51,0.13
1218,2020-01-02,70.99,72.09,72.45,70.61,11491,89250542.0,2.59,1.56,1.11,0.19
1219,2020-01-03,72.09,70.99,72.3,70.48,12266,94327014.0,2.52,-1.53,-1.1,0.2
1220,2020-01-06,70.7,68.7,70.7,67.9,24582,182733795.0,3.94,-3.23,-2.29,0.4
1221,2020-01-07,68.33,68.8,69.0,67.73,10461,77765148.0,1.85,0.15,0.1,0.17
1222,2020-01-08,68.77,68.74,69.14,67.97,12003,89334209.0,1.7,-0.09,-0.06,0.2
1223,2020-01-09,68.95,69.07,69.18,68.13,12499,93330834.0,1.53,0.48,0.33,0.2
1224,2020-01-10,68.9,68.25,69.68,67.86,16358,121221762.0,2.64,-1.19,-0.82,0.27
1225,2020-01-13,68.18,69.5,69.59,67.86,14131,105793699.0,2.53,1.83,1.25,0.23
1226,2020-01-14,70.03,68.18,70.56,67.86,19435,144536729.0,3.88,-1.9,-1.32,0.32
1227,2020-01-15,68.18,68.64,68.75,67.7,7928,58833337.0,1.54,0.67,0.46,0.13
1228,2020-01-16,68.68,68.53,68.86,67.88,7430,55087351.0,1.43,-0.16,-0.11,0.12
1229,2020-01-17,68.23,68.4,68.69,67.91,12873,95314726.0,1.14,-0.19,-0.13,0.21
1230,2020-01-20,68.4,68.02,68.95,67.5,13066,96497541.0,2.12,-0.56,-0.38,0.21
1231,2020-01-21,67.59,67.53,68.03,66.73,11077,81047338.0,1.91,-0.72,-0.49,0.18
1232,2020-01-22,67.53,67.25,67.89,65.37,19474,141168088.0,3.73,-0.41,-0.28,0.32
1233,2020-01-23,67.35,64.82,67.35,64.61,18880,135490026.0,4.07,-3.61,-2.43,0.31
1234,2020-02-03,57.76,57.77,59.71,57.76,31677,203348239.0,3.01,-10.88,-7.05,0.52
1235,2020-02-04,57.41,59.89,60.8,57.41,29491,193905424.0,5.87,3.67,2.12,0.48
1236,2020-02-05,60.67,62.15,63.67,59.95,34008,230534824.0,6.21,3.77,2.26,0.56
1237,2020-02-06,63.2,62.46,63.55,62.2,20681,141814019.0,2.17,0.5,0.31,0.34
1238,2020-02-07,62.4,63.03,63.08,60.82,19303,130590709.0,3.62,0.91,0.57,0.32
1239,2020-02-10,63.1,64.66,65.31,62.23,21686,151137692.0,4.89,2.59,1.63,0.36
1240,2020-02-11,64.44,65.2,65.68,64.12,15534,109744100.0,2.41,0.84,0.54,0.25
1241,2020-02-12,65.12,65.54,66.23,63.95,17159,122285925.0,3.5,0.52,0.34,0.28
1242,2020-02-13,66.1,65.3,66.38,64.25,9824,69714937.0,3.25,-0.37,-0.24,0.16
1243,2020-02-14,65.17,64.67,66.5,64.3,13102,93451132.0,3.37,-0.96,-0.63,0.21
1244,2020-02-17,65.13,64.87,66.05,64.5,22261,158032021.0,2.4,0.31,0.2,0.36
1245,2020-02-18,65.1,64.44,65.27,63.98,16595,116522969.0,1.99,-0.66,-0.43,0.27
1246,2020-02-19,64.44,63.8,64.94,63.72,11986,83874194.0,1.89,-0.99,-0.64,0.2
1247,2020-02-20,63.48,65.51,65.51,63.34,22214,156926179.0,3.4,2.68,1.71,0.36
1248,2020-02-21,65.52,66.27,67.18,65.22,22503,161935710.0,2.99,1.16,0.76,0.37
1249,2020-02-24,64.91,67.89,68.03,64.91,27525,201019593.0,4.71,2.44,1.62,0.45
1250,2020-02-25,67.6,68.73,69.48,66.82,30946,229730442.0,3.92,1.24,0.84,0.51
1251,2020-02-26,69.07,70.03,70.93,66.9,24862,186425807.0,5.86,1.89,1.3,0.41
1252,2020-02-27,68.85,67.16,69.27,66.81,33331,243398109.0,3.51,-4.1,-2.87,0.55
1253,2020-02-28,64.5,67.65,67.65,64.35,31623,225585099.0,4.91,0.73,0.49,0.52
1254,2020-03-02,66.55,67.42,68.7,66.38,20541,151220912.0,3.43,-0.34,-0.23,0.34
1255,2020-03-03,68.13,67.11,68.13,66.0,30098,218063018.0,3.16,-0.46,-0.31,0.49
1256,2020-03-04,66.98,66.8,67.7,66.2,13461,98062839.0,2.24,-0.46,-0.31,0.22
1257,2020-03-05,66.83,68.5,68.8,66.2,26663,194722220.0,3.89,2.54,1.7,0.44
1258,2020-03-06,67.78,66.58,68.1,66.22,19947,144471366.0,2.74,-2.8,-1.92,0.33
1259,2020-03-09,65.8,65.07,65.8,64.16,29102,205660816.0,2.46,-2.27,-1.51,0.48
1260,2020-03-10,64.3,67.07,67.66,64.28,17545,126996499.0,5.19,3.07,2.0,0.29
1261,2020-03-11,67.28,65.99,67.73,65.45,15526,111957200.0,3.4,-1.61,-1.08,0.25
1262,2020-03-12,65.55,65.18,65.62,64.5,9900,70095870.0,1.7,-1.23,-0.81,0.16
1263,2020-03-13,62.2,64.68,65.52,61.73,25464,178539255.0,5.81,-0.77,-0.5,0.42
1264,2020-03-16,64.68,60.55,64.83,59.62,21706,148132483.0,8.06,-6.39,-4.13,0.36
1265,2020-03-17,60.2,61.85,63.28,60.2,18295,124152037.0,5.09,2.15,1.3,0.3
1266,2020-03-18,62.68,61.0,63.79,61.0,17436,118602825.0,4.51,-1.37,-0.85,0.29
1267,2020-03-19,60.67,58.84,61.51,57.75,27190,177862943.0,6.16,-3.54,-2.16,0.45
1268,2020-03-20,59.92,59.8,60.7,58.42,24936,162921673.0,3.87,1.63,0.96,0.41
1269,2020-03-23,58.48,57.15,59.06,56.86,24001,152456273.0,3.68,-4.43,-2.65,0.39
1270,2020-03-24,58.39,59.92,60.5,57.9,24346,158885816.0,4.55,4.85,2.77,0.4
1271,2020-03-25,61.39,60.9,61.88,59.5,22415,148256953.0,3.97,1.64,0.98,0.37
1272,2020-03-26,60.24,61.87,62.19,60.22,13781,92949553.0,3.23,1.59,0.97,0.23
1273,2020-03-27,62.66,62.2,63.2,62.05,13880,95069046.0,1.86,0.53,0.33,0.23
1274,2020-03-30,61.7,60.08,61.7,59.73,11339,75194539.0,3.17,-3.41,-2.12,0.19
1275,2020-03-31,61.0,63.33,64.12,60.52,17812,122361378.0,5.99,5.41,3.25,0.29
1276,2020-04-01,63.67,63.64,64.78,62.92,10678,74503814.0,2.94,0.49,0.31,0.17
1277,2020-04-02,63.64,63.87,64.2,62.25,8554,59439534.0,3.06,0.36,0.23,0.14
1278,2020-04-03,64.25,64.96,65.55,63.78,12390,87734618.0,2.77,1.71,1.09,0.2
1279,2020-04-07,65.32,65.43,66.29,64.48,9748,69334163.0,2.79,0.72,0.47,0.16
1280,2020-04-08,64.69,64.9,65.26,64.0,9586,67564684.0,1.93,-0.81,-0.53,0.16
1281,2020-04-09,64.2,64.26,65.1,64.0,10089,70813028.0,1.69,-0.99,-0.64,0.17
1282,2020-04-10,64.5,63.99,65.0,63.84,9462,66446742.0,1.81,-0.42,-0.27,0.15
1283,2020-04-13,63.94,62.3,63.97,62.26,9059,61913381.0,2.67,-2.64,-1.69,0.15
1284,2020-04-14,62.81,61.85,63.03,60.26,26906,180576732.0,4.45,-0.72,-0.45,0.44
1285,2020-04-15,61.9,60.94,62.9,60.86,17075,114940163.0,3.3,-1.47,-0.91,0.28
1286,2020-04-16,61.38,61.2,61.57,60.46,9162,61211167.0,1.82,0.43,0.26,0.15
1287,2020-04-17,61.2,62.59,63.08,61.08,13006,88650435.0,3.27,2.27,1.39,0.21
1288,2020-04-20,63.35,63.0,63.76,62.4,13993,96275496.0,2.17,0.66,0.41,0.23
1289,2020-04-21,62.56,61.4,63.15,61.13,12760,86052334.0,3.21,-2.54,-1.6,0.21
1290,2020-04-22,61.01,61.54,61.84,61.01,7667,51521583.0,1.35,0.23,0.14,0.13
1291,2020-04-23,61.76,61.88,63.16,61.55,9622,65578199.0,2.62,0.55,0.34,0.16
1292,2020-04-24,61.72,61.92,62.63,61.1,8607,58312370.0,2.47,0.06,0.04,0.14
1293,2020-04-27,61.95,61.19,62.27,61.01,12186,81918140.0,2.03,-1.18,-0.73,0.2
1294,2020-04-28,61.06,62.7,62.7,59.86,20768,139858700.0,4.64,2.47,1.51,0.34
1295,2020-04-29,61.2,60.18,62.38,60.13,24358,162387072.0,3.59,-4.02,-2.52,0.4
1296,2020-04-30,60.2,60.08,60.86,58.72,22364,146707631.0,3.56,-0.17,-0.1,0.37
1297,2020-05-06,59.7,59.5,60.03,58.0,41045,265256802.0,3.38,-0.97,-0.58,0.67
1298,2020-05-07,59.1,60.79,61.4,58.68,31652,209589755.0,4.57,2.17,1.29,0.52
1299,2020-05-08,61.08,60.74,62.19,60.52,26032,173869850.0,2.75,-0.08,-0.05,0.43
1300,2020-05-11,61.6,62.76,64.47,61.21,46083,319046384.0,5.37,3.33,2.02,0.75
1301,2020-05-12,62.76,63.66,64.0,61.92,22001,151695695.0,3.31,1.43,0.9,0.36
1302,2020-05-13,63.23,63.66,64.7,62.38,24823,172496185.0,3.64,0.0,0.0,0.41
1303,2020-05-14,64.01,62.75,64.65,62.39,17278,119006743.0,3.55,-1.43,-0.91,0.28
1304,2020-05-15,62.71,61.2,62.71,61.2,18846,127269025.0,2.41,-2.47,-1.55,0.31
1305,2020-05-18,61.2,63.7,64.35,60.27,26543,182090029.0,6.67,4.08,2.5,0.43
1306,2020-05-19,63.65,63.9,64.5,63.24,17089,119223336.0,1.98,0.31,0.2,0.28
1307,2020-05-20,64.56,64.96,65.74,63.91,26590,188146546.0,2.86,1.66,1.06,0.44
1308,2020-05-21,65.16,64.96,66.28,64.0,18896,133559402.0,3.51,0.0,0.0,0.31
1309,2020-05-22,65.3,62.0,65.48,61.8,16938,116006133.0,5.67,-4.56,-2.96,0.28
1310,2020-05-25,62.22,60.71,62.67,60.35,17552,117112048.0,3.74,-2.08,-1.29,0.29
1311,2020-05-26,61.2,61.68,62.0,60.71,18555,124343387.0,2.12,1.6,0.97,0.3
1312,2020-05-27,61.66,62.9,63.14,61.01,14579,99305519.0,3.45,1.98,1.22,0.24
1313,2020-05-28,62.22,61.47,62.83,60.21,19343,129939852.0,4.17,-2.27,-1.43,0.32
1314,2020-05-29,60.81,61.9,61.98,60.38,17055,114330351.0,2.6,0.7,0.43,0.28
1315,2020-06-01,61.9,62.14,62.91,61.53,25938,176569165.0,2.23,0.39,0.24,0.42
1316,2020-06-02,62.59,61.09,62.68,60.24,37414,249227606.0,3.93,-1.69,-1.05,0.61
1317,2020-06-03,61.27,60.74,61.48,60.61,17337,115814882.0,1.42,-0.57,-0.35,0.28
1318,2020-06-04,61.0,60.9,61.37,60.45,12032,80189221.0,1.51,0.26,0.16,0.2
1319,2020-06-05,60.75,61.7,61.75,60.74,17387,116575081.0,1.66,1.31,0.8,0.28
1320,2020-06-08,61.72,62.03,63.7,61.5,27473,187548253.0,3.57,0.53,0.33,0.45
1321,2020-06-09,62.15,63.13,63.38,61.46,21532,147783044.0,3.1,1.77,1.1,0.35
1322,2020-06-10,63.14,63.62,64.08,62.61,16380,113481266.0,2.33,0.78,0.49,0.27
1323,2020-06-11,64.21,62.33,64.31,62.14,13780,94548036.0,3.41,-2.03,-1.29,0.23
1324,2020-06-12,61.1,62.18,62.45,60.38,18508,124644802.0,3.32,-0.24,-0.15,0.3
1325,2020-06-15,62.0,60.86,62.2,60.58,15850,106311368.0,2.61,-2.12,-1.32,0.26
1326,2020-06-16,61.4,62.2,62.4,61.36,16008,108696103.0,1.71,2.2,1.34,0.26
1327,2020-06-17,62.78,61.91,62.86,61.48,12696,86101976.0,2.22,-0.47,-0.29,0.21
1328,2020-06-18,61.84,61.46,61.92,61.08,10172,68377151.0,1.36,-0.73,-0.45,0.17
1329,2020-06-19,61.46,62.58,62.86,61.2,22166,151326187.0,2.7,1.82,1.12,0.36
1330,2020-06-22,62.58,63.09,63.9,62.26,16239,111976841.0,2.62,0.81,0.51,0.27
1331,2020-06-23,62.84,64.71,65.25,62.43,27859,191874370.0,4.47,2.57,1.62,0.46
1332,2020-06-24,65.05,65.14,66.43,64.52,17060,118777547.0,2.95,0.66,0.43,0.28
1333,2020-06-29,65.13,66.12,66.94,64.54,24219,171148988.0,3.68,1.5,0.98,0.4
1334,2020-06-30,67.13,66.53,68.47,65.81,17755,126871171.0,4.02,0.62,0.41,0.29
1335,2020-07-01,66.98,67.66,67.83,65.81,17408,124632111.0,3.04,1.7,1.13,0.28
1336,2020-07-02,67.93,71.38,71.52,67.38,39881,298167456.0,6.12,5.5,3.72,0.65
1337,2020-07-03,71.48,71.0,75.2,69.84,42172,322955200.0,7.51,-0.53,-0.38,0.69
1338,2020-07-06,71.01,72.61,72.98,70.83,22263,170467542.0,3.03,2.27,1.61,0.36
1339,2020-07-07,72.61,74.28,75.73,72.33,24911,195978257.0,4.68,2.3,1.67,0.41
1340,2020-07-08,74.03,73.55,75.53,72.63,15736,123041951.0,3.9,-0.98,-0.73,0.26
1341,2020-07-09,73.53,73.43,74.13,72.13,21557,167493162.0,2.72,-0.16,-0.12,0.35
1342,2020-07-10,72.84,72.26,73.86,71.56,17806,136766717.0,3.13,-1.59,-1.17,0.29
1343,2020-07-13,72.33,76.92,77.82,71.91,25393,203388618.0,8.18,6.45,4.66,0.42
1344,2020-07-14,77.33,79.53,81.7,71.25,26847,219282352.0,13.59,3.39,2.61,0.44
1345,2020-07-15,79.14,77.73,81.03,76.11,23510,194389781.0,6.19,-2.26,-1.8,0.38
1346,2020-07-16,77.73,73.03,77.9,72.83,19721,157231771.0,6.52,-6.05,-4.7,0.32
1347,2020-07-17,73.81,74.41,75.5,71.94,17113,133044593.0,4.87,1.89,1.38,0.28
1348,2020-07-20,74.54,73.78,75.33,72.71,20504,160403556.0,3.52,-0.85,-0.63,0.34
1349,2020-07-21,73.53,75.34,75.53,72.75,20867,165221809.0,3.77,2.11,1.56,0.34
1350,2020-07-22,75.03,76.13,76.8,74.82,12400,100014352.0,2.63,1.05,0.79,0.2
1351,2020-07-23,75.47,80.23,81.52,75.03,28160,236425313.0,8.52,5.39,4.1,0.46
1352,2020-07-24,80.53,79.53,84.33,78.53,29654,253002075.0,7.23,-0.87,-0.7,0.49
1353,2020-07-27,79.52,81.06,83.73,78.88,28716,247400813.0,6.1,1.92,1.53,0.47
1354,2020-07-28,81.03,80.64,81.53,78.58,16297,138162022.0,3.64,-0.52,-0.42,0.27
1355,2020-07-29,79.83,81.23,82.83,79.03,20027,171550124.0,4.71,0.73,0.59,0.33
1356,2020-07-30,80.52,80.81,81.21,78.83,17831,151126796.0,2.93,-0.52,-0.42,0.29
1357,2020-07-31,80.33,80.34,82.53,79.19,22044,187765874.0,4.13,-0.58,-0.47,0.36
1358,2020-08-03,79.91,80.32,81.41,79.23,20602,174398229.0,2.71,-0.02,-0.02,0.34
1359,2020-08-04,79.63,79.86,81.16,78.53,21403,180724347.0,3.27,-0.57,-0.46,0.35
1360,2020-08-05,78.78,79.73,80.32,77.76,16373,136508175.0,3.21,-0.16,-0.13,0.27
1361,2020-08-06,78.91,79.07,79.73,75.89,32958,271697424.0,4.82,-0.83,-0.66,0.54
1362,2020-08-07,77.82,76.63,78.03,74.23,21486,172951910.0,4.81,-3.09,-2.44,0.35
1363,2020-08-10,75.77,76.64,77.33,74.54,16337,131971320.0,3.64,0.01,0.01,0.27
1364,2020-08-11,76.75,76.65,78.99,76.03,15296,125467856.0,3.86,0.01,0.01,0.25
1365,2020-08-12,76.08,74.35,76.08,72.87,21272,167263634.0,4.19,-3.0,-2.3,0.35
1366,2020-08-13,75.36,76.56,77.41,74.65,13984,112958130.0,3.71,2.97,2.21,0.23
1367,2020-08-14,76.58,80.13,80.3,76.58,21010,175660097.0,4.86,4.66,3.57,0.34
1368,2020-08-17,80.52,80.15,81.06,79.05,11860,100433622.0,2.51,0.02,0.02,0.19
1369,2020-08-18,79.96,79.52,80.73,79.04,19430,163973224.0,2.11,-0.79,-0.63,0.32
1370,2020-08-19,80.13,78.63,80.3,78.63,13255,111070471.0,2.1,-1.12,-0.89,0.22
1371,2020-08-20,79.85,76.88,79.85,75.53,18496,151170781.0,5.49,-2.23,-1.75,0.3
1372,2020-08-21,76.48,79.03,79.13,76.03,11439,94741688.0,4.03,2.8,2.15,0.19
1373,2020-08-24,79.37,78.23,79.88,77.6,11908,98716725.0,2.88,-1.01,-0.8,0.19
1374,2020-08-25,78.81,77.27,80.65,76.66,16345,135135164.0,5.1,-1.23,-0.96,0.27
1375,2020-08-26,77.51,76.44,78.73,75.58,12089,98213411.0,4.08,-1.07,-0.83,0.2
1376,2020-08-27,77.02,77.27,77.32,75.64,8717,70701262.0,2.2,1.09,0.83,0.14
1377,2020-08-28,77.51,78.53,79.78,77.27,20098,166713402.0,3.25,1.63,1.26,0.33
1378,2020-08-31,78.64,80.28,80.53,77.74,22414,188506387.0,3.55,2.23,1.75,0.37
1379,2020-09-01,78.94,78.06,79.54,76.55,26511,218072475.0,3.72,-2.77,-2.22,0.43
1380,2020-09-02,77.39,78.25,79.11,77.33,20593,170591706.0,2.28,0.24,0.19,0.34
1381,2020-09-03,78.55,78.82,81.03,78.41,21979,185304136.0,3.35,0.73,0.57,0.36
1382,2020-09-04,77.81,78.82,79.43,76.86,16345,135230950.0,3.26,0.0,0.0,0.27
1383,2020-09-07,78.53,77.13,80.03,76.78,12471,103320138.0,4.12,-2.14,-1.69,0.2
1384,2020-09-08,76.88,76.41,77.12,75.95,10963,88696456.0,1.52,-0.93,-0.72,0.18
1385,2020-09-09,75.97,74.03,76.37,74.03,13183,104315516.0,3.06,-3.11,-2.38,0.22
1386,2020-09-10,74.53,74.73,76.28,74.03,12517,99662602.0,3.04,0.95,0.7,0.2
1387,2020-09-11,74.03,74.84,75.13,73.03,7922,62532926.0,2.81,0.15,0.11,0.13
1388,2020-09-14,75.53,76.53,76.72,73.55,9947,79675889.0,4.24,2.26,1.69,0.16
1389,2020-09-15,76.53,76.64,77.53,75.62,10214,82806373.0,2.5,0.14,0.11,0.17
1390,2020-09-16,76.4,75.19,76.91,74.71,7629,61069957.0,2.87,-1.89,-1.45,0.12
1391,2020-09-17,75.19,76.53,76.53,74.1,9216,73647646.0,3.23,1.78,1.34,0.15
1392,2020-09-18,75.55,74.73,76.73,74.13,17229,136629570.0,3.4,-2.35,-1.8,0.28
1393,2020-09-21,74.82,73.75,75.43,73.23,11636,91545842.0,2.94,-1.31,-0.98,0.19
1394,2020-09-22,73.36,73.63,74.78,72.94,8930,70044529.0,2.49,-0.16,-0.12,0.15
1395,2020-09-23,74.23,73.62,75.3,73.15,12301,96660265.0,2.92,-0.01,-0.01,0.2
1396,2020-09-24,72.99,74.18,74.81,72.99,13847,108867555.0,2.47,0.76,0.56,0.23
1397,2020-09-25,73.93,74.3,75.31,73.33,13155,103716504.0,2.67,0.16,0.12,0.22
1398,2020-09-28,74.31,72.54,74.81,72.33,11466,89152692.0,3.34,-2.37,-1.76,0.19
1399,2020-09-29,72.92,74.11,74.39,72.21,10178,79253943.0,3.01,2.16,1.57,0.17
1400,2020-09-30,74.28,74.53,75.87,73.55,10542,83389782.0,3.13,0.57,0.42,0.17
1401,2020-10-09,74.53,72.53,76.09,72.29,27258,211275026.0,5.1,-2.68,-2.0,0.45
1402,2020-10-12,72.33,72.71,72.74,71.69,38199,293220224.0,1.45,0.25,0.18,0.63
1403,2020-10-13,72.83,72.11,73.03,71.76,15202,116494163.0,1.75,-0.83,-0.6,0.25
1404,2020-10-14,71.83,71.22,73.03,70.85,22190,169179498.0,3.02,-1.23,-0.89,0.36
1405,2020-10-15,71.03,72.12,72.43,69.68,25134,190423785.0,3.86,1.26,0.9,0.41
1406,2020-10-16,72.03,70.7,72.64,70.11,21405,161694391.0,3.51,-1.97,-1.42,0.35
1407,2020-10-19,70.35,69.4,71.3,69.33,13513,100685022.0,2.79,-1.84,-1.3,0.22
1408,2020-10-20,69.58,70.63,70.71,69.34,11490,85607366.0,1.97,1.77,1.23,0.19
1409,2020-10-21,70.63,70.33,71.16,69.72,8378,62711258.0,2.04,-0.42,-0.3,0.14
1410,2020-10-22,70.0,69.83,70.38,69.24,5786,42920344.0,1.62,-0.71,-0.5,0.09
1411,2020-10-23,69.52,69.41,70.33,69.2,6873,50989570.0,1.62,-0.6,-0.42,0.11
1412,2020-10-26,69.43,67.79,69.43,67.11,11759,84977478.0,3.34,-2.33,-1.62,0.19
1413,2020-10-27,65.63,64.33,66.32,63.33,40444,278263616.0,4.41,-5.1,-3.46,0.66
1414,2020-10-28,64.86,66.45,67.08,64.67,25701,181563013.0,3.75,3.3,2.12,0.42
1415,2020-10-29,66.33,67.5,68.01,64.38,24365,172895503.0,5.46,1.58,1.05,0.4
1416,2020-10-30,68.11,66.19,68.23,65.61,16621,118529699.0,3.88,-1.94,-1.31,0.27
1417,2020-11-02,66.05,65.4,66.48,64.86,23832,166598426.0,2.45,-1.19,-0.79,0.39
1418,2020-11-03,65.54,65.83,66.37,64.58,17766,123946084.0,2.74,0.66,0.43,0.29
1419,2020-11-04,65.65,66.84,67.53,65.65,18366,130981165.0,2.86,1.53,1.01,0.3
1420,2020-11-05,66.84,67.73,69.03,66.83,18213,131552993.0,3.29,1.33,0.89,0.3
1421,2020-11-06,68.53,68.28,70.16,67.73,28670,209870938.0,3.59,0.81,0.55,0.47
1422,2020-11-09,68.28,69.35,70.95,68.15,35963,265138758.0,4.1,1.57,1.07,0.59
1423,2020-11-10,69.36,68.84,69.53,68.03,13412,98082077.0,2.16,-0.74,-0.51,0.22
1424,2020-11-11,68.86,68.34,69.36,68.04,12816,93829806.0,1.92,-0.73,-0.5,0.21
1425,2020-11-12,68.34,69.71,70.09,67.34,18606,136342847.0,4.02,2.0,1.37,0.3
1426,2020-11-13,69.46,68.19,69.71,66.94,15757,114354831.0,3.97,-2.18,-1.52,0.26
1427,2020-11-16,67.92,67.43,68.71,67.13,13966,100693335.0,2.32,-1.11,-0.76,0.23
1428,2020-11-17,67.08,67.49,69.55,66.94,25741,187017222.0,3.87,0.09,0.06,0.42
1429,2020-11-18,67.54,65.93,67.93,65.53,28736,204072820.0,3.56,-2.31,-1.56,0.47
1430,2020-11-19,65.93,67.51,67.91,64.91,20373,145380319.0,4.55,2.4,1.58,0.33
1431,2020-11-20,68.73,68.85,69.03,67.73,17540,128056295.0,1.93,1.98,1.34,0.29
1432,2020-11-23,69.0,67.93,70.16,67.83,25634,188304989.0,3.38,-1.34,-0.92,0.42
1433,2020-11-24,67.92,67.92,68.7,67.53,18832,136582242.0,1.72,-0.01,-0.01,0.31
1434,2020-11-25,67.27,65.95,68.09,65.78,19188,136634412.0,3.4,-2.9,-1.97,0.31
1435,2020-11-26,66.01,66.56,67.08,65.83,11581,82117393.0,1.9,0.92,0.61,0.19
1436,2020-11-27,66.58,66.48,67.27,66.03,9983,70922795.0,1.86,-0.12,-0.08,0.16
1437,2020-11-30,66.03,65.42,66.93,65.42,17036,120243538.0,2.27,-1.59,-1.06,0.28
1438,2020-12-01,65.22,66.53,66.83,65.22,15319,108591533.0,2.46,1.7,1.11,0.25
1439,2020-12-02,66.52,66.63,67.12,66.03,10284,72959056.0,1.64,0.15,0.1,0.17
1440,2020-12-03,66.69,66.72,66.84,66.23,9516,67551368.0,0.92,0.14,0.09,0.16
1441,2020-12-04,66.83,67.7,68.68,66.33,23495,169392641.0,3.52,1.47,0.98,0.38
1442,2020-12-07,67.53,68.12,68.58,66.78,13775,99675396.0,2.66,0.62,0.42,0.23
1443,2020-12-08,68.2,67.84,68.5,67.64,9556,69261410.0,1.26,-0.41,-0.28,0.16
1444,2020-12-09,67.84,67.49,68.47,67.34,10035,72755104.0,1.67,-0.52,-0.35,0.16
1445,2020-12-10,67.13,66.98,67.73,66.6,9922,70992012.0,1.67,-0.76,-0.51,0.16
1446,2020-12-11,66.93,65.83,67.42,64.83,14875,104827460.0,3.87,-1.72,-1.15,0.24
1447,2020-12-14,65.54,66.97,67.02,65.06,11810,83321017.0,2.98,1.73,1.14,0.19
1448,2020-12-15,66.97,67.53,68.05,66.55,13270,95476162.0,2.24,0.84,0.56,0.22
1449,2020-12-16,67.63,66.78,68.64,66.56,17545,126332578.0,3.08,-1.11,-0.75,0.29
1450,2020-12-17,66.99,69.31,69.73,66.8,25870,189465671.0,4.39,3.79,2.53,0.42
1451,2020-12-18,69.77,69.09,69.94,68.43,15481,113963304.0,2.18,-0.32,-0.22,0.25
1452,2020-12-21,69.09,70.08,71.53,66.53,26700,198141391.0,7.24,1.43,0.99,0.44
1453,2020-12-22,69.54,67.84,70.18,67.53,16183,118779897.0,3.78,-3.2,-2.24,0.26
1454,2020-12-23,68.09,66.84,68.64,66.37,19589,140357862.0,3.35,-1.47,-1.0,0.32
1455,2020-12-24,66.53,67.63,67.88,65.78,12041,86227944.0,3.14,1.18,0.79,0.2
1456,2020-12-25,67.01,67.98,68.51,66.58,14320,103770043.0,2.85,0.52,0.35,0.23
1457,2020-12-28,67.53,68.73,69.07,66.13,20753,149822747.0,4.32,1.1,0.75,0.34
1458,2020-12-29,68.73,68.21,68.97,67.93,14891,108610229.0,1.51,-0.76,-0.52,0.24
1459,2020-12-30,68.03,69.81,69.9,67.82,16760,123636681.0,3.05,2.35,1.6,0.27
1460,2020-12-31,69.82,73.52,74.38,69.09,33607,257601570.0,7.58,5.31,3.71,0.55
1461,2021-01-04,73.52,72.4,74.08,70.92,26718,204635813.0,4.3,-1.52,-1.12,0.44
1462,2021-01-05,71.5,70.78,71.53,69.58,32752,245213994.0,2.69,-2.24,-1.62,0.54
1463,2021-01-06,71.42,72.55,73.44,70.3,31851,243932193.0,4.44,2.5,1.77,0.52
1464,2021-01-07,72.08,75.63,77.29,72.08,42062,334512000.0,7.18,4.25,3.08,0.69
1465,2021-01-08,75.82,78.23,80.21,75.82,33587,277483120.0,5.8,3.44,2.6,0.55
1466,2021-01-11,78.48,77.93,79.33,76.73,22482,185366696.0,3.32,-0.38,-0.3,0.37
1467,2021-01-12,77.38,80.09,80.98,77.25,20396,171341840.0,4.79,2.77,2.16,0.33
1468,2021-01-13,80.02,78.72,80.03,78.04,16058,133717296.0,2.48,-1.71,-1.37,0.26
1469,2021-01-14,78.53,77.97,80.63,76.28,22439,185553710.0,5.53,-0.95,-0.75,0.37
1470,2021-01-15,79.48,76.65,79.8,75.83,18810,153676852.0,5.09,-1.69,-1.32,0.31
1471,2021-01-18,77.12,77.96,79.53,76.38,14140,116511620.0,4.11,1.71,1.31,0.23
1472,2021-01-19,77.86,75.38,77.86,74.35,19218,154081645.0,4.5,-3.31,-2.58,0.31
1473,2021-01-20,74.65,75.53,76.13,73.65,24807,196396091.0,3.29,0.2,0.15,0.41
1474,2021-01-21,75.54,75.83,76.63,74.36,18043,144054852.0,3.01,0.4,0.3,0.29
1475,2021-01-22,76.53,74.93,78.43,73.6,23341,186012598.0,6.37,-1.19,-0.9,0.38
1476,2021-01-25,74.78,77.63,78.32,74.77,24167,197035713.0,4.74,3.6,2.7,0.39
1477,2021-01-26,77.33,75.59,77.33,75.03,14307,115189139.0,2.96,-2.63,-2.04,0.23
1478,2021-01-27,75.54,75.86,76.68,74.93,13151,105532325.0,2.32,0.36,0.27,0.21
1479,2021-01-28,75.39,73.94,75.53,73.13,17288,135472411.0,3.16,-2.53,-1.92,0.28
1480,2021-01-29,74.08,75.13,75.61,73.53,21071,166800139.0,2.81,1.61,1.19,0.34
1481,2021-02-01,74.73,75.43,76.11,74.23,12136,96636665.0,2.5,0.4,0.3,0.2
1482,2021-02-02,74.55,74.48,75.34,73.13,15551,122600632.0,2.93,-1.26,-0.95,0.25
1483,2021-02-03,74.44,74.23,76.25,73.23,23174,182402189.0,4.05,-0.34,-0.25,0.38
1484,2021-02-04,73.33,74.53,75.03,72.41,16387,127744494.0,3.53,0.4,0.3,0.27
1485,2021-02-05,74.17,76.37,77.08,73.23,19192,154151068.0,5.17,2.47,1.84,0.31
1486,2021-02-08,76.37,74.24,77.42,73.71,15552,123447661.0,4.86,-2.79,-2.13,0.25
1487,2021-02-09,74.55,78.0,78.0,73.83,21243,172422944.0,5.62,5.06,3.76,0.35
1488,2021-02-10,78.73,76.91,79.23,75.64,20683,168237074.0,4.6,-1.4,-1.09,0.34
1489,2021-02-18,77.03,76.48,77.42,74.04,22847,182913351.0,4.39,-0.56,-0.43,0.37
1490,2021-02-19,75.45,74.53,75.57,73.22,23672,185896788.0,3.07,-2.55,-1.95,0.39
1491,2021-02-22,74.03,73.53,74.74,73.18,17148,134166996.0,2.09,-1.34,-1.0,0.28
1492,2021-02-23,73.21,74.22,74.5,72.37,17871,139224870.0,2.9,0.94,0.69,0.29
1493,2021-02-24,73.63,76.47,76.71,73.53,23584,188571847.0,4.28,3.03,2.25,0.39
1494,2021-02-25,76.42,72.42,76.42,72.33,32017,250200582.0,5.35,-5.3,-4.05,0.52
1495,2021-02-26,71.57,70.83,72.03,69.68,20021,150823357.0,3.24,-2.2,-1.59,0.33
1496,2021-03-01,70.32,69.87,70.83,68.24,27503,202454799.0,3.66,-1.36,-0.96,0.45
1497,2021-03-02,69.74,68.41,70.03,68.13,24534,180364808.0,2.72,-2.09,-1.46,0.4
1498,2021-03-03,69.13,68.32,69.51,68.11,14244,103980055.0,2.05,-0.13,-0.09,0.23
1499,2021-03-04,67.78,66.23,67.98,65.74,15932,113158620.0,3.28,-3.06,-2.09,0.26
1500,2021-03-05,65.54,64.83,66.04,64.17,32044,222524319.0,2.82,-2.11,-1.4,0.52
1501,2021-03-08,65.23,63.13,65.53,62.63,28488,194342585.0,4.47,-2.62,-1.7,0.47
1502,2021-03-09,62.45,62.13,63.73,62.11,17918,120580846.0,2.57,-1.58,-1.0,0.29
1503,2021-03-10,62.83,62.21,63.28,61.62,19197,128368177.0,2.67,0.13,0.08,0.31
1504,2021-03-11,62.67,63.29,63.72,62.03,14348,96759721.0,2.72,1.74,1.08,0.23
1505,2021-03-12,63.53,63.05,64.21,62.43,12141,82123583.0,2.81,-0.38,-0.24,0.2
1506,2021-03-15,63.33,62.68,63.33,60.23,20879,138503402.0,4.92,-0.59,-0.37,0.34
1507,2021-03-16,62.36,63.21,63.41,62.06,12822,86371629.0,2.15,0.85,0.53,0.21
1508,2021-03-17,63.61,65.18,65.18,62.71,14860,102103972.0,3.91,3.12,1.97,0.24
1509,2021-03-18,64.83,65.44,65.5,63.73,12106,83651601.0,2.72,0.4,0.26,0.2
1510,2021-03-19,64.54,64.53,65.38,64.18,9553,66094016.0,1.83,-1.39,-0.91,0.16
1511,2021-03-22,64.53,64.72,65.37,63.74,8929,61692504.0,2.53,0.29,0.19,0.15
1512,2021-03-23,64.8,64.12,65.11,63.73,10588,72778273.0,2.13,-0.93,-0.6,0.17
1513,2021-03-24,63.09,64.76,65.03,63.09,12182,84333378.0,3.03,1.0,0.64,0.2
1514,2021-03-25,64.77,64.44,65.38,64.2,10312,71333133.0,1.82,-0.49,-0.32,0.17
1515,2021-03-26,65.21,65.18,65.39,64.14,12145,84177133.0,1.94,1.15,0.74,0.2
1516,2021-03-29,65.18,65.88,66.01,64.95,9634,67579783.0,1.63,1.07,0.7,0.16
1517,2021-03-30,65.88,66.68,67.37,65.73,14532,103487457.0,2.49,1.21,0.8,0.24
1518,2021-03-31,67.33,67.08,67.42,65.56,10554,75029027.0,2.79,0.6,0.4,0.17
1519,2021-04-01,66.53,68.32,68.73,66.31,10274,74532212.0,3.61,1.85,1.24,0.17
1520,2021-04-02,69.02,69.73,69.91,68.01,9686,71350852.0,2.78,2.06,1.41,0.16
1521,2021-04-06,70.47,70.13,71.01,68.85,9888,73456697.0,3.1,0.57,0.4,0.16
1522,2021-04-07,70.42,70.41,71.12,69.13,15169,113218534.0,2.84,0.4,0.28,0.25
1523,2021-04-08,69.96,69.98,70.91,69.78,11020,82293987.0,1.6,-0.61,-0.43,0.18
1524,2021-04-09,68.85,69.41,70.52,68.67,11535,85132767.0,2.64,-0.81,-0.57,0.19
1525,2021-04-12,69.97,67.48,69.97,66.65,13240,95954926.0,4.78,-2.78,-1.93,0.22
1526,2021-04-13,68.03,67.2,68.67,66.83,11507,83097344.0,2.73,-0.41,-0.28,0.19
1527,2021-04-14,67.37,68.61,68.73,66.54,13406,97103460.0,3.26,2.1,1.41,0.22
1528,2021-04-15,68.8,67.8,69.47,65.91,31730,228512886.0,5.19,-1.18,-0.81,0.52
1529,2021-04-16,68.83,67.92,68.98,66.03,18083,130701857.0,4.35,0.18,0.12,0.3
1530,2021-04-19,68.23,69.37,70.0,67.61,14287,105101973.0,3.52,2.13,1.45,0.23
1531,2021-04-20,69.59,67.41,69.94,67.13,21480,155720159.0,4.05,-2.83,-1.96,0.35
1532,2021-04-21,67.08,66.82,68.02,66.54,14864,106251796.0,2.2,-0.88,-0.59,0.24
1533,2021-04-22,66.66,65.49,67.17,64.92,21448,150247669.0,3.37,-1.99,-1.33,0.35
1534,2021-04-23,66.72,67.77,69.33,66.64,26264,189428087.0,4.11,3.48,2.28,0.43
1535,2021-04-26,67.58,64.75,67.58,64.65,27463,192819878.0,4.32,-4.46,-3.02,0.45
1536,2021-04-27,64.43,64.64,65.27,63.84,10753,74308110.0,2.21,-0.17,-0.11,0.18
1537,2021-04-28,64.67,67.44,67.71,64.67,19022,135260667.0,4.7,4.33,2.8,0.31
1538,2021-04-29,67.86,70.24,71.03,66.71,25444,189043922.0,6.41,4.15,2.8,0.42
1539,2021-04-30,69.92,70.93,70.98,69.82,17229,129110767.0,1.65,0.98,0.69,0.28
1540,2021-05-06,71.26,74.53,75.01,71.03,31976,250231897.0,5.61,5.08,3.6,0.53
1541,2021-05-07,74.01,73.78,74.81,73.11,19664,154244982.0,2.28,-1.01,-0.75,0.32
1542,2021-05-10,73.78,73.5,75.0,72.21,20136,156723160.0,3.78,-0.38,-0.28,0.33
1543,2021-05-11,72.99,74.47,74.47,72.03,15787,123049560.0,3.32,1.32,0.97,0.26
1544,2021-05-12,74.33,72.79,75.31,72.28,15285,119006494.0,4.07,-2.26,-1.68,0.25
1545,2021-05-13,72.3,72.51,73.28,71.63,9052,69563409.0,2.27,-0.38,-0.28,0.15
1546,2021-05-14,72.21,71.52,72.61,71.03,13562,103043963.0,2.18,-1.37,-0.99,0.22
1547,2021-05-17,71.18,71.44,73.02,71.0,16690,126904869.0,2.82,-0.11,-0.08,0.27
1548,2021-05-18,71.6,71.31,71.83,70.78,12775,96804258.0,1.47,-0.18,-0.13,0.21
1549,2021-05-19,71.3,70.36,71.4,69.92,14638,109669172.0,2.08,-1.33,-0.95,0.24
1550,2021-05-20,70.2,71.01,71.53,69.73,14509,108919951.0,2.56,0.92,0.65,0.24
1551,2021-05-21,70.8,71.01,72.47,70.19,16098,121795281.0,3.21,0.0,0.0,0.26
1552,2021-05-24,71.01,70.33,72.08,69.81,14784,111029725.0,3.2,-0.96,-0.68,0.24
1553,2021-05-25,70.55,71.92,72.3,69.7,18073,134226604.0,3.7,2.26,1.59,0.3
1554,2021-05-26,71.47,71.87,72.84,70.43,17254,128528925.0,3.35,-0.07,-0.05,0.28
1555,2021-05-27,71.83,71.05,71.83,70.67,14738,109438387.0,1.61,-1.14,-0.82,0.24
1556,2021-05-28,71.06,70.05,71.12,69.1,16602,121610323.0,2.84,-1.41,-1.0,0.27
1557,2021-05-31,70.02,67.62,70.17,66.98,31085,220961063.0,4.55,-3.47,-2.43,0.51
1558,2021-06-01,67.61,68.2,69.0,67.13,27482,196376113.0,2.77,0.86,0.58,0.45
1559,2021-06-02,68.25,67.57,68.27,66.82,20730,146114097.0,2.13,-0.92,-0.63,0.34
1560,2021-06-03,67.97,66.83,68.07,66.8,20143,141771288.0,1.88,-1.1,-0.74,0.33
1561,2021-06-04,66.83,66.96,67.3,66.33,15401,107692717.0,1.45,0.19,0.13,0.25
1562,2021-06-07,67.08,66.3,67.18,66.01,15404,107205561.0,1.75,-0.99,-0.66,0.25
1563,2021-06-08,66.4,66.89,66.97,65.52,14795,103052722.0,2.19,0.89,0.59,0.24
1564,2021-06-09,66.62,65.71,67.31,65.5,13938,96458708.0,2.71,-1.76,-1.18,0.23
1565,2021-06-10,65.83,65.63,66.51,65.57,14210,98227635.0,1.43,-0.12,-0.08,0.23
1566,2021-06-11,65.86,64.67,65.91,63.92,17540,118850644.0,3.03,-1.46,-0.96,0.29
1567,2021-06-15,64.75,63.32,64.81,63.32,17516,117439547.0,2.3,-2.09,-1.35,0.29
1568,2021-06-16,63.7,63.32,65.1,62.82,14804,99016265.0,3.6,0.0,0.0,0.24
1569,2021-06-17,63.03,63.09,63.45,62.56,10144,67164282.0,1.41,-0.36,-0.23,0.17
1570,2021-06-18,63.09,62.7,63.5,62.06,13297,87598515.0,2.28,-0.62,-0.39,0.22
1571,2021-06-21,62.2,61.16,62.91,60.82,18913,122287736.0,3.33,-2.46,-1.54,0.31
1572,2021-06-22,61.15,60.99,62.21,60.67,19371,125204426.0,2.52,-0.28,-0.17,0.32
1573,2021-06-23,61.0,61.8,61.97,61.0,12319,79680472.0,1.59,1.33,0.81,0.2
1574,2021-06-24,62.04,63.07,63.59,61.94,19193,126968576.0,2.67,2.06,1.27,0.32
1575,2021-06-25,63.28,61.27,64.14,60.89,40772,265160257.0,5.15,-2.85,-1.8,0.67
1576,2021-06-28,61.22,61.75,61.82,59.82,20140,129028690.0,3.26,0.78,0.48,0.33
1577,2021-06-29,61.32,60.87,61.91,60.82,14054,90435374.0,1.77,-1.43,-0.88,0.23
1578,2021-06-30,60.98,60.61,61.25,60.07,11965,76363440.0,1.94,-0.43,-0.26,0.2
1579,2021-07-01,60.94,60.6,61.07,60.12,12892,82147779.0,1.57,-0.02,-0.01,0.21
1580,2021-07-02,60.19,61.07,62.35,59.85,22819,146602840.0,4.13,0.78,0.47,0.38
1581,2021-07-05,61.26,58.78,61.52,58.58,17934,112534791.0,4.81,-3.75,-2.29,0.29
1582,2021-07-06,59.98,58.16,59.98,57.66,15072,92665699.0,3.95,-1.05,-0.62,0.25
1583,2021-07-07,57.94,59.82,59.82,57.94,11393,71012128.0,3.23,2.85,1.66,0.19
1584,2021-07-08,59.82,59.32,60.22,58.94,21499,134965548.0,2.14,-0.84,-0.5,0.35
1585,2021-07-09,59.26,57.32,59.68,57.12,30461,185434993.0,4.32,-3.37,-2.0,0.5
1586,2021-07-12,57.67,57.11,58.77,56.97,17550,106618415.0,3.14,-0.37,-0.21,0.29
1587,2021-07-13,57.12,56.66,57.77,56.02,23324,139857641.0,3.06,-0.79,-0.45,0.38
1588,2021-07-14,56.31,56.79,57.26,55.86,20360,121859292.0,2.47,0.23,0.13,0.33
1589,2021-07-15,56.52,54.49,56.99,53.89,31770,183817858.0,5.46,-4.05,-2.3,0.52
1590,2021-07-16,54.47,55.22,55.71,54.02,23111,134872517.0,3.1,1.34,0.73,0.38
1591,2021-07-19,55.22,54.22,55.48,53.19,17079,97640249.0,4.15,-1.81,-1.0,0.28
1592,2021-07-20,53.83,54.38,54.65,53.52,14945,85586416.0,2.08,0.3,0.16,0.25
1593,2021-07-21,54.28,54.77,55.41,54.28,11780,68340304.0,2.08,0.72,0.39,0.19
1594,2021-07-22,54.77,53.83,55.13,53.73,10516,60192517.0,2.56,-1.72,-0.94,0.17
1595,2021-07-23,54.22,52.22,54.4,51.86,16857,94073749.0,4.72,-2.99,-1.61,0.28
1596,2021-07-26,51.87,49.57,51.93,49.18,29287,156077744.0,5.27,-5.07,-2.65,0.48
1597,2021-07-27,49.85,47.93,50.67,47.85,28273,147811057.0,5.69,-3.31,-1.64,0.46
1598,2021-07-28,47.37,48.29,48.53,47.31,23575,120489777.0,2.55,0.75,0.36,0.39
1599,2021-07-29,49.28,49.59,49.98,48.68,18152,95534422.0,2.69,2.69,1.3,0.3
1600,2021-07-30,48.94,48.63,49.44,47.23,25658,132014530.0,4.46,-1.94,-0.96,0.42
1601,2021-08-02,48.82,50.21,50.55,47.67,26594,140078873.0,5.92,3.25,1.58,0.44
1602,2021-08-03,50.21,51.23,51.48,49.87,21563,116392150.0,3.21,2.03,1.02,0.35
1603,2021-08-04,51.42,51.27,52.82,50.47,20738,112860124.0,4.59,0.08,0.04,0.34
1604,2021-08-05,50.86,50.86,52.0,50.67,17126,93414362.0,2.59,-0.8,-0.41,0.28
1605,2021-08-06,51.26,50.22,51.35,49.73,14279,76081764.0,3.19,-1.26,-0.64,0.23
1606,2021-08-09,49.99,52.87,53.57,49.99,26853,149762931.0,7.13,5.28,2.65,0.44
1607,2021-08-10,53.02,52.24,53.55,51.02,20066,110459514.0,4.79,-1.19,-0.63,0.33
1608,2021-08-11,52.0,51.57,52.39,51.13,11988,65698824.0,2.41,-1.28,-0.67,0.2
1609,2021-08-12,51.08,50.95,51.75,50.68,10797,58627822.0,2.07,-1.2,-0.62,0.18
1610,2021-08-13,50.83,50.1,50.92,49.72,10199,54413842.0,2.36,-1.67,-0.85,0.17
1611,2021-08-16,50.09,51.05,51.32,49.74,11841,64002508.0,3.15,1.9,0.95,0.19
1612,2021-08-17,50.94,49.44,51.58,49.43,14776,78888440.0,4.21,-3.15,-1.61,0.24
1613,2021-08-18,49.52,49.91,50.02,48.78,9633,50696882.0,2.51,0.95,0.47,0.16
1614,2021-08-19,50.8,48.86,50.81,48.84,9836,51920172.0,3.95,-2.1,-1.05,0.16
1615,2021-08-20,48.81,47.96,49.21,47.42,11706,60038721.0,3.66,-1.84,-0.9,0.19
1616,2021-08-23,48.38,50.6,51.01,48.07,18156,96944471.0,6.13,5.5,2.64,0.3
1617,2021-08-24,51.02,49.93,51.02,49.3,13263,70247928.0,3.4,-1.32,-0.67,0.22
1618,2021-08-25,49.63,49.54,50.03,49.19,7135,37617535.0,1.68,-0.78,-0.39,0.12
1619,2021-08-26,49.29,47.92,49.29,47.6,11671,59758885.0,3.41,-3.27,-1.62,0.19
1620,2021-08-27,47.97,47.31,48.4,47.02,17126,86932393.0,2.88,-1.27,-0.61,0.28
1621,2021-08-30,46.84,46.04,47.2,45.36,23317,114919625.0,3.89,-2.68,-1.27,0.38
1622,2021-08-31,45.87,45.61,46.99,45.22,17008,83258893.0,3.84,-0.93,-0.43,0.28
1623,2021-09-01,45.64,46.15,47.14,44.82,19705,96866883.0,5.09,1.18,0.54,0.32
1624,2021-09-02,46.17,45.32,46.32,44.78,14860,71977997.0,3.34,-1.8,-0.83,0.24
1625,2021-09-03,45.78,45.72,46.18,44.83,11525,56224154.0,2.98,0.88,0.4,0.19
1626,2021-09-06,45.75,46.64,47.02,45.23,18921,94057033.0,3.92,2.01,0.92,0.31
1627,2021-09-07,46.59,46.55,46.82,45.93,15225,75312439.0,1.91,-0.19,-0.09,0.25
1628,2021-09-08,46.22,46.84,46.98,46.18,10572,52655553.0,1.72,0.62,0.29,0.17
1629,2021-09-09,46.78,46.4,47.07,46.33,10648,52977258.0,1.58,-0.94,-0.44,0.18
1630,2021-09-10,46.45,46.53,46.89,45.97,13128,65090464.0,1.98,0.28,0.13,0.22
1631,2021-09-13,46.12,45.17,46.35,45.05,15152,73771547.0,2.79,-2.92,-1.36,0.25
1632,2021-09-14,45.07,44.12,46.1,44.04,19920,95543095.0,4.56,-2.32,-1.05,0.33
1633,2021-09-15,44.06,42.22,44.06,41.64,32410,147622686.0,5.49,-4.31,-1.9,0.53
1634,2021-09-16,41.9,42.0,42.72,41.35,25728,116447753.0,3.24,-0.52,-0.22,0.42
1635,2021-09-17,41.87,42.11,42.37,41.63,16607,75078420.0,1.76,0.26,0.11,0.27
1636,2021-09-22,41.53,41.63,41.73,40.67,15671,69520410.0,2.52,-1.14,-0.48,0.26
1637,2021-09-23,41.83,42.33,43.0,41.46,21596,98330207.0,3.7,1.68,0.7,0.36
1638,2021-09-24,42.47,42.83,43.22,42.0,24037,110711946.0,2.88,1.18,0.5,0.4
1639,2021-09-27,42.87,44.09,44.65,42.54,30313,142455235.0,4.93,2.94,1.26,0.51
1640,2021-09-28,44.02,44.35,44.82,43.14,28655,135611289.0,3.81,0.59,0.26,0.48
1641,2021-09-29,43.95,44.74,45.07,42.82,26585,125998370.0,5.07,0.88,0.39,0.44
1642,2021-09-30,44.8,43.53,45.82,43.42,29502,140217078.0,5.36,-2.7,-1.21,0.49
1643,2021-10-08,43.56,46.12,46.25,43.54,63706,310023936.0,6.23,5.95,2.59,1.06
1644,2021-10-11,46.19,46.82,47.46,45.25,60532,301846192.0,4.79,1.52,0.7,1.01
1645,2021-10-12,46.47,44.9,46.61,44.37,72809,351058912.0,4.78,-4.1,-1.92,1.21
1646,2021-10-13,45.21,44.81,45.31,43.32,29366,139615044.0,4.43,-0.2,-0.09,0.49
1647,2021-10-14,44.82,44.48,46.07,44.42,30493,146942410.0,3.68,-0.74,-0.33,0.51
1648,2021-10-15,44.77,44.92,45.4,43.38,43096,204953690.0,4.54,0.99,0.44,0.72
1649,2021-10-18,45.21,42.93,45.26,42.37,44125,203958131.0,6.43,-4.43,-1.99,0.74
1650,2021-10-19,42.52,42.31,42.96,41.91,39633,180324450.0,2.45,-1.44,-0.62,0.66
1651,2021-10-20,42.49,41.78,42.6,41.35,25856,116241660.0,2.95,-1.25,-0.53,0.43
1652,2021-10-21,41.63,42.29,42.32,41.51,25945,117002906.0,1.94,1.22,0.51,0.43
1653,2021-10-22,42.31,46.84,46.84,42.31,128890,627526496.0,10.71,10.76,4.55,2.15
1654,2021-10-25,46.84,46.88,47.31,45.3,78298,387770864.0,4.29,0.09,0.04,1.3
1655,2021-10-26,46.52,44.97,46.62,44.73,56069,272741648.0,4.03,-4.07,-1.91,0.93
1656,2021-10-27,44.82,42.22,44.82,41.92,78843,362051824.0,6.45,-6.12,-2.75,1.31
1657,2021-10-28,41.83,46.76,46.76,41.08,84883,401908080.0,13.45,10.75,4.54,1.41
1658,2021-10-29,46.82,49.82,50.59,46.43,125713,652430896.0,8.9,6.54,3.06,2.1
1659,2021-11-01,49.82,50.56,52.83,48.82,91699,498517520.0,8.05,1.49,0.74,1.53
1660,2021-11-02,50.62,50.25,52.08,48.87,78376,418445088.0,6.35,-0.61,-0.31,1.31
1661,2021-11-03,50.26,50.63,50.92,49.65,39845,213185398.0,2.53,0.76,0.38,0.66
1662,2021-11-04,50.26,53.05,53.68,49.72,66598,365463984.0,7.82,4.78,2.42,1.11
1663,2021-11-05,52.29,52.13,53.32,51.45,46407,257055441.0,3.52,-1.73,-0.92,0.77
1664,2021-11-08,52.13,51.82,54.02,50.82,40343,223569933.0,6.14,-0.59,-0.31,0.67
1665,2021-11-09,51.82,52.28,53.75,50.82,31230,174151112.0,5.65,0.89,0.46,0.52
1666,2021-11-10,52.28,51.12,52.28,50.57,23942,130136402.0,3.27,-2.22,-1.16,0.4
1667,2021-11-11,51.04,51.21,52.51,50.7,33666,184295242.0,3.54,0.18,0.09,0.56
1668,2021-11-12,50.82,51.3,51.71,50.72,26250,143019324.0,1.93,0.18,0.09,0.44
1669,2021-11-15,51.45,52.21,52.45,50.82,37099,203378704.0,3.18,1.77,0.91,0.62
1670,2021-11-16,53.32,57.75,57.75,52.72,67007,397585984.0,9.63,10.61,5.54,1.12
1671,2021-11-17,57.03,58.86,61.32,56.58,111169,696508944.0,8.21,1.92,1.11,1.85
1672,2021-11-18,58.32,59.02,59.5,55.73,57718,352124016.0,6.41,0.27,0.16,0.96
1673,2021-11-19,58.28,59.16,59.37,57.32,24214,149649336.0,3.47,0.24,0.14,0.4
1674,2021-11-22,59.8,59.0,60.18,57.97,25029,155702892.0,3.74,-0.27,-0.16,0.42
1675,2021-11-23,58.36,58.12,59.14,56.97,35506,217851259.0,3.68,-1.49,-0.88,0.59
1676,2021-11-24,57.82,58.98,59.42,57.82,25595,158710490.0,2.75,1.48,0.86,0.43
1677,2021-11-25,58.81,60.62,61.15,58.74,22767,144671206.0,4.09,2.78,1.64,0.38
1678,2021-11-26,60.12,58.64,60.61,57.84,24450,151366778.0,4.57,-3.27,-1.98,0.41
1679,2021-11-29,57.56,59.27,59.81,56.52,28286,173768048.0,5.61,1.07,0.63,0.47
1680,2021-11-30,58.7,58.36,59.56,56.83,27884,170743316.0,4.61,-1.54,-0.91,0.46
1681,2021-12-01,58.36,55.55,58.42,55.42,47809,284463344.0,5.14,-4.81,-2.81,0.8
1682,2021-12-02,55.3,55.88,56.81,54.47,26114,153613777.0,4.21,0.59,0.33,0.44
1683,2021-12-03,55.65,56.82,57.32,55.29,22880,136503746.0,3.63,1.68,0.94,0.38
1684,2021-12-06,56.44,56.42,57.48,55.82,16564,99231608.0,2.92,-0.7,-0.4,0.28
1685,2021-12-07,57.8,60.12,62.11,56.79,46885,296914592.0,9.43,6.56,3.7,0.78
1686,2021-12-08,59.83,60.42,61.82,57.89,46654,292884992.0,6.54,0.5,0.3,0.78
1687,2021-12-09,59.82,63.22,65.5,59.19,47605,315033696.0,10.44,4.63,2.8,0.79
1688,2021-12-10,63.24,62.57,63.96,61.89,25011,164315993.0,3.27,-1.03,-0.65,0.42
1689,2021-12-13,62.69,62.02,63.6,61.38,33377,218339661.0,3.55,-0.88,-0.55,0.56
1690,2021-12-14,61.02,60.51,61.82,59.32,56994,361535328.0,4.03,-2.43,-1.51,0.95
1691,2021-12-15,60.5,61.37,62.19,60.17,28043,180891136.0,3.34,1.42,0.86,0.47
1692,2021-12-16,61.04,59.71,61.22,58.82,35420,221830787.0,3.91,-2.7,-1.66,0.59
1693,2021-12-17,59.0,58.54,59.81,57.52,40842,252136259.0,3.84,-1.96,-1.17,0.68
1694,2021-12-20,58.32,59.51,60.27,57.88,30370,189196584.0,4.08,1.66,0.97,0.51
1695,2021-12-21,59.51,60.53,61.78,59.32,21535,137432822.0,4.13,1.71,1.02,0.36
1696,2021-12-22,60.24,60.44,60.87,58.42,21885,137651057.0,4.05,-0.15,-0.09,0.27
1697,2021-12-23,60.4,58.61,60.69,58.03,22958,141999162.0,4.4,-3.03,-1.83,0.28
1698,2021-12-24,58.37,59.02,59.22,56.23,31874,193519859.0,5.1,0.7,0.41,0.4
1699,2021-12-27,59.05,59.9,60.81,58.53,17448,109831748.0,3.86,1.49,0.88,0.22
1700,2021-12-28,59.9,60.56,61.05,59.2,16069,102028530.0,3.09,1.1,0.66,0.2
1701,2021-12-29,59.88,59.01,60.5,58.26,18867,117588746.0,3.7,-2.56,-1.55,0.23
1702,2021-12-30,58.67,59.15,60.81,58.0,17771,111321872.0,4.76,0.24,0.14,0.22
1703,2021-12-31,58.86,59.06,59.32,57.82,23136,142902439.0,2.54,-0.15,-0.09,0.29
1704,2022-01-04,59.04,58.31,60.12,58.09,16399,101676352.0,3.44,-1.27,-0.75,0.2
1705,2022-01-05,58.43,59.27,61.22,57.82,47988,300373536.0,5.83,1.65,0.96,0.59
1706,2022-01-06,58.82,57.0,59.18,56.62,27614,167145039.0,4.32,-3.83,-2.27,0.34
1707,2022-01-07,57.02,58.65,60.07,57.0,24095,149822890.0,5.39,2.89,1.65,0.3
1708,2022-01-10,58.45,58.17,59.61,57.5,16596,102003190.0,3.6,-0.82,-0.48,0.21
1709,2022-01-11,58.18,55.67,58.77,55.62,22652,135445860.0,5.42,-4.3,-2.5,0.28
1710,2022-01-12,55.5,54.94,55.92,54.33,27107,157511351.0,2.86,-1.31,-0.73,0.34
1711,2022-01-13,54.94,53.48,54.94,52.54,27989,158897012.0,4.37,-2.66,-1.46,0.35
1712,2022-01-14,52.92,53.27,54.17,52.22,28144,158568063.0,3.65,-0.39,-0.21,0.35
1713,2022-01-17,52.95,52.43,52.95,50.43,53641,293846112.0,4.73,-1.58,-0.84,0.66
1714,2022-01-18,52.62,52.53,53.06,51.83,25205,140197334.0,2.35,0.19,0.1,0.31
1715,2022-01-19,52.04,52.55,53.02,51.87,17332,96332534.0,2.19,0.04,0.02,0.21
1716,2022-01-20,53.11,54.08,54.71,52.18,30513,173949960.0,4.81,2.91,1.53,0.38
1717,2022-01-21,53.85,52.48,54.04,51.62,26271,146589154.0,4.47,-2.96,-1.6,0.33
1718,2022-01-24,52.13,52.23,52.77,51.32,18432,101987410.0,2.76,-0.48,-0.25,0.23
1719,2022-01-25,52.27,50.07,52.35,49.88,29770,161326934.0,4.73,-4.14,-2.16,0.37
1720,2022-01-26,50.07,51.34,53.3,49.83,39319,214446030.0,6.93,2.54,1.27,0.49
1721,2022-01-27,51.12,50.72,51.58,49.82,18668,100564710.0,3.43,-1.21,-0.62,0.23
1722,2022-01-28,50.04,48.52,50.57,48.42,26735,140676525.0,4.24,-4.34,-2.2,0.33
1723,2022-02-07,49.09,50.18,50.75,48.45,34693,183090297.0,4.74,3.42,1.66,0.43
1724,2022-02-08,50.18,50.82,51.12,48.97,28536,152484296.0,4.28,1.28,0.64,0.35
1725,2022-02-09,50.83,50.73,51.25,49.38,23296,124552564.0,3.68,-0.18,-0.09,0.29
1726,2022-02-10,50.73,50.57,51.02,49.24,29780,159100658.0,3.51,-0.32,-0.16,0.37
1727,2022-02-11,50.53,49.0,51.22,48.51,35145,185675381.0,5.36,-3.1,-1.57,0.44
1728,2022-02-14,48.99,47.85,48.99,47.29,33369,170220862.0,3.47,-2.35,-1.15,0.41
1729,2022-02-15,47.86,47.96,48.35,47.07,21775,110489871.0,2.68,0.23,0.11,0.27
1730,2022-02-16,48.08,48.58,49.46,48.0,14196,73310688.0,3.04,1.29,0.62,0.18
1731,2022-02-17,48.62,47.43,48.89,47.17,20375,103583251.0,3.54,-2.37,-1.15,0.25
1732,2022-02-18,47.33,46.84,47.6,46.53,30300,151546604.0,2.26,-1.24,-0.59,0.38
1733,2022-02-21,47.07,46.97,47.12,46.34,17012,84917756.0,1.67,0.28,0.13,0.21
1734,2022-02-22,46.72,45.97,46.93,45.09,26873,131718243.0,3.92,-2.13,-1.0,0.33
1735,2022-02-23,46.19,46.8,47.1,45.97,19497,97154377.0,2.46,1.81,0.83,0.24
1736,2022-02-24,46.47,45.39,46.57,44.87,19435,94835618.0,3.63,-3.01,-1.41,0.24
1737,2022-02-25,45.39,48.29,48.62,45.39,52802,268706944.0,7.12,6.39,2.9,0.65
1738,2022-02-28,48.4,47.39,48.63,46.53,30918,155981483.0,4.35,-1.86,-0.9,0.38
1739,2022-03-01,47.32,48.22,48.4,47.21,30766,157081199.0,2.51,1.75,0.83,0.38
1740,2022-03-02,48.18,47.37,48.54,47.1,18771,95321998.0,2.99,-1.76,-0.85,0.23
1741,2022-03-03,47.75,46.77,47.91,46.52,17916,89822573.0,2.93,-1.27,-0.6,0.22
1742,2022-03-04,46.47,46.79,47.55,45.97,19305,96616859.0,3.38,0.04,0.02,0.24
1743,2022-03-07,46.8,45.66,46.8,45.14,25341,123806735.0,3.55,-2.42,-1.13,0.31
1744,2022-03-08,45.95,43.44,46.3,43.16,41808,197280509.0,6.88,-4.86,-2.22,0.52
1745,2022-03-09,43.7,42.6,44.13,41.39,34536,159006120.0,6.31,-1.93,-0.84,0.43
1746,2022-03-10,43.72,43.75,45.67,43.36,29267,138074207.0,5.42,2.7,1.15,0.36
1747,2022-03-11,43.32,44.45,44.57,42.47,21141,99073163.0,4.8,1.6,0.7,0.26
1748,2022-03-14,44.0,43.05,44.05,42.72,22706,105478756.0,2.99,-3.15,-1.4,0.28
1749,2022-03-15,42.56,40.52,42.81,40.5,31457,140509026.0,5.37,-5.88,-2.53,0.39
1750,2022-03-16,41.2,40.82,41.42,39.0,34444,149667948.0,5.97,0.74,0.3,0.43
1751,2022-03-17,41.43,42.92,43.9,40.95,33509,152999478.0,7.23,5.14,2.1,0.42
1752,2022-03-18,42.82,43.63,44.26,42.32,25074,116878917.0,4.52,1.65,0.71,0.31
1753,2022-03-21,43.97,43.49,44.3,42.82,27516,128662709.0,3.39,-0.32,-0.14,0.34
1754,2022-03-22,43.34,43.77,44.29,43.14,13363,62915740.0,2.64,0.64,0.28,0.17
1755,2022-03-23,44.21,44.76,45.42,43.88,20391,97776834.0,3.52,2.26,0.99,0.25
1756,2022-03-24,44.62,45.61,46.32,44.0,30563,149653886.0,5.18,1.9,0.85,0.38
1757,2022-03-25,45.8,46.21,47.9,45.54,41114,204940592.0,5.17,1.32,0.6,0.51
1758,2022-03-28,45.46,45.16,45.96,44.3,21784,105326960.0,3.59,-2.27,-1.05,0.27
1759,2022-03-29,45.17,44.9,46.28,44.68,17859,86731390.0,3.54,-0.58,-0.26,0.22
1760,2022-03-30,45.19,46.45,46.45,45.12,17193,84620251.0,2.96,3.45,1.55,0.21
1761,2022-03-31,46.26,46.85,47.82,45.98,16589,83436523.0,3.96,0.86,0.4,0.21
1762,2022-04-01,48.7,50.22,51.21,47.73,41575,219036087.0,7.43,7.19,3.37,0.52
1763,2022-04-06,50.12,48.43,50.82,47.59,33092,171598479.0,6.43,-3.56,-1.79,0.41
1764,2022-04-07,49.22,47.61,49.97,47.11,22520,116324757.0,5.91,-1.69,-0.82,0.28
1765,2022-04-08,47.02,47.56,47.99,46.74,17392,87943454.0,2.63,-0.11,-0.05,0.22
1766,2022-04-11,47.25,47.21,48.32,46.32,17790,90187313.0,4.21,-0.74,-0.35,0.22
1767,2022-04-12,46.81,48.21,48.38,46.14,21321,107336809.0,4.74,2.12,1.0,0.26
1768,2022-04-13,47.85,49.57,50.48,47.5,21627,114327251.0,6.18,2.82,1.36,0.27
1769,2022-04-14,49.82,50.02,52.02,49.63,17342,93148913.0,4.82,0.91,0.45,0.21
1770,2022-04-15,49.51,50.06,51.27,49.15,9709,52040644.0,4.24,0.08,0.04,0.12
1771,2022-04-18,50.09,49.81,50.57,48.93,9996,53167373.0,3.28,-0.5,-0.25,0.12
1772,2022-04-19,49.92,49.94,50.8,49.43,9411,50132720.0,2.75,0.26,0.13,0.12
1773,2022-04-20,49.59,50.3,51.32,48.57,16588,88154601.0,5.51,0.72,0.36,0.21
1774,2022-04-21,50.29,49.14,50.99,48.72,16479,87000086.0,4.51,-2.31,-1.16,0.2
1775,2022-04-22,48.95,50.72,51.15,48.62,21157,112709791.0,5.15,3.22,1.58,0.26
1776,2022-04-25,50.72,49.4,51.62,49.4,23672,127420298.0,4.38,-2.6,-1.32,0.29
1777,2022-04-26,49.23,51.91,52.83,49.13,28165,153938571.0,7.49,5.08,2.51,0.35
1778,2022-04-27,51.31,50.57,52.28,49.9,24697,133388452.0,4.58,-2.58,-1.34,0.31
1779,2022-04-28,50.57,48.74,50.57,48.62,22799,119394357.0,3.86,-3.62,-1.83,0.28
1780,2022-04-29,49.25,51.9,52.15,48.57,26625,143961880.0,7.35,6.48,3.16,0.33
1781,2022-05-05,52.82,50.32,52.82,49.37,30563,163755205.0,6.65,-3.04,-1.58,0.38
1782,2022-05-06,49.02,47.71,49.47,46.82,26458,135479094.0,5.27,-5.19,-2.61,0.33
1783,2022-05-09,46.84,49.66,49.99,46.59,26784,139970932.0,7.13,4.09,1.95,0.33
1784,2022-05-10,49.64,51.17,51.38,48.38,20717,110927019.0,6.04,3.04,1.51,0.26
1785,2022-05-11,50.79,49.84,51.8,49.7,21126,113822030.0,4.1,-2.6,-1.33,0.26
1786,2022-05-12,49.46,50.32,50.6,48.72,12686,67356029.0,3.77,0.96,0.48,0.16
1787,2022-05-13,50.15,50.57,51.2,49.85,13268,71061018.0,2.68,0.5,0.25,0.16
1788,2022-05-16,50.57,51.87,52.72,50.57,19730,109018789.0,4.25,2.57,1.3,0.24
1789,2022-05-17,51.89,51.98,52.37,50.84,12165,66698633.0,2.95,0.21,0.11,0.15
1790,2022-05-18,52.29,51.94,52.5,51.02,14450,79617003.0,2.85,-0.08,-0.04,0.18
1791,2022-05-19,51.81,52.13,52.32,51.41,8361,46036734.0,1.75,0.37,0.19,0.1
1792,2022-05-20,51.78,54.33,54.82,51.69,16970,96778088.0,6.0,4.22,2.2,0.21
1793,2022-05-23,54.33,53.46,54.66,53.22,16333,92810270.0,2.65,-1.6,-0.87,0.2
1794,2022-05-24,53.22,53.18,54.14,52.84,10810,61164183.0,2.43,-0.52,-0.28,0.13
1795,2022-05-25,54.22,54.55,54.65,52.37,20031,114110414.0,4.29,2.58,1.37,0.25
1796,2022-05-26,54.75,56.83,56.9,53.11,32364,182509388.0,6.95,4.18,2.28,0.4
1797,2022-05-27,57.25,54.84,57.62,54.48,18987,108532363.0,5.53,-3.5,-1.99,0.24
1798,2022-05-30,54.91,55.18,55.48,54.02,15988,89780291.0,2.66,0.62,0.34,0.2
1799,2022-05-31,54.95,55.09,55.63,54.57,11921,67161863.0,1.92,-0.16,-0.09,0.15
1800,2022-06-01,55.16,55.65,56.97,54.6,14951,85159445.0,4.3,1.02,0.56,0.19
1801,2022-06-02,55.67,54.74,55.67,53.97,15011,83886271.0,3.05,-1.64,-0.91,0.19
1802,2022-06-06,54.95,53.75,55.0,53.26,21888,120103791.0,3.18,-1.81,-0.99,0.27
1803,2022-06-07,53.52,54.48,54.71,53.52,14608,81113092.0,2.21,1.36,0.73,0.18
1804,2022-06-08,54.71,53.85,54.78,53.33,11549,63741404.0,2.66,-1.16,-0.63,0.14
1805,2022-06-09,53.79,52.0,53.8,51.64,22390,119465032.0,4.01,-3.44,-1.85,0.28
1806,2022-06-10,51.53,52.51,52.6,51.35,19638,104938140.0,2.4,0.98,0.51,0.24
1807,2022-06-13,51.78,52.14,52.7,51.45,15338,81599493.0,2.38,-0.7,-0.37,0.19
1808,2022-06-14,52.09,52.44,52.55,51.36,13209,70277959.0,2.28,0.58,0.3,0.16
1809,2022-06-15,52.75,54.01,55.05,52.13,24277,133876132.0,5.57,2.99,1.57,0.3
1810,2022-06-16,53.75,53.62,54.63,52.76,18486,101494021.0,3.46,-0.72,-0.39,0.23
1811,2022-06-17,53.62,54.97,55.55,52.8,17438,97248294.0,5.13,2.52,1.35,0.22
1812,2022-06-20,55.23,55.96,56.5,55.05,14694,83976045.0,2.64,1.8,0.99,0.18
1813,2022-06-21,55.96,55.05,56.23,54.46,16074,90757095.0,3.16,-1.63,-0.91,0.2
1814,2022-06-22,55.05,53.01,55.05,52.84,23054,126140269.0,4.01,-3.71,-2.04,0.29
1815,2022-06-23,53.21,53.36,54.0,52.67,12832,69955750.0,2.51,0.66,0.35,0.16
1816,2022-06-24,53.37,55.25,55.75,53.37,24233,136016417.0,4.46,3.54,1.89,0.3
1817,2022-06-27,55.38,56.04,56.64,54.77,15238,87186234.0,3.38,1.43,0.79,0.19
1818,2022-06-28,56.06,55.98,56.34,54.56,10522,59684424.0,3.18,-0.11,-0.06,0.13
1819,2022-06-29,56.0,54.73,56.23,54.72,12838,72562619.0,2.7,-2.23,-1.25,0.16
1820,2022-06-30,54.64,55.09,55.35,54.05,15580,87409100.0,2.38,0.66,0.36,0.19
1821,2022-07-01,54.76,53.85,55.65,53.3,17991,99807722.0,4.27,-2.25,-1.24,0.22
1822,2022-07-04,53.86,55.09,55.55,53.26,24485,136882754.0,4.25,2.3,1.24,0.3
1823,2022-07-05,55.16,54.16,56.01,53.5,13825,76790040.0,4.56,-1.69,-0.93,0.17
1824,2022-07-06,54.15,53.23,54.34,52.76,15216,82945026.0,2.92,-1.72,-0.93,0.19
1825,2022-07-07,53.29,53.41,53.92,52.85,9974,54589222.0,2.01,0.34,0.18,0.12
1826,2022-07-08,53.51,52.95,54.16,52.75,10883,59296903.88,2.64,-0.86,-0.46,0.13
1827,2022-07-11,52.85,53.15,53.29,52.06,10270,55519795.79,2.32,0.38,0.2,0.13
1828,2022-07-12,53.46,52.4,54.31,52.15,12163,65858478.99,4.06,-1.41,-0.75,0.15
1829,2022-07-13,52.02,51.87,53.13,51.77,9742,52134420.8,2.6,-1.01,-0.53,0.12
1830,2022-07-14,52.65,51.25,53.96,50.75,30615,161992066.71,6.19,-1.2,-0.62,0.38
1831,2022-07-15,50.92,51.02,52.69,50.46,17926,94789869.75,4.35,-0.45,-0.23,0.22
1832,2022-07-18,51.08,51.43,51.88,50.08,12395,64768468.49,3.53,0.8,0.41,0.15
1833,2022-07-19,51.55,51.67,52.23,51.14,7096,37476617.68,2.12,0.47,0.24,0.09
1834,2022-07-20,51.55,51.94,52.7,51.48,8200,43711664.69,2.36,0.52,0.27,0.1
1835,2022-07-21,51.42,47.4,51.42,46.87,90327,441282983.72,8.76,-8.74,-4.54,1.12
1836,2022-07-22,47.08,45.38,47.08,44.6,78287,364378759.02,5.23,-4.26,-2.02,0.97
1837,2022-07-25,45.37,45.51,45.95,44.5,32997,153470982.91,3.2,0.29,0.13,0.41
1838,2022-07-26,44.98,45.99,46.5,44.98,27445,129198680.83,3.34,1.05,0.48,0.34
1839,2022-07-27,46.06,46.43,47.03,45.55,28274,134893714.14,3.22,0.96,0.44,0.35
1840,2022-07-28,46.76,46.4,47.14,46.15,23668,112895542.99,2.13,-0.06,-0.03,0.29
1841,2022-07-29,46.11,45.68,46.32,45.48,16838,79148059.92,1.81,-1.55,-0.72,0.21
1842,2022-08-01,45.43,44.55,45.64,44.15,42808,195851222.01,3.26,-2.47,-1.13,0.53
1843,2022-08-02,43.95,43.42,44.34,43.04,28951,129780975.61,2.92,-2.54,-1.13,0.36
1844,2022-08-03,43.08,42.39,44.13,42.31,32298,142751142.14,4.19,-2.37,-1.03,0.4
1845,2022-08-04,42.71,42.87,43.1,42.19,18562,81554749.23,2.15,1.13,0.48,0.23
1846,2022-08-05,43.08,43.76,43.93,42.55,19787,88265773.57,3.22,2.08,0.89,0.25
1847,2022-08-08,43.67,43.95,44.48,43.51,13575,61384412.7,2.22,0.43,0.19,0.17
1848,2022-08-09,44.04,43.34,44.04,43.05,16571,73855816.5,2.25,-1.39,-0.61,0.21
1849,2022-08-10,43.35,42.82,43.63,42.62,11293,49984640.28,2.33,-1.2,-0.52,0.14
1850,2022-08-11,43.08,44.0,44.13,42.94,19491,87623868.99,2.78,2.76,1.18,0.24
1851,2022-08-12,43.95,44.11,44.23,43.59,12990,58761772.07,1.45,0.25,0.11,0.16
1852,2022-08-15,44.03,43.45,44.03,43.35,14840,66559951.77,1.54,-1.5,-0.66,0.18
1853,2022-08-16,43.55,43.55,43.95,43.36,9180,41202802.16,1.36,0.23,0.1,0.11
1854,2022-08-17,43.62,43.91,44.13,43.03,11781,52970849.44,2.53,0.83,0.36,0.15
1855,2022-08-18,43.91,43.48,43.95,43.47,8809,39502024.5,1.09,-0.98,-0.43,0.11
1856,2022-08-19,43.54,43.66,44.0,43.27,11376,51237598.76,1.68,0.41,0.18,0.14
1857,2022-08-22,43.66,43.7,44.08,43.27,13083,58884652.3,1.86,0.09,0.04,0.16
1858,2022-08-23,43.3,43.06,43.64,42.75,15977,70711223.17,2.04,-1.46,-0.64,0.2
1859,2022-08-24,43.14,42.55,43.14,42.33,15485,67930353.08,1.88,-1.18,-0.51,0.19
1860,2022-08-25,42.61,43.78,43.8,42.45,17260,76958992.16,3.17,2.89,1.23,0.21
1861,2022-08-26,43.81,43.51,44.69,43.35,16912,76276930.48,3.06,-0.62,-0.27,0.21
1862,2022-08-29,43.15,43.72,43.9,42.78,11363,50821815.0,2.57,0.48,0.21,0.14
1863,2022-08-30,43.71,43.98,44.62,43.55,11960,54215233.37,2.45,0.59,0.26,0.15
1864,2022-08-31,43.98,44.6,45.01,43.47,27002,123671618.63,3.5,1.41,0.62,0.33
1865,2022-09-01,44.86,44.72,45.56,44.32,28458,131448524.73,2.78,0.27,0.12,0.35
1866,2022-09-02,44.6,44.55,44.73,44.09,21554,98387848.58,1.43,-0.38,-0.17,0.27
1867,2022-09-05,44.34,43.85,44.51,43.13,24814,111774047.72,3.1,-1.57,-0.7,0.31
1868,2022-09-06,43.89,44.62,45.02,43.88,15647,71629317.78,2.6,1.76,0.77,0.19
1869,2022-09-07,44.61,44.32,44.68,43.98,9023,41049492.37,1.57,-0.67,-0.3,0.11
1870,2022-09-08,44.37,44.35,44.63,44.01,8387,38234017.71,1.4,0.07,0.03,0.1
1871,2022-09-09,44.12,45.45,45.51,44.12,18079,83900531.54,3.13,2.48,1.1,0.22
1872,2022-09-13,45.47,45.66,45.93,45.07,15561,72832685.96,1.89,0.46,0.21,0.19
1873,2022-09-14,45.25,46.15,46.23,44.55,19112,89825978.51,3.68,1.07,0.49,0.24
1874,2022-09-15,46.15,45.89,47.36,45.5,32667,156001770.6,4.03,-0.56,-0.26,0.4
1875,2022-09-16,45.79,44.75,46.74,44.75,15218,70947934.9,4.34,-2.48,-1.14,0.19
1876,2022-09-19,44.53,45.44,45.49,43.9,12907,59727901.79,3.55,1.54,0.69,0.16
1877,2022-09-20,45.52,44.65,45.87,44.38,14107,65030954.45,3.28,-1.74,-0.79,0.17
1878,2022-09-21,44.65,44.34,45.11,43.75,13728,62592814.72,3.05,-0.69,-0.31,0.17
1879,2022-09-22,43.98,42.75,44.03,42.75,20365,90576199.56,2.89,-3.59,-1.59,0.25
1880,2022-09-23,42.96,43.09,43.53,42.35,13173,58345896.73,2.76,0.8,0.34,0.16
1881,2022-09-26,42.81,43.97,45.06,42.47,15984,72276758.1,6.01,2.04,0.88,0.2
1882,2022-09-27,44.28,44.79,44.8,43.56,10480,47627114.21,2.82,1.86,0.82,0.13
1883,2022-09-28,44.43,44.77,45.38,44.3,10734,49539926.76,2.41,-0.04,-0.02,0.13
1884,2022-09-29,45.3,44.23,45.3,43.93,9114,41685060.36,3.06,-1.21,-0.54,0.11
1885,2022-09-30,44.24,44.88,45.3,43.32,19486,89363275.23,4.48,1.47,0.65,0.24
1886,2022-10-10,44.88,44.49,46.05,43.82,22885,104697358.5,4.97,-0.87,-0.39,0.28
1887,2022-10-11,44.27,43.57,44.55,43.28,12018,54189277.34,2.85,-2.07,-0.92,0.15
1888,2022-10-12,43.35,43.87,44.01,42.75,10167,45267819.27,2.89,0.69,0.3,0.13
1889,2022-10-13,43.86,45.5,45.7,43.42,25651,119045693.03,5.2,3.72,1.63,0.32
1890,2022-10-14,45.57,45.08,45.72,44.96,19119,88896707.87,1.67,-0.92,-0.42,0.24
1891,2022-10-17,44.85,45.08,45.42,44.53,13167,60948650.14,1.97,0.0,0.0,0.16
1892,2022-10-18,45.22,44.53,45.31,44.18,17424,79779338.42,2.51,-1.22,-0.55,0.22
1893,2022-10-19,43.98,43.55,44.6,43.55,14461,65414849.91,2.36,-2.2,-0.98,0.18
1894,2022-10-20,43.26,42.82,43.76,42.79,10885,48387058.88,2.23,-1.68,-0.73,0.13
1895,2022-10-21,42.94,41.66,42.95,41.35,16076,69474709.93,3.74,-2.71,-1.16,0.2
1896,2022-10-24,41.52,40.75,41.52,40.05,18638,77858159.4,3.53,-2.18,-0.91,0.23
1897,2022-10-25,40.39,40.95,41.81,39.57,19052,79833548.97,5.5,0.49,0.2,0.24
1898,2022-10-26,40.95,41.02,41.91,40.89,13967,59611665.61,2.49,0.17,0.07,0.17
1899,2022-10-27,40.82,40.59,41.01,40.33,8361,34999321.15,1.66,-1.05,-0.43,0.1
1900,2022-10-28,40.45,39.6,40.58,39.5,9017,37079237.22,2.66,-2.44,-0.99,0.11
1901,2022-10-31,39.35,38.76,40.02,38.75,11263,45485239.72,3.21,-2.12,-0.84,0.14
1902,2022-11-01,38.81,40.25,40.25,38.81,13862,56531190.31,3.72,3.84,1.49,0.17
1903,2022-11-02,40.25,40.41,41.15,39.75,10593,44179545.17,3.48,0.4,0.16,0.13
1904,2022-11-03,40.43,40.51,40.6,39.83,7484,31061712.8,1.91,0.25,0.1,0.09
1905,2022-11-04,40.26,41.71,41.85,40.23,19275,82083712.62,4.0,2.96,1.2,0.24
1906,2022-11-07,41.71,41.75,42.1,41.05,14819,63397768.87,2.52,0.1,0.04,0.18
1907,2022-11-08,41.64,41.35,41.75,40.96,9743,41330495.34,1.89,-0.96,-0.4,0.12
1908,2022-11-09,41.53,41.27,42.2,41.2,8130,34858344.97,2.42,-0.19,-0.08,0.1
1909,2022-11-10,40.93,41.4,41.55,40.75,6568,27913887.48,1.94,0.31,0.13,0.08
1910,2022-11-11,42.15,42.62,43.54,41.65,16701,72881635.02,4.57,2.95,1.22,0.21
1911,2022-11-14,42.93,43.52,44.35,42.89,16361,73622664.4,3.43,2.11,0.9,0.2
1912,2022-11-15,43.5,44.28,44.5,43.05,16116,73161349.75,3.33,1.75,0.76,0.2
1913,2022-11-16,44.28,44.35,44.95,44.19,9510,43567413.28,1.72,0.16,0.07,0.12
1914,2022-11-17,44.43,44.86,44.94,44.05,10057,46100920.21,2.01,1.15,0.51,0.12
1915,2022-11-18,44.86,44.05,45.22,44.02,9446,43173513.71,2.67,-1.81,-0.81,0.12
1916,2022-11-21,44.0,44.23,44.32,43.11,13760,61928554.49,2.75,0.41,0.18,0.17
1917,2022-11-22,44.07,43.6,44.68,43.46,8718,39227084.73,2.76,-1.42,-0.63,0.11
1918,2022-11-23,43.74,43.21,43.82,42.88,9015,40168930.13,2.16,-0.89,-0.39,0.11
1919,2022-11-24,43.22,43.73,44.02,42.92,6739,30187692.36,2.55,1.2,0.52,0.08
1920,2022-11-25,43.94,43.93,44.88,43.32,8857,40196227.26,3.57,0.46,0.2,0.11
1921,2022-11-28,43.75,43.83,43.9,42.95,9362,41923380.0,2.16,-0.23,-0.1,0.12
1922,2022-11-29,44.21,44.94,45.48,44.1,13444,61929543.8,3.15,2.53,1.11,0.17
1923,2022-11-30,44.78,44.58,45.41,44.26,17232,79203384.67,2.56,-0.8,-0.36,0.21
1924,2022-12-01,44.95,45.47,45.68,44.81,14185,66168742.7,1.95,2.0,0.89,0.18
1925,2022-12-02,45.43,45.64,45.95,45.32,12087,56659292.29,1.39,0.37,0.17,0.15
1926,2022-12-05,45.75,46.97,47.13,45.64,19381,93044263.81,3.26,2.91,1.33,0.24
1927,2022-12-06,46.97,47.2,47.85,45.38,24523,115632395.64,5.26,0.49,0.23,0.3
1928,2022-12-07,47.2,47.15,47.55,46.5,9685,45618428.7,2.22,-0.11,-0.05,0.12
1929,2022-12-08,47.2,47.49,47.75,46.9,10025,47534702.28,1.8,0.72,0.34,0.12
1930,2022-12-09,47.5,49.5,49.6,47.21,24817,121037426.29,5.03,4.23,2.01,0.31
1931,2022-12-12,49.04,49.38,49.8,48.77,14910,73626562.02,2.08,-0.24,-0.12,0.19
1932,2022-12-13,48.69,49.66,49.99,48.69,13072,64595165.27,2.63,0.57,0.28,0.16
1933,2022-12-14,49.25,50.25,50.6,49.11,24730,123644070.22,3.0,1.19,0.59,0.31
1934,2022-12-15,50.24,49.7,50.92,49.62,10150,50753403.82,2.59,-1.09,-0.55,0.13
1935,2022-12-16,49.9,50.14,50.48,49.6,5927,29625003.45,1.77,0.89,0.44,0.07
1936,2022-12-19,50.12,49.5,50.83,49.24,7715,38389899.39,3.17,-1.28,-0.64,0.1
1937,2022-12-20,49.55,49.1,50.0,48.6,10265,50413571.45,2.83,-0.81,-0.4,0.13
1938,2022-12-21,50.18,48.99,50.3,48.61,7208,35374457.03,3.44,-0.22,-0.11,0.09
1939,2022-12-22,49.4,48.99,50.12,48.73,12736,62787808.37,2.84,0.0,0.0,0.16
1940,2022-12-23,49.07,48.3,49.37,48.03,8065,39139738.0,2.74,-1.41,-0.69,0.1
1941,2022-12-26,48.96,48.3,49.35,48.11,6833,33127153.76,2.57,0.0,0.0,0.08
1942,2022-12-27,48.31,49.81,49.96,48.28,7246,35798216.8,3.48,3.13,1.51,0.09
1943,2022-12-28,49.49,50.28,50.5,49.4,10272,51518418.31,2.21,0.94,0.47,0.13
1944,2022-12-29,50.28,49.75,50.78,49.4,6536,32540623.4,2.74,-1.05,-0.53,0.08
1945,2022-12-30,49.72,49.46,50.49,48.9,11367,56153298.94,3.2,-0.58,-0.29,0.14
