,日期,开盘,收盘,最高,最低,成交量,成交额,振幅,涨跌幅,涨跌额,换手率
0,2015-12-08,4.59,4.59,4.59,4.59,1484,2160267.0,0.0,10.34,0.43,0.03
1,2015-12-09,5.07,5.07,5.07,5.07,346,554356.0,0.0,10.46,0.48,0.01
2,2015-12-10,5.59,5.59,5.59,5.59,796,1401847.0,0.0,10.26,0.52,0.01
3,2015-12-11,6.16,6.16,6.16,6.16,784,1519469.0,0.0,10.2,0.57,0.01
4,2015-12-14,6.79,6.79,6.79,6.79,417,889214.0,0.0,10.23,0.63,0.01
5,2015-12-15,7.48,7.48,7.48,7.48,827,1939549.0,0.0,10.16,0.69,0.01
6,2015-12-16,8.25,8.25,8.25,8.25,284,733597.0,0.0,10.29,0.77,0.01
7,2015-12-22,9.09,9.09,9.09,9.09,910,2583261.0,0.0,10.18,0.84,0.02
8,2015-12-23,10.01,10.01,10.01,10.01,893,2787883.0,0.0,10.12,0.92,0.02
9,2015-12-24,11.03,11.03,11.03,11.03,862,2959009.0,0.0,10.19,1.02,0.02
10,2015-12-25,12.15,12.15,12.15,12.15,1490,5627805.0,0.0,10.15,1.12,0.03
11,2015-12-28,13.38,13.38,13.38,12.55,561132,2299202864.0,6.83,10.12,1.23,9.91
12,2015-12-30,12.55,12.13,12.99,12.06,311560,1205871504.0,6.95,-9.34,-1.25,5.5
13,2015-12-31,12.32,10.93,12.5,10.9,313169,1119987888.0,13.19,-9.89,-1.2,5.53
14,2016-01-04,10.59,9.83,10.79,9.83,180655,571707392.0,8.78,-10.06,-1.1,3.19
15,2016-01-05,9.46,9.7,10.1,9.1,239506,722469280.0,10.17,-1.32,-0.13,4.23
16,2016-01-06,9.61,9.81,10.35,9.41,266026,820590144.0,9.69,1.13,0.11,4.7
17,2016-01-07,9.23,8.81,9.23,8.81,55287,154509939.0,4.28,-10.19,-1.0,0.98
18,2016-01-08,8.64,8.18,8.8,7.92,275419,709251184.0,9.99,-7.15,-0.63,4.87
19,2016-01-11,7.67,7.35,8.02,7.35,192330,462034256.0,8.19,-10.15,-0.83,3.4
20,2016-01-12,7.53,8.11,8.11,7.41,243754,610869776.0,9.52,10.34,0.76,4.31
21,2016-01-13,8.36,7.66,8.47,7.66,289198,730666288.0,9.99,-5.55,-0.45,5.11
22,2016-01-14,7.27,8.05,8.28,7.02,251371,612146080.0,16.45,5.09,0.39,4.44
23,2016-01-15,7.7,7.71,8.11,7.62,193077,472075360.0,6.09,-4.22,-0.34,3.41
24,2016-01-18,7.54,8.11,8.43,7.44,219882,555938240.0,12.84,5.19,0.4,3.88
25,2016-01-19,7.99,8.3,8.38,7.71,245768,618342000.0,8.26,2.34,0.19,4.34
26,2016-01-20,8.22,8.5,8.82,8.05,281265,742049072.0,9.28,2.41,0.2,4.97
27,2016-01-21,8.21,7.64,8.37,7.64,230944,579814176.0,8.59,-10.12,-0.86,4.08
28,2016-01-22,7.75,7.66,7.88,7.17,170159,404313280.0,9.29,0.26,0.02,3.01
29,2016-01-25,7.76,7.68,7.92,7.57,123319,298301472.0,4.57,0.26,0.02,2.18
30,2016-01-26,7.46,6.89,7.53,6.89,151194,338447904.0,8.33,-10.29,-0.79,2.67
31,2016-01-27,6.96,6.91,7.01,6.49,142271,301546432.0,7.55,0.29,0.02,2.51
32,2016-01-28,6.72,6.2,6.86,6.2,127160,261511421.0,9.55,-10.27,-0.71,2.25
33,2016-01-29,6.21,6.51,6.61,6.13,139351,282095280.0,7.74,5.0,0.31,2.46
34,2016-02-01,6.49,6.43,6.7,6.23,104311,213205218.0,7.22,-1.23,-0.08,1.84
35,2016-02-02,6.44,7.08,7.08,6.44,131570,284692400.0,9.95,10.11,0.65,2.32
36,2016-02-03,6.88,6.98,7.05,6.68,178563,385133344.0,5.23,-1.41,-0.1,3.15
37,2016-02-04,7.01,7.04,7.29,6.93,153929,341745408.0,5.16,0.86,0.06,2.72
38,2016-02-05,7.01,6.68,7.12,6.65,99839,216106902.0,6.68,-5.11,-0.36,1.76
39,2016-02-15,6.29,6.59,6.68,6.27,94130,191709457.0,6.14,-1.35,-0.09,1.66
40,2016-02-16,6.69,7.15,7.26,6.67,175844,389124320.0,8.95,8.5,0.56,3.11
41,2016-02-17,7.01,7.38,7.49,6.98,203527,462055920.0,7.13,3.22,0.23,3.6
42,2016-02-18,7.41,7.4,7.46,7.17,171643,392925504.0,3.93,0.27,0.02,3.03
43,2016-02-19,7.34,7.39,7.5,7.25,121977,280850592.0,3.38,-0.14,-0.01,2.16
44,2016-02-22,7.5,7.68,7.94,7.5,183509,443545072.0,5.95,3.92,0.29,3.24
45,2016-02-23,7.66,7.52,7.79,7.43,131409,311492368.0,4.69,-2.08,-0.16,2.32
46,2016-02-24,7.51,8.29,8.29,7.5,343532,872812976.0,10.51,10.24,0.77,6.07
47,2016-02-25,8.42,8.3,9.09,8.18,404197,1079349312.0,10.98,0.12,0.01,7.14
48,2016-02-26,8.42,7.74,8.61,7.68,257269,653314304.0,11.2,-6.75,-0.56,4.55
49,2016-02-29,7.52,6.95,7.53,6.95,146910,324289440.0,7.49,-10.21,-0.79,2.6
50,2016-03-01,6.62,6.81,7.1,6.32,159424,333894896.0,11.22,-2.01,-0.14,2.82
51,2016-03-02,6.85,7.1,7.22,6.81,145488,320045936.0,6.02,4.26,0.29,2.57
52,2016-03-03,7.06,7.12,7.53,6.96,158639,362503568.0,8.03,0.28,0.02,2.8
53,2016-03-04,7.17,6.68,7.33,6.49,131906,286722256.0,11.8,-6.18,-0.44,2.33
54,2016-03-07,6.79,6.8,7.04,6.72,85830,185143655.0,4.79,1.8,0.12,1.52
55,2016-03-08,6.69,6.74,6.8,6.3,102802,211189743.0,7.35,-0.88,-0.06,1.82
56,2016-03-09,6.6,6.68,7.01,6.56,95636,203472550.0,6.68,-0.89,-0.06,1.69
57,2016-03-10,6.74,6.64,6.94,6.58,80871,171477283.0,5.39,-0.6,-0.04,1.43
58,2016-03-11,6.45,6.52,6.61,6.36,66929,136558650.0,3.77,-1.81,-0.12,1.18
59,2016-03-14,6.64,6.9,6.99,6.61,119948,258298171.0,5.83,5.83,0.38,2.12
60,2016-03-15,6.82,6.66,6.91,6.65,78875,167728277.0,3.77,-3.48,-0.24,1.39
61,2016-03-16,6.85,6.56,6.89,6.43,65067,135777513.0,6.91,-1.5,-0.1,1.15
62,2016-03-17,6.57,6.81,6.95,6.57,117181,249559237.0,5.79,3.81,0.25,2.07
63,2016-03-18,6.91,7.34,7.5,6.87,190996,430985488.0,9.25,7.78,0.53,3.37
64,2016-03-21,7.7,7.48,7.73,7.35,153066,359234064.0,5.18,1.91,0.14,2.7
65,2016-03-22,7.43,7.76,8.02,7.29,181819,434280576.0,9.76,3.74,0.28,3.21
66,2016-03-23,7.6,7.66,7.76,7.5,124940,297995312.0,3.35,-1.29,-0.1,2.21
67,2016-03-24,7.52,7.3,7.55,7.28,130548,303484528.0,3.52,-4.7,-0.36,2.31
68,2016-03-25,7.48,7.43,7.54,7.26,99376,230743118.0,3.84,1.78,0.13,1.76
69,2016-03-28,7.44,7.47,7.71,7.4,106969,254049245.0,4.17,0.54,0.04,1.89
70,2016-03-29,7.35,7.17,7.43,7.07,77619,176003005.0,4.82,-4.02,-0.3,1.37
71,2016-03-30,7.24,7.45,7.45,7.19,89293,204485648.0,3.63,3.91,0.28,1.58
72,2016-03-31,7.54,7.99,7.99,7.46,192093,463374640.0,7.11,7.25,0.54,3.39
73,2016-04-01,7.87,7.71,7.92,7.6,125515,304002720.0,4.01,-3.5,-0.28,2.22
74,2016-04-05,7.67,7.9,7.98,7.67,118472,290596800.0,4.02,2.46,0.19,2.09
75,2016-04-06,7.81,7.8,7.87,7.61,103913,252241011.0,3.29,-1.27,-0.1,1.84
76,2016-04-07,7.83,7.9,8.23,7.83,192596,483437200.0,5.13,1.28,0.1,3.4
77,2016-04-08,7.76,7.66,7.79,7.52,102030,244585942.0,3.42,-3.04,-0.24,1.8
78,2016-04-11,7.78,7.75,7.92,7.68,87187,212988899.0,3.13,1.17,0.09,1.54
79,2016-04-12,7.67,7.61,7.82,7.5,79908,190402624.0,4.13,-1.81,-0.14,1.41
80,2016-04-13,7.66,7.72,7.92,7.63,99673,242540938.0,3.81,1.45,0.11,1.76
81,2016-04-14,7.87,7.9,8.11,7.81,126075,313097072.0,3.89,2.33,0.18,2.23
82,2016-04-15,7.9,7.81,7.96,7.74,73901,180563669.0,2.78,-1.14,-0.09,1.31
83,2016-04-18,7.79,7.85,8.05,7.73,94734,233889984.0,4.1,0.51,0.04,1.67
84,2016-04-19,7.87,7.73,7.95,7.67,69909,169712542.0,3.57,-1.53,-0.12,1.24
85,2016-04-20,7.79,7.01,7.79,6.94,138233,314239936.0,11.0,-9.31,-0.72,2.44
86,2016-04-21,7.03,6.79,7.07,6.76,72820,158369140.0,4.42,-3.14,-0.22,1.29
87,2016-04-22,6.85,7.06,7.07,6.77,58129,126974474.0,4.42,3.98,0.27,1.03
88,2016-04-25,7.09,7.25,7.39,6.89,79379,178645631.0,7.08,2.69,0.19,1.4
89,2016-04-26,7.25,7.27,7.37,7.15,41709,94486324.0,3.03,0.28,0.02,0.74
90,2016-04-27,7.33,7.26,7.41,7.24,42013,96152166.0,2.34,-0.14,-0.01,0.74
91,2016-04-28,7.26,7.17,7.3,7.06,38000,85301068.0,3.31,-1.24,-0.09,0.67
92,2016-04-29,7.23,7.17,7.3,7.13,37365,84442582.0,2.37,0.0,0.0,0.66
93,2016-05-03,7.24,7.36,7.37,7.15,49491,113302060.0,3.07,2.65,0.19,0.87
94,2016-05-04,7.29,7.28,7.38,7.24,50001,114320961.0,1.9,-1.09,-0.08,0.88
95,2016-05-05,7.27,7.86,7.95,7.24,165596,402784976.0,9.75,7.97,0.58,2.93
96,2016-05-06,7.76,7.53,7.79,7.25,170650,405920608.0,6.87,-4.2,-0.33,3.02
97,2016-05-09,7.4,7.07,7.4,7.01,77557,174150349.0,5.18,-6.11,-0.46,1.37
98,2016-05-10,7.07,7.0,7.14,6.91,41332,90882845.0,3.25,-0.99,-0.07,0.73
99,2016-05-11,7.0,6.59,7.08,6.58,74579,158855264.0,7.14,-5.86,-0.41,1.32
100,2016-05-12,6.45,6.96,7.07,5.93,128844,264256813.0,17.3,5.61,0.37,2.28
101,2016-05-13,6.82,6.85,7.01,6.65,93952,201044378.0,5.17,-1.58,-0.11,1.66
102,2016-05-16,6.9,6.88,6.95,6.79,31040,66737304.0,2.34,0.44,0.03,0.55
103,2016-05-17,6.91,6.93,7.15,6.85,59670,131214814.0,4.36,0.73,0.05,1.05
104,2016-05-18,6.85,6.72,6.91,6.58,55239,117109920.0,4.76,-3.03,-0.21,0.98
105,2016-05-19,6.64,6.58,6.96,6.53,83291,176605277.0,6.4,-2.08,-0.14,1.47
106,2016-05-20,6.47,6.46,6.57,6.35,50054,101583487.0,3.34,-1.82,-0.12,0.88
107,2016-05-23,6.51,6.75,6.9,6.46,88573,186421543.0,6.81,4.49,0.29,1.56
108,2016-05-24,6.65,6.59,6.73,6.52,43400,90077041.0,3.11,-2.37,-0.16,0.77
109,2016-05-25,6.66,6.4,6.68,6.32,58401,118517812.0,5.46,-2.88,-0.19,1.03
110,2016-05-26,6.36,6.32,6.46,6.17,56714,111908459.0,4.53,-1.25,-0.08,1.0
111,2016-05-27,6.27,6.26,6.36,6.22,36071,71512953.0,2.22,-0.95,-0.06,0.64
112,2016-05-30,6.2,6.13,6.31,6.1,55674,107899663.0,3.35,-2.08,-0.13,0.98
113,2016-05-31,6.2,6.42,6.44,6.17,75622,150700658.0,4.4,4.73,0.29,1.34
114,2016-06-01,6.42,6.46,6.54,6.36,63681,129352402.0,2.8,0.62,0.04,1.13
115,2016-06-02,6.43,6.51,6.54,6.41,50929,103706074.0,2.01,0.77,0.05,0.9
116,2016-06-03,6.52,6.5,6.58,6.43,57306,116767387.0,2.3,-0.15,-0.01,1.01
117,2016-06-06,6.53,6.58,6.64,6.5,63353,130744494.0,2.15,1.23,0.08,1.12
118,2016-06-07,6.59,6.46,6.62,6.43,45068,91633334.0,2.89,-1.82,-0.12,0.8
119,2016-06-08,6.47,6.42,6.47,6.32,41301,82911696.0,2.32,-0.62,-0.04,0.73
120,2016-06-13,6.36,5.99,6.36,5.99,61697,120356836.0,5.76,-6.7,-0.43,1.09
121,2016-06-14,6.04,6.02,6.11,5.95,34678,65744756.0,2.67,0.5,0.03,0.61
122,2016-06-15,5.9,6.14,6.21,5.9,57440,110371913.0,5.15,1.99,0.12,1.01
123,2016-06-16,6.13,6.04,6.23,6.0,43113,83067671.0,3.75,-1.63,-0.1,0.76
124,2016-06-17,6.0,6.01,6.16,5.9,82924,157310361.0,4.3,-0.5,-0.03,1.47
125,2016-06-20,6.02,6.06,6.09,5.92,46983,88806326.0,2.83,0.83,0.05,0.83
126,2016-06-21,6.1,5.95,6.12,5.91,49755,94155054.0,3.47,-1.82,-0.11,0.88
127,2016-06-22,5.95,6.0,6.0,5.9,40956,76662500.0,1.68,0.84,0.05,0.72
128,2016-06-23,5.87,5.66,5.87,5.58,142271,254497447.0,4.83,-5.67,-0.34,2.51
129,2016-06-24,5.66,5.45,5.69,5.16,119396,206200098.0,9.36,-3.71,-0.21,2.11
130,2016-06-27,5.38,5.65,5.67,5.36,83585,147767827.0,5.69,3.67,0.2,1.48
131,2016-06-28,5.63,5.82,5.86,5.58,85814,156233785.0,4.96,3.01,0.17,1.52
132,2016-06-29,5.88,5.83,6.02,5.81,86594,161316613.0,3.61,0.17,0.01,1.53
133,2016-06-30,5.87,5.88,5.9,5.75,55861,102704279.0,2.57,0.86,0.05,0.99
134,2016-07-01,5.93,6.2,6.47,5.89,141584,277941104.0,9.86,5.44,0.32,2.5
135,2016-07-04,6.05,6.22,6.41,6.05,101523,200177425.0,5.81,0.32,0.02,1.79
136,2016-07-05,6.23,6.18,6.34,6.13,73500,143667400.0,3.38,-0.64,-0.04,1.3
137,2016-07-06,6.21,6.12,6.21,6.1,50583,97589776.0,1.78,-0.97,-0.06,0.89
138,2016-07-07,6.15,6.07,6.15,5.97,62482,118603741.0,2.94,-0.82,-0.05,1.1
139,2016-07-08,6.07,6.05,6.1,5.97,58365,110735954.0,2.14,-0.33,-0.02,1.03
140,2016-07-11,6.05,5.95,6.11,5.93,52305,99115383.0,2.98,-1.65,-0.1,0.92
141,2016-07-12,5.98,6.15,6.16,5.98,85327,163530860.0,3.03,3.36,0.2,1.51
142,2016-07-13,6.19,6.33,6.34,6.07,128050,250468144.0,4.39,2.93,0.18,2.26
143,2016-07-14,6.43,6.33,6.46,6.2,134558,267480561.0,4.11,0.0,0.0,2.38
144,2016-07-15,6.25,6.21,6.32,6.18,66349,130304250.0,2.21,-1.9,-0.12,1.17
145,2016-07-18,6.25,6.36,6.4,6.16,93071,185185234.0,3.86,2.42,0.15,1.64
146,2016-07-19,6.33,6.32,6.44,6.27,67463,134469809.0,2.67,-0.63,-0.04,1.19
147,2016-07-20,6.35,6.29,6.38,6.28,56288,111890317.0,1.58,-0.47,-0.03,0.99
148,2016-07-21,6.31,6.28,6.36,6.26,46426,92093585.0,1.59,-0.16,-0.01,0.82
149,2016-07-22,6.26,6.15,6.31,6.15,45591,88839867.0,2.55,-2.07,-0.13,0.81
150,2016-07-25,6.18,6.14,6.2,6.09,34601,66818576.0,1.79,-0.16,-0.01,0.61
151,2016-07-26,6.05,6.17,6.19,6.05,32799,63403434.0,2.28,0.49,0.03,0.58
152,2016-07-27,6.17,5.82,6.25,5.8,79056,148955487.0,7.29,-5.67,-0.35,1.4
153,2016-07-28,5.8,5.75,5.91,5.64,44671,81057009.0,4.64,-1.2,-0.07,0.79
154,2016-07-29,5.75,5.71,5.82,5.71,29049,52721656.0,1.91,-0.7,-0.04,0.51
155,2016-08-01,5.71,5.66,5.75,5.58,32764,58209277.0,2.98,-0.88,-0.05,0.58
156,2016-08-02,5.66,5.76,5.76,5.62,24662,44339092.0,2.47,1.77,0.1,0.44
157,2016-08-03,5.7,5.73,5.79,5.7,24715,44741941.0,1.56,-0.52,-0.03,0.44
158,2016-08-04,5.73,5.81,5.83,5.73,37651,68634821.0,1.75,1.4,0.08,0.67
159,2016-08-05,5.82,5.77,5.83,5.75,27049,49183660.0,1.38,-0.69,-0.04,0.48
160,2016-08-08,5.79,6.16,6.19,5.75,80006,151114872.0,7.63,6.76,0.39,1.41
161,2016-08-09,6.11,6.13,6.22,6.1,41484,80306297.0,1.95,-0.49,-0.03,0.73
162,2016-08-10,6.16,6.07,6.18,6.06,28102,53909262.0,1.96,-0.98,-0.06,0.5
163,2016-08-11,6.06,6.09,6.21,6.02,46400,89544638.0,3.13,0.33,0.02,0.82
164,2016-08-12,6.07,6.15,6.16,6.04,35883,69168633.0,1.97,0.99,0.06,0.63
165,2016-08-15,6.18,6.28,6.32,6.13,77995,153477242.0,3.09,2.11,0.13,1.38
166,2016-08-16,6.28,6.65,6.9,6.28,148369,310590288.0,9.87,5.89,0.37,2.62
167,2016-08-17,6.62,6.65,6.83,6.58,81204,170436287.0,3.76,0.0,0.0,1.43
168,2016-08-18,6.61,6.87,6.93,6.61,122605,263385349.0,4.81,3.31,0.22,2.17
169,2016-08-19,6.9,7.48,7.54,6.9,205229,470576496.0,9.32,8.88,0.61,3.63
170,2016-08-22,7.5,7.47,7.7,7.26,149134,349949712.0,5.88,-0.13,-0.01,2.64
171,2016-08-23,7.37,8.0,8.11,7.37,198288,482996304.0,9.91,7.1,0.53,3.5
172,2016-08-24,7.96,8.64,8.7,7.85,203868,527041808.0,10.63,8.0,0.64,3.6
173,2016-08-25,8.51,8.45,9.05,8.35,276716,754302016.0,8.1,-2.2,-0.19,4.89
174,2016-10-10,8.34,7.69,8.45,7.59,218654,535381920.0,10.18,-8.99,-0.76,3.72
175,2016-10-11,7.75,7.94,7.97,7.63,191171,467051952.0,4.42,3.25,0.25,3.25
176,2016-10-12,7.78,7.79,7.92,7.7,95771,232377913.0,2.77,-1.89,-0.15,1.63
177,2016-10-13,7.83,7.71,7.87,7.71,71298,173159594.0,2.05,-1.03,-0.08,1.21
178,2016-10-14,7.63,7.43,7.66,7.4,108178,252247631.0,3.37,-3.63,-0.28,1.84
179,2016-10-17,7.46,7.48,7.57,7.42,66205,154551817.0,2.02,0.67,0.05,1.13
180,2016-10-18,7.48,7.71,7.72,7.45,78789,186634501.0,3.61,3.07,0.23,1.34
181,2016-10-19,7.72,8.25,8.49,7.72,196533,503375328.0,9.99,7.0,0.54,3.34
182,2016-10-20,8.28,8.35,8.41,8.02,123118,317011680.0,4.73,1.21,0.1,2.09
183,2016-10-21,8.35,8.18,8.44,8.12,64829,166169585.0,3.83,-2.04,-0.17,1.1
184,2016-10-24,8.27,9.01,9.01,8.2,193370,527449504.0,9.9,10.15,0.83,3.29
185,2016-10-25,9.01,9.06,9.19,8.84,164945,462265728.0,3.88,0.55,0.05,2.81
186,2016-10-26,9.1,8.99,9.11,8.84,85941,240682866.0,2.98,-0.77,-0.07,1.46
187,2016-10-27,8.91,8.94,9.19,8.86,55379,155050427.0,3.67,-0.56,-0.05,0.94
188,2016-10-28,8.85,8.63,8.96,8.55,78181,211515624.0,4.59,-3.47,-0.31,1.33
189,2016-10-31,8.63,9.14,9.38,8.51,102149,288366000.0,10.08,5.91,0.51,1.74
190,2016-11-01,9.19,9.28,9.36,9.01,84082,242025853.0,3.83,1.53,0.14,1.43
191,2016-11-02,9.18,9.32,9.79,9.16,107680,318340416.0,6.79,0.43,0.04,1.83
192,2016-11-03,9.2,9.38,9.65,9.2,102716,303108000.0,4.83,0.64,0.06,1.75
193,2016-11-04,9.44,9.47,9.53,9.32,65152,190647434.0,2.24,0.96,0.09,1.11
194,2016-11-07,9.51,9.39,9.81,9.33,59255,175271308.0,5.07,-0.84,-0.08,1.01
195,2016-11-08,9.43,9.57,9.61,9.43,49161,145786660.0,1.92,1.92,0.18,0.84
196,2016-11-09,9.5,9.29,9.58,9.12,86869,251853053.0,4.81,-2.93,-0.28,1.48
197,2016-11-10,9.26,9.35,9.51,9.26,48335,141323214.0,2.69,0.65,0.06,0.82
198,2016-11-11,9.35,9.64,9.65,9.22,61793,183541008.0,4.6,3.1,0.29,1.05
199,2016-11-14,9.68,10.62,10.62,9.68,172256,559469680.0,9.75,10.17,0.98,2.93
200,2016-11-15,10.74,11.28,11.6,10.74,149842,517102528.0,8.1,6.21,0.66,2.55
201,2016-11-16,11.37,11.32,11.44,10.98,94729,329748288.0,4.08,0.35,0.04,1.61
202,2016-11-17,11.24,12.13,12.15,11.05,105473,382124528.0,9.72,7.16,0.81,1.79
203,2016-11-18,12.06,11.62,12.33,11.51,114727,423797888.0,6.76,-4.2,-0.51,1.95
204,2016-11-21,11.7,12.19,12.25,11.7,82894,307140960.0,4.73,4.91,0.57,1.41
205,2016-11-22,12.04,12.05,12.29,11.87,81780,306261584.0,3.45,-1.15,-0.14,1.39
206,2016-11-23,12.05,11.62,12.21,11.54,72480,265544212.0,5.56,-3.57,-0.43,1.23
207,2016-11-24,11.73,11.5,11.86,11.37,65936,236414980.0,4.22,-1.03,-0.12,1.12
208,2016-11-25,11.65,11.48,11.73,10.97,75332,264998922.0,6.61,-0.17,-0.02,1.28
209,2016-11-28,11.48,11.75,11.92,11.48,71603,260469392.0,3.83,2.35,0.27,1.22
210,2016-11-29,11.86,11.59,12.09,11.56,61615,226949490.0,4.51,-1.36,-0.16,1.05
211,2016-11-30,11.58,11.84,11.98,11.29,51335,186688491.0,5.95,2.16,0.25,0.87
212,2016-12-01,11.87,12.14,12.18,11.87,55760,208358223.0,2.62,2.53,0.3,0.95
213,2016-12-02,12.19,11.88,12.24,11.86,45393,168778947.0,3.13,-2.14,-0.26,0.77
214,2016-12-05,11.86,12.77,12.87,11.67,90957,350681776.0,10.1,7.49,0.89,1.55
215,2016-12-06,12.99,14.06,14.06,12.94,134005,566981968.0,8.77,10.1,1.29,2.28
216,2016-12-07,14.3,14.2,14.43,13.55,117888,512864032.0,6.26,1.0,0.14,2.01
217,2016-12-08,14.27,13.64,14.27,13.62,71142,307692304.0,4.58,-3.94,-0.56,1.21
218,2016-12-09,13.62,14.56,14.75,13.62,90425,400164640.0,8.28,6.74,0.92,1.54
219,2016-12-12,14.33,14.37,15.67,14.14,114260,525772848.0,10.51,-1.3,-0.19,1.94
220,2016-12-13,14.58,15.28,15.51,14.14,90872,421180320.0,9.53,6.33,0.91,1.55
221,2016-12-14,15.41,15.15,15.61,14.95,62834,295275920.0,4.32,-0.85,-0.13,1.07
222,2017-01-09,16.16,13.62,16.16,13.62,78905,346011296.0,16.77,-10.1,-1.53,1.34
223,2017-01-10,12.58,12.25,12.58,12.25,44876,171803859.0,2.42,-10.06,-1.37,0.76
224,2017-01-11,11.01,11.33,12.74,11.01,285234,1013164704.0,14.12,-7.51,-0.92,4.85
225,2017-01-12,11.11,10.49,11.19,10.41,173977,582471072.0,6.88,-7.41,-0.84,2.96
226,2017-01-13,10.49,10.34,10.91,10.3,105944,347695712.0,5.82,-1.43,-0.15,1.8
227,2017-01-16,10.45,9.66,10.61,9.34,114581,352672752.0,12.28,-6.58,-0.68,1.95
228,2017-01-17,9.58,9.92,10.12,9.32,116332,350281456.0,8.28,2.69,0.26,1.98
229,2017-01-18,9.91,9.52,9.92,9.49,57373,172860667.0,4.33,-4.03,-0.4,0.98
230,2017-01-19,9.45,9.5,9.7,9.35,44624,132358672.0,3.68,-0.21,-0.02,0.76
231,2017-01-20,9.57,9.8,9.95,9.52,49849,151366792.0,4.53,3.16,0.3,0.85
232,2017-01-23,9.77,10.8,10.8,9.71,120667,390034688.0,11.12,10.2,1.0,2.05
233,2017-01-24,10.95,10.83,11.46,10.73,149987,515393008.0,6.76,0.28,0.03,2.55
234,2017-01-25,10.79,10.6,10.93,10.48,74735,247722772.0,4.16,-2.12,-0.23,1.27
235,2017-01-26,10.62,10.68,11.0,10.62,64275,215183493.0,3.58,0.75,0.08,1.09
236,2017-02-03,10.4,10.71,10.78,10.33,32846,108166614.0,4.21,0.28,0.03,0.56
237,2017-02-06,10.8,11.14,11.31,10.62,69526,239465040.0,6.44,4.01,0.43,1.18
238,2017-02-07,10.98,11.13,11.33,10.95,55956,194025278.0,3.41,-0.09,-0.01,0.95
239,2017-02-08,11.21,11.2,11.31,11.02,36489,126700553.0,2.61,0.63,0.07,0.62
240,2017-02-09,11.23,11.21,11.27,11.09,38523,133793312.0,1.61,0.09,0.01,0.66
241,2017-02-10,11.22,10.87,11.22,10.84,49166,167578305.0,3.39,-3.03,-0.34,0.84
242,2017-02-13,10.89,10.63,10.9,10.49,39445,130342784.0,3.77,-2.21,-0.24,0.67
243,2017-02-14,10.68,11.13,11.37,10.68,76588,264728645.0,6.49,4.7,0.5,1.3
244,2017-02-15,11.3,10.9,11.31,10.87,53788,184224872.0,3.95,-2.07,-0.23,0.92
245,2017-02-16,10.85,10.87,11.04,10.82,29699,100636796.0,2.02,-0.28,-0.03,0.51
246,2017-02-17,10.92,11.14,11.32,10.87,79596,274978512.0,4.14,2.48,0.27,1.35
247,2017-02-20,11.16,11.25,11.32,10.99,51450,178683599.0,2.96,0.99,0.11,0.88
248,2017-02-21,11.24,11.39,11.73,11.2,93518,333828480.0,4.71,1.24,0.14,1.59
249,2017-02-22,11.4,11.45,11.49,11.21,47630,167755268.0,2.46,0.53,0.06,0.81
250,2017-02-23,11.45,11.76,11.84,11.35,105839,383038496.0,4.28,2.71,0.31,1.8
251,2017-02-24,11.82,12.13,12.44,11.66,102960,388412944.0,6.63,3.15,0.37,1.75
252,2017-02-27,12.22,11.93,12.32,11.81,64493,239749149.0,4.2,-1.65,-0.2,1.1
253,2017-02-28,11.88,12.07,12.18,11.83,51567,192304992.0,2.93,1.17,0.14,0.88
254,2017-03-01,11.99,11.8,12.15,11.79,54934,202768934.0,2.98,-2.24,-0.27,0.93
255,2017-03-02,11.76,11.57,11.93,11.56,41418,150089745.0,3.14,-1.95,-0.23,0.7
256,2017-03-03,11.58,11.55,11.67,11.41,30242,108442189.0,2.25,-0.17,-0.02,0.51
257,2017-03-06,11.58,11.78,11.81,11.56,39231,142503785.0,2.16,1.99,0.23,0.67
258,2017-03-07,11.81,11.93,12.04,11.78,42771,158186237.0,2.21,1.27,0.15,0.73
259,2017-03-08,12.09,11.72,12.12,11.72,40184,147366320.0,3.35,-1.76,-0.21,0.68
260,2017-03-09,11.72,11.52,11.8,11.5,33522,120174907.0,2.56,-1.71,-0.2,0.57
261,2017-03-10,11.44,11.51,11.6,11.44,20552,73414447.0,1.39,-0.09,-0.01,0.35
262,2017-03-13,11.58,11.28,11.58,11.12,55488,193856662.0,4.0,-2.0,-0.23,0.94
263,2017-03-14,11.08,11.34,11.42,11.08,38581,135524422.0,3.01,0.53,0.06,0.66
264,2017-03-15,11.31,11.2,11.34,11.15,28896,100489840.0,1.68,-1.23,-0.14,0.49
265,2017-03-16,11.16,11.25,11.44,11.16,30912,108784124.0,2.5,0.45,0.05,0.53
266,2017-03-17,11.31,10.97,11.36,10.96,44204,152917777.0,3.56,-2.49,-0.28,0.75
267,2017-03-20,11.05,10.95,11.14,10.79,28314,95936557.0,3.19,-0.18,-0.02,0.48
268,2017-03-21,10.99,11.3,11.47,10.99,47044,164582689.0,4.38,3.2,0.35,0.8
269,2017-03-22,11.28,11.2,11.43,11.18,31915,111703274.0,2.21,-0.88,-0.1,0.54
270,2017-03-23,11.2,11.29,11.32,11.1,20935,72890171.0,1.96,0.8,0.09,0.36
271,2017-03-24,11.35,11.25,11.4,11.13,21905,76300406.0,2.39,-0.35,-0.04,0.37
272,2017-03-27,11.26,11.24,11.27,11.09,24596,85435463.0,1.6,-0.09,-0.01,0.42
273,2017-03-28,11.24,11.19,11.3,11.15,20191,70310079.0,1.33,-0.44,-0.05,0.34
274,2017-03-29,11.19,11.26,11.31,10.95,34828,120061923.0,3.22,0.63,0.07,0.59
275,2017-03-30,11.25,11.14,11.25,10.92,28656,98570339.0,2.93,-1.07,-0.12,0.49
276,2017-03-31,11.11,11.16,11.26,11.05,15208,52668532.0,1.89,0.18,0.02,0.26
277,2017-04-05,11.15,11.87,11.89,11.12,69165,249208820.0,6.9,6.36,0.71,1.18
278,2017-04-06,11.87,12.15,12.25,11.81,86905,325982880.0,3.71,2.36,0.28,1.48
279,2017-04-07,12.15,11.91,12.16,11.88,37843,140517731.0,2.3,-1.98,-0.24,0.64
280,2017-04-10,11.88,12.13,12.25,11.76,57901,217260721.0,4.11,1.85,0.22,0.99
281,2017-04-11,12.13,11.86,12.44,11.81,83277,313525440.0,5.19,-2.23,-0.27,1.42
282,2017-04-12,11.88,11.97,12.14,11.48,44266,163503424.0,5.56,0.93,0.11,0.75
283,2017-04-13,11.99,11.74,12.01,11.58,29457,107743735.0,3.59,-1.92,-0.23,0.5
284,2017-04-14,11.82,11.67,11.82,11.44,33318,119995278.0,3.24,-0.6,-0.07,0.57
285,2017-04-17,11.81,11.52,11.81,11.45,16274,58294015.0,3.08,-1.29,-0.15,0.28
286,2017-04-18,11.53,11.28,11.63,11.24,21999,77839335.0,3.39,-2.08,-0.24,0.37
287,2017-04-19,11.21,11.13,11.4,10.85,30838,105720333.0,4.88,-1.33,-0.15,0.52
288,2017-04-20,11.2,11.11,11.27,11.0,16409,56772473.0,2.43,-0.18,-0.02,0.28
289,2017-04-21,11.11,11.31,11.43,11.04,21172,73982250.0,3.51,1.8,0.2,0.36
290,2017-04-24,11.44,11.12,11.44,11.02,17218,59560545.0,3.71,-1.68,-0.19,0.29
291,2017-04-25,11.11,10.99,11.2,10.94,14432,49564278.0,2.34,-1.17,-0.13,0.25
292,2017-04-26,11.06,9.88,11.14,9.88,75110,236582021.0,11.46,-10.1,-1.11,1.28
293,2017-04-27,9.81,9.84,10.08,9.19,54287,164234283.0,9.01,-0.4,-0.04,0.92
294,2017-04-28,9.88,10.01,10.1,9.71,28145,87376015.0,3.96,1.73,0.17,0.48
295,2017-05-02,9.91,9.96,10.1,9.81,15539,48037320.0,2.9,-0.5,-0.05,0.26
296,2017-05-03,10.0,9.81,10.03,9.69,27181,83078449.0,3.41,-1.51,-0.15,0.46
297,2017-05-04,9.81,9.79,9.89,9.72,19184,58643206.0,1.73,-0.2,-0.02,0.33
298,2017-05-05,9.72,9.67,9.84,9.32,27502,82350055.0,5.31,-1.23,-0.12,0.47
299,2017-05-08,9.63,9.42,9.63,9.04,21996,64166528.0,6.1,-2.59,-0.25,0.37
300,2017-05-09,9.49,9.55,9.61,9.37,20341,60028587.0,2.55,1.38,0.13,0.35
301,2017-05-10,9.57,9.55,9.8,9.51,22217,66874870.0,3.04,0.0,0.0,0.38
302,2017-05-11,9.57,9.52,9.65,9.06,40595,118308056.0,6.18,-0.31,-0.03,0.69
303,2017-05-12,9.58,9.75,9.79,9.39,27342,82040372.0,4.2,2.42,0.23,0.47
304,2017-05-15,9.81,9.7,9.83,9.63,16195,48856598.0,2.05,-0.51,-0.05,0.28
305,2017-05-16,9.71,10.03,10.07,9.65,32141,98951796.0,4.33,3.4,0.33,0.55
306,2017-05-17,10.06,10.23,10.28,9.93,24413,77121969.0,3.49,1.99,0.2,0.42
307,2017-05-18,10.14,10.17,10.26,10.04,15268,48005640.0,2.15,-0.59,-0.06,0.26
308,2017-05-19,10.22,10.33,10.36,10.08,15858,50459914.0,2.75,1.57,0.16,0.27
309,2017-05-22,10.38,10.23,10.5,10.19,18742,60148776.0,3.0,-0.97,-0.1,0.32
310,2017-05-23,10.23,10.0,10.26,9.98,25719,80908373.0,2.74,-2.25,-0.23,0.44
311,2017-05-24,10.02,10.27,10.35,9.84,27492,87056601.0,5.1,2.7,0.27,0.47
312,2017-05-25,10.3,10.59,10.61,10.28,30855,100678097.0,3.21,3.12,0.32,0.52
313,2017-05-26,10.53,10.6,10.69,10.46,16780,55123923.0,2.17,0.09,0.01,0.29
314,2017-05-31,10.66,10.61,10.72,10.51,20554,67794894.0,1.98,0.09,0.01,0.35
315,2017-06-01,10.62,10.66,10.72,10.42,34126,112119667.0,2.83,0.47,0.05,0.58
316,2017-06-02,10.73,10.66,10.73,10.54,14017,46349223.0,1.78,0.0,0.0,0.24
317,2017-06-05,10.69,10.79,10.79,10.59,25274,83867156.0,1.88,1.22,0.13,0.43
318,2017-06-06,10.8,10.95,11.11,10.72,23159,78852159.0,3.61,1.48,0.16,0.39
319,2017-06-07,11.02,11.37,11.45,10.89,45555,159023860.0,5.11,3.84,0.42,0.78
320,2017-06-08,11.31,11.37,11.48,11.31,22349,78924652.0,1.5,0.0,0.0,0.38
321,2017-06-09,11.47,11.37,11.47,11.23,33361,117193971.0,2.11,0.0,0.0,0.57
322,2017-06-12,11.37,11.67,11.73,11.28,40284,144810562.0,3.96,2.64,0.3,0.69
323,2017-06-13,11.76,11.7,12.02,11.64,47994,175949040.0,3.26,0.26,0.03,0.82
324,2017-06-14,11.86,11.76,11.98,11.44,45178,163703158.0,4.62,0.51,0.06,0.77
325,2017-06-15,11.71,11.85,12.05,11.67,39059,144236618.0,3.23,0.77,0.09,0.66
326,2017-06-16,11.8,11.72,11.88,11.59,23101,83669578.0,2.45,-1.1,-0.13,0.39
327,2017-06-19,11.67,11.59,11.67,11.54,16404,58964077.0,1.11,-1.11,-0.13,0.28
328,2017-06-20,11.62,11.59,11.72,11.44,14707,52919635.0,2.42,0.0,0.0,0.25
329,2017-06-21,11.63,11.65,11.66,11.5,11858,42585949.0,1.38,0.52,0.06,0.2
330,2017-06-22,11.63,11.48,11.63,11.44,24295,86685464.0,1.63,-1.46,-0.17,0.41
331,2017-06-23,11.46,11.11,11.46,10.89,33312,115017624.0,4.97,-3.22,-0.37,0.57
332,2017-06-26,11.1,11.27,11.45,11.1,14153,49652137.0,3.15,1.44,0.16,0.24
333,2017-06-27,11.24,11.78,11.81,11.24,30907,111228075.0,5.06,4.53,0.51,0.53
334,2017-06-28,11.7,11.63,11.92,11.63,18215,66274775.0,2.46,-1.27,-0.15,0.31
335,2017-06-29,11.61,11.69,11.75,11.53,13854,50134964.0,1.89,0.52,0.06,0.24
336,2017-06-30,11.67,11.69,11.76,11.57,9050,32765973.0,1.63,0.0,0.0,0.15
337,2017-07-03,11.69,11.84,11.93,11.66,18649,68376806.0,2.31,1.28,0.15,0.32
338,2017-07-04,11.83,12.04,12.05,11.79,24387,90415559.0,2.2,1.69,0.2,0.41
339,2017-07-05,11.96,11.9,12.08,11.86,15472,57283670.0,1.83,-1.16,-0.14,0.26
340,2017-07-06,11.89,11.82,12.02,11.73,16046,59011286.0,2.44,-0.67,-0.08,0.27
341,2017-07-07,11.81,11.83,11.94,11.78,13841,50880813.0,1.35,0.08,0.01,0.24
342,2017-07-10,11.89,11.87,12.02,11.71,19458,71836156.0,2.62,0.34,0.04,0.33
343,2017-07-11,11.87,11.89,11.96,11.82,18316,67719118.0,1.18,0.17,0.02,0.31
344,2017-07-12,11.89,11.89,11.93,11.61,20745,76313065.0,2.69,0.0,0.0,0.35
345,2017-07-13,11.83,11.9,11.93,11.76,17562,64476509.0,1.43,0.08,0.01,0.3
346,2017-07-14,11.91,11.92,11.98,11.84,14214,52537116.0,1.18,0.17,0.02,0.24
347,2017-07-17,11.84,11.47,11.99,11.28,32123,115669233.0,5.96,-3.78,-0.45,0.55
348,2017-07-18,11.44,11.34,11.72,11.08,26278,92040149.0,5.58,-1.13,-0.13,0.45
349,2017-07-19,11.33,11.27,11.42,11.11,23675,82390160.0,2.73,-0.62,-0.07,0.4
350,2017-07-20,11.3,11.64,11.82,11.16,23271,83375081.0,5.86,3.28,0.37,0.4
351,2017-07-21,11.54,11.61,11.67,11.54,6194,22271753.0,1.12,-0.26,-0.03,0.11
352,2017-07-24,11.66,11.52,11.73,11.38,17526,62404104.0,3.01,-0.78,-0.09,0.3
353,2017-07-25,11.51,11.31,11.54,11.08,8010,28270676.0,3.99,-1.82,-0.21,0.14
354,2017-07-26,11.28,11.44,11.51,11.2,7950,27844428.0,2.74,1.15,0.13,0.14
355,2017-07-27,11.43,11.3,11.48,11.15,9654,34004945.0,2.88,-1.22,-0.14,0.16
356,2017-07-28,11.31,11.46,11.66,11.31,14301,51239369.0,3.1,1.42,0.16,0.24
357,2017-07-31,11.46,11.37,11.49,11.27,8237,29057005.0,1.92,-0.79,-0.09,0.14
358,2017-08-01,11.37,11.32,11.49,11.28,6614,23338183.0,1.85,-0.44,-0.05,0.11
359,2017-08-02,11.31,11.32,11.57,11.3,8596,30465184.0,2.39,0.0,0.0,0.15
360,2017-08-03,11.33,11.24,11.37,11.17,10648,37147555.0,1.77,-0.71,-0.08,0.18
361,2017-08-04,11.24,11.21,11.27,11.11,8038,27885977.0,1.42,-0.27,-0.03,0.14
362,2017-08-07,11.22,11.16,11.22,11.08,5348,18501857.0,1.25,-0.45,-0.05,0.09
363,2017-08-08,11.16,10.95,11.24,10.94,12045,41269972.0,2.69,-1.88,-0.21,0.2
364,2017-08-09,10.98,10.93,11.02,10.47,25942,86625610.0,5.02,-0.18,-0.02,0.44
365,2017-08-10,10.82,10.84,10.97,10.74,7941,26801155.0,2.1,-0.82,-0.09,0.14
366,2017-08-11,10.82,10.84,10.94,10.76,10438,35162607.0,1.66,0.0,0.0,0.18
367,2017-08-14,10.84,10.87,10.93,10.74,6299,21238721.0,1.75,0.28,0.03,0.11
368,2017-08-15,10.87,10.77,10.91,10.68,7423,24888181.0,2.12,-0.92,-0.1,0.13
369,2017-08-16,10.76,10.66,10.76,10.59,9327,30918969.0,1.58,-1.02,-0.11,0.16
370,2017-08-17,10.66,10.6,10.73,10.59,9126,30171209.0,1.31,-0.56,-0.06,0.16
371,2017-08-18,10.57,10.86,10.9,10.51,16696,55905767.0,3.68,2.45,0.26,0.28
372,2017-08-21,10.86,11.03,11.1,10.82,14067,48019404.0,2.58,1.57,0.17,0.24
373,2017-08-22,10.95,10.98,11.19,10.95,11465,39384714.0,2.18,-0.45,-0.05,0.2
374,2017-08-23,10.98,10.92,11.01,10.8,11038,37330293.0,1.91,-0.55,-0.06,0.19
375,2017-08-24,10.92,11.08,11.32,10.92,35735,123611531.0,3.66,1.47,0.16,0.61
376,2017-08-25,11.08,10.96,11.21,10.93,19339,66072226.0,2.53,-1.08,-0.12,0.33
377,2017-08-28,10.96,10.91,11.09,10.82,14504,49302735.0,2.46,-0.46,-0.05,0.25
378,2017-08-29,10.91,11.21,11.88,10.9,54405,190202258.0,8.98,2.75,0.3,0.93
379,2017-08-30,11.11,11.11,11.27,11.01,21260,73472125.0,2.32,-0.89,-0.1,0.36
380,2017-08-31,11.11,10.99,11.19,10.92,15736,53865532.0,2.43,-1.08,-0.12,0.27
381,2017-09-01,10.94,11.02,11.02,10.89,17160,58322397.0,1.18,0.27,0.03,0.29
382,2017-09-04,10.95,10.62,10.95,10.59,29826,99207300.0,3.27,-3.63,-0.4,0.51
383,2017-09-05,10.62,10.6,10.72,10.52,16625,54645985.0,1.88,-0.19,-0.02,0.28
384,2017-09-06,10.67,10.75,10.89,10.56,29510,98265941.0,3.11,1.42,0.15,0.37
385,2017-09-07,10.75,10.64,10.89,10.59,21465,71669393.0,2.79,-1.02,-0.11,0.27
386,2017-09-08,10.56,10.55,10.72,10.53,22390,73753376.0,1.79,-0.85,-0.09,0.28
387,2017-09-11,10.62,10.43,10.62,10.3,26859,86581998.0,3.03,-1.14,-0.12,0.34
388,2017-09-12,10.43,10.33,10.47,10.27,22546,72384630.0,1.92,-0.96,-0.1,0.28
389,2017-09-13,10.33,10.27,10.35,10.2,16575,52698508.0,1.45,-0.58,-0.06,0.21
390,2017-09-14,10.32,10.4,10.62,10.2,23789,76800051.0,4.09,1.27,0.13,0.3
391,2017-09-15,10.41,10.4,10.51,10.2,22763,73598464.0,2.98,0.0,0.0,0.29
392,2017-09-18,10.4,10.37,10.46,10.21,12973,41811473.0,2.4,-0.29,-0.03,0.16
393,2017-09-19,10.38,10.33,10.39,10.31,8355,26883901.0,0.77,-0.39,-0.04,0.1
394,2017-09-20,10.4,10.36,10.4,10.34,9891,31865913.0,0.58,0.29,0.03,0.12
395,2017-09-21,10.36,10.26,10.39,10.21,13792,43982094.0,1.74,-0.97,-0.1,0.17
396,2017-09-22,10.25,10.25,10.33,10.2,9677,30856648.0,1.27,-0.1,-0.01,0.12
397,2017-09-25,10.22,10.25,10.32,10.22,8659,27610171.0,0.98,0.0,0.0,0.11
398,2017-09-26,10.26,10.24,10.31,10.21,13740,43792383.0,0.98,-0.1,-0.01,0.17
399,2017-09-27,10.24,10.14,10.27,10.14,12271,38808739.0,1.27,-0.98,-0.1,0.15
400,2017-09-28,10.14,10.03,10.19,9.97,15006,46884839.0,2.17,-1.08,-0.11,0.19
401,2017-09-29,10.03,10.03,10.27,10.03,19019,59886912.0,2.39,0.0,0.0,0.24
402,2017-10-09,10.04,10.06,10.3,10.04,12161,38171588.0,2.59,0.3,0.03,0.15
403,2017-10-10,10.08,10.18,10.31,10.06,34353,108675294.0,2.49,1.19,0.12,0.43
404,2017-10-11,10.17,10.37,10.47,10.12,36460,116844467.0,3.44,1.87,0.19,0.46
405,2017-10-12,10.38,10.43,10.48,10.29,31279,101124454.0,1.83,0.58,0.06,0.39
406,2017-10-13,10.42,10.42,10.46,10.32,18064,58384448.0,1.34,-0.1,-0.01,0.23
407,2017-10-16,10.46,10.41,10.7,10.4,22915,74869762.0,2.88,-0.1,-0.01,0.29
408,2017-10-17,10.4,10.57,10.68,10.39,27188,89249950.0,2.79,1.54,0.16,0.34
409,2017-10-18,10.58,10.58,10.65,10.51,16556,54388737.0,1.32,0.09,0.01,0.21
410,2017-10-19,10.58,10.58,10.62,10.51,13428,44095159.0,1.04,0.0,0.0,0.17
411,2017-10-20,10.56,10.57,10.62,10.51,12752,41874464.0,1.04,-0.09,-0.01,0.16
412,2017-10-23,10.58,10.62,10.74,10.49,16157,53491982.0,2.37,0.47,0.05,0.2
413,2017-10-24,10.58,10.57,10.65,10.36,28836,93932057.0,2.73,-0.47,-0.05,0.36
414,2017-10-25,10.48,10.58,10.63,10.48,25614,83883229.0,1.42,0.09,0.01,0.32
415,2017-10-26,10.54,10.56,10.59,10.43,19919,65329563.0,1.51,-0.19,-0.02,0.25
416,2017-10-27,10.59,10.64,10.67,10.56,21349,70511101.0,1.04,0.76,0.08,0.27
417,2017-10-30,10.64,10.7,10.81,10.53,30437,100831488.0,2.63,0.56,0.06,0.38
418,2017-10-31,10.71,10.55,10.77,10.54,20114,66323247.0,2.15,-1.4,-0.15,0.25
419,2017-11-01,10.53,10.53,10.62,10.47,10885,35626315.0,1.42,-0.19,-0.02,0.14
420,2017-11-02,10.56,10.55,10.61,10.4,17598,57123000.0,1.99,0.19,0.02,0.22
421,2017-11-03,10.49,10.64,11.14,10.49,43580,145610136.0,6.16,0.85,0.09,0.55
422,2017-11-06,10.6,10.96,11.03,10.6,55222,186433265.0,4.04,3.01,0.32,0.69
423,2017-11-07,10.85,11.32,11.54,10.79,55575,193971312.0,6.84,3.28,0.36,0.7
424,2017-11-08,11.41,11.6,11.69,11.28,52907,190194337.0,3.62,2.47,0.28,0.66
425,2017-11-09,11.61,11.6,11.84,11.49,31963,115343325.0,3.02,0.0,0.0,0.4
426,2017-11-10,11.6,11.57,11.66,11.5,23350,83735866.0,1.38,-0.26,-0.03,0.29
427,2017-11-13,11.48,11.78,11.89,11.47,44608,163241992.0,3.63,1.82,0.21,0.56
428,2017-11-14,11.78,11.54,11.92,11.54,35315,127928156.0,3.23,-2.04,-0.24,0.44
429,2017-11-15,11.6,11.58,11.85,11.54,24978,90082852.0,2.69,0.35,0.04,0.31
430,2017-11-16,11.59,11.56,11.73,11.4,20156,72313907.0,2.85,-0.17,-0.02,0.25
431,2017-11-17,11.57,11.08,11.62,10.96,45826,160150275.0,5.71,-4.15,-0.48,0.57
432,2017-11-20,11.14,11.3,11.37,10.99,20392,70767664.0,3.43,1.99,0.22,0.26
433,2017-11-21,11.24,11.26,11.43,11.17,17600,61555830.0,2.3,-0.35,-0.04,0.22
434,2017-11-22,11.31,10.98,11.37,10.93,19687,67525956.0,3.91,-2.49,-0.28,0.25
435,2017-11-23,10.91,10.87,11.12,10.82,16477,56296219.0,2.73,-1.0,-0.11,0.21
436,2017-11-24,10.87,10.81,11.02,10.74,12353,41575693.0,2.58,-0.55,-0.06,0.15
437,2017-11-27,10.82,10.35,10.85,10.33,20395,66302552.0,4.81,-4.26,-0.46,0.26
438,2017-11-28,10.33,10.35,10.53,10.27,12686,40998697.0,2.51,0.0,0.0,0.16
439,2017-11-29,10.37,10.29,10.48,10.18,22397,71637615.0,2.9,-0.58,-0.06,0.28
440,2017-11-30,10.24,10.1,10.29,10.02,15527,48817770.0,2.62,-1.85,-0.19,0.19
441,2017-12-01,10.03,10.34,10.35,10.03,24243,77033054.0,3.17,2.38,0.24,0.3
442,2017-12-04,10.33,10.37,10.55,10.32,20695,67059703.0,2.22,0.29,0.03,0.26
443,2017-12-05,10.37,10.39,10.61,10.33,14999,48401923.0,2.7,0.19,0.02,0.19
444,2017-12-06,10.49,10.4,10.52,10.19,21872,69861738.0,3.18,0.1,0.01,0.27
445,2017-12-07,10.37,10.39,10.46,10.25,13694,43973847.0,2.02,-0.1,-0.01,0.17
446,2017-12-08,10.38,10.35,10.62,10.32,14011,45251622.0,2.89,-0.38,-0.04,0.18
447,2017-12-11,10.35,10.35,10.41,10.28,13426,43036804.0,1.26,0.0,0.0,0.17
448,2017-12-12,10.47,10.42,10.47,10.29,8143,26250592.0,1.74,0.68,0.07,0.1
449,2017-12-13,10.45,10.48,10.54,10.38,9674,31322340.0,1.54,0.58,0.06,0.12
450,2017-12-14,10.49,10.39,10.55,10.35,15447,49841092.0,1.91,-0.86,-0.09,0.19
451,2017-12-15,10.48,10.53,10.54,10.37,14991,48655665.0,1.64,1.35,0.14,0.19
452,2017-12-18,10.59,10.68,10.75,10.53,18894,62508298.0,2.09,1.42,0.15,0.24
453,2017-12-19,10.67,10.72,10.78,10.64,9413,31219784.0,1.31,0.37,0.04,0.12
454,2017-12-20,10.72,10.7,10.81,10.66,8301,27565802.0,1.4,-0.19,-0.02,0.1
455,2017-12-21,10.71,10.88,10.88,10.66,22976,76863835.0,2.06,1.68,0.18,0.29
456,2017-12-22,10.94,11.05,11.27,10.88,22152,76087795.0,3.58,1.56,0.17,0.28
457,2017-12-25,11.08,10.98,11.25,10.95,19176,65841534.0,2.71,-0.63,-0.07,0.24
458,2017-12-26,10.91,11.07,11.08,10.83,16428,55730705.0,2.28,0.82,0.09,0.21
459,2017-12-27,11.07,10.88,11.11,10.78,16518,56037442.0,2.98,-1.72,-0.19,0.21
460,2017-12-28,10.89,10.77,10.95,10.72,16072,53777523.0,2.11,-1.01,-0.11,0.2
461,2017-12-29,10.82,10.98,11.03,10.79,17175,58063387.0,2.23,1.95,0.21,0.22
462,2018-01-02,10.9,11.09,11.16,10.9,17056,58534363.0,2.37,1.0,0.11,0.21
463,2018-01-03,10.31,10.89,11.1,10.31,16671,56387413.0,7.12,-1.8,-0.2,0.21
464,2018-01-04,10.88,10.98,11.08,10.73,14086,47816616.0,3.21,0.83,0.09,0.18
465,2018-01-05,11.03,11.35,11.36,10.94,37383,129673556.0,3.83,3.37,0.37,0.47
466,2018-01-08,11.35,11.46,11.6,11.21,34366,121802398.0,3.44,0.97,0.11,0.43
467,2018-01-09,11.37,11.26,11.55,11.22,18030,63394283.0,2.88,-1.75,-0.2,0.23
468,2018-01-10,11.32,11.32,11.46,11.18,22531,79289436.0,2.49,0.53,0.06,0.28
469,2018-01-11,11.34,11.24,11.36,11.11,19407,67250743.0,2.21,-0.71,-0.08,0.24
470,2018-01-12,11.24,11.34,11.38,11.24,12572,44029837.0,1.25,0.89,0.1,0.16
471,2018-01-15,11.34,11.25,11.36,11.13,11878,41249336.0,2.03,-0.79,-0.09,0.15
472,2018-01-16,11.36,11.6,11.72,11.24,27643,98258156.0,4.27,3.11,0.35,0.35
473,2018-01-17,11.68,11.52,11.68,11.41,18315,65421477.0,2.33,-0.69,-0.08,0.23
474,2018-01-18,11.47,11.52,11.6,11.43,11606,41297890.0,1.48,0.0,0.0,0.15
475,2018-01-19,11.57,11.54,11.6,11.42,22126,78643880.0,1.56,0.17,0.02,0.28
476,2018-01-22,11.52,11.66,11.78,11.33,22541,80614230.0,3.9,1.04,0.12,0.28
477,2018-01-23,11.87,11.43,11.87,11.42,22605,80910514.0,3.86,-1.97,-0.23,0.28
478,2018-01-24,11.49,11.41,11.52,11.25,16623,58647737.0,2.36,-0.17,-0.02,0.21
479,2018-01-25,11.37,11.27,11.46,11.27,11984,42002740.0,1.67,-1.23,-0.14,0.15
480,2018-01-26,11.27,11.14,11.36,11.02,16091,55586985.0,3.02,-1.15,-0.13,0.2
481,2018-01-29,11.14,11.18,11.37,11.1,13651,47350956.0,2.42,0.36,0.04,0.17
482,2018-01-30,11.18,11.18,11.31,11.03,10434,36161931.0,2.5,0.0,0.0,0.13
483,2018-01-31,10.1,10.72,10.98,10.1,41809,137542369.0,7.87,-4.11,-0.46,0.52
484,2018-02-01,10.65,10.64,10.87,10.43,37225,122681860.0,4.1,-0.75,-0.08,0.47
485,2018-02-02,10.64,10.67,10.73,10.43,31020,101554816.0,2.82,0.28,0.03,0.39
486,2018-02-05,10.51,10.67,10.72,10.07,67579,217029393.0,6.09,0.0,0.0,0.85
487,2018-02-06,10.67,10.61,10.88,10.54,46801,154998893.0,3.19,-0.56,-0.06,0.59
488,2018-02-07,10.82,10.37,10.98,10.3,48045,157333393.0,6.41,-2.26,-0.24,0.6
489,2018-02-08,10.35,10.43,10.48,10.27,29126,93767275.0,2.03,0.58,0.06,0.36
490,2018-02-09,10.46,10.46,10.65,10.27,50231,162066091.0,3.64,0.29,0.03,0.63
491,2018-02-12,10.54,10.35,10.58,10.07,26303,84128451.0,4.88,-1.05,-0.11,0.33
492,2018-02-13,10.32,10.38,10.45,10.29,14749,47281334.0,1.55,0.29,0.03,0.18
493,2018-02-14,10.48,10.38,10.48,10.32,10638,34115087.0,1.54,0.0,0.0,0.13
494,2018-02-22,10.4,10.55,10.65,10.38,17836,57949337.0,2.6,1.64,0.17,0.22
495,2018-02-23,10.52,10.53,10.58,10.46,13836,45080370.0,1.14,-0.19,-0.02,0.17
496,2018-02-26,10.61,10.49,10.61,10.4,18614,60299789.0,1.99,-0.38,-0.04,0.23
497,2018-02-27,10.5,10.63,10.64,10.45,26865,87465737.0,1.81,1.33,0.14,0.34
498,2018-02-28,10.5,10.59,10.71,10.49,34331,112840491.0,2.07,-0.38,-0.04,0.43
499,2018-03-01,10.53,10.67,10.74,10.53,22053,72758505.0,1.98,0.76,0.08,0.28
500,2018-03-02,10.65,10.74,10.76,10.65,16217,53809017.0,1.03,0.66,0.07,0.2
501,2018-03-05,10.85,10.98,11.02,10.76,22657,76280635.0,2.42,2.23,0.24,0.28
502,2018-03-06,10.95,11.13,11.28,10.95,25938,89698060.0,3.01,1.37,0.15,0.32
503,2018-03-07,11.13,10.97,11.21,10.95,14374,48958783.0,2.34,-1.44,-0.16,0.18
504,2018-03-08,10.97,10.94,11.04,10.91,11753,39846103.0,1.19,-0.27,-0.03,0.15
505,2018-03-09,10.87,10.96,11.0,10.86,13360,45256078.0,1.28,0.18,0.02,0.17
506,2018-03-12,10.97,11.06,11.16,10.86,29855,101989403.0,2.74,0.91,0.1,0.37
507,2018-03-13,11.08,10.99,11.09,10.99,14578,49794772.0,0.9,-0.63,-0.07,0.18
508,2018-03-14,10.94,10.88,11.14,10.83,16367,55656101.0,2.82,-1.0,-0.11,0.21
509,2018-03-15,10.8,10.8,10.9,10.69,10695,35759730.0,1.93,-0.74,-0.08,0.13
510,2018-03-16,10.82,10.73,10.94,10.7,12184,40731446.0,2.22,-0.65,-0.07,0.15
511,2018-03-19,10.73,10.59,10.8,10.55,16890,55503126.0,2.33,-1.3,-0.14,0.21
512,2018-03-20,10.45,10.51,10.71,10.45,10516,34329186.0,2.46,-0.76,-0.08,0.13
513,2018-03-21,10.6,10.52,10.64,10.5,11562,37774701.0,1.33,0.1,0.01,0.14
514,2018-03-22,10.53,10.41,10.6,10.33,8261,26734027.0,2.57,-1.05,-0.11,0.1
515,2018-03-23,10.14,10.01,10.28,9.93,32678,102073104.0,3.36,-3.84,-0.4,0.41
516,2018-03-26,9.97,10.3,10.35,9.86,22472,70877926.0,4.9,2.9,0.29,0.28
517,2018-03-27,10.32,10.41,10.49,10.32,21903,70504460.0,1.65,1.07,0.11,0.27
518,2018-03-28,10.38,10.27,10.45,10.2,16639,53255750.0,2.4,-1.34,-0.14,0.21
519,2018-03-29,10.26,10.28,10.36,10.23,12550,39964889.0,1.27,0.1,0.01,0.16
520,2018-03-30,10.33,10.8,10.94,10.33,35092,116987362.0,5.93,5.06,0.52,0.44
521,2018-04-02,10.91,11.06,11.12,10.8,32390,110652022.0,2.96,2.41,0.26,0.41
522,2018-04-03,10.92,10.99,11.07,10.87,22915,77811054.0,1.81,-0.63,-0.07,0.29
523,2018-04-04,11.06,11.16,11.31,10.96,38251,132887214.0,3.18,1.55,0.17,0.48
524,2018-04-09,11.15,11.08,11.25,11.08,23845,82326955.0,1.52,-0.72,-0.08,0.3
525,2018-04-10,11.07,11.03,11.14,10.92,22373,76306140.0,1.99,-0.45,-0.05,0.28
526,2018-04-11,11.06,10.92,11.07,10.92,33078,112543969.0,1.36,-1.0,-0.11,0.41
527,2018-04-12,10.93,11.36,11.57,10.89,72992,256328370.0,6.23,4.03,0.44,0.91
528,2018-04-13,11.34,11.51,11.55,11.23,52232,184670978.0,2.82,1.32,0.15,0.65
529,2018-04-16,11.5,11.29,11.57,11.24,29890,105119757.0,2.87,-1.91,-0.22,0.37
530,2018-04-17,11.36,11.18,11.36,11.15,21173,73690621.0,1.86,-0.97,-0.11,0.27
531,2018-04-18,11.23,11.16,11.27,10.92,22625,77728664.0,3.13,-0.18,-0.02,0.28
532,2018-04-19,11.16,11.14,11.26,11.01,17360,59924848.0,2.24,-0.18,-0.02,0.22
533,2018-04-20,11.15,11.14,11.31,11.04,15221,52772502.0,2.42,0.0,0.0,0.19
534,2018-04-23,11.13,11.07,11.24,10.95,19355,66132441.0,2.6,-0.63,-0.07,0.24
535,2018-04-24,11.08,11.17,11.26,10.99,14860,51261053.0,2.44,0.9,0.1,0.19
536,2018-04-25,11.16,11.23,11.3,11.07,14194,49393950.0,2.06,0.54,0.06,0.18
537,2018-04-26,11.14,11.08,11.29,11.08,12138,42027004.0,1.87,-1.34,-0.15,0.15
538,2018-04-27,11.1,11.33,11.36,11.07,17975,62654092.0,2.62,2.26,0.25,0.23
539,2018-05-02,11.31,11.19,11.32,11.11,19499,67724760.0,1.85,-1.24,-0.14,0.24
540,2018-05-03,11.28,11.43,11.49,11.19,33139,116670322.0,2.68,2.14,0.24,0.42
541,2018-05-04,11.44,11.18,11.52,11.01,39074,135673015.0,4.46,-2.19,-0.25,0.49
542,2018-05-07,11.21,11.18,11.32,11.0,27932,96370566.0,2.86,0.0,0.0,0.35
543,2018-05-08,11.1,11.0,11.15,10.93,24076,82076853.0,1.97,-1.61,-0.18,0.3
544,2018-05-09,11.04,11.25,11.27,10.99,23601,81694497.0,2.55,2.27,0.25,0.3
545,2018-05-10,11.25,11.18,11.25,11.1,12093,41721801.0,1.33,-0.62,-0.07,0.15
546,2018-05-11,11.21,11.22,11.26,11.1,14479,50213465.0,1.43,0.36,0.04,0.18
547,2018-05-14,11.22,11.13,11.24,11.05,17517,60297243.0,1.69,-0.8,-0.09,0.22
548,2018-05-15,11.2,11.19,11.2,11.1,10576,36520970.0,0.9,0.54,0.06,0.13
549,2018-05-16,11.15,11.4,11.49,11.15,43177,152046326.0,3.04,1.88,0.21,0.54
550,2018-05-17,11.42,11.31,11.63,11.24,26450,93595894.0,3.42,-0.79,-0.09,0.33
551,2018-05-18,11.3,11.27,11.33,11.21,13851,48328385.0,1.06,-0.35,-0.04,0.17
552,2018-05-21,11.27,11.43,11.46,11.27,21327,74991891.0,1.69,1.42,0.16,0.27
553,2018-05-22,11.41,11.5,11.52,11.32,18213,64554491.0,1.75,0.61,0.07,0.23
554,2018-05-23,11.47,11.52,11.62,11.42,22198,79261326.0,1.74,0.17,0.02,0.28
555,2018-05-24,11.47,11.39,11.59,11.32,18558,65398301.0,2.34,-1.13,-0.13,0.23
556,2018-05-25,11.32,11.36,11.41,11.22,13183,46195759.0,1.67,-0.26,-0.03,0.17
557,2018-05-28,11.37,11.37,11.46,11.26,16890,59377414.0,1.76,0.09,0.01,0.21
558,2018-05-29,11.31,11.37,11.41,11.28,15161,53175765.0,1.14,0.0,0.0,0.19
559,2018-05-30,11.21,11.24,11.47,11.18,24207,84577549.0,2.55,-1.14,-0.13,0.3
560,2018-05-31,11.25,11.34,11.37,11.25,20234,70851669.0,1.07,0.89,0.1,0.25
561,2018-06-01,11.35,11.31,11.37,11.25,22656,79288890.0,1.06,-0.26,-0.03,0.28
562,2018-06-04,11.27,10.78,11.3,10.52,57641,193858896.0,6.9,-4.69,-0.53,0.72
563,2018-06-05,10.79,10.57,10.79,10.17,32406,105163226.0,5.75,-1.95,-0.21,0.41
564,2018-06-06,10.63,10.59,10.73,10.46,22967,75266577.0,2.55,0.19,0.02,0.29
565,2018-06-07,10.65,10.74,10.95,10.65,39419,132163327.0,2.83,1.42,0.15,0.49
566,2018-06-08,10.82,10.59,10.82,10.46,34233,112248814.0,3.35,-1.4,-0.15,0.43
567,2018-06-11,10.65,10.49,10.65,10.36,27448,89231820.0,2.74,-0.94,-0.1,0.34
568,2018-11-07,9.44,9.71,9.95,9.44,531268,977021504.0,4.86,-7.44,-0.78,4.16
569,2018-11-08,9.62,10.05,10.3,9.48,295375,557409648.0,8.44,3.5,0.34,2.31
570,2018-11-09,9.99,10.49,10.67,9.65,349170,682916224.0,10.15,4.38,0.44,2.73
571,2018-11-12,10.44,10.49,10.78,10.29,200945,406481632.0,4.67,0.0,0.0,1.57
572,2018-11-13,10.36,10.36,10.62,10.24,185834,373313168.0,3.62,-1.24,-0.13,1.46
573,2018-11-14,10.47,10.56,10.64,10.28,203793,411000560.0,3.47,1.93,0.2,1.6
574,2018-11-15,10.42,10.89,10.99,10.42,201159,418104576.0,5.4,3.13,0.33,1.58
575,2018-11-16,10.93,11.29,11.43,10.78,171009,364854288.0,5.97,3.67,0.4,1.34
576,2018-11-19,11.41,11.3,11.41,11.15,165276,360039072.0,2.3,0.09,0.01,1.29
577,2018-11-20,11.29,11.51,11.77,11.18,156772,348115536.0,5.22,1.86,0.21,1.23
578,2018-11-21,11.32,11.46,11.64,11.31,134449,298023312.0,2.87,-0.43,-0.05,1.05
579,2018-11-22,11.45,11.49,11.6,11.22,111632,247047198.0,3.32,0.26,0.03,0.87
580,2018-11-23,11.47,11.43,11.58,11.25,107409,236977557.0,2.87,-0.52,-0.06,0.84
581,2018-11-26,11.44,11.31,11.51,11.26,96149,210425617.0,2.19,-1.05,-0.12,0.75
582,2018-11-27,11.46,11.31,11.47,11.17,138940,303211760.0,2.65,0.0,0.0,1.09
583,2018-11-28,11.31,11.38,11.38,11.22,72366,157815533.0,1.41,0.62,0.07,0.57
584,2018-11-29,11.35,11.39,11.43,11.26,94708,207002388.0,1.49,0.09,0.01,0.74
585,2018-11-30,11.42,11.42,11.42,11.29,40015,87576003.0,1.14,0.26,0.03,0.31
586,2018-12-03,11.6,11.45,11.65,11.4,70053,155246468.0,2.19,0.26,0.03,0.55
587,2018-12-04,11.41,11.1,11.41,11.1,63143,136725589.0,2.71,-3.06,-0.35,0.49
588,2018-12-05,11.02,11.04,11.18,10.37,76103,160041355.0,7.3,-0.54,-0.06,0.6
589,2018-12-06,11.04,10.86,11.15,10.81,39024,81971808.0,3.08,-1.63,-0.18,0.31
590,2018-12-07,10.96,10.85,10.99,10.72,39396,82384291.0,2.49,-0.09,-0.01,0.31
591,2018-12-10,10.83,10.45,10.83,10.41,56727,115897547.0,3.87,-3.69,-0.4,0.44
592,2018-12-11,10.57,10.55,10.65,10.42,45225,91955948.0,2.2,0.96,0.1,0.35
593,2018-12-12,10.66,10.78,10.89,10.58,38855,80931524.0,2.94,2.18,0.23,0.3
594,2018-12-13,10.78,10.67,10.83,10.58,47483,98064553.0,2.32,-1.02,-0.11,0.37
595,2018-12-14,10.52,10.59,10.65,10.44,45607,92581791.0,1.97,-0.75,-0.08,0.36
596,2018-12-17,10.57,10.59,10.6,10.37,48566,98409398.0,2.17,0.0,0.0,0.38
597,2018-12-18,10.56,10.54,10.65,10.44,42913,87000220.0,1.98,-0.47,-0.05,0.34
598,2018-12-19,10.55,10.51,10.55,10.44,28587,57788120.0,1.04,-0.28,-0.03,0.22
599,2018-12-20,10.47,10.52,10.56,10.42,30310,61302990.0,1.33,0.1,0.01,0.24
600,2018-12-21,10.47,10.52,10.56,10.43,44188,89380196.0,1.24,0.0,0.0,0.35
601,2018-12-24,10.49,10.49,10.54,10.44,29894,60408218.0,0.95,-0.29,-0.03,0.23
602,2018-12-25,10.47,10.49,10.49,10.39,29652,59711819.0,0.95,0.0,0.0,0.23
603,2018-12-26,10.51,10.48,10.51,10.42,22182,44714587.0,0.86,-0.1,-0.01,0.17
604,2018-12-27,10.45,10.42,10.49,10.36,34475,69335741.0,1.24,-0.57,-0.06,0.27
605,2018-12-28,10.42,10.7,10.83,10.29,50746,102753338.0,5.18,2.69,0.28,0.4
606,2019-01-02,10.72,10.57,10.72,10.43,31070,63064570.0,2.71,-1.21,-0.13,0.24
607,2019-01-03,10.47,10.44,10.55,10.37,18237,36776005.0,1.7,-1.23,-0.13,0.14
608,2019-01-04,10.36,10.5,10.56,10.23,29850,60292912.0,3.16,0.57,0.06,0.23
609,2019-01-07,10.46,10.44,10.48,10.42,18291,36864805.0,0.57,-0.57,-0.06,0.14
610,2019-01-08,10.42,10.39,10.44,10.32,38682,77365144.0,1.15,-0.48,-0.05,0.3
611,2019-01-09,10.41,10.45,10.49,10.33,43689,87573619.0,1.54,0.58,0.06,0.34
612,2019-01-10,10.43,10.42,10.44,10.32,26561,53212775.0,1.15,-0.29,-0.03,0.21
613,2019-01-11,10.41,10.36,10.41,10.32,25893,51677087.0,0.86,-0.58,-0.06,0.2
614,2019-01-14,10.34,10.31,10.34,10.23,18915,37542745.0,1.06,-0.48,-0.05,0.15
615,2019-01-15,10.28,10.18,10.29,9.33,69772,133376368.0,9.31,-1.26,-0.13,0.55
616,2019-01-16,10.05,9.88,10.05,9.85,33086,63594973.0,1.96,-2.95,-0.3,0.26
617,2019-01-17,9.88,9.94,10.02,9.86,22348,42865128.0,1.62,0.61,0.06,0.17
618,2019-01-18,10.0,9.88,10.03,9.85,28562,54628447.0,1.81,-0.6,-0.06,0.22
619,2019-01-21,9.89,9.9,9.98,9.72,26559,50756375.0,2.63,0.2,0.02,0.21
620,2019-01-22,9.9,9.97,10.16,9.88,28147,54302096.0,2.83,0.71,0.07,0.22
621,2019-01-23,9.98,9.84,9.98,9.76,26509,50394292.0,2.21,-1.3,-0.13,0.21
622,2019-01-24,9.83,9.79,9.84,9.58,58173,108888858.0,2.64,-0.51,-0.05,0.46
623,2019-01-25,9.84,9.78,9.84,9.66,36308,68351522.0,1.84,-0.1,-0.01,0.28
624,2019-01-28,9.83,9.78,9.83,9.67,45866,86279700.0,1.64,0.0,0.0,0.36
625,2019-01-29,9.76,9.7,9.76,9.51,28584,53303170.0,2.56,-0.82,-0.08,0.22
626,2019-01-30,9.69,9.71,9.77,9.57,25328,47398099.0,2.06,0.1,0.01,0.2
627,2019-01-31,9.69,9.94,10.15,9.59,79220,150779649.0,5.77,2.37,0.23,0.62
628,2019-02-01,9.84,10.3,10.36,9.84,63801,125875345.0,5.23,3.62,0.36,0.5
629,2019-02-11,10.3,10.31,10.41,10.22,18452,36773048.0,1.84,0.1,0.01,0.11
630,2019-02-12,10.4,10.44,10.51,10.27,17586,35308182.0,2.33,1.26,0.13,0.11
631,2019-02-13,10.44,10.52,10.53,10.36,40031,80874219.0,1.63,0.77,0.08,0.24
632,2019-02-14,10.88,10.89,11.46,10.78,55229,117161714.0,6.46,3.52,0.37,0.34
633,2019-02-15,10.88,10.98,11.07,10.76,29260,61798412.0,2.85,0.83,0.09,0.18
634,2019-02-18,10.99,11.33,11.34,10.99,54773,118679633.0,3.19,3.19,0.35,0.33
635,2019-02-19,11.36,11.43,11.47,11.29,61602,135312872.0,1.59,0.88,0.1,0.38
636,2019-02-21,12.55,11.61,12.55,11.43,254023,592285856.0,9.8,1.57,0.18,1.55
637,2019-02-22,11.72,11.08,11.72,10.78,168214,359757536.0,8.1,-4.57,-0.53,1.03
638,2019-02-25,10.96,11.1,11.3,10.94,210845,451639264.0,3.25,0.18,0.02,1.29
639,2019-02-26,11.12,10.72,11.18,10.63,179212,373001536.0,4.95,-3.42,-0.38,1.09
640,2019-02-27,10.63,10.51,10.76,10.49,124555,253925996.0,2.52,-1.96,-0.21,0.76
641,2019-02-28,10.6,10.58,10.61,10.5,91089,185451248.0,1.05,0.67,0.07,0.56
642,2019-03-01,10.58,10.47,10.58,10.39,82586,166857586.0,1.8,-1.04,-0.11,0.5
643,2019-03-04,10.51,10.54,10.68,10.47,182329,370616704.0,2.01,0.67,0.07,1.11
644,2019-03-05,10.55,10.71,10.82,10.52,158327,326269696.0,2.85,1.61,0.17,0.97
645,2019-03-06,10.77,10.61,10.8,10.55,163275,335420288.0,2.33,-0.93,-0.1,1.0
646,2019-03-07,10.59,10.42,10.59,10.3,194572,391725968.0,2.73,-1.79,-0.19,1.19
647,2019-03-08,10.16,9.86,10.19,9.85,166660,322847904.0,3.26,-5.37,-0.56,1.02
648,2019-03-11,9.89,10.12,10.19,9.88,130727,254460915.0,3.14,2.64,0.26,0.8
649,2019-03-12,10.36,10.21,10.38,10.13,156713,310395600.0,2.47,0.89,0.09,0.96
650,2019-03-13,10.21,9.93,10.21,9.87,123218,237347899.0,3.33,-2.74,-0.28,0.75
651,2019-03-14,9.98,10.1,10.26,9.65,184739,355167424.0,6.14,1.71,0.17,1.13
652,2019-03-15,10.07,10.04,10.16,9.9,158807,306710848.0,2.57,-0.59,-0.06,0.97
653,2019-03-18,10.04,9.99,10.05,9.9,107249,206640908.0,1.49,-0.5,-0.05,0.65
654,2019-03-19,10.01,10.19,10.26,10.01,143104,280448592.0,2.5,2.0,0.2,0.87
655,2019-03-20,10.24,10.27,10.34,10.11,129614,256086918.0,2.26,0.79,0.08,0.79
656,2019-03-21,10.27,10.26,10.31,10.21,117194,232210622.0,0.97,-0.1,-0.01,0.71
657,2019-03-22,10.29,10.12,10.29,10.05,117839,230798826.0,2.34,-1.36,-0.14,0.72
658,2019-03-25,9.9,9.93,10.03,9.84,87047,167171006.0,1.88,-1.88,-0.19,0.53
659,2019-03-26,9.99,9.79,10.03,9.78,71167,135629671.0,2.52,-1.41,-0.14,0.43
660,2019-03-27,9.79,9.69,9.88,9.59,61057,114273778.0,2.96,-1.02,-0.1,0.37
661,2019-03-28,9.69,10.08,10.18,9.55,162045,309784608.0,6.5,4.02,0.39,0.99
662,2019-03-29,10.09,10.12,10.16,9.91,106098,205980040.0,2.48,0.4,0.04,0.65
663,2019-04-01,10.12,10.26,10.31,10.08,163568,322608592.0,2.27,1.38,0.14,1.0
664,2019-04-02,10.3,10.2,10.3,10.17,118520,233867780.0,1.27,-0.58,-0.06,0.72
665,2019-04-03,10.21,9.98,10.25,9.92,173511,336136624.0,3.24,-2.16,-0.22,1.06
666,2019-04-04,9.95,9.83,10.03,9.82,136324,260451681.0,2.1,-1.5,-0.15,0.83
667,2019-04-08,9.86,9.88,9.93,9.62,175560,331672176.0,3.15,0.51,0.05,1.07
668,2019-04-09,9.84,9.69,9.84,9.68,119004,223920766.0,1.62,-1.92,-0.19,0.73
669,2019-04-10,9.64,9.71,9.8,9.63,94267,176850338.0,1.75,0.21,0.02,0.57
670,2019-04-11,9.7,9.74,9.81,9.66,81310,152736226.0,1.54,0.31,0.03,0.5
671,2019-04-12,9.76,9.88,9.91,9.69,103931,195916888.0,2.26,1.44,0.14,0.63
672,2019-04-15,9.89,9.69,9.94,9.67,89028,168932018.0,2.73,-1.92,-0.19,0.54
673,2019-04-16,9.64,9.78,9.79,9.59,68950,129143777.0,2.06,0.93,0.09,0.42
674,2019-04-17,9.77,9.74,9.83,9.67,68345,128520837.0,1.64,-0.41,-0.04,0.42
675,2019-04-18,9.73,9.68,9.73,9.65,54671,102292127.0,0.82,-0.62,-0.06,0.33
676,2019-04-19,9.65,9.7,9.72,9.64,46998,87786117.0,0.83,0.21,0.02,0.29
677,2019-04-22,9.77,9.97,10.13,9.69,158522,303577104.0,4.54,2.78,0.27,0.97
678,2019-04-23,9.93,9.97,10.05,9.72,118308,226355005.0,3.31,0.0,0.0,0.72
679,2019-04-24,9.97,9.99,10.07,9.9,95145,183580711.0,1.71,0.2,0.02,0.58
680,2019-04-25,10.0,9.72,10.0,9.7,94890,179868311.0,3.0,-2.7,-0.27,0.58
681,2019-04-26,9.69,9.76,9.89,9.65,70868,133903177.0,2.47,0.41,0.04,0.43
682,2019-04-29,9.8,10.01,10.19,9.8,155476,300430944.0,4.0,2.56,0.25,0.95
683,2019-04-30,10.01,10.13,10.17,9.94,143580,279556848.0,2.3,1.2,0.12,0.88
684,2019-05-06,9.95,9.89,10.24,9.74,141363,271545008.0,4.94,-2.37,-0.24,0.86
685,2019-05-07,9.92,10.0,10.09,9.91,107478,207520485.0,1.82,1.11,0.11,0.66
686,2019-05-08,9.89,9.98,10.1,9.85,98066,189120484.0,2.5,-0.2,-0.02,0.6
687,2019-05-09,9.78,9.85,9.95,9.78,69186,131813716.0,1.7,-1.3,-0.13,0.42
688,2019-05-10,9.89,9.96,9.99,9.79,91752,175765268.0,2.03,1.12,0.11,0.56
689,2019-05-13,9.96,9.82,9.96,9.82,64450,123037379.0,1.41,-1.41,-0.14,0.39
690,2019-05-14,9.78,9.69,9.87,9.65,71114,133459757.0,2.24,-1.32,-0.13,0.43
691,2019-05-15,9.69,9.7,9.76,9.66,62679,117297702.0,1.03,0.1,0.01,0.38
692,2019-05-16,9.68,9.74,9.76,9.67,40909,76663429.0,0.93,0.41,0.04,0.25
693,2019-05-17,9.73,9.62,9.8,9.59,68353,128272752.0,2.16,-1.23,-0.12,0.42
694,2019-05-20,9.59,9.22,9.66,8.65,170281,295475360.0,10.5,-4.16,-0.4,1.04
695,2019-05-21,9.21,9.04,9.21,8.91,67880,118401667.0,3.25,-1.95,-0.18,0.41
696,2019-05-22,9.03,9.2,9.31,8.86,95792,167174305.0,4.98,1.77,0.16,0.58
697,2019-05-23,9.16,9.18,9.26,9.02,60925,107415802.0,2.61,-0.22,-0.02,0.37
698,2019-05-24,9.53,9.41,9.72,9.33,118992,218693259.0,4.25,2.51,0.23,0.73
699,2019-05-27,9.43,9.43,9.53,9.28,67693,122990132.0,2.66,0.21,0.02,0.41
700,2019-05-28,9.43,9.19,9.43,9.11,80058,143420240.0,3.39,-2.55,-0.24,0.49
701,2019-05-29,9.17,9.04,9.19,8.98,56033,97894672.0,2.29,-1.63,-0.15,0.34
702,2019-05-30,9.06,9.04,9.11,8.99,53611,93616389.0,1.33,0.0,0.0,0.33
703,2019-05-31,9.08,9.03,9.11,8.93,56012,97276753.0,1.99,-0.11,-0.01,0.34
704,2019-06-03,9.0,8.95,9.04,8.86,42485,73322990.0,1.99,-0.89,-0.08,0.26
705,2019-06-04,8.98,9.0,9.04,8.94,33285,57838500.0,1.12,0.56,0.05,0.2
706,2019-06-05,9.03,9.11,9.25,9.03,51637,91175096.0,2.44,1.22,0.11,0.31
707,2019-06-06,9.23,9.14,9.28,8.94,76465,83531941.0,3.73,0.33,0.03,0.29
708,2019-06-10,9.1,8.85,9.18,8.79,88840,95400253.0,4.27,-3.17,-0.29,0.34
709,2019-06-11,8.75,9.07,9.13,8.71,101774,109562142.0,4.75,2.49,0.22,0.39
710,2019-06-12,9.01,9.36,9.42,9.01,157294,175172504.0,4.52,3.2,0.29,0.61
711,2019-06-13,9.36,9.53,9.63,9.23,124530,141095949.0,4.27,1.82,0.17,0.48
712,2019-06-14,9.48,9.4,9.6,9.38,147689,168282691.0,2.31,-1.36,-0.13,0.57
713,2019-06-17,9.56,9.35,9.56,9.33,65511,74286787.0,2.45,-0.53,-0.05,0.25
714,2019-06-18,9.33,9.48,9.53,9.25,73659,83299260.0,2.99,1.39,0.13,0.28
715,2019-06-19,9.53,9.41,9.63,9.36,82038,93457148.0,2.85,-0.74,-0.07,0.32
716,2019-06-20,9.39,9.45,9.53,9.34,69888,79174438.0,2.02,0.43,0.04,0.27
717,2019-06-21,9.44,9.6,9.67,9.42,167598,191885439.0,2.65,1.59,0.15,0.65
718,2019-06-24,9.54,9.53,9.6,9.46,84339,96432122.0,1.46,-0.73,-0.07,0.33
719,2019-06-25,9.5,9.33,9.57,9.23,105263,117913060.0,3.57,-2.1,-0.2,0.41
720,2019-06-26,9.33,9.35,9.48,9.28,53551,60353571.0,2.14,0.21,0.02,0.21
721,2019-06-27,9.37,9.29,9.42,9.22,78384,87456102.0,2.14,-0.64,-0.06,0.3
722,2019-06-28,9.33,9.1,9.33,8.96,88545,96719710.0,3.98,-2.05,-0.19,0.34
723,2019-07-01,9.24,9.17,9.29,9.09,82095,90343283.0,2.2,0.77,0.07,0.32
724,2019-07-02,9.17,9.25,9.31,9.02,112676,123389762.0,3.16,0.87,0.08,0.43
725,2019-07-03,9.25,9.18,9.27,9.11,78174,86102628.0,1.73,-0.76,-0.07,0.3
726,2019-07-04,9.18,9.08,9.22,9.04,52872,57801419.0,1.96,-1.09,-0.1,0.2
727,2019-07-05,9.08,9.21,9.31,9.03,102326,112843544.0,3.08,1.43,0.13,0.39
728,2019-07-08,9.17,8.91,9.19,8.83,121665,131661376.0,3.91,-3.26,-0.3,0.47
729,2019-07-09,8.83,8.89,8.99,8.79,50516,53919697.0,2.24,-0.22,-0.02,0.19
730,2019-07-10,8.89,8.77,8.94,8.68,38400,40574975.0,2.92,-1.35,-0.12,0.15
731,2019-07-11,8.83,8.68,8.83,8.48,128958,132966616.0,3.99,-1.03,-0.09,0.5
732,2019-07-12,8.68,8.71,8.83,8.6,63930,66702153.0,2.65,0.35,0.03,0.25
733,2019-07-15,8.77,9.01,9.03,8.67,96625,102528558.0,4.13,3.44,0.3,0.37
734,2019-07-16,8.96,9.18,9.23,8.96,98090,107090833.0,3.0,1.89,0.17,0.38
735,2019-07-17,9.18,9.23,9.28,9.12,86650,95704283.0,1.74,0.54,0.05,0.33
736,2019-07-18,9.14,9.63,9.8,9.08,252925,289476160.0,7.8,4.33,0.4,0.98
737,2019-07-19,9.63,9.6,10.16,9.53,270855,319592080.0,6.54,-0.31,-0.03,1.04
738,2019-07-22,9.62,9.5,9.67,9.26,110346,124391977.0,4.27,-1.04,-0.1,0.43
739,2019-07-23,9.4,9.07,9.43,9.0,133969,147015744.0,4.53,-4.53,-0.43,0.52
740,2019-07-24,9.03,8.95,9.13,8.93,74457,80619653.0,2.21,-1.32,-0.12,0.29
741,2019-07-25,8.95,8.83,8.98,8.76,80337,85223331.0,2.46,-1.34,-0.12,0.31
742,2019-07-26,8.78,8.63,8.91,8.61,115456,120511066.0,3.4,-2.27,-0.2,0.45
743,2019-07-29,8.65,8.33,8.65,8.31,197282,198940917.0,3.94,-3.48,-0.3,0.76
744,2019-07-30,8.33,8.28,8.37,8.1,218055,215028616.0,3.24,-0.6,-0.05,0.84
745,2019-07-31,8.19,7.98,8.2,7.96,142155,137730930.0,2.9,-3.62,-0.3,0.55
746,2019-08-01,7.92,8.02,8.1,7.9,89157,85687314.0,2.51,0.5,0.04,0.34
747,2019-08-02,7.9,8.0,8.0,7.68,156893,147162028.0,3.99,-0.25,-0.02,0.61
748,2019-08-05,7.96,7.8,7.96,7.79,66750,63066218.0,2.13,-2.5,-0.2,0.26
749,2019-08-06,7.66,7.63,7.71,7.25,121349,109367925.0,5.9,-2.18,-0.17,0.47
750,2019-08-07,7.63,7.54,7.67,7.46,70486,63869311.0,2.75,-1.18,-0.09,0.27
751,2019-08-08,7.57,7.49,7.62,7.49,71637,64754661.0,1.72,-0.66,-0.05,0.28
752,2019-08-09,7.53,7.31,7.57,7.31,104007,92491499.0,3.47,-2.4,-0.18,0.4
753,2019-08-12,7.43,7.28,7.43,7.21,118343,103549346.0,3.01,-0.41,-0.03,0.46
754,2019-08-13,7.28,7.31,7.33,7.06,171120,148174878.0,3.71,0.41,0.03,0.66
755,2019-08-14,7.34,7.28,7.35,7.26,135992,119018263.0,1.23,-0.41,-0.03,0.52
756,2019-08-15,7.19,7.09,7.19,6.98,154860,131386946.0,2.88,-2.61,-0.19,0.6
757,2019-08-16,7.15,7.33,7.37,7.1,235693,205712294.0,3.81,3.39,0.24,0.91
758,2019-08-19,7.35,7.4,7.48,7.28,177704,157143898.0,2.73,0.95,0.07,0.69
759,2019-08-20,7.38,7.38,7.43,7.27,154221,136100732.0,2.16,-0.27,-0.02,0.59
760,2019-08-21,7.34,7.29,7.38,7.23,153863,134349340.0,2.03,-1.22,-0.09,0.59
761,2019-08-22,7.29,7.23,7.3,7.21,116017,100820017.0,1.23,-0.82,-0.06,0.45
762,2019-08-23,7.23,7.14,7.24,7.08,105460,90413979.0,2.21,-1.24,-0.09,0.41
763,2019-08-26,6.98,7.23,7.23,6.97,117769,100835262.0,3.64,1.26,0.09,0.45
764,2019-08-27,7.29,7.34,7.58,7.26,185779,164911913.0,4.43,1.52,0.11,0.72
765,2019-08-28,7.39,7.32,7.43,7.28,134454,118375842.0,2.04,-0.27,-0.02,0.52
766,2019-08-29,7.35,7.39,7.48,7.28,146917,130231797.0,2.73,0.96,0.07,0.57
767,2019-08-30,7.4,7.43,7.54,7.31,174406,155173384.0,3.11,0.54,0.04,0.67
768,2019-09-02,7.37,7.54,7.56,7.33,173296,155573228.0,3.1,1.48,0.11,0.67
769,2019-09-03,7.54,7.48,7.56,7.46,96632,86945966.0,1.33,-0.8,-0.06,0.37
770,2019-09-04,7.47,7.88,7.93,7.43,281626,261571593.0,6.68,5.35,0.4,1.09
771,2019-09-05,7.88,7.78,8.03,7.75,261963,247379896.0,3.55,-1.27,-0.1,1.01
772,2019-09-06,7.83,7.86,7.94,7.68,185473,173833812.0,3.34,1.03,0.08,0.72
773,2019-09-09,7.83,7.93,7.99,7.8,175936,167139427.0,2.42,0.89,0.07,0.68
774,2019-09-10,7.93,7.88,7.98,7.85,142558,135216921.0,1.64,-0.63,-0.05,0.55
775,2019-09-11,7.9,7.92,7.96,7.87,177113,168305961.0,1.14,0.51,0.04,0.68
776,2019-09-12,7.97,7.94,8.03,7.91,157745,150357232.0,1.52,0.25,0.02,0.61
777,2019-09-16,7.94,7.88,7.96,7.86,142358,134917488.0,1.26,-0.76,-0.06,0.55
778,2019-09-17,7.89,7.85,7.96,7.8,170254,161211532.0,2.03,-0.38,-0.03,0.66
779,2019-09-18,7.89,7.83,8.0,7.83,151831,143982909.0,2.17,-0.25,-0.02,0.59
780,2019-09-19,7.88,7.88,7.97,7.76,150119,141919599.0,2.68,0.64,0.05,0.58
781,2019-09-20,7.92,7.96,8.03,7.83,136634,129875939.0,2.54,1.02,0.08,0.53
782,2019-09-23,7.97,7.82,7.97,7.75,164701,155129042.0,2.76,-1.76,-0.14,0.64
783,2019-09-24,7.91,7.86,7.93,7.81,130225,123045273.0,1.53,0.51,0.04,0.5
784,2019-09-25,7.83,7.57,7.9,7.51,131444,121283135.0,4.96,-3.69,-0.29,0.51
785,2019-09-26,7.67,7.52,7.69,7.45,113818,103332077.0,3.17,-0.66,-0.05,0.44
786,2019-09-27,7.45,7.48,7.55,7.45,103106,92788200.0,1.33,-0.53,-0.04,0.4
787,2019-09-30,7.54,7.48,7.54,7.43,81329,73048526.0,1.47,0.0,0.0,0.31
788,2019-10-08,7.4,7.42,7.5,7.36,78851,70217904.0,1.87,-0.8,-0.06,0.3
789,2019-10-09,7.41,7.31,7.42,7.17,92331,80982466.0,3.37,-1.48,-0.11,0.36
790,2019-10-10,7.42,7.38,7.53,7.36,134980,120047206.0,2.33,0.96,0.07,0.52
791,2019-10-11,7.43,7.54,7.65,7.31,176383,157673865.0,4.61,2.17,0.16,0.68
792,2019-10-14,7.56,7.59,7.61,7.45,156345,141432838.0,2.12,0.66,0.05,0.6
793,2019-10-15,7.5,7.48,7.55,7.2,152390,135272286.0,4.61,-1.45,-0.11,0.59
794,2019-10-16,7.43,7.24,7.46,7.22,144005,125894666.0,3.21,-3.21,-0.24,0.56
795,2019-10-17,7.23,7.39,7.43,7.23,141023,124417221.0,2.76,2.07,0.15,0.54
796,2019-10-18,7.4,7.43,7.47,7.33,108952,96663460.0,1.89,0.54,0.04,0.42
797,2019-10-21,7.44,7.64,7.69,7.36,151079,137638623.0,4.44,2.83,0.21,0.58
798,2019-10-22,7.64,7.65,7.75,7.58,112176,103302194.0,2.23,0.13,0.01,0.43
799,2019-10-23,7.69,7.67,7.74,7.63,72741,67032652.0,1.44,0.26,0.02,0.28
800,2019-10-24,7.7,7.69,7.8,7.63,118423,109344270.0,2.22,0.26,0.02,0.46
801,2019-10-25,7.7,7.59,7.73,7.08,131314,119429709.0,8.45,-1.3,-0.1,0.51
802,2019-10-28,7.66,7.66,7.73,7.59,158828,145842889.0,1.84,0.92,0.07,0.61
803,2019-10-29,7.66,7.69,7.73,7.55,201525,185398764.0,2.35,0.39,0.03,0.78
804,2019-10-30,7.56,7.49,7.68,7.34,147008,132205821.0,4.42,-2.6,-0.2,0.57
805,2019-10-31,7.49,7.46,7.56,7.43,67802,60929377.0,1.74,-0.4,-0.03,0.26
806,2019-11-01,7.44,7.44,7.47,7.37,100079,88975403.0,1.34,-0.27,-0.02,0.39
807,2019-11-04,7.46,7.39,7.46,7.16,161014,141058594.0,4.03,-0.67,-0.05,0.62
808,2019-11-05,7.34,7.33,7.46,7.27,117218,102904226.0,2.57,-0.81,-0.06,0.45
809,2019-11-06,7.31,7.26,7.36,7.22,84711,74049346.0,1.91,-0.95,-0.07,0.33
810,2019-11-07,7.25,7.43,7.43,7.23,124414,109619145.0,2.75,2.34,0.17,0.48
811,2019-11-08,7.48,7.37,7.58,7.33,141853,126882134.0,3.36,-0.81,-0.06,0.55
812,2019-11-11,7.47,7.43,7.6,7.39,168475,151479281.0,2.85,0.81,0.06,0.65
813,2019-11-12,7.5,7.38,7.5,7.28,103942,91683713.0,2.96,-0.67,-0.05,0.4
814,2019-11-13,7.31,7.34,7.44,7.25,82918,73268378.0,2.57,-0.54,-0.04,0.32
815,2019-11-14,7.42,7.33,7.42,7.27,99543,87473869.0,2.04,-0.14,-0.01,0.38
816,2019-11-15,7.33,7.28,7.36,7.24,73201,64140534.0,1.64,-0.68,-0.05,0.28
817,2019-11-18,7.32,7.43,7.71,7.27,206616,186172597.0,6.04,2.06,0.15,0.8
818,2019-11-19,7.5,7.94,8.18,7.45,916821,864971936.0,9.83,6.86,0.51,3.54
819,2019-11-20,8.13,7.95,8.4,7.94,775426,755129952.0,5.79,0.13,0.01,2.99
820,2019-11-21,7.85,7.73,7.88,7.68,282668,263530699.0,2.52,-2.77,-0.22,1.09
821,2019-11-22,7.75,7.63,7.85,7.58,203423,188446583.0,3.49,-1.29,-0.1,0.78
822,2019-11-25,7.65,7.92,7.93,7.64,321294,301245008.0,3.8,3.8,0.29,1.24
823,2019-11-26,8.08,8.16,8.3,7.94,664103,648550608.0,4.55,3.03,0.24,2.56
824,2019-11-27,8.17,8.35,8.47,8.06,595493,594598304.0,5.02,2.33,0.19,2.3
825,2019-11-28,8.35,8.18,8.38,8.15,272695,269235312.0,2.75,-2.04,-0.17,1.05
826,2019-11-29,8.19,8.13,8.28,8.06,266304,260354326.0,2.69,-0.61,-0.05,1.03
827,2019-12-02,8.22,8.23,8.25,8.06,333959,326432848.0,2.34,1.23,0.1,1.29
828,2019-12-03,8.13,8.03,8.15,7.76,426339,406780304.0,4.74,-2.43,-0.2,1.64
829,2019-12-04,7.98,8.33,8.39,7.92,447144,443743840.0,5.85,3.74,0.3,1.72
830,2019-12-05,8.33,8.3,8.36,8.14,345910,342294688.0,2.64,-0.36,-0.03,1.33
831,2019-12-06,8.29,8.49,8.56,8.13,468768,472642528.0,5.18,2.29,0.19,1.81
832,2019-12-09,8.48,8.51,8.71,8.4,393815,402289328.0,3.65,0.24,0.02,1.52
833,2019-12-10,8.47,8.48,8.69,8.4,326304,333017344.0,3.41,-0.35,-0.03,1.26
834,2019-12-11,8.48,8.35,8.66,8.31,367772,373902864.0,4.13,-1.53,-0.13,1.42
835,2019-12-12,8.35,8.22,8.42,8.22,229771,229558746.0,2.4,-1.56,-0.13,0.89
836,2019-12-13,8.29,8.25,8.37,8.18,312302,310028688.0,2.31,0.36,0.03,1.2
837,2019-12-16,8.33,8.58,8.59,8.26,445759,452675120.0,4.0,4.0,0.33,1.72
838,2019-12-17,8.61,8.53,8.63,8.48,306805,314754240.0,1.75,-0.58,-0.05,1.18
839,2019-12-18,8.6,9.38,9.38,8.54,909704,983864176.0,9.85,9.96,0.85,3.51
840,2019-12-19,9.58,9.76,9.98,9.43,948947,1098843376.0,5.86,4.05,0.38,3.66
841,2019-12-20,9.69,9.55,10.03,9.43,636120,738640096.0,6.15,-2.15,-0.21,2.45
842,2019-12-23,9.33,9.48,9.71,9.2,470658,537586640.0,5.34,-0.73,-0.07,1.82
843,2019-12-24,9.43,9.93,10.04,9.42,596081,701649984.0,6.54,4.75,0.45,2.3
844,2019-12-25,9.82,10.23,10.38,9.73,605111,729014368.0,6.55,3.02,0.3,2.33
845,2019-12-26,10.13,10.02,10.38,9.91,384446,466484240.0,4.59,-2.05,-0.21,1.48
846,2019-12-27,10.17,9.86,10.3,9.79,432095,521843968.0,5.09,-1.6,-0.16,1.67
847,2019-12-30,9.83,9.89,9.95,9.58,360006,422344768.0,3.75,0.3,0.03,1.39
848,2019-12-31,9.88,9.53,10.07,9.32,618218,710892320.0,7.58,-3.64,-0.36,2.38
849,2020-01-02,9.68,10.15,10.2,9.58,734209,880699808.0,6.51,6.51,0.62,2.83
850,2020-01-03,10.58,10.63,10.82,10.37,916088,1169246624.0,4.43,4.73,0.48,3.53
851,2020-01-06,10.5,10.71,10.78,10.37,751489,956091216.0,3.86,0.75,0.08,2.9
852,2020-01-07,10.86,11.08,11.2,10.73,702264,923838384.0,4.39,3.45,0.37,2.71
853,2020-01-08,10.83,10.53,10.88,10.42,644797,825173616.0,4.15,-4.96,-0.55,2.49
854,2020-01-09,10.74,10.73,10.94,10.61,466092,601219584.0,3.13,1.9,0.2,1.8
855,2020-01-10,10.68,10.7,10.83,10.52,240981,308530816.0,2.89,-0.28,-0.03,0.93
856,2020-01-13,10.76,10.66,10.96,10.3,361262,456469696.0,6.17,-0.37,-0.04,1.39
857,2020-01-14,10.78,11.14,11.41,10.72,587125,777384112.0,6.47,4.5,0.48,2.26
858,2020-01-15,11.11,10.83,11.27,10.58,414557,541742448.0,6.19,-2.78,-0.31,1.6
859,2020-01-16,10.99,10.76,11.01,10.75,378970,493159376.0,2.4,-0.65,-0.07,1.46
860,2020-01-17,10.81,10.77,11.03,10.63,287328,370457072.0,3.72,0.09,0.01,1.11
861,2020-01-20,10.68,10.71,10.88,10.58,367756,472748640.0,2.79,-0.56,-0.06,1.42
862,2020-01-21,10.73,10.77,10.85,10.34,452559,576637216.0,4.76,0.56,0.06,1.75
863,2020-01-22,10.62,10.68,10.71,10.17,417333,524795376.0,5.01,-0.84,-0.09,1.61
864,2020-01-23,10.57,10.58,10.98,10.0,460393,584487600.0,9.18,-0.94,-0.1,1.78
865,2020-02-03,9.53,9.72,10.21,9.53,604293,706727520.0,6.43,-8.13,-0.86,2.33
866,2020-02-04,9.73,10.35,10.42,9.67,464640,559340576.0,7.72,6.48,0.63,1.79
867,2020-02-05,10.4,9.93,10.4,9.86,730539,885737280.0,5.22,-4.06,-0.42,2.82
868,2020-02-06,9.98,10.83,10.92,9.98,792903,1002811968.0,9.47,9.06,0.9,3.06
869,2020-02-07,10.94,11.48,11.66,10.71,950952,1293023824.0,8.77,6.0,0.65,3.67
870,2020-02-10,11.77,11.73,12.16,11.52,841168,1188573920.0,5.57,2.18,0.25,3.24
871,2020-02-11,11.74,11.78,12.03,11.34,604757,850711792.0,5.88,0.43,0.05,2.33
872,2020-02-12,11.8,12.58,12.78,11.8,703670,1040311008.0,8.32,6.79,0.8,2.71
873,2020-02-13,12.71,12.66,13.18,12.54,616772,946817888.0,5.09,0.64,0.08,2.38
874,2020-02-14,12.48,12.68,12.9,12.39,600871,910180240.0,4.03,0.16,0.02,2.32
875,2020-02-17,12.72,12.51,12.88,12.44,646713,981404464.0,3.47,-1.34,-0.17,2.49
876,2020-02-18,12.52,12.66,12.96,12.43,645763,981267056.0,4.24,1.2,0.15,2.49
877,2020-02-19,12.63,12.33,12.65,12.07,750709,1104645936.0,4.58,-2.61,-0.33,2.9
878,2020-02-20,12.29,12.11,12.33,11.66,631730,905429808.0,5.43,-1.78,-0.22,2.44
879,2020-02-21,12.15,12.24,12.53,11.97,520275,766920928.0,4.62,1.07,0.13,2.01
880,2020-02-24,12.09,12.43,12.54,12.08,619381,915583552.0,3.76,1.55,0.19,2.39
881,2020-02-25,12.25,12.11,12.43,11.77,647031,937049168.0,5.31,-2.57,-0.32,2.5
882,2020-02-26,11.99,11.52,11.99,11.51,647717,910311632.0,3.96,-4.87,-0.59,2.5
883,2020-02-27,11.67,11.63,11.9,11.39,639013,897035456.0,4.43,0.95,0.11,2.46
884,2020-02-28,11.46,11.21,12.11,11.11,690172,958266000.0,8.6,-3.61,-0.42,2.66
885,2020-03-02,11.59,11.14,11.79,10.58,908699,1202113712.0,10.79,-0.62,-0.07,3.51
886,2020-03-03,11.27,10.96,11.58,10.84,732221,982159488.0,6.64,-1.62,-0.18,2.82
887,2020-03-04,10.93,11.32,11.42,10.81,510476,680652064.0,5.57,3.28,0.36,1.97
888,2020-03-05,11.34,11.7,11.72,11.23,557964,768979328.0,4.33,3.36,0.38,2.15
889,2020-03-06,11.58,11.76,11.92,11.45,637139,891729568.0,4.02,0.51,0.06,2.46
890,2020-03-09,11.58,10.97,11.58,10.94,511420,688931152.0,5.44,-6.72,-0.79,1.97
891,2020-03-10,10.83,11.58,11.75,10.69,611268,825712128.0,9.66,5.56,0.61,2.36
892,2020-03-11,11.62,11.28,11.72,11.23,320145,441234864.0,4.23,-2.59,-0.3,1.23
893,2020-03-12,11.0,10.99,11.25,10.87,295207,390712560.0,3.37,-2.57,-0.29,1.14
894,2020-03-13,10.29,10.81,10.91,10.15,432032,546946720.0,6.92,-1.64,-0.18,1.67
895,2020-03-16,10.86,10.83,11.52,10.63,615510,818368960.0,8.23,0.19,0.02,2.37
896,2020-03-17,10.91,11.06,11.18,10.73,477777,628450288.0,4.16,2.12,0.23,1.84
897,2020-03-18,11.29,11.08,11.69,11.08,568732,775828384.0,5.52,0.18,0.02,2.19
898,2020-03-19,11.21,11.73,11.73,11.12,720990,991159856.0,5.51,5.87,0.65,2.78
899,2020-03-20,12.0,12.04,12.38,11.9,730915,1065837600.0,4.09,2.64,0.31,2.82
900,2020-03-23,11.68,11.56,12.12,11.42,454801,642353712.0,5.81,-3.99,-0.48,1.75
901,2020-03-24,11.83,11.45,11.93,11.03,475791,653855696.0,7.79,-0.95,-0.11,1.84
902,2020-03-25,11.68,12.0,12.08,11.54,424760,605190944.0,4.72,4.8,0.55,1.64
903,2020-03-26,11.89,11.7,12.07,11.6,348104,493351568.0,3.92,-2.5,-0.3,1.34
904,2020-03-27,11.83,11.13,11.88,11.03,511839,696242880.0,7.26,-4.87,-0.57,1.97
905,2020-03-30,10.84,10.47,10.9,10.28,412766,523491504.0,5.57,-5.93,-0.66,1.59
906,2020-03-31,10.63,10.29,10.74,10.15,413371,515081728.0,5.64,-1.72,-0.18,1.59
907,2020-04-01,10.32,10.3,10.66,10.21,286185,358062208.0,4.37,0.1,0.01,1.1
908,2020-04-02,10.33,10.58,10.59,10.21,306209,383859872.0,3.69,2.72,0.28,1.18
909,2020-04-03,10.56,10.67,10.85,10.48,248281,319217680.0,3.5,0.85,0.09,0.96
910,2020-04-07,10.89,11.01,11.13,10.82,316651,416956448.0,2.91,3.19,0.34,1.22
911,2020-04-08,10.99,11.32,11.71,10.94,392193,530536464.0,6.99,2.82,0.31,1.51
912,2020-04-09,11.24,12.03,12.08,11.19,757806,1063638176.0,7.86,6.27,0.71,2.92
913,2020-04-10,11.91,11.33,11.91,11.26,537279,741023824.0,5.4,-5.82,-0.7,2.07
914,2020-04-13,11.33,10.84,11.33,10.79,313967,412918976.0,4.77,-4.32,-0.49,1.21
915,2020-04-14,11.23,11.91,11.93,11.17,1491440,2107545648.0,7.01,9.87,1.07,5.75
916,2020-04-15,11.65,11.59,11.93,11.52,720732,1009825840.0,3.44,-2.69,-0.32,2.78
917,2020-04-16,11.5,12.09,12.35,11.43,1077109,1541768688.0,7.94,4.31,0.5,4.15
918,2020-04-17,12.25,12.03,12.29,11.83,731828,1058262256.0,3.8,-0.5,-0.06,2.82
919,2020-04-20,11.92,11.93,12.2,11.83,601177,863919056.0,3.08,-0.83,-0.1,2.32
920,2020-04-21,11.9,11.6,11.9,11.4,533095,741276560.0,4.19,-2.77,-0.33,2.06
921,2020-04-22,11.43,11.73,11.78,11.43,326178,454748208.0,3.02,1.12,0.13,1.26
922,2020-04-23,11.76,11.36,11.81,11.36,397180,547830576.0,3.84,-3.15,-0.37,1.53
923,2020-04-24,11.33,11.22,11.45,11.14,301212,407031280.0,2.73,-1.23,-0.14,1.16
924,2020-04-27,11.26,11.39,11.57,11.24,290408,398440016.0,2.94,1.52,0.17,1.12
925,2020-04-28,11.39,11.33,11.53,10.86,331969,448705168.0,5.88,-0.53,-0.06,1.28
926,2020-04-29,11.35,11.57,11.78,11.29,356525,496469040.0,4.32,2.12,0.24,1.38
927,2020-04-30,11.92,11.58,12.0,11.48,520507,727803392.0,4.49,0.09,0.01,2.01
928,2020-05-06,11.54,11.68,11.73,11.38,441052,612392192.0,3.02,0.86,0.1,1.7
929,2020-05-07,11.72,12.2,12.25,11.61,746011,1078490816.0,5.48,4.45,0.52,2.88
930,2020-05-08,12.2,12.14,12.28,12.02,507843,739487904.0,2.13,-0.49,-0.06,1.96
931,2020-05-11,12.32,12.07,12.48,11.99,440481,644698352.0,4.04,-0.58,-0.07,1.7
932,2020-05-12,12.11,11.99,12.18,11.78,396050,567660352.0,3.31,-0.66,-0.08,1.53
933,2020-05-13,12.07,12.23,12.27,11.9,493713,716331504.0,3.09,2.0,0.24,1.9
934,2020-05-14,12.25,11.98,12.38,11.96,472786,691291264.0,3.43,-2.04,-0.25,1.82
935,2020-05-15,12.08,11.83,12.12,11.79,351702,501411712.0,2.75,-1.25,-0.15,1.36
936,2020-05-18,11.83,11.53,11.84,11.44,340400,474302400.0,3.38,-2.54,-0.3,1.31
937,2020-05-19,11.63,11.61,11.71,11.43,330904,459016512.0,2.43,0.69,0.08,1.28
938,2020-05-20,11.61,11.33,11.62,11.26,368969,504780016.0,3.1,-2.41,-0.28,1.42
939,2020-05-21,11.36,11.15,11.42,11.13,307614,414742432.0,2.56,-1.59,-0.18,1.19
940,2020-05-22,11.2,11.11,11.4,11.02,306002,411797712.0,3.41,-0.36,-0.04,1.18
941,2020-05-25,11.01,11.28,11.28,10.85,331512,439420064.0,3.87,1.53,0.17,1.28
942,2020-05-26,11.27,11.21,11.33,11.14,290995,391817408.0,1.68,-0.62,-0.07,1.12
943,2020-05-27,11.23,10.83,11.27,10.74,423485,555432064.0,4.73,-3.39,-0.38,1.63
944,2020-05-28,10.71,10.79,10.88,10.48,357089,458625600.0,3.69,-0.37,-0.04,1.38
945,2020-05-29,10.69,11.17,11.18,10.68,586836,773958000.0,4.63,3.52,0.38,2.26
946,2020-06-01,11.11,11.34,11.43,11.05,567314,766057040.0,3.4,1.52,0.17,2.19
947,2020-06-02,11.43,11.12,11.43,11.04,448946,601484160.0,3.44,-1.94,-0.22,1.73
948,2020-06-03,11.12,10.97,11.17,10.88,356741,470668832.0,2.61,-1.35,-0.15,1.38
949,2020-06-04,10.99,10.74,11.0,10.68,364162,471916512.0,2.92,-2.1,-0.23,1.4
950,2020-06-05,10.78,11.16,11.18,10.67,461680,610081136.0,4.75,3.91,0.42,1.78
951,2020-06-08,11.38,11.0,11.39,10.96,330979,441616768.0,3.85,-1.43,-0.16,1.28
952,2020-06-09,11.03,11.33,11.35,10.94,504119,679341104.0,3.73,3.0,0.33,1.94
953,2020-06-10,11.33,11.48,11.52,11.21,426723,582484096.0,2.74,1.32,0.15,1.65
954,2020-06-11,11.56,11.62,11.88,11.45,652745,914984896.0,3.75,1.22,0.14,2.52
955,2020-06-12,11.25,12.06,12.09,11.2,786728,1111065376.0,7.66,3.79,0.44,3.03
956,2020-06-15,12.14,12.18,12.33,11.85,1002428,1460478080.0,3.98,1.0,0.12,3.87
957,2020-06-16,12.17,12.02,12.28,11.94,798392,1156546560.0,2.79,-1.31,-0.16,3.08
958,2020-06-17,12.1,11.72,12.21,11.57,866200,1226872576.0,5.32,-2.5,-0.3,3.34
959,2020-06-18,11.26,11.49,11.79,11.13,736798,1017196864.0,5.63,-1.96,-0.23,2.84
960,2020-06-19,11.47,11.4,11.7,11.33,599505,826533152.0,3.22,-0.78,-0.09,2.31
961,2020-06-22,11.49,11.78,11.85,11.4,765943,1072289680.0,3.95,3.33,0.38,2.95
962,2020-06-23,11.85,12.72,12.96,11.79,2018272,3069236672.0,9.93,7.98,0.94,7.79
963,2020-06-24,12.73,13.11,13.39,12.63,1392366,2188454736.0,5.97,3.07,0.39,5.37
964,2020-06-29,13.17,12.58,13.25,12.36,1284239,1959865536.0,6.79,-4.04,-0.53,4.95
965,2020-06-30,12.61,12.76,12.98,12.26,832498,1266182992.0,5.72,1.43,0.18,3.21
966,2020-07-01,12.88,12.77,13.08,12.46,697462,1068345472.0,4.86,0.08,0.01,2.69
967,2020-07-02,12.83,12.68,13.0,12.54,759724,1160597824.0,3.6,-0.7,-0.09,2.93
968,2020-07-03,12.75,12.95,13.23,12.48,1161067,1787396544.0,5.91,2.13,0.27,3.32
969,2020-07-06,12.94,13.42,13.42,12.75,1464529,2310080336.0,5.17,3.63,0.47,4.19
970,2020-07-07,13.55,14.22,14.5,13.29,1493834,2489551568.0,9.02,5.96,0.8,4.27
971,2020-07-08,14.24,14.36,14.53,13.93,1158414,1980104352.0,4.22,0.98,0.14,3.31
972,2020-07-09,14.36,14.3,15.0,14.05,1519628,2650438336.0,6.62,-0.42,-0.06,4.35
973,2020-07-10,14.23,14.27,14.42,13.85,1190263,2014420848.0,3.99,-0.21,-0.03,3.4
974,2020-07-13,14.0,14.3,14.65,13.91,1622966,2330655440.0,5.19,0.21,0.03,3.89
975,2020-07-14,14.25,13.89,14.54,13.68,1422798,2006326064.0,6.01,-2.87,-0.41,3.41
976,2020-07-15,13.83,13.18,13.83,13.11,1422345,1900527504.0,5.18,-5.11,-0.71,3.41
977,2020-07-16,13.21,12.28,13.38,12.27,1166188,1501692176.0,8.42,-6.83,-0.9,2.79
978,2020-07-17,12.48,12.42,12.62,12.15,857098,1059982688.0,3.83,1.14,0.14,2.05
979,2020-07-20,12.57,12.55,12.67,12.21,937428,1166356352.0,3.7,1.05,0.13,2.24
980,2020-07-21,12.43,12.38,12.66,12.3,801259,996910272.0,2.87,-1.35,-0.17,1.92
981,2020-07-22,12.38,12.22,12.56,12.18,1401831,1733104656.0,3.07,-1.29,-0.16,3.36
982,2020-07-23,12.01,11.49,12.01,11.19,2188027,2526006144.0,6.71,-5.97,-0.73,5.24
983,2020-07-24,11.49,11.33,11.85,11.13,1392952,1604175200.0,6.27,-1.39,-0.16,3.34
984,2020-07-27,11.44,12.27,12.28,11.41,1482223,1763808320.0,7.68,8.3,0.94,3.55
985,2020-07-28,12.3,12.44,12.98,12.16,1994843,2485564144.0,6.68,1.39,0.17,4.78
986,2020-07-29,12.25,12.44,12.44,12.07,1336423,1637419072.0,2.97,0.0,0.0,3.2
987,2020-07-30,12.48,12.06,12.54,12.04,1080354,1320096496.0,4.02,-3.05,-0.38,2.59
988,2020-07-31,11.98,12.1,12.3,11.85,803636,973650848.0,3.73,0.33,0.04,1.92
989,2020-08-03,12.1,12.21,12.28,11.98,982335,1191459232.0,2.48,0.91,0.11,2.35
990,2020-08-04,12.25,11.68,12.31,11.64,1612882,1912957088.0,5.49,-4.34,-0.53,3.86
991,2020-08-05,11.52,11.75,11.84,11.52,795384,933409216.0,2.74,0.6,0.07,1.9
992,2020-08-06,11.68,11.27,11.69,11.2,1695081,1920614704.0,4.17,-4.09,-0.48,4.06
993,2020-08-07,11.37,11.07,11.41,10.81,1046085,1158843600.0,5.32,-1.77,-0.2,2.51
994,2020-08-10,11.05,11.07,11.15,10.8,757616,829850256.0,3.16,0.0,0.0,1.81
995,2020-08-11,11.09,10.68,11.14,10.66,1101406,1195976672.0,4.34,-3.52,-0.39,2.64
996,2020-08-12,10.61,10.37,10.66,10.13,1358912,1399528400.0,4.96,-2.9,-0.31,3.25
997,2020-08-13,10.5,10.59,10.86,10.46,973099,1034058736.0,3.86,2.12,0.22,2.33
998,2020-08-14,10.51,10.64,10.67,10.37,580935,612318192.0,2.83,0.47,0.05,1.39
999,2020-08-17,10.65,10.77,10.77,10.51,912298,971905808.0,2.44,1.22,0.13,2.18
1000,2020-08-18,10.77,11.2,11.3,10.69,1353634,1492744320.0,5.66,3.99,0.43,3.24
1001,2020-08-19,11.19,11.03,11.27,10.96,737838,817889840.0,2.77,-1.52,-0.17,1.77
1002,2020-08-20,10.9,10.75,11.04,10.7,607135,658580576.0,3.08,-2.54,-0.28,1.45
1003,2020-08-21,10.81,10.87,11.13,10.75,688060,751361568.0,3.53,1.12,0.12,1.65
1004,2020-08-24,10.97,10.84,10.97,10.75,562272,610259312.0,2.02,-0.28,-0.03,1.35
1005,2020-08-25,10.84,10.91,11.1,10.78,716799,782411920.0,2.95,0.65,0.07,1.72
1006,2020-08-26,10.9,10.58,10.91,10.55,723001,771842992.0,3.3,-3.02,-0.33,1.73
1007,2020-08-27,10.55,10.58,10.65,10.47,408348,431865168.0,1.7,0.0,0.0,0.98
1008,2020-08-28,10.59,10.84,10.84,10.46,731769,781905264.0,3.59,2.46,0.26,1.75
1009,2020-08-31,11.0,11.07,11.28,10.95,1338682,1487836608.0,3.04,2.12,0.23,3.21
1010,2020-09-01,11.1,11.42,11.5,11.0,1277140,1448396640.0,4.52,3.16,0.35,3.06
1011,2020-09-02,11.47,11.4,11.52,11.22,827616,939192176.0,2.63,-0.18,-0.02,1.98
1012,2020-09-03,11.4,11.14,11.4,11.1,661921,744712592.0,2.63,-2.28,-0.26,1.59
1013,2020-09-04,10.91,11.24,11.33,10.83,563153,626875984.0,4.49,0.9,0.1,1.35
1014,2020-09-07,11.3,10.97,11.3,10.87,595524,660142480.0,3.83,-2.4,-0.27,1.43
1015,2020-09-08,10.95,11.0,11.07,10.83,504816,553224576.0,2.19,0.27,0.03,1.21
1016,2020-09-09,10.82,10.63,10.87,10.52,623668,667429248.0,3.18,-3.36,-0.37,1.49
1017,2020-09-10,10.73,10.25,10.78,10.25,541662,568479376.0,4.99,-3.57,-0.38,1.3
1018,2020-09-11,10.24,10.65,10.67,10.03,549083,572273648.0,6.24,3.9,0.4,1.31
1019,2020-09-14,10.75,10.6,10.82,10.48,436092,461986272.0,3.19,-0.47,-0.05,1.04
1020,2020-09-15,10.62,10.62,10.7,10.52,343845,364927024.0,1.7,0.19,0.02,0.82
1021,2020-09-16,10.62,10.52,10.63,10.44,331065,347615504.0,1.79,-0.94,-0.1,0.79
1022,2020-09-17,10.44,10.41,10.49,10.31,379153,394552896.0,1.71,-1.05,-0.11,0.91
1023,2020-09-18,10.4,10.59,10.61,10.36,552175,580871216.0,2.4,1.73,0.18,1.32
1024,2020-09-21,10.61,10.56,10.85,10.55,496335,529759424.0,2.83,-0.28,-0.03,1.19
1025,2020-09-22,10.41,10.3,10.57,10.25,428702,445240336.0,3.03,-2.46,-0.26,1.03
1026,2020-09-23,10.29,10.44,10.44,10.25,277880,287382480.0,1.84,1.36,0.14,0.67
1027,2020-09-24,10.31,10.19,10.51,10.18,391959,403717728.0,3.16,-2.39,-0.25,0.94
1028,2020-09-25,10.25,10.04,10.27,10.04,355242,358992736.0,2.26,-1.47,-0.15,0.85
1029,2020-09-28,10.05,9.72,10.1,9.71,490364,484313312.0,3.88,-3.19,-0.32,1.17
1030,2020-09-29,9.8,9.73,9.87,9.7,289022,282308864.0,1.75,0.1,0.01,0.69
1031,2020-09-30,9.74,9.52,9.77,9.48,421044,404370304.0,2.98,-2.16,-0.21,1.01
1032,2020-10-09,9.62,9.72,9.81,9.58,467114,453218480.0,2.42,2.1,0.2,1.12
1033,2020-10-12,9.75,9.97,9.98,9.66,609341,599566208.0,3.29,2.57,0.25,1.46
1034,2020-10-13,9.95,9.88,9.95,9.83,316127,312053136.0,1.2,-0.9,-0.09,0.76
1035,2020-10-14,9.85,9.49,9.85,9.46,668281,639419376.0,3.95,-3.95,-0.39,1.6
1036,2020-10-15,9.49,8.83,9.49,8.7,2027855,1809446768.0,8.32,-6.95,-0.66,4.51
1037,2020-10-16,8.83,8.9,8.93,8.82,493769,438234896.0,1.25,0.79,0.07,1.1
1038,2020-10-19,8.9,8.79,8.95,8.73,410326,362628224.0,2.47,-1.24,-0.11,0.91
1039,2020-10-20,8.76,8.88,8.88,8.71,373976,328822544.0,1.93,1.02,0.09,0.83
1040,2020-10-21,8.9,8.73,8.9,8.68,342674,300230672.0,2.48,-1.69,-0.15,0.76
1041,2020-10-22,8.74,8.86,8.94,8.55,470654,414089184.0,4.47,1.49,0.13,1.05
1042,2020-10-23,8.86,8.66,8.89,8.63,393764,344280160.0,2.93,-2.26,-0.2,0.88
1043,2020-10-26,8.61,8.48,8.65,8.45,410431,348858784.0,2.31,-2.08,-0.18,0.91
1044,2020-10-27,8.45,8.57,8.73,8.42,324883,278729504.0,3.66,1.06,0.09,0.72
1045,2020-10-28,8.56,8.58,8.63,8.43,325437,277738144.0,2.33,0.12,0.01,0.72
1046,2020-10-29,8.47,8.53,8.58,8.43,265068,225751716.0,1.75,-0.58,-0.05,0.59
1047,2020-10-30,8.55,8.53,8.73,8.5,457343,393815152.0,2.7,0.0,0.0,1.02
1048,2020-11-02,8.29,7.69,8.29,7.68,1484671,1160847920.0,7.15,-9.85,-0.84,3.3
1049,2020-11-03,7.72,8.13,8.31,7.51,1132790,913448432.0,10.4,5.72,0.44,2.52
1050,2020-11-04,8.13,8.06,8.2,7.98,513388,413330064.0,2.71,-0.86,-0.07,1.14
1051,2020-11-05,8.14,8.14,8.25,8.04,426683,346786272.0,2.61,0.99,0.08,0.95
1052,2020-11-06,8.16,8.07,8.21,8.02,338412,273644464.0,2.33,-0.86,-0.07,0.75
1053,2020-11-09,8.13,8.4,8.49,8.08,749766,625567008.0,5.08,4.09,0.33,1.67
1054,2020-11-10,8.48,8.25,8.48,8.2,476001,394452976.0,3.33,-1.79,-0.15,1.06
1055,2020-11-11,8.25,7.98,8.25,7.98,466300,376016880.0,3.27,-3.27,-0.27,1.04
1056,2020-11-12,8.0,7.9,8.08,7.88,317640,252282435.0,2.51,-1.0,-0.08,0.71
1057,2020-11-13,7.9,7.99,8.13,7.71,460430,366969136.0,5.32,1.14,0.09,1.02
1058,2020-11-16,8.1,8.17,8.36,8.09,579155,475919344.0,3.38,2.25,0.18,1.29
1059,2020-11-17,8.09,8.06,8.11,7.97,386644,310841568.0,1.71,-1.35,-0.11,0.86
1060,2020-11-18,8.07,8.0,8.07,7.91,358637,286185664.0,1.99,-0.74,-0.06,0.8
1061,2020-11-19,7.97,7.95,8.01,7.88,298118,236905950.0,1.63,-0.63,-0.05,0.66
1062,2020-11-20,7.95,7.88,8.02,7.85,420366,332058736.0,2.14,-0.88,-0.07,0.93
1063,2020-11-23,7.86,7.83,7.95,7.6,718424,555533808.0,4.44,-0.63,-0.05,1.6
1064,2020-11-24,7.79,7.87,8.02,7.73,578340,455748592.0,3.7,0.51,0.04,1.29
1065,2020-11-25,7.88,7.71,7.89,7.7,407987,316985488.0,2.41,-2.03,-0.16,0.91
1066,2020-11-26,7.7,7.61,7.75,7.58,381050,290701664.0,2.2,-1.3,-0.1,0.85
1067,2020-11-27,7.59,7.59,7.66,7.53,319011,241616419.0,1.71,-0.26,-0.02,0.71
1068,2020-11-30,7.6,7.84,7.84,7.52,589386,455161184.0,4.22,3.29,0.25,1.31
1069,2020-12-01,7.81,8.26,8.33,7.77,1384068,1131576448.0,7.14,5.36,0.42,3.08
1070,2020-12-02,8.22,8.1,8.3,8.08,823430,672349248.0,2.66,-1.94,-0.16,1.83
1071,2020-12-03,8.14,8.11,8.19,8.06,523740,425422640.0,1.6,0.12,0.01,1.16
1072,2020-12-04,8.12,8.21,8.25,8.05,518076,422869024.0,2.47,1.23,0.1,1.15
1073,2020-12-07,8.23,7.99,8.24,7.96,706520,567796032.0,3.41,-2.68,-0.22,1.57
1074,2020-12-08,7.99,7.99,8.18,7.95,578918,466109024.0,2.88,0.0,0.0,1.29
1075,2020-12-09,8.0,7.76,8.0,7.75,449849,353090624.0,3.13,-2.88,-0.23,1.0
1076,2020-12-10,7.72,7.72,7.79,7.64,316871,244810324.0,1.93,-0.52,-0.04,0.7
1077,2020-12-11,7.7,7.77,7.81,7.62,438750,338360048.0,2.46,0.65,0.05,0.97
1078,2020-12-14,7.8,7.79,7.83,7.66,327395,253857207.0,2.19,0.26,0.02,0.73
1079,2020-12-15,7.8,7.67,7.81,7.65,472243,363498768.0,2.05,-1.54,-0.12,1.05
1080,2020-12-16,7.72,7.6,7.72,7.57,363048,275789424.0,1.96,-0.91,-0.07,0.81
1081,2020-12-17,7.57,7.39,7.58,7.21,704723,518762992.0,4.87,-2.76,-0.21,1.57
1082,2020-12-18,7.4,7.3,7.45,7.3,361319,265709498.0,2.03,-1.22,-0.09,0.8
1083,2020-12-21,7.26,7.4,7.45,7.19,423318,311184112.0,3.56,1.37,0.1,0.94
1084,2020-12-22,7.35,7.35,7.51,7.27,506890,373396768.0,3.24,-0.68,-0.05,1.13
1085,2020-12-23,7.29,7.19,7.34,7.16,524517,378694144.0,2.45,-2.18,-0.16,1.17
1086,2020-12-24,7.12,6.82,7.2,6.82,684073,476667264.0,5.29,-5.15,-0.37,1.52
1087,2020-12-25,6.76,6.94,7.02,6.58,824028,555642384.0,6.45,1.76,0.12,1.83
1088,2020-12-28,6.88,6.72,6.89,6.71,506900,343364528.0,2.59,-3.17,-0.22,1.13
1089,2020-12-29,6.78,7.0,7.21,6.7,893641,625916768.0,7.59,4.17,0.28,1.99
1090,2020-12-30,6.98,7.01,7.11,6.89,545434,382069648.0,3.14,0.14,0.01,1.21
1091,2020-12-31,7.11,7.11,7.24,7.06,472344,337152256.0,2.57,1.43,0.1,1.04
1092,2021-01-04,7.13,7.08,7.21,6.94,593925,419975376.0,3.8,-0.42,-0.03,1.31
1093,2021-01-05,7.05,7.11,7.23,7.01,521743,370918992.0,3.11,0.42,0.03,1.15
1094,2021-01-06,7.09,6.91,7.11,6.88,525136,365158672.0,3.23,-2.81,-0.2,1.16
1095,2021-01-07,6.89,6.73,6.92,6.64,611070,412345776.0,4.05,-2.6,-0.18,1.35
1096,2021-01-08,6.68,7.09,7.18,6.66,967321,677795280.0,7.73,5.35,0.36,2.14
1097,2021-01-11,7.12,6.94,7.25,6.93,674573,476252496.0,4.51,-2.12,-0.15,1.49
1098,2021-01-12,7.02,6.87,7.04,6.77,551306,378424736.0,3.89,-1.01,-0.07,1.22
1099,2021-01-13,6.89,6.78,6.96,6.76,497322,339941024.0,2.91,-1.31,-0.09,1.1
1100,2021-01-14,6.82,6.79,6.9,6.72,415009,282934000.0,2.65,0.15,0.01,0.92
1101,2021-01-15,6.79,6.78,6.9,6.69,434924,295146832.0,3.09,-0.15,-0.01,0.96
1102,2021-01-18,6.76,6.78,6.81,6.71,411216,278018960.0,1.47,0.0,0.0,0.91
1103,2021-01-19,6.76,6.6,6.77,6.59,704595,468849072.0,2.65,-2.65,-0.18,1.56
1104,2021-01-20,6.61,6.39,6.64,6.36,787282,507847568.0,4.24,-3.18,-0.21,1.74
1105,2021-01-21,6.39,6.77,6.81,6.39,1351271,902045104.0,6.57,5.95,0.38,2.99
1106,2021-01-22,6.7,6.46,6.7,6.41,892239,578916032.0,4.28,-4.58,-0.31,1.97
1107,2021-01-25,6.39,6.17,6.4,6.14,782357,488000960.0,4.02,-4.49,-0.29,1.73
1108,2021-01-26,6.12,6.15,6.38,6.11,544338,337734304.0,4.38,-0.32,-0.02,1.2
1109,2021-01-27,6.17,6.47,6.55,6.06,1334117,852569888.0,7.97,5.2,0.32,2.95
1110,2021-01-28,6.4,6.61,6.95,6.37,1279918,855313120.0,8.96,2.16,0.14,2.83
1111,2021-01-29,6.66,6.21,6.67,6.15,915659,581431392.0,7.87,-6.05,-0.4,2.02
1112,2021-02-01,6.18,6.19,6.49,6.18,664419,416764928.0,4.99,-0.32,-0.02,1.47
1113,2021-02-02,6.19,6.5,6.72,6.08,1076578,696960368.0,10.34,5.01,0.31,2.09
1114,2021-02-03,6.52,6.5,6.61,6.44,656000,426356448.0,2.62,0.0,0.0,1.27
1115,2021-02-04,6.47,6.22,6.48,6.14,710428,443257824.0,5.23,-4.31,-0.28,1.38
1116,2021-02-05,6.25,6.11,6.42,6.1,488616,302525776.0,5.14,-1.77,-0.11,0.95
1117,2021-02-08,6.09,5.87,6.13,5.85,611588,362040480.0,4.58,-3.93,-0.24,1.19
1118,2021-02-09,5.89,5.98,6.0,5.85,450681,267073215.0,2.56,1.87,0.11,0.87
1119,2021-02-10,6.06,6.19,6.29,6.01,610112,374935792.0,4.68,3.51,0.21,1.18
1120,2021-02-18,6.27,6.46,6.51,6.27,758752,487480400.0,3.88,4.36,0.27,1.47
1121,2021-02-19,6.46,6.78,6.87,6.4,1169531,783014960.0,7.28,4.95,0.32,2.27
1122,2021-02-22,6.81,6.66,6.83,6.58,1044902,700437104.0,3.69,-1.77,-0.12,2.03
1123,2021-02-23,6.61,6.44,6.66,6.43,733056,477989392.0,3.45,-3.3,-0.22,1.42
1124,2021-02-24,6.45,6.47,6.61,6.4,702944,457206048.0,3.26,0.47,0.03,1.36
1125,2021-02-25,6.48,6.33,6.51,6.3,599274,380409312.0,3.25,-2.16,-0.14,1.16
1126,2021-02-26,6.27,6.28,6.47,6.23,493187,312011664.0,3.79,-0.79,-0.05,0.96
1127,2021-03-01,6.33,6.63,6.65,6.32,769051,498932752.0,5.25,5.57,0.35,1.49
1128,2021-03-02,6.6,6.69,6.73,6.53,851143,565221520.0,3.02,0.9,0.06,1.65
1129,2021-03-03,6.65,6.71,6.76,6.64,617086,414183008.0,1.79,0.3,0.02,1.2
1130,2021-03-04,6.73,6.78,6.81,6.6,765557,514933824.0,3.13,1.04,0.07,1.48
1131,2021-03-05,6.74,7.1,7.18,6.71,1343405,945533552.0,6.93,4.72,0.32,2.6
1132,2021-03-08,7.14,7.24,7.53,7.04,1651018,1210586816.0,6.9,1.97,0.14,3.2
1133,2021-03-09,7.24,7.3,7.48,6.94,1449659,1055123360.0,7.46,0.83,0.06,2.81
1134,2021-03-10,7.3,7.0,7.34,6.98,990981,701350064.0,4.93,-4.11,-0.3,1.92
1135,2021-03-11,7.0,7.7,7.7,6.96,2495701,1892893696.0,10.57,10.0,0.7,4.84
1136,2021-03-12,7.66,7.58,7.74,7.45,1810825,1372978432.0,3.77,-1.56,-0.12,3.51
1137,2021-03-15,7.97,7.62,8.15,7.6,3175407,2491917392.0,7.26,0.53,0.04,6.16
1138,2021-03-16,7.52,7.35,7.62,7.28,1626452,1202736960.0,4.46,-3.54,-0.27,3.15
1139,2021-03-17,7.38,7.86,7.98,7.29,1990905,1527376080.0,9.39,6.94,0.51,3.86
1140,2021-03-18,7.78,7.99,8.24,7.72,1927279,1543706912.0,6.62,1.65,0.13,3.74
1141,2021-03-19,7.83,7.84,8.09,7.75,1122929,883865888.0,4.26,-1.88,-0.15,2.18
1142,2021-03-22,7.78,7.83,7.86,7.61,1075697,830293504.0,3.19,-0.13,-0.01,2.09
1143,2021-03-23,7.8,7.44,7.81,7.41,1142253,868819024.0,5.11,-4.98,-0.39,2.21
1144,2021-03-24,7.4,7.62,7.74,7.25,1232400,925793232.0,6.59,2.42,0.18,2.39
1145,2021-03-25,7.55,7.39,7.56,7.34,640787,476785648.0,2.89,-3.02,-0.23,1.24
1146,2021-03-26,7.42,7.54,7.72,7.4,721345,543401616.0,4.33,2.03,0.15,1.4
1147,2021-03-29,7.5,7.34,7.5,7.32,651610,479866800.0,2.39,-2.65,-0.2,1.26
1148,2021-03-30,7.28,7.12,7.3,7.02,743889,531067504.0,3.81,-3.0,-0.22,1.44
1149,2021-03-31,7.15,7.13,7.25,7.1,405479,290277056.0,2.11,0.14,0.01,0.79
1150,2021-04-01,7.11,7.07,7.18,7.01,530463,374491488.0,2.38,-0.84,-0.06,1.03
1151,2021-04-02,7.12,7.37,7.38,7.07,846303,614148448.0,4.38,4.24,0.3,1.64
1152,2021-04-06,7.37,7.45,7.53,7.29,586541,436259168.0,3.26,1.09,0.08,1.14
1153,2021-04-07,7.39,7.37,7.42,7.31,390567,287198880.0,1.48,-1.07,-0.08,0.76
1154,2021-04-08,7.32,7.2,7.34,7.18,459067,332072768.0,2.17,-2.31,-0.17,0.89
1155,2021-04-09,7.16,7.2,7.3,7.15,272176,196298182.0,2.08,0.0,0.0,0.53
1156,2021-04-12,7.2,7.03,7.2,7.01,410191,290274816.0,2.64,-2.36,-0.17,0.8
1157,2021-04-13,7.02,6.89,7.12,6.86,442270,307893456.0,3.7,-1.99,-0.14,0.86
1158,2021-04-14,6.89,7.06,7.08,6.89,335825,235577731.0,2.76,2.47,0.17,0.65
1159,2021-04-15,7.04,6.97,7.07,6.94,232261,162362558.0,1.84,-1.27,-0.09,0.45
1160,2021-04-16,7.0,7.04,7.12,6.98,270176,190728681.0,2.01,1.0,0.07,0.52
1161,2021-04-19,7.01,7.11,7.13,6.93,379638,268080135.0,2.84,0.99,0.07,0.74
1162,2021-04-20,7.14,7.11,7.24,7.07,413052,295758144.0,2.39,0.0,0.0,0.8
1163,2021-04-21,7.13,7.25,7.3,7.08,541343,391565312.0,3.09,1.97,0.14,1.05
1164,2021-04-22,7.25,7.14,7.29,7.1,366711,263385400.0,2.62,-1.52,-0.11,0.71
1165,2021-04-23,7.12,7.01,7.12,6.98,392489,276080480.0,1.96,-1.82,-0.13,0.76
1166,2021-04-26,7.03,6.97,7.08,6.95,300224,210298283.0,1.85,-0.57,-0.04,0.58
1167,2021-04-27,6.94,6.93,7.04,6.92,278142,193795074.0,1.72,-0.57,-0.04,0.54
1168,2021-04-28,6.95,6.77,6.98,6.74,426073,291739424.0,3.46,-2.31,-0.16,0.83
1169,2021-04-29,6.87,6.93,6.97,6.78,410180,282857072.0,2.81,2.36,0.16,0.8
1170,2021-04-30,6.82,6.63,6.85,6.54,727444,484298848.0,4.47,-4.33,-0.3,1.41
1171,2021-05-06,6.58,6.52,6.68,6.41,419574,272729120.0,4.07,-1.66,-0.11,0.81
1172,2021-05-07,6.5,6.51,6.55,6.47,225287,146695060.0,1.23,-0.15,-0.01,0.44
1173,2021-05-10,6.51,6.46,6.57,6.4,318432,206026262.0,2.61,-0.77,-0.05,0.62
1174,2021-05-11,6.44,6.53,6.58,6.41,308783,200902456.0,2.63,1.08,0.07,0.6
1175,2021-05-12,6.49,6.56,6.57,6.42,334895,218048825.0,2.3,0.46,0.03,0.65
1176,2021-05-13,6.51,6.56,6.6,6.48,290688,190462313.0,1.83,0.0,0.0,0.56
1177,2021-05-14,6.59,6.63,6.65,6.54,276297,182748791.0,1.68,1.07,0.07,0.54
1178,2021-05-17,6.64,6.6,6.68,6.54,278334,183888586.0,2.11,-0.45,-0.03,0.54
1179,2021-05-18,6.63,6.67,6.76,6.58,266729,178215952.0,2.73,1.06,0.07,0.52
1180,2021-05-19,6.65,6.68,6.71,6.61,240241,160168326.0,1.5,0.15,0.01,0.47
1181,2021-05-20,6.69,6.52,6.7,6.51,391383,256923219.0,2.84,-2.4,-0.16,0.76
1182,2021-05-21,6.53,6.51,6.59,6.5,221017,144387150.0,1.38,-0.15,-0.01,0.43
1183,2021-05-24,6.5,6.42,6.51,6.41,262967,169487063.0,1.54,-1.38,-0.09,0.51
1184,2021-05-25,6.43,6.58,6.58,6.41,413271,269406224.0,2.65,2.49,0.16,0.8
1185,2021-05-26,6.57,6.59,6.65,6.53,335226,220674563.0,1.82,0.15,0.01,0.65
1186,2021-05-27,6.58,6.69,6.7,6.57,398553,265296598.0,1.97,1.52,0.1,0.77
1187,2021-05-28,6.7,6.64,6.72,6.6,324386,215159525.0,1.79,-0.75,-0.05,0.63
1188,2021-05-31,6.63,6.59,6.64,6.54,242678,159787859.0,1.51,-0.75,-0.05,0.47
1189,2021-06-01,6.61,6.61,6.64,6.57,281378,185714915.0,1.06,0.3,0.02,0.55
1190,2021-06-02,6.68,6.95,7.07,6.67,1260474,874983152.0,6.05,5.14,0.34,2.44
1191,2021-06-03,6.99,6.87,7.03,6.86,479368,332325936.0,2.45,-1.15,-0.08,0.93
1192,2021-06-04,6.89,6.9,6.95,6.8,397129,272635312.0,2.18,0.44,0.03,0.77
1193,2021-06-07,6.96,6.88,6.97,6.86,266398,183507556.0,1.59,-0.29,-0.02,0.52
1194,2021-06-08,6.9,6.93,6.98,6.82,325710,225206245.0,2.33,0.73,0.05,0.63
1195,2021-06-09,6.98,7.02,7.12,6.9,513079,360946912.0,3.17,1.3,0.09,0.99
1196,2021-06-10,7.03,7.0,7.05,6.96,306545,214197209.0,1.28,-0.28,-0.02,0.59
1197,2021-06-11,7.13,6.88,7.15,6.85,522397,365001184.0,4.29,-1.71,-0.12,1.01
1198,2021-06-15,6.86,6.64,6.87,6.61,490736,329078640.0,3.78,-3.49,-0.24,0.95
1199,2021-06-16,6.65,6.56,6.72,6.52,362033,239211763.0,3.01,-1.2,-0.08,0.7
1200,2021-06-17,6.52,6.5,6.62,6.48,293115,191311499.0,2.13,-0.91,-0.06,0.57
1201,2021-06-18,6.53,6.58,6.58,6.46,311728,203231920.0,1.85,1.23,0.08,0.6
1202,2021-06-21,6.55,6.66,6.69,6.5,297007,196725093.0,2.89,1.22,0.08,0.58
1203,2021-06-22,6.66,6.61,6.73,6.55,252496,167194386.0,2.7,-0.75,-0.05,0.49
1204,2021-06-23,6.59,6.61,6.65,6.55,267317,176108080.0,1.51,0.0,0.0,0.52
1205,2021-06-24,6.61,6.51,6.63,6.5,282812,184812254.0,1.97,-1.51,-0.1,0.55
1206,2021-06-25,6.53,6.55,6.58,6.51,231213,151305107.0,1.08,0.61,0.04,0.45
1207,2021-06-28,6.54,6.56,6.59,6.52,203612,133452847.0,1.07,0.15,0.01,0.39
1208,2021-06-29,6.56,6.42,6.56,6.42,323043,208859156.0,2.13,-2.13,-0.14,0.63
1209,2021-06-30,6.43,6.42,6.47,6.4,205172,131793697.0,1.09,0.0,0.0,0.42
1210,2021-07-01,6.42,6.26,6.44,6.26,353488,223702507.0,2.8,-2.49,-0.16,0.73
1211,2021-07-02,6.25,6.25,6.33,6.24,212333,132939338.0,1.44,-0.16,-0.01,0.44
1212,2021-07-05,6.25,6.22,6.32,6.19,209810,130799816.0,2.08,-0.48,-0.03,0.43
1213,2021-07-06,6.25,6.3,6.34,6.14,299550,186835284.0,3.22,1.29,0.08,0.62
1214,2021-07-07,6.31,6.23,6.33,6.19,275886,172029677.0,2.22,-1.11,-0.07,0.57
1215,2021-07-08,6.22,6.1,6.22,6.09,343499,210854862.0,2.09,-2.09,-0.13,0.71
1216,2021-07-09,6.1,6.08,6.16,6.05,238061,144967656.0,1.8,-0.33,-0.02,0.49
1217,2021-07-12,6.08,6.07,6.13,6.06,262307,159600382.0,1.15,-0.16,-0.01,0.54
1218,2021-07-13,6.09,6.13,6.16,6.06,288682,176565120.0,1.65,0.99,0.06,0.59
1219,2021-07-14,6.12,6.04,6.13,6.03,308621,186977094.0,1.63,-1.47,-0.09,0.63
1220,2021-07-15,6.04,5.94,6.05,5.92,376294,223827082.0,2.15,-1.66,-0.1,0.77
1221,2021-07-16,5.94,6.14,6.18,5.89,523143,316543616.0,4.88,3.37,0.2,1.07
1222,2021-07-19,6.1,6.1,6.15,6.06,210903,128417189.0,1.47,-0.65,-0.04,0.43
1223,2021-07-20,6.07,6.08,6.12,6.06,140603,85428046.0,0.98,-0.33,-0.02,0.29
1224,2021-07-21,6.12,6.12,6.18,6.08,303478,186283418.0,1.64,0.66,0.04,0.62
1225,2021-07-22,6.12,6.1,6.14,6.07,195582,119448366.0,1.14,-0.33,-0.02,0.4
1226,2021-07-23,6.11,5.97,6.11,5.95,302957,181400936.0,2.62,-2.13,-0.13,0.62
1227,2021-07-26,5.95,5.79,5.99,5.75,433350,253538109.0,4.02,-3.02,-0.18,0.89
1228,2021-07-27,5.8,5.58,5.84,5.58,445689,252718416.0,4.49,-3.63,-0.21,0.92
1229,2021-07-28,5.56,5.38,5.63,5.37,405473,221314072.0,4.66,-3.58,-0.2,0.83
1230,2021-07-29,5.45,5.41,5.58,5.38,271765,148076493.0,3.72,0.56,0.03,0.56
1231,2021-07-30,5.42,5.58,5.72,5.28,456897,253350458.0,8.13,3.14,0.17,0.94
1232,2021-08-02,5.55,5.7,5.75,5.52,293425,165614596.0,4.12,2.15,0.12,0.6
1233,2021-08-03,5.64,5.4,5.7,5.31,774047,422472480.0,6.84,-5.26,-0.3,1.59
1234,2021-08-04,5.36,5.28,5.36,5.18,513994,270377440.0,3.33,-2.22,-0.12,1.06
1235,2021-08-05,5.28,5.14,5.29,5.14,444651,230788588.0,2.84,-2.65,-0.14,0.91
1236,2021-08-06,5.15,5.14,5.23,5.1,286280,147261381.0,2.53,0.0,0.0,0.59
1237,2021-08-09,5.08,5.13,5.16,5.07,320041,164054909.0,1.75,-0.19,-0.01,0.66
1238,2021-08-10,5.13,5.26,5.28,5.09,418333,217488496.0,3.7,2.53,0.13,0.86
1239,2021-08-11,5.23,5.23,5.33,5.22,288097,151793252.0,2.09,-0.57,-0.03,0.59
1240,2021-08-12,5.25,5.26,5.28,5.21,241028,126679635.0,1.34,0.57,0.03,0.5
1241,2021-08-13,5.26,5.24,5.27,5.2,214840,112552577.0,1.33,-0.38,-0.02,0.44
1242,2021-08-16,5.25,5.26,5.29,5.2,242197,127415379.0,1.72,0.38,0.02,0.5
1243,2021-08-17,5.27,5.13,5.27,5.12,284865,147830518.0,2.85,-2.47,-0.13,0.59
1244,2021-08-18,5.12,5.39,5.41,5.11,511976,270084448.0,5.85,5.07,0.26,1.05
1245,2021-08-19,5.34,5.49,5.61,5.32,589662,324932544.0,5.38,1.86,0.1,1.21
1246,2021-08-20,5.48,5.43,5.49,5.38,283382,153555443.0,2.0,-1.09,-0.06,0.58
1247,2021-08-23,5.43,5.41,5.48,5.35,287983,155422949.0,2.39,-0.37,-0.02,0.59
1248,2021-08-24,5.43,5.46,5.55,5.32,360317,195301364.0,4.25,0.92,0.05,0.74
1249,2021-08-25,5.46,5.73,5.9,5.45,660693,379163888.0,8.24,4.95,0.27,1.36
1250,2021-08-26,5.69,5.85,5.97,5.61,703890,408934080.0,6.28,2.09,0.12,1.45
1251,2021-08-27,5.81,5.87,6.04,5.81,553902,328424256.0,3.93,0.34,0.02,1.14
1252,2021-08-30,5.84,6.15,6.16,5.83,784052,473557728.0,5.62,4.77,0.28,1.61
1253,2021-08-31,6.02,6.25,6.27,5.9,878295,538203024.0,6.02,1.63,0.1,1.8
1254,2021-09-01,6.24,6.6,6.67,6.24,1152381,745205936.0,6.88,5.6,0.35,2.37
1255,2021-09-02,6.59,6.53,6.86,6.48,1507024,1009606640.0,5.76,-1.06,-0.07,3.09
1256,2021-09-03,6.58,6.62,6.72,6.49,845484,559066336.0,3.52,1.38,0.09,1.74
1257,2021-09-06,6.62,6.63,6.72,6.42,777165,511923104.0,4.53,0.15,0.01,1.6
1258,2021-09-07,6.58,6.78,6.85,6.58,751300,505932944.0,4.07,2.26,0.15,1.54
1259,2021-09-08,6.78,7.2,7.25,6.77,1507008,1063351696.0,7.08,6.19,0.42,3.09
1260,2021-09-09,7.0,7.07,7.27,6.88,1201162,846424384.0,5.42,-1.81,-0.13,2.47
1261,2021-09-10,7.14,7.09,7.15,6.97,667175,471462576.0,2.55,0.28,0.02,1.37
1262,2021-09-13,7.09,7.37,7.59,7.04,1395971,1029732080.0,7.76,3.95,0.28,2.87
1263,2021-09-14,7.27,6.98,7.4,6.95,1164241,829552560.0,6.11,-5.29,-0.39,2.39
1264,2021-09-15,6.92,7.13,7.19,6.92,754022,535002720.0,3.87,2.15,0.15,1.55
1265,2021-09-16,7.11,7.15,7.2,7.04,659828,469602480.0,2.24,0.28,0.02,1.36
1266,2021-09-17,7.17,7.01,7.17,6.8,738694,515809504.0,5.17,-1.96,-0.14,1.52
1267,2021-09-22,6.95,6.83,7.04,6.77,571057,392771648.0,3.85,-2.57,-0.18,1.17
1268,2021-09-23,6.91,6.93,7.11,6.87,552953,386197664.0,3.51,1.46,0.1,1.14
1269,2021-09-24,6.9,7.1,7.31,6.9,866485,618619584.0,5.92,2.45,0.17,1.78
1270,2021-09-27,7.12,6.98,7.22,6.79,677786,473271808.0,6.06,-1.69,-0.12,1.39
1271,2021-09-28,6.96,7.0,7.15,6.92,371099,261384052.0,3.3,0.29,0.02,0.76
1272,2021-09-29,6.99,7.16,7.3,6.92,932816,666505120.0,5.43,2.29,0.16,1.92
1273,2021-09-30,7.15,7.4,7.48,7.07,1067043,783850032.0,5.73,3.35,0.24,2.19
1274,2021-10-08,7.49,7.45,7.5,7.28,656509,486702912.0,2.97,0.68,0.05,1.35
1275,2021-10-11,7.51,7.38,7.53,7.31,612023,454258816.0,2.95,-0.94,-0.07,1.26
1276,2021-10-12,7.37,7.22,7.44,7.13,557863,404064640.0,4.2,-2.17,-0.16,1.15
1277,2021-10-13,7.16,7.28,7.32,7.12,373579,269929440.0,2.77,0.83,0.06,0.77
1278,2021-10-14,7.25,6.99,7.33,6.88,641708,451518080.0,6.18,-3.98,-0.29,1.32
1279,2021-10-15,6.93,7.35,7.4,6.91,810659,589702560.0,7.01,5.15,0.36,1.66
1280,2021-10-18,7.35,7.25,7.39,7.06,569339,408416992.0,4.49,-1.36,-0.1,1.17
1281,2021-10-19,7.23,7.52,7.59,7.19,1408765,1056042864.0,5.52,3.72,0.27,2.89
1282,2021-10-20,7.52,7.25,7.55,7.23,766812,563499776.0,4.26,-3.59,-0.27,1.57
1283,2021-10-21,7.28,7.35,7.38,7.11,442529,320335904.0,3.72,1.38,0.1,0.91
1284,2021-10-22,7.26,7.15,7.32,7.14,459305,331203920.0,2.45,-2.72,-0.2,0.94
1285,2021-10-25,7.15,7.25,7.28,6.97,371285,265996779.0,4.34,1.4,0.1,0.76
1286,2021-10-26,7.21,7.3,7.32,7.16,413252,300234208.0,2.21,0.69,0.05,0.85
1287,2021-10-27,7.23,7.45,7.48,7.12,829678,609597376.0,4.93,2.05,0.15,1.7
1288,2021-10-28,7.44,7.09,7.54,7.0,771430,558301200.0,7.25,-4.83,-0.36,1.58
1289,2021-10-29,7.02,7.43,7.5,7.01,1298300,957290240.0,6.91,4.8,0.34,2.67
1290,2021-11-01,7.49,7.25,7.51,7.22,1066997,786364640.0,3.9,-2.42,-0.18,2.19
1291,2021-11-02,7.19,6.94,7.25,6.92,1076726,759483584.0,4.55,-4.28,-0.31,2.21
1292,2021-11-03,6.96,7.36,7.49,6.87,1397163,1025613504.0,8.93,6.05,0.42,2.87
1293,2021-11-04,7.42,7.29,7.42,7.2,853998,621992960.0,2.99,-0.95,-0.07,1.75
1294,2021-11-05,7.26,7.61,7.78,7.18,2448323,1859485824.0,8.23,4.39,0.32,5.03
1295,2021-11-08,7.73,7.4,7.85,7.29,1844472,1378351504.0,7.36,-2.76,-0.21,3.79
1296,2021-11-09,7.46,7.23,7.48,7.2,1120176,816227248.0,3.78,-2.3,-0.17,2.3
1297,2021-11-10,7.36,7.28,7.45,7.23,922818,676373344.0,3.04,0.69,0.05,1.9
1298,2021-11-11,7.19,7.8,7.99,7.08,2704308,2067613808.0,12.5,7.14,0.52,5.55
1299,2021-11-12,7.79,7.81,8.01,7.74,1918619,1513299264.0,3.46,0.13,0.01,3.94
1300,2021-11-15,7.79,7.96,8.03,7.7,1818198,1442922960.0,4.23,1.92,0.15,3.73
1301,2021-11-16,7.97,7.97,8.11,7.85,1766525,1407019968.0,3.27,0.13,0.01,3.63
1302,2021-11-17,7.89,7.93,8.02,7.85,1060054,840897888.0,2.13,-0.5,-0.04,2.18
1303,2021-11-18,7.93,7.55,7.94,7.51,1699953,1301340560.0,5.42,-4.79,-0.38,3.49
1304,2021-11-19,7.7,7.72,7.97,7.64,1120491,872574960.0,4.37,2.25,0.17,2.3
1305,2021-11-22,7.65,7.63,7.84,7.55,1092729,837226512.0,3.76,-1.17,-0.09,2.24
1306,2021-11-23,7.58,7.65,7.7,7.53,757896,577186576.0,2.23,0.26,0.02,1.56
1307,2021-11-24,7.6,7.79,7.93,7.55,1206289,935515872.0,4.97,1.83,0.14,2.48
1308,2021-11-25,7.77,7.62,7.85,7.56,946276,727136704.0,3.72,-2.18,-0.17,1.94
1309,2021-11-26,7.56,7.33,7.59,7.3,966019,715364176.0,3.81,-3.81,-0.29,1.98
1310,2021-11-29,7.2,7.28,7.39,7.12,761274,551864880.0,3.68,-0.68,-0.05,1.56
1311,2021-11-30,7.28,7.33,7.37,7.24,550401,401107136.0,1.79,0.69,0.05,1.13
1312,2021-12-01,7.58,8.0,8.03,7.52,2545571,1986294048.0,6.96,9.14,0.67,5.23
1313,2021-12-02,7.99,7.7,7.99,7.66,1422896,1109174368.0,4.13,-3.75,-0.3,2.92
1314,2021-12-03,7.73,7.69,7.78,7.6,754745,578667680.0,2.34,-0.13,-0.01,1.55
1315,2021-12-06,7.68,7.54,7.72,7.47,772632,586211968.0,3.25,-1.95,-0.15,1.59
1316,2021-12-07,7.52,7.42,7.58,7.39,573870,427243872.0,2.52,-1.59,-0.12,1.18
1317,2021-12-08,7.41,7.53,7.65,7.41,566848,426053008.0,3.23,1.48,0.11,1.16
1318,2021-12-09,7.52,7.61,7.63,7.44,583652,440851072.0,2.52,1.06,0.08,1.2
1319,2021-12-10,7.55,7.74,7.78,7.52,877627,675316048.0,3.42,1.71,0.13,1.8
1320,2021-12-13,7.74,7.89,7.95,7.72,1106964,871387648.0,2.97,1.94,0.15,2.27
1321,2021-12-14,7.81,7.81,8.06,7.75,1547961,1227010848.0,3.93,-1.01,-0.08,3.18
1322,2021-12-15,7.75,7.79,7.93,7.69,697005,543771904.0,3.07,-0.26,-0.02,1.43
1323,2021-12-16,7.77,7.71,7.88,7.67,698226,542431552.0,2.7,-1.03,-0.08,1.43
1324,2021-12-17,7.71,7.8,7.9,7.62,982990,763867200.0,3.63,1.17,0.09,2.02
1325,2021-12-20,7.75,7.49,7.88,7.48,872596,666157568.0,5.13,-3.97,-0.31,1.79
1326,2021-12-21,7.53,7.84,7.87,7.49,1091003,846806288.0,5.07,4.67,0.35,2.24
1327,2021-12-22,7.84,8.22,8.3,7.8,2756577,2248596160.0,6.38,4.85,0.38,5.66
1328,2021-12-23,8.25,8.39,8.51,8.15,1896872,1589090112.0,4.38,2.07,0.17,3.9
1329,2021-12-24,8.48,8.4,8.6,8.25,1310506,1103035632.0,4.17,0.12,0.01,2.69
1330,2021-12-27,8.41,8.13,8.45,8.07,1014463,833056096.0,4.52,-3.21,-0.27,2.08
1331,2021-12-28,8.15,8.1,8.22,8.06,724654,588981984.0,1.97,-0.37,-0.03,1.49
1332,2021-12-29,8.12,8.09,8.26,8.03,907420,737378528.0,2.84,-0.12,-0.01,1.86
1333,2021-12-30,8.1,8.38,8.41,8.08,1255890,1041501728.0,4.08,3.58,0.29,2.58
1334,2021-12-31,8.4,8.39,8.45,8.28,922699,772084272.0,2.03,0.12,0.01,1.77
1335,2022-01-04,8.4,8.53,8.62,8.36,1023596,870338560.0,3.1,1.67,0.14,1.96
1336,2022-01-05,8.54,8.48,8.68,8.4,1127613,962077312.0,3.28,-0.59,-0.05,2.16
1337,2022-01-06,8.4,8.37,8.42,8.17,824796,686836624.0,2.95,-1.3,-0.11,1.58
1338,2022-01-07,8.35,8.16,8.55,8.15,783761,651914752.0,4.78,-2.51,-0.21,1.5
1339,2022-01-10,8.16,8.49,8.6,8.08,1075498,904310272.0,6.37,4.04,0.33,2.06
1340,2022-01-11,8.46,8.25,8.6,8.25,888350,744221344.0,4.12,-2.83,-0.24,1.7
1341,2022-01-12,8.3,8.45,8.49,8.24,773895,652261184.0,3.03,2.42,0.2,1.49
1342,2022-01-13,8.52,8.25,8.54,8.22,687612,572797808.0,3.79,-2.37,-0.2,1.32
1343,2022-01-14,8.26,8.24,8.35,8.15,614552,506955504.0,2.42,-0.12,-0.01,1.18
1344,2022-01-17,8.25,8.28,8.38,8.14,672115,555836496.0,2.91,0.49,0.04,1.29
1345,2022-01-18,8.28,8.14,8.29,8.08,687619,561100400.0,2.54,-1.69,-0.14,1.32
1346,2022-01-19,8.2,8.21,8.43,8.14,1256830,1041682304.0,3.56,0.86,0.07,2.41
1347,2022-01-20,8.17,8.08,8.21,7.81,952951,767585520.0,4.87,-1.58,-0.13,1.83
1348,2022-01-21,8.08,7.89,8.15,7.72,1005141,795133888.0,5.32,-2.35,-0.19,1.93
1349,2022-01-24,7.86,7.97,8.05,7.74,503617,400566032.0,3.93,1.01,0.08,0.97
1350,2022-01-25,7.93,7.4,7.97,7.35,1107768,843013408.0,7.78,-7.15,-0.57,2.13
1351,2022-01-26,7.41,7.33,7.54,7.16,745556,544568352.0,5.14,-0.95,-0.07,1.43
1352,2022-01-27,7.32,6.92,7.32,6.9,919791,648653792.0,5.73,-5.59,-0.41,1.77
1353,2022-01-28,7.0,6.79,7.05,6.7,650563,447109376.0,5.06,-1.88,-0.13,1.25
1354,2022-02-07,6.85,6.75,6.91,6.65,469094,317596448.0,3.83,-0.59,-0.04,0.9
1355,2022-02-08,6.75,6.83,6.85,6.68,403360,272992096.0,2.52,1.19,0.08,0.77
1356,2022-02-09,6.84,7.08,7.13,6.82,603049,423510656.0,4.54,3.66,0.25,1.16
1357,2022-02-10,7.09,7.24,7.25,7.02,541558,388335824.0,3.25,2.26,0.16,1.04
1358,2022-02-11,7.19,7.16,7.56,7.12,835688,611720912.0,6.08,-1.1,-0.08,1.59
1359,2022-02-14,7.21,6.99,7.25,6.97,623536,443549664.0,3.91,-2.37,-0.17,1.19
1360,2022-02-15,7.04,7.08,7.29,6.98,444838,316199408.0,4.43,1.29,0.09,0.85
1361,2022-02-16,7.11,7.08,7.17,7.04,318448,225901548.0,1.84,0.0,0.0,0.61
1362,2022-02-17,7.06,6.98,7.08,6.95,442629,309950544.0,1.84,-1.41,-0.1,0.84
1363,2022-02-18,6.92,6.99,7.03,6.9,388627,270578832.0,1.86,0.14,0.01,0.74
1364,2022-02-21,6.97,7.1,7.12,6.95,430343,303958384.0,2.43,1.57,0.11,0.82
1365,2022-02-22,7.0,6.7,7.0,6.66,857036,579628960.0,4.79,-5.63,-0.4,1.63
1366,2022-02-23,6.7,6.77,6.78,6.7,363464,245393460.0,1.19,1.04,0.07,0.69
1367,2022-02-24,6.73,6.41,6.77,6.28,902906,587557120.0,7.24,-5.32,-0.36,1.72
1368,2022-02-25,6.49,6.47,6.63,6.43,472078,307609600.0,3.12,0.94,0.06,0.9
1369,2022-02-28,6.53,6.51,6.55,6.32,471261,303063408.0,3.55,0.62,0.04,0.9
1370,2022-03-01,6.59,6.78,6.79,6.57,693548,464901664.0,3.38,4.15,0.27,1.32
1371,2022-03-02,6.78,6.8,6.93,6.72,478485,326525248.0,3.1,0.29,0.02,0.91
1372,2022-03-03,6.8,6.7,6.82,6.68,300752,202649503.0,2.06,-1.47,-0.1,0.57
1373,2022-03-04,6.65,6.66,6.76,6.63,389488,259985009.0,1.94,-0.6,-0.04,0.74
1374,2022-03-07,6.66,6.37,6.66,6.34,514754,332054448.0,4.8,-4.35,-0.29,0.98
1375,2022-03-08,6.38,6.09,6.41,6.08,581974,361193984.0,5.18,-4.4,-0.28,1.11
1376,2022-03-09,6.11,6.04,6.21,5.72,601425,361638000.0,8.05,-0.82,-0.05,1.14
1377,2022-03-10,6.23,6.17,6.29,6.12,467731,290975408.0,2.81,2.15,0.13,0.89
1378,2022-03-11,6.08,6.3,6.34,6.08,580457,361845040.0,4.21,2.11,0.13,1.1
1379,2022-03-14,6.23,6.18,6.34,6.17,340961,213206072.0,2.7,-1.9,-0.12,0.65
1380,2022-03-15,6.17,5.76,6.18,5.75,626779,372820112.0,6.96,-6.8,-0.42,1.19
1381,2022-03-16,5.86,5.98,6.01,5.59,670784,388611072.0,7.29,3.82,0.22,1.28
1382,2022-03-17,6.12,6.19,6.3,6.09,806189,501104560.0,3.51,3.51,0.21,1.53
1383,2022-03-18,6.18,6.21,6.25,6.11,378683,234097160.0,2.26,0.32,0.02,0.72
1384,2022-03-21,6.2,6.12,6.27,6.06,425607,261665548.0,3.38,-1.45,-0.09,0.81
1385,2022-03-22,6.11,6.15,6.2,6.04,317921,194718975.0,2.61,0.49,0.03,0.6
1386,2022-03-23,6.15,6.33,6.34,6.1,678995,426342032.0,3.9,2.93,0.18,1.29
1387,2022-03-24,6.34,6.27,6.38,6.22,418077,263330848.0,2.53,-0.95,-0.06,0.79
1388,2022-03-25,6.29,6.26,6.4,6.25,411567,260091226.0,2.39,-0.16,-0.01,0.78
1389,2022-03-28,6.22,6.27,6.34,6.19,377392,237169532.0,2.4,0.16,0.01,0.72
1390,2022-03-29,6.29,6.28,6.45,6.24,385318,243939080.0,3.35,0.16,0.01,0.73
1391,2022-03-30,6.32,6.31,6.35,6.23,294519,185212397.0,1.91,0.48,0.03,0.56
1392,2022-03-31,6.35,6.27,6.35,6.23,260541,163760372.0,1.9,-0.63,-0.04,0.5
1393,2022-04-01,6.24,6.51,6.52,6.15,721527,462672432.0,5.9,3.83,0.24,1.37
1394,2022-04-06,6.5,6.53,6.65,6.47,508118,332393568.0,2.76,0.31,0.02,0.97
1395,2022-04-07,6.5,6.33,6.51,6.33,339115,217321435.0,2.76,-3.06,-0.2,0.64
1396,2022-04-08,6.33,6.11,6.35,6.07,429606,264066674.0,4.42,-3.48,-0.22,0.82
1397,2022-04-11,6.12,5.75,6.12,5.74,627946,368897776.0,6.22,-5.89,-0.36,1.19
1398,2022-04-12,5.97,5.91,6.13,5.71,751156,442833184.0,7.3,2.78,0.16,1.43
1399,2022-04-13,5.8,5.72,5.81,5.7,377171,217025199.0,1.86,-3.21,-0.19,0.72
1400,2022-04-14,5.74,5.64,5.77,5.62,461639,262613413.0,2.62,-1.4,-0.08,0.88
1401,2022-04-15,5.61,5.57,5.66,5.5,383010,213458161.0,2.84,-1.24,-0.07,0.73
1402,2022-04-18,5.57,5.4,5.58,5.37,433200,234192068.0,3.77,-3.05,-0.17,0.82
1403,2022-04-19,5.41,5.52,5.54,5.4,445864,244071475.0,2.59,2.22,0.12,0.85
1404,2022-04-20,5.55,5.48,5.63,5.41,342413,189100314.0,3.99,-0.72,-0.04,0.65
1405,2022-04-21,5.39,5.22,5.45,5.17,443745,235517647.0,5.11,-4.74,-0.26,0.84
1406,2022-04-22,5.21,5.16,5.25,5.12,333672,172618818.0,2.49,-1.15,-0.06,0.63
1407,2022-04-25,5.12,4.8,5.12,4.8,686501,341048656.0,6.2,-6.98,-0.36,1.31
1408,2022-04-26,4.79,4.68,4.97,4.6,877493,420327264.0,7.71,-2.5,-0.12,1.67
1409,2022-04-27,4.62,4.6,4.65,4.39,1101910,500361600.0,5.56,-1.71,-0.08,2.1
1410,2022-04-28,4.55,4.4,4.55,4.34,896103,396453376.0,4.57,-4.35,-0.2,1.7
1411,2022-04-29,4.47,4.76,4.84,4.45,1058466,493246208.0,8.86,8.18,0.36,2.01
1412,2022-05-05,4.58,4.62,4.66,4.45,916692,418597408.0,4.41,-2.94,-0.14,1.74
1413,2022-05-06,4.51,4.52,4.59,4.48,535737,242730498.0,2.38,-2.16,-0.1,1.02
1414,2022-05-09,4.53,4.56,4.61,4.5,403639,183840311.0,2.43,0.88,0.04,0.77
1415,2022-05-10,4.48,4.59,4.61,4.43,466873,211731246.0,3.95,0.66,0.03,0.89
1416,2022-05-11,4.59,4.59,4.71,4.56,646073,300062576.0,3.27,0.0,0.0,1.23
1417,2022-05-12,4.56,4.57,4.62,4.51,422203,192929550.0,2.4,-0.44,-0.02,0.8
1418,2022-05-13,4.67,4.6,4.7,4.56,450006,207354006.0,3.06,0.66,0.03,0.86
1419,2022-05-16,4.64,4.56,4.65,4.53,453316,207354679.0,2.61,-0.87,-0.04,0.86
1420,2022-05-17,4.55,4.51,4.56,4.43,416819,186989307.0,2.85,-1.1,-0.05,0.79
1421,2022-05-18,4.55,4.59,4.67,4.51,567437,260684151.0,3.55,1.77,0.08,1.08
1422,2022-05-19,4.51,4.57,4.57,4.47,414493,187506959.0,2.18,-0.44,-0.02,0.79
1423,2022-05-20,4.6,4.63,4.65,4.56,556482,256274219.0,1.97,1.31,0.06,1.06
1424,2022-05-23,4.69,4.7,4.75,4.64,604123,283490480.0,2.38,1.51,0.07,1.15
1425,2022-05-24,4.71,4.5,4.72,4.5,604127,278248576.0,4.68,-4.26,-0.2,1.15
1426,2022-05-25,4.51,4.61,4.62,4.5,413068,188277644.0,2.67,2.44,0.11,0.79
1427,2022-05-26,4.66,4.67,4.68,4.54,456097,210595839.0,3.04,1.3,0.06,0.87
1428,2022-05-27,4.72,4.63,4.74,4.6,434173,202441929.0,3.0,-0.86,-0.04,0.83
1429,2022-05-30,4.61,4.55,4.64,4.53,486813,221963323.0,2.38,-1.73,-0.08,0.93
1430,2022-05-31,4.58,4.64,4.65,4.5,591367,271222800.0,3.3,1.98,0.09,1.12
1431,2022-06-01,4.63,4.63,4.75,4.58,601491,280325616.0,3.66,-0.22,-0.01,1.14
1432,2022-06-02,4.58,4.65,4.66,4.55,376377,173314597.0,2.38,0.43,0.02,0.72
1433,2022-06-06,4.65,4.84,4.87,4.62,1049744,499026624.0,5.38,4.09,0.19,2.0
1434,2022-06-07,4.84,4.79,4.85,4.73,724318,346882576.0,2.48,-1.03,-0.05,1.38
1435,2022-06-08,4.93,4.8,4.97,4.71,807071,388634528.0,5.43,0.21,0.01,1.53
1436,2022-06-09,4.79,4.77,4.85,4.73,750049,358721520.0,2.5,-0.63,-0.03,1.43
1437,2022-06-10,4.71,4.79,4.8,4.7,793124,376448448.0,2.1,0.42,0.02,1.51
1438,2022-06-13,4.75,4.72,4.78,4.68,626956,296426064.0,2.09,-1.46,-0.07,1.19
1439,2022-06-14,4.68,4.74,4.74,4.54,753651,348857440.0,4.24,0.42,0.02,1.43
1440,2022-06-15,4.74,4.8,4.89,4.7,930853,448109552.0,4.01,1.27,0.06,1.77
1441,2022-06-16,4.8,4.91,5.02,4.8,1184054,583129216.0,4.58,2.29,0.11,2.25
1442,2022-06-17,4.91,4.8,4.91,4.74,774196,372758240.0,3.46,-2.24,-0.11,1.47
1443,2022-06-20,4.79,4.81,4.84,4.77,533314,256330830.0,1.46,0.21,0.01,1.01
1444,2022-06-21,4.83,4.86,4.88,4.8,749417,362406144.0,1.66,1.04,0.05,1.42
1445,2022-06-22,4.91,4.73,4.93,4.72,715792,343288224.0,4.32,-2.67,-0.13,1.36
1446,2022-06-23,4.72,4.78,4.78,4.67,494406,233740485.0,2.33,1.06,0.05,0.94
1447,2022-06-24,4.8,4.77,4.81,4.74,495499,236577558.0,1.46,-0.21,-0.01,0.94
1448,2022-06-27,4.78,4.81,4.89,4.76,678801,327541920.0,2.73,0.84,0.04,1.29
1449,2022-06-28,4.79,4.91,4.92,4.75,780142,377480928.0,3.53,2.08,0.1,1.48
1450,2022-06-29,4.91,4.8,4.93,4.79,629863,306024512.0,2.85,-2.24,-0.11,1.2
1451,2022-06-30,4.81,4.82,4.85,4.8,417813,201504377.0,1.04,0.42,0.02,0.79
1452,2022-07-01,4.8,4.76,4.82,4.74,475610,226447416.0,1.66,-1.24,-0.06,0.9
1453,2022-07-04,4.75,4.71,4.76,4.68,395445,186822560.0,1.68,-1.05,-0.05,0.65
1454,2022-07-05,4.88,4.75,4.9,4.69,803296,383523440.0,4.46,0.85,0.04,1.32
1455,2022-07-06,4.71,4.63,4.73,4.6,558692,260282004.0,2.74,-2.53,-0.12,0.92
1456,2022-07-07,4.63,4.59,4.63,4.57,394215,181144998.0,1.3,-0.86,-0.04,0.65
1457,2022-07-08,4.6,4.6,4.68,4.59,353166,163591429.7,1.96,0.22,0.01,0.58
1458,2022-07-11,4.6,4.54,4.6,4.52,327530,149248109.4,1.74,-1.3,-0.06,0.54
1459,2022-07-12,4.52,4.45,4.57,4.45,425594,190927584.15,2.64,-1.98,-0.09,0.7
1460,2022-07-13,4.46,4.5,4.52,4.46,305966,137350132.22,1.35,1.12,0.05,0.5
1461,2022-07-14,4.48,4.49,4.53,4.46,254839,114707637.17,1.56,-0.22,-0.01,0.42
1462,2022-07-15,4.49,4.36,4.5,4.35,501747,221320319.51,3.34,-2.9,-0.13,0.82
1463,2022-07-18,4.36,4.46,4.46,4.32,308636,136202446.68,3.21,2.29,0.1,0.51
1464,2022-07-19,4.45,4.69,4.69,4.42,807162,370007477.83,6.05,5.16,0.23,1.32
1465,2022-07-20,4.71,4.73,4.77,4.63,819859,385485035.35,2.99,0.85,0.04,1.34
1466,2022-07-21,4.73,4.77,4.84,4.7,857303,409102780.4,2.96,0.85,0.04,1.4
1467,2022-07-22,4.78,4.67,4.79,4.64,517224,242931859.8,3.14,-2.1,-0.1,0.85
1468,2022-07-25,4.68,4.58,4.7,4.57,366149,169106849.96,2.78,-1.93,-0.09,0.6
1469,2022-07-26,4.62,4.63,4.64,4.58,266610,123137063.16,1.31,1.09,0.05,0.44
1470,2022-07-27,4.62,4.55,4.65,4.54,349350,160047021.25,2.38,-1.73,-0.08,0.57
1471,2022-07-28,4.57,4.58,4.65,4.56,433960,199430412.53,1.98,0.66,0.03,0.71
1472,2022-07-29,4.6,4.48,4.6,4.46,510457,230662336.4,3.06,-2.18,-0.1,0.84
1473,2022-08-01,4.48,4.48,4.53,4.43,329976,148260560.77,2.23,0.0,0.0,0.54
1474,2022-08-02,4.47,4.27,4.47,4.23,765574,329839384.24,5.36,-4.69,-0.21,1.25
1475,2022-08-03,4.27,4.21,4.34,4.21,509270,217434200.46,3.04,-1.41,-0.06,0.83
1476,2022-08-04,4.23,4.26,4.26,4.16,402865,169912900.73,2.38,1.19,0.05,0.66
1477,2022-08-05,4.25,4.41,4.43,4.25,597856,260689465.7,4.23,3.52,0.15,0.98
1478,2022-08-08,4.42,4.57,4.6,4.4,651324,293358414.71,4.54,3.63,0.16,1.07
1479,2022-08-09,4.58,4.54,4.58,4.47,435381,196493268.65,2.41,-0.66,-0.03,0.71
1480,2022-08-10,4.53,4.47,4.55,4.44,303468,136325907.78,2.42,-1.54,-0.07,0.5
1481,2022-08-11,4.48,4.63,4.65,4.48,680062,311937912.85,3.8,3.58,0.16,1.11
1482,2022-08-12,4.66,4.69,4.72,4.6,622798,291460333.66,2.59,1.3,0.06,1.02
1483,2022-08-15,4.66,4.62,4.68,4.59,486484,224987646.41,1.92,-1.49,-0.07,0.8
1484,2022-08-16,4.61,4.6,4.65,4.56,385131,177102957.89,1.95,-0.43,-0.02,0.63
1485,2022-08-17,4.6,4.68,4.69,4.55,439153,203455607.56,3.04,1.74,0.08,0.72
1486,2022-08-18,4.66,4.63,4.69,4.6,373483,173027648.48,1.92,-1.07,-0.05,0.61
1487,2022-08-19,4.61,4.7,4.88,4.61,1161176,553861291.86,5.83,1.51,0.07,1.9
1488,2022-08-22,4.78,4.72,4.8,4.66,597268,282306437.6,2.98,0.43,0.02,0.98
1489,2022-08-23,4.69,4.66,4.74,4.63,365611,170401846.39,2.33,-1.27,-0.06,0.6
1490,2022-08-24,4.67,4.57,4.74,4.55,518782,239702509.1,4.08,-1.93,-0.09,0.85
1491,2022-08-25,4.57,4.55,4.63,4.46,398592,180062370.41,3.72,-0.44,-0.02,0.65
1492,2022-08-26,4.55,4.51,4.63,4.51,346985,158256353.03,2.64,-0.88,-0.04,0.57
1493,2022-08-29,4.48,4.49,4.5,4.42,298094,133149814.64,1.77,-0.44,-0.02,0.49
1494,2022-08-30,4.5,4.57,4.69,4.49,581563,266861500.27,4.45,1.78,0.08,0.95
1495,2022-08-31,4.54,4.58,4.65,4.52,513062,235784906.27,2.84,0.22,0.01,0.84
1496,2022-09-01,4.57,4.44,4.58,4.44,406141,182786426.84,3.06,-3.06,-0.14,0.67
1497,2022-09-02,4.45,4.63,4.65,4.45,668447,306468926.94,4.5,4.28,0.19,1.1
1498,2022-09-05,4.65,4.47,4.66,4.45,738686,332358311.47,4.54,-3.46,-0.16,1.21
1499,2022-09-06,4.49,4.46,4.49,4.4,434566,192873493.2,2.01,-0.22,-0.01,0.71
1500,2022-09-07,4.45,4.37,4.46,4.35,470385,206510903.4,2.47,-2.02,-0.09,0.77
1501,2022-09-08,4.37,4.31,4.41,4.3,436838,189565861.48,2.52,-1.37,-0.06,0.72
1502,2022-09-09,4.31,4.34,4.35,4.27,286659,123733059.04,1.86,0.7,0.03,0.47
1503,2022-09-13,4.34,4.31,4.4,4.3,380705,165314192.54,2.3,-0.69,-0.03,0.62
1504,2022-09-14,4.25,4.27,4.28,4.22,320828,136486107.87,1.39,-0.93,-0.04,0.53
1505,2022-09-15,4.28,4.21,4.29,4.17,431601,182397416.43,2.81,-1.41,-0.06,0.71
1506,2022-09-16,4.18,4.08,4.23,4.08,464157,192783958.78,3.56,-3.09,-0.13,0.76
1507,2022-09-19,4.07,3.95,4.07,3.9,575212,227369907.6,4.17,-3.19,-0.13,0.94
1508,2022-09-20,3.99,3.97,4.05,3.95,257379,102494696.08,2.53,0.51,0.02,0.42
1509,2022-09-21,3.93,4.02,4.05,3.88,351917,139814442.37,4.28,1.26,0.05,0.58
1510,2022-09-22,3.99,3.97,4.03,3.96,206408,82448291.81,1.74,-1.24,-0.05,0.34
1511,2022-09-23,3.96,3.91,3.98,3.88,277946,109039997.93,2.52,-1.51,-0.06,0.46
1512,2022-09-26,3.87,3.83,3.9,3.81,302516,116603353.65,2.3,-2.05,-0.08,0.5
1513,2022-09-27,3.82,3.89,3.9,3.81,361619,139423358.51,2.35,1.57,0.06,0.59
1514,2022-09-28,3.87,3.8,3.89,3.8,270633,104066832.22,2.31,-2.31,-0.09,0.44
1515,2022-09-29,3.83,3.7,3.85,3.67,413442,154869076.59,4.74,-2.63,-0.1,0.68
1516,2022-09-30,3.7,3.73,3.77,3.69,323577,120933791.83,2.16,0.81,0.03,0.53
1517,2022-10-10,3.73,3.71,3.76,3.66,273775,101792738.29,2.68,-0.54,-0.02,0.45
1518,2022-10-11,3.71,3.7,3.73,3.66,213054,78604623.84,1.89,-0.27,-0.01,0.35
1519,2022-10-12,3.71,3.79,3.81,3.66,296438,110499447.9,4.05,2.43,0.09,0.49
1520,2022-10-13,3.76,3.81,3.85,3.76,277436,105735213.32,2.37,0.53,0.02,0.45
1521,2022-10-14,3.83,3.87,3.88,3.81,360855,139235071.75,1.84,1.57,0.06,0.59
1522,2022-10-17,3.85,3.97,3.99,3.84,375723,147815987.11,3.88,2.58,0.1,0.62
1523,2022-10-18,3.99,3.97,4.02,3.94,307588,122113517.45,2.02,0.0,0.0,0.5
1524,2022-10-19,3.94,3.86,3.96,3.84,364338,141397886.7,3.02,-2.77,-0.11,0.6
1525,2022-10-20,3.84,3.85,3.92,3.83,309816,120192137.8,2.33,-0.26,-0.01,0.51
1526,2022-10-21,3.88,3.79,3.88,3.78,270610,103364444.5,2.6,-1.56,-0.06,0.44
1527,2022-10-24,3.81,3.64,3.85,3.62,440471,163973215.41,6.07,-3.96,-0.15,0.72
1528,2022-10-25,3.66,3.56,3.68,3.55,394281,141376085.66,3.57,-2.2,-0.08,0.65
1529,2022-10-26,3.57,3.68,3.72,3.57,545609,199903858.5,4.21,3.37,0.12,0.89
1530,2022-10-27,3.69,3.81,3.88,3.68,633635,240497051.57,5.43,3.53,0.13,1.04
1531,2022-10-28,3.8,3.6,3.81,3.58,530610,195223979.92,6.04,-5.51,-0.21,0.87
1532,2022-10-31,3.6,3.69,3.74,3.58,380100,139416984.62,4.44,2.5,0.09,0.62
1533,2022-11-01,3.71,3.74,3.74,3.64,348108,128537204.05,2.71,1.36,0.05,0.57
1534,2022-11-02,3.8,3.82,3.89,3.79,526417,202080774.93,2.67,2.14,0.08,0.86
1535,2022-11-03,3.79,3.74,3.82,3.7,453260,170136653.44,3.14,-2.09,-0.08,0.74
1536,2022-11-04,3.75,3.83,3.89,3.73,461694,175980858.75,4.28,2.41,0.09,0.76
1537,2022-11-07,3.84,3.95,3.98,3.82,615204,240568811.6,4.18,3.13,0.12,1.01
1538,2022-11-08,3.94,3.91,3.95,3.88,367052,143166213.64,1.77,-1.01,-0.04,0.6
1539,2022-11-09,3.92,3.87,3.92,3.86,316290,122785793.02,1.53,-1.02,-0.04,0.52
1540,2022-11-10,3.84,3.93,3.94,3.83,453784,177396372.15,2.84,1.55,0.06,0.74
1541,2022-11-11,4.0,3.9,4.03,3.89,627106,247582113.2,3.56,-0.76,-0.03,1.03
1542,2022-11-14,3.99,3.97,4.04,3.95,703820,280484446.88,2.31,1.79,0.07,1.15
1543,2022-11-15,3.96,4.0,4.01,3.94,444654,177442745.03,1.76,0.76,0.03,0.73
1544,2022-11-16,4.01,4.08,4.11,4.0,687046,279762399.22,2.75,2.0,0.08,1.13
1545,2022-11-17,4.25,4.17,4.29,4.06,1234230,512763303.69,5.64,2.21,0.09,2.02
1546,2022-11-18,4.15,4.16,4.39,4.12,1476708,629431600.09,6.47,-0.24,-0.01,2.42
1547,2022-11-21,4.16,4.02,4.16,3.99,744440,300594198.68,4.09,-3.37,-0.14,1.22
1548,2022-11-22,4.01,3.96,4.04,3.92,469439,186880651.0,2.99,-1.49,-0.06,0.77
1549,2022-11-23,3.95,3.93,3.96,3.89,431612,169036134.46,1.77,-0.76,-0.03,0.71
1550,2022-11-24,3.93,3.88,3.95,3.86,395030,153644046.0,2.29,-1.27,-0.05,0.65
1551,2022-11-25,3.87,3.87,3.91,3.85,341170,132134174.46,1.55,-0.26,-0.01,0.56
1552,2022-11-28,3.85,3.83,3.85,3.77,484472,184317477.78,2.07,-1.03,-0.04,0.79
1553,2022-11-29,3.82,3.96,3.96,3.81,583161,227362333.34,3.92,3.39,0.13,0.96
1554,2022-11-30,3.97,3.94,4.0,3.93,447469,177443497.25,1.77,-0.51,-0.02,0.73
1555,2022-12-01,3.98,4.02,4.03,3.96,576432,230803861.16,1.78,2.03,0.08,0.94
1556,2022-12-02,4.02,4.09,4.15,4.0,721672,295692171.57,3.73,1.74,0.07,1.18
1557,2022-12-05,4.12,4.11,4.14,4.07,497229,203980369.23,1.71,0.49,0.02,0.81
1558,2022-12-06,4.1,4.07,4.12,4.05,404894,165188872.48,1.7,-0.97,-0.04,0.66
1559,2022-12-07,4.06,4.07,4.09,3.99,535973,216681921.92,2.46,0.0,0.0,0.88
1560,2022-12-08,4.08,4.14,4.16,4.02,655290,268611524.83,3.44,1.72,0.07,1.07
1561,2022-12-09,4.13,4.13,4.21,4.08,873095,360725353.73,3.14,-0.24,-0.01,1.43
1562,2022-12-12,4.12,4.05,4.13,4.02,503311,204797431.63,2.66,-1.94,-0.08,0.82
1563,2022-12-13,4.04,4.06,4.12,4.03,383630,156188498.89,2.22,0.25,0.01,0.63
1564,2022-12-14,4.03,4.07,4.08,3.99,442399,178720161.35,2.22,0.25,0.01,0.72
1565,2022-12-15,4.06,4.01,4.09,4.0,355458,143476123.7,2.21,-1.47,-0.06,0.58
1566,2022-12-16,3.99,3.98,4.02,3.95,307775,122451156.36,1.75,-0.75,-0.03,0.5
1567,2022-12-19,3.99,3.87,4.0,3.85,323166,126221490.5,3.77,-2.76,-0.11,0.53
1568,2022-12-20,3.88,3.78,3.88,3.78,352059,134551260.32,2.58,-2.33,-0.09,0.58
1569,2022-12-21,3.78,3.74,3.82,3.71,402602,151435600.4,2.91,-1.06,-0.04,0.66
1570,2022-12-22,3.76,3.82,3.92,3.75,616252,236358351.88,4.55,2.14,0.08,1.01
1571,2022-12-23,3.79,3.85,3.88,3.77,259638,99665226.92,2.88,0.79,0.03,0.43
1572,2022-12-26,3.86,3.79,3.88,3.77,293488,111783615.79,2.86,-1.56,-0.06,0.48
1573,2022-12-27,3.8,3.8,3.83,3.77,199763,75832423.98,1.58,0.26,0.01,0.33
1574,2022-12-28,3.79,3.76,3.82,3.74,322887,121720475.28,2.11,-1.05,-0.04,0.53
1575,2022-12-29,3.82,3.74,3.85,3.74,402662,152283875.56,2.93,-0.53,-0.02,0.66
1576,2022-12-30,3.72,3.81,3.82,3.72,473545,179701371.1,2.67,1.87,0.07,0.78
