,日期,开盘,收盘,最高,最低,成交量,成交额,振幅,涨跌幅,涨跌额,换手率
0,2015-01-05,2.4,2.4,2.42,2.31,44059,120243810.0,4.6,0.42,0.01,0.84
1,2015-01-06,2.35,2.65,2.66,2.35,98106,286117568.0,12.92,10.42,0.25,1.87
2,2015-01-07,2.62,2.56,2.66,2.51,63680,186736606.0,5.66,-3.4,-0.09,1.22
3,2015-01-08,2.54,2.56,2.64,2.54,52130,153752333.0,3.91,0.0,0.0,0.99
4,2015-01-09,2.56,2.56,2.62,2.53,62267,183961738.0,3.52,0.0,0.0,1.19
5,2015-01-12,2.54,2.7,2.73,2.54,63557,189585763.0,7.42,5.47,0.14,1.21
6,2015-01-13,2.69,2.67,2.8,2.67,60703,186869778.0,4.81,-1.11,-0.03,1.16
7,2015-01-14,2.64,2.59,2.72,2.56,34730,103862529.0,5.99,-3.0,-0.08,0.66
8,2015-01-15,2.59,2.59,2.67,2.57,43515,128816924.0,3.86,0.0,0.0,0.83
9,2015-01-16,2.59,2.65,2.69,2.58,35688,106760763.0,4.25,2.32,0.06,0.68
10,2015-01-19,2.57,2.63,2.77,2.52,70358,212953731.0,9.43,-0.75,-0.02,1.34
11,2015-01-20,2.68,2.94,2.94,2.68,134735,431598144.0,9.89,11.79,0.31,2.57
12,2015-01-21,2.96,2.97,3.03,2.89,101563,334196080.0,4.76,1.02,0.03,1.94
13,2015-01-22,2.95,3.1,3.13,2.87,88780,294660240.0,8.75,4.38,0.13,1.69
14,2015-01-23,3.06,2.9,3.07,2.89,85113,280876960.0,5.81,-6.45,-0.2,1.62
15,2015-01-26,2.91,2.93,2.97,2.89,47685,155954780.0,2.76,1.03,0.03,0.91
16,2015-01-27,2.92,2.9,2.95,2.84,60653,196215743.0,3.75,-1.02,-0.03,1.16
17,2015-01-28,2.86,2.87,2.93,2.85,44066,142283220.0,2.76,-1.03,-0.03,0.84
18,2015-01-29,2.83,2.85,2.88,2.82,22638,72302589.0,2.09,-0.7,-0.02,0.43
19,2015-01-30,2.86,2.88,2.96,2.83,64550,210239012.0,4.56,1.05,0.03,1.23
20,2015-02-02,2.82,2.82,2.88,2.81,40466,128811784.0,2.43,-2.08,-0.06,0.77
21,2015-02-03,2.84,2.96,3.01,2.82,70940,233072680.0,6.74,4.96,0.14,1.35
22,2015-02-04,2.97,2.9,2.99,2.87,40783,132832313.0,4.05,-2.03,-0.06,0.78
23,2015-02-05,2.9,2.83,2.97,2.83,57426,185660220.0,4.83,-2.41,-0.07,1.1
24,2015-02-06,2.83,2.75,2.83,2.71,50285,155887903.0,4.24,-2.83,-0.08,0.96
25,2015-02-09,2.76,2.75,2.78,2.72,27281,84504274.0,2.18,0.0,0.0,0.52
26,2015-02-10,2.79,2.77,2.8,2.72,34972,108890487.0,2.91,0.73,0.02,0.67
27,2015-02-11,2.77,2.92,2.93,2.75,53019,170782898.0,6.5,5.42,0.15,1.01
28,2015-02-12,2.93,2.88,2.93,2.85,35588,114861529.0,2.74,-1.37,-0.04,0.68
29,2015-02-13,2.9,2.89,2.95,2.88,36964,120239215.0,2.43,0.35,0.01,0.7
30,2015-02-16,2.89,3.0,3.1,2.89,68313,228453795.0,7.27,3.81,0.11,1.3
31,2015-02-17,2.99,2.96,3.0,2.91,37457,123387046.0,3.0,-1.33,-0.04,0.71
32,2015-02-25,2.95,2.89,3.05,2.85,54329,180063286.0,6.76,-2.36,-0.07,1.04
33,2015-02-26,2.87,2.94,2.94,2.85,29797,96744615.0,3.11,1.73,0.05,0.57
34,2015-02-27,2.96,2.99,3.01,2.92,42390,140526258.0,3.06,1.7,0.05,0.81
35,2015-03-02,3.01,3.02,3.04,2.92,53580,177875932.0,4.01,1.0,0.03,1.02
36,2015-03-03,3.02,2.93,3.02,2.91,52144,172111941.0,3.64,-2.98,-0.09,0.99
37,2015-03-04,2.98,3.19,3.26,2.98,106980,369630256.0,9.56,8.87,0.26,2.04
38,2015-03-05,3.16,3.11,3.17,3.08,56277,194355494.0,2.82,-2.51,-0.08,1.07
39,2015-03-06,3.11,2.94,3.14,2.93,64009,213488806.0,6.75,-5.47,-0.17,1.22
40,2015-03-09,2.93,2.99,3.01,2.92,38142,126592905.0,3.06,1.7,0.05,0.73
41,2015-03-10,2.99,3.01,3.06,2.97,47055,158132405.0,3.01,0.67,0.02,0.9
42,2015-03-11,3.02,2.99,3.06,2.97,33649,112469833.0,2.99,-0.66,-0.02,0.64
43,2015-03-12,2.96,2.96,3.02,2.83,70632,229656437.0,6.35,-1.0,-0.03,1.35
44,2015-03-13,2.94,2.97,2.98,2.89,37714,123762272.0,3.04,0.34,0.01,0.72
45,2015-03-16,2.98,3.05,3.08,2.96,66083,222543003.0,4.04,2.69,0.08,1.26
46,2015-03-17,3.05,3.01,3.06,2.98,77731,260399022.0,2.62,-1.31,-0.04,1.48
47,2015-03-18,2.98,3.05,3.05,2.98,67143,226387837.0,2.33,1.33,0.04,1.28
48,2015-03-19,3.04,3.18,3.21,3.02,106155,364821552.0,6.23,4.26,0.13,2.02
49,2015-03-20,3.15,3.11,3.17,3.08,78973,272703824.0,2.83,-2.2,-0.07,1.51
50,2015-03-23,3.12,3.15,3.16,3.09,66210,229339534.0,2.25,1.29,0.04,1.26
51,2015-03-24,3.16,3.29,3.32,3.09,137298,488211552.0,7.3,4.44,0.14,2.62
52,2015-03-25,3.25,3.29,3.36,3.19,101254,364771248.0,5.17,0.0,0.0,1.93
53,2015-03-26,3.29,3.17,3.31,3.12,81382,287678384.0,5.78,-3.65,-0.12,1.55
54,2015-03-27,3.16,3.16,3.21,3.15,40918,143399417.0,1.89,-0.32,-0.01,0.78
55,2015-03-30,3.16,3.2,3.21,3.13,59682,209610148.0,2.53,1.27,0.04,1.14
56,2015-03-31,3.2,3.25,3.32,3.2,83418,299508400.0,3.75,1.56,0.05,1.59
57,2015-04-01,3.26,3.37,3.39,3.21,108288,394598496.0,5.54,3.69,0.12,2.06
58,2015-04-02,3.42,3.47,3.58,3.39,121253,460286432.0,5.64,2.97,0.1,2.31
59,2015-04-03,3.44,3.54,3.56,3.4,83765,320761664.0,4.61,2.02,0.07,1.6
60,2015-04-07,3.58,3.51,3.58,3.47,68354,261805635.0,3.11,-0.85,-0.03,1.32
61,2015-04-08,3.5,3.34,3.5,3.19,114510,420721376.0,8.83,-4.84,-0.17,2.22
62,2015-04-09,3.33,3.45,3.48,3.16,88680,327074240.0,9.58,3.29,0.11,1.72
63,2015-04-10,3.42,3.5,3.58,3.32,88667,338629248.0,7.54,1.45,0.05,1.71
64,2015-04-13,3.51,3.72,3.86,3.5,101186,407194640.0,10.29,6.29,0.22,1.95
65,2015-04-14,3.75,3.87,4.14,3.75,118887,507179472.0,10.48,4.03,0.15,2.29
66,2015-04-15,3.88,4.01,4.24,3.71,100992,426895424.0,13.7,3.62,0.14,1.94
67,2015-04-16,3.89,4.07,4.23,3.85,92620,404212928.0,9.48,1.5,0.06,1.78
68,2015-04-17,4.0,3.94,4.11,3.92,74026,317123632.0,4.67,-3.19,-0.13,1.43
69,2015-04-20,3.85,3.65,3.92,3.61,85904,350296720.0,7.87,-7.36,-0.29,1.65
70,2015-04-21,3.68,3.9,3.93,3.68,59145,243500731.0,6.85,6.85,0.25,1.14
71,2015-04-22,3.9,3.97,4.03,3.89,57853,246382836.0,3.59,1.79,0.07,1.11
72,2015-04-23,3.95,3.89,4.03,3.77,66771,280211824.0,6.55,-2.02,-0.08,1.29
73,2015-04-24,3.81,3.85,3.97,3.76,46865,194900248.0,5.4,-1.03,-0.04,0.9
74,2015-04-27,3.85,3.87,4.0,3.81,45713,192288024.0,4.94,0.52,0.02,0.88
75,2015-04-28,3.82,3.67,3.89,3.64,54536,221289335.0,6.46,-5.17,-0.2,1.05
76,2015-04-29,3.67,3.8,3.84,3.64,47639,193835380.0,5.45,3.54,0.13,0.92
77,2015-04-30,3.83,3.76,3.9,3.75,43601,179698076.0,3.95,-1.05,-0.04,0.84
78,2015-05-04,3.75,3.75,3.79,3.67,27041,109324520.0,3.19,-0.27,-0.01,0.52
79,2015-05-05,3.69,3.69,3.75,3.55,59059,234611628.0,5.33,-1.6,-0.06,1.14
80,2015-05-06,3.69,3.69,3.84,3.69,60578,246585127.0,4.07,0.0,0.0,1.17
81,2015-05-07,3.69,3.6,3.73,3.58,43362,172069790.0,4.07,-2.44,-0.09,0.83
82,2015-05-08,3.66,3.8,3.87,3.63,68313,276035392.0,6.67,5.56,0.2,1.32
83,2015-05-11,3.85,3.99,4.07,3.81,127422,544510288.0,6.84,5.0,0.19,2.45
84,2015-05-12,4.01,3.96,4.05,3.86,92627,394446784.0,4.76,-0.75,-0.03,1.78
85,2015-05-13,3.89,3.95,4.06,3.86,98660,421759616.0,5.05,-0.25,-0.01,1.9
86,2015-05-14,3.94,3.81,3.99,3.8,82444,345259024.0,4.81,-3.54,-0.14,1.59
87,2015-05-15,3.8,3.66,3.8,3.64,73713,295367632.0,4.2,-3.94,-0.15,1.42
88,2015-05-18,3.72,3.81,3.85,3.69,92470,379055312.0,4.37,4.1,0.15,1.78
89,2015-05-19,3.81,3.95,3.97,3.74,96959,404843664.0,6.04,3.67,0.14,1.87
90,2015-05-20,3.96,4.13,4.31,3.96,160555,708982128.0,8.86,4.56,0.18,3.09
91,2015-05-21,4.18,4.44,4.47,4.16,134238,623599008.0,7.51,7.51,0.31,2.58
92,2015-05-22,4.47,4.28,4.51,4.16,113100,518823920.0,7.88,-3.6,-0.16,2.18
93,2015-05-25,4.29,4.36,4.42,4.21,99473,460104720.0,4.91,1.87,0.08,1.92
94,2015-05-26,4.33,4.63,4.69,4.33,94455,457530448.0,8.26,6.19,0.27,1.82
95,2015-05-27,4.67,4.55,4.76,4.47,91192,445798272.0,6.26,-1.73,-0.08,1.75
96,2015-05-28,4.53,4.28,4.61,4.28,96158,459436496.0,7.25,-5.93,-0.27,1.85
97,2015-05-29,4.31,4.76,4.76,4.21,126444,616584480.0,12.85,11.21,0.48,2.43
98,2015-06-01,4.88,5.28,5.28,4.84,111899,596808032.0,9.24,10.92,0.52,2.15
99,2015-06-02,5.42,5.6,5.74,5.35,101494,588244800.0,7.39,6.06,0.32,1.95
100,2015-06-03,5.67,5.38,5.72,5.19,94654,540452528.0,9.46,-3.93,-0.22,1.82
101,2015-06-04,5.41,5.61,5.63,4.81,154994,576144272.0,15.24,4.28,0.23,1.99
102,2015-06-05,5.76,5.45,5.77,5.33,158024,610183376.0,7.84,-2.85,-0.16,2.03
103,2015-06-08,5.31,5.32,5.45,5.16,123944,457537456.0,5.32,-2.39,-0.13,1.59
104,2015-06-09,5.36,5.61,5.7,5.33,124757,475930416.0,6.95,5.45,0.29,1.6
105,2015-06-10,5.56,5.78,5.93,5.47,135808,544532640.0,8.2,3.03,0.17,1.74
106,2015-06-11,5.75,5.64,5.8,5.56,88480,346408080.0,4.15,-2.42,-0.14,1.14
107,2015-06-12,5.65,5.66,5.87,5.64,93459,371575056.0,4.08,0.35,0.02,1.2
108,2015-06-15,5.66,5.41,5.78,5.34,92613,354593952.0,7.77,-4.42,-0.25,1.19
109,2015-06-16,5.29,5.34,5.52,5.13,78210,288605360.0,7.21,-1.29,-0.07,1.0
110,2015-06-17,5.34,5.53,5.54,5.24,91704,344021808.0,5.62,3.56,0.19,1.18
111,2015-06-18,5.53,5.0,5.62,4.93,73289,273634848.0,12.48,-9.58,-0.53,0.94
112,2015-06-19,5.0,4.56,5.09,4.45,117920,394240512.0,12.8,-8.8,-0.44,1.51
113,2015-06-23,4.58,4.84,4.9,4.38,98699,323067488.0,11.4,6.14,0.28,1.27
114,2015-06-24,4.84,4.84,4.92,4.68,67259,227545556.0,4.96,0.0,0.0,0.86
115,2015-06-25,4.85,4.63,4.92,4.59,54108,181283020.0,6.82,-4.34,-0.21,0.69
116,2015-06-26,4.63,4.13,4.85,4.12,140740,442720560.0,15.77,-10.8,-0.5,1.81
117,2015-06-29,4.33,4.12,4.38,3.68,164397,475895504.0,16.95,-0.24,-0.01,2.11
118,2015-06-30,4.06,4.57,4.57,3.69,166736,502023360.0,21.36,10.92,0.45,2.14
119,2015-07-01,4.57,4.57,4.95,4.38,151050,504286144.0,12.47,0.0,0.0,1.94
120,2015-07-02,4.56,4.43,4.77,4.22,135421,430148976.0,12.04,-3.06,-0.14,1.74
121,2015-07-03,4.22,4.53,4.9,3.94,210749,658675904.0,21.67,2.26,0.1,2.7
122,2015-07-06,5.03,4.47,5.03,4.05,188337,601318512.0,21.63,-1.32,-0.06,2.42
123,2015-07-07,4.22,3.98,4.22,3.98,103841,299583200.0,5.37,-10.96,-0.49,1.33
124,2015-07-10,4.37,4.42,4.42,4.22,113632,353864208.0,5.03,11.06,0.44,1.46
125,2015-07-13,4.66,4.91,4.91,4.66,210762,714647952.0,5.66,11.09,0.49,2.7
126,2015-07-14,4.83,5.0,5.38,4.81,253506,896048384.0,11.61,1.83,0.09,3.25
127,2015-07-15,4.84,4.45,4.96,4.45,134542,437517008.0,10.2,-11.0,-0.55,1.73
128,2015-07-16,4.45,4.5,4.73,4.05,128499,405326560.0,15.28,1.12,0.05,1.65
129,2015-07-17,4.53,4.88,4.91,4.53,128977,430226240.0,8.44,8.44,0.38,1.65
130,2015-07-20,4.92,4.85,5.06,4.78,132279,456654816.0,5.74,-0.61,-0.03,1.7
131,2015-07-21,4.73,5.13,5.15,4.72,146777,509397488.0,8.87,5.77,0.28,1.88
132,2015-07-22,5.14,5.01,5.16,4.9,118779,417680416.0,5.07,-2.34,-0.12,1.52
133,2015-07-23,5.01,5.2,5.24,5.01,129582,466667296.0,4.59,3.79,0.19,1.66
134,2015-07-24,5.24,5.01,5.31,5.0,142972,512643376.0,5.96,-3.65,-0.19,1.83
135,2015-07-27,4.85,4.46,5.08,4.46,120937,407561984.0,12.38,-10.98,-0.55,1.55
136,2015-07-28,4.01,4.54,4.68,4.01,178829,556293280.0,15.02,1.79,0.08,2.29
137,2015-07-29,4.61,4.77,4.77,4.31,114999,372104944.0,10.13,5.07,0.23,1.48
138,2015-07-30,4.76,4.48,4.8,4.47,69049,227761173.0,6.92,-6.08,-0.29,0.89
139,2015-07-31,4.39,4.6,4.61,4.38,71450,226461659.0,5.13,2.68,0.12,0.92
140,2015-08-03,4.53,4.82,4.82,4.47,199184,656742896.0,7.61,4.78,0.22,2.56
141,2015-08-04,4.78,4.99,5.02,4.68,120998,413216192.0,7.05,3.53,0.17,1.55
142,2015-08-05,4.99,4.83,5.02,4.81,69291,238675890.0,4.21,-3.21,-0.16,0.89
143,2015-08-06,4.76,4.73,4.91,4.71,50113,169354352.0,4.14,-2.07,-0.1,0.64
144,2015-08-07,4.73,4.83,4.89,4.66,100056,336869360.0,4.86,2.11,0.1,1.28
145,2015-08-10,4.86,5.03,5.07,4.77,117958,410145888.0,6.21,4.14,0.2,1.51
146,2015-08-11,5.03,4.94,5.06,4.87,95388,331428864.0,3.78,-1.79,-0.09,1.22
147,2015-08-12,4.9,4.76,4.96,4.74,65441,223329243.0,4.45,-3.64,-0.18,0.84
148,2015-08-13,4.71,4.75,4.81,4.38,112524,365924224.0,9.03,-0.21,-0.01,1.44
149,2015-08-14,4.77,4.64,4.79,4.62,88992,294801872.0,3.58,-2.32,-0.11,1.14
150,2015-08-17,4.61,4.58,4.64,4.47,65818,211072791.0,3.66,-1.29,-0.06,0.84
151,2015-08-18,4.57,4.24,4.69,4.16,104543,330980448.0,11.57,-7.42,-0.34,1.34
152,2015-08-19,4.19,4.52,4.55,4.11,96708,295473392.0,10.38,6.6,0.28,1.24
153,2015-08-20,4.42,4.38,4.51,4.25,83509,259757886.0,5.75,-3.1,-0.14,1.07
154,2015-08-21,4.3,4.06,4.38,4.04,69644,207542086.0,7.76,-7.31,-0.32,0.89
155,2015-08-24,3.89,3.61,3.97,3.61,123692,326578144.0,8.87,-11.08,-0.45,1.59
156,2015-08-25,3.36,3.2,3.47,3.2,122403,294841008.0,7.48,-11.36,-0.41,1.57
157,2015-08-26,3.31,3.25,3.47,3.02,155752,376910864.0,14.06,1.56,0.05,2.0
158,2015-08-27,3.38,3.42,3.42,3.18,82652,200802668.0,7.38,5.23,0.17,1.06
159,2015-08-28,3.42,3.73,3.76,3.42,100396,260783099.0,9.94,9.06,0.31,1.29
160,2015-08-31,3.66,3.74,3.75,3.52,79337,208291756.0,6.17,0.27,0.01,1.02
161,2015-09-01,3.65,3.74,3.75,3.41,109592,286828240.0,9.09,0.0,0.0,1.41
162,2015-09-02,3.52,3.93,3.96,3.5,163758,452796368.0,12.3,5.08,0.19,2.1
163,2015-09-07,3.91,3.73,4.13,3.71,92785,257235770.0,10.69,-5.09,-0.2,1.19
164,2015-09-08,3.68,3.89,3.91,3.63,50788,137714410.0,7.51,4.29,0.16,0.65
165,2015-09-09,3.9,3.94,4.07,3.84,70633,200824959.0,5.91,1.29,0.05,0.91
166,2015-09-10,3.92,3.81,3.94,3.8,35472,98710368.0,3.55,-3.3,-0.13,0.46
167,2015-09-11,3.78,3.77,3.85,3.69,36017,97668409.0,4.2,-1.05,-0.04,0.46
168,2015-09-14,3.83,3.45,3.84,3.44,61015,158051018.0,10.61,-8.49,-0.32,0.78
169,2015-09-15,3.36,3.37,3.57,3.36,55340,139856074.0,6.09,-2.32,-0.08,0.71
170,2015-09-16,3.44,3.7,3.76,3.32,68685,174566791.0,13.06,9.79,0.33,0.88
171,2015-09-17,3.67,3.59,3.77,3.53,64270,169431510.0,6.49,-2.97,-0.11,0.82
172,2015-09-18,3.66,3.6,3.66,3.55,25442,66130615.0,3.06,0.28,0.01,0.33
173,2015-09-21,3.52,3.77,3.82,3.49,54363,146585926.0,9.17,4.72,0.17,0.7
174,2015-09-22,3.8,3.81,3.91,3.75,55725,153617401.0,4.24,1.06,0.04,0.71
175,2015-09-23,3.78,3.71,3.8,3.67,34823,93810315.0,3.41,-2.62,-0.1,0.45
176,2015-09-24,3.7,3.89,3.94,3.7,56127,155477115.0,6.47,4.85,0.18,0.72
177,2015-09-25,3.84,3.86,3.98,3.77,51405,142922167.0,5.4,-0.77,-0.03,0.66
178,2015-09-28,3.86,4.0,4.03,3.76,43421,122281127.0,6.99,3.63,0.14,0.56
179,2015-09-29,3.92,3.89,4.04,3.88,49281,138946593.0,4.0,-2.75,-0.11,0.63
180,2015-09-30,3.91,3.85,3.97,3.81,35999,99631663.0,4.11,-1.03,-0.04,0.46
181,2015-10-08,4.02,3.96,4.08,3.88,68773,196401228.0,5.19,2.86,0.11,0.88
182,2015-10-09,4.02,4.06,4.1,3.98,51711,149624180.0,3.03,2.53,0.1,0.66
183,2015-10-12,4.09,4.33,4.42,4.06,79249,239618299.0,8.87,6.65,0.27,1.01
184,2015-10-13,4.3,4.43,4.52,4.3,59914,188020604.0,5.08,2.31,0.1,0.77
185,2015-10-14,4.42,4.3,4.42,4.22,46056,140452199.0,4.51,-2.93,-0.13,0.59
186,2015-10-15,4.3,4.41,4.43,4.26,48817,150685738.0,3.95,2.56,0.11,0.62
187,2015-10-16,4.42,4.49,4.55,4.3,58922,184449952.0,5.67,1.81,0.08,0.75
188,2015-10-19,4.49,4.33,4.5,4.26,62379,192710199.0,5.35,-3.56,-0.16,0.8
189,2015-10-20,4.37,4.38,4.4,4.27,49433,152056815.0,3.0,1.15,0.05,0.63
190,2015-10-21,4.39,4.19,4.5,4.15,74310,228728572.0,7.99,-4.34,-0.19,0.95
191,2015-10-22,4.28,4.66,4.66,4.22,138581,441005744.0,10.5,11.22,0.47,1.77
192,2015-10-23,4.82,4.87,5.05,4.74,178995,614077264.0,6.65,4.51,0.21,2.29
193,2015-10-26,4.92,4.78,4.92,4.66,112236,375556720.0,5.34,-1.85,-0.09,1.44
194,2015-10-27,4.73,4.79,4.88,4.54,92254,307512864.0,7.11,0.21,0.01,1.18
195,2015-10-28,4.77,4.53,4.84,4.5,83760,275644048.0,7.1,-5.43,-0.26,1.07
196,2015-10-29,4.6,4.59,4.66,4.44,61184,195857004.0,4.86,1.32,0.06,0.78
197,2015-10-30,4.62,4.55,4.65,4.48,36909,118979966.0,3.7,-0.87,-0.04,0.47
198,2015-11-02,4.48,4.49,4.67,4.43,47916,154059349.0,5.27,-1.32,-0.06,0.61
199,2015-11-03,4.49,4.46,4.56,4.45,34523,109587214.0,2.45,-0.67,-0.03,0.44
200,2015-11-04,4.48,4.73,4.74,4.48,69325,227383611.0,5.83,6.05,0.27,0.89
201,2015-11-05,4.69,4.61,4.76,4.56,79975,262137787.0,4.23,-2.54,-0.12,1.02
202,2015-11-06,4.61,4.7,4.72,4.57,61436,202054310.0,3.25,1.95,0.09,0.79
203,2015-11-09,4.69,4.78,4.9,4.61,90313,302260080.0,6.17,1.7,0.08,1.15
204,2015-11-10,4.77,4.77,4.84,4.67,80617,269318352.0,3.56,-0.21,-0.01,1.03
205,2015-11-11,4.8,4.77,4.8,4.66,67108,222147839.0,2.94,0.0,0.0,0.86
206,2015-11-12,4.79,4.83,4.93,4.78,84276,286393088.0,3.14,1.26,0.06,1.08
207,2015-11-13,4.77,4.53,4.8,4.53,81503,265833033.0,5.59,-6.21,-0.3,1.04
208,2015-11-16,4.47,4.7,4.7,4.41,63299,204085459.0,6.4,3.75,0.17,0.81
209,2015-11-17,4.7,4.63,4.75,4.61,59802,197565907.0,2.98,-1.49,-0.07,0.76
210,2015-11-18,4.64,4.45,4.66,4.45,46971,150674793.0,4.54,-3.89,-0.18,0.6
211,2015-11-19,4.52,4.63,4.63,4.46,38042,122151007.0,3.82,4.04,0.18,0.49
212,2015-11-20,4.63,4.56,4.63,4.51,39347,126714737.0,2.59,-1.51,-0.07,0.5
213,2015-11-23,4.56,4.41,4.59,4.39,84699,267997323.0,4.39,-3.29,-0.15,1.08
214,2015-11-24,4.4,4.46,4.48,4.33,39016,121914154.0,3.4,1.13,0.05,0.5
215,2015-11-25,4.45,4.71,4.72,4.38,105256,339258400.0,7.62,5.61,0.25,1.35
216,2015-11-26,4.71,4.57,4.73,4.55,65082,211948354.0,3.82,-2.97,-0.14,0.83
217,2015-11-27,4.55,4.39,4.63,4.35,49438,156645117.0,6.13,-3.94,-0.18,0.63
218,2015-11-30,4.41,4.51,4.53,4.26,44654,140085464.0,6.15,2.73,0.12,0.57
219,2015-12-01,4.53,4.51,4.61,4.43,37865,120045366.0,3.99,0.0,0.0,0.48
220,2015-12-02,4.57,4.57,4.68,4.43,45882,147580615.0,5.54,1.33,0.06,0.59
221,2015-12-03,4.56,4.81,4.85,4.56,104424,348095136.0,6.35,5.25,0.24,1.34
222,2015-12-04,4.79,4.68,4.86,4.63,91596,304077792.0,4.78,-2.7,-0.13,1.17
223,2015-12-07,4.73,4.81,4.81,4.66,83789,279318960.0,3.21,2.78,0.13,1.07
224,2015-12-08,4.77,4.6,4.78,4.56,63467,208491283.0,4.57,-4.37,-0.21,0.81
225,2015-12-09,4.58,4.5,4.61,4.46,52694,168335887.0,3.26,-2.17,-0.1,0.67
226,2015-12-10,4.5,4.46,4.56,4.45,36511,116149414.0,2.44,-0.89,-0.04,0.47
227,2015-12-11,4.43,4.53,4.55,4.38,38680,122165568.0,3.81,1.57,0.07,0.49
228,2015-12-14,4.46,4.65,4.67,4.43,43719,140408250.0,5.3,2.65,0.12,0.56
229,2015-12-15,4.63,4.74,4.79,4.61,58103,192632252.0,3.87,1.94,0.09,0.74
230,2015-12-16,4.75,4.66,4.77,4.63,38318,126279922.0,2.95,-1.69,-0.08,0.49
231,2015-12-17,4.72,4.78,4.8,4.67,68760,229613117.0,2.79,2.58,0.12,0.88
232,2015-12-18,4.76,4.66,4.77,4.61,56175,184726817.0,3.35,-2.51,-0.12,0.72
233,2015-12-21,4.66,4.83,4.84,4.63,84779,283547008.0,4.51,3.65,0.17,1.08
234,2015-12-22,4.85,4.76,4.89,4.73,63695,213443587.0,3.31,-1.45,-0.07,0.81
235,2015-12-23,4.76,4.72,4.82,4.69,68691,229645336.0,2.73,-0.84,-0.04,0.88
236,2015-12-24,4.69,4.71,4.74,4.64,40485,133189946.0,2.12,-0.21,-0.01,0.52
237,2015-12-25,4.72,4.64,4.73,4.64,46279,152213469.0,1.91,-1.49,-0.07,0.59
238,2015-12-28,4.61,4.53,4.69,4.53,55658,181066702.0,3.45,-2.37,-0.11,0.71
239,2015-12-29,4.54,4.57,4.62,4.53,38014,122360822.0,1.99,0.88,0.04,0.49
240,2015-12-30,4.56,4.66,4.67,4.53,40280,130648544.0,3.06,1.97,0.09,0.52
241,2015-12-31,4.66,4.47,4.67,4.47,64772,207264319.0,4.29,-4.08,-0.19,0.83
242,2016-01-04,4.42,4.04,4.47,4.02,46146,140301770.0,10.07,-9.62,-0.43,0.59
243,2016-01-05,3.96,4.19,4.24,3.92,64801,189413530.0,7.92,3.71,0.15,0.83
244,2016-01-06,4.19,4.2,4.24,4.08,37244,110300515.0,3.82,0.24,0.01,0.48
245,2016-01-07,4.14,3.82,4.14,3.76,8925,25361302.0,9.05,-9.05,-0.38,0.11
246,2016-01-08,3.98,4.1,4.2,3.75,78652,226978194.0,11.78,7.33,0.28,1.01
247,2016-01-11,4.01,3.93,4.33,3.91,85673,251581172.0,10.24,-4.15,-0.17,1.1
248,2016-01-12,3.94,4.1,4.14,3.94,56821,165074537.0,5.09,4.33,0.17,0.73
249,2016-01-13,4.14,4.06,4.15,4.01,38504,111500323.0,3.41,-0.98,-0.04,0.49
250,2016-01-14,3.94,4.27,4.29,3.92,60599,179340688.0,9.11,5.17,0.21,0.78
251,2016-01-15,4.19,4.22,4.29,4.17,44639,133843660.0,2.81,-1.17,-0.05,0.57
252,2016-01-18,4.17,4.26,4.36,4.13,39663,119924348.0,5.45,0.95,0.04,0.51
253,2016-01-19,4.29,4.3,4.33,4.19,54067,163270105.0,3.29,0.94,0.04,0.69
254,2016-01-20,4.27,4.17,4.3,4.14,62511,186823794.0,3.72,-3.02,-0.13,0.8
255,2016-01-21,4.09,4.04,4.22,3.99,40704,118945497.0,5.52,-3.12,-0.13,0.52
256,2016-01-22,4.08,4.05,4.11,3.97,38698,111168125.0,3.47,0.25,0.01,0.5
257,2016-01-25,4.09,4.05,4.13,4.04,18345,53428361.0,2.22,0.0,0.0,0.23
258,2016-01-26,4.05,3.94,4.09,3.85,53257,152471412.0,5.93,-2.72,-0.11,0.68
259,2016-01-27,3.96,4.09,4.1,3.86,64294,182943880.0,6.09,3.81,0.15,0.82
260,2016-01-28,4.04,3.97,4.21,3.94,44390,129617542.0,6.6,-2.93,-0.12,0.57
261,2016-01-29,3.99,4.13,4.17,3.97,49608,145055042.0,5.04,4.03,0.16,0.63
262,2016-02-01,4.1,4.05,4.16,3.99,36323,105371221.0,4.12,-1.94,-0.08,0.46
263,2016-02-02,4.11,4.21,4.24,4.11,49111,146582633.0,3.21,3.95,0.16,0.63
264,2016-02-03,4.12,4.25,4.27,4.12,36925,110825313.0,3.56,0.95,0.04,0.47
265,2016-02-04,4.21,4.25,4.31,4.21,38135,115197407.0,2.35,0.0,0.0,0.49
266,2016-02-05,4.26,4.21,4.27,4.19,29364,88117898.0,1.88,-0.94,-0.04,0.38
267,2016-02-15,4.11,4.28,4.29,4.11,31852,95829370.0,4.28,1.66,0.07,0.41
268,2016-02-16,4.28,4.38,4.39,4.27,52048,160756191.0,2.8,2.34,0.1,0.67
269,2016-02-17,4.38,4.32,4.39,4.27,45411,139031693.0,2.74,-1.37,-0.06,0.58
270,2016-02-18,4.34,4.31,4.36,4.28,28677,87807102.0,1.85,-0.23,-0.01,0.37
271,2016-02-19,4.32,4.34,4.37,4.27,36011,110131367.0,2.32,0.7,0.03,0.46
272,2016-02-22,4.36,4.34,4.37,4.31,36652,112654783.0,1.38,0.0,0.0,0.47
273,2016-02-23,4.35,4.29,4.37,4.25,30757,94019262.0,2.76,-1.15,-0.05,0.39
274,2016-02-24,4.28,4.21,4.3,4.13,31708,95050961.0,3.96,-1.86,-0.08,0.41
275,2016-02-25,4.22,3.93,4.23,3.9,57444,166533989.0,7.84,-6.65,-0.28,0.74
276,2016-02-26,3.99,4.01,4.08,3.92,43419,123879020.0,4.07,2.04,0.08,0.56
277,2016-02-29,4.02,3.93,4.05,3.83,48367,135173687.0,5.49,-2.0,-0.08,0.62
278,2016-03-01,3.93,3.91,3.94,3.76,41919,116011433.0,4.58,-0.51,-0.02,0.54
279,2016-03-02,3.91,4.07,4.08,3.85,65408,184550117.0,5.88,4.09,0.16,0.84
280,2016-03-03,4.05,3.99,4.1,3.99,43908,126506115.0,2.7,-1.97,-0.08,0.56
281,2016-03-04,3.94,3.79,3.99,3.75,59076,163174800.0,6.02,-5.01,-0.2,0.76
282,2016-03-07,3.79,3.81,3.9,3.79,45086,124614858.0,2.9,0.53,0.02,0.58
283,2016-03-08,3.83,3.94,3.95,3.68,55942,153758393.0,7.09,3.41,0.13,0.72
284,2016-03-09,3.89,3.87,3.94,3.83,26172,72955598.0,2.79,-1.78,-0.07,0.33
285,2016-03-10,3.89,3.87,3.95,3.84,25901,72441654.0,2.84,0.0,0.0,0.33
286,2016-03-11,3.86,3.88,3.93,3.83,18255,50965926.0,2.58,0.26,0.01,0.23
287,2016-03-14,3.93,4.0,4.03,3.93,37558,107394149.0,2.58,3.09,0.12,0.48
288,2016-03-15,3.99,3.89,4.02,3.86,33946,95390937.0,4.0,-2.75,-0.11,0.43
289,2016-03-16,3.94,3.89,3.96,3.83,26435,73866409.0,3.34,0.0,0.0,0.34
290,2016-03-17,3.92,4.02,4.03,3.89,47358,134786270.0,3.6,3.34,0.13,0.61
291,2016-03-18,4.06,4.1,4.16,4.02,49352,144188753.0,3.48,1.99,0.08,0.63
292,2016-03-21,4.07,4.16,4.23,4.06,52153,154008758.0,4.15,1.46,0.06,0.67
293,2016-03-22,4.14,4.09,4.14,4.07,33840,98822378.0,1.68,-1.68,-0.07,0.43
294,2016-03-23,4.11,4.09,4.11,4.03,29429,85448321.0,1.96,0.0,0.0,0.38
295,2016-03-24,4.05,4.09,4.17,4.03,39294,115071684.0,3.42,0.0,0.0,0.5
296,2016-03-25,4.1,4.1,4.14,4.07,22539,65843178.0,1.71,0.24,0.01,0.29
297,2016-03-28,4.11,4.13,4.18,4.1,33843,99912477.0,1.95,0.73,0.03,0.43
298,2016-03-29,4.13,4.09,4.16,4.07,39687,115925486.0,2.18,-0.97,-0.04,0.51
299,2016-03-30,4.13,4.24,4.24,4.12,43069,128331578.0,2.93,3.67,0.15,0.55
300,2016-03-31,4.27,4.2,4.3,4.18,32441,97453719.0,2.83,-0.94,-0.04,0.41
301,2016-04-01,4.2,4.22,4.22,4.15,27262,81056918.0,1.67,0.48,0.02,0.35
302,2016-04-05,4.19,4.28,4.29,4.19,46128,139294541.0,2.37,1.42,0.06,0.59
303,2016-04-06,4.24,4.27,4.29,4.24,26653,80727538.0,1.17,-0.23,-0.01,0.34
304,2016-04-07,4.28,4.16,4.31,4.16,32275,97150049.0,3.51,-2.58,-0.11,0.41
305,2016-04-08,4.3,4.41,4.53,4.22,172986,540764032.0,7.45,6.01,0.25,2.2
306,2016-04-11,4.31,4.47,4.52,4.31,109037,341155280.0,4.76,1.36,0.06,1.39
307,2016-04-12,4.5,4.59,4.84,4.45,134370,437499680.0,8.72,2.68,0.12,1.71
308,2016-04-13,4.53,4.55,4.67,4.45,105828,340145824.0,4.79,-0.87,-0.04,1.35
309,2016-04-14,4.54,4.64,4.67,4.5,75865,245267780.0,3.74,1.98,0.09,0.97
310,2016-04-15,4.6,4.54,4.64,4.53,44601,144030822.0,2.37,-2.16,-0.1,0.57
311,2016-04-18,4.51,4.48,4.53,4.43,38869,122962824.0,2.2,-1.32,-0.06,0.49
312,2016-04-19,4.49,4.48,4.55,4.47,31471,100188538.0,1.79,0.0,0.0,0.4
313,2016-04-20,4.47,4.36,4.58,4.22,67678,210612434.0,8.04,-2.68,-0.12,0.86
314,2016-04-21,4.36,4.33,4.45,4.31,36291,112664611.0,3.21,-0.69,-0.03,0.46
315,2016-04-22,4.33,4.43,4.45,4.3,37423,116355227.0,3.46,2.31,0.1,0.48
316,2016-04-25,4.41,4.36,4.42,4.27,31910,98078708.0,3.39,-1.58,-0.07,0.41
317,2016-04-26,4.36,4.6,4.61,4.35,64373,206087858.0,5.96,5.5,0.24,0.82
318,2016-04-27,4.6,4.55,4.65,4.55,40909,132421533.0,2.17,-1.09,-0.05,0.52
319,2016-04-28,4.53,4.56,4.67,4.48,60076,194021119.0,4.18,0.22,0.01,0.76
320,2016-04-29,4.55,4.5,4.6,4.46,34408,109833295.0,3.07,-1.32,-0.06,0.44
321,2016-05-03,4.44,4.58,4.62,4.38,56270,180256798.0,5.33,1.78,0.08,0.72
322,2016-05-04,4.54,4.53,4.61,4.5,33048,105853230.0,2.4,-1.09,-0.05,0.42
323,2016-05-05,4.51,4.53,4.59,4.5,36822,118092278.0,1.99,0.0,0.0,0.47
324,2016-05-06,4.51,4.34,4.54,4.33,54745,171206423.0,4.64,-4.19,-0.19,0.7
325,2016-05-09,4.34,4.38,4.42,4.27,45180,139932544.0,3.46,0.92,0.04,0.57
326,2016-05-10,4.36,4.32,4.41,4.28,26465,81412082.0,2.97,-1.37,-0.06,0.34
327,2016-05-11,4.35,4.51,4.54,4.31,47770,151046275.0,5.32,4.4,0.19,0.61
328,2016-05-12,4.46,4.54,4.6,4.37,42714,135615583.0,5.1,0.67,0.03,0.54
329,2016-05-13,4.5,4.45,4.56,4.4,24912,78948630.0,3.52,-1.98,-0.09,0.32
330,2016-05-16,4.43,4.63,4.65,4.42,41260,132413104.0,5.17,4.04,0.18,0.52
331,2016-05-17,4.6,4.61,4.7,4.54,44997,146542474.0,3.46,-0.43,-0.02,0.57
332,2016-05-18,4.57,4.5,4.57,4.46,30780,98107197.0,2.39,-2.39,-0.11,0.39
333,2016-05-19,4.52,4.58,4.63,4.49,32803,106061839.0,3.11,1.78,0.08,0.42
334,2016-05-20,4.55,4.61,4.67,4.53,39094,127128945.0,3.06,0.66,0.03,0.5
335,2016-05-23,4.61,4.64,4.7,4.57,39871,130711591.0,2.82,0.65,0.03,0.51
336,2016-05-24,4.64,4.6,4.64,4.56,28012,90597183.0,1.72,-0.86,-0.04,0.36
337,2016-05-25,4.6,4.59,4.7,4.57,28412,92824525.0,2.83,-0.22,-0.01,0.36
338,2016-05-26,4.58,4.52,4.6,4.39,33258,105343701.0,4.58,-1.53,-0.07,0.42
339,2016-05-27,4.48,4.46,4.53,4.45,16707,53092968.0,1.77,-1.33,-0.06,0.21
340,2016-05-30,4.46,4.52,4.59,4.42,22923,73484683.0,3.81,1.35,0.06,0.29
341,2016-05-31,4.52,4.68,4.69,4.5,49131,160217213.0,4.2,3.54,0.16,0.62
342,2016-06-01,4.67,4.73,4.81,4.67,51402,171911567.0,2.99,1.07,0.05,0.65
343,2016-06-02,4.7,4.77,4.78,4.68,25757,85780911.0,2.11,0.85,0.04,0.33
344,2016-06-03,4.78,4.69,4.88,4.68,75165,252512507.0,4.19,-1.68,-0.08,0.96
345,2016-06-06,4.69,4.66,4.7,4.62,39045,127975816.0,1.71,-0.64,-0.03,0.5
346,2016-06-07,4.67,4.73,4.73,4.64,30945,102338195.0,1.93,1.5,0.07,0.39
347,2016-06-08,4.69,4.67,4.73,4.66,29576,97654215.0,1.48,-1.27,-0.06,0.38
348,2016-06-13,4.61,4.52,4.67,4.52,30641,99388816.0,3.21,-3.21,-0.15,0.39
349,2016-06-14,4.52,4.63,4.63,4.52,28524,91999163.0,2.43,2.43,0.11,0.36
350,2016-06-15,4.58,4.77,4.78,4.57,46185,152952570.0,4.54,3.02,0.14,0.59
351,2016-06-16,4.82,4.72,4.93,4.71,64332,218576394.0,4.61,-1.05,-0.05,0.82
352,2016-06-17,4.75,4.96,4.98,4.72,69415,237194114.0,5.51,5.08,0.24,0.88
353,2016-06-20,4.95,4.95,4.99,4.82,45356,156377963.0,3.43,-0.2,-0.01,0.58
354,2016-06-21,4.95,4.92,5.03,4.87,46809,161505569.0,3.23,-0.61,-0.03,0.59
355,2016-06-22,4.87,4.96,4.98,4.82,34207,117282532.0,3.25,0.81,0.04,0.43
356,2016-06-23,4.95,4.84,4.98,4.81,34455,117956222.0,3.43,-2.42,-0.12,0.44
357,2016-06-24,4.81,4.83,4.93,4.78,49434,169203217.0,3.1,-0.21,-0.01,0.63
358,2016-06-27,4.82,4.91,4.94,4.81,45071,154976200.0,2.69,1.66,0.08,0.57
359,2016-06-28,4.92,5.02,5.05,4.86,49185,170851418.0,3.87,2.24,0.11,0.62
360,2016-06-29,5.08,5.23,5.26,5.08,72505,262447297.0,3.59,4.18,0.21,0.92
361,2016-06-30,5.24,5.24,5.29,5.14,43966,159892881.0,2.87,0.19,0.01,0.56
362,2016-07-01,5.2,5.15,5.24,5.13,30369,109631647.0,2.1,-1.72,-0.09,0.39
363,2016-07-04,5.11,5.18,5.24,5.1,43030,155499074.0,2.72,0.58,0.03,0.55
364,2016-07-05,5.2,5.14,5.2,5.12,23622,84911443.0,1.54,-0.77,-0.04,0.3
365,2016-07-06,5.17,5.29,5.29,5.14,32547,118071857.0,2.92,2.92,0.15,0.41
366,2016-07-07,5.3,5.27,5.56,5.25,64395,242630518.0,5.86,-0.38,-0.02,0.82
367,2016-07-08,5.23,5.27,5.36,5.16,42716,155275627.0,3.8,0.0,0.0,0.54
368,2016-07-11,5.27,5.33,5.41,5.19,36099,132581886.0,4.17,1.14,0.06,0.46
369,2016-07-12,5.3,5.52,5.53,5.3,62634,234676864.0,4.32,3.56,0.19,0.8
370,2016-07-13,5.49,5.44,5.55,5.43,39867,150507898.0,2.17,-1.45,-0.08,0.51
371,2016-07-14,5.39,5.44,5.48,5.39,30731,115206805.0,1.65,0.0,0.0,0.39
372,2016-07-15,5.42,5.52,5.53,5.42,31816,120121836.0,2.02,1.47,0.08,0.4
373,2016-07-18,5.52,5.6,5.72,5.52,66749,257721437.0,3.62,1.45,0.08,0.85
374,2016-07-19,5.58,5.51,5.58,5.48,43569,165355820.0,1.79,-1.61,-0.09,0.55
375,2016-07-20,5.48,5.47,5.51,5.41,41847,157428265.0,1.81,-0.73,-0.04,0.53
376,2016-07-21,5.45,5.45,5.49,5.39,34677,129916669.0,1.83,-0.37,-0.02,0.44
377,2016-07-22,5.43,5.36,5.46,5.31,50209,186107467.0,2.75,-1.65,-0.09,0.64
378,2016-07-25,5.32,5.39,5.48,5.31,37468,139584272.0,3.17,0.56,0.03,0.48
379,2016-07-26,5.39,5.45,5.46,5.32,34084,126747408.0,2.6,1.11,0.06,0.43
380,2016-07-27,5.42,5.2,5.45,5.13,64018,232815989.0,5.87,-4.59,-0.25,0.81
381,2016-07-28,5.2,5.19,5.24,5.12,36354,130379056.0,2.31,-0.19,-0.01,0.46
382,2016-07-29,5.21,5.26,5.31,5.2,27619,100554123.0,2.12,1.35,0.07,0.35
383,2016-08-01,5.21,5.31,5.33,5.11,40137,146355085.0,4.18,0.95,0.05,0.51
384,2016-08-02,5.28,5.3,5.34,5.25,19861,72618979.0,1.69,-0.19,-0.01,0.25
385,2016-08-03,5.3,5.28,5.31,5.25,12416,45321295.0,1.13,-0.38,-0.02,0.16
386,2016-08-04,5.28,5.27,5.3,5.14,22420,81083146.0,3.03,-0.19,-0.01,0.28
387,2016-08-05,5.26,5.28,5.33,5.21,17725,64716511.0,2.28,0.19,0.01,0.23
388,2016-08-08,5.28,5.35,5.36,5.21,21072,77294718.0,2.84,1.33,0.07,0.27
389,2016-08-09,5.35,5.36,5.39,5.31,27338,100980608.0,1.5,0.19,0.01,0.35
390,2016-08-10,5.34,5.29,5.35,5.27,19702,72187610.0,1.49,-1.31,-0.07,0.25
391,2016-08-11,5.29,5.29,5.32,5.22,18667,67853955.0,1.89,0.0,0.0,0.24
392,2016-08-12,5.28,5.29,5.31,5.23,14106,51448319.0,1.51,0.0,0.0,0.18
393,2016-08-15,5.29,5.38,5.42,5.25,32697,120787635.0,3.21,1.7,0.09,0.42
394,2016-08-16,5.38,5.01,5.41,4.84,423012,1479039488.0,10.59,-6.88,-0.37,5.37
395,2016-08-17,5.01,5.15,5.22,5.01,152673,542348512.0,4.19,2.79,0.14,1.94
396,2016-08-18,5.15,5.08,5.15,5.04,47600,167625236.0,2.14,-1.36,-0.07,0.6
397,2016-08-19,5.09,5.06,5.1,5.01,39741,139365926.0,1.77,-0.39,-0.02,0.5
398,2016-08-22,5.06,5.13,5.15,5.02,59263,209806866.0,2.57,1.38,0.07,0.75
399,2016-08-23,5.09,5.12,5.2,5.08,34769,123785318.0,2.34,-0.19,-0.01,0.44
400,2016-08-24,5.09,5.07,5.12,5.06,21361,75142017.0,1.17,-0.98,-0.05,0.27
401,2016-08-25,5.06,5.08,5.08,5.01,35407,123801681.0,1.38,0.2,0.01,0.45
402,2016-08-26,5.08,5.06,5.1,5.02,23277,81735798.0,1.57,-0.39,-0.02,0.3
403,2016-08-29,5.06,5.03,5.08,5.03,20200,70709304.0,0.99,-0.59,-0.03,0.26
404,2016-08-30,5.04,5.1,5.14,5.04,38111,134886408.0,1.99,1.39,0.07,0.48
405,2016-08-31,5.08,5.14,5.14,5.04,22692,80171238.0,1.96,0.78,0.04,0.29
406,2016-09-01,5.13,5.07,5.13,5.05,24955,87839357.0,1.56,-1.36,-0.07,0.32
407,2016-09-02,5.05,5.02,5.08,5.0,18653,65104100.0,1.58,-0.99,-0.05,0.24
408,2016-09-05,5.05,5.03,5.08,5.02,15913,55704551.0,1.2,0.2,0.01,0.2
409,2016-09-06,5.03,5.08,5.11,5.02,21906,76991908.0,1.79,0.99,0.05,0.28
410,2016-09-07,5.1,5.04,5.11,5.03,26304,92264246.0,1.57,-0.79,-0.04,0.33
411,2016-09-08,5.06,5.06,5.06,5.03,10449,36562597.0,0.6,0.4,0.02,0.13
412,2016-09-09,5.06,5.02,5.07,5.02,14399,50269880.0,0.99,-0.79,-0.04,0.18
413,2016-09-12,4.98,4.89,5.01,4.88,29793,102034415.0,2.59,-2.59,-0.13,0.38
414,2016-09-13,4.92,4.9,4.94,4.9,10231,34910021.0,0.82,0.2,0.01,0.13
415,2016-09-14,4.89,4.98,4.98,4.86,20910,71654824.0,2.45,1.63,0.08,0.26
416,2016-09-19,4.95,4.98,5.03,4.9,13614,47046283.0,2.61,0.0,0.0,0.17
417,2016-09-20,4.98,4.99,5.01,4.96,12638,43706124.0,1.0,0.2,0.01,0.16
418,2016-09-21,5.0,5.05,5.08,4.99,21652,75713079.0,1.8,1.2,0.06,0.27
419,2016-09-22,5.07,5.04,5.09,5.03,15047,52828593.0,1.19,-0.2,-0.01,0.19
420,2016-09-23,5.06,5.05,5.08,5.03,9493,33254117.0,0.99,0.2,0.01,0.12
421,2016-09-26,5.03,5.05,5.12,5.03,33457,117566498.0,1.78,0.0,0.0,0.42
422,2016-09-27,5.03,5.08,5.1,5.02,23533,82824385.0,1.58,0.59,0.03,0.3
423,2016-09-28,5.19,5.09,5.19,5.07,21536,76357756.0,2.36,0.2,0.01,0.27
424,2016-09-29,5.07,5.09,5.11,5.06,12383,43664521.0,0.98,0.0,0.0,0.16
425,2016-09-30,5.11,5.04,5.11,5.03,18385,64423641.0,1.57,-0.98,-0.05,0.23
426,2016-10-10,5.05,5.04,5.06,4.96,46538,161869068.0,1.98,0.0,0.0,0.59
427,2016-10-11,5.04,5.07,5.08,5.01,17839,62524459.0,1.39,0.6,0.03,0.23
428,2016-10-12,5.07,5.11,5.14,5.05,28453,100766342.0,1.78,0.79,0.04,0.36
429,2016-10-13,5.11,5.12,5.13,5.1,15274,54106206.0,0.59,0.2,0.01,0.19
430,2016-10-14,5.1,5.04,5.13,5.02,23150,81099332.0,2.15,-1.56,-0.08,0.29
431,2016-10-17,5.0,5.01,5.06,4.96,15919,55407210.0,1.98,-0.6,-0.03,0.2
432,2016-10-18,4.99,5.06,5.07,4.99,17246,60412642.0,1.6,1.0,0.05,0.22
433,2016-10-19,5.07,5.01,5.09,4.98,18065,62918854.0,2.17,-0.99,-0.05,0.23
434,2016-10-20,5.0,4.97,5.02,4.97,19493,67412896.0,1.0,-0.8,-0.04,0.25
435,2016-10-21,4.97,4.92,5.0,4.9,23381,80170326.0,2.01,-1.01,-0.05,0.3
436,2016-10-24,4.93,4.89,4.94,4.79,83944,282470752.0,3.05,-0.61,-0.03,1.06
437,2016-10-25,4.86,4.95,4.98,4.83,44513,152178419.0,3.07,1.23,0.06,0.56
438,2016-10-26,4.96,4.86,4.97,4.86,30217,102675402.0,2.22,-1.82,-0.09,0.38
439,2016-10-27,4.88,4.88,4.89,4.84,18347,62122984.0,1.03,0.41,0.02,0.23
440,2016-10-28,4.89,4.85,4.91,4.84,14428,48849525.0,1.43,-0.61,-0.03,0.18
441,2016-10-31,4.83,4.86,4.88,4.81,25350,85333466.0,1.44,0.21,0.01,0.32
442,2016-11-01,4.86,4.88,4.91,4.86,25825,87695839.0,1.03,0.41,0.02,0.33
443,2016-11-02,4.87,4.92,4.93,4.87,22801,77673554.0,1.23,0.82,0.04,0.29
444,2016-11-03,4.92,4.9,4.92,4.88,16738,57048794.0,0.81,-0.41,-0.02,0.21
445,2016-11-04,4.91,4.87,4.91,4.85,15653,53107406.0,1.22,-0.61,-0.03,0.2
446,2016-11-07,4.87,4.72,4.88,4.7,57375,190650795.0,3.7,-3.08,-0.15,0.73
447,2016-11-08,4.7,4.72,4.76,4.69,30129,99356040.0,1.48,0.0,0.0,0.38
448,2016-11-09,4.74,4.72,4.76,4.66,26351,86850353.0,2.12,0.0,0.0,0.33
449,2016-11-10,4.75,4.73,4.76,4.72,26912,88776512.0,0.85,0.21,0.01,0.34
450,2016-11-11,4.74,4.73,4.74,4.64,37510,122785164.0,2.11,0.0,0.0,0.47
451,2016-11-14,4.74,4.72,4.74,4.7,33010,108462517.0,0.85,-0.21,-0.01,0.42
452,2016-11-15,4.72,4.73,4.74,4.68,31930,104916801.0,1.27,0.21,0.01,0.4
453,2016-11-16,4.74,4.77,4.81,4.74,34065,113290522.0,1.48,0.85,0.04,0.43
454,2016-11-17,4.77,4.79,4.81,4.73,28320,94153415.0,1.68,0.42,0.02,0.36
455,2016-11-18,4.79,4.78,4.8,4.76,17496,58289792.0,0.84,-0.21,-0.01,0.22
456,2016-11-21,4.75,4.75,4.76,4.73,17563,58016241.0,0.63,-0.63,-0.03,0.22
457,2016-11-22,4.76,4.77,4.78,4.74,17958,59478406.0,0.84,0.42,0.02,0.23
458,2016-11-23,4.77,4.74,4.78,4.74,22682,75144669.0,0.84,-0.63,-0.03,0.29
459,2016-11-24,4.74,4.74,4.76,4.73,16039,53033863.0,0.63,0.0,0.0,0.2
460,2016-11-25,4.75,4.77,4.78,4.73,22140,73371353.0,1.05,0.63,0.03,0.28
461,2016-11-28,4.78,4.76,4.78,4.75,22346,74157098.0,0.63,-0.21,-0.01,0.28
462,2016-11-29,4.75,4.76,4.79,4.74,22558,74954211.0,1.05,0.0,0.0,0.29
463,2016-11-30,4.74,4.8,4.81,4.74,42642,141924688.0,1.47,0.84,0.04,0.54
464,2016-12-01,4.78,4.8,4.82,4.78,32234,107546809.0,0.83,0.0,0.0,0.41
465,2016-12-02,4.79,4.74,4.79,4.69,27041,89313450.0,2.08,-1.25,-0.06,0.34
466,2016-12-08,4.91,4.88,5.02,4.82,120472,411412736.0,4.22,2.95,0.14,1.52
467,2016-12-09,4.84,4.7,4.87,4.68,69762,229945648.0,3.89,-3.69,-0.18,0.88
468,2016-12-12,4.7,4.34,4.71,4.29,110984,343260272.0,8.94,-7.66,-0.36,1.4
469,2016-12-13,4.36,4.39,4.45,4.34,60401,186042045.0,2.53,1.15,0.05,0.76
470,2016-12-14,4.4,4.37,4.43,4.37,25228,77864224.0,1.37,-0.46,-0.02,0.32
471,2016-12-15,4.34,4.41,4.43,4.31,28003,86308532.0,2.75,0.92,0.04,0.35
472,2016-12-16,4.41,4.39,4.46,4.38,21461,66317536.0,1.81,-0.45,-0.02,0.27
473,2016-12-19,4.41,4.42,4.42,4.39,18272,56504098.0,0.68,0.68,0.03,0.23
474,2016-12-20,4.46,4.43,4.48,4.41,21003,65178546.0,1.58,0.23,0.01,0.27
475,2016-12-21,4.44,4.42,4.45,4.41,16900,52389118.0,0.9,-0.23,-0.01,0.21
476,2016-12-22,4.43,4.38,4.44,4.36,17421,53621996.0,1.81,-0.9,-0.04,0.22
477,2016-12-23,4.38,4.34,4.41,4.31,14569,44504615.0,2.28,-0.91,-0.04,0.18
478,2016-12-26,4.34,4.33,4.39,4.24,21407,64844275.0,3.46,-0.23,-0.01,0.27
479,2016-12-27,4.33,4.33,4.35,4.31,12156,37010027.0,0.92,0.0,0.0,0.15
480,2016-12-28,4.32,4.33,4.35,4.31,13334,40530456.0,0.92,0.0,0.0,0.17
481,2016-12-29,4.32,4.29,4.34,4.28,23252,70486328.0,1.39,-0.92,-0.04,0.29
482,2016-12-30,4.31,4.25,4.31,4.24,24180,72491250.0,1.63,-0.93,-0.04,0.31
483,2017-01-03,4.27,4.26,4.27,4.23,23610,70604226.0,0.94,0.24,0.01,0.3
484,2017-01-04,4.31,4.44,4.47,4.29,46231,142666715.0,4.23,4.23,0.18,0.59
485,2017-01-05,4.39,4.4,4.42,4.39,15839,48865062.0,0.68,-0.9,-0.04,0.2
486,2017-01-06,4.4,4.47,4.48,4.39,31766,98741748.0,2.05,1.59,0.07,0.4
487,2017-01-09,4.44,4.44,4.48,4.42,19428,60444776.0,1.34,-0.67,-0.03,0.25
488,2017-01-10,4.46,4.38,4.46,4.38,13821,42605938.0,1.8,-1.35,-0.06,0.18
489,2017-01-11,4.39,4.33,4.39,4.27,23106,70086292.0,2.74,-1.14,-0.05,0.29
490,2017-01-12,4.29,4.26,4.33,4.26,20089,60383845.0,1.62,-1.62,-0.07,0.25
491,2017-01-13,4.26,4.23,4.28,4.22,27093,80845660.0,1.41,-0.7,-0.03,0.34
492,2017-01-16,4.21,4.21,4.25,4.09,31743,93694438.0,3.78,-0.47,-0.02,0.4
493,2017-01-17,4.2,4.23,4.26,4.14,15520,45798638.0,2.85,0.48,0.02,0.2
494,2017-01-18,4.22,4.19,4.26,4.19,12220,36336152.0,1.65,-0.95,-0.04,0.15
495,2017-01-19,4.19,4.23,4.24,4.17,14749,43690940.0,1.67,0.95,0.04,0.19
496,2017-01-20,4.21,4.26,4.29,4.2,17083,51272796.0,2.13,0.71,0.03,0.22
497,2017-01-23,4.26,4.32,4.33,4.25,16575,50210091.0,1.88,1.41,0.06,0.21
498,2017-01-24,4.33,4.34,4.35,4.3,14856,45198522.0,1.16,0.46,0.02,0.19
499,2017-01-25,4.34,4.36,4.37,4.32,9397,28738544.0,1.15,0.46,0.02,0.12
500,2017-01-26,4.35,4.37,4.41,4.34,11883,36528056.0,1.61,0.23,0.01,0.15
501,2017-02-03,4.37,4.45,4.47,4.37,29248,91023626.0,2.29,1.83,0.08,0.37
502,2017-02-06,4.45,4.44,4.45,4.34,33094,102151472.0,2.47,-0.22,-0.01,0.42
503,2017-02-07,4.42,4.35,4.42,4.35,18484,56752925.0,1.58,-2.03,-0.09,0.23
504,2017-02-08,4.35,4.4,4.4,4.34,13231,40633402.0,1.38,1.15,0.05,0.17
505,2017-02-09,4.41,4.38,4.41,4.37,12440,38227037.0,0.91,-0.45,-0.02,0.16
506,2017-02-10,4.37,4.35,4.39,4.34,19223,58739744.0,1.14,-0.68,-0.03,0.24
507,2017-02-13,4.36,4.34,4.38,4.33,26704,81531800.0,1.15,-0.23,-0.01,0.34
508,2017-02-14,4.35,4.3,4.36,4.29,32945,99971105.0,1.61,-0.92,-0.04,0.42
509,2017-02-15,4.29,4.29,4.32,4.29,19920,60196953.0,0.7,-0.23,-0.01,0.25
510,2017-02-16,4.3,4.3,4.33,4.29,17848,53997088.0,0.93,0.23,0.01,0.23
511,2017-02-17,4.3,4.44,4.46,4.29,59175,182405510.0,3.95,3.26,0.14,0.75
512,2017-02-20,4.42,4.45,4.46,4.36,43184,133482852.0,2.25,0.23,0.01,0.55
513,2017-02-21,4.45,4.46,4.47,4.39,25291,78557233.0,1.8,0.22,0.01,0.32
514,2017-02-22,4.45,4.45,4.54,4.43,21200,66459264.0,2.47,-0.22,-0.01,0.27
515,2017-02-23,4.44,4.53,4.58,4.39,30517,95855380.0,4.27,1.8,0.08,0.39
516,2017-02-24,4.49,4.48,4.54,4.48,18351,57826471.0,1.32,-1.1,-0.05,0.23
517,2017-02-27,4.49,4.49,4.57,4.44,25710,81195627.0,2.9,0.22,0.01,0.33
518,2017-02-28,4.48,4.54,4.57,4.45,15755,49541586.0,2.67,1.11,0.05,0.2
519,2017-03-01,4.53,4.5,4.56,4.49,17744,56193680.0,1.54,-0.88,-0.04,0.22
520,2017-03-02,4.5,4.43,4.52,4.43,16341,51038005.0,2.0,-1.56,-0.07,0.21
521,2017-03-03,4.4,4.28,4.41,4.25,92167,278491952.0,3.61,-3.39,-0.15,1.17
522,2017-03-06,4.27,4.32,4.37,4.24,45462,138171398.0,3.04,0.93,0.04,0.58
523,2017-03-07,4.33,4.34,4.36,4.31,20590,62691309.0,1.16,0.46,0.02,0.26
524,2017-03-08,4.34,4.31,4.34,4.29,20509,62004455.0,1.15,-0.69,-0.03,0.26
525,2017-03-09,4.29,4.3,4.33,4.29,13055,39498432.0,0.93,-0.23,-0.01,0.17
526,2017-03-10,4.33,4.29,4.33,4.29,14883,44953094.0,0.93,-0.23,-0.01,0.19
527,2017-03-13,4.29,4.32,4.33,4.23,24263,73115642.0,2.33,0.7,0.03,0.31
528,2017-03-14,4.3,4.41,4.42,4.3,46813,143680987.0,2.78,2.08,0.09,0.59
529,2017-03-15,4.38,4.37,4.42,4.34,28675,87950710.0,1.81,-0.91,-0.04,0.36
530,2017-03-16,4.35,4.37,4.39,4.34,21877,66882292.0,1.14,0.0,0.0,0.28
531,2017-03-17,4.37,4.32,4.38,4.32,21035,64323896.0,1.37,-1.14,-0.05,0.27
532,2017-03-20,4.32,4.31,4.34,4.27,11670,35253168.0,1.62,-0.23,-0.01,0.15
533,2017-03-21,4.31,4.28,4.32,4.25,26356,79139348.0,1.62,-0.7,-0.03,0.33
534,2017-03-22,4.27,4.39,4.39,4.25,24539,74513284.0,3.27,2.57,0.11,0.31
535,2017-03-23,4.37,4.37,4.39,4.34,21511,65870912.0,1.14,-0.46,-0.02,0.27
536,2017-03-24,4.36,4.41,4.41,4.33,22644,69583140.0,1.83,0.92,0.04,0.29
537,2017-03-27,4.41,4.37,4.5,4.37,30964,95901432.0,2.95,-0.91,-0.04,0.39
538,2017-03-28,4.37,4.37,4.44,4.33,23151,71130235.0,2.52,0.0,0.0,0.29
539,2017-03-29,4.39,4.35,4.41,4.33,19643,60078438.0,1.83,-0.46,-0.02,0.25
540,2017-03-30,4.35,4.28,4.36,4.26,26979,81326026.0,2.3,-1.61,-0.07,0.34
541,2017-03-31,4.28,4.3,4.36,4.28,17894,54178372.0,1.87,0.47,0.02,0.23
542,2017-04-05,4.3,4.33,4.35,4.29,25752,78233948.0,1.4,0.7,0.03,0.33
543,2017-04-06,4.39,4.53,4.7,4.39,113724,359104640.0,7.16,4.62,0.2,1.44
544,2017-04-07,4.52,4.55,4.62,4.5,58503,186661890.0,2.65,0.44,0.02,0.74
545,2017-04-12,4.67,4.52,4.69,4.51,62182,199042385.0,3.96,-0.66,-0.03,0.79
546,2017-04-13,4.51,4.52,4.57,4.49,27546,87226331.0,1.77,0.0,0.0,0.35
547,2017-04-14,4.52,4.47,4.56,4.45,19049,60062476.0,2.43,-1.11,-0.05,0.24
548,2017-04-17,4.49,4.49,4.58,4.46,28371,89447907.0,2.68,0.45,0.02,0.36
549,2017-04-18,4.48,4.55,4.59,4.48,40158,127409306.0,2.45,1.34,0.06,0.51
550,2017-04-19,4.53,4.53,4.57,4.45,26394,83286466.0,2.64,-0.44,-0.02,0.33
551,2017-04-20,4.54,4.57,4.62,4.5,51851,165098961.0,2.65,0.88,0.04,0.66
552,2017-04-21,4.59,4.55,4.67,4.54,49299,158656716.0,2.84,-0.44,-0.02,0.62
553,2017-04-24,4.56,4.63,4.66,4.44,61658,197273687.0,4.84,1.76,0.08,0.78
554,2017-04-25,4.64,4.57,4.66,4.55,33756,108623299.0,2.38,-1.3,-0.06,0.43
555,2017-04-26,4.57,4.67,4.7,4.56,58170,188895450.0,3.06,2.19,0.1,0.74
556,2017-04-27,4.64,4.71,4.72,4.62,48533,158332562.0,2.14,0.86,0.04,0.61
557,2017-04-28,4.68,4.71,4.73,4.59,39776,129614371.0,2.97,0.0,0.0,0.5
558,2017-05-02,4.69,4.62,4.71,4.61,32232,104418122.0,2.12,-1.91,-0.09,0.41
559,2017-05-03,4.62,4.56,4.66,4.55,33860,108888719.0,2.38,-1.3,-0.06,0.43
560,2017-05-04,4.56,4.48,4.59,4.45,42425,133770748.0,3.07,-1.75,-0.08,0.54
561,2017-05-05,4.44,4.52,4.55,4.44,26998,85169829.0,2.46,0.89,0.04,0.34
562,2017-05-08,4.52,4.54,4.56,4.47,30186,95860674.0,1.99,0.44,0.02,0.38
563,2017-05-09,4.54,4.54,4.56,4.45,25630,80796921.0,2.42,0.0,0.0,0.32
564,2017-05-10,4.52,4.54,4.58,4.5,19723,62637805.0,1.76,0.0,0.0,0.25
565,2017-05-11,4.51,4.6,4.6,4.47,44415,141080170.0,2.86,1.32,0.06,0.56
566,2017-05-12,4.61,4.67,4.67,4.55,43667,140438653.0,2.61,1.52,0.07,0.55
567,2017-05-15,4.64,4.72,4.72,4.63,33142,107995576.0,1.93,1.07,0.05,0.42
568,2017-05-16,4.7,4.86,4.87,4.66,47468,158048710.0,4.45,2.97,0.14,0.6
569,2017-05-17,4.82,4.78,4.88,4.78,37324,125112582.0,2.06,-1.65,-0.08,0.47
570,2017-05-18,4.78,4.82,4.88,4.74,57590,128095499.0,2.93,0.84,0.04,0.49
571,2017-05-19,4.83,4.86,4.99,4.77,64490,145514093.0,4.56,0.83,0.04,0.54
572,2017-05-22,4.87,4.9,4.96,4.76,47982,107396565.0,4.12,0.82,0.04,0.4
573,2017-05-23,4.85,4.94,4.97,4.76,81144,182205286.0,4.29,0.82,0.04,0.68
574,2017-05-24,4.95,4.91,4.95,4.85,47971,108380863.0,2.02,-0.61,-0.03,0.4
575,2017-05-25,4.9,4.85,4.95,4.81,47940,107602821.0,2.85,-1.22,-0.06,0.4
576,2017-05-26,4.84,4.87,4.89,4.79,50910,113389542.0,2.06,0.41,0.02,0.43
577,2017-05-31,4.86,4.85,4.88,4.74,100141,221793863.0,2.87,-0.41,-0.02,0.84
578,2017-06-01,4.79,4.8,4.84,4.77,51278,113622076.0,1.44,-1.03,-0.05,0.43
579,2017-06-02,4.78,4.58,4.79,4.58,92047,198109458.0,4.38,-4.58,-0.22,0.78
580,2017-06-05,4.54,4.6,4.65,4.52,87656,185289806.0,2.84,0.44,0.02,0.74
581,2017-06-06,4.58,4.61,4.65,4.54,43384,92384115.0,2.39,0.22,0.01,0.37
582,2017-06-07,4.59,4.78,4.81,4.58,87400,190139629.0,4.99,3.69,0.17,0.74
583,2017-06-08,4.74,4.78,4.81,4.71,46095,101153941.0,2.09,0.0,0.0,0.39
584,2017-06-09,4.78,4.7,4.78,4.68,65290,142505750.0,2.09,-1.67,-0.08,0.55
585,2017-06-12,4.68,4.72,4.74,4.67,38508,83810972.0,1.49,0.43,0.02,0.32
586,2017-06-13,4.69,4.7,4.75,4.68,30332,66219133.0,1.48,-0.42,-0.02,0.26
587,2017-06-14,4.7,4.81,4.84,4.68,54180,119495330.0,3.4,2.34,0.11,0.46
588,2017-06-15,4.81,4.93,5.05,4.79,101815,231766916.0,5.41,2.49,0.12,0.86
589,2017-06-16,4.93,4.98,4.99,4.85,50036,113875033.0,2.84,1.01,0.05,0.42
590,2017-06-19,4.97,4.93,5.0,4.89,39334,89183916.0,2.21,-1.0,-0.05,0.33
591,2017-06-20,4.93,4.88,4.96,4.84,39310,88524119.0,2.43,-1.01,-0.05,0.33
592,2017-06-21,4.88,4.95,4.96,4.86,38180,86304401.0,2.05,1.43,0.07,0.32
593,2017-06-22,4.94,4.89,4.95,4.88,33612,76044891.0,1.41,-1.21,-0.06,0.28
594,2017-06-23,4.86,4.93,4.96,4.81,47706,107621927.0,3.07,0.82,0.04,0.4
595,2017-06-26,4.93,4.93,5.02,4.92,60128,137533054.0,2.03,0.0,0.0,0.51
596,2017-06-27,4.93,5.08,5.08,4.93,74808,172995734.0,3.04,3.04,0.15,0.63
597,2017-06-28,5.06,5.04,5.07,4.98,67767,156574519.0,1.77,-0.79,-0.04,0.57
598,2017-06-29,5.01,5.03,5.04,4.96,42316,97442355.0,1.59,-0.2,-0.01,0.35
599,2017-06-30,5.03,5.06,5.08,4.98,48096,111319291.0,1.99,0.6,0.03,0.4
600,2017-07-03,5.06,5.01,5.07,4.95,43716,100461590.0,2.37,-0.99,-0.05,0.37
601,2017-07-04,4.97,4.93,4.99,4.88,44959,102100575.0,2.2,-1.6,-0.08,0.38
602,2017-07-05,4.92,4.99,5.01,4.89,32919,75311906.0,2.43,1.22,0.06,0.28
603,2017-07-06,5.0,4.94,5.0,4.91,27022,61578027.0,1.8,-1.0,-0.05,0.23
604,2017-07-07,4.92,4.9,4.93,4.88,23897,53963150.0,1.01,-0.81,-0.04,0.2
605,2017-07-10,4.88,4.81,4.9,4.79,43036,95783329.0,2.24,-1.84,-0.09,0.36
606,2017-07-11,4.78,4.83,4.83,4.78,39095,86885608.0,1.04,0.42,0.02,0.33
607,2017-07-12,4.83,4.8,4.84,4.75,49274,108599591.0,1.86,-0.62,-0.03,0.41
608,2017-07-13,4.8,4.78,4.8,4.75,36417,80248273.0,1.04,-0.42,-0.02,0.3
609,2017-07-14,4.82,4.86,4.88,4.81,45694,102206796.0,1.46,1.67,0.08,0.38
610,2017-07-17,4.84,4.66,4.85,4.54,66728,145270571.0,6.38,-4.12,-0.2,0.56
611,2017-07-18,4.66,4.75,4.79,4.66,46447,101440531.0,2.79,1.93,0.09,0.39
612,2017-07-19,4.74,4.82,4.85,4.74,33010,73078895.0,2.32,1.47,0.07,0.28
613,2017-07-20,4.82,4.85,4.9,4.8,29048,64989481.0,2.07,0.62,0.03,0.24
614,2017-07-21,4.85,4.93,4.93,4.82,51054,115331558.0,2.27,1.65,0.08,0.43
615,2017-07-24,4.92,4.88,4.92,4.86,27888,62756985.0,1.22,-1.01,-0.05,0.23
616,2017-07-25,4.88,4.81,4.9,4.79,26736,59577049.0,2.25,-1.43,-0.07,0.22
617,2017-07-26,4.81,4.79,4.84,4.76,29235,64594450.0,1.66,-0.42,-0.02,0.24
618,2017-07-27,4.79,4.9,4.92,4.73,46019,102835241.0,3.97,2.3,0.11,0.39
619,2017-07-28,4.9,4.88,4.93,4.86,29274,66070312.0,1.43,-0.41,-0.02,0.24
620,2017-07-31,4.93,4.9,4.96,4.89,41528,94398602.0,1.43,0.41,0.02,0.35
621,2017-08-01,4.9,5.03,5.03,4.9,58882,135410336.0,2.65,2.65,0.13,0.49
622,2017-08-02,5.01,4.92,5.01,4.92,39136,89314012.0,1.79,-2.19,-0.11,0.33
623,2017-08-03,4.93,4.87,4.95,4.86,38732,87346132.0,1.83,-1.02,-0.05,0.32
624,2017-08-04,4.88,4.88,4.95,4.86,27288,61578791.0,1.85,0.21,0.01,0.23
625,2017-08-07,4.86,4.93,4.95,4.86,17407,39497707.0,1.84,1.02,0.05,0.15
626,2017-08-08,4.9,4.96,4.96,4.89,29366,66912971.0,1.42,0.61,0.03,0.25
627,2017-08-09,4.96,5.01,5.04,4.92,52838,121523329.0,2.42,1.01,0.05,0.44
628,2017-08-10,5.05,5.08,5.15,5.01,80864,189094673.0,2.79,1.4,0.07,0.68
629,2017-08-11,5.04,4.98,5.07,4.95,52497,121156728.0,2.36,-1.97,-0.1,0.44
630,2017-08-14,4.98,5.12,5.13,4.95,66543,155510413.0,3.61,2.81,0.14,0.56
631,2017-08-15,5.12,4.96,5.12,4.89,98656,225997044.0,4.49,-3.13,-0.16,0.83
632,2017-08-16,4.94,4.96,5.0,4.91,46426,106194583.0,1.81,0.0,0.0,0.39
633,2017-08-17,4.96,4.94,4.97,4.89,54767,124232339.0,1.61,-0.4,-0.02,0.46
634,2017-08-18,4.93,4.96,4.97,4.9,30668,69737671.0,1.42,0.4,0.02,0.26
635,2017-08-21,4.97,4.93,5.0,4.9,28530,64964387.0,2.02,-0.6,-0.03,0.24
636,2017-08-22,4.94,4.84,4.94,4.83,41084,92413578.0,2.23,-1.83,-0.09,0.34
637,2017-08-23,4.85,4.9,4.91,4.83,30189,68017652.0,1.65,1.24,0.06,0.25
638,2017-08-24,4.89,4.84,4.9,4.81,25251,56379223.0,1.84,-1.22,-0.06,0.21
639,2017-08-25,4.82,4.87,4.9,4.82,20338,45656953.0,1.65,0.62,0.03,0.17
640,2017-08-28,4.95,4.96,4.99,4.9,70896,161914198.0,1.85,1.85,0.09,0.59
641,2017-08-29,4.95,4.98,5.04,4.95,42483,97708006.0,1.81,0.4,0.02,0.36
642,2017-08-30,4.98,5.07,5.08,4.97,60059,139464780.0,2.21,1.81,0.09,0.5
643,2017-08-31,5.07,5.07,5.11,5.02,53569,124584844.0,1.78,0.0,0.0,0.45
644,2017-09-01,5.07,5.09,5.11,5.03,58669,137020405.0,1.58,0.39,0.02,0.49
645,2017-09-04,5.09,5.22,5.23,5.03,80503,189981962.0,3.93,2.55,0.13,0.67
646,2017-09-05,5.2,5.14,5.21,5.13,62107,147007453.0,1.53,-1.53,-0.08,0.52
647,2017-09-06,5.13,5.09,5.18,5.07,66439,156182230.0,2.14,-0.97,-0.05,0.56
648,2017-09-07,5.09,5.09,5.21,5.09,71759,169627753.0,2.36,0.0,0.0,0.6
649,2017-09-08,5.09,5.27,5.27,5.09,86967,208264287.0,3.54,3.54,0.18,0.73
650,2017-09-11,5.24,5.28,5.28,5.13,96189,229810979.0,2.85,0.19,0.01,0.8
651,2017-09-12,5.25,5.21,5.27,5.2,52951,127156192.0,1.33,-1.33,-0.07,0.44
652,2017-09-13,5.19,5.18,5.22,5.16,27089,64411962.0,1.15,-0.58,-0.03,0.23
653,2017-09-14,5.16,5.13,5.16,5.12,34269,80797311.0,0.77,-0.97,-0.05,0.29
654,2017-09-15,5.11,5.15,5.18,5.11,24830,58767753.0,1.36,0.39,0.02,0.21
655,2017-09-18,5.14,5.36,5.39,5.12,92304,224612235.0,5.24,4.08,0.21,0.77
656,2017-09-19,5.35,5.35,5.36,5.28,47260,115044704.0,1.49,-0.19,-0.01,0.4
657,2017-09-20,5.35,5.4,5.48,5.28,56905,140921367.0,3.74,0.93,0.05,0.48
658,2017-09-21,5.43,5.27,5.43,5.26,43759,106849587.0,3.15,-2.41,-0.13,0.37
659,2017-09-22,5.27,5.37,5.41,5.27,35095,86059598.0,2.66,1.9,0.1,0.29
660,2017-09-25,5.37,5.51,5.65,5.35,77728,196609861.0,5.59,2.61,0.14,0.65
661,2017-09-26,5.5,5.53,5.58,5.41,68854,172839591.0,3.09,0.36,0.02,0.58
662,2017-09-27,5.51,5.42,5.62,5.36,109784,273045152.0,4.7,-1.99,-0.11,0.92
663,2017-09-28,5.42,5.55,5.56,5.36,55419,138782749.0,3.69,2.4,0.13,0.46
664,2017-09-29,5.52,5.54,5.62,5.49,60445,153389714.0,2.34,-0.18,-0.01,0.51
665,2017-10-09,5.57,5.54,5.59,5.47,71153,179676055.0,2.17,0.0,0.0,0.59
666,2017-10-10,5.53,5.74,5.79,5.53,119644,311250208.0,4.69,3.61,0.2,1.0
667,2017-10-11,5.77,5.81,5.91,5.66,105524,278476240.0,4.36,1.22,0.07,0.88
668,2017-10-12,5.84,5.78,5.89,5.7,63523,167895025.0,3.27,-0.52,-0.03,0.53
669,2017-10-13,5.76,5.81,5.89,5.76,53364,141713579.0,2.25,0.52,0.03,0.45
670,2017-10-16,5.82,5.7,5.85,5.7,51291,134714217.0,2.58,-1.89,-0.11,0.43
671,2017-10-17,5.7,5.71,5.78,5.68,38871,101586622.0,1.75,0.18,0.01,0.32
672,2017-10-18,5.71,5.96,6.02,5.71,110287,296696512.0,5.43,4.38,0.25,0.92
673,2017-10-19,5.96,5.99,6.0,5.9,53450,144887914.0,1.68,0.5,0.03,0.45
674,2017-10-20,6.0,6.03,6.18,5.94,62513,172454389.0,4.01,0.67,0.04,0.52
675,2017-10-23,6.03,6.19,6.27,6.01,88933,249054612.0,4.31,2.65,0.16,0.74
676,2017-10-24,6.24,6.21,6.26,6.13,71822,201531038.0,2.1,0.32,0.02,0.6
677,2017-10-25,6.19,6.4,6.44,6.12,105435,298313168.0,5.15,3.06,0.19,0.88
678,2017-10-26,6.36,6.33,6.51,6.29,112631,325363552.0,3.44,-1.09,-0.07,0.94
679,2017-10-27,6.38,6.38,6.4,6.3,63433,182031036.0,1.58,0.79,0.05,0.53
680,2017-10-30,6.37,6.17,6.43,6.15,105671,298422880.0,4.39,-3.29,-0.21,0.88
681,2017-10-31,6.16,6.09,6.21,5.97,137204,377689024.0,3.89,-1.3,-0.08,1.15
682,2017-11-01,6.08,6.1,6.12,6.02,89988,248219185.0,1.64,0.16,0.01,0.75
683,2017-11-02,6.07,6.16,6.19,6.0,79233,219966099.0,3.11,0.98,0.06,0.66
684,2017-11-03,6.5,6.17,6.57,6.16,171283,494973456.0,6.66,0.16,0.01,1.43
685,2017-11-06,6.09,6.3,6.36,5.85,161317,444989200.0,8.27,2.11,0.13,1.35
686,2017-11-07,6.32,6.61,6.64,6.3,215754,630144928.0,5.4,4.92,0.31,1.8
687,2017-11-08,6.5,6.33,6.87,6.31,323880,961503792.0,8.47,-4.24,-0.28,2.71
688,2017-11-09,6.22,6.25,6.33,6.1,184635,519186304.0,3.63,-1.26,-0.08,1.54
689,2017-11-10,6.24,6.28,6.4,6.15,130305,370677984.0,4.0,0.48,0.03,1.09
690,2017-11-13,6.29,6.49,6.55,6.24,145006,422004160.0,4.94,3.34,0.21,1.21
691,2017-11-14,6.45,6.29,6.48,6.27,96936,279388352.0,3.24,-3.08,-0.2,0.81
692,2017-11-15,6.27,6.27,6.36,6.24,68436,195167819.0,1.91,-0.32,-0.02,0.57
693,2017-11-16,6.24,6.3,6.31,6.07,88528,248724965.0,3.83,0.48,0.03,0.74
694,2017-11-17,6.23,6.02,6.26,5.93,135304,375149200.0,5.24,-4.44,-0.28,1.13
695,2017-11-20,5.97,6.08,6.13,5.81,79029,216443520.0,5.32,1.0,0.06,0.66
696,2017-11-21,6.05,6.12,6.25,6.04,98344,273590640.0,3.45,0.66,0.04,0.82
697,2017-11-22,6.12,6.08,6.22,6.02,63085,175581627.0,3.27,-0.65,-0.04,0.53
698,2017-11-23,6.04,5.75,6.07,5.75,91256,245185687.0,5.26,-5.43,-0.33,0.76
699,2017-11-24,5.77,5.85,5.9,5.76,57058,151285619.0,2.43,1.74,0.1,0.48
700,2017-11-27,5.89,5.87,6.07,5.79,86874,234246635.0,4.79,0.34,0.02,0.73
701,2017-11-28,5.82,5.99,6.02,5.82,60723,164826199.0,3.41,2.04,0.12,0.51
702,2017-11-29,6.01,6.11,6.12,5.96,62904,173157399.0,2.67,2.0,0.12,0.53
703,2017-11-30,6.11,5.98,6.11,5.98,38692,106121398.0,2.13,-2.13,-0.13,0.32
704,2017-12-01,5.97,6.18,6.22,5.96,74498,207234188.0,4.35,3.34,0.2,0.62
705,2017-12-04,6.17,6.24,6.27,6.13,54163,152865506.0,2.27,0.97,0.06,0.45
706,2017-12-05,6.25,6.09,6.27,5.99,67910,188642567.0,4.49,-2.4,-0.15,0.57
707,2017-12-06,6.1,6.12,6.19,6.03,56940,157929022.0,2.63,0.49,0.03,0.48
708,2017-12-07,6.19,6.32,6.33,6.13,121083,344301824.0,3.27,3.27,0.2,1.01
709,2017-12-15,6.36,6.21,6.58,6.17,146847,423076800.0,6.49,-1.74,-0.11,1.23
710,2017-12-18,6.15,6.34,6.4,6.15,80604,229317742.0,4.03,2.09,0.13,0.67
711,2017-12-19,6.33,6.42,6.49,6.3,67038,195197485.0,3.0,1.26,0.08,0.56
712,2017-12-20,6.51,6.51,6.59,6.43,69929,206360088.0,2.49,1.4,0.09,0.58
713,2017-12-21,6.51,6.79,6.85,6.51,117964,358800960.0,5.22,4.3,0.28,0.98
714,2017-12-22,6.82,6.72,6.85,6.68,66337,202293680.0,2.5,-1.03,-0.07,0.55
715,2017-12-25,6.72,6.77,6.93,6.7,80993,249778227.0,3.42,0.74,0.05,0.68
716,2017-12-26,6.77,6.74,6.82,6.64,53994,163760395.0,2.66,-0.44,-0.03,0.45
717,2017-12-27,6.71,6.6,6.8,6.55,78815,236167144.0,3.71,-2.08,-0.14,0.66
718,2017-12-28,6.59,6.61,6.71,6.52,67055,200172915.0,2.88,0.15,0.01,0.56
719,2017-12-29,6.61,6.82,6.85,6.59,73171,222715289.0,3.93,3.18,0.21,0.61
720,2018-01-02,6.87,6.74,6.93,6.71,76077,232862857.0,3.23,-1.17,-0.08,0.64
721,2018-01-03,6.73,6.7,6.74,6.45,100991,301871872.0,4.3,-0.59,-0.04,0.84
722,2018-01-04,6.76,6.56,6.77,6.53,123725,370085840.0,3.58,-2.09,-0.14,1.03
723,2018-01-05,6.79,6.99,7.18,6.73,212893,670992784.0,6.86,6.55,0.43,1.78
724,2018-01-08,7.03,7.49,7.5,7.03,159212,521333328.0,6.72,7.15,0.5,1.33
725,2018-01-09,7.48,7.43,7.62,7.35,111497,375510208.0,3.6,-0.8,-0.06,0.93
726,2018-01-10,7.51,7.55,7.79,7.48,114468,390435872.0,4.17,1.62,0.12,0.96
727,2018-01-11,7.52,7.55,7.81,7.43,97073,331588032.0,5.03,0.0,0.0,0.81
728,2018-01-12,7.53,7.6,7.64,7.43,60670,205350065.0,2.78,0.66,0.05,0.51
729,2018-01-15,7.49,7.44,7.72,7.32,103152,348384928.0,5.26,-2.11,-0.16,0.86
730,2018-01-16,7.47,7.91,8.03,7.47,124357,435809120.0,7.53,6.32,0.47,1.04
731,2018-01-17,7.96,7.87,8.11,7.69,113953,401962896.0,5.31,-0.51,-0.04,0.95
732,2018-01-18,7.81,8.03,8.1,7.79,119333,426777008.0,3.94,2.03,0.16,1.0
733,2018-01-19,7.92,7.83,7.97,7.8,74235,261439452.0,2.12,-2.49,-0.2,0.62
734,2018-01-22,7.88,7.81,7.92,7.74,67538,237019424.0,2.3,-0.26,-0.02,0.56
735,2018-01-23,7.81,7.95,7.95,7.78,71622,253460772.0,2.18,1.79,0.14,0.6
736,2018-01-24,7.94,8.12,8.24,7.82,122451,441532112.0,5.28,2.14,0.17,1.02
737,2018-01-25,8.14,7.99,8.22,7.95,65720,236555889.0,3.33,-1.6,-0.13,0.55
738,2018-01-26,7.92,7.88,8.08,7.81,71472,253909219.0,3.38,-1.38,-0.11,0.6
739,2018-01-29,7.8,7.78,7.95,7.69,87265,304886080.0,3.3,-1.27,-0.1,0.73
740,2018-01-30,7.78,7.75,7.83,7.69,46163,160298564.0,1.8,-0.39,-0.03,0.39
741,2018-01-31,7.75,7.8,7.93,7.71,71401,250550454.0,2.84,0.65,0.05,0.6
742,2018-02-01,7.81,7.71,8.05,7.69,85239,300722016.0,4.62,-1.15,-0.09,0.71
743,2018-02-02,7.67,7.69,7.77,7.41,60473,207279848.0,4.67,-0.26,-0.02,0.5
744,2018-02-05,7.52,7.48,7.66,7.46,73932,249945279.0,2.6,-2.73,-0.21,0.62
745,2018-02-06,7.22,6.99,7.4,6.94,156828,505979776.0,6.15,-6.55,-0.49,1.31
746,2018-02-07,7.19,7.25,7.43,7.06,147813,483609232.0,5.29,3.72,0.26,1.23
747,2018-02-08,7.2,7.22,7.41,7.09,86244,281660512.0,4.41,-0.41,-0.03,0.72
748,2018-02-09,6.99,6.98,7.12,6.81,99237,312037520.0,4.29,-3.32,-0.24,0.83
749,2018-02-12,7.03,7.5,7.69,7.02,149598,497771824.0,9.6,7.45,0.52,1.25
750,2018-02-13,7.57,7.51,7.74,7.5,100278,343074256.0,3.2,0.13,0.01,0.84
751,2018-02-14,7.51,7.83,7.87,7.49,79536,276038608.0,5.06,4.26,0.32,0.66
752,2018-02-22,7.89,7.95,7.95,7.72,82170,289233104.0,2.94,1.53,0.12,0.69
753,2018-02-23,7.88,7.82,7.99,7.74,71457,251252034.0,3.14,-1.64,-0.13,0.6
754,2018-02-26,7.82,8.31,8.31,7.82,106900,387663232.0,6.27,6.27,0.49,0.89
755,2018-02-27,8.28,8.18,8.39,8.11,86132,316853536.0,3.37,-1.56,-0.13,0.72
756,2018-02-28,8.14,8.11,8.3,8.08,65447,239163817.0,2.69,-0.86,-0.07,0.55
757,2018-03-01,8.09,8.31,8.39,8.06,79099,292854720.0,4.07,2.47,0.2,0.66
758,2018-03-02,8.27,8.23,8.37,8.19,49944,184652186.0,2.17,-0.96,-0.08,0.42
759,2018-03-05,8.28,8.33,8.37,8.14,56031,206964008.0,2.79,1.22,0.1,0.47
760,2018-03-06,8.31,8.58,8.63,8.31,86825,330296000.0,3.84,3.0,0.25,0.72
761,2018-03-07,8.58,8.59,8.66,8.5,57211,219423383.0,1.86,0.12,0.01,0.48
762,2018-03-08,8.55,9.0,9.03,8.53,97631,386398976.0,5.82,4.77,0.41,0.81
763,2018-03-09,8.97,8.96,9.06,8.79,79742,317389696.0,3.0,-0.44,-0.04,0.67
764,2018-03-12,8.96,8.95,9.16,8.83,88384,354383648.0,3.68,-0.11,-0.01,0.74
765,2018-03-13,8.91,8.72,8.93,8.56,100772,391537168.0,4.13,-2.57,-0.23,0.84
766,2018-03-14,8.7,8.71,8.85,8.63,58734,229451784.0,2.52,-0.11,-0.01,0.49
767,2018-03-15,8.62,8.71,8.79,8.6,49849,193068228.0,2.18,0.0,0.0,0.42
768,2018-03-16,8.72,8.88,8.96,8.7,79496,313959856.0,2.99,1.95,0.17,0.66
769,2018-03-19,8.86,9.04,9.13,8.61,85950,341343184.0,5.86,1.8,0.16,0.72
770,2018-03-20,8.94,9.35,9.37,8.93,101066,416309216.0,4.87,3.43,0.31,0.84
771,2018-03-21,9.29,9.25,9.53,9.18,92979,386584384.0,3.74,-1.07,-0.1,0.77
772,2018-03-22,9.25,9.25,9.38,9.17,54442,224493429.0,2.27,0.0,0.0,0.45
773,2018-03-23,8.86,9.0,9.3,8.72,130567,525044304.0,6.27,-2.7,-0.25,1.09
774,2018-03-26,8.84,9.48,9.5,8.84,97975,403002720.0,7.33,5.33,0.48,0.82
775,2018-03-27,9.5,9.73,9.95,9.5,128508,556163136.0,4.75,2.64,0.25,1.07
776,2018-03-28,9.63,9.42,9.84,9.41,81311,346646144.0,4.42,-3.19,-0.31,0.68
777,2018-03-29,9.45,8.98,9.53,8.51,142819,571969136.0,10.83,-4.67,-0.44,1.19
778,2018-03-30,8.92,9.25,9.37,8.89,104289,426338688.0,5.35,3.01,0.27,0.87
779,2018-04-02,9.21,9.06,9.35,9.0,89426,363887456.0,3.78,-2.05,-0.19,0.74
780,2018-04-03,8.98,9.04,9.18,8.89,89803,359799008.0,3.2,-0.22,-0.02,0.75
781,2018-04-04,9.15,8.72,9.2,8.72,98283,390213168.0,5.31,-3.54,-0.32,0.82
782,2018-04-09,8.71,9.21,9.21,8.71,119956,483124080.0,5.73,5.62,0.49,1.0
783,2018-04-10,9.33,9.54,9.56,9.1,96553,402682688.0,4.99,3.58,0.33,0.8
784,2018-04-11,9.49,9.53,9.66,9.47,55740,236706706.0,1.99,-0.1,-0.01,0.46
785,2018-04-12,9.47,9.63,9.83,9.36,59739,255170189.0,4.93,1.05,0.1,0.5
786,2018-04-13,9.66,9.51,9.79,9.35,59095,250454013.0,4.57,-1.25,-0.12,0.49
787,2018-04-16,9.47,9.48,9.66,9.33,55211,232536752.0,3.47,-0.32,-0.03,0.46
788,2018-04-17,9.48,9.14,9.54,9.12,55972,231041103.0,4.43,-3.59,-0.34,0.47
789,2018-04-18,9.15,9.17,9.24,8.86,84577,340810080.0,4.16,0.33,0.03,0.7
790,2018-04-19,9.23,9.44,9.54,9.13,68705,287980000.0,4.47,2.94,0.27,0.57
791,2018-04-20,9.44,9.59,9.82,9.37,82082,351751424.0,4.77,1.59,0.15,0.68
792,2018-04-23,9.62,9.67,9.95,9.62,94977,413585760.0,3.44,0.83,0.08,0.79
793,2018-04-24,9.64,9.77,9.88,9.51,69518,300045904.0,3.83,1.03,0.1,0.58
794,2018-04-25,9.75,10.28,10.29,9.72,105164,468368624.0,5.83,5.22,0.51,0.88
795,2018-04-26,10.29,10.01,10.29,9.92,78434,350256320.0,3.6,-2.63,-0.27,0.65
796,2018-04-27,10.07,10.62,10.65,10.01,98676,455589408.0,6.39,6.09,0.61,0.82
797,2018-05-02,10.62,10.49,10.82,10.36,94463,440693792.0,4.33,-1.22,-0.13,0.79
798,2018-05-03,10.5,10.34,10.52,10.03,83046,376592128.0,4.67,-1.43,-0.15,0.69
799,2018-05-04,10.3,10.38,10.66,10.22,67035,310502832.0,4.26,0.39,0.04,0.56
800,2018-05-07,10.33,10.43,10.47,10.21,71892,329916752.0,2.5,0.48,0.05,0.6
801,2018-05-08,10.48,10.27,10.48,10.2,78947,360123616.0,2.68,-1.53,-0.16,0.66
802,2018-05-09,10.27,10.18,10.33,10.07,64305,289496352.0,2.53,-0.88,-0.09,0.54
803,2018-05-10,10.19,10.8,10.81,10.14,120879,562864688.0,6.58,6.09,0.62,1.01
804,2018-05-11,10.73,10.4,10.82,10.34,117217,548857680.0,4.44,-3.7,-0.4,0.98
805,2018-05-14,10.31,10.38,10.47,10.11,80872,367963376.0,3.46,-0.19,-0.02,0.67
806,2018-05-15,10.38,10.49,10.61,10.27,81472,379038352.0,3.28,1.06,0.11,0.68
807,2018-05-16,10.49,10.72,10.87,10.44,87823,416882928.0,4.1,2.19,0.23,0.73
808,2018-05-17,10.8,10.57,10.81,10.39,71277,333990704.0,3.92,-1.4,-0.15,0.59
809,2018-05-18,10.58,10.97,10.97,10.39,76916,363544208.0,5.49,3.78,0.4,0.63
810,2018-05-21,10.97,11.01,11.17,10.82,83946,407910512.0,3.19,0.36,0.04,0.69
811,2018-05-22,11.0,11.36,11.36,10.93,90030,447881600.0,3.91,3.18,0.35,0.74
812,2018-05-23,11.32,11.2,11.58,11.01,121327,602239760.0,5.02,-1.41,-0.16,1.0
813,2018-05-24,11.2,11.38,11.49,10.99,161700,532663056.0,4.46,1.61,0.18,0.89
814,2018-05-25,11.38,11.45,11.65,11.17,134981,453670352.0,4.22,0.62,0.07,0.74
815,2018-05-28,11.48,11.78,11.79,11.17,158755,535402848.0,5.41,2.88,0.33,0.87
816,2018-05-29,11.73,10.62,11.92,10.62,282392,936656864.0,11.04,-9.85,-1.16,1.55
817,2018-05-30,10.32,10.49,10.97,9.83,353654,1086835120.0,10.73,-1.22,-0.13,1.94
818,2018-05-31,10.62,11.27,11.27,10.62,237019,763263120.0,6.2,7.44,0.78,1.3
819,2018-06-01,11.27,10.96,11.43,10.63,179330,578944960.0,7.1,-2.75,-0.31,0.98
820,2018-06-04,10.92,10.82,11.03,10.63,152918,483605360.0,3.65,-1.28,-0.14,0.84
821,2018-06-05,10.82,11.13,11.23,10.82,143225,464266496.0,3.79,2.87,0.31,0.78
822,2018-06-06,11.12,11.06,11.22,10.94,124089,402498544.0,2.52,-0.63,-0.07,0.68
823,2018-06-07,10.76,10.55,10.93,10.47,279009,869201648.0,4.16,-4.61,-0.51,1.53
824,2018-06-08,10.53,10.78,10.82,10.37,155690,486666512.0,4.27,2.18,0.23,0.85
825,2018-06-11,10.7,10.58,10.72,10.47,108441,336205760.0,2.32,-1.86,-0.2,0.59
826,2018-06-12,10.57,10.53,10.66,10.38,146568,450548672.0,2.65,-0.47,-0.05,0.8
827,2018-06-13,10.49,10.52,10.56,10.12,171234,520088960.0,4.18,-0.09,-0.01,0.94
828,2018-06-14,10.49,10.26,10.6,10.22,100461,306070848.0,3.61,-2.47,-0.26,0.55
829,2018-06-15,10.24,10.2,10.38,10.18,80604,242655842.0,1.95,-0.58,-0.06,0.44
830,2018-06-19,10.1,10.14,10.37,9.97,165953,496871616.0,3.92,-0.59,-0.06,0.91
831,2018-06-20,10.22,10.95,11.03,10.19,249060,777806224.0,8.28,7.99,0.81,1.36
832,2018-06-21,10.95,11.01,11.3,10.83,195785,634465120.0,4.29,0.55,0.06,1.07
833,2018-06-22,10.93,11.09,11.24,10.83,122936,399183568.0,3.72,0.73,0.08,0.67
834,2018-06-25,11.15,11.35,11.51,10.99,168800,559023968.0,4.69,2.34,0.26,0.92
835,2018-06-26,11.2,11.24,11.48,11.13,132123,435607440.0,3.08,-0.97,-0.11,0.72
836,2018-06-27,11.21,10.84,11.26,10.75,139572,447374640.0,4.54,-3.56,-0.4,0.76
837,2018-06-28,10.75,10.78,10.96,10.6,119810,379892400.0,3.32,-0.55,-0.06,0.66
838,2018-06-29,10.71,11.02,11.1,10.71,154754,497047296.0,3.62,2.23,0.24,0.85
839,2018-07-02,10.94,11.03,11.27,10.87,160733,521971824.0,3.63,0.09,0.01,0.88
840,2018-07-03,10.99,10.67,10.99,10.26,230675,714206064.0,6.62,-3.26,-0.36,1.26
841,2018-07-04,10.57,10.28,10.57,10.23,112887,343737600.0,3.19,-3.66,-0.39,0.61
842,2018-07-05,10.23,10.14,10.44,10.1,114590,344438176.0,3.31,-1.36,-0.14,0.62
843,2018-07-06,10.17,10.31,10.53,10.11,156543,475632112.0,4.14,1.68,0.17,0.85
844,2018-07-09,10.38,10.84,10.92,10.38,146264,458142800.0,5.24,5.14,0.53,0.8
845,2018-07-10,10.87,10.92,11.01,10.8,104567,333622352.0,1.94,0.74,0.08,0.57
846,2018-07-11,10.75,10.97,11.13,10.64,148824,477018720.0,4.49,0.46,0.05,0.81
847,2018-07-12,10.91,11.27,11.45,10.88,191103,628343424.0,5.2,2.73,0.3,1.04
848,2018-07-13,11.22,11.5,11.67,11.22,159809,537062128.0,3.99,2.04,0.23,0.87
849,2018-07-16,11.66,12.21,12.33,11.52,218001,763425568.0,7.04,6.17,0.71,1.19
850,2018-07-17,12.12,11.92,12.25,11.75,160418,559113056.0,4.1,-2.38,-0.29,0.87
851,2018-07-18,11.95,11.94,12.15,11.87,129742,454920736.0,2.35,0.17,0.02,0.71
852,2018-07-19,11.94,11.62,11.95,11.54,130861,446913744.0,3.43,-2.68,-0.32,0.71
853,2018-07-20,11.65,11.54,11.72,11.32,143406,483342896.0,3.44,-0.69,-0.08,0.78
854,2018-07-23,11.13,11.36,11.43,10.75,284924,926390976.0,5.89,-1.56,-0.18,1.55
855,2018-07-24,11.24,11.34,11.62,11.07,240956,801858336.0,4.84,-0.18,-0.02,1.31
856,2018-07-25,11.45,11.72,11.92,11.31,183668,627298768.0,5.38,3.35,0.38,1.0
857,2018-07-26,11.66,11.62,11.8,11.52,111426,379764896.0,2.39,-0.85,-0.1,0.61
858,2018-07-27,11.51,11.52,11.65,11.38,95020,320002544.0,2.32,-0.86,-0.1,0.52
859,2018-07-30,11.48,11.2,11.51,10.94,164728,539160688.0,4.95,-2.78,-0.32,0.9
860,2018-07-31,11.29,11.42,11.69,11.29,138715,467714320.0,3.57,1.96,0.22,0.76
861,2018-08-01,11.49,11.33,11.66,11.27,115239,384897312.0,3.42,-0.79,-0.09,0.63
862,2018-08-02,11.24,11.32,11.61,11.18,148244,492910560.0,3.8,-0.09,-0.01,0.81
863,2018-08-03,11.2,10.9,11.42,10.85,154076,500342400.0,5.04,-3.71,-0.42,0.84
864,2018-08-06,10.75,10.3,11.02,10.22,193017,600965840.0,7.34,-5.5,-0.6,1.05
865,2018-08-07,10.39,10.65,10.69,10.12,141434,433466768.0,5.53,3.4,0.35,0.77
866,2018-08-08,10.61,10.22,10.75,10.22,115154,353861456.0,4.98,-4.04,-0.43,0.63
867,2018-08-09,10.1,10.76,10.94,10.04,178197,554402784.0,8.81,5.28,0.54,0.97
868,2018-08-10,10.68,11.04,11.19,10.68,131016,422812352.0,4.74,2.6,0.28,0.71
869,2018-08-13,10.85,11.18,11.26,10.81,92583,301148560.0,4.08,1.27,0.14,0.5
870,2018-08-14,11.18,11.1,11.24,11.01,71885,233984781.0,2.06,-0.72,-0.08,0.39
871,2018-08-15,11.06,10.51,11.12,10.49,129952,407285264.0,5.68,-5.32,-0.59,0.71
872,2018-08-16,10.4,10.47,10.71,10.18,114064,351128240.0,5.04,-0.38,-0.04,0.62
873,2018-08-17,10.6,9.96,10.67,9.69,243188,719387536.0,9.36,-4.87,-0.51,1.32
874,2018-08-20,9.89,9.5,9.97,9.17,221328,617251616.0,8.03,-4.62,-0.46,1.21
875,2018-08-21,9.56,10.27,10.29,9.52,204226,592826128.0,8.11,8.11,0.77,1.11
876,2018-08-22,10.22,10.08,10.25,10.04,87342,259720750.0,2.04,-1.85,-0.19,0.48
877,2018-08-23,10.08,10.21,10.29,9.8,125199,370809408.0,4.86,1.29,0.13,0.68
878,2018-08-24,10.15,10.18,10.35,10.0,72626,217484330.0,3.43,-0.29,-0.03,0.4
879,2018-08-27,10.4,10.83,10.93,10.39,175703,551002336.0,5.3,6.39,0.65,0.96
880,2018-08-28,10.89,11.08,11.26,10.76,162984,526130688.0,4.62,2.31,0.25,0.89
881,2018-08-29,10.93,11.08,11.24,10.89,123508,400246864.0,3.16,0.0,0.0,0.67
882,2018-08-30,11.06,10.84,11.12,10.71,109305,349055536.0,3.7,-2.17,-0.24,0.6
883,2018-08-31,10.84,10.7,11.01,10.68,80331,254448037.0,3.04,-1.29,-0.14,0.44
884,2018-09-03,10.67,10.8,10.86,10.32,94375,294377312.0,5.05,0.93,0.1,0.51
885,2018-09-04,10.83,10.61,10.85,10.32,161896,501877264.0,4.91,-1.76,-0.19,0.88
886,2018-09-05,10.47,10.32,10.6,10.32,89290,273096816.0,2.64,-2.73,-0.29,0.49
887,2018-09-06,10.24,10.2,10.45,10.17,82795,249278190.0,2.71,-1.16,-0.12,0.45
888,2018-09-07,10.22,10.43,10.57,10.22,94268,288479792.0,3.43,2.25,0.23,0.51
889,2018-09-10,10.27,10.3,10.5,10.24,62071,188353579.0,2.49,-1.25,-0.13,0.34
890,2018-09-11,10.28,10.38,10.46,10.25,52208,158630158.0,2.04,0.78,0.08,0.28
891,2018-09-12,10.32,9.85,10.39,9.81,163386,479891120.0,5.59,-5.11,-0.53,0.89
892,2018-09-13,9.99,9.7,10.09,9.31,219333,619353408.0,7.92,-1.52,-0.15,1.19
893,2018-09-14,9.7,9.55,9.73,9.38,122499,343439280.0,3.61,-1.55,-0.15,0.67
894,2018-09-17,9.51,9.59,9.69,9.38,69013,194204479.0,3.25,0.42,0.04,0.38
895,2018-09-18,9.59,9.89,9.99,9.53,139227,401181792.0,4.8,3.13,0.3,0.76
896,2018-09-19,9.93,10.0,10.17,9.8,109546,322490704.0,3.74,1.11,0.11,0.6
897,2018-09-20,9.97,9.83,10.02,9.79,64996,188575793.0,2.3,-1.7,-0.17,0.35
898,2018-09-21,9.86,10.14,10.17,9.84,102336,301678560.0,3.36,3.15,0.31,0.56
899,2018-09-25,10.03,10.13,10.25,9.98,68309,203970949.0,2.66,-0.1,-0.01,0.37
900,2018-09-26,10.26,10.69,10.71,10.18,178245,550423168.0,5.23,5.53,0.56,0.97
901,2018-09-27,10.63,10.72,10.9,10.55,136260,429285808.0,3.27,0.28,0.03,0.74
902,2018-09-28,10.7,11.01,11.09,10.68,145076,465473632.0,3.82,2.71,0.29,0.79
903,2018-10-08,10.79,10.58,10.98,10.57,122764,385684768.0,3.72,-3.91,-0.43,0.67
904,2018-10-09,10.57,10.61,10.87,10.5,82437,258461945.0,3.5,0.28,0.03,0.45
905,2018-10-10,10.72,10.28,10.77,10.15,108933,330916624.0,5.84,-3.11,-0.33,0.59
906,2018-10-11,9.94,9.88,10.26,9.83,164283,483543568.0,4.18,-3.89,-0.4,0.89
907,2018-10-12,9.97,10.26,10.27,9.89,134550,399421488.0,3.85,3.85,0.38,0.73
908,2018-10-15,10.37,9.89,10.43,9.84,119009,353918848.0,5.75,-3.61,-0.37,0.65
909,2018-10-16,9.9,10.0,10.18,9.82,90032,264992577.0,3.64,1.11,0.11,0.49
910,2018-10-17,10.15,9.87,10.21,9.42,146367,418651568.0,7.9,-1.3,-0.13,0.8
911,2018-10-18,9.78,9.24,9.78,9.21,210983,586118560.0,5.78,-6.38,-0.63,1.15
912,2018-10-19,9.05,9.69,9.74,8.94,185689,512267792.0,8.66,4.87,0.45,1.01
913,2018-10-22,9.83,10.51,10.56,9.78,230684,692500896.0,8.05,8.46,0.82,1.26
914,2018-10-23,10.5,9.9,10.5,9.78,208208,615766272.0,6.85,-5.8,-0.61,1.13
915,2018-10-24,9.79,9.71,9.95,9.35,189714,535625600.0,6.06,-1.92,-0.19,1.03
916,2018-10-25,9.38,9.46,9.57,9.24,156640,432859696.0,3.4,-2.57,-0.25,0.85
917,2018-10-26,9.59,9.34,9.67,9.26,115641,320795888.0,4.33,-1.27,-0.12,0.63
918,2018-10-29,9.34,8.89,9.34,8.84,177348,470967584.0,5.35,-4.82,-0.45,0.97
919,2018-10-30,8.81,9.06,9.23,8.78,137120,364985920.0,5.06,1.91,0.17,0.75
920,2018-10-31,9.12,9.18,9.47,9.05,148901,405777856.0,4.64,1.32,0.12,0.81
921,2018-11-01,9.3,9.2,9.44,9.2,150779,413764816.0,2.61,0.22,0.02,0.82
922,2018-11-02,9.57,9.91,9.92,9.45,257194,729672832.0,5.11,7.72,0.71,1.4
923,2018-11-05,9.8,9.6,9.9,9.36,194014,549487584.0,5.45,-3.13,-0.31,1.06
924,2018-11-06,9.55,9.73,9.75,9.41,99547,281313824.0,3.54,1.35,0.13,0.54
925,2018-11-07,9.73,9.6,9.8,9.59,96735,276101760.0,2.16,-1.34,-0.13,0.53
926,2018-11-08,9.71,9.48,9.75,9.48,81176,229764508.0,2.81,-1.25,-0.12,0.44
927,2018-11-09,9.43,9.46,9.59,9.32,87769,243939767.0,2.85,-0.21,-0.02,0.48
928,2018-11-12,9.4,9.58,9.62,9.26,138637,386452256.0,3.81,1.27,0.12,0.76
929,2018-11-13,9.39,9.7,9.75,9.39,197395,558020864.0,3.76,1.25,0.12,1.08
930,2018-11-14,9.7,9.52,9.73,9.45,106962,300818096.0,2.89,-1.86,-0.18,0.58
931,2018-11-15,9.51,9.65,9.67,9.43,111715,313620704.0,2.52,1.37,0.13,0.61
932,2018-11-16,9.67,9.56,9.8,9.44,121104,341677712.0,3.73,-0.93,-0.09,0.66
933,2018-11-19,9.51,9.65,9.72,9.45,103584,293019968.0,2.82,0.94,0.09,0.56
934,2018-11-20,9.62,9.4,9.62,9.38,83822,233899180.0,2.49,-2.59,-0.25,0.46
935,2018-11-21,9.31,9.5,9.59,9.29,73725,205555829.0,3.19,1.06,0.1,0.4
936,2018-11-22,9.52,9.46,9.57,9.44,52199,145832203.0,1.37,-0.42,-0.04,0.28
937,2018-11-23,9.39,9.32,9.51,9.32,78533,217627172.0,2.01,-1.48,-0.14,0.43
938,2018-11-26,9.38,9.59,9.69,9.32,112002,315069520.0,3.97,2.9,0.27,0.61
939,2018-11-27,9.65,9.72,9.78,9.58,101583,289843664.0,2.09,1.36,0.13,0.55
940,2018-11-28,9.73,9.72,9.82,9.59,75153,214960583.0,2.37,0.0,0.0,0.41
941,2018-11-29,9.82,9.53,9.84,9.53,67508,191681361.0,3.19,-1.95,-0.19,0.37
942,2018-11-30,9.53,9.69,9.74,9.52,76143,216797486.0,2.31,1.68,0.16,0.41
943,2018-12-03,9.91,10.16,10.25,9.9,177011,524431024.0,3.61,4.85,0.47,0.96
944,2018-12-04,10.16,10.4,10.45,10.11,139555,423293168.0,3.35,2.36,0.24,0.76
945,2018-12-05,10.27,10.33,10.61,10.22,139010,424163152.0,3.75,-0.67,-0.07,0.76
946,2018-12-06,10.38,10.22,10.48,10.02,143098,430846928.0,4.45,-1.06,-0.11,0.78
947,2018-12-07,10.22,10.01,10.29,9.98,108784,322129136.0,3.03,-2.05,-0.21,0.59
948,2018-12-10,10.08,9.92,10.22,9.9,105958,313226064.0,3.2,-0.9,-0.09,0.58
949,2018-12-11,9.97,10.37,10.46,9.95,121268,367137392.0,5.14,4.54,0.45,0.66
950,2018-12-12,10.38,10.33,10.5,10.29,59529,180948909.0,2.03,-0.39,-0.04,0.32
951,2018-12-13,10.33,10.31,10.46,10.18,111246,336823376.0,2.71,-0.19,-0.02,0.61
952,2018-12-14,10.31,10.04,10.32,9.99,103089,305748368.0,3.2,-2.62,-0.27,0.56
953,2018-12-17,9.97,9.85,10.03,9.72,109345,316035712.0,3.09,-1.89,-0.19,0.6
954,2018-12-18,9.77,9.68,9.9,9.59,85625,244129897.0,3.15,-1.73,-0.17,0.47
955,2018-12-19,9.68,9.15,9.72,9.08,228964,625538736.0,6.61,-5.48,-0.53,1.25
956,2018-12-20,9.15,9.11,9.21,8.99,138687,370293776.0,2.4,-0.44,-0.04,0.76
957,2018-12-21,9.07,8.94,9.07,8.76,146643,384146352.0,3.4,-1.87,-0.17,0.8
958,2018-12-24,8.91,9.08,9.22,8.81,100577,268471744.0,4.59,1.57,0.14,0.55
959,2018-12-25,8.85,9.02,9.08,8.81,99102,260831318.0,2.97,-0.66,-0.06,0.54
960,2018-12-26,9.05,8.88,9.05,8.8,84942,222859157.0,2.77,-1.55,-0.14,0.46
961,2018-12-27,9.04,8.86,9.05,8.84,99960,263216371.0,2.36,-0.23,-0.02,0.54
962,2018-12-28,8.86,8.92,8.97,8.59,145054,374566800.0,4.29,0.68,0.06,0.79
963,2019-01-02,8.82,8.33,8.86,8.31,207739,522760640.0,6.17,-6.61,-0.59,1.14
964,2019-01-03,8.33,8.39,8.49,8.25,99983,247799936.0,2.88,0.72,0.06,0.55
965,2019-01-04,8.3,8.71,8.71,8.29,146947,371459312.0,5.01,3.81,0.32,0.8
966,2019-01-07,8.69,8.81,8.95,8.61,142320,368942112.0,3.9,1.15,0.1,0.78
967,2019-01-08,8.81,8.78,8.93,8.72,63680,165850708.0,2.38,-0.34,-0.03,0.33
968,2019-01-09,8.76,8.86,9.0,8.73,95246,250617188.0,3.08,0.91,0.08,0.5
969,2019-01-10,8.91,8.91,9.0,8.86,82163,216363056.0,1.58,0.56,0.05,0.43
970,2019-01-11,8.98,8.8,8.99,8.73,69273,180387734.0,2.92,-1.23,-0.11,0.36
971,2019-01-14,8.82,8.71,8.85,8.6,84278,217815923.0,2.84,-1.02,-0.09,0.44
972,2019-01-15,8.76,8.92,8.93,8.68,122019,319094640.0,2.87,2.41,0.21,0.64
973,2019-01-16,8.93,9.13,9.2,8.9,130355,349617632.0,3.36,2.35,0.21,0.68
974,2019-01-17,9.06,9.07,9.2,9.03,85282,228526526.0,1.86,-0.66,-0.06,0.45
975,2019-01-18,9.1,9.17,9.2,9.03,115901,311985296.0,1.87,1.1,0.1,0.61
976,2019-01-21,9.17,9.32,9.46,9.17,149318,411621360.0,3.16,1.64,0.15,0.78
977,2019-01-22,9.32,9.11,9.33,9.09,70580,190667277.0,2.58,-2.25,-0.21,0.37
978,2019-01-23,9.1,9.13,9.21,9.07,40811,109877094.0,1.54,0.22,0.02,0.21
979,2019-01-24,9.1,9.07,9.16,8.83,91219,242034007.0,3.61,-0.66,-0.06,0.48
980,2019-01-25,9.04,9.1,9.21,9.03,88944,239684943.0,1.98,0.33,0.03,0.47
981,2019-01-28,9.17,9.2,9.37,9.13,109227,298062928.0,2.64,1.1,0.1,0.57
982,2019-01-29,9.2,9.33,9.34,9.18,98172,268357956.0,1.74,1.41,0.13,0.52
983,2019-01-30,9.33,9.23,9.37,9.2,58370,159300398.0,1.82,-1.07,-0.1,0.31
984,2019-01-31,9.26,9.22,9.29,8.74,117151,313758992.0,5.96,-0.11,-0.01,0.61
985,2019-02-01,9.22,9.61,9.69,9.2,173014,484117904.0,5.31,4.23,0.39,0.91
986,2019-02-11,9.62,9.89,9.92,9.58,119031,341258576.0,3.54,2.91,0.28,0.62
987,2019-02-12,9.9,9.95,10.13,9.86,104505,306733440.0,2.73,0.61,0.06,0.55
988,2019-02-13,10.03,10.16,10.22,9.97,124350,369427440.0,2.51,2.11,0.21,0.65
989,2019-02-14,10.22,10.11,10.22,10.01,78920,234925293.0,2.07,-0.49,-0.05,0.41
990,2019-02-15,10.12,10.11,10.39,10.09,128708,385697520.0,2.97,0.0,0.0,0.68
991,2019-02-18,10.15,10.77,10.79,10.15,159900,499348160.0,6.33,6.53,0.66,0.84
992,2019-02-19,10.82,10.86,11.02,10.56,152442,482247824.0,4.27,0.84,0.09,0.8
993,2019-02-20,10.85,10.67,10.92,10.58,113112,355515936.0,3.13,-1.75,-0.19,0.59
994,2019-02-21,10.68,10.68,10.91,10.64,92583,292658528.0,2.53,0.09,0.01,0.49
995,2019-02-22,10.69,10.77,10.77,10.52,82926,259302524.0,2.34,0.84,0.09,0.44
996,2019-02-25,10.68,11.09,11.1,10.68,160433,514847424.0,3.9,2.97,0.32,0.84
997,2019-02-26,11.07,10.98,11.48,10.92,191386,626057632.0,5.05,-0.99,-0.11,1.0
998,2019-02-27,10.81,10.57,10.88,10.53,188627,590134384.0,3.19,-3.73,-0.41,0.99
999,2019-02-28,10.68,10.98,11.09,10.67,160989,516121824.0,3.97,3.88,0.41,0.84
1000,2019-03-01,11.45,11.32,11.49,11.03,175887,579055872.0,4.19,3.1,0.34,0.92
1001,2019-03-04,11.41,11.33,11.59,11.13,254638,847330576.0,4.06,0.09,0.01,1.34
1002,2019-03-05,11.27,11.21,11.33,11.04,164042,535258704.0,2.56,-1.06,-0.12,0.86
1003,2019-03-06,11.17,11.26,11.31,11.02,146354,478556336.0,2.59,0.45,0.05,0.77
1004,2019-03-07,11.2,10.87,11.22,10.78,174783,559572912.0,3.91,-3.46,-0.39,0.92
1005,2019-03-08,10.7,10.46,10.83,10.46,173228,539820928.0,3.4,-3.77,-0.41,0.91
1006,2019-03-11,10.46,10.9,10.91,10.46,143345,452067808.0,4.3,4.21,0.44,0.75
1007,2019-03-12,10.99,10.83,11.09,10.75,136729,437344352.0,3.12,-0.64,-0.07,0.72
1008,2019-03-13,10.82,10.69,11.04,10.61,140105,443043440.0,3.97,-1.29,-0.14,0.74
1009,2019-03-14,10.62,10.71,10.94,10.62,125832,397842960.0,2.99,0.19,0.02,0.66
1010,2019-03-15,10.78,11.0,11.12,10.77,156813,505245824.0,3.27,2.71,0.29,0.82
1011,2019-03-18,10.92,11.43,11.45,10.92,202623,668115680.0,4.82,3.91,0.43,1.06
1012,2019-03-19,11.43,11.16,11.71,11.01,174368,575058880.0,6.12,-2.36,-0.27,0.91
1013,2019-03-20,11.2,11.13,11.22,10.95,97301,316061664.0,2.42,-0.27,-0.03,0.51
1014,2019-03-21,11.1,11.03,11.12,10.96,105099,339414320.0,1.44,-0.9,-0.1,0.55
1015,2019-03-22,11.01,11.01,11.11,10.96,97334,314182832.0,1.36,-0.18,-0.02,0.51
1016,2019-03-25,10.89,10.74,10.99,10.73,99549,316492608.0,2.36,-2.45,-0.27,0.52
1017,2019-03-26,10.75,10.67,10.87,10.64,80100,252586547.0,2.14,-0.65,-0.07,0.42
1018,2019-03-27,10.8,11.08,11.08,10.65,129609,415362928.0,4.03,3.84,0.41,0.68
1019,2019-03-28,11.03,11.07,11.13,10.93,93777,303629664.0,1.81,-0.09,-0.01,0.49
1020,2019-03-29,11.09,11.62,11.62,11.09,231550,773980960.0,4.79,4.97,0.55,1.22
1021,2019-04-01,11.72,11.76,11.93,11.63,182245,628324800.0,2.58,1.2,0.14,0.96
1022,2019-04-02,11.73,11.56,11.76,11.45,132690,449588928.0,2.64,-1.7,-0.2,0.7
1023,2019-04-03,11.48,11.55,11.62,11.41,87358,293866784.0,1.82,-0.09,-0.01,0.46
1024,2019-04-04,11.48,11.48,11.62,11.39,87422,294176960.0,1.99,-0.61,-0.07,0.46
1025,2019-04-08,11.62,11.35,11.79,11.27,107242,360593344.0,4.53,-1.13,-0.13,0.56
1026,2019-04-09,11.3,11.8,11.84,11.23,158847,541161184.0,5.37,3.96,0.45,0.83
1027,2019-04-10,11.92,11.74,11.92,11.66,134722,463662128.0,2.2,-0.51,-0.06,0.71
1028,2019-04-11,11.73,11.3,11.75,11.28,122590,409610432.0,4.0,-3.75,-0.44,0.64
1029,2019-04-12,11.27,11.52,11.52,11.2,88893,295451264.0,2.83,1.95,0.22,0.47
1030,2019-04-15,11.55,11.2,11.72,11.2,142423,474796304.0,4.51,-2.78,-0.32,0.75
1031,2019-04-16,11.22,11.41,11.42,11.03,101504,333908320.0,3.48,1.88,0.21,0.53
1032,2019-04-17,11.42,11.54,11.61,11.28,123061,412195360.0,2.89,1.14,0.13,0.65
1033,2019-04-18,11.62,11.52,11.7,11.42,59305,200462393.0,2.43,-0.17,-0.02,0.31
1034,2019-04-19,11.51,11.55,11.61,11.42,43302,145604870.0,1.65,0.26,0.03,0.23
1035,2019-04-22,11.48,11.79,11.85,11.42,129650,444334928.0,3.72,2.08,0.24,0.68
1036,2019-04-23,11.75,11.68,11.92,11.6,112636,387048880.0,2.71,-0.93,-0.11,0.59
1037,2019-04-24,11.7,11.95,11.96,11.6,102520,353284016.0,3.08,2.31,0.27,0.54
1038,2019-04-25,11.93,12.23,12.59,11.77,239967,857529824.0,6.86,2.34,0.28,1.26
1039,2019-04-26,12.29,12.35,12.45,12.02,203378,729830016.0,3.52,0.98,0.12,1.07
1040,2019-04-29,12.34,12.71,13.08,12.29,215106,804371392.0,6.4,2.91,0.36,1.13
1041,2019-04-30,12.68,12.79,12.93,12.45,121356,450318864.0,3.78,0.63,0.08,0.64
1042,2019-05-06,12.32,11.8,12.5,11.79,245417,868075840.0,5.55,-7.74,-0.99,1.29
1043,2019-05-07,11.85,12.61,12.73,11.85,217604,784894032.0,7.46,6.86,0.81,1.14
1044,2019-05-08,12.33,12.01,12.38,11.91,176734,629312064.0,3.73,-4.76,-0.6,0.93
1045,2019-05-09,11.8,11.52,11.97,11.44,169088,577206032.0,4.41,-4.08,-0.49,0.89
1046,2019-05-10,11.77,12.02,12.13,11.47,154357,534381024.0,5.73,4.34,0.5,0.81
1047,2019-05-13,11.77,12.27,12.54,11.76,150688,536714544.0,6.49,2.08,0.25,0.79
1048,2019-05-14,12.19,12.02,12.25,11.94,110592,390526640.0,2.53,-2.04,-0.25,0.58
1049,2019-05-15,12.17,12.36,12.49,12.05,130003,467167184.0,3.66,2.83,0.34,0.68
1050,2019-05-16,12.39,12.46,12.56,12.25,94375,342307696.0,2.51,0.81,0.1,0.5
1051,2019-05-17,12.47,12.43,12.81,12.33,142933,525945280.0,3.85,-0.24,-0.03,0.75
1052,2019-05-20,12.4,12.57,12.74,12.16,126563,460638256.0,4.67,1.13,0.14,0.66
1053,2019-05-21,12.45,12.61,12.67,12.29,127313,463315088.0,3.02,0.32,0.04,0.67
1054,2019-05-22,12.59,12.43,12.59,12.31,112316,408155696.0,2.22,-1.43,-0.18,0.59
1055,2019-05-23,12.36,12.11,12.36,12.05,100260,356176272.0,2.49,-2.57,-0.32,0.53
1056,2019-05-24,12.12,12.12,12.24,11.99,79969,282794640.0,2.06,0.08,0.01,0.42
1057,2019-05-27,12.07,12.26,12.38,11.91,111631,395846048.0,3.88,1.16,0.14,0.59
1058,2019-05-28,12.32,12.99,12.99,12.26,215102,791046752.0,5.95,5.95,0.73,1.13
1059,2019-05-29,12.68,12.72,12.92,12.56,109333,407066448.0,2.77,-2.08,-0.27,0.57
1060,2019-05-30,12.76,12.94,13.08,12.62,139755,524731024.0,3.62,1.73,0.22,0.73
1061,2019-05-31,13.03,13.13,13.31,12.89,124880,477467904.0,3.25,1.47,0.19,0.65
1062,2019-06-03,13.14,12.84,13.16,12.72,140624,530818128.0,3.35,-2.21,-0.29,0.73
1063,2019-06-04,12.83,12.78,12.98,12.64,84414,313867984.0,2.65,-0.47,-0.06,0.44
1064,2019-06-05,12.88,12.46,12.96,12.25,178877,501587168.0,5.56,-2.5,-0.32,0.72
1065,2019-06-06,12.48,12.58,12.75,12.25,146197,410170880.0,4.01,0.96,0.12,0.58
1066,2019-06-10,12.54,12.81,12.94,12.46,126474,360126096.0,3.82,1.83,0.23,0.51
1067,2019-06-11,12.81,13.15,13.15,12.77,162744,473514704.0,2.97,2.65,0.34,0.65
1068,2019-06-12,13.04,13.08,13.17,12.87,119163,345536896.0,2.28,-0.53,-0.07,0.48
1069,2019-06-13,13.12,12.92,13.12,12.85,105098,304159824.0,2.06,-1.22,-0.16,0.42
1070,2019-06-14,12.96,12.77,13.11,12.77,126227,363934832.0,2.63,-1.16,-0.15,0.51
1071,2019-06-17,12.83,12.92,13.02,12.76,100417,289012448.0,2.04,1.17,0.15,0.4
1072,2019-06-18,12.94,13.15,13.29,12.85,155470,454929984.0,3.41,1.78,0.23,0.62
1073,2019-06-19,13.44,13.16,13.52,13.16,136758,405892832.0,2.74,0.08,0.01,0.55
1074,2019-06-20,13.08,13.44,13.56,13.04,201481,602451152.0,3.95,2.13,0.28,0.8
1075,2019-06-21,13.53,13.54,13.84,13.4,203008,616018176.0,3.27,0.74,0.1,0.81
1076,2019-06-24,13.46,13.49,13.67,13.3,125639,378653136.0,2.73,-0.37,-0.05,0.5
1077,2019-06-25,13.57,13.68,13.68,13.36,145301,439182768.0,2.37,1.41,0.19,0.58
1078,2019-06-26,13.6,13.93,13.95,13.52,154384,473754464.0,3.14,1.83,0.25,0.61
1079,2019-06-27,13.92,13.91,14.14,13.77,170693,529729024.0,2.66,-0.14,-0.02,0.68
1080,2019-06-28,13.86,13.89,13.97,13.69,102522,315714864.0,2.01,-0.14,-0.02,0.41
1081,2019-07-01,14.05,14.31,14.31,13.81,230009,722088560.0,3.6,3.02,0.42,0.92
1082,2019-07-02,14.28,14.26,14.41,14.16,147397,468759696.0,1.75,-0.35,-0.05,0.59
1083,2019-07-03,14.22,13.89,14.22,13.88,175537,548332672.0,2.38,-2.59,-0.37,0.7
1084,2019-07-04,13.94,13.57,13.95,13.45,233636,707310592.0,3.6,-2.3,-0.32,0.93
1085,2019-07-05,13.62,13.81,13.88,13.58,159019,487778656.0,2.21,1.77,0.24,0.63
1086,2019-07-08,13.8,13.79,13.87,13.54,137205,419258224.0,2.39,-0.14,-0.02,0.55
1087,2019-07-09,13.79,13.91,14.06,13.68,123410,381998432.0,2.76,0.87,0.12,0.49
1088,2019-07-10,13.99,13.7,13.99,13.62,115643,354108096.0,2.66,-1.51,-0.21,0.46
1089,2019-07-11,13.77,13.68,13.86,13.58,98830,302161632.0,2.04,-0.15,-0.02,0.39
1090,2019-07-12,13.72,13.59,13.79,13.52,117151,355679024.0,1.97,-0.66,-0.09,0.47
1091,2019-07-15,13.62,13.81,13.89,13.44,130660,399008960.0,3.31,1.62,0.22,0.52
1092,2019-07-16,13.8,13.65,13.87,13.59,91906,280349568.0,2.03,-1.16,-0.16,0.37
1093,2019-07-17,13.59,13.6,13.67,13.5,76001,230337181.0,1.25,-0.37,-0.05,0.3
1094,2019-07-18,13.52,13.25,13.53,13.25,133519,397597152.0,2.06,-2.57,-0.35,0.53
1095,2019-07-19,13.32,13.32,13.56,13.24,97630,291464880.0,2.42,0.53,0.07,0.39
1096,2019-07-22,13.42,13.36,13.47,13.18,88282,263536085.0,2.18,0.3,0.04,0.35
1097,2019-07-23,13.41,13.46,13.49,13.3,66969,200291395.0,1.42,0.75,0.1,0.27
1098,2019-07-24,13.5,13.5,13.63,13.44,92134,278336064.0,1.41,0.3,0.04,0.37
1099,2019-07-25,13.48,13.48,13.54,13.4,82013,246279698.0,1.04,-0.15,-0.02,0.33
1100,2019-07-26,13.52,13.86,13.9,13.4,149424,458061312.0,3.71,2.82,0.38,0.59
1101,2019-07-29,13.91,13.82,13.94,13.77,88554,273171680.0,1.23,-0.29,-0.04,0.35
1102,2019-07-30,13.9,13.67,13.92,13.66,92832,284818304.0,1.88,-1.09,-0.15,0.37
1103,2019-07-31,13.67,13.67,13.82,13.59,63884,194717050.0,1.68,0.0,0.0,0.25
1104,2019-08-01,13.69,13.56,13.7,13.52,69926,212226407.0,1.32,-0.8,-0.11,0.28
1105,2019-08-02,13.41,13.66,13.79,13.31,144892,440805888.0,3.54,0.74,0.1,0.58
1106,2019-08-05,13.61,13.31,13.69,13.31,120041,360612304.0,2.78,-2.56,-0.35,0.48
1107,2019-08-06,13.08,13.04,13.22,12.9,134465,392389472.0,2.4,-2.03,-0.27,0.54
1108,2019-08-07,13.14,13.39,13.49,13.14,113222,336811680.0,2.68,2.68,0.35,0.45
1109,2019-08-08,13.39,13.86,13.89,13.36,163004,500391040.0,3.96,3.51,0.47,0.65
1110,2019-08-09,13.91,13.85,14.03,13.76,114880,355722960.0,1.95,-0.07,-0.01,0.46
1111,2019-08-12,13.91,13.95,14.09,13.84,95067,295436800.0,1.81,0.72,0.1,0.38
1112,2019-08-13,13.87,13.9,14.0,13.85,58644,182045555.0,1.08,-0.36,-0.05,0.23
1113,2019-08-14,14.06,14.16,14.2,13.93,120241,377705328.0,1.94,1.87,0.26,0.48
1114,2019-08-15,14.01,14.2,14.36,13.95,132613,419072880.0,2.9,0.28,0.04,0.53
1115,2019-08-16,14.25,14.31,14.48,14.15,130357,417039280.0,2.32,0.77,0.11,0.52
1116,2019-08-19,14.45,14.4,14.58,14.3,123534,396289296.0,1.96,0.63,0.09,0.49
1117,2019-08-20,14.37,14.36,14.5,14.27,86402,276625200.0,1.6,-0.28,-0.04,0.34
1118,2019-08-21,14.36,14.26,14.36,14.16,70537,223941782.0,1.39,-0.7,-0.1,0.28
1119,2019-08-22,14.29,14.74,14.75,14.25,146688,474613104.0,3.51,3.37,0.48,0.58
1120,2019-08-23,14.66,15.08,15.35,14.57,191103,638482976.0,5.29,2.31,0.34,0.76
1121,2019-08-26,14.96,15.06,15.37,14.75,134824,450755760.0,4.11,-0.13,-0.02,0.54
1122,2019-08-27,15.19,15.28,15.5,15.07,178889,609879280.0,2.86,1.46,0.22,0.71
1123,2019-08-28,15.37,15.32,15.39,15.1,94475,321150848.0,1.9,0.26,0.04,0.38
1124,2019-08-29,15.28,14.95,15.28,14.91,151526,506109216.0,2.42,-2.42,-0.37,0.6
1125,2019-08-30,15.02,15.18,15.49,15.0,195245,663396800.0,3.28,1.54,0.23,0.78
1126,2019-09-02,15.3,15.36,15.68,15.28,169877,581907456.0,2.64,1.19,0.18,0.68
1127,2019-09-03,15.41,15.29,15.41,15.12,125481,424989472.0,1.89,-0.46,-0.07,0.5
1128,2019-09-04,15.28,15.26,15.29,14.87,123960,416994256.0,2.75,-0.2,-0.03,0.49
1129,2019-09-05,15.29,15.13,15.36,15.03,141246,477334560.0,2.16,-0.85,-0.13,0.56
1130,2019-09-06,15.35,15.23,15.35,15.0,104278,352518912.0,2.31,0.66,0.1,0.42
1131,2019-09-09,15.35,15.43,15.6,15.16,154122,528973312.0,2.89,1.31,0.2,0.61
1132,2019-09-10,15.47,15.41,15.67,15.22,135189,465804736.0,2.92,-0.13,-0.02,0.54
1133,2019-09-11,15.49,15.26,15.65,15.06,135177,460099312.0,3.83,-0.97,-0.15,0.54
1134,2019-09-12,15.28,15.22,15.28,15.05,91399,308242992.0,1.51,-0.26,-0.04,0.36
1135,2019-09-16,15.26,15.36,15.38,15.15,81737,278277440.0,1.51,0.92,0.14,0.33
1136,2019-09-17,15.27,15.11,15.35,15.1,86283,291426528.0,1.63,-1.63,-0.25,0.34
1137,2019-09-18,15.11,15.51,15.62,15.05,164714,565167088.0,3.77,2.65,0.4,0.66
1138,2019-09-19,15.59,15.99,16.21,15.59,196655,697881088.0,4.0,3.09,0.48,0.78
1139,2019-09-20,16.08,15.99,16.14,15.87,117387,418273616.0,1.69,0.0,0.0,0.47
1140,2019-09-23,16.02,15.87,16.07,15.7,95562,336526592.0,2.31,-0.75,-0.12,0.38
1141,2019-09-24,15.94,16.08,16.09,15.87,104983,373193904.0,1.39,1.32,0.21,0.42
1142,2019-09-25,15.99,15.85,16.31,15.78,134806,478696928.0,3.3,-1.43,-0.23,0.54
1143,2019-09-26,15.92,15.89,16.13,15.75,94758,335229184.0,2.4,0.25,0.04,0.38
1144,2019-09-27,15.91,15.81,15.94,15.6,83873,293890528.0,2.14,-0.5,-0.08,0.33
1145,2019-09-30,15.81,15.95,16.17,15.73,113374,402761856.0,2.78,0.89,0.14,0.45
1146,2019-10-08,15.83,16.23,16.28,15.78,112521,404260368.0,3.13,1.76,0.28,0.45
1147,2019-10-09,16.2,15.93,16.21,15.83,91115,323372720.0,2.34,-1.85,-0.3,0.36
1148,2019-10-10,15.95,16.56,16.62,15.83,144137,521145872.0,4.96,3.95,0.63,0.57
1149,2019-10-11,16.56,16.46,16.58,16.37,91800,336166816.0,1.27,-0.6,-0.1,0.37
1150,2019-10-14,16.62,16.47,16.73,16.4,88479,325349216.0,2.0,0.06,0.01,0.35
1151,2019-10-15,16.56,16.74,16.84,16.47,110313,409155056.0,2.25,1.64,0.27,0.44
1152,2019-10-16,16.81,17.1,17.31,16.69,178827,680028832.0,3.7,2.15,0.36,0.71
1153,2019-10-17,17.16,17.14,17.36,16.97,113096,430318896.0,2.28,0.23,0.04,0.45
1154,2019-10-18,17.07,17.03,17.24,16.91,118420,448288000.0,1.93,-0.64,-0.11,0.47
1155,2019-10-21,16.95,16.69,17.18,16.44,165201,613879616.0,4.35,-2.0,-0.34,0.66
1156,2019-10-22,16.82,17.19,17.21,16.81,116290,439981232.0,2.4,3.0,0.5,0.46
1157,2019-10-30,17.47,18.06,18.42,17.47,287729,1145148976.0,5.53,5.06,0.87,1.15
1158,2019-10-31,17.83,17.82,18.04,17.61,171217,676941904.0,2.38,-1.33,-0.24,0.68
1159,2019-11-01,17.84,18.9,18.93,17.74,219927,902562976.0,6.68,6.06,1.08,0.88
1160,2019-11-04,18.66,19.03,19.11,18.61,144627,605924992.0,2.65,0.69,0.13,0.58
1161,2019-11-05,19.0,18.91,19.0,18.66,126850,530146544.0,1.79,-0.63,-0.12,0.5
1162,2019-11-06,18.79,18.39,18.79,18.23,245011,1000575120.0,2.96,-2.75,-0.52,0.98
1163,2019-11-07,18.34,18.66,18.82,18.33,144999,599880752.0,2.66,1.47,0.27,0.58
1164,2019-11-08,18.83,18.66,18.93,18.61,105489,439260192.0,1.71,0.0,0.0,0.42
1165,2019-11-11,18.56,18.77,18.98,18.47,132592,553225120.0,2.73,0.59,0.11,0.53
1166,2019-11-12,18.76,19.45,19.61,18.76,181532,777992192.0,4.53,3.62,0.68,0.72
1167,2019-11-13,19.44,20.58,20.84,19.36,249029,1116967600.0,7.61,5.81,1.13,0.99
1168,2019-11-14,20.37,20.71,20.97,20.3,141922,648052208.0,3.26,0.63,0.13,0.56
1169,2019-11-15,20.7,20.36,20.89,20.3,135648,615536352.0,2.85,-1.69,-0.35,0.54
1170,2019-11-18,20.26,20.58,20.59,20.08,143708,646905632.0,2.5,1.08,0.22,0.57
1171,2019-11-19,20.55,21.56,21.56,20.48,215833,1014933120.0,5.25,4.76,0.98,0.86
1172,2019-11-20,21.47,21.24,21.52,21.04,231337,1087637840.0,2.23,-1.48,-0.32,0.92
1173,2019-11-21,21.03,19.84,21.05,19.69,447051,2005063136.0,6.4,-6.59,-1.4,1.78
1174,2019-11-22,19.69,18.93,20.25,18.36,579805,2479129600.0,9.53,-4.59,-0.91,2.31
1175,2019-11-25,18.93,18.84,19.07,18.25,296971,1232530032.0,4.33,-0.48,-0.09,1.18
1176,2019-11-26,18.98,18.9,19.13,18.62,254770,1065199040.0,2.71,0.32,0.06,1.01
1177,2019-11-27,18.81,18.65,18.84,18.1,275270,1130793472.0,3.92,-1.32,-0.25,1.1
1178,2019-11-28,18.74,18.85,19.01,18.51,166875,695832128.0,2.68,1.07,0.2,0.66
1179,2019-11-29,18.67,17.98,18.78,17.75,361703,1447857136.0,5.46,-4.62,-0.87,1.44
1180,2019-12-02,17.94,18.01,18.18,17.75,188877,754281840.0,2.39,0.17,0.03,0.75
1181,2019-12-03,17.92,18.17,18.28,17.58,186522,743627216.0,3.89,0.89,0.16,0.74
1182,2019-12-04,18.17,18.15,18.35,18.02,152823,617681472.0,1.82,-0.11,-0.02,0.61
1183,2019-12-05,18.25,18.33,18.55,18.2,201126,819746720.0,1.93,0.99,0.18,0.8
1184,2019-12-06,18.29,18.61,18.69,18.27,190019,779913552.0,2.29,1.53,0.28,0.76
1185,2019-12-09,18.63,18.01,18.73,17.84,250806,1007171520.0,4.78,-3.22,-0.6,1.0
1186,2019-12-10,17.83,18.12,18.33,17.77,172724,694860976.0,3.11,0.61,0.11,0.69
1187,2019-12-11,18.2,18.11,18.23,17.99,109423,439770928.0,1.32,-0.06,-0.01,0.44
1188,2019-12-12,18.1,17.99,18.15,17.88,106288,425064320.0,1.49,-0.66,-0.12,0.42
1189,2019-12-13,18.15,18.4,18.45,18.03,198267,805992816.0,2.33,2.28,0.41,0.79
1190,2019-12-16,18.43,18.09,18.43,17.97,272344,1092294288.0,2.5,-1.68,-0.31,1.08
1191,2019-12-17,17.99,18.18,18.25,17.86,242983,974474928.0,2.16,0.5,0.09,0.97
1192,2019-12-18,18.11,17.8,18.17,17.77,234635,932922752.0,2.2,-2.09,-0.38,0.93
1193,2019-12-19,17.84,17.76,17.97,17.6,168234,661958400.0,2.08,-0.22,-0.04,0.67
1194,2019-12-20,17.86,17.56,17.86,17.49,167780,657179344.0,2.08,-1.13,-0.2,0.67
1195,2019-12-23,17.57,17.63,17.97,17.57,159341,628171216.0,2.28,0.4,0.07,0.63
1196,2019-12-24,17.63,17.33,17.72,17.24,193255,745662688.0,2.72,-1.7,-0.3,0.77
1197,2019-12-25,17.29,17.55,17.58,17.19,147422,570085472.0,2.25,1.27,0.22,0.59
1198,2019-12-26,17.64,17.56,17.73,17.39,142668,556330480.0,1.94,0.06,0.01,0.57
1199,2019-12-27,17.44,17.36,17.62,17.31,159459,618653072.0,1.77,-1.14,-0.2,0.63
1200,2019-12-30,17.24,17.42,17.52,17.1,161749,624633696.0,2.42,0.35,0.06,0.64
1201,2019-12-31,17.45,17.82,18.01,17.45,229803,908331952.0,3.21,2.3,0.4,0.91
1202,2020-01-02,17.95,17.79,17.95,17.56,210447,827601072.0,2.19,-0.17,-0.03,0.84
1203,2020-01-03,17.84,17.74,17.94,17.62,197908,780537328.0,1.8,-0.28,-0.05,0.79
1204,2020-01-06,17.69,17.35,17.69,17.16,271477,1047719472.0,2.99,-2.2,-0.39,1.08
1205,2020-01-07,17.36,17.65,17.68,17.33,210834,820175440.0,2.02,1.73,0.3,0.84
1206,2020-01-08,17.57,17.47,17.91,17.47,176371,692460640.0,2.49,-1.02,-0.18,0.7
1207,2020-01-09,17.7,18.68,19.01,17.7,507399,2077235840.0,7.5,6.93,1.21,2.02
1208,2020-01-10,18.9,18.82,18.92,18.52,266214,1106917936.0,2.14,0.75,0.14,1.06
1209,2020-01-13,18.63,18.72,18.77,18.2,239799,984893984.0,3.03,-0.53,-0.1,0.95
1210,2020-01-14,18.52,18.57,18.79,18.41,202202,831318304.0,2.03,-0.8,-0.15,0.8
1211,2020-01-15,18.57,18.51,18.76,18.38,155714,640515536.0,2.05,-0.32,-0.06,0.62
1212,2020-01-16,18.53,19.23,19.36,18.42,359197,1521874736.0,5.08,3.89,0.72,1.43
1213,2020-01-17,19.22,19.38,19.69,18.99,269549,1160758592.0,3.64,0.78,0.15,1.07
1214,2020-01-20,19.57,19.41,19.71,19.17,200493,863286352.0,2.79,0.15,0.03,0.8
1215,2020-01-21,19.39,19.27,19.75,19.12,166769,715964144.0,3.25,-0.72,-0.14,0.66
1216,2020-01-22,19.16,19.1,19.25,18.81,175958,742259968.0,2.28,-0.88,-0.17,0.7
1217,2020-01-23,18.88,18.02,18.98,17.78,425633,1720662768.0,6.28,-5.65,-1.08,1.69
1218,2020-02-03,16.42,16.57,17.33,16.19,567713,2110705072.0,6.33,-8.05,-1.45,2.26
1219,2020-02-04,16.74,17.69,17.81,16.74,358440,1389885104.0,6.46,6.76,1.12,1.42
1220,2020-02-05,17.96,17.91,18.12,17.56,321151,1269249552.0,3.17,1.24,0.22,1.28
1221,2020-02-06,17.73,18.17,18.36,17.66,234220,939434032.0,3.91,1.45,0.26,0.93
1222,2020-02-07,18.02,18.15,18.29,17.81,196294,789021712.0,2.64,-0.11,-0.02,0.78
1223,2020-02-10,18.13,18.53,18.79,17.99,223926,916142512.0,4.41,2.09,0.38,0.89
1224,2020-02-11,18.52,18.89,18.98,18.52,211634,881769392.0,2.48,1.94,0.36,0.84
1225,2020-02-12,18.79,18.83,19.0,18.54,167972,699404352.0,2.44,-0.32,-0.06,0.67
1226,2020-02-13,18.75,18.62,18.76,18.33,180094,742289408.0,2.28,-1.12,-0.21,0.72
1227,2020-02-14,18.48,18.52,18.84,18.39,155631,642110880.0,2.42,-0.54,-0.1,0.62
1228,2020-02-17,18.53,19.01,19.11,18.52,210425,884204272.0,3.19,2.65,0.49,0.84
1229,2020-02-18,19.03,18.99,19.31,18.85,172144,725923856.0,2.42,-0.11,-0.02,0.68
1230,2020-02-19,18.94,18.71,18.94,18.67,132955,553248912.0,1.42,-1.47,-0.28,0.53
1231,2020-02-20,18.73,19.75,19.97,18.63,368881,1595378656.0,7.16,5.56,1.04,1.47
1232,2020-02-21,19.66,19.52,19.71,19.42,190087,824403744.0,1.47,-1.16,-0.23,0.76
1233,2020-02-24,19.25,19.25,19.38,18.84,234685,993524544.0,2.77,-1.38,-0.27,0.93
1234,2020-02-25,18.85,19.1,19.2,18.62,179617,756211248.0,3.01,-0.78,-0.15,0.71
1235,2020-02-26,18.86,18.38,19.01,18.21,254905,1047270272.0,4.19,-3.77,-0.72,1.01
1236,2020-02-27,18.42,18.78,18.92,18.33,173648,719551408.0,3.21,2.18,0.4,0.69
1237,2020-02-28,17.97,18.02,18.52,17.97,192996,779436720.0,2.93,-4.05,-0.76,0.77
1238,2020-03-02,18.27,18.93,19.07,18.27,233566,973780800.0,4.44,5.05,0.91,0.93
1239,2020-03-03,19.2,19.12,19.43,18.87,222385,946993312.0,2.96,1.0,0.19,0.88
1240,2020-03-04,18.93,19.66,19.75,18.89,284534,1227954064.0,4.5,2.82,0.54,1.13
1241,2020-03-05,19.68,20.17,20.43,19.47,325830,1453120640.0,4.88,2.59,0.51,1.3
1242,2020-03-06,20.13,20.26,20.53,20.01,201194,906022032.0,2.58,0.45,0.09,0.8
1243,2020-03-09,20.17,19.84,20.25,19.53,205160,905835456.0,3.55,-2.07,-0.42,0.82
1244,2020-03-10,19.73,19.81,20.12,19.32,258113,1127611056.0,4.03,-0.15,-0.03,1.03
1245,2020-03-11,19.84,19.46,20.07,19.41,145732,634613408.0,3.33,-1.77,-0.35,0.58
1246,2020-03-12,19.25,18.74,19.28,18.47,251998,1049391184.0,4.16,-3.7,-0.72,1.0
1247,2020-03-13,17.79,18.54,18.78,17.36,358539,1443034912.0,7.58,-1.07,-0.2,1.43
1248,2020-03-16,18.54,17.54,18.7,17.38,261800,1039383456.0,7.12,-5.39,-1.0,1.04
1249,2020-03-17,17.56,17.26,17.93,16.78,265936,1017843152.0,6.56,-1.6,-0.28,1.06
1250,2020-03-18,17.47,17.13,17.92,17.13,239435,930354976.0,4.58,-0.75,-0.13,0.95
1251,2020-03-19,17.01,16.19,17.1,15.48,630071,2255308352.0,9.46,-5.49,-0.94,2.5
1252,2020-03-20,16.44,16.24,16.51,15.92,304684,1099045600.0,3.64,0.31,0.05,1.21
1253,2020-03-23,15.73,15.37,16.22,15.37,296058,1034836704.0,5.23,-5.36,-0.87,1.18
1254,2020-03-24,15.81,16.77,16.82,15.78,397005,1454178992.0,6.77,9.11,1.4,1.58
1255,2020-03-25,17.44,17.41,17.62,16.83,306290,1178182784.0,4.71,3.82,0.64,1.22
1256,2020-03-26,17.23,17.47,17.65,17.2,149380,579160608.0,2.58,0.34,0.06,0.59
1257,2020-03-27,17.7,17.48,18.17,17.41,177908,700702976.0,4.35,0.06,0.01,0.71
1258,2020-03-30,17.16,17.17,17.47,16.83,163567,622109216.0,3.66,-1.77,-0.31,0.65
1259,2020-03-31,17.4,17.73,17.88,17.26,166231,652164320.0,3.61,3.26,0.56,0.66
1260,2020-04-01,17.68,17.52,18.05,17.46,140920,556620720.0,3.33,-1.18,-0.21,0.56
1261,2020-04-02,17.46,17.79,17.79,17.36,96690,378316880.0,2.45,1.54,0.27,0.38
1262,2020-04-03,17.79,17.73,17.96,17.7,89817,355156848.0,1.46,-0.34,-0.06,0.36
1263,2020-04-07,17.98,18.17,18.25,17.89,142637,573763760.0,2.03,2.48,0.44,0.57
1264,2020-04-08,18.02,18.14,18.25,17.86,96062,385193312.0,2.15,-0.17,-0.03,0.38
1265,2020-04-09,18.21,18.88,19.13,18.21,209255,874823648.0,5.07,4.08,0.74,0.83
1266,2020-04-10,18.89,19.34,19.92,18.89,282473,1223644480.0,5.46,2.44,0.46,1.12
1267,2020-04-13,19.24,19.2,19.6,19.01,112234,481127136.0,3.05,-0.72,-0.14,0.45
1268,2020-04-14,19.39,19.73,19.78,19.11,162118,703726256.0,3.49,2.76,0.53,0.64
1269,2020-04-15,19.8,19.53,19.88,19.4,149970,650745296.0,2.43,-1.01,-0.2,0.6
1270,2020-04-16,19.52,19.42,19.52,19.17,128217,550459248.0,1.79,-0.56,-0.11,0.51
1271,2020-04-17,19.43,19.43,19.83,19.3,140411,607933728.0,2.73,0.05,0.01,0.56
1272,2020-04-20,19.59,19.39,19.6,19.25,119739,515814304.0,1.8,-0.21,-0.04,0.48
1273,2020-04-21,19.39,19.11,19.52,18.94,124084,526647920.0,2.99,-1.44,-0.28,0.49
1274,2020-04-22,19.24,19.86,19.87,19.07,206702,899861152.0,4.19,3.92,0.75,0.82
1275,2020-04-24,19.82,19.83,20.11,19.16,200191,876679520.0,4.78,-0.15,-0.03,0.8
1276,2020-04-27,19.86,19.98,20.55,19.7,173534,775541424.0,4.29,0.76,0.15,0.69
1277,2020-04-28,19.87,20.34,20.58,19.84,172804,779205648.0,3.7,1.8,0.36,0.69
1278,2020-04-29,20.28,20.61,21.44,20.25,164892,763926032.0,5.85,1.33,0.27,0.66
1279,2020-04-30,20.58,20.02,20.6,19.88,169720,755974944.0,3.49,-2.86,-0.59,0.67
1280,2020-05-06,19.99,20.52,20.66,19.79,172468,772452144.0,4.35,2.5,0.5,0.69
1281,2020-05-07,20.62,21.02,21.12,20.44,140769,650536016.0,3.31,2.44,0.5,0.56
1282,2020-05-08,21.07,21.12,21.39,20.71,129049,603769312.0,3.24,0.48,0.1,0.51
1283,2020-05-11,21.33,20.58,21.34,20.44,152598,699433072.0,4.26,-2.56,-0.54,0.61
1284,2020-05-12,20.69,20.9,21.11,20.53,116596,538952256.0,2.82,1.55,0.32,0.46
1285,2020-05-13,20.9,21.81,21.97,20.76,225151,1077215920.0,5.79,4.35,0.91,0.9
1286,2020-05-14,21.7,21.63,21.8,21.41,139808,668712656.0,1.79,-0.83,-0.18,0.56
1287,2020-05-15,21.51,21.55,21.67,21.17,118164,559552096.0,2.31,-0.37,-0.08,0.47
1288,2020-05-18,21.44,22.17,22.47,21.26,172607,846228528.0,5.61,2.88,0.62,0.69
1289,2020-05-19,22.22,22.01,22.47,21.95,125999,616774656.0,2.35,-0.72,-0.16,0.5
1290,2020-05-20,22.08,21.62,22.16,21.5,171561,825929168.0,3.0,-1.77,-0.39,0.68
1291,2020-05-21,21.64,22.07,22.26,21.64,152808,745656016.0,2.87,2.08,0.45,0.6
1292,2020-05-22,22.13,21.61,22.16,21.36,121172,582427488.0,3.62,-2.08,-0.46,0.47
1293,2020-05-25,21.63,22.0,22.47,21.58,116310,567381248.0,4.12,1.8,0.39,0.46
1294,2020-05-26,22.12,22.59,22.75,21.9,124783,621609344.0,3.86,2.68,0.59,0.49
1295,2020-05-27,22.59,22.26,22.68,22.04,104914,517996016.0,2.83,-1.46,-0.33,0.41
1296,2020-05-28,22.37,22.17,22.46,21.7,165168,618620848.0,3.41,-0.4,-0.09,0.5
1297,2020-05-29,22.08,23.07,23.32,21.84,290649,1131245392.0,6.68,4.06,0.9,0.88
1298,2020-06-01,23.09,23.76,23.96,22.84,207711,825827632.0,4.85,2.99,0.69,0.63
1299,2020-06-02,23.58,23.15,23.76,23.03,216917,856061504.0,3.07,-2.57,-0.61,0.65
1300,2020-06-03,23.2,23.06,23.57,22.98,194323,763704288.0,2.55,-0.39,-0.09,0.59
1301,2020-06-04,23.09,23.58,23.65,22.91,204605,810212208.0,3.21,2.25,0.52,0.62
1302,2020-06-05,23.36,23.86,24.04,23.15,196802,788700752.0,3.77,1.19,0.28,0.59
1303,2020-06-08,23.86,23.55,24.22,23.33,193590,778950336.0,3.73,-1.3,-0.31,0.58
1304,2020-06-09,23.44,23.92,23.97,23.33,131426,530804352.0,2.72,1.57,0.37,0.4
1305,2020-06-10,23.88,24.63,24.75,23.74,233139,968334960.0,4.22,2.97,0.71,0.7
1306,2020-06-11,24.58,24.41,24.88,24.21,166011,690391872.0,2.72,-0.89,-0.22,0.5
1307,2020-06-12,24.11,24.73,25.11,24.08,225972,950465152.0,4.22,1.31,0.32,0.68
1308,2020-06-15,24.95,24.68,25.14,24.58,188368,792681312.0,2.26,-0.2,-0.05,0.57
1309,2020-06-16,24.87,25.47,25.47,24.69,187253,801793280.0,3.16,3.2,0.79,0.56
1310,2020-06-17,25.45,25.73,26.53,25.32,238429,1048759968.0,4.75,1.02,0.26,0.72
1311,2020-06-18,25.58,26.07,26.18,25.47,195584,856453088.0,2.76,1.32,0.34,0.59
1312,2020-06-19,26.06,27.31,27.31,25.94,308315,1413471120.0,5.26,4.76,1.24,0.93
1313,2020-06-22,27.13,26.99,27.4,26.56,360365,1645920288.0,3.08,-1.17,-0.32,1.09
1314,2020-06-23,26.83,27.18,27.29,26.55,273971,1255183776.0,2.74,0.7,0.19,0.81
1315,2020-06-24,26.95,25.97,27.07,25.39,614183,2714909728.0,6.18,-4.45,-1.21,1.81
1316,2020-06-29,25.91,25.41,25.92,24.87,511236,2193763264.0,4.04,-2.16,-0.56,1.5
1317,2020-06-30,25.41,25.61,26.0,25.39,328508,1431480112.0,2.4,0.79,0.2,0.96
1318,2020-07-01,25.88,25.62,25.91,25.15,233320,1009633584.0,2.97,0.04,0.01,0.68
1319,2020-07-02,25.62,24.93,25.62,24.75,400745,1707615856.0,3.4,-2.69,-0.69,1.17
1320,2020-07-03,24.74,25.5,25.64,24.37,434835,1854408480.0,5.09,2.29,0.57,1.27
1321,2020-07-06,25.35,25.64,25.82,24.84,460480,1978221664.0,3.84,0.55,0.14,1.35
1322,2020-07-07,25.35,26.17,26.44,25.14,525871,2312112032.0,5.07,2.07,0.53,1.54
1323,2020-07-08,26.17,26.37,26.8,25.96,377652,1691869792.0,3.21,0.76,0.2,1.11
1324,2020-07-09,26.15,27.34,27.34,26.12,407271,1852024048.0,4.63,3.68,0.97,1.19
1325,2020-07-10,27.09,27.09,27.59,26.9,334175,1544200592.0,2.52,-0.91,-0.25,0.98
1326,2020-07-13,27.09,27.62,27.64,26.95,393774,1825563088.0,2.55,1.96,0.53,1.15
1327,2020-07-14,27.57,27.08,27.9,26.56,327040,1510514000.0,4.85,-1.96,-0.54,0.96
1328,2020-07-15,27.09,28.14,28.45,27.09,461852,2188590720.0,5.02,3.91,1.06,1.35
1329,2020-07-16,28.08,26.06,28.08,25.8,464340,2116360816.0,8.1,-7.39,-2.08,1.36
1330,2020-07-17,26.15,26.05,26.86,25.82,325054,1448261264.0,3.99,-0.04,-0.01,0.95
1331,2020-07-20,26.2,25.91,26.53,25.35,275254,1203549040.0,4.53,-0.54,-0.14,0.81
1332,2020-07-21,25.91,26.71,26.88,25.82,302958,1362738576.0,4.09,3.09,0.8,0.89
1333,2020-07-22,26.53,27.01,27.31,26.39,248824,1140307952.0,3.44,1.12,0.3,0.73
1334,2020-07-23,26.8,27.18,27.31,26.55,259611,1188954464.0,2.81,0.63,0.17,0.76
1335,2020-07-24,27.01,25.94,27.07,25.69,306639,1364487344.0,5.08,-4.56,-1.24,0.9
1336,2020-07-27,25.94,27.13,27.13,25.94,347464,1573854800.0,4.59,4.59,1.19,1.02
1337,2020-07-28,27.13,26.97,27.35,26.56,199912,910091584.0,2.91,-0.59,-0.16,0.59
1338,2020-07-29,26.78,27.21,27.3,26.77,220637,1014859312.0,1.97,0.89,0.24,0.65
1339,2020-07-30,27.21,26.72,27.41,26.48,234116,1069265008.0,3.42,-1.8,-0.49,0.69
1340,2020-07-31,26.77,26.71,27.16,26.47,253573,1150988704.0,2.58,-0.04,-0.01,0.74
1341,2020-08-03,26.8,27.63,27.78,26.59,358958,1670103696.0,4.46,3.44,0.92,1.05
1342,2020-08-04,27.63,28.14,28.43,27.45,318132,1514729312.0,3.55,1.85,0.51,0.93
1343,2020-08-05,28.14,27.99,28.39,27.78,202104,958695696.0,2.17,-0.53,-0.15,0.59
1344,2020-08-06,27.99,27.67,28.26,27.25,195677,916959520.0,3.61,-1.14,-0.32,0.57
1345,2020-08-07,27.67,27.05,27.86,26.68,247512,1135551152.0,4.26,-2.24,-0.62,0.72
1346,2020-08-10,27.13,27.34,27.38,26.69,158116,727268416.0,2.55,1.07,0.29,0.46
1347,2020-08-11,27.28,27.22,28.4,27.18,252877,1192286880.0,4.46,-0.44,-0.12,0.74
1348,2020-08-12,27.25,27.07,27.53,26.54,227886,1041050432.0,3.64,-0.55,-0.15,0.67
1349,2020-08-13,27.22,26.18,27.31,26.13,199527,900000304.0,4.36,-3.29,-0.89,0.58
1350,2020-08-14,26.18,26.5,26.52,25.64,236625,1046547792.0,3.36,1.22,0.32,0.69
1351,2020-08-17,26.52,26.87,26.89,26.43,171974,778345808.0,1.74,1.4,0.37,0.5
1352,2020-08-18,26.77,26.79,27.14,26.7,113245,516635744.0,1.64,-0.3,-0.08,0.33
1353,2020-08-19,26.79,26.24,26.84,26.21,130799,584913680.0,2.35,-2.05,-0.55,0.38
1354,2020-08-20,26.24,26.04,26.46,25.95,120209,532879280.0,1.94,-0.76,-0.2,0.35
1355,2020-08-21,26.2,26.71,26.83,26.18,147687,664797696.0,2.5,2.57,0.67,0.43
1356,2020-08-24,26.94,27.25,27.35,26.55,193379,889643432.0,3.0,2.02,0.54,0.57
1357,2020-08-25,27.24,27.34,27.6,27.01,143106,664916948.0,2.17,0.33,0.09,0.42
1358,2020-08-26,27.91,29.49,31.32,27.91,653747,3279647234.0,12.47,7.86,2.15,1.91
1359,2020-08-27,29.63,29.81,29.98,29.27,271788,1364857108.0,2.41,1.09,0.32,0.8
1360,2020-08-28,29.8,30.23,30.39,29.39,258448,1313867021.0,3.35,1.41,0.42,0.76
1361,2020-08-31,30.41,30.67,31.14,29.94,295375,1538250930.0,3.97,1.46,0.44,0.86
1362,2020-09-01,30.52,31.72,31.94,30.52,286596,1525764446.0,4.63,3.42,1.05,0.84
1363,2020-09-02,31.72,31.54,32.11,31.28,227407,1216965932.0,2.62,-0.57,-0.18,0.67
1364,2020-09-03,31.39,31.67,33.12,31.21,327747,1789650480.0,6.06,0.41,0.13,0.96
1365,2020-09-04,31.0,30.99,31.27,29.91,329712,1714242270.0,4.29,-2.15,-0.68,0.97
1366,2020-09-07,31.1,30.11,31.46,30.08,272800,1415167959.0,4.45,-2.84,-0.88,0.8
1367,2020-09-08,30.16,29.87,30.68,29.5,177580,904305848.0,3.92,-0.8,-0.24,0.52
1368,2020-09-09,29.81,28.92,29.86,28.77,249400,1233654896.0,3.65,-3.18,-0.95,0.73
1369,2020-09-10,29.28,28.92,29.86,28.72,188723,936311558.0,3.94,0.0,0.0,0.55
1370,2020-09-11,28.99,29.41,29.67,28.97,179660,893174249.0,2.42,1.69,0.49,0.53
1371,2020-09-14,29.52,29.3,29.74,29.04,193246,961819988.0,2.38,-0.37,-0.11,0.57
1372,2020-09-15,29.21,29.37,29.44,28.37,178528,877124090.0,3.65,0.24,0.07,0.52
1373,2020-09-16,29.3,28.71,29.59,28.54,171246,836963928.0,3.58,-2.25,-0.66,0.5
1374,2020-09-17,28.67,28.08,28.73,27.84,176305,840988216.0,3.1,-2.19,-0.63,0.52
1375,2020-09-18,28.08,28.14,28.29,27.65,162693,772773270.0,2.28,0.21,0.06,0.48
1376,2020-09-21,28.14,27.82,28.4,27.69,165054,781843060.0,2.52,-1.14,-0.32,0.48
1377,2020-09-22,27.7,27.63,28.01,27.51,156474,736203012.0,1.8,-0.68,-0.19,0.46
1378,2020-09-23,27.72,28.63,28.84,27.51,336318,1613405832.0,4.81,3.62,1.0,0.98
1379,2020-09-24,28.32,27.9,28.54,27.76,172541,819801454.0,2.72,-2.55,-0.73,0.51
1380,2020-09-25,27.95,28.36,28.65,27.92,160801,772139282.0,2.62,1.65,0.46,0.47
1381,2020-09-28,28.37,28.7,28.97,28.08,199520,965148400.0,3.14,1.2,0.34,0.58
1382,2020-09-29,28.73,29.22,29.4,28.45,167931,823650390.0,3.31,1.81,0.52,0.49
1383,2020-09-30,29.27,30.35,30.81,29.27,258450,1324124916.0,5.27,3.87,1.13,0.76
1384,2020-10-09,30.58,31.4,31.49,30.16,214099,1125606429.0,4.38,3.46,1.05,0.63
1385,2020-10-12,31.4,33.78,33.96,31.19,288663,1602323832.0,8.82,7.58,2.38,0.84
1386,2020-10-13,33.72,34.28,34.36,33.36,201534,1158835429.0,2.96,1.48,0.5,0.59
1387,2020-10-14,34.25,34.11,34.49,33.75,176971,1024116320.0,2.16,-0.5,-0.17,0.52
1388,2020-10-15,34.12,33.81,34.29,33.49,163029,933051456.0,2.35,-0.88,-0.3,0.48
1389,2020-10-16,33.81,33.71,34.05,33.15,135545,773251664.0,2.66,-0.3,-0.1,0.4
1390,2020-10-19,34.06,33.19,34.13,33.08,147602,835397296.0,3.11,-1.54,-0.52,0.43
1391,2020-10-20,33.25,33.88,33.99,33.01,118809,678038560.0,2.95,2.08,0.69,0.35
1392,2020-10-21,33.93,34.36,34.98,33.69,156099,907523120.0,3.81,1.42,0.48,0.46
1393,2020-10-22,34.05,34.55,34.85,33.78,118433,688592720.0,3.11,0.55,0.19,0.35
1394,2020-10-23,34.5,33.77,34.92,33.36,132421,765521760.0,4.52,-2.26,-0.78,0.39
1395,2020-10-26,33.49,33.54,33.75,32.19,120841,679821680.0,4.62,-0.68,-0.23,0.35
1396,2020-10-27,34.83,36.31,36.61,34.55,340339,2054979936.0,6.14,8.26,2.77,1.0
1397,2020-10-28,36.63,37.16,37.52,36.21,235775,1471948592.0,3.61,2.34,0.85,0.69
1398,2020-10-29,36.67,36.86,37.27,36.4,149988,935895104.0,2.34,-0.81,-0.3,0.44
1399,2020-10-30,37.23,36.78,37.52,36.26,171961,1070666912.0,3.42,-0.22,-0.08,0.5
1400,2020-11-02,36.99,37.93,38.16,36.86,226640,1440849248.0,3.53,3.13,1.15,0.66
1401,2020-11-03,37.81,38.23,38.53,37.27,166501,1068681536.0,3.32,0.79,0.3,0.49
1402,2020-11-04,38.14,39.89,40.18,37.93,184065,1218481744.0,5.89,4.34,1.66,0.54
1403,2020-11-05,39.67,39.6,40.1,38.47,220225,1466828016.0,4.09,-0.73,-0.29,0.64
1404,2020-11-06,39.33,38.81,39.42,37.74,234232,1528757232.0,4.24,-1.99,-0.79,0.69
1405,2020-11-09,39.01,40.59,40.98,38.93,212977,1445739104.0,5.28,4.59,1.78,0.62
1406,2020-11-10,40.54,40.97,41.59,40.22,187691,1302895632.0,3.38,0.94,0.38,0.55
1407,2020-11-11,40.93,40.23,41.51,39.54,213370,1457292416.0,4.81,-1.81,-0.74,0.62
1408,2020-11-12,40.43,41.2,41.48,40.21,160367,1110751024.0,3.16,2.41,0.97,0.47
1409,2020-11-13,40.96,40.69,41.08,40.19,121805,837944640.0,2.16,-1.24,-0.51,0.36
1410,2020-11-16,41.19,40.84,41.29,40.25,123341,848182944.0,2.56,0.37,0.15,0.36
1411,2020-11-17,41.07,39.0,41.16,38.41,301766,2016282640.0,6.73,-4.51,-1.84,0.88
1412,2020-11-18,39.35,36.92,39.35,36.55,411769,2619041552.0,7.18,-5.33,-2.08,1.21
1413,2020-11-19,36.63,36.94,37.52,35.93,269582,1677880160.0,4.31,0.05,0.02,0.79
1414,2020-11-20,37.28,38.08,38.82,37.28,218299,1412283504.0,4.17,3.09,1.14,0.64
1415,2020-11-23,38.08,38.15,38.69,37.63,145504,939454048.0,2.78,0.18,0.07,0.43
1416,2020-11-24,37.81,37.59,38.1,36.75,185901,1174351920.0,3.54,-1.47,-0.56,0.54
1417,2020-11-25,37.5,36.66,37.59,36.39,155901,970691360.0,3.19,-2.47,-0.93,0.46
1418,2020-11-26,37.0,36.66,37.48,36.09,159826,993312000.0,3.79,0.0,0.0,0.47
1419,2020-11-27,36.63,36.99,37.49,36.4,100864,631109504.0,2.97,0.9,0.33,0.3
1420,2020-11-30,37.02,36.15,37.18,36.04,205025,1268933744.0,3.08,-2.27,-0.84,0.6
1421,2020-12-01,36.63,38.57,38.88,36.62,259125,1676759632.0,6.25,6.69,2.42,0.76
1422,2020-12-02,38.53,37.84,38.63,37.43,165055,1059473952.0,3.11,-1.89,-0.73,0.48
1423,2020-12-03,37.91,39.35,39.65,37.91,291220,1926498384.0,4.6,3.99,1.51,0.85
1424,2020-12-04,39.1,39.6,40.21,38.92,214599,1434832784.0,3.28,0.64,0.25,0.63
1425,2020-12-07,39.54,39.48,40.11,39.32,160383,1074767248.0,1.99,-0.3,-0.12,0.47
1426,2020-12-08,39.65,39.38,39.85,39.0,116687,777756960.0,2.15,-0.25,-0.1,0.34
1427,2020-12-09,39.38,39.0,40.45,38.97,145592,977352864.0,3.76,-0.96,-0.38,0.43
1428,2020-12-10,39.13,40.46,40.77,38.79,212406,1436749296.0,5.08,3.74,1.46,0.62
1429,2020-12-11,40.71,39.77,40.92,39.09,245798,1656191088.0,4.52,-1.71,-0.69,0.72
1430,2020-12-14,39.6,40.69,40.79,39.24,171055,1163043712.0,3.9,2.31,0.92,0.5
1431,2020-12-15,40.75,40.72,41.52,39.96,192776,1329070000.0,3.83,0.07,0.03,0.56
1432,2020-12-16,40.78,41.26,41.37,40.43,144305,1000362336.0,2.31,1.33,0.54,0.42
1433,2020-12-17,41.33,41.77,42.03,40.98,192375,1353051088.0,2.54,1.24,0.51,0.56
1434,2020-12-18,41.86,41.08,42.21,41.08,239077,1681337728.0,2.71,-1.65,-0.69,0.7
1435,2020-12-21,41.14,41.04,41.28,39.52,245168,1677118112.0,4.28,-0.1,-0.04,0.72
1436,2020-12-22,40.78,40.72,42.43,40.52,305456,2145273344.0,4.65,-0.78,-0.32,0.89
1437,2020-12-23,41.19,41.51,41.96,40.47,239337,1668982048.0,3.66,1.94,0.79,0.7
1438,2020-12-24,41.43,42.98,43.16,41.38,211552,1516903088.0,4.29,3.54,1.47,0.62
1439,2020-12-25,43.15,43.04,43.38,42.56,145304,1053748576.0,1.91,0.14,0.06,0.43
1440,2020-12-28,43.15,42.58,43.15,42.33,148503,1071844016.0,1.91,-1.07,-0.46,0.43
1441,2020-12-29,42.27,42.24,42.53,41.73,149094,1061931552.0,1.88,-0.8,-0.34,0.44
1442,2020-12-30,42.09,43.66,43.87,42.09,205050,1502240624.0,4.21,3.36,1.42,0.6
1443,2020-12-31,43.66,44.28,44.64,43.19,212388,1585707408.0,3.32,1.42,0.62,0.62
1444,2021-01-04,41.97,40.32,43.06,39.84,1609834,11149761536.0,7.27,-8.94,-3.96,4.71
1445,2021-01-05,39.9,40.82,41.6,39.9,819477,5674905856.0,4.22,1.24,0.5,2.4
1446,2021-01-06,40.81,42.26,43.25,40.37,544413,3894830336.0,7.06,3.53,1.44,1.59
1447,2021-01-07,42.04,45.77,46.41,41.97,604447,4529107200.0,10.51,8.31,3.51,1.77
1448,2021-01-08,45.83,44.9,46.24,42.98,554387,4157353888.0,7.12,-1.9,-0.87,1.62
1449,2021-01-11,44.04,42.6,44.34,41.98,450899,3293127104.0,5.26,-5.12,-2.3,1.32
1450,2021-01-12,42.24,42.87,43.15,40.79,407489,2909832208.0,5.54,0.63,0.27,1.19
1451,2021-01-13,43.3,42.33,44.04,41.89,269705,1950812864.0,5.02,-1.26,-0.54,0.79
1452,2021-01-14,41.79,42.2,43.07,41.74,281176,2018213856.0,3.14,-0.31,-0.13,0.82
1453,2021-01-15,41.67,42.39,42.56,41.23,238979,1691559600.0,3.15,0.45,0.19,0.7
1454,2021-01-18,42.21,42.45,43.04,41.72,187808,1345921504.0,3.11,0.14,0.06,0.55
1455,2021-01-19,42.44,41.73,42.56,41.14,297938,2099678592.0,3.35,-1.7,-0.72,0.87
1456,2021-01-20,41.79,44.58,44.58,41.52,511631,3782132880.0,7.33,6.83,2.85,1.49
1457,2021-01-21,44.23,44.64,45.23,44.05,283183,2141298864.0,2.65,0.13,0.06,0.82
1458,2021-01-22,44.39,47.73,47.91,44.39,415343,3273554112.0,7.89,6.92,3.09,1.21
1459,2021-01-25,47.38,48.36,49.49,47.36,321306,2630591024.0,4.46,1.32,0.63,0.94
1460,2021-01-26,47.91,47.25,48.86,47.2,263805,2132833520.0,3.43,-2.3,-1.11,0.77
1461,2021-01-27,47.35,48.72,49.39,46.67,281691,2296193184.0,5.76,3.11,1.47,0.82
1462,2021-01-28,47.66,46.67,48.3,46.53,252992,2022688288.0,3.63,-4.21,-2.05,0.74
1463,2021-01-29,47.43,46.56,47.9,46.15,228016,1807624912.0,3.75,-0.24,-0.11,0.66
1464,2021-02-01,46.67,46.84,47.41,45.53,253483,1993908832.0,4.04,0.6,0.28,0.74
1465,2021-02-02,47.31,47.49,48.44,47.01,259195,2084826720.0,3.05,1.39,0.65,0.75
1466,2021-02-03,47.31,46.84,48.03,46.3,252600,2009913648.0,3.64,-1.37,-0.65,0.74
1467,2021-02-04,46.15,46.45,47.09,45.89,225341,1768090480.0,2.56,-0.83,-0.39,0.66
1468,2021-02-05,47.02,48.61,49.32,46.46,371347,3020957424.0,6.16,4.65,2.16,1.08
1469,2021-02-08,48.68,50.87,50.87,47.56,286326,2384480992.0,6.81,4.65,2.26,0.83
1470,2021-02-09,50.59,50.36,51.75,49.69,329999,2817893760.0,4.05,-1.0,-0.51,0.96
1471,2021-02-10,50.74,53.9,54.58,49.57,345508,3067374464.0,9.95,7.03,3.54,1.01
1472,2021-02-18,54.79,52.09,54.85,51.99,289203,2591912656.0,5.31,-3.36,-1.81,0.84
1473,2021-02-19,52.12,52.59,53.09,50.04,254239,2223686704.0,5.86,0.96,0.5,0.74
1474,2021-02-22,52.42,48.68,52.51,48.5,368400,3095284528.0,7.63,-7.43,-3.91,1.07
1475,2021-02-23,47.91,48.13,49.61,47.21,261522,2133290720.0,4.93,-1.13,-0.55,0.76
1476,2021-02-24,47.64,44.22,47.96,43.39,541737,4146122144.0,9.5,-8.12,-3.91,1.58
1477,2021-02-25,44.67,45.4,46.42,43.99,376200,2883739104.0,5.5,2.67,1.18,1.1
1478,2021-02-26,44.04,42.73,44.75,41.95,421216,3068527680.0,6.17,-5.88,-2.67,1.23
1479,2021-03-01,42.87,41.05,43.45,39.81,647016,4483639296.0,8.52,-3.93,-1.68,1.88
1480,2021-03-02,41.74,40.35,42.18,39.65,527284,3639640256.0,6.16,-1.71,-0.7,1.54
1481,2021-03-03,39.92,40.68,40.76,39.49,296379,2015418768.0,3.15,0.82,0.33,0.86
1482,2021-03-04,40.19,37.69,40.19,37.4,540815,3511171040.0,6.86,-7.35,-2.99,1.57
1483,2021-03-05,36.7,37.1,37.85,36.56,444916,2799353344.0,3.42,-1.57,-0.59,1.3
1484,2021-03-08,37.57,33.64,37.64,33.57,669029,3974704304.0,10.97,-9.33,-3.46,1.95
1485,2021-03-09,33.31,32.01,33.96,31.92,667189,3713408992.0,6.06,-4.85,-1.63,1.94
1486,2021-03-10,33.18,33.78,34.95,32.78,696171,3991585776.0,6.78,5.53,1.77,2.03
1487,2021-03-11,33.78,35.87,36.76,33.53,610082,3685203104.0,9.56,6.19,2.09,1.78
1488,2021-03-12,36.32,36.52,36.61,35.16,428812,2616510272.0,4.04,1.81,0.65,1.25
1489,2021-03-15,36.0,34.25,36.03,33.72,482434,2815526224.0,6.33,-6.22,-2.27,1.4
1490,2021-03-16,34.83,34.66,35.02,33.05,404985,2342095904.0,5.75,1.2,0.41,1.18
1491,2021-03-17,34.4,34.31,35.15,33.75,387525,2255706016.0,4.04,-1.01,-0.35,1.13
1492,2021-03-18,34.67,35.59,35.72,34.31,391711,2333501136.0,4.11,3.73,1.28,1.14
1493,2021-03-19,34.55,33.64,34.8,33.08,464332,2663300176.0,4.83,-5.48,-1.95,1.35
1494,2021-03-22,33.88,33.75,34.24,33.3,255571,1458989712.0,2.79,0.33,0.11,0.74
1495,2021-03-23,33.76,34.32,34.6,33.6,271440,1564513184.0,2.96,1.69,0.57,0.79
1496,2021-03-24,33.99,35.27,35.96,33.99,412347,2468167280.0,5.74,2.77,0.95,1.2
1497,2021-03-25,34.73,35.67,36.16,34.23,281586,1687534208.0,5.47,1.13,0.4,0.82
1498,2021-03-26,36.15,36.66,36.92,35.56,370020,2283427424.0,3.81,2.78,0.99,1.08
1499,2021-03-29,36.09,35.47,36.21,34.61,426209,2561574320.0,4.36,-3.25,-1.19,1.24
1500,2021-03-30,35.44,35.9,37.22,35.08,381216,2336701616.0,6.03,1.21,0.43,1.11
1501,2021-03-31,35.56,34.99,35.69,34.79,284890,1693370480.0,2.51,-2.53,-0.91,0.83
1502,2021-04-01,35.14,37.22,37.31,35.1,366719,2259943184.0,6.32,6.37,2.23,1.07
1503,2021-04-02,37.29,38.12,38.46,36.87,330532,2117060672.0,4.27,2.42,0.9,0.96
1504,2021-04-06,38.41,37.2,38.76,36.88,293478,1855808912.0,4.93,-2.41,-0.92,0.85
1505,2021-04-07,37.01,35.9,37.13,35.61,343428,2100331904.0,4.09,-3.49,-1.3,1.0
1506,2021-04-08,35.5,36.21,36.49,35.44,255391,1557016560.0,2.92,0.86,0.31,0.74
1507,2021-04-09,36.27,36.21,36.98,35.63,224530,1373916080.0,3.73,0.0,0.0,0.65
1508,2021-04-12,35.97,34.27,36.21,33.78,412777,2421275776.0,6.71,-5.36,-1.94,1.2
1509,2021-04-13,34.25,35.23,36.08,34.22,358224,2143856432.0,5.43,2.8,0.96,1.04
1510,2021-04-14,35.29,35.86,36.45,35.29,205684,1249852128.0,3.29,1.79,0.63,0.6
1511,2021-04-15,35.52,35.29,36.0,34.76,172281,1029187936.0,3.46,-1.59,-0.57,0.5
1512,2021-04-16,35.92,35.08,36.21,34.55,189371,1131482976.0,4.7,-0.6,-0.21,0.55
1513,2021-04-19,34.88,36.19,36.32,34.61,260376,1581400736.0,4.87,3.16,1.11,0.76
1514,2021-04-20,35.97,36.59,37.22,35.5,353506,2177325408.0,4.75,1.11,0.4,1.03
1515,2021-04-21,36.09,37.46,37.69,35.77,342694,2134429216.0,5.25,2.38,0.87,1.0
1516,2021-04-22,37.81,37.61,37.89,36.4,336031,2111693328.0,3.98,0.4,0.15,0.98
1517,2021-04-23,39.0,41.75,43.55,38.93,807190,5610243840.0,12.28,11.01,4.14,2.35
1518,2021-04-26,41.97,41.63,43.02,41.54,494604,3531823728.0,3.54,-0.29,-0.12,1.44
1519,2021-04-27,41.64,43.74,43.89,41.09,444863,3232616000.0,6.73,5.07,2.11,1.3
1520,2021-04-28,43.36,44.55,44.94,43.16,336895,2523403552.0,4.07,1.85,0.81,0.98
1521,2021-04-29,44.34,44.2,44.94,43.28,254002,1897064880.0,3.73,-0.79,-0.35,0.74
1522,2021-04-30,43.96,44.04,44.76,43.95,186377,1396402768.0,1.83,-0.36,-0.16,0.54
1523,2021-05-06,43.76,42.79,44.09,42.12,307868,2238723344.0,4.47,-2.84,-1.25,0.9
1524,2021-05-07,43.45,40.95,43.61,40.95,276989,1967985088.0,6.22,-4.3,-1.84,0.81
1525,2021-05-10,41.38,41.08,42.43,40.43,244903,1710378112.0,4.88,0.32,0.13,0.71
1526,2021-05-11,40.9,42.43,42.69,39.74,308755,2175497904.0,7.18,3.29,1.35,0.9
1527,2021-05-12,42.5,44.18,44.61,41.85,304458,2227351328.0,6.5,4.12,1.75,0.89
1528,2021-05-13,43.45,44.34,44.46,42.68,251493,1862212176.0,4.03,0.36,0.16,0.73
1529,2021-05-14,44.27,44.18,45.35,43.47,250339,1881346896.0,4.24,-0.36,-0.16,0.73
1530,2021-05-17,44.34,46.06,46.66,44.34,246749,1913084000.0,5.25,4.26,1.88,0.72
1531,2021-05-18,45.83,46.07,46.53,45.36,182531,1418592672.0,2.54,0.02,0.01,0.53
1532,2021-05-19,45.83,46.26,46.53,45.31,152866,1186369104.0,2.65,0.41,0.19,0.45
1533,2021-05-20,45.73,45.92,46.41,45.46,187239,1453842416.0,2.05,-0.73,-0.34,0.55
1534,2021-05-21,46.12,47.13,47.37,45.41,245861,1940340864.0,4.27,2.64,1.21,0.72
1535,2021-05-24,47.17,46.82,47.45,45.42,192540,1513726752.0,4.31,-0.66,-0.31,0.56
1536,2021-05-25,46.76,48.79,49.07,46.7,274391,2242390304.0,5.06,4.21,1.97,0.8
1537,2021-05-26,48.57,48.2,48.92,47.91,162730,1329148736.0,2.07,-1.21,-0.59,0.47
1538,2021-05-27,48.05,49.69,50.27,47.81,228025,1912087792.0,5.1,3.09,1.49,0.66
1539,2021-05-28,49.81,49.62,51.08,49.09,229214,1943481664.0,4.0,-0.14,-0.07,0.67
1540,2021-05-31,49.39,49.6,50.09,48.59,187470,1561797888.0,3.02,-0.04,-0.02,0.55
1541,2021-06-01,49.57,50.88,51.22,49.14,217298,1850769408.0,4.19,2.58,1.28,0.63
1542,2021-06-02,50.87,50.34,50.87,49.81,202335,1723565328.0,2.08,-1.06,-0.54,0.59
1543,2021-06-03,50.01,50.58,51.26,49.15,176678,1508694096.0,4.19,0.48,0.24,0.51
1544,2021-06-04,50.28,50.41,51.17,49.8,139189,1187209360.0,2.71,-0.34,-0.17,0.41
1545,2021-06-07,50.16,49.63,50.27,48.15,265637,2208788896.0,4.21,-1.55,-0.78,0.77
1546,2021-06-08,49.63,49.63,50.99,48.44,242355,2043137424.0,5.14,0.0,0.0,0.71
1547,2021-06-09,49.1,50.79,51.31,49.1,247485,2122109248.0,4.45,2.34,1.16,0.72
1548,2021-06-10,51.05,51.47,52.36,51.03,194782,1703354880.0,2.62,1.34,0.68,0.57
1549,2021-06-11,51.73,50.81,51.94,50.33,169196,1452741968.0,3.13,-1.28,-0.66,0.49
1550,2021-06-15,50.8,50.22,51.14,49.48,151881,1289727568.0,3.27,-1.16,-0.59,0.44
1551,2021-06-16,50.28,47.95,50.88,47.91,264632,2184286096.0,5.91,-4.52,-2.27,0.77
1552,2021-06-17,47.85,48.78,49.84,47.37,234241,1927655488.0,5.15,1.73,0.83,0.68
1553,2021-06-18,49.77,49.69,50.49,48.57,184626,1544814944.0,3.94,1.87,0.91,0.54
1554,2021-06-21,48.83,49.0,49.85,48.21,180037,1487690400.0,3.3,-1.39,-0.69,0.52
1555,2021-06-22,48.92,51.65,52.06,48.14,290372,2484982832.0,8.0,5.41,2.65,0.85
1556,2021-06-23,51.47,50.77,51.78,50.39,238234,2057592304.0,2.69,-1.7,-0.88,0.69
1557,2021-06-24,51.09,49.84,51.09,49.17,301391,1950460288.0,3.78,-1.83,-0.93,0.68
1558,2021-06-25,50.14,51.93,52.63,49.87,344609,2317786032.0,5.54,4.19,2.09,0.77
1559,2021-06-28,52.46,53.71,54.3,51.7,400265,2784133488.0,5.01,3.43,1.78,0.9
1560,2021-06-29,53.93,53.22,54.31,52.35,269061,1857812672.0,3.65,-0.91,-0.49,0.6
1561,2021-06-30,53.4,54.54,55.1,53.03,275538,1951910064.0,3.89,2.48,1.32,0.62
1562,2021-07-01,54.56,54.77,55.54,53.84,273005,1948561888.0,3.12,0.42,0.23,0.61
1563,2021-07-02,54.79,52.46,54.79,52.43,343785,2377532672.0,4.31,-4.22,-2.31,0.77
1564,2021-07-05,52.69,52.76,53.94,51.86,288499,1998781040.0,3.96,0.57,0.3,0.65
1565,2021-07-06,52.87,48.72,53.13,46.94,741288,4746692096.0,11.73,-7.66,-4.04,1.66
1566,2021-07-07,49.12,51.65,52.43,48.2,494824,3297042384.0,8.68,6.01,2.93,1.11
1567,2021-07-08,52.36,49.85,52.52,49.71,372258,2444515712.0,5.44,-3.48,-1.8,0.84
1568,2021-07-09,49.83,49.04,50.48,46.56,423587,2660278768.0,7.86,-1.62,-0.81,0.95
1569,2021-07-12,49.35,50.71,51.16,47.93,361729,2366296768.0,6.59,3.41,1.67,0.81
1570,2021-07-13,50.71,50.94,52.33,50.32,227436,1511715328.0,3.96,0.45,0.23,0.51
1571,2021-07-14,50.56,51.22,52.21,49.94,303846,2032698064.0,4.46,0.55,0.28,0.68
1572,2021-07-15,50.86,51.49,51.86,50.46,238779,1588840368.0,2.73,0.53,0.27,0.54
1573,2021-07-16,50.83,50.02,51.3,49.63,252102,1645391600.0,3.24,-2.85,-1.47,0.57
1574,2021-07-19,49.93,51.04,51.25,49.21,266212,1751180336.0,4.08,2.04,1.02,0.6
1575,2021-07-20,50.46,51.0,51.38,50.32,198793,1315923360.0,2.08,-0.08,-0.04,0.45
1576,2021-07-21,50.86,51.73,52.0,50.52,233165,1560894080.0,2.9,1.43,0.73,0.52
1577,2021-07-22,52.26,50.32,52.58,49.95,313520,2069598720.0,5.08,-2.73,-1.41,0.7
1578,2021-07-23,49.94,48.7,50.09,48.4,318658,2029563680.0,3.36,-3.22,-1.62,0.71
1579,2021-07-26,46.85,43.63,46.85,41.86,1016036,5829367552.0,10.25,-10.41,-5.07,2.28
1580,2021-07-27,43.89,42.41,44.11,41.8,614417,3442202576.0,5.29,-2.8,-1.22,1.38
1581,2021-07-28,41.88,44.17,44.61,40.92,575286,3224220688.0,8.7,4.15,1.76,1.29
1582,2021-07-29,45.48,46.87,47.61,45.32,557474,3394273168.0,5.18,6.11,2.7,1.25
1583,2021-07-30,46.17,45.09,46.17,44.1,382919,2247752656.0,4.42,-3.8,-1.78,0.86
1584,2021-08-02,43.78,44.36,44.76,41.09,622861,3477115184.0,8.14,-1.62,-0.73,1.4
1585,2021-08-03,43.8,45.53,45.9,43.32,429957,2515301904.0,5.82,2.64,1.17,0.96
1586,2021-08-04,44.71,44.58,45.49,43.81,344401,2003068080.0,3.69,-2.09,-0.95,0.77
1587,2021-08-05,43.9,43.4,44.7,43.17,363150,2070948640.0,3.43,-2.65,-1.18,0.81
1588,2021-08-06,43.38,43.09,44.14,42.67,260823,1467433200.0,3.39,-0.71,-0.31,0.58
1589,2021-08-09,43.09,43.84,44.98,42.95,278973,1594963152.0,4.71,1.74,0.75,0.63
1590,2021-08-10,43.83,44.33,44.54,42.13,438718,2473258944.0,5.5,1.12,0.49,0.98
1591,2021-08-11,44.36,42.66,44.81,42.35,386044,2169978960.0,5.55,-3.77,-1.67,0.87
1592,2021-08-12,42.21,42.07,43.01,41.97,251429,1385276784.0,2.44,-1.38,-0.59,0.56
1593,2021-08-13,42.04,40.66,42.47,40.13,555853,2965762544.0,5.56,-3.35,-1.41,1.25
1594,2021-08-16,40.83,41.24,41.64,40.4,282667,1513794368.0,3.05,1.43,0.58,0.63
1595,2021-08-17,40.92,39.93,41.7,39.93,427430,2269459504.0,4.29,-3.18,-1.31,0.96
1596,2021-08-18,40.23,38.93,40.68,38.47,534034,2730446032.0,5.53,-2.5,-1.0,1.2
1597,2021-08-19,39.72,38.45,39.84,38.13,434583,2190270576.0,4.39,-1.23,-0.48,0.97
1598,2021-08-20,38.01,35.89,38.01,35.53,771707,3648740768.0,6.45,-6.66,-2.56,1.73
1599,2021-08-23,36.47,35.58,36.49,35.05,563879,2616442224.0,4.01,-0.86,-0.31,1.26
1600,2021-08-24,35.93,38.05,38.55,35.7,747911,3633692784.0,8.01,6.94,2.47,1.68
1601,2021-08-25,38.3,39.13,39.56,38.21,656246,3334674384.0,3.55,2.84,1.08,1.47
1602,2021-08-26,39.36,37.4,39.39,37.1,454469,2231505104.0,5.85,-4.42,-1.73,1.02
1603,2021-08-27,36.82,36.12,38.01,35.87,629428,3005315536.0,5.72,-3.42,-1.28,1.41
1604,2021-08-30,36.1,35.32,36.16,34.16,802764,3631460384.0,5.54,-2.21,-0.8,1.8
1605,2021-08-31,35.32,32.39,35.38,32.14,922933,3957430320.0,9.17,-8.3,-2.93,2.07
1606,2021-09-01,32.27,32.85,33.24,30.97,800111,3361463472.0,7.01,1.42,0.46,1.79
1607,2021-09-02,32.55,31.36,33.12,31.3,605324,2512042864.0,5.54,-4.54,-1.49,1.36
1608,2021-09-03,31.51,31.56,32.21,30.6,453279,1868659984.0,5.13,0.64,0.2,1.02
1609,2021-09-06,31.59,34.47,35.14,30.83,1001591,4416174848.0,13.66,9.22,2.91,2.25
1610,2021-09-07,34.53,34.55,34.81,33.52,593299,2643443472.0,3.74,0.23,0.08,1.33
1611,2021-09-08,34.56,34.4,34.81,33.85,387206,1733608656.0,2.78,-0.43,-0.15,0.87
1612,2021-09-09,34.47,34.68,35.32,34.26,398344,1798149280.0,3.08,0.81,0.28,0.89
1613,2021-09-10,34.69,34.48,35.16,34.01,333716,1502020128.0,3.32,-0.58,-0.2,0.75
1614,2021-09-13,34.68,35.16,36.17,34.56,479301,2216676128.0,4.67,1.97,0.68,1.07
1615,2021-09-14,34.94,36.01,36.62,34.9,499196,2345947360.0,4.89,2.42,0.85,1.12
1616,2021-09-15,36.01,35.18,36.13,34.9,352345,1623931904.0,3.42,-2.3,-0.83,0.79
1617,2021-09-16,34.78,37.39,38.44,34.44,797594,3807315792.0,11.37,6.28,2.21,1.79
1618,2021-09-17,37.32,39.98,41.08,36.55,857264,4396295680.0,12.12,6.93,2.59,1.92
1619,2021-09-22,39.16,41.1,42.15,39.0,542538,2875264640.0,7.88,2.8,1.12,1.22
1620,2021-09-23,41.12,40.2,41.42,39.68,495619,2600764816.0,4.23,-2.19,-0.9,1.11
1621,2021-09-24,39.75,39.84,40.86,39.52,323535,1688621312.0,3.33,-0.9,-0.36,0.73
1622,2021-09-27,40.09,41.91,42.47,40.08,680409,3684618624.0,6.0,5.2,2.07,1.53
1623,2021-09-28,41.47,41.23,42.2,40.71,333290,1795636432.0,3.56,-1.62,-0.68,0.75
1624,2021-09-29,40.87,40.42,41.17,39.51,378241,1988981280.0,4.03,-1.96,-0.81,0.85
1625,2021-09-30,40.38,41.01,41.38,40.22,283690,1509329792.0,2.87,1.46,0.59,0.64
1626,2021-10-08,41.37,40.84,41.97,40.5,331244,1777515600.0,3.58,-0.41,-0.17,0.74
1627,2021-10-11,41.01,39.5,41.17,39.24,398792,2074457728.0,4.73,-3.28,-1.34,0.89
1628,2021-10-12,39.16,39.47,40.12,38.86,327993,1689203648.0,3.19,-0.08,-0.03,0.74
1629,2021-10-13,39.07,40.3,40.69,38.99,245053,1276261744.0,4.31,2.1,0.83,0.55
1630,2021-10-14,40.23,36.86,40.53,36.78,693239,3418387088.0,9.31,-8.54,-3.44,1.55
1631,2021-10-15,36.09,36.18,36.9,35.62,534452,2510748608.0,3.47,-1.84,-0.68,1.2
1632,2021-10-18,36.29,36.29,36.75,35.51,331890,1561475488.0,3.43,0.3,0.11,0.74
1633,2021-10-19,36.12,36.22,36.74,35.96,272026,1285540240.0,2.15,-0.19,-0.07,0.61
1634,2021-10-20,36.51,35.94,36.65,34.68,473203,2188170656.0,5.44,-0.77,-0.28,1.06
1635,2021-10-21,35.82,35.76,36.45,35.49,229226,1072746144.0,2.67,-0.5,-0.18,0.51
1636,2021-10-22,35.85,35.85,36.26,35.58,223533,1047037328.0,1.9,0.25,0.09,0.5
1637,2021-10-25,35.7,36.33,36.62,35.56,313926,1485460896.0,2.96,1.34,0.48,0.7
1638,2021-10-26,34.86,37.0,37.95,34.55,627433,3003638464.0,9.36,1.84,0.67,1.41
1639,2021-10-27,37.0,35.36,37.0,34.85,500513,2317467360.0,5.81,-4.43,-1.64,1.12
1640,2021-10-28,35.34,35.13,35.83,34.63,264436,1211680976.0,3.39,-0.65,-0.23,0.59
1641,2021-10-29,35.05,37.26,37.7,34.85,555967,2661205248.0,8.11,6.06,2.13,1.25
1642,2021-11-01,36.93,35.39,37.11,35.12,518637,2406339168.0,5.34,-5.02,-1.87,1.16
1643,2021-11-02,35.01,35.7,35.97,34.87,348263,1610726208.0,3.11,0.88,0.31,0.78
1644,2021-11-03,35.51,36.44,37.01,35.39,342279,1621588240.0,4.54,2.07,0.74,0.77
1645,2021-11-04,36.51,36.51,36.85,35.85,240397,1139496416.0,2.74,0.19,0.07,0.54
1646,2021-11-05,36.47,37.23,37.86,36.13,352865,1707695264.0,4.74,1.97,0.72,0.79
1647,2021-11-08,37.09,36.62,37.57,36.59,232000,1116281312.0,2.63,-1.64,-0.61,0.52
1648,2021-11-09,36.62,37.03,37.51,35.48,300737,1431653424.0,5.54,1.12,0.41,0.67
1649,2021-11-10,36.75,35.89,36.99,35.58,284542,1336795824.0,3.81,-3.08,-1.14,0.64
1650,2021-11-11,35.72,37.02,37.12,35.34,317172,1512864160.0,4.96,3.15,1.13,0.71
1651,2021-11-12,37.02,36.54,37.22,36.31,178169,850052128.0,2.46,-1.3,-0.48,0.4
1652,2021-11-15,36.58,37.12,37.15,36.39,201655,967917920.0,2.08,1.59,0.58,0.45
1653,2021-11-16,37.15,38.47,38.78,37.12,497178,2485849264.0,4.47,3.64,1.35,1.12
1654,2021-11-17,38.36,37.96,39.16,37.78,280333,1392895232.0,3.59,-1.33,-0.51,0.63
1655,2021-11-18,37.58,36.62,37.68,36.43,329544,1576856992.0,3.29,-3.53,-1.34,0.74
1656,2021-11-19,36.24,36.29,36.62,35.99,241010,1136836592.0,1.72,-0.9,-0.33,0.54
1657,2021-11-22,36.32,36.15,36.45,35.71,237246,1114824016.0,2.04,-0.39,-0.14,0.53
1658,2021-11-23,35.86,35.98,36.47,35.86,168386,791437424.0,1.69,-0.47,-0.17,0.38
1659,2021-11-24,35.93,36.43,36.7,35.4,279627,1313837856.0,3.61,1.25,0.45,0.63
1660,2021-11-25,36.45,36.23,36.89,36.09,204532,971647680.0,2.2,-0.55,-0.2,0.46
1661,2021-11-26,36.13,35.4,36.22,35.32,280198,1300093392.0,2.48,-2.29,-0.83,0.63
1662,2021-11-29,34.95,33.37,35.39,32.91,609375,2689373840.0,7.01,-5.73,-2.03,1.37
1663,2021-11-30,33.31,32.76,33.49,32.44,397469,1700031952.0,3.15,-1.83,-0.61,0.89
1664,2021-12-01,32.62,32.35,32.79,32.05,316807,1331751888.0,2.26,-1.25,-0.41,0.71
1665,2021-12-02,32.31,31.82,32.81,31.74,389324,1631668720.0,3.31,-1.64,-0.53,0.87
1666,2021-12-03,31.85,32.35,32.39,31.71,321379,1341817088.0,2.14,1.67,0.53,0.72
1667,2021-12-06,32.43,32.64,32.91,32.16,292530,1244680448.0,2.32,0.9,0.29,0.66
1668,2021-12-07,32.85,33.0,33.0,32.27,279727,1196386944.0,2.24,1.1,0.36,0.63
1669,2021-12-08,32.86,33.11,33.23,32.55,253974,1089871360.0,2.06,0.33,0.11,0.57
1670,2021-12-09,33.16,35.1,35.44,33.08,758665,3430159792.0,7.13,6.01,1.99,1.7
1671,2021-12-10,34.64,34.05,35.05,33.74,561048,2501048576.0,3.73,-2.99,-1.05,1.26
1672,2021-12-13,33.87,34.32,35.16,33.84,356322,1600213840.0,3.88,0.79,0.27,0.8
1673,2021-12-14,33.91,33.84,34.45,33.64,250056,1105039056.0,2.36,-1.4,-0.48,0.56
1674,2021-12-15,33.63,32.83,33.94,32.78,320115,1386437104.0,3.43,-2.98,-1.01,0.72
1675,2021-12-16,32.76,33.39,33.77,32.74,241627,1050462224.0,3.14,1.71,0.56,0.54
1676,2021-12-17,33.38,32.88,33.51,32.7,249411,1071260704.0,2.43,-1.53,-0.51,0.56
1677,2021-12-20,32.71,32.39,33.01,32.24,237165,1003153152.0,2.34,-1.49,-0.49,0.53
1678,2021-12-21,32.35,33.1,33.35,32.17,219118,942724576.0,3.64,2.19,0.71,0.49
1679,2021-12-22,32.94,33.06,33.49,32.94,131686,568723616.0,1.66,-0.12,-0.04,0.3
1680,2021-12-23,33.16,32.78,33.31,32.7,163911,703790656.0,1.85,-0.85,-0.28,0.37
1681,2021-12-24,32.91,33.14,33.35,32.47,213059,914830512.0,2.68,1.1,0.36,0.48
1682,2021-12-27,33.28,33.77,33.78,33.15,260436,1137845312.0,1.9,1.9,0.63,0.58
1683,2021-12-28,33.68,33.47,33.97,33.26,202488,883892896.0,2.1,-0.89,-0.3,0.45
1684,2021-12-29,33.47,33.38,34.08,33.26,243319,1064666608.0,2.45,-0.27,-0.09,0.55
1685,2021-12-30,33.18,33.51,34.05,32.54,342528,1484330608.0,4.52,0.39,0.13,0.77
1686,2021-12-31,33.49,32.45,33.56,32.27,442958,1884808592.0,3.85,-3.16,-1.06,0.99
1687,2022-01-04,32.36,32.4,32.41,31.9,260010,1089324400.0,1.57,-0.15,-0.05,0.58
1688,2022-01-05,32.31,31.88,32.53,31.71,271472,1128935968.0,2.53,-1.6,-0.52,0.61
1689,2022-01-06,31.71,29.77,31.95,29.45,770576,3027014128.0,7.84,-6.62,-2.11,1.73
1690,2022-01-07,29.9,29.72,30.52,29.7,413506,1617924432.0,2.75,-0.17,-0.05,0.93
1691,2022-01-10,28.83,28.61,29.31,27.93,771470,2881435776.0,4.64,-3.73,-1.11,1.73
1692,2022-01-11,28.36,27.83,28.6,27.77,582595,2131550544.0,2.9,-2.73,-0.78,1.31
1693,2022-01-12,27.72,28.24,28.72,27.72,535741,1976668288.0,3.59,1.47,0.41,1.2
1694,2022-01-13,28.43,27.69,28.94,27.62,645748,2370137440.0,4.67,-1.95,-0.55,1.45
1695,2022-01-14,27.46,27.19,27.96,27.08,583790,2087784160.0,3.18,-1.81,-0.5,1.31
1696,2022-01-17,27.06,27.26,27.43,26.92,475925,1684577344.0,1.88,0.26,0.07,1.07
1697,2022-01-18,27.28,27.66,28.22,26.76,553858,1998226400.0,5.36,1.47,0.4,1.24
1698,2022-01-19,27.46,27.2,27.67,27.12,314377,1119214560.0,1.99,-1.66,-0.46,0.71
1699,2022-01-20,27.08,26.89,27.45,26.85,326231,1153809168.0,2.21,-1.14,-0.31,0.73
1700,2022-01-21,26.69,26.24,26.99,25.93,559028,1914991296.0,3.94,-2.42,-0.65,1.25
1701,2022-01-24,26.08,26.43,26.67,26.02,290015,996499584.0,2.48,0.72,0.19,0.65
1702,2022-01-25,26.22,25.89,26.58,25.79,282276,962616016.0,2.99,-2.04,-0.54,0.63
1703,2022-01-26,26.06,25.56,26.19,25.14,317433,1059173152.0,4.06,-1.27,-0.33,0.71
1704,2022-01-27,25.31,24.72,25.62,24.69,333697,1091319312.0,3.64,-3.29,-0.84,0.75
1705,2022-01-28,24.97,24.75,25.3,24.69,291588,950252928.0,2.47,0.12,0.03,0.65
1706,2022-02-07,25.08,24.62,25.25,24.52,272810,882746464.0,2.95,-0.53,-0.13,0.61
1707,2022-02-08,24.46,25.18,25.42,24.22,388070,1254437792.0,4.87,2.27,0.56,0.87
1708,2022-02-09,25.18,25.69,25.8,24.95,409919,1360555808.0,3.38,2.03,0.51,0.92
1709,2022-02-10,25.7,25.76,26.18,25.53,327570,1102127456.0,2.53,0.27,0.07,0.73
1710,2022-02-11,25.54,24.85,25.69,24.69,319938,1047659728.0,3.88,-3.53,-0.91,0.72
1711,2022-02-14,24.62,25.62,25.76,24.55,343645,1135623776.0,4.87,3.1,0.77,0.77
1712,2022-02-15,25.62,27.0,27.13,25.36,774475,2697350336.0,6.91,5.39,1.38,1.74
1713,2022-02-16,27.08,26.81,27.24,26.75,337772,1185540560.0,1.81,-0.7,-0.19,0.76
1714,2022-02-17,26.77,26.85,26.98,26.6,249305,871109520.0,1.42,0.15,0.04,0.56
1715,2022-02-18,26.67,26.89,26.96,26.5,180691,630237888.0,1.71,0.15,0.04,0.41
1716,2022-02-21,26.87,26.47,26.96,26.36,267288,924657264.0,2.23,-1.56,-0.42,0.6
1717,2022-02-22,26.26,26.12,26.27,25.79,265351,900886576.0,1.81,-1.32,-0.35,0.6
1718,2022-02-23,26.32,26.49,26.54,26.02,257667,883597552.0,1.99,1.42,0.37,0.58
1719,2022-02-24,26.37,25.66,26.42,25.32,388013,1306881616.0,4.15,-3.13,-0.83,0.87
1720,2022-02-25,25.73,27.14,27.54,25.73,668722,2357215280.0,7.05,5.77,1.48,1.5
1721,2022-02-28,26.93,27.82,28.0,26.89,638251,2304686192.0,4.09,2.51,0.68,1.43
1722,2022-03-01,27.66,27.86,28.06,27.53,301532,1093338576.0,1.91,0.14,0.04,0.68
1723,2022-03-02,27.66,27.28,27.73,27.16,244703,872294512.0,2.05,-2.08,-0.58,0.55
1724,2022-03-03,27.53,27.01,27.56,26.93,230805,814982304.0,2.31,-0.99,-0.27,0.52
1725,2022-03-04,26.79,26.83,27.16,26.55,245664,859324752.0,2.26,-0.67,-0.18,0.55
1726,2022-03-07,26.54,25.04,26.56,24.59,534607,1753934640.0,7.34,-6.67,-1.79,1.2
1727,2022-03-08,25.1,25.32,25.96,24.85,403054,1336154256.0,4.43,1.12,0.28,0.9
1728,2022-03-09,25.06,24.2,25.62,23.28,506826,1609404144.0,9.24,-4.42,-1.12,1.14
1729,2022-03-10,24.92,24.57,25.46,24.54,371753,1209769280.0,3.8,1.53,0.37,0.83
1730,2022-03-11,24.24,24.92,24.96,23.81,316489,1005762528.0,4.68,1.42,0.35,0.71
1731,2022-03-14,24.44,23.32,24.69,23.08,518121,1604983232.0,6.46,-6.42,-1.6,1.16
1732,2022-03-15,23.0,20.64,23.54,19.17,1815844,4931295232.0,18.74,-11.49,-2.68,4.07
1733,2022-03-16,20.57,20.9,20.98,19.37,1626294,4258575568.0,7.8,1.26,0.26,3.65
1734,2022-03-17,21.46,22.58,23.34,21.46,1401702,4117395024.0,9.0,8.04,1.68,3.14
1735,2022-03-18,22.24,21.93,22.38,21.39,782520,2224790592.0,4.38,-2.88,-0.65,1.76
1736,2022-03-21,22.1,21.84,22.15,21.54,400048,1139905840.0,2.78,-0.41,-0.09,0.9
1737,2022-03-22,21.61,21.48,21.95,21.42,327753,922950256.0,2.43,-1.65,-0.36,0.74
1738,2022-03-23,21.68,22.79,22.96,21.49,712582,2088380752.0,6.84,6.1,1.31,1.6
1739,2022-03-24,22.51,23.39,23.77,22.36,734352,2216692176.0,6.19,2.63,0.6,1.65
1740,2022-03-25,23.39,22.74,23.94,22.61,556808,1679744096.0,5.69,-2.78,-0.65,1.25
1741,2022-03-28,22.28,22.3,22.75,22.1,319223,932866688.0,2.86,-1.93,-0.44,0.72
1742,2022-03-29,22.73,22.07,22.74,21.97,273809,791764512.0,3.45,-1.03,-0.23,0.61
1743,2022-03-30,22.27,24.35,24.42,21.88,920891,2827125120.0,11.51,10.33,2.28,2.07
1744,2022-03-31,23.87,24.19,24.82,23.78,799326,2532047360.0,4.27,-0.66,-0.16,1.79
1745,2022-04-01,23.92,24.61,25.12,23.33,641484,2053731792.0,7.4,1.74,0.42,1.44
1746,2022-04-06,24.5,24.31,24.77,24.09,404886,1288182448.0,2.76,-1.22,-0.3,0.91
1747,2022-04-07,24.2,24.35,25.0,24.12,340434,1089532672.0,3.62,0.16,0.04,0.76
1748,2022-04-08,24.39,24.65,25.02,23.97,475896,1527013664.0,4.31,1.23,0.3,1.07
1749,2022-04-11,24.21,23.96,24.99,23.86,459196,1454092400.0,4.58,-2.8,-0.69,1.03
1750,2022-04-12,23.77,25.25,25.39,23.69,548711,1764857232.0,7.1,5.38,1.29,1.23
1751,2022-04-13,25.16,25.69,26.17,25.05,598765,2017914064.0,4.44,1.74,0.44,1.34
1752,2022-04-14,26.05,26.9,27.53,26.05,673502,2368585008.0,5.76,4.71,1.21,1.51
1753,2022-04-15,26.41,26.5,27.15,26.11,403534,1400776912.0,3.87,-1.49,-0.4,0.91
1754,2022-04-18,26.34,25.76,26.53,25.39,370038,1248981664.0,4.3,-2.79,-0.74,0.83
1755,2022-04-19,25.56,25.36,26.12,24.99,278631,918887408.0,4.39,-1.55,-0.4,0.62
1756,2022-04-20,25.36,25.83,26.5,25.31,404034,1367162752.0,4.69,1.85,0.47,0.91
1757,2022-04-21,25.54,24.82,26.16,24.54,373395,1224417840.0,6.27,-3.91,-1.01,0.84
1758,2022-04-22,24.46,26.42,26.69,24.32,451871,1514756896.0,9.55,6.45,1.6,1.01
1759,2022-04-25,25.92,25.76,26.73,25.67,511146,1741204352.0,4.01,-2.5,-0.66,1.15
1760,2022-04-26,26.23,27.39,28.0,26.06,741580,2634380672.0,7.53,6.33,1.63,1.66
1761,2022-04-27,26.96,27.95,28.1,26.48,621155,2215458960.0,5.91,2.04,0.56,1.39
1762,2022-04-28,27.62,27.09,27.66,26.83,465146,1643504192.0,2.97,-3.08,-0.86,1.04
1763,2022-04-29,27.09,27.56,28.0,26.59,502988,1800885488.0,5.2,1.73,0.47,1.13
1764,2022-05-05,27.39,27.53,28.06,26.99,301262,1081007424.0,3.88,-0.11,-0.03,0.68
1765,2022-05-06,27.01,27.76,28.04,26.89,436313,1568010128.0,4.18,0.84,0.23,0.98
1766,2022-05-09,27.53,24.78,27.93,24.52,719737,2435927952.0,12.28,-10.73,-2.98,1.61
1767,2022-05-10,24.04,25.94,26.51,24.0,545892,1825528208.0,10.13,4.68,1.16,1.22
1768,2022-05-11,26.08,25.67,26.36,25.56,439330,1486432480.0,3.08,-1.04,-0.27,0.99
1769,2022-05-12,26.02,27.02,27.15,25.62,499336,1736367184.0,5.96,5.26,1.35,1.12
1770,2022-05-13,27.02,27.19,27.27,26.62,281046,987337024.0,2.41,0.63,0.17,0.63
1771,2022-05-16,27.19,26.5,27.39,26.22,283445,984606384.0,4.3,-2.54,-0.69,0.64
1772,2022-05-17,26.51,26.85,27.04,26.31,206899,721690416.0,2.75,1.32,0.35,0.46
1773,2022-05-18,26.84,26.34,27.07,26.32,212700,738163056.0,2.79,-1.9,-0.51,0.48
1774,2022-05-19,25.96,26.29,26.59,25.45,248600,843841616.0,4.33,-0.19,-0.05,0.56
1775,2022-05-20,26.46,26.94,27.53,26.46,300998,1064072768.0,4.07,2.47,0.65,0.68
1776,2022-05-23,26.94,26.63,27.15,26.47,182739,635397936.0,2.52,-1.15,-0.31,0.41
1777,2022-05-24,26.63,25.93,26.71,25.87,241897,824782464.0,3.15,-2.63,-0.7,0.54
1778,2022-05-25,25.96,26.16,26.8,25.96,196424,674811200.0,3.24,0.89,0.23,0.44
1779,2022-05-26,26.09,26.3,26.58,25.81,177696,606986432.0,2.94,0.54,0.14,0.4
1780,2022-05-27,26.53,25.8,26.79,25.46,344885,1167168592.0,5.06,-1.9,-0.5,0.77
1781,2022-05-30,25.7,26.92,27.06,25.56,392474,1362701520.0,5.81,4.34,1.12,0.88
1782,2022-05-31,26.85,28.51,28.62,26.59,555859,2019722800.0,7.54,5.91,1.59,1.25
1783,2022-06-01,28.47,28.08,28.5,27.8,301549,1105051424.0,2.46,-1.51,-0.43,0.68
1784,2022-06-02,28.06,26.94,28.08,26.77,440256,1552857232.0,4.67,-4.06,-1.14,0.99
1785,2022-06-06,26.83,27.41,27.7,26.62,360790,1282096224.0,4.01,1.74,0.47,0.81
1786,2022-06-07,27.42,27.57,28.0,27.18,283082,1019300144.0,2.99,0.58,0.16,0.64
1787,2022-06-08,27.43,28.76,29.12,27.39,581645,2168831088.0,6.27,4.32,1.19,1.3
1788,2022-06-09,28.76,28.13,29.05,28.0,290517,1074308464.0,3.65,-2.19,-0.63,0.65
1789,2022-06-10,28.0,28.46,28.46,27.86,268321,985753424.0,2.13,1.17,0.33,0.6
1790,2022-06-13,28.05,28.29,28.73,27.63,298201,1094466592.0,3.87,-0.6,-0.17,0.67
1791,2022-06-14,27.93,28.26,28.53,27.67,230705,844255824.0,3.04,-0.11,-0.03,0.52
1792,2022-06-15,28.35,28.85,29.45,28.34,374408,1410635392.0,3.93,2.09,0.59,0.84
1793,2022-06-16,28.83,29.12,29.6,28.78,303448,1156505600.0,2.84,0.94,0.27,0.68
1794,2022-06-17,28.85,30.7,31.07,28.66,610870,2392646160.0,8.28,5.43,1.58,1.37
1795,2022-06-20,31.37,31.44,32.24,30.93,550498,2262335744.0,4.27,2.41,0.74,1.24
1796,2022-06-21,31.29,31.29,31.57,30.75,329807,1339710096.0,2.61,-0.48,-0.15,0.74
1797,2022-06-22,31.42,31.54,32.16,31.0,352568,1449654192.0,3.71,0.8,0.25,0.79
1798,2022-06-23,31.45,31.51,31.71,30.7,299189,1217545280.0,3.2,-0.1,-0.03,0.67
1799,2022-06-24,31.5,32.13,32.29,30.77,477383,1972923504.0,4.82,1.97,0.62,1.07
1800,2022-06-27,32.12,31.97,32.58,31.74,272877,1140355872.0,2.61,-0.5,-0.16,0.61
1801,2022-06-28,31.77,31.77,31.97,31.24,265154,1089626656.0,2.28,-0.63,-0.2,0.59
1802,2022-06-29,31.77,31.85,32.83,31.61,335647,1416223504.0,3.84,0.25,0.08,0.75
1803,2022-06-30,31.87,34.37,34.55,31.87,596148,2627242000.0,8.41,7.91,2.52,1.34
1804,2022-07-01,34.36,33.51,34.36,33.02,341612,1491817040.0,3.9,-2.5,-0.86,0.77
1805,2022-07-04,33.51,34.28,34.51,32.84,340750,1508942784.0,4.98,2.3,0.77,0.76
1806,2022-07-05,34.55,34.28,35.17,33.85,308664,1378046496.0,3.85,0.0,0.0,0.69
1807,2022-07-06,34.62,33.38,34.73,33.1,389578,1714894416.0,4.75,-2.63,-0.9,0.87
1808,2022-07-07,33.5,32.63,33.82,32.08,303673,1295898320.0,5.21,-2.25,-0.75,0.68
1809,2022-07-08,32.96,33.19,33.95,32.83,228318,989102079.0,3.43,1.72,0.56,0.51
1810,2022-07-11,33.16,32.48,33.54,31.63,399917,1296807800.0,5.75,-2.14,-0.71,0.69
1811,2022-07-12,32.4,31.78,32.75,31.63,257398,823864848.0,3.45,-2.16,-0.7,0.44
1812,2022-07-13,31.58,32.21,32.46,31.51,246169,791139130.0,2.99,1.35,0.43,0.43
1813,2022-07-14,32.27,33.77,34.85,32.25,546560,1859597201.0,8.07,4.84,1.56,0.94
1814,2022-07-15,33.78,33.73,34.35,33.03,326961,1109978960.0,3.91,-0.12,-0.04,0.56
1815,2022-07-18,33.72,34.8,34.96,32.87,445342,1525062175.0,6.2,3.17,1.07,0.77
1816,2022-07-19,34.67,34.13,34.97,33.8,293711,1004618227.0,3.36,-1.93,-0.67,0.51
1817,2022-07-20,34.4,34.0,34.87,33.88,286093,978961708.0,2.9,-0.38,-0.13,0.49
1818,2022-07-21,33.8,33.54,34.03,33.23,321057,1077114066.0,2.35,-1.35,-0.46,0.55
1819,2022-07-22,33.7,33.2,33.93,32.95,257935,860437404.0,2.92,-1.01,-0.34,0.45
1820,2022-07-25,32.84,33.16,33.29,32.15,183974,606360086.0,3.43,-0.12,-0.04,0.32
1821,2022-07-26,33.0,32.88,33.85,32.5,240479,790223717.0,4.07,-0.84,-0.28,0.42
1822,2022-07-27,32.79,32.07,32.94,31.8,366434,1180307882.0,3.47,-2.46,-0.81,0.63
1823,2022-07-28,32.35,30.76,32.38,30.0,1030398,3172536414.0,7.42,-4.08,-1.31,1.78
1824,2022-07-29,30.67,30.39,31.0,30.12,461183,1405821180.0,2.86,-1.2,-0.37,0.8
1825,2022-08-01,30.35,31.88,32.05,30.01,511222,1603507636.0,6.71,4.9,1.49,0.88
1826,2022-08-02,31.55,30.99,31.79,30.61,375315,1169193157.0,3.7,-2.79,-0.89,0.65
1827,2022-08-03,30.99,31.07,31.63,30.76,269907,842148973.0,2.81,0.26,0.08,0.47
1828,2022-08-04,31.0,31.29,31.48,30.91,228122,711258691.0,1.83,0.71,0.22,0.39
1829,2022-08-05,31.28,31.14,31.53,30.61,291646,905589045.0,2.94,-0.48,-0.15,0.5
1830,2022-08-08,31.32,30.52,31.38,30.35,387698,1188439327.0,3.31,-1.99,-0.62,0.67
1831,2022-08-09,30.4,30.32,30.49,29.78,427081,1285786505.0,2.33,-0.66,-0.2,0.74
1832,2022-08-10,30.37,29.43,30.45,29.21,462344,1368911635.0,4.09,-2.94,-0.89,0.8
1833,2022-08-11,29.5,30.07,30.26,29.42,406757,1216512400.0,2.85,2.17,0.64,0.7
1834,2022-08-12,29.92,30.07,30.26,29.62,201453,604694080.0,2.13,0.0,0.0,0.35
1835,2022-08-15,29.8,29.54,30.04,29.46,303680,899937814.0,1.93,-1.76,-0.53,0.52
1836,2022-08-16,29.42,28.92,29.64,28.67,537611,1557347754.0,3.28,-2.1,-0.62,0.93
1837,2022-08-17,28.71,29.16,29.45,28.61,359829,1044316648.0,2.9,0.83,0.24,0.62
1838,2022-08-18,29.05,28.68,29.22,28.58,302412,872135582.0,2.19,-1.65,-0.48,0.52
1839,2022-08-19,28.65,28.37,28.65,28.0,287895,816528677.0,2.27,-1.08,-0.31,0.5
1840,2022-08-22,28.19,28.56,28.63,27.9,246501,700326301.0,2.57,0.67,0.19,0.43
1841,2022-08-23,28.5,28.29,28.68,28.05,199040,562931075.0,2.21,-0.95,-0.27,0.34
1842,2022-08-24,28.36,28.5,29.17,28.19,439112,1257950088.0,3.46,0.74,0.21,0.76
1843,2022-08-25,28.54,29.71,29.84,28.51,658473,1942149007.0,4.67,4.25,1.21,1.14
1844,2022-08-26,29.3,29.2,29.8,29.1,388061,1138776154.0,2.36,-1.72,-0.51,0.67
1845,2022-08-29,28.88,28.38,28.95,28.26,361570,1029285459.0,2.36,-2.81,-0.82,0.62
1846,2022-08-30,28.4,28.65,28.79,28.21,193797,552167474.0,2.04,0.95,0.27,0.33
1847,2022-08-31,28.31,29.42,29.87,28.31,462984,1356243913.0,5.45,2.69,0.77,0.8
1848,2022-09-01,29.43,29.07,29.83,29.02,342096,1006617372.0,2.75,-1.19,-0.35,0.59
1849,2022-09-02,29.07,28.72,29.26,28.54,214862,617767620.0,2.48,-1.2,-0.35,0.37
1850,2022-09-05,28.78,27.26,29.09,27.01,606980,1675305516.0,7.24,-5.08,-1.46,1.05
1851,2022-09-06,27.26,27.52,27.6,26.64,367382,999544987.0,3.52,0.95,0.26,0.63
1852,2022-09-07,27.29,27.98,28.29,27.2,345567,962353074.0,3.96,1.67,0.46,0.6
1853,2022-09-08,28.49,28.28,29.1,28.18,353161,1007218304.0,3.29,1.07,0.3,0.61
1854,2022-09-09,29.9,30.0,30.51,29.51,806646,2422761300.0,3.54,6.08,1.72,1.39
1855,2022-09-13,29.75,29.65,30.43,29.33,550395,1642589746.0,3.67,-1.17,-0.35,0.95
1856,2022-09-14,29.32,29.53,29.88,29.01,331508,979272411.0,2.93,-0.4,-0.12,0.57
1857,2022-09-15,29.64,28.8,30.17,28.71,383449,1119966845.0,4.94,-2.47,-0.73,0.66
1858,2022-09-16,28.74,27.75,28.88,27.75,586658,1645218781.0,3.92,-3.65,-1.05,1.01
1859,2022-09-19,27.63,26.79,27.93,26.5,535161,1441319354.0,5.15,-3.46,-0.96,0.92
1860,2022-09-20,26.8,27.03,27.21,26.53,262348,707128849.0,2.54,0.9,0.24,0.45
1861,2022-09-21,26.74,26.52,27.02,26.52,262332,701015346.0,1.85,-1.89,-0.51,0.45
1862,2022-09-22,26.08,25.63,26.35,25.46,389760,1004863611.0,3.36,-3.36,-0.89,0.67
1863,2022-09-23,25.58,25.79,26.17,25.16,393535,1010280145.0,3.94,0.62,0.16,0.68
1864,2022-09-26,26.0,26.57,27.11,25.79,437772,1165978442.0,5.12,3.02,0.78,0.76
1865,2022-09-27,26.47,28.86,29.03,26.06,820884,2303700364.0,11.18,8.62,2.29,1.42
1866,2022-09-28,29.0,28.87,29.43,28.6,477189,1385710099.0,2.88,0.03,0.01,0.82
1867,2022-09-29,28.77,28.74,29.69,28.61,375746,1093405072.0,3.74,-0.45,-0.13,0.65
1868,2022-09-30,28.75,28.67,29.33,28.5,264031,760908670.0,2.89,-0.24,-0.07,0.46
1869,2022-10-10,28.61,27.6,28.99,27.4,312587,873350196.0,5.55,-3.73,-1.07,0.54
1870,2022-10-11,27.5,27.14,27.68,26.9,212288,578005231.0,2.83,-1.67,-0.46,0.37
1871,2022-10-12,27.31,27.95,28.04,26.55,360877,986335610.0,5.49,2.98,0.81,0.62
1872,2022-10-13,27.75,27.89,28.91,27.63,398143,1124347226.0,4.58,-0.21,-0.06,0.69
1873,2022-10-14,28.22,29.96,30.5,28.02,893486,2644968304.0,8.89,7.42,2.07,1.54
1874,2022-10-17,30.0,29.65,30.25,29.23,383345,1138581920.0,3.4,-1.03,-0.31,0.66
1875,2022-10-18,30.0,30.34,30.63,29.6,479206,1452002773.0,3.47,2.33,0.69,0.83
1876,2022-10-19,30.3,29.96,30.32,29.62,293931,880471045.0,2.31,-1.25,-0.38,0.51
1877,2022-10-20,29.68,30.75,31.14,29.64,590755,1815290017.0,5.01,2.64,0.79,1.02
1878,2022-10-21,30.65,30.54,30.8,30.18,253919,773428887.0,2.02,-0.68,-0.21,0.44
1879,2022-10-24,30.6,28.11,30.6,28.0,718202,2063514663.0,8.51,-7.96,-2.43,1.24
1880,2022-10-25,27.47,27.83,28.32,27.47,369119,1026721434.0,3.02,-1.0,-0.28,0.64
1881,2022-10-26,28.5,29.51,29.58,28.49,598444,1748086982.0,3.92,6.04,1.68,1.03
1882,2022-10-27,27.5,25.65,27.6,24.88,1642547,4243671032.0,9.22,-13.08,-3.86,2.84
1883,2022-10-28,25.23,25.32,26.01,25.2,625749,1604962866.0,3.16,-1.29,-0.33,1.08
1884,2022-10-31,25.0,24.7,25.55,24.2,588178,1464535526.0,5.33,-2.45,-0.62,1.02
1885,2022-11-01,24.73,26.05,26.15,24.69,706345,1799347544.0,5.91,5.47,1.35,1.22
1886,2022-11-02,25.88,26.77,27.65,25.71,733114,1972157278.0,7.45,2.76,0.72,1.27
1887,2022-11-03,26.26,26.49,26.85,26.02,312251,825710107.0,3.1,-1.05,-0.28,0.54
1888,2022-11-04,26.33,27.49,27.74,26.33,566198,1543453853.0,5.32,3.78,1.0,0.98
1889,2022-11-07,27.25,26.81,27.25,26.43,631120,1687099790.0,2.98,-2.47,-0.68,1.09
1890,2022-11-08,26.66,26.35,26.76,26.15,350525,924040553.0,2.28,-1.72,-0.46,0.61
1891,2022-11-09,26.26,26.0,26.75,25.9,431273,1134083590.0,3.23,-1.33,-0.35,0.75
1892,2022-11-10,25.76,26.18,26.26,25.71,271531,707509425.0,2.12,0.69,0.18,0.47
1893,2022-11-11,27.1,27.07,27.88,26.56,822978,2233390092.0,5.04,3.4,0.89,1.42
1894,2022-11-14,26.93,27.06,27.58,26.7,452733,1229318310.0,3.25,-0.04,-0.01,0.78
1895,2022-11-15,27.0,27.52,27.8,26.44,538270,1459870576.0,5.03,1.7,0.46,0.93
1896,2022-11-16,27.38,27.62,28.38,27.28,455400,1268251554.0,4.0,0.36,0.1,0.79
1897,2022-11-17,27.4,27.48,27.74,27.11,257772,704746336.0,2.28,-0.51,-0.14,0.45
1898,2022-11-18,27.66,28.11,28.44,27.5,581396,1631502371.0,3.42,2.29,0.63,1.0
1899,2022-11-21,27.71,26.88,27.74,26.35,554646,1491351005.0,4.94,-4.38,-1.23,0.96
1900,2022-11-22,26.86,26.64,27.26,26.52,273016,731065172.0,2.75,-0.89,-0.24,0.47
1901,2022-11-23,26.78,26.27,26.78,26.11,263696,694212518.0,2.52,-1.39,-0.37,0.46
1902,2022-11-24,26.45,26.35,26.66,26.25,171851,454159608.0,1.56,0.3,0.08,0.3
1903,2022-11-25,26.27,26.42,26.44,26.12,153710,404349059.0,1.21,0.27,0.07,0.27
1904,2022-11-28,26.1,26.0,26.15,25.64,309786,800509180.0,1.93,-1.59,-0.42,0.54
1905,2022-11-29,26.15,27.15,27.55,26.14,563570,1522384468.0,5.42,4.42,1.15,0.97
1906,2022-11-30,27.29,27.1,27.48,26.86,239639,649755490.0,2.28,-0.18,-0.05,0.41
1907,2022-12-01,27.99,28.31,28.7,27.94,757628,2147050907.0,2.8,4.46,1.21,1.31
1908,2022-12-02,28.2,27.92,28.4,27.9,234118,657642398.0,1.77,-1.38,-0.39,0.4
1909,2022-12-05,28.15,28.67,28.97,27.87,422430,1206794611.0,3.94,2.69,0.75,0.73
1910,2022-12-06,28.4,28.92,29.39,28.35,427547,1240705931.0,3.63,0.87,0.25,0.74
1911,2022-12-07,28.68,29.12,29.5,28.5,351484,1020164815.0,3.46,0.69,0.2,0.61
1912,2022-12-08,29.0,29.05,29.42,28.8,267800,778410459.0,2.13,-0.24,-0.07,0.46
1913,2022-12-09,28.92,28.93,29.09,28.28,367955,1056473199.0,2.79,-0.41,-0.12,0.64
1914,2022-12-12,28.73,28.89,29.24,28.7,187894,543660176.0,1.87,-0.14,-0.04,0.32
1915,2022-12-13,28.8,28.65,28.88,28.27,203204,581002166.0,2.11,-0.83,-0.24,0.35
1916,2022-12-14,28.64,29.53,29.76,28.47,452176,1327611925.0,4.5,3.07,0.88,0.78
1917,2022-12-15,29.74,29.8,30.16,29.38,387151,1155989155.0,2.64,0.91,0.27,0.67
1918,2022-12-16,29.68,29.4,29.91,29.19,255569,750863377.0,2.42,-1.34,-0.4,0.44
1919,2022-12-19,29.3,28.83,29.42,28.6,258693,748934297.0,2.79,-1.94,-0.57,0.45
1920,2022-12-20,28.67,28.24,28.87,28.15,203536,577158335.0,2.5,-2.05,-0.59,0.35
1921,2022-12-21,28.5,28.46,29.13,28.33,201638,578955942.0,2.83,0.78,0.22,0.35
1922,2022-12-22,28.83,29.59,30.24,28.56,409540,1213217654.0,5.9,3.97,1.13,0.71
1923,2022-12-23,29.41,30.14,30.5,29.31,467275,1409519968.0,4.02,1.86,0.55,0.81
1924,2022-12-26,30.35,29.84,30.44,29.7,299004,896565379.0,2.46,-1.0,-0.3,0.52
1925,2022-12-27,29.95,30.72,30.95,29.56,489585,1491937622.0,4.66,2.95,0.88,0.84
1926,2022-12-28,30.69,30.61,31.0,30.4,356507,1091192523.0,1.95,-0.36,-0.11,0.61
1927,2022-12-29,30.44,30.69,30.98,30.01,358020,1096370439.0,3.17,0.26,0.08,0.62
1928,2022-12-30,30.85,31.07,31.61,30.85,396795,1237941881.0,2.48,1.24,0.38,0.68
