,日期,开盘,收盘,最高,最低,成交量,成交额,振幅,涨跌幅,涨跌额,换手率
0,2015-01-05,8.25,8.51,8.65,7.7,101248,292055136.0,11.56,3.53,0.29,1.69
1,2015-01-06,8.46,8.88,8.96,8.3,95737,293619184.0,7.76,4.35,0.37,1.59
2,2015-01-07,8.94,8.54,9.04,8.46,78314,239098026.0,6.53,-3.83,-0.34,1.3
3,2015-01-08,8.51,8.56,8.78,8.46,66114,201484193.0,3.75,0.23,0.02,1.1
4,2015-01-09,8.54,8.55,8.92,8.43,103243,317724336.0,5.72,-0.12,-0.01,1.72
5,2015-01-12,8.52,9.01,9.09,8.45,98009,303204192.0,7.49,5.38,0.46,1.63
6,2015-01-13,8.89,10.06,10.06,8.89,236344,791386144.0,12.99,11.65,1.05,3.93
7,2015-01-14,10.11,10.42,10.89,10.01,225632,808067632.0,8.75,3.58,0.36,3.76
8,2015-01-15,10.32,10.11,10.42,9.9,110691,385569712.0,4.99,-2.98,-0.31,1.84
9,2015-01-16,10.0,10.31,10.45,9.99,128860,452755392.0,4.55,1.98,0.2,2.14
10,2015-01-19,9.99,9.7,10.76,9.49,179937,628432624.0,12.32,-5.92,-0.61,2.99
11,2015-01-20,9.72,10.82,10.82,9.72,173435,614336400.0,11.34,11.55,1.12,2.89
12,2015-01-21,11.09,10.68,11.09,10.49,162562,596105376.0,5.55,-1.29,-0.14,2.71
13,2015-01-22,10.65,10.84,11.22,10.53,163080,608354080.0,6.46,1.5,0.16,2.71
14,2015-01-23,10.64,10.26,10.82,10.2,141313,505398272.0,5.72,-5.35,-0.58,2.35
15,2015-01-26,10.26,10.38,10.58,10.22,76739,274354576.0,3.51,1.17,0.12,1.28
16,2015-01-27,10.42,10.17,10.44,9.84,104112,362919328.0,5.78,-2.02,-0.21,1.73
17,2015-01-28,9.9,9.94,10.27,9.83,87048,300145936.0,4.33,-2.26,-0.23,1.45
18,2015-01-29,9.91,10.16,10.25,9.76,84969,293944288.0,4.93,2.21,0.22,1.41
19,2015-01-30,10.21,9.82,10.43,9.81,94153,330350064.0,6.1,-3.35,-0.34,1.57
20,2015-02-02,9.7,9.56,9.99,9.45,103136,345859584.0,5.5,-2.65,-0.26,1.72
21,2015-02-03,9.68,9.73,9.99,9.62,92120,312886576.0,3.87,1.78,0.17,1.53
22,2015-02-04,9.66,9.88,10.12,9.45,136305,460728768.0,6.89,1.54,0.15,2.27
23,2015-02-05,9.87,9.98,10.37,9.74,137201,478106304.0,6.38,1.01,0.1,2.28
24,2015-02-06,9.99,9.28,10.1,9.16,99576,331684592.0,9.42,-7.01,-0.7,1.66
25,2015-02-09,9.37,8.98,9.45,8.89,75654,242243499.0,6.03,-3.23,-0.3,1.26
26,2015-02-10,8.96,9.42,9.49,8.96,70034,226983564.0,5.9,4.9,0.44,1.17
27,2015-02-11,9.42,9.41,9.61,9.23,54116,178386355.0,4.03,-0.11,-0.01,0.9
28,2015-02-12,9.43,9.35,9.52,9.26,60817,198320119.0,2.76,-0.64,-0.06,1.01
29,2015-02-13,9.45,9.77,9.93,9.36,97084,327052624.0,6.1,4.49,0.42,1.62
30,2015-02-16,9.78,10.02,10.15,9.66,98726,340288048.0,5.02,2.56,0.25,1.64
31,2015-02-17,10.08,9.87,10.19,9.82,67681,232589362.0,3.69,-1.5,-0.15,1.13
32,2015-02-25,10.0,10.06,10.29,9.87,103500,360516416.0,4.26,1.93,0.19,1.72
33,2015-02-26,10.07,9.9,10.13,9.65,86567,294752544.0,4.77,-1.59,-0.16,1.44
34,2015-02-27,9.81,10.42,10.42,9.81,163085,575843760.0,6.16,5.25,0.52,2.71
35,2015-03-02,10.57,10.47,10.74,10.36,130284,469679952.0,3.65,0.48,0.05,2.17
36,2015-03-03,10.38,9.98,10.44,9.95,138330,483830304.0,4.68,-4.68,-0.49,2.3
37,2015-03-04,10.02,10.26,10.27,9.96,104474,365791184.0,3.11,2.81,0.28,1.74
38,2015-03-05,10.39,10.36,10.61,10.1,114941,408032976.0,4.97,0.97,0.1,1.91
39,2015-03-06,10.41,9.94,10.42,9.86,95462,330258176.0,5.41,-4.05,-0.42,1.59
40,2015-03-09,9.9,10.65,10.74,9.69,188806,674636304.0,10.56,7.14,0.71,3.14
41,2015-03-10,10.59,10.71,10.85,10.43,133369,485667232.0,3.94,0.56,0.06,2.22
42,2015-03-11,10.64,10.81,10.96,10.5,117605,431783840.0,4.3,0.93,0.1,1.96
43,2015-03-12,10.82,10.53,11.14,10.32,126342,461588608.0,7.59,-2.59,-0.28,2.1
44,2015-03-13,10.5,10.61,10.76,10.36,86897,314382016.0,3.8,0.76,0.08,1.45
45,2015-03-16,10.76,11.02,11.11,10.49,166249,615139600.0,5.84,3.86,0.41,2.77
46,2015-03-17,11.09,11.2,11.43,10.89,191388,723476048.0,4.9,1.63,0.18,3.19
47,2015-03-18,11.12,11.37,11.43,10.95,138481,528036144.0,4.29,1.52,0.17,2.3
48,2015-03-19,11.32,11.9,12.03,11.23,190093,754695664.0,7.04,4.66,0.53,3.16
49,2015-03-20,11.49,11.52,11.88,11.36,208666,820086752.0,4.37,-3.19,-0.38,3.47
50,2015-03-23,11.53,11.75,11.87,11.49,182313,720733216.0,3.3,2.0,0.23,3.03
51,2015-03-24,11.85,12.72,12.99,11.56,319987,1317392496.0,12.17,8.26,0.97,5.33
52,2015-03-25,12.72,13.16,13.69,12.36,300268,1322017264.0,10.46,3.46,0.44,5.0
53,2015-03-26,13.16,12.52,13.39,11.79,227378,969168272.0,12.16,-4.86,-0.64,3.78
54,2015-03-27,12.26,12.29,12.47,11.98,138544,570957632.0,3.91,-1.84,-0.23,2.31
55,2015-03-30,12.27,12.42,12.84,12.11,150988,631220672.0,5.94,1.06,0.13,2.51
56,2015-03-31,12.42,12.41,12.8,12.2,148307,624546144.0,4.83,-0.08,-0.01,2.47
57,2015-04-01,12.41,12.68,12.77,12.33,141073,597059456.0,3.55,2.18,0.27,2.35
58,2015-04-02,12.79,13.06,13.22,12.52,176077,759932032.0,5.52,3.0,0.38,2.93
59,2015-04-03,12.89,13.19,13.35,12.76,167576,733628080.0,4.52,1.0,0.13,2.79
60,2015-04-07,13.32,13.18,13.35,12.95,121333,531639344.0,3.03,-0.08,-0.01,2.02
61,2015-04-08,13.19,12.5,13.22,11.89,267831,1121547824.0,10.09,-5.16,-0.68,4.46
62,2015-04-09,12.31,11.87,12.31,11.52,176615,706110784.0,6.32,-5.04,-0.63,2.94
63,2015-04-10,11.73,12.12,12.25,11.69,134344,547478592.0,4.72,2.11,0.25,2.24
64,2015-04-13,12.12,12.45,12.52,11.96,173451,719907872.0,4.62,2.72,0.33,2.89
65,2015-04-14,12.42,12.71,12.98,12.39,183398,783632736.0,4.74,2.09,0.26,3.05
66,2015-04-15,12.71,12.39,13.15,12.16,157913,680297872.0,7.79,-2.52,-0.32,2.63
67,2015-04-16,12.22,12.08,12.48,11.76,149140,610781632.0,5.81,-2.5,-0.31,2.48
68,2015-04-17,12.16,11.91,12.28,11.82,164464,667718944.0,3.81,-1.41,-0.17,2.74
69,2015-04-20,11.91,11.44,11.91,11.32,152811,598496016.0,4.95,-3.95,-0.47,2.54
70,2015-04-23,12.32,12.72,12.72,11.98,120877,500219008.0,6.47,11.19,1.28,2.01
71,2015-04-24,13.14,12.82,13.7,12.82,263800,1145969328.0,6.92,0.79,0.1,4.39
72,2015-04-27,12.82,12.63,13.26,12.58,198025,848151792.0,5.3,-1.48,-0.19,3.3
73,2015-04-28,12.58,12.05,12.8,11.93,138049,561496944.0,6.89,-4.59,-0.58,2.3
74,2015-04-29,12.12,13.04,13.21,12.11,207030,880424896.0,9.13,8.22,0.99,3.45
75,2015-04-30,12.99,13.18,13.76,12.99,202600,895851104.0,5.9,1.07,0.14,3.37
76,2015-05-04,13.2,14.64,14.64,13.19,215556,1006833552.0,11.0,11.08,1.46,3.49
77,2015-05-05,14.93,15.29,15.99,14.66,269425,1346727904.0,9.08,4.44,0.65,4.36
78,2015-05-06,15.29,15.04,16.16,14.79,270970,1371095056.0,8.96,-1.64,-0.25,4.39
79,2015-05-07,14.89,13.8,14.89,13.79,174571,823720112.0,7.31,-8.24,-1.24,2.83
80,2015-05-08,13.99,15.31,15.31,13.99,217670,1064457632.0,9.57,10.94,1.51,3.53
81,2015-05-11,15.72,16.26,16.72,15.33,282952,1469109712.0,9.08,6.21,0.95,4.58
82,2015-05-12,16.26,16.17,16.78,15.5,231497,1216783024.0,7.87,-0.55,-0.09,3.75
83,2015-05-13,15.62,15.62,16.21,15.32,171685,883251536.0,5.5,-3.4,-0.55,2.78
84,2015-05-14,15.63,16.12,16.89,15.42,212676,1118613024.0,9.41,3.2,0.5,3.44
85,2015-05-15,15.79,15.82,16.22,15.47,148789,767677008.0,4.65,-1.86,-0.3,2.41
86,2015-05-18,15.99,16.49,16.99,15.99,153002,819265056.0,6.32,4.24,0.67,2.48
87,2015-05-19,16.6,17.39,17.51,15.83,186335,1006489056.0,10.19,5.46,0.9,3.02
88,2015-05-20,17.99,17.49,19.16,17.38,220693,1308927936.0,10.24,0.58,0.1,3.57
89,2015-05-21,17.72,18.4,18.97,17.66,195247,1148417744.0,7.49,5.2,0.91,3.16
90,2015-05-22,18.52,17.64,18.99,17.26,246609,1412745632.0,9.4,-4.13,-0.76,3.99
91,2015-05-25,16.99,17.46,17.82,16.86,167915,944655312.0,5.44,-1.02,-0.18,2.72
92,2015-05-26,17.42,18.03,18.31,17.38,235146,1364640064.0,5.33,3.26,0.57,3.81
93,2015-05-27,17.99,19.01,19.16,17.39,227228,1322469232.0,9.82,5.44,0.98,3.68
94,2015-05-28,18.76,18.24,20.32,17.66,250658,1557322384.0,13.99,-4.05,-0.77,4.06
95,2015-05-29,18.41,19.24,19.8,17.54,243640,1488503664.0,12.39,5.48,1.0,3.95
96,2015-06-01,19.69,21.3,21.3,19.66,194686,1288050112.0,8.52,10.71,2.06,3.15
97,2015-06-02,21.69,22.79,23.56,21.69,236564,1722340384.0,8.78,7.0,1.49,3.83
98,2015-06-03,23.04,23.06,24.24,21.99,218385,1607669120.0,9.87,1.18,0.27,3.54
99,2015-06-04,23.16,21.56,23.21,20.62,265910,1820745920.0,11.23,-6.5,-1.5,4.31
100,2015-06-05,21.68,21.79,22.84,20.51,244671,1710827104.0,10.81,1.07,0.23,3.96
101,2015-06-08,21.76,19.49,21.76,19.48,266328,1704614832.0,10.46,-10.56,-2.3,4.31
102,2015-06-09,19.28,19.28,20.26,18.86,177778,1109574976.0,7.18,-1.08,-0.21,2.88
103,2015-06-10,19.32,19.98,20.49,19.06,173571,1104228560.0,7.42,3.63,0.7,2.81
104,2015-06-11,19.96,20.3,20.48,19.52,163386,1045094032.0,4.8,1.6,0.32,2.65
105,2015-06-12,20.32,19.91,20.62,19.71,122711,785146448.0,4.48,-1.92,-0.39,1.99
106,2015-06-15,19.96,18.08,20.09,17.87,233852,1412929904.0,11.15,-9.19,-1.83,3.79
107,2015-06-16,17.49,17.46,18.39,16.73,185905,1042806560.0,9.18,-3.43,-0.62,3.01
108,2015-06-17,17.28,18.51,18.64,17.28,158300,917482496.0,7.79,6.01,1.05,2.56
109,2015-06-18,18.19,16.74,18.6,16.68,136603,776343040.0,10.37,-9.56,-1.77,2.21
110,2015-06-19,16.49,16.93,17.93,16.33,168049,926004160.0,9.56,1.14,0.19,2.72
111,2015-06-23,16.99,18.24,18.25,16.99,174635,1001253600.0,7.44,7.74,1.31,2.83
112,2015-06-24,18.42,18.3,18.52,17.7,150256,877360000.0,4.5,0.33,0.06,2.43
113,2015-06-25,18.62,16.96,18.88,16.79,170027,994257056.0,11.42,-7.32,-1.34,2.75
114,2015-06-26,16.32,15.13,16.45,15.13,130362,665529968.0,7.78,-10.79,-1.83,2.11
115,2015-06-29,15.39,13.48,15.52,13.48,166953,765892784.0,13.48,-10.91,-1.65,2.7
116,2015-06-30,12.92,14.66,14.95,12.0,265792,1159794224.0,21.88,8.75,1.18,4.28
117,2015-07-01,14.55,13.78,15.62,13.54,211082,1028242160.0,14.19,-6.0,-0.88,3.4
118,2015-07-02,14.16,12.27,14.29,12.26,180022,791785936.0,14.73,-10.96,-1.51,2.9
119,2015-07-03,11.99,12.32,13.54,10.91,242931,977813488.0,21.43,0.41,0.05,3.91
120,2015-07-06,13.69,12.69,13.69,11.26,224076,937642976.0,19.72,3.0,0.37,3.61
121,2015-07-07,11.5,11.31,12.41,11.29,250947,958381664.0,8.83,-10.87,-1.38,4.04
122,2015-07-08,10.04,11.99,11.99,10.04,615150,2232220784.0,17.24,6.01,0.68,9.91
123,2015-07-09,11.99,13.32,13.32,11.53,285416,1210860896.0,14.93,11.09,1.33,4.6
124,2015-07-10,14.32,14.79,14.79,13.78,155217,743748608.0,7.58,11.04,1.47,2.5
125,2015-07-13,15.37,16.4,16.4,15.02,253800,1309968064.0,9.33,10.89,1.61,4.09
126,2015-07-14,15.69,16.05,17.91,15.49,290021,1557338992.0,14.76,-2.13,-0.35,4.67
127,2015-07-15,15.36,14.31,15.75,14.31,152839,741145120.0,8.97,-10.84,-1.74,2.46
128,2015-07-16,13.36,15.05,15.38,13.06,154602,736386992.0,16.21,5.17,0.74,2.49
129,2015-07-17,14.92,16.19,16.49,14.92,126555,651748752.0,10.43,7.57,1.14,2.04
130,2015-07-20,16.16,15.84,16.75,15.59,158230,829582480.0,7.16,-2.16,-0.35,2.55
131,2015-07-21,15.66,16.02,16.65,15.42,134580,708712336.0,7.77,1.14,0.18,2.17
132,2015-07-22,15.99,15.87,16.31,15.42,117922,609086528.0,5.56,-0.94,-0.15,1.9
133,2015-07-23,15.98,16.39,16.75,15.82,168191,892608912.0,5.86,3.28,0.52,2.71
134,2015-07-24,16.58,15.92,17.12,15.79,157990,852842544.0,8.11,-2.87,-0.47,2.54
135,2015-07-27,15.64,14.2,16.3,14.2,159268,793831104.0,13.19,-10.8,-1.72,2.56
136,2015-07-28,13.82,13.21,14.44,12.64,166327,730785296.0,12.68,-6.97,-0.99,2.68
137,2015-07-29,13.59,13.98,13.99,12.32,159935,698900592.0,12.64,5.83,0.77,2.58
138,2015-07-30,13.92,13.05,14.07,12.86,129368,582485584.0,8.66,-6.65,-0.93,2.08
139,2015-07-31,12.79,13.31,13.74,12.76,115995,511372592.0,7.51,1.99,0.26,1.87
140,2015-08-03,12.88,11.99,13.18,11.85,116719,479168816.0,9.99,-9.92,-1.32,1.88
141,2015-08-04,12.21,13.32,13.32,12.15,99763,420900160.0,9.76,11.09,1.33,1.61
142,2015-08-05,13.34,13.11,13.78,13.11,102146,452736272.0,5.03,-1.58,-0.21,1.64
143,2015-08-06,12.78,13.23,13.49,12.61,88338,384743504.0,6.71,0.92,0.12,1.42
144,2015-08-07,13.49,13.97,14.05,13.49,110607,503403968.0,4.23,5.59,0.74,1.78
145,2015-08-10,14.15,14.85,14.97,13.99,126647,599786736.0,7.02,6.3,0.88,2.04
146,2015-08-11,14.72,14.51,14.82,14.33,119359,570089568.0,3.3,-2.29,-0.34,1.92
147,2015-08-12,14.26,14.24,14.99,14.19,103813,497932560.0,5.51,-1.86,-0.27,1.67
148,2015-08-13,14.0,14.44,14.44,13.66,103225,477925776.0,5.48,1.4,0.2,1.66
149,2015-08-14,14.6,14.0,14.69,13.92,87227,408939936.0,5.33,-3.05,-0.44,1.4
150,2015-08-17,13.92,13.76,14.19,13.66,82591,376457552.0,3.79,-1.71,-0.24,1.33
151,2015-08-18,14.08,14.57,15.27,13.92,374582,1828091424.0,9.81,5.89,0.81,6.03
152,2015-08-19,14.09,15.75,15.99,12.98,313824,1467233312.0,20.66,8.1,1.18,5.05
153,2015-08-20,15.32,14.67,15.91,14.66,226412,1123202976.0,7.94,-6.86,-1.08,3.65
154,2015-08-21,14.12,13.07,14.59,13.07,171089,773551024.0,10.36,-10.91,-1.6,2.76
155,2015-08-24,12.02,11.63,12.57,11.63,169210,662327248.0,7.19,-11.02,-1.44,2.72
156,2015-08-25,10.36,10.33,11.16,10.33,172263,615953808.0,7.14,-11.18,-1.3,2.77
157,2015-08-26,10.53,9.66,11.06,9.49,182402,645398800.0,15.2,-6.49,-0.67,2.94
158,2015-08-27,10.12,10.64,10.64,9.66,128940,446347264.0,10.14,10.14,0.98,2.08
159,2015-08-28,10.89,11.42,11.58,10.63,165984,616153632.0,8.93,7.33,0.78,2.67
160,2015-08-31,11.22,11.09,11.22,10.62,119406,439589408.0,5.25,-2.89,-0.33,1.92
161,2015-09-01,10.72,10.55,10.87,9.92,107292,378483632.0,8.57,-4.87,-0.54,1.73
162,2015-09-02,9.99,10.75,10.99,9.69,143153,510256832.0,12.32,1.9,0.2,2.31
163,2015-09-07,10.92,10.5,11.45,10.49,101160,375174432.0,8.93,-2.33,-0.25,1.63
164,2015-09-08,10.49,11.11,11.27,10.19,82458,297219328.0,10.29,5.81,0.61,1.33
165,2015-09-09,11.32,11.83,12.11,11.22,141721,552399808.0,8.01,6.48,0.72,2.28
166,2015-09-10,11.56,11.32,11.72,11.26,76362,294446448.0,3.89,-4.31,-0.51,1.23
167,2015-09-11,11.32,11.51,11.84,11.28,75859,293678608.0,4.95,1.68,0.19,1.22
168,2015-09-14,11.63,10.22,11.69,10.22,106813,383619856.0,12.77,-11.21,-1.29,1.72
169,2015-09-15,9.96,9.2,10.28,9.13,77180,254932335.0,11.25,-9.98,-1.02,1.24
170,2015-09-16,9.49,10.26,10.26,9.19,90010,297434272.0,11.63,11.52,1.06,1.45
171,2015-09-17,10.21,10.12,10.9,9.9,111776,393311664.0,9.75,-1.36,-0.14,1.8
172,2015-09-18,10.27,10.3,10.41,10.06,56672,197024262.0,3.46,1.78,0.18,0.91
173,2015-09-21,10.16,10.97,10.98,10.1,83017,299156384.0,8.54,6.5,0.67,1.34
174,2015-09-22,11.07,10.92,11.19,10.66,82652,305456256.0,4.83,-0.46,-0.05,1.33
175,2015-09-23,10.75,10.93,11.32,10.69,65553,243293726.0,5.77,0.09,0.01,1.06
176,2015-09-24,11.07,11.19,11.48,10.97,82037,309730656.0,4.67,2.38,0.26,1.32
177,2015-09-25,11.16,10.45,11.22,10.27,68907,249068119.0,8.49,-6.61,-0.74,1.11
178,2015-09-28,10.46,10.99,11.08,10.27,55362,200331953.0,7.75,5.17,0.54,0.89
179,2015-09-29,10.73,10.53,10.84,10.35,42209,151523811.0,4.46,-4.19,-0.46,0.68
180,2015-09-30,10.72,10.56,10.82,10.46,32670,117333667.0,3.42,0.28,0.03,0.53
181,2015-10-08,11.04,11.31,11.61,11.04,99036,376586288.0,5.4,7.1,0.75,1.59
182,2015-10-09,11.42,11.89,12.27,11.27,120229,474644672.0,8.84,5.13,0.58,1.94
183,2015-10-12,12.07,12.57,12.75,11.96,139938,582140352.0,6.64,5.72,0.68,2.25
184,2015-10-13,12.49,12.65,12.97,12.31,96950,406111344.0,5.25,0.64,0.08,1.56
185,2015-10-14,12.51,12.16,12.7,12.16,73351,302275296.0,4.27,-3.87,-0.49,1.18
186,2015-10-15,12.48,13.51,13.51,12.47,147058,642519040.0,8.55,11.1,1.35,2.37
187,2015-10-16,13.62,13.64,13.69,13.28,104471,464940480.0,3.03,0.96,0.13,1.68
188,2015-10-19,13.66,13.63,14.05,13.31,111441,501149904.0,5.43,-0.07,-0.01,1.79
189,2015-10-20,13.81,13.96,14.46,13.76,93245,431467424.0,5.14,2.42,0.33,1.5
190,2015-10-21,13.69,12.61,13.92,12.51,126577,552679280.0,10.1,-9.67,-1.35,2.04
191,2015-10-22,12.79,13.29,13.39,12.4,124195,534956912.0,7.85,5.39,0.68,2.0
192,2015-10-23,13.45,13.83,14.22,13.19,211284,954736464.0,7.75,4.06,0.54,3.4
193,2015-10-26,14.22,14.17,14.59,13.69,194165,902460256.0,6.51,2.46,0.34,3.13
194,2015-10-27,14.19,14.72,14.76,13.95,187795,891528656.0,5.72,3.88,0.55,3.02
195,2015-10-28,14.82,14.26,15.29,14.17,159715,767529744.0,7.61,-3.13,-0.46,2.57
196,2015-10-29,14.39,14.0,14.48,13.77,116760,541179408.0,4.98,-1.82,-0.26,1.88
197,2015-10-30,14.13,13.92,14.37,13.63,88477,407780528.0,5.29,-0.57,-0.08,1.42
198,2015-11-02,13.59,13.49,14.15,13.32,98163,442576096.0,5.96,-3.09,-0.43,1.58
199,2015-11-03,13.58,13.49,13.74,13.34,59598,266048924.0,2.97,0.0,0.0,0.96
200,2015-11-04,13.72,14.84,14.92,13.71,136069,639927856.0,8.97,10.01,1.35,2.19
201,2015-11-05,14.85,14.39,14.94,14.2,152916,727614192.0,4.99,-3.03,-0.45,2.46
202,2015-11-06,14.49,15.13,15.18,14.49,140967,689145760.0,4.79,5.14,0.74,2.27
203,2015-11-09,15.06,15.27,15.94,14.93,189850,954277696.0,6.68,0.93,0.14,3.06
204,2015-11-10,14.99,15.11,15.37,14.89,125560,619379344.0,3.14,-1.05,-0.16,2.02
205,2015-11-11,15.14,15.28,15.52,15.03,104041,519185104.0,3.24,1.13,0.17,1.68
206,2015-11-12,15.34,14.8,15.46,14.43,179449,868517344.0,6.74,-3.14,-0.48,2.89
207,2015-11-13,14.59,14.56,14.72,14.25,106900,508813184.0,3.18,-1.62,-0.24,1.72
208,2015-11-16,14.32,15.99,16.15,14.23,217678,1085936640.0,13.19,9.82,1.43,3.51
209,2015-11-17,16.16,14.87,16.28,14.59,435757,2177745632.0,10.57,-7.0,-1.12,7.02
210,2015-11-18,14.72,14.36,14.94,14.36,125975,604307520.0,3.9,-3.43,-0.51,2.03
211,2015-11-19,14.49,14.79,14.81,14.39,117306,562872912.0,2.92,2.99,0.43,1.89
212,2015-11-20,14.82,14.62,14.88,14.48,118133,566737136.0,2.7,-1.15,-0.17,1.9
213,2015-11-23,14.76,14.59,15.15,14.53,161630,783719808.0,4.24,-0.21,-0.03,2.6
214,2015-11-24,14.8,14.82,14.96,14.57,104502,505430832.0,2.67,1.58,0.23,1.68
215,2015-11-25,14.83,15.09,15.14,14.7,147196,722065296.0,2.97,1.82,0.27,2.37
216,2015-11-26,15.21,14.54,15.26,14.49,178002,859936288.0,5.1,-3.64,-0.55,2.87
217,2015-11-27,14.59,13.27,14.59,13.15,161771,740145712.0,9.9,-8.73,-1.27,2.61
218,2015-11-30,13.45,13.27,13.55,12.55,125957,547539920.0,7.54,0.0,0.0,2.03
219,2015-12-01,13.28,13.4,13.61,13.09,85529,377215664.0,3.92,0.98,0.13,1.38
220,2015-12-02,13.4,13.31,13.47,12.62,108905,469866464.0,6.34,-0.67,-0.09,1.75
221,2015-12-03,13.32,13.72,13.82,13.32,85312,383394720.0,3.76,3.08,0.41,1.37
222,2015-12-04,13.72,13.61,13.95,13.48,79041,356906912.0,3.43,-0.8,-0.11,1.27
223,2015-12-07,13.65,13.92,14.11,13.65,84310,385703728.0,3.38,2.28,0.31,1.36
224,2015-12-08,13.82,13.49,13.92,13.32,77569,347702032.0,4.31,-3.09,-0.43,1.25
225,2015-12-09,13.49,13.58,13.84,13.13,85204,378228128.0,5.26,0.67,0.09,1.37
226,2015-12-10,13.39,13.6,13.79,13.38,67315,302337312.0,3.02,0.15,0.02,1.08
227,2015-12-11,13.59,13.63,13.73,13.36,54177,242949984.0,2.72,0.22,0.03,0.87
228,2015-12-14,13.48,13.98,13.98,13.41,70514,319043120.0,4.18,2.57,0.35,1.14
229,2015-12-15,13.98,14.2,14.31,13.98,78388,364778272.0,2.36,1.57,0.22,1.26
230,2015-12-16,14.22,14.04,14.27,14.01,54461,252628147.0,1.83,-1.13,-0.16,0.88
231,2015-12-17,14.12,14.28,14.45,14.12,102803,481171456.0,2.35,1.71,0.24,1.66
232,2015-12-18,14.26,14.11,14.48,14.06,87116,407537984.0,2.94,-1.19,-0.17,1.4
233,2015-12-21,14.11,13.97,14.2,13.86,110528,507671072.0,2.41,-0.99,-0.14,1.78
234,2015-12-22,13.98,14.03,14.12,13.88,72822,335393728.0,1.72,0.43,0.06,1.17
235,2015-12-23,14.02,13.77,14.15,13.75,79683,366136688.0,2.85,-1.85,-0.26,1.28
236,2015-12-24,13.79,13.84,13.89,13.56,48637,220333424.0,2.4,0.51,0.07,0.78
237,2015-12-25,13.88,14.01,14.12,13.87,60481,278766144.0,1.81,1.23,0.17,0.97
238,2015-12-28,14.16,14.13,14.61,14.13,139740,659736256.0,3.43,0.86,0.12,2.25
239,2015-12-29,14.09,14.37,14.39,13.92,71570,331529280.0,3.33,1.7,0.24,1.15
240,2015-12-30,14.36,14.83,14.87,14.29,150980,725558512.0,4.04,3.2,0.46,2.43
241,2015-12-31,14.83,14.39,14.84,14.39,79654,380534960.0,3.03,-2.97,-0.44,1.28
242,2016-01-04,14.29,13.0,14.34,12.92,86202,383017040.0,9.87,-9.66,-1.39,1.39
243,2016-01-05,12.53,12.62,13.2,12.01,107264,448941824.0,9.15,-2.92,-0.38,1.73
244,2016-01-06,12.75,12.78,12.91,12.36,62152,260984951.0,4.36,1.27,0.16,1.0
245,2016-01-07,12.32,11.38,12.39,11.37,23506,93410538.0,7.98,-10.95,-1.4,0.38
246,2016-01-08,11.86,11.53,11.98,10.46,88994,343499648.0,13.36,1.32,0.15,1.43
247,2016-01-11,11.39,10.89,11.58,10.76,90948,342234768.0,7.11,-5.55,-0.64,1.46
248,2016-01-12,10.91,11.05,11.29,10.66,50467,187501405.0,5.79,1.47,0.16,0.81
249,2016-01-13,11.29,10.61,11.29,10.58,54186,199894268.0,6.43,-3.98,-0.44,0.87
250,2016-01-14,10.11,11.19,11.28,10.03,89072,321428272.0,11.78,5.47,0.58,1.43
251,2016-01-15,10.99,10.49,11.12,10.46,61855,225790668.0,5.9,-6.26,-0.7,0.99
252,2016-01-18,10.25,11.09,11.3,10.19,95553,349385024.0,10.58,5.72,0.6,1.54
253,2016-01-19,10.97,11.47,11.51,10.85,68776,258857179.0,5.95,3.43,0.38,1.11
254,2016-01-20,11.34,11.23,11.55,11.01,57328,217200572.0,4.71,-2.09,-0.24,0.92
255,2016-01-21,10.99,10.78,11.52,10.78,62527,234567511.0,6.59,-4.01,-0.45,1.01
256,2016-01-22,10.92,10.96,11.1,10.66,42812,157466561.0,4.08,1.67,0.18,0.69
257,2016-01-25,11.1,10.97,11.23,10.84,39232,145744367.0,3.56,0.09,0.01,0.63
258,2016-01-26,10.68,9.79,10.85,9.74,74856,261868784.0,10.12,-10.76,-1.18,1.2
259,2016-01-27,9.91,9.81,9.92,9.26,69994,229317512.0,6.74,0.2,0.02,1.13
260,2016-01-28,10.09,9.95,10.57,9.78,95226,330699392.0,8.05,1.43,0.14,1.53
261,2016-01-29,9.81,10.36,10.54,9.81,71953,251473081.0,7.34,4.12,0.41,1.16
262,2016-02-01,10.36,10.57,10.69,10.35,62861,223815539.0,3.28,2.03,0.21,1.01
263,2016-02-02,10.62,10.95,11.15,10.46,78411,288860880.0,6.53,3.6,0.38,1.26
264,2016-02-03,10.79,10.92,11.02,10.66,58701,213733958.0,3.29,-0.27,-0.03,0.94
265,2016-02-04,11.04,11.09,11.32,10.99,63992,240060115.0,3.02,1.56,0.17,1.03
266,2016-02-05,11.05,10.84,11.18,10.81,43454,159906390.0,3.34,-2.25,-0.25,0.7
267,2016-02-15,10.45,10.83,10.94,10.36,37624,135985962.0,5.35,-0.09,-0.01,0.61
268,2016-02-16,10.89,11.29,11.32,10.89,67387,253683695.0,3.97,4.25,0.46,1.08
269,2016-02-17,11.29,11.26,11.32,11.07,67589,254495889.0,2.21,-0.27,-0.03,1.09
270,2016-02-18,11.35,11.25,11.44,11.22,71434,271549328.0,1.95,-0.09,-0.01,1.15
271,2016-02-19,11.26,11.34,11.44,11.23,59951,228175991.0,1.87,0.8,0.09,0.96
272,2016-02-22,11.44,11.45,11.52,11.32,65734,251585644.0,1.76,0.97,0.11,1.06
273,2016-02-23,11.49,11.21,11.52,11.09,57976,219997687.0,3.76,-2.1,-0.24,0.93
274,2016-02-24,11.21,11.36,11.39,11.11,72773,275622064.0,2.5,1.34,0.15,1.17
275,2016-02-25,11.36,10.12,11.36,10.09,97620,350331296.0,11.18,-10.92,-1.24,1.57
276,2016-02-26,10.38,10.01,10.38,9.82,57431,197462626.0,5.53,-1.09,-0.11,0.92
277,2016-02-29,9.99,9.33,10.0,9.26,76564,248005590.0,7.39,-6.79,-0.68,1.23
278,2016-03-01,9.54,9.67,9.72,9.23,55614,180737189.0,5.25,3.64,0.34,0.89
279,2016-03-02,9.65,10.26,10.31,9.58,79288,267799108.0,7.55,6.1,0.59,1.28
280,2016-03-03,10.25,10.11,10.47,10.1,74247,258025189.0,3.61,-1.46,-0.15,1.19
281,2016-03-04,10.04,9.47,10.15,9.35,83004,274967536.0,7.91,-6.33,-0.64,1.33
282,2016-03-07,9.69,9.74,9.98,9.66,55874,187110627.0,3.38,2.85,0.27,0.9
283,2016-03-08,9.69,10.19,10.25,9.36,92074,308651760.0,9.14,4.62,0.45,1.48
284,2016-03-09,9.93,10.01,10.31,9.59,70739,241769043.0,7.07,-1.77,-0.18,1.14
285,2016-03-10,10.12,9.94,10.32,9.92,61089,209843793.0,4.0,-0.7,-0.07,0.98
286,2016-03-11,9.81,9.8,9.9,9.66,36151,120546414.0,2.41,-1.41,-0.14,0.58
287,2016-03-14,9.96,10.47,10.72,9.96,104910,371039552.0,7.76,6.84,0.67,1.69
288,2016-03-15,10.45,10.52,10.78,10.41,70280,252382626.0,3.53,0.48,0.05,1.13
289,2016-03-16,10.75,10.4,10.83,10.29,58334,207636064.0,5.13,-1.14,-0.12,0.94
290,2016-03-17,10.52,11.05,11.09,10.45,117759,430460544.0,6.15,6.25,0.65,1.89
291,2016-03-18,11.05,11.44,11.6,10.99,128335,487990912.0,5.52,3.53,0.39,2.06
292,2016-03-21,11.65,11.55,11.85,11.39,117014,452427936.0,4.02,0.96,0.11,1.88
293,2016-03-22,11.39,11.55,11.72,11.33,77855,301901568.0,3.38,0.0,0.0,1.25
294,2016-03-23,11.49,11.49,11.56,11.26,81459,311389840.0,2.6,-0.52,-0.06,1.31
295,2016-03-24,11.39,11.33,11.67,11.26,85617,329322016.0,3.57,-1.39,-0.16,1.38
296,2016-03-25,11.29,11.38,11.49,11.21,60396,229918085.0,2.47,0.44,0.05,0.97
297,2016-03-28,11.48,11.15,11.64,11.11,76025,290836688.0,4.66,-2.02,-0.23,1.22
298,2016-03-29,11.19,10.91,11.24,10.86,54802,203017822.0,3.41,-2.15,-0.24,0.88
299,2016-03-30,11.02,11.45,11.48,11.02,71002,268355085.0,4.22,4.95,0.54,1.14
300,2016-03-31,11.49,11.4,11.7,11.36,71131,275167072.0,2.97,-0.44,-0.05,1.14
301,2016-04-01,11.4,11.28,11.42,10.96,55172,207367432.0,4.04,-1.05,-0.12,0.89
302,2016-04-05,11.35,11.62,11.68,11.28,90063,347444256.0,3.55,3.01,0.34,1.45
303,2016-04-06,11.56,12.06,12.25,11.49,140084,556782480.0,6.54,3.79,0.44,2.25
304,2016-04-07,12.14,11.64,12.14,11.59,98290,388958160.0,4.56,-3.48,-0.42,1.58
305,2016-04-08,11.51,11.5,11.62,11.32,67604,259205900.0,2.58,-1.2,-0.14,1.09
306,2016-04-11,11.6,11.77,11.78,11.46,132721,516175152.0,2.78,2.35,0.27,2.13
307,2016-04-12,11.79,11.45,11.86,11.28,124150,479393088.0,4.93,-2.72,-0.32,2.0
308,2016-04-13,11.51,11.64,11.85,11.49,111809,438091168.0,3.14,1.66,0.19,1.8
309,2016-04-14,11.78,11.77,11.83,11.64,63542,249081435.0,1.63,1.12,0.13,1.02
310,2016-04-15,11.79,11.69,11.87,11.63,77459,304234848.0,2.04,-0.68,-0.08,1.25
311,2016-04-18,11.69,11.44,11.69,11.35,75656,290856368.0,2.91,-2.14,-0.25,1.22
312,2016-04-19,11.57,11.41,11.64,11.33,73263,281389712.0,2.71,-0.26,-0.03,1.18
313,2016-04-20,11.51,10.79,11.51,10.52,114641,423866352.0,8.68,-5.43,-0.62,1.84
314,2016-04-21,10.72,10.57,10.88,10.55,55792,201875899.0,3.06,-2.04,-0.22,0.9
315,2016-04-22,10.57,10.78,10.82,10.49,50201,181352621.0,3.12,1.99,0.21,0.81
316,2016-04-25,10.78,10.79,10.88,10.5,54683,197183300.0,3.53,0.09,0.01,0.88
317,2016-04-26,10.75,10.97,10.99,10.66,38159,140080342.0,3.06,1.67,0.18,0.61
318,2016-04-27,10.99,10.92,11.03,10.88,41797,154031964.0,1.37,-0.46,-0.05,0.67
319,2016-04-28,10.97,11.0,11.03,10.66,39616,145153243.0,3.39,0.73,0.08,0.64
320,2016-04-29,10.94,10.87,11.03,10.86,39083,143904838.0,1.55,-1.18,-0.13,0.63
321,2016-05-03,10.87,11.22,11.25,10.77,52517,196313140.0,4.42,3.22,0.35,0.84
322,2016-05-04,11.17,11.28,11.39,11.16,55564,210885661.0,2.05,0.53,0.06,0.89
323,2016-05-05,11.29,11.54,11.6,11.24,64077,246163206.0,3.19,2.3,0.26,1.03
324,2016-05-06,11.62,11.02,11.62,11.0,84416,318511536.0,5.37,-4.51,-0.52,1.36
325,2016-05-09,11.02,10.72,11.03,10.66,44442,161646373.0,3.36,-2.72,-0.3,0.71
326,2016-05-10,10.71,10.7,10.83,10.59,34280,123851483.0,2.24,-0.19,-0.02,0.55
327,2016-05-11,10.77,10.44,10.81,10.41,39109,140776224.0,3.74,-2.43,-0.26,0.63
328,2016-05-12,10.46,10.66,10.74,10.39,40130,143398883.0,3.35,2.11,0.22,0.64
329,2016-05-13,10.66,10.58,10.82,10.53,33063,119297848.0,2.72,-0.75,-0.08,0.53
330,2016-05-16,10.54,10.81,10.82,10.54,35322,128142504.0,2.65,2.17,0.23,0.57
331,2016-05-17,10.91,10.84,11.05,10.68,48494,177305089.0,3.42,0.28,0.03,0.78
332,2016-05-18,10.81,10.22,10.81,10.14,116710,201427936.0,6.18,-5.72,-0.62,0.94
333,2016-05-19,10.24,10.54,10.65,10.22,103259,179633414.0,4.21,3.13,0.32,0.83
334,2016-05-20,10.4,10.62,10.66,10.34,70571,123890669.0,3.04,0.76,0.08,0.57
335,2016-05-23,10.62,11.03,11.06,10.62,128185,232695825.0,4.14,3.86,0.41,1.03
336,2016-05-24,10.92,10.84,10.98,10.7,83506,150313108.0,2.54,-1.72,-0.19,0.67
337,2016-05-25,10.9,10.84,11.12,10.77,84889,154150586.0,3.23,0.0,0.0,0.68
338,2016-05-26,10.82,10.98,11.02,10.51,87324,156901622.0,4.7,1.29,0.14,0.7
339,2016-05-27,10.94,10.78,11.01,10.73,61311,110850265.0,2.55,-1.82,-0.2,0.49
340,2016-05-30,10.72,10.56,10.81,10.48,64648,114501091.0,3.06,-2.04,-0.22,0.52
341,2016-05-31,10.6,11.11,11.12,10.52,152680,277751312.0,5.68,5.21,0.55,1.22
342,2016-06-01,11.09,11.2,11.5,11.03,173832,325544832.0,4.23,0.81,0.09,1.39
343,2016-06-02,11.2,11.29,11.47,11.12,128524,240238326.0,3.13,0.8,0.09,1.03
344,2016-06-03,11.24,11.7,11.91,11.19,276198,529749728.0,6.38,3.63,0.41,2.22
345,2016-06-06,11.66,11.57,11.78,11.48,146303,280074672.0,2.56,-1.11,-0.13,1.17
346,2016-06-07,11.58,11.72,11.78,11.47,135515,260928317.0,2.68,1.3,0.15,1.09
347,2016-06-08,11.7,11.53,11.7,11.44,114458,218782306.0,2.22,-1.62,-0.19,0.92
348,2016-06-13,11.39,10.74,11.4,10.74,178243,327798528.0,5.72,-6.85,-0.79,1.43
349,2016-06-14,10.7,10.66,10.82,10.53,87049,154669782.0,2.7,-0.74,-0.08,0.7
350,2016-06-15,10.52,11.1,11.17,10.5,113845,207880402.0,6.29,4.13,0.44,0.91
351,2016-06-16,11.12,11.51,11.95,11.1,297488,571059728.0,7.66,3.69,0.41,2.39
352,2016-06-17,11.56,11.46,11.66,11.29,158941,301902240.0,3.21,-0.43,-0.05,1.28
353,2016-06-20,11.46,11.38,11.52,11.16,89273,167477952.0,3.14,-0.7,-0.08,0.72
354,2016-06-21,11.44,11.26,11.78,11.18,138144,262774379.0,5.27,-1.05,-0.12,1.11
355,2016-06-22,11.29,11.68,11.74,11.22,147802,282527184.0,4.62,3.73,0.42,1.19
356,2016-06-23,11.68,11.49,11.74,11.33,124972,237878158.0,3.51,-1.63,-0.19,1.0
357,2016-06-24,11.37,11.4,11.62,11.08,159293,299821776.0,4.7,-0.78,-0.09,1.28
358,2016-06-27,11.39,12.02,12.28,11.38,371454,726103568.0,7.89,5.44,0.62,2.98
359,2016-06-28,11.88,11.87,12.02,11.66,244609,478067376.0,3.0,-1.25,-0.15,1.96
360,2016-06-29,12.01,11.84,12.07,11.68,184832,360174832.0,3.29,-0.25,-0.03,1.48
361,2016-06-30,11.82,11.76,11.88,11.7,134751,262124402.0,1.52,-0.68,-0.08,1.07
362,2016-07-01,11.79,11.61,11.88,11.54,136827,264485990.0,2.89,-1.28,-0.15,1.09
363,2016-07-04,11.6,11.86,11.87,11.5,182115,352037488.0,3.19,2.15,0.25,1.45
364,2016-07-05,11.78,11.77,11.89,11.69,115293,223931487.0,1.69,-0.76,-0.09,0.92
365,2016-07-06,11.76,11.63,11.76,11.58,118004,227182855.0,1.53,-1.19,-0.14,0.94
366,2016-07-07,11.59,11.6,11.71,11.36,151267,288086160.0,3.01,-0.26,-0.03,1.2
367,2016-07-08,11.51,11.49,11.7,11.37,142821,272402112.0,2.84,-0.95,-0.11,1.13
368,2016-07-11,11.49,11.35,11.55,11.35,142815,270372384.0,1.74,-1.22,-0.14,1.13
369,2016-07-12,11.34,11.56,11.57,11.22,147061,277739824.0,3.08,1.85,0.21,1.16
370,2016-07-13,11.59,11.72,11.87,11.5,177783,343901440.0,3.2,1.38,0.16,1.41
371,2016-07-14,11.76,11.67,11.78,11.58,110078,211919529.0,1.71,-0.43,-0.05,0.87
372,2016-07-15,11.68,11.52,11.72,11.47,97446,186079342.0,2.14,-1.29,-0.15,0.77
373,2016-07-18,11.42,11.51,11.69,11.36,111373,212316426.0,2.86,-0.09,-0.01,0.88
374,2016-07-19,11.53,11.58,11.6,11.4,69218,131763096.0,1.74,0.61,0.07,0.55
375,2016-07-20,11.66,11.51,11.66,11.5,70161,134012424.0,1.38,-0.6,-0.07,0.56
376,2016-07-21,11.56,11.52,11.67,11.43,100485,191873011.0,2.09,0.09,0.01,0.8
377,2016-07-22,11.48,11.46,11.54,11.36,77359,146317009.0,1.56,-0.52,-0.06,0.61
378,2016-07-25,11.46,11.39,11.52,11.36,67943,128471607.0,1.4,-0.61,-0.07,0.54
379,2016-07-26,11.42,11.55,11.6,11.39,94753,180458450.0,1.84,1.4,0.16,0.75
380,2016-07-27,11.58,10.96,11.59,10.76,211598,391969216.0,7.19,-5.11,-0.59,1.67
381,2016-07-28,10.93,10.99,11.08,10.82,122341,222948857.0,2.37,0.27,0.03,0.97
382,2016-07-29,10.98,10.79,11.04,10.77,62775,113498484.0,2.46,-1.82,-0.2,0.5
383,2016-08-01,10.84,10.66,10.84,10.54,71487,126859871.0,2.78,-1.2,-0.13,0.57
384,2016-08-02,10.74,10.66,10.8,10.55,75418,133908278.0,2.35,0.0,0.0,0.6
385,2016-08-03,10.63,10.6,10.69,10.56,61457,108682792.0,1.22,-0.56,-0.06,0.49
386,2016-08-04,10.62,10.7,10.75,10.58,57103,101566943.0,1.6,0.94,0.1,0.45
387,2016-08-05,10.7,10.52,10.76,10.47,67155,118730967.0,2.71,-1.68,-0.18,0.53
388,2016-08-08,10.56,10.74,10.74,10.51,54038,95996244.0,2.19,2.09,0.22,0.43
389,2016-08-09,10.82,11.24,11.28,10.76,187728,345174144.0,4.84,4.66,0.5,1.49
390,2016-08-10,11.22,11.08,11.29,11.07,103674,191813829.0,1.96,-1.42,-0.16,0.82
391,2016-08-11,11.09,10.95,11.2,10.94,59976,110066828.0,2.35,-1.17,-0.13,0.47
392,2016-08-12,10.92,11.06,11.12,10.89,54537,99543956.0,2.1,1.0,0.11,0.43
393,2016-08-15,11.13,11.6,11.76,11.13,282989,541051728.0,5.7,4.88,0.54,2.24
394,2016-08-16,11.69,11.62,11.73,11.52,146805,281874608.0,1.81,0.17,0.02,1.16
395,2016-08-17,11.62,11.64,11.76,11.58,112411,216189066.0,1.55,0.17,0.02,0.89
396,2016-08-18,11.66,11.52,11.66,11.44,102588,195659055.0,1.89,-1.03,-0.12,0.81
397,2016-08-19,11.52,11.54,11.69,11.52,87187,167184586.0,1.48,0.17,0.02,0.69
398,2016-08-22,11.56,11.69,11.95,11.56,207979,403924160.0,3.38,1.3,0.15,1.65
399,2016-08-23,11.73,11.6,11.76,11.52,109699,210894644.0,2.05,-0.77,-0.09,0.87
400,2016-08-24,11.66,11.9,12.0,11.64,217766,425929808.0,3.1,2.59,0.3,1.72
401,2016-08-25,11.82,11.72,11.82,11.52,172146,330719440.0,2.52,-1.51,-0.18,1.36
402,2016-08-26,11.74,11.59,11.79,11.53,106846,205952959.0,2.22,-1.11,-0.13,0.85
403,2016-08-29,11.56,11.6,11.73,11.52,90346,173563414.0,1.81,0.09,0.01,0.71
404,2016-08-30,11.62,11.67,11.76,11.58,90160,173980749.0,1.55,0.6,0.07,0.71
405,2016-08-31,11.72,11.61,11.72,11.53,72679,139363471.0,1.63,-0.51,-0.06,0.57
406,2016-09-01,11.59,11.49,11.65,11.49,68880,131649104.0,1.38,-1.03,-0.12,0.54
407,2016-09-02,11.49,11.47,11.66,11.42,104564,199505231.0,2.09,-0.17,-0.02,0.83
408,2016-09-05,11.49,11.34,11.62,11.29,92759,175911203.0,2.88,-1.13,-0.13,0.73
409,2016-09-06,11.39,11.59,11.59,11.25,116606,220975020.0,3.0,2.2,0.25,0.92
410,2016-09-07,11.6,11.57,11.72,11.49,96927,185537853.0,1.98,-0.17,-0.02,0.77
411,2016-09-08,11.54,11.58,11.6,11.52,58273,111328144.0,0.69,0.09,0.01,0.46
412,2016-09-09,11.59,11.3,11.6,11.3,111913,211479507.0,2.59,-2.42,-0.28,0.88
413,2016-09-12,11.16,10.96,11.18,10.87,116592,212950499.0,2.74,-3.01,-0.34,0.92
414,2016-09-13,11.04,11.06,11.12,10.89,67726,124028619.0,2.1,0.91,0.1,0.54
415,2016-09-14,11.02,11.22,11.4,10.99,92433,172377655.0,3.71,1.45,0.16,0.73
416,2016-09-19,11.21,11.22,11.4,11.17,69653,129898912.0,2.05,0.0,0.0,0.55
417,2016-09-20,11.3,11.25,11.33,11.14,54670,101764289.0,1.69,0.27,0.03,0.43
418,2016-09-21,11.28,11.25,11.38,11.23,57639,107849218.0,1.33,0.0,0.0,0.46
419,2016-09-22,11.38,11.3,11.4,11.27,69745,130857917.0,1.16,0.44,0.05,0.55
420,2016-09-23,11.31,11.26,11.34,11.18,52720,98223077.0,1.42,-0.35,-0.04,0.42
421,2016-09-26,11.22,10.96,11.36,10.94,68631,127167718.0,3.73,-2.66,-0.3,0.54
422,2016-09-27,10.97,11.12,11.14,10.97,49550,90948587.0,1.55,1.46,0.16,0.39
423,2016-09-28,11.19,11.15,11.19,11.03,39937,73620019.0,1.44,0.27,0.03,0.32
424,2016-09-29,11.11,11.36,11.41,11.1,82214,154108443.0,2.78,1.88,0.21,0.65
425,2016-09-30,11.36,11.43,11.52,11.32,72733,137387834.0,1.76,0.62,0.07,0.57
426,2016-10-10,11.58,11.71,11.77,11.48,118251,227568856.0,2.54,2.45,0.28,0.93
427,2016-10-11,11.73,11.87,11.98,11.59,173859,339471504.0,3.33,1.37,0.16,1.37
428,2016-10-12,11.81,12.59,13.04,11.76,374069,769761008.0,10.78,6.07,0.72,2.95
429,2016-10-13,12.56,12.52,12.71,12.4,155916,320973632.0,2.46,-0.56,-0.07,1.23
430,2016-10-14,12.46,12.56,12.64,12.29,128754,263265538.0,2.8,0.32,0.04,1.02
431,2016-10-17,12.65,12.51,12.78,12.43,134300,276938352.0,2.79,-0.4,-0.05,1.06
432,2016-10-18,12.46,12.64,12.66,12.31,118589,243019025.0,2.8,1.04,0.13,0.94
433,2016-10-19,12.62,12.42,12.62,12.41,96797,198457130.0,1.66,-1.74,-0.22,0.76
434,2016-10-20,12.42,12.41,12.52,12.32,88653,180726582.0,1.61,-0.08,-0.01,0.7
435,2016-10-21,12.48,12.31,12.52,12.18,121307,245118746.0,2.74,-0.81,-0.1,0.96
436,2016-10-24,12.35,12.44,12.51,12.23,90984,185449586.0,2.27,1.06,0.13,0.72
437,2016-10-25,12.42,12.42,12.54,12.38,81900,167526974.0,1.29,-0.16,-0.02,0.65
438,2016-10-26,12.48,12.17,12.48,12.09,92482,185838276.0,3.14,-2.01,-0.25,0.73
439,2016-10-27,12.17,12.24,12.3,12.12,53338,107037408.0,1.48,0.58,0.07,0.42
440,2016-10-28,12.2,12.34,12.38,12.16,75009,151210561.0,1.8,0.82,0.1,0.59
441,2016-10-31,12.32,12.59,12.65,12.21,131447,270272640.0,3.57,2.03,0.25,1.04
442,2016-11-01,12.59,12.71,12.78,12.56,112638,234059193.0,1.75,0.95,0.12,0.89
443,2016-11-02,12.68,12.43,12.79,12.4,92643,190716589.0,3.07,-2.2,-0.28,0.73
444,2016-11-03,12.44,12.49,12.54,12.33,70953,145192176.0,1.69,0.48,0.06,0.56
445,2016-11-04,12.58,12.15,12.58,12.06,91714,185417439.0,4.16,-2.72,-0.34,0.72
446,2016-11-07,12.11,12.14,12.27,12.01,71204,141988667.0,2.14,-0.08,-0.01,0.56
447,2016-11-08,12.14,12.28,12.35,12.14,55160,111138520.0,1.73,1.15,0.14,0.44
448,2016-11-09,12.26,12.16,12.29,11.89,83149,165703024.0,3.26,-0.98,-0.12,0.66
449,2016-11-10,12.26,12.25,12.4,12.16,69975,141548829.0,1.97,0.74,0.09,0.55
450,2016-11-11,12.29,12.26,12.32,12.14,95885,192070904.0,1.47,0.08,0.01,0.76
451,2016-11-14,12.26,12.5,12.52,12.24,101321,206832428.0,2.28,1.96,0.24,0.8
452,2016-11-15,12.5,12.45,12.6,12.31,95711,195775109.0,2.32,-0.4,-0.05,0.75
453,2016-11-16,12.48,12.85,13.04,12.46,241139,507661616.0,4.66,3.21,0.4,1.9
454,2016-11-17,12.86,12.86,12.94,12.7,114933,241423013.0,1.87,0.08,0.01,0.91
455,2016-11-18,12.86,12.74,13.16,12.72,109065,231073442.0,3.42,-0.93,-0.12,0.86
456,2016-11-21,12.66,12.58,12.76,12.5,78416,162141411.0,2.04,-1.26,-0.16,0.62
457,2016-11-22,12.6,12.88,12.97,12.6,126437,265581082.0,2.94,2.38,0.3,1.0
458,2016-11-23,12.83,13.17,13.6,12.83,228565,494059456.0,5.98,2.25,0.29,1.8
459,2016-11-24,13.09,12.96,13.48,12.9,137629,296031760.0,4.4,-1.59,-0.21,1.09
460,2016-11-25,12.96,12.96,13.1,12.66,117118,246252769.0,3.4,0.0,0.0,0.92
461,2016-11-28,13.01,13.2,13.26,12.92,134501,288463040.0,2.62,1.85,0.24,1.06
462,2016-11-29,13.16,12.95,13.26,12.91,101027,215776603.0,2.65,-1.89,-0.25,0.8
463,2016-11-30,12.96,12.89,13.14,12.82,103108,218600537.0,2.47,-0.46,-0.06,0.81
464,2016-12-01,12.85,12.79,12.98,12.72,81117,170378804.0,2.02,-0.78,-0.1,0.64
465,2016-12-02,12.77,12.76,12.93,12.7,73712,154580299.0,1.8,-0.23,-0.03,0.58
466,2016-12-05,12.69,12.86,13.19,12.61,117569,249264038.0,4.55,0.78,0.1,0.93
467,2016-12-06,12.86,12.54,12.98,12.52,98340,206157939.0,3.58,-2.49,-0.32,0.78
468,2016-12-07,12.59,12.62,12.65,12.3,81409,166441387.0,2.79,0.64,0.08,0.64
469,2016-12-08,12.56,12.61,12.74,12.56,49021,101642797.0,1.43,-0.08,-0.01,0.39
470,2016-12-09,12.66,12.36,12.67,12.3,115228,235048442.0,2.93,-1.98,-0.25,0.91
471,2016-12-12,12.26,11.76,12.42,11.7,132374,261873296.0,5.83,-4.85,-0.6,1.04
472,2016-12-13,11.85,11.97,12.06,11.72,76087,149077521.0,2.89,1.79,0.21,0.6
473,2016-12-14,11.96,11.97,12.12,11.82,55224,109003577.0,2.51,0.0,0.0,0.44
474,2016-12-15,11.96,11.9,12.1,11.86,46813,92428663.0,2.01,-0.58,-0.07,0.37
475,2016-12-16,11.92,12.07,12.12,11.9,68491,135663012.0,1.85,1.43,0.17,0.54
476,2016-12-19,11.96,11.84,12.07,11.74,40119,78536106.0,2.73,-1.91,-0.23,0.32
477,2016-12-20,11.84,11.94,12.01,11.83,49792,97793243.0,1.52,0.84,0.1,0.39
478,2016-12-21,11.96,11.89,12.04,11.86,54845,107824295.0,1.51,-0.42,-0.05,0.43
479,2016-12-22,11.91,11.82,11.92,11.69,55652,108031601.0,1.93,-0.59,-0.07,0.44
480,2016-12-23,11.76,11.82,11.88,11.71,51566,100526711.0,1.44,0.0,0.0,0.41
481,2016-12-26,11.76,12.06,12.06,11.68,67527,132542238.0,3.21,2.03,0.24,0.53
482,2016-12-27,12.06,12.06,12.2,12.0,65474,130595957.0,1.66,0.0,0.0,0.52
483,2016-12-28,12.01,12.03,12.1,12.01,29005,57596379.0,0.75,-0.25,-0.03,0.23
484,2016-12-29,12.03,12.28,12.42,12.02,86140,173849127.0,3.33,2.08,0.25,0.68
485,2016-12-30,12.29,12.38,12.48,12.2,62621,127307456.0,2.28,0.81,0.1,0.49
486,2017-01-03,12.38,12.29,12.46,12.2,46750,94399470.0,2.1,-0.73,-0.09,0.37
487,2017-01-04,12.27,12.34,12.4,12.12,39429,79663868.0,2.28,0.41,0.05,0.31
488,2017-01-05,12.39,12.32,12.65,12.25,53401,109139027.0,3.24,-0.16,-0.02,0.42
489,2017-01-06,12.22,12.22,12.28,12.15,40996,82366566.0,1.06,-0.81,-0.1,0.32
490,2017-01-09,12.17,12.19,12.24,11.96,65004,129239654.0,2.29,-0.25,-0.03,0.51
491,2017-01-10,12.16,12.1,12.2,12.06,37210,74126180.0,1.15,-0.74,-0.09,0.29
492,2017-01-11,12.04,11.94,12.14,11.88,55791,110284052.0,2.15,-1.32,-0.16,0.44
493,2017-01-12,11.9,11.74,12.04,11.7,56424,110537239.0,2.85,-1.68,-0.2,0.44
494,2017-01-13,11.68,11.78,11.94,11.68,54989,107242578.0,2.21,0.34,0.04,0.43
495,2017-01-16,11.78,11.64,11.99,10.95,74716,144831733.0,8.83,-1.19,-0.14,0.59
496,2017-01-17,11.58,12.04,12.09,11.58,70274,138286672.0,4.38,3.44,0.4,0.55
497,2017-01-18,12.02,12.02,12.13,11.88,37417,73882192.0,2.08,-0.17,-0.02,0.29
498,2017-01-19,12.02,11.98,12.08,11.88,27360,54062325.0,1.66,-0.33,-0.04,0.22
499,2017-01-20,12.02,12.17,12.29,11.94,48924,98054403.0,2.92,1.59,0.19,0.37
500,2017-01-23,12.17,12.2,12.34,12.12,49023,98689428.0,1.81,0.25,0.03,0.37
501,2017-01-24,12.2,12.36,12.42,12.16,75571,153116335.0,2.13,1.31,0.16,0.57
502,2017-01-25,12.32,12.58,12.63,12.28,63299,130224460.0,2.83,1.78,0.22,0.48
503,2017-01-26,12.56,12.56,12.68,12.47,43746,90152018.0,1.67,-0.16,-0.02,0.33
504,2017-02-03,12.6,12.42,12.63,12.34,26873,54812722.0,2.31,-1.11,-0.14,0.21
505,2017-02-06,12.39,12.61,12.71,12.36,44831,92246602.0,2.82,1.53,0.19,0.35
506,2017-02-07,12.62,12.42,12.65,12.37,44751,91570973.0,2.22,-1.51,-0.19,0.35
507,2017-02-08,12.42,12.48,12.5,12.25,41466,84236471.0,2.01,0.48,0.06,0.32
508,2017-02-09,12.47,12.52,12.65,12.47,51599,106268813.0,1.44,0.32,0.04,0.4
509,2017-02-10,12.58,12.88,12.96,12.48,101864,211890330.0,3.83,2.88,0.36,0.79
510,2017-02-13,12.87,12.91,13.06,12.76,135053,285545760.0,2.33,0.23,0.03,1.05
511,2017-02-14,12.83,13.03,13.22,12.79,137594,294516944.0,3.33,0.93,0.12,1.07
512,2017-02-15,13.0,12.68,13.0,12.65,73844,154718844.0,2.69,-2.69,-0.35,0.58
513,2017-02-16,12.68,12.92,13.08,12.63,82587,174873025.0,3.55,1.89,0.24,0.64
514,2017-02-17,12.96,12.87,13.14,12.79,67798,143934367.0,2.71,-0.39,-0.05,0.53
515,2017-02-20,12.95,13.22,13.35,12.93,89479,193290353.0,3.26,2.72,0.35,0.7
516,2017-02-21,13.28,13.52,13.59,13.16,132924,291894688.0,3.25,2.27,0.3,1.04
517,2017-02-22,13.56,13.44,13.66,13.29,73962,162388020.0,2.74,-0.59,-0.08,0.58
518,2017-02-23,13.36,13.45,13.62,13.36,77469,170652284.0,1.93,0.07,0.01,0.6
519,2017-02-24,13.45,13.35,13.66,13.26,66335,145259487.0,2.97,-0.74,-0.1,0.52
520,2017-02-27,13.36,13.36,13.77,13.17,124366,273371648.0,4.49,0.07,0.01,0.97
521,2017-02-28,13.41,13.28,13.43,13.2,48987,106091216.0,1.72,-0.6,-0.08,0.38
522,2017-03-01,13.32,13.56,13.64,13.2,86012,188557586.0,3.31,2.11,0.28,0.67
523,2017-03-02,13.6,13.43,13.61,13.42,60310,132632836.0,1.4,-0.96,-0.13,0.47
524,2017-03-03,13.37,13.42,13.56,13.18,78071,170042606.0,2.83,-0.07,-0.01,0.61
525,2017-03-06,13.37,14.0,14.01,13.36,166139,374086640.0,4.84,4.32,0.58,1.3
526,2017-03-07,14.0,13.95,14.08,13.74,124061,280132416.0,2.43,-0.36,-0.05,0.97
527,2017-03-08,13.88,13.81,13.95,13.72,62981,141732243.0,1.65,-1.0,-0.14,0.49
528,2017-03-09,13.75,13.53,13.86,13.41,119757,265793701.0,3.26,-2.03,-0.28,0.93
529,2017-03-10,13.54,13.52,13.62,13.4,51201,112918730.0,1.63,-0.07,-0.01,0.4
530,2017-03-13,13.52,14.24,14.32,13.52,176872,403614480.0,5.92,5.33,0.72,1.38
531,2017-03-14,14.16,13.96,14.3,13.89,88967,203703286.0,2.88,-1.97,-0.28,0.69
532,2017-03-15,13.93,14.0,14.14,13.9,43244,98409819.0,1.72,0.29,0.04,0.34
533,2017-03-16,14.02,14.1,14.32,13.96,60083,137797242.0,2.57,0.71,0.1,0.47
534,2017-03-17,14.14,13.81,14.26,13.8,78887,180327034.0,3.26,-2.06,-0.29,0.62
535,2017-03-20,13.8,13.8,13.82,13.56,82022,182720331.0,1.88,-0.07,-0.01,0.64
536,2017-03-21,13.74,13.82,14.03,13.64,51576,116117261.0,2.83,0.14,0.02,0.4
537,2017-03-22,13.64,13.59,13.68,13.42,124232,274421216.0,1.88,-1.66,-0.23,0.97
538,2017-03-23,13.59,13.62,13.92,13.5,102162,227638830.0,3.09,0.22,0.03,0.8
539,2017-03-24,13.72,14.01,14.16,13.52,120172,270339600.0,4.7,2.86,0.39,0.94
540,2017-03-27,14.02,13.71,14.14,13.7,98293,221764914.0,3.14,-2.14,-0.3,0.77
541,2017-03-28,13.65,13.64,13.84,13.56,77605,172751004.0,2.04,-0.51,-0.07,0.61
542,2017-03-29,13.68,13.5,13.9,13.49,90902,202453980.0,3.01,-1.03,-0.14,0.71
543,2017-03-30,13.44,13.36,13.61,13.36,66822,146629657.0,1.85,-1.04,-0.14,0.52
544,2017-03-31,13.45,13.46,13.58,13.38,56151,123192816.0,1.5,0.75,0.1,0.44
545,2017-04-05,13.49,13.87,14.02,13.49,94983,214289604.0,3.94,3.05,0.41,0.74
546,2017-04-06,13.96,13.94,14.02,13.8,60457,136818829.0,1.59,0.5,0.07,0.47
547,2017-04-07,13.89,14.14,14.29,13.79,115507,264573331.0,3.59,1.43,0.2,0.9
548,2017-04-10,14.22,14.15,14.39,14.02,116419,268692944.0,2.62,0.07,0.01,0.91
549,2017-04-11,14.26,14.16,14.26,13.89,85551,195371470.0,2.61,0.07,0.01,0.67
550,2017-04-12,14.29,14.25,14.48,14.16,65107,150928537.0,2.26,0.64,0.09,0.51
551,2017-04-13,14.26,14.3,14.52,13.96,84642,197534253.0,3.93,0.35,0.05,0.66
552,2017-04-14,14.26,14.36,14.65,14.16,91318,213704053.0,3.43,0.42,0.06,0.71
553,2017-04-17,14.37,14.62,14.74,14.33,81658,193247007.0,2.86,1.81,0.26,0.64
554,2017-04-18,14.62,14.02,14.8,14.02,133238,312536672.0,5.34,-4.1,-0.6,1.04
555,2017-04-19,14.02,14.24,14.29,13.89,96110,220262424.0,2.85,1.57,0.22,0.75
556,2017-04-20,14.24,14.12,14.48,13.97,91388,211246394.0,3.58,-0.84,-0.12,0.71
557,2017-04-21,14.14,14.53,14.65,14.08,102162,239929728.0,4.04,2.9,0.41,0.8
558,2017-04-24,14.53,14.38,14.64,13.99,86118,200871664.0,4.47,-1.03,-0.15,0.67
559,2017-04-25,14.29,14.61,14.86,14.29,108367,257791806.0,3.96,1.6,0.23,0.85
560,2017-04-26,14.66,14.77,15.09,14.58,108076,260278902.0,3.49,1.1,0.16,0.84
561,2017-04-27,14.76,14.64,14.76,14.15,83642,196419791.0,4.13,-0.88,-0.13,0.65
562,2017-04-28,14.6,14.48,14.86,14.38,75719,178973532.0,3.28,-1.09,-0.16,0.59
563,2017-05-02,14.46,14.74,14.78,14.37,56830,134424015.0,2.83,1.8,0.26,0.44
564,2017-05-03,14.7,14.36,14.79,14.32,70340,165367285.0,3.19,-2.58,-0.38,0.55
565,2017-05-04,14.3,14.63,14.68,14.18,83117,195480942.0,3.48,1.88,0.27,0.65
566,2017-05-05,14.63,14.2,14.68,14.19,83315,194308257.0,3.35,-2.94,-0.43,0.65
567,2017-05-08,14.16,13.42,14.16,13.42,164546,367550384.0,5.21,-5.49,-0.78,1.28
568,2017-05-09,13.42,13.68,13.82,12.86,136581,296919424.0,7.15,1.94,0.26,1.07
569,2017-05-10,13.58,13.4,13.88,13.37,73240,162724212.0,3.73,-2.05,-0.28,0.57
570,2017-05-11,13.38,13.62,13.66,13.16,73324,160971834.0,3.73,1.64,0.22,0.57
571,2017-05-12,13.65,13.95,13.97,13.55,69032,154691456.0,3.08,2.42,0.33,0.54
572,2017-05-15,13.95,14.16,14.22,13.95,67094,154214537.0,1.94,1.51,0.21,0.52
573,2017-05-16,14.16,14.31,14.34,13.99,61908,142529830.0,2.47,1.06,0.15,0.48
574,2017-05-17,14.32,14.32,14.64,14.25,63341,148162534.0,2.73,0.07,0.01,0.49
575,2017-05-18,14.36,14.32,14.42,14.22,54176,125988647.0,1.4,0.0,0.0,0.42
576,2017-05-19,14.34,14.22,14.4,14.12,52256,120913885.0,1.96,-0.7,-0.1,0.41
577,2017-05-22,14.14,14.42,14.48,14.13,61702,143583156.0,2.46,1.41,0.2,0.48
578,2017-05-23,14.44,14.46,14.62,14.08,111003,259527112.0,3.74,0.28,0.04,0.87
579,2017-05-24,14.36,14.12,14.36,13.96,93230,213958697.0,2.77,-2.35,-0.34,0.73
580,2017-05-25,14.12,14.09,14.31,13.88,63326,144941781.0,3.05,-0.21,-0.03,0.49
581,2017-05-26,14.15,13.99,14.21,13.69,96130,215320764.0,3.69,-0.71,-0.1,0.75
582,2017-05-31,14.14,14.34,14.41,13.89,92295,210297144.0,3.72,2.5,0.35,0.72
583,2017-06-01,14.36,14.27,14.39,14.14,51295,117318142.0,1.74,-0.49,-0.07,0.4
584,2017-06-02,14.13,13.97,14.53,13.74,92640,209260528.0,5.54,-2.1,-0.3,0.72
585,2017-06-05,13.98,13.75,14.09,13.7,74631,166425449.0,2.79,-1.57,-0.22,0.58
586,2017-06-06,13.75,13.97,13.97,13.7,46438,103601272.0,1.96,1.6,0.22,0.36
587,2017-06-07,13.89,14.45,14.47,13.87,119544,272662080.0,4.29,3.44,0.48,0.93
588,2017-06-08,14.37,14.63,14.65,14.27,97262,225391906.0,2.63,1.25,0.18,0.76
589,2017-06-09,14.55,14.61,14.69,14.36,71304,166073724.0,2.26,-0.14,-0.02,0.56
590,2017-06-12,14.61,14.8,14.83,14.47,95859,225361420.0,2.46,1.3,0.19,0.75
591,2017-06-13,14.81,15.0,15.19,14.75,110296,265209102.0,2.97,1.35,0.2,0.86
592,2017-06-14,15.01,14.97,15.11,14.86,57613,137881833.0,1.67,-0.2,-0.03,0.45
593,2017-06-15,14.91,14.91,15.23,14.74,105705,253897161.0,3.27,-0.4,-0.06,0.82
594,2017-06-16,15.0,15.02,15.18,14.88,67431,162012239.0,2.01,0.74,0.11,0.53
595,2017-06-19,15.15,15.47,15.48,15.01,121448,297128192.0,3.13,3.0,0.45,0.95
596,2017-06-20,15.51,15.55,15.89,15.34,132873,332005088.0,3.56,0.52,0.08,1.04
597,2017-06-21,15.51,15.77,16.01,15.47,109703,276031136.0,3.47,1.41,0.22,0.86
598,2017-06-22,15.67,15.55,15.97,15.46,103729,260532551.0,3.23,-1.4,-0.22,0.81
599,2017-06-23,15.47,15.99,15.99,15.43,89638,224623727.0,3.6,2.83,0.44,0.7
600,2017-06-26,15.95,16.0,16.21,15.88,80355,205012082.0,2.06,0.06,0.01,0.63
601,2017-06-27,15.95,16.01,16.22,15.84,71466,183146303.0,2.38,0.06,0.01,0.56
602,2017-06-28,16.01,15.47,16.01,15.38,94191,234532502.0,3.94,-3.37,-0.54,0.73
603,2017-06-29,15.53,15.93,15.99,15.52,92212,232326894.0,3.04,2.97,0.46,0.72
604,2017-06-30,15.87,16.03,16.27,15.82,83886,214678948.0,2.82,0.63,0.1,0.66
605,2017-07-03,16.02,15.38,16.09,15.27,226461,557587712.0,5.12,-4.05,-0.65,1.78
606,2017-07-04,15.37,15.49,15.55,15.02,120369,292983600.0,3.45,0.72,0.11,0.94
607,2017-07-05,15.41,15.36,15.51,15.21,106522,260994906.0,1.94,-0.84,-0.13,0.84
608,2017-07-06,15.44,15.59,15.91,15.41,119182,297788736.0,3.26,1.5,0.23,0.94
609,2017-07-07,15.63,15.35,15.67,15.25,64031,157878471.0,2.69,-1.54,-0.24,0.5
610,2017-07-10,15.25,15.23,15.38,14.79,139813,336616528.0,3.84,-0.78,-0.12,1.1
611,2017-07-11,15.21,15.15,15.35,15.11,66978,162800470.0,1.58,-0.53,-0.08,0.53
612,2017-07-12,15.08,15.43,15.46,15.05,77478,188899188.0,2.71,1.85,0.28,0.61
613,2017-07-13,15.01,15.02,15.37,14.91,112366,271698336.0,2.98,-2.66,-0.41,0.88
614,2017-07-14,15.07,15.39,15.48,15.07,73436,179675291.0,2.73,2.46,0.37,0.58
615,2017-07-17,15.41,14.81,15.48,14.74,98723,237385890.0,4.81,-3.77,-0.58,0.78
616,2017-07-18,14.73,15.07,15.07,14.73,54371,130233968.0,2.3,1.76,0.26,0.43
617,2017-07-19,15.09,15.26,15.27,14.93,47934,116255981.0,2.26,1.26,0.19,0.38
618,2017-07-20,15.26,15.5,15.81,15.21,104701,260851763.0,3.93,1.57,0.24,0.82
619,2017-07-21,15.46,15.5,15.79,15.41,56226,140014243.0,2.45,0.0,0.0,0.44
620,2017-07-24,15.5,15.67,15.77,15.33,74247,184807487.0,2.84,1.1,0.17,0.58
621,2017-07-25,15.65,15.78,16.22,15.61,108347,275041536.0,3.89,0.7,0.11,0.85
622,2017-07-26,15.81,15.59,15.95,15.46,66513,165805751.0,3.11,-1.2,-0.19,0.52
623,2017-07-27,15.66,16.06,16.11,15.37,103541,261196868.0,4.75,3.01,0.47,0.81
624,2017-07-28,16.01,15.65,16.23,15.6,79621,201936264.0,3.92,-2.55,-0.41,0.62
625,2017-07-31,15.56,15.57,15.83,15.51,57287,142913509.0,2.04,-0.51,-0.08,0.45
626,2017-08-01,15.31,15.15,15.33,15.01,120153,290917184.0,2.06,-2.7,-0.42,0.94
627,2017-08-02,15.15,15.47,15.51,15.11,68888,169095785.0,2.64,2.11,0.32,0.54
628,2017-08-03,15.41,15.42,15.78,15.33,84136,209305657.0,2.91,-0.32,-0.05,0.66
629,2017-08-04,15.34,15.41,15.54,15.23,43770,107729235.0,2.01,-0.06,-0.01,0.34
630,2017-08-07,15.49,15.66,15.74,15.35,53673,133992215.0,2.53,1.62,0.25,0.42
631,2017-08-08,15.67,15.51,15.84,15.49,59223,147815768.0,2.23,-0.96,-0.15,0.46
632,2017-08-09,15.54,15.66,15.75,15.51,46128,115259323.0,1.55,0.97,0.15,0.36
633,2017-08-10,15.67,15.69,15.91,15.53,56812,142404726.0,2.43,0.19,0.03,0.45
634,2017-08-11,15.63,15.49,15.76,15.39,52321,129907327.0,2.36,-1.27,-0.2,0.41
635,2017-08-14,15.41,15.95,15.97,15.41,89281,225025172.0,3.62,2.97,0.46,0.7
636,2017-08-15,15.95,16.07,16.18,15.79,76548,194890296.0,2.45,0.75,0.12,0.6
637,2017-08-16,16.08,16.31,16.41,15.94,135390,349399856.0,2.92,1.49,0.24,1.06
638,2017-08-17,16.27,16.63,17.16,16.04,197661,521062048.0,6.87,1.96,0.32,1.55
639,2017-08-18,16.45,16.31,16.51,16.27,77391,201708478.0,1.44,-1.92,-0.32,0.61
640,2017-08-21,16.29,16.21,16.41,16.01,87379,225028521.0,2.45,-0.61,-0.1,0.68
641,2017-08-22,16.21,16.22,16.32,16.07,74747,192884418.0,1.54,0.06,0.01,0.59
642,2017-08-23,16.28,16.41,16.58,16.21,119012,311005680.0,2.28,1.17,0.19,0.93
643,2017-08-24,16.37,15.89,16.4,15.89,110115,281262560.0,3.11,-3.17,-0.52,0.86
644,2017-08-25,15.89,16.15,16.33,15.89,64691,166446659.0,2.77,1.64,0.26,0.51
645,2017-08-28,16.29,16.53,16.93,16.22,194364,514079664.0,4.4,2.35,0.38,1.52
646,2017-08-29,16.51,16.65,16.8,16.45,81193,214941037.0,2.12,0.73,0.12,0.64
647,2017-08-30,16.61,16.69,16.7,16.44,77738,204652626.0,1.56,0.24,0.04,0.61
648,2017-08-31,16.75,16.61,17.05,16.43,105544,280855488.0,3.71,-0.48,-0.08,0.83
649,2017-09-01,16.61,16.93,17.02,16.37,116486,309648416.0,3.91,1.93,0.32,0.91
650,2017-09-04,16.86,17.41,17.45,16.71,149037,406646832.0,4.37,2.84,0.48,1.17
651,2017-09-05,17.31,17.51,17.63,17.16,127229,350594576.0,2.7,0.57,0.1,1.0
652,2017-09-06,17.36,17.75,17.78,17.28,134150,374423520.0,2.86,1.37,0.24,1.05
653,2017-09-07,17.68,17.6,18.27,17.59,130300,369528432.0,3.83,-0.85,-0.15,1.02
654,2017-09-08,17.59,17.69,17.8,17.26,81035,225282794.0,3.07,0.51,0.09,0.63
655,2017-09-11,17.71,18.0,18.43,17.71,163186,469017104.0,4.07,1.75,0.31,1.28
656,2017-09-12,18.13,18.17,18.38,17.9,104157,300023072.0,2.67,0.94,0.17,0.82
657,2017-09-13,18.11,17.99,18.26,17.93,68518,195700956.0,1.82,-0.99,-0.18,0.54
658,2017-09-14,17.93,17.57,18.07,17.45,85983,241806514.0,3.45,-2.33,-0.42,0.67
659,2017-09-15,17.55,17.89,18.01,17.53,46705,131877850.0,2.73,1.82,0.32,0.37
660,2017-09-18,17.96,17.67,18.11,17.61,67302,190045282.0,2.79,-1.23,-0.22,0.53
661,2017-09-19,17.63,17.47,17.8,17.29,100268,277104224.0,2.89,-1.13,-0.2,0.79
662,2017-09-20,17.41,17.92,17.99,17.34,71828,201343862.0,3.72,2.58,0.45,0.56
663,2017-09-21,17.91,17.8,18.27,17.79,73892,211008480.0,2.68,-0.67,-0.12,0.58
664,2017-09-22,17.78,17.99,18.07,17.53,57227,161406181.0,3.03,1.07,0.19,0.45
665,2017-09-25,18.01,17.34,18.04,17.24,85375,236640155.0,4.45,-3.61,-0.65,0.67
666,2017-09-26,17.33,17.32,17.53,17.19,52432,144184693.0,1.96,-0.12,-0.02,0.41
667,2017-09-27,17.41,17.77,17.88,17.31,49265,137698174.0,3.29,2.6,0.45,0.39
668,2017-09-28,17.82,18.16,18.21,17.78,85453,244673742.0,2.42,2.19,0.39,0.67
669,2017-09-29,18.24,18.27,18.43,17.96,79049,228072701.0,2.59,0.61,0.11,0.62
670,2017-10-09,18.4,18.67,18.87,18.21,104734,307957968.0,3.61,2.19,0.4,0.82
671,2017-10-10,18.7,18.89,18.98,18.27,101855,299951648.0,3.8,1.18,0.22,0.8
672,2017-10-11,18.86,18.67,18.96,18.45,73907,218604547.0,2.7,-1.16,-0.22,0.58
673,2017-10-12,18.67,19.03,19.14,18.67,75215,225534755.0,2.52,1.93,0.36,0.59
674,2017-10-13,19.0,18.94,19.13,18.74,63016,188389200.0,2.05,-0.47,-0.09,0.49
675,2017-10-16,18.68,18.41,18.68,18.11,136444,395836592.0,3.01,-2.8,-0.53,1.07
676,2017-10-17,18.41,19.0,19.01,18.28,77222,228112369.0,3.97,3.2,0.59,0.61
677,2017-10-18,19.0,19.07,19.29,18.67,64155,192118532.0,3.26,0.37,0.07,0.5
678,2017-10-19,19.07,18.69,19.19,18.68,52072,154857609.0,2.67,-1.99,-0.38,0.41
679,2017-10-20,18.57,18.8,18.87,18.41,31313,92126336.0,2.46,0.59,0.11,0.25
680,2017-10-23,18.74,18.79,19.13,18.63,47555,141537566.0,2.66,-0.05,-0.01,0.37
681,2017-10-24,18.73,19.44,19.45,18.57,94460,284583392.0,4.68,3.46,0.65,0.74
682,2017-10-25,19.34,19.4,19.54,19.04,89749,272967456.0,2.57,-0.21,-0.04,0.7
683,2017-10-26,19.47,19.01,19.47,18.95,101216,305650016.0,2.68,-2.01,-0.39,0.79
684,2017-10-27,19.01,19.21,19.27,18.87,57946,174687331.0,2.1,1.05,0.2,0.45
685,2017-10-30,19.12,18.96,19.23,18.72,67986,203315303.0,2.65,-1.3,-0.25,0.53
686,2017-10-31,18.97,19.58,19.65,18.84,105622,321700080.0,4.27,3.27,0.62,0.83
687,2017-11-01,19.57,19.39,19.73,19.21,85484,261896124.0,2.66,-0.97,-0.19,0.67
688,2017-11-02,19.4,19.09,19.78,19.06,112415,344600464.0,3.71,-1.55,-0.3,0.88
689,2017-11-03,19.0,18.88,19.01,18.65,74737,222478799.0,1.89,-1.1,-0.21,0.59
690,2017-11-06,18.89,18.94,19.19,18.81,103918,311484944.0,2.01,0.32,0.06,0.81
691,2017-11-07,18.97,18.09,19.0,18.02,203775,592506880.0,5.17,-4.49,-0.85,1.6
692,2017-11-08,18.08,18.31,18.4,17.93,156921,450016128.0,2.6,1.22,0.22,1.23
693,2017-11-09,18.18,18.74,18.83,18.08,94253,275740016.0,4.1,2.35,0.43,0.74
694,2017-11-10,18.67,19.32,19.56,18.59,143260,434026336.0,5.18,3.09,0.58,1.12
695,2017-11-13,19.6,19.65,19.67,19.11,127904,392143616.0,2.9,1.71,0.33,1.0
696,2017-11-14,19.64,19.02,19.85,18.98,112651,344053840.0,4.43,-3.21,-0.63,0.88
697,2017-11-15,19.02,17.65,19.03,17.37,221185,631752848.0,8.73,-7.2,-1.37,1.73
698,2017-11-16,17.61,17.76,17.89,16.93,145889,404013360.0,5.44,0.62,0.11,1.14
699,2017-11-17,17.62,17.65,17.73,17.14,132625,365848992.0,3.32,-0.62,-0.11,1.04
700,2017-11-20,17.46,18.04,18.09,17.13,102666,288394352.0,5.44,2.21,0.39,0.8
701,2017-11-21,17.95,17.85,18.14,17.53,90870,256142155.0,3.38,-1.05,-0.19,0.71
702,2017-11-22,17.77,17.73,18.29,17.55,81810,232155889.0,4.15,-0.67,-0.12,0.64
703,2017-11-23,17.67,16.87,17.79,16.65,116407,316600240.0,6.43,-4.85,-0.86,0.91
704,2017-11-24,16.78,16.86,17.18,16.73,71670,192679992.0,2.67,-0.06,-0.01,0.56
705,2017-11-27,16.8,16.15,16.86,16.07,95687,249997890.0,4.69,-4.21,-0.71,0.75
706,2017-11-28,16.15,16.35,16.54,16.11,65012,169043895.0,2.66,1.24,0.2,0.51
707,2017-11-29,16.42,16.74,16.83,16.29,74093,194503589.0,3.3,2.39,0.39,0.58
708,2017-11-30,16.75,16.38,16.81,16.27,56073,147475176.0,3.23,-2.15,-0.36,0.44
709,2017-12-01,16.34,17.17,17.34,16.34,88813,240649545.0,6.11,4.82,0.79,0.7
710,2017-12-04,17.14,17.01,17.37,16.94,51488,139757693.0,2.5,-0.93,-0.16,0.4
711,2017-12-05,16.96,16.56,17.14,16.35,75474,199934131.0,4.64,-2.65,-0.45,0.59
712,2017-12-06,16.41,16.78,16.84,16.25,56916,149157055.0,3.56,1.33,0.22,0.45
713,2017-12-07,16.63,16.45,16.74,16.41,34285,90443632.0,1.97,-1.97,-0.33,0.27
714,2017-12-08,16.41,16.97,17.21,16.39,58799,157577626.0,4.98,3.16,0.52,0.46
715,2017-12-11,17.01,17.39,17.46,16.91,54227,148819832.0,3.24,2.47,0.42,0.42
716,2017-12-12,17.27,17.21,17.4,17.18,27206,74542598.0,1.27,-1.04,-0.18,0.21
717,2017-12-13,17.43,17.45,17.57,17.14,41617,114753228.0,2.5,1.39,0.24,0.33
718,2017-12-14,17.46,17.77,17.89,17.38,63756,178171264.0,2.92,1.83,0.32,0.5
719,2017-12-15,17.8,17.54,17.87,17.45,40266,112477329.0,2.36,-1.29,-0.23,0.32
720,2017-12-18,17.54,17.47,17.9,17.21,46175,129311602.0,3.93,-0.4,-0.07,0.36
721,2017-12-19,17.67,17.45,17.67,17.39,43263,120013471.0,1.6,-0.11,-0.02,0.34
722,2017-12-20,17.53,17.12,17.65,17.02,41045,112083668.0,3.61,-1.89,-0.33,0.32
723,2017-12-21,17.02,17.69,17.81,17.01,88270,243141657.0,4.67,3.33,0.57,0.69
724,2017-12-22,17.67,18.03,18.17,17.55,73136,207706954.0,3.5,1.92,0.34,0.57
725,2017-12-25,18.0,17.53,18.01,17.51,49539,138533591.0,2.77,-2.77,-0.5,0.39
726,2017-12-26,17.53,17.75,17.92,17.51,46733,131544692.0,2.34,1.25,0.22,0.37
727,2017-12-27,17.83,18.05,18.39,17.74,101891,293024432.0,3.66,1.69,0.3,0.8
728,2017-12-28,18.04,18.12,18.32,17.83,56178,160505619.0,2.71,0.39,0.07,0.44
729,2017-12-29,18.23,18.35,18.47,18.07,71568,207295255.0,2.21,1.27,0.23,0.56
730,2018-01-02,18.33,18.71,18.92,18.31,98409,290283616.0,3.32,1.96,0.36,0.81
731,2018-01-03,18.64,18.61,18.71,18.42,69956,204733502.0,1.55,-0.53,-0.1,0.57
732,2018-01-04,18.53,18.25,18.53,18.0,86585,248816499.0,2.85,-1.93,-0.36,0.71
733,2018-01-05,18.27,17.87,18.27,17.75,70943,200901493.0,2.85,-2.08,-0.38,0.58
734,2018-01-08,17.84,17.53,18.0,17.37,88647,246275592.0,3.53,-1.9,-0.34,0.73
735,2018-01-09,17.47,17.49,17.53,17.11,113762,312401344.0,2.4,-0.23,-0.04,0.93
736,2018-01-10,17.55,17.34,17.59,17.16,75218,206168326.0,2.46,-0.86,-0.15,0.62
737,2018-01-11,17.33,16.96,17.33,16.81,96705,261588882.0,3.0,-2.19,-0.38,0.79
738,2018-01-12,16.99,17.01,17.11,16.79,55828,150598742.0,1.89,0.29,0.05,0.46
739,2018-01-15,17.02,16.58,17.31,16.57,91846,246700212.0,4.35,-2.53,-0.43,0.75
740,2018-01-16,16.73,16.75,16.94,16.57,74998,199290176.0,2.23,1.03,0.17,0.61
741,2018-01-17,16.75,16.55,16.9,16.19,113223,297735392.0,4.24,-1.19,-0.2,0.93
742,2018-01-18,16.51,16.97,17.02,16.43,80348,214747447.0,3.56,2.54,0.42,0.66
743,2018-01-19,17.04,16.99,17.33,16.9,61225,166221805.0,2.53,0.12,0.02,0.5
744,2018-01-22,17.02,17.01,17.28,16.74,90251,244219469.0,3.18,0.12,0.02,0.74
745,2018-01-23,16.93,17.41,17.63,16.85,161045,441685872.0,4.59,2.35,0.4,1.32
746,2018-01-24,17.41,18.17,18.34,17.35,238066,680619296.0,5.69,4.37,0.76,1.96
747,2018-01-25,17.93,17.81,18.46,17.81,117544,337525488.0,3.58,-1.98,-0.36,0.96
748,2018-01-26,17.81,17.91,18.07,17.67,73393,207979307.0,2.25,0.56,0.1,0.6
749,2018-01-29,17.87,18.31,18.34,17.52,129875,370092512.0,4.58,2.23,0.4,1.06
750,2018-01-30,18.25,18.01,18.49,17.76,66478,190029247.0,3.99,-1.64,-0.3,0.54
751,2018-01-31,18.04,17.73,18.19,17.38,81532,230361438.0,4.5,-1.55,-0.28,0.66
752,2018-02-01,17.97,17.34,18.24,17.31,84040,236626417.0,5.25,-2.2,-0.39,0.68
753,2018-02-02,17.25,17.94,18.05,17.11,66979,188140570.0,5.42,3.46,0.6,0.55
754,2018-02-05,17.7,18.26,18.34,17.68,85883,246675874.0,3.68,1.78,0.32,0.7
755,2018-02-06,17.99,17.71,18.2,17.55,77976,220764930.0,3.56,-3.01,-0.55,0.63
756,2018-02-07,18.05,17.15,18.17,17.14,71285,200829883.0,5.82,-3.16,-0.56,0.58
757,2018-02-08,17.15,17.46,17.96,17.01,117110,322781616.0,5.54,1.81,0.31,0.95
758,2018-02-09,16.98,16.61,17.51,16.17,96310,257116437.0,7.67,-4.87,-0.85,0.78
759,2018-02-12,16.69,17.79,17.87,16.68,85755,237566973.0,7.16,7.1,1.18,0.7
760,2018-02-13,17.95,18.46,18.61,17.95,126227,366722848.0,3.71,3.77,0.67,1.03
761,2018-02-14,18.49,18.61,18.77,18.23,94862,277313792.0,2.93,0.81,0.15,0.77
762,2018-02-22,18.68,18.61,18.77,18.36,67837,198968752.0,2.2,0.0,0.0,0.55
763,2018-02-23,18.54,18.46,18.61,18.1,71618,208081143.0,2.74,-0.81,-0.15,0.58
764,2018-02-26,18.54,19.3,19.32,18.2,161245,482377392.0,6.07,4.55,0.84,1.31
765,2018-02-27,19.21,19.67,20.22,19.21,237734,740290352.0,5.23,1.92,0.37,1.94
766,2018-02-28,19.54,20.03,20.77,19.47,174420,553478976.0,6.61,1.83,0.36,1.42
767,2018-03-01,20.05,20.23,20.46,19.84,101356,321827984.0,3.1,1.0,0.2,0.83
768,2018-03-02,19.98,20.23,21.13,19.98,161301,521758560.0,5.68,0.0,0.0,1.31
769,2018-03-05,20.51,20.44,20.61,19.85,104456,331524384.0,3.76,1.04,0.21,0.85
770,2018-03-06,20.31,20.34,20.54,20.18,77057,246906537.0,1.76,-0.49,-0.1,0.63
771,2018-03-07,20.21,19.99,20.27,19.75,80570,252996688.0,2.56,-1.72,-0.35,0.66
772,2018-03-08,20.14,20.07,20.4,19.59,66575,209658320.0,4.05,0.4,0.08,0.54
773,2018-03-09,20.04,21.09,21.24,19.87,165957,542112688.0,6.83,5.08,1.02,1.35
774,2018-03-12,21.22,22.1,22.48,21.22,211645,731391760.0,5.97,4.79,1.01,1.72
775,2018-03-13,21.95,21.84,22.15,21.49,96012,327509072.0,2.99,-1.18,-0.26,0.78
776,2018-03-14,21.67,21.37,21.71,21.3,93165,314017264.0,1.88,-2.15,-0.47,0.76
777,2018-03-15,21.24,21.91,21.99,21.07,99990,336848288.0,4.31,2.53,0.54,0.81
778,2018-03-16,21.9,21.22,22.21,21.21,115843,392279104.0,4.56,-3.15,-0.69,0.94
779,2018-03-19,21.23,21.53,21.93,20.74,108355,366880480.0,5.61,1.46,0.31,0.88
780,2018-03-20,21.21,22.82,22.94,21.14,173895,606057872.0,8.36,5.99,1.29,1.42
781,2018-03-21,22.53,22.03,22.79,21.91,122967,430150080.0,3.86,-3.46,-0.79,1.0
782,2018-03-22,22.03,21.8,22.38,21.64,107903,370982112.0,3.36,-1.04,-0.23,0.88
783,2018-03-23,20.38,20.48,21.51,20.38,184163,604190736.0,5.18,-6.06,-1.32,1.5
784,2018-03-26,20.34,21.47,21.82,20.05,175427,577239504.0,8.64,4.83,0.99,1.43
785,2018-03-27,21.67,21.84,22.41,21.61,124116,426983472.0,3.73,1.72,0.37,1.01
786,2018-03-28,21.54,20.93,22.19,20.68,160658,541813808.0,6.91,-4.17,-0.91,1.31
787,2018-03-29,21.04,21.41,21.8,20.89,115065,385205152.0,4.35,2.29,0.48,0.94
788,2018-03-30,21.4,22.58,22.58,21.4,160261,557416192.0,5.51,5.46,1.17,1.31
789,2018-04-02,22.49,22.77,23.24,22.15,160801,569027360.0,4.83,0.84,0.19,1.31
790,2018-04-03,22.33,22.3,23.33,22.02,179369,633536704.0,5.75,-2.06,-0.47,1.46
791,2018-04-04,22.47,21.9,22.57,21.76,95042,328026000.0,3.63,-1.79,-0.4,0.77
792,2018-04-09,21.68,21.02,22.06,21.02,110428,373657584.0,4.75,-4.02,-0.88,0.9
793,2018-04-10,21.07,20.33,21.22,19.79,247761,797095408.0,6.8,-3.28,-0.69,2.02
794,2018-04-11,20.41,20.34,20.81,20.09,161436,520095392.0,3.54,0.05,0.01,1.32
795,2018-04-12,20.35,20.29,20.6,20.22,63475,203818865.0,1.87,-0.25,-0.05,0.52
796,2018-04-13,20.36,20.72,21.04,20.36,110273,359677360.0,3.35,2.12,0.43,0.9
797,2018-04-16,20.55,20.99,21.21,20.54,91229,300412992.0,3.23,1.3,0.27,0.74
798,2018-04-17,21.01,19.94,21.34,19.87,123618,398811104.0,7.0,-5.0,-1.05,1.01
799,2018-04-18,20.01,20.23,20.53,19.81,127386,404665616.0,3.61,1.45,0.29,1.04
800,2018-04-19,20.14,19.94,20.39,19.84,91712,290073216.0,2.72,-1.43,-0.29,0.75
801,2018-04-20,19.94,19.68,20.27,19.61,73510,230156323.0,3.31,-1.3,-0.26,0.6
802,2018-04-23,19.67,19.83,20.15,19.61,72798,228448189.0,2.74,0.76,0.15,0.59
803,2018-04-24,20.01,20.74,20.74,19.77,105584,340234720.0,4.89,4.59,0.91,0.86
804,2018-04-25,20.65,21.02,21.34,20.39,117701,386715408.0,4.58,1.35,0.28,0.96
805,2018-04-26,21.02,20.94,21.19,20.58,101621,334393328.0,2.9,-0.38,-0.08,0.83
806,2018-04-27,21.03,20.89,21.19,20.47,68444,224292042.0,3.44,-0.24,-0.05,0.56
807,2018-05-02,21.18,21.17,21.46,20.88,86083,286465312.0,2.78,1.34,0.28,0.7
808,2018-05-03,21.01,21.31,21.49,20.59,79851,263551735.0,4.25,0.66,0.14,0.65
809,2018-05-04,21.11,20.41,21.26,20.39,95658,311472416.0,4.08,-4.22,-0.9,0.78
810,2018-05-07,20.41,21.38,21.39,20.41,109770,362412864.0,4.8,4.75,0.97,0.89
811,2018-05-08,21.37,21.56,21.85,21.26,86307,292064352.0,2.76,0.84,0.18,0.7
812,2018-05-09,21.53,21.52,21.66,21.27,41581,139876053.0,1.81,-0.19,-0.04,0.34
813,2018-05-10,21.46,21.35,21.61,21.14,51906,173992695.0,2.18,-0.79,-0.17,0.42
814,2018-05-11,21.54,21.42,22.0,21.39,80487,274721440.0,2.86,0.33,0.07,0.66
815,2018-05-14,21.51,22.23,22.31,21.5,111404,384757728.0,3.78,3.78,0.81,0.91
816,2018-05-15,22.03,21.6,22.21,21.36,167051,568747152.0,3.82,-2.83,-0.63,1.36
817,2018-05-16,21.67,20.97,21.7,20.87,123049,409615696.0,3.84,-2.92,-0.63,1.0
818,2018-05-17,20.91,20.87,21.33,20.54,71335,233941100.0,3.77,-0.48,-0.1,0.58
819,2018-05-18,20.81,20.61,21.05,20.04,117111,376648464.0,4.84,-1.25,-0.26,0.95
820,2018-05-21,20.68,20.93,21.21,20.67,97759,322366112.0,2.62,1.55,0.32,0.8
821,2018-05-22,21.01,20.55,21.05,20.35,75088,243318325.0,3.34,-1.82,-0.38,0.61
822,2018-05-23,20.61,20.16,20.61,20.08,89444,284421552.0,2.58,-1.9,-0.39,0.73
823,2018-05-24,20.34,20.11,20.34,19.94,75132,237184194.0,1.98,-0.25,-0.05,0.61
824,2018-05-25,20.01,20.09,20.3,19.99,59682,188931655.0,1.54,-0.1,-0.02,0.49
825,2018-05-28,20.05,20.53,20.61,20.01,62980,202553752.0,2.99,2.19,0.44,0.51
826,2018-05-29,20.45,20.4,20.87,20.35,69200,225280197.0,2.53,-0.63,-0.13,0.56
827,2018-05-30,20.19,20.54,20.95,19.98,96500,312442016.0,4.75,0.69,0.14,0.79
828,2018-05-31,20.75,20.79,20.87,20.18,94360,304763936.0,3.36,1.22,0.25,0.77
829,2018-06-01,20.81,20.43,21.12,20.36,68477,220659057.0,3.66,-1.73,-0.36,0.56
830,2018-06-04,20.59,20.91,21.0,20.44,81288,262742725.0,2.74,2.35,0.48,0.66
831,2018-06-05,21.01,20.99,21.07,20.65,53562,174241065.0,2.01,0.38,0.08,0.44
832,2018-06-06,20.82,20.76,20.93,20.45,62100,200587379.0,2.29,-1.1,-0.23,0.51
833,2018-06-07,20.91,21.39,21.61,20.77,104693,347525872.0,4.05,3.03,0.63,0.85
834,2018-06-08,21.58,21.23,21.58,21.08,69020,228443327.0,2.34,-0.75,-0.16,0.56
835,2018-06-11,21.23,20.68,21.47,20.61,90250,295848976.0,4.05,-2.59,-0.55,0.74
836,2018-06-12,20.66,21.24,21.27,20.66,67117,220195847.0,2.95,2.71,0.56,0.55
837,2018-06-13,21.38,21.21,21.65,21.13,62339,207455133.0,2.45,-0.14,-0.03,0.51
838,2018-06-14,21.21,21.35,21.76,21.17,71482,238677998.0,2.78,0.66,0.14,0.58
839,2018-06-15,21.46,21.01,21.74,20.82,86393,283565936.0,4.31,-1.59,-0.34,0.7
840,2018-06-19,20.71,20.43,21.13,20.37,141830,456539984.0,3.62,-2.76,-0.58,1.16
841,2018-06-20,20.43,21.34,21.61,20.43,110169,362855200.0,5.78,4.45,0.91,0.9
842,2018-06-21,21.37,21.16,21.61,21.08,78973,260951766.0,2.48,-0.84,-0.18,0.64
843,2018-06-22,20.99,21.68,21.77,20.67,103781,344701248.0,5.2,2.46,0.52,0.85
844,2018-06-25,21.85,21.25,21.97,21.14,97977,327717056.0,3.83,-1.98,-0.43,0.8
845,2018-06-26,20.89,21.64,21.87,20.75,99628,333527952.0,5.27,1.84,0.39,0.74
846,2018-06-27,21.63,21.28,21.85,21.13,78103,260711665.0,3.33,-1.66,-0.36,0.58
847,2018-06-28,21.14,20.74,21.6,20.47,81809,267863943.0,5.31,-2.54,-0.54,0.61
848,2018-06-29,20.79,21.09,21.15,20.25,108975,352020592.0,4.34,1.69,0.35,0.81
849,2018-07-02,21.08,20.27,21.08,20.04,105454,336696912.0,4.93,-3.89,-0.82,0.79
850,2018-07-03,20.21,20.07,20.33,19.38,148993,461328576.0,4.69,-0.99,-0.2,1.11
851,2018-07-04,20.04,19.73,20.23,19.56,91961,285850832.0,3.34,-1.69,-0.34,0.69
852,2018-07-05,19.73,19.55,19.91,19.41,66272,203379385.0,2.53,-0.91,-0.18,0.49
853,2018-07-06,19.49,19.56,19.99,19.47,85244,262106873.0,2.66,0.05,0.01,0.64
854,2018-07-09,19.67,19.21,19.85,18.47,186245,552360080.0,7.06,-1.79,-0.35,1.39
855,2018-07-10,19.19,19.53,19.78,19.08,75379,229468506.0,3.64,1.67,0.32,0.56
856,2018-07-11,19.55,19.36,19.72,19.07,68475,206308084.0,3.33,-0.87,-0.17,0.51
857,2018-07-12,19.36,19.97,20.12,19.21,100797,311127504.0,4.7,3.15,0.61,0.75
858,2018-07-13,19.96,19.93,20.07,19.64,48429,149796849.0,2.15,-0.2,-0.04,0.36
859,2018-07-16,20.07,19.57,20.07,19.07,76872,233755506.0,5.02,-1.81,-0.36,0.57
860,2018-07-17,19.69,19.35,19.69,19.15,59173,178295857.0,2.76,-1.12,-0.22,0.44
861,2018-07-18,19.53,19.0,19.61,18.99,75311,225485901.0,3.2,-1.81,-0.35,0.56
862,2018-07-19,19.13,18.19,19.13,17.91,141607,405962960.0,6.42,-4.26,-0.81,1.06
863,2018-07-20,17.98,17.83,18.14,17.62,134565,375916016.0,2.86,-1.98,-0.36,1.0
864,2018-07-23,17.93,18.27,18.45,17.88,122892,351753472.0,3.2,2.47,0.44,0.92
865,2018-07-24,18.3,18.54,18.94,18.3,117596,343307872.0,3.5,1.48,0.27,0.88
866,2018-07-25,18.54,18.6,18.92,18.54,60478,177297697.0,2.05,0.32,0.06,0.45
867,2018-07-26,18.72,17.96,18.81,17.87,91351,260237102.0,5.05,-3.44,-0.64,0.68
868,2018-07-27,18.07,17.86,18.21,17.74,74705,210432171.0,2.62,-0.56,-0.1,0.56
869,2018-07-30,18.01,17.57,18.17,17.51,76979,214911597.0,3.7,-1.62,-0.29,0.57
870,2018-07-31,17.62,17.0,17.73,16.82,152693,410263920.0,5.18,-3.24,-0.57,1.14
871,2018-08-01,17.16,16.92,17.32,16.81,96188,257016939.0,3.0,-0.47,-0.08,0.72
872,2018-08-02,16.69,16.21,16.75,15.98,166147,423081600.0,4.55,-4.2,-0.71,1.24
873,2018-08-03,16.14,16.29,16.35,16.01,115862,295133008.0,2.1,0.49,0.08,0.86
874,2018-08-06,16.29,15.87,16.82,15.81,149675,385245744.0,6.2,-2.58,-0.42,1.12
875,2018-08-07,15.97,16.54,16.66,15.97,122055,313837728.0,4.35,4.22,0.67,0.91
876,2018-08-08,16.54,16.44,16.79,16.28,65895,170390526.0,3.08,-0.6,-0.1,0.49
877,2018-08-09,16.51,17.21,17.26,16.31,110947,295979504.0,5.78,4.68,0.77,0.83
878,2018-08-10,17.19,17.14,17.27,16.89,72638,194986307.0,2.21,-0.41,-0.07,0.54
879,2018-08-13,16.73,17.79,18.13,16.72,115469,314532272.0,8.23,3.79,0.65,0.86
880,2018-08-14,17.87,17.47,17.87,17.27,60872,166732066.0,3.37,-1.8,-0.32,0.45
881,2018-08-15,17.53,16.95,17.54,16.85,64952,173974238.0,3.95,-2.98,-0.52,0.48
882,2018-08-16,16.77,17.01,17.29,16.68,54823,147014624.0,3.6,0.35,0.06,0.41
883,2018-08-17,17.18,16.86,17.44,16.79,44618,119571443.0,3.82,-0.88,-0.15,0.33
884,2018-08-20,16.85,17.44,17.65,16.67,77678,210570707.0,5.81,3.44,0.58,0.58
885,2018-08-21,17.44,17.87,17.92,17.31,73497,204602314.0,3.5,2.47,0.43,0.55
886,2018-08-22,17.73,17.79,17.86,17.48,32182,89106428.0,2.13,-0.45,-0.08,0.24
887,2018-08-23,17.56,17.67,18.07,17.56,53426,149398273.0,2.87,-0.67,-0.12,0.4
888,2018-08-24,17.67,17.31,17.8,17.27,38929,106838707.0,3.0,-2.04,-0.36,0.29
889,2018-08-27,17.46,17.61,17.79,17.37,63454,175569854.0,2.43,1.73,0.3,0.47
890,2018-08-28,17.61,17.85,18.03,17.54,71406,198605983.0,2.78,1.36,0.24,0.53
891,2018-08-29,17.85,17.6,17.85,17.37,55521,152408853.0,2.69,-1.4,-0.25,0.41
892,2018-08-30,17.55,17.27,17.67,17.13,40275,109421886.0,3.07,-1.88,-0.33,0.3
893,2018-08-31,17.21,16.59,17.21,16.4,78622,205297840.0,4.69,-3.94,-0.68,0.59
894,2018-09-03,16.49,16.63,16.87,16.43,60559,158107507.0,2.65,0.24,0.04,0.45
895,2018-09-04,16.71,16.73,16.81,16.42,56529,147806933.0,2.35,0.6,0.1,0.42
896,2018-09-05,16.58,16.21,16.67,16.19,51602,133177742.0,2.87,-3.11,-0.52,0.38
897,2018-09-06,16.19,16.5,16.83,16.16,59903,156065349.0,4.13,1.79,0.29,0.45
898,2018-09-07,16.73,16.53,16.77,16.5,42454,110932095.0,1.64,0.18,0.03,0.32
899,2018-09-10,16.67,16.23,16.67,16.05,47716,122224596.0,3.75,-1.81,-0.3,0.36
900,2018-09-11,16.39,16.23,16.39,16.09,42705,109071432.0,1.85,0.0,0.0,0.32
901,2018-09-12,16.26,15.67,16.27,15.11,99099,245069181.0,7.15,-3.45,-0.56,0.74
902,2018-09-13,15.68,16.28,16.29,15.68,72539,182855941.0,3.89,3.89,0.61,0.54
903,2018-09-14,16.42,16.63,16.87,16.34,76504,200756124.0,3.26,2.15,0.35,0.57
904,2018-09-17,16.44,16.72,17.17,16.37,79843,211191164.0,4.81,0.54,0.09,0.59
905,2018-09-18,16.83,16.47,16.99,16.07,88014,227920971.0,5.5,-1.5,-0.25,0.66
906,2018-09-19,16.47,17.19,17.24,16.34,87341,232904249.0,5.46,4.37,0.72,0.65
907,2018-09-20,17.14,16.99,17.29,16.87,55755,149275631.0,2.44,-1.16,-0.2,0.42
908,2018-09-21,17.11,17.21,17.3,16.77,65805,176422268.0,3.12,1.29,0.22,0.49
909,2018-09-25,16.98,16.98,17.36,16.91,41204,110754504.0,2.61,-1.34,-0.23,0.31
910,2018-09-26,17.05,17.57,17.83,16.93,91106,249990056.0,5.3,3.47,0.59,0.68
911,2018-09-27,17.56,17.15,17.56,17.15,55893,151633463.0,2.33,-2.39,-0.42,0.42
912,2018-09-28,17.24,17.67,17.82,17.09,79230,216880643.0,4.26,3.03,0.52,0.59
913,2018-10-08,17.38,16.81,17.38,16.81,51323,137052642.0,3.23,-4.87,-0.86,0.38
914,2018-10-09,16.87,16.82,17.07,16.67,23659,62823977.0,2.38,0.06,0.01,0.18
915,2018-10-10,16.94,16.84,17.1,16.71,31244,82793224.0,2.32,0.12,0.02,0.23
916,2018-10-11,16.21,15.69,16.39,15.38,90941,227398449.0,6.0,-6.83,-1.15,0.68
917,2018-10-12,15.61,15.62,16.01,15.42,73964,182935271.0,3.76,-0.45,-0.07,0.55
918,2018-10-15,15.51,14.01,15.51,13.98,180957,410062256.0,9.8,-10.31,-1.61,1.35
919,2018-10-16,14.03,13.26,14.07,12.82,120239,258935758.0,8.92,-5.35,-0.75,0.9
920,2018-10-17,13.39,13.91,14.04,13.39,106791,232970888.0,4.9,4.9,0.65,0.8
921,2018-10-18,13.9,13.89,14.2,13.79,81288,180140348.0,2.95,-0.14,-0.02,0.61
922,2018-10-19,13.63,14.73,14.95,13.47,102145,231207250.0,10.66,6.05,0.84,0.76
923,2018-10-22,15.16,15.01,15.51,14.79,156431,372924016.0,4.89,1.9,0.28,1.17
924,2018-10-23,14.97,14.21,15.04,13.75,126673,286239376.0,8.59,-5.33,-0.8,0.94
925,2018-10-24,14.15,13.91,14.15,13.77,66884,147819711.0,2.67,-2.11,-0.3,0.5
926,2018-10-25,13.47,13.87,14.31,12.87,107265,229830671.0,10.35,-0.29,-0.04,0.8
927,2018-10-26,13.99,13.61,14.16,13.59,51502,113345860.0,4.11,-1.87,-0.26,0.38
928,2018-10-29,13.63,13.69,13.9,13.37,53415,115605323.0,3.89,0.59,0.08,0.4
929,2018-10-30,13.69,13.67,14.01,13.29,61975,134008427.0,5.26,-0.15,-0.02,0.46
930,2018-10-31,13.74,14.06,14.19,13.66,60620,134622668.0,3.88,2.85,0.39,0.45
931,2018-11-01,14.41,14.11,14.65,14.09,94150,214812846.0,3.98,0.36,0.05,0.7
932,2018-11-02,14.77,15.26,15.5,14.77,174995,419282256.0,5.17,8.15,1.15,1.3
933,2018-11-05,15.2,15.4,16.2,15.09,125618,308768432.0,7.27,0.92,0.14,0.94
934,2018-11-06,15.53,15.48,15.74,15.13,64972,158414817.0,3.96,0.52,0.08,0.48
935,2018-11-07,15.54,15.3,15.66,15.21,62095,151325536.0,2.91,-1.16,-0.18,0.46
936,2018-11-08,15.52,14.98,15.59,14.94,52939,126972615.0,4.25,-2.09,-0.32,0.39
937,2018-11-09,14.98,14.84,15.19,14.81,49524,117253411.0,2.54,-0.93,-0.14,0.37
938,2018-11-12,14.97,15.39,15.57,14.87,69160,167496037.0,4.72,3.71,0.55,0.52
939,2018-11-13,15.8,15.6,15.8,15.22,87887,214982363.0,3.77,1.36,0.21,0.65
940,2018-11-14,15.44,15.19,15.6,15.14,67480,162719618.0,2.95,-2.63,-0.41,0.5
941,2018-11-15,15.14,15.35,15.38,15.14,52437,126368518.0,1.58,1.05,0.16,0.39
942,2018-11-16,15.65,15.19,15.69,15.12,78180,188847633.0,3.71,-1.04,-0.16,0.58
943,2018-11-19,15.14,15.09,15.31,14.96,63906,152797805.0,2.3,-0.66,-0.1,0.48
944,2018-11-20,15.09,14.19,15.11,14.07,100789,230271473.0,6.89,-5.96,-0.9,0.75
945,2018-11-21,13.95,14.19,14.38,13.92,48149,108426416.0,3.24,0.0,0.0,0.36
946,2018-11-22,14.31,14.04,14.37,13.94,68547,152826175.0,3.03,-1.06,-0.15,0.51
947,2018-11-23,14.05,13.37,14.05,13.3,94990,204412671.0,5.34,-4.77,-0.67,0.71
948,2018-11-26,13.41,13.17,13.51,12.95,76397,159893639.0,4.19,-1.5,-0.2,0.57
949,2018-11-27,13.25,13.25,13.41,13.08,81919,172748208.0,2.51,0.61,0.08,0.61
950,2018-11-28,13.25,12.81,13.31,12.74,172629,355140752.0,4.3,-3.32,-0.44,1.29
951,2018-11-29,13.05,12.93,13.31,12.87,123358,258074631.0,3.43,0.94,0.12,0.92
952,2018-11-30,12.95,13.43,13.54,12.91,127503,268005537.0,4.87,3.87,0.5,0.95
953,2018-12-03,14.0,14.21,14.33,13.68,159465,354843312.0,4.84,5.81,0.78,1.19
954,2018-12-04,14.2,14.07,14.31,13.89,78334,174229337.0,2.96,-0.99,-0.14,0.58
955,2018-12-05,13.87,13.86,14.05,13.67,67168,147629182.0,2.7,-1.49,-0.21,0.5
956,2018-12-06,13.79,13.42,13.85,13.37,67093,144152640.0,3.46,-3.17,-0.44,0.5
957,2018-12-07,13.47,13.52,13.62,13.42,51625,110765682.0,1.49,0.75,0.1,0.38
958,2018-12-10,13.51,13.21,13.61,13.11,54497,115449175.0,3.7,-2.29,-0.31,0.41
959,2018-12-11,13.4,13.51,13.6,13.27,65538,140358820.0,2.5,2.27,0.3,0.49
960,2018-12-12,13.55,13.57,13.82,13.45,48388,104760183.0,2.74,0.44,0.06,0.36
961,2018-12-13,13.69,14.0,14.19,13.54,87930,194643863.0,4.79,3.17,0.43,0.65
962,2018-12-14,13.99,13.84,14.11,13.78,53468,118058809.0,2.36,-1.14,-0.16,0.4
963,2018-12-17,13.75,13.61,13.84,13.31,54571,117677227.0,3.83,-1.66,-0.23,0.41
964,2018-12-18,13.53,13.46,13.79,13.36,60942,131273838.0,3.16,-1.1,-0.15,0.45
965,2018-12-19,13.49,13.33,13.59,13.27,40070,85534726.0,2.38,-0.97,-0.13,0.3
966,2018-12-20,13.34,13.18,13.5,13.07,55678,116931093.0,3.23,-1.13,-0.15,0.41
967,2018-12-21,13.07,13.11,13.24,12.95,44035,91452392.0,2.2,-0.53,-0.07,0.33
968,2018-12-24,13.17,13.38,13.69,13.01,73158,155508336.0,5.19,2.06,0.27,0.54
969,2018-12-25,13.29,13.01,13.34,12.85,80853,168046846.0,3.66,-2.77,-0.37,0.6
970,2018-12-26,13.06,12.84,13.15,12.81,49883,102748372.0,2.61,-1.31,-0.17,0.37
971,2018-12-27,13.01,12.53,13.14,11.88,134418,267888002.0,9.81,-2.41,-0.31,1.0
972,2018-12-28,12.47,12.63,12.69,12.21,83790,166505754.0,3.83,0.8,0.1,0.62
973,2019-01-02,12.67,12.67,12.85,12.57,62297,126136323.0,2.22,0.32,0.04,0.46
974,2019-01-03,12.47,12.53,12.92,12.47,48449,98167651.0,3.55,-1.1,-0.14,0.36
975,2019-01-04,12.54,12.75,12.85,12.27,90951,182633634.0,4.63,1.76,0.22,0.68
976,2019-01-07,12.97,13.44,13.7,12.95,152345,323433664.0,5.88,5.41,0.69,1.13
977,2019-01-08,13.35,13.49,13.63,13.27,76883,164442712.0,2.68,0.37,0.05,0.57
978,2019-01-09,13.49,13.61,13.82,13.39,74043,160189081.0,3.19,0.89,0.12,0.55
979,2019-01-10,13.67,13.61,13.74,13.43,49934,107614217.0,2.28,0.0,0.0,0.37
980,2019-01-11,13.74,13.73,14.03,13.55,69201,151530696.0,3.53,0.88,0.12,0.52
981,2019-01-14,13.74,13.73,13.97,13.55,64605,140379722.0,3.06,0.0,0.0,0.48
982,2019-01-15,13.67,14.35,14.5,13.57,103216,230293170.0,6.77,4.52,0.62,0.77
983,2019-01-16,14.35,14.39,14.55,14.24,59815,136256592.0,2.16,0.28,0.04,0.45
984,2019-01-17,14.39,14.2,14.4,14.05,58310,131356205.0,2.43,-1.32,-0.19,0.43
985,2019-01-18,14.17,14.32,14.38,14.06,44842,101174960.0,2.25,0.85,0.12,0.33
986,2019-01-21,14.34,14.54,14.77,14.31,70145,161760420.0,3.21,1.54,0.22,0.52
987,2019-01-22,14.58,14.47,14.7,14.37,50017,114724151.0,2.27,-0.48,-0.07,0.37
988,2019-01-23,14.45,14.47,14.58,14.35,28241,64706157.0,1.59,0.0,0.0,0.21
989,2019-01-24,14.47,14.71,14.85,14.42,48787,113530139.0,2.97,1.66,0.24,0.36
990,2019-01-25,14.53,14.13,14.8,14.01,119435,270697488.0,5.37,-3.94,-0.58,0.88
991,2019-01-28,14.25,14.63,15.33,14.25,148449,346621376.0,7.64,3.54,0.5,1.1
992,2019-01-29,14.67,14.17,14.71,14.1,76490,173115891.0,4.17,-3.14,-0.46,0.56
993,2019-01-30,14.19,14.07,14.39,13.97,46917,105217276.0,2.96,-0.71,-0.1,0.35
994,2019-01-31,14.27,13.68,14.33,13.58,67967,149718624.0,5.33,-2.77,-0.39,0.5
995,2019-02-01,13.86,14.07,14.2,13.75,107414,238430164.0,3.29,2.85,0.39,0.79
996,2019-02-11,14.15,14.61,14.74,14.14,153807,354337504.0,4.26,3.84,0.54,1.14
997,2019-02-12,14.85,14.94,15.12,14.74,144855,341396464.0,2.6,2.26,0.33,1.07
998,2019-02-13,15.2,15.09,15.65,15.05,157738,379680384.0,4.02,1.0,0.15,1.16
999,2019-02-14,15.26,15.77,15.95,15.11,192480,472415504.0,5.57,4.51,0.68,1.42
1000,2019-02-15,15.64,15.43,15.79,15.37,118597,290319584.0,2.66,-2.16,-0.34,0.88
1001,2019-02-18,15.65,15.99,16.03,15.49,116525,290271920.0,3.5,3.63,0.56,0.86
1002,2019-02-19,16.0,16.59,16.97,15.94,191723,499972112.0,6.44,3.75,0.6,1.41
1003,2019-02-20,16.55,16.49,16.83,16.15,109988,285387872.0,4.1,-0.6,-0.1,0.81
1004,2019-02-21,16.54,16.27,16.94,16.21,111618,291057200.0,4.43,-1.33,-0.22,0.82
1005,2019-02-22,16.34,16.91,16.92,16.24,113243,296172848.0,4.18,3.93,0.64,0.84
1006,2019-02-25,17.0,17.44,17.59,17.0,197083,534782048.0,3.49,3.13,0.53,1.45
1007,2019-02-26,17.54,17.03,17.67,16.98,141109,382215952.0,3.96,-2.35,-0.41,1.04
1008,2019-02-27,17.01,16.51,17.03,16.25,166637,437085216.0,4.58,-3.05,-0.52,1.23
1009,2019-02-28,16.49,16.51,16.79,16.31,126779,330510272.0,2.91,0.0,0.0,0.94
1010,2019-03-01,17.06,16.87,17.18,16.57,142233,375994496.0,3.69,2.18,0.36,1.05
1011,2019-03-04,17.24,17.29,17.66,17.14,233573,638637056.0,3.08,2.49,0.42,1.72
1012,2019-03-05,17.33,17.82,17.85,17.21,153596,421455824.0,3.7,3.07,0.53,1.13
1013,2019-03-06,17.87,18.07,18.42,17.74,195604,551968032.0,3.82,1.4,0.25,1.44
1014,2019-03-07,17.99,17.57,17.99,17.24,173266,477237440.0,4.15,-2.77,-0.5,1.28
1015,2019-03-08,17.07,16.62,17.55,16.61,169509,454267392.0,5.35,-5.41,-0.95,1.25
1016,2019-03-11,16.81,17.93,17.95,16.79,196034,536495072.0,6.98,7.88,1.31,1.45
1017,2019-03-12,17.93,17.54,18.32,17.42,238358,664876416.0,5.02,-2.18,-0.39,1.76
1018,2019-03-13,17.57,16.8,17.69,16.68,187006,502649024.0,5.76,-4.22,-0.74,1.38
1019,2019-03-14,16.67,16.79,17.36,16.61,152678,405722032.0,4.46,-0.06,-0.01,1.13
1020,2019-03-15,16.99,16.97,17.14,16.73,132752,352639488.0,2.44,1.07,0.18,0.98
1021,2019-03-18,16.87,16.97,16.99,16.41,198340,519146528.0,3.42,0.0,0.0,1.46
1022,2019-03-19,16.97,17.11,17.37,16.77,143446,384801248.0,3.54,0.82,0.14,1.06
1023,2019-03-20,17.11,16.69,17.2,16.45,141472,371030192.0,4.38,-2.45,-0.42,1.04
1024,2019-04-04,18.44,18.44,18.44,18.01,442416,1273584160.0,2.58,10.49,1.75,3.27
1025,2019-04-08,18.49,18.4,18.66,17.79,415631,1191757616.0,4.72,-0.22,-0.04,3.07
1026,2019-04-09,18.14,18.13,18.59,17.66,280969,801106656.0,5.05,-1.47,-0.27,2.07
1027,2019-04-10,17.88,17.63,18.27,17.2,276694,767919712.0,5.9,-2.76,-0.5,2.04
1028,2019-04-11,17.35,16.95,17.53,16.73,223373,599407328.0,4.54,-3.86,-0.68,1.65
1029,2019-04-12,16.98,17.15,17.23,16.77,109269,292612240.0,2.71,1.18,0.2,0.81
1030,2019-04-15,17.39,17.36,17.61,17.29,129489,354290640.0,1.87,1.22,0.21,0.96
1031,2019-04-16,17.27,18.08,18.24,17.21,181577,506888608.0,5.93,4.15,0.72,1.34
1032,2019-04-17,18.08,17.99,18.45,17.87,172286,489250752.0,3.21,-0.5,-0.09,1.27
1033,2019-04-18,18.1,18.02,18.19,17.87,74947,211276842.0,1.78,0.17,0.03,0.55
1034,2019-04-19,17.99,18.04,18.17,17.88,108305,306043728.0,1.61,0.11,0.02,0.8
1035,2019-04-22,18.15,17.83,18.23,17.58,112228,312859744.0,3.6,-1.16,-0.21,0.83
1036,2019-04-23,17.67,17.49,17.79,17.21,105339,288890096.0,3.25,-1.91,-0.34,0.78
1037,2019-04-24,17.61,17.22,17.64,16.87,133759,359496832.0,4.4,-1.54,-0.27,0.99
1038,2019-04-25,17.32,16.67,17.54,16.61,112339,299599328.0,5.4,-3.19,-0.55,0.83
1039,2019-04-26,16.47,16.48,16.85,16.26,87409,227920914.0,3.54,-1.14,-0.19,0.65
1040,2019-04-29,16.41,16.46,16.81,16.37,62430,162340195.0,2.67,-0.12,-0.02,0.46
1041,2019-04-30,16.33,15.99,16.4,15.99,110204,279599040.0,2.49,-2.86,-0.47,0.81
1042,2019-05-06,15.07,15.19,15.73,14.81,176673,426947536.0,5.75,-5.0,-0.8,1.3
1043,2019-05-07,15.21,15.47,15.53,15.21,70235,170132272.0,2.11,1.84,0.28,0.52
1044,2019-05-08,15.21,15.24,15.56,15.08,69443,167831940.0,3.1,-1.49,-0.23,0.51
1045,2019-05-09,15.11,14.69,15.34,14.54,102835,241722650.0,5.25,-3.61,-0.55,0.76
1046,2019-05-10,14.95,15.22,15.26,14.61,88416,209556380.0,4.42,3.61,0.53,0.65
1047,2019-05-13,15.14,14.86,15.14,14.76,53368,125802965.0,2.5,-2.37,-0.36,0.39
1048,2019-05-14,15.07,14.95,15.67,14.9,86653,208500945.0,5.18,0.61,0.09,0.64
1049,2019-05-15,15.19,15.11,15.27,14.8,73827,175190745.0,3.14,1.07,0.16,0.54
1050,2019-05-16,15.07,15.57,15.71,14.98,134928,328960656.0,4.83,3.04,0.46,1.0
1051,2019-05-17,15.71,14.94,15.71,14.69,110632,263686426.0,6.55,-4.05,-0.63,0.82
1052,2019-05-20,14.96,14.55,15.01,14.46,81257,188331924.0,3.68,-2.61,-0.39,0.6
1053,2019-05-21,14.54,14.66,14.81,14.49,79204,183456314.0,2.2,0.76,0.11,0.58
1054,2019-05-22,14.68,14.49,14.68,14.43,60798,139900512.0,1.71,-1.16,-0.17,0.45
1055,2019-05-23,14.41,14.5,14.68,13.54,95118,215112464.0,7.87,0.07,0.01,0.7
1056,2019-05-24,14.47,14.5,14.73,14.37,62324,143658929.0,2.48,0.0,0.0,0.46
1057,2019-05-27,14.35,14.42,14.77,14.06,111454,255286908.0,4.9,-0.55,-0.08,0.82
1058,2019-05-28,14.54,14.34,14.54,14.07,143263,323631312.0,3.26,-0.55,-0.08,1.06
1059,2019-05-29,14.21,14.17,14.37,14.14,52765,118988150.0,1.6,-1.19,-0.17,0.39
1060,2019-05-30,14.12,13.97,14.12,13.85,71179,157112834.0,1.91,-1.41,-0.2,0.53
1061,2019-05-31,14.06,14.31,14.61,14.04,91279,207321987.0,4.08,2.43,0.34,0.67
1062,2019-06-03,14.31,14.13,14.49,14.04,66841,150636262.0,3.14,-1.26,-0.18,0.49
1063,2019-06-04,14.09,14.08,14.27,13.84,52709,116868954.0,3.04,-0.35,-0.05,0.39
1064,2019-06-05,14.11,14.4,14.59,14.1,72450,164786389.0,3.48,2.27,0.32,0.53
1065,2019-06-06,14.4,14.17,14.53,14.11,48859,110161712.0,2.92,-1.6,-0.23,0.36
1066,2019-06-10,14.17,14.41,14.55,14.1,61149,139171786.0,3.18,1.69,0.24,0.45
1067,2019-06-11,14.42,14.92,14.95,14.42,83809,196432753.0,3.68,3.54,0.51,0.62
1068,2019-06-12,14.87,14.87,15.08,14.73,70066,164388880.0,2.35,-0.34,-0.05,0.52
1069,2019-06-13,14.83,14.68,14.84,14.59,52292,121504623.0,1.68,-1.28,-0.19,0.39
1070,2019-06-14,14.64,14.54,14.85,14.48,55339,128404565.0,2.52,-0.95,-0.14,0.41
1071,2019-06-17,14.67,14.57,15.01,14.51,87485,203673902.0,3.44,0.21,0.03,0.65
1072,2019-06-18,14.56,14.49,14.66,14.22,51944,118517977.0,3.02,-0.55,-0.08,0.38
1073,2019-06-19,15.16,14.69,15.17,14.69,74487,175490919.0,3.31,1.38,0.2,0.55
1074,2019-06-20,14.7,14.99,15.14,14.59,100491,237035144.0,3.74,2.04,0.3,0.74
1075,2019-06-21,15.41,15.25,15.71,15.09,131288,319515152.0,4.14,1.73,0.26,0.97
1076,2019-06-24,15.33,14.97,15.33,14.94,67437,160511384.0,2.56,-1.84,-0.28,0.5
1077,2019-06-25,14.91,14.59,14.94,14.34,80556,186010506.0,4.01,-2.54,-0.38,0.59
1078,2019-06-26,14.46,14.54,14.7,14.46,53452,123155721.0,1.64,-0.34,-0.05,0.39
1079,2019-06-27,14.62,14.76,14.82,14.55,64288,149546980.0,1.86,1.51,0.22,0.47
1080,2019-06-28,14.73,14.48,14.83,14.43,55971,129045467.0,2.71,-1.9,-0.28,0.41
1081,2019-07-01,14.71,15.16,15.23,14.71,104652,248493941.0,3.59,4.7,0.68,0.77
1082,2019-07-02,15.21,15.16,15.44,15.08,88201,211616489.0,2.37,0.0,0.0,0.65
1083,2019-07-03,15.16,15.31,15.39,15.12,81148,195660564.0,1.78,0.99,0.15,0.6
1084,2019-07-04,15.25,15.23,15.31,15.05,67770,162356732.0,1.7,-0.52,-0.08,0.5
1085,2019-07-05,15.21,15.22,15.4,15.16,45593,109204019.0,1.58,-0.07,-0.01,0.34
1086,2019-07-08,15.26,14.75,15.26,14.62,65319,152248269.0,4.2,-3.09,-0.47,0.48
1087,2019-07-09,14.77,14.55,14.87,14.41,49325,113233332.0,3.12,-1.36,-0.2,0.36
1088,2019-07-10,14.74,14.65,14.77,14.57,28037,64451765.0,1.37,0.69,0.1,0.21
1089,2019-07-11,14.69,14.69,14.87,14.62,31120,71752449.0,1.71,0.27,0.04,0.23
1090,2019-07-12,14.69,14.75,14.85,14.54,28050,64754344.0,2.11,0.41,0.06,0.21
1091,2019-07-15,14.57,14.6,14.81,14.23,102698,233749395.0,3.93,-1.02,-0.15,0.76
1092,2019-07-16,14.59,15.04,15.09,14.59,85082,197975078.0,3.42,3.01,0.44,0.63
1093,2019-07-17,15.03,15.13,15.24,14.88,42748,100774612.0,2.39,0.6,0.09,0.32
1094,2019-07-18,14.97,14.95,15.13,14.81,42988,100774867.0,2.12,-1.19,-0.18,0.32
1095,2019-07-19,15.01,15.03,15.26,14.89,44182,103969598.0,2.47,0.54,0.08,0.33
1096,2019-07-22,15.13,14.92,15.13,14.9,41463,97608657.0,1.53,-0.73,-0.11,0.31
1097,2019-07-23,14.91,15.12,15.19,14.81,29774,70313175.0,2.55,1.34,0.2,0.22
1098,2019-07-24,15.14,15.65,15.83,15.12,91074,222007544.0,4.7,3.51,0.53,0.67
1099,2019-07-25,15.61,15.57,15.86,15.43,73220,178794429.0,2.75,-0.51,-0.08,0.54
1100,2019-07-26,15.61,15.62,15.63,15.35,58252,141297147.0,1.8,0.32,0.05,0.43
1101,2019-07-29,15.62,15.74,15.76,15.53,50648,123975887.0,1.47,0.77,0.12,0.37
1102,2019-07-30,15.77,15.92,16.07,15.72,83701,208312258.0,2.22,1.14,0.18,0.62
1103,2019-07-31,15.99,15.95,16.07,15.77,40933,101933755.0,1.88,0.19,0.03,0.3
1104,2019-08-01,15.86,15.79,16.05,15.77,55323,137411698.0,1.76,-1.0,-0.16,0.41
1105,2019-08-02,15.54,15.68,15.98,15.29,79558,194469488.0,4.37,-0.7,-0.11,0.59
1106,2019-08-05,15.67,15.38,15.98,15.38,55721,136458831.0,3.83,-1.91,-0.3,0.41
1107,2019-08-06,15.25,15.26,15.49,14.91,79211,188253142.0,3.77,-0.78,-0.12,0.58
1108,2019-08-07,15.29,14.73,15.41,14.63,82262,192080901.0,5.11,-3.47,-0.53,0.61
1109,2019-08-08,14.81,14.76,14.93,14.62,55300,127528704.0,2.1,0.2,0.03,0.41
1110,2019-08-09,14.8,14.47,14.81,14.47,45111,103520207.0,2.3,-1.96,-0.29,0.33
1111,2019-08-12,14.34,14.54,14.56,14.26,80227,181157001.0,2.07,0.48,0.07,0.59
1112,2019-08-13,14.43,14.28,14.49,14.24,33165,74686918.0,1.72,-1.79,-0.26,0.24
1113,2019-08-14,14.47,14.11,14.71,14.07,71067,160404235.0,4.48,-1.19,-0.17,0.52
1114,2019-08-15,14.0,14.41,14.44,13.83,76004,168862383.0,4.32,2.13,0.3,0.56
1115,2019-08-16,14.41,14.29,14.55,14.15,57723,129965007.0,2.78,-0.83,-0.12,0.43
1116,2019-08-19,14.61,15.04,15.21,14.55,112920,264026921.0,4.62,5.25,0.75,0.83
1117,2019-08-20,15.21,14.92,15.23,14.87,47141,110762198.0,2.39,-0.8,-0.12,0.35
1118,2019-08-21,14.77,14.65,14.97,14.58,66076,152013079.0,2.61,-1.81,-0.27,0.49
1119,2019-08-22,14.67,14.54,14.81,14.47,60032,137463276.0,2.32,-0.75,-0.11,0.44
1120,2019-08-23,14.51,14.34,14.57,14.28,60215,135876111.0,1.99,-1.38,-0.2,0.44
1121,2019-08-26,14.17,14.21,14.23,14.01,74334,164468793.0,1.53,-0.91,-0.13,0.55
1122,2019-08-27,14.27,14.49,14.81,14.27,115151,263489173.0,3.8,1.97,0.28,0.85
1123,2019-08-28,14.71,14.71,14.94,14.61,72488,167568127.0,2.28,1.52,0.22,0.53
1124,2019-08-29,14.71,14.71,14.87,14.55,42589,98248157.0,2.18,0.0,0.0,0.31
1125,2019-08-30,14.78,14.69,14.93,14.57,45309,104667089.0,2.45,-0.14,-0.02,0.33
1126,2019-09-02,14.71,14.93,15.07,14.63,85017,198614931.0,3.0,1.63,0.24,0.63
1127,2019-09-03,14.94,15.06,15.11,14.77,49001,115195755.0,2.28,0.87,0.13,0.36
1128,2019-09-04,15.01,15.06,15.21,14.89,49524,116357778.0,2.12,0.0,0.0,0.37
1129,2019-09-05,15.26,14.97,15.4,14.92,104246,247479485.0,3.19,-0.6,-0.09,0.77
1130,2019-09-06,15.07,15.15,15.19,14.99,76933,181852635.0,1.34,1.2,0.18,0.57
1131,2019-09-09,15.29,15.63,15.79,15.08,159651,384367200.0,4.69,3.17,0.48,1.18
1132,2019-09-11,15.74,15.33,15.74,14.77,182296,432004576.0,6.21,-1.92,-0.3,1.35
1133,2019-09-12,15.67,15.82,15.97,15.35,157418,384558800.0,4.04,3.2,0.49,1.16
1134,2019-09-16,15.83,16.24,16.34,15.74,150808,377419600.0,3.79,2.65,0.42,1.11
1135,2019-09-17,16.15,15.7,16.23,15.67,121964,302162768.0,3.45,-3.33,-0.54,0.9
1136,2019-09-18,15.79,15.61,15.88,15.59,76140,186995574.0,1.85,-0.57,-0.09,0.56
1137,2019-09-19,15.74,15.86,15.92,15.51,94483,231588115.0,2.63,1.6,0.25,0.7
1138,2019-09-20,15.93,15.66,16.04,15.66,103202,254957247.0,2.4,-1.26,-0.2,0.76
1139,2019-09-23,15.66,16.05,16.05,15.47,146133,362555216.0,3.7,2.49,0.39,1.08
1140,2019-09-24,16.05,15.95,16.17,15.91,84647,211435689.0,1.62,-0.62,-0.1,0.62
1141,2019-09-25,15.95,15.93,16.07,15.82,59713,148905779.0,1.57,-0.13,-0.02,0.44
1142,2019-09-26,15.97,15.92,16.17,15.79,80777,201969700.0,2.39,-0.06,-0.01,0.6
1143,2019-09-27,15.81,15.81,16.1,15.81,43070,107362745.0,1.82,-0.69,-0.11,0.32
1144,2019-09-30,15.75,15.56,15.94,15.38,49682,121568589.0,3.54,-1.58,-0.25,0.37
1145,2019-10-08,15.66,15.67,15.84,15.48,53592,131367650.0,2.31,0.71,0.11,0.4
1146,2019-10-09,15.62,15.44,15.73,15.25,54018,130254257.0,3.06,-1.47,-0.23,0.4
1147,2019-10-10,15.44,15.41,15.55,15.26,60142,144584877.0,1.88,-0.19,-0.03,0.44
1148,2019-10-11,15.41,15.77,15.91,15.36,65388,159970888.0,3.57,2.34,0.36,0.48
1149,2019-10-14,15.96,16.38,16.62,15.94,150791,383534864.0,4.31,3.87,0.61,1.11
1150,2019-10-15,16.15,15.36,16.17,15.22,176346,428255344.0,5.8,-6.23,-1.02,1.3
1151,2019-10-16,15.34,15.24,15.54,15.24,64785,155986790.0,1.95,-0.78,-0.12,0.48
1152,2019-10-17,15.14,14.83,15.19,14.77,94313,220410845.0,2.76,-2.69,-0.41,0.7
1153,2019-10-18,14.91,14.81,14.91,14.63,57284,132451084.0,1.89,-0.13,-0.02,0.42
1154,2019-10-21,14.8,14.81,14.9,14.54,48802,112873683.0,2.43,0.0,0.0,0.36
1155,2019-10-22,14.79,15.21,15.25,14.73,53937,127127819.0,3.51,2.7,0.4,0.4
1156,2019-10-23,15.09,15.53,15.61,15.09,73345,177358545.0,3.42,2.1,0.32,0.54
1157,2019-10-24,15.61,15.51,15.64,15.35,71679,173665903.0,1.87,-0.13,-0.02,0.53
1158,2019-10-25,15.47,15.52,15.62,15.35,54493,132094886.0,1.74,0.06,0.01,0.4
1159,2019-10-28,15.63,15.76,15.87,15.57,63528,156569063.0,1.93,1.55,0.24,0.47
1160,2019-10-29,15.74,15.7,16.11,15.64,82828,205662925.0,2.98,-0.38,-0.06,0.61
1161,2019-10-30,15.97,16.01,16.01,15.75,66041,164353627.0,1.66,1.97,0.31,0.49
1162,2019-10-31,16.21,15.96,16.21,15.79,40706,101229255.0,2.62,-0.31,-0.05,0.3
1163,2019-11-01,15.82,16.03,16.19,15.73,70151,175606742.0,2.88,0.44,0.07,0.52
1164,2019-11-04,16.19,16.05,16.29,16.01,59929,151022807.0,1.75,0.12,0.02,0.44
1165,2019-11-05,16.05,16.22,16.45,15.94,94685,239906126.0,3.18,1.06,0.17,0.7
1166,2019-11-06,16.17,16.19,16.37,16.11,47656,120863734.0,1.6,-0.18,-0.03,0.35
1167,2019-11-07,16.17,16.24,16.39,16.1,52058,132101042.0,1.79,0.31,0.05,0.38
1168,2019-11-08,16.37,16.1,16.53,16.08,50042,126992517.0,2.77,-0.86,-0.14,0.37
1169,2019-11-11,16.01,15.91,16.27,15.82,42071,105153046.0,2.8,-1.18,-0.19,0.31
1170,2019-11-12,15.99,16.07,16.34,15.95,50786,127877216.0,2.45,1.01,0.16,0.37
1171,2019-11-13,16.26,16.07,16.27,15.81,46771,117011869.0,2.86,0.0,0.0,0.35
1172,2019-11-14,16.01,16.06,16.24,16.01,38889,97814059.0,1.43,-0.06,-0.01,0.29
1173,2019-11-15,16.15,15.84,16.19,15.84,40266,100310150.0,2.18,-1.37,-0.22,0.3
1174,2019-11-18,15.84,16.0,16.14,15.73,67026,167702587.0,2.59,1.01,0.16,0.49
1175,2019-11-19,16.11,16.55,16.59,16.05,112471,287610608.0,3.38,3.44,0.55,0.83
1176,2019-11-20,16.58,16.92,17.06,16.47,113698,299164160.0,3.56,2.24,0.37,0.84
1177,2019-11-21,17.04,17.54,17.67,16.94,152618,413719520.0,4.31,3.66,0.62,1.13
1178,2019-11-22,17.6,17.43,17.79,17.21,130307,355141664.0,3.31,-0.63,-0.11,0.96
1179,2019-11-25,17.41,17.26,17.63,17.15,108019,291963008.0,2.75,-0.98,-0.17,0.8
1180,2019-11-26,17.31,17.49,17.49,17.16,136477,368817632.0,1.91,1.33,0.23,1.01
1181,2019-11-27,17.33,17.18,17.33,16.77,113476,302453552.0,3.2,-1.77,-0.31,0.84
1182,2019-11-28,17.24,17.01,17.31,16.83,95769,254223662.0,2.79,-0.99,-0.17,0.71
1183,2019-11-29,17.03,16.85,17.21,16.66,70292,185552653.0,3.23,-0.94,-0.16,0.52
1184,2019-12-02,17.02,16.93,17.44,16.83,98449,261922188.0,3.62,0.47,0.08,0.73
1185,2019-12-03,16.97,17.74,17.75,16.71,149399,403983360.0,6.14,4.78,0.81,1.1
1186,2019-12-04,17.64,17.62,17.76,17.37,93155,254671245.0,2.2,-0.68,-0.12,0.69
1187,2019-12-05,17.67,17.76,17.87,17.54,128442,354386048.0,1.87,0.79,0.14,0.95
1188,2019-12-06,17.85,17.91,17.96,17.37,89883,247974867.0,3.32,0.84,0.15,0.66
1189,2019-12-09,17.96,17.78,18.07,17.78,93093,259081554.0,1.62,-0.73,-0.13,0.69
1190,2019-12-10,17.79,17.73,17.89,17.5,75977,208602099.0,2.19,-0.28,-0.05,0.56
1191,2019-12-11,17.72,17.62,17.77,17.49,49272,135055636.0,1.58,-0.62,-0.11,0.36
1192,2019-12-12,17.64,18.15,18.3,17.55,109239,307352656.0,4.26,3.01,0.53,0.81
1193,2019-12-13,18.21,18.53,18.86,18.21,134390,386851584.0,3.58,2.09,0.38,0.99
1194,2019-12-16,18.67,18.89,19.12,18.48,121596,356227136.0,3.45,1.94,0.36,0.9
1195,2019-12-17,18.84,18.81,19.01,18.66,93738,273803376.0,1.85,-0.42,-0.08,0.69
1196,2019-12-18,18.94,18.94,19.06,18.72,54746,160613812.0,1.81,0.69,0.13,0.4
1197,2019-12-19,18.87,19.01,19.41,18.81,77712,230221810.0,3.17,0.37,0.07,0.57
1198,2019-12-20,19.01,18.93,19.28,18.83,42392,124742011.0,2.37,-0.42,-0.08,0.31
1199,2019-12-23,19.0,18.49,19.0,18.44,73414,212382279.0,2.96,-2.32,-0.44,0.54
1200,2019-12-24,18.57,18.73,18.84,18.47,63427,184078205.0,2.0,1.3,0.24,0.47
1201,2019-12-25,18.79,18.67,19.13,18.51,61460,179241304.0,3.31,-0.32,-0.06,0.45
1202,2019-12-26,18.76,18.74,19.01,18.54,45567,132651049.0,2.52,0.37,0.07,0.34
1203,2019-12-27,18.67,19.01,19.31,18.6,144258,427522928.0,3.79,1.44,0.27,1.06
1204,2019-12-30,18.99,19.91,19.93,18.83,179157,544786368.0,5.79,4.73,0.9,1.32
1205,2019-12-31,19.78,19.77,19.89,19.43,89919,274000048.0,2.31,-0.7,-0.14,0.66
1206,2020-01-02,19.74,19.76,20.07,19.64,128933,396121120.0,2.18,-0.05,-0.01,0.95
1207,2020-01-03,19.77,19.91,19.97,19.67,81820,250994209.0,1.52,0.76,0.15,0.6
1208,2020-01-06,19.84,19.82,20.27,19.71,97362,301556320.0,2.81,-0.45,-0.09,0.72
1209,2020-01-07,19.81,19.65,19.89,19.37,100187,304559456.0,2.62,-0.86,-0.17,0.73
1210,2020-01-08,19.61,20.19,20.27,19.54,104614,324980784.0,3.72,2.75,0.54,0.76
1211,2020-01-09,20.19,19.97,20.57,19.61,108677,336270048.0,4.75,-1.09,-0.22,0.79
1212,2020-01-10,19.98,20.01,20.09,19.65,67272,207111696.0,2.2,0.2,0.04,0.49
1213,2020-01-13,20.01,20.45,20.54,19.88,93024,293226864.0,3.3,2.2,0.44,0.68
1214,2020-01-14,20.42,20.24,20.63,20.17,51342,162148239.0,2.25,-1.03,-0.21,0.37
1215,2020-01-15,20.37,20.27,20.51,20.01,51021,159903488.0,2.47,0.15,0.03,0.37
1216,2020-01-16,20.17,20.27,20.77,20.08,82356,260876025.0,3.4,0.0,0.0,0.6
1217,2020-01-17,20.35,19.87,20.43,19.21,187005,568878288.0,6.02,-1.97,-0.4,1.36
1218,2020-01-20,19.47,19.85,20.53,19.28,205324,633876960.0,6.29,-0.1,-0.02,1.49
1219,2020-01-21,19.83,19.17,20.19,19.02,149374,450066880.0,5.89,-3.43,-0.68,1.08
1220,2020-01-22,19.14,19.19,19.33,18.53,129430,382148688.0,4.17,0.1,0.02,0.94
1221,2020-01-23,19.07,18.84,19.81,18.59,124039,368682832.0,6.36,-1.82,-0.35,0.9
1222,2020-02-03,16.89,16.95,18.06,16.89,161602,434661232.0,6.21,-10.03,-1.89,1.17
1223,2020-02-04,17.36,17.77,18.09,17.35,140519,388343200.0,4.37,4.84,0.82,1.02
1224,2020-02-05,18.05,18.0,18.47,17.59,151706,424920160.0,4.95,1.29,0.23,1.1
1225,2020-02-06,17.94,18.29,18.51,17.56,147632,414704448.0,5.28,1.61,0.29,1.07
1226,2020-02-07,18.19,18.17,18.39,17.91,124710,351710832.0,2.62,-0.66,-0.12,0.9
1227,2020-02-10,18.27,18.59,18.65,18.07,146626,418810880.0,3.19,2.31,0.42,1.06
1228,2020-02-11,18.79,18.81,19.09,18.55,101141,295568400.0,2.9,1.18,0.22,0.73
1229,2020-02-12,18.74,19.25,19.41,18.67,106181,314958016.0,3.93,2.34,0.44,0.77
1230,2020-02-13,19.2,18.75,19.54,18.6,124059,363673040.0,4.88,-2.6,-0.5,0.9
1231,2020-02-14,18.67,18.83,19.16,18.55,65116,190802782.0,3.25,0.43,0.08,0.47
1232,2020-02-17,19.01,19.41,19.45,18.87,82242,245001612.0,3.08,3.08,0.58,0.6
1233,2020-02-18,19.56,19.75,19.87,19.28,111393,337874544.0,3.04,1.75,0.34,0.81
1234,2020-02-19,19.49,19.95,20.21,19.33,135156,414695712.0,4.46,1.01,0.2,0.98
1235,2020-02-20,19.84,19.84,20.25,19.55,107925,331731088.0,3.51,-0.55,-0.11,0.78
1236,2020-02-21,19.85,19.95,20.49,19.85,146379,456143888.0,3.23,0.55,0.11,1.06
1237,2020-02-24,20.21,20.29,20.54,19.44,174886,546383520.0,5.51,1.7,0.34,1.27
1238,2020-02-25,19.94,20.93,20.93,19.67,228895,719430016.0,6.21,3.15,0.64,1.66
1239,2020-02-26,20.61,19.73,20.81,19.64,191081,596203856.0,5.59,-5.73,-1.2,1.38
1240,2020-02-27,19.66,19.14,19.81,19.11,169965,509920784.0,3.55,-2.99,-0.59,1.23
1241,2020-02-28,18.34,18.21,18.91,18.21,171543,493646080.0,3.66,-4.86,-0.93,1.24
1242,2020-03-02,18.44,18.77,18.86,18.23,145556,419959648.0,3.46,3.08,0.56,1.05
1243,2020-03-03,19.05,19.31,19.46,18.87,154141,459856800.0,3.14,2.88,0.54,1.12
1244,2020-03-04,19.07,19.57,19.67,18.93,109691,330059520.0,3.83,1.35,0.26,0.79
1245,2020-03-05,19.87,19.19,19.93,19.0,108178,323401104.0,4.75,-1.94,-0.38,0.78
1246,2020-03-06,18.87,19.24,19.47,18.82,89262,265565587.0,3.39,0.26,0.05,0.65
1247,2020-03-09,18.95,18.47,19.05,18.46,113514,330133856.0,3.07,-4.0,-0.77,0.82
1248,2020-03-10,18.28,18.73,18.87,18.12,132875,383204032.0,4.06,1.41,0.26,0.96
1249,2020-03-11,18.85,18.44,18.85,18.34,87351,251672754.0,2.72,-1.55,-0.29,0.63
1250,2020-03-12,18.13,17.94,18.33,17.68,172236,481963200.0,3.52,-2.71,-0.5,1.25
1251,2020-03-13,17.14,17.26,17.59,16.94,183719,491156496.0,3.62,-3.79,-0.68,1.33
1252,2020-03-16,17.26,16.4,17.3,16.26,193340,503803600.0,6.03,-4.98,-0.86,1.4
1253,2020-03-17,16.33,16.19,16.71,15.86,165944,419002880.0,5.18,-1.28,-0.21,1.2
1254,2020-03-18,16.34,16.11,16.82,16.05,121620,311616032.0,4.76,-0.49,-0.08,0.88
1255,2020-03-19,16.38,15.95,16.44,15.49,187855,468981008.0,5.9,-0.99,-0.16,1.36
1256,2020-03-20,16.13,15.73,16.19,15.49,149321,367794144.0,4.39,-1.38,-0.22,1.08
1257,2020-03-23,15.21,15.03,15.33,14.78,155106,364324992.0,3.5,-4.45,-0.7,1.12
1258,2020-03-24,15.31,15.36,15.37,15.01,122223,290550624.0,2.4,2.2,0.33,0.88
1259,2020-03-25,15.67,16.03,16.3,15.47,159550,397897120.0,5.4,4.36,0.67,1.15
1260,2020-03-26,15.95,16.38,16.52,15.81,138653,352246688.0,4.43,2.18,0.35,1.0
1261,2020-03-27,16.57,17.2,17.47,16.57,155673,415604592.0,5.49,5.01,0.82,1.13
1262,2020-03-30,17.11,16.67,17.17,16.54,109516,286996224.0,3.66,-3.08,-0.53,0.79
1263,2020-03-31,16.9,16.57,17.03,16.47,63147,164624360.0,3.36,-0.6,-0.1,0.46
1264,2020-04-01,16.69,16.71,16.99,16.54,69154,180933349.0,2.72,0.84,0.14,0.5
1265,2020-04-02,16.77,17.14,17.14,16.65,59410,156924580.0,2.93,2.57,0.43,0.43
1266,2020-04-03,17.16,17.26,17.53,17.09,56192,151141267.0,2.57,0.7,0.12,0.41
1267,2020-04-07,17.53,18.01,18.17,17.53,110196,306677392.0,3.71,4.35,0.75,0.8
1268,2020-04-08,18.0,18.31,18.61,17.89,73387,209100910.0,4.0,1.67,0.3,0.53
1269,2020-04-09,18.48,17.74,18.48,17.64,71007,197133527.0,4.59,-3.11,-0.57,0.51
1270,2020-04-10,17.72,18.22,18.93,17.48,136941,389993360.0,8.17,2.71,0.48,0.99
1271,2020-04-13,18.41,18.61,18.71,18.15,79621,229361324.0,3.07,2.14,0.39,0.58
1272,2020-04-14,18.61,18.91,19.1,18.55,98665,287615488.0,2.96,1.61,0.3,0.71
1273,2020-04-15,18.97,18.91,19.06,18.67,55662,162715656.0,2.06,0.0,0.0,0.4
1274,2020-04-16,18.68,19.03,19.04,18.67,73178,214823423.0,1.96,0.63,0.12,0.53
1275,2020-04-17,19.07,19.14,19.4,18.94,72843,217362858.0,2.42,0.58,0.11,0.53
1276,2020-04-20,19.34,19.44,19.86,19.18,90558,273934272.0,3.55,1.57,0.3,0.66
1277,2020-04-21,19.39,19.24,19.54,19.04,45835,136691058.0,2.57,-1.03,-0.2,0.33
1278,2020-04-22,19.08,19.29,19.37,18.95,53888,160771709.0,2.18,0.26,0.05,0.39
1279,2020-04-23,19.36,19.47,20.19,19.36,134602,412860992.0,4.3,0.93,0.18,0.97
1280,2020-04-24,19.68,19.64,20.4,19.5,115802,357931424.0,4.62,0.87,0.17,0.84
1281,2020-04-27,19.54,20.1,20.45,19.54,97251,303934864.0,4.63,2.34,0.46,0.7
1282,2020-04-28,20.33,21.33,21.69,19.86,200119,649913600.0,9.1,6.12,1.23,1.45
1283,2020-04-29,21.28,21.01,21.31,20.49,111074,358587568.0,3.84,-1.5,-0.32,0.8
1284,2020-04-30,21.07,21.16,21.65,20.67,98890,323227392.0,4.66,0.71,0.15,0.72
1285,2020-05-06,22.54,21.94,22.54,20.74,154850,519478160.0,8.51,3.69,0.78,1.12
1286,2020-05-07,21.87,21.87,22.21,21.47,88847,300151888.0,3.37,-0.32,-0.07,0.64
1287,2020-05-08,22.0,22.46,22.66,21.75,105904,365050352.0,4.16,2.7,0.59,0.77
1288,2020-05-11,22.27,22.18,22.72,22.01,77124,265982125.0,3.16,-1.25,-0.28,0.56
1289,2020-05-12,22.47,23.01,23.06,21.89,112481,392435152.0,5.28,3.74,0.83,0.81
1290,2020-05-13,22.76,22.98,23.05,22.17,100965,353956320.0,3.82,-0.13,-0.03,0.73
1291,2020-05-14,22.74,22.87,23.0,22.52,63597,223723950.0,2.09,-0.48,-0.11,0.46
1292,2020-05-15,22.81,22.75,23.11,22.63,63033,222052039.0,2.1,-0.52,-0.12,0.46
1293,2020-05-18,22.75,22.77,23.13,22.53,105766,373359136.0,2.64,0.09,0.02,0.77
1294,2020-05-19,23.01,23.1,23.38,22.77,71102,253793263.0,2.68,1.45,0.33,0.51
1295,2020-05-20,23.0,22.69,23.09,22.67,57389,202513236.0,1.82,-1.77,-0.41,0.42
1296,2020-05-21,22.81,22.64,23.13,22.31,82131,287486064.0,3.61,-0.22,-0.05,0.59
1297,2020-05-22,22.68,22.23,22.74,22.01,89117,306955856.0,3.22,-1.81,-0.41,0.65
1298,2020-05-25,22.57,22.45,22.63,21.92,84285,291182176.0,3.19,0.99,0.22,0.61
1299,2020-05-26,22.68,23.03,23.44,22.33,110633,393102432.0,4.94,2.58,0.58,0.8
1300,2020-05-27,23.17,22.37,23.27,22.15,95313,332036944.0,4.86,-2.87,-0.66,0.69
1301,2020-05-28,22.22,21.86,22.5,21.47,115281,388704992.0,4.6,-2.28,-0.51,0.83
1302,2020-05-29,21.91,22.23,22.56,21.83,94695,325364944.0,3.34,1.69,0.37,0.69
1303,2020-06-01,22.41,22.97,23.26,22.26,105899,373793248.0,4.5,3.33,0.74,0.77
1304,2020-06-02,22.97,21.95,23.21,21.82,116521,399554256.0,6.05,-4.44,-1.02,0.84
1305,2020-06-03,22.01,22.49,22.77,21.74,98740,341223104.0,4.69,2.46,0.54,0.71
1306,2020-06-04,22.67,22.71,22.93,22.39,88137,308051344.0,2.4,0.98,0.22,0.64
1307,2020-06-05,22.64,22.24,22.7,22.01,69340,238539831.0,3.04,-2.07,-0.47,0.5
1308,2020-06-08,22.47,22.37,23.23,22.23,117087,411693488.0,4.5,0.58,0.13,0.85
1309,2020-06-09,22.33,22.38,22.66,22.13,69521,240554003.0,2.37,0.04,0.01,0.5
1310,2020-06-10,22.37,23.28,23.4,22.17,114070,403791248.0,5.5,4.02,0.9,0.83
1311,2020-06-11,23.72,22.31,23.74,22.17,149958,526160880.0,6.74,-4.17,-0.97,1.09
1312,2020-06-12,21.79,21.94,22.42,21.75,112855,383363584.0,3.0,-1.66,-0.37,0.82
1313,2020-06-15,22.01,21.93,22.34,21.71,81814,278923632.0,2.87,-0.05,-0.01,0.59
1314,2020-06-16,22.27,22.64,22.94,22.02,87107,304685696.0,4.2,3.24,0.71,0.63
1315,2020-06-17,22.86,21.79,22.86,21.67,101969,345295984.0,5.26,-3.75,-0.85,0.74
1316,2020-06-18,22.04,21.98,22.23,21.67,106301,361554720.0,2.57,0.87,0.19,0.77
1317,2020-06-19,21.96,22.54,22.92,21.84,149794,521369104.0,4.91,2.55,0.56,1.08
1318,2020-06-22,22.67,23.01,23.37,22.37,108524,383903136.0,4.44,2.09,0.47,0.79
1319,2020-06-23,23.01,23.25,23.5,22.74,115178,411478672.0,3.3,1.04,0.24,0.83
1320,2020-06-24,23.67,23.98,24.19,23.28,189901,695228336.0,3.91,3.14,0.73,1.37
1321,2020-06-29,23.76,24.05,24.27,23.54,115841,426740880.0,3.04,0.29,0.07,0.84
1322,2020-06-30,24.01,24.67,24.78,24.01,112777,426277728.0,3.2,2.58,0.62,0.82
1323,2020-07-01,24.67,25.06,25.25,24.35,110670,421900272.0,3.65,1.58,0.39,0.8
1324,2020-07-02,24.78,24.54,25.06,23.87,131648,497736896.0,4.75,-2.08,-0.52,0.95
1325,2020-07-03,24.58,24.52,24.77,23.87,119472,448380096.0,3.67,-0.08,-0.02,0.86
1326,2020-07-06,24.51,25.21,25.37,24.06,132442,510889584.0,5.34,2.81,0.69,0.96
1327,2020-07-07,25.21,25.96,26.57,25.21,127597,511486112.0,5.39,2.98,0.75,0.92
1328,2020-07-08,28.54,28.62,28.62,28.08,163726,718687664.0,2.08,10.25,2.66,1.19
1329,2020-07-09,30.27,31.55,31.55,29.79,298971,1415534352.0,6.15,10.24,2.93,2.16
1330,2020-07-10,32.07,31.74,32.07,30.54,254964,1222744464.0,4.85,0.6,0.19,1.85
1331,2020-07-13,31.35,32.18,32.83,31.35,163641,805337376.0,4.66,1.39,0.44,1.18
1332,2020-07-14,32.41,32.81,34.54,31.91,272432,1376295856.0,8.17,1.96,0.63,1.97
1333,2020-07-15,32.79,32.79,34.19,32.53,203942,1036227776.0,5.06,-0.06,-0.02,1.48
1334,2020-07-16,32.91,32.93,35.39,31.99,299488,1548802128.0,10.37,0.43,0.14,2.17
1335,2020-07-17,33.21,32.86,33.99,30.46,230357,1151826320.0,10.72,-0.21,-0.07,1.67
1336,2020-07-20,34.17,34.21,35.01,31.83,207806,1058814016.0,9.68,4.11,1.35,1.5
1337,2020-07-21,34.19,34.35,35.11,33.48,155643,815403136.0,4.76,0.41,0.14,1.13
1338,2020-07-22,34.38,33.79,34.99,33.71,152124,794598192.0,3.73,-1.63,-0.56,1.1
1339,2020-07-23,33.46,34.13,34.5,33.46,148510,769785488.0,3.08,1.01,0.34,1.08
1340,2020-07-24,33.77,31.92,34.31,31.47,291363,1443238320.0,8.32,-6.48,-2.21,2.11
1341,2020-07-27,31.92,31.66,32.31,31.2,145701,706188592.0,3.48,-0.81,-0.26,1.05
1342,2020-07-28,32.12,33.0,33.89,31.69,186685,932249184.0,6.95,4.23,1.34,1.35
1343,2020-07-29,32.86,33.68,33.79,32.53,166290,843804560.0,3.82,2.06,0.68,1.2
1344,2020-07-30,34.12,32.72,34.39,32.5,166628,839243664.0,5.61,-2.85,-0.96,1.21
1345,2020-07-31,33.06,32.97,33.65,32.23,133766,671572112.0,4.34,0.76,0.25,0.97
1346,2020-08-03,33.17,34.73,34.99,32.93,192425,1003757760.0,6.25,5.34,1.76,1.39
1347,2020-08-04,35.23,34.26,35.24,33.29,181049,935000432.0,5.61,-1.35,-0.47,1.31
1348,2020-08-05,34.33,34.7,34.89,33.7,138985,727310448.0,3.47,1.28,0.44,1.01
1349,2020-08-06,34.62,33.95,34.62,32.69,166505,852663904.0,5.56,-2.16,-0.75,1.21
1350,2020-08-07,33.95,33.77,34.98,33.44,142761,743860832.0,4.54,-0.53,-0.18,1.03
1351,2020-08-10,34.05,34.27,34.93,33.53,117925,614389680.0,4.15,1.48,0.5,0.85
1352,2020-08-11,34.43,34.72,36.63,34.37,194940,1053326224.0,6.59,1.31,0.45,1.41
1353,2020-08-12,34.46,33.21,34.61,32.46,172359,874986160.0,6.19,-4.35,-1.51,1.25
1354,2020-08-13,33.61,34.49,34.78,33.15,127101,660078032.0,4.91,3.85,1.28,0.92
1355,2020-08-14,34.33,36.21,36.36,34.22,194900,1061443568.0,6.2,4.99,1.72,1.41
1356,2020-08-17,35.78,36.44,36.71,35.4,150157,821206144.0,3.62,0.64,0.23,1.09
1357,2020-08-18,36.75,36.55,38.26,35.43,224688,1245869536.0,7.77,0.3,0.11,1.63
1358,2020-08-19,36.39,37.07,37.95,36.16,151378,856798560.0,4.9,1.42,0.52,1.1
1359,2020-08-20,36.99,35.33,37.83,35.33,150586,829314128.0,6.74,-4.69,-1.74,1.09
1360,2020-08-21,35.37,36.34,36.53,34.91,114998,628682400.0,4.59,2.86,1.01,0.83
1361,2020-08-24,37.06,36.83,37.57,35.27,114758,638830720.0,6.33,1.35,0.49,0.83
1362,2020-08-25,36.59,37.78,38.03,36.24,116419,663375764.0,4.86,2.58,0.95,0.84
1363,2020-08-26,37.27,36.79,37.85,36.63,117582,662982288.0,3.23,-2.62,-0.99,0.85
1364,2020-08-27,36.87,38.59,39.72,36.86,185829,1088741352.0,7.77,4.89,1.8,1.35
1365,2020-08-28,37.99,38.05,38.23,37.13,182103,1040484875.0,2.85,-1.4,-0.54,1.32
1366,2020-08-31,37.86,36.66,38.04,36.13,204172,1154749108.0,5.02,-3.65,-1.39,1.48
1367,2020-09-01,36.87,37.65,37.97,36.45,123367,702116928.0,4.15,2.7,0.99,0.89
1368,2020-09-02,37.69,37.13,38.29,36.35,124925,704686784.0,5.15,-1.38,-0.52,0.9
1369,2020-09-03,37.11,35.97,37.35,35.85,129050,713478616.0,4.04,-3.12,-1.16,0.93
1370,2020-09-04,35.58,36.08,36.34,34.93,99900,544168021.0,3.92,0.31,0.11,0.72
1371,2020-09-07,36.08,35.39,36.46,34.79,116448,630883722.0,4.63,-1.91,-0.69,0.84
1372,2020-09-08,35.13,35.04,35.59,34.15,109835,584298754.0,4.07,-0.99,-0.35,0.8
1373,2020-09-09,35.11,33.92,35.43,33.46,115790,604072560.0,5.62,-3.2,-1.12,0.84
1374,2020-09-10,34.39,33.79,34.88,33.56,99367,518522080.0,3.89,-0.38,-0.13,0.72
1375,2020-09-11,33.31,34.31,34.53,33.11,116883,605036688.0,4.2,1.54,0.52,0.85
1376,2020-09-14,34.78,34.13,34.98,33.79,126008,656763488.0,3.47,-0.52,-0.18,0.91
1377,2020-09-15,34.41,35.32,35.65,34.2,113332,605179093.0,4.25,3.49,1.19,0.82
1378,2020-09-16,36.12,34.93,36.12,34.51,81072,433125152.0,4.56,-1.1,-0.39,0.59
1379,2020-09-17,34.91,36.37,36.73,34.58,117231,639900336.0,6.16,4.12,1.44,0.85
1380,2020-09-18,36.24,36.43,36.93,35.73,105419,584317104.0,3.3,0.16,0.06,0.76
1381,2020-09-21,36.71,36.68,37.27,35.49,85830,477756512.0,4.89,0.69,0.25,0.62
1382,2020-09-22,36.13,36.12,37.06,35.73,71549,396076251.0,3.63,-1.53,-0.56,0.52
1383,2020-09-23,36.4,35.93,36.4,35.71,63047,345996208.0,1.91,-0.53,-0.19,0.46
1384,2020-09-24,35.99,35.46,37.18,34.93,117026,643099288.0,6.26,-1.31,-0.47,0.85
1385,2020-09-25,35.55,36.75,37.05,35.55,125302,698996052.0,4.23,3.64,1.29,0.91
1386,2020-09-28,37.06,36.69,37.51,36.25,102619,575604128.0,3.43,-0.16,-0.06,0.74
1387,2020-09-29,36.69,36.99,37.31,36.32,90788,509546176.0,2.7,0.82,0.3,0.66
1388,2020-09-30,37.01,38.06,38.61,36.81,119350,688399532.0,4.87,2.89,1.07,0.86
1389,2020-10-09,39.19,40.63,41.46,38.14,161814,978754186.0,8.72,6.75,2.57,1.17
1390,2020-10-12,40.93,41.93,41.93,40.19,117067,731453580.0,4.28,3.2,1.3,0.85
1391,2020-10-13,41.4,41.61,42.32,41.22,80276,507819274.0,2.62,-0.76,-0.32,0.58
1392,2020-10-14,41.46,41.26,41.93,40.99,114844,721476056.0,2.26,-0.84,-0.35,0.83
1393,2020-10-15,41.53,41.59,41.83,40.97,90087,567325488.0,2.08,0.8,0.33,0.65
1394,2020-10-16,41.13,41.07,41.95,40.67,70938,444260240.0,3.08,-1.25,-0.52,0.51
1395,2020-10-19,41.79,41.17,42.57,40.81,99216,627305712.0,4.29,0.24,0.1,0.72
1396,2020-10-20,41.39,42.17,42.41,40.87,74329,472376704.0,3.74,2.43,1.0,0.54
1397,2020-10-21,42.39,41.29,42.39,41.03,63813,402471728.0,3.23,-2.09,-0.88,0.46
1398,2020-10-22,40.89,40.95,41.28,39.96,102946,635403552.0,3.2,-0.82,-0.34,0.75
1399,2020-10-23,40.96,40.91,41.89,39.79,95279,590470816.0,5.13,-0.1,-0.04,0.69
1400,2020-10-26,39.45,41.04,41.47,38.13,97585,598265632.0,8.16,0.32,0.13,0.71
1401,2020-10-27,41.13,41.33,41.91,40.59,102368,643618960.0,3.22,0.71,0.29,0.74
1402,2020-10-28,41.53,41.33,42.65,41.06,127193,809146400.0,3.85,0.0,0.0,0.92
1403,2020-10-29,40.69,43.15,43.51,40.6,113703,737351920.0,7.04,4.4,1.82,0.82
1404,2020-10-30,43.93,42.29,44.33,42.01,113301,740326272.0,5.38,-1.99,-0.86,0.82
1405,2020-11-02,47.46,50.85,50.85,47.26,305970,2321266528.0,8.49,20.24,8.56,2.21
1406,2020-11-03,51.94,51.33,52.32,49.79,289069,2242595072.0,4.98,0.94,0.48,2.09
1407,2020-11-04,51.8,52.13,53.03,51.09,191258,1507058400.0,3.78,1.56,0.8,1.38
1408,2020-11-05,52.47,52.87,54.03,51.63,158393,1263716496.0,4.6,1.42,0.74,1.15
1409,2020-11-06,53.46,52.45,53.46,51.63,150291,1192905968.0,3.46,-0.79,-0.42,1.09
1410,2020-11-09,53.47,54.57,54.91,52.49,147125,1200201104.0,4.61,4.04,2.12,1.07
1411,2020-11-10,53.79,54.19,55.03,51.49,171626,1388228288.0,6.49,-0.7,-0.38,1.24
1412,2020-11-11,54.79,53.01,57.38,52.79,203414,1686349488.0,8.47,-2.18,-1.18,1.47
1413,2020-11-12,54.09,53.04,54.43,51.79,152582,1232821168.0,4.98,0.06,0.03,1.1
1414,2020-11-13,53.71,54.01,54.33,52.53,111620,904491136.0,3.39,1.83,0.97,0.81
1415,2020-11-16,54.79,54.55,56.02,54.06,163925,1361132080.0,3.63,1.0,0.54,1.19
1416,2020-11-17,54.9,54.46,56.36,53.38,126168,1048267568.0,5.46,-0.16,-0.09,0.91
1417,2020-11-18,53.82,53.17,55.13,52.33,138637,1122614896.0,5.14,-2.37,-1.29,1.0
1418,2020-11-19,53.63,52.75,53.63,52.17,100849,806926448.0,2.75,-0.79,-0.42,0.73
1419,2020-11-20,53.17,52.97,54.01,52.66,123281,993696128.0,2.56,0.42,0.22,0.89
1420,2020-11-23,53.79,55.74,56.79,52.97,163477,1365905696.0,7.21,5.23,2.77,1.18
1421,2020-11-24,55.74,55.33,56.13,53.91,106834,890771408.0,3.98,-0.74,-0.41,0.77
1422,2020-11-25,55.83,54.51,55.96,54.05,85600,710188944.0,3.45,-1.48,-0.82,0.62
1423,2020-11-26,54.27,51.59,54.89,50.2,177431,1392570944.0,8.6,-5.36,-2.92,1.28
1424,2020-11-27,52.14,51.33,52.46,50.65,96033,746403792.0,3.51,-0.5,-0.26,0.7
1425,2020-11-30,51.8,50.79,52.65,50.79,130287,1023119808.0,3.62,-1.05,-0.54,0.94
1426,2020-12-01,52.27,53.13,54.9,51.75,159663,1293312816.0,6.2,4.61,2.34,1.16
1427,2020-12-02,53.94,53.67,55.03,52.86,87989,718554560.0,4.08,1.02,0.54,0.64
1428,2020-12-03,53.89,53.49,54.64,52.93,69815,569599264.0,3.19,-0.34,-0.18,0.51
1429,2020-12-04,53.03,56.44,56.99,52.74,143399,1208961424.0,7.95,5.52,2.95,1.04
1430,2020-12-07,56.53,55.93,56.66,55.27,89604,756528976.0,2.46,-0.9,-0.51,0.65
1431,2020-12-08,56.47,56.51,58.06,55.85,126593,1089622288.0,3.95,1.04,0.58,0.92
1432,2020-12-09,56.59,55.48,56.99,55.15,81606,691995168.0,3.26,-1.82,-1.03,0.59
1433,2020-12-10,55.71,55.56,57.45,54.33,109026,921654144.0,5.62,0.14,0.08,0.79
1434,2020-12-11,56.53,54.85,56.89,54.1,156241,1303963552.0,5.02,-1.28,-0.71,1.11
1435,2020-12-14,55.53,55.59,55.8,54.25,96751,807328736.0,2.83,1.35,0.74,0.69
1436,2020-12-15,55.71,57.09,57.56,55.35,92471,790658880.0,3.98,2.7,1.5,0.66
1437,2020-12-16,57.12,56.46,58.79,55.81,111227,960623248.0,5.22,-1.1,-0.63,0.79
1438,2020-12-17,56.64,56.75,57.09,55.97,69058,591501440.0,1.98,0.51,0.29,0.49
1439,2020-12-18,56.8,58.23,59.01,56.33,142983,1256278544.0,4.72,2.61,1.48,1.02
1440,2020-12-21,58.48,59.99,59.99,57.86,166672,1486135584.0,3.66,3.02,1.76,1.18
1441,2020-12-22,59.46,56.79,60.75,56.59,169190,1506451216.0,6.93,-5.33,-3.2,1.2
1442,2020-12-23,57.48,58.47,59.86,57.48,139041,1234656768.0,4.19,2.96,1.68,0.99
1443,2020-12-24,59.05,60.31,60.53,57.67,98286,880841344.0,4.89,3.15,1.84,0.7
1444,2020-12-25,60.31,61.09,61.19,59.3,111813,1019685600.0,3.13,1.29,0.78,0.79
1445,2020-12-28,61.46,60.06,61.47,58.63,122133,1108022496.0,4.65,-1.69,-1.03,0.87
1446,2020-12-29,59.39,56.93,60.45,56.38,156237,1364059232.0,6.78,-5.21,-3.13,1.11
1447,2020-12-30,57.15,57.83,59.27,57.15,140248,1239021024.0,3.72,1.58,0.9,1.0
1448,2020-12-31,57.83,61.66,62.31,57.83,148548,1355608112.0,7.75,6.62,3.83,1.06
1449,2021-01-04,61.66,63.19,64.69,61.17,137223,1306392304.0,5.71,2.48,1.53,0.98
1450,2021-01-05,62.13,63.58,63.83,60.99,142349,1346942096.0,4.49,0.62,0.39,1.01
1451,2021-01-06,64.35,63.06,64.99,61.06,148901,1415305376.0,6.18,-0.82,-0.52,1.06
1452,2021-01-07,63.05,66.17,67.46,62.0,177656,1738234512.0,8.66,4.93,3.11,1.26
1453,2021-01-08,66.66,66.13,67.19,63.65,138247,1369756656.0,5.35,-0.06,-0.04,0.98
1454,2021-01-11,66.13,62.99,66.13,61.33,174409,1681210400.0,7.26,-4.75,-3.14,1.24
1455,2021-01-12,62.3,64.39,65.23,61.53,131440,1268594208.0,5.87,2.22,1.4,0.93
1456,2021-01-13,64.79,59.39,64.85,58.63,239969,2229444096.0,9.66,-7.77,-5.0,1.71
1457,2021-01-14,58.13,59.98,60.86,58.09,184919,1671636560.0,4.66,0.99,0.59,1.31
1458,2021-01-15,59.66,58.95,61.07,56.78,146302,1303148128.0,7.15,-1.72,-1.03,1.04
1459,2021-01-18,58.26,59.67,60.52,56.58,127805,1144945856.0,6.68,1.22,0.72,0.91
1460,2021-01-19,59.67,61.73,62.39,59.47,170768,1586108912.0,4.89,3.45,2.06,1.21
1461,2021-01-20,61.12,61.73,62.5,60.46,93371,871075824.0,3.3,0.0,0.0,0.66
1462,2021-01-21,61.79,67.46,70.07,61.46,222291,2233335888.0,13.95,9.28,5.73,1.58
1463,2021-01-22,68.13,65.33,68.52,64.85,222383,2213801920.0,5.44,-3.16,-2.13,1.58
1464,2021-01-25,65.63,66.85,69.43,65.63,209089,2144531088.0,5.82,2.33,1.52,1.49
1465,2021-01-26,67.25,65.99,67.79,63.19,138074,1370372912.0,6.88,-1.29,-0.86,0.98
1466,2021-01-27,65.53,65.45,67.32,64.15,116061,1155833984.0,4.8,-0.82,-0.54,0.83
1467,2021-01-28,66.03,62.4,66.06,60.46,177115,1677964192.0,8.56,-4.66,-3.05,1.26
1468,2021-01-29,62.8,62.89,64.91,61.97,142472,1370363696.0,4.71,0.79,0.49,1.01
1469,2021-02-01,63.09,65.25,65.53,62.79,130586,1267064000.0,4.36,3.75,2.36,0.93
1470,2021-02-02,65.59,69.31,70.79,65.46,200093,2093997648.0,8.17,6.22,4.06,1.42
1471,2021-02-03,70.13,67.07,70.58,66.79,130213,1354126736.0,5.47,-3.23,-2.24,0.93
1472,2021-02-04,67.1,66.13,67.68,65.06,102832,1031523536.0,3.91,-1.4,-0.94,0.73
1473,2021-02-05,67.47,65.17,67.61,64.79,102821,1021831152.0,4.26,-1.45,-0.96,0.73
1474,2021-02-08,65.46,72.71,73.46,64.89,207976,2216839008.0,13.15,11.57,7.54,1.48
1475,2021-02-09,73.46,74.13,74.13,71.13,137541,1522145296.0,4.13,1.95,1.42,0.98
1476,2021-02-10,74.65,75.53,75.53,72.45,94424,1058984032.0,4.15,1.89,1.4,0.67
1477,2021-02-18,77.46,75.56,78.06,74.13,138935,1591258160.0,5.2,0.04,0.03,0.99
1478,2021-02-19,73.53,69.97,74.06,67.46,177430,1877855952.0,8.73,-7.4,-5.59,1.26
1479,2021-02-22,70.26,67.23,70.67,66.26,172974,1788215184.0,6.3,-3.92,-2.74,1.23
1480,2021-02-23,66.79,64.2,68.45,63.99,193656,1919617040.0,6.63,-4.51,-3.03,1.38
1481,2021-02-24,64.79,59.36,64.92,58.71,274053,2524491568.0,9.67,-7.54,-4.84,1.95
1482,2021-02-25,60.46,57.59,60.96,57.03,224500,1991394208.0,6.62,-2.98,-1.77,1.6
1483,2021-02-26,56.46,56.32,57.16,54.79,196775,1675739424.0,4.12,-2.21,-1.27,1.4
1484,2021-03-01,58.64,59.39,59.79,56.91,260917,2315014768.0,5.11,5.45,3.07,1.86
1485,2021-03-02,59.78,58.71,60.71,56.71,178992,1591858848.0,6.74,-1.14,-0.68,1.27
1486,2021-03-03,58.37,58.18,58.38,56.19,156727,1368736048.0,3.73,-0.9,-0.53,1.11
1487,2021-03-04,56.74,55.16,57.44,54.24,192817,1618050208.0,5.5,-5.19,-3.02,1.37
1488,2021-03-05,55.45,58.05,58.85,54.89,185789,1615662512.0,7.18,5.24,2.89,1.32
1489,2021-03-08,57.38,56.63,58.59,56.14,146429,1271855808.0,4.22,-2.45,-1.42,1.04
1490,2021-03-09,55.16,53.93,57.7,53.71,157636,1328864864.0,7.05,-4.77,-2.7,1.12
1491,2021-03-10,56.09,55.89,57.12,54.8,154893,1314149520.0,4.3,3.63,1.96,1.1
1492,2021-03-11,55.92,57.66,58.79,55.91,116902,1024430576.0,5.15,3.17,1.77,0.83
1493,2021-03-12,58.64,57.21,58.64,55.66,109642,942412288.0,5.17,-0.78,-0.45,0.78
1494,2021-03-15,57.21,52.79,57.39,51.98,209202,1696279056.0,9.46,-7.73,-4.42,1.49
1495,2021-03-16,53.46,53.97,55.33,53.09,140329,1152355536.0,4.24,2.24,1.18,1.0
1496,2021-03-17,55.0,54.57,55.79,53.13,77033,637992608.0,4.93,1.11,0.6,0.55
1497,2021-03-18,55.46,57.92,59.45,55.46,127582,1120025280.0,7.31,6.14,3.35,0.91
1498,2021-03-19,56.79,55.64,57.39,54.97,96407,819646496.0,4.18,-3.94,-2.28,0.69
1499,2021-03-22,56.12,58.59,59.13,55.86,104664,921101472.0,5.88,5.3,2.95,0.74
1500,2021-03-23,58.11,56.59,58.33,55.81,91896,789831072.0,4.3,-3.41,-2.0,0.65
1501,2021-03-24,56.6,53.1,57.22,52.33,147791,1207466016.0,8.64,-6.17,-3.49,1.05
1502,2021-03-25,52.03,53.86,54.27,51.73,102117,823267200.0,4.78,1.43,0.76,0.73
1503,2021-03-26,54.55,57.13,57.63,54.15,118154,1015013280.0,6.46,6.07,3.27,0.84
1504,2021-03-29,58.13,55.93,58.63,55.23,133383,1147617200.0,5.95,-2.1,-1.2,0.95
1505,2021-03-30,55.69,58.29,58.33,55.2,82573,719241168.0,5.6,4.22,2.36,0.59
1506,2021-03-31,58.13,56.47,58.35,55.06,102938,878466368.0,5.64,-3.12,-1.82,0.73
1507,2021-04-01,56.71,57.28,57.58,56.39,51325,443015264.0,2.11,1.43,0.81,0.36
1508,2021-04-02,57.83,60.3,61.33,57.83,110433,1002460368.0,6.11,5.27,3.02,0.79
1509,2021-04-06,61.79,60.3,62.71,58.5,148335,1347474992.0,6.98,0.0,0.0,1.05
1510,2021-04-07,59.79,61.67,61.7,59.18,92304,845269904.0,4.18,2.27,1.37,0.66
1511,2021-04-08,60.92,59.7,61.91,59.16,88090,798774320.0,4.46,-3.19,-1.97,0.63
1512,2021-04-09,59.72,53.76,59.73,52.53,302005,2490642176.0,12.06,-9.95,-5.94,2.15
1513,2021-04-12,52.46,51.11,53.57,50.33,242429,1888699664.0,6.03,-4.93,-2.65,1.72
1514,2021-04-13,51.26,49.95,51.36,49.59,138105,1053751152.0,3.46,-2.27,-1.16,0.98
1515,2021-04-14,49.66,52.93,53.19,49.64,155522,1229855728.0,7.11,5.97,2.98,1.11
1516,2021-04-15,52.74,53.12,53.39,51.49,61932,495592528.0,3.59,0.36,0.19,0.44
1517,2021-04-16,53.95,52.6,54.45,51.91,101903,816056016.0,4.78,-0.98,-0.52,0.72
1518,2021-04-19,52.77,54.92,55.33,52.53,115372,951635264.0,5.32,4.41,2.32,0.82
1519,2021-04-20,54.35,53.67,55.13,52.99,100501,815513456.0,3.9,-2.28,-1.25,0.71
1520,2021-04-21,53.3,53.43,53.69,52.21,73556,590968736.0,2.76,-0.45,-0.24,0.52
1521,2021-04-22,53.19,51.82,53.59,50.63,206010,1608351152.0,5.54,-3.01,-1.61,1.46
1522,2021-04-23,51.46,54.0,54.45,51.46,145943,1183293712.0,5.77,4.21,2.18,1.04
1523,2021-04-26,54.16,52.47,55.01,52.27,139778,1133624544.0,5.07,-2.83,-1.53,0.99
1524,2021-04-27,55.85,55.77,57.77,55.09,252744,2155947472.0,5.11,6.29,3.3,1.8
1525,2021-04-28,57.46,59.86,59.97,56.72,260643,2324026816.0,5.83,7.33,4.09,1.85
1526,2021-04-29,60.33,58.79,60.65,57.66,137310,1225435696.0,4.99,-1.79,-1.07,0.98
1527,2021-04-30,59.33,59.09,59.58,57.19,121339,1077698320.0,4.07,0.51,0.3,0.86
1528,2021-05-06,59.45,59.45,59.87,58.17,149543,1340771456.0,2.88,0.61,0.36,1.06
1529,2021-05-07,58.79,56.06,59.91,55.89,128340,1119627984.0,6.76,-5.7,-3.39,0.91
1530,2021-05-10,56.13,54.71,56.15,54.04,126755,1054390464.0,3.76,-2.41,-1.35,0.9
1531,2021-05-11,54.53,53.5,54.53,52.25,99233,800017088.0,4.17,-2.21,-1.21,0.71
1532,2021-05-12,53.47,53.59,53.97,52.46,91458,737779136.0,2.82,0.17,0.09,0.65
1533,2021-05-13,52.79,52.31,53.09,51.6,91356,723816960.0,2.78,-2.39,-1.28,0.65
1534,2021-05-14,52.79,53.59,54.46,51.31,104031,837274288.0,6.02,2.45,1.28,0.74
1535,2021-05-17,54.07,59.07,59.43,53.93,207889,1823215008.0,10.26,10.23,5.48,1.48
1536,2021-05-18,58.79,58.77,59.07,57.57,93263,823600736.0,2.54,-0.51,-0.3,0.66
1537,2021-05-19,58.66,60.13,62.85,58.14,134013,1236965472.0,8.01,2.31,1.36,0.95
1538,2021-05-20,60.97,61.23,62.55,60.37,124900,1160981872.0,3.63,1.83,1.1,0.89
1539,2021-05-21,61.53,60.23,61.83,59.46,100578,919964528.0,3.87,-1.63,-1.0,0.72
1540,2021-05-24,60.79,60.65,61.46,59.19,81069,738677632.0,3.77,0.7,0.42,0.58
1541,2021-05-25,60.49,62.37,62.65,60.35,132489,1242048912.0,3.79,2.84,1.72,0.94
1542,2021-05-26,63.33,64.17,65.03,62.71,139176,1348542976.0,3.72,2.89,1.8,0.99
1543,2021-05-27,64.13,64.17,64.8,62.83,103255,1001190432.0,3.07,0.0,0.0,0.75
1544,2021-05-28,63.99,63.4,65.29,62.8,103078,996189488.0,3.88,-1.2,-0.77,0.75
1545,2021-05-31,63.69,65.12,66.13,63.69,103919,1021697888.0,3.85,2.71,1.72,0.75
1546,2021-06-01,64.79,64.61,65.25,62.33,153841,1492576848.0,4.48,-0.78,-0.51,1.11
1547,2021-06-02,64.66,63.44,65.01,62.71,91696,881230512.0,3.56,-1.81,-1.17,0.66
1548,2021-06-03,63.77,61.28,64.09,61.11,81532,764627264.0,4.7,-3.4,-2.16,0.59
1549,2021-06-04,62.15,60.66,63.23,59.9,190380,1170796560.0,5.43,-1.01,-0.62,0.92
1550,2021-06-07,61.19,58.92,61.28,57.9,282523,1664128080.0,5.57,-2.87,-1.74,1.36
1551,2021-06-08,59.38,60.25,62.09,58.8,187153,1138580416.0,5.58,2.26,1.33,0.9
1552,2021-06-09,60.25,60.5,61.28,59.61,136041,827163200.0,2.77,0.41,0.25,0.66
1553,2021-06-10,60.58,62.4,63.58,60.1,217153,1358072176.0,5.75,3.14,1.9,1.05
1554,2021-06-11,62.4,60.7,62.66,60.66,221137,1370148560.0,3.21,-2.72,-1.7,1.07
1555,2021-06-15,61.39,63.25,64.3,61.16,233546,1474016608.0,5.17,4.2,2.55,1.13
1556,2021-06-16,63.07,60.89,63.13,60.5,182856,1123517104.0,4.16,-3.73,-2.36,0.88
1557,2021-06-17,60.7,61.62,61.9,58.51,257419,1559715728.0,5.57,1.2,0.73,1.24
1558,2021-06-18,63.4,66.49,69.68,63.3,397916,2676606464.0,10.35,7.9,4.87,1.92
1559,2021-06-21,66.75,67.7,69.08,65.25,312070,2112578080.0,5.76,1.82,1.21,1.51
1560,2021-06-22,68.7,67.21,68.89,66.26,162313,1093845488.0,3.88,-0.72,-0.49,0.78
1561,2021-06-23,67.68,66.65,67.98,66.2,181542,1221355664.0,2.65,-0.83,-0.56,0.88
1562,2021-06-24,65.9,64.0,66.5,63.2,242188,1563127728.0,4.95,-3.98,-2.65,1.17
1563,2021-06-25,65.04,65.77,67.06,64.2,231027,1532012192.0,4.47,2.77,1.77,1.12
1564,2021-06-28,65.44,68.28,69.23,65.26,218750,1490718448.0,6.04,3.82,2.51,1.06
1565,2021-06-29,68.27,68.64,69.29,66.5,207758,1419304032.0,4.09,0.53,0.36,1.0
1566,2021-06-30,73.7,73.96,75.28,70.0,448183,3285448112.0,7.69,7.75,5.32,2.16
1567,2021-07-01,73.97,80.48,82.23,72.2,489065,3841139984.0,13.56,8.82,6.52,2.36
1568,2021-07-02,78.6,76.19,78.63,74.61,463802,3557913056.0,5.0,-5.33,-4.29,2.24
1569,2021-07-05,74.91,74.32,77.07,73.3,493644,3705219136.0,4.95,-2.45,-1.87,2.38
1570,2021-07-06,74.32,75.82,76.05,72.7,331305,2487347920.0,4.51,2.02,1.5,1.6
1571,2021-07-07,73.71,76.4,77.34,72.78,327150,2487009296.0,6.01,0.76,0.58,1.58
1572,2021-07-08,77.36,77.89,78.6,75.8,338309,2613394752.0,3.66,1.95,1.49,1.63
1573,2021-07-09,76.2,78.9,80.55,74.95,349865,2734510128.0,7.19,1.3,1.01,1.69
1574,2021-07-12,77.7,80.05,83.32,77.2,381844,3093022928.0,7.76,1.46,1.15,1.84
1575,2021-07-13,78.78,74.91,78.98,73.94,444358,3409681840.0,6.3,-6.42,-5.14,2.14
1576,2021-07-14,73.73,74.49,76.35,72.95,260076,1946828208.0,4.54,-0.56,-0.42,1.25
1577,2021-07-15,73.68,75.6,75.67,73.11,204408,1534217328.0,3.44,1.49,1.11,0.98
1578,2021-07-16,75.2,71.85,75.22,71.83,304589,2239675824.0,4.48,-4.96,-3.75,1.47
1579,2021-07-19,71.8,74.5,75.0,70.0,270115,1985856720.0,6.96,3.69,2.65,1.3
1580,2021-07-20,73.4,77.52,78.02,72.75,354984,2689773888.0,7.07,4.05,3.02,1.71
1581,2021-07-21,80.6,81.98,84.2,79.91,578461,4787648512.0,5.53,5.75,4.46,2.79
1582,2021-07-22,81.9,81.1,83.18,80.14,281889,2301550384.0,3.71,-1.07,-0.88,1.36
1583,2021-07-23,80.78,80.47,81.98,79.2,230381,1862135488.0,3.43,-0.78,-0.63,1.11
1584,2021-07-26,80.5,77.0,81.5,75.71,372565,2914462352.0,7.2,-4.31,-3.47,1.8
1585,2021-07-27,77.7,75.61,79.46,75.28,321456,2512122768.0,5.43,-1.81,-1.39,1.55
1586,2021-07-28,73.75,76.08,77.28,72.85,326779,2471390320.0,5.86,0.62,0.47,1.57
1587,2021-07-29,78.2,79.51,80.48,76.3,305157,2406552608.0,5.49,4.51,3.43,1.47
1588,2021-07-30,79.68,77.56,79.68,77.22,207728,1633332192.0,3.09,-2.45,-1.95,1.0
1589,2021-08-02,77.74,84.85,86.17,77.7,452958,3729002304.0,10.92,9.4,7.29,2.18
1590,2021-08-03,86.1,81.5,87.69,81.2,332183,2793676352.0,7.65,-3.95,-3.35,1.6
1591,2021-08-04,80.71,87.26,88.29,80.58,373186,3204924112.0,9.46,7.07,5.76,1.8
1592,2021-08-05,87.7,86.5,88.75,85.08,247958,2157072272.0,4.21,-0.87,-0.76,1.19
1593,2021-08-06,87.49,84.11,87.49,83.2,246414,2094323424.0,4.96,-2.76,-2.39,1.19
1594,2021-08-09,83.6,83.59,84.5,81.7,194699,1624402496.0,3.33,-0.62,-0.52,0.94
1595,2021-08-10,84.23,84.95,85.86,82.69,218384,1849738896.0,3.79,1.63,1.36,1.05
1596,2021-08-11,83.7,82.31,84.95,82.27,207110,1729479872.0,3.15,-3.11,-2.64,1.0
1597,2021-08-12,81.71,73.68,82.59,73.0,770163,5927719424.0,11.65,-10.48,-8.63,3.71
1598,2021-08-13,74.7,73.72,76.18,72.77,371403,2776347104.0,4.63,0.05,0.04,1.79
1599,2021-08-16,73.49,72.65,73.55,70.22,307235,2218807056.0,4.52,-1.45,-1.07,1.48
1600,2021-08-17,73.0,70.7,73.3,70.7,253525,1820235856.0,3.58,-2.68,-1.95,1.22
1601,2021-08-18,70.9,68.9,71.46,68.03,324568,2258505504.0,4.85,-2.55,-1.8,1.56
1602,2021-08-19,68.9,70.89,71.29,68.39,229272,1619931648.0,4.21,2.89,1.99,1.1
1603,2021-08-20,70.3,69.08,70.79,67.5,255844,1770677296.0,4.64,-2.55,-1.81,1.23
1604,2021-08-23,70.2,73.69,74.18,69.78,355805,2608286768.0,6.37,6.67,4.61,1.71
1605,2021-08-24,74.7,75.04,76.1,71.73,342288,2558469920.0,5.93,1.83,1.35,1.65
1606,2021-08-25,75.7,74.38,77.47,73.9,199587,1501046016.0,4.76,-0.88,-0.66,0.96
1607,2021-08-26,74.81,73.97,76.29,73.36,210082,1578223120.0,3.94,-0.55,-0.41,1.01
1608,2021-08-27,74.44,74.8,75.82,73.3,189252,1418084576.0,3.41,1.12,0.83,0.91
1609,2021-08-30,75.79,73.34,75.8,72.5,323720,2409103600.0,4.41,-1.95,-1.46,1.56
1610,2021-08-31,73.74,70.72,73.95,69.71,395151,2826150768.0,5.78,-3.57,-2.62,1.9
1611,2021-09-01,70.4,70.3,71.32,68.19,271591,1900619072.0,4.43,-0.59,-0.42,1.31
1612,2021-09-02,70.36,69.92,71.26,69.38,195049,1371809872.0,2.67,-0.54,-0.38,0.94
1613,2021-09-03,69.91,68.7,71.2,67.81,220859,1532033120.0,4.85,-1.74,-1.22,1.06
1614,2021-09-06,68.69,71.5,73.0,67.8,250600,1790931984.0,7.57,4.08,2.8,1.21
1615,2021-09-07,71.7,72.59,73.39,70.91,247388,1803911360.0,3.47,1.52,1.09,1.19
1616,2021-09-08,73.5,69.7,73.5,69.49,300478,2122351904.0,5.52,-3.98,-2.89,1.45
1617,2021-09-09,69.7,69.88,70.58,68.12,161362,1122460240.0,3.53,0.26,0.18,0.78
1618,2021-09-10,69.88,69.78,70.4,68.15,213611,1485117568.0,3.22,-0.14,-0.1,1.03
1619,2021-09-13,69.5,67.67,70.27,67.22,223998,1533577168.0,4.37,-3.02,-2.11,1.08
1620,2021-09-14,68.13,67.85,69.49,67.2,184144,1264202192.0,3.38,0.27,0.18,0.89
1621,2021-09-15,67.39,65.09,67.84,64.64,352235,2318621248.0,4.72,-4.07,-2.76,1.7
1622,2021-09-16,65.7,64.85,66.43,64.36,282270,1846347936.0,3.18,-0.37,-0.24,1.36
1623,2021-09-17,64.7,65.28,66.05,64.48,181641,1188804208.0,2.42,0.66,0.43,0.88
1624,2021-09-22,64.2,62.89,64.2,61.91,245283,1546897088.0,3.51,-3.66,-2.39,1.18
1625,2021-09-23,64.21,65.1,65.54,63.37,326351,2126250288.0,3.45,3.51,2.21,1.57
1626,2021-09-24,65.66,64.88,66.16,63.38,266489,1741635808.0,4.27,-0.34,-0.22,1.28
1627,2021-09-27,65.0,65.23,67.0,64.12,235241,1547106880.0,4.44,0.54,0.35,1.13
1628,2021-09-28,64.7,63.7,66.0,63.28,224038,1445880064.0,4.17,-2.35,-1.53,1.08
1629,2021-09-29,62.71,62.51,64.3,62.4,203251,1289353136.0,2.98,-1.87,-1.19,0.98
1630,2021-09-30,62.7,62.7,63.33,62.41,175663,1109117280.0,1.47,0.3,0.19,0.85
1631,2021-10-08,63.3,63.86,65.08,63.29,211917,1363195440.0,2.85,1.85,1.16,1.02
1632,2021-10-11,64.11,63.71,66.32,63.57,273166,1779503264.0,4.31,-0.23,-0.15,1.32
1633,2021-10-12,64.19,59.21,64.86,58.9,411853,2509739600.0,9.35,-7.06,-4.5,1.98
1634,2021-10-13,59.21,59.95,60.19,58.53,164596,981955456.0,2.8,1.25,0.74,0.79
1635,2021-10-14,60.56,59.4,60.85,58.84,222139,1325869376.0,3.35,-0.92,-0.55,1.07
1636,2021-10-15,59.06,62.55,63.29,58.52,380089,2357275184.0,8.03,5.3,3.15,1.83
1637,2021-10-18,62.55,60.22,62.68,59.65,326027,1979010048.0,4.84,-3.73,-2.33,1.57
1638,2021-10-19,60.23,60.4,62.34,59.86,282404,1724762736.0,4.12,0.3,0.18,1.36
1639,2021-10-20,60.37,61.86,62.69,59.52,327665,2024918304.0,5.25,2.42,1.46,1.58
1640,2021-10-21,61.86,60.96,62.36,60.57,229799,1414079104.0,2.89,-1.45,-0.9,1.11
1641,2021-10-22,60.96,61.1,61.75,60.29,176121,1080572256.0,2.4,0.23,0.14,0.85
1642,2021-10-25,60.86,61.7,62.04,60.71,211168,1303133056.0,2.18,0.98,0.6,1.02
1643,2021-10-26,62.1,64.1,65.34,61.8,408106,2634843360.0,5.74,3.89,2.4,1.97
1644,2021-10-27,63.92,64.22,64.96,63.11,283370,1827045536.0,2.89,0.19,0.12,1.36
1645,2021-10-28,64.5,65.5,66.57,63.2,435522,2842502400.0,5.25,1.99,1.28,2.1
1646,2021-10-29,65.49,64.93,65.58,62.9,374660,2414597360.0,4.09,-0.87,-0.57,1.8
1647,2021-11-01,64.1,64.72,64.83,62.52,347508,2224888800.0,3.56,-0.32,-0.21,1.67
1648,2021-11-02,64.58,65.55,67.72,64.05,440606,2930741120.0,5.67,1.28,0.83,2.12
1649,2021-11-03,65.97,66.31,67.16,65.02,244159,1621123424.0,3.26,1.16,0.76,1.18
1650,2021-11-04,66.8,67.83,67.88,66.32,298846,2019763584.0,2.35,2.29,1.52,1.44
1651,2021-11-05,68.3,67.82,68.48,67.26,230365,1568232672.0,1.8,-0.01,-0.01,1.11
1652,2021-11-08,68.44,70.28,71.08,67.88,308715,2169379136.0,4.72,3.63,2.46,1.49
1653,2021-11-09,69.71,70.84,70.87,69.13,229271,1609041344.0,2.48,0.8,0.56,1.1
1654,2021-11-10,70.68,68.52,70.97,67.6,289367,1998022304.0,4.76,-3.27,-2.32,1.39
1655,2021-11-11,68.3,69.38,70.82,67.72,248578,1739208224.0,4.52,1.26,0.86,1.2
1656,2021-11-12,69.7,70.21,70.98,68.95,189693,1339519440.0,2.93,1.2,0.83,0.91
1657,2021-11-15,70.85,70.19,71.17,69.29,161891,1138600336.0,2.68,-0.03,-0.02,0.78
1658,2021-11-16,69.71,66.73,70.35,66.47,334090,2271394000.0,5.53,-4.93,-3.46,1.61
1659,2021-11-17,67.32,66.78,67.68,66.56,158525,1067065568.0,1.68,0.07,0.05,0.76
1660,2021-11-18,66.99,65.7,67.37,65.0,242763,1603565696.0,3.55,-1.62,-1.08,1.17
1661,2021-11-19,65.56,65.8,65.93,64.2,277075,1810807328.0,2.63,0.15,0.1,1.33
1662,2021-11-22,66.13,66.12,66.85,65.04,286288,1892888608.0,2.75,0.49,0.32,1.35
1663,2021-11-23,66.68,68.81,69.98,66.32,443414,3048934032.0,5.54,4.07,2.69,2.09
1664,2021-11-24,68.69,68.59,69.2,67.73,251813,1733805888.0,2.14,-0.32,-0.22,1.18
1665,2021-11-25,68.95,69.07,70.23,68.3,252354,1755418400.0,2.81,0.7,0.48,1.19
1666,2021-11-26,69.04,67.07,69.04,66.7,220724,1497325344.0,3.39,-2.9,-2.0,1.04
1667,2021-11-29,64.92,66.33,67.06,64.92,189772,1259418160.0,3.19,-1.1,-0.74,0.89
1668,2021-11-30,66.4,65.3,67.17,65.21,170613,1131310144.0,2.95,-1.55,-1.03,0.8
1669,2021-12-01,65.05,64.75,66.26,64.32,159438,1036018768.0,2.97,-0.84,-0.55,0.75
1670,2021-12-02,64.74,65.2,65.45,64.16,150564,980508160.0,1.99,0.69,0.45,0.71
1671,2021-12-03,65.19,65.56,65.63,64.51,153042,1000505312.0,1.72,0.55,0.36,0.72
1672,2021-12-06,65.55,64.8,66.9,64.77,174791,1157422880.0,3.25,-1.16,-0.76,0.82
1673,2021-12-07,65.25,65.23,65.63,64.22,119119,776507824.0,2.18,0.66,0.43,0.56
1674,2021-12-08,65.5,65.97,66.89,65.48,174596,1160346528.0,2.16,1.13,0.74,0.82
1675,2021-12-09,65.99,70.11,71.85,65.7,553066,3862938784.0,9.32,6.28,4.14,2.6
1676,2021-12-10,69.41,70.55,70.9,69.26,235480,1661412672.0,2.34,0.63,0.44,1.07
1677,2021-12-13,70.7,71.25,73.2,70.7,300635,2172984752.0,3.54,0.99,0.7,1.36
1678,2021-12-14,70.72,70.04,71.14,69.86,158225,1116914496.0,1.8,-1.7,-1.21,0.71
1679,2021-12-15,69.61,68.55,69.92,68.33,160506,1112977824.0,2.27,-2.13,-1.49,0.72
1680,2021-12-16,68.7,71.8,71.9,68.7,260467,1856377008.0,4.67,4.74,3.25,1.17
1681,2021-12-17,72.3,71.74,73.57,71.4,268397,1953728304.0,3.02,-0.08,-0.06,1.21
1682,2021-12-20,71.7,70.02,72.03,69.78,243981,1732367600.0,3.14,-2.4,-1.72,1.1
1683,2021-12-21,70.69,71.98,72.15,70.31,190694,1366111808.0,2.63,2.8,1.96,0.86
1684,2021-12-22,71.62,69.78,71.75,69.39,222263,1567518944.0,3.28,-3.06,-2.2,1.0
1685,2021-12-23,69.5,68.85,69.93,68.49,158016,1093881680.0,2.06,-1.33,-0.93,0.71
1686,2021-12-24,69.7,69.37,69.9,68.51,140544,979262320.0,2.02,0.76,0.52,0.63
1687,2021-12-27,69.38,69.7,70.09,68.79,86721,605813952.0,1.87,0.48,0.33,0.39
1688,2021-12-28,70.12,71.15,71.54,69.08,181688,1287077520.0,3.53,2.08,1.45,0.81
1689,2021-12-29,71.25,69.05,71.3,69.01,150650,1053750896.0,3.22,-2.95,-2.1,0.67
1690,2021-12-30,68.72,69.06,69.6,68.38,99878,692706464.0,1.77,0.01,0.01,0.45
1691,2021-12-31,69.14,68.3,69.68,67.8,124999,860232912.0,2.72,-1.1,-0.76,0.56
1692,2022-01-04,69.25,69.5,70.58,68.97,197522,1385782416.0,2.36,1.76,1.2,0.88
1693,2022-01-05,69.76,66.25,69.88,66.08,228214,1544400560.0,5.47,-4.68,-3.25,1.02
1694,2022-01-06,65.5,65.83,66.82,65.21,132989,881414336.0,2.43,-0.63,-0.42,0.6
1695,2022-01-07,66.18,66.09,67.0,65.3,104009,689764864.0,2.58,0.39,0.26,0.47
1696,2022-01-10,65.5,64.9,65.59,63.54,155498,1007098816.0,3.1,-1.8,-1.19,0.7
1697,2022-01-11,64.65,64.9,65.9,64.05,138300,902534368.0,2.85,0.0,0.0,0.62
1698,2022-01-12,65.2,65.57,65.88,64.5,109545,718460528.0,2.13,1.03,0.67,0.49
1699,2022-01-13,65.7,64.8,66.06,64.69,96758,634453520.0,2.09,-1.17,-0.77,0.43
1700,2022-01-14,63.7,63.7,64.73,62.33,195290,1246988336.0,3.7,-1.7,-1.1,0.87
1701,2022-01-17,63.2,63.76,64.64,63.2,107500,689631776.0,2.26,0.09,0.06,0.48
1702,2022-01-18,64.0,66.58,67.15,63.45,196405,1306705024.0,5.8,4.42,2.82,0.88
1703,2022-01-19,66.38,65.7,66.95,65.23,147820,979392608.0,2.58,-1.32,-0.88,0.66
1704,2022-01-20,65.65,67.58,68.28,65.6,166008,1126069936.0,4.08,2.86,1.88,0.74
1705,2022-01-21,67.89,67.12,68.15,66.2,161390,1083910704.0,2.89,-0.68,-0.46,0.72
1706,2022-01-24,66.49,66.11,66.7,64.72,137212,906251008.0,2.95,-1.5,-1.01,0.6
1707,2022-01-25,65.89,66.19,68.49,65.5,160754,1084486256.0,4.52,0.12,0.08,0.71
1708,2022-01-26,66.58,64.97,66.88,64.0,155235,1011320112.0,4.35,-1.84,-1.22,0.68
1709,2022-01-27,62.7,58.2,62.7,57.9,427410,2571551504.0,7.39,-10.42,-6.77,1.88
1710,2022-01-28,58.07,59.69,60.35,58.05,255981,1528424656.0,3.95,2.56,1.49,1.12
1711,2022-02-07,60.7,59.94,61.23,58.88,122163,733705296.0,3.94,0.42,0.25,0.54
1712,2022-02-08,60.1,59.4,60.49,58.08,150848,897778992.0,4.02,-0.9,-0.54,0.66
1713,2022-02-09,59.82,60.5,60.8,59.29,128529,775514816.0,2.54,1.85,1.1,0.56
1714,2022-02-10,60.0,60.1,60.51,59.37,123840,743599168.0,1.88,-0.66,-0.4,0.54
1715,2022-02-11,59.7,60.81,61.37,59.1,173145,1051820912.0,3.78,1.18,0.71,0.76
1716,2022-02-14,59.93,60.26,60.46,59.09,119970,720986704.0,2.25,-0.9,-0.55,0.53
1717,2022-02-15,60.28,62.55,62.86,60.08,162228,1015501744.0,4.61,3.8,2.29,0.71
1718,2022-02-16,62.9,64.86,65.2,62.9,178884,1157324640.0,3.68,3.69,2.31,0.79
1719,2022-02-17,64.8,65.2,66.45,63.75,144126,946677136.0,4.16,0.52,0.34,0.63
1720,2022-02-18,64.7,64.84,65.15,63.92,92792,600376176.0,1.89,-0.55,-0.36,0.41
1721,2022-02-21,64.85,64.0,65.4,63.51,109323,705122000.0,2.91,-1.3,-0.84,0.48
1722,2022-02-22,63.77,62.65,63.77,62.05,146835,925202960.0,2.69,-2.11,-1.35,0.64
1723,2022-02-23,62.65,64.23,64.29,62.65,114452,732433296.0,2.62,2.52,1.58,0.5
1724,2022-02-24,63.97,63.85,65.54,62.7,135836,873093744.0,4.42,-0.59,-0.38,0.6
1725,2022-02-25,64.32,63.4,64.63,63.2,81512,522641584.0,2.24,-0.7,-0.45,0.36
1726,2022-02-28,63.4,63.36,63.66,62.38,76755,486331536.0,2.02,-0.06,-0.04,0.34
1727,2022-03-01,63.7,63.45,64.01,63.0,80906,515561440.0,1.59,0.14,0.09,0.36
1728,2022-03-02,63.09,62.68,63.43,62.4,65672,414032608.0,1.62,-1.21,-0.77,0.29
1729,2022-03-03,62.88,62.1,63.15,61.72,69199,434042736.0,2.28,-0.93,-0.58,0.3
1730,2022-03-04,61.68,61.34,62.4,60.95,96881,599725920.0,2.33,-1.22,-0.76,0.43
1731,2022-03-07,61.31,59.7,61.58,59.3,139195,839966720.0,3.72,-2.67,-1.64,0.61
1732,2022-03-08,60.3,59.17,60.59,58.8,128157,768258160.0,3.0,-0.89,-0.53,0.56
1733,2022-03-09,59.71,58.34,60.38,56.7,153441,905896640.0,6.22,-1.4,-0.83,0.67
1734,2022-03-10,59.76,57.51,59.95,57.2,179880,1049456016.0,4.71,-1.42,-0.83,0.79
1735,2022-03-11,56.21,57.88,58.14,53.5,203370,1147553888.0,8.07,0.64,0.37,0.89
1736,2022-03-14,57.06,54.33,57.24,54.25,166053,922935808.0,5.17,-6.13,-3.55,0.73
1737,2022-03-15,53.5,51.42,54.5,51.21,235603,1249221024.0,6.06,-5.36,-2.91,1.03
1738,2022-03-16,52.04,54.95,55.08,51.47,241655,1291567040.0,7.02,6.87,3.53,1.06
1739,2022-03-17,55.74,55.38,56.99,54.55,187507,1049913776.0,4.44,0.78,0.43,0.82
1740,2022-03-18,55.5,56.6,57.25,55.17,129589,733923216.0,3.76,2.2,1.22,0.57
1741,2022-03-21,57.09,57.3,58.06,56.23,109327,631555728.0,3.23,1.24,0.7,0.48
1742,2022-03-22,56.91,57.1,57.35,56.4,85535,488874512.0,1.66,-0.35,-0.2,0.38
1743,2022-03-23,57.44,56.95,57.56,56.39,63217,361504080.0,2.05,-0.26,-0.15,0.28
1744,2022-03-24,56.64,55.99,56.92,55.7,104860,590515712.0,2.14,-1.69,-0.96,0.46
1745,2022-03-25,55.9,54.53,56.38,54.53,107917,597772304.0,3.3,-2.61,-1.46,0.47
1746,2022-03-28,53.7,54.49,55.02,53.6,89565,490936000.0,2.6,-0.07,-0.04,0.39
1747,2022-03-29,54.12,53.7,54.85,53.35,64325,348819488.0,2.75,-1.45,-0.79,0.28
1748,2022-03-30,54.7,55.35,55.5,54.36,99092,548435152.0,2.12,3.07,1.65,0.44
1749,2022-03-31,55.2,56.7,57.11,54.8,138249,784012144.0,4.17,2.44,1.35,0.61
1750,2022-04-01,56.33,56.45,57.2,56.05,86764,493492432.0,2.03,-0.44,-0.25,0.38
1751,2022-04-06,56.43,56.15,56.89,55.62,85360,481221904.0,2.25,-0.53,-0.3,0.37
1752,2022-04-07,55.84,55.12,56.45,55.08,98749,551531440.0,2.44,-1.83,-1.03,0.43
1753,2022-04-08,55.59,55.74,56.56,54.98,74582,418419664.0,2.87,1.12,0.62,0.33
1754,2022-04-11,55.03,52.26,55.69,52.2,128433,685131248.0,6.26,-6.24,-3.48,0.56
1755,2022-04-12,52.26,54.28,54.29,52.12,85370,459141296.0,4.15,3.87,2.02,0.37
1756,2022-04-13,53.64,53.26,54.5,52.51,95657,513798352.0,3.67,-1.88,-1.02,0.42
1757,2022-04-14,54.19,53.73,54.36,53.3,67165,364110848.0,1.99,0.88,0.47,0.29
1758,2022-04-15,53.21,52.3,53.58,51.68,85202,447000448.0,3.54,-2.66,-1.43,0.37
1759,2022-04-18,50.7,52.12,52.35,48.1,185363,942455264.0,8.13,-0.34,-0.18,0.81
1760,2022-04-19,52.58,52.8,54.28,51.88,128567,688584048.0,4.6,1.3,0.68,0.56
1761,2022-04-20,52.81,52.85,54.08,52.58,98428,526083872.0,2.84,0.09,0.05,0.43
1762,2022-04-21,52.21,50.92,53.27,50.71,115267,601895696.0,4.84,-3.65,-1.93,0.51
1763,2022-04-22,50.56,50.13,51.2,49.21,120944,610830848.0,3.91,-1.55,-0.79,0.53
1764,2022-04-25,49.7,47.2,49.7,47.2,147345,716325600.0,4.99,-5.84,-2.93,0.65
1765,2022-04-26,47.41,48.18,49.68,47.26,183398,897132384.0,5.13,2.08,0.98,0.81
1766,2022-04-27,47.7,52.98,53.31,47.7,207435,1063069280.0,11.64,9.96,4.8,0.91
1767,2022-04-28,53.2,55.62,56.34,52.6,210670,1171596208.0,7.06,4.98,2.64,0.93
1768,2022-04-29,56.61,57.4,58.02,55.55,162452,928358176.0,4.44,3.2,1.78,0.71
1769,2022-05-05,57.6,58.03,59.49,57.36,133919,788518656.0,3.71,1.1,0.63,0.59
1770,2022-05-06,56.76,55.51,57.53,54.88,90834,510588272.0,4.57,-4.34,-2.52,0.4
1771,2022-05-09,55.52,54.86,55.54,54.2,59128,325352288.0,2.41,-1.17,-0.65,0.26
1772,2022-05-10,54.37,55.45,55.96,54.1,131758,731129552.0,3.39,1.08,0.59,0.58
1773,2022-05-11,55.85,55.68,56.56,54.89,138834,780193808.0,3.01,0.41,0.23,0.61
1774,2022-05-12,55.65,55.74,56.08,55.01,67429,376741920.0,1.92,0.11,0.06,0.3
1775,2022-05-13,55.93,56.2,56.45,55.51,69205,390215328.0,1.69,0.83,0.46,0.3
1776,2022-05-16,56.27,56.34,57.0,55.83,66413,376562992.0,2.08,0.25,0.14,0.29
1777,2022-05-17,56.55,58.29,58.45,56.3,92216,536534208.0,3.82,3.46,1.95,0.4
1778,2022-05-18,58.17,58.2,58.7,57.7,66568,389088368.0,1.72,-0.15,-0.09,0.29
1779,2022-05-19,57.2,59.3,59.76,57.05,108212,640689264.0,4.66,1.89,1.1,0.46
1780,2022-05-20,58.72,59.8,60.66,58.72,87340,526133424.0,3.27,0.84,0.5,0.37
1781,2022-05-23,59.7,60.4,60.9,59.42,93310,566156896.0,2.47,1.0,0.6,0.4
1782,2022-05-24,61.19,58.89,61.93,58.8,103699,627220512.0,5.18,-2.5,-1.51,0.45
1783,2022-05-25,58.89,58.69,59.25,57.98,65930,387899920.0,2.16,-0.34,-0.2,0.28
1784,2022-05-26,58.65,58.79,60.05,57.5,71520,421874912.0,4.34,0.17,0.1,0.31
1785,2022-05-27,59.2,60.18,60.83,59.2,104942,636717360.0,2.77,2.36,1.39,0.45
1786,2022-05-30,59.61,59.74,61.23,59.21,72515,434901280.0,3.36,-0.73,-0.44,0.31
1787,2022-05-31,59.7,60.93,61.2,59.48,78904,481730864.0,2.88,1.99,1.19,0.34
1788,2022-06-01,60.69,60.95,62.16,60.5,72677,447128432.0,2.72,0.03,0.02,0.31
1789,2022-06-02,61.15,63.8,64.3,60.29,162325,1025688384.0,6.58,4.68,2.85,0.7
1790,2022-06-06,63.8,65.35,65.57,62.94,174642,1137291408.0,4.12,2.43,1.55,0.75
1791,2022-06-07,65.29,65.09,66.57,64.14,105706,692320976.0,3.72,-0.4,-0.26,0.45
1792,2022-06-08,65.56,65.1,65.56,63.91,107995,702287120.0,2.53,0.02,0.01,0.46
1793,2022-06-09,64.93,64.21,66.54,63.51,113286,735100448.0,4.65,-1.37,-0.89,0.49
1794,2022-06-10,63.96,64.71,65.1,63.03,125329,808595264.0,3.22,0.78,0.5,0.54
1795,2022-06-13,64.71,66.3,66.38,63.8,172652,1139490752.0,3.99,2.46,1.59,0.74
1796,2022-06-14,65.71,65.78,66.18,63.3,108627,705604784.0,4.34,-0.78,-0.52,0.47
1797,2022-06-15,65.23,63.95,65.79,63.56,128880,835925376.0,3.39,-2.78,-1.83,0.55
1798,2022-06-16,63.95,64.6,65.3,63.9,84122,547304128.0,2.19,1.02,0.65,0.36
1799,2022-06-17,64.03,64.65,64.98,63.5,92528,597930944.0,2.29,0.08,0.05,0.4
1800,2022-06-20,64.65,65.71,66.17,64.2,100239,660591232.0,3.05,1.64,1.06,0.43
1801,2022-06-21,66.58,65.95,68.05,65.11,124861,833271152.0,4.47,0.37,0.24,0.54
1802,2022-06-22,65.9,64.08,66.7,63.71,141356,924951936.0,4.53,-2.84,-1.87,0.61
1803,2022-06-23,65.45,67.75,67.89,64.38,245980,1649734336.0,5.48,5.73,3.67,1.06
1804,2022-06-24,68.36,69.5,69.8,67.3,227685,1578310256.0,3.69,2.58,1.75,0.98
1805,2022-06-27,69.58,67.4,70.18,67.12,185029,1263998624.0,4.4,-3.02,-2.1,0.79
1806,2022-06-28,67.49,68.98,69.35,65.95,183767,1255164640.0,5.04,2.34,1.58,0.79
1807,2022-06-29,68.88,65.33,69.47,65.11,190759,1271498464.0,6.32,-5.29,-3.65,0.82
1808,2022-06-30,65.0,65.87,66.86,64.91,136871,900477792.0,2.98,0.83,0.54,0.6
1809,2022-07-01,65.6,64.85,66.02,64.48,100346,654192112.0,2.34,-1.55,-1.02,0.44
1810,2022-07-04,64.36,65.75,65.86,64.1,102311,667970688.0,2.71,1.39,0.9,0.45
1811,2022-07-05,65.1,64.69,65.85,63.14,123753,795325312.0,4.12,-1.61,-1.06,0.54
1812,2022-07-06,64.16,63.6,64.68,62.88,99429,633041216.0,2.78,-1.68,-1.09,0.43
1813,2022-07-07,63.59,64.33,64.65,62.7,118421,757888992.0,3.07,1.15,0.73,0.52
1814,2022-07-08,64.06,64.43,65.25,62.88,207029,1327804614.0,3.68,0.16,0.1,0.91
1815,2022-07-11,64.01,62.88,64.42,62.55,105190,661956826.0,2.9,-2.41,-1.55,0.46
1816,2022-07-12,62.88,62.29,63.3,61.81,119746,747568140.0,2.37,-0.94,-0.59,0.52
1817,2022-07-13,61.85,61.79,62.48,61.1,126584,783297047.0,2.22,-0.8,-0.5,0.55
1818,2022-07-14,61.67,63.82,64.6,61.09,141969,902176122.0,5.68,3.29,2.03,0.62
1819,2022-07-15,63.0,63.04,64.63,63.0,113242,722621517.0,2.55,-1.22,-0.78,0.5
1820,2022-07-18,62.67,63.1,63.9,62.1,129818,817942353.0,2.86,0.1,0.06,0.57
1821,2022-07-19,63.44,62.38,63.45,61.9,88496,552681588.0,2.46,-1.14,-0.72,0.39
1822,2022-07-20,62.41,63.61,64.96,62.4,115703,740041647.0,4.1,1.97,1.23,0.51
1823,2022-07-21,63.14,62.98,63.88,62.98,72932,462035811.0,1.41,-0.99,-0.63,0.32
1824,2022-07-22,63.0,62.0,63.54,61.22,87538,544601796.0,3.68,-1.56,-0.98,0.38
1825,2022-07-25,62.0,60.95,62.5,60.55,102579,626902426.0,3.15,-1.69,-1.05,0.45
1826,2022-07-26,61.39,62.55,62.81,61.0,95044,590769898.0,2.97,2.63,1.6,0.42
1827,2022-07-27,62.77,64.88,65.22,61.88,141549,910857060.0,5.34,3.73,2.33,0.62
1828,2022-07-28,65.15,66.1,67.17,64.96,157620,1042871747.0,3.41,1.88,1.22,0.69
1829,2022-07-29,65.8,66.12,67.11,65.5,116957,774698148.0,2.44,0.03,0.02,0.51
1830,2022-08-01,66.11,67.06,67.63,64.61,146261,974968399.0,4.57,1.42,0.94,0.64
1831,2022-08-02,66.02,66.31,67.0,64.85,172423,1139801057.0,3.21,-1.12,-0.75,0.75
1832,2022-08-03,67.0,65.0,67.51,64.7,112261,742954094.0,4.24,-1.98,-1.31,0.49
1833,2022-08-04,65.78,65.14,66.27,64.36,98587,641943712.0,2.94,0.22,0.14,0.43
1834,2022-08-05,65.65,63.57,65.86,62.73,149147,951020874.0,4.81,-2.41,-1.57,0.65
1835,2022-08-08,63.3,62.37,63.35,61.86,157948,987250360.0,2.34,-1.89,-1.2,0.69
1836,2022-08-09,62.56,62.66,63.2,62.08,99906,624541782.0,1.8,0.46,0.29,0.44
1837,2022-08-10,62.2,62.74,63.23,61.8,104432,651620093.0,2.28,0.13,0.08,0.46
1838,2022-08-11,62.72,63.0,63.45,62.15,92241,581191781.0,2.07,0.41,0.26,0.4
1839,2022-08-12,63.22,62.5,63.58,61.88,87114,545513295.0,2.7,-0.79,-0.5,0.38
1840,2022-08-15,62.56,63.06,63.2,61.97,105009,660041790.0,1.97,0.9,0.56,0.46
1841,2022-08-16,63.35,64.8,64.85,62.86,149793,960403034.0,3.16,2.76,1.74,0.65
1842,2022-08-17,64.79,64.14,64.8,63.63,83942,537671507.0,1.81,-1.02,-0.66,0.37
1843,2022-08-18,63.98,65.02,65.09,63.41,82534,530282862.0,2.62,1.37,0.88,0.36
1844,2022-08-19,65.59,62.4,65.61,62.33,127777,811774498.0,5.04,-4.03,-2.62,0.56
1845,2022-08-22,62.3,62.76,63.12,61.61,64444,401979233.0,2.42,0.58,0.36,0.28
1846,2022-08-23,62.7,64.26,66.66,62.36,233110,1516498094.0,6.85,2.39,1.5,1.02
1847,2022-08-24,64.4,61.3,64.8,61.25,147532,918562071.0,5.52,-4.61,-2.96,0.64
1848,2022-08-25,61.4,62.08,62.46,60.94,97282,601263528.0,2.48,1.27,0.78,0.43
1849,2022-08-26,62.5,60.5,62.59,60.0,126106,768414422.0,4.17,-2.55,-1.58,0.55
1850,2022-08-29,59.6,58.98,60.51,58.6,115417,682472742.0,3.16,-2.51,-1.52,0.5
1851,2022-08-30,58.98,58.38,59.3,58.18,75785,443505512.0,1.9,-1.02,-0.6,0.33
1852,2022-08-31,57.8,59.97,59.97,57.35,115680,679667314.0,4.49,2.72,1.59,0.51
1853,2022-09-01,58.77,57.23,59.8,57.0,103895,603780712.0,4.67,-4.57,-2.74,0.45
1854,2022-09-02,57.34,57.88,58.5,57.05,81711,472164212.0,2.53,1.14,0.65,0.36
1855,2022-09-05,57.75,58.95,59.38,57.5,96689,569256213.0,3.25,1.85,1.07,0.42
1856,2022-09-06,58.95,58.14,59.35,57.13,119662,693464701.0,3.77,-1.37,-0.81,0.52
1857,2022-09-07,57.55,59.04,60.1,57.54,120333,712779481.0,4.4,1.55,0.9,0.53
1858,2022-09-08,59.05,58.03,59.24,57.9,88506,515492009.0,2.27,-1.71,-1.01,0.39
1859,2022-09-09,58.47,58.45,58.58,57.6,57873,336691308.0,1.69,0.72,0.42,0.25
1860,2022-09-13,58.9,58.7,59.48,58.18,63464,373798287.0,2.22,0.43,0.25,0.28
1861,2022-09-14,57.66,57.71,58.52,57.1,75092,432318713.0,2.42,-1.69,-0.99,0.33
1862,2022-09-15,58.3,57.46,58.79,56.9,118974,686379174.0,3.27,-0.43,-0.25,0.52
1863,2022-09-16,57.46,56.47,58.08,56.47,87529,498373970.0,2.8,-1.72,-0.99,0.38
1864,2022-09-19,56.47,58.09,58.75,56.45,116506,677445235.0,4.07,2.87,1.62,0.51
1865,2022-09-20,58.5,58.12,58.6,57.81,56427,328032650.0,1.36,0.05,0.03,0.25
1866,2022-09-21,58.08,57.55,58.28,56.8,52250,300637138.0,2.55,-0.98,-0.57,0.23
1867,2022-09-22,57.15,57.45,57.88,56.9,34599,198654809.0,1.7,-0.17,-0.1,0.15
1868,2022-09-23,57.55,56.85,57.87,56.01,52421,297192929.0,3.24,-1.04,-0.6,0.23
1869,2022-09-26,56.78,57.8,58.75,56.25,78907,457141806.0,4.4,1.67,0.95,0.34
1870,2022-09-27,57.84,57.95,58.36,57.01,78103,449096062.0,2.34,0.26,0.15,0.34
1871,2022-09-28,58.05,55.9,58.07,55.62,84841,476854728.0,4.23,-3.54,-2.05,0.37
1872,2022-09-29,56.5,57.6,58.38,55.9,96289,553274350.0,4.44,3.04,1.7,0.42
1873,2022-09-30,58.35,57.51,58.35,57.18,72317,416601533.0,2.03,-0.16,-0.09,0.32
1874,2022-10-10,58.5,57.94,59.39,57.52,124363,727674784.0,3.25,0.75,0.43,0.54
1875,2022-10-11,57.9,58.54,58.83,56.93,89382,520033647.0,3.28,1.04,0.6,0.39
1876,2022-10-12,58.61,61.6,61.6,58.22,276368,1673496031.0,5.77,5.23,3.06,1.2
1877,2022-10-13,61.53,61.49,62.11,60.68,131341,807116522.0,2.32,-0.18,-0.11,0.57
1878,2022-10-14,61.89,62.2,62.85,61.7,133454,830914624.0,1.87,1.15,0.71,0.58
1879,2022-10-17,61.53,66.0,66.15,61.4,298328,1936097968.0,7.64,6.11,3.8,1.3
1880,2022-10-18,66.45,66.09,67.38,65.45,194061,1287609969.0,2.92,0.14,0.09,0.85
1881,2022-10-19,66.09,65.29,66.3,64.65,140974,922595917.0,2.5,-1.21,-0.8,0.61
1882,2022-10-20,64.9,63.0,65.0,62.12,247064,1561101513.0,4.41,-3.51,-2.29,1.08
1883,2022-10-21,61.98,63.02,63.74,61.4,194552,1219242283.0,3.71,0.03,0.02,0.85
1884,2022-10-24,62.95,64.41,65.65,62.7,175503,1135424989.0,4.68,2.21,1.39,0.76
1885,2022-10-25,63.63,66.6,67.35,63.48,225424,1496688793.0,6.01,3.4,2.19,0.98
1886,2022-10-26,66.22,66.14,66.98,65.61,183014,1213006146.0,2.06,-0.69,-0.46,0.8
1887,2022-10-27,66.4,66.39,67.99,65.52,189942,1276069895.0,3.73,0.38,0.25,0.83
1888,2022-10-28,65.0,64.83,66.0,64.68,118370,773271927.0,1.99,-2.35,-1.56,0.52
1889,2022-10-31,64.65,66.7,67.7,64.5,140604,938283707.0,4.94,2.88,1.87,0.61
1890,2022-11-01,66.18,67.53,67.9,66.18,165645,1114754127.0,2.58,1.24,0.83,0.72
1891,2022-11-02,67.53,70.97,71.5,67.51,262033,1847754933.0,5.91,5.09,3.44,1.14
1892,2022-11-03,70.5,69.87,71.2,69.55,103829,728494417.0,2.32,-1.55,-1.1,0.45
1893,2022-11-04,70.67,69.8,70.88,69.0,146070,1019982049.0,2.69,-0.1,-0.07,0.64
1894,2022-11-07,69.02,69.12,70.09,67.75,142588,980457311.0,3.35,-0.97,-0.68,0.62
1895,2022-11-08,69.1,69.26,69.79,68.18,101097,697939793.0,2.33,0.2,0.14,0.44
1896,2022-11-09,68.5,68.41,69.4,67.68,107603,737520261.0,2.48,-1.23,-0.85,0.47
1897,2022-11-10,67.52,68.49,69.06,67.4,136549,930463582.0,2.43,0.12,0.08,0.59
1898,2022-11-11,70.52,71.2,71.98,69.5,225688,1601953175.0,3.62,3.96,2.71,0.98
1899,2022-11-14,71.26,69.9,72.8,69.6,141614,1004612657.0,4.49,-1.83,-1.3,0.62
1900,2022-11-15,70.88,71.91,72.48,69.89,128487,917576376.0,3.71,2.88,2.01,0.56
1901,2022-11-16,72.3,71.16,73.3,71.0,101451,727235775.0,3.2,-1.04,-0.75,0.44
1902,2022-11-17,70.87,69.24,71.5,68.9,117336,815004585.0,3.65,-2.7,-1.92,0.51
1903,2022-11-18,69.03,71.0,72.22,69.03,124666,888232569.0,4.61,2.54,1.76,0.54
1904,2022-11-21,70.56,72.27,72.8,70.19,104284,753399850.0,3.68,1.79,1.27,0.45
1905,2022-11-22,72.3,70.75,72.45,70.41,67639,480140780.0,2.82,-2.1,-1.52,0.29
1906,2022-11-23,70.03,70.79,71.74,69.6,81675,578054428.0,3.02,0.06,0.04,0.36
1907,2022-11-24,71.01,69.13,71.99,68.5,135852,943304402.0,4.93,-2.34,-1.66,0.59
1908,2022-11-25,69.48,68.41,69.75,68.08,92741,636411009.0,2.42,-1.04,-0.72,0.4
1909,2022-11-28,67.3,68.43,68.68,66.46,78794,534611392.0,3.25,0.03,0.02,0.34
1910,2022-11-29,68.3,69.73,70.37,67.96,111727,777105618.0,3.52,1.9,1.3,0.48
1911,2022-11-30,69.75,70.26,70.67,69.35,80081,561404962.0,1.89,0.76,0.53,0.35
1912,2022-12-01,70.88,69.91,72.28,69.83,151693,1071807889.0,3.49,-0.5,-0.35,0.66
1913,2022-12-02,70.21,70.61,71.98,68.2,87928,624445253.0,5.41,1.0,0.7,0.38
1914,2022-12-05,70.48,72.3,72.78,70.43,125851,908056079.0,3.33,2.39,1.69,0.55
1915,2022-12-06,72.02,71.45,72.49,71.0,85248,612378586.0,2.06,-1.18,-0.85,0.37
1916,2022-12-07,71.01,70.91,71.79,70.39,84385,598779144.0,1.96,-0.76,-0.54,0.37
1917,2022-12-08,70.4,71.17,71.88,69.88,85541,608663053.0,2.82,0.37,0.26,0.37
1918,2022-12-09,71.15,69.37,71.45,68.22,166598,1155958766.0,4.54,-2.53,-1.8,0.72
1919,2022-12-12,68.67,69.9,70.13,68.12,100120,695530850.0,2.9,0.76,0.53,0.43
1920,2022-12-13,71.0,69.5,71.0,68.92,81133,566182926.0,2.98,-0.57,-0.4,0.35
1921,2022-12-14,69.1,68.76,69.85,68.56,106053,732328929.0,1.86,-1.06,-0.74,0.46
1922,2022-12-15,69.3,69.96,70.19,68.78,72234,504356736.0,2.05,1.75,1.2,0.31
1923,2022-12-16,69.51,70.0,70.44,69.19,66386,463466327.0,1.79,0.06,0.04,0.29
1924,2022-12-19,69.52,69.92,70.57,69.15,63086,440807730.0,2.03,-0.11,-0.08,0.27
1925,2022-12-20,69.5,67.47,69.9,67.1,118374,805540841.0,4.0,-3.5,-2.45,0.51
1926,2022-12-21,67.03,67.59,68.45,66.96,62869,424544075.0,2.21,0.18,0.12,0.27
1927,2022-12-22,68.0,67.82,68.9,67.39,72245,491410397.0,2.23,0.34,0.23,0.31
1928,2022-12-23,67.69,66.68,67.8,66.01,57693,385273760.0,2.64,-1.68,-1.14,0.25
1929,2022-12-26,66.68,68.5,69.23,66.31,59669,408641305.0,4.38,2.73,1.82,0.26
1930,2022-12-27,69.13,68.9,69.25,67.85,93410,643512051.0,2.04,0.58,0.4,0.4
1931,2022-12-28,68.8,68.85,69.11,68.21,85488,588543412.0,1.31,-0.07,-0.05,0.37
1932,2022-12-29,68.92,69.88,70.31,68.52,88726,619343820.0,2.6,1.5,1.03,0.38
1933,2022-12-30,69.88,69.5,70.65,69.46,56337,394037018.0,1.7,-0.54,-0.38,0.24
