,日期,开盘,收盘,最高,最低,成交量,成交额,振幅,涨跌幅,涨跌额,换手率
0,2015-01-05,6.52,6.3,6.52,6.23,26851,104375950.0,4.4,-4.4,-0.29,1.62
1,2015-01-06,6.3,6.41,6.43,6.25,32270,125443720.0,2.86,1.75,0.11,1.94
2,2015-01-07,6.41,6.28,6.44,6.11,18732,71821827.0,5.15,-2.03,-0.13,1.13
3,2015-01-08,6.26,6.3,6.39,6.18,14258,55033177.0,3.34,0.32,0.02,0.86
4,2015-01-09,6.35,6.45,6.49,6.3,16717,66083640.0,3.02,2.38,0.15,1.01
5,2015-01-12,6.46,6.46,6.5,6.32,8186,32132287.0,2.79,0.16,0.01,0.49
6,2015-01-13,6.46,6.44,6.49,6.31,12289,48152441.0,2.79,-0.31,-0.02,0.74
7,2015-01-14,6.44,6.46,6.56,6.37,12036,47581847.0,2.95,0.31,0.02,0.72
8,2015-01-15,6.42,6.5,6.51,6.37,17374,68847575.0,2.17,0.62,0.04,1.05
9,2015-01-16,7.14,6.91,7.14,6.8,47970,203800577.0,5.23,6.31,0.41,2.89
10,2015-01-19,6.7,6.79,7.1,6.62,33102,139417945.0,6.95,-1.74,-0.12,1.99
11,2015-01-20,6.77,7.02,7.05,6.72,34085,143945718.0,4.86,3.39,0.23,2.05
12,2015-01-21,6.98,7.02,7.18,6.92,27577,118915366.0,3.7,0.0,0.0,1.66
13,2015-01-22,7.02,7.1,7.15,7.02,24257,105059640.0,1.85,1.14,0.08,1.46
14,2015-01-23,7.11,6.86,7.11,6.86,18495,78711911.0,3.52,-3.38,-0.24,1.11
15,2015-01-26,6.86,6.88,6.95,6.83,13247,55931335.0,1.75,0.29,0.02,0.8
16,2015-01-27,6.89,6.84,6.93,6.75,12130,50848854.0,2.62,-0.58,-0.04,0.73
17,2015-01-28,6.84,6.95,7.02,6.8,14663,62279819.0,3.22,1.61,0.11,0.88
18,2015-01-29,6.95,6.84,6.95,6.83,8783,36907073.0,1.73,-1.58,-0.11,0.53
19,2015-01-30,6.82,6.88,6.95,6.76,10701,44915788.0,2.78,0.58,0.04,0.64
20,2015-02-02,6.86,6.94,6.98,6.82,10022,42400503.0,2.33,0.87,0.06,0.6
21,2015-02-03,7.0,7.03,7.1,6.92,15720,67716226.0,2.59,1.3,0.09,0.95
22,2015-02-04,7.11,6.95,7.18,6.95,11856,51025725.0,3.27,-1.14,-0.08,0.71
23,2015-02-05,6.89,6.76,6.96,6.75,16772,70515649.0,3.02,-2.73,-0.19,1.01
24,2015-02-06,6.75,6.48,6.85,6.45,19078,76775325.0,5.92,-4.14,-0.28,1.15
25,2015-02-09,6.54,6.48,6.7,6.44,14921,60275382.0,4.01,0.0,0.0,0.9
26,2015-02-10,6.52,6.44,6.52,6.35,8229,32388720.0,2.62,-0.62,-0.04,0.5
27,2015-02-11,6.46,6.49,6.61,6.4,16573,65800116.0,3.26,0.78,0.05,1.0
28,2015-02-12,6.51,6.53,6.58,6.47,9417,37602151.0,1.69,0.62,0.04,0.57
29,2015-02-13,6.58,6.59,6.66,6.53,14442,58353644.0,1.99,0.92,0.06,0.87
30,2015-02-16,6.62,6.65,6.68,6.56,13118,53213782.0,1.82,0.91,0.06,0.79
31,2015-02-17,6.66,6.89,6.91,6.66,17453,72804350.0,3.76,3.61,0.24,1.05
32,2015-02-25,6.87,6.84,6.93,6.78,13854,57995528.0,2.18,-0.73,-0.05,0.83
33,2015-02-26,6.84,6.85,6.89,6.73,14130,58956173.0,2.34,0.15,0.01,0.85
34,2015-02-27,6.86,6.91,6.94,6.74,19489,81678992.0,2.92,0.88,0.06,1.17
35,2015-03-02,6.9,7.15,7.2,6.89,33527,145717601.0,4.49,3.47,0.24,2.02
36,2015-03-03,7.15,7.16,7.27,7.04,28529,124909574.0,3.22,0.14,0.01,1.72
37,2015-03-04,7.12,7.35,7.42,7.11,26586,118667895.0,4.33,2.65,0.19,1.6
38,2015-03-05,7.32,7.37,7.6,7.31,21882,99006495.0,3.95,0.27,0.02,1.32
39,2015-03-06,7.41,7.08,7.42,7.05,21314,93453099.0,5.02,-3.93,-0.29,1.28
40,2015-03-09,7.08,7.08,7.17,6.91,16381,70426732.0,3.67,0.0,0.0,0.99
41,2015-03-10,7.11,7.15,7.27,7.1,14005,61326061.0,2.4,0.99,0.07,0.84
42,2015-03-11,7.14,7.13,7.14,7.01,14492,62731955.0,1.82,-0.28,-0.02,0.87
43,2015-03-12,7.12,7.27,7.49,7.04,24519,109566054.0,6.31,1.96,0.14,1.48
44,2015-03-13,7.29,7.46,7.49,7.22,20370,91944335.0,3.71,2.61,0.19,1.23
45,2015-03-16,7.61,7.67,7.79,7.5,26609,125130145.0,3.89,2.82,0.21,1.6
46,2015-03-17,7.68,7.58,7.73,7.53,19317,89754311.0,2.61,-1.17,-0.09,1.16
47,2015-03-18,7.62,7.73,7.81,7.56,27776,130942762.0,3.3,1.98,0.15,1.67
48,2015-03-19,7.74,7.64,7.74,7.5,39710,183773765.0,3.1,-1.16,-0.09,2.39
49,2015-03-20,7.61,8.2,8.28,7.58,52742,258089598.0,9.16,7.33,0.56,3.18
50,2015-03-23,7.96,8.13,8.2,7.89,61517,301618720.0,3.78,-0.85,-0.07,3.7
51,2015-03-24,8.06,8.18,8.27,7.7,44981,219707363.0,7.01,0.62,0.05,2.71
52,2015-03-25,8.18,8.12,8.18,7.94,29845,146485156.0,2.93,-0.73,-0.06,1.8
53,2015-03-26,8.03,8.37,8.86,7.88,48758,250137125.0,12.07,3.08,0.25,2.94
54,2015-03-27,8.28,8.31,8.55,8.27,31442,161147570.0,3.35,-0.72,-0.06,1.89
55,2015-03-30,8.29,8.07,8.48,8.05,28819,143445118.0,5.17,-2.89,-0.24,1.74
56,2015-03-31,8.07,8.3,8.61,7.99,36532,185789250.0,7.68,2.85,0.23,2.2
57,2015-04-01,8.28,8.98,9.14,8.26,96589,519123536.0,10.6,8.19,0.68,5.82
58,2015-04-02,9.19,9.33,9.51,9.04,68699,386947344.0,5.23,3.9,0.35,4.14
59,2015-04-03,9.41,9.25,9.5,9.0,43492,245629242.0,5.36,-0.86,-0.08,2.62
60,2015-04-07,9.24,9.53,9.71,9.17,43341,250306340.0,5.84,3.03,0.28,2.61
61,2015-04-08,9.61,9.45,9.61,9.05,43723,250028751.0,5.88,-0.84,-0.08,2.63
62,2015-04-09,9.65,9.61,9.8,9.12,48882,280770448.0,7.2,1.69,0.16,2.94
63,2015-04-10,9.61,9.53,9.8,9.45,43391,254211173.0,3.64,-0.83,-0.08,2.61
64,2015-04-13,9.66,9.75,9.86,9.53,43368,255728262.0,3.46,2.31,0.22,2.61
65,2015-04-14,9.77,9.39,9.79,9.33,33449,192208714.0,4.72,-3.69,-0.36,2.01
66,2015-04-15,9.29,8.44,9.36,8.44,52061,279536656.0,9.8,-10.12,-0.95,3.14
67,2015-04-16,8.43,8.6,8.84,8.21,43500,228333365.0,7.46,1.9,0.16,2.58
68,2015-04-17,8.74,8.77,9.33,8.53,44670,242366404.0,9.3,1.98,0.17,2.65
69,2015-04-20,9.28,9.32,9.59,9.0,71743,405596912.0,6.73,6.27,0.55,4.26
70,2015-04-21,9.33,9.64,9.7,9.33,49654,289813280.0,3.97,3.43,0.32,2.95
71,2015-04-22,9.78,10.22,10.36,9.78,57923,357187408.0,6.02,6.02,0.58,3.44
72,2015-04-23,10.22,10.09,10.31,9.74,117539,355419376.0,5.58,-1.27,-0.13,3.49
73,2015-04-24,9.97,10.11,10.54,9.82,95451,296295168.0,7.14,0.2,0.02,2.84
74,2015-04-27,10.11,9.86,10.17,9.79,108084,325916912.0,3.76,-2.47,-0.25,3.21
75,2015-04-28,9.82,9.26,10.08,9.17,96380,276915264.0,9.23,-6.09,-0.6,2.86
76,2015-04-29,9.21,9.3,9.57,9.11,52633,150394880.0,4.97,0.43,0.04,1.56
77,2015-04-30,9.29,9.31,9.54,9.29,48999,140084566.0,2.69,0.11,0.01,1.46
78,2015-05-04,9.31,9.23,9.39,9.05,46483,130256539.0,3.65,-0.86,-0.08,1.38
79,2015-05-05,9.27,8.92,9.41,8.88,57861,160294826.0,5.74,-3.36,-0.31,1.72
80,2015-05-06,9.07,8.94,9.17,8.86,49889,137087838.0,3.48,0.22,0.02,1.48
81,2015-05-07,8.94,8.54,9.17,8.52,50331,134440069.0,7.27,-4.47,-0.4,1.5
82,2015-05-08,8.71,9.07,9.07,8.57,74586,200242880.0,5.85,6.21,0.53,2.22
83,2015-05-11,9.07,9.63,9.7,9.07,99579,286689312.0,6.95,6.17,0.56,2.96
84,2015-05-12,9.84,9.7,10.12,9.4,110948,328245248.0,7.48,0.73,0.07,3.3
85,2015-05-13,9.63,9.44,9.64,9.29,79692,229953072.0,3.61,-2.68,-0.26,2.37
86,2015-05-14,9.43,9.6,9.86,9.38,93254,273770304.0,5.08,1.69,0.16,2.77
87,2015-05-15,9.6,9.36,9.61,9.2,75714,215042698.0,4.27,-2.5,-0.24,2.25
88,2015-05-18,9.36,9.95,10.07,9.36,121637,362587776.0,7.59,6.3,0.59,3.61
89,2015-05-19,9.99,10.94,10.95,9.96,178948,564265856.0,9.95,9.95,0.99,5.32
90,2015-05-20,10.87,11.33,12.04,10.79,170271,598344400.0,11.43,3.56,0.39,5.06
91,2015-05-21,11.42,11.72,11.99,11.07,128750,451567984.0,8.12,3.44,0.39,3.82
92,2015-05-22,11.72,11.27,11.97,11.04,142419,493117488.0,7.94,-3.84,-0.45,4.23
93,2015-05-25,11.04,11.3,11.36,10.82,114082,384870304.0,4.79,0.27,0.03,3.39
94,2015-05-26,11.3,11.95,11.95,11.22,130327,461368336.0,6.46,5.75,0.65,3.87
95,2015-05-27,12.2,11.68,12.2,11.21,134945,476485760.0,8.28,-2.26,-0.27,4.01
96,2015-05-28,11.68,10.57,11.95,10.54,128528,441181088.0,12.07,-9.5,-1.11,3.82
97,2015-05-29,10.57,11.44,11.61,10.21,151605,508870448.0,13.25,8.23,0.87,4.5
98,2015-06-01,12.04,12.37,12.37,11.77,152419,560621840.0,5.24,8.13,0.93,4.53
99,2015-06-02,12.39,12.5,12.83,11.99,131656,494827328.0,6.79,1.05,0.13,3.91
100,2015-06-03,12.67,12.54,12.7,11.89,141253,527236992.0,6.48,0.32,0.04,4.2
101,2015-06-04,12.54,12.78,12.81,11.54,151643,568864592.0,10.13,1.91,0.24,4.5
102,2015-06-05,13.37,14.07,14.07,13.14,73664,309488128.0,7.28,10.09,1.29,2.19
103,2015-06-08,15.0,13.54,15.07,13.07,220100,941434416.0,14.21,-3.77,-0.53,6.54
104,2015-06-09,13.25,13.75,14.2,13.21,122644,507609408.0,7.31,1.55,0.21,3.64
105,2015-06-10,13.71,14.61,14.87,13.54,114497,495085472.0,9.67,6.25,0.86,3.4
106,2015-06-11,14.97,15.54,15.63,14.87,135679,626820912.0,5.2,6.37,0.93,4.03
107,2015-06-12,15.54,16.11,16.29,15.54,119868,583667296.0,4.83,3.67,0.57,3.56
108,2015-11-10,14.48,14.48,14.48,14.48,46973,68627553.0,0.0,-10.12,-1.63,0.46
109,2015-11-11,13.02,13.84,13.96,13.02,2392074,3212904576.0,6.49,-4.42,-0.64,23.41
110,2015-11-12,13.17,13.62,14.02,13.07,1312953,1797173152.0,6.86,-1.59,-0.22,12.85
111,2015-11-13,13.62,14.59,15.0,13.47,1623130,2404704048.0,11.23,7.12,0.97,15.89
112,2015-11-16,13.87,14.23,14.55,13.62,869988,1235853312.0,6.37,-2.47,-0.36,8.51
113,2015-11-17,14.62,14.55,15.12,14.17,912494,1349762064.0,6.68,2.25,0.32,8.93
114,2015-11-18,14.57,14.03,14.66,13.83,623861,890238720.0,5.7,-3.57,-0.52,6.11
115,2015-11-19,14.12,14.16,14.25,13.77,461296,652615184.0,3.42,0.93,0.13,4.51
116,2015-11-20,14.3,14.7,14.74,13.97,829080,1210208848.0,5.44,3.81,0.54,8.11
117,2015-11-23,14.71,15.97,16.12,14.57,1094980,1722038864.0,10.54,8.64,1.27,10.72
118,2015-11-24,15.87,15.44,15.87,15.07,778947,1203353168.0,5.01,-3.32,-0.53,7.62
119,2015-11-25,15.36,15.45,15.62,15.17,493535,764609744.0,2.91,0.06,0.01,4.83
120,2015-11-26,15.47,15.63,16.36,15.47,743871,1192309056.0,5.76,1.17,0.18,7.28
121,2015-11-27,15.42,14.05,15.55,14.05,746632,1110468128.0,9.6,-10.11,-1.58,7.31
122,2015-11-30,14.07,14.39,14.87,12.67,744997,1033861232.0,15.66,2.42,0.34,7.29
123,2015-12-01,14.38,13.96,14.38,13.77,423338,600496816.0,4.24,-2.99,-0.43,4.14
124,2015-12-02,13.96,13.91,14.12,13.38,253315,353501552.0,5.3,-0.36,-0.05,2.48
125,2015-12-03,13.92,14.02,14.15,13.87,270135,381446704.0,2.01,0.79,0.11,2.64
126,2015-12-04,14.01,14.02,14.23,13.77,318196,448572272.0,3.28,0.0,0.0,3.11
127,2015-12-07,14.02,14.05,14.1,13.62,268816,376988864.0,3.42,0.21,0.03,2.63
128,2015-12-08,13.97,13.63,13.97,13.57,261524,361647408.0,2.85,-2.99,-0.42,2.56
129,2015-12-09,13.61,13.2,13.62,13.15,283711,380800912.0,3.45,-3.15,-0.43,2.78
130,2015-12-10,13.3,13.01,13.42,12.96,253131,337311152.0,3.48,-1.44,-0.19,2.48
131,2015-12-11,12.97,13.03,13.36,12.9,195032,258055804.0,3.54,0.15,0.02,1.91
132,2015-12-14,12.95,13.3,13.32,12.77,212573,281659296.0,4.22,2.07,0.27,2.08
133,2015-12-15,13.27,13.31,13.52,13.18,164122,221316511.0,2.56,0.08,0.01,1.61
134,2015-12-16,13.38,13.2,13.45,13.16,180314,241296381.0,2.18,-0.83,-0.11,1.76
135,2015-12-25,13.81,13.95,14.3,11.87,461477,648450208.0,18.41,5.68,0.75,4.52
136,2015-12-28,14.07,13.37,14.15,13.37,292847,403346032.0,5.59,-4.16,-0.58,2.87
137,2015-12-29,13.17,13.15,13.32,13.01,186600,247293961.0,2.32,-1.65,-0.22,1.83
138,2015-12-30,13.16,13.05,13.27,12.96,168488,222370031.0,2.36,-0.76,-0.1,1.65
139,2015-12-31,13.13,13.05,13.15,13.0,122264,161454685.0,1.15,0.0,0.0,1.2
140,2016-01-04,13.05,11.79,13.21,11.77,174851,219042467.0,11.03,-9.66,-1.26,1.71
141,2016-01-05,11.72,11.16,11.82,10.8,263538,301284400.0,8.65,-5.34,-0.63,2.58
142,2016-01-06,11.24,11.42,11.47,11.08,156253,178716559.0,3.49,2.33,0.26,1.53
143,2016-01-07,11.23,10.52,11.23,10.37,67954,74928047.0,7.53,-7.88,-0.9,0.67
144,2016-01-08,10.97,10.42,11.1,9.95,266518,285947616.0,10.93,-0.95,-0.1,2.61
145,2016-01-11,10.18,9.85,10.57,9.73,224748,230401877.0,8.06,-5.47,-0.57,2.2
146,2016-01-12,9.97,9.87,10.12,9.69,187842,188192202.0,4.37,0.2,0.02,1.84
147,2016-01-13,9.93,9.56,10.06,9.55,140038,139592471.0,5.17,-3.14,-0.31,1.37
148,2016-01-14,9.22,9.87,9.92,8.96,317285,301315776.0,10.04,3.24,0.31,3.11
149,2016-01-15,9.68,9.15,9.8,9.08,194237,186211462.0,7.29,-7.29,-0.72,1.9
150,2016-01-18,8.87,9.56,9.81,8.75,227147,217592045.0,11.58,4.48,0.41,2.22
151,2016-01-19,9.49,10.24,10.45,9.46,256704,260262010.0,10.36,7.11,0.68,2.51
152,2016-01-20,10.17,10.23,10.34,9.94,185299,190921763.0,3.91,-0.1,-0.01,1.81
153,2016-01-21,10.09,9.83,10.37,9.77,193551,197712963.0,5.87,-3.91,-0.4,1.89
154,2016-01-22,9.84,9.85,10.01,9.57,108440,107941188.0,4.48,0.2,0.02,1.06
155,2016-01-25,9.92,9.72,10.05,9.57,123937,123518478.0,4.87,-1.32,-0.13,1.21
156,2016-01-26,9.66,8.9,9.67,8.8,155248,145637513.0,8.95,-8.44,-0.82,1.52
157,2016-01-27,8.94,8.75,9.11,8.12,187890,163574111.0,11.12,-1.69,-0.15,1.84
158,2016-01-28,8.66,8.76,8.95,8.47,151079,134613570.0,5.49,0.11,0.01,1.48
159,2016-01-29,8.83,9.1,9.16,8.68,129552,118441872.0,5.48,3.88,0.34,1.27
160,2016-02-01,9.1,8.91,9.21,8.79,82688,75510642.0,4.62,-2.09,-0.19,0.81
161,2016-02-02,9.03,9.21,9.32,8.91,98664,91982577.0,4.6,3.37,0.3,0.97
162,2016-02-03,9.03,9.14,9.24,8.95,83808,77035242.0,3.15,-0.76,-0.07,0.82
163,2016-02-04,9.19,9.23,9.37,9.17,93127,87524809.0,2.19,0.98,0.09,0.91
164,2016-02-05,9.3,9.27,9.33,9.19,64248,60389876.0,1.52,0.43,0.04,0.63
165,2016-02-15,8.92,10.12,10.21,8.87,266885,266027910.0,14.46,9.17,0.85,2.61
166,2016-02-16,10.21,10.25,10.4,9.99,232458,240703652.0,4.05,1.28,0.13,2.28
167,2016-02-17,10.22,10.2,10.27,9.91,166113,170185973.0,3.51,-0.49,-0.05,1.63
168,2016-02-18,10.29,10.12,10.35,10.09,145405,150350366.0,2.55,-0.78,-0.08,1.42
169,2016-02-19,10.1,10.25,10.41,10.04,133113,137669719.0,3.66,1.28,0.13,1.3
170,2016-02-22,10.4,10.76,10.96,10.4,243405,264388754.0,5.46,4.98,0.51,2.38
171,2016-03-03,10.2,10.48,11.47,10.18,333529,367016656.0,11.99,-2.6,-0.28,3.26
172,2016-03-04,10.62,9.5,10.62,9.48,251706,252467877.0,10.88,-9.35,-0.98,2.46
173,2016-03-07,9.55,9.79,10.03,9.5,146121,144879273.0,5.58,3.05,0.29,1.43
174,2016-03-08,9.78,10.78,10.78,9.57,380434,396497216.0,12.36,10.11,0.99,3.72
175,2016-03-09,10.66,10.59,11.12,10.47,279519,304286592.0,6.03,-1.76,-0.19,2.74
176,2016-03-10,10.39,10.3,10.75,10.27,164876,174676614.0,4.53,-2.74,-0.29,1.61
177,2016-03-11,10.22,10.22,10.23,9.82,160242,162648447.0,3.98,-0.78,-0.08,1.57
178,2016-03-14,10.27,10.46,10.72,10.27,214028,227666199.0,4.4,2.35,0.24,2.09
179,2016-03-15,10.36,10.47,10.71,10.32,156860,167438264.0,3.73,0.1,0.01,1.54
180,2016-03-16,10.76,10.21,10.87,10.09,136472,143624039.0,7.45,-2.48,-0.26,1.34
181,2016-03-17,10.27,10.63,10.85,10.27,214706,230125478.0,5.68,4.11,0.42,2.1
182,2016-03-18,10.67,10.9,11.03,10.67,254771,279934320.0,3.39,2.54,0.27,2.49
183,2016-03-21,11.05,11.03,11.42,10.89,298091,336160144.0,4.86,1.19,0.13,2.92
184,2016-10-12,10.52,11.42,11.87,10.52,950940,1071124864.0,12.24,3.54,0.39,8.76
185,2016-10-13,11.21,10.94,11.37,10.87,432505,482503072.0,4.38,-4.2,-0.48,3.98
186,2016-10-14,10.83,10.25,10.89,10.12,432234,456408352.0,7.04,-6.31,-0.69,3.98
187,2016-10-17,10.23,10.47,10.63,10.09,268077,282827744.0,5.27,2.15,0.22,2.47
188,2016-10-18,10.38,10.5,10.55,10.35,166241,176140068.0,1.91,0.29,0.03,1.53
189,2016-10-19,10.47,10.51,10.73,10.37,157942,168859421.0,3.43,0.1,0.01,1.45
190,2016-10-20,10.59,10.32,10.61,10.3,140847,148430937.0,2.95,-1.81,-0.19,1.3
191,2016-10-21,10.28,10.12,10.42,10.04,155881,161181285.0,3.68,-1.94,-0.2,1.44
192,2016-10-24,10.11,10.3,10.47,10.1,138184,144623231.0,3.66,1.78,0.18,1.27
193,2016-10-25,10.35,10.3,10.37,10.23,84351,87927592.0,1.36,0.0,0.0,0.78
194,2016-10-26,10.3,10.01,10.35,9.95,179208,183116304.0,3.88,-2.82,-0.29,1.65
195,2016-10-27,10.17,10.05,10.2,10.0,94775,96859813.0,2.0,0.4,0.04,0.87
196,2016-10-28,10.07,9.88,10.13,9.85,184446,185954253.0,2.79,-1.69,-0.17,1.7
197,2016-10-31,9.85,9.9,9.97,9.82,75672,75914947.0,1.52,0.2,0.02,0.7
198,2016-11-01,9.89,9.96,9.99,9.84,115913,116312802.0,1.52,0.61,0.06,1.07
199,2016-11-02,9.93,10.13,10.28,9.87,185559,189422319.0,4.12,1.71,0.17,1.71
200,2016-11-03,9.98,10.23,10.32,9.97,195607,201270480.0,3.46,0.99,0.1,1.8
201,2016-11-04,10.18,10.62,10.83,10.15,338036,362059648.0,6.65,3.81,0.39,3.11
202,2016-11-07,10.63,10.75,10.86,10.48,204753,222387672.0,3.58,1.22,0.13,1.89
203,2016-11-08,10.84,10.6,10.84,10.53,138779,149863183.0,2.88,-1.4,-0.15,1.28
204,2016-11-09,10.73,10.56,10.82,10.48,144818,155628089.0,3.21,-0.38,-0.04,1.33
205,2016-11-10,10.63,11.0,11.08,10.61,280145,309895824.0,4.45,4.17,0.44,2.58
206,2016-11-11,11.02,11.14,11.53,11.0,289945,330464816.0,4.82,1.27,0.14,2.67
207,2016-11-14,11.02,11.37,11.42,10.96,217807,245754036.0,4.13,2.06,0.23,2.01
208,2016-11-15,11.36,11.27,11.47,11.22,118046,135112624.0,2.2,-0.88,-0.1,1.09
209,2016-11-16,11.43,11.42,11.85,11.34,276087,323212960.0,4.53,1.33,0.15,2.54
210,2016-11-17,11.56,11.17,11.56,11.13,133119,151455660.0,3.77,-2.19,-0.25,1.23
211,2016-11-18,11.16,11.27,11.5,11.12,113143,129621373.0,3.4,0.9,0.1,1.04
212,2016-11-21,11.32,11.4,11.44,11.18,113833,130111342.0,2.31,1.15,0.13,1.05
213,2016-11-22,11.36,11.46,11.52,11.27,112891,130102348.0,2.19,0.53,0.06,1.04
214,2016-11-23,11.49,11.09,11.51,11.08,142648,162708744.0,3.75,-3.23,-0.37,1.31
215,2016-11-24,11.15,11.05,11.18,10.9,97388,108764613.0,2.52,-0.36,-0.04,0.9
216,2016-11-25,11.05,11.17,11.24,10.97,94230,105895044.0,2.44,1.09,0.12,0.87
217,2016-11-28,11.13,11.05,11.22,11.02,66325,74305204.0,1.79,-1.07,-0.12,0.61
218,2016-11-29,11.04,10.95,11.15,10.94,68022,75927540.0,1.9,-0.9,-0.1,0.63
219,2016-11-30,10.95,11.01,11.09,10.87,78168,86742020.0,2.01,0.55,0.06,0.72
220,2016-12-01,10.97,11.35,11.4,10.97,131264,149562135.0,3.91,3.09,0.34,1.21
221,2016-12-02,11.38,11.13,11.45,11.12,88812,101088079.0,2.91,-1.94,-0.22,0.82
222,2016-12-05,11.0,11.04,11.16,10.94,49963,55831470.0,1.98,-0.81,-0.09,0.46
223,2016-12-06,11.09,11.0,11.15,10.96,68735,76650953.0,1.72,-0.36,-0.04,0.63
224,2016-12-07,11.0,11.06,11.08,10.92,55395,61553658.0,1.45,0.55,0.06,0.51
225,2016-12-08,11.06,10.89,11.09,10.82,92789,102637527.0,2.44,-1.54,-0.17,0.85
226,2016-12-09,10.87,10.91,11.05,10.65,122622,134457730.0,3.67,0.18,0.02,1.13
227,2016-12-12,10.87,10.35,11.02,10.28,133585,142985761.0,6.78,-5.13,-0.56,1.23
228,2016-12-13,10.36,10.33,10.44,10.02,123537,127736877.0,4.06,-0.19,-0.02,1.14
229,2016-12-14,10.37,10.19,10.45,10.12,71910,74452231.0,3.19,-1.36,-0.14,0.66
230,2016-12-15,10.17,10.17,10.29,10.07,79908,82304621.0,2.16,-0.2,-0.02,0.74
231,2016-12-16,10.19,10.63,10.76,10.18,110174,117193394.0,5.7,4.52,0.46,1.01
232,2016-12-19,10.63,10.7,10.83,10.48,66304,71739835.0,3.29,0.66,0.07,0.61
233,2016-12-20,10.62,10.65,10.75,10.58,46604,50254686.0,1.59,-0.47,-0.05,0.43
234,2016-12-21,10.75,10.77,10.81,10.62,68631,74477408.0,1.78,1.13,0.12,0.63
235,2016-12-22,10.77,10.61,10.77,10.51,55837,59931735.0,2.41,-1.49,-0.16,0.51
236,2016-12-23,10.74,10.68,10.95,10.6,85198,92958200.0,3.3,0.66,0.07,0.78
237,2016-12-26,10.59,10.62,10.67,10.28,61740,65872690.0,3.65,-0.56,-0.06,0.57
238,2016-12-27,10.56,10.55,10.72,10.54,44858,48166758.0,1.69,-0.66,-0.07,0.41
239,2016-12-28,10.63,10.55,10.71,10.53,39887,42811776.0,1.71,0.0,0.0,0.37
240,2016-12-29,10.62,10.56,10.72,10.55,71756,77165987.0,1.61,0.09,0.01,0.66
241,2016-12-30,10.58,10.77,10.82,10.58,89707,97308051.0,2.27,1.99,0.21,0.83
242,2017-01-03,10.77,10.95,11.07,10.7,118063,130639665.0,3.44,1.67,0.18,1.03
243,2017-01-04,10.93,10.97,11.02,10.9,83868,93057643.0,1.1,0.18,0.02,0.73
244,2017-01-05,10.92,10.98,11.07,10.88,83760,92799506.0,1.73,0.09,0.01,0.73
245,2017-01-06,10.97,10.93,11.0,10.89,62887,69578297.0,1.0,-0.46,-0.05,0.55
246,2017-01-09,10.97,11.14,11.27,10.97,119450,134737051.0,2.74,1.92,0.21,1.04
247,2017-01-10,11.07,10.94,11.17,10.93,72911,81549110.0,2.15,-1.8,-0.2,0.63
248,2017-01-11,10.95,10.8,11.02,10.75,74885,82372051.0,2.47,-1.28,-0.14,0.65
249,2017-01-12,10.79,10.92,10.97,10.78,69324,76110252.0,1.76,1.11,0.12,0.6
250,2017-01-13,10.97,10.82,11.02,10.8,63767,70358299.0,2.01,-0.92,-0.1,0.55
251,2017-01-16,10.84,10.16,10.87,9.83,166070,172719900.0,9.61,-6.1,-0.66,1.44
252,2017-01-17,10.02,10.07,10.25,9.85,159706,161414781.0,3.94,-0.89,-0.09,1.39
253,2017-01-18,10.01,10.02,10.2,9.93,53396,54356220.0,2.68,-0.5,-0.05,0.46
254,2017-01-19,10.02,9.94,10.07,9.89,42387,42795708.0,1.8,-0.8,-0.08,0.37
255,2017-01-20,9.94,10.09,10.12,9.94,58095,59188618.0,1.81,1.51,0.15,0.51
256,2017-01-23,10.09,10.16,10.26,10.06,46665,48022235.0,1.98,0.69,0.07,0.41
257,2017-01-24,10.17,10.32,10.47,10.1,47673,49665325.0,3.64,1.57,0.16,0.41
258,2017-01-25,10.3,10.44,10.46,10.27,35155,36982320.0,1.84,1.16,0.12,0.31
259,2017-01-26,10.39,10.75,10.82,10.37,67356,72914927.0,4.31,2.97,0.31,0.59
260,2017-02-03,10.73,10.93,11.04,10.59,85726,94510491.0,4.19,1.67,0.18,0.75
261,2017-02-06,10.93,10.93,11.1,10.89,80822,89930824.0,1.92,0.0,0.0,0.7
262,2017-02-07,10.93,10.82,10.96,10.65,70252,76767689.0,2.84,-1.01,-0.11,0.61
263,2017-02-08,10.9,10.97,11.0,10.78,76117,84114028.0,2.03,1.39,0.15,0.66
264,2017-02-09,11.02,10.95,11.13,10.92,81527,90864818.0,1.91,-0.18,-0.02,0.71
265,2017-02-10,11.05,10.94,11.07,10.9,61508,68121970.0,1.55,-0.09,-0.01,0.53
266,2017-02-13,10.89,10.95,11.01,10.82,56365,62270150.0,1.74,0.09,0.01,0.49
267,2017-02-14,10.95,10.95,11.01,10.85,46660,51561305.0,1.46,0.0,0.0,0.41
268,2017-02-15,10.89,10.94,11.02,10.87,66820,74171299.0,1.37,-0.09,-0.01,0.58
269,2017-02-16,10.94,10.94,10.98,10.88,48808,53973241.0,0.91,0.0,0.0,0.42
270,2017-02-17,10.94,11.11,11.26,10.89,114750,129042293.0,3.38,1.55,0.17,1.0
271,2017-02-20,11.14,11.59,11.87,11.13,224810,263005674.0,6.66,4.32,0.48,1.96
272,2017-02-21,11.59,11.54,11.72,11.46,96309,112503410.0,2.24,-0.43,-0.05,0.84
273,2017-02-22,11.54,11.45,11.82,11.33,140869,163668946.0,4.25,-0.78,-0.09,1.23
274,2017-02-23,11.38,11.59,11.64,11.22,170149,196356888.0,3.67,1.22,0.14,1.48
275,2017-02-24,11.69,11.84,12.02,11.5,246577,293066096.0,4.49,2.16,0.25,2.14
276,2017-02-27,11.76,11.49,11.83,11.47,137755,161932502.0,3.04,-2.96,-0.35,1.2
277,2017-02-28,11.47,11.53,11.56,11.37,67223,77936014.0,1.65,0.35,0.04,0.58
278,2017-03-01,11.54,11.57,11.66,11.51,72549,84896494.0,1.3,0.35,0.04,0.63
279,2017-03-02,11.56,11.47,11.65,11.33,82691,96490662.0,2.77,-0.86,-0.1,0.72
280,2017-03-03,11.55,11.42,11.55,11.36,62144,71944954.0,1.66,-0.44,-0.05,0.54
281,2017-03-06,11.41,11.73,11.74,11.39,122109,144013403.0,3.06,2.71,0.31,1.06
282,2017-03-07,11.76,11.82,11.96,11.73,117603,140874967.0,1.96,0.77,0.09,1.02
283,2017-03-08,11.86,12.25,12.35,11.73,214347,262742145.0,5.25,3.64,0.43,1.86
284,2017-03-09,12.34,12.26,12.65,12.08,227978,284981936.0,4.65,0.08,0.01,1.98
285,2017-03-10,12.26,12.37,12.45,12.17,127775,159187502.0,2.28,0.9,0.11,1.11
286,2017-03-13,12.33,12.25,12.4,12.08,98781,122362430.0,2.59,-0.97,-0.12,0.86
287,2017-03-14,12.24,12.21,12.36,12.09,69735,86082884.0,2.2,-0.33,-0.04,0.61
288,2017-03-15,12.2,12.45,12.62,12.17,147331,185181550.0,3.69,1.97,0.24,1.28
289,2017-03-16,12.45,12.46,12.55,12.35,66093,83051180.0,1.61,0.08,0.01,0.57
290,2017-03-17,12.42,12.21,12.62,12.15,94730,118646730.0,3.77,-2.01,-0.25,0.82
291,2017-03-20,12.2,12.29,12.5,12.15,84201,104611526.0,2.87,0.66,0.08,0.73
292,2017-03-21,12.27,12.73,12.93,12.27,202845,259477744.0,5.37,3.58,0.44,1.76
293,2017-03-22,12.59,12.67,12.82,12.57,123675,158469111.0,1.96,-0.47,-0.06,1.08
294,2017-03-23,12.67,12.82,12.99,12.63,140007,181291938.0,2.84,1.18,0.15,1.22
295,2017-03-24,12.83,13.16,13.2,12.72,156001,205730630.0,3.74,2.65,0.34,1.36
296,2017-03-27,13.17,13.1,13.33,12.96,111801,147917849.0,2.81,-0.46,-0.06,0.97
297,2017-03-28,13.13,12.82,13.15,12.81,102066,133111257.0,2.6,-2.14,-0.28,0.89
298,2017-03-29,12.82,12.62,13.03,12.46,116390,148496117.0,4.45,-1.56,-0.2,1.01
299,2017-03-30,12.61,12.47,12.62,12.24,104472,131137242.0,3.01,-1.19,-0.15,0.91
300,2017-03-31,12.57,12.92,12.92,12.47,111360,143840628.0,3.61,3.61,0.45,0.97
301,2017-04-05,13.03,12.87,13.07,12.75,105732,137441440.0,2.48,-0.39,-0.05,0.92
302,2017-04-06,12.96,12.77,12.96,12.75,66989,86778672.0,1.63,-0.78,-0.1,0.58
303,2017-04-07,12.78,12.87,12.98,12.77,75894,98655739.0,1.64,0.78,0.1,0.66
304,2017-04-10,12.8,12.3,12.8,12.15,168881,211394762.0,5.05,-4.43,-0.57,1.47
305,2017-04-11,12.25,11.88,12.42,11.56,204693,245895840.0,6.99,-3.41,-0.42,1.78
306,2017-04-12,11.86,11.88,11.98,11.66,60408,72557185.0,2.69,0.0,0.0,0.53
307,2017-04-13,11.82,11.89,11.94,11.76,49682,59427602.0,1.52,0.08,0.01,0.43
308,2017-04-14,11.9,11.85,12.03,11.83,47920,57739958.0,1.68,-0.34,-0.04,0.42
309,2017-04-17,11.65,11.55,11.8,11.49,62333,73358500.0,2.62,-2.53,-0.3,0.54
310,2017-04-18,11.54,11.75,11.88,11.53,58229,69104401.0,3.03,1.73,0.2,0.51
311,2017-04-19,11.75,11.0,11.81,10.75,171837,192309703.0,9.02,-6.38,-0.75,1.49
312,2017-04-20,10.88,10.94,11.15,10.88,68201,76108417.0,2.45,-0.55,-0.06,0.59
313,2017-04-21,10.94,10.84,11.13,10.78,82397,91107862.0,3.2,-0.91,-0.1,0.72
314,2017-04-24,10.69,10.52,10.85,10.45,81111,86806523.0,3.69,-2.95,-0.32,0.71
315,2017-04-25,10.53,10.75,10.85,10.53,75232,81685950.0,3.04,2.19,0.23,0.65
316,2017-04-26,10.75,10.74,10.8,10.63,55169,59752068.0,1.58,-0.09,-0.01,0.48
317,2017-04-27,10.74,11.18,11.19,10.53,102089,112808258.0,6.15,4.1,0.44,0.89
318,2017-04-28,11.08,11.2,11.49,11.08,80720,92266273.0,3.67,0.18,0.02,0.7
319,2017-05-02,11.2,11.24,11.42,11.18,47270,54046636.0,2.14,0.36,0.04,0.41
320,2017-05-03,11.2,11.26,11.31,11.12,32407,36707451.0,1.69,0.18,0.02,0.28
321,2017-05-04,11.25,11.27,11.45,11.16,50963,58463153.0,2.58,0.09,0.01,0.44
322,2017-05-05,11.22,11.19,11.3,11.07,41416,46931376.0,2.04,-0.71,-0.08,0.36
323,2017-05-08,11.19,10.77,11.22,10.75,61398,67785373.0,4.2,-3.75,-0.42,0.53
324,2017-05-09,10.74,10.81,10.89,10.68,53739,58640001.0,1.95,0.37,0.04,0.47
325,2017-05-10,10.75,11.02,11.2,10.71,92544,102457125.0,4.53,1.94,0.21,0.8
326,2017-05-11,11.04,10.88,11.11,10.77,82717,91351782.0,3.09,-1.27,-0.14,0.72
327,2017-05-12,10.9,11.08,11.1,10.78,56279,62381813.0,2.94,1.84,0.2,0.49
328,2017-05-15,11.17,11.18,11.27,10.94,51763,58220147.0,2.98,0.9,0.1,0.45
329,2017-05-16,11.08,11.48,11.53,11.06,71134,81611655.0,4.2,2.68,0.3,0.62
330,2017-05-17,11.47,11.89,11.97,11.47,156304,186614038.0,4.36,3.57,0.41,1.36
331,2017-05-18,11.87,11.95,12.07,11.81,76049,91896729.0,2.19,0.5,0.06,0.66
332,2017-05-19,11.9,11.96,12.05,11.72,59165,71046470.0,2.76,0.08,0.01,0.51
333,2017-05-22,11.89,11.82,12.25,11.81,95429,116252662.0,3.68,-1.17,-0.14,0.83
334,2017-05-23,11.83,11.64,11.9,11.58,98412,116728395.0,2.71,-1.52,-0.18,0.86
335,2017-05-24,11.72,11.79,11.8,11.46,77157,90798468.0,2.92,1.29,0.15,0.67
336,2017-05-25,11.87,11.96,12.06,11.67,83134,100224911.0,3.31,1.44,0.17,0.72
337,2017-05-26,11.97,12.01,12.04,11.88,70989,85927879.0,1.34,0.42,0.05,0.62
338,2017-05-31,12.07,12.16,12.24,11.94,93789,114948782.0,2.5,1.25,0.15,0.82
339,2017-06-01,12.15,12.03,12.23,12.01,82033,100560426.0,1.81,-1.07,-0.13,0.71
340,2017-06-02,11.94,12.01,12.05,11.75,80016,96257391.0,2.49,-0.17,-0.02,0.7
341,2017-06-05,12.08,11.96,12.22,11.95,33121,40410055.0,2.25,-0.42,-0.05,0.29
342,2017-06-06,11.88,11.97,12.1,11.88,27986,33953405.0,1.84,0.08,0.01,0.24
343,2017-06-07,12.02,12.22,12.32,11.95,73368,90370010.0,3.09,2.09,0.25,0.64
344,2017-06-08,12.18,12.2,12.35,12.08,65372,80629341.0,2.21,-0.16,-0.02,0.57
345,2017-06-09,12.2,12.07,12.22,11.98,53942,65849713.0,1.97,-1.07,-0.13,0.47
346,2017-06-12,11.98,11.67,12.08,11.67,74337,88851938.0,3.4,-3.31,-0.4,0.65
347,2017-06-13,11.63,11.65,11.82,11.63,65569,77627010.0,1.63,-0.17,-0.02,0.57
348,2017-06-14,11.65,11.76,11.82,11.65,37615,44646026.0,1.46,0.94,0.11,0.33
349,2017-06-15,11.74,11.78,11.82,11.63,47470,56319099.0,1.62,0.17,0.02,0.41
350,2017-06-16,11.78,11.68,11.86,11.67,30542,36211237.0,1.61,-0.85,-0.1,0.27
351,2017-06-19,11.66,11.82,11.84,11.64,46829,55661871.0,1.71,1.2,0.14,0.41
352,2017-06-20,11.85,12.0,12.02,11.81,54758,65945903.0,1.78,1.52,0.18,0.48
353,2017-06-21,12.03,11.84,12.04,11.84,37460,45134715.0,1.67,-1.33,-0.16,0.33
354,2017-06-22,11.84,11.72,11.91,11.71,73034,87301476.0,1.69,-1.01,-0.12,0.64
355,2017-06-23,11.68,11.67,11.86,11.56,45081,53279688.0,2.56,-0.43,-0.05,0.39
356,2017-06-26,11.65,11.88,11.97,11.57,58439,69668040.0,3.43,1.8,0.21,0.51
357,2017-06-27,11.82,11.94,11.99,11.8,62564,75274417.0,1.6,0.51,0.06,0.54
358,2017-06-28,11.94,12.31,12.35,11.9,147716,182440781.0,3.77,3.1,0.37,1.28
359,2017-06-29,12.35,12.16,12.37,12.14,93949,116070591.0,1.87,-1.22,-0.15,0.82
360,2017-06-30,12.14,12.23,12.28,12.1,49146,60622611.0,1.48,0.58,0.07,0.42
361,2017-07-03,12.23,12.2,12.28,12.16,39073,48236938.0,0.98,-0.25,-0.03,0.33
362,2017-07-04,12.2,12.36,12.43,12.14,63850,79132944.0,2.38,1.31,0.16,0.54
363,2017-07-05,12.33,12.75,12.92,12.23,141173,180734734.0,5.58,3.16,0.39,1.2
364,2017-07-06,12.69,12.9,13.1,12.69,148681,195141262.0,3.22,1.18,0.15,1.27
365,2017-07-07,12.87,12.86,13.11,12.77,89497,117108455.0,2.64,-0.31,-0.04,0.76
366,2017-07-10,12.91,12.75,13.09,12.63,82256,106744820.0,3.58,-0.86,-0.11,0.7
367,2017-07-11,12.79,12.19,12.83,12.12,172603,216047082.0,5.57,-4.39,-0.56,1.47
368,2017-07-12,12.21,12.25,12.52,12.16,76626,95380662.0,2.95,0.49,0.06,0.65
369,2017-07-13,12.35,12.27,12.45,12.2,50859,63088216.0,2.04,0.16,0.02,0.43
370,2017-07-14,12.22,12.35,12.57,12.15,67476,84324117.0,3.42,0.65,0.08,0.58
371,2017-07-17,12.55,12.11,12.56,11.84,108093,133408833.0,5.83,-1.94,-0.24,0.92
372,2017-07-18,11.99,11.76,12.17,11.66,126238,151847568.0,4.21,-2.89,-0.35,1.08
373,2017-07-19,11.8,11.93,11.96,11.71,98217,117131815.0,2.13,1.45,0.17,0.84
374,2017-07-20,11.86,11.89,12.03,11.83,45294,54557340.0,1.68,-0.34,-0.04,0.39
375,2017-07-21,11.94,11.83,11.94,11.77,32542,38980113.0,1.43,-0.5,-0.06,0.28
376,2017-07-24,11.82,11.73,11.82,11.67,45007,53355427.0,1.27,-0.85,-0.1,0.38
377,2017-07-25,11.77,12.02,12.03,11.69,57190,68723718.0,2.9,2.47,0.29,0.49
378,2017-07-26,11.99,12.02,12.12,11.82,35292,42688627.0,2.5,0.0,0.0,0.3
379,2017-07-27,11.97,12.14,12.33,11.93,85682,105032799.0,3.33,1.0,0.12,0.73
380,2017-07-28,12.11,12.23,12.37,12.1,69292,86001669.0,2.22,0.74,0.09,0.59
381,2017-07-31,12.23,12.15,12.26,11.88,94345,115038936.0,3.11,-0.65,-0.08,0.8
382,2017-08-01,12.16,12.05,12.2,11.97,32781,39973850.0,1.89,-0.82,-0.1,0.28
383,2017-08-02,12.07,11.95,12.12,11.91,47841,58022959.0,1.74,-0.83,-0.1,0.41
384,2017-08-03,11.95,12.02,12.22,11.89,48002,58481344.0,2.76,0.59,0.07,0.41
385,2017-08-04,12.02,12.19,12.27,11.91,77811,95299227.0,3.0,1.41,0.17,0.66
386,2017-08-07,12.36,12.45,13.42,12.28,208320,265804156.0,9.35,2.13,0.26,1.78
387,2017-08-08,12.39,12.7,12.85,12.28,155272,197273632.0,4.58,2.01,0.25,1.32
388,2017-08-09,12.57,12.43,12.7,12.39,75719,95932019.0,2.44,-2.13,-0.27,0.65
389,2017-08-10,12.43,12.22,12.55,12.02,86843,107382373.0,4.26,-1.69,-0.21,0.74
390,2017-08-11,12.08,12.14,12.36,11.97,64104,78653801.0,3.19,-0.65,-0.08,0.55
391,2017-08-14,12.08,12.35,12.42,12.07,58268,72459590.0,2.88,1.73,0.21,0.5
392,2017-08-15,12.28,12.39,12.55,12.28,48812,61310141.0,2.19,0.32,0.04,0.42
393,2017-08-16,12.42,12.54,12.63,12.32,58687,74033064.0,2.5,1.21,0.15,0.5
394,2017-08-17,12.46,12.55,12.62,12.37,57371,72430319.0,1.99,0.08,0.01,0.49
395,2017-08-18,12.52,12.52,12.59,12.33,50550,63813914.0,2.07,-0.24,-0.03,0.43
396,2017-08-21,12.5,12.59,12.67,12.42,68267,86373843.0,2.0,0.56,0.07,0.58
397,2017-08-22,12.58,12.36,12.59,12.34,70271,88372926.0,1.99,-1.83,-0.23,0.6
398,2017-08-23,12.42,12.36,12.51,12.22,39394,49025090.0,2.35,0.0,0.0,0.34
399,2017-08-24,12.29,12.17,12.37,12.16,41758,51627216.0,1.7,-1.54,-0.19,0.36
400,2017-08-25,12.19,12.19,12.32,12.16,48863,60398207.0,1.31,0.16,0.02,0.42
401,2017-08-28,12.29,12.72,13.02,12.24,190513,244365545.0,6.4,4.35,0.53,1.63
402,2017-08-29,12.67,12.67,12.95,12.6,100535,129587012.0,2.75,-0.39,-0.05,0.86
403,2017-08-30,12.79,12.69,12.86,12.65,75702,97563170.0,1.66,0.16,0.02,0.65
404,2017-08-31,12.72,12.77,12.99,12.72,75266,97490456.0,2.13,0.63,0.08,0.64
405,2017-09-01,12.87,12.77,12.95,12.56,118791,152480320.0,3.05,0.0,0.0,1.01
406,2017-09-04,12.67,12.96,13.07,12.59,127740,166314129.0,3.76,1.49,0.19,1.09
407,2017-09-05,13.04,13.38,13.59,12.89,309001,416391008.0,5.4,3.24,0.42,2.64
408,2017-09-06,13.27,14.46,14.73,13.22,458610,655550480.0,11.29,8.07,1.08,3.91
409,2017-09-07,14.47,14.69,15.02,14.2,429498,635902640.0,5.67,1.59,0.23,3.66
410,2017-09-08,14.59,15.1,15.53,14.5,317853,483074128.0,7.01,2.79,0.41,2.71
411,2017-09-11,14.95,14.86,15.32,14.58,267430,401624048.0,4.9,-1.59,-0.24,2.28
412,2017-09-12,14.89,15.34,15.43,14.75,236198,363209088.0,4.58,3.23,0.48,2.01
413,2017-09-13,15.35,15.37,15.69,15.12,201414,313888736.0,3.72,0.2,0.03,1.72
414,2017-09-14,15.31,15.25,15.62,14.99,186770,287902752.0,4.1,-0.78,-0.12,1.59
415,2017-09-15,15.35,15.36,15.47,15.15,116491,179966503.0,2.1,0.72,0.11,0.99
416,2017-09-18,15.5,16.54,16.64,15.5,326915,535004288.0,7.42,7.68,1.18,2.79
417,2017-09-19,16.46,16.57,16.87,16.27,166662,277194944.0,3.63,0.18,0.03,1.42
418,2017-09-20,16.59,16.77,17.17,16.39,199004,336590240.0,4.71,1.21,0.2,1.7
419,2017-09-21,16.83,16.61,16.97,16.37,173520,290965856.0,3.58,-0.95,-0.16,1.48
420,2017-09-22,16.59,16.23,16.59,15.96,193583,315087936.0,3.79,-2.29,-0.38,1.65
421,2017-09-25,16.29,16.83,17.06,16.16,259103,438092368.0,5.55,3.7,0.6,2.21
422,2017-09-26,16.87,16.82,17.11,16.44,193069,325158368.0,3.98,-0.06,-0.01,1.65
423,2017-09-27,16.81,16.66,16.92,16.61,96994,163271342.0,1.84,-0.95,-0.16,0.83
424,2017-09-28,16.64,16.74,16.84,16.25,171726,287194304.0,3.54,0.48,0.08,1.46
425,2017-09-29,16.7,16.72,16.97,16.55,140725,237565485.0,2.51,-0.12,-0.02,1.2
426,2017-10-09,16.81,17.8,17.98,16.68,255384,444227024.0,7.78,6.46,1.08,2.18
427,2017-10-10,17.82,17.8,18.12,17.61,188509,339627616.0,2.87,0.0,0.0,1.61
428,2017-10-11,17.77,17.59,17.84,17.3,195831,345722768.0,3.03,-1.18,-0.21,1.52
429,2017-10-12,17.52,16.47,17.52,16.42,298791,505562224.0,6.25,-6.37,-1.12,2.32
430,2017-10-13,16.43,16.27,16.71,15.87,219601,360782336.0,5.1,-1.21,-0.2,1.71
431,2017-10-16,16.22,16.62,16.76,16.08,260350,433966832.0,4.18,2.15,0.35,1.93
432,2017-10-17,16.62,16.68,16.81,15.94,180960,300815424.0,5.23,0.36,0.06,1.34
433,2017-10-18,16.68,16.67,16.87,16.42,133053,222842724.0,2.7,-0.06,-0.01,0.99
434,2017-10-19,16.6,17.04,17.06,16.41,143070,242398765.0,3.9,2.22,0.37,1.06
435,2017-10-20,17.03,17.55,17.61,16.85,156319,273168752.0,4.46,2.99,0.51,1.16
436,2017-10-23,17.61,17.96,18.05,17.47,146576,263855421.0,3.3,2.34,0.41,1.09
437,2017-10-24,18.02,17.8,18.02,17.52,129656,232052469.0,2.78,-0.89,-0.16,0.96
438,2017-10-25,17.67,18.06,18.15,17.59,92151,166442858.0,3.15,1.46,0.26,0.68
439,2017-10-26,17.97,17.85,18.23,17.57,120700,217542186.0,3.65,-1.16,-0.21,0.89
440,2017-10-27,17.87,17.85,17.94,17.55,75154,134303187.0,2.18,0.0,0.0,0.56
441,2017-10-30,17.87,17.81,17.96,17.29,116033,206371449.0,3.75,-0.22,-0.04,0.86
442,2017-10-31,17.76,17.8,17.95,17.6,89287,159724660.0,1.97,-0.06,-0.01,0.66
443,2017-11-01,17.8,18.85,18.86,17.71,189666,349407248.0,6.46,5.9,1.05,1.4
444,2017-11-02,18.85,18.84,19.07,18.54,150161,283764896.0,2.81,-0.05,-0.01,1.11
445,2017-11-03,18.68,18.74,18.83,18.38,135415,253468048.0,2.39,-0.53,-0.1,1.0
446,2017-11-06,18.75,19.65,19.9,18.62,218614,427039696.0,6.83,4.86,0.91,1.62
447,2017-11-07,19.61,19.46,19.82,19.31,115241,226432916.0,2.6,-0.97,-0.19,0.85
448,2017-11-08,19.63,18.97,19.63,18.67,196731,377449120.0,4.93,-2.52,-0.49,1.46
449,2017-11-09,19.05,19.47,19.65,18.83,157655,305599280.0,4.32,2.64,0.5,1.17
450,2017-11-10,19.58,20.76,20.81,19.56,283477,578957088.0,6.42,6.63,1.29,2.1
451,2017-11-13,20.85,21.24,21.55,20.59,231290,493303072.0,4.62,2.31,0.48,1.71
452,2017-11-14,21.28,20.62,21.36,20.51,203472,425496224.0,4.0,-2.92,-0.62,1.51
453,2017-11-15,20.76,20.78,21.23,20.45,102274,214355976.0,3.78,0.78,0.16,0.76
454,2017-11-16,20.68,21.7,21.82,20.61,185020,395771152.0,5.82,4.43,0.92,1.37
455,2017-11-17,21.8,21.3,21.85,21.16,144389,312695088.0,3.18,-1.84,-0.4,1.07
456,2017-11-20,20.9,21.71,21.71,20.59,210140,444845600.0,5.26,1.92,0.41,1.56
457,2017-11-21,21.67,21.87,22.16,21.45,133031,291744128.0,3.27,0.74,0.16,0.99
458,2017-11-22,21.94,21.65,22.16,21.17,165834,359717024.0,4.53,-1.01,-0.22,1.23
459,2017-11-23,21.52,19.78,21.69,19.47,309722,639798240.0,10.25,-8.64,-1.87,2.29
460,2017-11-24,19.58,20.57,20.75,19.58,204343,415881520.0,5.92,3.99,0.79,1.51
461,2017-11-27,20.32,20.07,20.55,19.75,124705,252385307.0,3.89,-2.43,-0.5,0.92
462,2017-11-28,20.18,20.12,20.37,19.82,76817,155218738.0,2.74,0.25,0.05,0.57
463,2017-11-29,20.36,19.05,20.36,18.96,129201,255530103.0,6.96,-5.32,-1.07,0.96
464,2017-11-30,19.05,20.05,20.61,19.05,273520,550096592.0,8.19,5.25,1.0,2.03
465,2017-12-01,20.27,19.82,20.68,19.77,176489,358621792.0,4.54,-1.15,-0.23,1.31
466,2017-12-04,20.18,20.96,20.97,20.18,213678,443562832.0,3.99,5.75,1.14,1.58
467,2017-12-05,21.07,20.56,21.2,20.28,148409,307943232.0,4.39,-1.91,-0.4,1.1
468,2017-12-06,20.39,20.92,21.37,20.38,159598,335849088.0,4.82,1.75,0.36,1.18
469,2017-12-07,21.55,20.93,21.75,20.7,230501,491315168.0,5.02,0.05,0.01,1.71
470,2017-12-08,21.08,20.16,21.09,19.17,199978,404021280.0,9.17,-3.68,-0.77,1.48
471,2017-12-11,20.19,20.84,21.07,19.69,198436,413731008.0,6.85,3.37,0.68,1.47
472,2017-12-12,20.87,20.27,21.03,20.06,183962,378439824.0,4.65,-2.74,-0.57,1.36
473,2017-12-13,20.03,19.96,20.5,19.63,165544,333020448.0,4.29,-1.53,-0.31,1.23
474,2017-12-14,20.07,20.3,20.36,19.58,126573,254622930.0,3.91,1.7,0.34,0.94
475,2017-12-15,20.27,20.0,20.43,19.97,84934,172205154.0,2.27,-1.48,-0.3,0.63
476,2017-12-18,19.95,20.06,20.13,19.79,82519,166047596.0,1.7,0.3,0.06,0.61
477,2017-12-19,19.98,20.17,20.39,19.82,83378,168516991.0,2.84,0.55,0.11,0.62
478,2017-12-20,20.21,19.7,20.27,19.47,107063,213262010.0,3.97,-2.33,-0.47,0.79
479,2017-12-21,19.51,19.2,19.72,19.17,102975,200933686.0,2.79,-2.54,-0.5,0.76
480,2017-12-22,19.15,19.57,19.74,19.15,96298,189345866.0,3.07,1.93,0.37,0.71
481,2017-12-25,19.53,18.81,19.65,17.6,230987,432061312.0,10.48,-3.88,-0.76,1.71
482,2017-12-26,18.62,18.37,18.62,17.93,198967,366502256.0,3.67,-2.34,-0.44,1.47
483,2017-12-27,18.12,18.01,18.43,17.47,221844,398294080.0,5.23,-1.96,-0.36,1.64
484,2017-12-28,17.96,18.02,18.39,17.77,122215,221435747.0,3.44,0.06,0.01,0.91
485,2017-12-29,18.01,18.12,18.32,16.75,296236,521681600.0,8.71,0.55,0.1,2.19
486,2018-01-02,17.87,18.66,18.75,17.85,118277,219251624.0,4.97,2.98,0.54,0.88
487,2018-01-03,18.18,18.85,18.99,18.13,140663,264857739.0,4.61,1.02,0.19,1.04
488,2018-01-04,18.37,19.16,19.31,18.18,175439,331384768.0,5.99,1.64,0.31,1.3
489,2018-01-05,19.34,19.86,19.87,19.07,188797,370388272.0,4.18,3.65,0.7,1.4
490,2018-01-08,19.87,19.88,20.07,19.67,87858,175668644.0,2.01,0.1,0.02,0.65
491,2018-01-09,19.81,20.43,20.47,19.63,146917,297695584.0,4.23,2.77,0.55,1.09
492,2018-01-10,20.5,20.57,20.67,20.15,140617,289791248.0,2.55,0.69,0.14,1.04
493,2018-01-11,20.29,20.53,20.72,20.27,88718,183110596.0,2.19,-0.19,-0.04,0.66
494,2018-01-12,20.45,20.36,20.53,20.08,72434,147906097.0,2.19,-0.83,-0.17,0.54
495,2018-01-15,19.88,19.92,20.47,19.39,429115,857273248.0,5.3,-2.16,-0.44,3.18
496,2018-01-16,19.68,17.92,19.96,17.92,423511,793611504.0,10.24,-10.04,-2.0,3.14
497,2018-01-17,17.92,17.48,17.92,16.58,239076,420293328.0,7.48,-2.46,-0.44,1.77
498,2018-01-18,17.42,18.23,18.5,17.38,139468,256334426.0,6.41,4.29,0.75,1.03
499,2018-01-19,18.22,18.27,18.97,18.05,117415,218671318.0,5.05,0.22,0.04,0.87
500,2018-01-22,18.28,19.16,19.32,18.27,142451,271024832.0,5.75,4.87,0.89,1.06
501,2018-01-23,19.42,19.34,19.75,19.14,111372,217233646.0,3.18,0.94,0.18,0.83
502,2018-01-24,19.2,19.38,19.53,18.83,90193,175140517.0,3.62,0.21,0.04,0.67
503,2018-01-25,19.27,19.35,19.67,19.18,85621,167355200.0,2.53,-0.15,-0.03,0.63
504,2018-01-26,19.42,19.7,19.91,19.25,106470,210857099.0,3.41,1.81,0.35,0.79
505,2018-01-29,19.67,19.39,19.86,18.87,101777,198592630.0,5.03,-1.57,-0.31,0.75
506,2018-01-30,19.3,18.97,19.42,18.97,61398,118254589.0,2.32,-2.17,-0.42,0.45
507,2018-01-31,19.12,18.67,19.31,18.22,84099,157917238.0,5.75,-1.58,-0.3,0.62
508,2018-02-01,18.51,17.85,18.75,17.52,144754,260775037.0,6.59,-4.39,-0.82,1.07
509,2018-02-02,17.92,18.2,18.37,17.17,92826,167139660.0,6.72,1.96,0.35,0.69
510,2018-02-05,18.06,17.97,18.25,17.59,62911,113561461.0,3.63,-1.26,-0.23,0.47
511,2018-02-06,17.82,17.3,18.01,17.04,109503,193521755.0,5.4,-3.73,-0.67,0.81
512,2018-02-07,17.76,16.79,17.76,16.65,154895,264383299.0,6.42,-2.95,-0.51,1.15
513,2018-02-08,16.67,17.01,17.36,16.62,92226,157614139.0,4.41,1.31,0.22,0.68
514,2018-02-09,16.57,16.67,17.08,16.34,114507,193510895.0,4.35,-2.0,-0.34,0.85
515,2018-02-12,16.86,17.79,17.9,16.72,88515,155676817.0,7.08,6.72,1.12,0.66
516,2018-02-13,17.88,18.05,18.4,17.79,72866,133045330.0,3.43,1.46,0.26,0.54
517,2018-02-14,18.07,18.05,18.13,17.73,49636,89567985.0,2.22,0.0,0.0,0.37
518,2018-02-22,18.13,18.7,18.72,18.05,78429,144735917.0,3.71,3.6,0.65,0.58
519,2018-02-23,18.61,18.57,18.72,18.37,42503,79498092.0,1.87,-0.7,-0.13,0.31
520,2018-02-26,18.63,18.65,18.96,18.17,80343,149654333.0,4.25,0.43,0.08,0.6
521,2018-02-27,18.7,18.54,18.95,18.4,67351,126283246.0,2.95,-0.59,-0.11,0.5
522,2018-02-28,18.41,18.63,18.69,18.32,62249,116082135.0,2.0,0.49,0.09,0.46
523,2018-03-01,18.54,19.33,19.45,18.47,169813,326054800.0,5.26,3.76,0.7,1.26
524,2018-03-02,19.26,19.54,19.76,19.14,137782,270559440.0,3.21,1.09,0.21,1.02
525,2018-03-05,19.65,19.62,19.82,19.37,72682,143316217.0,2.3,0.41,0.08,0.54
526,2018-03-06,19.66,19.42,19.91,19.3,110083,217742093.0,3.11,-1.02,-0.2,0.82
527,2018-03-07,19.17,18.87,19.45,18.71,125707,240158003.0,3.81,-2.83,-0.55,0.93
528,2018-03-08,18.87,19.22,19.35,18.77,98794,190136502.0,3.07,1.85,0.35,0.73
529,2018-03-09,19.21,19.33,19.37,18.87,97127,186335518.0,2.6,0.57,0.11,0.72
530,2018-03-12,19.36,19.39,19.8,19.1,141566,277289360.0,3.62,0.31,0.06,1.05
531,2018-03-13,19.37,19.43,19.47,18.95,104019,201001222.0,2.68,0.21,0.04,0.77
532,2018-03-14,19.35,18.84,19.37,18.84,74906,143897403.0,2.73,-3.04,-0.59,0.55
533,2018-03-15,18.97,18.89,19.03,18.62,65770,124832668.0,2.18,0.27,0.05,0.49
534,2018-03-16,18.97,18.73,19.14,18.55,59476,112831931.0,3.12,-0.85,-0.16,0.44
535,2018-03-19,18.59,18.75,19.09,18.46,110353,208838905.0,3.36,0.11,0.02,0.82
536,2018-03-20,18.63,19.98,20.04,18.62,254429,499846544.0,7.57,6.56,1.23,1.89
537,2018-03-21,19.97,19.72,20.24,19.67,203603,409606320.0,2.85,-1.3,-0.26,1.51
538,2018-03-22,19.8,19.74,20.07,19.63,120570,240445092.0,2.23,0.1,0.02,0.89
539,2018-03-23,19.29,19.11,19.94,18.87,201499,394949152.0,5.42,-3.19,-0.63,1.49
540,2018-03-26,19.17,20.17,20.27,18.8,216290,427948144.0,7.69,5.55,1.06,1.6
541,2018-03-27,20.17,20.26,20.73,19.97,220798,451132304.0,3.77,0.45,0.09,1.64
542,2018-03-28,20.15,20.77,20.97,20.03,237673,491520272.0,4.64,2.52,0.51,1.76
543,2018-03-29,20.87,21.02,21.62,20.62,257844,548118736.0,4.81,1.2,0.25,1.91
544,2018-03-30,21.14,21.38,21.44,20.77,182400,388081904.0,3.19,1.71,0.36,1.35
545,2018-04-02,21.37,21.87,22.15,21.15,267387,584372352.0,4.68,2.29,0.49,1.98
546,2018-04-03,21.56,21.57,21.75,20.95,173161,371978880.0,3.66,-1.37,-0.3,1.28
547,2018-04-04,21.72,21.47,22.12,21.33,134133,293158432.0,3.66,-0.46,-0.1,0.99
548,2018-04-09,21.09,20.65,21.67,20.64,217029,457100064.0,4.8,-3.82,-0.82,1.61
549,2018-04-10,20.77,20.86,21.16,20.55,157602,330909056.0,2.95,1.02,0.21,1.17
550,2018-04-11,20.87,20.77,21.12,20.59,140104,293531520.0,2.54,-0.43,-0.09,1.04
551,2018-04-12,21.06,21.35,21.62,20.73,265799,566613936.0,4.29,2.79,0.58,1.97
552,2018-04-13,21.33,20.71,21.51,20.55,216019,454592096.0,4.5,-3.0,-0.64,1.6
553,2018-04-16,20.7,20.52,20.87,19.87,239861,491202400.0,4.83,-0.92,-0.19,1.78
554,2018-04-17,20.37,19.64,20.63,19.62,164701,333183776.0,4.92,-4.29,-0.88,1.22
555,2018-04-18,19.91,19.49,19.93,18.67,305008,591718960.0,6.42,-0.76,-0.15,2.26
556,2018-04-19,19.47,19.88,20.17,19.41,146561,293430304.0,3.9,2.0,0.39,1.09
557,2018-04-20,19.8,19.88,20.21,19.6,158046,316100256.0,3.07,0.0,0.0,1.17
558,2018-04-23,19.85,19.59,20.0,19.37,169214,336274304.0,3.17,-1.46,-0.29,1.25
559,2018-04-24,19.67,20.66,20.7,19.67,217765,445641216.0,5.26,5.46,1.07,1.61
560,2018-04-25,20.65,20.75,21.02,20.45,218522,456328848.0,2.76,0.44,0.09,1.62
561,2018-04-26,20.69,20.92,21.07,20.32,177279,369757984.0,3.61,0.82,0.17,1.31
562,2018-04-27,20.79,21.71,21.76,20.66,219594,469146880.0,5.26,3.78,0.79,1.63
563,2018-05-02,21.86,23.26,23.35,21.86,355624,810987312.0,6.86,7.14,1.55,2.63
564,2018-05-03,22.97,22.95,23.29,22.57,194770,448436448.0,3.1,-1.33,-0.31,1.44
565,2018-05-04,23.1,23.47,23.63,22.87,201490,472145216.0,3.31,2.27,0.52,1.49
566,2018-05-07,23.47,23.63,23.75,23.12,161675,381186992.0,2.68,0.68,0.16,1.2
567,2018-05-08,23.57,23.42,23.7,23.09,200349,470847440.0,2.58,-0.89,-0.21,1.48
568,2018-05-09,23.27,23.06,23.39,22.78,150890,349078336.0,2.6,-1.54,-0.36,1.12
569,2018-05-10,23.13,24.65,24.87,23.08,348171,839687072.0,7.76,6.9,1.59,2.58
570,2018-05-11,24.62,24.13,24.97,23.67,321517,781319584.0,5.27,-2.11,-0.52,2.38
571,2018-05-14,23.91,24.1,24.35,23.57,131444,318204528.0,3.23,-0.12,-0.03,0.97
572,2018-05-15,24.2,24.79,24.85,24.17,179502,444191632.0,2.82,2.86,0.69,1.33
573,2018-05-16,24.82,24.47,25.03,23.97,238611,588907104.0,4.28,-1.29,-0.32,1.77
574,2018-05-17,24.07,24.15,24.51,23.89,141905,343879600.0,2.53,-1.31,-0.32,1.05
575,2018-05-18,23.93,24.07,24.22,23.63,103670,249324283.0,2.44,-0.33,-0.08,0.77
576,2018-05-21,24.2,24.48,24.51,23.98,100812,246348802.0,2.2,1.7,0.41,0.75
577,2018-05-22,24.48,25.52,25.67,24.27,288486,734976672.0,5.72,4.25,1.04,2.14
578,2018-05-23,25.27,25.57,25.85,25.05,172801,440999152.0,3.13,0.2,0.05,1.28
579,2018-05-24,25.44,25.47,25.87,25.26,134889,346226048.0,2.39,-0.39,-0.1,1.0
580,2018-05-25,25.43,25.37,25.69,24.91,161219,410036800.0,3.06,-0.39,-0.1,1.19
581,2018-05-28,25.22,25.34,25.6,24.42,155109,391912832.0,4.65,-0.12,-0.03,1.15
582,2018-05-29,25.23,24.37,25.65,24.33,235760,595101696.0,5.21,-3.83,-0.97,1.75
583,2018-05-30,23.91,23.97,24.64,23.52,224531,542053632.0,4.6,-1.64,-0.4,1.66
584,2018-05-31,24.26,23.87,24.31,23.17,173600,413555456.0,4.76,-0.42,-0.1,1.29
585,2018-06-01,23.7,22.5,24.0,22.18,295458,682028688.0,7.62,-5.74,-1.37,2.19
586,2018-06-04,22.5,22.48,22.76,21.81,241420,543592448.0,4.22,-0.09,-0.02,1.79
587,2018-06-05,22.57,22.9,23.02,22.47,189791,435241216.0,2.45,1.87,0.42,1.41
588,2018-06-06,22.87,23.57,23.77,22.75,198874,467305584.0,4.45,2.93,0.67,1.47
589,2018-06-07,23.69,23.28,23.69,23.12,119419,280012832.0,2.42,-1.23,-0.29,0.88
590,2018-06-08,22.94,23.7,23.73,22.94,121930,285964192.0,3.39,1.8,0.42,0.9
591,2018-06-11,23.54,22.77,23.67,22.72,177486,412238064.0,4.01,-3.92,-0.93,1.32
592,2018-06-12,22.77,23.0,23.33,22.69,106164,246129529.0,2.81,1.01,0.23,0.79
593,2018-06-13,23.1,21.97,23.17,21.97,148967,337353520.0,5.22,-4.48,-1.03,1.1
594,2018-06-14,21.88,22.14,22.64,21.85,150559,336318096.0,3.6,0.77,0.17,1.12
595,2018-06-15,22.51,21.94,22.55,21.72,103351,228762819.0,3.75,-0.9,-0.2,0.77
596,2018-06-19,21.47,19.85,21.92,19.73,265066,550164912.0,9.98,-9.53,-2.09,1.96
597,2018-06-20,19.85,20.7,20.81,19.42,224192,455738928.0,7.0,4.28,0.85,1.66
598,2018-06-21,20.81,20.79,21.27,20.38,159219,335179744.0,4.3,0.43,0.09,1.18
599,2018-06-22,20.72,20.62,20.92,20.23,124881,258654299.0,3.32,-0.82,-0.17,0.93
600,2018-06-25,20.64,20.36,21.15,20.2,134837,279586688.0,4.61,-1.26,-0.26,1.0
601,2018-06-26,20.17,19.99,20.35,19.57,131234,262963492.0,3.83,-1.82,-0.37,0.97
602,2018-06-27,19.46,18.72,20.01,17.98,413879,778628544.0,10.16,-6.35,-1.27,3.07
603,2018-06-28,18.75,18.85,19.07,18.49,151242,286992592.0,3.1,0.69,0.13,1.12
604,2018-06-29,18.86,19.85,20.02,18.6,193647,377723616.0,7.53,5.31,1.0,1.43
605,2018-07-02,19.85,19.36,20.2,19.15,184783,367147520.0,5.29,-2.47,-0.49,1.34
606,2018-07-03,19.35,19.32,19.44,18.07,180442,340429424.0,7.08,-0.21,-0.04,1.31
607,2018-07-04,19.12,18.8,19.29,18.75,90334,171979344.0,2.8,-2.69,-0.52,0.66
608,2018-07-05,19.18,18.55,19.42,18.55,116765,223137698.0,4.63,-1.33,-0.25,0.85
609,2018-07-06,18.58,18.83,19.3,18.29,132042,250777132.0,5.44,1.51,0.28,0.96
610,2018-07-09,18.83,19.78,19.82,18.83,134118,262381588.0,5.26,5.05,0.95,0.97
611,2018-07-10,20.02,20.47,20.75,19.94,253118,517828528.0,4.1,3.49,0.69,1.84
612,2018-07-11,20.17,20.3,20.59,19.72,194839,396657392.0,4.25,-0.83,-0.17,1.41
613,2018-07-12,20.27,20.91,20.94,20.27,166068,345927840.0,3.3,3.0,0.61,1.21
614,2018-07-13,20.78,21.54,21.77,20.66,176181,379881472.0,5.31,3.01,0.63,1.28
615,2018-07-16,20.75,21.27,21.54,20.75,115389,246361474.0,3.67,-1.25,-0.27,0.84
616,2018-07-17,21.26,21.17,21.44,20.75,97817,206883649.0,3.24,-0.47,-0.1,0.71
617,2018-07-18,21.02,21.62,21.82,21.02,139043,301324592.0,3.78,2.13,0.45,1.01
618,2018-07-19,21.52,20.99,21.69,20.53,166169,350254208.0,5.37,-2.91,-0.63,1.21
619,2018-07-20,20.74,20.89,21.11,20.61,75530,158907845.0,2.38,-0.48,-0.1,0.55
620,2018-07-23,18.79,18.79,18.79,18.79,50357,95275444.0,0.0,-10.05,-2.1,0.37
621,2018-07-24,17.38,19.25,19.82,17.38,388353,726149680.0,12.99,2.45,0.46,2.82
622,2018-07-25,19.06,19.48,19.64,19.06,142469,278370272.0,3.01,1.19,0.23,1.03
623,2018-07-26,19.49,19.28,19.67,19.02,108152,209616507.0,3.34,-1.03,-0.2,0.79
624,2018-07-27,19.28,21.22,21.22,19.12,314106,648305440.0,10.89,10.06,1.94,2.28
625,2018-07-30,20.97,20.99,21.76,20.77,263328,565144272.0,4.67,-1.08,-0.23,1.91
626,2018-07-31,21.2,21.32,21.34,20.6,118929,252244014.0,3.53,1.57,0.33,0.86
627,2018-08-01,21.37,21.12,21.6,20.94,125380,268024460.0,3.1,-0.94,-0.2,0.91
628,2018-08-02,21.17,21.02,21.3,20.12,138924,289265504.0,5.59,-0.47,-0.1,1.01
629,2018-08-03,20.87,20.27,21.04,20.18,114185,234979578.0,4.09,-3.57,-0.75,0.83
630,2018-08-06,20.37,19.97,20.37,19.37,120666,241569585.0,4.93,-1.48,-0.3,0.88
631,2018-08-07,19.94,20.82,20.94,19.83,108724,223416833.0,5.56,4.26,0.85,0.79
632,2018-08-08,20.62,20.74,21.15,20.28,74710,155668188.0,4.18,-0.38,-0.08,0.54
633,2018-08-09,20.57,20.77,21.23,20.46,120297,253819616.0,3.71,0.14,0.03,0.87
634,2018-08-10,20.67,20.95,21.24,20.67,100966,213612924.0,2.74,0.87,0.18,0.73
635,2018-08-13,20.72,20.97,21.08,20.47,84073,175173010.0,2.91,0.1,0.02,0.61
636,2018-08-14,20.97,20.96,21.07,20.71,45358,95142093.0,1.72,-0.05,-0.01,0.33
637,2018-08-15,20.97,20.78,21.28,20.67,84805,178920951.0,2.91,-0.86,-0.18,0.62
638,2018-08-16,20.62,20.7,20.75,19.87,92615,190631250.0,4.23,-0.38,-0.08,0.67
639,2018-08-17,20.67,20.37,20.92,19.97,117687,240437139.0,4.59,-1.59,-0.33,0.85
640,2018-08-20,20.56,20.24,20.56,19.72,85811,173232011.0,4.12,-0.64,-0.13,0.62
641,2018-08-21,20.22,20.72,20.96,20.01,87441,181632472.0,4.69,2.37,0.48,0.63
642,2018-08-22,20.74,20.74,21.07,20.59,51333,107619345.0,2.32,0.1,0.02,0.37
643,2018-08-23,20.65,21.5,21.71,20.62,133067,283509616.0,5.26,3.66,0.76,0.97
644,2018-08-24,21.36,21.88,22.05,21.28,149892,327460992.0,3.58,1.77,0.38,1.09
645,2018-08-27,21.77,22.23,22.34,21.77,121511,269848704.0,2.61,1.6,0.35,0.88
646,2018-08-28,22.27,21.93,22.36,21.53,153324,336349424.0,3.73,-1.35,-0.3,1.11
647,2018-08-29,21.76,21.82,21.91,21.6,52700,115383265.0,1.41,-0.5,-0.11,0.38
648,2018-08-30,21.66,21.7,21.9,21.44,52112,113483362.0,2.11,-0.55,-0.12,0.38
649,2018-08-31,21.5,21.52,21.7,21.4,35336,76607350.0,1.38,-0.83,-0.18,0.26
650,2018-09-03,21.52,21.8,21.82,21.35,54332,117997698.0,2.18,1.3,0.28,0.39
651,2018-09-04,21.82,21.8,21.96,21.56,69819,152835867.0,1.83,0.0,0.0,0.51
652,2018-09-05,21.8,21.37,21.88,21.37,57054,123612207.0,2.34,-1.97,-0.43,0.41
653,2018-09-06,21.22,21.21,21.52,20.87,72852,155245979.0,3.04,-0.75,-0.16,0.53
654,2018-09-07,21.27,21.19,21.6,20.97,80981,173461356.0,2.97,-0.09,-0.02,0.59
655,2018-09-10,21.26,21.06,21.42,20.77,71710,151571419.0,3.07,-0.61,-0.13,0.52
656,2018-09-11,21.06,20.52,21.07,20.38,73710,153151913.0,3.28,-2.56,-0.54,0.54
657,2018-09-12,20.52,20.52,20.61,20.07,65718,134827192.0,2.63,0.0,0.0,0.48
658,2018-09-13,20.65,20.37,20.85,19.45,86562,175496849.0,6.82,-0.73,-0.15,0.63
659,2018-09-14,20.57,20.54,20.86,20.27,57247,118616761.0,2.9,0.83,0.17,0.42
660,2018-09-17,20.07,20.54,20.62,19.99,42838,87853349.0,3.07,0.0,0.0,0.31
661,2018-09-18,20.54,20.75,20.82,20.28,67591,139831743.0,2.63,1.02,0.21,0.49
662,2018-09-19,20.96,21.02,21.54,20.9,126147,269030032.0,3.08,1.3,0.27,0.92
663,2018-09-20,20.81,21.02,21.1,20.79,54583,115073803.0,1.47,0.0,0.0,0.4
664,2018-09-21,21.07,21.17,21.45,21.02,69980,149372090.0,2.05,0.71,0.15,0.51
665,2018-09-25,21.17,21.17,21.21,20.9,42373,89762675.0,1.46,0.0,0.0,0.31
666,2018-09-26,21.17,21.19,21.32,21.06,58075,123777684.0,1.23,0.09,0.02,0.42
667,2018-09-27,21.17,21.66,21.84,21.04,146285,317659664.0,3.78,2.22,0.47,1.06
668,2018-09-28,21.64,21.67,21.74,21.44,62938,136893432.0,1.39,0.05,0.01,0.46
669,2018-10-08,21.27,20.83,21.29,20.75,84772,178965636.0,2.49,-3.88,-0.84,0.62
670,2018-10-09,20.95,21.05,21.11,20.47,52027,108742862.0,3.07,1.06,0.22,0.38
671,2018-10-10,21.05,21.07,21.17,20.67,68632,144461685.0,2.38,0.1,0.02,0.5
672,2018-10-11,20.45,19.67,20.72,19.11,143378,286354672.0,7.64,-6.64,-1.4,1.04
673,2018-10-12,19.38,19.44,19.76,18.49,96525,187228797.0,6.46,-1.17,-0.23,0.7
674,2018-10-15,19.44,18.07,19.77,18.05,136162,257729597.0,8.85,-7.05,-1.37,0.99
675,2018-10-16,18.23,16.25,18.36,16.25,259594,443875888.0,11.68,-10.07,-1.82,1.89
676,2018-10-17,16.38,15.51,16.55,14.65,232681,362254400.0,11.69,-4.55,-0.74,1.69
677,2018-10-18,15.13,13.95,15.25,13.95,294334,419886912.0,8.38,-10.06,-1.56,2.14
678,2018-10-19,13.17,14.22,15.07,12.77,462500,641080144.0,16.49,1.94,0.27,3.36
679,2018-10-22,14.45,15.07,15.62,14.33,303950,461856496.0,9.07,5.98,0.85,2.21
680,2018-10-23,15.4,15.24,16.02,15.02,194977,302810704.0,6.64,1.13,0.17,1.42
681,2018-10-24,15.12,15.19,15.55,14.97,103499,158959838.0,3.81,-0.33,-0.05,0.75
682,2018-10-25,14.77,14.97,15.12,14.4,124975,186034476.0,4.74,-1.45,-0.22,0.91
683,2018-10-26,15.15,15.48,15.7,14.84,142054,218887855.0,5.74,3.41,0.51,1.03
684,2018-10-29,15.57,15.07,15.57,14.97,87932,134517893.0,3.88,-2.65,-0.41,0.64
685,2018-10-30,15.06,15.73,15.74,14.72,166522,256937387.0,6.77,4.38,0.66,1.21
686,2018-10-31,15.86,16.13,16.46,15.73,120104,196061686.0,4.64,2.54,0.4,0.87
687,2018-11-01,16.15,15.68,16.57,15.62,181460,294266192.0,5.89,-2.79,-0.45,1.32
688,2018-11-02,16.07,16.32,16.37,15.68,160042,258630073.0,4.4,4.08,0.64,1.16
689,2018-11-05,16.55,16.09,16.55,15.79,117587,191407246.0,4.66,-1.41,-0.23,0.85
690,2018-11-06,16.25,16.91,16.96,16.11,170529,283885344.0,5.28,5.1,0.82,1.24
691,2018-11-07,16.78,17.02,17.8,16.78,179373,311350064.0,6.03,0.65,0.11,1.3
692,2018-11-08,17.17,17.3,17.65,17.07,128441,224637503.0,3.41,1.65,0.28,0.93
693,2018-11-09,17.12,17.13,17.35,16.94,77261,133480346.0,2.37,-0.98,-0.17,0.56
694,2018-11-12,17.09,17.87,17.92,17.05,99960,178110345.0,5.08,4.32,0.74,0.73
695,2018-11-13,17.78,17.95,18.25,17.68,114712,207492921.0,3.19,0.45,0.08,0.83
696,2018-11-14,17.95,18.01,18.15,17.75,60869,110229998.0,2.23,0.33,0.06,0.44
697,2018-11-15,17.87,18.25,18.35,17.8,59020,107939055.0,3.05,1.33,0.24,0.43
698,2018-11-16,18.3,18.47,18.82,18.3,97622,182185515.0,2.85,1.21,0.22,0.71
699,2018-11-19,18.3,18.4,18.75,18.3,79055,147214848.0,2.44,-0.38,-0.07,0.57
700,2018-11-20,18.31,17.95,18.66,17.85,125486,230694056.0,4.4,-2.45,-0.45,0.91
701,2018-11-21,17.77,19.76,19.76,17.68,214021,409774224.0,11.59,10.08,1.81,1.55
702,2018-11-22,19.87,19.55,20.58,19.43,264779,535182224.0,5.82,-1.06,-0.21,1.92
703,2018-11-23,19.74,19.09,19.77,19.07,140040,273428000.0,3.58,-2.35,-0.46,1.02
704,2018-11-26,19.19,17.87,19.31,17.48,221155,404058944.0,9.59,-6.39,-1.22,1.61
705,2018-11-27,18.11,18.97,19.27,18.11,169954,321905152.0,6.49,6.16,1.1,1.23
706,2018-11-28,19.18,18.74,19.24,18.63,105291,199412845.0,3.22,-1.21,-0.23,0.76
707,2018-11-29,19.07,18.41,19.07,18.38,71245,134299998.0,3.68,-1.76,-0.33,0.52
708,2018-11-30,18.4,18.57,18.73,18.02,89485,165441808.0,3.86,0.87,0.16,0.65
709,2018-12-03,19.22,19.01,19.64,18.88,126375,242875295.0,4.09,2.37,0.44,0.92
710,2018-12-04,19.11,19.11,19.31,18.82,110820,212748034.0,2.58,0.53,0.1,0.8
711,2018-12-05,18.76,19.6,19.82,18.66,154615,301630000.0,6.07,2.56,0.49,1.12
712,2018-12-06,19.45,19.63,19.87,19.29,103065,203038312.0,2.96,0.15,0.03,0.75
713,2018-12-07,19.47,18.87,19.47,18.66,200532,382281568.0,4.13,-3.87,-0.76,1.46
714,2018-12-10,18.85,18.86,19.04,18.77,76476,145649344.0,1.43,-0.05,-0.01,0.56
715,2018-12-11,19.03,19.15,19.17,18.88,57670,110513613.0,1.54,1.54,0.29,0.42
716,2018-12-12,19.25,19.22,19.39,18.99,68628,132736221.0,2.09,0.37,0.07,0.5
717,2018-12-13,19.36,19.87,19.95,19.27,151040,299921200.0,3.54,3.38,0.65,1.1
718,2018-12-14,19.87,19.52,20.14,19.36,208842,415665936.0,3.93,-1.76,-0.35,1.52
719,2018-12-17,19.2,18.92,19.34,18.55,147727,279904992.0,4.05,-3.07,-0.6,1.07
720,2018-12-18,18.79,18.75,19.12,18.57,56049,106363069.0,2.91,-0.9,-0.17,0.41
721,2018-12-19,18.86,18.28,18.86,18.22,67090,124500296.0,3.41,-2.51,-0.47,0.49
722,2018-12-20,18.07,18.58,18.64,17.8,61102,112804962.0,4.6,1.64,0.3,0.44
723,2018-12-21,18.59,18.47,18.78,18.31,48105,89436556.0,2.53,-0.59,-0.11,0.35
724,2018-12-24,18.49,18.22,18.83,18.2,63146,117867052.0,3.41,-1.35,-0.25,0.46
725,2018-12-25,18.21,18.48,18.53,17.99,77012,141771517.0,2.96,1.43,0.26,0.56
726,2018-12-26,18.51,19.13,19.53,18.51,98588,189955917.0,5.52,3.52,0.65,0.72
727,2018-12-27,19.47,18.74,19.52,18.67,64508,123500955.0,4.44,-2.04,-0.39,0.47
728,2018-12-28,18.84,18.97,19.02,18.55,63604,120624132.0,2.51,1.23,0.23,0.46
729,2019-01-02,18.69,18.3,18.87,18.12,79907,147600266.0,3.95,-3.53,-0.67,0.58
730,2019-01-03,18.31,17.79,18.36,17.57,79394,143143219.0,4.32,-2.79,-0.51,0.58
731,2019-01-04,17.77,17.95,18.12,17.56,53530,96418345.0,3.15,0.9,0.16,0.39
732,2019-01-07,18.07,18.51,18.58,17.92,90424,166649088.0,3.68,3.12,0.56,0.66
733,2019-01-08,18.56,18.48,18.66,18.36,44946,83738655.0,1.62,-0.16,-0.03,0.33
734,2019-01-09,18.57,18.72,18.91,18.42,59785,112972409.0,2.65,1.3,0.24,0.43
735,2019-01-10,18.69,18.75,18.79,18.52,35738,67194992.0,1.44,0.16,0.03,0.26
736,2019-01-11,18.87,18.57,18.87,18.57,22028,41379547.0,1.6,-0.96,-0.18,0.16
737,2019-01-14,18.57,18.59,18.79,18.24,63209,117381826.0,2.96,0.11,0.02,0.46
738,2019-01-15,18.58,18.47,18.59,18.09,85204,157893462.0,2.69,-0.65,-0.12,0.62
739,2019-01-16,18.48,19.38,19.65,18.4,110364,211892991.0,6.77,4.93,0.91,0.8
740,2019-01-17,19.32,18.88,19.36,18.87,53169,102166296.0,2.53,-2.58,-0.5,0.39
741,2019-01-18,18.75,19.07,19.12,18.59,55314,105501097.0,2.81,1.01,0.19,0.4
742,2019-01-21,19.09,18.93,19.14,18.72,39844,76036344.0,2.2,-0.73,-0.14,0.29
743,2019-01-22,18.97,18.84,19.02,18.73,34685,65759091.0,1.53,-0.48,-0.09,0.25
744,2019-01-23,18.86,18.79,19.03,18.68,25385,48205851.0,1.86,-0.27,-0.05,0.18
745,2019-01-24,18.96,18.69,18.96,18.57,28494,53607333.0,2.08,-0.53,-0.1,0.21
746,2019-01-25,18.85,18.46,18.86,18.42,42220,79182575.0,2.35,-1.23,-0.23,0.31
747,2019-01-28,18.8,18.57,19.04,18.55,38528,72660695.0,2.65,0.6,0.11,0.28
748,2019-01-29,18.58,18.55,18.66,18.26,41991,78142613.0,2.15,-0.11,-0.02,0.31
749,2019-01-30,18.53,18.46,18.7,18.45,23680,44232051.0,1.35,-0.49,-0.09,0.17
750,2019-01-31,18.61,18.26,18.65,18.09,55221,102493539.0,3.03,-1.08,-0.2,0.4
751,2019-02-01,18.41,18.75,18.9,18.22,52043,97489512.0,3.72,2.68,0.49,0.38
752,2019-02-11,18.75,19.05,19.14,18.53,55448,105661832.0,3.25,1.6,0.3,0.4
753,2019-02-12,18.99,19.17,19.45,18.98,66958,129934701.0,2.47,0.63,0.12,0.49
754,2019-02-13,19.23,19.2,19.26,18.99,71195,137188356.0,1.41,0.16,0.03,0.52
755,2019-02-14,19.22,19.28,19.52,19.07,64581,124968210.0,2.34,0.42,0.08,0.47
756,2019-02-15,19.28,19.03,19.36,18.8,71843,137604245.0,2.9,-1.3,-0.25,0.52
757,2019-02-18,19.07,19.47,19.47,19.01,108123,210171012.0,2.42,2.31,0.44,0.79
758,2019-02-19,19.41,19.5,19.86,19.3,114059,225127157.0,2.88,0.15,0.03,0.83
759,2019-02-20,19.36,19.27,19.55,19.1,64821,125596363.0,2.31,-1.18,-0.23,0.47
760,2019-02-21,19.37,19.25,19.43,19.08,89706,173865897.0,1.82,-0.1,-0.02,0.65
761,2019-02-22,19.38,19.36,19.63,19.11,123938,241657991.0,2.7,0.57,0.11,0.9
762,2019-02-25,19.49,19.93,19.98,19.28,261385,518055360.0,3.62,2.94,0.57,1.9
763,2019-02-26,19.85,21.27,21.67,19.77,317094,673380912.0,9.53,6.72,1.34,2.31
764,2019-02-27,21.02,20.57,21.02,20.38,216361,450183568.0,3.01,-3.29,-0.7,1.57
765,2019-02-28,20.59,20.87,21.05,20.48,118030,247421429.0,2.77,1.46,0.3,0.86
766,2019-03-01,21.31,21.15,21.67,21.01,128580,274812224.0,3.16,1.34,0.28,0.93
767,2019-03-04,21.41,21.45,21.55,21.17,231376,497219008.0,1.8,1.42,0.3,1.68
768,2019-03-05,21.44,22.39,22.65,21.43,230342,516752736.0,5.69,4.38,0.94,1.67
769,2019-03-06,22.31,22.39,22.81,21.95,188248,422214384.0,3.84,0.0,0.0,1.37
770,2019-03-07,22.6,22.37,22.93,21.99,242794,549023024.0,4.2,-0.09,-0.02,1.77
771,2019-03-08,21.95,21.52,22.25,21.37,209905,460155968.0,3.93,-3.8,-0.85,1.53
772,2019-03-11,21.37,21.71,21.91,20.52,210622,450795232.0,6.46,0.88,0.19,1.53
773,2019-03-12,21.77,21.31,21.97,21.15,207960,448705456.0,3.78,-1.84,-0.4,1.51
774,2019-03-13,21.28,21.09,21.49,20.88,139204,296287920.0,2.86,-1.03,-0.22,1.01
775,2019-03-14,21.07,20.62,21.34,20.41,185109,389163008.0,4.41,-2.23,-0.47,1.35
776,2019-03-15,20.63,20.97,21.23,20.38,129911,272983888.0,4.12,1.7,0.35,0.94
777,2019-03-18,21.1,21.39,21.45,20.79,129536,277022992.0,3.15,2.0,0.42,0.94
778,2019-03-19,21.32,21.15,21.49,21.08,98719,210753660.0,1.92,-1.12,-0.24,0.72
779,2019-03-20,21.15,20.88,21.28,20.67,97921,205598379.0,2.88,-1.28,-0.27,0.71
780,2019-03-21,20.94,20.59,21.05,20.57,152323,317315136.0,2.3,-1.39,-0.29,1.11
781,2019-03-22,20.47,22.52,22.66,20.47,406242,892423840.0,10.64,9.37,1.93,2.95
782,2019-03-25,22.09,22.02,23.16,21.94,289259,655536144.0,5.42,-2.22,-0.5,2.1
783,2019-03-26,21.97,22.43,22.86,21.59,241782,541197200.0,5.77,1.86,0.41,1.76
784,2019-03-27,22.97,23.47,24.46,22.97,252650,599060128.0,6.64,4.64,1.04,1.84
785,2019-03-28,23.62,24.96,25.83,23.29,363014,905378752.0,10.82,6.35,1.49,2.64
786,2019-03-29,25.07,25.37,25.71,24.52,297063,750189904.0,4.77,1.64,0.41,2.16
787,2019-04-01,25.52,25.27,25.67,24.96,304911,772197808.0,2.8,-0.39,-0.1,2.22
788,2019-04-02,25.15,27.11,27.25,24.18,432484,1114827424.0,12.15,7.28,1.84,3.14
789,2019-04-03,26.75,27.47,28.29,26.34,321372,883187312.0,7.19,1.33,0.36,2.34
790,2019-04-04,27.87,29.12,29.37,27.87,380932,1093860624.0,5.46,6.01,1.65,2.77
791,2019-04-08,28.86,28.4,29.82,28.1,259884,749886864.0,5.91,-2.47,-0.72,1.89
792,2019-04-09,28.68,27.71,28.68,27.2,220357,614472704.0,5.21,-2.43,-0.69,1.6
793,2019-04-10,27.82,27.48,28.64,27.3,219537,614482368.0,4.84,-0.83,-0.23,1.6
794,2019-04-11,27.67,26.41,27.67,26.37,205705,556766896.0,4.73,-3.89,-1.07,1.5
795,2019-04-12,26.41,26.32,26.93,25.92,168756,445786960.0,3.82,-0.34,-0.09,1.23
796,2019-04-15,26.87,25.79,26.94,25.76,165552,438954704.0,4.48,-2.01,-0.53,1.2
797,2019-04-16,26.05,26.71,26.88,25.2,253224,667162848.0,6.51,3.57,0.92,1.84
798,2019-04-17,26.47,28.07,28.67,26.4,337083,936765360.0,8.5,5.09,1.36,2.45
799,2019-04-18,28.12,28.07,28.54,27.72,165648,467506800.0,2.92,0.0,0.0,1.2
800,2019-04-19,28.17,27.51,28.17,27.2,152793,423768400.0,3.46,-2.0,-0.56,1.11
801,2019-04-22,27.37,27.01,28.05,26.81,146608,403551952.0,4.51,-1.82,-0.5,1.07
802,2019-04-23,26.62,26.87,27.67,26.61,125475,343182352.0,3.92,-0.52,-0.14,0.91
803,2019-04-24,26.82,28.17,28.46,26.44,184566,509257008.0,7.52,4.84,1.3,1.34
804,2019-04-25,28.31,27.09,28.31,27.07,172077,479401344.0,4.4,-3.83,-1.08,1.25
805,2019-04-26,27.1,26.54,27.27,26.35,156347,421166064.0,3.4,-2.03,-0.55,1.14
806,2019-04-29,26.55,26.37,26.95,25.62,156826,415112688.0,5.01,-0.64,-0.17,1.14
807,2019-04-30,26.33,27.12,27.15,25.92,146304,390820608.0,4.66,2.84,0.75,1.06
808,2019-05-06,25.97,24.4,26.37,24.4,225795,571853712.0,7.26,-10.03,-2.72,1.64
809,2019-05-07,24.18,24.07,24.95,23.25,212943,517912848.0,6.97,-1.35,-0.33,1.55
810,2019-05-08,23.67,24.09,24.72,23.27,128508,312122176.0,6.02,0.08,0.02,0.93
811,2019-05-09,23.79,23.09,24.25,22.94,138055,327258624.0,5.44,-4.15,-1.0,1.0
812,2019-05-10,23.19,23.81,24.1,22.4,198495,469189840.0,7.36,3.12,0.72,1.44
813,2019-05-13,23.55,23.54,24.05,23.42,91322,217687076.0,2.65,-1.13,-0.27,0.66
814,2019-05-14,23.62,23.27,24.16,23.13,114355,270786736.0,4.38,-1.15,-0.27,0.83
815,2019-05-15,23.47,23.72,23.92,23.2,114613,272379088.0,3.09,1.93,0.45,0.83
816,2019-05-16,23.72,24.47,25.04,23.3,234363,568881808.0,7.34,3.16,0.75,1.7
817,2019-05-17,24.27,23.24,24.27,23.15,168336,401168880.0,4.58,-5.03,-1.23,1.22
818,2019-05-20,22.87,22.82,23.32,22.52,89052,204666143.0,3.44,-1.81,-0.42,0.65
819,2019-05-21,22.86,23.83,24.28,22.86,134470,320571232.0,6.22,4.43,1.01,0.98
820,2019-05-22,23.86,23.97,24.17,23.7,98075,236404089.0,1.97,0.59,0.14,0.71
821,2019-05-23,24.51,23.6,24.51,23.48,100280,240639906.0,4.3,-1.54,-0.37,0.73
822,2019-05-24,23.64,23.84,24.12,23.53,88671,212747065.0,2.5,1.02,0.24,0.64
823,2019-05-27,23.85,24.64,24.85,23.77,130715,320802032.0,4.53,3.36,0.8,0.95
824,2019-05-28,24.65,25.02,25.2,24.52,170932,426559520.0,2.76,1.54,0.38,1.24
825,2019-05-29,24.68,24.51,24.73,24.35,63382,156429764.0,1.52,-2.04,-0.51,0.46
826,2019-05-30,24.43,23.78,24.43,23.59,80474,192890966.0,3.43,-2.98,-0.73,0.59
827,2019-05-31,23.93,23.97,24.08,23.47,52254,125313010.0,2.57,0.8,0.19,0.38
828,2019-06-03,23.67,24.67,25.93,23.67,218908,549259424.0,9.43,2.92,0.7,1.59
829,2019-06-04,24.56,24.11,24.86,24.08,93938,230099483.0,3.16,-2.27,-0.56,0.68
830,2019-06-05,24.33,22.36,24.47,21.72,297140,681408832.0,11.41,-7.26,-1.75,2.16
831,2019-06-06,22.46,22.71,22.76,21.89,166496,373991648.0,3.89,1.57,0.35,1.21
832,2019-06-10,22.95,23.35,24.06,22.4,195356,457956064.0,7.31,2.82,0.64,1.42
833,2019-06-11,23.37,24.47,24.62,23.36,179826,437826848.0,5.4,4.8,1.12,1.31
834,2019-06-12,24.47,24.66,24.75,24.17,129413,318365808.0,2.37,0.78,0.19,0.94
835,2019-06-13,24.73,24.64,24.85,24.29,127800,315836480.0,2.27,-0.08,-0.02,0.93
836,2019-06-14,24.62,25.67,26.13,24.48,265545,680310016.0,6.7,4.18,1.03,1.93
837,2019-06-17,25.76,26.81,26.86,25.58,200820,531943472.0,4.99,4.44,1.14,1.46
838,2019-06-18,26.79,26.7,27.17,26.4,113517,305083936.0,2.87,-0.41,-0.11,0.83
839,2019-06-19,27.32,26.87,27.55,26.58,136585,369758176.0,3.63,0.64,0.17,0.99
840,2019-06-20,26.98,26.63,27.11,26.54,101396,272854672.0,2.12,-0.89,-0.24,0.74
841,2019-06-21,27.69,26.88,27.7,26.62,116683,317037456.0,4.06,0.94,0.25,0.85
842,2019-06-24,26.92,26.79,27.32,26.65,72931,197457479.0,2.49,-0.33,-0.09,0.53
843,2019-06-25,26.82,26.79,27.07,25.67,149467,397106768.0,5.23,0.0,0.0,1.09
844,2019-06-26,26.87,27.37,27.75,26.64,198195,542669088.0,4.14,2.16,0.58,1.44
845,2019-06-27,27.35,27.45,27.61,27.15,115429,317171968.0,1.68,0.29,0.08,0.84
846,2019-06-28,27.89,28.23,28.61,27.48,197437,555994608.0,4.12,2.84,0.78,1.44
847,2019-07-01,28.69,30.45,30.72,28.47,383671,1145542560.0,7.97,7.86,2.22,2.77
848,2019-07-02,30.24,29.68,30.65,29.62,210233,632025104.0,3.38,-2.53,-0.77,1.52
849,2019-07-03,29.83,29.89,30.06,29.37,163222,486603024.0,2.32,0.71,0.21,1.18
850,2019-07-04,29.77,28.94,29.97,28.51,193587,563367152.0,4.88,-3.18,-0.95,1.4
851,2019-07-05,28.85,29.14,29.22,28.52,90836,264450582.0,2.42,0.69,0.2,0.66
852,2019-07-08,29.13,27.86,29.13,27.32,224553,628702768.0,6.21,-4.39,-1.28,1.62
853,2019-07-09,27.92,27.82,28.14,27.43,92156,257702823.0,2.55,-0.14,-0.04,0.67
854,2019-07-10,27.06,27.16,27.62,26.38,291334,794738720.0,4.46,-2.37,-0.66,2.11
855,2019-07-11,27.28,26.95,27.96,26.8,136800,375296896.0,4.27,-0.77,-0.21,0.99
856,2019-07-12,27.35,26.92,27.47,26.87,85543,233402462.0,2.23,-0.11,-0.03,0.62
857,2019-07-15,27.18,26.88,27.35,26.58,117583,317879616.0,2.86,-0.15,-0.04,0.85
858,2019-07-16,26.93,26.48,26.95,26.0,125000,332138208.0,3.53,-1.49,-0.4,0.9
859,2019-07-17,26.73,27.92,27.96,26.59,176897,487086672.0,5.17,5.44,1.44,1.28
860,2019-07-18,27.81,27.37,28.52,27.37,151387,423782496.0,4.12,-1.97,-0.55,1.09
861,2019-07-19,27.23,27.36,27.71,27.19,73756,203000568.0,1.9,-0.04,-0.01,0.53
862,2019-07-22,27.36,26.61,27.66,26.58,85185,231491795.0,3.95,-2.74,-0.75,0.62
863,2019-07-23,26.64,26.81,26.86,26.31,77830,207855294.0,2.07,0.75,0.2,0.56
864,2019-07-24,26.72,27.09,27.46,26.64,78702,214463996.0,3.06,1.04,0.28,0.57
865,2019-07-25,26.88,27.6,27.6,26.82,67740,186129628.0,2.88,1.88,0.51,0.49
866,2019-07-26,27.48,27.4,27.75,27.3,57698,159293961.0,1.63,-0.72,-0.2,0.42
867,2019-07-29,27.43,26.76,27.6,26.65,93465,252514529.0,3.47,-2.34,-0.64,0.68
868,2019-07-30,26.7,27.56,28.29,26.65,154927,428841072.0,6.13,2.99,0.8,1.12
869,2019-07-31,27.79,27.33,27.79,27.26,63466,174698340.0,1.92,-0.83,-0.23,0.46
870,2019-08-01,27.23,27.1,27.48,26.83,66870,181673379.0,2.38,-0.84,-0.23,0.48
871,2019-08-02,26.66,27.18,27.48,26.34,91273,247136738.0,4.21,0.3,0.08,0.66
872,2019-08-05,26.96,26.2,27.1,26.2,102993,274505024.0,3.31,-3.61,-0.98,0.74
873,2019-08-06,25.78,25.54,25.79,24.78,122042,310686816.0,3.85,-2.52,-0.66,0.88
874,2019-08-07,25.71,25.92,26.18,25.5,82445,214306098.0,2.66,1.49,0.38,0.6
875,2019-08-08,26.06,27.22,27.25,25.93,127697,343940416.0,5.09,5.02,1.3,0.92
876,2019-08-09,27.28,27.08,27.6,26.85,98403,267792041.0,2.76,-0.51,-0.14,0.71
877,2019-08-12,27.38,27.09,27.43,26.74,72535,196139575.0,2.55,0.04,0.01,0.52
878,2019-08-13,26.7,26.96,27.27,26.56,71855,193936657.0,2.62,-0.48,-0.13,0.52
879,2019-08-14,27.25,27.07,27.39,26.65,110085,299000736.0,2.74,0.41,0.11,0.8
880,2019-08-15,26.58,27.35,27.37,26.52,96293,260686668.0,3.14,1.03,0.28,0.7
881,2019-08-16,27.45,27.9,28.4,27.2,146804,412364544.0,4.39,2.01,0.55,1.06
882,2019-08-19,28.3,28.8,29.04,28.05,188579,542644096.0,3.55,3.23,0.9,1.36
883,2019-08-20,29.04,28.27,29.04,28.01,133179,379204912.0,3.58,-1.84,-0.53,0.96
884,2019-08-21,28.11,27.69,28.26,27.59,108824,303714816.0,2.37,-2.05,-0.58,0.79
885,2019-08-22,27.28,27.7,27.77,26.9,125958,346059744.0,3.14,0.04,0.01,0.91
886,2019-08-23,27.73,28.19,28.4,27.49,131099,368698704.0,3.29,1.77,0.49,0.95
887,2019-08-26,27.71,27.8,28.17,27.62,92355,257800213.0,1.95,-1.38,-0.39,0.67
888,2019-08-27,27.98,27.95,28.68,27.95,143600,408071104.0,2.63,0.54,0.15,1.04
889,2019-08-28,27.81,27.67,28.37,27.49,116977,325597792.0,3.15,-1.0,-0.28,0.85
890,2019-08-29,27.51,27.35,27.67,27.18,82238,225953295.0,1.77,-1.16,-0.32,0.59
891,2019-08-30,27.42,27.08,27.69,27.08,107567,295367648.0,2.23,-0.99,-0.27,0.78
892,2019-09-02,27.23,27.6,27.79,27.0,145350,402027776.0,2.92,1.92,0.52,1.05
893,2019-09-03,27.7,27.44,27.73,27.22,96657,266196128.0,1.85,-0.58,-0.16,0.7
894,2019-09-04,27.25,27.22,27.56,27.09,107089,292968704.0,1.71,-0.8,-0.22,0.77
895,2019-09-05,27.2,27.26,27.63,27.11,158422,434532784.0,1.91,0.15,0.04,1.14
896,2019-09-06,27.38,27.32,27.38,26.91,101166,275813168.0,1.72,0.22,0.06,0.73
897,2019-09-09,27.78,28.51,28.63,27.21,288522,810673920.0,5.2,4.36,1.19,2.08
898,2019-09-10,28.52,28.51,29.05,28.26,205514,591188512.0,2.77,0.0,0.0,1.48
899,2019-09-11,28.6,27.88,28.82,27.61,185123,521868400.0,4.24,-2.21,-0.63,1.34
900,2019-09-12,27.9,27.85,27.98,27.38,111744,310081392.0,2.15,-0.11,-0.03,0.81
901,2019-09-16,27.8,27.7,27.9,27.6,91569,254816337.0,1.08,-0.54,-0.15,0.66
902,2019-09-17,27.65,27.2,27.77,26.92,113124,309998320.0,3.07,-1.81,-0.5,0.82
903,2019-09-18,27.19,27.24,27.56,27.02,72189,197934520.0,1.99,0.15,0.04,0.52
904,2019-09-19,27.32,27.34,27.42,27.07,93854,256611404.0,1.28,0.37,0.1,0.68
905,2019-09-20,27.25,28.16,28.55,27.21,218828,618771520.0,4.9,3.0,0.82,1.58
906,2019-09-23,28.13,27.3,28.34,27.19,153314,425621568.0,4.08,-3.05,-0.86,1.11
907,2019-09-24,27.59,27.64,28.08,27.41,155265,433592048.0,2.45,1.25,0.34,1.12
908,2019-09-25,27.42,27.34,27.76,27.21,82583,227432642.0,1.99,-1.09,-0.3,0.6
909,2019-09-26,27.3,27.5,27.75,27.03,155725,429094912.0,2.63,0.59,0.16,1.13
910,2019-09-27,27.3,27.43,27.7,27.3,73242,202072834.0,1.45,-0.25,-0.07,0.53
911,2019-09-30,27.42,26.89,27.55,26.89,107155,291906144.0,2.41,-1.97,-0.54,0.77
912,2019-10-08,26.97,26.1,27.19,25.28,291854,764290912.0,7.1,-2.94,-0.79,2.11
913,2019-10-09,26.1,26.09,26.38,25.81,92251,241162111.0,2.18,-0.04,-0.01,0.67
914,2019-10-10,26.15,27.6,27.66,26.11,278115,758055376.0,5.94,5.79,1.51,2.01
915,2019-10-11,27.98,28.4,28.81,27.56,309696,878999360.0,4.53,2.9,0.8,2.23
916,2019-10-14,28.8,29.4,29.98,28.55,295998,875412128.0,5.04,3.52,1.0,2.04
917,2019-10-15,29.69,29.39,29.85,29.2,181649,537434640.0,2.21,-0.03,-0.01,1.25
918,2019-10-16,29.68,29.69,30.09,29.46,139137,415117232.0,2.14,1.02,0.3,0.96
919,2019-10-17,29.68,29.54,29.94,29.29,126302,374956304.0,2.19,-0.51,-0.15,0.87
920,2019-10-18,29.73,30.61,31.23,29.66,332610,1023477440.0,5.31,3.62,1.07,2.29
921,2019-10-21,30.7,29.65,31.69,29.31,285466,862984928.0,7.78,-3.14,-0.96,1.96
922,2019-10-22,29.93,30.41,30.53,29.44,161684,488856784.0,3.68,2.56,0.76,1.11
923,2019-10-23,30.42,29.75,30.59,29.66,110393,331409504.0,3.06,-2.17,-0.66,0.76
924,2019-10-24,29.79,29.03,29.85,28.77,152627,445891152.0,3.63,-2.42,-0.72,1.05
925,2019-10-25,29.32,29.65,29.88,29.03,131240,389250896.0,2.93,2.14,0.62,0.9
926,2019-10-28,29.5,29.32,30.34,29.15,142665,423431216.0,4.01,-1.11,-0.33,0.98
927,2019-10-29,29.35,29.29,29.75,29.14,100953,297792256.0,2.08,-0.1,-0.03,0.69
928,2019-10-30,29.29,29.32,29.55,29.1,91018,268117224.0,1.54,0.1,0.03,0.63
929,2019-10-31,29.34,30.07,30.54,29.23,226381,683507680.0,4.47,2.56,0.75,1.56
930,2019-11-01,30.13,30.01,30.45,29.62,202886,610261280.0,2.76,-0.2,-0.06,1.39
931,2019-11-04,30.16,29.75,30.39,29.63,219344,658422752.0,2.53,-0.87,-0.26,1.51
932,2019-11-05,29.87,29.78,30.03,29.43,138957,414220768.0,2.02,0.1,0.03,0.96
933,2019-11-06,29.9,31.53,31.65,29.7,378750,1179729184.0,6.55,5.88,1.75,2.6
934,2019-11-07,30.95,30.86,31.52,30.75,226222,703368960.0,2.44,-2.12,-0.67,1.56
935,2019-11-08,31.21,32.05,32.45,31.01,304246,970227072.0,4.67,3.86,1.19,2.09
936,2019-11-11,32.05,32.04,32.86,31.72,223540,723179376.0,3.56,-0.03,-0.01,1.54
937,2019-11-12,32.16,31.05,32.37,30.96,196602,617312144.0,4.4,-3.09,-0.99,1.35
938,2019-11-13,31.25,30.7,31.27,30.34,201110,619522912.0,3.0,-1.13,-0.35,1.38
939,2019-11-14,30.83,30.69,31.23,30.62,131625,407292128.0,1.99,-0.03,-0.01,0.9
940,2019-11-15,30.77,30.93,31.47,30.51,142149,442595056.0,3.13,0.78,0.24,0.98
941,2019-11-18,31.0,31.8,31.99,30.7,167884,530567088.0,4.17,2.81,0.87,1.15
942,2019-11-19,31.76,32.15,32.45,31.61,189363,608150592.0,2.64,1.1,0.35,1.3
943,2019-11-20,32.46,32.24,33.05,32.1,219331,716132096.0,2.95,0.28,0.09,1.51
944,2019-11-21,32.09,32.73,32.93,31.9,164616,536499824.0,3.19,1.52,0.49,1.13
945,2019-11-22,33.1,31.2,33.18,30.86,309342,984301840.0,7.09,-4.67,-1.53,2.13
946,2019-11-25,31.26,30.77,31.4,30.42,136417,422401840.0,3.14,-1.38,-0.43,0.94
947,2019-11-26,31.39,31.3,31.39,30.5,142445,442422256.0,2.89,1.72,0.53,0.98
948,2019-11-27,31.03,31.12,31.48,30.63,97155,302892688.0,2.72,-0.58,-0.18,0.67
949,2019-11-28,31.15,30.63,31.29,30.61,97736,302079200.0,2.19,-1.57,-0.49,0.67
950,2019-11-29,30.68,30.1,30.7,29.8,152991,461588640.0,2.94,-1.73,-0.53,1.05
951,2019-12-02,30.3,29.81,30.3,29.7,92429,276966448.0,1.99,-0.96,-0.29,0.64
952,2019-12-03,29.85,30.03,30.24,29.54,120180,360495936.0,2.35,0.74,0.22,0.83
953,2019-12-04,30.0,29.98,30.21,29.79,69480,209132834.0,1.4,-0.17,-0.05,0.48
954,2019-12-05,30.0,31.5,31.73,30.0,174813,548337520.0,5.77,5.07,1.52,1.2
955,2019-12-06,31.5,31.11,31.75,30.87,119407,373150656.0,2.79,-1.24,-0.39,0.82
956,2019-12-09,31.07,30.24,31.07,29.71,143433,435013328.0,4.37,-2.8,-0.87,0.99
957,2019-12-10,30.01,30.29,30.75,29.91,107543,326170512.0,2.78,0.17,0.05,0.74
958,2019-12-11,30.25,30.96,31.52,29.92,174632,538066912.0,5.28,2.21,0.67,1.2
959,2019-12-12,30.91,30.73,31.07,30.59,85606,264296754.0,1.55,-0.74,-0.23,0.59
960,2019-12-13,30.95,31.21,31.39,30.62,140127,435702160.0,2.51,1.56,0.48,0.96
961,2019-12-16,31.26,31.1,31.26,30.38,160699,495338304.0,2.82,-0.35,-0.11,1.1
962,2019-12-17,30.99,31.36,31.59,30.65,168762,528274944.0,3.02,0.84,0.26,1.16
963,2019-12-18,31.37,31.2,31.62,31.06,142335,446883552.0,1.79,-0.51,-0.16,0.98
964,2019-12-19,31.16,31.15,31.55,30.91,93044,291408048.0,2.05,-0.16,-0.05,0.64
965,2019-12-20,31.02,30.6,31.35,30.45,115729,357070528.0,2.89,-1.77,-0.55,0.8
966,2019-12-23,30.41,30.18,30.89,30.15,109601,335290240.0,2.42,-1.37,-0.42,0.75
967,2019-12-24,30.34,30.39,30.55,30.12,74647,226769737.0,1.42,0.7,0.21,0.51
968,2019-12-25,30.33,30.85,30.89,30.21,91270,279430736.0,2.24,1.51,0.46,0.63
969,2019-12-26,30.95,32.61,32.62,30.95,353944,1139456064.0,5.41,5.71,1.76,2.43
970,2019-12-27,32.69,31.65,32.98,31.62,240894,780150816.0,4.17,-2.94,-0.96,1.66
971,2019-12-30,31.91,31.61,32.06,31.49,128522,409354640.0,1.8,-0.13,-0.04,0.88
972,2019-12-31,31.79,32.34,32.78,31.62,185389,600023920.0,3.67,2.31,0.73,1.27
973,2020-01-02,33.4,30.51,33.47,30.4,817840,2597024240.0,9.49,-5.66,-1.83,5.62
974,2020-01-03,30.4,30.26,30.86,29.63,306746,932923888.0,4.03,-0.82,-0.25,2.11
975,2020-01-06,29.93,29.41,30.36,29.2,415166,1235332352.0,3.83,-2.81,-0.85,2.85
976,2020-01-07,29.24,30.0,30.05,29.04,222892,661167568.0,3.43,2.01,0.59,1.53
977,2020-01-08,29.62,28.71,29.98,28.63,306117,897490048.0,4.5,-4.3,-1.29,2.1
978,2020-01-09,29.01,29.1,29.38,28.72,278321,810198512.0,2.3,1.36,0.39,1.91
979,2020-01-10,29.11,29.6,29.77,28.28,397201,1155596352.0,5.12,1.72,0.5,2.73
980,2020-01-13,29.9,30.08,30.28,29.55,277334,832292880.0,2.47,1.62,0.48,1.91
981,2020-01-14,30.08,29.52,30.08,29.4,208581,619411024.0,2.26,-1.86,-0.56,1.43
982,2020-01-15,29.43,29.61,30.08,29.39,155594,462777200.0,2.34,0.3,0.09,1.07
983,2020-01-16,29.4,28.96,29.68,28.78,194343,567053920.0,3.04,-2.2,-0.65,1.34
984,2020-01-17,29.1,29.59,29.79,29.06,212639,627825776.0,2.52,2.18,0.63,1.46
985,2020-01-20,30.17,30.03,30.63,29.61,322498,972730592.0,3.45,1.49,0.44,2.22
986,2020-01-21,30.58,30.5,30.86,30.12,358889,1098479264.0,2.46,1.57,0.47,2.47
987,2020-01-22,30.58,29.49,30.69,29.46,259021,772646240.0,4.03,-3.31,-1.01,1.78
988,2020-01-23,29.05,28.12,29.35,27.18,351829,1003385120.0,7.36,-4.65,-1.37,2.42
989,2020-02-03,25.41,25.55,27.16,25.3,479630,1255047664.0,6.61,-9.14,-2.57,3.3
990,2020-02-04,25.55,27.75,27.87,25.55,397879,1079418480.0,9.08,8.61,2.2,2.74
991,2020-02-05,28.08,28.13,28.29,27.18,316304,879209056.0,4.0,1.37,0.38,2.17
992,2020-02-06,28.24,28.68,29.28,27.72,332515,958266048.0,5.55,1.96,0.55,2.29
993,2020-02-07,28.4,28.11,29.01,27.61,268968,760509216.0,4.88,-1.99,-0.57,1.85
994,2020-02-10,29.0,28.52,29.09,28.32,294308,848947904.0,2.74,1.46,0.41,2.02
995,2020-02-11,28.41,28.28,28.53,27.8,172620,487344640.0,2.56,-0.84,-0.24,1.19
996,2020-02-12,28.5,28.82,29.35,28.44,245717,711556208.0,3.22,1.91,0.54,1.69
997,2020-02-13,28.67,28.08,29.1,27.9,197078,559171200.0,4.16,-2.57,-0.74,1.35
998,2020-02-14,28.31,29.25,29.35,28.15,358945,1035943680.0,4.27,4.17,1.17,2.47
999,2020-02-17,29.36,30.38,30.76,29.36,431919,1312688832.0,4.79,3.86,1.13,2.97
1000,2020-02-18,30.35,29.7,30.35,29.58,266721,797463664.0,2.53,-2.24,-0.68,1.83
1001,2020-02-19,29.6,29.23,29.9,29.05,184081,542842208.0,2.86,-1.58,-0.47,1.27
1002,2020-02-20,29.09,29.45,29.55,29.01,176192,518011552.0,1.85,0.75,0.22,1.21
1003,2020-02-21,29.28,29.51,29.77,29.11,174100,515224736.0,2.24,0.2,0.06,1.2
1004,2020-02-24,29.77,30.52,30.87,29.52,335005,1022307696.0,4.57,3.42,1.01,2.3
1005,2020-02-25,30.2,30.53,31.06,29.52,300709,917553280.0,5.05,0.03,0.01,2.07
1006,2020-02-26,30.19,29.5,30.38,29.45,216705,648664464.0,3.05,-3.37,-1.03,1.49
1007,2020-02-27,29.78,29.57,30.38,29.22,133811,398459792.0,3.93,0.24,0.07,0.92
1008,2020-02-28,28.9,28.5,29.4,28.33,214978,622062432.0,3.62,-3.62,-1.07,1.48
1009,2020-03-02,28.9,29.36,29.57,28.51,205622,597678528.0,3.72,3.02,0.86,1.41
1010,2020-03-03,29.7,29.18,30.3,28.85,261697,779402096.0,4.94,-0.61,-0.18,1.8
1011,2020-03-04,29.2,29.08,29.32,28.72,113029,328594096.0,2.06,-0.34,-0.1,0.78
1012,2020-03-05,29.35,29.8,30.05,28.87,244008,722396384.0,4.06,2.48,0.72,1.68
1013,2020-03-06,29.7,29.8,30.22,29.45,145353,434695184.0,2.58,0.0,0.0,1.0
1014,2020-03-09,29.56,30.06,30.87,29.41,385769,1174287360.0,4.9,0.87,0.26,2.65
1015,2020-03-10,29.83,31.28,31.38,29.55,410148,1263081008.0,6.09,4.06,1.22,2.82
1016,2020-03-11,31.87,31.6,32.75,31.41,357143,1147916176.0,4.28,1.02,0.32,2.46
1017,2020-03-12,31.36,30.9,32.06,30.48,224165,700799024.0,5.0,-2.22,-0.7,1.54
1018,2020-03-13,29.5,29.98,30.48,29.3,303056,904067312.0,3.82,-2.98,-0.92,2.08
1019,2020-03-16,29.9,30.05,31.35,29.6,319188,975311472.0,5.84,0.23,0.07,2.19
1020,2020-03-17,30.12,30.48,30.93,28.7,295629,881830720.0,7.42,1.43,0.43,2.03
1021,2020-03-18,30.82,30.39,31.67,30.39,260136,809880736.0,4.2,-0.3,-0.09,1.79
1022,2020-03-19,30.35,29.9,30.68,29.09,243348,727382928.0,5.23,-1.61,-0.49,1.67
1023,2020-03-20,30.09,30.19,30.38,29.72,135246,407594768.0,2.21,0.97,0.29,0.93
1024,2020-03-23,29.15,29.04,29.88,29.02,167869,495448368.0,2.85,-3.81,-1.15,1.15
1025,2020-03-24,29.41,29.45,29.73,28.85,167972,493727536.0,3.03,1.41,0.41,1.15
1026,2020-03-25,29.9,29.81,30.06,29.41,167444,499874368.0,2.21,1.22,0.36,1.15
1027,2020-03-26,29.79,30.18,30.53,29.7,209490,634256112.0,2.78,1.24,0.37,1.44
1028,2020-03-27,30.29,31.03,31.89,30.2,344160,1074989600.0,5.6,2.82,0.85,2.37
1029,2020-03-30,31.03,29.55,31.38,29.49,231882,702073488.0,6.09,-4.77,-1.48,1.59
1030,2020-03-31,30.2,31.56,32.17,29.45,424960,1320884448.0,9.2,6.8,2.01,2.92
1031,2020-04-01,31.9,30.99,31.95,30.5,282977,886271584.0,4.59,-1.81,-0.57,1.95
1032,2020-04-02,30.99,30.96,31.08,30.2,162514,500348304.0,2.84,-0.1,-0.03,1.12
1033,2020-04-03,30.73,31.88,32.32,30.63,317441,1011641840.0,5.46,2.97,0.92,2.18
1034,2020-04-07,31.9,32.09,32.68,31.7,271571,876886736.0,3.07,0.66,0.21,1.87
1035,2020-04-08,31.9,31.42,31.9,31.29,163639,517939520.0,1.9,-2.09,-0.67,1.13
1036,2020-04-09,31.7,32.26,32.65,31.4,264847,855919200.0,3.98,2.67,0.84,1.82
1037,2020-04-10,32.4,32.08,33.6,32.05,356541,1178011824.0,4.8,-0.56,-0.18,2.45
1038,2020-04-13,31.96,31.76,32.4,31.16,199620,635491056.0,3.87,-1.0,-0.32,1.37
1039,2020-04-14,31.91,34.66,34.9,31.71,514379,1741293904.0,10.04,9.13,2.9,3.54
1040,2020-04-15,34.9,34.8,35.32,34.19,347843,1212255584.0,3.26,0.4,0.14,2.39
1041,2020-04-16,34.9,35.9,36.49,34.7,432325,1549167424.0,5.14,3.16,1.1,2.97
1042,2020-04-17,36.0,36.45,37.62,35.7,476390,1751490256.0,5.35,1.53,0.55,3.28
1043,2020-04-20,37.08,37.45,38.05,36.99,398612,1498643600.0,2.91,2.74,1.0,2.74
1044,2020-04-21,37.75,37.6,37.9,36.9,290344,1087901664.0,2.67,0.4,0.15,2.0
1045,2020-04-22,37.2,37.86,38.18,36.7,236321,890188144.0,3.94,0.69,0.26,1.62
1046,2020-04-23,38.05,39.7,40.0,38.02,518535,2047623616.0,5.23,4.86,1.84,3.57
1047,2020-04-24,39.9,38.86,40.96,38.05,533017,2096699808.0,7.33,-2.12,-0.84,3.66
1048,2020-04-27,39.4,41.67,41.78,38.9,527964,2156885584.0,7.41,7.23,2.81,3.63
1049,2020-04-28,41.5,41.87,42.19,40.3,378568,1571817072.0,4.54,0.48,0.2,2.6
1050,2020-04-29,42.05,41.72,42.3,40.68,280049,1164080224.0,3.87,-0.36,-0.15,1.93
1051,2020-04-30,41.72,40.37,41.72,39.28,410280,1650776432.0,5.85,-3.24,-1.35,2.82
1052,2020-05-06,39.95,41.63,41.89,39.71,287457,1189023520.0,5.4,3.12,1.26,1.98
1053,2020-05-07,42.19,41.95,42.32,41.2,278124,1166314256.0,2.69,0.77,0.32,1.91
1054,2020-05-08,41.7,42.49,42.95,41.61,233985,992987600.0,3.19,1.29,0.54,1.61
1055,2020-05-11,42.4,42.49,42.95,41.7,185751,787645808.0,2.94,0.0,0.0,1.28
1056,2020-05-12,42.52,42.3,42.78,41.82,149671,634640352.0,2.26,-0.45,-0.19,1.03
1057,2020-05-13,43.32,42.19,43.75,41.72,266300,1133266416.0,4.8,-0.26,-0.11,1.83
1058,2020-05-14,41.94,42.48,43.03,41.43,202751,859355776.0,3.79,0.69,0.29,1.39
1059,2020-05-15,42.62,42.55,43.0,41.75,257392,1096269280.0,2.94,0.16,0.07,1.77
1060,2020-05-18,42.55,43.39,44.23,42.18,333980,1450187760.0,4.82,1.97,0.84,2.3
1061,2020-05-19,44.92,43.43,45.4,43.18,282338,1242766992.0,5.12,0.09,0.04,1.94
1062,2020-05-20,43.07,41.9,43.08,41.51,375516,1581703920.0,3.62,-3.52,-1.53,2.58
1063,2020-05-21,41.89,42.79,43.58,41.73,328345,1408468032.0,4.42,2.12,0.89,2.26
1064,2020-05-22,42.9,41.15,43.06,40.56,274529,1145393312.0,5.84,-3.83,-1.64,1.89
1065,2020-05-25,41.15,42.4,43.1,40.63,279712,1186454016.0,6.0,3.04,1.25,1.92
1066,2020-05-26,42.79,43.49,43.83,42.22,265694,1153292368.0,3.8,2.57,1.09,1.83
1067,2020-05-27,43.78,42.37,43.78,42.28,158392,678195376.0,3.45,-2.58,-1.12,1.09
1068,2020-05-28,42.3,41.56,42.49,40.76,213944,889806352.0,4.08,-1.91,-0.81,1.47
1069,2020-05-29,41.67,41.8,42.26,41.0,177365,742215296.0,3.03,0.58,0.24,1.22
1070,2020-06-01,42.3,43.11,43.21,41.5,244843,1048054000.0,4.09,3.13,1.31,1.68
1071,2020-06-02,43.09,42.05,43.7,41.7,218465,925854832.0,4.64,-2.46,-1.06,1.5
1072,2020-06-03,42.31,44.17,45.2,42.3,540347,2373598464.0,6.9,5.04,2.12,3.72
1073,2020-06-04,44.4,45.51,45.75,43.9,358464,1620528080.0,4.19,3.03,1.34,2.46
1074,2020-06-05,45.68,46.08,46.18,45.05,234402,1071783632.0,2.48,1.25,0.57,1.61
1075,2020-06-08,46.6,46.59,47.5,45.9,299109,1396142432.0,3.47,1.11,0.51,2.06
1076,2020-06-09,46.31,47.28,47.52,45.54,233258,1093589248.0,4.25,1.48,0.69,1.6
1077,2020-06-10,47.89,48.26,48.3,47.06,251740,1209030304.0,2.62,2.07,0.98,1.73
1078,2020-06-11,48.3,48.89,49.06,48.08,252366,1231283584.0,2.03,1.31,0.63,1.74
1079,2020-06-12,47.89,51.4,53.38,47.73,612710,3102882864.0,11.56,5.13,2.51,4.21
1080,2020-06-15,51.9,51.5,52.6,50.9,305011,1579790000.0,3.31,0.19,0.1,2.1
1081,2020-06-16,52.3,52.65,53.75,51.41,407942,2152951600.0,4.54,2.23,1.15,2.8
1082,2020-06-17,52.65,53.85,54.21,52.4,336244,1801739312.0,3.44,2.28,1.2,2.31
1083,2020-06-18,54.2,51.08,54.2,49.78,554929,2849168912.0,8.21,-5.14,-2.77,3.82
1084,2020-06-19,51.05,54.22,54.62,50.71,379631,2015345104.0,7.65,6.15,3.14,2.61
1085,2020-06-22,54.41,54.42,55.2,53.21,312095,1692257120.0,3.67,0.37,0.2,2.15
1086,2020-06-23,54.42,55.3,56.09,54.01,291413,1608188144.0,3.82,1.62,0.88,2.0
1087,2020-06-24,54.9,53.57,55.38,52.51,400784,2139747200.0,5.19,-3.13,-1.73,2.76
1088,2020-06-29,54.39,52.65,55.64,52.19,527604,2839009008.0,6.44,-1.72,-0.92,3.63
1089,2020-06-30,52.8,52.26,53.29,51.26,377489,1984195456.0,3.86,-0.74,-0.39,2.55
1090,2020-07-01,52.3,51.68,52.42,50.41,367334,1885329696.0,3.85,-1.11,-0.58,2.48
1091,2020-07-02,51.9,52.79,53.88,51.24,496428,2625772144.0,5.11,2.15,1.11,3.36
1092,2020-07-03,53.38,52.87,54.08,51.79,475944,2531410368.0,4.34,0.15,0.08,3.22
1093,2020-07-06,52.8,51.83,52.84,50.55,541190,2802908864.0,4.33,-1.97,-1.04,3.66
1094,2020-07-07,51.1,52.05,52.35,50.5,704626,3658637104.0,3.57,0.42,0.22,4.77
1095,2020-07-08,52.4,51.2,52.46,49.94,508932,2596560704.0,4.84,-1.63,-0.85,3.44
1096,2020-07-09,51.26,54.39,54.87,51.22,709989,3819848704.0,7.13,6.23,3.19,4.8
1097,2020-07-10,54.83,57.89,58.08,53.91,701432,3985894880.0,7.67,6.44,3.5,4.74
1098,2020-07-13,58.7,62.58,63.69,57.9,751423,4578708992.0,10.0,8.1,4.69,5.08
1099,2020-07-14,61.9,63.28,64.96,60.7,653994,4122040960.0,6.81,1.12,0.7,4.42
1100,2020-07-15,63.41,63.2,68.08,63.2,672082,4444781056.0,7.71,-0.13,-0.08,4.55
1101,2020-07-16,62.11,56.91,65.37,56.87,714652,4315145728.0,13.45,-9.95,-6.29,4.83
1102,2020-07-17,57.42,58.62,60.0,56.88,402123,2350255136.0,5.48,3.0,1.71,2.72
1103,2020-07-20,59.8,60.3,61.51,57.67,354403,2112718480.0,6.55,2.87,1.68,2.4
1104,2020-07-21,59.9,64.55,65.49,59.45,538613,3418240960.0,10.02,7.05,4.25,3.64
1105,2020-07-22,63.9,64.02,66.82,63.03,534912,3481680000.0,5.87,-0.82,-0.53,3.62
1106,2020-07-23,62.92,69.88,69.9,62.78,762267,5129438976.0,11.12,9.15,5.86,5.16
1107,2020-07-24,67.7,65.7,71.4,65.51,773981,5267330816.0,8.43,-5.98,-4.18,5.24
1108,2020-07-27,66.9,67.98,71.13,66.7,654278,4518968576.0,6.74,3.47,2.28,4.43
1109,2020-07-28,69.6,66.95,69.9,64.06,653502,4349562368.0,8.59,-1.52,-1.03,4.42
1110,2020-07-29,65.9,71.88,72.39,65.47,659736,4617105664.0,10.34,7.36,4.93,4.46
1111,2020-07-30,71.94,73.41,77.4,70.9,693165,5147728384.0,9.04,2.13,1.53,4.69
1112,2020-07-31,73.27,80.76,80.76,72.4,635025,4928441600.0,11.39,10.01,7.35,4.3
1113,2020-08-03,85.89,87.12,88.78,83.0,803255,6920282880.0,7.16,7.88,6.36,5.43
1114,2020-08-04,85.0,83.35,89.54,80.79,751922,6402667520.0,10.04,-4.33,-3.77,5.09
1115,2020-08-05,81.71,91.7,91.7,80.8,528312,4583309056.0,13.08,10.02,8.35,3.57
1116,2020-08-06,94.45,82.7,95.8,82.52,1092717,9506380288.0,14.48,-9.81,-9.0,7.39
1117,2020-08-07,84.28,81.02,84.68,76.08,863721,6933913088.0,10.4,-2.03,-1.68,5.84
1118,2020-08-10,80.58,79.51,81.56,74.55,619206,4839452672.0,8.65,-1.86,-1.51,4.19
1119,2020-08-11,79.52,77.19,81.6,76.2,429587,3407214448.0,6.79,-2.92,-2.32,2.91
1120,2020-08-12,78.9,75.06,79.26,72.62,660413,4989138432.0,8.6,-2.76,-2.13,4.47
1121,2020-08-13,75.75,71.75,76.26,70.26,579471,4214720336.0,7.99,-4.41,-3.31,3.92
1122,2020-08-14,71.21,73.42,73.78,70.25,411311,2979494624.0,4.92,2.33,1.67,2.78
1123,2020-08-17,74.23,74.35,75.12,69.79,540684,3924952880.0,7.26,1.27,0.93,3.66
1124,2020-08-18,75.2,74.89,78.33,73.95,489854,3735068592.0,5.89,0.73,0.54,3.31
1125,2020-08-19,74.89,67.39,74.89,67.39,599588,4150973968.0,10.01,-10.01,-7.5,4.06
1126,2020-08-20,64.51,64.6,66.46,63.7,591513,3845809232.0,4.1,-4.14,-2.79,4.0
1127,2020-08-21,66.2,64.83,66.4,64.38,349883,2292036240.0,3.13,0.36,0.23,2.37
1128,2020-08-24,65.12,62.9,65.48,58.9,637160,3960204808.0,10.15,-2.98,-1.93,4.31
1129,2020-08-25,62.91,62.8,64.38,62.13,310693,1971142166.0,3.58,-0.16,-0.1,2.1
1130,2020-08-26,62.7,59.57,63.88,59.51,438052,2694278493.0,6.96,-5.14,-3.23,2.96
1131,2020-08-27,60.0,60.95,63.3,59.33,442156,2710755928.0,6.66,2.32,1.38,2.99
1132,2020-08-28,60.9,64.61,66.14,60.52,578611,3675467986.0,9.22,6.0,3.66,3.91
1133,2020-08-31,64.1,63.4,66.1,62.76,418475,2682455972.0,5.17,-1.87,-1.21,2.83
1134,2020-09-01,62.89,61.85,64.05,60.84,332498,2061849495.0,5.06,-2.44,-1.55,2.25
1135,2020-09-02,61.85,60.7,62.53,60.4,254786,1562593360.0,3.44,-1.86,-1.15,1.72
1136,2020-09-03,60.91,60.51,63.3,60.2,372751,2297640936.0,5.11,-0.31,-0.19,2.52
1137,2020-09-04,58.7,62.33,62.83,57.9,471736,2853761185.0,8.15,3.01,1.82,3.19
1138,2020-09-07,61.7,59.05,62.45,59.02,343723,2092035026.0,5.5,-5.26,-3.28,2.33
1139,2020-09-08,58.9,59.39,60.34,58.01,283675,1685670333.0,3.95,0.58,0.34,1.92
1140,2020-09-09,58.12,54.33,58.4,52.92,669361,3684695692.0,9.23,-8.52,-5.06,4.53
1141,2020-09-10,55.7,54.58,56.68,54.4,387032,2163919884.0,4.2,0.46,0.25,2.62
1142,2020-09-11,54.71,55.1,56.38,54.61,283556,1573546720.0,3.24,0.95,0.52,1.92
1143,2020-09-14,56.2,53.36,57.66,52.1,540474,2953842816.0,10.09,-3.16,-1.74,3.66
1144,2020-09-15,53.6,55.44,55.8,52.5,396703,2163477156.0,6.18,3.9,2.08,2.68
1145,2020-09-16,55.6,53.97,56.39,53.02,328165,1783392046.0,6.08,-2.65,-1.47,2.22
1146,2020-09-17,54.1,52.93,54.39,51.78,374619,1978894538.0,4.84,-1.93,-1.04,2.53
1147,2020-09-18,52.9,53.5,54.26,51.91,376935,2005410304.0,4.44,1.08,0.57,2.55
1148,2020-09-21,53.5,53.85,56.05,52.91,467281,2541246689.0,5.87,0.65,0.35,3.16
1149,2020-09-22,54.03,52.96,55.99,52.7,627660,3412782240.0,6.11,-1.65,-0.89,4.25
1150,2020-09-23,52.72,55.96,57.4,50.9,920728,5078211488.0,12.27,5.66,3.0,6.23
1151,2020-09-24,54.9,54.99,56.54,54.41,524338,2905738890.0,3.81,-1.73,-0.97,3.55
1152,2020-09-25,55.0,54.75,57.15,54.25,492285,2747145893.0,5.27,-0.44,-0.24,3.33
1153,2020-09-28,54.92,50.78,55.2,50.4,610618,3197551856.0,8.77,-7.25,-3.97,4.13
1154,2020-09-29,50.76,50.78,51.58,48.02,586711,2941633312.0,7.01,0.0,0.0,3.95
1155,2020-09-30,51.18,50.8,52.07,50.12,322425,1653003280.0,3.84,0.04,0.02,2.17
1156,2020-10-09,52.01,52.36,53.17,50.97,440526,2293243312.0,4.33,3.07,1.56,2.97
1157,2020-10-12,53.01,56.73,57.5,52.62,736952,4088686038.0,9.32,8.35,4.37,4.96
1158,2020-10-13,56.67,57.93,59.25,55.9,699246,4044793181.0,5.91,2.12,1.2,4.71
1159,2020-10-14,57.5,58.53,60.62,57.33,668308,3945174840.0,5.68,1.04,0.6,4.5
1160,2020-10-15,58.8,57.31,58.9,56.72,371791,2138361328.0,3.72,-2.08,-1.22,2.5
1161,2020-10-16,56.79,57.82,58.79,56.77,309959,1789442048.0,3.52,0.89,0.51,2.09
1162,2020-10-19,57.92,56.52,58.4,56.42,275265,1577556000.0,3.42,-2.25,-1.3,1.85
1163,2020-10-20,56.42,57.2,57.46,55.42,265914,1503016240.0,3.61,1.2,0.68,1.79
1164,2020-10-21,59.25,57.07,59.68,56.72,531798,3085989376.0,5.17,-0.23,-0.13,3.58
1165,2020-10-22,56.51,53.01,56.51,52.98,559382,3046222656.0,6.19,-7.11,-4.06,3.77
1166,2020-10-23,53.42,48.74,53.79,48.09,692618,3511651552.0,10.75,-8.06,-4.27,4.67
1167,2020-10-26,48.23,48.76,49.77,48.18,304018,1489828000.0,3.26,0.04,0.02,2.05
1168,2020-10-27,48.42,48.98,49.69,48.33,305371,1497707616.0,2.79,0.45,0.22,2.06
1169,2020-10-28,49.08,48.5,49.59,46.92,380985,1835730688.0,5.45,-0.98,-0.48,2.57
1170,2020-10-29,47.92,50.41,51.25,47.82,548923,2739004912.0,7.07,3.94,1.91,3.7
1171,2020-10-30,50.22,49.7,50.68,49.3,294676,1470822272.0,2.74,-1.41,-0.71,1.99
1172,2020-11-02,49.7,48.8,50.06,48.0,333094,1624636240.0,4.14,-1.81,-0.9,2.24
1173,2020-11-03,48.92,49.52,50.29,48.3,254202,1255896288.0,4.08,1.48,0.72,1.71
1174,2020-11-04,51.62,51.95,54.15,51.22,638293,3359105792.0,5.92,4.91,2.43,4.3
1175,2020-11-05,51.93,51.9,52.91,51.1,356603,1850747120.0,3.48,-0.1,-0.05,2.4
1176,2020-11-06,51.9,48.72,52.01,47.36,599776,2942244320.0,8.96,-6.13,-3.18,4.04
1177,2020-11-09,48.72,50.42,51.01,48.33,397133,1983841664.0,5.5,3.49,1.7,2.68
1178,2020-11-10,52.92,48.34,54.24,47.96,777157,3935971696.0,12.46,-4.13,-2.08,5.24
1179,2020-11-11,47.34,46.33,47.53,46.11,536062,2509889776.0,2.94,-4.16,-2.01,3.61
1180,2020-11-12,46.8,45.92,47.12,45.46,361360,1667905408.0,3.58,-0.88,-0.41,2.43
1181,2020-11-13,45.43,45.42,46.19,44.72,316372,1438705440.0,3.2,-1.09,-0.5,2.13
1182,2020-11-16,45.57,46.16,46.78,44.86,269287,1240194560.0,4.23,1.63,0.74,1.81
1183,2020-11-17,46.05,44.68,46.07,43.17,486873,2173306064.0,6.28,-3.21,-1.48,3.28
1184,2020-11-18,44.7,44.13,44.89,43.86,254533,1131540656.0,2.31,-1.23,-0.55,1.71
1185,2020-11-19,44.04,44.1,44.97,43.92,259138,1148728080.0,2.38,-0.07,-0.03,1.75
1186,2020-11-20,44.33,43.68,44.62,43.58,222917,981200880.0,2.36,-0.95,-0.42,1.5
1187,2020-11-23,44.42,44.34,44.98,43.15,311538,1377607024.0,4.19,1.51,0.66,2.1
1188,2020-11-24,44.29,43.58,44.29,43.35,211814,925680912.0,2.12,-1.71,-0.76,1.43
1189,2020-11-25,43.68,42.56,43.81,42.56,259136,1115800560.0,2.87,-2.34,-1.02,1.75
1190,2020-11-26,42.56,42.27,43.12,41.96,183989,781027440.0,2.73,-0.68,-0.29,1.24
1191,2020-11-27,42.34,42.11,42.82,41.5,216454,913512544.0,3.12,-0.38,-0.16,1.46
1192,2020-11-30,42.45,42.82,44.02,41.11,380662,1629005424.0,6.91,1.69,0.71,2.56
1193,2020-12-01,42.82,43.72,44.66,42.82,458412,2016322800.0,4.3,2.1,0.9,3.09
1194,2020-12-02,43.93,42.81,44.11,42.39,338510,1457732560.0,3.93,-2.08,-0.91,2.28
1195,2020-12-03,42.86,45.22,46.1,42.57,620943,2776640448.0,8.25,5.63,2.41,4.18
1196,2020-12-04,44.92,45.58,46.17,44.44,408351,1857643408.0,3.83,0.8,0.36,2.75
1197,2020-12-07,37.45,36.45,38.92,36.45,2680633,9952253952.0,5.42,-20.03,-9.13,18.06
1198,2020-12-08,35.92,36.59,37.58,35.53,1240448,4543779328.0,5.62,0.38,0.14,8.36
1199,2020-12-09,36.42,34.74,37.19,34.62,1169993,4163663696.0,7.02,-5.06,-1.85,7.88
1200,2020-12-10,34.73,33.95,35.21,33.82,779998,2692151760.0,4.0,-2.27,-0.79,5.25
1201,2020-12-11,34.12,34.79,36.09,34.1,1008640,3537452816.0,5.86,2.47,0.84,6.8
1202,2020-12-14,34.59,35.0,35.38,33.51,633233,2201625552.0,5.38,0.6,0.21,4.27
1203,2020-12-15,35.28,35.26,36.28,34.95,624824,2231581248.0,3.8,0.74,0.26,4.21
1204,2020-12-16,35.32,35.72,36.54,34.43,644178,2296110624.0,5.98,1.3,0.46,4.34
1205,2020-12-17,35.72,35.86,36.23,35.34,514923,1849509808.0,2.49,0.39,0.14,3.47
1206,2020-12-18,35.9,36.81,37.29,35.33,711483,2605002928.0,5.47,2.65,0.95,4.79
1207,2020-12-21,36.9,39.36,40.47,36.54,1068349,4117225568.0,10.68,6.93,2.55,7.2
1208,2020-12-22,39.9,39.85,40.67,39.13,852289,3406913104.0,3.91,1.24,0.49,5.74
1209,2020-12-23,39.62,38.93,39.62,38.42,508816,1982807296.0,3.01,-2.31,-0.92,3.43
1210,2020-12-24,39.41,38.15,39.42,37.81,476662,1830948800.0,4.14,-2.0,-0.78,3.21
1211,2020-12-25,38.02,37.05,38.47,36.8,473239,1780046608.0,4.38,-2.88,-1.1,3.19
1212,2020-12-28,38.04,38.55,40.6,37.93,884146,3480652688.0,7.21,4.05,1.5,5.96
1213,2020-12-29,39.18,38.28,39.6,38.16,434890,1687121856.0,3.74,-0.7,-0.27,2.93
1214,2020-12-30,37.92,38.21,38.92,37.58,367413,1410463360.0,3.5,-0.18,-0.07,2.48
1215,2020-12-31,38.12,38.48,39.75,37.92,547788,2124991920.0,4.79,0.71,0.27,3.69
1216,2021-01-04,38.48,38.22,38.86,37.72,526357,2012731648.0,2.96,-0.68,-0.26,3.55
1217,2021-01-05,37.9,37.95,38.11,36.55,603591,2267862256.0,4.08,-0.71,-0.27,4.07
1218,2021-01-06,37.93,38.58,39.41,37.82,588280,2267600816.0,4.19,1.66,0.63,3.97
1219,2021-01-07,39.14,37.97,39.54,37.62,476453,1833422320.0,4.98,-1.58,-0.61,3.21
1220,2021-01-08,37.97,38.73,39.1,37.84,452577,1740506336.0,3.32,2.0,0.76,3.05
1221,2021-01-11,38.77,36.91,38.88,36.82,492476,1855546480.0,5.32,-4.7,-1.82,3.32
1222,2021-01-12,36.63,36.7,37.09,36.31,323105,1186193616.0,2.11,-0.57,-0.21,2.18
1223,2021-01-13,36.7,35.2,36.87,35.14,500515,1794722768.0,4.71,-4.09,-1.5,3.38
1224,2021-01-14,35.2,35.68,36.2,34.63,331697,1181869936.0,4.46,1.36,0.48,2.24
1225,2021-01-15,35.53,34.96,35.97,34.45,327277,1150535360.0,4.26,-2.02,-0.72,2.21
1226,2021-01-18,34.72,35.25,35.44,34.47,289391,1016906864.0,2.77,0.83,0.29,1.95
1227,2021-01-19,35.32,35.17,36.55,34.94,363868,1298488432.0,4.57,-0.23,-0.08,2.45
1228,2021-01-20,35.17,36.72,36.72,34.92,505777,1827368128.0,5.12,4.41,1.55,3.41
1229,2021-01-21,36.92,37.27,37.7,36.28,481887,1785823776.0,3.87,1.5,0.55,3.25
1230,2021-01-22,37.3,38.74,39.12,37.09,716193,2768527520.0,5.45,3.94,1.47,4.83
1231,2021-01-25,39.42,38.04,39.72,37.99,601722,2331100352.0,4.47,-1.81,-0.7,4.06
1232,2021-01-26,38.27,39.94,41.41,37.52,827353,3304019920.0,10.23,4.99,1.9,5.58
1233,2021-01-27,40.2,41.12,41.6,38.63,756936,3064772960.0,7.44,2.95,1.18,5.1
1234,2021-01-28,41.92,41.72,43.9,40.84,990439,4188913888.0,7.44,1.46,0.6,6.68
1235,2021-01-29,41.1,39.52,42.1,39.1,666168,2702395104.0,7.19,-5.27,-2.2,4.49
1236,2021-02-01,39.41,43.11,43.8,39.01,811711,3411953408.0,12.12,9.08,3.59,5.47
1237,2021-02-02,42.53,43.47,45.37,42.35,816246,3596876912.0,7.01,0.84,0.36,5.5
1238,2021-02-03,43.02,43.87,45.06,42.67,645410,2847332592.0,5.5,0.92,0.4,4.35
1239,2021-02-04,43.46,42.85,44.51,41.63,593507,2559989120.0,6.56,-2.33,-1.02,4.0
1240,2021-02-05,42.8,44.18,45.25,42.48,682338,3038606000.0,6.46,3.1,1.33,4.6
1241,2021-02-08,44.42,47.6,48.02,43.98,805624,3736986832.0,9.14,7.74,3.42,5.43
1242,2021-02-09,47.79,48.54,49.07,46.72,691237,3328832592.0,4.94,1.97,0.94,4.66
1243,2021-02-10,48.6,54.58,56.26,48.27,1045769,5466786048.0,16.46,12.44,6.04,7.05
1244,2021-02-18,55.42,54.03,57.42,52.72,949381,5215614208.0,8.61,-1.01,-0.55,6.4
1245,2021-02-19,53.4,51.07,53.87,49.34,945726,4839053056.0,8.38,-5.48,-2.96,6.38
1246,2021-02-22,50.07,49.77,51.49,49.01,626421,3144859696.0,4.86,-2.55,-1.3,4.22
1247,2021-02-23,49.43,51.47,52.3,48.52,654248,3325852496.0,7.59,3.42,1.7,4.41
1248,2021-02-24,50.9,48.93,51.17,48.87,532879,2667862304.0,4.47,-4.93,-2.54,3.59
1249,2021-02-25,49.3,46.57,50.1,46.38,676252,3259954608.0,7.6,-4.82,-2.36,4.56
1250,2021-02-26,44.93,45.73,46.99,44.45,485818,2233308480.0,5.45,-1.8,-0.84,3.28
1251,2021-03-01,46.03,46.67,47.59,45.49,370498,1733252032.0,4.59,2.06,0.94,2.5
1252,2021-03-02,46.92,45.58,47.4,45.14,372342,1720271104.0,4.84,-2.34,-1.09,2.51
1253,2021-03-03,45.12,45.72,46.04,44.53,298735,1356983920.0,3.31,0.31,0.14,2.01
1254,2021-03-04,45.03,42.92,45.28,42.82,511503,2240727872.0,5.38,-6.12,-2.8,3.45
1255,2021-03-05,42.48,43.42,44.1,42.43,303754,1322930896.0,3.89,1.16,0.5,2.05
1256,2021-03-08,44.42,41.76,45.12,41.62,432730,1883579024.0,8.06,-3.82,-1.66,2.92
1257,2021-03-09,41.84,40.0,42.12,39.64,426499,1739513424.0,5.94,-4.21,-1.76,2.88
1258,2021-03-10,40.77,39.95,41.11,39.93,269738,1092005792.0,2.95,-0.13,-0.05,1.82
1259,2021-03-11,39.96,40.96,41.7,39.93,347857,1426231744.0,4.43,2.53,1.01,2.35
1260,2021-03-12,40.93,40.28,41.12,39.35,323802,1303665712.0,4.32,-1.66,-0.68,2.18
1261,2021-03-15,40.29,39.88,41.06,39.42,275763,1109020048.0,4.07,-0.99,-0.4,1.86
1262,2021-03-16,39.9,40.07,40.71,39.68,238225,959415776.0,2.58,0.48,0.19,1.61
1263,2021-03-17,39.94,40.01,40.39,39.42,192877,771866336.0,2.42,-0.15,-0.06,1.3
1264,2021-03-18,40.18,42.14,42.86,39.87,490009,2045905712.0,7.47,5.32,2.13,3.3
1265,2021-03-19,41.32,41.71,42.03,41.18,261617,1090130848.0,2.02,-1.02,-0.43,1.76
1266,2021-03-22,42.43,43.87,43.99,42.23,341293,1484926768.0,4.22,5.18,2.16,2.3
1267,2021-03-23,44.07,44.67,45.49,44.04,405045,1818391968.0,3.31,1.82,0.8,2.73
1268,2021-03-24,44.04,45.56,46.24,44.04,333129,1514878896.0,4.93,1.99,0.89,2.25
1269,2021-03-25,45.42,44.65,46.01,43.86,309959,1380488960.0,4.72,-2.0,-0.91,2.09
1270,2021-03-26,44.08,44.07,44.47,43.0,363042,1594767968.0,3.29,-1.3,-0.58,2.42
1271,2021-03-29,44.1,45.42,46.35,44.1,448439,2048800656.0,5.11,3.06,1.35,2.99
1272,2021-03-30,45.42,46.43,47.25,45.42,379307,1770291888.0,4.03,2.22,1.01,2.53
1273,2021-03-31,46.42,45.11,46.42,44.62,296008,1346853072.0,3.88,-2.84,-1.32,1.97
1274,2021-04-01,45.47,45.34,46.07,44.82,212682,967049936.0,2.77,0.51,0.23,1.42
1275,2021-04-02,45.35,45.64,46.36,45.34,225222,1033068560.0,2.25,0.66,0.3,1.5
1276,2021-04-06,45.42,44.12,45.43,43.82,325740,1448705824.0,3.53,-3.33,-1.52,2.17
1277,2021-04-07,44.47,44.22,44.68,43.6,220010,970900496.0,2.45,0.23,0.1,1.47
1278,2021-04-08,44.11,44.37,44.6,43.64,189900,841459008.0,2.17,0.34,0.15,1.27
1279,2021-04-09,41.92,42.82,43.23,40.92,395645,1682405760.0,5.21,-3.49,-1.55,2.64
1280,2021-04-12,43.58,43.71,45.17,43.44,400586,1777387216.0,4.04,2.08,0.89,2.67
1281,2021-04-13,43.57,47.87,48.52,43.43,771264,3608553088.0,11.64,9.52,4.16,5.14
1282,2021-04-14,48.19,47.93,48.41,46.72,416364,1986597040.0,3.53,0.13,0.06,2.78
1283,2021-04-15,47.88,49.07,49.57,47.73,431917,2114814080.0,3.84,2.38,1.14,2.88
1284,2021-04-16,49.21,50.22,51.53,48.9,547599,2755906256.0,5.36,2.34,1.15,3.65
1285,2021-04-19,51.68,53.0,53.82,50.64,580289,3063129856.0,6.33,5.54,2.78,3.87
1286,2021-04-20,52.43,52.18,53.12,51.85,440029,2311103872.0,2.4,-1.55,-0.82,2.93
1287,2021-04-21,52.19,54.8,55.28,52.19,557334,3016559312.0,5.92,5.02,2.62,3.71
1288,2021-04-22,55.53,55.9,57.6,55.02,672091,3783724496.0,4.71,2.01,1.1,4.48
1289,2021-04-23,55.93,56.78,57.18,55.42,503511,2850693216.0,3.15,1.57,0.88,3.36
1290,2021-04-26,58.23,59.92,62.52,58.23,855605,5168625408.0,7.56,5.53,3.14,5.7
1291,2021-04-27,59.92,61.61,61.92,59.14,516583,3151260560.0,4.64,2.82,1.69,3.44
1292,2021-04-28,62.89,61.35,62.89,59.72,677426,4152637232.0,5.15,-0.42,-0.26,4.51
1293,2021-04-29,60.93,58.69,61.63,57.62,810386,4805173760.0,6.54,-4.34,-2.66,5.4
1294,2021-04-30,59.92,62.42,64.25,59.82,920375,5754594304.0,7.55,6.36,3.73,6.13
1295,2021-05-06,57.52,55.67,58.42,52.43,1299782,7179472640.0,9.6,-10.81,-6.75,8.66
1296,2021-05-07,56.6,55.63,58.78,55.63,644559,3685604352.0,5.66,-0.07,-0.04,4.3
1297,2021-05-10,58.92,57.52,60.36,56.73,608277,3558548224.0,6.53,3.4,1.89,4.05
1298,2021-05-11,57.03,55.92,58.09,55.62,464241,2621279168.0,4.29,-2.78,-1.6,3.09
1299,2021-05-12,57.01,64.5,64.5,56.02,805215,4842527744.0,15.16,15.34,8.58,5.36
1300,2021-05-13,62.92,63.76,64.77,62.52,593814,3785693920.0,3.49,-1.15,-0.74,3.95
1301,2021-05-14,64.3,68.12,70.12,63.95,968219,6589194240.0,9.68,6.84,4.36,6.44
1302,2021-05-17,70.92,69.92,72.97,68.92,760808,5379251200.0,5.95,2.64,1.8,5.06
1303,2021-05-18,68.93,68.73,70.72,67.51,541563,3716992448.0,4.59,-1.7,-1.19,3.6
1304,2021-05-19,69.96,69.95,70.83,67.34,537104,3728255328.0,5.08,1.78,1.22,3.57
1305,2021-05-20,68.97,68.81,71.64,68.63,473079,3302303808.0,4.3,-1.63,-1.14,3.15
1306,2021-05-21,69.86,64.51,69.87,63.44,870171,5753729792.0,9.34,-6.25,-4.3,5.79
1307,2021-05-24,65.38,64.57,65.82,62.37,478757,3066532704.0,5.35,0.09,0.06,3.19
1308,2021-05-25,67.75,67.88,68.96,66.73,601869,4082235232.0,3.45,5.13,3.31,4.0
1309,2021-05-26,66.93,68.72,70.05,64.88,684592,4642597376.0,7.62,1.24,0.84,4.56
1310,2021-05-27,68.47,67.48,70.55,66.76,513387,3512734128.0,5.52,-1.8,-1.24,3.42
1311,2021-05-28,67.27,67.87,68.92,65.78,437435,2946672912.0,4.65,0.58,0.39,2.91
1312,2021-05-31,69.97,70.13,73.7,68.55,803069,5715428864.0,7.59,3.33,2.26,5.34
1313,2021-06-01,69.62,69.81,70.85,68.41,445547,3100893968.0,3.48,-0.46,-0.32,2.96
1314,2021-06-02,70.07,67.36,70.29,67.25,445753,3056790432.0,4.35,-3.51,-2.45,2.97
1315,2021-06-03,67.2,64.3,68.49,63.9,661644,4365625600.0,6.81,-4.54,-3.06,4.4
1316,2021-06-04,63.97,64.56,65.87,60.62,591352,3746536816.0,8.16,0.4,0.26,3.93
1317,2021-06-07,64.84,66.52,67.17,63.72,382781,2539982336.0,5.34,3.04,1.96,2.55
1318,2021-06-08,66.9,66.18,67.74,65.22,300747,2001052784.0,3.79,-0.51,-0.34,2.0
1319,2021-06-09,65.67,63.57,66.47,63.35,428596,2759740864.0,4.71,-3.94,-2.61,2.85
1320,2021-06-10,63.97,64.36,65.43,63.64,337128,2177263696.0,2.82,1.24,0.79,2.24
1321,2021-06-11,64.3,63.77,64.94,63.07,402011,2573359120.0,2.91,-0.92,-0.59,2.67
1322,2021-06-15,62.72,62.02,64.34,61.82,355051,2228581024.0,3.95,-2.74,-1.75,2.36
1323,2021-06-16,62.24,60.28,63.14,60.07,329992,2025614144.0,4.95,-2.81,-1.74,2.2
1324,2021-06-17,59.17,59.27,60.92,58.97,354989,2123590784.0,3.23,-1.68,-1.01,2.36
1325,2021-06-18,60.27,58.92,61.24,58.62,408577,2438967216.0,4.42,-0.59,-0.35,2.72
1326,2021-06-21,59.07,59.62,60.79,58.77,314887,1878858848.0,3.43,1.19,0.7,2.1
1327,2021-06-22,60.05,61.39,62.54,58.17,569180,3441383456.0,7.33,2.97,1.77,3.79
1328,2021-06-23,61.34,61.04,62.57,60.34,455762,2796567664.0,3.63,-0.57,-0.35,3.03
1329,2021-06-24,60.26,59.7,61.32,59.68,274624,1654724384.0,2.69,-2.2,-1.34,1.83
1330,2021-06-25,59.48,61.17,61.34,59.24,259560,1567921184.0,3.52,2.46,1.47,1.73
1331,2021-06-28,60.89,64.99,65.56,60.69,552849,3506665808.0,7.96,6.24,3.82,3.68
1332,2021-06-29,63.98,61.99,64.47,61.72,437641,2748037104.0,4.23,-4.62,-3.0,2.91
1333,2021-06-30,61.38,61.67,62.52,61.26,243083,1501937728.0,2.03,-0.52,-0.32,1.6
1334,2021-07-01,61.72,60.12,63.28,59.78,415806,2569760032.0,5.68,-2.51,-1.55,2.74
1335,2021-07-02,59.05,59.07,60.69,58.56,338829,2015440672.0,3.54,-1.75,-1.05,2.24
1336,2021-07-05,59.07,58.01,59.47,56.39,438787,2538519776.0,5.21,-1.79,-1.06,2.9
1337,2021-07-06,57.98,56.34,58.45,55.87,400678,2274380560.0,4.45,-2.88,-1.67,2.64
1338,2021-07-07,56.34,61.09,61.92,56.13,484571,2888130896.0,10.28,8.43,4.75,3.2
1339,2021-07-08,61.47,62.67,63.92,60.48,419094,2622483648.0,5.63,2.59,1.58,2.77
1340,2021-07-09,62.35,64.6,65.79,61.97,472410,3038346112.0,6.1,3.08,1.93,3.12
1341,2021-07-12,65.03,65.85,66.57,64.43,384836,2532975376.0,3.31,1.93,1.25,2.54
1342,2021-07-13,65.37,68.0,68.47,64.38,484540,3228207712.0,6.21,3.26,2.15,3.2
1343,2021-07-14,67.57,66.82,68.77,66.37,364338,2455599216.0,3.53,-1.74,-1.18,2.4
1344,2021-07-15,66.87,67.37,68.22,65.91,280819,1886430336.0,3.46,0.82,0.55,1.85
1345,2021-07-16,68.28,73.85,77.16,67.87,828341,6013561856.0,13.79,9.62,6.48,5.47
1346,2021-07-19,75.07,74.01,77.74,73.67,523483,3943398192.0,5.51,0.22,0.16,3.46
1347,2021-07-20,77.05,75.54,77.96,75.05,539552,4116386432.0,3.93,2.07,1.53,3.56
1348,2021-07-21,74.78,77.96,78.92,73.75,690876,5285714432.0,6.84,3.2,2.42,4.56
1349,2021-07-22,79.97,76.37,80.47,75.89,572454,4461333760.0,5.87,-2.04,-1.59,3.78
1350,2021-07-23,76.92,76.47,79.4,75.47,446674,3455321264.0,5.15,0.13,0.1,2.95
1351,2021-07-26,77.86,74.48,78.75,70.32,685879,5109966848.0,11.02,-2.6,-1.99,4.53
1352,2021-07-27,75.22,75.59,79.94,74.38,595192,4577916928.0,7.47,1.49,1.11,3.93
1353,2021-07-28,74.55,72.48,75.3,70.52,552964,4012631216.0,6.32,-4.11,-3.11,3.65
1354,2021-07-29,75.47,82.89,83.85,73.86,900138,7241453568.0,13.78,14.36,10.41,5.94
1355,2021-07-30,82.66,85.96,87.05,81.38,859734,7255716096.0,6.84,3.7,3.07,5.67
1356,2021-08-02,89.85,86.82,90.3,84.43,859936,7520001280.0,6.83,1.0,0.86,5.68
1357,2021-08-03,85.48,89.47,91.42,85.08,834005,7456467456.0,7.3,3.05,2.65,5.51
1358,2021-08-04,89.57,91.95,95.63,89.57,866469,8033636864.0,6.77,2.77,2.48,5.72
1359,2021-08-05,94.46,93.75,96.7,92.46,663010,6263787776.0,4.61,1.96,1.8,4.38
1360,2021-08-06,92.57,86.67,92.57,84.97,959779,8460630272.0,8.11,-7.55,-7.08,6.34
1361,2021-08-09,86.96,86.81,88.05,84.55,396571,3426611680.0,4.04,0.16,0.14,2.62
1362,2021-08-10,89.77,88.47,94.23,87.95,659751,5972172544.0,7.23,1.91,1.66,4.35
1363,2021-08-11,86.92,83.75,88.15,83.57,593455,5058516224.0,5.18,-5.34,-4.72,3.92
1364,2021-08-12,79.97,80.75,81.94,78.19,667345,5378057984.0,4.48,-3.58,-3.0,4.41
1365,2021-08-13,81.83,76.69,81.97,76.67,673042,5284551680.0,6.56,-5.03,-4.06,4.44
1366,2021-08-16,76.9,77.36,79.42,76.79,349063,2720184992.0,3.43,0.87,0.67,2.3
1367,2021-08-17,76.72,73.97,78.88,73.62,466895,3535355056.0,6.8,-4.38,-3.39,3.08
1368,2021-08-18,75.47,77.89,78.3,74.97,489194,3756388512.0,4.5,5.3,3.92,3.23
1369,2021-08-19,78.34,81.03,82.25,77.78,485242,3914671584.0,5.74,4.03,3.14,3.2
1370,2021-08-20,83.85,81.2,85.7,79.22,696827,5757850880.0,8.0,0.21,0.17,4.6
1371,2021-08-23,80.13,86.27,86.47,78.32,585286,4893425152.0,10.04,6.24,5.07,3.86
1372,2021-08-24,86.49,84.47,89.97,84.27,476588,4118062848.0,6.61,-2.09,-1.8,3.15
1373,2021-08-25,83.97,83.57,85.71,81.87,369798,3090761808.0,4.55,-1.07,-0.9,2.44
1374,2021-08-26,82.47,83.91,85.29,81.54,312419,2606123152.0,4.49,0.41,0.34,2.06
1375,2021-08-27,84.98,81.55,85.64,81.37,397515,3320790352.0,5.09,-2.81,-2.36,2.62
1376,2021-08-30,83.97,87.28,87.62,82.62,661855,5654538240.0,6.13,7.03,5.73,4.37
1377,2021-08-31,86.94,77.67,88.3,77.23,861610,7032179200.0,12.68,-11.01,-9.61,5.69
1378,2021-09-01,79.47,80.28,82.31,77.67,466244,3735557424.0,5.97,3.36,2.61,3.08
1379,2021-09-02,79.59,73.89,80.26,73.3,736915,5560782592.0,8.67,-7.96,-6.39,4.86
1380,2021-09-03,73.09,72.17,74.58,70.68,442071,3191941616.0,5.28,-2.33,-1.72,2.92
1381,2021-09-06,72.99,76.82,77.27,72.17,488694,3706598000.0,7.07,6.44,4.65,3.23
1382,2021-09-07,77.07,77.85,78.17,76.1,295583,2290213872.0,2.69,1.34,1.03,1.95
1383,2021-09-08,78.77,77.27,80.56,77.16,311494,2455480656.0,4.37,-0.75,-0.58,2.06
1384,2021-09-09,77.68,74.32,78.17,73.64,414196,3114485472.0,5.86,-3.82,-2.95,2.73
1385,2021-09-10,75.34,75.22,75.94,72.4,325142,2417919552.0,4.76,1.21,0.9,2.15
1386,2021-09-13,75.27,71.92,76.57,71.72,403482,2957728432.0,6.45,-4.39,-3.3,2.66
1387,2021-09-14,71.77,71.29,72.88,70.97,318243,2287870096.0,2.66,-0.88,-0.63,2.1
1388,2021-09-15,71.29,67.95,71.29,67.77,520027,3567432384.0,4.94,-4.69,-3.34,3.43
1389,2021-09-16,69.0,66.76,70.45,66.47,381183,2597375072.0,5.86,-1.75,-1.19,2.52
1390,2021-09-17,66.98,72.25,73.25,66.53,564647,3983924656.0,10.07,8.22,5.49,3.73
1391,2021-09-22,70.83,67.72,71.96,67.64,471280,3260179248.0,5.98,-6.27,-4.53,3.11
1392,2021-09-23,67.99,67.87,70.21,67.13,343772,2358677968.0,4.55,0.22,0.15,2.25
1393,2021-09-24,67.18,65.32,67.98,64.99,413450,2740732400.0,4.41,-3.76,-2.55,2.7
1394,2021-09-27,65.97,66.87,68.65,64.68,424686,2848065856.0,6.08,2.37,1.55,2.78
1395,2021-09-28,66.85,65.87,68.25,65.07,246623,1640441152.0,4.76,-1.5,-1.0,1.61
1396,2021-09-29,64.57,61.87,64.95,61.87,446876,2822538896.0,4.68,-6.07,-4.0,2.92
1397,2021-09-30,62.64,63.15,64.7,61.64,343506,2169605968.0,4.95,2.07,1.28,2.23
1398,2021-10-08,57.77,59.63,60.72,56.97,453238,2682790352.0,5.94,-5.57,-3.52,2.94
1399,2021-10-11,59.63,57.9,60.29,57.84,309236,1816365008.0,4.11,-2.9,-1.73,2.01
1400,2021-10-12,58.66,56.57,58.96,56.27,328576,1888905440.0,4.65,-2.3,-1.33,2.13
1401,2021-10-13,56.62,56.63,57.17,54.74,341061,1913869632.0,4.3,0.11,0.06,2.21
1402,2021-10-14,57.47,57.85,58.6,56.47,276637,1594535392.0,3.76,2.15,1.22,1.8
1403,2021-10-15,57.97,58.0,58.59,57.02,234510,1357730256.0,2.71,0.26,0.15,1.52
1404,2021-10-18,57.47,57.6,58.34,56.44,229878,1315362688.0,3.28,-0.69,-0.4,1.49
1405,2021-10-19,58.37,60.04,61.26,57.93,377514,2268960880.0,5.78,4.24,2.44,2.45
1406,2021-10-20,60.41,59.63,60.66,58.78,242404,1445788176.0,3.13,-0.68,-0.41,1.57
1407,2021-10-21,59.76,59.57,60.63,59.14,215388,1288526560.0,2.5,-0.1,-0.06,1.4
1408,2021-10-22,59.9,60.01,61.79,59.37,287669,1745513056.0,4.06,0.74,0.44,1.87
1409,2021-10-25,60.97,59.47,61.66,59.21,287226,1729836400.0,4.08,-0.9,-0.54,1.87
1410,2021-10-26,59.2,58.83,60.36,58.36,252497,1494235584.0,3.36,-1.08,-0.64,1.64
1411,2021-10-27,58.93,57.14,58.93,56.62,271494,1561472912.0,3.93,-2.87,-1.69,1.76
1412,2021-10-28,56.98,57.84,58.12,55.71,323419,1843365840.0,4.22,1.23,0.7,2.1
1413,2021-10-29,54.27,54.97,56.41,53.28,502271,2752799264.0,5.41,-4.96,-2.87,3.26
1414,2021-11-01,55.59,53.92,56.35,53.92,338090,1865141888.0,4.42,-1.91,-1.05,2.2
1415,2021-11-02,53.27,51.85,54.18,51.41,448010,2354323424.0,5.14,-3.84,-2.07,2.91
1416,2021-11-03,52.47,54.42,55.15,52.06,445260,2398436608.0,5.96,4.96,2.57,2.89
1417,2021-11-04,54.87,53.41,55.23,53.18,290660,1567730160.0,3.77,-1.86,-1.01,1.89
1418,2021-11-05,52.32,51.5,53.38,51.32,302035,1578195968.0,3.86,-3.58,-1.91,1.96
1419,2021-11-08,49.41,49.49,50.45,47.66,634827,3100481712.0,5.42,-3.9,-2.01,4.12
1420,2021-11-09,50.82,48.53,50.95,48.49,303014,1496306768.0,4.97,-1.94,-0.96,1.97
1421,2021-11-10,49.08,54.84,58.18,46.6,1187197,6327632896.0,23.86,13.0,6.31,7.71
1422,2021-11-11,53.97,51.02,55.62,50.7,837030,4436964608.0,8.97,-6.97,-3.82,5.44
1423,2021-11-12,51.41,52.57,53.2,50.0,478792,2495458064.0,6.27,3.04,1.55,3.11
1424,2021-11-15,52.95,55.97,56.4,52.67,658039,3634156832.0,7.1,6.47,3.4,4.27
1425,2021-11-16,57.42,58.95,60.6,55.5,772543,4505387520.0,9.11,5.32,2.98,5.02
1426,2021-11-17,59.28,60.15,60.59,58.31,493360,2936109760.0,3.87,2.04,1.2,3.2
1427,2021-11-18,61.07,60.63,63.14,60.2,581870,3587284464.0,4.89,0.8,0.48,3.78
1428,2021-11-19,61.3,62.36,62.51,59.87,368282,2269054880.0,4.35,2.85,1.73,2.39
1429,2021-11-22,61.99,60.17,62.25,59.68,467361,2830264448.0,4.12,-3.51,-2.19,3.03
1430,2021-11-23,60.17,60.91,61.12,59.74,263032,1591583728.0,2.29,1.23,0.74,1.71
1431,2021-11-24,60.92,64.8,65.22,60.33,500378,3192794688.0,8.03,6.39,3.89,3.25
1432,2021-11-25,64.72,67.28,68.41,63.99,511549,3408563152.0,6.82,3.83,2.48,3.32
1433,2021-11-26,67.35,67.57,68.76,66.57,360445,2440301664.0,3.26,0.43,0.29,2.34
1434,2021-11-29,70.82,68.22,72.8,68.18,743611,5222124032.0,6.84,0.96,0.65,4.83
1435,2021-11-30,68.97,68.77,69.5,66.03,581796,3931483792.0,5.09,0.81,0.55,3.78
1436,2021-12-01,67.39,65.03,67.39,64.95,441448,2912133104.0,3.55,-5.44,-3.74,2.87
1437,2021-12-02,63.98,64.38,66.33,63.61,288325,1875885136.0,4.18,-1.0,-0.65,1.87
1438,2021-12-03,65.26,65.85,66.11,64.05,246443,1608014192.0,3.2,2.28,1.47,1.6
1439,2021-12-06,65.05,62.7,65.37,62.19,334096,2126112560.0,4.83,-4.78,-3.15,2.17
1440,2021-12-07,61.87,62.81,63.82,61.57,246237,1543154128.0,3.59,0.18,0.11,1.6
1441,2021-12-08,63.47,62.97,64.5,62.58,207201,1312787216.0,3.06,0.25,0.16,1.35
1442,2021-12-09,63.08,63.08,63.71,62.42,211853,1339334464.0,2.05,0.17,0.11,1.38
1443,2021-12-10,63.07,61.47,63.07,61.08,325916,2009681520.0,3.15,-2.55,-1.61,2.12
1444,2021-12-13,61.14,61.17,62.63,60.98,215411,1330952944.0,2.68,-0.49,-0.3,1.4
1445,2021-12-14,62.5,61.48,64.17,61.28,306356,1918002032.0,4.72,0.51,0.31,1.99
1446,2021-12-15,61.19,62.54,64.1,60.31,407784,2549015552.0,6.16,1.72,1.06,2.65
1447,2021-12-16,62.59,65.7,66.15,62.14,451564,2924005808.0,6.41,5.05,3.16,2.93
1448,2021-12-17,64.99,66.52,67.54,64.61,365115,2415930640.0,4.46,1.25,0.82,2.37
1449,2021-12-20,66.52,63.99,67.42,63.85,331759,2176476368.0,5.37,-3.8,-2.53,2.15
1450,2021-12-21,63.07,61.76,63.85,60.47,314771,1944418368.0,5.28,-3.48,-2.23,2.04
1451,2021-12-22,61.32,61.38,62.47,60.67,175757,1080555568.0,2.91,-0.62,-0.38,1.14
1452,2021-12-23,60.97,59.99,61.29,59.73,223988,1351264816.0,2.54,-2.26,-1.39,1.45
1453,2021-12-24,59.99,60.04,61.56,59.92,200244,1214760656.0,2.73,0.08,0.05,1.3
1454,2021-12-27,59.87,58.85,59.87,57.75,295521,1729075408.0,3.53,-1.98,-1.19,1.92
1455,2021-12-28,58.94,59.55,59.62,55.97,345849,2001216096.0,6.2,1.19,0.7,2.25
1456,2021-12-29,59.77,57.18,61.26,56.98,314630,1856468416.0,7.19,-3.98,-2.37,2.04
1457,2021-12-30,56.92,56.85,57.67,56.17,216323,1234311952.0,2.62,-0.58,-0.33,1.4
1458,2021-12-31,57.07,56.17,57.27,56.17,187186,1061601648.0,1.93,-1.2,-0.68,1.21
1459,2022-01-04,54.9,55.05,55.94,54.27,235258,1299411632.0,2.97,-1.99,-1.12,1.52
1460,2022-01-05,54.63,53.17,55.19,53.11,233714,1261763632.0,3.78,-3.42,-1.88,1.51
1461,2022-01-06,52.57,57.01,58.67,52.51,483482,2703506352.0,11.59,7.22,3.84,3.13
1462,2022-01-07,56.95,58.62,59.39,55.57,396969,2301795232.0,6.7,2.82,1.61,2.57
1463,2022-01-10,58.96,58.84,61.28,58.68,335504,2015675712.0,4.44,0.38,0.22,2.17
1464,2022-01-11,59.02,60.02,61.09,57.72,272025,1623053552.0,5.73,2.01,1.18,1.76
1465,2022-01-12,60.06,60.36,61.2,59.22,229786,1386030960.0,3.3,0.57,0.34,1.49
1466,2022-01-13,60.84,57.97,60.95,57.16,314640,1839864864.0,6.28,-3.96,-2.39,2.04
1467,2022-01-14,56.95,57.22,58.58,55.35,314256,1784012048.0,5.57,-1.29,-0.75,2.04
1468,2022-01-17,55.77,55.37,56.82,54.77,251115,1393109424.0,3.58,-3.23,-1.85,1.63
1469,2022-01-18,54.98,55.28,56.13,54.08,197988,1097238544.0,3.7,-0.16,-0.09,1.28
1470,2022-01-19,53.97,53.27,54.27,53.27,204238,1097494176.0,1.81,-3.64,-2.01,1.32
1471,2022-01-20,54.86,53.9,56.16,53.85,273913,1509154000.0,4.34,1.18,0.63,1.77
1472,2022-01-21,53.32,54.43,56.46,51.97,332374,1806147632.0,8.33,0.98,0.53,2.15
1473,2022-01-24,53.47,52.57,54.95,52.48,189798,1015390592.0,4.54,-3.42,-1.86,1.23
1474,2022-01-25,52.24,49.81,52.48,49.75,246706,1255092976.0,5.19,-5.25,-2.76,1.6
1475,2022-01-26,49.77,48.81,50.52,48.53,198788,982358480.0,4.0,-2.01,-1.0,1.29
1476,2022-01-27,49.77,48.26,49.77,47.86,194304,946486016.0,3.91,-1.13,-0.55,1.26
1477,2022-01-28,49.37,48.17,50.07,48.06,186308,908675696.0,4.16,-0.19,-0.09,1.21
1478,2022-02-07,49.47,50.21,51.15,49.07,182963,917952848.0,4.32,4.24,2.04,1.19
1479,2022-02-08,49.87,50.64,50.73,49.57,137992,692223136.0,2.31,0.86,0.43,0.89
1480,2022-02-09,51.14,51.64,52.04,50.82,156382,805490608.0,2.41,1.97,1.0,1.01
1481,2022-02-10,51.77,52.23,53.23,51.28,172783,901459744.0,3.78,1.14,0.59,1.12
1482,2022-02-11,51.77,49.83,52.25,49.77,189859,964547008.0,4.75,-4.6,-2.4,1.23
1483,2022-02-14,49.07,49.97,50.76,48.88,143381,713019296.0,3.77,0.28,0.14,0.93
1484,2022-02-15,49.27,49.69,49.95,48.79,135413,669800096.0,2.32,-0.56,-0.28,0.88
1485,2022-02-16,49.95,50.17,50.88,49.48,132662,665746464.0,2.82,0.97,0.48,0.86
1486,2022-02-17,50.47,50.38,51.35,49.68,149285,754953872.0,3.33,0.42,0.21,0.97
1487,2022-02-18,49.77,49.97,50.65,49.08,132469,658861840.0,3.12,-0.81,-0.41,0.86
1488,2022-02-21,50.02,50.1,51.31,49.62,132994,668189424.0,3.38,0.26,0.13,0.86
1489,2022-02-22,49.66,48.27,49.71,47.97,184435,897249232.0,3.47,-3.65,-1.83,1.2
1490,2022-02-23,48.32,49.07,49.62,48.29,154769,758668720.0,2.76,1.66,0.8,1.0
1491,2022-02-24,48.67,44.97,48.83,43.85,513457,2361429536.0,10.15,-8.36,-4.1,3.33
1492,2022-02-25,45.38,47.32,47.42,45.38,363666,1704809856.0,4.54,5.23,2.35,2.36
1493,2022-02-28,46.97,46.72,47.17,46.04,187387,874199120.0,2.39,-1.27,-0.6,1.21
1494,2022-03-01,46.85,47.1,47.23,46.35,162622,761321840.0,1.88,0.81,0.38,1.05
1495,2022-03-02,46.68,46.61,46.86,46.02,129058,599916512.0,1.78,-1.04,-0.49,0.84
1496,2022-03-03,46.64,45.51,46.97,45.15,178669,818317584.0,3.9,-2.36,-1.1,1.16
1497,2022-03-04,45.3,45.55,46.83,44.98,211298,971048800.0,4.07,0.09,0.04,1.37
1498,2022-03-07,44.94,43.39,45.3,43.17,232147,1018411104.0,4.68,-4.74,-2.16,1.5
1499,2022-03-08,43.74,41.97,43.94,41.63,264461,1127023616.0,5.32,-3.27,-1.42,1.71
1500,2022-03-09,42.04,40.67,42.6,39.46,291681,1191656608.0,7.48,-3.1,-1.3,1.89
1501,2022-03-10,41.67,42.33,43.14,41.05,312582,1315332688.0,5.14,4.08,1.66,2.03
1502,2022-03-11,41.46,44.03,44.23,41.18,318325,1360853408.0,7.21,4.02,1.7,2.06
1503,2022-03-14,45.41,46.04,47.27,44.44,568576,2622487104.0,6.43,4.57,2.01,3.68
1504,2022-03-15,46.05,45.85,46.8,45.57,392711,1817380304.0,2.67,-0.41,-0.19,2.54
1505,2022-03-16,45.77,50.26,50.65,45.69,578598,2815543584.0,10.82,9.62,4.41,3.75
1506,2022-03-17,50.07,51.02,52.32,49.2,505273,2567196672.0,6.21,1.51,0.76,3.25
1507,2022-03-18,51.6,57.67,59.91,51.17,763481,4236350384.0,17.13,13.03,6.65,4.91
1508,2022-03-21,57.66,59.87,61.12,56.88,560203,3282696128.0,7.35,3.81,2.2,3.6
1509,2022-03-22,59.17,56.53,59.41,56.51,502832,2909289008.0,4.84,-5.58,-3.34,3.24
1510,2022-03-23,57.35,58.33,58.7,56.5,328422,1892107168.0,3.89,3.18,1.8,2.11
1511,2022-03-24,57.92,58.94,60.7,57.47,412588,2447863184.0,5.54,1.05,0.61,2.65
1512,2022-03-25,59.47,56.98,60.94,56.67,445610,2592450688.0,7.24,-3.33,-1.96,2.87
1513,2022-03-28,55.94,54.25,57.45,54.1,384138,2134194576.0,5.88,-4.79,-2.73,2.47
1514,2022-03-29,54.91,54.24,55.37,53.69,268211,1465659232.0,3.1,-0.02,-0.01,1.73
1515,2022-03-30,54.71,52.99,54.75,52.87,299240,1600337424.0,3.47,-2.3,-1.25,1.93
1516,2022-03-31,53.03,54.84,56.29,52.53,469442,2560361696.0,7.1,3.49,1.85,3.02
1517,2022-04-01,54.07,53.82,55.11,53.17,309907,1673965760.0,3.54,-1.86,-1.02,1.99
1518,2022-04-06,55.36,57.72,58.63,54.58,539057,3056776496.0,7.53,7.25,3.9,3.47
1519,2022-04-07,56.97,57.07,58.14,55.97,317833,1810318736.0,3.76,-1.13,-0.65,2.04
1520,2022-04-08,57.06,59.07,60.35,56.28,396625,2347895600.0,7.13,3.5,2.0,2.55
1521,2022-04-11,60.07,55.25,61.12,54.97,408511,2374384672.0,10.41,-6.47,-3.82,2.63
1522,2022-04-12,53.98,55.59,57.0,53.67,316085,1757849184.0,6.03,0.62,0.34,2.03
1523,2022-04-13,55.07,50.64,55.27,50.42,411531,2146956704.0,8.72,-8.9,-4.95,2.65
1524,2022-04-14,51.47,49.08,52.27,46.97,471901,2336549040.0,10.47,-3.08,-1.56,3.04
1525,2022-04-15,49.47,55.23,57.6,48.98,670475,3598879456.0,17.56,12.53,6.15,4.31
1526,2022-04-18,55.28,60.05,60.47,52.82,780076,4475863552.0,13.85,8.73,4.82,5.02
1527,2022-04-19,59.49,58.29,60.97,57.85,463151,2743736192.0,5.2,-2.93,-1.76,2.98
1528,2022-04-20,58.74,57.05,60.27,56.45,376337,2191272528.0,6.55,-2.13,-1.24,2.42
1529,2022-04-21,56.49,56.22,59.25,55.79,411267,2353668240.0,6.06,-1.45,-0.83,2.65
1530,2022-04-22,55.54,51.87,56.11,51.36,510940,2717721488.0,8.45,-7.74,-4.35,3.29
1531,2022-04-25,51.83,49.97,53.27,49.97,360826,1857675120.0,6.36,-3.66,-1.9,2.32
1532,2022-04-26,50.5,50.59,51.87,48.66,349677,1766916048.0,6.42,1.24,0.62,2.25
1533,2022-04-27,48.23,49.69,49.92,47.7,337803,1647103040.0,4.39,-1.78,-0.9,2.17
1534,2022-04-28,49.7,49.83,51.8,48.5,314828,1583346208.0,6.64,0.28,0.14,2.03
1535,2022-04-29,49.01,53.45,55.01,49.01,402923,2100208384.0,12.04,7.26,3.62,2.59
1536,2022-05-05,52.5,51.58,53.0,51.05,289487,1499394944.0,3.65,-3.5,-1.87,1.86
1537,2022-05-06,50.4,49.17,50.68,48.76,249088,1234120832.0,3.72,-4.67,-2.41,1.6
1538,2022-05-09,48.97,50.77,51.6,48.6,228060,1149021072.0,6.1,3.25,1.6,1.47
1539,2022-05-10,49.98,50.35,51.1,49.57,178165,897371024.0,3.01,-0.83,-0.42,1.15
1540,2022-05-11,50.65,50.55,52.38,50.5,298532,1539274432.0,3.73,0.4,0.2,1.92
1541,2022-05-12,49.54,52.09,54.39,49.36,419134,2182162256.0,9.95,3.05,1.54,2.7
1542,2022-05-13,52.88,51.44,53.45,51.13,228665,1191392912.0,4.45,-1.25,-0.65,1.47
1543,2022-05-16,52.0,49.98,52.1,49.96,196370,993920752.0,4.16,-2.84,-1.46,1.26
1544,2022-05-17,49.52,48.12,49.89,47.36,330496,1595869216.0,5.06,-3.72,-1.86,2.13
1545,2022-05-18,47.8,48.05,49.17,47.79,157881,764692192.0,2.87,-0.15,-0.07,1.02
1546,2022-05-19,47.5,47.08,47.6,46.34,220928,1037935872.0,2.62,-2.02,-0.97,1.42
1547,2022-05-20,47.26,47.53,48.82,47.26,212300,1015099552.0,3.31,0.96,0.45,1.37
1548,2022-05-23,47.59,47.81,48.49,47.34,199981,958219952.0,2.42,0.59,0.28,1.29
1549,2022-05-24,47.58,47.79,49.54,46.03,379872,1818203856.0,7.34,-0.04,-0.02,2.44
1550,2022-05-25,47.61,46.96,47.78,46.82,173113,816627968.0,2.01,-1.74,-0.83,1.11
1551,2022-05-26,47.58,47.74,48.32,47.03,196998,938248768.0,2.75,1.66,0.78,1.27
1552,2022-05-27,48.19,47.9,48.93,47.73,196612,948766624.0,2.51,0.34,0.16,1.26
1553,2022-05-30,47.8,46.77,47.89,46.33,194380,908361696.0,3.26,-2.36,-1.13,1.25
1554,2022-05-31,46.77,46.43,46.85,44.88,237752,1091794864.0,4.21,-0.73,-0.34,1.53
1555,2022-06-01,46.54,47.17,47.79,45.05,303685,1405045088.0,5.9,1.59,0.74,1.95
1556,2022-06-02,47.7,46.86,48.63,46.81,259606,1231616752.0,3.86,-0.66,-0.31,1.67
1557,2022-06-06,45.51,46.08,46.48,45.3,220801,1013873264.0,2.52,-1.66,-0.78,1.42
1558,2022-06-07,46.01,46.42,46.8,45.61,214446,989470800.0,2.58,0.74,0.34,1.38
1559,2022-06-08,46.41,46.79,47.65,45.8,244909,1146285904.0,3.99,0.8,0.37,1.58
1560,2022-06-09,46.76,45.1,46.78,45.03,241303,1101541056.0,3.74,-3.61,-1.69,1.55
1561,2022-06-10,44.95,45.14,45.59,44.63,187724,846003472.0,2.13,0.09,0.04,1.21
1562,2022-06-13,44.85,44.81,45.56,44.65,166592,748018848.0,2.02,-0.73,-0.33,1.07
1563,2022-06-14,44.38,44.41,44.71,43.13,204242,896325856.0,3.53,-0.89,-0.4,1.31
1564,2022-06-15,44.3,45.3,45.99,44.23,239035,1083779872.0,3.96,2.0,0.89,1.54
1565,2022-06-16,45.37,45.46,46.22,45.13,201989,924318080.0,2.41,0.35,0.16,1.3
1566,2022-06-17,45.55,47.29,47.51,45.55,339042,1583781888.0,4.31,4.03,1.83,2.18
1567,2022-06-20,47.5,48.19,48.48,47.15,277972,1332091792.0,2.81,1.9,0.9,1.79
1568,2022-06-21,48.2,47.91,48.85,47.65,231788,1117397088.0,2.49,-0.58,-0.28,1.49
1569,2022-06-22,47.92,46.99,48.55,46.91,191028,910607472.0,3.42,-1.92,-0.92,1.23
1570,2022-06-23,46.99,47.15,47.47,46.13,162723,759910528.0,2.85,0.34,0.16,1.05
1571,2022-06-24,47.2,47.89,48.1,46.7,172955,824990928.0,2.97,1.57,0.74,1.11
1572,2022-06-27,47.6,48.3,48.89,47.52,212791,1029575680.0,2.86,0.86,0.41,1.37
1573,2022-06-28,48.29,46.21,48.29,45.34,397824,1838369808.0,6.11,-4.33,-2.09,2.56
1574,2022-06-29,46.38,46.66,48.49,46.26,347166,1650656400.0,4.83,0.97,0.45,2.23
1575,2022-06-30,46.96,48.39,49.0,46.33,361978,1746675040.0,5.72,3.71,1.73,2.33
1576,2022-07-01,48.18,48.55,48.88,47.7,195671,944844512.0,2.44,0.33,0.16,1.26
1577,2022-07-04,49.08,50.39,50.88,48.58,361452,1807551952.0,4.74,3.79,1.84,2.32
1578,2022-07-05,50.43,50.09,50.83,49.44,266449,1333226768.0,2.76,-0.6,-0.3,1.71
1579,2022-07-06,50.32,49.08,51.32,48.87,257116,1281245680.0,4.89,-2.02,-1.01,1.65
1580,2022-07-07,49.31,48.1,49.5,47.88,190199,918569648.0,3.3,-2.0,-0.98,1.22
1581,2022-07-08,47.96,47.8,48.57,47.75,172027,826145496.0,1.7,-0.62,-0.3,1.11
1582,2022-07-11,48.01,47.3,48.58,46.8,184843,879346697.0,3.72,-1.05,-0.5,1.19
1583,2022-07-12,47.39,45.57,47.5,45.56,195263,901223735.0,4.1,-3.66,-1.73,1.26
1584,2022-07-13,45.5,45.08,45.75,44.82,165991,749829639.0,2.04,-1.08,-0.49,1.07
1585,2022-07-14,45.08,45.3,45.99,44.81,150420,683678107.0,2.62,0.49,0.22,0.97
1586,2022-07-15,45.0,44.53,45.88,44.12,176005,789960632.0,3.89,-1.7,-0.77,1.13
1587,2022-07-18,44.69,44.6,44.8,43.16,174640,768643940.0,3.68,0.16,0.07,1.12
1588,2022-07-19,44.6,44.38,44.94,44.01,127117,564457082.0,2.09,-0.49,-0.22,0.82
1589,2022-07-20,44.5,45.2,45.6,44.4,174416,785254209.0,2.7,1.85,0.82,1.12
1590,2022-07-21,45.02,44.5,45.32,44.5,122439,548238605.0,1.81,-1.55,-0.7,0.79
1591,2022-07-22,44.4,43.25,44.63,43.12,198689,866545961.0,3.39,-2.81,-1.25,1.28
1592,2022-07-25,42.0,44.0,44.6,41.4,183968,793372702.0,7.4,1.73,0.75,1.18
1593,2022-07-26,43.97,43.55,43.97,43.15,97060,422206786.0,1.86,-1.02,-0.45,0.62
1594,2022-07-27,43.56,42.62,43.75,42.6,126015,540617823.0,2.64,-2.14,-0.93,0.81
1595,2022-07-28,42.92,42.66,43.12,42.55,93099,398735571.0,1.34,0.09,0.04,0.6
1596,2022-07-29,43.0,43.43,44.49,42.62,167804,732697147.0,4.38,1.8,0.77,1.08
1597,2022-08-01,43.0,42.67,43.15,42.31,110744,471938163.0,1.93,-1.75,-0.76,0.71
1598,2022-08-02,42.31,40.6,42.31,40.6,214485,880659452.0,4.01,-4.85,-2.07,1.38
1599,2022-08-03,40.31,40.47,41.38,40.31,123855,505953978.0,2.64,-0.32,-0.13,0.8
1600,2022-08-04,40.8,41.34,41.77,40.75,104548,430855476.0,2.52,2.15,0.87,0.67
1601,2022-08-05,41.34,43.39,43.45,41.33,215823,922328070.0,5.13,4.96,2.05,1.39
1602,2022-08-08,43.56,43.6,44.3,43.3,137053,600159168.0,2.3,0.48,0.21,0.88
1603,2022-08-09,43.7,43.45,43.82,42.58,118269,509765302.0,2.84,-0.34,-0.15,0.76
1604,2022-08-10,43.43,44.01,44.26,43.26,121701,532820591.0,2.3,1.29,0.56,0.78
1605,2022-08-11,45.18,44.17,45.4,44.12,201306,900563734.0,2.91,0.36,0.16,1.29
1606,2022-08-12,43.99,44.36,45.15,43.88,143673,639769681.0,2.88,0.43,0.19,0.92
1607,2022-08-15,44.33,43.48,44.33,43.38,122914,535886186.0,2.14,-1.98,-0.88,0.79
1608,2022-08-16,43.56,42.52,43.56,42.46,142178,607925592.0,2.53,-2.21,-0.96,0.91
1609,2022-08-17,42.55,42.88,43.09,42.06,104775,446768097.0,2.42,0.85,0.36,0.67
1610,2022-08-18,42.83,42.08,42.83,41.91,114228,481319789.0,2.15,-1.87,-0.8,0.73
1611,2022-08-19,42.05,44.62,44.8,41.9,325748,1426381596.0,6.89,6.04,2.54,2.1
1612,2022-08-22,44.1,43.59,44.39,43.41,167888,733255778.0,2.2,-2.31,-1.03,1.08
1613,2022-08-23,43.8,43.02,43.83,42.84,101003,435675500.0,2.27,-1.31,-0.57,0.65
1614,2022-08-24,43.02,42.46,43.74,42.27,105076,451667059.0,3.42,-1.3,-0.56,0.68
1615,2022-08-25,42.79,43.0,43.21,42.37,98736,422029217.0,1.98,1.27,0.54,0.64
1616,2022-08-26,43.13,41.92,43.57,41.7,130402,555383368.0,4.35,-2.51,-1.08,0.84
1617,2022-08-29,41.01,43.4,44.0,40.98,193409,830787247.0,7.2,3.53,1.48,1.24
1618,2022-08-30,43.4,43.36,43.71,42.55,100571,433414064.0,2.67,-0.09,-0.04,0.65
1619,2022-08-31,43.0,43.65,44.17,42.9,158719,692985527.0,2.93,0.67,0.29,1.02
1620,2022-09-01,43.66,43.3,44.65,43.13,138858,610306979.0,3.48,-0.8,-0.35,0.89
1621,2022-09-02,44.0,44.0,44.9,43.58,174013,768467298.0,3.05,1.62,0.7,1.12
1622,2022-09-05,43.8,42.3,44.3,42.21,148837,639241689.0,4.75,-3.86,-1.7,0.96
1623,2022-09-06,41.6,41.38,42.49,40.96,193827,803732215.0,3.62,-2.17,-0.92,1.25
1624,2022-09-07,41.38,41.63,42.58,41.09,143380,598690232.0,3.6,0.6,0.25,0.92
1625,2022-09-08,42.3,41.48,42.58,41.45,111214,466358141.0,2.71,-0.36,-0.15,0.72
1626,2022-09-09,41.3,41.82,42.1,41.2,101245,421739430.0,2.17,0.82,0.34,0.65
1627,2022-09-13,41.58,41.78,42.45,41.51,104153,436659440.0,2.25,-0.1,-0.04,0.67
1628,2022-09-14,41.4,40.88,41.43,40.58,118045,483352442.0,2.03,-2.15,-0.9,0.76
1629,2022-09-15,41.2,40.75,41.49,40.2,131209,534084200.0,3.16,-0.32,-0.13,0.84
1630,2022-09-16,40.59,39.6,40.85,39.58,126405,505662036.0,3.12,-2.82,-1.15,0.81
1631,2022-09-19,39.6,39.84,40.29,39.37,85851,341892561.0,2.32,0.61,0.24,0.55
1632,2022-09-20,40.0,39.71,40.2,39.39,73393,291405578.0,2.03,-0.33,-0.13,0.47
1633,2022-09-21,39.39,38.06,39.55,37.86,148517,569735251.0,4.26,-4.16,-1.65,0.95
1634,2022-09-22,37.5,37.85,38.55,37.21,101119,384061903.0,3.52,-0.55,-0.21,0.65
1635,2022-09-23,37.95,37.65,38.5,37.65,127023,483852229.0,2.25,-0.53,-0.2,0.82
1636,2022-09-26,37.26,35.8,37.28,35.25,206264,745976729.0,5.39,-4.91,-1.85,1.32
1637,2022-09-27,36.19,37.33,37.33,35.84,216717,793642655.0,4.16,4.27,1.53,1.39
1638,2022-09-28,36.84,36.53,37.49,36.52,121330,447626117.0,2.6,-2.14,-0.8,0.78
1639,2022-09-29,38.12,36.92,38.37,36.84,202232,761509195.0,4.19,1.07,0.39,1.3
1640,2022-09-30,38.28,37.1,38.4,37.0,190175,715846479.0,3.79,0.49,0.18,1.22
1641,2022-10-10,37.94,37.28,38.82,37.11,194859,737758229.0,4.61,0.49,0.18,1.25
1642,2022-10-11,37.28,36.38,37.4,35.77,121266,441070346.0,4.37,-2.41,-0.9,0.78
1643,2022-10-12,36.01,38.16,38.25,35.98,145057,536969788.0,6.24,4.89,1.78,0.93
1644,2022-10-13,37.81,39.05,39.7,37.6,206731,803081198.0,5.5,2.33,0.89,1.33
1645,2022-10-14,39.05,40.0,40.81,38.9,262126,1051540131.0,4.89,2.43,0.95,1.68
1646,2022-10-17,39.7,39.88,41.2,39.62,211071,851324881.0,3.95,-0.3,-0.12,1.35
1647,2022-10-18,40.07,40.59,40.99,39.62,192131,777555895.0,3.44,1.78,0.71,1.23
1648,2022-10-19,40.3,39.72,40.41,39.45,162469,646786462.0,2.37,-2.14,-0.87,1.04
1649,2022-10-20,39.31,39.9,40.76,39.18,156946,630000900.0,3.98,0.45,0.18,1.01
1650,2022-10-21,39.92,40.04,40.65,39.71,113269,454288780.0,2.36,0.35,0.14,0.73
1651,2022-10-24,40.1,38.65,40.73,38.43,198248,777848549.0,5.74,-3.47,-1.39,1.27
1652,2022-10-25,38.03,37.29,38.41,36.88,188671,708065252.0,3.96,-3.52,-1.36,1.21
1653,2022-10-26,37.41,39.53,40.16,37.41,292273,1147099258.0,7.37,6.01,2.24,1.88
1654,2022-10-27,40.1,39.64,40.39,38.52,213496,841343346.0,4.73,0.28,0.11,1.37
1655,2022-10-28,39.4,38.79,40.38,38.6,189086,746881040.0,4.49,-2.14,-0.85,1.21
1656,2022-10-31,38.36,38.45,39.37,37.91,145813,561989765.0,3.76,-0.88,-0.34,0.94
1657,2022-11-01,38.71,40.36,40.4,38.33,239591,945679655.0,5.38,4.97,1.91,1.54
1658,2022-11-02,39.99,42.72,44.5,39.91,537464,2288569888.0,11.37,5.85,2.36,3.45
1659,2022-11-03,41.68,41.75,42.44,41.5,267622,1121275721.0,2.2,-2.27,-0.97,1.72
1660,2022-11-04,42.49,43.4,44.17,42.21,347695,1502942273.0,4.69,3.95,1.65,2.23
1661,2022-11-07,43.0,42.62,43.9,42.45,256097,1101757613.0,3.34,-1.8,-0.78,1.64
1662,2022-11-08,42.68,42.1,42.75,41.56,144519,606111435.0,2.79,-1.22,-0.52,0.93
1663,2022-11-09,42.02,41.88,42.45,41.76,134454,565747729.0,1.64,-0.52,-0.22,0.86
1664,2022-11-10,41.61,41.29,42.26,41.0,153363,637436256.0,3.01,-1.41,-0.59,0.98
1665,2022-11-11,43.5,41.16,43.67,41.13,351106,1488883704.0,6.15,-0.31,-0.13,2.25
1666,2022-11-14,41.17,42.57,43.65,40.56,330992,1401752264.0,7.51,3.43,1.41,2.12
1667,2022-11-15,42.86,42.57,43.14,42.1,267067,1137612785.0,2.44,0.0,0.0,1.71
1668,2022-11-16,43.7,43.88,45.39,43.16,651707,2888416453.0,5.24,3.08,1.31,4.18
1669,2022-11-17,43.43,44.38,44.5,42.82,347035,1515664959.0,3.83,1.14,0.5,2.23
1670,2022-11-18,44.57,47.05,47.88,44.21,755298,3501316436.0,8.27,6.02,2.67,4.85
1671,2022-11-21,46.49,45.89,46.52,45.26,395710,1812291821.0,2.68,-2.47,-1.16,2.54
1672,2022-11-22,45.59,43.92,46.19,43.45,371848,1662694591.0,5.97,-4.29,-1.97,2.39
1673,2022-11-23,43.75,43.09,44.09,42.43,215738,927297625.0,3.78,-1.89,-0.83,1.38
1674,2022-11-24,43.2,44.0,44.19,43.18,188393,822822664.0,2.34,2.11,0.91,1.21
1675,2022-11-25,43.8,43.34,43.98,42.78,152194,659559201.0,2.73,-1.5,-0.66,0.98
1676,2022-11-28,42.9,43.41,44.29,42.83,169701,739295158.0,3.37,0.16,0.07,1.09
1677,2022-11-29,43.02,45.12,45.3,42.87,313402,1384492191.0,5.6,3.94,1.71,2.01
1678,2022-11-30,44.39,42.27,44.39,41.11,335380,1452969994.0,7.27,-6.32,-2.85,2.15
1679,2022-12-01,42.26,40.84,42.58,39.73,475429,1946366672.0,6.74,-3.38,-1.43,3.05
1680,2022-12-02,40.84,41.01,41.26,40.48,173714,710617261.0,1.91,0.42,0.17,1.11
1681,2022-12-05,40.35,39.43,40.5,38.9,361643,1427238474.0,3.9,-3.85,-1.58,2.32
1682,2022-12-06,39.22,39.21,39.63,38.9,177497,696323715.0,1.85,-0.56,-0.22,1.14
1683,2022-12-07,38.98,39.32,39.5,38.55,175506,687066078.0,2.42,0.28,0.11,1.13
1684,2022-12-08,39.58,40.2,40.59,39.33,253515,1018128282.0,3.2,2.24,0.88,1.63
1685,2022-12-09,40.0,40.7,41.08,39.61,247505,997766182.0,3.66,1.24,0.5,1.59
1686,2022-12-12,40.32,40.13,40.89,39.86,170524,686709512.0,2.53,-1.4,-0.57,1.09
1687,2022-12-13,39.9,42.09,43.7,39.5,424080,1773134486.0,10.47,4.88,1.96,2.72
1688,2022-12-14,42.09,41.25,42.26,41.12,200125,830792278.0,2.71,-2.0,-0.84,1.28
1689,2022-12-15,41.0,40.11,41.29,40.0,182607,736682659.0,3.13,-2.76,-1.14,1.17
1690,2022-12-16,39.91,40.51,40.86,39.89,155537,628774013.0,2.42,1.0,0.4,1.0
1691,2022-12-19,40.9,39.34,40.95,39.02,138416,548638516.0,4.76,-2.89,-1.17,0.89
1692,2022-12-20,39.3,39.7,40.32,39.01,121019,481423760.0,3.33,0.92,0.36,0.78
1693,2022-12-21,40.29,39.88,40.34,39.7,109841,439349652.0,1.61,0.45,0.18,0.71
1694,2022-12-22,39.83,39.29,40.1,39.1,105779,419113959.0,2.51,-1.48,-0.59,0.68
1695,2022-12-23,38.99,39.98,40.6,38.91,152392,606944801.0,4.3,1.76,0.69,0.98
1696,2022-12-26,39.75,39.79,40.1,39.4,86919,346281815.0,1.75,-0.48,-0.19,0.56
1697,2022-12-27,39.85,39.02,39.95,38.39,170876,664347780.0,3.92,-1.94,-0.77,1.1
1698,2022-12-28,38.75,39.1,39.58,38.73,110882,434426464.0,2.18,0.21,0.08,0.71
1699,2022-12-29,38.99,39.87,40.47,38.87,188372,753064038.0,4.09,1.97,0.77,1.21
1700,2022-12-30,40.0,40.19,40.85,39.64,139355,561086557.0,3.03,0.8,0.32,0.89
