,日期,开盘,收盘,最高,最低,成交量,成交额,振幅,涨跌幅,涨跌额,换手率
0,2015-11-02,37.9,28.25,39.64,28.25,181594,1181059664.0,203.76,405.37,22.66,7.09
1,2015-11-03,30.29,31.45,31.45,28.45,361704,2142831744.0,10.62,11.33,3.2,14.13
2,2015-11-04,30.07,30.62,31.87,28.48,317415,1841589712.0,10.78,-2.64,-0.83,12.4
3,2015-11-05,30.73,30.0,31.89,29.6,206148,1228109216.0,7.48,-2.02,-0.62,8.05
4,2015-11-06,29.2,28.71,29.8,28.47,269931,1519092880.0,4.43,-4.3,-1.29,10.55
5,2015-11-09,27.72,27.2,28.24,26.11,264020,1403500576.0,7.42,-5.26,-1.51,10.32
6,2015-11-10,26.59,27.83,28.32,26.34,192935,1046395120.0,7.28,2.32,0.63,7.54
7,2015-11-11,27.78,27.02,27.78,26.71,169788,901541264.0,3.84,-2.91,-0.81,6.63
8,2015-11-12,27.02,29.39,30.02,26.91,285481,1600005888.0,11.51,8.77,2.37,11.15
9,2015-11-13,28.3,27.54,29.33,27.26,179337,988697920.0,7.04,-6.29,-1.85,7.01
10,2015-11-16,26.46,27.21,27.26,26.33,101968,540534576.0,3.38,-1.2,-0.33,3.98
11,2015-11-17,27.29,27.49,29.04,27.29,146872,805175696.0,6.43,1.03,0.28,5.74
12,2015-11-18,27.49,26.5,27.49,26.35,96281,509946544.0,4.15,-3.6,-0.99,3.76
13,2015-11-19,26.5,27.28,27.85,26.5,102307,548431216.0,5.09,2.94,0.78,4.0
14,2015-11-20,27.43,26.94,27.43,26.62,108133,573674992.0,2.97,-1.25,-0.34,4.22
15,2015-11-23,26.94,26.79,27.49,26.69,96161,511090416.0,2.97,-0.56,-0.15,3.76
16,2015-11-24,26.66,28.48,28.94,26.57,225944,1240461344.0,8.85,6.31,1.69,8.83
17,2015-11-25,28.08,28.35,28.76,27.56,156612,866831344.0,4.21,-0.46,-0.13,6.12
18,2015-11-26,28.42,27.51,28.52,27.49,100633,549173392.0,3.63,-2.96,-0.84,3.93
19,2015-11-27,27.54,25.41,27.54,25.0,125653,653520400.0,9.23,-7.63,-2.1,4.91
20,2015-11-30,25.43,24.51,25.84,23.14,147330,719830592.0,10.63,-3.54,-0.9,5.76
21,2015-12-01,24.51,24.02,24.59,23.61,104311,499571184.0,4.0,-2.0,-0.49,4.08
22,2015-12-02,24.02,23.81,24.02,22.28,132631,618985104.0,7.24,-0.87,-0.21,5.18
23,2015-12-03,23.64,25.04,25.15,23.56,117892,574515888.0,6.68,5.17,1.23,4.61
24,2015-12-04,24.73,25.07,25.91,24.6,107880,543023056.0,5.23,0.12,0.03,4.21
25,2015-12-07,25.07,24.67,25.47,24.48,71144,351234048.0,3.95,-1.6,-0.4,2.78
26,2015-12-08,24.59,23.63,24.59,23.32,90714,429644160.0,5.15,-4.22,-1.04,3.54
27,2015-12-09,23.21,23.18,23.56,22.87,67356,313571952.0,2.92,-1.9,-0.45,2.63
28,2015-12-10,23.44,23.78,24.4,23.44,84654,405467200.0,4.14,2.59,0.6,3.31
29,2015-12-11,23.47,23.31,23.48,22.89,54927,254888394.0,2.48,-1.98,-0.47,2.15
30,2015-12-14,22.86,23.51,23.61,22.69,51646,240102837.0,3.95,0.86,0.2,2.02
31,2015-12-15,23.47,23.42,23.94,23.24,53004,250210192.0,2.98,-0.38,-0.09,2.07
32,2015-12-16,23.56,23.91,24.52,23.45,76569,367388896.0,4.57,2.09,0.49,2.99
33,2015-12-17,24.14,24.24,24.35,23.9,99371,478340128.0,1.88,1.38,0.33,3.88
34,2015-12-18,24.25,23.81,24.25,23.73,61287,293215632.0,2.15,-1.77,-0.43,2.39
35,2015-12-21,23.7,24.17,24.36,23.6,68930,332260496.0,3.19,1.51,0.36,2.69
36,2015-12-22,24.25,24.59,24.72,24.08,85153,415610768.0,2.65,1.74,0.42,3.33
37,2015-12-23,24.66,23.92,24.77,23.9,76573,371185600.0,3.54,-2.72,-0.67,2.99
38,2015-12-24,23.87,23.45,23.87,23.02,54883,256806641.0,3.55,-1.96,-0.47,2.14
39,2015-12-25,23.43,23.59,23.61,23.15,55890,261323540.0,1.96,0.6,0.14,2.18
40,2015-12-28,23.71,22.75,23.78,22.63,79136,369445840.0,4.87,-3.56,-0.84,3.09
41,2015-12-29,22.8,23.02,23.03,22.35,58459,266533942.0,2.99,1.19,0.27,2.28
42,2015-12-30,23.12,22.89,23.12,22.68,39688,182557494.0,1.91,-0.56,-0.13,1.55
43,2015-12-31,22.89,22.71,22.96,22.63,34317,157411586.0,1.44,-0.79,-0.18,1.35
44,2016-01-04,22.71,21.69,23.44,21.42,70975,326077440.0,8.89,-4.49,-1.02,2.78
45,2016-01-05,21.01,22.29,22.49,20.84,86158,382234384.0,7.61,2.77,0.6,3.38
46,2016-01-06,22.29,24.52,24.89,22.29,184520,883427104.0,11.66,10.0,2.23,7.23
47,2016-01-07,23.78,21.75,23.79,21.69,43077,197150703.0,8.56,-11.3,-2.77,1.69
48,2016-01-08,22.98,24.3,24.3,21.2,190906,899930912.0,14.25,11.72,2.55,7.48
49,2016-01-11,24.1,24.75,26.26,23.56,264863,1333449296.0,11.11,1.85,0.45,10.38
50,2016-01-12,24.75,24.05,25.52,22.75,163844,793178592.0,11.19,-2.83,-0.7,6.42
51,2016-01-13,23.67,22.72,24.48,21.7,129928,606845312.0,11.56,-5.53,-1.33,5.09
52,2016-01-14,21.73,23.73,23.73,21.7,127744,584227136.0,8.93,4.45,1.01,5.01
53,2016-01-15,23.79,21.95,23.94,21.7,129806,591609632.0,9.44,-7.5,-1.78,5.09
54,2016-01-18,20.95,21.31,21.85,20.89,64260,277538736.0,4.37,-2.92,-0.64,2.52
55,2016-02-03,21.36,20.18,21.36,18.93,91988,379423456.0,11.4,-5.3,-1.13,3.61
56,2016-02-04,20.2,20.58,20.6,19.96,80317,332472304.0,3.17,1.98,0.4,3.15
57,2016-02-05,20.55,20.27,20.71,20.21,60790,253913989.0,2.43,-1.51,-0.31,2.38
58,2016-02-15,19.11,19.46,19.71,19.07,65329,261559696.0,3.16,-4.0,-0.81,2.56
59,2016-02-16,19.6,20.4,20.54,19.6,71936,299070080.0,4.83,4.83,0.94,2.82
60,2016-02-17,21.07,21.84,22.69,21.07,98969,440355968.0,7.94,7.06,1.44,3.88
61,2016-02-18,21.83,21.6,22.13,21.46,72693,320771648.0,3.07,-1.1,-0.24,2.85
62,2016-02-19,21.61,21.79,21.99,21.61,49683,219569800.0,1.76,0.88,0.19,1.95
63,2016-02-22,22.31,21.9,22.5,21.72,65343,291466816.0,3.58,0.5,0.11,2.56
64,2016-02-23,22.22,21.39,22.23,21.22,56735,248762318.0,4.61,-2.33,-0.51,2.22
65,2016-02-24,21.39,23.28,23.57,21.36,175463,799930320.0,10.33,8.84,1.89,6.88
66,2016-02-25,22.75,21.65,23.9,21.18,148488,683499024.0,11.68,-7.0,-1.63,5.82
67,2016-02-26,21.94,22.67,23.01,21.76,117767,534105760.0,5.77,4.71,1.02,4.62
68,2016-02-29,22.63,23.85,24.02,21.39,175165,811038800.0,11.6,5.21,1.18,6.87
69,2016-03-01,24.14,24.8,25.88,23.5,174321,863140032.0,9.98,3.98,0.95,6.83
70,2016-03-02,24.45,25.09,25.23,23.73,145562,711886096.0,6.05,1.17,0.29,5.71
71,2016-03-03,24.66,24.12,25.71,24.05,120201,594079248.0,6.62,-3.87,-0.97,4.71
72,2016-03-04,23.79,25.07,25.87,23.79,153732,769506704.0,8.62,3.94,0.95,6.03
73,2016-03-07,25.47,25.81,26.23,25.07,103601,527037808.0,4.63,2.95,0.74,4.06
74,2016-03-08,25.33,24.79,25.52,23.73,90164,441456816.0,6.94,-3.95,-1.02,3.53
75,2016-03-09,24.0,23.4,24.6,22.87,67261,319426512.0,6.98,-5.61,-1.39,2.64
76,2016-03-10,23.55,23.94,24.76,23.44,67823,327767328.0,5.64,2.31,0.54,2.66
77,2016-03-11,23.7,24.16,24.71,23.46,45945,223096851.0,5.22,0.92,0.22,1.8
78,2016-03-14,24.31,25.04,25.47,24.31,68602,340837488.0,4.8,3.64,0.88,2.69
79,2016-03-15,25.06,24.31,25.62,24.3,53833,265720157.0,5.27,-2.92,-0.73,2.11
80,2016-03-16,24.31,23.5,24.59,23.16,57527,273123280.0,5.88,-3.33,-0.81,2.26
81,2016-03-17,23.51,24.3,24.49,23.27,63378,305350816.0,5.19,3.4,0.8,2.48
82,2016-03-18,24.37,24.92,25.17,24.37,85730,423127280.0,3.29,2.55,0.62,3.36
83,2016-03-21,25.19,25.37,26.06,24.93,109470,554320176.0,4.53,1.81,0.45,4.29
84,2016-03-22,25.18,26.31,27.59,24.76,133113,697715040.0,11.15,3.71,0.94,5.22
85,2016-03-23,26.07,26.85,27.47,26.06,115706,614394544.0,5.36,2.05,0.54,4.54
86,2016-03-24,26.74,26.33,27.8,26.07,109362,582716208.0,6.44,-1.94,-0.52,4.29
87,2016-03-25,25.88,25.91,26.28,25.41,85291,435566192.0,3.3,-1.6,-0.42,3.34
88,2016-03-28,26.55,25.61,26.74,25.4,63902,329914592.0,5.17,-1.16,-0.3,2.51
89,2016-03-29,25.39,25.68,26.03,25.18,51554,260784862.0,3.32,0.27,0.07,2.02
90,2016-03-30,26.15,26.43,26.5,25.64,69630,358827872.0,3.35,2.92,0.75,2.73
91,2016-03-31,26.44,26.02,26.71,25.96,52670,273396208.0,2.84,-1.55,-0.41,2.06
92,2016-04-01,25.85,25.75,26.04,25.23,42049,212760824.0,3.11,-1.04,-0.27,1.65
93,2016-04-05,25.93,26.29,26.32,25.51,74566,382128800.0,3.15,2.1,0.54,2.92
94,2016-04-06,26.19,26.84,27.39,26.04,105374,556709296.0,5.14,2.09,0.55,4.13
95,2016-04-07,26.91,25.99,27.14,25.99,66748,347313456.0,4.28,-3.17,-0.85,2.62
96,2016-04-08,25.76,26.16,27.09,25.0,121396,622199232.0,8.04,0.65,0.17,4.76
97,2016-04-11,26.33,25.86,26.59,25.67,105767,543370608.0,3.52,-1.15,-0.3,4.15
98,2016-04-12,25.81,24.57,25.81,24.22,107200,529782896.0,6.15,-4.99,-1.29,4.2
99,2016-04-13,24.6,24.59,24.97,24.57,82030,404696416.0,1.63,0.08,0.02,3.22
100,2016-04-14,24.71,24.86,24.95,24.26,89442,437054112.0,2.81,1.1,0.27,3.51
101,2016-04-15,24.89,24.65,24.94,24.43,62383,306123568.0,2.05,-0.84,-0.21,2.45
102,2016-04-18,24.78,25.04,25.18,24.71,75222,373042272.0,1.91,1.58,0.39,2.95
103,2016-04-19,25.43,24.92,25.43,24.72,54375,269782640.0,2.84,-0.48,-0.12,2.13
104,2016-04-20,25.12,23.67,25.18,23.15,91832,439542048.0,8.15,-5.02,-1.25,3.6
105,2016-04-21,23.83,23.43,23.83,23.34,49240,231914169.0,2.07,-1.01,-0.24,1.93
106,2016-04-22,23.16,23.63,23.9,23.07,44446,209842626.0,3.54,0.85,0.2,1.74
107,2016-04-25,23.47,23.35,23.61,23.15,34318,160490397.0,1.95,-1.18,-0.28,1.35
108,2016-04-26,23.38,23.61,23.69,23.35,31681,149492701.0,1.46,1.11,0.26,1.24
109,2016-04-27,23.67,23.38,23.76,23.33,29201,137752000.0,1.82,-0.97,-0.23,1.14
110,2016-04-28,23.39,23.12,23.46,22.79,37644,174517371.0,2.87,-1.11,-0.26,1.48
111,2016-04-29,22.98,23.21,23.44,22.85,28708,133801004.0,2.55,0.39,0.09,1.13
112,2016-05-03,23.35,24.18,24.19,23.21,60388,289391664.0,4.22,4.18,0.97,2.37
113,2016-05-04,24.19,24.02,24.49,23.99,49758,240441192.0,2.07,-0.66,-0.16,1.95
114,2016-05-05,24.02,24.19,24.34,23.86,39154,188496096.0,2.0,0.71,0.17,1.53
115,2016-05-06,24.19,23.56,24.71,23.5,76991,371619392.0,5.0,-2.6,-0.63,3.02
116,2016-05-09,23.56,22.35,23.57,22.28,56483,258496070.0,5.48,-5.14,-1.21,2.21
117,2016-05-10,22.34,22.22,22.68,22.17,42631,192560950.0,2.28,-0.58,-0.13,1.67
118,2016-05-11,22.68,23.09,24.01,22.37,99602,465591264.0,7.38,3.92,0.87,3.9
119,2016-05-12,22.79,22.23,22.79,20.94,64346,287708480.0,8.01,-3.72,-0.86,2.52
120,2016-05-13,22.25,22.49,23.26,22.25,44707,204473344.0,4.54,1.17,0.26,1.75
121,2016-05-16,22.5,23.32,23.38,22.46,67108,310184016.0,4.09,3.69,0.83,2.63
122,2016-05-17,23.32,22.78,23.37,22.65,55902,257321903.0,3.09,-2.32,-0.54,2.19
123,2016-05-18,22.45,21.9,22.45,21.72,47172,209350443.0,3.2,-3.86,-0.88,1.84
124,2016-05-19,22.1,21.82,22.31,21.73,36134,161101155.0,2.65,-0.37,-0.08,1.41
125,2016-05-20,21.65,21.93,21.98,21.42,26862,118351390.0,2.57,0.5,0.11,1.05
126,2016-05-23,21.93,22.16,22.24,21.81,27342,121948548.0,1.96,1.05,0.23,1.06
127,2016-05-24,22.09,21.74,22.19,21.62,30289,133481287.0,2.57,-1.9,-0.42,1.17
128,2016-05-25,21.88,21.76,21.99,21.59,24149,106425323.0,1.84,0.09,0.02,0.94
129,2016-05-26,21.82,21.57,21.92,21.24,34331,149625993.0,3.13,-0.87,-0.19,1.33
130,2016-05-27,21.63,22.05,22.39,21.54,48826,217153759.0,3.94,2.23,0.48,1.89
131,2016-05-30,22.05,21.88,22.09,21.81,29569,131168898.0,1.27,-0.77,-0.17,1.15
132,2016-05-31,21.96,22.85,22.89,21.89,71614,324681376.0,4.57,4.43,0.97,2.78
133,2016-06-01,22.93,22.7,22.99,22.58,64531,243680433.0,1.79,-0.66,-0.15,2.08
134,2016-06-02,22.64,22.77,22.92,22.52,45785,172429584.0,1.76,0.31,0.07,1.48
135,2016-06-03,22.82,23.18,23.18,22.63,91076,346640416.0,2.42,1.8,0.41,2.94
136,2016-06-06,23.2,22.87,23.21,22.76,54903,208435005.0,1.94,-1.34,-0.31,1.77
137,2016-06-07,22.88,22.73,22.92,22.54,43949,165395658.0,1.66,-0.61,-0.14,1.42
138,2016-06-08,22.71,22.22,22.71,21.98,71313,263921558.0,3.21,-2.24,-0.51,2.3
139,2016-06-13,21.84,21.46,22.07,21.46,54918,199471287.0,2.75,-3.42,-0.76,1.77
140,2016-06-14,21.25,21.53,21.67,21.25,29345,105453313.0,1.96,0.33,0.07,0.95
141,2016-06-15,21.08,21.9,22.08,21.08,50191,182652953.0,4.64,1.72,0.37,1.62
142,2016-06-16,21.9,21.58,22.21,21.54,47037,171733071.0,3.06,-1.46,-0.32,1.52
143,2016-06-17,21.67,21.66,21.93,21.52,40591,147135075.0,1.9,0.37,0.08,1.31
144,2016-06-20,21.7,21.66,21.83,21.41,40003,144479442.0,1.94,0.0,0.0,1.29
145,2016-06-21,21.86,21.7,21.88,21.64,44288,160760426.0,1.11,0.18,0.04,1.43
146,2016-06-22,21.67,22.04,22.09,21.65,46732,170667305.0,2.03,1.57,0.34,1.51
147,2016-06-23,22.04,21.79,22.15,21.68,35900,130800770.0,2.13,-1.13,-0.25,1.16
148,2016-06-24,21.8,21.54,21.88,21.08,53599,192843204.0,3.67,-1.15,-0.25,1.73
149,2016-06-27,21.26,21.89,21.93,21.26,49931,181372076.0,3.11,1.62,0.35,1.61
150,2016-06-28,21.74,21.86,21.99,21.59,50993,185269979.0,1.83,-0.14,-0.03,1.65
151,2016-06-29,22.07,21.77,22.07,21.68,43413,158273189.0,1.78,-0.41,-0.09,1.4
152,2016-06-30,21.81,21.68,22.0,21.6,51435,186891655.0,1.84,-0.41,-0.09,1.66
153,2016-07-01,21.75,21.98,22.19,21.68,70589,258507339.0,2.35,1.38,0.3,2.28
154,2016-07-04,21.97,22.36,22.41,21.78,81699,301590912.0,2.87,1.73,0.38,2.64
155,2016-07-05,22.4,22.21,22.47,22.06,66885,247124357.0,1.83,-0.67,-0.15,2.16
156,2016-07-06,22.27,23.2,23.27,22.14,114231,430929792.0,5.09,4.46,0.99,3.69
157,2016-07-07,23.18,23.27,23.76,23.0,117279,452768928.0,3.28,0.3,0.07,3.79
158,2016-07-08,23.32,22.93,23.48,22.82,60885,232145850.0,2.84,-1.46,-0.34,1.97
159,2016-07-11,22.98,22.74,23.32,22.69,60781,230954177.0,2.75,-0.83,-0.19,1.96
160,2016-07-12,22.79,23.19,23.23,22.61,69844,265772586.0,2.73,1.98,0.45,2.26
161,2016-07-13,23.23,23.55,23.96,23.0,100023,388304336.0,4.14,1.55,0.36,3.23
162,2016-07-14,23.6,24.19,24.26,23.48,129437,511472592.0,3.31,2.72,0.64,4.18
163,2016-07-15,24.19,24.71,25.27,24.1,123646,504101520.0,4.84,2.15,0.52,3.99
164,2016-07-18,24.79,24.71,25.24,24.29,110156,448749104.0,3.84,0.0,0.0,3.56
165,2016-07-19,24.59,24.25,24.59,24.07,70665,282635056.0,2.1,-1.86,-0.46,2.28
166,2016-07-20,24.23,24.14,24.39,24.0,37798,150500030.0,1.61,-0.45,-0.11,1.22
167,2016-07-21,24.18,23.96,24.38,23.91,52318,208256027.0,1.95,-0.75,-0.18,1.69
168,2016-07-22,23.96,23.41,24.16,23.37,49351,192611792.0,3.3,-2.3,-0.55,1.59
169,2016-07-25,23.47,23.68,23.84,23.21,49377,191991242.0,2.69,1.15,0.27,1.6
170,2016-07-26,23.48,23.75,23.82,23.46,45744,178458589.0,1.52,0.3,0.07,1.48
171,2016-07-27,23.82,22.36,23.82,22.02,84901,321391264.0,7.58,-5.85,-1.39,2.74
172,2016-07-28,22.36,22.54,22.69,22.2,40299,150596747.0,2.19,0.81,0.18,1.3
173,2016-07-29,22.54,22.64,22.77,22.16,39522,147632272.0,2.71,0.44,0.1,1.28
174,2016-08-01,22.73,22.27,22.73,22.19,30883,114765906.0,2.39,-1.63,-0.37,1.0
175,2016-08-02,22.29,22.36,22.43,22.23,21947,81476892.0,0.9,0.4,0.09,0.71
176,2016-08-03,22.35,22.36,22.4,22.23,21476,79738667.0,0.76,0.0,0.0,0.69
177,2016-08-04,22.36,22.29,22.36,22.02,25469,94247771.0,1.52,-0.31,-0.07,0.82
178,2016-08-05,22.29,22.73,23.04,22.22,47816,179904121.0,3.68,1.97,0.44,1.54
179,2016-08-08,22.54,22.78,22.87,22.5,34062,128312461.0,1.63,0.22,0.05,1.1
180,2016-08-09,22.75,22.82,22.88,22.61,36635,138225054.0,1.19,0.18,0.04,1.18
181,2016-08-10,22.77,22.55,22.84,22.54,35956,135237384.0,1.31,-1.18,-0.27,1.16
182,2016-08-11,22.64,22.2,22.68,22.18,35191,131047369.0,2.22,-1.55,-0.35,1.14
183,2016-08-12,22.33,22.41,22.45,22.07,32283,119552861.0,1.71,0.95,0.21,1.04
184,2016-08-15,22.43,22.79,22.99,22.25,67234,253779673.0,3.3,1.7,0.38,2.17
185,2016-08-16,22.79,22.96,23.05,22.75,53496,203004194.0,1.32,0.75,0.17,1.73
186,2016-08-17,22.92,22.86,22.94,22.77,38573,146145606.0,0.74,-0.44,-0.1,1.25
187,2016-08-18,22.84,22.78,22.96,22.73,32970,124671265.0,1.01,-0.35,-0.08,1.07
188,2016-08-19,22.78,22.81,22.91,22.71,29384,111238111.0,0.88,0.13,0.03,0.95
189,2016-08-22,22.82,22.54,22.91,22.53,30418,114599374.0,1.67,-1.18,-0.27,0.98
190,2016-08-23,22.47,22.64,22.79,22.44,25370,95404856.0,1.55,0.44,0.1,0.82
191,2016-08-24,22.66,22.98,23.04,22.66,47291,179861403.0,1.68,1.5,0.34,1.53
192,2016-08-25,22.93,23.02,23.02,22.56,44836,169533807.0,2.0,0.17,0.04,1.45
193,2016-08-26,23.36,22.91,23.41,22.87,58186,222694130.0,2.35,-0.48,-0.11,1.88
194,2016-08-29,22.83,22.86,22.99,22.78,29600,112453112.0,0.92,-0.22,-0.05,0.96
195,2016-08-30,23.06,23.04,23.37,23.02,45656,175168294.0,1.53,0.79,0.18,1.48
196,2016-08-31,23.19,23.04,23.2,22.84,41344,157412362.0,1.56,0.0,0.0,1.34
197,2016-09-01,23.19,23.09,23.32,23.09,52390,201150829.0,1.0,0.22,0.05,1.69
198,2016-09-02,23.04,22.91,23.12,22.75,32280,122669578.0,1.6,-0.78,-0.18,1.04
199,2016-09-05,22.97,22.85,23.04,22.81,23775,90414729.0,1.0,-0.26,-0.06,0.77
200,2016-09-06,22.78,22.98,23.0,22.5,36364,137319582.0,2.19,0.57,0.13,1.17
201,2016-09-07,22.98,22.84,23.02,22.82,30648,116460670.0,0.87,-0.61,-0.14,0.99
202,2016-09-08,22.84,22.98,22.98,22.71,24509,92907121.0,1.18,0.61,0.14,0.79
203,2016-09-09,22.92,22.88,22.98,22.84,20783,78892627.0,0.61,-0.44,-0.1,0.67
204,2016-09-12,22.57,22.16,22.67,22.16,44377,165228346.0,2.23,-3.15,-0.72,1.43
205,2016-09-13,22.25,22.11,22.34,21.98,19997,73745749.0,1.62,-0.23,-0.05,0.65
206,2016-09-14,22.02,22.02,22.17,21.9,17611,64664178.0,1.22,-0.41,-0.09,0.57
207,2016-09-19,22.03,22.18,22.36,22.03,16606,61450941.0,1.5,0.73,0.16,0.54
208,2016-09-20,22.19,22.17,22.27,22.11,11971,44205951.0,0.72,-0.05,-0.01,0.39
209,2016-09-21,22.18,22.14,22.22,22.02,12764,47140477.0,0.9,-0.14,-0.03,0.41
210,2016-09-22,22.26,22.16,22.31,22.16,20368,75317956.0,0.68,0.09,0.02,0.66
211,2016-09-23,22.28,22.02,22.28,22.02,17391,64009692.0,1.17,-0.63,-0.14,0.56
212,2016-09-26,22.02,21.53,22.09,21.52,26758,96986965.0,2.59,-2.23,-0.49,0.86
213,2016-09-27,21.53,21.54,21.62,21.25,17990,64563001.0,1.72,0.05,0.01,0.58
214,2016-09-28,21.64,21.33,21.64,21.33,12481,44743281.0,1.44,-0.97,-0.21,0.4
215,2016-09-29,21.43,21.38,21.49,21.34,15899,56970062.0,0.7,0.23,0.05,0.51
216,2016-09-30,21.41,21.44,21.48,21.32,16031,57389352.0,0.75,0.28,0.06,0.52
217,2016-10-10,21.45,21.74,21.74,21.36,42714,153914952.0,1.77,1.4,0.3,1.38
218,2016-10-11,21.79,21.96,21.96,21.68,47083,171660588.0,1.29,1.01,0.22,1.52
219,2016-10-12,21.82,22.16,22.19,21.81,40007,147029357.0,1.73,0.91,0.2,1.29
220,2016-10-13,22.09,22.07,22.18,21.89,24401,89572242.0,1.31,-0.41,-0.09,0.79
221,2016-10-14,22.07,21.95,22.08,21.77,27722,101425747.0,1.4,-0.54,-0.12,0.9
222,2016-10-17,21.95,21.6,22.04,21.56,25505,92842840.0,2.19,-1.59,-0.35,0.82
223,2016-10-18,21.61,21.98,21.98,21.54,34538,125258830.0,2.04,1.76,0.38,1.12
224,2016-10-19,22.05,21.88,22.05,21.69,34344,125051846.0,1.64,-0.45,-0.1,1.11
225,2016-10-20,21.87,21.81,21.91,21.74,24776,90290567.0,0.78,-0.32,-0.07,0.8
226,2016-10-21,21.82,21.68,21.87,21.59,32028,116143281.0,1.28,-0.6,-0.13,1.03
227,2016-10-24,21.62,21.73,21.84,21.57,39827,144343272.0,1.25,0.23,0.05,1.29
228,2016-10-25,21.74,21.66,21.74,21.63,35836,129767792.0,0.51,-0.32,-0.07,1.16
229,2016-10-26,21.66,22.07,22.21,21.6,90097,329714080.0,2.82,1.89,0.41,2.91
230,2016-10-27,22.0,21.87,22.08,21.77,40605,148329668.0,1.4,-0.91,-0.2,1.31
231,2016-10-28,21.86,21.6,21.88,21.57,51397,186082353.0,1.42,-1.23,-0.27,1.66
232,2016-10-31,21.54,21.22,21.54,21.18,53918,192244339.0,1.67,-1.76,-0.38,1.74
233,2016-11-01,21.11,21.24,21.24,21.07,86582,306855328.0,0.8,0.09,0.02,2.8
234,2016-11-02,19.81,20.18,20.77,19.8,208201,709761312.0,4.57,-4.99,-1.06,0.73
235,2016-11-03,19.9,19.68,19.97,19.48,220432,734849344.0,2.43,-2.48,-0.5,0.78
236,2016-11-04,19.73,19.97,20.03,19.52,146093,486886112.0,2.59,1.47,0.29,0.51
237,2016-11-07,19.79,20.02,20.14,19.73,120168,405421776.0,2.05,0.25,0.05,0.42
238,2016-11-08,20.07,20.08,20.14,19.86,88465,299257776.0,1.4,0.3,0.06,0.31
239,2016-11-09,20.08,20.27,20.4,19.98,130771,446068496.0,2.09,0.95,0.19,0.46
240,2016-11-10,20.41,20.31,20.48,20.2,99258,334949888.0,1.38,0.2,0.04,0.35
241,2016-11-11,20.25,20.46,20.64,20.18,97908,331130864.0,2.26,0.74,0.15,0.34
242,2016-11-14,20.48,20.53,20.73,20.39,91252,311827680.0,1.66,0.34,0.07,0.32
243,2016-11-15,20.56,20.48,20.64,20.35,61278,207759503.0,1.41,-0.24,-0.05,0.22
244,2016-11-16,20.48,20.48,20.61,20.39,67056,228097122.0,1.07,0.0,0.0,0.24
245,2016-11-17,20.49,20.32,20.49,20.26,51205,172991033.0,1.12,-0.78,-0.16,0.18
246,2016-11-18,20.27,19.93,20.27,19.92,117492,391809808.0,1.72,-1.92,-0.39,0.41
247,2016-11-21,19.79,19.61,19.79,19.58,151685,497709952.0,1.05,-1.61,-0.32,0.53
248,2016-11-22,19.68,19.98,20.04,19.61,88805,293506016.0,2.19,1.89,0.37,0.31
249,2016-11-23,20.0,19.94,20.13,19.94,80585,268542288.0,0.95,-0.2,-0.04,0.28
250,2016-11-24,19.99,19.98,20.2,19.93,83325,278159856.0,1.35,0.2,0.04,0.29
251,2016-11-25,19.98,20.0,20.0,19.61,70538,233225592.0,1.95,0.1,0.02,0.25
252,2016-11-28,20.0,20.89,21.52,20.0,232390,799317616.0,7.6,4.45,0.89,0.82
253,2016-11-29,20.66,20.66,21.01,20.64,184410,635463504.0,1.77,-1.1,-0.23,0.65
254,2016-11-30,20.78,21.17,21.39,20.66,210410,735864192.0,3.53,2.47,0.51,0.74
255,2016-12-01,21.18,21.68,21.86,21.18,212528,758117920.0,3.21,2.41,0.51,0.75
256,2016-12-02,21.81,21.04,21.81,20.91,141532,496517216.0,4.15,-2.95,-0.64,0.5
257,2016-12-05,20.84,21.19,21.74,20.84,137849,487119936.0,4.28,0.71,0.15,0.49
258,2016-12-06,21.19,20.87,21.39,20.82,85153,295666960.0,2.69,-1.51,-0.32,0.3
259,2016-12-07,20.89,20.98,21.18,20.89,69021,240062761.0,1.39,0.53,0.11,0.24
260,2016-12-08,21.08,20.78,21.08,20.67,74819,258676764.0,1.95,-0.95,-0.2,0.26
261,2016-12-09,20.66,20.76,20.88,20.63,66059,227227201.0,1.2,-0.1,-0.02,0.23
262,2016-12-12,20.81,20.77,21.45,20.67,222383,775262224.0,3.76,0.05,0.01,0.78
263,2016-12-13,20.77,20.62,20.94,20.14,117892,400605616.0,3.85,-0.72,-0.15,0.42
264,2016-12-14,20.61,20.3,20.68,20.23,93845,318344176.0,2.18,-1.55,-0.32,0.33
265,2016-12-15,20.22,20.3,20.49,20.18,92271,311210976.0,1.53,0.0,0.0,0.33
266,2016-12-16,20.29,20.55,20.71,20.2,77018,261573377.0,2.51,1.23,0.25,0.27
267,2016-12-19,20.57,20.51,20.81,20.43,62156,212312529.0,1.85,-0.19,-0.04,0.22
268,2016-12-20,20.45,20.35,20.51,20.28,52222,176540657.0,1.12,-0.78,-0.16,0.18
269,2016-12-21,20.42,20.59,20.68,20.4,58999,200847547.0,1.38,1.18,0.24,0.21
270,2016-12-22,20.62,20.4,20.62,20.35,48448,164266210.0,1.31,-0.92,-0.19,0.17
271,2016-12-23,20.36,20.39,20.66,20.35,59734,202851143.0,1.52,-0.05,-0.01,0.21
272,2016-12-26,20.37,20.27,20.39,20.04,54219,181818651.0,1.72,-0.59,-0.12,0.19
273,2016-12-27,20.2,20.21,20.37,20.16,43655,147133604.0,1.04,-0.3,-0.06,0.15
274,2016-12-28,20.24,20.2,20.27,20.18,35811,120370891.0,0.45,-0.05,-0.01,0.13
275,2016-12-29,20.21,20.73,20.73,20.2,117784,400748064.0,2.62,2.62,0.53,0.42
276,2016-12-30,20.7,21.34,21.52,20.64,256916,899801984.0,4.25,2.94,0.61,0.91
277,2017-01-03,21.48,21.5,22.0,21.38,175512,625566800.0,2.91,0.75,0.16,0.59
278,2017-01-04,21.57,21.82,21.96,21.31,182458,654237344.0,3.02,1.49,0.32,0.61
279,2017-01-05,21.77,21.77,22.09,21.5,122027,438419168.0,2.7,-0.23,-0.05,0.41
280,2017-01-06,21.72,22.14,22.23,21.64,162226,588575680.0,2.71,1.7,0.37,0.54
281,2017-01-09,22.09,21.76,22.11,21.54,120357,432201968.0,2.57,-1.72,-0.38,0.4
282,2017-01-10,21.76,21.56,22.02,21.54,89348,320155904.0,2.21,-0.92,-0.2,0.3
283,2017-01-11,21.47,21.52,21.73,21.43,70825,251686634.0,1.39,-0.19,-0.04,0.24
284,2017-01-12,21.49,21.81,21.95,21.49,98708,354851200.0,2.14,1.35,0.29,0.33
285,2017-01-13,21.73,21.1,21.94,21.1,126018,445731824.0,3.85,-3.26,-0.71,0.42
286,2017-01-16,21.05,21.17,21.34,20.56,99054,344662944.0,3.7,0.33,0.07,0.33
287,2017-01-17,21.16,21.25,21.39,20.97,79043,276647600.0,1.98,0.38,0.08,0.27
288,2017-01-18,21.29,21.11,21.32,21.02,41129,143805617.0,1.41,-0.66,-0.14,0.14
289,2017-01-19,21.11,21.05,21.19,20.98,35761,124572247.0,0.99,-0.28,-0.06,0.12
290,2017-01-20,21.03,21.34,21.51,20.99,65505,230654819.0,2.47,1.38,0.29,0.22
291,2017-01-23,21.33,21.39,21.64,21.3,51272,181639391.0,1.59,0.23,0.05,0.17
292,2017-01-24,21.4,21.13,21.48,21.05,40734,142590566.0,2.01,-1.22,-0.26,0.14
293,2017-01-25,21.13,21.39,21.48,21.11,46000,162338491.0,1.75,1.23,0.26,0.15
294,2017-01-26,21.39,21.54,21.6,21.35,58276,206690998.0,1.17,0.7,0.15,0.2
295,2017-02-03,21.39,21.29,21.52,21.18,39060,137571527.0,1.58,-1.16,-0.25,0.13
296,2017-02-06,21.33,21.39,21.5,21.22,69818,246085533.0,1.32,0.47,0.1,0.23
297,2017-02-07,21.39,21.16,21.39,21.09,62014,217101312.0,1.4,-1.08,-0.23,0.21
298,2017-02-08,21.16,21.17,21.2,20.98,45484,158558495.0,1.04,0.05,0.01,0.15
299,2017-02-09,21.16,21.19,21.31,21.12,53670,187909239.0,0.9,0.09,0.02,0.18
300,2017-02-10,21.18,21.25,21.31,21.13,56365,197587032.0,0.85,0.28,0.06,0.19
301,2017-02-13,21.26,21.3,21.39,21.09,75356,264290718.0,1.41,0.24,0.05,0.25
302,2017-02-14,21.3,20.91,21.3,20.89,142447,494910656.0,1.92,-1.83,-0.39,0.48
303,2017-02-15,20.91,20.58,20.92,20.56,118416,406383600.0,1.72,-1.58,-0.33,0.4
304,2017-02-16,20.56,20.64,20.7,20.47,48882,167069546.0,1.12,0.29,0.06,0.16
305,2017-02-17,20.62,20.4,20.69,20.39,81041,275582240.0,1.45,-1.16,-0.24,0.27
306,2017-02-20,20.66,20.6,20.76,20.39,115489,393701744.0,1.81,0.98,0.2,0.39
307,2017-02-21,20.68,20.94,21.02,20.62,124601,430113584.0,1.94,1.65,0.34,0.42
308,2017-02-22,20.9,20.65,20.93,20.48,145542,497806096.0,2.15,-1.38,-0.29,0.49
309,2017-02-23,20.63,20.66,20.66,20.48,71006,242108302.0,0.87,0.05,0.01,0.24
310,2017-02-24,20.66,20.75,20.84,20.54,93858,322338608.0,1.45,0.44,0.09,0.31
311,2017-02-27,20.63,20.54,20.73,20.44,90672,309065648.0,1.4,-1.01,-0.21,0.3
312,2017-02-28,20.54,20.59,20.64,20.5,44924,153314546.0,0.68,0.24,0.05,0.15
313,2017-03-01,20.61,20.65,20.73,20.51,55089,188531570.0,1.07,0.29,0.06,0.18
314,2017-03-02,20.8,20.56,20.8,20.55,49911,170892211.0,1.21,-0.44,-0.09,0.17
315,2017-03-03,20.5,20.58,20.66,20.5,53098,181199352.0,0.78,0.1,0.02,0.18
316,2017-03-06,20.56,20.6,20.64,20.52,78406,267611805.0,0.58,0.1,0.02,0.26
317,2017-03-07,20.63,20.7,20.7,20.49,88183,301071408.0,1.02,0.49,0.1,0.3
318,2017-03-08,20.66,20.59,20.66,20.56,42167,144009392.0,0.48,-0.53,-0.11,0.14
319,2017-03-09,20.59,20.02,20.59,19.92,188099,631358544.0,3.25,-2.77,-0.57,0.63
320,2017-03-10,20.01,20.07,20.1,19.84,67670,225230198.0,1.3,0.25,0.05,0.23
321,2017-03-13,20.0,20.19,20.31,19.92,66255,222084190.0,1.94,0.6,0.12,0.22
322,2017-03-14,20.18,20.07,20.19,20.0,55590,185691304.0,0.94,-0.59,-0.12,0.19
323,2017-03-15,20.02,20.1,20.18,19.88,57311,191222089.0,1.49,0.15,0.03,0.19
324,2017-03-16,20.15,20.13,20.29,20.11,55168,185130178.0,0.9,0.15,0.03,0.19
325,2017-03-17,20.13,19.95,20.15,19.93,66406,221515368.0,1.09,-0.89,-0.18,0.22
326,2017-03-20,19.95,20.0,20.04,19.93,50986,169536610.0,0.55,0.25,0.05,0.17
327,2017-03-21,20.04,20.09,20.14,19.95,49409,164868264.0,0.95,0.45,0.09,0.17
328,2017-03-22,20.05,19.92,20.08,19.88,54582,181388699.0,1.0,-0.85,-0.17,0.18
329,2017-03-23,19.92,19.84,20.0,19.79,66811,221553128.0,1.05,-0.4,-0.08,0.22
330,2017-03-24,19.86,20.14,20.17,19.8,75331,250788565.0,1.86,1.51,0.3,0.25
331,2017-03-27,20.14,20.01,20.22,19.98,59480,198529650.0,1.19,-0.65,-0.13,0.2
332,2017-03-28,19.98,20.04,20.16,19.98,43468,145080863.0,0.9,0.15,0.03,0.15
333,2017-03-29,20.04,19.85,20.13,19.84,51222,170400063.0,1.45,-0.95,-0.19,0.17
334,2017-03-30,19.86,19.61,19.91,19.59,77325,253743269.0,1.61,-1.21,-0.24,0.26
335,2017-03-31,19.61,19.7,19.73,19.6,41885,137496795.0,0.66,0.46,0.09,0.14
336,2017-04-05,19.59,19.91,19.98,19.56,60037,198667760.0,2.13,1.07,0.21,0.2
337,2017-04-06,19.93,20.18,20.27,19.86,90341,302274480.0,2.06,1.36,0.27,0.3
338,2017-04-07,20.25,19.93,20.25,19.88,99115,329782736.0,1.83,-1.24,-0.25,0.33
339,2017-04-10,19.95,19.66,20.01,19.61,67672,222509077.0,2.01,-1.35,-0.27,0.23
340,2017-04-11,19.67,19.9,19.91,19.66,70935,234144461.0,1.27,1.22,0.24,0.24
341,2017-04-12,19.93,19.69,19.93,19.68,46018,151598232.0,1.26,-1.06,-0.21,0.15
342,2017-04-13,19.71,19.64,19.86,19.62,48615,159694011.0,1.22,-0.25,-0.05,0.16
343,2017-04-14,19.62,19.66,19.75,19.56,41659,136629211.0,0.97,0.1,0.02,0.14
344,2017-04-17,19.62,19.15,19.63,19.1,84311,271987888.0,2.7,-2.59,-0.51,0.28
345,2017-04-18,19.15,18.91,19.23,18.89,54023,172744067.0,1.78,-1.25,-0.24,0.18
346,2017-04-19,18.88,18.76,18.88,18.07,109560,340860288.0,4.28,-0.79,-0.15,0.37
347,2017-04-20,18.72,18.81,18.82,18.49,54324,170471743.0,1.76,0.27,0.05,0.18
348,2017-04-21,18.75,18.82,18.92,18.66,33788,106585576.0,1.38,0.05,0.01,0.11
349,2017-04-24,18.72,18.74,18.81,18.41,55813,174394055.0,2.13,-0.43,-0.08,0.19
350,2017-04-25,18.68,18.75,18.75,18.57,43707,137119410.0,0.96,0.05,0.01,0.15
351,2017-04-26,18.68,18.91,18.93,18.63,47575,150330216.0,1.6,0.85,0.16,0.16
352,2017-04-27,18.91,19.04,19.19,18.75,57895,184249247.0,2.33,0.69,0.13,0.19
353,2017-04-28,19.04,19.04,19.09,18.95,21768,69409198.0,0.74,0.0,0.0,0.07
354,2017-05-02,19.08,19.03,19.18,18.89,38861,124253912.0,1.52,-0.05,-0.01,0.13
355,2017-05-03,18.88,18.62,19.04,18.57,48862,154095704.0,2.47,-2.15,-0.41,0.16
356,2017-05-04,18.61,18.12,18.61,18.11,79769,246429041.0,2.69,-2.69,-0.5,0.27
357,2017-05-05,18.13,18.04,18.32,18.04,48951,149709191.0,1.55,-0.44,-0.08,0.16
358,2017-05-08,18.04,17.04,18.14,17.03,99775,295615808.0,6.15,-5.54,-1.0,0.33
359,2017-05-09,17.02,16.62,17.02,16.25,73872,209351032.0,4.52,-2.46,-0.42,0.25
360,2017-05-10,16.61,15.95,16.76,15.95,79221,222436556.0,4.87,-4.03,-0.67,0.27
361,2017-05-11,15.82,16.18,16.21,15.27,129640,350798560.0,5.89,1.44,0.23,0.43
362,2017-05-12,16.03,16.54,16.54,15.74,78601,218347933.0,4.94,2.22,0.36,0.26
363,2017-05-15,16.46,16.68,16.69,16.33,72532,205237829.0,2.18,0.85,0.14,0.24
364,2017-05-16,16.53,16.64,16.73,16.39,41230,116900633.0,2.04,-0.24,-0.04,0.14
365,2017-05-17,16.6,16.64,16.76,16.52,44270,126070295.0,1.44,0.0,0.0,0.15
366,2017-05-18,16.47,16.52,16.69,16.45,39872,113179291.0,1.44,-0.72,-0.12,0.13
367,2017-05-19,16.52,16.33,16.62,16.32,32744,91989303.0,1.82,-1.15,-0.19,0.11
368,2017-05-22,16.36,16.59,16.83,16.36,55927,159375645.0,2.88,1.59,0.26,0.19
369,2017-05-23,16.59,16.79,16.82,16.53,63811,182455623.0,1.75,1.21,0.2,0.21
370,2017-05-24,16.79,17.25,17.27,16.65,71261,207282499.0,3.69,2.74,0.46,0.24
371,2017-05-25,17.29,17.28,17.47,16.88,80359,235171289.0,3.42,0.17,0.03,0.27
372,2017-05-26,17.18,17.31,17.41,16.33,114330,267339396.0,6.25,0.17,0.03,0.33
373,2017-05-31,17.34,17.66,17.68,17.01,144620,343877248.0,3.87,2.02,0.35,0.41
374,2017-06-01,17.66,17.58,17.73,17.41,71825,172051401.0,1.81,-0.45,-0.08,0.2
375,2017-06-02,17.53,17.36,17.63,17.32,55459,132267108.0,1.76,-1.25,-0.22,0.16
376,2017-06-05,17.38,17.11,17.48,17.11,52353,123438013.0,2.13,-1.44,-0.25,0.15
377,2017-06-06,17.07,17.22,17.25,16.96,48203,113245399.0,1.69,0.64,0.11,0.14
378,2017-06-07,17.19,17.35,17.4,17.06,60001,141982472.0,1.97,0.75,0.13,0.17
379,2017-06-08,17.35,17.24,17.38,17.22,40955,96962714.0,0.92,-0.63,-0.11,0.12
380,2017-06-09,17.21,17.12,17.29,17.11,58917,138742977.0,1.04,-0.7,-0.12,0.17
381,2017-06-12,16.99,17.49,17.72,16.84,112312,266501120.0,5.14,2.16,0.37,0.31
382,2017-06-13,17.46,17.46,17.59,17.39,68184,163041485.0,1.14,-0.17,-0.03,0.19
383,2017-06-14,17.45,17.26,17.51,17.24,38709,91722718.0,1.55,-1.15,-0.2,0.11
384,2017-06-15,17.28,17.31,17.4,17.19,63217,149828917.0,1.22,0.29,0.05,0.18
385,2017-06-16,17.31,17.11,17.36,17.1,39599,93225926.0,1.5,-1.16,-0.2,0.11
386,2017-06-19,17.12,17.11,17.26,17.08,32692,76879586.0,1.05,0.0,0.0,0.09
387,2017-06-20,17.11,17.07,17.26,17.07,37009,86851605.0,1.11,-0.23,-0.04,0.1
388,2017-06-21,17.15,17.29,17.36,16.9,79415,186389720.0,2.69,1.29,0.22,0.22
389,2017-06-22,17.24,17.14,17.28,17.07,43081,101276989.0,1.21,-0.87,-0.15,0.12
390,2017-06-23,17.11,17.29,17.32,16.98,89712,211346997.0,1.98,0.88,0.15,0.25
391,2017-06-26,17.25,17.35,17.38,17.16,44708,105823404.0,1.27,0.35,0.06,0.12
392,2017-06-27,17.39,17.29,17.45,17.25,39935,94751704.0,1.15,-0.35,-0.06,0.11
393,2017-06-28,17.17,17.16,17.3,17.16,38729,91193373.0,0.81,-0.75,-0.13,0.11
394,2017-06-29,17.16,17.01,17.21,16.99,46420,108537574.0,1.28,-0.87,-0.15,0.13
395,2017-06-30,16.98,17.11,17.13,16.91,55064,128529679.0,1.29,0.59,0.1,0.16
396,2017-07-03,17.12,17.16,17.19,16.91,59724,139700109.0,1.64,0.29,0.05,0.17
397,2017-07-04,17.15,17.25,17.32,17.01,74490,175304575.0,1.81,0.52,0.09,0.21
398,2017-07-05,17.24,17.18,17.24,17.11,31436,73981690.0,0.75,-0.41,-0.07,0.09
399,2017-07-06,17.17,17.41,17.42,16.99,102166,240805131.0,2.5,1.34,0.23,0.29
400,2017-07-07,17.31,17.48,17.51,17.26,67757,161180687.0,1.44,0.4,0.07,0.19
401,2017-07-10,17.46,17.28,17.49,17.28,51510,122396328.0,1.2,-1.14,-0.2,0.15
402,2017-07-11,17.29,17.18,17.39,17.17,54952,130028006.0,1.27,-0.58,-0.1,0.15
403,2017-07-12,17.16,17.09,17.26,17.06,33590,78761580.0,1.16,-0.52,-0.09,0.09
404,2017-07-13,17.11,17.06,17.18,17.03,39195,91845762.0,0.88,-0.18,-0.03,0.11
405,2017-07-14,16.73,15.7,16.73,15.6,195142,433479312.0,6.62,-7.97,-1.36,0.55
406,2017-07-17,15.49,14.22,15.55,14.21,201257,409011520.0,8.54,-9.43,-1.48,0.57
407,2017-07-18,14.06,14.14,14.41,13.74,126993,250932572.0,4.71,-0.56,-0.08,0.36
408,2017-07-19,14.11,14.16,14.2,13.91,75999,150311221.0,2.05,0.14,0.02,0.21
409,2017-07-20,14.15,14.12,14.36,14.06,66101,132060716.0,2.12,-0.28,-0.04,0.19
410,2017-07-21,14.11,14.0,14.18,13.96,50492,99706663.0,1.56,-0.85,-0.12,0.14
411,2017-07-24,14.0,14.09,14.19,14.0,53634,106318325.0,1.36,0.64,0.09,0.15
412,2017-07-25,14.07,14.16,14.22,14.03,44928,89234101.0,1.35,0.5,0.07,0.13
413,2017-07-26,14.2,14.17,14.22,14.11,43054,85752718.0,0.78,0.07,0.01,0.12
414,2017-07-27,14.15,14.82,15.02,14.11,136922,279890944.0,6.42,4.59,0.65,0.39
415,2017-07-28,14.78,14.51,14.78,14.48,70218,143242873.0,2.02,-2.09,-0.31,0.2
416,2017-07-31,14.51,14.42,14.58,14.39,59664,120875396.0,1.31,-0.62,-0.09,0.17
417,2017-08-01,14.49,14.4,14.52,14.31,61448,124030661.0,1.46,-0.14,-0.02,0.17
418,2017-08-02,14.4,14.09,14.44,14.06,98840,197798764.0,2.64,-2.15,-0.31,0.28
419,2017-08-03,14.16,14.24,14.39,14.08,57200,114581729.0,2.2,1.06,0.15,0.16
420,2017-08-04,14.24,14.31,14.36,14.17,61229,122907230.0,1.33,0.49,0.07,0.17
421,2017-08-07,14.36,14.51,14.61,14.32,72697,147535319.0,2.03,1.4,0.2,0.21
422,2017-08-08,14.51,16.21,16.21,14.5,372875,806177888.0,11.78,11.72,1.7,1.05
423,2017-08-09,16.32,15.67,16.35,15.6,244677,537863088.0,4.63,-3.33,-0.54,0.69
424,2017-08-10,15.68,15.62,16.09,15.57,138260,302053760.0,3.32,-0.32,-0.05,0.39
425,2017-08-11,15.5,15.31,15.58,15.16,113349,241614648.0,2.69,-1.98,-0.31,0.32
426,2017-08-14,15.31,15.63,15.8,15.23,99114,214258435.0,3.72,2.09,0.32,0.28
427,2017-08-15,15.5,15.44,15.56,15.33,90195,193072164.0,1.47,-1.22,-0.19,0.25
428,2017-08-16,15.36,15.53,15.61,15.31,93279,200710029.0,1.94,0.58,0.09,0.26
429,2017-08-17,15.52,15.51,15.53,15.35,99815,214081915.0,1.16,-0.13,-0.02,0.28
430,2017-08-18,15.44,15.46,15.61,15.33,77744,166779481.0,1.81,-0.32,-0.05,0.22
431,2017-08-21,15.46,15.51,15.73,15.44,72505,156562485.0,1.88,0.32,0.05,0.2
432,2017-08-22,15.61,15.86,16.31,15.61,208812,461425168.0,4.51,2.26,0.35,0.59
433,2017-08-23,15.81,15.71,15.88,15.6,73081,159002788.0,1.77,-0.95,-0.15,0.21
434,2017-08-24,15.75,15.83,15.97,15.58,85370,186957989.0,2.48,0.76,0.12,0.24
435,2017-08-25,15.75,15.87,15.99,15.74,70958,155894635.0,1.58,0.25,0.04,0.2
436,2017-08-28,15.82,16.21,16.46,15.76,156234,350170032.0,4.41,2.14,0.34,0.44
437,2017-08-29,16.22,16.2,16.46,16.11,78472,175764396.0,2.16,-0.06,-0.01,0.22
438,2017-08-30,16.2,16.56,16.58,16.16,108835,246981712.0,2.59,2.22,0.36,0.31
439,2017-08-31,16.54,16.91,16.96,16.45,133598,308681488.0,3.08,2.11,0.35,0.38
440,2017-09-01,16.91,16.65,16.95,16.62,114158,262383184.0,1.95,-1.54,-0.26,0.32
441,2017-09-04,16.64,16.42,16.65,16.36,116312,263653000.0,1.74,-1.38,-0.23,0.33
442,2017-09-05,16.47,16.61,16.91,16.47,78912,181154004.0,2.68,1.16,0.19,0.22
443,2017-09-06,16.66,16.51,16.72,16.48,59686,135860306.0,1.44,-0.6,-0.1,0.17
444,2017-09-07,16.53,16.46,16.67,16.46,64232,146103659.0,1.27,-0.3,-0.05,0.18
445,2017-09-08,16.47,16.64,16.73,16.46,63081,143914737.0,1.64,1.09,0.18,0.18
446,2017-09-11,16.57,16.61,16.76,16.49,62296,142481758.0,1.62,-0.18,-0.03,0.18
447,2017-09-12,16.67,16.42,16.73,16.41,76814,174443790.0,1.93,-1.14,-0.19,0.22
448,2017-09-13,16.42,16.31,16.51,16.24,58114,130704907.0,1.64,-0.67,-0.11,0.16
449,2017-09-14,16.31,16.35,16.47,16.26,45995,103771113.0,1.29,0.25,0.04,0.13
450,2017-09-15,16.34,16.41,16.53,16.29,45815,103763755.0,1.47,0.37,0.06,0.13
451,2017-09-18,16.42,16.48,16.55,16.36,40024,90579641.0,1.16,0.43,0.07,0.11
452,2017-09-19,16.5,16.39,16.53,16.31,47086,106319086.0,1.33,-0.55,-0.09,0.13
453,2017-09-20,16.45,16.46,16.46,16.32,35128,79388277.0,0.85,0.43,0.07,0.1
454,2017-09-21,16.47,16.46,16.64,16.36,49631,112827777.0,1.7,0.0,0.0,0.14
455,2017-09-22,16.41,15.96,16.41,15.93,79670,176673769.0,2.92,-3.04,-0.5,0.22
456,2017-09-25,16.01,15.57,16.01,15.57,55222,120356561.0,2.76,-2.44,-0.39,0.16
457,2017-09-26,15.61,15.58,15.75,15.56,22968,49755533.0,1.22,0.06,0.01,0.06
458,2017-09-27,15.67,15.57,15.71,15.51,23500,50757578.0,1.28,-0.06,-0.01,0.07
459,2017-09-28,15.61,15.35,15.66,15.29,40609,86760513.0,2.38,-1.41,-0.22,0.11
460,2017-09-29,15.38,15.5,15.56,15.37,35599,76525277.0,1.24,0.98,0.15,0.1
461,2017-10-09,15.91,15.78,15.99,15.67,66454,145906948.0,2.06,1.81,0.28,0.19
462,2017-10-10,15.69,16.31,16.43,15.69,124381,278148624.0,4.69,3.36,0.53,0.35
463,2017-10-11,16.31,16.72,17.02,16.21,152273,350727840.0,4.97,2.51,0.41,0.43
464,2017-10-12,16.71,16.61,16.85,16.54,65901,151026218.0,1.85,-0.66,-0.11,0.19
465,2017-10-13,16.61,16.72,16.82,16.43,66971,153639370.0,2.35,0.66,0.11,0.19
466,2017-10-16,16.7,16.96,17.08,16.66,131510,306020944.0,2.51,1.44,0.24,0.37
467,2017-10-17,16.95,16.82,16.95,16.6,63771,146879829.0,2.06,-0.83,-0.14,0.18
468,2017-10-18,16.86,16.61,17.04,16.6,47480,109125840.0,2.62,-1.25,-0.21,0.13
469,2017-10-19,16.62,16.74,16.8,16.56,59824,137202686.0,1.44,0.78,0.13,0.17
470,2017-10-20,16.74,16.64,16.76,16.46,45914,104555801.0,1.79,-0.6,-0.1,0.13
471,2017-10-23,16.74,16.98,17.11,16.64,109807,254785731.0,2.82,2.04,0.34,0.31
472,2017-10-24,16.91,16.96,17.02,16.84,53541,124350898.0,1.06,-0.12,-0.02,0.15
473,2017-10-25,16.96,17.26,17.27,16.91,92116,216543247.0,2.12,1.77,0.3,0.26
474,2017-10-26,17.26,17.79,18.03,17.11,160980,389626960.0,5.33,3.07,0.53,0.45
475,2017-10-27,17.79,17.82,17.95,17.54,83239,201730161.0,2.3,0.17,0.03,0.23
476,2017-10-30,17.83,18.48,18.81,17.83,302438,757666672.0,5.5,3.7,0.66,0.85
477,2017-10-31,18.61,18.66,19.07,18.27,203987,519462352.0,4.33,0.97,0.18,0.58
478,2017-11-01,18.55,19.55,19.64,18.5,261200,681025440.0,6.11,4.77,0.89,0.74
479,2017-11-02,19.57,19.44,20.2,19.07,183405,483829040.0,5.78,-0.56,-0.11,0.52
480,2017-11-03,19.17,19.27,19.61,19.16,119606,312357824.0,2.31,-0.87,-0.17,0.34
481,2017-11-06,19.14,18.76,19.14,18.32,189625,478908464.0,4.26,-2.65,-0.51,0.53
482,2017-11-07,18.74,18.83,19.23,18.62,133787,342411968.0,3.25,0.37,0.07,0.38
483,2017-11-08,19.01,18.37,19.01,18.35,115151,290753040.0,3.51,-2.44,-0.46,0.32
484,2017-11-09,18.42,18.66,18.76,18.14,107869,270370048.0,3.38,1.58,0.29,0.3
485,2017-11-10,18.76,19.05,19.31,18.76,122232,315564736.0,2.95,2.09,0.39,0.34
486,2017-11-13,18.99,18.55,19.07,18.51,101718,257698681.0,2.94,-2.62,-0.5,0.29
487,2017-11-14,18.77,19.09,19.22,18.5,120168,307762448.0,3.88,2.91,0.54,0.34
488,2017-11-15,19.06,18.61,19.06,18.56,86582,219459801.0,2.62,-2.51,-0.48,0.24
489,2017-11-16,18.61,19.64,19.82,18.46,317221,830905680.0,7.31,5.53,1.03,0.89
490,2017-11-17,19.87,19.82,20.49,19.82,303019,820513584.0,3.41,0.92,0.18,0.85
491,2017-11-20,19.29,20.53,20.53,19.29,260523,707630608.0,6.26,3.58,0.71,0.73
492,2017-11-21,20.53,20.51,20.77,20.11,197262,541345904.0,3.21,-0.1,-0.02,0.56
493,2017-11-22,20.51,20.7,20.88,20.25,136167,374774480.0,3.07,0.93,0.19,0.38
494,2017-11-23,20.65,19.66,20.65,19.49,208450,558517952.0,5.6,-5.02,-1.04,0.59
495,2017-11-24,19.49,18.61,19.81,18.57,153717,395069712.0,6.31,-5.34,-1.05,0.43
496,2017-11-27,18.61,17.91,18.8,17.73,152720,378866192.0,5.75,-3.76,-0.7,0.43
497,2017-11-28,18.03,18.11,18.3,17.49,155575,378584560.0,4.52,1.12,0.2,0.44
498,2017-11-29,18.07,18.24,18.31,17.85,88147,217150388.0,2.54,0.72,0.13,0.25
499,2017-11-30,18.15,17.62,18.27,17.51,86980,211041488.0,4.17,-3.4,-0.62,0.25
500,2017-12-01,17.66,18.16,18.36,17.66,108918,268948816.0,3.97,3.06,0.54,0.31
501,2017-12-04,18.16,18.62,18.74,17.99,104426,261419184.0,4.13,2.53,0.46,0.29
502,2017-12-05,18.61,18.38,18.61,18.14,77362,193256770.0,2.52,-1.29,-0.24,0.22
503,2017-12-06,18.41,18.71,18.82,18.4,108942,275539760.0,2.29,1.8,0.33,0.31
504,2017-12-07,18.61,18.58,18.97,18.54,61111,154766180.0,2.3,-0.69,-0.13,0.17
505,2017-12-08,18.59,18.46,18.86,18.37,90768,229112710.0,2.64,-0.65,-0.12,0.26
506,2017-12-11,18.32,18.28,18.46,17.99,107427,265924244.0,2.55,-0.98,-0.18,0.3
507,2017-12-12,18.41,17.83,18.47,17.81,112175,276283456.0,3.61,-2.46,-0.45,0.32
508,2017-12-13,17.89,17.95,18.01,17.7,71187,173151921.0,1.74,0.67,0.12,0.2
509,2017-12-14,17.96,17.52,18.06,17.35,104368,252079835.0,3.96,-2.4,-0.43,0.29
510,2017-12-15,17.61,17.12,17.61,17.03,100018,235715655.0,3.31,-2.28,-0.4,0.28
511,2017-12-18,17.18,17.39,17.46,17.0,68852,162971858.0,2.69,1.58,0.27,0.19
512,2017-12-19,17.36,17.36,17.54,17.32,72803,173534378.0,1.27,-0.17,-0.03,0.21
513,2017-12-20,17.57,17.81,17.9,17.37,113764,275317120.0,3.05,2.59,0.45,0.32
514,2017-12-21,17.66,17.78,17.92,17.5,88832,215147514.0,2.36,-0.17,-0.03,0.25
515,2017-12-22,17.78,17.78,17.9,17.57,62492,151057017.0,1.86,0.0,0.0,0.18
516,2017-12-25,17.85,17.56,18.08,17.52,140002,338305152.0,3.15,-1.24,-0.22,0.39
517,2017-12-26,17.54,17.62,17.69,17.22,87326,208367686.0,2.68,0.34,0.06,0.25
518,2017-12-27,17.58,17.53,17.77,17.39,64342,154465551.0,2.16,-0.51,-0.09,0.18
519,2017-12-28,17.37,17.57,17.74,17.37,64190,154289763.0,2.11,0.23,0.04,0.18
520,2017-12-29,17.59,17.49,17.7,17.28,72223,172177476.0,2.39,-0.46,-0.08,0.2
521,2018-01-02,17.62,17.9,17.91,17.33,95293,230218231.0,3.32,2.34,0.41,0.27
522,2018-01-03,17.87,17.91,18.13,17.74,93865,229498990.0,2.18,0.06,0.01,0.26
523,2018-01-04,17.86,18.09,18.14,17.71,84418,206080841.0,2.4,1.01,0.18,0.24
524,2018-01-05,18.07,18.75,18.85,17.99,187687,472599776.0,4.75,3.65,0.66,0.53
525,2018-01-08,19.06,20.03,20.32,19.06,404785,1086069104.0,6.72,6.83,1.28,1.14
526,2018-01-09,19.67,19.81,20.11,19.66,186843,500885616.0,2.25,-1.1,-0.22,0.53
527,2018-01-10,19.82,19.51,19.82,19.31,149182,394049120.0,2.57,-1.51,-0.3,0.42
528,2018-01-11,19.47,19.62,19.81,19.34,118643,313530736.0,2.41,0.56,0.11,0.33
529,2018-01-12,19.48,19.98,20.12,19.48,182427,490250800.0,3.26,1.83,0.36,0.51
530,2018-01-15,19.97,19.16,20.1,18.82,181594,478135840.0,6.41,-4.1,-0.82,0.51
531,2018-01-16,19.28,20.05,20.31,19.28,253737,682636064.0,5.38,4.65,0.89,0.72
532,2018-01-17,19.99,20.01,20.31,19.82,229261,619832736.0,2.44,-0.2,-0.04,0.65
533,2018-01-18,19.91,19.93,20.24,19.72,131425,353665920.0,2.6,-0.4,-0.08,0.37
534,2018-01-19,19.78,19.21,19.9,19.13,169650,445047632.0,3.86,-3.61,-0.72,0.48
535,2018-01-22,19.26,19.94,20.06,19.22,159385,423057696.0,4.37,3.8,0.73,0.45
536,2018-01-23,19.99,20.31,20.49,19.77,275556,749182656.0,3.61,1.86,0.37,0.78
537,2018-01-24,20.29,20.32,20.48,19.92,201592,549062688.0,2.76,0.05,0.01,0.57
538,2018-01-25,20.32,20.26,20.47,20.07,187134,510616272.0,1.97,-0.3,-0.06,0.53
539,2018-01-26,20.32,19.98,20.36,19.67,171911,461426144.0,3.41,-1.38,-0.28,0.48
540,2018-01-29,20.01,19.76,20.13,19.66,118523,316936080.0,2.35,-1.1,-0.22,0.33
541,2018-01-30,19.89,18.99,19.97,18.89,169187,440886256.0,5.47,-3.9,-0.77,0.48
542,2018-01-31,18.98,18.28,19.15,18.19,180328,454824320.0,5.06,-3.74,-0.71,0.51
543,2018-02-01,18.43,18.0,18.65,17.74,161298,397323392.0,4.98,-1.53,-0.28,0.45
544,2018-02-02,18.0,17.97,18.32,17.76,121695,298874800.0,3.11,-0.17,-0.03,0.34
545,2018-02-05,17.78,18.07,18.31,17.67,109226,268447888.0,3.56,0.56,0.1,0.31
546,2018-02-06,17.6,16.41,17.95,16.32,229357,538794304.0,9.02,-9.19,-1.66,0.65
547,2018-02-07,16.76,16.35,16.89,16.09,163676,372640032.0,4.88,-0.37,-0.06,0.46
548,2018-02-08,16.41,16.52,16.96,16.03,109196,249189977.0,5.69,1.04,0.17,0.31
549,2018-02-09,16.07,15.86,16.74,15.86,130591,290634256.0,5.33,-4.0,-0.66,0.37
550,2018-02-12,16.07,16.11,16.23,15.91,85565,190125164.0,2.02,1.58,0.25,0.24
551,2018-02-13,16.19,16.29,16.57,16.19,76399,172125309.0,2.36,1.12,0.18,0.22
552,2018-02-14,16.36,16.8,16.82,16.16,59269,134624518.0,4.05,3.13,0.51,0.17
553,2018-02-22,16.83,16.64,16.91,16.45,115438,263395782.0,2.74,-0.95,-0.16,0.33
554,2018-02-23,16.58,16.56,16.72,16.43,59687,135840423.0,1.74,-0.48,-0.08,0.17
555,2018-02-26,16.59,16.6,16.69,16.27,132454,300670176.0,2.54,0.24,0.04,0.37
556,2018-02-27,16.63,15.99,16.71,15.96,178032,399083040.0,4.52,-3.67,-0.61,0.5
557,2018-02-28,15.96,16.11,16.36,15.71,128362,284156224.0,4.07,0.75,0.12,0.36
558,2018-03-01,16.05,16.17,16.27,15.95,81056,180700353.0,1.99,0.37,0.06,0.23
559,2018-03-02,16.15,16.06,16.4,16.01,100121,223223422.0,2.41,-0.68,-0.11,0.28
560,2018-03-05,16.11,15.83,16.2,15.7,100498,220616729.0,3.11,-1.43,-0.23,0.28
561,2018-03-06,15.78,15.9,15.93,15.67,100789,220411274.0,1.64,0.44,0.07,0.28
562,2018-03-07,15.93,15.72,15.94,15.71,74106,161995348.0,1.45,-1.13,-0.18,0.21
563,2018-03-08,15.7,15.71,15.85,15.68,71187,155170124.0,1.08,-0.06,-0.01,0.2
564,2018-03-09,15.74,16.35,16.39,15.7,168407,373646928.0,4.39,4.07,0.64,0.48
565,2018-03-12,16.33,16.21,16.46,16.13,156233,350260432.0,2.02,-0.86,-0.14,0.44
566,2018-03-13,16.21,16.4,16.56,16.16,162061,366063328.0,2.47,1.17,0.19,0.46
567,2018-03-14,16.32,16.13,16.41,16.02,108419,242068022.0,2.38,-1.65,-0.27,0.31
568,2018-03-15,16.06,15.68,16.16,15.58,145400,317559696.0,3.6,-2.79,-0.45,0.41
569,2018-03-16,15.68,15.59,15.79,15.59,60717,132014085.0,1.28,-0.57,-0.09,0.17
570,2018-03-19,15.56,15.01,15.56,14.72,142682,301066144.0,5.39,-3.72,-0.58,0.4
571,2018-03-20,14.95,15.27,15.35,14.66,120043,250930364.0,4.6,1.73,0.26,0.34
572,2018-03-21,15.18,15.02,15.35,14.99,79170,167514727.0,2.36,-1.64,-0.25,0.22
573,2018-03-22,14.88,14.89,15.12,14.86,57454,120024316.0,1.73,-0.87,-0.13,0.16
574,2018-03-23,14.83,15.52,16.21,14.67,399460,866035632.0,10.34,4.23,0.63,1.13
575,2018-03-26,15.48,14.83,15.48,13.92,228972,469960032.0,10.05,-4.45,-0.69,0.65
576,2018-03-27,14.72,15.16,15.28,14.48,182283,377041376.0,5.39,2.23,0.33,0.51
577,2018-03-28,14.95,15.01,15.36,14.85,136039,286113888.0,3.36,-0.99,-0.15,0.38
578,2018-03-29,15.03,15.18,15.31,14.83,108813,229692271.0,3.2,1.13,0.17,0.31
579,2018-03-30,15.19,14.96,15.24,14.82,161275,335865808.0,2.77,-1.45,-0.22,0.45
580,2018-04-02,15.56,15.56,15.66,15.18,230384,493745264.0,3.21,4.01,0.6,0.65
581,2018-04-03,15.56,15.81,16.4,15.48,357771,792919152.0,5.91,1.61,0.25,1.01
582,2018-04-04,15.92,15.99,16.09,15.53,202252,444248272.0,3.54,1.14,0.18,0.57
583,2018-04-09,15.91,15.52,15.92,15.41,155230,335909648.0,3.19,-2.94,-0.47,0.44
584,2018-04-10,15.52,15.44,15.55,15.16,112968,241012885.0,2.51,-0.52,-0.08,0.32
585,2018-04-11,15.45,15.59,15.71,15.29,136529,293903536.0,2.72,0.97,0.15,0.39
586,2018-04-12,15.56,15.24,15.71,15.2,101811,218888079.0,3.27,-2.25,-0.35,0.29
587,2018-04-13,15.27,15.11,15.44,15.07,80047,169541761.0,2.43,-0.85,-0.13,0.23
588,2018-04-16,15.07,14.77,15.07,14.51,117952,243431824.0,3.71,-2.25,-0.34,0.33
589,2018-04-17,14.75,14.91,15.24,14.67,99262,206903158.0,3.86,0.95,0.14,0.28
590,2018-04-18,14.98,15.08,15.22,14.66,108930,228033771.0,3.76,1.14,0.17,0.31
591,2018-04-19,15.03,15.21,15.28,14.92,95784,201938153.0,2.39,0.86,0.13,0.27
592,2018-04-20,15.21,15.41,15.51,15.15,132640,283613152.0,2.37,1.31,0.2,0.37
593,2018-04-23,15.42,15.28,15.49,15.13,96854,206179624.0,2.34,-0.84,-0.13,0.27
594,2018-04-24,15.28,15.27,15.36,15.11,82241,174511316.0,1.64,-0.07,-0.01,0.23
595,2018-04-25,15.26,15.01,15.7,15.0,83874,177550115.0,4.58,-1.7,-0.26,0.24
596,2018-04-26,15.02,14.8,15.15,14.59,90430,187028846.0,3.73,-1.4,-0.21,0.26
597,2018-04-27,14.82,14.85,14.92,14.71,53766,111335506.0,1.42,0.34,0.05,0.15
598,2018-05-02,14.85,14.75,14.94,14.72,51779,107095989.0,1.48,-0.67,-0.1,0.15
599,2018-05-03,14.75,15.28,15.31,14.73,146766,310458768.0,3.93,3.59,0.53,0.41
600,2018-05-04,15.31,15.39,15.54,15.18,103526,220306842.0,2.36,0.72,0.11,0.29
601,2018-05-07,15.4,15.49,15.5,15.21,98100,210022289.0,1.88,0.65,0.1,0.28
602,2018-05-08,15.43,15.4,15.61,15.36,71569,153726447.0,1.61,-0.58,-0.09,0.2
603,2018-05-09,15.43,15.5,15.61,15.42,86537,186445413.0,1.23,0.65,0.1,0.24
604,2018-05-10,15.55,15.53,15.6,15.41,84332,181742424.0,1.23,0.19,0.03,0.24
605,2018-05-11,15.57,15.91,16.08,15.5,160863,351691136.0,3.73,2.45,0.38,0.45
606,2018-05-14,15.99,16.62,16.78,15.83,311086,707240656.0,5.97,4.46,0.71,0.88
607,2018-05-15,16.54,16.91,17.21,16.53,239861,557020768.0,4.09,1.74,0.29,0.68
608,2018-05-16,16.91,17.06,17.35,16.85,161568,380033728.0,2.96,0.89,0.15,0.45
609,2018-05-17,16.97,17.56,17.71,16.94,207714,495232384.0,4.51,2.93,0.5,0.58
610,2018-05-18,17.56,17.44,17.56,17.17,138496,329349616.0,2.22,-0.68,-0.12,0.39
611,2018-05-21,16.84,17.38,17.53,16.76,197437,467594224.0,4.42,-0.34,-0.06,0.55
612,2018-05-22,17.31,17.92,17.97,17.29,176382,426327552.0,3.91,3.11,0.54,0.49
613,2018-05-23,17.92,17.35,18.24,17.33,184359,448148944.0,5.08,-3.18,-0.57,0.52
614,2018-05-24,17.49,17.46,17.86,17.24,125557,300877984.0,3.57,0.63,0.11,0.35
615,2018-05-25,17.49,17.85,18.03,17.48,212071,516278416.0,3.15,2.23,0.39,0.59
616,2018-05-28,17.99,17.89,18.22,17.72,159501,391584736.0,2.8,0.22,0.04,0.45
617,2018-05-29,17.82,17.53,18.16,17.4,123380,299188944.0,4.25,-2.01,-0.36,0.35
618,2018-05-30,17.58,17.39,17.86,17.01,154592,369598336.0,4.85,-0.8,-0.14,0.43
619,2018-05-31,17.66,17.9,18.4,17.17,188853,452624144.0,7.07,2.93,0.51,0.53
620,2018-06-01,17.88,17.88,18.19,17.53,103154,246217740.0,3.69,-0.11,-0.02,0.29
621,2018-06-04,17.73,17.53,18.01,17.5,95825,227604994.0,2.85,-1.96,-0.35,0.27
622,2018-06-05,17.58,18.1,18.13,17.54,126597,304615632.0,3.37,3.25,0.57,0.35
623,2018-06-06,18.09,18.33,18.4,17.9,130151,316917696.0,2.76,1.27,0.23,0.36
624,2018-06-07,18.27,18.19,18.51,18.07,107069,262174542.0,2.4,-0.76,-0.14,0.3
625,2018-06-08,18.03,17.39,18.18,17.03,131104,308040128.0,6.32,-4.4,-0.8,0.37
626,2018-06-11,17.34,16.95,17.34,16.7,104839,239286167.0,3.68,-2.53,-0.44,0.29
627,2018-06-12,16.9,17.26,17.42,16.9,76124,176892806.0,3.07,1.83,0.31,0.21
628,2018-06-13,17.34,17.28,17.63,17.24,65091,152492362.0,2.26,0.12,0.02,0.18
629,2018-06-14,17.29,16.95,17.55,16.92,65226,150696879.0,3.65,-1.91,-0.33,0.18
630,2018-06-15,16.95,16.94,17.22,16.75,62735,143605416.0,2.77,-0.06,-0.01,0.18
631,2018-06-19,17.08,16.8,17.52,16.73,243701,557121216.0,4.66,-0.83,-0.14,0.68
632,2018-06-20,16.76,16.07,16.78,15.66,175806,385780176.0,6.67,-4.35,-0.73,0.49
633,2018-06-21,15.98,15.78,16.32,15.74,85066,184402079.0,3.61,-1.8,-0.29,0.24
634,2018-06-22,15.66,15.97,16.23,15.62,82592,179399372.0,3.87,1.2,0.19,0.23
635,2018-06-25,16.13,15.58,16.18,15.53,67248,144796932.0,4.07,-2.44,-0.39,0.19
636,2018-06-26,15.48,15.49,15.98,15.23,102947,218540718.0,4.81,-0.58,-0.09,0.29
637,2018-06-27,15.6,15.62,15.94,15.45,107571,230159758.0,3.16,0.84,0.13,0.3
638,2018-06-28,15.63,15.73,15.83,15.59,68723,147042220.0,1.54,0.7,0.11,0.19
639,2018-06-29,15.88,16.25,16.42,15.74,93559,204038472.0,4.32,3.31,0.52,0.26
640,2018-07-02,16.28,16.06,16.73,15.85,73412,161414146.0,5.42,-1.17,-0.19,0.21
641,2018-07-03,16.23,16.13,16.48,15.95,87350,191852811.0,3.3,0.44,0.07,0.24
642,2018-07-04,16.12,15.83,16.28,15.72,57038,122896658.0,3.47,-1.86,-0.3,0.16
643,2018-07-05,15.89,15.82,16.13,15.44,68251,145199331.0,4.36,-0.06,-0.01,0.19
644,2018-07-06,15.73,16.28,16.43,15.63,96818,211361291.0,5.06,2.91,0.46,0.27
645,2018-07-09,16.4,17.05,17.26,16.28,155699,356953328.0,6.02,4.73,0.77,0.44
646,2018-07-10,17.01,17.17,17.3,16.83,79120,182488461.0,2.76,0.7,0.12,0.22
647,2018-07-11,16.74,17.06,17.23,16.58,105749,241963413.0,3.79,-0.64,-0.11,0.3
648,2018-07-12,17.07,17.11,17.35,16.91,110518,254624067.0,2.58,0.29,0.05,0.31
649,2018-07-13,17.11,16.91,17.26,16.73,71847,163901014.0,3.1,-1.17,-0.2,0.2
650,2018-07-16,16.99,16.79,17.03,16.58,61359,138575642.0,2.66,-0.71,-0.12,0.17
651,2018-07-17,16.79,16.91,16.93,16.42,90652,204852098.0,3.04,0.71,0.12,0.25
652,2018-07-18,16.93,16.58,16.97,16.55,68170,154229341.0,2.48,-1.95,-0.33,0.19
653,2018-07-19,16.57,16.48,16.68,16.32,63275,140823068.0,2.17,-0.6,-0.1,0.18
654,2018-07-20,16.39,16.79,16.89,16.39,81115,183266932.0,3.03,1.88,0.31,0.23
655,2018-07-23,16.9,17.48,17.5,16.88,168603,392521152.0,3.69,4.11,0.69,0.47
656,2018-07-24,17.4,17.34,17.58,17.23,88468,206771512.0,2.0,-0.8,-0.14,0.25
657,2018-07-25,17.34,17.28,17.4,17.12,60503,140286111.0,1.61,-0.35,-0.06,0.17
658,2018-07-26,17.26,17.3,17.51,17.19,115278,269711200.0,1.85,0.12,0.02,0.32
659,2018-07-27,17.24,17.09,17.44,17.08,73930,171745565.0,2.08,-1.21,-0.21,0.21
660,2018-07-30,17.09,16.97,17.23,16.9,68214,156474654.0,1.93,-0.7,-0.12,0.19
661,2018-07-31,16.99,17.5,17.57,16.91,142189,331934288.0,3.89,3.12,0.53,0.4
662,2018-08-01,17.55,17.13,17.63,17.11,90844,211467033.0,2.97,-2.11,-0.37,0.25
663,2018-08-02,17.03,16.73,17.38,16.65,165828,379301968.0,4.26,-2.34,-0.4,0.46
664,2018-08-03,17.03,16.93,17.78,16.9,257756,602399520.0,5.26,1.2,0.2,0.72
665,2018-08-06,16.34,15.79,16.73,15.72,246523,539102832.0,5.97,-6.73,-1.14,0.69
666,2018-08-07,15.78,15.98,16.21,15.57,105973,229734148.0,4.05,1.2,0.19,0.3
667,2018-08-08,15.95,15.98,16.19,15.87,94037,204932980.0,2.0,0.0,0.0,0.26
668,2018-08-09,16.06,16.2,16.39,16.02,137972,303731776.0,2.32,1.38,0.22,0.39
669,2018-08-10,16.32,16.62,16.87,16.32,133151,299631408.0,3.4,2.59,0.42,0.37
670,2018-08-13,16.65,16.7,16.9,16.51,92350,208250891.0,2.35,0.48,0.08,0.26
671,2018-08-14,16.73,16.72,16.84,16.58,60335,136304707.0,1.56,0.12,0.02,0.17
672,2018-08-15,16.7,16.73,17.02,16.54,115323,261218502.0,2.87,0.06,0.01,0.32
673,2018-08-16,16.53,15.55,16.73,15.4,184793,402376272.0,7.95,-7.05,-1.18,0.52
674,2018-08-17,15.61,15.52,15.7,15.22,145307,305387648.0,3.09,-0.19,-0.03,0.41
675,2018-08-20,14.9,14.57,15.23,14.5,249277,502314528.0,4.7,-6.12,-0.95,0.7
676,2018-08-21,14.62,14.82,15.06,14.62,109919,223747753.0,3.02,1.72,0.25,0.31
677,2018-08-22,14.88,15.06,15.25,14.71,92909,191154775.0,3.64,1.62,0.24,0.26
678,2018-08-23,15.05,14.76,15.33,14.58,154566,315171056.0,4.98,-1.99,-0.3,0.43
679,2018-08-24,14.71,15.02,15.13,14.53,105437,213515477.0,4.07,1.76,0.26,0.3
680,2018-08-27,14.99,15.31,15.42,14.86,114822,238719953.0,3.73,1.93,0.29,0.32
681,2018-08-28,15.36,15.25,15.48,15.08,78542,163078019.0,2.61,-0.39,-0.06,0.22
682,2018-08-29,15.27,15.22,15.48,15.15,60792,126986353.0,2.16,-0.2,-0.03,0.17
683,2018-08-30,15.27,15.33,15.4,15.11,66304,138193114.0,1.91,0.72,0.11,0.19
684,2018-08-31,15.13,15.08,15.3,14.98,63095,130205223.0,2.09,-1.63,-0.25,0.18
685,2018-09-03,15.07,15.13,15.28,14.98,57106,118357366.0,1.99,0.33,0.05,0.16
686,2018-09-04,15.2,15.2,15.28,15.08,67433,139977333.0,1.32,0.46,0.07,0.19
687,2018-09-05,15.28,15.15,15.4,15.12,47899,99742848.0,1.84,-0.33,-0.05,0.13
688,2018-09-06,15.11,15.38,15.53,15.07,104612,219173468.0,3.04,1.52,0.23,0.29
689,2018-09-07,15.35,15.89,15.97,15.31,142146,305057344.0,4.29,3.32,0.51,0.4
690,2018-09-10,15.98,16.18,16.4,15.98,167940,368958992.0,2.64,1.83,0.29,0.47
691,2018-09-11,16.08,16.33,16.55,16.05,121962,270043056.0,3.09,0.93,0.15,0.34
692,2018-09-12,16.23,16.15,16.69,16.08,105028,232753153.0,3.74,-1.1,-0.18,0.29
693,2018-09-13,16.37,16.28,16.45,16.11,88653,196002885.0,2.11,0.8,0.13,0.25
694,2018-09-14,16.45,16.06,16.58,15.9,85889,189141546.0,4.18,-1.35,-0.22,0.24
695,2018-09-17,16.1,16.21,16.46,16.02,124432,274665328.0,2.74,0.93,0.15,0.35
696,2018-09-18,16.23,16.49,16.63,16.2,112734,251237153.0,2.65,1.73,0.28,0.32
697,2018-09-19,16.61,16.46,16.61,16.28,99002,220038864.0,2.0,-0.18,-0.03,0.28
698,2018-09-20,16.46,16.41,16.48,16.24,48869,108384185.0,1.46,-0.3,-0.05,0.14
699,2018-09-21,16.43,16.59,16.73,16.36,86652,194162091.0,2.25,1.1,0.18,0.24
700,2018-09-25,16.6,17.13,17.36,16.6,162647,374664064.0,4.58,3.25,0.54,0.46
701,2018-09-26,17.08,17.72,17.93,17.08,266078,629668496.0,4.96,3.44,0.59,0.74
702,2018-09-27,17.67,17.56,17.71,17.35,112320,264074995.0,2.03,-0.9,-0.16,0.31
703,2018-09-28,17.63,17.25,17.64,17.18,102331,238737212.0,2.62,-1.77,-0.31,0.29
704,2018-10-08,16.95,17.14,17.5,16.92,136914,319189312.0,3.36,-0.64,-0.11,0.38
705,2018-10-09,17.35,17.33,17.57,17.19,141092,330489392.0,2.22,1.11,0.19,0.39
706,2018-10-10,17.32,17.98,18.1,17.32,217713,522413504.0,4.5,3.75,0.65,0.61
707,2018-10-11,17.49,17.79,18.23,17.38,217158,518044816.0,4.73,-1.06,-0.19,0.61
708,2018-10-12,17.57,18.01,18.11,17.57,205141,495068064.0,3.04,1.24,0.22,0.57
709,2018-10-15,18.0,18.15,18.23,17.9,133293,324222288.0,1.83,0.78,0.14,0.37
710,2018-10-16,18.07,17.42,18.08,16.99,206733,485448832.0,6.01,-4.02,-0.73,0.58
711,2018-10-17,17.31,17.95,18.19,17.12,164831,393109392.0,6.14,3.04,0.53,0.46
712,2018-10-18,17.86,17.57,18.15,17.57,98999,236157778.0,3.23,-2.12,-0.38,0.28
713,2018-10-19,17.5,17.89,17.97,17.28,152537,365406640.0,3.93,1.82,0.32,0.43
714,2018-10-22,18.32,18.07,18.48,17.9,260081,635764144.0,3.24,1.01,0.18,0.73
715,2018-10-23,18.06,18.24,18.48,17.92,167623,409985360.0,3.1,0.94,0.17,0.47
716,2018-10-24,18.15,18.8,18.85,18.04,261910,652831280.0,4.44,3.07,0.56,0.73
717,2018-10-25,18.48,18.74,18.88,18.22,157554,394534112.0,3.51,-0.32,-0.06,0.44
718,2018-10-26,18.72,18.95,19.36,18.65,232818,591211408.0,3.79,1.12,0.21,0.65
719,2018-10-29,18.9,18.91,19.05,18.4,185546,467642880.0,3.43,-0.21,-0.04,0.52
720,2018-10-30,18.73,17.9,18.86,17.34,238680,582205744.0,8.04,-5.34,-1.01,0.67
721,2018-10-31,18.15,18.48,18.78,17.93,184980,457149264.0,4.75,3.24,0.58,0.52
722,2018-11-01,18.33,18.27,18.73,18.16,140177,344365856.0,3.08,-1.14,-0.21,0.39
723,2018-11-02,18.9,18.65,18.9,18.13,177569,441284272.0,4.21,2.08,0.38,0.47
724,2018-11-05,18.77,18.78,18.98,18.48,125335,313632960.0,2.68,0.7,0.13,0.33
725,2018-11-06,18.74,18.88,18.88,18.28,127350,317384944.0,3.19,0.53,0.1,0.33
726,2018-11-07,18.9,18.71,18.9,18.48,101187,252526640.0,2.22,-0.9,-0.17,0.27
727,2018-11-08,18.72,18.6,18.79,18.5,67200,167536677.0,1.55,-0.59,-0.11,0.18
728,2018-11-09,18.56,17.76,18.73,17.69,146344,353172224.0,5.59,-4.52,-0.84,0.38
729,2018-11-12,17.64,18.01,18.27,17.41,137009,327243520.0,4.84,1.41,0.25,0.36
730,2018-11-13,18.11,18.73,18.74,17.92,191974,474796224.0,4.55,4.0,0.72,0.5
731,2018-11-14,18.73,18.69,18.88,18.53,99233,248005776.0,1.87,-0.21,-0.04,0.26
732,2018-11-15,18.68,18.68,18.98,18.54,85659,214679622.0,2.35,-0.05,-0.01,0.23
733,2018-11-16,18.63,18.65,18.73,18.47,90746,225747282.0,1.39,-0.16,-0.03,0.24
734,2018-11-19,18.58,18.33,18.72,18.29,96415,237870236.0,2.31,-1.72,-0.32,0.25
735,2018-11-20,18.33,17.98,18.43,17.82,112466,271227040.0,3.33,-1.91,-0.35,0.3
736,2018-11-21,18.14,18.03,18.38,17.71,82300,197780928.0,3.73,0.28,0.05,0.22
737,2018-11-22,17.98,17.75,18.11,17.58,78815,187761612.0,2.94,-1.55,-0.28,0.21
738,2018-11-23,17.83,18.03,18.15,17.55,87698,211128287.0,3.38,1.58,0.28,0.23
739,2018-11-26,18.13,18.26,18.46,17.65,97633,237432838.0,4.49,1.28,0.23,0.26
740,2018-11-27,18.34,18.11,18.41,17.97,65621,159314564.0,2.41,-0.82,-0.15,0.17
741,2018-11-28,18.05,18.68,18.73,18.05,104679,258878138.0,3.75,3.15,0.57,0.28
742,2018-11-29,18.73,19.03,19.23,18.68,209010,531236672.0,2.94,1.87,0.35,0.55
743,2018-11-30,19.0,19.21,19.47,18.82,141774,361946016.0,3.42,0.95,0.18,0.37
744,2018-12-03,19.11,19.65,19.78,18.94,221418,575448816.0,4.37,2.29,0.44,0.58
745,2018-12-04,19.73,19.61,19.86,19.42,115294,301043504.0,2.24,-0.2,-0.04,0.3
746,2018-12-05,19.63,20.36,20.4,19.53,295401,787216480.0,4.44,3.82,0.75,0.78
747,2018-12-06,20.32,20.14,20.55,19.75,133611,356206832.0,3.93,-1.08,-0.22,0.35
748,2018-12-07,19.94,19.8,20.23,18.95,184914,478898240.0,6.36,-1.69,-0.34,0.49
749,2018-12-10,19.58,19.94,20.19,19.57,114648,304513600.0,3.13,0.71,0.14,0.3
750,2018-12-11,20.0,19.58,20.11,19.42,110710,288934464.0,3.46,-1.81,-0.36,0.29
751,2018-12-12,19.62,19.82,19.93,19.59,84717,222511088.0,1.74,1.23,0.24,0.22
752,2018-12-13,19.53,19.18,19.53,18.48,298563,758496288.0,5.3,-3.23,-0.64,0.79
753,2018-12-14,19.28,18.83,19.31,18.76,137372,346522064.0,2.87,-1.82,-0.35,0.36
754,2018-12-17,18.77,18.83,19.05,18.45,135114,338094384.0,3.19,0.0,0.0,0.36
755,2018-12-18,18.83,18.97,19.33,18.63,106539,270417952.0,3.72,0.74,0.14,0.28
756,2018-12-19,19.0,18.66,19.17,18.65,83482,210489581.0,2.74,-1.63,-0.31,0.22
757,2018-12-20,18.69,19.46,19.53,18.48,187714,477491808.0,5.63,4.29,0.8,0.5
758,2018-12-21,19.46,19.38,19.55,19.2,120177,310046304.0,1.8,-0.41,-0.08,0.32
759,2018-12-24,19.23,19.7,19.87,19.15,152465,396967504.0,3.72,1.65,0.32,0.4
760,2018-12-25,19.61,19.63,20.03,19.51,143133,375768224.0,2.64,-0.36,-0.07,0.38
761,2018-12-26,19.63,19.68,20.02,19.57,124549,326908512.0,2.29,0.25,0.05,0.33
762,2018-12-27,19.87,19.47,19.94,19.28,124036,322245952.0,3.35,-1.07,-0.21,0.33
763,2018-12-28,19.15,19.72,19.73,18.83,164283,420920176.0,4.62,1.28,0.25,0.43
764,2019-01-02,19.69,19.69,19.88,19.55,137894,360776272.0,1.67,-0.15,-0.03,0.37
765,2019-01-03,19.57,20.15,20.23,19.53,196431,522669584.0,3.56,2.34,0.46,0.53
766,2019-01-04,20.07,20.46,20.47,19.9,280555,756173424.0,2.83,1.54,0.31,0.76
767,2019-01-07,20.48,21.04,21.23,20.48,328784,906574240.0,3.67,2.83,0.58,0.89
768,2019-01-08,20.67,20.69,21.14,20.58,177957,488479536.0,2.66,-1.66,-0.35,0.48
769,2019-01-09,20.74,20.87,21.38,20.73,232332,648223056.0,3.14,0.87,0.18,0.63
770,2019-01-10,20.81,21.13,21.28,20.49,158127,438417888.0,3.79,1.25,0.26,0.43
771,2019-01-11,20.84,21.08,21.32,20.84,114377,319383712.0,2.27,-0.24,-0.05,0.31
772,2019-01-14,21.11,21.3,21.56,21.11,240396,678542096.0,2.13,1.04,0.22,0.65
773,2019-01-15,21.23,21.0,21.32,20.57,167004,462907824.0,3.52,-1.41,-0.3,0.45
774,2019-01-16,21.07,20.93,21.48,20.82,147801,412444016.0,3.14,-0.33,-0.07,0.4
775,2019-01-17,21.07,20.94,21.29,20.88,112931,314262112.0,1.96,0.05,0.01,0.3
776,2019-01-18,21.19,21.33,21.4,20.82,195347,545731504.0,2.77,1.86,0.39,0.53
777,2019-01-21,21.37,20.83,21.51,20.82,225429,627862592.0,3.23,-2.34,-0.5,0.61
778,2019-01-22,20.82,20.25,20.9,20.22,269778,729523920.0,3.26,-2.78,-0.58,0.73
779,2019-01-23,20.39,20.57,20.82,20.18,175287,474633664.0,3.16,1.58,0.32,0.47
780,2019-01-24,20.61,20.93,21.13,20.57,160648,444485536.0,2.72,1.75,0.36,0.43
781,2019-01-25,21.2,20.9,21.29,20.83,163147,453708304.0,2.2,-0.14,-0.03,0.44
782,2019-01-28,20.94,21.15,21.22,20.72,147037,409447328.0,2.39,1.2,0.25,0.4
783,2019-01-29,21.07,21.23,21.32,21.0,163000,456522784.0,1.51,0.38,0.08,0.44
784,2019-01-30,21.18,21.27,21.38,20.86,129226,361238976.0,2.45,0.19,0.04,0.35
785,2019-01-31,21.32,21.12,21.44,21.12,120807,338657456.0,1.5,-0.71,-0.15,0.32
786,2019-02-01,21.12,21.36,21.42,21.07,159701,449227344.0,1.66,1.14,0.24,0.43
787,2019-02-11,21.4,22.9,23.42,21.4,485799,1448480080.0,9.46,7.21,1.54,1.31
788,2019-02-12,22.98,23.3,23.39,22.85,267615,813673776.0,2.36,1.75,0.4,0.72
789,2019-02-13,23.3,23.37,23.58,22.98,224146,685456208.0,2.58,0.3,0.07,0.6
790,2019-02-14,23.37,23.09,23.54,23.02,147529,447165392.0,2.23,-1.2,-0.28,0.4
791,2019-02-15,23.24,24.11,24.57,23.05,388221,1212389568.0,6.58,4.42,1.02,1.04
792,2019-02-18,24.02,24.82,24.98,24.02,312957,1004192000.0,3.98,2.94,0.71,0.84
793,2019-02-19,24.81,24.42,25.15,24.15,277291,887969680.0,4.03,-1.61,-0.4,0.75
794,2019-02-20,24.79,25.38,26.15,24.6,311849,1025799984.0,6.35,3.93,0.96,0.84
795,2019-02-21,25.4,25.73,26.94,25.07,436846,1472178016.0,7.37,1.38,0.35,1.18
796,2019-02-22,25.4,25.48,26.25,24.77,343474,1135759904.0,5.75,-0.97,-0.25,0.92
797,2019-02-25,25.39,24.8,25.8,24.4,565640,1829181872.0,5.49,-2.67,-0.68,1.52
798,2019-02-26,24.82,26.03,26.17,24.17,626956,2057891584.0,8.06,4.96,1.23,1.69
799,2019-02-27,25.98,24.99,26.05,24.57,428602,1409622128.0,5.69,-4.0,-1.04,1.15
800,2019-02-28,24.58,24.37,25.55,23.84,431540,1384186032.0,6.84,-2.48,-0.62,1.16
801,2019-03-01,25.13,25.4,25.57,24.37,438691,1438310208.0,4.92,4.23,1.03,1.18
802,2019-03-04,26.4,28.15,28.15,26.4,822687,2900198096.0,6.89,10.83,2.75,2.21
803,2019-03-05,28.4,29.98,30.62,28.4,683803,2599235456.0,7.89,6.5,1.83,1.84
804,2019-03-06,29.13,30.3,30.82,28.9,479071,1845225616.0,6.4,1.07,0.32,1.29
805,2019-03-07,30.57,29.56,31.17,29.43,372873,1439223440.0,5.74,-2.44,-0.74,1.0
806,2019-03-08,29.19,30.85,31.5,28.98,673802,2651326512.0,8.53,4.36,1.29,1.81
807,2019-03-11,31.74,32.23,32.38,30.12,556982,2260365872.0,7.33,4.47,1.38,1.5
808,2019-03-12,31.57,35.67,35.67,31.48,676037,2945464864.0,13.0,10.67,3.44,1.82
809,2019-03-13,35.72,31.89,35.86,31.89,803284,3415910928.0,11.13,-10.6,-3.78,2.16
810,2019-03-14,31.06,28.92,31.64,28.49,832813,3172607568.0,9.88,-9.31,-2.97,2.24
811,2019-03-15,30.07,29.9,30.64,29.32,547344,2115311648.0,4.56,3.39,0.98,1.47
812,2019-03-18,30.77,31.9,32.3,30.13,473404,1896970720.0,7.26,6.69,2.0,1.27
813,2019-03-19,32.07,31.82,32.44,30.83,325425,1321769488.0,5.05,-0.25,-0.08,0.88
814,2019-03-20,31.04,29.92,31.65,28.74,556658,2125212864.0,9.15,-5.97,-1.9,1.5
815,2019-03-21,29.57,30.17,30.57,29.22,347425,1332260368.0,4.51,0.84,0.25,0.93
816,2019-03-22,30.31,29.22,30.32,28.02,456808,1702712128.0,7.62,-3.15,-0.95,1.23
817,2019-03-25,28.36,29.29,29.57,28.17,269883,1010224960.0,4.79,0.24,0.07,0.73
818,2019-03-26,29.87,29.47,30.52,29.3,330946,1270986448.0,4.17,0.61,0.18,0.89
819,2019-03-27,29.15,29.43,30.02,28.47,265819,1006175328.0,5.26,-0.14,-0.04,0.72
820,2019-03-28,29.36,29.96,30.49,29.21,343324,1321765600.0,4.35,1.8,0.53,0.92
821,2019-03-29,29.89,31.73,32.07,29.74,447760,1803875696.0,7.78,5.91,1.77,1.2
822,2019-04-01,32.2,33.73,34.38,32.2,413876,1775660688.0,6.87,6.3,2.0,1.11
823,2019-04-02,34.34,32.44,34.49,31.9,374565,1568491280.0,7.68,-3.82,-1.29,1.01
824,2019-04-03,32.17,32.24,32.42,31.49,251833,1029143552.0,2.87,-0.62,-0.2,0.68
825,2019-04-04,32.49,33.4,33.68,31.82,382031,1602025424.0,5.77,3.6,1.16,1.03
826,2019-04-08,33.69,32.3,33.99,31.86,408677,1708226832.0,6.38,-3.29,-1.1,1.1
827,2019-04-09,32.15,31.37,32.15,30.7,281245,1131296800.0,4.49,-2.88,-0.93,0.76
828,2019-04-10,31.03,31.32,32.14,30.7,261556,1051603536.0,4.59,-0.16,-0.05,0.7
829,2019-04-11,31.23,31.47,32.05,30.94,269357,1087419008.0,3.54,0.48,0.15,0.72
830,2019-04-12,31.64,31.84,32.9,31.07,334041,1371227072.0,5.82,1.18,0.37,0.9
831,2019-04-15,32.26,30.82,32.73,30.82,354616,1435601584.0,6.0,-3.2,-1.02,0.95
832,2019-04-16,30.4,29.51,30.4,28.37,582437,2185298784.0,6.59,-4.25,-1.31,1.57
833,2019-04-17,29.58,31.56,31.77,29.32,547705,2162570976.0,8.3,6.95,2.05,1.47
834,2019-04-18,31.17,30.87,32.47,30.75,273328,1098185456.0,5.45,-2.19,-0.69,0.74
835,2019-04-19,30.65,30.65,31.32,30.34,149276,586614512.0,3.17,-0.71,-0.22,0.4
836,2019-04-22,30.94,31.82,32.29,30.91,424337,1727729808.0,4.5,3.82,1.17,1.14
837,2019-04-23,31.82,31.95,32.72,31.28,419285,1723923008.0,4.53,0.41,0.13,1.13
838,2019-04-24,32.44,32.97,33.23,31.76,477923,1997634464.0,4.6,3.19,1.02,1.29
839,2019-04-25,32.58,33.21,34.95,32.55,709159,3071906592.0,7.28,0.73,0.24,1.91
840,2019-04-26,32.98,31.83,33.15,30.65,387559,1583370064.0,7.53,-4.16,-1.38,1.04
841,2019-04-29,31.84,30.9,32.49,30.65,314852,1270050352.0,5.78,-2.92,-0.93,0.85
842,2019-04-30,30.73,32.24,32.73,30.57,312337,1276869312.0,6.99,4.34,1.34,0.84
843,2019-05-06,30.79,29.36,32.07,28.99,491515,1912315152.0,9.55,-8.93,-2.88,1.32
844,2019-05-07,29.87,29.05,30.57,27.72,382571,1445210144.0,9.71,-1.06,-0.31,1.03
845,2019-05-08,28.05,26.77,28.33,26.14,494137,1749028208.0,7.54,-7.85,-2.28,1.33
846,2019-05-09,26.82,27.37,27.71,26.62,334826,1179444960.0,4.07,2.24,0.6,0.9
847,2019-05-10,27.81,28.63,29.01,27.17,322127,1178216976.0,6.72,4.6,1.26,0.87
848,2019-05-13,28.11,27.73,28.43,27.36,212815,764346512.0,3.74,-3.14,-0.9,0.57
849,2019-05-14,27.72,27.43,28.23,27.15,270104,964865168.0,3.89,-1.08,-0.3,0.73
850,2019-05-15,27.65,28.29,28.57,27.52,233196,845541216.0,3.83,3.14,0.86,0.63
851,2019-05-16,28.47,28.32,29.15,28.23,190734,703467760.0,3.25,0.11,0.03,0.51
852,2019-05-17,28.64,27.54,28.93,27.42,309516,1123484976.0,5.33,-2.75,-0.78,0.83
853,2019-05-20,27.82,26.23,27.82,25.7,325501,1110982240.0,7.7,-4.76,-1.31,0.88
854,2019-05-21,26.32,27.2,27.51,26.27,289360,1015615936.0,4.73,3.7,0.97,0.78
855,2019-05-22,27.07,27.18,27.53,26.82,193131,679274208.0,2.61,-0.07,-0.02,0.51
856,2019-05-23,27.23,26.57,27.42,26.52,193872,674095056.0,3.31,-2.24,-0.61,0.52
857,2019-05-24,27.05,25.98,27.48,25.15,398138,1347190128.0,8.77,-2.22,-0.59,1.06
858,2019-05-27,26.26,27.77,28.01,26.26,390494,1374273584.0,6.74,6.89,1.79,1.04
859,2019-05-28,28.48,29.88,29.88,28.48,592189,2218307680.0,5.04,7.6,2.11,1.58
860,2019-05-29,29.38,29.81,29.98,28.95,278024,1057808032.0,3.45,-0.23,-0.07,0.74
861,2019-05-30,30.48,30.72,31.05,29.63,351767,1374371408.0,4.76,3.05,0.91,0.94
862,2019-05-31,31.11,31.15,31.32,29.69,350073,1367602512.0,5.31,1.4,0.43,0.93
863,2019-06-03,31.76,30.95,32.32,30.65,353987,1410125696.0,5.36,-0.64,-0.2,0.94
864,2019-06-04,30.9,30.77,32.07,30.19,340734,1325570720.0,6.07,-0.58,-0.18,0.91
865,2019-06-05,31.11,30.8,31.26,29.86,294873,1141250032.0,4.55,0.1,0.03,0.79
866,2019-06-06,30.78,29.22,30.79,28.73,387855,1457376352.0,6.69,-5.13,-1.58,1.03
867,2019-06-10,29.61,29.37,29.61,28.48,249289,922401072.0,3.87,0.51,0.15,0.66
868,2019-06-11,29.57,30.64,30.72,29.07,325714,1239870096.0,5.62,4.32,1.27,0.87
869,2019-06-12,30.32,30.71,31.07,30.16,306464,1188543520.0,2.97,0.23,0.07,0.82
870,2019-06-13,30.92,31.32,31.65,30.3,300076,1177899648.0,4.4,1.99,0.61,0.75
871,2019-06-14,31.07,31.03,31.97,30.88,605015,2403834016.0,3.48,-0.93,-0.29,1.51
872,2019-06-17,30.83,29.66,31.21,29.15,391735,1489789728.0,6.64,-4.42,-1.37,0.98
873,2019-06-18,29.72,30.52,30.62,29.72,245645,940309152.0,3.03,2.9,0.86,0.61
874,2019-06-19,31.65,30.04,31.65,29.76,353706,1368300640.0,6.19,-1.57,-0.48,0.88
875,2019-06-20,29.99,30.02,30.15,29.17,324681,1221755056.0,3.26,-0.07,-0.02,0.81
876,2019-06-21,30.73,29.4,30.73,29.24,333346,1252267712.0,4.96,-2.07,-0.62,0.83
877,2019-06-24,29.13,29.06,29.45,28.32,292064,1069715840.0,3.84,-1.16,-0.34,0.73
878,2019-06-25,28.9,28.38,28.95,28.31,206381,748121088.0,2.2,-2.34,-0.68,0.51
879,2019-06-26,28.31,28.17,28.64,28.04,178896,642747584.0,2.11,-0.74,-0.21,0.45
880,2019-06-27,28.27,28.32,28.63,27.72,198904,713863696.0,3.23,0.53,0.15,0.5
881,2019-06-28,28.3,28.2,28.4,28.06,132222,474507152.0,1.2,-0.42,-0.12,0.33
882,2019-07-01,28.57,29.03,29.17,28.13,249162,907823184.0,3.69,2.94,0.83,0.62
883,2019-07-02,28.94,29.08,29.72,28.86,316227,1177091392.0,2.96,0.17,0.05,0.79
884,2019-07-03,28.93,27.58,28.97,27.23,507838,1794860576.0,5.98,-5.16,-1.5,1.27
885,2019-07-04,27.66,27.42,27.93,27.32,216829,761698032.0,2.21,-0.58,-0.16,0.54
886,2019-07-05,27.65,29.05,29.23,27.65,434958,1578748816.0,5.76,5.94,1.63,1.08
887,2019-07-08,29.63,29.43,29.88,28.87,428198,1602014656.0,3.48,1.31,0.38,1.07
888,2019-07-09,29.46,30.19,30.59,28.87,457324,1734133040.0,5.84,2.58,0.76,1.14
889,2019-07-10,30.16,30.12,30.73,29.8,247286,948044416.0,3.08,-0.23,-0.07,0.62
890,2019-07-11,30.43,30.16,30.48,29.82,193776,740130224.0,2.19,0.13,0.04,0.48
891,2019-07-12,30.32,30.44,30.82,29.98,259067,997254080.0,2.79,0.93,0.28,0.65
892,2019-07-15,30.65,31.77,32.11,30.0,416170,1646348960.0,6.93,4.37,1.33,1.04
893,2019-07-16,31.82,31.8,32.19,31.36,299288,1204958336.0,2.61,0.09,0.03,0.75
894,2019-07-17,31.8,31.87,33.02,31.47,390037,1586386416.0,4.87,0.22,0.07,0.97
895,2019-07-18,31.68,31.48,32.04,31.32,214734,859910352.0,2.26,-1.22,-0.39,0.54
896,2019-07-19,31.66,32.36,32.57,31.65,237876,965863472.0,2.92,2.8,0.88,0.59
897,2019-07-22,32.32,31.57,32.7,31.4,266276,1074327968.0,4.02,-2.44,-0.79,0.66
898,2019-07-23,31.65,31.61,31.9,31.24,151742,605001136.0,2.09,0.13,0.04,0.38
899,2019-07-24,31.7,31.73,31.89,31.32,169954,680039920.0,1.8,0.38,0.12,0.42
900,2019-07-25,31.65,32.12,32.17,31.44,177381,714235568.0,2.3,1.23,0.39,0.44
901,2019-07-26,32.02,31.19,32.05,30.57,446345,1757800384.0,4.61,-2.9,-0.93,1.11
902,2019-07-29,31.09,32.05,32.19,30.59,335004,1336463872.0,5.13,2.76,0.86,0.84
903,2019-07-30,32.02,31.91,32.45,31.55,229614,928970064.0,2.81,-0.44,-0.14,0.57
904,2019-07-31,31.68,32.04,32.44,31.57,253634,1024198432.0,2.73,0.41,0.13,0.63
905,2019-08-01,31.85,33.3,33.46,31.82,448390,1872131344.0,5.12,3.93,1.26,1.12
906,2019-08-02,32.82,33.42,33.73,32.8,309679,1296344240.0,2.79,0.36,0.12,0.77
907,2019-08-05,33.69,33.92,34.32,33.22,346117,1477665488.0,3.29,1.5,0.5,0.86
908,2019-08-06,33.11,33.75,34.1,32.52,291840,1231167712.0,4.66,-0.5,-0.17,0.73
909,2019-08-07,34.27,33.15,34.73,33.09,297210,1270124992.0,4.86,-1.78,-0.6,0.74
910,2019-08-08,33.69,33.95,34.2,33.1,228937,972412096.0,3.32,2.41,0.8,0.57
911,2019-08-09,34.12,32.64,34.16,32.52,333664,1396337264.0,4.83,-3.86,-1.31,0.83
912,2019-08-12,32.82,33.06,33.46,31.9,336880,1389418496.0,4.78,1.29,0.42,0.84
913,2019-08-13,32.81,32.06,33.02,31.94,296707,1211415376.0,3.27,-3.02,-1.0,0.74
914,2019-08-14,32.44,31.69,32.44,31.57,303442,1220181072.0,2.71,-1.15,-0.37,0.76
915,2019-08-15,31.44,31.86,32.02,31.4,201267,807243280.0,1.96,0.54,0.17,0.5
916,2019-08-16,31.83,32.04,32.8,31.67,278865,1135206480.0,3.55,0.56,0.18,0.7
917,2019-08-19,32.32,31.3,32.32,29.83,622219,2431129840.0,7.77,-2.31,-0.74,1.55
918,2019-08-20,30.99,31.2,31.48,30.82,237945,938407552.0,2.11,-0.32,-0.1,0.59
919,2019-08-21,32.02,31.52,32.22,31.27,297391,1189926064.0,3.04,1.03,0.32,0.74
920,2019-08-22,31.77,31.78,32.02,31.0,255382,1021059056.0,3.24,0.82,0.26,0.64
921,2019-08-23,31.73,31.3,31.98,31.15,195207,777275216.0,2.61,-1.51,-0.48,0.49
922,2019-08-26,31.1,31.1,31.72,30.91,282037,1112501600.0,2.59,-0.64,-0.2,0.7
923,2019-08-27,31.45,32.22,32.77,31.45,532949,2165707936.0,4.24,3.6,1.12,1.33
924,2019-08-28,32.34,33.31,33.67,31.99,401320,1667507888.0,5.21,3.38,1.09,1.0
925,2019-08-29,33.23,33.16,33.55,32.72,221553,924244400.0,2.49,-0.45,-0.15,0.55
926,2019-08-30,33.13,32.89,33.52,32.54,210366,873741328.0,2.96,-0.81,-0.27,0.52
927,2019-09-02,32.89,32.52,32.97,31.88,270378,1106945440.0,3.31,-1.12,-0.37,0.67
928,2019-09-03,32.68,32.73,33.55,32.58,304583,1267153888.0,2.98,0.65,0.21,0.76
929,2019-09-04,32.69,33.11,33.28,32.4,315141,1305963216.0,2.69,1.16,0.38,0.79
930,2019-09-05,33.29,33.2,33.4,32.82,272849,1137554064.0,1.75,0.27,0.09,0.68
931,2019-09-06,33.15,31.92,33.15,31.44,526593,2125286928.0,5.15,-3.86,-1.28,1.31
932,2019-09-09,31.19,30.79,31.28,30.03,650248,2518771424.0,3.92,-3.54,-1.13,1.62
933,2019-09-10,30.82,31.02,31.35,30.58,308758,1210686464.0,2.5,0.75,0.23,0.77
934,2019-09-11,30.68,30.3,30.82,30.07,424808,1633019536.0,2.42,-2.32,-0.72,1.06
935,2019-09-12,30.53,30.26,30.56,29.9,192907,737935776.0,2.18,-0.13,-0.04,0.48
936,2019-09-16,30.4,30.36,30.59,29.98,193011,740629616.0,2.02,0.33,0.1,0.48
937,2019-09-17,30.44,30.22,30.65,30.07,174095,668858336.0,1.91,-0.46,-0.14,0.43
938,2019-09-18,30.3,30.27,30.46,29.98,137266,526549136.0,1.59,0.17,0.05,0.34
939,2019-09-19,30.29,30.52,30.57,29.73,245600,941331792.0,2.78,0.83,0.25,0.61
940,2019-09-20,30.53,30.53,30.8,30.32,162037,627574192.0,1.57,0.03,0.01,0.4
941,2019-09-23,30.53,30.15,30.82,29.79,216074,824868400.0,3.37,-1.24,-0.38,0.54
942,2019-09-24,30.07,29.32,30.23,29.15,308785,1151576464.0,3.58,-2.75,-0.83,0.77
943,2019-09-25,29.16,29.52,29.78,29.07,127740,477483696.0,2.42,0.68,0.2,0.32
944,2019-09-26,29.67,27.4,29.69,27.37,536274,1910292416.0,7.86,-7.18,-2.12,1.34
945,2019-09-27,27.69,28.9,29.22,27.44,339612,1232044464.0,6.5,5.47,1.5,0.85
946,2019-09-30,29.0,29.3,29.48,28.82,189013,700785936.0,2.28,1.38,0.4,0.47
947,2019-10-08,29.98,29.96,30.08,29.44,238234,901480480.0,2.18,2.25,0.66,0.59
948,2019-10-09,29.98,29.69,30.19,29.32,140489,527987216.0,2.9,-0.9,-0.27,0.35
949,2019-10-10,30.07,30.69,30.82,29.9,327269,1260734784.0,3.1,3.37,1.0,0.82
950,2019-10-11,30.65,30.48,31.06,30.34,194116,746074176.0,2.35,-0.68,-0.21,0.48
951,2019-10-14,30.0,29.9,30.43,29.28,241683,906439712.0,3.77,-1.9,-0.58,0.6
952,2019-10-15,29.9,29.82,30.27,29.48,147783,553429424.0,2.64,-0.27,-0.08,0.37
953,2019-10-16,29.89,29.44,29.9,29.32,139031,516009568.0,1.95,-1.27,-0.38,0.35
954,2019-10-17,29.39,29.23,29.57,28.97,136543,501302976.0,2.04,-0.71,-0.21,0.34
955,2019-10-18,29.33,29.23,29.72,28.98,181448,670997152.0,2.53,0.0,0.0,0.45
956,2019-10-21,29.48,30.61,30.87,29.47,358673,1372738608.0,4.79,4.72,1.38,0.89
957,2019-10-22,30.82,30.67,30.82,30.0,223801,858018624.0,2.68,0.2,0.06,0.56
958,2019-10-23,30.94,30.82,31.59,30.72,343190,1341059408.0,2.84,0.49,0.15,0.86
959,2019-10-24,30.94,31.65,31.77,30.73,390261,1538272032.0,3.37,2.69,0.83,0.97
960,2019-10-25,31.89,32.76,32.9,31.57,539288,2192261424.0,4.2,3.51,1.11,1.35
961,2019-10-28,31.99,32.37,33.32,31.9,393077,1598599520.0,4.33,-1.19,-0.39,0.98
962,2019-10-29,32.51,33.02,33.57,32.23,425697,1767338784.0,4.14,2.01,0.65,1.06
963,2019-10-30,33.22,33.15,33.88,32.32,279990,1158084672.0,4.72,0.39,0.13,0.7
964,2019-10-31,33.57,32.13,33.57,31.83,356151,1446887168.0,5.25,-3.08,-1.02,0.89
965,2019-11-01,31.73,31.88,32.19,30.97,305843,1216748032.0,3.8,-0.78,-0.25,0.76
966,2019-11-04,31.65,31.45,31.88,30.98,305336,1201809760.0,2.82,-1.35,-0.43,0.76
967,2019-11-05,31.72,31.84,32.42,31.57,326981,1309033728.0,2.7,1.24,0.39,0.82
968,2019-11-06,32.73,31.2,32.84,30.76,392236,1545232000.0,6.53,-2.01,-0.64,0.98
969,2019-11-07,31.15,31.74,32.22,30.82,296177,1177430128.0,4.49,1.73,0.54,0.74
970,2019-11-08,31.57,30.97,31.76,30.92,225555,882351120.0,2.65,-2.43,-0.77,0.56
971,2019-11-11,30.67,30.38,31.14,30.32,231885,890560592.0,2.65,-1.91,-0.59,0.58
972,2019-11-12,30.65,30.47,30.86,30.22,163394,625891728.0,2.11,0.3,0.09,0.41
973,2019-11-13,30.78,30.33,30.97,30.09,169920,649482016.0,2.89,-0.46,-0.14,0.42
974,2019-11-14,30.33,29.98,30.43,29.9,165914,627466080.0,1.75,-1.15,-0.35,0.41
975,2019-11-15,29.82,29.09,29.97,28.98,321218,1181411680.0,3.3,-2.97,-0.89,0.8
976,2019-11-18,28.88,29.08,29.29,28.5,297183,1083277040.0,2.72,-0.03,-0.01,0.74
977,2019-11-19,29.37,29.07,29.38,28.8,249656,911679152.0,1.99,-0.03,-0.01,0.62
978,2019-11-20,29.03,28.62,29.23,28.59,240560,873968000.0,2.2,-1.55,-0.45,0.6
979,2019-11-21,28.7,28.62,28.92,28.48,141571,511520160.0,1.54,0.0,0.0,0.35
980,2019-11-22,28.77,28.2,28.88,27.95,232358,831391600.0,3.25,-1.47,-0.42,0.58
981,2019-11-25,28.32,27.9,28.51,27.73,180866,639080368.0,2.77,-1.06,-0.3,0.45
982,2019-11-26,28.11,28.23,28.47,27.65,286395,1012853088.0,2.94,1.18,0.33,0.71
983,2019-11-27,28.17,28.44,28.84,27.82,177798,638215952.0,3.61,0.74,0.21,0.44
984,2019-11-28,28.57,28.43,28.88,28.16,145760,524820992.0,2.53,-0.04,-0.01,0.36
985,2019-11-29,28.34,28.4,28.47,27.88,134569,479375280.0,2.08,-0.11,-0.03,0.34
986,2019-12-02,28.57,28.88,29.23,28.57,188097,685347456.0,2.32,1.69,0.48,0.47
987,2019-12-03,28.9,28.48,29.13,28.42,162833,588037648.0,2.46,-1.39,-0.4,0.41
988,2019-12-04,28.35,27.63,28.36,27.36,297821,1042318368.0,3.51,-2.98,-0.85,0.74
989,2019-12-05,27.88,27.82,27.94,27.47,172017,600941344.0,1.7,0.69,0.19,0.43
990,2019-12-06,27.93,27.77,28.04,27.61,174079,610411488.0,1.55,-0.18,-0.05,0.43
991,2019-12-09,27.85,27.58,27.88,27.44,193413,673706512.0,1.58,-0.68,-0.19,0.48
992,2019-12-10,27.57,26.49,27.57,26.15,412693,1387108848.0,5.15,-3.95,-1.09,1.03
993,2019-12-11,26.27,26.22,26.47,26.07,183964,611234704.0,1.51,-1.02,-0.27,0.46
994,2019-12-12,26.3,26.27,26.6,26.16,179922,599248960.0,1.68,0.19,0.05,0.45
995,2019-12-13,26.24,26.53,26.53,26.07,248606,828498976.0,1.75,0.99,0.26,0.62
996,2019-12-16,26.53,26.27,26.57,26.08,217792,722692160.0,1.85,-0.98,-0.26,0.54
997,2019-12-17,26.32,26.99,27.14,26.22,283413,959494896.0,3.5,2.74,0.72,0.71
998,2019-12-18,26.77,26.8,27.23,26.73,204481,695820416.0,1.85,-0.7,-0.19,0.51
999,2019-12-19,26.8,26.72,27.0,26.6,155526,525702528.0,1.49,-0.3,-0.08,0.39
1000,2019-12-20,26.75,27.16,27.19,26.67,238378,812684288.0,1.95,1.65,0.44,0.59
1001,2019-12-23,27.21,26.26,27.21,26.15,227861,769226096.0,3.9,-3.31,-0.9,0.57
1002,2019-12-24,26.19,25.89,26.4,25.82,197266,648786112.0,2.21,-1.41,-0.37,0.49
1003,2019-12-25,25.9,25.77,26.0,25.67,162677,531965984.0,1.27,-0.46,-0.12,0.41
1004,2019-12-26,25.89,25.57,25.9,25.36,229826,743641392.0,2.1,-0.78,-0.2,0.57
1005,2019-12-27,25.57,26.13,26.32,25.5,280219,921903376.0,3.21,2.19,0.56,0.7
1006,2019-12-30,26.07,26.28,26.38,25.5,267182,877013488.0,3.37,0.57,0.15,0.67
1007,2019-12-31,26.27,26.57,26.78,26.17,232736,782530288.0,2.32,1.1,0.29,0.58
1008,2020-01-02,26.76,27.16,27.39,26.76,271958,931630512.0,2.37,2.22,0.59,0.68
1009,2020-01-03,27.22,27.4,27.53,26.86,281437,968062432.0,2.47,0.88,0.24,0.7
1010,2020-01-06,27.16,28.42,28.72,27.15,360623,1279411376.0,5.73,3.72,1.02,0.9
1011,2020-01-07,29.3,30.44,30.73,29.15,688792,2602278304.0,5.56,7.11,2.02,1.71
1012,2020-01-08,30.44,29.49,30.77,29.4,467170,1762660512.0,4.5,-3.12,-0.95,1.16
1013,2020-01-09,29.86,29.71,30.22,29.46,251063,938467152.0,2.58,0.75,0.22,0.62
1014,2020-01-10,29.63,28.69,29.64,28.58,333407,1209974592.0,3.57,-3.43,-1.02,0.83
1015,2020-01-13,28.61,29.08,29.21,28.47,207640,757615632.0,2.58,1.36,0.39,0.52
1016,2020-01-14,29.02,28.84,29.2,28.64,204131,742046480.0,1.93,-0.83,-0.24,0.51
1017,2020-01-15,28.98,28.37,29.09,28.19,203413,729407184.0,3.12,-1.63,-0.47,0.51
1018,2020-01-16,28.4,28.22,28.68,28.15,169428,606421728.0,1.87,-0.53,-0.15,0.42
1019,2020-01-17,28.21,28.07,28.44,27.98,131782,468458960.0,1.63,-0.53,-0.15,0.33
1020,2020-01-20,28.31,28.67,28.77,27.76,219569,784726416.0,3.6,2.14,0.6,0.55
1021,2020-01-21,28.56,28.33,28.57,27.98,204566,728377760.0,2.06,-1.19,-0.34,0.51
1022,2020-01-22,28.11,27.25,28.12,26.73,350346,1200716080.0,4.91,-3.81,-1.08,0.87
1023,2020-01-23,26.9,25.8,26.92,25.65,360023,1189681872.0,4.66,-5.32,-1.45,0.9
1024,2020-02-03,23.08,23.08,23.5,23.08,382552,1126708960.0,1.63,-10.54,-2.72,0.95
1025,2020-02-04,22.61,23.78,23.94,22.61,445362,1324907536.0,5.76,3.03,0.7,1.11
1026,2020-02-05,23.79,24.17,24.73,23.56,346481,1065792112.0,4.92,1.64,0.39,0.86
1027,2020-02-06,24.59,24.7,24.87,23.65,432103,1336284368.0,5.05,2.19,0.53,1.07
1028,2020-02-07,24.56,24.28,24.6,23.98,312409,963531952.0,2.51,-1.7,-0.42,0.78
1029,2020-02-10,24.08,25.44,25.72,24.0,410324,1310941552.0,7.08,4.78,1.16,1.02
1030,2020-02-11,25.48,25.37,25.85,25.14,279969,904041472.0,2.79,-0.28,-0.07,0.7
1031,2020-02-12,25.48,25.55,25.93,25.38,193828,629481568.0,2.17,0.71,0.18,0.48
1032,2020-02-13,25.57,25.32,25.69,24.91,240120,768452528.0,3.05,-0.9,-0.23,0.6
1033,2020-02-14,25.31,26.27,26.36,25.21,351956,1158445424.0,4.54,3.75,0.95,0.88
1034,2020-02-17,26.62,27.17,27.26,26.38,322203,1097849920.0,3.35,3.43,0.9,0.8
1035,2020-02-18,27.12,26.81,27.12,26.66,237124,803506624.0,1.69,-1.32,-0.36,0.59
1036,2020-02-19,27.07,27.97,28.39,27.07,447455,1578343328.0,4.92,4.33,1.16,1.11
1037,2020-02-20,28.35,28.18,28.86,27.82,394733,1408870528.0,3.72,0.75,0.21,0.98
1038,2020-02-21,28.04,27.81,28.17,27.38,386754,1354025728.0,2.8,-1.31,-0.37,0.96
1039,2020-02-24,27.52,28.03,28.4,27.37,291886,1026134880.0,3.7,0.79,0.22,0.73
1040,2020-02-25,27.9,28.23,28.8,27.57,457994,1632646592.0,4.39,0.71,0.2,1.14
1041,2020-02-26,27.95,28.04,28.72,27.77,402814,1429218752.0,3.37,-0.67,-0.19,1.0
1042,2020-02-27,28.15,27.61,28.29,27.57,405202,1420664704.0,2.57,-1.53,-0.43,1.01
1043,2020-02-28,26.98,25.67,27.46,25.67,610099,2032676112.0,6.48,-7.03,-1.94,1.52
1044,2020-03-02,25.82,26.82,27.18,25.82,352035,1185496720.0,5.3,4.48,1.15,0.88
1045,2020-03-03,27.27,26.79,27.28,26.61,380254,1291163472.0,2.5,-0.11,-0.03,0.95
1046,2020-03-04,26.63,27.51,27.64,26.62,407185,1400100416.0,3.81,2.69,0.72,1.01
1047,2020-03-05,27.72,30.23,30.4,27.46,1286440,4793400832.0,10.69,9.89,2.72,3.2
1048,2020-03-06,29.9,28.73,30.37,28.52,875928,3232216176.0,6.12,-4.96,-1.5,2.18
1049,2020-03-09,27.82,27.78,28.82,27.4,620874,2187977312.0,4.94,-3.31,-0.95,1.54
1050,2020-03-10,27.7,27.47,28.29,26.62,501819,1729786000.0,6.01,-1.12,-0.31,1.25
1051,2020-03-11,27.57,27.03,28.19,26.94,514566,1781617664.0,4.55,-1.6,-0.44,1.28
1052,2020-03-12,26.24,25.92,26.58,25.75,452421,1491025904.0,3.07,-4.11,-1.11,1.13
1053,2020-03-13,24.48,25.39,25.72,24.33,434374,1374670656.0,5.36,-2.04,-0.53,1.08
1054,2020-03-16,25.64,24.5,25.66,24.4,341351,1083184592.0,4.96,-3.51,-0.89,0.85
1055,2020-03-17,24.65,24.47,25.11,23.71,272332,841417936.0,5.71,-0.12,-0.03,0.68
1056,2020-03-18,24.52,24.73,25.9,24.52,404383,1292638176.0,5.64,1.06,0.26,1.01
1057,2020-03-19,24.9,24.83,25.13,23.9,336249,1047443904.0,4.97,0.4,0.1,0.84
1058,2020-03-20,25.14,24.8,25.32,24.45,211035,664170960.0,3.5,-0.12,-0.03,0.52
1059,2020-03-23,23.98,24.02,24.33,23.62,237429,723511200.0,2.86,-3.15,-0.78,0.59
1060,2020-03-24,24.57,24.98,25.03,24.41,245201,770857136.0,2.58,4.0,0.96,0.61
1061,2020-03-25,25.57,24.92,25.57,24.62,376682,1191222976.0,3.8,-0.24,-0.06,0.94
1062,2020-03-26,24.69,24.12,24.86,24.01,385289,1195945824.0,3.41,-3.21,-0.8,0.96
1063,2020-03-27,24.35,23.59,24.35,23.57,368371,1113860016.0,3.23,-2.2,-0.53,0.92
1064,2020-03-30,23.48,24.23,24.24,23.34,269249,821816176.0,3.82,2.71,0.64,0.67
1065,2020-03-31,24.27,25.48,25.49,24.15,516977,1650342416.0,5.53,5.16,1.25,1.29
1066,2020-04-01,25.31,24.92,25.4,24.78,305905,972186880.0,2.43,-2.2,-0.56,0.76
1067,2020-04-02,24.98,24.71,25.12,24.37,284949,891461744.0,3.01,-0.84,-0.21,0.71
1068,2020-04-03,24.62,24.98,25.43,24.52,286397,911154672.0,3.68,1.09,0.27,0.71
1069,2020-04-07,25.24,26.04,26.22,24.95,442105,1443076048.0,5.08,4.24,1.06,1.1
1070,2020-04-08,26.05,25.74,26.38,25.52,329599,1077889696.0,3.3,-1.15,-0.3,0.82
1071,2020-04-09,25.89,25.79,26.05,25.37,244443,798169312.0,2.64,0.19,0.05,0.61
1072,2020-04-10,25.65,25.77,26.03,25.55,230270,750719344.0,1.86,-0.08,-0.02,0.57
1073,2020-04-13,24.65,24.5,24.73,24.24,329691,1025763792.0,1.9,-4.93,-1.27,0.82
1074,2020-04-14,24.66,24.66,24.73,24.26,245352,764546768.0,1.92,0.65,0.16,0.61
1075,2020-04-15,24.66,24.45,24.85,24.32,232315,723598864.0,2.15,-0.85,-0.21,0.58
1076,2020-04-16,24.32,23.98,24.63,23.82,343075,1048300320.0,3.31,-1.92,-0.47,0.85
1077,2020-04-17,24.22,24.22,24.38,23.87,296963,912369328.0,2.13,1.0,0.24,0.74
1078,2020-04-20,24.23,24.2,24.37,24.03,196880,605627536.0,1.4,-0.08,-0.02,0.49
1079,2020-04-21,24.07,23.65,24.21,23.58,276413,833840752.0,2.6,-2.27,-0.55,0.69
1080,2020-04-22,23.5,24.3,24.47,23.5,331314,1016257616.0,4.1,2.75,0.65,0.82
1081,2020-04-23,24.3,23.98,24.55,23.94,279526,858538928.0,2.51,-1.32,-0.32,0.7
1082,2020-04-24,24.47,24.41,24.67,24.08,338254,1047195408.0,2.46,1.79,0.43,0.84
1083,2020-04-27,24.63,24.08,24.77,24.05,314915,973559776.0,2.95,-1.35,-0.33,0.78
1084,2020-04-28,23.98,23.24,24.03,23.11,458010,1364100608.0,3.82,-3.49,-0.84,1.14
1085,2020-04-29,23.28,23.63,23.63,23.07,208003,618967168.0,2.41,1.68,0.39,0.52
1086,2020-04-30,23.64,23.76,23.82,23.51,215712,649702640.0,1.31,0.55,0.13,0.54
1087,2020-05-06,23.44,23.79,23.96,23.4,231262,697561856.0,2.36,0.13,0.03,0.58
1088,2020-05-07,23.79,23.85,24.17,23.58,203337,618586896.0,2.48,0.25,0.06,0.51
1089,2020-05-08,24.07,23.73,24.07,23.69,256819,778911600.0,1.59,-0.5,-0.12,0.64
1090,2020-05-11,23.65,23.27,23.78,23.16,327458,975892416.0,2.61,-1.94,-0.46,0.81
1091,2020-05-12,23.28,23.29,23.47,23.22,167344,496732016.0,1.07,0.09,0.02,0.42
1092,2020-05-13,23.27,23.09,23.28,23.07,190176,560373920.0,0.9,-0.86,-0.2,0.47
1093,2020-05-14,22.93,22.23,22.98,22.17,390964,1121704992.0,3.51,-3.72,-0.86,0.97
1094,2020-05-15,22.33,21.97,22.43,21.85,290212,818162752.0,2.61,-1.17,-0.26,0.72
1095,2020-05-18,21.98,22.59,22.72,21.98,279624,799804480.0,3.37,2.82,0.62,0.7
1096,2020-05-19,22.68,22.15,22.75,22.05,249433,709299744.0,3.1,-1.95,-0.44,0.62
1097,2020-05-20,22.11,21.98,22.28,21.93,168529,474105824.0,1.58,-0.77,-0.17,0.42
1098,2020-05-21,22.08,21.28,22.18,21.12,369790,1017577520.0,4.82,-3.18,-0.7,0.92
1099,2020-05-22,21.19,20.78,21.49,20.74,281016,757814432.0,3.52,-2.35,-0.5,0.7
1100,2020-05-25,20.88,20.94,21.17,20.67,179651,482831184.0,2.41,0.77,0.16,0.45
1101,2020-05-26,21.27,20.91,21.29,20.6,233155,622171648.0,3.3,-0.14,-0.03,0.58
1102,2020-05-27,20.9,20.77,21.01,20.65,187380,499849648.0,1.72,-0.67,-0.14,0.47
1103,2020-05-28,20.7,20.35,20.83,20.25,207750,546098416.0,2.79,-2.02,-0.42,0.52
1104,2020-05-29,20.37,20.59,20.63,20.26,203545,534718544.0,1.82,1.18,0.24,0.51
1105,2020-06-01,20.58,20.95,20.98,20.42,298451,793286784.0,2.72,1.75,0.36,0.74
1106,2020-06-02,21.03,21.36,21.53,21.0,338632,924834608.0,2.53,1.96,0.41,0.84
1107,2020-06-03,21.48,21.09,21.57,21.08,240976,653409552.0,2.29,-1.26,-0.27,0.6
1108,2020-06-04,21.24,21.2,21.53,21.15,227803,620966048.0,1.8,0.52,0.11,0.57
1109,2020-06-05,21.13,20.99,21.13,20.74,212874,570174928.0,1.84,-0.99,-0.21,0.53
1110,2020-06-08,21.13,21.48,21.53,21.03,301234,824585728.0,2.38,2.33,0.49,0.75
1111,2020-06-09,21.52,21.43,21.57,21.25,222908,609858320.0,1.49,-0.23,-0.05,0.56
1112,2020-06-10,21.48,21.29,21.84,21.18,286357,785485312.0,3.08,-0.65,-0.14,0.72
1113,2020-06-11,21.15,20.35,21.15,20.29,577937,1223210880.0,4.04,-4.42,-0.94,1.2
1114,2020-06-12,19.8,19.86,20.17,19.7,391278,804994672.0,2.31,-2.41,-0.49,0.81
1115,2020-06-15,20.2,20.42,20.83,20.08,550160,1163052512.0,3.78,2.82,0.56,1.15
1116,2020-06-16,20.51,20.48,20.6,20.14,306167,641599456.0,2.25,0.29,0.06,0.64
1117,2020-06-17,20.49,20.45,20.75,20.2,319553,671801984.0,2.69,-0.15,-0.03,0.67
1118,2020-06-18,20.5,20.88,20.98,20.43,416214,891293568.0,2.69,2.1,0.43,0.87
1119,2020-06-19,21.01,20.99,21.12,20.76,377220,813774736.0,1.72,0.53,0.11,0.79
1120,2020-06-22,21.11,21.26,21.5,20.8,423676,920787856.0,3.33,1.29,0.27,0.88
1121,2020-06-23,21.08,20.77,21.2,20.73,342617,735510672.0,2.21,-2.3,-0.49,0.71
1122,2020-06-24,20.8,21.3,21.6,20.61,625812,1369021184.0,4.77,2.55,0.53,1.29
1123,2020-06-29,21.36,21.0,21.73,20.93,524883,1143116032.0,3.76,-1.41,-0.3,1.08
1124,2020-06-30,21.11,21.2,21.29,21.0,336524,730867376.0,1.38,0.95,0.2,0.69
1125,2020-07-01,21.17,21.71,21.8,21.1,610854,1354023440.0,3.3,2.41,0.51,1.26
1126,2020-07-02,21.71,21.82,21.9,21.51,592840,1321311600.0,1.8,0.51,0.11,1.22
1127,2020-07-03,21.8,22.12,22.16,21.62,583375,1316766400.0,2.47,1.37,0.3,1.2
1128,2020-07-06,22.28,23.19,23.19,22.28,795494,1868720048.0,4.11,4.84,1.07,1.64
1129,2020-07-07,23.55,22.95,23.66,22.58,964693,2280839024.0,4.66,-1.03,-0.24,1.99
1130,2020-07-08,22.86,23.0,23.08,22.7,553010,1299874768.0,1.66,0.22,0.05,1.14
1131,2020-07-09,23.1,24.05,24.06,23.1,918406,2242081696.0,4.17,4.57,1.05,1.9
1132,2020-07-10,24.06,23.69,24.26,23.56,691633,1689720352.0,2.91,-1.5,-0.36,1.43
1133,2020-07-13,23.9,25.06,25.25,23.9,956539,2426219408.0,5.7,5.78,1.37,1.97
1134,2020-07-14,25.42,25.51,25.88,24.71,1084449,2808620256.0,4.67,1.8,0.45,2.24
1135,2020-07-15,25.59,25.04,25.65,24.9,764843,1975821392.0,2.94,-1.84,-0.47,1.58
1136,2020-07-16,25.08,23.23,25.16,23.18,936642,2303854896.0,7.91,-7.23,-1.81,1.93
1137,2020-07-17,23.23,23.42,23.83,23.03,529096,1271276528.0,3.44,0.82,0.19,1.09
1138,2020-07-20,23.78,23.73,23.84,23.23,481507,1165004336.0,2.6,1.32,0.31,0.99
1139,2020-07-21,23.73,23.38,23.77,23.3,407798,980646064.0,1.98,-1.47,-0.35,0.84
1140,2020-07-22,23.4,23.35,23.68,23.22,423925,1019051952.0,1.97,-0.13,-0.03,0.88
1141,2020-07-23,23.17,22.93,23.28,22.4,556086,1301513872.0,3.77,-1.8,-0.42,1.15
1142,2020-07-24,22.85,22.83,23.73,22.64,672144,1603400800.0,4.75,-0.44,-0.1,1.39
1143,2020-07-27,23.04,22.91,23.33,22.6,352310,827371040.0,3.2,0.35,0.08,0.73
1144,2020-07-28,23.05,23.3,23.45,22.71,411995,980149184.0,3.23,1.7,0.39,0.85
1145,2020-07-29,23.23,23.53,23.57,22.9,460373,1099644912.0,2.88,0.99,0.23,0.95
1146,2020-07-30,23.53,23.29,23.81,23.21,437262,1052897888.0,2.55,-1.02,-0.24,0.9
1147,2020-07-31,23.24,23.15,23.53,22.97,417221,992546320.0,2.4,-0.6,-0.14,0.86
1148,2020-08-03,23.26,23.9,23.97,23.24,685773,1671041056.0,3.15,3.24,0.75,1.42
1149,2020-08-04,23.95,23.74,24.25,23.64,547969,1342937504.0,2.55,-0.67,-0.16,1.13
1150,2020-08-05,23.39,23.32,23.43,23.05,617399,1472073424.0,1.6,-1.77,-0.42,1.27
1151,2020-08-06,23.28,22.74,23.28,22.52,662084,1548651344.0,3.26,-2.49,-0.58,1.37
1152,2020-08-07,22.66,22.33,22.68,22.1,522935,1197711712.0,2.55,-1.8,-0.41,1.08
1153,2020-08-10,22.29,22.57,22.63,22.2,286038,659655024.0,1.93,1.07,0.24,0.59
1154,2020-08-11,22.63,22.79,23.12,22.5,537001,1260044720.0,2.75,0.97,0.22,1.11
1155,2020-08-12,22.69,22.9,23.08,22.57,393583,920882032.0,2.24,0.48,0.11,0.81
1156,2020-08-13,23.0,23.13,23.39,22.83,410738,976484784.0,2.45,1.0,0.23,0.85
1157,2020-08-14,23.2,23.18,23.33,22.89,260680,616452064.0,1.9,0.22,0.05,0.54
1158,2020-08-17,23.3,23.6,23.69,23.23,434006,1047751808.0,1.98,1.81,0.42,0.9
1159,2020-08-18,23.65,23.55,23.78,23.41,415230,1004509152.0,1.57,-0.21,-0.05,0.86
1160,2020-08-19,23.55,23.66,23.83,23.2,505741,1222928704.0,2.68,0.47,0.11,1.04
1161,2020-08-20,23.7,23.28,23.98,23.16,530587,1284119408.0,3.47,-1.61,-0.38,1.1
1162,2020-08-21,23.13,23.21,23.48,23.11,322706,768704624.0,1.59,-0.3,-0.07,0.67
1163,2020-08-24,23.39,24.0,24.25,23.27,711212,1744999244.0,4.22,3.4,0.79,1.47
1164,2020-08-25,24.0,23.64,24.12,23.5,511493,1245701176.0,2.58,-1.5,-0.36,1.06
1165,2020-08-26,23.49,22.8,23.74,22.75,521029,1235040920.0,4.19,-3.55,-0.84,1.08
1166,2020-08-27,22.8,22.9,23.03,22.51,265701,623245850.0,2.28,0.44,0.1,0.55
1167,2020-08-28,22.96,24.36,24.76,22.95,1169187,2884537584.0,7.9,6.38,1.46,2.41
1168,2020-08-31,24.48,24.08,24.79,24.06,715871,1787935228.0,3.0,-1.15,-0.28,1.48
1169,2020-09-01,24.02,23.91,24.26,23.6,568928,1389443362.0,2.74,-0.71,-0.17,1.17
1170,2020-09-02,23.98,23.81,24.38,23.63,636317,1559432378.0,3.14,-0.42,-0.1,1.31
1171,2020-09-03,23.64,23.15,23.66,23.11,623028,1486703266.0,2.31,-2.77,-0.66,1.29
1172,2020-09-04,22.85,23.1,23.12,22.53,399779,936470210.0,2.55,-0.22,-0.05,0.83
1173,2020-09-07,22.76,22.26,22.86,22.13,657693,1517791470.0,3.16,-3.64,-0.84,1.36
1174,2020-09-08,22.2,21.73,22.26,21.62,456054,1022719947.0,2.88,-2.38,-0.53,0.94
1175,2020-09-09,21.43,20.83,21.63,20.75,474395,1031123468.0,4.05,-4.14,-0.9,0.98
1176,2020-09-10,21.1,20.92,21.18,20.73,281659,607956352.0,2.16,0.43,0.09,0.58
1177,2020-09-11,20.8,21.03,21.07,20.49,232734,498338736.0,2.77,0.53,0.11,0.48
1178,2020-09-14,21.11,20.99,21.17,20.83,258816,557699487.0,1.62,-0.19,-0.04,0.54
1179,2020-09-15,20.98,20.88,21.09,20.7,217701,466397988.0,1.86,-0.52,-0.11,0.45
1180,2020-09-16,20.84,20.52,20.87,20.45,244198,517216256.0,2.01,-1.72,-0.36,0.5
1181,2020-09-17,20.49,20.23,20.5,20.02,278477,579065737.0,2.34,-1.41,-0.29,0.58
1182,2020-09-18,20.25,20.68,20.68,20.24,286196,605003536.0,2.17,2.22,0.45,0.59
1183,2020-09-21,20.6,20.43,20.63,20.31,201170,423551546.0,1.55,-1.21,-0.25,0.42
1184,2020-09-22,20.33,20.06,20.38,20.04,226366,471576862.0,1.66,-1.81,-0.37,0.47
1185,2020-09-23,20.12,20.16,20.36,20.1,173141,360262692.0,1.3,0.5,0.1,0.36
1186,2020-09-24,20.07,19.77,20.2,19.75,233869,478104544.0,2.23,-1.93,-0.39,0.48
1187,2020-09-25,19.82,19.55,19.92,19.52,193154,391164089.0,2.02,-1.11,-0.22,0.4
1188,2020-09-28,19.57,19.1,19.64,19.1,262754,522215492.0,2.76,-2.3,-0.45,0.54
1189,2020-09-29,19.26,19.33,19.6,19.15,186176,372408458.0,2.36,1.2,0.23,0.38
1190,2020-09-30,19.37,18.94,19.43,18.91,255924,504672080.0,2.69,-2.02,-0.39,0.53
1191,2020-10-09,19.18,19.06,19.25,18.9,285189,561018298.0,1.85,0.63,0.12,0.59
1192,2020-10-12,19.07,19.81,19.84,19.0,397981,801634713.0,4.41,3.93,0.75,0.82
1193,2020-10-13,19.69,20.0,20.18,19.61,332717,681729940.0,2.88,0.96,0.19,0.69
1194,2020-10-14,19.91,19.49,19.92,19.41,319787,644378468.0,2.55,-2.55,-0.51,0.66
1195,2020-10-15,19.42,19.25,19.52,19.22,215151,428774016.0,1.54,-1.23,-0.24,0.44
1196,2020-10-16,19.29,19.32,19.43,19.08,197431,391662928.0,1.82,0.36,0.07,0.41
1197,2020-10-19,19.32,19.14,19.54,19.13,215864,429580752.0,2.12,-0.93,-0.18,0.45
1198,2020-10-20,19.2,19.11,19.24,18.93,191186,375620688.0,1.62,-0.16,-0.03,0.4
1199,2020-10-21,19.12,18.98,19.16,18.91,195677,382791904.0,1.31,-0.68,-0.13,0.4
1200,2020-10-22,18.92,18.54,18.98,18.5,268369,514904448.0,2.53,-2.32,-0.44,0.55
1201,2020-10-23,18.55,18.6,18.75,18.52,178345,342510832.0,1.24,0.32,0.06,0.37
1202,2020-10-26,18.61,18.28,18.62,18.22,186681,353987264.0,2.15,-1.72,-0.32,0.39
1203,2020-10-27,18.28,18.15,18.51,18.07,244841,461378752.0,2.41,-0.71,-0.13,0.51
1204,2020-10-28,18.13,17.89,18.17,17.63,294898,543212640.0,2.98,-1.43,-0.26,0.61
1205,2020-10-29,17.65,18.87,19.0,17.6,488494,932342224.0,7.83,5.48,0.98,1.01
1206,2020-10-30,18.8,18.35,18.89,18.22,277888,532504640.0,3.55,-2.76,-0.52,0.57
1207,2020-11-02,18.35,18.12,18.58,17.97,234591,440617232.0,3.32,-1.25,-0.23,0.48
1208,2020-11-03,18.11,18.34,18.47,17.96,225708,425612656.0,2.81,1.21,0.22,0.47
1209,2020-11-04,18.23,18.24,18.43,18.16,158034,298158672.0,1.47,-0.55,-0.1,0.33
1210,2020-11-05,18.34,18.45,18.5,18.19,249233,465372624.0,1.7,1.15,0.21,0.52
1211,2020-11-06,18.57,18.29,18.57,18.22,189145,351658272.0,1.9,-0.87,-0.16,0.39
1212,2020-11-09,18.2,18.64,18.67,18.12,337525,635470112.0,3.01,1.91,0.35,0.7
1213,2020-11-10,18.65,18.95,19.07,18.41,452496,864820880.0,3.54,1.66,0.31,0.94
1214,2020-11-11,18.94,18.61,19.17,18.53,336028,641944768.0,3.38,-1.79,-0.34,0.69
1215,2020-11-12,18.65,18.33,18.65,18.26,213214,399151968.0,2.1,-1.5,-0.28,0.44
1216,2020-11-13,18.22,18.25,18.29,18.02,196732,363135936.0,1.47,-0.44,-0.08,0.41
1217,2020-11-16,18.25,18.92,19.05,18.24,427105,815836736.0,4.44,3.67,0.67,0.88
1218,2020-11-17,18.93,18.98,19.07,18.62,362792,695935632.0,2.38,0.32,0.06,0.75
1219,2020-11-18,18.94,18.96,19.22,18.77,363726,701860576.0,2.37,-0.11,-0.02,0.75
1220,2020-11-19,18.98,19.46,19.77,18.92,611721,1211541376.0,4.48,2.64,0.5,1.26
1221,2020-11-20,19.4,19.23,19.4,19.04,342276,666877424.0,1.85,-1.18,-0.23,0.71
1222,2020-11-23,19.23,19.02,19.34,18.86,340977,658080640.0,2.5,-1.09,-0.21,0.7
1223,2020-11-24,18.98,18.99,19.26,18.93,239421,463455328.0,1.74,-0.16,-0.03,0.49
1224,2020-11-25,19.05,18.83,19.13,18.81,209576,402685104.0,1.69,-0.84,-0.16,0.43
1225,2020-11-26,18.84,18.94,19.1,18.83,194389,374760784.0,1.43,0.58,0.11,0.4
1226,2020-11-27,19.03,19.31,19.45,18.99,353829,693165072.0,2.43,1.95,0.37,0.73
1227,2020-11-30,19.36,19.0,19.63,19.0,362180,709576816.0,3.26,-1.61,-0.31,0.75
1228,2020-12-01,18.93,19.07,19.13,18.82,267661,515863776.0,1.63,0.37,0.07,0.55
1229,2020-12-02,19.08,19.27,19.39,18.96,286778,557542368.0,2.25,1.05,0.2,0.59
1230,2020-12-03,19.22,19.28,19.45,19.05,266658,520984736.0,2.08,0.05,0.01,0.55
1231,2020-12-04,19.3,19.13,19.35,19.1,196205,382035392.0,1.3,-0.78,-0.15,0.41
1232,2020-12-07,19.29,19.69,19.85,19.22,608107,1210310960.0,3.29,2.93,0.56,1.26
1233,2020-12-08,19.7,19.54,19.75,19.4,323368,642233152.0,1.78,-0.76,-0.15,0.67
1234,2020-12-09,19.47,19.09,19.56,19.06,292846,574288384.0,2.56,-2.3,-0.45,0.61
1235,2020-12-10,19.05,18.82,19.23,18.82,263588,508307584.0,2.15,-1.41,-0.27,0.54
1236,2020-12-11,18.82,18.33,18.86,18.22,398574,744665952.0,3.4,-2.6,-0.49,0.82
1237,2020-12-14,18.33,19.22,19.29,18.33,497637,957868464.0,5.24,4.86,0.89,1.03
1238,2020-12-15,19.21,18.9,19.37,18.85,284911,549898736.0,2.71,-1.66,-0.32,0.59
1239,2020-12-16,18.89,18.65,19.06,18.58,219836,418574096.0,2.54,-1.32,-0.25,0.45
1240,2020-12-17,18.65,18.74,18.85,18.37,205556,388844336.0,2.57,0.48,0.09,0.42
1241,2020-12-18,18.72,18.52,18.78,18.51,182639,344903616.0,1.44,-1.17,-0.22,0.38
1242,2020-12-21,18.46,18.58,18.74,18.24,233403,438762672.0,2.7,0.32,0.06,0.48
1243,2020-12-22,18.5,18.1,18.54,18.1,274438,509647344.0,2.37,-2.58,-0.48,0.57
1244,2020-12-23,18.1,18.23,18.27,17.9,220501,404385168.0,2.04,0.72,0.13,0.46
1245,2020-12-24,18.18,18.34,18.44,18.02,230180,428836352.0,2.3,0.6,0.11,0.48
1246,2020-12-25,18.39,18.03,18.4,18.0,233125,428634192.0,2.18,-1.69,-0.31,0.48
1247,2020-12-28,18.0,18.04,18.16,17.88,206703,378306544.0,1.55,0.06,0.01,0.43
1248,2020-12-29,18.04,17.84,18.07,17.63,203894,370147328.0,2.44,-1.11,-0.2,0.42
1249,2020-12-30,17.85,17.82,17.93,17.72,187996,340350976.0,1.18,-0.11,-0.02,0.39
1250,2020-12-31,17.83,17.93,18.1,17.76,226924,413579184.0,1.91,0.62,0.11,0.47
1251,2021-01-04,18.1,19.1,19.18,18.1,854278,1643014224.0,6.02,6.53,1.17,1.77
1252,2021-01-05,19.12,19.53,20.05,19.0,928199,1844541872.0,5.5,2.25,0.43,1.92
1253,2021-01-06,19.67,19.27,19.85,19.07,564665,1106421264.0,3.99,-1.33,-0.26,1.17
1254,2021-01-07,19.11,19.02,19.15,18.6,518045,991743248.0,2.85,-1.3,-0.25,1.07
1255,2021-01-08,19.04,18.82,19.13,18.6,386839,738420688.0,2.79,-1.05,-0.2,0.8
1256,2021-01-11,18.72,18.07,18.72,17.95,504118,934874800.0,4.09,-3.99,-0.75,1.04
1257,2021-01-12,17.9,18.32,18.35,17.88,267650,493697552.0,2.6,1.38,0.25,0.55
1258,2021-01-13,18.32,18.16,18.32,17.88,310306,569558560.0,2.4,-0.87,-0.16,0.64
1259,2021-01-14,18.08,18.23,18.38,18.03,265984,492461456.0,1.93,0.39,0.07,0.55
1260,2021-01-15,18.23,18.2,18.44,18.1,231629,429913536.0,1.87,-0.16,-0.03,0.48
1261,2021-01-18,18.2,18.29,18.48,18.2,264026,491737136.0,1.54,0.49,0.09,0.55
1262,2021-01-19,18.29,17.99,18.3,17.91,314037,574499440.0,2.13,-1.64,-0.3,0.65
1263,2021-01-20,17.92,17.95,18.01,17.85,237611,432611808.0,0.89,-0.22,-0.04,0.49
1264,2021-01-21,17.91,18.04,18.15,17.85,270579,495359056.0,1.67,0.5,0.09,0.56
1265,2021-01-22,18.0,17.78,18.0,17.74,291203,527502416.0,1.44,-1.44,-0.26,0.6
1266,2021-01-25,17.81,17.67,17.87,17.6,284270,510273168.0,1.52,-0.62,-0.11,0.59
1267,2021-01-26,17.67,18.06,18.36,17.67,532056,979950352.0,3.9,2.21,0.39,1.1
1268,2021-01-27,17.9,17.85,18.14,17.78,291765,531150960.0,1.99,-1.16,-0.21,0.6
1269,2021-01-28,17.69,17.17,17.69,17.15,429991,758181936.0,3.03,-3.81,-0.68,0.89
1270,2021-01-29,17.17,16.66,17.27,16.59,331872,567768272.0,3.96,-2.97,-0.51,0.69
1271,2021-02-01,16.65,16.82,16.98,16.4,228080,388840592.0,3.48,0.96,0.16,0.47
1272,2021-02-02,16.78,16.64,16.82,16.55,211723,358384144.0,1.61,-1.07,-0.18,0.44
1273,2021-02-03,16.65,16.89,17.2,16.26,400630,686504432.0,5.65,1.5,0.25,0.83
1274,2021-02-04,16.8,16.41,16.81,16.28,268122,450671200.0,3.14,-2.84,-0.48,0.55
1275,2021-02-05,16.39,16.64,17.28,16.39,318256,547742960.0,5.42,1.4,0.23,0.66
1276,2021-02-08,16.87,17.05,17.29,16.87,321140,557535232.0,2.52,2.46,0.41,0.66
1277,2021-02-09,16.9,17.0,17.08,16.6,289426,495168560.0,2.82,-0.29,-0.05,0.6
1278,2021-02-10,17.1,17.23,17.34,16.89,277134,483971488.0,2.65,1.35,0.23,0.57
1279,2021-02-18,17.51,17.25,17.53,17.19,287069,505661648.0,1.97,0.12,0.02,0.59
1280,2021-02-19,17.28,18.51,18.52,17.25,813300,1494143248.0,7.36,7.3,1.26,1.68
1281,2021-02-22,18.12,18.59,19.18,17.74,1120864,2105379728.0,7.78,0.43,0.08,2.32
1282,2021-02-23,18.45,17.93,18.79,17.88,532833,988162064.0,4.9,-3.55,-0.66,1.1
1283,2021-02-24,17.95,17.9,18.29,17.78,371672,681409472.0,2.84,-0.17,-0.03,0.77
1284,2021-02-25,18.0,17.66,18.06,17.66,285463,515881280.0,2.23,-1.34,-0.24,0.59
1285,2021-02-26,17.62,17.87,17.93,17.51,303081,547033184.0,2.38,1.19,0.21,0.63
1286,2021-03-01,17.94,17.93,18.2,17.78,289923,529881632.0,2.35,0.34,0.06,0.6
1287,2021-03-02,17.93,17.75,18.03,17.71,195054,353563280.0,1.78,-1.0,-0.18,0.4
1288,2021-03-03,17.83,18.09,18.15,17.76,217797,398247520.0,2.2,1.92,0.34,0.45
1289,2021-03-04,18.0,18.06,18.19,17.83,237693,435719680.0,1.99,-0.17,-0.03,0.49
1290,2021-03-05,17.91,18.3,18.44,17.87,263635,489087856.0,3.16,1.33,0.24,0.54
1291,2021-03-08,18.1,17.8,18.22,17.75,330296,604133088.0,2.57,-2.73,-0.5,0.68
1292,2021-03-09,17.8,17.9,18.24,17.6,320899,585286640.0,3.6,0.56,0.1,0.66
1293,2021-03-10,17.98,17.03,17.98,17.02,365404,647778368.0,5.36,-4.86,-0.87,0.76
1294,2021-03-11,17.04,17.03,17.15,16.88,215903,373606960.0,1.59,0.0,0.0,0.45
1295,2021-03-12,17.01,17.08,17.29,16.81,188488,325382304.0,2.82,0.29,0.05,0.39
1296,2021-03-15,17.0,16.79,17.0,16.72,178177,304856608.0,1.64,-1.7,-0.29,0.37
1297,2021-03-16,16.91,16.97,17.07,16.8,147699,254705696.0,1.61,1.07,0.18,0.31
1298,2021-03-17,17.03,17.06,17.21,16.95,156412,272302720.0,1.53,0.53,0.09,0.32
1299,2021-03-18,17.06,16.9,17.06,16.85,130840,225303939.0,1.23,-0.94,-0.16,0.27
1300,2021-03-19,16.94,16.79,17.0,16.74,147454,252954345.0,1.54,-0.65,-0.11,0.3
1301,2021-03-22,16.83,16.86,16.98,16.76,137799,236476575.0,1.31,0.42,0.07,0.28
1302,2021-03-23,16.93,16.66,16.95,16.6,204441,347575440.0,2.08,-1.19,-0.2,0.42
1303,2021-03-24,16.61,16.83,16.86,16.59,139703,238304939.0,1.62,1.02,0.17,0.29
1304,2021-03-25,16.91,16.99,17.12,16.9,156558,270971136.0,1.31,0.95,0.16,0.32
1305,2021-03-26,16.99,17.0,17.03,16.81,136995,236229007.0,1.29,0.06,0.01,0.28
1306,2021-03-29,16.86,16.86,17.02,16.85,139276,239741975.0,1.0,-0.82,-0.14,0.29
1307,2021-03-30,16.86,16.72,16.91,16.71,116036,198079145.0,1.19,-0.83,-0.14,0.24
1308,2021-03-31,16.72,16.62,16.78,16.58,121762,206526220.0,1.2,-0.6,-0.1,0.25
1309,2021-04-01,16.61,16.65,16.7,16.44,135703,228907088.0,1.56,0.18,0.03,0.28
1310,2021-04-02,16.62,16.69,16.75,16.49,116400,196803584.0,1.56,0.24,0.04,0.24
1311,2021-04-06,16.69,16.43,16.69,16.41,204878,343862832.0,1.68,-1.56,-0.26,0.42
1312,2021-04-07,16.44,16.44,16.44,16.3,162460,270747312.0,0.85,0.06,0.01,0.34
1313,2021-04-08,16.39,16.14,16.44,16.13,285375,472759872.0,1.89,-1.82,-0.3,0.59
1314,2021-04-09,16.11,15.79,16.13,15.73,248155,400530528.0,2.48,-2.17,-0.35,0.51
1315,2021-04-12,15.8,15.86,15.96,15.77,163105,263410285.0,1.2,0.44,0.07,0.34
1316,2021-04-13,15.86,15.89,16.01,15.83,123008,199516976.0,1.13,0.19,0.03,0.25
1317,2021-04-14,15.9,15.57,15.9,15.25,257325,405412032.0,4.09,-2.01,-0.32,0.53
1318,2021-04-15,15.49,15.34,15.54,15.3,139250,218103305.0,1.54,-1.48,-0.23,0.29
1319,2021-04-16,15.23,15.39,15.46,15.21,137839,215875185.0,1.63,0.33,0.05,0.28
1320,2021-04-19,15.35,15.48,15.53,15.26,163187,256620228.0,1.75,0.58,0.09,0.34
1321,2021-04-20,15.48,15.44,15.61,15.41,159020,251169338.0,1.29,-0.26,-0.04,0.33
1322,2021-04-21,15.38,15.3,15.4,15.23,150261,234150366.0,1.1,-0.91,-0.14,0.31
1323,2021-04-22,15.17,14.86,15.17,14.75,314089,476261120.0,2.75,-2.88,-0.44,0.65
1324,2021-04-23,14.79,14.76,14.87,14.71,192557,290267264.0,1.08,-0.67,-0.1,0.4
1325,2021-04-26,14.78,14.3,14.82,14.26,344710,509639712.0,3.79,-3.12,-0.46,0.71
1326,2021-04-27,14.24,13.91,14.24,13.82,325683,464039264.0,2.94,-2.73,-0.39,0.67
1327,2021-04-28,13.94,13.98,14.18,13.92,176056,251967486.0,1.87,0.5,0.07,0.36
1328,2021-04-29,13.98,14.16,14.22,13.87,197855,285136800.0,2.5,1.29,0.18,0.41
1329,2021-04-30,14.13,14.09,14.34,14.02,174790,253112143.0,2.26,-0.49,-0.07,0.36
1330,2021-05-06,13.99,13.87,14.16,13.86,179417,256328886.0,2.13,-1.56,-0.22,0.37
1331,2021-05-07,13.81,13.87,13.96,13.43,256367,359489072.0,3.82,0.0,0.0,0.53
1332,2021-05-10,13.81,13.4,13.84,13.32,264495,365155168.0,3.75,-3.39,-0.47,0.55
1333,2021-05-11,13.35,13.49,13.5,13.11,229351,312559136.0,2.91,0.67,0.09,0.47
1334,2021-05-12,13.4,13.68,13.8,13.38,230712,322309552.0,3.11,1.41,0.19,0.48
1335,2021-05-13,13.57,13.48,13.73,13.43,157796,218366392.0,2.19,-1.46,-0.2,0.33
1336,2021-05-14,13.5,13.83,13.87,13.49,251549,352785472.0,2.82,2.6,0.35,0.52
1337,2021-05-17,13.85,13.73,13.85,13.66,173856,244124620.0,1.37,-0.72,-0.1,0.36
1338,2021-05-18,13.7,13.63,13.72,13.53,103426,143815852.0,1.38,-0.73,-0.1,0.21
1339,2021-05-19,13.62,13.52,13.62,13.44,119407,164850883.0,1.32,-0.81,-0.11,0.25
1340,2021-05-20,13.52,13.8,13.84,13.4,224610,313746976.0,3.25,2.07,0.28,0.46
1341,2021-05-21,13.78,13.48,13.8,13.47,179428,249262349.0,2.39,-2.32,-0.32,0.37
1342,2021-05-24,13.48,13.39,13.51,13.25,161696,220603520.0,1.93,-0.67,-0.09,0.33
1343,2021-05-25,13.35,13.71,13.76,13.24,265874,369468640.0,3.88,2.39,0.32,0.55
1344,2021-05-26,13.7,13.76,13.83,13.59,156667,219938804.0,1.75,0.36,0.05,0.32
1345,2021-05-27,13.77,13.97,14.09,13.71,252057,359462608.0,2.76,1.53,0.21,0.52
1346,2021-05-28,14.0,13.77,14.01,13.72,167359,236376510.0,2.08,-1.43,-0.2,0.35
1347,2021-05-31,13.76,13.67,13.79,13.45,193770,268987648.0,2.47,-0.73,-0.1,0.4
1348,2021-06-01,13.65,13.89,13.94,13.58,206485,291614656.0,2.63,1.61,0.22,0.43
1349,2021-06-02,13.88,13.81,14.0,13.75,208008,295156864.0,1.8,-0.58,-0.08,0.43
1350,2021-06-03,13.79,13.82,14.14,13.72,223290,317664608.0,3.04,0.07,0.01,0.46
1351,2021-06-04,13.8,14.19,14.28,13.76,388424,559322080.0,3.76,2.68,0.37,0.8
1352,2021-06-07,14.19,13.94,14.21,13.9,243711,347835824.0,2.18,-1.76,-0.25,0.51
1353,2021-06-08,13.96,14.56,14.62,13.91,530108,777898864.0,5.09,4.45,0.62,1.1
1354,2021-06-09,14.48,14.47,14.66,14.39,255177,377436368.0,1.85,-0.62,-0.09,0.53
1355,2021-06-10,14.47,14.06,14.47,14.0,459458,663324880.0,3.25,-2.83,-0.41,0.95
1356,2021-06-11,13.96,13.97,14.19,13.9,275352,394239200.0,2.06,-0.64,-0.09,0.57
1357,2021-06-15,13.96,13.46,13.96,13.46,286234,398573696.0,3.58,-3.65,-0.51,0.59
1358,2021-06-16,13.46,13.54,13.74,13.41,154740,214968086.0,2.45,0.59,0.08,0.32
1359,2021-06-17,13.6,13.45,13.65,13.41,150471,207383413.0,1.77,-0.66,-0.09,0.31
1360,2021-06-18,13.42,13.51,13.66,13.29,187960,258526296.0,2.75,0.45,0.06,0.39
1361,2021-06-21,13.48,13.41,13.59,13.38,170847,234862428.0,1.55,-0.74,-0.1,0.35
1362,2021-06-22,13.41,13.6,13.65,13.3,206392,285565888.0,2.61,1.42,0.19,0.43
1363,2021-06-23,13.6,13.81,13.85,13.54,272368,381225280.0,2.28,1.54,0.21,0.56
1364,2021-06-24,13.84,13.65,13.84,13.63,147583,206749825.0,1.52,-1.16,-0.16,0.31
1365,2021-06-25,13.69,13.92,13.94,13.69,266463,377385904.0,1.83,1.98,0.27,0.55
1366,2021-06-28,14.19,14.55,14.64,14.18,640663,944987264.0,3.3,4.53,0.63,1.33
1367,2021-06-29,14.4,14.07,14.41,14.03,359540,519842992.0,2.61,-3.3,-0.48,0.75
1368,2021-06-30,14.04,14.07,14.22,13.95,194343,279137952.0,1.92,0.0,0.0,0.4
1369,2021-07-01,14.15,13.84,14.16,13.84,187851,267878449.0,2.27,-1.63,-0.23,0.39
1370,2021-07-02,13.78,13.72,14.05,13.7,199195,281883760.0,2.53,-0.87,-0.12,0.41
1371,2021-07-05,13.9,13.71,13.9,13.59,140043,195971821.0,2.26,-0.07,-0.01,0.29
1372,2021-07-06,13.74,13.97,14.0,13.65,185280,261789092.0,2.55,1.9,0.26,0.38
1373,2021-07-07,13.85,13.89,14.05,13.72,169548,239796386.0,2.36,-0.57,-0.08,0.35
1374,2021-07-08,13.94,13.74,13.96,13.71,188488,262737883.0,1.8,-1.08,-0.15,0.39
1375,2021-07-09,13.74,13.87,14.06,13.7,176756,247052702.0,2.62,0.95,0.13,0.37
1376,2021-07-12,13.87,13.78,13.95,13.75,203284,283341616.0,1.44,-0.65,-0.09,0.42
1377,2021-07-13,13.8,13.63,13.81,13.55,251641,345099776.0,1.89,-1.09,-0.15,0.52
1378,2021-07-14,13.62,13.43,13.62,13.4,195612,265733490.0,1.61,-1.47,-0.2,0.41
1379,2021-07-15,13.39,13.45,13.54,13.37,181297,245555056.0,1.27,0.15,0.02,0.38
1380,2021-07-16,13.4,13.42,13.45,13.3,159605,214870438.0,1.12,-0.22,-0.03,0.33
1381,2021-07-19,12.92,12.7,12.93,12.44,410881,525497504.0,3.65,-5.37,-0.72,0.85
1382,2021-07-20,12.64,12.67,12.8,12.6,147186,188253548.0,1.57,-0.24,-0.03,0.31
1383,2021-07-21,12.76,12.59,12.8,12.58,141355,180240208.0,1.74,-0.63,-0.08,0.29
1384,2021-07-22,12.59,12.77,12.91,12.54,196076,252063280.0,2.94,1.43,0.18,0.41
1385,2021-07-23,12.72,12.8,12.89,12.65,159992,206234605.0,1.88,0.23,0.03,0.33
1386,2021-07-26,12.8,12.93,13.15,12.71,273484,356911792.0,3.44,1.02,0.13,0.57
1387,2021-07-27,12.9,12.63,12.9,12.58,193215,247164119.0,2.47,-2.32,-0.3,0.4
1388,2021-07-28,12.62,12.2,12.68,12.15,215821,268438832.0,4.2,-3.4,-0.43,0.45
1389,2021-07-29,12.4,12.28,12.49,12.14,204499,252894496.0,2.87,0.66,0.08,0.42
1390,2021-07-30,12.2,12.48,12.55,12.04,242641,301684384.0,4.15,1.63,0.2,0.5
1391,2021-08-02,12.45,13.19,13.56,12.22,499190,657141584.0,10.74,5.69,0.71,1.03
1392,2021-08-03,13.08,13.25,13.41,13.03,294752,392591360.0,2.88,0.45,0.06,0.61
1393,2021-08-04,13.34,13.23,13.34,13.08,206644,274316224.0,1.96,-0.15,-0.02,0.43
1394,2021-08-05,13.17,13.05,13.32,13.05,189487,250903582.0,2.04,-1.36,-0.18,0.39
1395,2021-08-06,13.0,12.96,13.18,12.75,201545,262938604.0,3.3,-0.69,-0.09,0.42
1396,2021-08-09,12.96,13.65,13.79,12.96,539077,737557008.0,6.4,5.32,0.69,1.12
1397,2021-08-10,13.51,13.65,13.74,13.23,433388,588861680.0,3.74,0.0,0.0,0.9
1398,2021-08-11,13.56,13.54,13.77,13.5,239783,328557664.0,1.98,-0.81,-0.11,0.5
1399,2021-08-12,13.63,13.41,13.85,13.39,206410,281992976.0,3.4,-0.96,-0.13,0.43
1400,2021-08-13,13.36,13.36,13.43,13.24,156880,210687212.0,1.42,-0.37,-0.05,0.33
1401,2021-08-16,13.38,13.32,13.46,13.27,112761,151634040.0,1.42,-0.3,-0.04,0.23
1402,2021-08-17,13.34,13.0,13.45,12.96,296268,393017264.0,3.68,-2.4,-0.32,0.61
1403,2021-08-18,12.98,13.06,13.08,12.82,176905,230766100.0,2.0,0.46,0.06,0.37
1404,2021-08-19,12.9,13.01,13.13,12.85,169847,223206911.0,2.14,-0.38,-0.05,0.35
1405,2021-08-20,12.98,12.9,13.04,12.76,204966,265744152.0,2.15,-0.85,-0.11,0.42
1406,2021-08-23,12.9,13.23,13.27,12.81,211052,278864960.0,3.57,2.56,0.33,0.44
1407,2021-08-24,13.2,13.4,13.46,13.12,233526,313448304.0,2.57,1.28,0.17,0.48
1408,2021-08-25,13.36,13.39,13.52,13.31,161155,217590542.0,1.57,-0.07,-0.01,0.33
1409,2021-08-26,13.44,13.25,13.44,13.22,126727,169516611.0,1.64,-1.05,-0.14,0.26
1410,2021-08-27,13.24,13.14,13.27,13.11,119514,158458739.0,1.21,-0.83,-0.11,0.25
1411,2021-08-30,13.08,12.8,13.08,12.8,171215,222678986.0,2.13,-2.59,-0.34,0.35
1412,2021-08-31,12.82,12.88,13.11,12.82,167580,218237990.0,2.27,0.63,0.08,0.35
1413,2021-09-01,12.86,13.06,13.18,12.8,199034,261093444.0,2.95,1.4,0.18,0.41
1414,2021-09-02,13.03,12.97,13.11,12.91,157845,206340390.0,1.53,-0.69,-0.09,0.33
1415,2021-09-03,12.93,13.25,13.28,12.9,281694,373286528.0,2.93,2.16,0.28,0.58
1416,2021-09-06,13.2,13.52,13.57,13.16,351130,475200912.0,3.09,2.04,0.27,0.73
1417,2021-09-07,13.49,13.51,13.6,13.4,208055,282883024.0,1.48,-0.07,-0.01,0.43
1418,2021-09-08,13.44,13.52,13.61,13.42,195008,265460272.0,1.41,0.07,0.01,0.4
1419,2021-09-09,13.52,13.58,13.72,13.43,208325,284976272.0,2.14,0.44,0.06,0.43
1420,2021-09-10,13.51,13.55,13.75,13.45,203564,279301376.0,2.21,-0.22,-0.03,0.42
1421,2021-09-13,13.48,13.29,13.48,13.25,215797,289923328.0,1.7,-1.92,-0.26,0.45
1422,2021-09-14,13.36,13.09,13.36,13.07,189677,252371508.0,2.18,-1.5,-0.2,0.39
1423,2021-09-15,13.05,12.93,13.08,12.9,180862,236001093.0,1.38,-1.22,-0.16,0.37
1424,2021-09-16,12.88,13.46,13.85,12.86,610026,828725440.0,7.66,4.1,0.53,1.26
1425,2021-09-17,13.45,13.58,13.73,13.22,386818,526320816.0,3.79,0.89,0.12,0.8
1426,2021-09-22,13.4,13.19,13.54,13.17,213723,285420528.0,2.72,-2.87,-0.39,0.44
1427,2021-09-23,13.21,13.5,13.58,13.21,239261,322649808.0,2.81,2.35,0.31,0.5
1428,2021-09-24,13.39,13.69,13.79,13.3,424018,583411840.0,3.63,1.41,0.19,0.88
1429,2021-09-27,13.7,14.31,14.5,13.68,928974,1330917504.0,5.99,4.53,0.62,1.92
1430,2021-09-28,14.17,14.18,14.34,13.97,395235,562711344.0,2.59,-0.91,-0.13,0.82
1431,2021-09-29,14.1,14.59,15.02,13.83,791533,1154790976.0,8.39,2.89,0.41,1.64
1432,2021-09-30,14.45,14.37,14.89,14.33,532948,780690368.0,3.84,-1.51,-0.22,1.1
1433,2021-10-08,14.31,15.23,15.47,14.23,1144060,1744192096.0,8.63,5.98,0.86,2.37
1434,2021-10-11,15.29,15.05,15.76,14.88,866303,1327900816.0,5.78,-1.18,-0.18,1.79
1435,2021-10-12,15.05,15.13,15.22,14.8,581785,880138832.0,2.79,0.53,0.08,1.2
1436,2021-10-13,15.18,14.94,15.29,14.52,431045,642959280.0,5.09,-1.26,-0.19,0.89
1437,2021-10-14,14.82,14.72,15.05,14.66,217908,324930256.0,2.61,-1.47,-0.22,0.45
1438,2021-10-15,14.37,14.39,15.19,14.31,515761,762192960.0,5.98,-2.24,-0.33,1.07
1439,2021-10-18,14.18,15.04,15.09,13.99,651474,961970320.0,7.64,4.52,0.65,1.35
1440,2021-10-19,14.96,16.28,16.53,14.78,1250607,2003324048.0,11.64,8.24,1.24,2.59
1441,2021-10-20,16.39,16.24,16.77,16.02,815968,1342190336.0,4.61,-0.25,-0.04,1.69
1442,2021-10-21,16.29,15.73,16.4,15.6,631583,1010670896.0,4.93,-3.14,-0.51,1.31
1443,2021-10-22,15.66,15.6,16.02,15.5,381647,603418464.0,3.31,-0.83,-0.13,0.79
1444,2021-10-25,16.21,15.66,16.47,15.38,569631,903748768.0,6.99,0.38,0.06,1.18
1445,2021-10-26,15.41,15.24,15.68,15.16,439014,678973040.0,3.32,-2.68,-0.42,0.91
1446,2021-10-27,15.22,15.32,15.56,15.04,363469,558669600.0,3.41,0.52,0.08,0.75
1447,2021-10-28,15.23,15.39,15.78,14.96,398453,614840832.0,5.35,0.46,0.07,0.83
1448,2021-10-29,15.47,16.38,16.45,15.36,836618,1358683856.0,7.08,6.43,0.99,1.73
1449,2021-11-01,16.02,16.54,16.55,15.9,518950,851130720.0,3.97,0.98,0.16,1.07
1450,2021-11-02,16.38,16.81,17.0,16.29,660137,1112432448.0,4.29,1.63,0.27,1.37
1451,2021-11-03,16.8,17.36,17.7,16.71,762528,1336828800.0,5.89,3.27,0.55,1.58
1452,2021-11-04,17.34,17.25,17.98,16.98,807950,1421119376.0,5.76,-0.63,-0.11,1.67
1453,2021-11-05,17.51,16.67,17.51,16.58,641443,1089684288.0,5.39,-3.36,-0.58,1.33
1454,2021-11-08,16.67,16.68,16.97,16.45,344333,578057632.0,3.12,0.06,0.01,0.71
1455,2021-11-09,16.86,16.67,16.86,16.5,306008,512981584.0,2.16,-0.06,-0.01,0.63
1456,2021-11-10,16.61,16.57,16.76,16.17,375911,623201888.0,3.54,-0.6,-0.1,0.78
1457,2021-11-11,16.58,16.96,17.28,16.58,502545,860171808.0,4.22,2.35,0.39,1.04
1458,2021-11-12,16.92,17.46,17.65,16.85,522031,911755200.0,4.72,2.95,0.5,1.08
1459,2021-11-15,17.75,17.67,17.89,17.35,415646,737388400.0,3.09,1.2,0.21,0.86
1460,2021-11-16,17.64,17.26,17.8,17.21,399861,703352672.0,3.34,-2.32,-0.41,0.83
1461,2021-11-17,17.1,17.0,17.38,16.98,290448,499810928.0,2.32,-1.51,-0.26,0.6
1462,2021-11-18,17.09,17.4,17.56,16.76,396651,688653888.0,4.71,2.35,0.4,0.82
1463,2021-11-19,17.34,17.05,17.38,16.78,375706,643005568.0,3.45,-2.01,-0.35,0.78
1464,2021-11-22,17.0,16.86,17.17,16.79,322372,550057648.0,2.23,-1.11,-0.19,0.67
1465,2021-11-23,16.85,16.55,17.28,16.51,445966,754665008.0,4.57,-1.84,-0.31,0.92
1466,2021-11-24,16.54,16.02,16.75,15.95,591524,963111232.0,4.83,-3.2,-0.53,1.22
1467,2021-11-25,16.07,16.03,16.17,15.96,299779,484072784.0,1.31,0.06,0.01,0.62
1468,2021-11-26,16.0,15.94,16.17,15.85,243730,392272528.0,2.0,-0.56,-0.09,0.5
1469,2021-11-29,15.73,16.03,16.07,15.68,319686,512470736.0,2.45,0.56,0.09,0.66
1470,2021-11-30,16.03,15.85,16.17,15.75,316603,506815968.0,2.62,-1.12,-0.18,0.66
1471,2021-12-01,15.77,16.1,16.13,15.66,303892,486203152.0,2.97,1.58,0.25,0.63
1472,2021-12-02,16.0,16.67,17.03,15.96,538397,905836304.0,6.65,3.54,0.57,1.11
1473,2021-12-03,16.67,17.4,17.46,16.55,572590,987481264.0,5.46,4.38,0.73,1.19
1474,2021-12-06,17.4,17.08,17.53,17.02,396411,686043664.0,2.93,-1.84,-0.32,0.82
1475,2021-12-07,17.01,17.44,17.44,17.01,421368,731140528.0,2.52,2.11,0.36,0.87
1476,2021-12-08,17.33,17.39,17.51,17.27,279040,487498352.0,1.38,-0.29,-0.05,0.58
1477,2021-12-09,17.33,17.35,17.49,17.17,294484,513692720.0,1.84,-0.23,-0.04,0.61
1478,2021-12-10,17.29,17.17,17.41,17.05,307969,532277952.0,2.07,-1.04,-0.18,0.64
1479,2021-12-13,17.02,17.36,17.59,16.89,475563,826414096.0,4.08,1.11,0.19,0.98
1480,2021-12-14,17.31,17.59,17.74,17.26,285039,503969792.0,2.76,1.32,0.23,0.59
1481,2021-12-15,17.65,17.49,17.89,17.45,302321,537988144.0,2.5,-0.57,-0.1,0.63
1482,2021-12-16,17.48,17.38,17.52,17.01,277974,481786960.0,2.92,-0.63,-0.11,0.58
1483,2021-12-17,17.3,17.65,17.84,17.3,342019,607591744.0,3.11,1.55,0.27,0.71
1484,2021-12-20,17.6,17.62,17.87,17.52,229180,407201728.0,1.98,-0.17,-0.03,0.47
1485,2021-12-21,17.66,17.9,18.0,17.59,312727,560798704.0,2.33,1.59,0.28,0.65
1486,2021-12-22,17.9,18.6,18.63,17.83,611383,1133129968.0,4.47,3.91,0.7,1.27
1487,2021-12-23,18.58,19.26,19.48,18.51,769416,1473154480.0,5.22,3.55,0.66,1.59
1488,2021-12-24,19.1,19.36,19.6,18.88,395002,765233744.0,3.74,0.52,0.1,0.82
1489,2021-12-27,19.35,19.3,19.7,19.1,313900,611880800.0,3.1,-0.31,-0.06,0.65
1490,2021-12-28,19.4,19.03,19.43,18.9,378360,726239776.0,2.75,-1.4,-0.27,0.78
1491,2021-12-29,18.93,18.95,19.4,18.8,268092,512536784.0,3.15,-0.42,-0.08,0.56
1492,2021-12-30,18.93,19.01,19.07,18.78,187406,357182352.0,1.53,0.32,0.06,0.39
1493,2021-12-31,18.9,19.16,19.4,18.87,297283,572132880.0,2.79,0.79,0.15,0.63
1494,2022-01-04,19.08,20.58,20.86,19.07,856458,1735941888.0,9.34,7.41,1.42,1.81
1495,2022-01-05,20.58,20.75,21.55,20.5,804539,1699235984.0,5.1,0.83,0.17,1.7
1496,2022-01-06,20.7,20.53,20.87,19.98,527979,1083139744.0,4.29,-1.06,-0.22,1.12
1497,2022-01-07,20.59,20.03,20.7,20.0,364372,744190544.0,3.41,-2.44,-0.5,0.77
1498,2022-01-10,20.0,21.37,21.41,19.94,653394,1384426464.0,7.34,6.69,1.34,1.38
1499,2022-01-11,21.23,20.51,21.28,20.4,458769,961752480.0,4.12,-4.02,-0.86,0.97
1500,2022-01-12,20.4,20.69,21.2,20.16,460548,959624032.0,5.07,0.88,0.18,0.97
1501,2022-01-13,20.58,19.63,20.89,19.57,440605,883639136.0,6.38,-5.12,-1.06,0.93
1502,2022-01-14,19.43,19.31,20.18,19.18,562850,1107698544.0,5.09,-1.63,-0.32,1.19
1503,2022-01-17,19.3,19.27,19.44,18.6,515156,985106416.0,4.35,-0.21,-0.04,1.09
1504,2022-01-18,19.2,19.55,19.63,18.76,361888,700173600.0,4.51,1.45,0.28,0.77
1505,2022-01-19,19.44,19.15,19.56,18.63,370645,711567360.0,4.76,-2.05,-0.4,0.78
1506,2022-01-20,19.19,20.07,20.32,19.1,498979,1000611984.0,6.37,4.8,0.92,1.06
1507,2022-01-21,19.8,19.18,19.86,19.15,314920,616301792.0,3.54,-4.43,-0.89,0.67
1508,2022-01-24,18.9,19.18,19.81,18.72,434939,844815072.0,5.68,0.0,0.0,0.92
1509,2022-01-25,19.17,18.71,19.34,18.67,269628,514742448.0,3.49,-2.45,-0.47,0.57
1510,2022-01-26,18.75,19.22,19.35,18.41,321020,611759520.0,5.02,2.73,0.51,0.68
1511,2022-01-27,19.2,19.08,19.84,18.96,285171,553995040.0,4.58,-0.73,-0.14,0.6
1512,2022-01-28,19.1,20.05,20.44,19.1,535129,1073076976.0,7.02,5.08,0.97,1.13
1513,2022-02-07,20.06,20.55,20.66,19.13,533617,1077260096.0,7.63,2.49,0.5,1.13
1514,2022-02-08,20.27,20.69,20.73,19.98,381878,780364560.0,3.65,0.68,0.14,0.81
1515,2022-02-09,20.48,21.31,21.63,20.4,551158,1179932000.0,5.94,3.0,0.62,1.17
1516,2022-02-10,21.21,21.88,22.62,21.06,706642,1559981248.0,7.32,2.67,0.57,1.49
1517,2022-02-11,21.78,21.5,22.05,21.35,497067,1081803504.0,3.2,-1.74,-0.38,1.05
1518,2022-02-14,21.49,21.1,21.93,20.75,294382,627265136.0,5.49,-1.86,-0.4,0.62
1519,2022-02-15,20.89,21.04,21.34,20.75,311329,656609552.0,2.8,-0.28,-0.06,0.66
1520,2022-02-16,20.9,20.09,21.02,19.97,422815,861180672.0,4.99,-4.52,-0.95,0.89
1521,2022-02-17,19.88,20.3,20.4,19.5,442903,892181392.0,4.48,1.05,0.21,0.94
1522,2022-02-18,20.15,20.98,21.06,19.98,313465,653229408.0,5.32,3.35,0.68,0.66
1523,2022-02-21,20.98,20.57,21.19,20.35,265502,553011264.0,4.0,-1.95,-0.41,0.56
1524,2022-02-22,20.6,20.74,20.85,20.26,221063,456776944.0,2.87,0.83,0.17,0.47
1525,2022-02-23,20.77,20.09,21.17,19.83,364537,738697296.0,6.46,-3.13,-0.65,0.77
1526,2022-02-24,19.91,19.7,20.12,19.42,550553,1091248544.0,3.48,-1.94,-0.39,1.16
1527,2022-02-25,19.7,19.39,19.88,19.07,376226,729970032.0,4.11,-1.57,-0.31,0.8
1528,2022-02-28,19.22,19.39,19.55,19.09,254066,492456448.0,2.37,0.0,0.0,0.54
1529,2022-03-01,19.6,20.44,20.45,19.3,470170,945897200.0,5.93,5.42,1.05,0.99
1530,2022-03-02,20.2,20.41,20.98,20.09,372689,767491968.0,4.35,-0.15,-0.03,0.79
1531,2022-03-03,20.25,20.08,20.55,19.92,242413,491590064.0,3.09,-1.62,-0.33,0.51
1532,2022-03-04,20.05,20.62,20.92,20.0,387861,801806784.0,4.58,2.69,0.54,0.82
1533,2022-03-07,20.82,20.6,21.34,20.47,454126,950555296.0,4.22,-0.1,-0.02,0.96
1534,2022-03-08,20.55,20.04,20.97,19.9,412575,847040480.0,5.19,-2.72,-0.56,0.87
1535,2022-03-09,20.0,19.86,20.58,18.95,439715,875692496.0,8.13,-0.9,-0.18,0.93
1536,2022-03-10,20.09,19.58,20.26,19.51,400085,796433040.0,3.78,-1.41,-0.28,0.85
1537,2022-03-11,19.16,20.48,20.48,18.99,492130,986596240.0,7.61,4.6,0.9,1.04
1538,2022-03-14,20.12,19.51,20.63,19.48,432059,865733984.0,5.62,-4.74,-0.97,0.91
1539,2022-03-15,19.31,18.68,19.8,18.65,412931,798785616.0,5.89,-4.25,-0.83,0.87
1540,2022-03-16,18.78,19.22,19.26,18.19,329770,623475296.0,5.73,2.89,0.54,0.7
1541,2022-03-17,19.2,19.98,20.28,18.88,379018,757475328.0,7.28,3.95,0.76,0.8
1542,2022-03-18,19.99,20.74,20.89,19.82,334677,688441696.0,5.36,3.8,0.76,0.71
1543,2022-03-21,20.65,20.96,21.29,20.51,332991,701354560.0,3.76,1.06,0.22,0.7
1544,2022-03-22,21.06,21.73,22.1,20.81,588202,1283133408.0,6.15,3.67,0.77,1.24
1545,2022-03-23,21.7,21.66,21.92,21.33,322582,701620736.0,2.72,-0.32,-0.07,0.68
1546,2022-03-24,21.66,21.68,21.98,21.37,210552,458471920.0,2.82,0.09,0.02,0.45
1547,2022-03-25,21.6,21.65,22.28,21.5,291019,640604352.0,3.6,-0.14,-0.03,0.62
1548,2022-03-28,21.73,21.48,21.89,21.27,251906,546306800.0,2.86,-0.79,-0.17,0.53
1549,2022-03-29,21.32,22.11,22.39,21.12,461326,1023223568.0,5.91,2.93,0.63,0.98
1550,2022-03-30,21.9,22.13,22.28,21.78,321281,711519872.0,2.26,0.09,0.02,0.68
1551,2022-03-31,22.11,21.95,22.4,21.51,244287,537562688.0,4.02,-0.81,-0.18,0.52
1552,2022-04-01,22.1,22.02,22.38,21.6,245623,544599328.0,3.55,0.32,0.07,0.52
1553,2022-04-06,21.86,22.17,22.51,21.81,276142,615918528.0,3.18,0.68,0.15,0.58
1554,2022-04-07,21.98,21.29,22.02,21.15,335530,722978384.0,3.92,-3.97,-0.88,0.71
1555,2022-04-08,21.28,20.94,21.41,20.45,312352,653305152.0,4.51,-1.64,-0.35,0.66
1556,2022-04-11,20.87,21.9,22.25,20.81,505647,1109916720.0,6.88,4.58,0.96,1.07
1557,2022-04-12,21.9,22.22,22.3,21.67,298324,661695344.0,2.88,1.46,0.32,0.63
1558,2022-04-13,22.09,21.0,22.38,21.0,382617,825592560.0,6.21,-5.49,-1.22,0.81
1559,2022-04-14,20.92,21.25,21.42,20.3,306030,646189920.0,5.33,1.19,0.25,0.65
1560,2022-04-15,21.2,21.34,21.6,20.8,209782,448780880.0,3.76,0.42,0.09,0.44
1561,2022-04-18,21.48,22.57,22.59,21.05,495880,1108947568.0,7.22,5.76,1.23,1.05
1562,2022-04-19,22.59,22.51,23.08,22.28,672882,1535288016.0,3.54,-0.27,-0.06,1.42
1563,2022-04-20,22.2,21.66,22.5,21.6,464023,1025647328.0,4.0,-3.78,-0.85,0.98
1564,2022-04-21,21.5,20.6,21.85,20.45,490424,1032777408.0,6.46,-4.89,-1.06,1.04
1565,2022-04-22,20.61,20.75,20.9,20.09,367478,758231152.0,3.93,0.73,0.15,0.78
1566,2022-04-25,20.29,19.91,21.27,19.9,420790,868103824.0,6.6,-4.05,-0.84,0.89
1567,2022-04-26,20.11,19.71,20.28,19.7,403339,808577536.0,2.91,-1.0,-0.2,0.85
1568,2022-04-27,20.05,20.73,21.0,18.91,411613,841539152.0,10.6,5.18,1.02,0.87
1569,2022-04-28,20.61,20.06,20.8,19.72,305687,618407488.0,5.21,-3.23,-0.67,0.65
1570,2022-04-29,19.9,18.56,20.24,17.93,1094101,2068588048.0,11.52,-7.48,-1.5,2.31
1571,2022-05-05,18.47,18.53,18.74,18.06,491173,910852288.0,3.66,-0.16,-0.03,1.04
1572,2022-05-06,18.4,18.5,18.89,17.8,292343,539273632.0,5.88,-0.16,-0.03,0.62
1573,2022-05-09,18.5,18.76,19.38,18.42,242795,460512288.0,5.19,1.41,0.26,0.51
1574,2022-05-10,18.51,18.74,18.76,18.1,313594,583202480.0,3.52,-0.11,-0.02,0.66
1575,2022-05-11,18.8,18.18,18.86,18.06,504949,933321568.0,4.27,-2.99,-0.56,1.07
1576,2022-05-12,18.16,18.03,18.76,17.69,407406,743762752.0,5.89,-0.83,-0.15,0.86
1577,2022-05-13,18.11,17.64,18.17,17.4,521371,923498880.0,4.27,-2.16,-0.39,1.1
1578,2022-05-16,17.74,17.87,18.03,17.34,503445,897795312.0,3.91,1.3,0.23,1.06
1579,2022-05-17,17.84,17.7,18.17,17.6,453773,815992896.0,3.19,-0.95,-0.17,0.96
1580,2022-05-18,17.65,17.98,18.12,17.43,347759,623237136.0,3.9,1.58,0.28,0.73
1581,2022-05-19,17.7,17.51,17.9,17.3,376678,664564672.0,3.34,-2.61,-0.47,0.8
1582,2022-05-20,17.46,17.68,17.8,17.34,293833,519966896.0,2.63,0.97,0.17,0.62
1583,2022-05-23,17.53,18.07,18.27,17.53,404610,733503152.0,4.19,2.21,0.39,0.85
1584,2022-05-24,18.08,17.45,18.14,17.42,308079,548271376.0,3.98,-3.43,-0.62,0.65
1585,2022-05-25,17.49,17.94,18.0,17.1,302941,538223200.0,5.16,2.81,0.49,0.64
1586,2022-05-26,17.93,17.95,18.0,17.66,241924,434714064.0,1.9,0.06,0.01,0.51
1587,2022-05-27,17.91,17.71,18.27,17.56,246846,443016416.0,3.96,-1.34,-0.24,0.52
1588,2022-05-30,17.93,17.56,18.06,17.43,232090,412526992.0,3.56,-0.85,-0.15,0.49
1589,2022-05-31,17.55,17.97,18.05,17.5,335086,602935776.0,3.13,2.33,0.41,0.71
1590,2022-06-01,17.95,17.91,18.09,17.68,258649,464393712.0,2.28,-0.33,-0.06,0.55
1591,2022-06-02,17.8,17.64,17.94,17.6,232737,413752032.0,1.9,-1.51,-0.27,0.49
1592,2022-06-06,17.48,17.21,17.55,16.9,509645,878692944.0,3.68,-2.44,-0.43,1.08
1593,2022-06-07,17.2,17.71,17.82,17.12,404807,713038384.0,4.07,2.91,0.5,0.86
1594,2022-06-08,17.6,18.16,18.3,17.42,428360,771825232.0,4.97,2.54,0.45,0.91
1595,2022-06-09,18.28,18.67,18.89,18.08,481594,898385456.0,4.46,2.81,0.51,1.02
1596,2022-06-10,18.59,18.35,18.79,18.12,468230,864865344.0,3.59,-1.71,-0.32,0.99
1597,2022-06-13,18.35,18.98,19.29,18.31,578728,1102936832.0,5.34,3.43,0.63,1.22
1598,2022-06-14,19.09,19.7,20.0,18.98,697020,1373045952.0,5.37,3.79,0.72,1.47
1599,2022-06-15,19.8,19.68,19.96,19.33,511234,1013360768.0,3.2,-0.1,-0.02,1.08
1600,2022-06-16,19.73,20.45,20.71,19.73,579652,1182575344.0,4.98,3.91,0.77,1.23
1601,2022-06-17,20.28,20.26,20.56,19.95,415658,842703312.0,2.98,-0.93,-0.19,0.88
1602,2022-06-20,19.78,20.42,20.62,19.71,632713,1279471536.0,4.49,0.79,0.16,1.31
1603,2022-06-21,20.35,20.76,20.96,20.12,506849,1051549408.0,4.11,1.67,0.34,1.05
1604,2022-06-22,20.65,21.91,22.26,20.64,788438,1711654976.0,7.8,5.54,1.15,1.63
1605,2022-06-23,21.77,21.95,22.06,21.36,445595,974989648.0,3.19,0.18,0.04,0.92
1606,2022-06-24,21.89,21.83,22.16,21.55,267693,585671696.0,2.78,-0.55,-0.12,0.55
1607,2022-06-27,22.18,23.1,23.39,22.17,775529,1784914336.0,5.59,5.82,1.27,1.6
1608,2022-06-28,23.4,23.17,24.1,22.64,781145,1830843632.0,6.32,0.3,0.07,1.62
1609,2022-06-29,22.76,21.64,23.13,21.56,996022,2219535280.0,6.78,-6.6,-1.53,2.06
1610,2022-06-30,22.0,21.19,22.08,20.85,661836,1411002208.0,5.68,-2.08,-0.45,1.26
1611,2022-07-01,21.28,21.64,22.05,20.98,507569,1103565344.0,5.05,2.12,0.45,0.97
1612,2022-07-04,22.4,24.21,24.3,22.23,1270340,2970327888.0,9.57,11.88,2.57,2.42
1613,2022-07-05,24.12,24.35,24.41,23.6,871721,2104201744.0,3.35,0.58,0.14,1.66
1614,2022-07-06,23.67,23.88,24.19,23.43,631123,1509794560.0,3.12,-1.93,-0.47,1.2
1615,2022-07-07,23.9,24.56,24.9,23.7,798346,1960430944.0,5.03,2.85,0.68,1.52
1616,2022-07-08,24.65,24.9,25.09,24.32,728300,1813720039.0,3.14,1.38,0.34,1.39
1617,2022-07-11,24.96,25.71,26.15,24.95,767537,1973876694.0,4.82,3.25,0.81,1.46
1618,2022-07-12,25.4,24.78,25.89,24.72,581525,1469890223.0,4.55,-3.62,-0.93,1.11
1619,2022-07-13,25.02,24.93,25.22,24.34,475262,1183238049.0,3.55,0.61,0.15,0.91
1620,2022-07-14,24.71,24.82,25.1,24.42,382985,952050014.0,2.73,-0.44,-0.11,0.73
1621,2022-07-15,24.6,23.99,24.89,23.9,575412,1400950221.0,3.99,-3.34,-0.83,1.1
1622,2022-07-18,23.78,24.05,24.2,23.52,501113,1203786485.0,2.83,0.25,0.06,0.95
1623,2022-07-19,24.05,24.01,24.34,23.36,430303,1030267682.0,4.07,-0.17,-0.04,0.82
1624,2022-07-20,23.81,23.43,24.08,23.1,426888,1006889873.0,4.08,-2.42,-0.58,0.81
1625,2022-07-21,23.43,23.8,24.3,23.23,452992,1082016153.0,4.57,1.58,0.37,0.86
1626,2022-07-22,23.43,23.2,23.73,22.96,318427,744119421.0,3.24,-2.52,-0.6,0.61
1627,2022-07-25,23.2,23.29,23.45,22.84,337951,785026574.0,2.63,0.39,0.09,0.64
1628,2022-07-26,23.26,23.38,23.75,23.12,282285,664502970.0,2.71,0.39,0.09,0.54
1629,2022-07-27,23.25,23.45,23.49,22.83,283036,658961654.0,2.82,0.3,0.07,0.54
1630,2022-07-28,23.77,22.87,24.0,22.71,561545,1313101793.0,5.5,-2.47,-0.58,1.05
1631,2022-07-29,22.66,23.94,24.23,22.66,879379,2082168045.0,6.86,4.68,1.07,1.65
1632,2022-08-01,23.95,23.9,24.39,23.67,520347,1256118496.0,3.01,-0.17,-0.04,0.98
1633,2022-08-02,23.55,23.76,24.3,23.3,418299,1002515187.0,4.18,-0.59,-0.14,0.78
1634,2022-08-03,23.8,22.93,23.9,22.9,346362,810032988.0,4.21,-3.49,-0.83,0.65
1635,2022-08-04,22.9,23.05,23.24,22.78,278892,643641051.0,2.01,0.52,0.12,0.52
1636,2022-08-05,23.4,23.06,23.41,22.5,274935,633210436.0,3.95,0.04,0.01,0.52
1637,2022-08-08,23.01,22.74,23.7,22.69,316298,731183268.0,4.38,-1.39,-0.32,0.59
1638,2022-08-09,22.71,22.15,22.75,21.5,627403,1386359663.0,5.5,-2.59,-0.59,1.18
1639,2022-08-10,22.16,21.98,22.43,21.73,260431,577183080.0,3.16,-0.77,-0.17,0.49
1640,2022-08-11,22.17,22.1,22.19,21.72,234374,517281296.0,2.14,0.55,0.12,0.44
1641,2022-08-12,22.02,22.05,22.19,21.8,180549,398884513.0,1.76,-0.23,-0.05,0.34
1642,2022-08-15,22.06,21.97,22.31,21.74,359158,792934127.0,2.59,-0.36,-0.08,0.67
1643,2022-08-16,21.94,22.87,23.03,21.82,475622,1079846878.0,5.51,4.1,0.9,0.89
1644,2022-08-17,23.0,23.0,23.16,22.7,366471,843318776.0,2.01,0.57,0.13,0.69
1645,2022-08-18,22.78,22.51,22.98,22.29,279611,633770606.0,3.0,-2.13,-0.49,0.52
1646,2022-08-19,22.55,24.24,24.78,22.42,887577,2137685285.0,10.48,7.69,1.73,1.66
1647,2022-08-22,24.22,24.71,24.95,24.11,577699,1427785147.0,3.47,1.94,0.47,1.08
1648,2022-08-23,24.85,25.07,25.39,24.6,666709,1680015278.0,3.2,1.46,0.36,1.25
1649,2022-08-24,25.07,24.67,25.47,24.38,510226,1277195228.0,4.35,-1.6,-0.4,0.96
1650,2022-08-25,24.76,24.9,25.45,24.7,437764,1100192761.0,3.04,0.93,0.23,0.82
1651,2022-08-26,24.85,25.09,25.33,24.54,459443,1152874956.0,3.17,0.76,0.19,0.86
1652,2022-08-29,24.9,24.88,25.65,24.7,495461,1250967817.0,3.79,-0.84,-0.21,0.93
1653,2022-08-30,24.6,24.59,24.9,24.0,367384,900804219.0,3.62,-1.17,-0.29,0.69
1654,2022-08-31,24.52,23.62,24.9,23.62,362000,879940393.0,5.21,-3.94,-0.97,0.68
1655,2022-09-01,23.89,23.92,24.39,23.63,379657,917111066.0,3.22,1.27,0.3,0.71
1656,2022-09-02,23.93,23.94,24.28,23.73,241850,583347464.0,2.3,0.08,0.02,0.45
1657,2022-09-05,24.18,24.04,24.5,23.52,287179,689348875.0,4.09,0.42,0.1,0.54
1658,2022-09-06,23.99,23.79,24.26,23.65,311994,747135242.0,2.54,-1.04,-0.25,0.58
1659,2022-09-07,23.57,23.8,23.96,23.45,231503,550747886.0,2.14,0.04,0.01,0.43
1660,2022-09-08,23.75,23.02,24.11,22.9,490161,1149494763.0,5.08,-3.28,-0.78,0.92
1661,2022-09-09,23.2,22.65,23.35,22.34,392162,890448081.0,4.39,-1.61,-0.37,0.73
1662,2022-09-13,23.1,23.09,23.29,22.53,383313,884327874.0,3.36,1.94,0.44,0.72
1663,2022-09-14,22.7,22.51,22.96,22.49,273998,623784182.0,2.04,-2.51,-0.58,0.51
1664,2022-09-15,22.51,21.85,22.67,21.53,437007,961854424.0,5.06,-2.93,-0.66,0.82
1665,2022-09-16,21.8,21.5,22.02,21.45,329817,719882651.0,2.61,-1.6,-0.35,0.62
1666,2022-09-19,21.59,21.72,22.52,21.53,476221,1048990781.0,4.6,1.02,0.22,0.89
1667,2022-09-20,21.73,21.21,21.95,21.1,390977,841657534.0,3.91,-2.35,-0.51,0.73
1668,2022-09-21,21.06,20.67,21.33,20.67,418420,876913041.0,3.11,-2.55,-0.54,0.78
1669,2022-09-22,20.67,20.4,20.92,20.31,313260,647055751.0,2.95,-1.31,-0.27,0.59
1670,2022-09-23,20.3,20.51,20.68,19.84,409375,837256110.0,4.12,0.54,0.11,0.77
1671,2022-09-26,20.39,19.79,20.59,19.65,488414,981489764.0,4.58,-3.51,-0.72,0.92
1672,2022-09-27,19.89,20.2,20.34,19.62,385606,774390856.0,3.64,2.07,0.41,0.72
1673,2022-09-28,20.1,20.15,20.68,20.01,307545,629112458.0,3.32,-0.25,-0.05,0.58
1674,2022-09-29,20.5,20.09,20.74,19.95,277392,565510019.0,3.92,-0.3,-0.06,0.52
1675,2022-09-30,20.1,20.41,20.82,20.01,369835,760466734.0,4.03,1.59,0.32,0.69
1676,2022-10-10,21.43,21.74,22.05,21.21,821291,1787412485.0,4.12,6.52,1.33,1.54
1677,2022-10-11,21.73,21.8,22.28,21.01,447521,982458774.0,5.84,0.28,0.06,0.84
1678,2022-10-12,21.92,22.35,22.35,21.68,482155,1069727980.0,3.07,2.52,0.55,0.9
1679,2022-10-13,22.09,22.36,22.87,22.03,454971,1022888569.0,3.76,0.04,0.01,0.85
1680,2022-10-14,22.46,21.84,22.6,21.75,544900,1202481811.0,3.8,-2.33,-0.52,1.02
1681,2022-10-17,21.66,21.85,21.99,21.34,401641,876059046.0,2.98,0.05,0.01,0.75
1682,2022-10-18,21.84,21.88,22.39,21.61,349693,770831189.0,3.57,0.14,0.03,0.66
1683,2022-10-19,21.7,20.8,22.19,20.8,483145,1029846952.0,6.35,-4.94,-1.08,0.91
1684,2022-10-20,20.8,20.67,21.05,20.51,320387,667777973.0,2.6,-0.63,-0.13,0.6
1685,2022-10-21,20.53,20.81,21.15,20.53,234741,491121235.0,3.0,0.68,0.14,0.44
1686,2022-10-24,20.73,19.76,20.73,19.75,433797,875118687.0,4.71,-5.05,-1.05,0.81
1687,2022-10-25,19.88,19.61,20.13,19.1,505543,992445169.0,5.21,-0.76,-0.15,0.95
1688,2022-10-26,19.64,18.13,19.98,17.73,1292230,2416366499.0,11.47,-7.55,-1.48,2.42
1689,2022-10-27,17.9,18.39,18.56,17.81,772928,1412952332.0,4.14,1.43,0.26,1.45
1690,2022-10-28,18.18,17.87,18.3,17.65,487976,879507088.0,3.53,-2.83,-0.52,0.91
1691,2022-10-31,17.7,17.8,18.0,17.6,452078,810387927.0,2.24,-0.39,-0.07,0.85
1692,2022-11-01,17.67,18.36,18.48,17.64,559490,1025579808.0,4.72,3.15,0.56,1.05
1693,2022-11-02,18.36,18.59,18.82,18.14,403774,753058971.0,3.7,1.25,0.23,0.76
1694,2022-11-03,18.4,18.39,18.53,18.17,337437,621119272.0,1.94,-1.08,-0.2,0.63
1695,2022-11-04,18.4,18.73,18.89,18.36,449483,844267024.0,2.88,1.85,0.34,0.84
1696,2022-11-07,18.71,18.88,19.04,18.58,340118,643860688.0,2.46,0.8,0.15,0.64
1697,2022-11-08,19.0,18.46,19.08,18.26,458019,853610540.0,4.34,-2.22,-0.42,0.86
1698,2022-11-09,18.26,18.0,18.37,17.9,463073,839611664.0,2.55,-2.49,-0.46,0.87
1699,2022-11-10,17.9,18.22,18.26,17.83,352209,639733026.0,2.39,1.22,0.22,0.66
1700,2022-11-11,18.68,18.3,18.78,18.16,543367,1004161975.0,3.4,0.44,0.08,1.02
1701,2022-11-14,18.4,18.12,18.43,17.8,706317,1282693085.0,3.44,-0.98,-0.18,1.32
1702,2022-11-15,18.04,18.03,18.12,17.87,575330,1039513706.0,1.38,-0.5,-0.09,1.08
1703,2022-11-16,18.05,17.7,18.15,17.67,567337,1020086870.0,2.66,-1.83,-0.33,1.06
1704,2022-11-17,17.65,17.85,18.08,17.41,514377,919400241.0,3.79,0.85,0.15,0.96
1705,2022-11-18,17.87,17.36,17.95,17.34,634945,1119449192.0,3.42,-2.75,-0.49,1.19
1706,2022-11-21,17.06,17.19,17.23,16.9,361477,620676381.0,1.9,-0.98,-0.17,0.68
1707,2022-11-22,17.15,17.35,17.61,17.15,349687,611864466.0,2.68,0.93,0.16,0.66
1708,2022-11-23,17.26,17.02,17.36,16.78,414198,707809157.0,3.34,-1.9,-0.33,0.78
1709,2022-11-24,17.01,17.16,17.35,16.98,271267,469039429.0,2.17,0.82,0.14,0.51
1710,2022-11-25,17.15,17.32,17.41,17.11,250322,435067243.0,1.75,0.93,0.16,0.47
1711,2022-11-28,16.94,17.32,17.32,16.9,297351,508737176.0,2.42,0.0,0.0,0.56
1712,2022-11-29,17.35,17.58,17.64,17.32,349897,612819019.0,1.85,1.5,0.26,0.66
1713,2022-11-30,17.61,17.96,18.1,17.57,592388,1061151800.0,3.01,2.16,0.38,1.11
1714,2022-12-01,18.1,17.93,18.33,17.82,478050,862587982.0,2.84,-0.17,-0.03,0.9
1715,2022-12-02,18.0,18.51,18.69,17.88,676298,1238871307.0,4.52,3.23,0.58,1.27
1716,2022-12-05,18.84,18.7,19.0,18.34,706201,1316472297.0,3.57,1.03,0.19,1.32
1717,2022-12-06,18.65,18.68,19.04,18.6,448757,842166205.0,2.35,-0.11,-0.02,0.84
1718,2022-12-07,18.6,18.72,19.17,18.6,479831,903483369.0,3.05,0.21,0.04,0.9
1719,2022-12-08,18.49,18.2,18.52,18.08,588443,1075106334.0,2.35,-2.78,-0.52,1.1
1720,2022-12-09,18.14,18.2,18.2,17.83,472209,850146530.0,2.03,0.0,0.0,0.88
1721,2022-12-12,17.98,17.81,18.33,17.79,448700,806829176.0,2.97,-2.14,-0.39,0.84
1722,2022-12-13,17.85,18.7,18.92,17.78,822987,1522034732.0,6.4,5.0,0.89,1.54
1723,2022-12-14,18.61,18.95,18.98,18.5,497637,935080321.0,2.57,1.34,0.25,0.93
1724,2022-12-15,18.9,18.76,19.24,18.54,412273,775316420.0,3.69,-1.0,-0.19,0.77
1725,2022-12-16,18.6,18.85,18.85,18.47,271246,507759876.0,2.03,0.48,0.09,0.51
1726,2022-12-19,18.65,18.76,19.08,18.32,561052,1055031845.0,4.03,-0.48,-0.09,1.05
1727,2022-12-20,18.67,18.58,18.79,18.3,394253,731666112.0,2.61,-0.96,-0.18,0.74
1728,2022-12-21,18.5,19.18,19.39,18.41,644926,1233109259.0,5.27,3.23,0.6,1.21
1729,2022-12-22,19.18,19.55,19.78,19.08,645707,1262756269.0,3.65,1.93,0.37,1.21
1730,2022-12-23,19.5,19.03,19.59,19.0,353115,680504603.0,3.02,-2.66,-0.52,0.66
1731,2022-12-26,19.25,19.42,19.5,19.18,391975,758484072.0,1.68,2.05,0.39,0.73
1732,2022-12-27,19.4,19.78,20.0,19.35,391723,773352732.0,3.35,1.85,0.36,0.73
1733,2022-12-28,19.61,19.28,19.87,19.21,348277,677173503.0,3.34,-2.53,-0.5,0.65
1734,2022-12-29,19.25,19.01,19.25,18.91,309720,589854084.0,1.76,-1.4,-0.27,0.58
1735,2022-12-30,19.18,19.63,19.75,19.0,388784,756780795.0,3.95,3.26,0.62,0.73
