,日期,开盘,收盘,最高,最低,成交量,成交额,振幅,涨跌幅,涨跌额,换手率
0,2015-01-05,7.45,7.43,7.64,7.2,2330318,3157864400.0,5.96,0.68,0.05,3.59
1,2015-01-06,7.31,7.27,7.66,7.15,1945766,2614867920.0,6.86,-2.15,-0.16,3.0
2,2015-01-07,7.17,7.16,7.33,6.93,1641441,2147939376.0,5.5,-1.51,-0.11,2.53
3,2015-01-08,7.16,6.82,7.2,6.79,1335240,1707294976.0,5.73,-4.75,-0.34,2.06
4,2015-01-09,6.8,6.95,7.46,6.73,2301776,3010164768.0,10.7,1.91,0.13,3.55
5,2015-01-12,6.88,6.82,7.03,6.63,1530029,1938072720.0,5.76,-1.87,-0.13,2.36
6,2015-01-13,6.8,6.77,6.91,6.72,828450,1046745840.0,2.79,-0.73,-0.05,1.28
7,2015-01-14,6.84,6.93,7.09,6.82,1162691,1493569664.0,3.99,2.36,0.16,1.79
8,2015-01-15,6.96,7.46,7.47,6.89,1822214,2406622304.0,8.37,7.65,0.53,2.81
9,2015-01-16,7.47,7.45,7.61,7.3,1952951,2659698112.0,4.16,-0.13,-0.01,3.01
10,2015-01-19,6.75,6.5,6.97,6.5,2005682,2502721392.0,6.31,-12.75,-0.95,3.09
11,2015-01-20,6.5,6.5,6.64,6.31,1665761,2029657056.0,5.08,0.0,0.0,2.57
12,2015-01-21,6.56,7.03,7.05,6.43,2016475,2527002736.0,9.54,8.15,0.53,3.11
13,2015-01-22,6.96,6.94,7.02,6.78,1187120,1515342960.0,3.41,-1.28,-0.09,1.83
14,2015-01-23,6.96,7.1,7.3,6.89,1684098,2194532224.0,5.91,2.31,0.16,2.6
15,2015-01-26,7.04,7.02,7.09,6.82,1006536,1288436176.0,3.8,-1.13,-0.08,1.55
16,2015-01-27,6.99,6.79,7.0,6.59,1272782,1600858720.0,5.84,-3.28,-0.23,1.96
17,2015-01-28,6.68,6.67,6.82,6.59,973800,1212240672.0,3.39,-1.77,-0.12,1.5
18,2015-01-29,6.54,6.47,6.58,6.38,1005726,1222245024.0,3.0,-3.0,-0.2,1.55
19,2015-01-30,6.52,6.47,6.56,6.34,872235,1057813792.0,3.4,0.0,0.0,1.34
20,2015-02-02,6.23,6.3,6.4,6.2,710159,843192720.0,3.09,-2.63,-0.17,1.09
21,2015-02-03,6.38,6.48,6.49,6.21,1001846,1195219600.0,4.44,2.86,0.18,1.54
22,2015-02-04,6.43,6.25,6.48,6.23,772289,927925216.0,3.86,-3.55,-0.23,1.19
23,2015-02-05,6.59,6.26,6.59,6.2,1661655,2014176512.0,6.24,0.16,0.01,2.56
24,2015-02-06,6.17,6.11,6.27,6.03,727980,851798240.0,3.83,-2.4,-0.15,1.12
25,2015-02-09,6.09,6.16,6.24,5.98,804210,936370704.0,4.26,0.82,0.05,1.24
26,2015-02-10,6.14,6.33,6.35,6.11,782655,927319696.0,3.9,2.76,0.17,1.21
27,2015-02-11,6.31,6.29,6.35,6.23,461069,547353584.0,1.9,-0.63,-0.04,0.71
28,2015-02-12,6.3,6.34,6.42,6.13,649354,769107264.0,4.61,0.79,0.05,1.0
29,2015-02-13,6.46,6.61,6.82,6.37,2141064,2644279904.0,7.1,4.26,0.27,3.3
30,2015-02-16,6.52,6.5,6.57,6.43,834202,1016806512.0,2.12,-1.66,-0.11,1.29
31,2015-02-17,6.54,6.53,6.66,6.5,706538,867947584.0,2.46,0.46,0.03,1.09
32,2015-02-25,6.54,6.27,6.55,6.26,721061,866828400.0,4.44,-3.98,-0.26,1.11
33,2015-02-26,6.28,6.52,6.54,6.19,883371,1062140320.0,5.58,3.99,0.25,1.36
34,2015-02-27,6.52,6.38,6.55,6.36,1250073,1513821040.0,2.91,-2.15,-0.14,1.93
35,2015-03-02,6.41,6.38,6.43,6.3,988823,1184452416.0,2.04,0.0,0.0,1.52
36,2015-03-03,6.33,6.09,6.33,6.09,956526,1126107696.0,3.76,-4.55,-0.29,1.47
37,2015-03-04,6.09,6.06,6.17,6.02,666225,772398208.0,2.46,-0.49,-0.03,1.03
38,2015-03-05,6.02,5.89,6.05,5.84,826133,938000304.0,3.47,-2.81,-0.17,1.27
39,2015-03-06,5.89,5.91,5.97,5.86,513563,583694496.0,1.87,0.34,0.02,0.79
40,2015-03-09,5.95,6.35,6.5,5.86,1920118,2264851088.0,10.83,7.45,0.44,2.96
41,2015-03-10,6.26,6.15,6.3,6.13,1018681,1197526640.0,2.68,-3.15,-0.2,1.57
42,2015-03-11,6.16,6.18,6.34,6.16,839123,992060512.0,2.93,0.49,0.03,1.29
43,2015-03-12,6.36,6.61,6.88,6.32,2596508,3199457168.0,9.06,6.96,0.43,4.0
44,2015-03-13,6.7,6.63,6.98,6.53,1916394,2409617440.0,6.81,0.3,0.02,2.95
45,2015-03-16,6.73,6.73,6.83,6.57,1421795,1777500064.0,3.92,1.51,0.1,2.19
46,2015-03-17,6.85,6.83,6.9,6.73,1414808,1787772672.0,2.53,1.49,0.1,2.18
47,2015-03-18,6.85,6.99,7.0,6.8,1560624,1996701808.0,2.93,2.34,0.16,2.41
48,2015-03-19,6.92,6.84,6.96,6.81,1158277,1474193488.0,2.15,-2.15,-0.15,1.79
49,2015-03-20,6.82,6.91,7.08,6.7,2117019,2699671248.0,5.56,1.02,0.07,3.26
50,2015-03-23,6.96,7.0,7.05,6.88,1527764,1968310720.0,2.46,1.3,0.09,2.35
51,2015-03-24,6.96,6.91,7.05,6.85,1429352,1828445088.0,2.86,-1.29,-0.09,2.2
52,2015-03-25,6.85,6.71,6.91,6.68,1322502,1663523440.0,3.33,-2.89,-0.2,2.04
53,2015-03-26,6.64,6.76,6.89,6.59,1140344,1435803792.0,4.47,0.75,0.05,1.76
54,2015-03-27,6.73,6.89,7.02,6.64,1390083,1768542880.0,5.62,1.92,0.13,2.14
55,2015-03-30,6.98,7.19,7.28,6.94,2040868,2673458224.0,4.93,4.35,0.3,3.15
56,2015-03-31,7.34,6.99,7.44,6.95,1888786,2497976752.0,6.82,-2.78,-0.2,2.91
57,2015-04-01,6.98,7.04,7.16,6.94,1147723,1490906816.0,3.15,0.72,0.05,1.77
58,2015-04-02,7.07,7.1,7.21,6.97,1315375,1712076320.0,3.41,0.85,0.06,2.03
59,2015-04-03,7.07,7.23,7.24,7.02,1552198,2039263840.0,3.1,1.83,0.13,2.39
60,2015-04-07,7.4,7.55,7.67,7.34,2123191,2892855648.0,4.56,4.43,0.32,3.27
61,2015-04-08,7.55,7.73,7.73,7.39,2072987,2850318800.0,4.5,2.38,0.18,3.2
62,2015-04-09,7.73,7.73,8.07,7.65,2340513,3296415856.0,5.43,0.0,0.0,3.61
63,2015-04-10,7.73,8.16,8.23,7.63,1977807,2821689520.0,7.76,5.56,0.43,3.05
64,2015-04-13,8.39,8.36,8.64,8.18,2198326,3275271792.0,5.64,2.45,0.2,3.39
65,2015-04-14,8.3,8.68,8.91,8.05,2561229,3842567168.0,10.29,3.83,0.32,3.95
66,2015-04-15,8.94,9.75,9.75,8.94,2495235,4134371104.0,9.33,12.33,1.07,3.85
67,2015-04-16,9.93,9.95,10.1,9.49,3277937,5544304640.0,6.26,2.05,0.2,5.05
68,2015-04-17,10.24,9.75,10.32,9.68,2369244,4052537424.0,6.43,-2.01,-0.2,3.65
69,2015-04-20,9.82,9.26,9.86,8.96,2626346,4314239232.0,9.23,-5.03,-0.49,4.05
70,2015-04-21,9.14,9.5,9.54,9.05,1829127,2965267984.0,5.29,2.59,0.24,2.82
71,2015-04-22,9.56,9.62,9.66,9.36,1841539,3049918416.0,3.16,1.26,0.12,2.84
72,2015-04-23,9.63,9.59,9.92,9.48,1867467,3141951968.0,4.57,-0.31,-0.03,2.88
73,2015-04-24,9.28,9.23,9.65,9.06,1660310,2700092464.0,6.15,-3.75,-0.36,2.56
74,2015-04-27,9.23,9.55,9.56,9.23,1474679,2424367664.0,3.58,3.47,0.32,2.27
75,2015-04-28,9.52,9.86,10.5,9.52,3042666,5225890560.0,10.26,3.25,0.31,4.69
76,2015-04-29,9.7,9.71,9.89,9.58,1321902,2227868256.0,3.14,-1.52,-0.15,2.04
77,2015-04-30,9.71,9.28,9.84,9.21,1535369,2537645056.0,6.49,-4.43,-0.43,2.37
78,2015-05-04,9.28,9.26,9.32,9.1,1328599,2135905600.0,2.37,-0.22,-0.02,2.05
79,2015-05-05,9.25,8.55,9.25,8.44,1855613,2874355472.0,8.75,-7.67,-0.71,2.86
80,2015-05-06,8.59,8.39,8.85,8.31,1206378,1841379600.0,6.32,-1.87,-0.16,1.86
81,2015-05-07,8.38,8.46,8.56,8.34,741150,1113754832.0,2.62,0.83,0.07,1.14
82,2015-05-08,8.58,8.49,8.64,8.32,835061,1256514816.0,3.78,0.35,0.03,1.29
83,2015-05-11,8.45,8.74,8.78,8.21,1801847,2702931472.0,6.71,2.94,0.25,2.78
84,2015-05-12,8.66,8.77,8.86,8.62,1335094,2056506656.0,2.75,0.34,0.03,2.06
85,2015-05-13,8.9,8.61,8.94,8.52,1133952,1742798256.0,4.79,-1.82,-0.16,1.75
86,2015-05-14,8.66,8.58,8.76,8.54,919487,1404353952.0,2.56,-0.35,-0.03,1.42
87,2015-05-15,8.52,8.32,8.61,8.23,891918,1332936304.0,4.43,-3.03,-0.26,1.37
88,2015-05-18,8.26,8.14,8.41,8.1,796429,1173775968.0,3.73,-2.16,-0.18,1.23
89,2015-05-19,8.14,8.59,8.64,8.12,1115786,1674959056.0,6.39,5.53,0.45,1.72
90,2015-05-20,8.61,8.71,8.99,8.52,1442697,2226516832.0,5.47,1.4,0.12,2.22
91,2015-05-21,8.79,8.76,8.84,8.64,636136,981172720.0,2.3,0.57,0.05,0.98
92,2015-05-22,8.86,9.27,9.34,8.86,1730268,2779728832.0,5.48,5.82,0.51,2.67
93,2015-05-25,9.35,9.48,9.58,9.32,1529847,2513055008.0,2.8,2.27,0.21,2.36
94,2015-05-26,9.54,9.46,9.55,9.34,1228266,2014987568.0,2.22,-0.21,-0.02,1.89
95,2015-05-27,9.46,9.32,9.53,9.21,1209818,1975528576.0,3.38,-1.48,-0.14,1.86
96,2015-05-28,9.27,8.52,9.33,8.47,1531257,2434249568.0,9.23,-8.58,-0.8,2.36
97,2015-05-29,8.54,8.46,8.7,8.24,1287614,1938458896.0,5.4,-0.7,-0.06,1.98
98,2015-06-01,8.52,9.0,9.05,8.38,1257057,1938491888.0,7.92,6.38,0.54,1.94
99,2015-06-02,8.93,9.08,9.11,8.82,1183887,1864804880.0,3.22,0.89,0.08,1.82
100,2015-06-03,9.14,9.49,9.59,8.86,1822628,2942551536.0,8.04,4.52,0.41,2.81
101,2015-06-04,9.52,9.93,10.06,9.18,2305598,3874506912.0,9.27,4.64,0.44,3.55
102,2015-06-05,10.11,9.69,10.18,9.49,1761707,2980468176.0,6.95,-2.42,-0.24,2.72
103,2015-06-08,9.73,10.36,10.45,9.61,2816111,4905225216.0,8.67,6.91,0.67,4.34
104,2015-06-09,10.48,10.12,10.62,9.98,2038117,3601699248.0,6.18,-2.32,-0.24,3.14
105,2015-06-10,10.01,9.88,10.13,9.77,1497013,2566223456.0,3.56,-2.37,-0.24,2.31
106,2015-06-11,9.9,9.96,10.0,9.7,1118946,1904115152.0,3.04,0.81,0.08,1.72
107,2015-06-12,9.96,9.96,10.04,9.75,1292185,2209441264.0,2.91,0.0,0.0,1.99
108,2015-06-15,10.02,9.5,10.02,9.42,1357285,2291340528.0,6.02,-4.62,-0.46,2.09
109,2015-06-16,9.42,9.21,9.58,9.09,1026688,1676118224.0,5.16,-3.05,-0.29,1.58
110,2015-06-17,9.36,9.26,9.39,9.16,1236028,2000290272.0,2.5,0.54,0.05,1.91
111,2015-06-18,9.21,8.86,9.24,8.81,941075,1495503200.0,4.64,-4.32,-0.4,1.45
112,2015-06-19,8.86,8.25,9.04,7.98,1274276,1952317088.0,11.96,-6.88,-0.61,1.96
113,2015-06-23,8.35,8.62,8.65,7.98,906242,1351711168.0,8.12,4.48,0.37,1.4
114,2015-06-24,8.57,8.73,8.77,8.45,995924,1516999728.0,3.71,1.28,0.11,1.54
115,2015-06-25,9.0,8.47,9.11,8.39,1285631,2009797888.0,8.25,-2.98,-0.26,1.98
116,2015-06-26,8.25,7.8,8.64,7.43,1484954,2151943504.0,14.29,-7.91,-0.67,2.29
117,2015-06-29,8.07,7.86,8.16,6.98,1904077,2680213296.0,15.13,0.77,0.06,2.93
118,2015-06-30,7.86,8.59,8.64,7.82,1598624,2347939504.0,10.43,9.29,0.73,2.46
119,2015-07-01,8.47,8.3,8.6,8.12,1125529,1684669424.0,5.59,-3.38,-0.29,1.73
120,2015-07-02,8.43,8.47,8.97,8.16,2128652,3250361088.0,9.76,2.05,0.17,3.28
121,2015-07-03,8.55,8.16,8.88,7.61,1746537,2602054800.0,14.99,-3.66,-0.31,2.69
122,2015-07-06,9.12,8.85,9.13,8.42,2662868,4116790048.0,8.7,8.46,0.69,4.1
123,2015-07-07,8.73,9.43,9.46,8.51,3046103,4858439168.0,10.73,6.55,0.58,4.7
124,2015-07-08,8.58,8.86,9.8,8.32,3384879,4365073664.0,15.69,-6.04,-0.57,4.35
125,2015-07-09,8.86,9.36,9.72,8.04,3061284,3945222288.0,18.96,5.64,0.5,3.93
126,2015-07-10,9.02,9.55,10.13,8.88,3089013,4207386240.0,13.35,2.03,0.19,3.97
127,2015-07-13,9.18,9.2,9.58,8.92,2084172,2723654288.0,6.91,-3.66,-0.35,2.68
128,2015-07-14,9.04,9.1,9.32,8.78,1723871,2202200000.0,5.87,-1.09,-0.1,2.21
129,2015-07-15,8.99,9.33,9.36,8.92,1951567,2530850640.0,4.84,2.53,0.23,2.51
130,2015-07-16,9.33,9.11,9.37,9.0,1186143,1545298928.0,3.97,-2.36,-0.22,1.52
131,2015-07-17,9.16,9.32,9.41,9.01,1179310,1538774352.0,4.39,2.31,0.21,1.51
132,2015-07-20,9.25,9.24,9.42,9.13,928415,1215699824.0,3.11,-0.86,-0.08,1.19
133,2015-07-21,9.15,9.03,9.33,8.98,911689,1180632224.0,3.79,-2.27,-0.21,1.17
134,2015-07-22,8.93,8.82,9.06,8.8,779574,991618656.0,2.88,-2.33,-0.21,1.0
135,2015-07-23,8.69,8.88,8.93,8.69,679507,858480480.0,2.72,0.68,0.06,0.87
136,2015-07-24,8.83,8.56,8.88,8.54,701416,877927424.0,3.83,-3.6,-0.32,0.9
137,2015-07-27,8.41,7.53,8.49,7.53,1347624,1576857568.0,11.21,-12.03,-1.03,1.73
138,2015-07-28,7.34,7.7,7.8,7.34,1137919,1265581696.0,6.11,2.26,0.17,1.46
139,2015-07-29,7.65,7.67,7.7,7.55,568835,634896944.0,1.95,-0.39,-0.03,0.73
140,2015-07-30,7.67,7.36,7.73,7.35,548368,608472560.0,4.95,-4.04,-0.31,0.7
141,2015-07-31,7.33,7.35,7.44,7.15,640137,685944608.0,3.94,-0.14,-0.01,0.82
142,2015-08-03,7.25,7.58,7.6,7.19,607961,663393808.0,5.58,3.13,0.23,0.78
143,2015-08-04,7.58,7.68,7.69,7.51,348843,387959888.0,2.37,1.32,0.1,0.45
144,2015-08-05,7.63,7.45,7.67,7.43,296011,327983248.0,3.13,-2.99,-0.23,0.38
145,2015-08-06,7.41,7.39,7.58,7.35,240299,263201219.0,3.09,-0.81,-0.06,0.31
146,2015-08-07,7.49,7.53,7.64,7.43,396461,438645040.0,2.84,1.89,0.14,0.51
147,2015-08-10,7.49,7.81,7.83,7.37,760859,845499424.0,6.11,3.72,0.28,0.98
148,2015-08-11,7.73,7.64,7.78,7.58,590072,661511344.0,2.56,-2.18,-0.17,0.76
149,2015-08-12,7.52,7.48,7.65,7.47,407860,451004960.0,2.36,-2.09,-0.16,0.52
150,2015-08-13,7.43,7.49,7.59,7.38,378350,414689696.0,2.81,0.13,0.01,0.49
151,2015-08-14,7.52,7.45,7.54,7.4,409511,448604336.0,1.87,-0.53,-0.04,0.53
152,2015-08-17,7.4,7.32,7.42,7.27,443295,477957968.0,2.01,-1.74,-0.13,0.57
153,2015-08-18,7.33,6.84,7.43,6.79,662793,703393264.0,8.74,-6.56,-0.48,0.85
154,2015-08-19,6.81,7.05,7.07,6.6,683584,695570432.0,6.87,3.07,0.21,0.88
155,2015-08-20,6.93,6.88,7.03,6.82,381774,393473024.0,2.98,-2.41,-0.17,0.49
156,2015-08-21,6.82,6.69,6.97,6.68,445890,452863472.0,4.22,-2.76,-0.19,0.57
157,2015-08-24,6.44,5.93,6.48,5.86,1140642,1047710528.0,9.27,-11.36,-0.76,1.47
158,2015-08-25,5.61,5.51,6.03,5.48,1185519,1054564560.0,9.27,-7.08,-0.42,1.52
159,2015-08-26,5.65,5.93,6.1,5.52,901299,811480464.0,10.53,7.62,0.42,1.16
160,2015-08-27,6.01,6.54,6.61,5.88,943407,885924592.0,12.31,10.29,0.61,1.21
161,2015-08-28,6.55,6.57,6.79,6.36,904741,895669248.0,6.57,0.46,0.03,1.16
162,2015-08-31,6.52,6.98,7.0,6.38,1631322,1638472112.0,9.44,6.24,0.41,2.1
163,2015-09-01,6.8,7.25,7.26,6.56,1540404,1602572832.0,10.03,3.87,0.27,1.98
164,2015-09-02,6.98,7.39,7.41,6.89,1487967,1580662720.0,7.17,1.93,0.14,1.91
165,2015-09-07,7.22,6.76,7.23,6.69,563036,583142080.0,7.31,-8.53,-0.63,0.72
166,2015-09-08,6.71,6.96,7.06,6.68,338643,346939568.0,5.62,2.96,0.2,0.43
167,2015-09-09,6.96,6.98,7.04,6.88,359996,373278352.0,2.3,0.29,0.02,0.46
168,2015-09-10,6.9,7.05,7.07,6.88,308778,320771696.0,2.72,1.0,0.07,0.4
169,2015-09-11,7.0,7.0,7.07,6.94,203999,211764612.0,1.84,-0.71,-0.05,0.26
170,2015-09-14,6.98,7.25,7.28,6.63,804755,838212032.0,9.29,3.57,0.25,1.03
171,2015-09-15,7.08,7.16,7.22,6.93,519565,545545008.0,4.0,-1.24,-0.09,0.67
172,2015-09-16,7.04,7.23,7.4,6.94,361657,381641680.0,6.42,0.98,0.07,0.46
173,2015-09-17,7.19,7.02,7.22,7.01,241798,255222058.0,2.9,-2.9,-0.21,0.31
174,2015-09-18,7.01,6.93,7.05,6.91,144828,150223784.0,1.99,-1.28,-0.09,0.19
175,2015-09-21,6.88,6.9,6.92,6.82,157916,161706109.0,1.44,-0.43,-0.03,0.2
176,2015-09-22,6.9,6.98,7.06,6.88,189243,196450297.0,2.61,1.16,0.08,0.24
177,2015-09-23,6.91,6.77,6.98,6.75,148954,152102193.0,3.3,-3.01,-0.21,0.19
178,2015-09-24,6.81,6.79,6.86,6.77,83109,84461750.0,1.33,0.3,0.02,0.11
179,2015-09-25,6.8,6.93,6.96,6.67,245701,250305324.0,4.27,2.06,0.14,0.32
180,2015-09-28,6.86,6.84,6.89,6.78,109129,111359220.0,1.59,-1.3,-0.09,0.14
181,2015-09-29,6.81,6.69,6.81,6.68,102495,103388228.0,1.9,-2.19,-0.15,0.13
182,2015-09-30,6.72,6.76,6.83,6.7,143061,144720173.0,1.94,1.05,0.07,0.18
183,2015-10-08,6.97,6.88,6.98,6.87,155155,159846616.0,1.63,1.78,0.12,0.2
184,2015-10-09,6.89,6.92,6.96,6.85,254077,261763041.0,1.6,0.58,0.04,0.33
185,2015-10-12,6.94,7.08,7.18,6.93,435771,456806256.0,3.61,2.31,0.16,0.56
186,2015-10-13,7.05,7.03,7.12,6.99,215452,224962260.0,1.84,-0.71,-0.05,0.28
187,2015-10-14,7.0,6.89,7.03,6.88,201643,208789962.0,2.13,-1.99,-0.14,0.26
188,2015-10-15,6.89,7.06,7.09,6.88,281137,292955120.0,3.05,2.47,0.17,0.36
189,2015-10-16,7.1,7.09,7.15,7.03,297883,313191360.0,1.7,0.42,0.03,0.38
190,2015-10-19,7.09,7.09,7.18,6.98,365325,383592848.0,2.82,0.0,0.0,0.47
191,2015-10-20,7.1,7.15,7.16,7.03,316108,332494448.0,1.83,0.85,0.06,0.41
192,2015-10-21,7.15,7.36,7.48,7.06,763297,817265808.0,5.87,2.94,0.21,0.98
193,2015-10-22,7.24,7.18,7.24,7.11,430512,456442784.0,1.77,-2.45,-0.18,0.55
194,2015-10-23,7.16,7.2,7.21,7.13,290730,308183872.0,1.11,0.28,0.02,0.37
195,2015-10-26,7.22,7.23,7.36,7.18,379772,406817056.0,2.5,0.42,0.03,0.49
196,2015-10-27,7.18,7.19,7.26,7.05,277715,294635488.0,2.9,-0.55,-0.04,0.36
197,2015-10-28,7.18,7.09,7.21,7.08,223448,236458851.0,1.81,-1.39,-0.1,0.29
198,2015-10-29,7.1,7.11,7.14,7.06,154584,162599787.0,1.13,0.28,0.02,0.2
199,2015-10-30,7.12,7.13,7.19,7.08,358045,377862512.0,1.55,0.28,0.02,0.46
200,2015-11-02,7.1,7.06,7.18,7.05,334878,352976208.0,1.82,-0.98,-0.07,0.43
201,2015-11-03,7.06,6.98,7.13,6.96,224899,235848315.0,2.41,-1.13,-0.08,0.29
202,2015-11-04,7.0,7.31,7.38,6.99,509349,541778880.0,5.59,4.73,0.33,0.65
203,2015-11-05,7.29,7.54,7.91,7.23,1569237,1753063168.0,9.3,3.15,0.23,2.02
204,2015-11-06,7.47,7.77,7.8,7.45,755761,843953824.0,4.64,3.05,0.23,0.97
205,2015-11-09,7.83,8.05,8.46,7.83,1649801,1952215648.0,8.11,3.6,0.28,2.12
206,2015-11-10,7.93,7.93,8.12,7.83,737877,850061872.0,3.6,-1.49,-0.12,0.95
207,2015-11-11,7.94,7.79,7.94,7.68,572862,650008640.0,3.28,-1.77,-0.14,0.74
208,2015-11-12,7.83,7.64,7.85,7.57,349337,392349760.0,3.59,-1.93,-0.15,0.45
209,2015-11-13,7.58,7.58,7.78,7.56,374491,418714000.0,2.88,-0.79,-0.06,0.48
210,2015-11-16,7.43,7.62,7.63,7.42,334823,370161440.0,2.77,0.53,0.04,0.43
211,2015-11-17,7.68,7.72,7.92,7.64,565352,641621264.0,3.67,1.31,0.1,0.73
212,2015-11-18,7.7,7.74,7.97,7.56,533171,602385920.0,5.31,0.26,0.02,0.68
213,2015-11-19,7.76,7.76,7.78,7.68,308997,348596528.0,1.29,0.26,0.02,0.4
214,2015-11-20,7.78,7.75,7.88,7.7,414533,470142992.0,2.32,-0.13,-0.01,0.53
215,2015-11-23,7.75,7.66,7.83,7.63,326916,368763008.0,2.58,-1.16,-0.09,0.42
216,2015-11-24,7.64,7.55,7.65,7.43,379146,418048608.0,2.87,-1.44,-0.11,0.49
217,2015-11-25,7.53,7.58,7.64,7.42,377891,416801488.0,2.91,0.4,0.03,0.49
218,2015-11-26,7.63,7.59,7.75,7.59,388858,435540752.0,2.11,0.13,0.01,0.5
219,2015-11-27,7.53,7.35,7.58,7.21,461722,501554016.0,4.87,-3.16,-0.24,0.59
220,2015-11-30,7.36,7.56,7.71,7.26,655246,719803552.0,6.12,2.86,0.21,0.84
221,2015-12-01,7.58,7.68,7.69,7.37,673847,745752160.0,4.23,1.59,0.12,0.87
222,2015-12-02,7.63,8.27,8.33,7.58,1584142,1838098096.0,9.77,7.68,0.59,2.03
223,2015-12-03,8.15,8.06,8.4,7.95,1118309,1318308112.0,5.44,-2.54,-0.21,1.44
224,2015-12-04,8.0,7.72,8.03,7.67,719969,818934304.0,4.47,-4.22,-0.34,0.92
225,2015-12-07,7.76,7.75,7.82,7.65,371205,418672576.0,2.2,0.39,0.03,0.48
226,2015-12-08,7.68,7.66,7.76,7.59,331801,371360288.0,2.19,-1.16,-0.09,0.43
227,2015-12-09,7.64,7.71,7.78,7.61,336399,378436384.0,2.22,0.65,0.05,0.43
228,2015-12-10,7.69,7.6,7.87,7.58,351032,396065408.0,3.76,-1.43,-0.11,0.45
229,2015-12-11,7.6,7.58,7.63,7.48,252565,279148880.0,1.97,-0.26,-0.02,0.32
230,2015-12-14,7.48,7.81,7.89,7.44,432326,486291312.0,5.94,3.03,0.23,0.56
231,2015-12-15,7.79,7.68,7.83,7.63,291760,328709824.0,2.56,-1.66,-0.13,0.37
232,2015-12-16,7.72,7.65,7.73,7.63,171371,191987032.0,1.3,-0.39,-0.03,0.22
233,2015-12-17,7.68,7.73,7.8,7.68,355963,401783680.0,1.57,1.05,0.08,0.46
234,2015-12-18,7.71,7.9,8.5,7.7,1113897,1296295056.0,10.35,2.2,0.17,1.43
235,2015-12-21,7.83,8.32,8.43,7.8,1290170,1530396912.0,7.97,5.32,0.42,1.66
236,2015-12-22,8.25,8.21,8.48,8.16,777333,927660800.0,3.85,-1.32,-0.11,1.0
237,2015-12-23,8.26,8.32,8.52,8.13,805734,965062816.0,4.75,1.34,0.11,1.03
238,2015-12-24,8.31,8.32,8.39,8.11,597343,711572016.0,3.37,0.0,0.0,0.77
239,2015-12-25,8.33,8.31,8.39,8.24,345905,414439824.0,1.8,-0.12,-0.01,0.44
240,2015-12-28,8.34,7.87,8.36,7.83,518070,606365488.0,6.38,-5.29,-0.44,0.67
241,2015-12-29,8.03,8.17,8.32,7.96,591011,695317696.0,4.57,3.81,0.3,0.76
242,2015-12-30,8.13,8.27,8.29,8.06,433771,512401840.0,2.82,1.22,0.1,0.56
243,2015-12-31,8.25,8.45,8.53,8.07,1119773,1347298096.0,5.56,2.18,0.18,1.44
244,2016-01-04,8.33,7.86,8.37,7.83,401116,470269328.0,6.39,-6.98,-0.59,0.52
245,2016-01-05,7.68,7.91,8.11,7.65,624717,717805680.0,5.85,0.64,0.05,0.8
246,2016-01-06,7.87,7.93,7.95,7.73,456496,520875024.0,2.78,0.25,0.02,0.59
247,2016-01-07,7.75,7.28,7.78,7.25,132827,147031616.0,6.68,-8.2,-0.65,0.17
248,2016-01-08,7.48,7.36,7.62,7.1,483481,526523632.0,7.14,1.1,0.08,0.62
249,2016-01-11,7.25,6.95,7.29,6.93,451840,477505024.0,4.89,-5.57,-0.41,0.58
250,2016-01-12,7.04,6.95,7.08,6.9,271568,281734624.0,2.59,0.0,0.0,0.35
251,2016-01-13,6.97,6.73,7.03,6.72,279050,287180032.0,4.46,-3.17,-0.22,0.36
252,2016-01-14,6.59,6.79,6.83,6.55,320311,321236000.0,4.16,0.89,0.06,0.41
253,2016-01-15,6.79,6.53,6.89,6.52,305313,306226912.0,5.45,-3.83,-0.26,0.39
254,2016-01-18,6.41,6.63,6.73,6.4,325606,321521200.0,5.05,1.53,0.1,0.42
255,2016-01-19,6.6,6.79,6.85,6.53,296911,298595008.0,4.83,2.41,0.16,0.38
256,2016-01-20,6.76,6.63,6.79,6.57,268863,269440432.0,3.24,-2.36,-0.16,0.35
257,2016-01-21,6.58,6.52,6.83,6.51,285197,285398656.0,4.83,-1.66,-0.11,0.37
258,2016-01-22,6.58,6.61,6.63,6.5,177766,175706879.0,1.99,1.38,0.09,0.23
259,2016-01-25,6.62,6.59,6.63,6.53,152429,151014325.0,1.51,-0.3,-0.02,0.2
260,2016-01-26,6.55,6.17,6.61,6.12,256561,247964445.0,7.44,-6.37,-0.42,0.33
261,2016-01-27,6.2,6.23,6.33,6.04,346443,325927152.0,4.7,0.97,0.06,0.45
262,2016-01-28,6.18,6.06,6.28,6.02,213501,200741447.0,4.17,-2.73,-0.17,0.27
263,2016-01-29,6.08,6.28,6.33,6.08,283404,268229877.0,4.13,3.63,0.22,0.36
264,2016-02-01,6.25,6.09,6.31,6.01,225270,211189736.0,4.78,-3.03,-0.19,0.29
265,2016-02-02,6.09,6.23,6.28,6.08,204784,193744079.0,3.28,2.3,0.14,0.26
266,2016-02-03,6.18,6.18,6.23,6.09,150493,141195657.0,2.25,-0.8,-0.05,0.19
267,2016-02-04,6.19,6.28,6.3,6.18,172444,163837224.0,1.94,1.62,0.1,0.22
268,2016-02-05,6.26,6.25,6.32,6.23,139646,132989684.0,1.43,-0.48,-0.03,0.18
269,2016-02-15,6.13,6.08,6.13,6.0,236854,219691132.0,2.08,-2.72,-0.17,0.3
270,2016-02-16,6.13,6.31,6.33,6.11,250867,238371978.0,3.62,3.78,0.23,0.32
271,2016-02-17,6.28,6.37,6.39,6.28,291028,279452944.0,1.74,0.95,0.06,0.37
272,2016-02-18,6.39,6.33,6.46,6.32,232188,224497903.0,2.2,-0.63,-0.04,0.3
273,2016-02-19,6.32,6.28,6.36,6.24,174077,166471680.0,1.9,-0.79,-0.05,0.22
274,2016-02-22,6.33,6.52,6.55,6.31,395822,384832880.0,3.82,3.82,0.24,0.51
275,2016-02-23,6.47,6.39,6.48,6.33,238518,230884734.0,2.3,-1.99,-0.13,0.31
276,2016-02-24,6.38,6.42,6.42,6.31,169097,162992766.0,1.72,0.47,0.03,0.22
277,2016-02-25,6.4,6.01,6.4,5.93,317693,299341952.0,7.32,-6.39,-0.41,0.41
278,2016-02-26,6.08,6.11,6.15,6.03,197078,183171335.0,2.0,1.66,0.1,0.25
279,2016-02-29,6.1,6.09,6.18,5.84,364915,335632480.0,5.56,-0.33,-0.02,0.47
280,2016-03-01,6.06,6.16,6.22,6.03,193641,180593417.0,3.12,1.15,0.07,0.25
281,2016-03-02,6.2,6.43,6.48,6.15,462381,443086944.0,5.36,4.38,0.27,0.59
282,2016-03-03,6.38,6.49,6.5,6.37,347058,337504704.0,2.02,0.93,0.06,0.45
283,2016-03-04,6.45,6.89,6.92,6.41,1079265,1085179648.0,7.86,6.16,0.4,1.39
284,2016-03-07,6.81,6.76,6.88,6.72,395699,400960544.0,2.32,-1.89,-0.13,0.51
285,2016-03-08,6.73,6.83,6.86,6.53,342956,342646384.0,4.88,1.04,0.07,0.44
286,2016-03-09,6.69,6.9,6.92,6.58,446353,449726416.0,4.98,1.02,0.07,0.57
287,2016-03-10,6.77,6.68,6.85,6.64,289045,292290976.0,3.04,-3.19,-0.22,0.37
288,2016-03-11,6.61,6.76,6.78,6.61,224051,224827429.0,2.54,1.2,0.08,0.29
289,2016-03-14,6.76,6.73,6.87,6.71,340767,346274608.0,2.37,-0.44,-0.03,0.44
290,2016-03-15,6.72,6.78,6.83,6.63,310773,313114432.0,2.97,0.74,0.05,0.4
291,2016-03-16,6.73,6.88,6.98,6.72,935649,960582352.0,3.83,1.47,0.1,1.2
292,2016-03-17,6.84,6.88,6.94,6.77,300936,308092720.0,2.47,0.0,0.0,0.39
293,2016-03-18,6.88,6.93,6.98,6.87,469192,483397920.0,1.6,0.73,0.05,0.6
294,2016-03-21,6.93,6.96,7.15,6.93,519991,542103328.0,3.17,0.43,0.03,0.67
295,2016-03-22,6.97,6.95,7.1,6.92,281508,292473616.0,2.59,-0.14,-0.01,0.36
296,2016-03-23,6.96,6.88,6.98,6.87,236777,243422540.0,1.58,-1.01,-0.07,0.3
297,2016-03-24,6.88,6.75,6.88,6.74,201079,204015654.0,2.03,-1.89,-0.13,0.26
298,2016-03-25,6.74,6.78,6.83,6.73,139466,141633786.0,1.48,0.44,0.03,0.18
299,2016-03-28,6.81,6.73,6.87,6.72,170855,173674488.0,2.21,-0.74,-0.05,0.22
300,2016-03-29,6.75,6.66,6.78,6.62,234340,235715691.0,2.38,-1.04,-0.07,0.3
301,2016-03-30,6.71,6.82,6.84,6.69,292029,296349248.0,2.25,2.4,0.16,0.38
302,2016-03-31,6.86,6.8,6.89,6.78,215414,219459036.0,1.61,-0.29,-0.02,0.28
303,2016-04-01,6.81,6.86,6.87,6.67,341793,347066064.0,2.94,0.88,0.06,0.44
304,2016-04-05,6.83,6.88,6.91,6.77,419004,426883680.0,2.04,0.29,0.02,0.54
305,2016-04-06,6.83,6.87,6.89,6.82,201454,205998976.0,1.02,-0.15,-0.01,0.26
306,2016-04-07,6.87,6.8,6.88,6.8,201617,205502470.0,1.16,-1.02,-0.07,0.26
307,2016-04-08,6.77,6.8,6.82,6.75,194840,197609154.0,1.03,0.0,0.0,0.25
308,2016-04-11,6.81,6.88,6.92,6.79,214280,219514050.0,1.91,1.18,0.08,0.28
309,2016-04-12,6.88,6.85,6.88,6.83,144402,147516808.0,0.73,-0.44,-0.03,0.19
310,2016-04-13,6.87,6.92,7.0,6.87,335758,347385440.0,1.9,1.02,0.07,0.43
311,2016-04-14,6.96,6.93,6.99,6.87,185396,191149360.0,1.73,0.14,0.01,0.24
312,2016-04-15,6.93,6.97,6.99,6.9,212029,219281825.0,1.3,0.58,0.04,0.27
313,2016-04-18,6.93,6.85,6.95,6.83,218335,223812804.0,1.72,-1.72,-0.12,0.28
314,2016-04-19,6.85,6.85,6.89,6.81,181966,185831941.0,1.17,0.0,0.0,0.23
315,2016-04-20,6.86,6.84,6.87,6.61,386438,390121536.0,3.8,-0.15,-0.01,0.5
316,2016-04-21,6.79,6.78,6.91,6.73,225526,229424797.0,2.63,-0.88,-0.06,0.29
317,2016-04-22,6.75,6.78,6.84,6.71,125937,127628824.0,1.92,0.0,0.0,0.16
318,2016-04-25,6.75,6.73,6.77,6.68,146849,147737761.0,1.33,-0.74,-0.05,0.19
319,2016-04-26,6.73,6.76,6.77,6.7,130607,131723297.0,1.04,0.45,0.03,0.12
320,2016-04-27,6.76,6.79,6.82,6.73,128750,130569244.0,1.33,0.44,0.03,0.12
321,2016-04-28,6.79,6.88,6.99,6.77,241772,248077819.0,3.24,1.33,0.09,0.23
322,2016-04-29,6.84,6.81,6.95,6.75,229102,235182009.0,2.91,-1.02,-0.07,0.21
323,2016-05-03,6.88,6.89,7.02,6.83,452283,467389296.0,2.79,1.17,0.08,0.42
324,2016-05-04,6.9,6.95,6.98,6.89,236227,243952792.0,1.31,0.87,0.06,0.22
325,2016-05-05,6.95,6.92,6.95,6.87,161233,165854308.0,1.15,-0.43,-0.03,0.15
326,2016-05-06,6.93,6.76,6.94,6.75,228368,232681971.0,2.75,-2.31,-0.16,0.21
327,2016-05-09,6.75,6.68,6.78,6.64,229492,230358275.0,2.07,-1.18,-0.08,0.21
328,2016-05-10,6.67,6.69,6.73,6.65,111097,111358960.0,1.2,0.15,0.01,0.1
329,2016-05-11,6.7,6.72,6.8,6.65,158198,158832632.0,2.24,0.45,0.03,0.15
330,2016-05-12,6.68,6.68,6.73,6.61,152605,152718167.0,1.79,-0.6,-0.04,0.14
331,2016-05-13,6.69,6.64,6.7,6.6,174616,174319666.0,1.5,-0.6,-0.04,0.16
332,2016-05-16,6.61,6.65,6.66,6.59,95891,95509503.0,1.05,0.15,0.01,0.09
333,2016-05-17,6.63,6.61,6.66,6.6,112115,111554232.0,0.9,-0.6,-0.04,0.1
334,2016-05-18,6.6,6.66,6.68,6.48,280501,277629088.0,3.03,0.76,0.05,0.26
335,2016-05-19,6.62,6.58,6.66,6.57,93342,92828236.0,1.35,-1.2,-0.08,0.09
336,2016-05-20,6.58,6.62,6.63,6.53,74800,74058488.0,1.52,0.61,0.04,0.07
337,2016-05-23,6.63,6.63,6.66,6.6,76136,75846493.0,0.91,0.15,0.01,0.07
338,2016-05-24,6.63,6.58,6.63,6.56,92685,91790344.0,1.06,-0.75,-0.05,0.09
339,2016-05-25,6.61,6.6,6.63,6.58,69508,68977138.0,0.76,0.3,0.02,0.07
340,2016-05-26,6.6,6.61,6.64,6.56,74171,73542600.0,1.21,0.15,0.01,0.07
341,2016-05-27,6.6,6.6,6.63,6.57,77211,76575724.0,0.91,-0.15,-0.01,0.07
342,2016-05-30,6.61,6.63,6.65,6.55,94895,94207232.0,1.52,0.45,0.03,0.09
343,2016-05-31,6.63,6.83,6.85,6.62,307303,311895680.0,3.47,3.02,0.2,0.29
344,2016-06-01,6.82,6.82,6.86,6.77,180935,183927823.0,1.32,-0.15,-0.01,0.17
345,2016-06-02,6.8,6.8,6.83,6.76,123384,125187833.0,1.03,-0.29,-0.02,0.12
346,2016-06-03,6.81,6.8,6.83,6.77,174754,177437339.0,0.88,0.0,0.0,0.16
347,2016-06-06,6.82,6.77,6.83,6.74,147612,149510336.0,1.32,-0.44,-0.03,0.14
348,2016-06-07,6.77,6.77,6.78,6.73,149561,151193587.0,0.74,0.0,0.0,0.14
349,2016-06-08,6.76,6.76,6.77,6.71,151697,153026879.0,0.89,-0.15,-0.01,0.14
350,2016-06-13,6.71,6.64,6.72,6.63,159197,159545787.0,1.33,-1.78,-0.12,0.15
351,2016-06-14,6.63,6.67,6.7,6.63,143134,143027708.0,1.05,0.45,0.03,0.13
352,2016-06-15,6.65,6.66,6.72,6.63,196908,196847704.0,1.35,-0.15,-0.01,0.18
353,2016-06-16,6.66,6.61,6.66,6.61,179434,178479738.0,0.75,-0.75,-0.05,0.17
354,2016-06-17,6.62,6.61,6.66,6.59,211645,210519024.0,1.06,0.0,0.0,0.2
355,2016-06-20,6.63,6.63,6.65,6.59,192176,191014450.0,0.91,0.3,0.02,0.18
356,2016-06-21,6.64,6.64,6.68,6.61,222392,221844023.0,1.06,0.15,0.01,0.21
357,2016-06-22,6.63,6.67,6.68,6.61,133081,132629484.0,1.05,0.45,0.03,0.12
358,2016-06-23,6.67,6.63,6.67,6.6,190472,189502986.0,1.05,-0.6,-0.04,0.18
359,2016-06-24,6.62,6.54,6.65,6.52,228116,225724780.0,1.96,-1.36,-0.09,0.21
360,2016-06-27,6.52,6.58,6.58,6.52,152391,150383261.0,0.92,0.61,0.04,0.14
361,2016-06-28,6.56,6.57,6.57,6.53,206777,203593131.0,0.61,-0.15,-0.01,0.19
362,2016-06-29,6.58,6.61,6.63,6.53,374686,370084752.0,1.52,0.61,0.04,0.35
363,2016-06-30,6.62,6.58,6.63,6.54,408832,405195904.0,1.36,-0.45,-0.03,0.38
364,2016-07-01,6.58,6.59,6.62,6.56,264789,262137185.0,0.91,0.15,0.01,0.25
365,2016-07-04,6.58,6.71,6.73,6.58,431084,430875264.0,2.28,1.82,0.12,0.4
366,2016-07-05,6.71,6.69,6.73,6.68,353490,354808704.0,0.75,-0.3,-0.02,0.33
367,2016-07-06,6.7,6.7,6.72,6.68,281569,282372592.0,0.6,0.15,0.01,0.26
368,2016-07-07,6.69,6.68,6.7,6.67,326578,327364784.0,0.45,-0.3,-0.02,0.31
369,2016-07-08,6.7,6.67,6.72,6.66,306056,295625280.0,0.9,-0.15,-0.01,0.29
370,2016-07-11,6.68,6.69,6.72,6.66,305394,295194720.0,0.9,0.3,0.02,0.29
371,2016-07-12,6.69,6.76,6.77,6.64,384595,372529920.0,1.94,1.05,0.07,0.36
372,2016-07-13,6.78,6.87,6.97,6.78,594736,588168064.0,2.81,1.63,0.11,0.56
373,2016-07-14,6.86,6.83,6.94,6.81,353298,348085264.0,1.89,-0.58,-0.04,0.33
374,2016-07-15,6.84,6.87,6.93,6.83,449432,443749808.0,1.46,0.59,0.04,0.42
375,2016-07-18,6.87,6.95,6.99,6.86,566885,564013968.0,1.89,1.16,0.08,0.53
376,2016-07-19,6.94,6.87,6.96,6.84,348279,344617584.0,1.73,-1.15,-0.08,0.33
377,2016-07-20,6.87,6.84,6.87,6.81,228451,224810877.0,0.87,-0.44,-0.03,0.21
378,2016-07-21,6.84,6.86,6.89,6.84,233810,230684982.0,0.73,0.29,0.02,0.22
379,2016-07-22,6.86,6.86,6.88,6.84,336537,332196656.0,0.58,0.0,0.0,0.31
380,2016-07-25,6.87,6.93,6.95,6.86,361026,357771488.0,1.31,1.02,0.07,0.34
381,2016-07-26,6.92,6.97,6.97,6.9,380974,379561104.0,1.01,0.58,0.04,0.36
382,2016-07-27,6.97,6.93,6.99,6.79,603147,597406752.0,2.87,-0.57,-0.04,0.56
383,2016-07-28,6.88,6.86,6.9,6.84,370025,365726624.0,0.87,-1.01,-0.07,0.35
384,2016-07-29,6.86,6.9,6.92,6.85,331917,328828592.0,1.02,0.58,0.04,0.31
385,2016-08-01,6.89,6.97,6.98,6.88,528450,526388688.0,1.45,1.01,0.07,0.49
386,2016-08-02,6.94,6.94,6.98,6.9,350386,348802240.0,1.15,-0.43,-0.03,0.33
387,2016-08-03,6.92,6.89,6.93,6.87,283017,280746560.0,0.86,-0.72,-0.05,0.26
388,2016-08-04,6.91,6.9,6.94,6.86,347033,344190560.0,1.16,0.15,0.01,0.32
389,2016-08-05,6.9,7.02,7.08,6.89,1110672,1114488944.0,2.75,1.74,0.12,1.04
390,2016-08-08,6.99,7.0,7.02,6.94,481643,482356400.0,1.14,-0.28,-0.02,0.45
391,2016-08-09,7.0,7.02,7.04,6.97,498600,500247088.0,1.0,0.29,0.02,0.47
392,2016-08-10,7.03,6.99,7.04,6.99,448594,451040896.0,0.71,-0.43,-0.03,0.42
393,2016-08-11,7.01,7.18,7.29,6.99,1436526,1475774304.0,4.29,2.72,0.19,1.34
394,2016-08-12,7.19,7.52,7.59,7.14,1432085,1502061504.0,6.27,4.74,0.34,1.34
395,2016-08-15,7.61,7.74,8.0,7.59,1829017,2017589488.0,5.45,2.93,0.22,1.71
396,2016-08-16,7.74,7.56,7.79,7.49,1736923,1866518208.0,3.88,-2.33,-0.18,1.63
397,2016-08-17,7.54,7.54,7.59,7.49,705575,754247328.0,1.32,-0.26,-0.02,0.66
398,2016-08-18,7.52,7.44,7.56,7.39,851380,902710304.0,2.25,-1.33,-0.1,0.8
399,2016-08-19,7.44,7.46,7.49,7.38,486782,513791792.0,1.48,0.27,0.02,0.46
400,2016-08-22,7.46,7.42,7.48,7.39,563125,593684416.0,1.21,-0.54,-0.04,0.53
401,2016-08-23,7.41,7.41,7.47,7.37,462027,487448560.0,1.35,-0.13,-0.01,0.43
402,2016-08-24,7.41,7.32,7.43,7.3,554824,580129296.0,1.75,-1.21,-0.09,0.52
403,2016-08-25,7.3,7.34,7.34,7.24,559973,580859488.0,1.37,0.27,0.02,0.52
404,2016-08-26,7.33,7.32,7.38,7.29,361499,377561328.0,1.23,-0.27,-0.02,0.34
405,2016-08-29,7.31,7.31,7.38,7.28,414318,432411072.0,1.37,-0.14,-0.01,0.39
406,2016-08-30,7.33,7.34,7.37,7.31,267264,279156032.0,0.82,0.41,0.03,0.25
407,2016-08-31,7.34,7.39,7.41,7.32,438904,459947936.0,1.23,0.68,0.05,0.41
408,2016-09-01,7.39,7.36,7.44,7.35,392638,412556880.0,1.22,-0.41,-0.03,0.37
409,2016-09-02,7.35,7.35,7.39,7.3,236478,247207140.0,1.22,-0.14,-0.01,0.22
410,2016-09-05,7.35,7.33,7.38,7.3,280037,292441696.0,1.09,-0.27,-0.02,0.26
411,2016-09-06,7.32,7.31,7.35,7.26,317338,330323520.0,1.23,-0.27,-0.02,0.3
412,2016-09-07,7.31,7.32,7.34,7.29,257578,268437680.0,0.68,0.14,0.01,0.24
413,2016-09-08,7.33,7.32,7.34,7.3,155762,162307019.0,0.55,0.0,0.0,0.15
414,2016-09-09,7.31,7.27,7.33,7.26,188193,195737351.0,0.96,-0.68,-0.05,0.18
415,2016-09-12,7.19,7.07,7.2,7.0,570645,579150688.0,2.75,-2.75,-0.2,0.53
416,2016-09-13,7.09,7.05,7.1,7.01,350982,354404224.0,1.27,-0.28,-0.02,0.33
417,2016-09-14,7.04,6.96,7.04,6.94,402279,403032896.0,1.42,-1.28,-0.09,0.38
418,2016-09-19,6.98,7.02,7.04,6.97,406261,408207984.0,1.01,0.86,0.06,0.38
419,2016-09-20,7.03,7.01,7.03,6.99,227052,228033314.0,0.57,-0.14,-0.01,0.21
420,2016-09-21,7.01,7.04,7.04,6.99,151142,152137742.0,0.71,0.43,0.03,0.14
421,2016-09-22,7.05,7.1,7.12,7.04,292780,296788448.0,1.14,0.85,0.06,0.27
422,2016-09-23,7.1,7.09,7.12,7.09,195832,198899384.0,0.42,-0.14,-0.01,0.18
423,2016-09-26,7.08,7.0,7.08,6.99,256362,258701143.0,1.27,-1.27,-0.09,0.24
424,2016-09-27,6.99,7.04,7.05,6.95,209150,210350611.0,1.43,0.57,0.04,0.2
425,2016-09-28,7.04,6.99,7.04,6.98,163491,164258793.0,0.85,-0.71,-0.05,0.15
426,2016-09-29,6.99,7.02,7.05,6.99,253299,254838860.0,0.86,0.43,0.03,0.24
427,2016-09-30,7.0,7.01,7.04,6.99,233606,234763186.0,0.71,-0.14,-0.01,0.22
428,2016-10-10,7.06,7.09,7.09,7.02,346240,350085600.0,1.0,1.14,0.08,0.32
429,2016-10-11,7.11,7.14,7.14,7.07,402843,409836656.0,0.99,0.71,0.05,0.38
430,2016-10-12,7.11,7.15,7.15,7.1,302653,308768864.0,0.7,0.14,0.01,0.28
431,2016-10-13,7.14,7.17,7.19,7.14,304924,312462352.0,0.7,0.28,0.02,0.29
432,2016-10-14,7.17,7.18,7.19,7.16,201976,206926923.0,0.42,0.14,0.01,0.19
433,2016-10-17,7.18,7.16,7.2,7.16,205789,210967831.0,0.56,-0.28,-0.02,0.19
434,2016-10-18,7.14,7.22,7.23,7.14,182200,187009902.0,1.26,0.84,0.06,0.17
435,2016-10-19,7.2,7.19,7.24,7.18,180113,185324237.0,0.83,-0.42,-0.03,0.17
436,2016-10-20,7.19,7.22,7.24,7.19,177050,182138760.0,0.7,0.42,0.03,0.17
437,2016-10-21,7.23,7.28,7.29,7.21,389278,402795136.0,1.11,0.83,0.06,0.36
438,2016-10-24,7.29,7.39,7.48,7.28,572804,602389616.0,2.75,1.51,0.11,0.54
439,2016-10-25,7.4,7.34,7.43,7.33,246173,258342609.0,1.35,-0.68,-0.05,0.23
440,2016-10-26,7.35,7.26,7.36,7.25,245931,255660262.0,1.5,-1.09,-0.08,0.23
441,2016-10-27,7.27,7.3,7.32,7.25,189755,196828004.0,0.96,0.55,0.04,0.18
442,2016-10-28,7.29,7.34,7.43,7.28,354258,371768000.0,2.05,0.55,0.04,0.33
443,2016-10-31,7.34,7.31,7.34,7.28,421687,438538208.0,0.82,-0.41,-0.03,0.39
444,2016-11-01,7.32,7.34,7.35,7.29,322128,335730992.0,0.82,0.41,0.03,0.3
445,2016-11-02,7.34,7.32,7.37,7.3,391155,407999568.0,0.95,-0.27,-0.02,0.37
446,2016-11-03,7.3,7.48,7.49,7.3,603364,635314096.0,2.6,2.19,0.16,0.56
447,2016-11-04,7.52,7.54,7.74,7.49,1003457,1080018624.0,3.34,0.8,0.06,0.94
448,2016-11-07,7.49,7.55,7.62,7.49,527798,565817920.0,1.72,0.13,0.01,0.49
449,2016-11-08,7.58,7.61,7.67,7.56,412583,444477920.0,1.46,0.79,0.06,0.39
450,2016-11-09,7.6,7.6,7.67,7.54,432964,466457520.0,1.71,-0.13,-0.01,0.41
451,2016-11-10,7.64,7.75,7.8,7.64,510117,557633776.0,2.11,1.97,0.15,0.48
452,2016-11-11,7.72,7.75,7.79,7.67,630258,687429136.0,1.55,0.0,0.0,0.59
453,2016-11-14,7.72,7.78,7.84,7.71,451743,495665136.0,1.68,0.39,0.03,0.42
454,2016-11-15,7.75,7.76,7.81,7.73,321903,352872736.0,1.03,-0.26,-0.02,0.3
455,2016-11-16,7.76,7.79,7.79,7.74,219652,240824312.0,0.64,0.39,0.03,0.21
456,2016-11-17,7.75,7.79,7.8,7.7,364751,399390928.0,1.28,0.0,0.0,0.34
457,2016-11-18,7.74,7.76,7.81,7.74,244205,268170430.0,0.9,-0.39,-0.03,0.23
458,2016-11-21,7.76,7.89,8.05,7.74,605917,677127120.0,3.99,1.68,0.13,0.57
459,2016-11-22,7.89,8.18,8.26,7.88,733211,833105920.0,4.82,3.68,0.29,0.69
460,2016-11-23,8.15,8.44,8.51,8.15,820703,964199648.0,4.4,3.18,0.26,0.77
461,2016-11-24,8.39,8.41,8.48,8.3,458856,538115552.0,2.13,-0.36,-0.03,0.43
462,2016-11-25,8.42,8.67,8.69,8.4,498040,593849360.0,3.45,3.09,0.26,0.47
463,2016-11-28,8.74,8.51,8.82,8.49,1050333,1262191376.0,3.81,-1.85,-0.16,0.98
464,2016-11-29,8.46,8.44,8.59,8.37,566237,666126928.0,2.59,-0.82,-0.07,0.53
465,2016-11-30,8.43,8.26,8.44,8.22,569670,661576976.0,2.61,-2.13,-0.18,0.53
466,2016-12-01,8.29,8.39,8.45,8.26,412479,480523232.0,2.3,1.57,0.13,0.39
467,2016-12-02,8.43,8.29,8.44,8.08,448168,517748960.0,4.29,-1.19,-0.1,0.42
468,2016-12-05,8.2,8.37,8.38,8.09,512809,591539040.0,3.5,0.97,0.08,0.48
469,2016-12-06,8.31,8.19,8.4,8.14,400822,463384000.0,3.11,-2.15,-0.18,0.38
470,2016-12-07,8.18,8.2,8.23,8.12,263815,302265104.0,1.34,0.12,0.01,0.25
471,2016-12-08,8.21,8.34,8.39,8.21,372150,432205504.0,2.2,1.71,0.14,0.35
472,2016-12-09,8.34,8.54,8.62,8.33,479053,568808944.0,3.48,2.4,0.2,0.45
473,2016-12-12,8.55,8.48,8.72,8.29,578030,679821104.0,5.04,-0.7,-0.06,0.54
474,2016-12-13,8.42,8.29,8.42,8.25,229770,267140185.0,2.0,-2.24,-0.19,0.22
475,2016-12-14,8.29,8.34,8.43,8.28,218458,254531863.0,1.81,0.6,0.05,0.2
476,2016-12-15,8.26,7.88,8.29,7.81,636384,712260880.0,5.76,-5.52,-0.46,0.6
477,2016-12-16,7.85,7.78,7.92,7.72,344523,379091936.0,2.54,-1.27,-0.1,0.32
478,2016-12-19,7.79,7.74,7.79,7.72,214159,234386683.0,0.9,-0.51,-0.04,0.2
479,2016-12-20,7.74,7.64,7.75,7.57,256319,276547216.0,2.33,-1.29,-0.1,0.24
480,2016-12-21,7.65,7.67,7.73,7.61,342327,370881536.0,1.57,0.39,0.03,0.32
481,2016-12-22,7.67,7.61,7.69,7.54,303218,325821664.0,1.96,-0.78,-0.06,0.28
482,2016-12-23,7.58,7.49,7.6,7.46,351208,374441904.0,1.84,-1.58,-0.12,0.33
483,2016-12-26,7.47,7.52,7.58,7.44,242880,258619126.0,1.87,0.4,0.03,0.23
484,2016-12-27,7.54,7.54,7.6,7.51,238183,254493499.0,1.2,0.27,0.02,0.22
485,2016-12-28,7.55,7.53,7.56,7.47,170482,181406944.0,1.19,-0.13,-0.01,0.16
486,2016-12-29,7.52,7.58,7.65,7.51,268176,287621968.0,1.86,0.66,0.05,0.25
487,2016-12-30,7.58,7.68,7.74,7.58,272301,295593440.0,2.11,1.32,0.1,0.25
488,2017-01-03,7.71,7.92,8.01,7.7,362450,401975040.0,4.04,3.13,0.24,0.34
489,2017-01-04,7.93,7.97,8.04,7.89,281443,315565760.0,1.89,0.63,0.05,0.26
490,2017-01-05,7.97,7.9,8.01,7.89,140835,157218396.0,1.51,-0.88,-0.07,0.13
491,2017-01-06,7.92,7.81,7.94,7.77,222536,245385744.0,2.15,-1.14,-0.09,0.21
492,2017-01-09,7.79,7.86,7.93,7.78,137074,151753147.0,1.92,0.64,0.05,0.13
493,2017-01-10,7.87,7.86,7.89,7.83,98127,108673225.0,0.76,0.0,0.0,0.09
494,2017-01-11,7.84,7.7,7.86,7.69,230587,252708747.0,2.16,-2.04,-0.16,0.22
495,2017-01-12,7.74,7.68,7.74,7.66,117852,128190314.0,1.04,-0.26,-0.02,0.11
496,2017-01-13,7.66,7.76,7.87,7.64,181515,198708528.0,2.99,1.04,0.08,0.17
497,2017-01-16,7.74,7.91,7.94,7.73,693450,766054496.0,2.71,1.93,0.15,0.65
498,2017-01-17,7.89,7.91,7.95,7.87,180913,201465210.0,1.01,0.0,0.0,0.17
499,2017-01-18,7.92,8.01,8.03,7.91,179570,201123541.0,1.52,1.26,0.1,0.17
500,2017-01-19,7.99,8.02,8.14,7.96,247784,280659824.0,2.25,0.12,0.01,0.23
501,2017-01-20,8.0,8.11,8.16,8.0,181757,206717801.0,2.0,1.12,0.09,0.17
502,2017-01-23,8.09,8.07,8.12,8.04,121284,137390042.0,0.99,-0.49,-0.04,0.11
503,2017-01-24,8.09,8.21,8.26,8.06,255566,292629056.0,2.48,1.73,0.14,0.24
504,2017-01-25,8.21,8.26,8.29,8.17,149999,172949831.0,1.46,0.61,0.05,0.14
505,2017-01-26,8.26,8.29,8.4,8.24,144943,168760961.0,1.94,0.36,0.03,0.14
506,2017-02-03,8.32,8.21,8.34,8.19,174158,200613865.0,1.81,-0.97,-0.08,0.16
507,2017-02-06,8.2,8.1,8.24,8.08,166418,189639817.0,1.95,-1.34,-0.11,0.16
508,2017-02-07,8.1,8.11,8.13,8.05,125185,142009671.0,0.99,0.12,0.01,0.12
509,2017-02-08,8.1,8.15,8.16,8.07,155734,177257278.0,1.11,0.49,0.04,0.15
510,2017-02-09,8.14,8.19,8.27,8.13,112405,129143910.0,1.72,0.49,0.04,0.11
511,2017-02-10,8.2,8.33,8.35,8.19,208140,241450250.0,1.95,1.71,0.14,0.19
512,2017-02-13,8.33,8.33,8.44,8.28,345181,402777760.0,1.92,0.0,0.0,0.32
513,2017-02-14,8.34,8.27,8.35,8.24,201497,233283676.0,1.32,-0.72,-0.06,0.19
514,2017-02-15,8.28,8.38,8.44,8.27,364146,425337920.0,2.06,1.33,0.11,0.34
515,2017-02-16,8.39,8.4,8.44,8.34,210612,246521894.0,1.19,0.24,0.02,0.2
516,2017-02-17,8.4,8.3,8.43,8.26,175492,204551907.0,2.02,-1.19,-0.1,0.16
517,2017-02-20,8.32,8.54,8.64,8.31,623814,741223776.0,3.98,2.89,0.24,0.58
518,2017-02-21,8.55,8.54,8.66,8.5,342904,409620656.0,1.87,0.0,0.0,0.32
519,2017-02-22,8.53,8.58,8.58,8.47,184438,218989531.0,1.29,0.47,0.04,0.17
520,2017-02-23,8.54,8.49,8.59,8.42,157293,186332124.0,1.98,-1.05,-0.09,0.15
521,2017-02-24,8.47,8.41,8.49,8.31,265896,310709680.0,2.12,-0.94,-0.08,0.25
522,2017-02-27,8.39,8.31,8.39,8.28,241903,281357584.0,1.31,-1.19,-0.1,0.23
523,2017-02-28,8.31,8.36,8.41,8.3,188791,220412191.0,1.32,0.6,0.05,0.18
524,2017-03-01,8.37,8.29,8.49,8.23,414398,483831312.0,3.11,-0.84,-0.07,0.39
525,2017-03-02,8.3,8.16,8.37,8.15,275492,317927312.0,2.65,-1.57,-0.13,0.26
526,2017-03-03,8.13,8.16,8.2,8.1,177558,202991322.0,1.23,0.0,0.0,0.17
527,2017-03-06,8.15,8.23,8.28,8.14,232762,268223667.0,1.72,0.86,0.07,0.22
528,2017-03-07,8.22,8.3,8.31,8.19,154067,177989278.0,1.46,0.85,0.07,0.14
529,2017-03-08,8.26,8.29,8.33,8.26,109022,126296503.0,0.84,-0.12,-0.01,0.1
530,2017-03-09,8.29,8.17,8.29,8.11,183093,209640650.0,2.17,-1.45,-0.12,0.17
531,2017-03-10,8.17,8.12,8.2,8.1,174407,198884579.0,1.22,-0.61,-0.05,0.16
532,2017-03-13,8.12,8.19,8.23,8.09,228611,261636753.0,1.72,0.86,0.07,0.21
533,2017-03-14,8.19,8.21,8.23,8.16,206703,237185195.0,0.85,0.24,0.02,0.19
534,2017-03-15,8.2,8.15,8.2,8.12,198041,226113127.0,0.97,-0.73,-0.06,0.19
535,2017-03-16,8.17,8.14,8.24,8.14,335822,384839664.0,1.23,-0.12,-0.01,0.31
536,2017-03-17,8.15,8.04,8.17,8.03,289882,329252656.0,1.72,-1.23,-0.1,0.27
537,2017-03-20,8.04,7.99,8.08,7.94,200882,225632773.0,1.74,-0.62,-0.05,0.19
538,2017-03-21,7.99,7.96,8.0,7.91,276483,309068576.0,1.13,-0.38,-0.03,0.26
539,2017-03-22,7.94,7.85,7.94,7.83,335539,372075648.0,1.38,-1.38,-0.11,0.31
540,2017-03-23,7.88,7.9,7.98,7.86,233324,260107124.0,1.53,0.64,0.05,0.22
541,2017-03-24,7.9,7.99,8.02,7.87,337590,377011008.0,1.9,1.14,0.09,0.32
542,2017-03-27,7.97,8.09,8.18,7.96,350762,398484400.0,2.75,1.25,0.1,0.33
543,2017-03-28,8.06,7.99,8.11,7.99,172853,195033997.0,1.48,-1.24,-0.1,0.16
544,2017-03-29,8.02,7.94,8.05,7.89,267870,299844384.0,2.0,-0.63,-0.05,0.25
545,2017-03-30,7.95,7.95,7.99,7.9,211340,236077775.0,1.13,0.13,0.01,0.2
546,2017-03-31,7.95,8.04,8.07,7.93,257264,289456240.0,1.76,1.13,0.09,0.24
547,2017-04-05,8.19,8.13,8.21,8.04,456850,518883968.0,2.11,1.12,0.09,0.43
548,2017-04-06,8.09,8.07,8.14,8.04,306129,347005392.0,1.23,-0.74,-0.06,0.29
549,2017-04-07,8.05,8.09,8.1,8.04,230826,261453438.0,0.74,0.25,0.02,0.22
550,2017-04-10,8.09,7.98,8.09,7.95,367164,412974160.0,1.73,-1.36,-0.11,0.34
551,2017-04-11,7.95,7.94,7.97,7.83,405499,450504256.0,1.75,-0.5,-0.04,0.38
552,2017-04-12,7.92,7.85,7.94,7.84,297487,330287952.0,1.26,-1.13,-0.09,0.28
553,2017-04-13,7.83,7.72,7.85,7.69,476422,521374176.0,2.04,-1.66,-0.13,0.45
554,2017-04-14,7.71,7.65,7.74,7.59,362423,392403552.0,1.94,-0.91,-0.07,0.34
555,2017-04-17,7.64,7.68,7.7,7.56,279017,300572192.0,1.83,0.39,0.03,0.26
556,2017-04-18,7.66,7.55,7.67,7.53,260443,279938272.0,1.82,-1.69,-0.13,0.24
557,2017-04-19,7.52,7.54,7.57,7.47,270289,288073184.0,1.32,-0.13,-0.01,0.25
558,2017-04-20,7.55,7.56,7.58,7.51,211369,225857004.0,0.93,0.27,0.02,0.2
559,2017-04-21,7.55,7.64,7.67,7.54,241133,260042087.0,1.72,1.06,0.08,0.23
560,2017-04-24,7.64,7.59,7.64,7.55,226196,243131215.0,1.18,-0.65,-0.05,0.21
561,2017-04-25,7.59,7.6,7.65,7.56,283696,305471952.0,1.19,0.13,0.01,0.27
562,2017-04-26,7.59,7.52,7.64,7.52,308230,330724448.0,1.58,-1.05,-0.08,0.29
563,2017-04-27,7.49,7.51,7.54,7.46,305827,325178304.0,1.06,-0.13,-0.01,0.29
564,2017-04-28,7.51,7.49,7.53,7.35,426814,450543040.0,2.4,-0.27,-0.02,0.4
565,2017-05-02,7.39,7.27,7.44,7.22,529632,551658752.0,2.94,-2.94,-0.22,0.5
566,2017-05-03,7.27,7.18,7.28,7.09,345716,354428000.0,2.61,-1.24,-0.09,0.32
567,2017-05-04,7.16,7.11,7.18,7.08,305020,310777984.0,1.39,-0.97,-0.07,0.29
568,2017-05-05,7.09,7.09,7.1,7.01,304549,307366368.0,1.27,-0.28,-0.02,0.29
569,2017-05-08,7.05,7.09,7.1,6.99,285490,288095984.0,1.55,0.0,0.0,0.27
570,2017-05-09,7.07,7.16,7.19,7.03,261167,266071627.0,2.26,0.99,0.07,0.24
571,2017-05-10,7.16,7.14,7.24,7.12,255111,261884812.0,1.68,-0.28,-0.02,0.24
572,2017-05-11,7.13,7.19,7.21,7.1,192581,197054444.0,1.54,0.7,0.05,0.18
573,2017-05-12,7.19,7.42,7.42,7.17,410801,429451920.0,3.48,3.2,0.23,0.38
574,2017-05-15,7.41,7.35,7.47,7.35,260730,274289776.0,1.62,-0.94,-0.07,0.24
575,2017-05-16,7.34,7.34,7.37,7.23,280661,291173312.0,1.9,-0.14,-0.01,0.26
576,2017-05-17,7.3,7.24,7.32,7.24,213548,221442655.0,1.09,-1.36,-0.1,0.2
577,2017-05-18,7.2,7.19,7.24,7.15,189636,194734718.0,1.24,-0.69,-0.05,0.18
578,2017-05-19,7.18,7.17,7.21,7.16,151042,154925464.0,0.7,-0.28,-0.02,0.14
579,2017-05-22,7.16,7.18,7.24,7.12,254879,261345321.0,1.67,0.14,0.01,0.24
580,2017-05-23,7.16,7.3,7.39,7.16,388438,403434544.0,3.2,1.67,0.12,0.36
581,2017-05-24,7.29,7.32,7.34,7.19,326650,337968400.0,2.05,0.27,0.02,0.31
582,2017-05-25,7.29,7.62,7.71,7.28,836177,893766080.0,5.87,4.1,0.3,0.78
583,2017-05-26,7.6,7.58,7.64,7.54,370256,397404576.0,1.31,-0.52,-0.04,0.35
584,2017-05-31,7.59,7.56,7.67,7.54,372467,400661232.0,1.72,-0.26,-0.02,0.35
585,2017-06-01,7.57,7.65,7.66,7.54,408679,439597456.0,1.59,1.19,0.09,0.38
586,2017-06-02,7.64,7.65,7.75,7.6,375465,407114512.0,1.96,0.0,0.0,0.35
587,2017-06-05,7.64,7.55,7.64,7.48,348814,371967888.0,2.09,-1.31,-0.1,0.33
588,2017-06-06,7.53,7.55,7.57,7.48,199268,212428818.0,1.19,0.0,0.0,0.19
589,2017-06-07,7.54,7.63,7.66,7.54,325749,350879264.0,1.59,1.06,0.08,0.3
590,2017-06-08,7.63,7.63,7.64,7.56,219516,236083917.0,1.05,0.0,0.0,0.21
591,2017-06-09,7.62,7.74,7.81,7.62,532584,581705360.0,2.49,1.44,0.11,0.5
592,2017-06-12,7.74,7.66,7.77,7.65,218431,237806611.0,1.55,-1.03,-0.08,0.2
593,2017-06-13,7.65,7.63,7.67,7.56,220378,237202524.0,1.44,-0.39,-0.03,0.21
594,2017-06-14,7.64,7.6,7.64,7.52,235110,252117063.0,1.57,-0.39,-0.03,0.22
595,2017-06-15,7.59,7.54,7.59,7.52,181981,194627654.0,0.92,-0.79,-0.06,0.17
596,2017-06-16,7.55,7.56,7.59,7.54,134721,144336162.0,0.66,0.27,0.02,0.13
597,2017-06-19,7.56,7.57,7.6,7.5,242241,259645879.0,1.32,0.13,0.01,0.23
598,2017-06-20,7.58,7.55,7.6,7.53,147511,157874500.0,0.92,-0.26,-0.02,0.14
599,2017-06-21,7.59,7.57,7.59,7.5,242776,259600978.0,1.19,0.26,0.02,0.23
600,2017-06-22,7.56,7.74,7.94,7.55,831504,912300080.0,5.15,2.25,0.17,0.78
601,2017-06-23,7.72,7.82,7.86,7.66,390049,426527616.0,2.58,1.03,0.08,0.37
602,2017-06-26,7.84,7.79,7.99,7.78,609653,676472016.0,2.69,-0.38,-0.03,0.57
603,2017-06-27,7.81,7.9,7.98,7.74,486303,536130864.0,3.08,1.41,0.11,0.46
604,2017-06-28,7.88,8.09,8.14,7.86,819089,924910528.0,3.54,2.41,0.19,0.77
605,2017-06-29,8.14,8.09,8.17,8.04,421236,391868320.0,1.61,0.0,0.0,0.33
606,2017-06-30,8.06,8.01,8.06,7.93,413172,379909264.0,1.61,-0.99,-0.08,0.32
607,2017-07-03,8.0,7.96,8.01,7.93,314171,288310704.0,1.0,-0.62,-0.05,0.25
608,2017-07-04,7.96,7.98,7.99,7.91,314042,287801856.0,1.01,0.25,0.02,0.24
609,2017-07-05,7.96,8.02,8.04,7.94,328865,302703552.0,1.25,0.5,0.04,0.26
610,2017-07-06,8.01,8.05,8.1,7.98,327214,302319440.0,1.5,0.37,0.03,0.26
611,2017-07-07,8.04,8.03,8.06,7.96,341292,314423280.0,1.24,-0.25,-0.02,0.27
612,2017-07-10,8.04,8.04,8.05,7.99,230347,212620898.0,0.75,0.12,0.01,0.18
613,2017-07-11,8.0,8.28,8.44,8.0,957893,909306176.0,5.47,2.99,0.24,0.75
614,2017-07-12,8.29,8.32,8.51,8.26,920181,883561248.0,3.02,0.48,0.04,0.72
615,2017-07-13,8.29,8.57,8.58,8.29,785362,760505088.0,3.49,3.0,0.25,0.61
616,2017-07-14,8.61,8.98,8.99,8.6,1454127,1453643712.0,4.55,4.78,0.41,1.13
617,2017-07-17,9.03,9.1,9.43,8.82,1563402,1615481792.0,6.79,1.34,0.12,1.22
618,2017-07-18,8.98,9.0,9.1,8.74,722200,733302048.0,3.96,-1.1,-0.1,0.56
619,2017-07-19,8.97,9.15,9.17,8.97,696770,714813952.0,2.22,1.67,0.15,0.54
620,2017-07-20,9.09,9.05,9.15,8.96,524691,536902112.0,2.08,-1.09,-0.1,0.41
621,2017-07-21,9.04,8.92,9.05,8.84,526567,533336864.0,2.32,-1.44,-0.13,0.41
622,2017-07-24,8.91,8.98,9.02,8.87,512272,520250976.0,1.68,0.67,0.06,0.4
623,2017-07-25,8.96,8.84,9.07,8.78,785317,795445856.0,3.23,-1.56,-0.14,0.61
624,2017-07-26,8.79,8.78,8.96,8.69,645630,646826848.0,3.05,-0.68,-0.06,0.5
625,2017-07-27,8.76,8.77,8.8,8.66,373870,371588704.0,1.59,-0.11,-0.01,0.29
626,2017-07-28,8.76,8.79,8.81,8.7,261637,260874292.0,1.25,0.23,0.02,0.2
627,2017-07-31,8.79,8.79,8.83,8.66,477402,475163696.0,1.93,0.0,0.0,0.37
628,2017-08-01,8.78,8.94,8.96,8.74,794238,800434176.0,2.5,1.71,0.15,0.62
629,2017-08-02,8.94,8.88,9.02,8.87,544067,552110016.0,1.68,-0.67,-0.06,0.42
630,2017-08-03,8.88,8.65,8.9,8.61,637468,632627024.0,3.27,-2.59,-0.23,0.5
631,2017-08-04,8.62,8.61,8.7,8.54,520645,511811184.0,1.85,-0.46,-0.04,0.41
632,2017-08-07,8.54,8.59,8.61,8.52,274831,268430019.0,1.05,-0.23,-0.02,0.21
633,2017-08-08,8.55,8.56,8.6,8.53,318926,311666288.0,0.81,-0.35,-0.03,0.25
634,2017-08-09,8.56,8.43,8.56,8.37,352248,340250368.0,2.22,-1.52,-0.13,0.27
635,2017-08-10,8.39,8.49,8.53,8.38,374727,362477056.0,1.78,0.71,0.06,0.29
636,2017-08-11,8.38,8.14,8.38,7.99,1094261,1022930512.0,4.59,-4.12,-0.35,0.85
637,2017-08-14,8.11,8.09,8.13,8.03,508349,471394656.0,1.23,-0.61,-0.05,0.4
638,2017-08-15,8.09,8.11,8.22,8.04,759776,709968704.0,2.22,0.25,0.02,0.59
639,2017-08-16,8.09,8.07,8.09,8.03,299453,277595024.0,0.74,-0.49,-0.04,0.23
640,2017-08-17,8.06,8.16,8.17,8.05,356197,331814944.0,1.49,1.12,0.09,0.28
641,2017-08-18,8.11,8.17,8.23,8.1,433046,406166560.0,1.59,0.12,0.01,0.34
642,2017-08-21,8.18,8.14,8.18,8.09,319311,298135984.0,1.1,-0.37,-0.03,0.25
643,2017-08-22,8.15,8.12,8.17,8.08,329257,307060672.0,1.11,-0.25,-0.02,0.26
644,2017-08-23,8.13,8.19,8.23,8.08,571276,535765376.0,1.85,0.86,0.07,0.45
645,2017-08-24,8.17,8.11,8.24,8.09,375333,351730176.0,1.83,-0.98,-0.08,0.29
646,2017-08-25,8.1,8.47,8.48,8.09,900604,856613744.0,4.81,4.44,0.36,0.7
647,2017-08-28,8.47,8.53,8.59,8.44,849536,824616848.0,1.77,0.71,0.06,0.66
648,2017-08-29,8.5,8.51,8.53,8.42,368253,357089888.0,1.29,-0.23,-0.02,0.29
649,2017-08-30,8.51,8.42,8.54,8.42,397017,384118528.0,1.41,-1.06,-0.09,0.31
650,2017-08-31,8.41,8.31,8.44,8.2,525616,499848416.0,2.85,-1.31,-0.11,0.41
651,2017-09-01,8.28,8.3,8.34,8.25,325123,309367440.0,1.08,-0.12,-0.01,0.25
652,2017-09-04,8.28,8.34,8.34,8.2,329447,312696880.0,1.69,0.48,0.04,0.26
653,2017-09-05,8.34,8.37,8.42,8.29,424594,406836816.0,1.56,0.36,0.03,0.33
654,2017-09-06,8.33,8.29,8.34,8.24,335838,318678864.0,1.19,-0.96,-0.08,0.26
655,2017-09-07,8.29,8.2,8.31,8.19,385649,364537216.0,1.45,-1.09,-0.09,0.3
656,2017-09-08,8.2,8.2,8.25,8.17,258281,243141486.0,0.98,0.0,0.0,0.2
657,2017-09-11,8.21,8.2,8.27,8.19,312870,294979168.0,0.98,0.0,0.0,0.24
658,2017-09-12,8.21,8.21,8.24,8.15,286948,269701136.0,1.1,0.12,0.01,0.22
659,2017-09-13,8.21,8.17,8.21,8.1,192308,180249642.0,1.34,-0.49,-0.04,0.15
660,2017-09-14,8.17,8.14,8.19,8.1,243503,227756557.0,1.1,-0.37,-0.03,0.19
661,2017-09-15,8.12,8.12,8.14,8.09,206248,192381990.0,0.61,-0.25,-0.02,0.16
662,2017-09-18,8.1,8.12,8.16,8.1,278058,259672093.0,0.74,0.0,0.0,0.22
663,2017-09-19,8.12,8.13,8.15,8.09,271657,253346831.0,0.74,0.12,0.01,0.21
664,2017-09-20,8.13,8.12,8.13,8.09,213485,198934882.0,0.49,-0.12,-0.01,0.17
665,2017-09-21,8.11,8.14,8.19,8.09,284213,265709903.0,1.23,0.25,0.02,0.22
666,2017-09-22,8.12,8.17,8.18,8.1,387789,362820256.0,0.98,0.37,0.03,0.3
667,2017-09-25,8.16,8.17,8.18,8.05,441129,411566256.0,1.59,0.0,0.0,0.34
668,2017-09-26,8.13,8.13,8.15,8.1,204580,191016950.0,0.61,-0.49,-0.04,0.16
669,2017-09-27,8.12,8.06,8.13,8.05,280061,260233952.0,0.98,-0.86,-0.07,0.22
670,2017-09-28,8.08,8.05,8.08,8.02,207383,191967911.0,0.74,-0.12,-0.01,0.16
671,2017-09-29,8.06,8.06,8.11,8.03,193608,179666943.0,0.99,0.12,0.01,0.15
672,2017-10-09,8.27,8.2,8.31,8.17,495260,467332048.0,1.74,1.74,0.14,0.39
673,2017-10-10,8.2,8.21,8.22,8.13,252025,236648064.0,1.1,0.12,0.01,0.2
674,2017-10-11,8.2,8.2,8.24,8.16,263122,247454214.0,0.97,-0.12,-0.01,0.21
675,2017-10-12,8.2,8.17,8.2,8.13,222565,208528651.0,0.85,-0.37,-0.03,0.17
676,2017-10-13,8.16,8.14,8.18,8.13,207168,193849823.0,0.61,-0.37,-0.03,0.16
677,2017-10-16,8.14,8.15,8.18,8.12,285103,266792426.0,0.74,0.12,0.01,0.22
678,2017-10-17,8.16,8.12,8.17,8.11,156007,145775259.0,0.74,-0.37,-0.03,0.12
679,2017-10-18,8.12,8.16,8.17,8.1,299915,280207168.0,0.86,0.49,0.04,0.23
680,2017-10-19,8.15,8.16,8.16,8.09,300676,280806432.0,0.86,0.0,0.0,0.23
681,2017-10-20,8.14,8.15,8.16,8.11,131077,122546927.0,0.61,-0.12,-0.01,0.1
682,2017-10-23,8.15,8.13,8.16,8.12,130100,121646884.0,0.49,-0.25,-0.02,0.1
683,2017-10-24,8.13,8.18,8.2,8.13,199252,186735307.0,0.86,0.62,0.05,0.16
684,2017-10-25,8.18,8.21,8.24,8.15,186624,175327557.0,1.1,0.37,0.03,0.15
685,2017-10-26,8.19,8.15,8.2,8.12,251815,236195634.0,0.97,-0.73,-0.06,0.2
686,2017-10-27,8.14,8.22,8.25,8.13,439007,413385520.0,1.47,0.86,0.07,0.34
687,2017-10-30,8.22,8.13,8.25,8.04,497333,464231536.0,2.55,-1.09,-0.09,0.39
688,2017-10-31,8.05,7.88,8.05,7.83,806816,735688352.0,2.71,-3.08,-0.25,0.63
689,2017-11-01,7.86,7.82,7.88,7.8,361696,327265472.0,1.02,-0.76,-0.06,0.28
690,2017-11-02,7.82,7.79,7.83,7.71,372530,333879168.0,1.53,-0.38,-0.03,0.29
691,2017-11-03,7.78,7.81,7.83,7.7,384219,344192720.0,1.67,0.26,0.02,0.3
692,2017-11-06,7.77,7.73,7.78,7.71,217355,194374116.0,0.9,-1.02,-0.08,0.17
693,2017-11-07,7.73,7.81,7.85,7.71,292867,263190091.0,1.81,1.03,0.08,0.23
694,2017-11-08,7.79,7.85,7.9,7.78,268297,243416910.0,1.54,0.51,0.04,0.21
695,2017-11-09,7.83,7.83,7.9,7.82,196056,177801222.0,1.02,-0.25,-0.02,0.15
696,2017-11-10,7.85,7.76,7.85,7.75,199623,179512214.0,1.28,-0.89,-0.07,0.16
697,2017-11-13,7.77,7.84,7.94,7.77,395258,358409728.0,2.19,1.03,0.08,0.31
698,2017-11-14,7.83,7.81,7.85,7.78,182714,164748141.0,0.89,-0.38,-0.03,0.14
699,2017-11-15,7.79,7.8,7.82,7.77,157765,142097821.0,0.64,-0.13,-0.01,0.12
700,2017-11-16,7.78,7.72,7.8,7.72,176817,158281333.0,1.03,-1.03,-0.08,0.14
701,2017-11-17,7.71,7.92,7.94,7.71,648004,587146176.0,2.98,2.59,0.2,0.51
702,2017-11-20,7.88,7.91,7.93,7.81,446123,405465472.0,1.52,-0.13,-0.01,0.35
703,2017-11-21,7.91,8.03,8.09,7.9,581308,535597056.0,2.4,1.52,0.12,0.45
704,2017-11-22,8.02,8.19,8.33,8.02,965240,906352608.0,3.86,1.99,0.16,0.75
705,2017-11-23,8.17,8.1,8.28,8.02,694306,650766976.0,3.17,-1.1,-0.09,0.54
706,2017-11-24,8.07,8.17,8.19,7.97,622072,578408112.0,2.72,0.86,0.07,0.49
707,2017-11-27,8.14,8.17,8.18,8.02,455410,424465920.0,1.96,0.0,0.0,0.36
708,2017-11-28,8.12,8.07,8.15,8.05,178358,165704320.0,1.22,-1.22,-0.1,0.14
709,2017-11-29,8.06,8.03,8.09,7.94,326938,301677840.0,1.86,-0.5,-0.04,0.25
710,2017-11-30,8.02,8.06,8.15,8.0,336013,312218128.0,1.87,0.37,0.03,0.26
711,2017-12-01,8.06,8.08,8.11,8.04,215492,200014020.0,0.87,0.25,0.02,0.17
712,2017-12-04,8.08,8.1,8.15,8.05,192498,179086607.0,1.24,0.25,0.02,0.15
713,2017-12-05,8.1,8.28,8.31,8.1,851006,803635120.0,2.59,2.22,0.18,0.66
714,2017-12-06,8.24,8.18,8.26,8.12,349819,328374544.0,1.69,-1.21,-0.1,0.27
715,2017-12-07,8.16,8.17,8.17,8.07,265013,247429540.0,1.22,-0.12,-0.01,0.21
716,2017-12-08,8.14,8.06,8.15,8.06,222693,207160208.0,1.1,-1.35,-0.11,0.17
717,2017-12-11,8.06,8.05,8.07,7.99,178702,164976683.0,0.99,-0.12,-0.01,0.14
718,2017-12-12,8.06,8.01,8.06,7.99,103892,95866189.0,0.87,-0.5,-0.04,0.08
719,2017-12-13,8.0,8.0,8.03,7.93,196094,179980361.0,1.25,-0.12,-0.01,0.15
720,2017-12-14,8.01,7.91,8.03,7.9,193290,176855087.0,1.63,-1.13,-0.09,0.15
721,2017-12-15,7.93,7.84,7.94,7.84,150644,136670954.0,1.26,-0.88,-0.07,0.12
722,2017-12-18,7.84,7.88,7.89,7.83,145763,132295626.0,0.77,0.51,0.04,0.11
723,2017-12-19,7.87,7.92,7.96,7.86,165162,150689753.0,1.27,0.51,0.04,0.13
724,2017-12-20,7.92,7.91,7.93,7.84,153468,139482988.0,1.14,-0.13,-0.01,0.12
725,2017-12-21,7.89,7.88,7.93,7.84,186951,169987623.0,1.14,-0.38,-0.03,0.15
726,2017-12-22,7.88,7.85,7.89,7.81,225162,204016641.0,1.02,-0.38,-0.03,0.18
727,2017-12-25,7.85,7.77,7.88,7.76,218515,197463930.0,1.53,-1.02,-0.08,0.17
728,2017-12-26,7.77,7.85,7.86,7.75,172733,155809957.0,1.42,1.03,0.08,0.13
729,2017-12-27,7.84,7.8,7.84,7.75,239249,215349272.0,1.15,-0.64,-0.05,0.19
730,2017-12-28,7.77,7.75,7.81,7.74,139855,125660428.0,0.9,-0.64,-0.05,0.11
731,2017-12-29,7.74,7.79,7.79,7.74,121812,109402840.0,0.65,0.52,0.04,0.09
732,2018-01-02,7.81,7.9,7.92,7.8,269942,245627203.0,1.54,1.41,0.11,0.21
733,2018-01-03,7.89,7.92,7.95,7.86,194730,177751308.0,1.14,0.25,0.02,0.15
734,2018-01-04,7.92,7.94,7.96,7.9,122585,112020694.0,0.76,0.25,0.02,0.1
735,2018-01-05,7.94,7.95,7.96,7.92,198242,181363308.0,0.5,0.13,0.01,0.15
736,2018-01-08,7.94,7.98,8.01,7.91,197493,181231933.0,1.26,0.38,0.03,0.15
737,2018-01-09,7.97,7.98,8.05,7.95,155573,143140639.0,1.25,0.0,0.0,0.12
738,2018-01-10,7.98,8.14,8.16,7.96,487761,454020816.0,2.51,2.01,0.16,0.38
739,2018-01-11,8.12,8.08,8.17,8.06,292410,272322064.0,1.35,-0.74,-0.06,0.23
740,2018-01-12,8.08,8.15,8.18,8.08,277013,259081222.0,1.24,0.87,0.07,0.22
741,2018-01-15,8.14,8.19,8.29,8.11,527823,497369344.0,2.21,0.49,0.04,0.41
742,2018-01-16,8.17,8.21,8.24,8.12,404711,379192288.0,1.47,0.24,0.02,0.32
743,2018-01-17,8.19,8.31,8.52,8.19,839270,803444336.0,4.02,1.22,0.1,0.65
744,2018-01-18,8.34,8.44,8.45,8.29,520072,497500144.0,1.93,1.56,0.13,0.41
745,2018-01-19,8.51,8.62,8.79,8.51,1120552,1106453536.0,3.32,2.13,0.18,0.87
746,2018-01-22,8.55,8.46,8.67,8.41,683511,665503344.0,3.02,-1.86,-0.16,0.53
747,2018-01-23,8.48,8.78,8.78,8.46,944716,925750736.0,3.78,3.78,0.32,0.74
748,2018-01-24,8.8,8.86,8.98,8.66,1080119,1085319344.0,3.64,0.91,0.08,0.84
749,2018-01-25,8.85,8.77,8.86,8.68,567143,566304320.0,2.03,-1.02,-0.09,0.44
750,2018-01-26,8.75,8.85,8.9,8.71,578672,580105664.0,2.17,0.91,0.08,0.45
751,2018-01-29,8.83,8.73,8.93,8.68,700631,702517424.0,2.82,-1.36,-0.12,0.55
752,2018-01-30,8.7,8.54,8.73,8.53,569580,559726816.0,2.29,-2.18,-0.19,0.44
753,2018-01-31,8.52,8.64,8.66,8.47,453070,443557632.0,2.22,1.17,0.1,0.35
754,2018-02-01,8.62,8.78,8.79,8.55,746070,737409552.0,2.78,1.62,0.14,0.58
755,2018-02-02,8.69,8.67,8.7,8.53,430467,423556880.0,1.94,-1.25,-0.11,0.34
756,2018-02-05,8.58,9.19,9.21,8.56,1123398,1141593680.0,7.5,6.0,0.52,0.88
757,2018-02-06,9.01,8.91,9.11,8.81,1260314,1284342080.0,3.26,-3.05,-0.28,0.98
758,2018-02-07,9.02,8.79,9.21,8.67,1247407,1268521904.0,6.06,-1.35,-0.12,0.97
759,2018-02-08,8.67,8.45,8.72,8.33,728332,710975136.0,4.44,-3.87,-0.34,0.57
760,2018-02-09,8.23,8.01,8.32,7.8,576499,535140032.0,6.15,-5.21,-0.44,0.45
761,2018-02-12,8.04,7.96,8.04,7.92,360109,330605664.0,1.5,-0.62,-0.05,0.28
762,2018-02-13,8.03,8.08,8.18,8.0,401654,373078656.0,2.26,1.51,0.12,0.31
763,2018-02-14,8.06,8.08,8.11,8.01,157734,146215981.0,1.24,0.0,0.0,0.12
764,2018-02-22,8.21,8.23,8.25,8.16,280126,263816505.0,1.11,1.86,0.15,0.22
765,2018-02-23,8.22,8.36,8.39,8.2,319135,303566256.0,2.31,1.58,0.13,0.25
766,2018-02-26,8.35,8.33,8.44,8.26,447968,426785344.0,2.15,-0.36,-0.03,0.35
767,2018-02-27,8.34,8.19,8.35,8.15,300188,283535792.0,2.4,-1.68,-0.14,0.23
768,2018-02-28,8.14,8.09,8.15,8.07,237184,221179584.0,0.98,-1.22,-0.1,0.18
769,2018-03-01,8.04,8.1,8.15,7.99,180743,168238944.0,1.98,0.12,0.01,0.14
770,2018-03-02,8.06,8.11,8.15,8.02,221370,205852180.0,1.6,0.12,0.01,0.17
771,2018-03-05,8.09,8.09,8.15,8.05,120427,111957717.0,1.23,-0.25,-0.02,0.09
772,2018-03-06,8.11,8.15,8.15,8.05,205744,191480467.0,1.24,0.74,0.06,0.16
773,2018-03-07,8.18,8.12,8.27,8.12,257091,241932076.0,1.84,-0.37,-0.03,0.2
774,2018-03-08,8.12,8.14,8.16,8.08,113086,105651292.0,0.99,0.25,0.02,0.09
775,2018-03-09,8.14,8.14,8.17,8.11,142187,132854698.0,0.74,0.0,0.0,0.11
776,2018-03-12,8.14,8.15,8.17,8.11,189367,177123626.0,0.74,0.12,0.01,0.15
777,2018-03-13,8.15,8.11,8.23,8.1,178100,166975996.0,1.6,-0.49,-0.04,0.14
778,2018-03-14,8.1,8.08,8.12,8.04,134357,124826336.0,0.99,-0.37,-0.03,0.1
779,2018-03-15,8.06,8.05,8.09,7.99,147402,136273966.0,1.24,-0.37,-0.03,0.11
780,2018-03-16,8.04,7.98,8.04,7.97,166571,153433721.0,0.87,-0.87,-0.07,0.13
781,2018-03-19,7.96,7.99,7.99,7.94,105097,96414607.0,0.63,0.13,0.01,0.08
782,2018-03-20,7.97,8.01,8.02,7.94,86684,79722538.0,1.0,0.25,0.02,0.07
783,2018-03-21,8.01,7.97,8.06,7.96,147406,136047607.0,1.25,-0.5,-0.04,0.11
784,2018-03-22,7.97,7.92,8.0,7.89,134716,123227976.0,1.38,-0.63,-0.05,0.11
785,2018-03-23,7.79,7.68,7.82,7.63,365792,327378096.0,2.4,-3.03,-0.24,0.29
786,2018-03-26,7.61,7.63,7.65,7.55,233197,205549313.0,1.3,-0.65,-0.05,0.18
787,2018-03-27,7.7,7.64,7.74,7.61,236552,210262898.0,1.7,0.13,0.01,0.18
788,2018-03-28,7.63,7.63,7.73,7.59,181259,160547134.0,1.83,-0.13,-0.01,0.14
789,2018-03-29,7.63,7.75,7.77,7.59,201339,178832469.0,2.36,1.57,0.12,0.16
790,2018-03-30,7.75,7.7,7.75,7.68,128746,114784185.0,0.9,-0.65,-0.05,0.1
791,2018-04-02,7.7,7.66,7.74,7.63,160415,142684401.0,1.43,-0.52,-0.04,0.13
792,2018-04-03,7.61,7.61,7.63,7.56,130531,114951806.0,0.91,-0.65,-0.05,0.1
793,2018-04-04,7.61,7.6,7.67,7.59,99666,88110008.0,1.05,-0.13,-0.01,0.08
794,2018-04-09,7.59,7.58,7.62,7.55,101350,89091727.0,0.92,-0.26,-0.02,0.08
795,2018-04-10,7.59,7.73,7.74,7.58,172008,152648619.0,2.11,1.98,0.15,0.13
796,2018-04-11,7.74,7.82,7.89,7.71,237787,214193087.0,2.33,1.16,0.09,0.19
797,2018-04-12,7.8,7.71,7.81,7.7,117598,105255375.0,1.41,-1.41,-0.11,0.09
798,2018-04-13,7.74,7.67,7.77,7.65,84499,75394337.0,1.56,-0.52,-0.04,0.07
799,2018-04-16,7.65,7.52,7.67,7.5,212746,186501181.0,2.22,-1.96,-0.15,0.17
800,2018-04-17,7.53,7.48,7.58,7.48,118486,103615503.0,1.33,-0.53,-0.04,0.09
801,2018-04-18,7.57,7.54,7.59,7.5,139946,122452116.0,1.2,0.8,0.06,0.11
802,2018-04-19,7.55,7.59,7.61,7.54,96885,85191821.0,0.93,0.66,0.05,0.08
803,2018-04-20,7.57,7.46,7.57,7.44,171659,149444212.0,1.71,-1.71,-0.13,0.13
804,2018-04-23,7.43,7.47,7.54,7.43,167413,145380516.0,1.47,0.13,0.01,0.13
805,2018-04-24,7.48,7.62,7.65,7.48,226512,199596700.0,2.28,2.01,0.15,0.18
806,2018-04-25,7.59,7.54,7.63,7.52,152104,133451235.0,1.44,-1.05,-0.08,0.12
807,2018-04-26,7.54,7.47,7.57,7.45,139786,121604871.0,1.59,-0.93,-0.07,0.11
808,2018-04-27,7.49,7.5,7.51,7.41,180846,156899082.0,1.34,0.4,0.03,0.14
809,2018-05-02,7.51,7.27,7.52,7.25,399322,341953328.0,3.6,-3.07,-0.23,0.31
810,2018-05-03,7.26,7.25,7.27,7.17,259363,218590790.0,1.38,-0.28,-0.02,0.2
811,2018-05-04,7.23,7.2,7.24,7.18,198878,167286910.0,0.83,-0.69,-0.05,0.16
812,2018-05-07,7.19,7.23,7.26,7.18,214361,180592394.0,1.11,0.42,0.03,0.17
813,2018-05-08,7.23,7.27,7.31,7.19,298391,252903697.0,1.66,0.55,0.04,0.23
814,2018-05-09,7.27,7.23,7.27,7.22,160979,135976963.0,0.69,-0.55,-0.04,0.13
815,2018-05-10,7.25,7.26,7.27,7.21,172175,145653392.0,0.83,0.41,0.03,0.13
816,2018-05-11,7.27,7.29,7.32,7.26,209379,178026419.0,0.83,0.41,0.03,0.16
817,2018-05-14,7.29,7.38,7.39,7.29,287217,245750445.0,1.37,1.23,0.09,0.22
818,2018-05-15,7.39,7.35,7.4,7.33,196220,168094220.0,0.95,-0.41,-0.03,0.15
819,2018-05-16,7.34,7.3,7.35,7.29,118617,101201152.0,0.82,-0.68,-0.05,0.09
820,2018-05-17,7.3,7.29,7.33,7.28,149663,127409491.0,0.68,-0.14,-0.01,0.12
821,2018-05-18,7.31,7.35,7.36,7.25,145004,123484566.0,1.51,0.82,0.06,0.11
822,2018-05-21,7.38,7.4,7.41,7.37,159032,136755388.0,0.54,0.68,0.05,0.12
823,2018-05-22,7.39,7.34,7.41,7.29,148836,127240071.0,1.62,-0.81,-0.06,0.12
824,2018-05-23,7.34,7.26,7.34,7.26,141846,120660692.0,1.09,-1.09,-0.08,0.11
825,2018-05-24,7.26,7.26,7.3,7.23,122927,104228239.0,0.96,0.0,0.0,0.1
826,2018-05-25,7.26,7.21,7.29,7.19,142460,120397692.0,1.38,-0.69,-0.05,0.11
827,2018-05-28,7.23,7.22,7.23,7.16,170315,143142899.0,0.97,0.14,0.01,0.13
828,2018-05-29,7.21,7.15,7.22,7.09,156407,130839755.0,1.8,-0.97,-0.07,0.12
829,2018-05-30,7.11,7.0,7.12,7.0,164018,135639960.0,1.68,-2.1,-0.15,0.13
830,2018-05-31,7.05,7.12,7.14,7.03,210366,174816280.0,1.57,1.71,0.12,0.16
831,2018-06-01,7.11,7.13,7.16,7.09,168541,140417589.0,0.98,0.14,0.01,0.13
832,2018-06-04,7.12,7.18,7.21,7.12,127834,106989400.0,1.26,0.7,0.05,0.1
833,2018-06-05,7.16,7.16,7.17,7.13,97412,81417302.0,0.56,-0.28,-0.02,0.08
834,2018-06-06,7.16,7.11,7.16,7.08,111564,92852296.0,1.12,-0.7,-0.05,0.09
835,2018-06-07,7.13,7.08,7.15,7.07,181806,151319785.0,1.13,-0.42,-0.03,0.14
836,2018-06-08,7.08,6.94,7.08,6.91,247234,202088655.0,2.4,-1.98,-0.14,0.19
837,2018-06-11,6.89,6.82,6.92,6.78,332246,267115704.0,2.02,-1.73,-0.12,0.26
838,2018-06-12,6.78,6.8,6.82,6.73,241110,192571988.0,1.32,-0.29,-0.02,0.19
839,2018-06-13,6.78,6.72,6.79,6.7,154702,122939615.0,1.32,-1.18,-0.08,0.12
840,2018-06-14,6.72,6.74,6.77,6.7,147496,117059285.0,1.04,0.3,0.02,0.12
841,2018-06-15,6.75,6.77,6.82,6.74,220310,176005818.0,1.19,0.45,0.03,0.17
842,2018-06-19,6.72,6.53,6.72,6.44,320296,250317719.0,4.14,-3.55,-0.24,0.25
843,2018-06-20,6.51,6.53,6.57,6.46,207859,160554984.0,1.68,0.0,0.0,0.16
844,2018-06-21,6.54,6.49,6.6,6.47,165501,128140430.0,1.99,-0.61,-0.04,0.13
845,2018-06-22,6.47,6.53,6.53,6.44,284789,219627192.0,1.39,0.62,0.04,0.22
846,2018-06-25,6.56,6.46,6.59,6.45,121225,93615926.0,2.14,-1.07,-0.07,0.09
847,2018-06-26,6.45,6.32,6.45,6.28,241241,181984924.0,2.63,-2.17,-0.14,0.19
848,2018-06-27,6.32,6.26,6.35,6.21,186758,139993049.0,2.22,-0.95,-0.06,0.15
849,2018-06-28,6.23,6.3,6.35,6.21,196101,146915451.0,2.24,0.64,0.04,0.15
850,2018-06-29,6.32,6.39,6.41,6.3,131690,97673204.0,1.75,1.43,0.09,0.1
851,2018-07-02,6.39,6.23,6.4,6.2,157142,115691548.0,3.13,-2.5,-0.16,0.12
852,2018-07-03,6.24,6.23,6.26,6.14,180878,131543740.0,1.93,0.0,0.0,0.14
853,2018-07-04,6.23,6.18,6.27,6.16,124270,90331994.0,1.77,-0.8,-0.05,0.1
854,2018-07-05,6.17,6.12,6.21,6.06,195390,140609405.0,2.43,-0.97,-0.06,0.15
855,2018-07-06,6.11,6.17,6.22,6.04,215681,155223268.0,2.94,0.82,0.05,0.17
856,2018-07-09,6.17,6.33,6.34,6.16,252775,185369896.0,2.92,2.59,0.16,0.2
857,2018-07-10,6.33,6.29,6.33,6.25,158877,116667064.0,1.26,-0.63,-0.04,0.12
858,2018-07-11,6.19,6.12,6.19,6.06,213864,153753404.0,2.07,-2.7,-0.17,0.17
859,2018-07-12,6.1,6.32,6.32,6.08,253406,185211948.0,3.92,3.27,0.2,0.2
860,2018-07-13,6.32,6.29,6.33,6.27,110279,81056067.0,0.95,-0.47,-0.03,0.09
861,2018-07-16,6.29,6.21,6.31,6.2,111940,81760088.0,1.75,-1.27,-0.08,0.09
862,2018-07-17,6.23,6.19,6.23,6.15,90178,65375948.0,1.29,-0.32,-0.02,0.07
863,2018-07-18,6.2,6.21,6.28,6.19,113763,83027641.0,1.45,0.32,0.02,0.09
864,2018-07-19,6.23,6.16,6.25,6.14,96595,70035312.0,1.77,-0.81,-0.05,0.08
865,2018-07-20,6.15,6.4,6.48,6.13,304001,224621939.0,5.68,3.9,0.24,0.24
866,2018-07-23,6.35,6.54,6.57,6.34,295207,221788307.0,3.59,2.19,0.14,0.23
867,2018-07-24,6.51,6.58,6.65,6.51,273746,209584787.0,2.14,0.61,0.04,0.21
868,2018-07-25,6.6,6.57,6.61,6.54,159815,121938667.0,1.06,-0.15,-0.01,0.12
869,2018-07-26,6.59,6.51,6.61,6.47,162919,123528371.0,2.13,-0.91,-0.06,0.13
870,2018-07-27,6.51,6.49,6.53,6.45,97871,73932358.0,1.23,-0.31,-0.02,0.08
871,2018-07-30,6.47,6.53,6.59,6.46,141193,107104803.0,2.0,0.62,0.04,0.11
872,2018-07-31,6.53,6.55,6.6,6.48,140006,106283912.0,1.84,0.31,0.02,0.11
873,2018-08-01,6.54,6.43,6.6,6.42,193008,146577949.0,2.75,-1.83,-0.12,0.15
874,2018-08-02,6.39,6.28,6.43,6.21,180118,132830990.0,3.42,-2.33,-0.15,0.14
875,2018-08-03,6.29,6.28,6.35,6.26,99710,73496563.0,1.43,0.0,0.0,0.08
876,2018-08-06,6.29,6.29,6.4,6.25,141601,104437402.0,2.39,0.16,0.01,0.11
877,2018-08-07,6.31,6.43,6.44,6.26,198747,147283756.0,2.86,2.23,0.14,0.15
878,2018-08-08,6.42,6.36,6.43,6.35,143315,106761891.0,1.24,-1.09,-0.07,0.11
879,2018-08-09,6.35,6.48,6.52,6.33,144674,108749043.0,2.99,1.89,0.12,0.11
880,2018-08-10,6.47,6.48,6.5,6.44,79343,59719057.0,0.93,0.0,0.0,0.06
881,2018-08-13,6.44,6.39,6.44,6.33,118217,87920991.0,1.7,-1.39,-0.09,0.09
882,2018-08-14,6.39,6.38,6.4,6.35,79783,59284143.0,0.78,-0.16,-0.01,0.06
883,2018-08-15,6.38,6.26,6.39,6.24,112305,82657425.0,2.35,-1.88,-0.12,0.09
884,2018-08-16,6.22,6.23,6.3,6.16,97145,70808594.0,2.24,-0.48,-0.03,0.08
885,2018-08-17,6.26,6.2,6.29,6.19,108473,79288067.0,1.61,-0.48,-0.03,0.08
886,2018-08-20,6.22,6.33,6.34,6.22,189483,139077565.0,1.94,2.1,0.13,0.15
887,2018-08-21,6.3,6.34,6.4,6.3,185546,137483683.0,1.58,0.16,0.01,0.14
888,2018-08-22,6.34,6.28,6.35,6.26,152936,112435086.0,1.42,-0.95,-0.06,0.12
889,2018-08-23,6.26,6.31,6.33,6.25,205115,150810520.0,1.27,0.48,0.03,0.16
890,2018-08-24,6.29,6.58,6.78,6.28,621693,471510576.0,7.92,4.28,0.27,0.48
891,2018-08-27,6.55,6.65,6.65,6.5,455891,347994176.0,2.28,1.06,0.07,0.36
892,2018-08-28,6.59,6.6,6.68,6.57,249861,191896184.0,1.65,-0.75,-0.05,0.19
893,2018-08-29,6.58,6.58,6.62,6.54,188087,143594183.0,1.21,-0.3,-0.02,0.15
894,2018-08-30,6.57,6.44,6.63,6.43,313182,236787112.0,3.04,-2.13,-0.14,0.24
895,2018-08-31,6.46,6.69,6.75,6.43,704751,541311232.0,4.97,3.88,0.25,0.55
896,2018-09-03,6.65,6.62,6.7,6.56,382755,294162608.0,2.09,-1.05,-0.07,0.3
897,2018-09-04,6.61,6.7,6.75,6.55,377695,291299824.0,3.02,1.21,0.08,0.29
898,2018-09-05,6.64,6.53,6.69,6.53,275225,210935345.0,2.39,-2.54,-0.17,0.21
899,2018-09-06,6.52,6.47,6.56,6.44,243847,184496490.0,1.84,-0.92,-0.06,0.19
900,2018-09-07,6.46,6.48,6.55,6.46,216145,163435751.0,1.39,0.15,0.01,0.17
901,2018-09-10,6.47,6.44,6.49,6.42,171689,128868675.0,1.08,-0.62,-0.04,0.13
902,2018-09-11,6.45,6.39,6.48,6.37,184105,137908890.0,1.71,-0.78,-0.05,0.14
903,2018-09-12,6.38,6.41,6.46,6.31,197674,147059767.0,2.35,0.31,0.02,0.15
904,2018-09-13,6.46,6.49,6.5,6.41,203150,152665796.0,1.4,1.25,0.08,0.16
905,2018-09-14,6.47,6.47,6.5,6.45,147601,111144390.0,0.77,-0.31,-0.02,0.12
906,2018-09-17,6.45,6.39,6.45,6.37,156611,116843588.0,1.24,-1.24,-0.08,0.12
907,2018-09-18,6.47,6.62,6.63,6.47,494533,376100624.0,2.5,3.6,0.23,0.39
908,2018-09-19,6.58,6.69,6.74,6.57,473727,366029648.0,2.57,1.06,0.07,0.37
909,2018-09-20,6.69,6.7,6.76,6.66,291876,226489818.0,1.49,0.15,0.01,0.23
910,2018-09-21,6.72,6.97,6.99,6.66,587395,463976016.0,4.93,4.03,0.27,0.46
911,2018-09-25,6.89,6.89,6.92,6.86,366744,291422736.0,0.86,-1.15,-0.08,0.29
912,2018-09-26,6.89,7.05,7.14,6.88,591702,478874368.0,3.77,2.32,0.16,0.46
913,2018-09-27,7.01,7.05,7.07,6.98,354141,286053904.0,1.28,0.0,0.0,0.28
914,2018-09-28,7.06,7.11,7.19,7.01,494518,404019344.0,2.55,0.85,0.06,0.39
915,2018-10-08,6.94,6.74,6.96,6.72,497228,392950016.0,3.38,-5.2,-0.37,0.39
916,2018-10-09,6.77,6.78,6.82,6.71,297071,232616660.0,1.63,0.59,0.04,0.23
917,2018-10-10,6.8,6.79,6.9,6.77,221141,174509906.0,1.92,0.15,0.01,0.17
918,2018-10-11,6.6,6.49,6.69,6.44,450620,343981216.0,3.68,-4.42,-0.3,0.35
919,2018-10-12,6.48,6.64,6.67,6.45,366044,279063904.0,3.39,2.31,0.15,0.29
920,2018-10-15,6.65,6.53,6.66,6.5,270907,207056183.0,2.41,-1.66,-0.11,0.21
921,2018-10-16,6.53,6.58,6.68,6.52,310394,237242811.0,2.45,0.77,0.05,0.24
922,2018-10-17,6.64,6.63,6.7,6.55,329254,253205294.0,2.28,0.76,0.05,0.26
923,2018-10-18,6.61,6.47,6.62,6.47,249284,189391668.0,2.26,-2.41,-0.16,0.19
924,2018-10-19,6.42,6.73,6.73,6.39,405813,310735792.0,5.26,4.02,0.26,0.32
925,2018-10-22,6.74,6.95,7.02,6.72,580506,461987136.0,4.46,3.27,0.22,0.45
926,2018-10-23,6.9,6.76,6.95,6.73,392301,309631296.0,3.17,-2.73,-0.19,0.31
927,2018-10-24,6.77,6.94,7.12,6.76,558632,447727904.0,5.33,2.66,0.18,0.44
928,2018-10-25,6.79,7.0,7.06,6.76,406756,323368352.0,4.32,0.86,0.06,0.32
929,2018-10-26,7.0,6.98,7.02,6.89,261529,209473710.0,1.86,-0.29,-0.02,0.2
930,2018-10-29,6.96,6.88,7.04,6.81,269167,214287514.0,3.3,-1.43,-0.1,0.21
931,2018-10-30,6.87,6.99,7.05,6.84,367876,295492224.0,3.05,1.6,0.11,0.29
932,2018-10-31,6.99,6.94,7.0,6.92,273244,218967869.0,1.14,-0.72,-0.05,0.21
933,2018-11-01,6.95,6.87,7.0,6.86,315338,252238273.0,2.02,-1.01,-0.07,0.25
934,2018-11-02,6.95,7.03,7.05,6.87,483607,388188048.0,2.62,2.33,0.16,0.38
935,2018-11-05,6.98,6.91,6.99,6.87,365837,292001264.0,1.71,-1.71,-0.12,0.29
936,2018-11-06,6.89,6.86,6.91,6.81,204630,161826902.0,1.45,-0.72,-0.05,0.16
937,2018-11-07,6.86,6.82,6.91,6.8,235553,186449674.0,1.6,-0.58,-0.04,0.18
938,2018-11-08,6.86,6.83,6.9,6.81,198919,157370411.0,1.32,0.15,0.01,0.16
939,2018-11-09,6.79,6.69,6.79,6.67,272218,211428248.0,1.76,-2.05,-0.14,0.21
940,2018-11-12,6.74,6.8,6.82,6.72,200800,157169103.0,1.49,1.64,0.11,0.16
941,2018-11-13,6.72,6.87,6.9,6.71,227488,178915855.0,2.79,1.03,0.07,0.18
942,2018-11-14,6.85,6.77,6.86,6.76,173422,136577510.0,1.46,-1.46,-0.1,0.14
943,2018-11-15,6.76,6.85,6.87,6.76,197027,155567261.0,1.62,1.18,0.08,0.15
944,2018-11-16,6.85,6.86,6.91,6.8,291992,231290601.0,1.61,0.15,0.01,0.23
945,2018-11-19,6.86,6.95,6.96,6.84,317956,253804162.0,1.75,1.31,0.09,0.25
946,2018-11-20,6.9,6.8,6.94,6.79,232930,184232962.0,2.16,-2.16,-0.15,0.18
947,2018-11-21,6.76,6.82,6.82,6.76,140857,110633994.0,0.88,0.29,0.02,0.11
948,2018-11-22,6.85,6.82,6.87,6.79,124307,98001804.0,1.17,0.0,0.0,0.1
949,2018-11-23,6.8,6.68,6.83,6.68,211765,165248403.0,2.2,-2.05,-0.14,0.17
950,2018-11-26,6.7,6.7,6.76,6.68,106051,82391331.0,1.2,0.3,0.02,0.08
951,2018-11-27,6.72,6.67,6.76,6.67,131595,102239329.0,1.34,-0.45,-0.03,0.1
952,2018-11-28,6.66,6.72,6.74,6.66,117510,91234837.0,1.2,0.75,0.05,0.09
953,2018-11-29,6.75,6.68,6.76,6.65,117665,91512221.0,1.64,-0.6,-0.04,0.09
954,2018-11-30,6.67,6.73,6.73,6.66,130028,101029931.0,1.05,0.75,0.05,0.1
955,2018-12-03,6.82,6.81,6.86,6.78,304183,239814425.0,1.19,1.19,0.08,0.24
956,2018-12-04,6.79,6.81,6.82,6.76,161387,126676367.0,0.88,0.0,0.0,0.13
957,2018-12-05,6.74,6.75,6.76,6.71,148125,115575889.0,0.73,-0.88,-0.06,0.12
958,2018-12-06,6.71,6.65,6.72,6.64,147676,114070558.0,1.19,-1.48,-0.1,0.12
959,2018-12-07,6.67,6.66,6.67,6.64,79073,60973568.0,0.45,0.15,0.01,0.06
960,2018-12-10,6.63,6.59,6.63,6.58,85601,65570043.0,0.75,-1.05,-0.07,0.07
961,2018-12-11,6.6,6.6,6.62,6.58,56570,43322819.0,0.61,0.15,0.01,0.04
962,2018-12-12,6.62,6.61,6.63,6.57,90449,69283033.0,0.91,0.15,0.01,0.07
963,2018-12-13,6.61,6.66,6.69,6.58,165124,127295370.0,1.66,0.76,0.05,0.13
964,2018-12-14,6.63,6.52,6.64,6.51,170922,130297361.0,1.95,-2.1,-0.14,0.13
965,2018-12-17,6.5,6.49,6.52,6.45,163355,123148729.0,1.07,-0.46,-0.03,0.13
966,2018-12-18,6.47,6.48,6.57,6.46,197054,149121847.0,1.69,-0.15,-0.01,0.15
967,2018-12-19,6.5,6.43,6.52,6.42,109928,82743193.0,1.54,-0.77,-0.05,0.09
968,2018-12-20,6.43,6.37,6.44,6.32,195035,144730469.0,1.87,-0.93,-0.06,0.15
969,2018-12-21,6.32,6.31,6.33,6.28,146732,108013521.0,0.78,-0.94,-0.06,0.11
970,2018-12-24,6.26,6.31,6.31,6.25,117090,85974824.0,0.95,0.0,0.0,0.09
971,2018-12-25,6.25,6.24,6.26,6.14,193224,140434240.0,1.9,-1.11,-0.07,0.15
972,2018-12-26,6.22,6.22,6.26,6.19,114683,83599882.0,1.12,-0.32,-0.02,0.09
973,2018-12-27,6.3,6.23,6.3,6.21,175833,128604139.0,1.45,0.16,0.01,0.14
974,2018-12-28,6.24,6.33,6.34,6.24,179615,132279583.0,1.61,1.61,0.1,0.14
975,2019-01-02,6.34,6.25,6.34,6.18,151613,110739783.0,2.53,-1.26,-0.08,0.12
976,2019-01-03,6.26,6.29,6.34,6.23,120735,88623562.0,1.76,0.64,0.04,0.09
977,2019-01-04,6.25,6.43,6.43,6.22,216091,160283512.0,3.34,2.23,0.14,0.17
978,2019-01-07,6.46,6.39,6.47,6.35,246929,184126859.0,1.87,-0.62,-0.04,0.19
979,2019-01-08,6.39,6.35,6.39,6.34,132480,98325085.0,0.78,-0.63,-0.04,0.1
980,2019-01-09,6.36,6.39,6.47,6.36,216649,162309422.0,1.73,0.63,0.04,0.17
981,2019-01-10,6.4,6.36,6.41,6.35,130399,97022041.0,0.94,-0.47,-0.03,0.1
982,2019-01-11,6.37,6.4,6.42,6.35,135748,101140641.0,1.1,0.63,0.04,0.11
983,2019-01-14,6.39,6.31,6.4,6.31,160568,118985184.0,1.41,-1.41,-0.09,0.13
984,2019-01-15,6.33,6.39,6.4,6.28,222640,165061055.0,1.9,1.27,0.08,0.17
985,2019-01-16,6.37,6.37,6.4,6.35,135537,100710318.0,0.78,-0.31,-0.02,0.11
986,2019-01-17,6.38,6.34,6.39,6.3,193066,143078628.0,1.41,-0.47,-0.03,0.15
987,2019-01-18,6.36,6.44,6.45,6.34,252961,188910496.0,1.74,1.58,0.1,0.2
988,2019-01-21,6.45,6.42,6.48,6.41,188652,141478367.0,1.09,-0.31,-0.02,0.15
989,2019-01-22,6.43,6.36,6.43,6.35,100455,74788153.0,1.25,-0.93,-0.06,0.08
990,2019-01-23,6.35,6.37,6.4,6.35,100791,74920921.0,0.79,0.16,0.01,0.08
991,2019-01-24,6.39,6.39,6.41,6.35,129325,96188874.0,0.94,0.31,0.02,0.1
992,2019-01-25,6.4,6.46,6.5,6.39,303694,228480636.0,1.72,1.1,0.07,0.24
993,2019-01-28,6.5,6.44,6.53,6.41,273435,206068186.0,1.86,-0.31,-0.02,0.21
994,2019-01-29,6.43,6.48,6.49,6.38,274469,205963916.0,1.71,0.62,0.04,0.21
995,2019-01-30,6.45,6.45,6.48,6.43,210653,158328252.0,0.77,-0.46,-0.03,0.16
996,2019-01-31,6.47,6.51,6.56,6.44,377439,285103632.0,1.86,0.93,0.06,0.29
997,2019-02-01,6.53,6.52,6.55,6.48,271028,205140670.0,1.08,0.15,0.01,0.21
998,2019-02-11,6.51,6.59,6.61,6.5,305882,232588032.0,1.69,1.07,0.07,0.24
999,2019-02-12,6.59,6.62,6.67,6.55,248829,190771204.0,1.82,0.46,0.03,0.19
1000,2019-02-13,6.62,6.77,6.8,6.6,458633,355984160.0,3.02,2.27,0.15,0.36
1001,2019-02-14,6.74,6.73,6.79,6.7,230210,179462487.0,1.33,-0.59,-0.04,0.18
1002,2019-02-15,6.71,6.6,6.72,6.59,280055,216402020.0,1.93,-1.93,-0.13,0.22
1003,2019-02-18,6.63,6.75,6.75,6.62,263497,204510412.0,1.97,2.27,0.15,0.21
1004,2019-02-19,6.75,6.74,6.82,6.71,311364,243177897.0,1.63,-0.15,-0.01,0.24
1005,2019-02-20,6.75,6.71,6.76,6.68,253378,196862601.0,1.19,-0.45,-0.03,0.2
1006,2019-02-21,6.71,6.65,6.74,6.63,363586,281564752.0,1.64,-0.89,-0.06,0.28
1007,2019-02-22,6.65,6.77,6.78,6.59,378732,293477552.0,2.86,1.8,0.12,0.3
1008,2019-02-25,6.85,7.3,7.37,6.83,1212260,982164048.0,7.98,7.83,0.53,0.95
1009,2019-02-26,7.27,7.16,7.32,7.11,806420,667716928.0,2.88,-1.92,-0.14,0.63
1010,2019-02-27,7.16,7.3,7.56,7.16,1005288,844271504.0,5.59,1.96,0.14,0.78
1011,2019-02-28,7.29,7.26,7.38,7.22,504269,420809440.0,2.19,-0.55,-0.04,0.39
1012,2019-03-01,7.3,7.52,7.53,7.18,790639,664906544.0,4.82,3.58,0.26,0.62
1013,2019-03-04,7.58,7.49,7.78,7.44,1482340,1283455024.0,4.52,-0.4,-0.03,1.16
1014,2019-03-05,7.44,7.46,7.48,7.38,577845,490701584.0,1.34,-0.4,-0.03,0.45
1015,2019-03-06,7.45,7.53,7.57,7.42,640229,546794272.0,2.01,0.94,0.07,0.5
1016,2019-03-07,7.5,7.49,7.52,7.41,743730,634199408.0,1.46,-0.53,-0.04,0.58
1017,2019-03-08,7.38,7.08,7.38,7.05,856622,709211920.0,4.41,-5.47,-0.41,0.67
1018,2019-03-11,7.14,7.23,7.28,7.12,488705,403906512.0,2.26,2.12,0.15,0.38
1019,2019-03-12,7.28,7.26,7.38,7.22,598594,500721392.0,2.21,0.41,0.03,0.47
1020,2019-03-13,7.27,7.23,7.32,7.16,594692,492660640.0,2.2,-0.41,-0.03,0.46
1021,2019-03-14,7.2,7.19,7.3,7.16,357586,296000112.0,1.94,-0.55,-0.04,0.28
1022,2019-03-15,7.19,7.18,7.27,7.17,382582,316502256.0,1.39,-0.14,-0.01,0.3
1023,2019-03-18,7.19,7.32,7.32,7.15,604580,501425232.0,2.37,1.95,0.14,0.47
1024,2019-03-19,7.32,7.29,7.33,7.25,413293,345116928.0,1.09,-0.41,-0.03,0.32
1025,2019-03-20,7.26,7.32,7.35,7.25,434830,363253120.0,1.37,0.41,0.03,0.34
1026,2019-03-21,7.3,7.29,7.33,7.27,338991,283356016.0,0.82,-0.41,-0.03,0.26
1027,2019-03-22,7.29,7.25,7.32,7.2,372498,309661952.0,1.65,-0.55,-0.04,0.29
1028,2019-03-25,7.17,7.12,7.21,7.11,407012,334864832.0,1.38,-1.79,-0.13,0.32
1029,2019-03-26,7.15,7.04,7.17,7.02,261776,213247552.0,2.11,-1.12,-0.08,0.2
1030,2019-03-27,7.05,7.09,7.13,7.04,308235,251115364.0,1.28,0.71,0.05,0.24
1031,2019-03-28,7.06,7.03,7.07,6.99,206665,167131607.0,1.13,-0.85,-0.06,0.16
1032,2019-03-29,7.05,7.19,7.22,7.02,518742,426399904.0,2.84,2.28,0.16,0.4
1033,2019-04-01,7.21,7.39,7.41,7.19,803691,675484336.0,3.06,2.78,0.2,0.63
1034,2019-04-02,7.39,7.33,7.43,7.32,535582,451291904.0,1.49,-0.81,-0.06,0.42
1035,2019-04-03,7.28,7.39,7.39,7.24,574900,481847456.0,2.05,0.82,0.06,0.45
1036,2019-04-04,7.39,7.5,7.54,7.39,805706,687333952.0,2.03,1.49,0.11,0.63
1037,2019-04-08,7.56,7.54,7.72,7.47,1112192,962900624.0,3.33,0.53,0.04,0.87
1038,2019-04-09,7.53,7.46,7.58,7.42,530364,453944496.0,2.12,-1.06,-0.08,0.41
1039,2019-04-10,7.45,7.44,7.49,7.39,424758,360665456.0,1.34,-0.27,-0.02,0.33
1040,2019-04-11,7.44,7.37,7.53,7.34,372883,316468080.0,2.55,-0.94,-0.07,0.29
1041,2019-04-12,7.36,7.38,7.4,7.34,263800,222359705.0,0.81,0.14,0.01,0.21
1042,2019-04-15,7.49,7.39,7.58,7.39,618285,529970192.0,2.57,0.14,0.01,0.48
1043,2019-04-16,7.35,7.66,7.67,7.33,1000514,861924480.0,4.6,3.65,0.27,0.78
1044,2019-04-17,7.63,7.64,7.71,7.58,657290,571857232.0,1.7,-0.26,-0.02,0.51
1045,2019-04-18,7.64,7.69,7.76,7.59,599773,524110576.0,2.23,0.65,0.05,0.47
1046,2019-04-19,7.66,7.62,7.7,7.54,706216,612663152.0,2.08,-0.91,-0.07,0.55
1047,2019-04-22,7.64,7.44,7.65,7.44,564686,484797088.0,2.76,-2.36,-0.18,0.44
1048,2019-04-23,7.44,7.41,7.48,7.4,323254,274893504.0,1.08,-0.4,-0.03,0.25
1049,2019-04-24,7.44,7.44,7.47,7.36,332834,281891648.0,1.48,0.4,0.03,0.26
1050,2019-04-25,7.4,7.29,7.42,7.25,376050,316195744.0,2.28,-2.02,-0.15,0.29
1051,2019-04-26,7.27,7.16,7.29,7.15,367671,304483696.0,1.92,-1.78,-0.13,0.29
1052,2019-04-29,7.16,7.19,7.27,7.15,372746,308145536.0,1.68,0.42,0.03,0.29
1053,2019-04-30,7.0,6.96,7.04,6.91,833360,669484320.0,1.81,-3.2,-0.23,0.65
1054,2019-05-06,6.82,6.64,6.82,6.55,811794,628727168.0,3.88,-4.6,-0.32,0.63
1055,2019-05-07,6.65,6.53,6.66,6.48,512312,391199024.0,2.71,-1.66,-0.11,0.4
1056,2019-05-08,6.46,6.47,6.53,6.43,286860,216086725.0,1.53,-0.92,-0.06,0.22
1057,2019-05-09,6.44,6.46,6.49,6.42,276995,208141516.0,1.08,-0.15,-0.01,0.22
1058,2019-05-10,6.48,6.55,6.56,6.42,364925,276354752.0,2.17,1.39,0.09,0.28
1059,2019-05-13,6.49,6.44,6.5,6.42,231155,173601591.0,1.22,-1.68,-0.11,0.18
1060,2019-05-14,6.39,6.41,6.45,6.38,207731,155237510.0,1.09,-0.47,-0.03,0.16
1061,2019-05-15,6.48,6.51,6.53,6.44,291379,219821900.0,1.4,1.56,0.1,0.23
1062,2019-05-16,6.51,6.53,6.57,6.49,283625,215544337.0,1.23,0.31,0.02,0.22
1063,2019-05-17,6.55,6.42,6.56,6.39,296373,223422455.0,2.6,-1.68,-0.11,0.23
1064,2019-05-20,6.42,6.43,6.46,6.4,168877,126386323.0,0.93,0.16,0.01,0.13
1065,2019-05-21,6.42,6.5,6.52,6.42,204763,154447361.0,1.56,1.09,0.07,0.16
1066,2019-05-22,6.52,6.47,6.52,6.45,127317,95983650.0,1.08,-0.46,-0.03,0.1
1067,2019-05-23,6.47,6.42,6.47,6.42,146867,110069166.0,0.77,-0.77,-0.05,0.11
1068,2019-05-24,6.42,6.42,6.46,6.4,195465,146339469.0,0.93,0.0,0.0,0.15
1069,2019-05-27,6.4,6.47,6.49,6.34,298119,222556231.0,2.34,0.78,0.05,0.23
1070,2019-05-28,6.45,6.5,6.51,6.41,347529,261447331.0,1.55,0.46,0.03,0.27
1071,2019-05-29,6.47,6.44,6.49,6.44,118145,88809180.0,0.77,-0.92,-0.06,0.09
1072,2019-05-30,6.44,6.45,6.46,6.4,134130,100350900.0,0.93,0.16,0.01,0.1
1073,2019-05-31,6.45,6.44,6.47,6.42,118041,88565239.0,0.78,-0.16,-0.01,0.09
1074,2019-06-03,6.44,6.47,6.48,6.42,273550,205467923.0,0.93,0.47,0.03,0.21
1075,2019-06-04,6.45,6.47,6.47,6.43,135187,101497423.0,0.62,0.0,0.0,0.11
1076,2019-06-05,6.48,6.48,6.52,6.48,136421,103108526.0,0.62,0.15,0.01,0.11
1077,2019-06-06,6.49,6.45,6.5,6.45,135432,101919789.0,0.77,-0.46,-0.03,0.11
1078,2019-06-10,6.48,6.51,6.54,6.46,182318,137827066.0,1.24,0.93,0.06,0.14
1079,2019-06-11,6.52,6.6,6.61,6.5,313194,238977981.0,1.69,1.38,0.09,0.24
1080,2019-06-12,6.59,6.57,6.59,6.55,156941,119690738.0,0.61,-0.45,-0.03,0.12
1081,2019-06-13,6.57,6.56,6.59,6.53,133041,101382302.0,0.91,-0.15,-0.01,0.1
1082,2019-06-14,6.58,6.53,6.58,6.51,173722,132050794.0,1.07,-0.46,-0.03,0.14
1083,2019-06-17,6.55,6.55,6.58,6.52,120480,91632051.0,0.92,0.31,0.02,0.09
1084,2019-06-18,6.56,6.56,6.57,6.53,107452,81760221.0,0.61,0.15,0.01,0.08
1085,2019-06-19,6.65,6.6,6.66,6.59,235725,180846043.0,1.07,0.61,0.04,0.18
1086,2019-06-20,6.6,6.73,6.79,6.59,422538,327830304.0,3.03,1.97,0.13,0.33
1087,2019-06-21,6.72,6.72,6.75,6.69,271365,211170183.0,0.89,-0.15,-0.01,0.21
1088,2019-06-24,6.72,6.73,6.75,6.7,122975,95660672.0,0.74,0.15,0.01,0.1
1089,2019-06-25,6.73,6.64,6.73,6.6,240832,185437232.0,1.93,-1.34,-0.09,0.19
1090,2019-06-26,6.61,6.64,6.66,6.6,110393,84937655.0,0.9,0.0,0.0,0.09
1091,2019-06-27,6.64,6.64,6.71,6.62,175633,135710329.0,1.36,0.0,0.0,0.14
1092,2019-06-28,6.66,6.64,6.66,6.6,106755,82023371.0,0.9,0.0,0.0,0.08
1093,2019-07-01,6.71,6.71,6.73,6.68,184647,143440221.0,0.75,1.05,0.07,0.14
1094,2019-07-02,6.72,6.72,6.73,6.68,166225,129047566.0,0.75,0.15,0.01,0.13
1095,2019-07-03,6.72,6.75,6.76,6.67,163464,127064574.0,1.34,0.45,0.03,0.13
1096,2019-07-04,6.73,6.75,6.78,6.73,150764,117838691.0,0.74,0.0,0.0,0.12
1097,2019-07-05,6.77,6.74,6.77,6.71,115759,90268624.0,0.89,-0.15,-0.01,0.09
1098,2019-07-08,6.74,6.63,6.75,6.59,206709,159338451.0,2.37,-1.63,-0.11,0.16
1099,2019-07-09,6.62,6.62,6.64,6.6,95639,73451747.0,0.6,-0.15,-0.01,0.07
1100,2019-07-10,6.62,6.58,6.64,6.58,127192,97463717.0,0.91,-0.6,-0.04,0.1
1101,2019-07-11,6.61,6.59,6.63,6.58,102141,76548040.0,0.76,0.15,0.01,0.08
1102,2019-07-12,6.61,6.63,6.66,6.59,77868,58559570.0,1.06,0.61,0.04,0.06
1103,2019-07-15,6.63,6.63,6.66,6.54,110237,82554298.0,1.81,0.0,0.0,0.09
1104,2019-07-16,6.63,6.64,6.64,6.61,68792,51714415.0,0.45,0.15,0.01,0.05
1105,2019-07-17,6.63,6.6,6.64,6.6,73936,55455243.0,0.6,-0.6,-0.04,0.06
1106,2019-07-18,6.59,6.56,6.59,6.55,94339,70377392.0,0.61,-0.61,-0.04,0.07
1107,2019-07-19,6.59,6.61,6.62,6.56,97130,72741823.0,0.91,0.76,0.05,0.08
1108,2019-07-22,6.61,6.58,6.61,6.53,120892,90286475.0,1.21,-0.45,-0.03,0.09
1109,2019-07-23,6.58,6.59,6.61,6.57,67626,50570832.0,0.61,0.15,0.01,0.05
1110,2019-07-24,6.61,6.63,6.65,6.6,99687,74970107.0,0.76,0.61,0.04,0.08
1111,2019-07-25,6.62,6.68,6.69,6.62,123139,93032112.0,1.06,0.75,0.05,0.1
1112,2019-07-26,6.67,6.68,6.68,6.65,96755,73139184.0,0.45,0.0,0.0,0.08
1113,2019-07-29,6.68,6.67,6.69,6.66,89594,67745959.0,0.45,-0.15,-0.01,0.07
1114,2019-07-30,6.67,6.73,6.74,6.66,145109,110334089.0,1.2,0.9,0.06,0.11
1115,2019-07-31,6.71,6.67,6.73,6.67,125454,95103603.0,0.89,-0.89,-0.06,0.1
1116,2019-08-01,6.67,6.64,6.68,6.63,98541,74325185.0,0.75,-0.45,-0.03,0.08
1117,2019-08-02,6.6,6.58,6.6,6.55,144113,107498904.0,0.75,-0.9,-0.06,0.11
1118,2019-08-05,6.56,6.44,6.57,6.44,171990,127340189.0,1.98,-2.13,-0.14,0.13
1119,2019-08-06,6.31,6.34,6.36,6.29,202633,146174502.0,1.09,-1.55,-0.1,0.16
1120,2019-08-07,6.34,6.32,6.38,6.32,107923,78005292.0,0.95,-0.32,-0.02,0.08
1121,2019-08-08,6.35,6.35,6.39,6.33,131904,95544631.0,0.95,0.47,0.03,0.1
1122,2019-08-09,6.36,6.37,6.38,6.34,86486,62676846.0,0.63,0.31,0.02,0.07
1123,2019-08-12,6.36,6.47,6.48,6.36,115053,84138161.0,1.88,1.57,0.1,0.09
1124,2019-08-13,6.44,6.4,6.44,6.39,122645,89477171.0,0.77,-1.08,-0.07,0.1
1125,2019-08-14,6.45,6.4,6.47,6.4,86954,63680024.0,1.09,0.0,0.0,0.07
1126,2019-08-15,6.29,6.37,6.38,6.29,134919,97550479.0,1.41,-0.47,-0.03,0.11
1127,2019-08-16,6.37,6.35,6.39,6.33,92103,66806408.0,0.94,-0.31,-0.02,0.07
1128,2019-08-19,6.35,6.45,6.46,6.3,230577,167357573.0,2.52,1.57,0.1,0.18
1129,2019-08-20,6.42,6.44,6.45,6.39,128236,93819357.0,0.93,-0.16,-0.01,0.1
1130,2019-08-21,6.42,6.41,6.44,6.4,78621,57495242.0,0.62,-0.47,-0.03,0.06
1131,2019-08-22,6.42,6.43,6.43,6.39,78469,57263803.0,0.62,0.31,0.02,0.06
1132,2019-08-23,6.43,6.44,6.47,6.42,107374,78785898.0,0.78,0.16,0.01,0.08
1133,2019-08-26,6.36,6.38,6.41,6.35,109411,79431835.0,0.93,-0.93,-0.06,0.09
1134,2019-08-27,6.38,6.36,6.48,6.36,233226,170697973.0,1.88,-0.31,-0.02,0.18
1135,2019-08-28,6.4,6.4,6.43,6.37,152316,110956402.0,0.94,0.63,0.04,0.12
1136,2019-08-29,6.41,6.37,6.42,6.36,105811,77018555.0,0.94,-0.47,-0.03,0.08
1137,2019-08-30,6.39,6.35,6.41,6.34,133396,97000997.0,1.1,-0.31,-0.02,0.1
1138,2019-09-02,6.35,6.42,6.44,6.35,158145,115458199.0,1.42,1.1,0.07,0.12
1139,2019-09-03,6.42,6.42,6.45,6.41,107553,78700225.0,0.62,0.0,0.0,0.08
1140,2019-09-04,6.41,6.52,6.53,6.41,205199,151417360.0,1.87,1.56,0.1,0.16
1141,2019-09-05,6.53,6.58,6.66,6.53,280716,210274155.0,1.99,0.92,0.06,0.22
1142,2019-09-06,6.59,6.61,6.62,6.56,126809,94854501.0,0.91,0.46,0.03,0.1
1143,2019-09-09,6.67,6.63,6.68,6.6,144521,108650433.0,1.21,0.3,0.02,0.11
1144,2019-09-10,6.63,6.61,6.64,6.57,98261,73568874.0,1.06,-0.3,-0.02,0.08
1145,2019-09-11,6.63,6.66,6.68,6.61,187984,141726847.0,1.06,0.76,0.05,0.15
1146,2019-09-12,6.66,6.68,6.69,6.65,127055,96001788.0,0.6,0.3,0.02,0.1
1147,2019-09-16,6.68,6.65,6.69,6.63,126221,95136343.0,0.9,-0.45,-0.03,0.1
1148,2019-09-17,6.64,6.55,6.65,6.55,195799,146668660.0,1.5,-1.5,-0.1,0.15
1149,2019-09-18,6.57,6.54,6.6,6.54,92760,69204195.0,0.92,-0.15,-0.01,0.07
1150,2019-09-19,6.56,6.58,6.61,6.54,103043,76926207.0,1.07,0.61,0.04,0.08
1151,2019-09-20,6.6,6.62,6.62,6.55,214679,160678955.0,1.06,0.61,0.04,0.17
1152,2019-09-23,6.59,6.56,6.6,6.53,137816,102564898.0,1.06,-0.91,-0.06,0.11
1153,2019-09-24,6.56,6.57,6.6,6.53,104208,77664915.0,1.07,0.15,0.01,0.08
1154,2019-09-25,6.55,6.54,6.6,6.52,107123,79795846.0,1.22,-0.46,-0.03,0.08
1155,2019-09-26,6.56,6.62,6.64,6.55,245247,184122925.0,1.38,1.22,0.08,0.19
1156,2019-09-27,6.62,6.59,6.62,6.54,135035,100773190.0,1.21,-0.45,-0.03,0.11
1157,2019-09-30,6.59,6.49,6.6,6.48,162677,120854452.0,1.82,-1.52,-0.1,0.13
1158,2019-10-08,6.49,6.55,6.59,6.48,153324,113949408.0,1.69,0.92,0.06,0.12
1159,2019-10-09,6.52,6.63,6.71,6.5,274097,206217444.0,3.21,1.22,0.08,0.21
1160,2019-10-10,6.62,6.64,6.68,6.61,149227,112412873.0,1.06,0.15,0.01,0.12
1161,2019-10-11,6.65,6.72,6.73,6.63,290472,220518122.0,1.51,1.2,0.08,0.23
1162,2019-10-14,6.76,6.88,6.99,6.74,585796,455335648.0,3.72,2.38,0.16,0.46
1163,2019-10-15,6.87,6.88,6.92,6.85,251829,195664931.0,1.02,0.0,0.0,0.2
1164,2019-10-16,6.91,6.81,6.98,6.79,332341,257797217.0,2.76,-1.02,-0.07,0.26
1165,2019-10-17,6.83,6.77,6.85,6.74,174580,134133722.0,1.62,-0.59,-0.04,0.14
1166,2019-10-18,6.8,6.67,6.84,6.67,218972,167298962.0,2.51,-1.48,-0.1,0.17
1167,2019-10-21,6.68,6.78,6.78,6.66,206686,157645759.0,1.8,1.65,0.11,0.16
1168,2019-10-22,6.79,6.77,6.79,6.72,110931,84799987.0,1.03,-0.15,-0.01,0.09
1169,2019-10-23,6.77,6.76,6.8,6.72,127560,97560808.0,1.18,-0.15,-0.01,0.1
1170,2019-10-24,6.77,6.81,6.86,6.75,200753,154684785.0,1.63,0.74,0.05,0.16
1171,2019-10-25,6.79,6.77,6.82,6.71,178960,136885798.0,1.62,-0.59,-0.04,0.14
1172,2019-10-28,6.76,6.75,6.79,6.72,175346,133924082.0,1.03,-0.3,-0.02,0.14
1173,2019-10-29,6.74,6.69,6.76,6.68,188851,143862259.0,1.19,-0.89,-0.06,0.15
1174,2019-10-30,6.69,6.7,6.71,6.65,142545,107902226.0,0.9,0.15,0.01,0.11
1175,2019-10-31,6.68,6.6,6.68,6.56,258672,193556179.0,1.79,-1.49,-0.1,0.2
1176,2019-11-01,6.59,6.67,6.68,6.55,209927,157703037.0,1.97,1.06,0.07,0.16
1177,2019-11-04,6.66,6.73,6.74,6.65,221749,168464710.0,1.35,0.9,0.06,0.17
1178,2019-11-05,6.71,6.81,6.88,6.71,334203,257368757.0,2.53,1.19,0.08,0.26
1179,2019-11-06,6.81,6.83,6.88,6.8,211576,163452685.0,1.17,0.29,0.02,0.17
1180,2019-11-07,6.83,6.81,6.86,6.79,129254,99671409.0,1.02,-0.29,-0.02,0.1
1181,2019-11-08,6.84,6.75,6.86,6.74,141235,108427169.0,1.76,-0.88,-0.06,0.11
1182,2019-11-11,6.74,6.64,6.74,6.61,184222,139243038.0,1.93,-1.63,-0.11,0.14
1183,2019-11-12,6.66,6.66,6.67,6.62,103566,78104296.0,0.75,0.3,0.02,0.08
1184,2019-11-13,6.64,6.61,6.67,6.59,105188,78987294.0,1.2,-0.75,-0.05,0.08
1185,2019-11-14,6.62,6.59,6.64,6.57,105744,79215053.0,1.06,-0.3,-0.02,0.08
1186,2019-11-15,6.59,6.56,6.62,6.56,100471,75073173.0,0.91,-0.46,-0.03,0.08
1187,2019-11-18,6.57,6.6,6.63,6.53,157753,117848195.0,1.52,0.61,0.04,0.12
1188,2019-11-19,6.59,6.63,6.64,6.58,96606,72485948.0,0.91,0.45,0.03,0.08
1189,2019-11-20,6.62,6.54,6.63,6.54,115352,86116753.0,1.36,-1.36,-0.09,0.09
1190,2019-11-21,6.54,6.51,6.55,6.49,139159,103007969.0,0.92,-0.46,-0.03,0.11
1191,2019-11-22,6.52,6.52,6.56,6.49,121440,89977328.0,1.08,0.15,0.01,0.09
1192,2019-11-25,6.52,6.59,6.61,6.51,217469,162356662.0,1.53,1.07,0.07,0.17
1193,2019-11-26,6.6,6.63,6.63,6.58,265429,199118505.0,0.76,0.61,0.04,0.21
1194,2019-11-27,6.61,6.56,6.62,6.55,117412,87760961.0,1.06,-1.06,-0.07,0.09
1195,2019-11-28,6.56,6.56,6.59,6.54,96030,71581138.0,0.76,0.0,0.0,0.07
1196,2019-11-29,6.56,6.54,6.6,6.54,107476,80090531.0,0.91,-0.3,-0.02,0.08
1197,2019-12-02,6.54,6.54,6.58,6.53,113239,84306256.0,0.76,0.0,0.0,0.09
1198,2019-12-03,6.54,6.55,6.55,6.51,85962,63792694.0,0.61,0.15,0.01,0.07
1199,2019-12-04,6.54,6.5,6.54,6.49,125863,93187813.0,0.76,-0.76,-0.05,0.1
1200,2019-12-05,6.52,6.53,6.55,6.51,117106,86811880.0,0.62,0.46,0.03,0.09
1201,2019-12-06,6.54,6.54,6.55,6.51,82176,60974515.0,0.61,0.15,0.01,0.06
1202,2019-12-09,6.55,6.55,6.57,6.53,92956,69145167.0,0.61,0.15,0.01,0.07
1203,2019-12-10,6.56,6.56,6.56,6.53,82538,61401839.0,0.46,0.15,0.01,0.06
1204,2019-12-11,6.55,6.57,6.58,6.53,150093,111776488.0,0.76,0.15,0.01,0.12
1205,2019-12-12,6.56,6.55,6.57,6.53,115481,85915161.0,0.61,-0.3,-0.02,0.09
1206,2019-12-13,6.58,6.63,6.63,6.57,224488,168179952.0,0.92,1.22,0.08,0.18
1207,2019-12-16,6.64,6.63,6.64,6.59,178262,133786696.0,0.75,0.0,0.0,0.14
1208,2019-12-17,6.63,6.76,6.8,6.62,318755,242468889.0,2.71,1.96,0.13,0.25
1209,2019-12-18,6.74,6.73,6.79,6.72,162064,123833573.0,1.04,-0.44,-0.03,0.13
1210,2019-12-19,6.74,6.78,6.8,6.72,213174,163257013.0,1.19,0.74,0.05,0.17
1211,2019-12-20,6.78,6.75,6.8,6.74,179831,137767885.0,0.88,-0.44,-0.03,0.14
1212,2019-12-23,6.75,6.67,6.77,6.65,166522,126688655.0,1.78,-1.19,-0.08,0.13
1213,2019-12-24,6.68,6.7,6.7,6.66,78213,59256914.0,0.6,0.45,0.03,0.06
1214,2019-12-25,6.69,6.66,6.7,6.64,80975,61221736.0,0.9,-0.6,-0.04,0.06
1215,2019-12-26,6.66,6.7,6.71,6.63,112852,85388574.0,1.2,0.6,0.04,0.09
1216,2019-12-27,6.7,6.74,6.8,6.69,200604,153347207.0,1.64,0.6,0.04,0.16
1217,2019-12-30,6.72,6.76,6.78,6.68,242637,185135568.0,1.48,0.3,0.02,0.19
1218,2019-12-31,6.76,6.78,6.8,6.72,219249,167707457.0,1.18,0.3,0.02,0.17
1219,2020-01-02,6.83,6.81,6.88,6.79,347105,268186941.0,1.33,0.44,0.03,0.27
1220,2020-01-03,6.82,6.8,6.84,6.79,179772,138431731.0,0.73,-0.15,-0.01,0.14
1221,2020-01-06,6.78,6.77,6.83,6.75,217468,167139765.0,1.18,-0.44,-0.03,0.17
1222,2020-01-07,6.79,6.82,6.88,6.79,181606,140121570.0,1.33,0.74,0.05,0.14
1223,2020-01-08,6.81,6.72,6.82,6.7,214304,163731465.0,1.76,-1.47,-0.1,0.17
1224,2020-01-09,6.76,6.75,6.78,6.73,166543,127355455.0,0.74,0.45,0.03,0.13
1225,2020-01-10,6.76,6.77,6.79,6.73,160412,122655324.0,0.89,0.3,0.02,0.13
1226,2020-01-13,6.76,6.78,6.78,6.73,114191,87333890.0,0.74,0.15,0.01,0.09
1227,2020-01-14,6.77,6.77,6.82,6.76,128142,98417382.0,0.88,-0.15,-0.01,0.1
1228,2020-01-15,6.78,6.73,6.79,6.71,123454,94135452.0,1.18,-0.59,-0.04,0.1
1229,2020-01-16,6.72,6.69,6.75,6.68,126900,96399676.0,1.04,-0.59,-0.04,0.1
1230,2020-01-17,6.7,6.69,6.73,6.66,106981,81109332.0,1.05,0.0,0.0,0.08
1231,2020-01-20,6.68,6.71,6.71,6.66,127801,96802054.0,0.75,0.3,0.02,0.1
1232,2020-01-21,6.69,6.62,6.69,6.61,180607,135955059.0,1.19,-1.34,-0.09,0.14
1233,2020-01-22,6.62,6.59,6.63,6.56,155020,115942791.0,1.06,-0.45,-0.03,0.12
1234,2020-01-23,6.58,6.51,6.58,6.49,291932,216469255.0,1.37,-1.21,-0.08,0.23
1235,2020-02-03,5.92,6.13,6.17,5.92,550579,379009840.0,3.84,-5.84,-0.38,0.43
1236,2020-02-04,6.09,6.19,6.39,6.06,355052,251055446.0,5.38,0.98,0.06,0.28
1237,2020-02-05,6.23,6.19,6.24,6.13,204254,144627345.0,1.78,0.0,0.0,0.16
1238,2020-02-06,6.2,6.2,6.22,6.14,232491,164324641.0,1.29,0.16,0.01,0.18
1239,2020-02-07,6.17,6.23,6.26,6.13,226797,160101203.0,2.1,0.48,0.03,0.18
1240,2020-02-10,6.2,6.2,6.22,6.17,165135,116940211.0,0.8,-0.48,-0.03,0.13
1241,2020-02-11,6.21,6.24,6.26,6.2,177640,126565351.0,0.97,0.65,0.04,0.14
1242,2020-02-12,6.22,6.23,6.24,6.2,141238,100419571.0,0.64,-0.16,-0.01,0.11
1243,2020-02-13,6.22,6.17,6.23,6.17,127344,90292355.0,0.96,-0.96,-0.06,0.1
1244,2020-02-14,6.16,6.19,6.21,6.15,106434,75305883.0,0.97,0.32,0.02,0.08
1245,2020-02-17,6.2,6.28,6.29,6.18,268374,191284263.0,1.78,1.45,0.09,0.21
1246,2020-02-18,6.27,6.25,6.3,6.24,170789,122148087.0,0.96,-0.48,-0.03,0.13
1247,2020-02-19,6.26,6.24,6.28,6.23,140625,100516509.0,0.8,-0.16,-0.01,0.11
1248,2020-02-20,6.24,6.31,6.32,6.22,222783,159435635.0,1.6,1.12,0.07,0.17
1249,2020-02-21,6.3,6.3,6.36,6.28,221470,159417655.0,1.27,-0.16,-0.01,0.17
1250,2020-02-24,6.29,6.26,6.32,6.24,155960,111669101.0,1.27,-0.63,-0.04,0.12
1251,2020-02-25,6.2,6.18,6.22,6.14,275488,194641852.0,1.28,-1.28,-0.08,0.21
1252,2020-02-26,6.13,6.22,6.26,6.13,260169,184665308.0,2.1,0.65,0.04,0.2
1253,2020-02-27,6.21,6.23,6.26,6.19,188755,134317081.0,1.13,0.16,0.01,0.15
1254,2020-02-28,6.16,6.06,6.22,6.06,326908,229342170.0,2.57,-2.73,-0.17,0.25
1255,2020-03-02,6.1,6.19,6.21,6.1,231485,163459277.0,1.82,2.15,0.13,0.18
1256,2020-03-03,6.22,6.23,6.27,6.21,199967,142603287.0,0.97,0.65,0.04,0.16
1257,2020-03-04,6.21,6.26,6.27,6.21,144727,103185810.0,0.96,0.48,0.03,0.11
1258,2020-03-05,6.28,6.36,6.4,6.26,385229,279095088.0,2.24,1.6,0.1,0.3
1259,2020-03-06,6.31,6.27,6.35,6.26,190997,137189824.0,1.42,-1.42,-0.09,0.15
1260,2020-03-09,6.21,6.16,6.21,6.13,290577,204856127.0,1.28,-1.75,-0.11,0.23
1261,2020-03-10,6.12,6.22,6.24,6.11,228460,161812719.0,2.11,0.97,0.06,0.18
1262,2020-03-11,6.24,6.18,6.24,6.17,162409,115174497.0,1.13,-0.64,-0.04,0.13
1263,2020-03-12,6.15,6.15,6.18,6.12,166335,117003138.0,0.97,-0.49,-0.03,0.13
1264,2020-03-13,5.99,6.06,6.13,5.95,370417,256340515.0,2.93,-1.46,-0.09,0.29
1265,2020-03-16,6.09,5.99,6.13,5.98,318673,221683926.0,2.48,-1.16,-0.07,0.25
1266,2020-03-17,5.99,5.95,6.07,5.93,341228,234446245.0,2.34,-0.67,-0.04,0.27
1267,2020-03-18,5.97,5.81,5.99,5.79,286503,195036481.0,3.36,-2.35,-0.14,0.22
1268,2020-03-19,5.8,5.58,5.82,5.56,613579,401445520.0,4.48,-3.96,-0.23,0.48
1269,2020-03-20,5.62,5.59,5.66,5.54,407144,264246680.0,2.15,0.18,0.01,0.32
1270,2020-03-23,5.49,5.44,5.54,5.44,284189,181080345.0,1.79,-2.68,-0.15,0.22
1271,2020-03-24,5.52,5.56,5.58,5.5,260481,167642332.0,1.47,2.21,0.12,0.2
1272,2020-03-25,5.64,5.66,5.68,5.6,225559,147406949.0,1.44,1.8,0.1,0.18
1273,2020-03-26,5.64,5.66,5.73,5.6,192230,125897815.0,2.3,0.0,0.0,0.15
1274,2020-03-27,5.7,5.65,5.73,5.65,175758,115492886.0,1.41,-0.18,-0.01,0.14
1275,2020-03-30,5.55,5.62,5.68,5.55,189027,123053120.0,2.3,-0.53,-0.03,0.15
1276,2020-03-31,5.66,5.58,5.68,5.56,139148,90670357.0,2.14,-0.71,-0.04,0.11
1277,2020-04-01,5.6,5.58,5.65,5.55,139361,90501705.0,1.79,0.0,0.0,0.11
1278,2020-04-02,5.56,5.63,5.64,5.54,155352,100688613.0,1.79,0.9,0.05,0.12
1279,2020-04-03,5.62,5.58,5.63,5.57,95463,61946257.0,1.07,-0.89,-0.05,0.07
1280,2020-04-07,5.64,5.66,5.68,5.64,162167,106125251.0,0.72,1.43,0.08,0.13
1281,2020-04-08,5.64,5.66,5.67,5.63,102460,66982004.0,0.71,0.0,0.0,0.08
1282,2020-04-09,5.67,5.64,5.68,5.64,92564,60597795.0,0.71,-0.35,-0.02,0.07
1283,2020-04-10,5.65,5.58,5.66,5.58,132727,86311995.0,1.42,-1.06,-0.06,0.1
1284,2020-04-13,5.57,5.53,5.58,5.51,125247,80509200.0,1.25,-0.9,-0.05,0.1
1285,2020-04-14,5.55,5.59,5.61,5.54,129129,83385648.0,1.27,1.08,0.06,0.1
1286,2020-04-15,5.59,5.57,5.59,5.56,92652,59896906.0,0.54,-0.36,-0.02,0.07
1287,2020-04-16,5.55,5.59,5.59,5.54,125348,80828150.0,0.9,0.36,0.02,0.1
1288,2020-04-17,5.6,5.59,5.62,5.56,182664,118332730.0,1.07,0.0,0.0,0.14
1289,2020-04-20,5.59,5.55,5.59,5.53,181871,117113860.0,1.07,-0.72,-0.04,0.14
1290,2020-04-21,5.55,5.51,5.55,5.5,146554,94026490.0,0.9,-0.72,-0.04,0.11
1291,2020-04-22,5.51,5.52,5.52,5.47,107219,68523615.0,0.91,0.18,0.01,0.08
1292,2020-04-23,5.53,5.51,5.53,5.49,105154,67323704.0,0.72,-0.18,-0.01,0.08
1293,2020-04-24,5.52,5.49,5.52,5.45,133126,84831906.0,1.27,-0.36,-0.02,0.1
1294,2020-04-27,5.5,5.53,5.57,5.48,180093,115786842.0,1.64,0.73,0.04,0.14
1295,2020-04-28,5.54,5.53,5.55,5.45,167121,106920719.0,1.81,0.0,0.0,0.13
1296,2020-04-29,5.53,5.68,5.69,5.52,254965,166074026.0,3.07,2.71,0.15,0.2
1297,2020-04-30,5.7,5.67,5.71,5.63,310096,203364568.0,1.41,-0.18,-0.01,0.24
1298,2020-05-06,5.61,5.62,5.63,5.59,261512,169958058.0,0.71,-0.88,-0.05,0.2
1299,2020-05-07,5.62,5.58,5.62,5.57,163639,105993247.0,0.89,-0.71,-0.04,0.13
1300,2020-05-08,5.6,5.63,5.65,5.58,156128,101609489.0,1.25,0.9,0.05,0.12
1301,2020-05-11,5.63,5.61,5.66,5.6,112738,73452455.0,1.07,-0.36,-0.02,0.09
1302,2020-05-12,5.62,5.57,5.63,5.56,118960,77007488.0,1.25,-0.71,-0.04,0.09
1303,2020-05-13,5.56,5.55,5.57,5.53,130755,84157072.0,0.72,-0.36,-0.02,0.1
1304,2020-05-14,5.53,5.51,5.54,5.5,119002,76244248.0,0.72,-0.72,-0.04,0.09
1305,2020-05-15,5.53,5.51,5.54,5.5,70399,45147116.0,0.73,0.0,0.0,0.05
1306,2020-05-18,5.51,5.53,5.54,5.49,74657,47886907.0,0.91,0.36,0.02,0.06
1307,2020-05-19,5.56,5.54,5.58,5.53,80432,51795556.0,0.9,0.18,0.01,0.06
1308,2020-05-20,5.54,5.53,5.56,5.52,67309,43223805.0,0.72,-0.18,-0.01,0.05
1309,2020-05-21,5.54,5.51,5.55,5.51,83097,53397219.0,0.72,-0.36,-0.02,0.06
1310,2020-05-22,5.51,5.45,5.53,5.45,97144,61866285.0,1.45,-1.09,-0.06,0.08
1311,2020-05-25,5.46,5.43,5.46,5.41,129842,82173998.0,0.92,-0.37,-0.02,0.1
1312,2020-05-26,5.43,5.44,5.45,5.42,88274,55858128.0,0.55,0.18,0.01,0.07
1313,2020-05-27,5.45,5.46,5.48,5.44,89659,56933729.0,0.74,0.37,0.02,0.07
1314,2020-05-28,5.47,5.5,5.55,5.46,131888,84326874.0,1.65,0.73,0.04,0.1
1315,2020-05-29,5.48,5.48,5.49,5.43,174146,110620133.0,1.09,-0.36,-0.02,0.14
1316,2020-06-01,5.48,5.53,5.53,5.47,157007,100554101.0,1.09,0.91,0.05,0.12
1317,2020-06-02,5.52,5.55,5.55,5.51,161268,103598419.0,0.72,0.36,0.02,0.13
1318,2020-06-03,5.56,5.55,5.6,5.53,170525,110087753.0,1.26,0.0,0.0,0.13
1319,2020-06-04,5.55,5.51,5.56,5.49,104047,66652650.0,1.26,-0.72,-0.04,0.08
1320,2020-06-05,5.51,5.5,5.52,5.48,116643,74498140.0,0.73,-0.18,-0.01,0.09
1321,2020-06-08,5.51,5.47,5.52,5.46,151163,96468434.0,1.09,-0.55,-0.03,0.12
1322,2020-06-09,5.48,5.49,5.5,5.45,167285,106499725.0,0.91,0.37,0.02,0.13
1323,2020-06-10,5.49,5.45,5.49,5.43,210132,133327994.0,1.09,-0.73,-0.04,0.16
1324,2020-06-11,5.46,5.41,5.46,5.41,180979,114392109.0,0.92,-0.73,-0.04,0.14
1325,2020-06-12,5.37,5.4,5.41,5.35,188968,118594791.0,1.11,-0.18,-0.01,0.15
1326,2020-06-15,5.39,5.38,5.42,5.38,156272,98244488.0,0.74,-0.37,-0.02,0.12
1327,2020-06-16,5.4,5.43,5.44,5.4,120927,76261716.0,0.74,0.93,0.05,0.09
1328,2020-06-17,5.44,5.44,5.45,5.42,103835,65684818.0,0.55,0.18,0.01,0.08
1329,2020-06-18,5.45,5.45,5.49,5.41,288991,183447127.0,1.47,0.18,0.01,0.23
1330,2020-06-19,5.47,5.49,5.52,5.45,293056,179306831.0,1.28,0.73,0.04,0.23
1331,2020-06-22,5.49,5.49,5.53,5.48,188534,115877702.0,0.91,0.0,0.0,0.15
1332,2020-06-23,5.49,5.46,5.5,5.45,126741,77378489.0,0.91,-0.55,-0.03,0.1
1333,2020-06-24,5.47,5.49,5.53,5.45,147088,90236982.0,1.47,0.55,0.03,0.11
1334,2020-06-29,5.52,5.47,5.53,5.45,152917,93643777.0,1.46,-0.36,-0.02,0.12
1335,2020-06-30,5.47,5.48,5.51,5.47,202951,124406460.0,0.73,0.18,0.01,0.16
1336,2020-07-01,5.48,5.56,5.58,5.47,315986,194994472.0,2.01,1.46,0.08,0.25
1337,2020-07-02,5.55,5.73,5.73,5.54,537280,337699216.0,3.42,3.06,0.17,0.42
1338,2020-07-03,5.73,5.87,5.88,5.72,635389,409749456.0,2.79,2.44,0.14,0.5
1339,2020-07-06,5.92,6.5,6.52,5.92,1329088,918715136.0,10.22,10.73,0.63,1.04
1340,2020-07-07,6.61,6.3,6.78,6.28,1530349,1082853552.0,7.69,-3.08,-0.2,1.19
1341,2020-07-08,6.27,6.38,6.47,6.23,952616,665340720.0,3.81,1.27,0.08,0.74
1342,2020-07-09,6.34,6.32,6.42,6.28,701659,489461904.0,2.19,-0.94,-0.06,0.55
1343,2020-07-10,6.29,6.12,6.32,6.09,697358,476635072.0,3.64,-3.16,-0.2,0.54
1344,2020-07-13,6.09,6.11,6.18,6.04,671645,453307504.0,2.29,-0.16,-0.01,0.52
1345,2020-07-14,6.11,5.99,6.14,5.95,640637,428270592.0,3.11,-1.96,-0.12,0.5
1346,2020-07-15,6.02,5.87,6.04,5.86,577628,379109856.0,3.01,-2.0,-0.12,0.45
1347,2020-07-16,5.89,5.84,5.94,5.83,523515,341892016.0,1.87,-0.51,-0.03,0.41
1348,2020-07-17,5.86,5.79,5.89,5.74,412772,266026862.0,2.57,-0.86,-0.05,0.32
1349,2020-07-20,5.82,5.97,5.97,5.8,502042,328652160.0,2.94,3.11,0.18,0.39
1350,2020-07-21,5.98,5.94,6.01,5.9,313954,206735359.0,1.84,-0.5,-0.03,0.24
1351,2020-07-22,5.93,5.94,6.02,5.89,371575,244937415.0,2.19,0.0,0.0,0.29
1352,2020-07-23,5.89,5.82,5.9,5.74,368504,237995222.0,2.69,-2.02,-0.12,0.29
1353,2020-07-24,5.8,5.69,5.82,5.68,338201,215642676.0,2.41,-2.23,-0.13,0.26
1354,2020-07-27,5.7,5.67,5.73,5.65,197362,124679741.0,1.41,-0.35,-0.02,0.15
1355,2020-07-28,5.69,5.71,5.74,5.69,173205,109990940.0,0.88,0.71,0.04,0.14
1356,2020-07-29,5.71,5.78,5.8,5.67,216271,138293964.0,2.28,1.23,0.07,0.17
1357,2020-07-30,5.78,5.73,5.8,5.72,152053,97164638.0,1.38,-0.87,-0.05,0.12
1358,2020-07-31,5.73,5.72,5.8,5.71,242159,154558280.0,1.57,-0.17,-0.01,0.19
1359,2020-08-03,5.75,5.77,5.78,5.74,323304,206804838.0,0.7,0.87,0.05,0.25
1360,2020-08-04,5.79,5.84,5.91,5.75,600971,389341696.0,2.77,1.21,0.07,0.47
1361,2020-08-05,5.82,5.78,5.83,5.75,249313,160065905.0,1.37,-1.03,-0.06,0.19
1362,2020-08-06,5.79,5.8,5.83,5.74,251257,161185870.0,1.56,0.35,0.02,0.2
1363,2020-08-07,5.78,5.72,5.8,5.7,279384,178229475.0,1.72,-1.38,-0.08,0.22
1364,2020-08-10,5.74,5.78,5.8,5.7,368262,235902985.0,1.75,1.05,0.06,0.29
1365,2020-08-11,5.79,5.75,5.89,5.74,428991,277139824.0,2.6,-0.52,-0.03,0.33
1366,2020-08-12,5.76,5.76,5.78,5.7,272863,173993623.0,1.39,0.17,0.01,0.21
1367,2020-08-13,5.77,5.75,5.78,5.74,209990,134295801.0,0.69,-0.17,-0.01,0.16
1368,2020-08-14,5.75,5.8,5.81,5.73,277702,178183466.0,1.39,0.87,0.05,0.22
1369,2020-08-17,5.81,5.99,6.06,5.81,805774,531253024.0,4.31,3.28,0.19,0.63
1370,2020-08-18,5.97,5.91,5.98,5.88,425300,279064272.0,1.67,-1.34,-0.08,0.33
1371,2020-08-19,5.89,5.89,5.94,5.86,321870,210497914.0,1.35,-0.34,-0.02,0.25
1372,2020-08-20,5.88,5.79,5.88,5.77,291051,187854399.0,1.87,-1.7,-0.1,0.23
1373,2020-08-21,5.81,5.79,5.83,5.78,226308,145810646.0,0.86,0.0,0.0,0.18
1374,2020-08-24,5.81,5.78,5.83,5.77,194714,125288933.0,1.04,-0.17,-0.01,0.15
1375,2020-08-25,5.79,5.78,5.81,5.75,216062,138647008.0,1.04,0.0,0.0,0.17
1376,2020-08-26,5.78,5.74,5.78,5.72,203506,129944388.0,1.04,-0.69,-0.04,0.16
1377,2020-08-27,5.74,5.73,5.75,5.71,152045,96812065.0,0.7,-0.17,-0.01,0.12
1378,2020-08-28,5.73,5.79,5.8,5.71,282060,180831303.0,1.57,1.05,0.06,0.22
1379,2020-08-31,5.78,5.79,5.83,5.75,471028,302852688.0,1.38,0.0,0.0,0.37
1380,2020-09-01,5.76,5.74,5.77,5.72,317109,202359356.0,0.86,-0.86,-0.05,0.25
1381,2020-09-02,5.75,5.69,5.76,5.68,318160,201876122.0,1.39,-0.87,-0.05,0.25
1382,2020-09-03,5.7,5.66,5.72,5.63,270988,171235196.0,1.58,-0.53,-0.03,0.21
1383,2020-09-04,5.62,5.59,5.63,5.58,232351,145091659.0,0.88,-1.24,-0.07,0.18
1384,2020-09-07,5.59,5.59,5.64,5.56,207060,129192672.0,1.43,0.0,0.0,0.16
1385,2020-09-08,5.59,5.65,5.66,5.59,203378,127435431.0,1.25,1.07,0.06,0.16
1386,2020-09-09,5.61,5.61,5.65,5.59,232436,145333440.0,1.06,-0.71,-0.04,0.18
1387,2020-09-10,5.62,5.56,5.64,5.54,214514,133490028.0,1.78,-0.89,-0.05,0.17
1388,2020-09-11,5.54,5.58,5.61,5.51,220837,136888196.0,1.8,0.36,0.02,0.17
1389,2020-09-14,5.57,5.59,5.6,5.55,149832,93098495.0,0.9,0.18,0.01,0.12
1390,2020-09-15,5.59,5.58,5.6,5.56,121589,75625307.0,0.72,-0.18,-0.01,0.09
1391,2020-09-16,5.57,5.61,5.63,5.56,181512,113397708.0,1.25,0.54,0.03,0.14
1392,2020-09-17,5.61,5.61,5.63,5.59,131198,81936464.0,0.71,0.0,0.0,0.1
1393,2020-09-18,5.61,5.7,5.7,5.59,225599,142077116.0,1.96,1.6,0.09,0.18
1394,2020-09-21,5.69,5.68,5.71,5.65,198293,125263800.0,1.05,-0.35,-0.02,0.15
1395,2020-09-22,5.66,5.6,5.69,5.58,161608,101355573.0,1.94,-1.41,-0.08,0.13
1396,2020-09-23,5.61,5.56,5.62,5.56,137185,85266600.0,1.07,-0.71,-0.04,0.11
1397,2020-09-24,5.54,5.54,5.55,5.48,219074,134819254.0,1.26,-0.36,-0.02,0.17
1398,2020-09-25,5.53,5.54,5.55,5.51,113026,69707920.0,0.72,0.0,0.0,0.09
1399,2020-09-28,5.54,5.53,5.56,5.51,84749,52332212.0,0.9,-0.18,-0.01,0.07
1400,2020-09-29,5.56,5.5,5.56,5.49,125382,77312371.0,1.27,-0.54,-0.03,0.1
1401,2020-09-30,5.51,5.49,5.53,5.47,168537,103467170.0,1.09,-0.18,-0.01,0.13
1402,2020-10-09,5.52,5.52,5.53,5.51,159514,98231905.0,0.36,0.55,0.03,0.12
1403,2020-10-12,5.51,5.6,5.62,5.51,195909,121745738.0,1.99,1.45,0.08,0.15
1404,2020-10-13,5.59,5.58,5.6,5.56,118849,73934129.0,0.71,-0.36,-0.02,0.09
1405,2020-10-14,5.59,5.56,5.6,5.54,117511,72859163.0,1.08,-0.36,-0.02,0.09
1406,2020-10-15,5.56,5.6,5.68,5.55,202527,126645813.0,2.34,0.72,0.04,0.16
1407,2020-10-16,5.58,5.63,5.7,5.58,356411,223937825.0,2.14,0.54,0.03,0.28
1408,2020-10-19,5.64,5.66,5.77,5.64,342080,216933749.0,2.31,0.53,0.03,0.27
1409,2020-10-20,5.66,5.6,5.67,5.58,219774,137179746.0,1.59,-1.06,-0.06,0.17
1410,2020-10-21,5.6,5.7,5.71,5.58,305477,192108930.0,2.32,1.79,0.1,0.24
1411,2020-10-22,5.67,5.65,5.74,5.64,244404,154309732.0,1.75,-0.88,-0.05,0.19
1412,2020-10-23,5.65,5.72,5.74,5.64,381994,242508100.0,1.77,1.24,0.07,0.3
1413,2020-10-26,5.71,5.6,5.73,5.6,304752,191451084.0,2.27,-2.1,-0.12,0.24
1414,2020-10-27,5.59,5.6,5.61,5.56,148231,92246636.0,0.89,0.0,0.0,0.12
1415,2020-10-28,5.6,5.54,5.6,5.51,169009,104466078.0,1.61,-1.07,-0.06,0.13
1416,2020-10-29,5.51,5.52,5.55,5.5,136524,84098310.0,0.9,-0.36,-0.02,0.11
1417,2020-10-30,5.52,5.42,5.56,5.41,324029,198360381.0,2.72,-1.81,-0.1,0.25
1418,2020-11-02,5.45,5.41,5.49,5.4,242412,147483144.0,1.66,-0.18,-0.01,0.19
1419,2020-11-03,5.46,5.5,5.55,5.45,288680,177813262.0,1.85,1.66,0.09,0.23
1420,2020-11-04,5.56,5.55,5.59,5.5,238088,147393631.0,1.64,0.91,0.05,0.19
1421,2020-11-05,5.58,5.56,5.59,5.53,188726,116845225.0,1.08,0.18,0.01,0.15
1422,2020-11-06,5.56,5.57,5.58,5.49,207702,128415474.0,1.62,0.18,0.01,0.16
1423,2020-11-09,5.57,5.62,5.63,5.57,230311,143795384.0,1.08,0.9,0.05,0.18
1424,2020-11-10,5.66,5.6,5.68,5.59,237498,149181535.0,1.6,-0.36,-0.02,0.19
1425,2020-11-11,5.61,5.63,5.67,5.58,206179,129240809.0,1.61,0.54,0.03,0.16
1426,2020-11-12,5.63,5.66,5.7,5.62,240398,151478891.0,1.42,0.53,0.03,0.19
1427,2020-11-13,5.65,5.55,5.65,5.54,185141,115014421.0,1.94,-1.94,-0.11,0.14
1428,2020-11-16,5.54,5.61,5.62,5.54,146709,91488619.0,1.44,1.08,0.06,0.11
1429,2020-11-17,5.61,5.64,5.66,5.6,168301,105492818.0,1.07,0.53,0.03,0.13
1430,2020-11-18,5.65,5.74,5.77,5.62,466091,296158560.0,2.66,1.77,0.1,0.36
1431,2020-11-19,5.72,5.73,5.77,5.71,278743,177595735.0,1.05,-0.17,-0.01,0.22
1432,2020-11-20,5.71,5.71,5.74,5.67,183924,116533477.0,1.22,-0.35,-0.02,0.14
1433,2020-11-23,5.7,5.8,5.81,5.69,348663,223517238.0,2.1,1.58,0.09,0.27
1434,2020-11-24,5.8,5.76,5.81,5.75,217914,139883551.0,1.03,-0.69,-0.04,0.17
1435,2020-11-25,5.8,5.72,5.83,5.71,230436,147830841.0,2.08,-0.69,-0.04,0.18
1436,2020-11-26,5.71,5.77,5.8,5.71,219162,140468761.0,1.57,0.87,0.05,0.17
1437,2020-11-27,5.78,5.89,5.89,5.78,459621,297678464.0,1.91,2.08,0.12,0.36
1438,2020-11-30,5.91,5.89,6.11,5.83,949294,630802064.0,4.75,0.0,0.0,0.74
1439,2020-12-01,5.86,6.04,6.06,5.79,626209,412937920.0,4.58,2.55,0.15,0.49
1440,2020-12-02,6.04,5.96,6.04,5.91,551773,364201136.0,2.15,-1.32,-0.08,0.43
1441,2020-12-03,5.94,6.07,6.1,5.94,645748,430032448.0,2.68,1.85,0.11,0.5
1442,2020-12-04,6.01,5.91,6.03,5.85,460019,301841840.0,2.97,-2.64,-0.16,0.36
1443,2020-12-07,5.88,5.8,5.92,5.77,297100,191766824.0,2.54,-1.86,-0.11,0.23
1444,2020-12-08,5.8,5.79,5.84,5.76,198721,127797333.0,1.38,-0.17,-0.01,0.15
1445,2020-12-09,5.81,5.73,5.84,5.72,248973,160013241.0,2.07,-1.04,-0.06,0.19
1446,2020-12-10,5.72,5.67,5.75,5.62,238581,150874621.0,2.27,-1.05,-0.06,0.19
1447,2020-12-11,5.68,5.67,5.69,5.56,400171,250096110.0,2.29,0.0,0.0,0.31
1448,2020-12-14,5.62,5.62,5.65,5.58,216452,135295625.0,1.23,-0.88,-0.05,0.17
1449,2020-12-15,5.61,5.58,5.61,5.52,224721,139005899.0,1.6,-0.71,-0.04,0.18
1450,2020-12-16,5.58,5.54,5.63,5.54,213690,133093329.0,1.61,-0.72,-0.04,0.17
1451,2020-12-17,5.54,5.6,5.61,5.54,173581,107982177.0,1.26,1.08,0.06,0.14
1452,2020-12-18,5.59,5.59,5.63,5.57,150797,94042457.0,1.07,-0.18,-0.01,0.12
1453,2020-12-21,5.59,5.6,5.62,5.56,131371,81852468.0,1.07,0.18,0.01,0.1
1454,2020-12-22,5.59,5.54,5.6,5.52,175321,108670014.0,1.43,-1.07,-0.06,0.14
1455,2020-12-23,5.54,5.54,5.55,5.49,151970,93657059.0,1.08,0.0,0.0,0.12
1456,2020-12-24,5.54,5.53,5.58,5.5,109642,67734194.0,1.44,-0.18,-0.01,0.09
1457,2020-12-25,5.51,5.53,5.57,5.51,166728,102964436.0,1.08,0.0,0.0,0.13
1458,2020-12-28,5.52,5.5,5.54,5.48,142068,87339651.0,1.08,-0.54,-0.03,0.11
1459,2020-12-29,5.5,5.51,5.53,5.49,138161,84991588.0,0.73,0.18,0.01,0.11
1460,2020-12-30,5.5,5.55,5.55,5.48,171217,105291236.0,1.27,0.73,0.04,0.13
1461,2020-12-31,5.53,5.61,5.64,5.53,323628,202126611.0,1.98,1.08,0.06,0.25
1462,2021-01-04,5.58,5.57,5.6,5.53,264377,164027791.0,1.25,-0.71,-0.04,0.21
1463,2021-01-05,5.55,5.62,5.65,5.51,313294,194585331.0,2.51,0.9,0.05,0.24
1464,2021-01-06,5.61,5.63,5.66,5.58,271606,169912525.0,1.42,0.18,0.01,0.21
1465,2021-01-07,5.63,5.6,5.66,5.53,253980,158152058.0,2.31,-0.53,-0.03,0.2
1466,2021-01-08,5.6,5.61,5.64,5.57,207394,129474262.0,1.25,0.18,0.01,0.16
1467,2021-01-11,5.59,5.53,5.66,5.49,370003,230183171.0,3.03,-1.43,-0.08,0.29
1468,2021-01-12,5.52,5.52,5.55,5.4,499545,305286640.0,2.71,-0.18,-0.01,0.39
1469,2021-01-13,5.5,5.52,5.54,5.42,299853,183549194.0,2.17,0.0,0.0,0.23
1470,2021-01-14,5.51,5.53,5.6,5.49,352828,218091016.0,1.99,0.18,0.01,0.28
1471,2021-01-15,5.56,5.59,5.73,5.55,586475,368326160.0,3.25,1.08,0.06,0.46
1472,2021-01-18,5.61,5.61,5.64,5.55,373509,233159546.0,1.61,0.36,0.02,0.29
1473,2021-01-19,5.62,5.67,5.69,5.57,346367,217440200.0,2.14,1.07,0.06,0.27
1474,2021-01-20,5.65,5.6,5.7,5.58,298605,186920666.0,2.12,-1.23,-0.07,0.23
1475,2021-01-21,5.61,5.59,5.63,5.57,255854,159658262.0,1.07,-0.18,-0.01,0.2
1476,2021-01-22,5.59,5.47,5.59,5.45,409493,251035333.0,2.5,-2.15,-0.12,0.32
1477,2021-01-25,5.47,5.46,5.48,5.42,257179,156469023.0,1.1,-0.18,-0.01,0.2
1478,2021-01-26,5.45,5.45,5.5,5.42,226737,138148129.0,1.47,-0.18,-0.01,0.18
1479,2021-01-27,5.44,5.45,5.53,5.44,256848,157226491.0,1.65,0.0,0.0,0.2
1480,2021-01-28,5.43,5.43,5.44,5.4,288859,175144145.0,0.73,-0.37,-0.02,0.23
1481,2021-01-29,5.44,5.46,5.52,5.41,380013,232196261.0,2.03,0.55,0.03,0.3
1482,2021-02-01,5.46,5.72,5.76,5.44,903591,566562880.0,5.86,4.76,0.26,0.7
1483,2021-02-02,5.67,5.74,5.87,5.67,1067073,684663248.0,3.5,0.35,0.02,0.83
1484,2021-02-03,5.73,5.77,5.84,5.68,643668,412474624.0,2.79,0.52,0.03,0.5
1485,2021-02-04,5.74,5.78,5.92,5.73,956462,617060976.0,3.29,0.17,0.01,0.75
1486,2021-02-05,5.77,5.9,5.93,5.76,974189,633933952.0,2.94,2.08,0.12,0.76
1487,2021-02-08,5.87,5.81,5.9,5.76,774880,500680672.0,2.37,-1.53,-0.09,0.6
1488,2021-02-09,5.77,5.76,5.81,5.68,616745,392359664.0,2.24,-0.86,-0.05,0.48
1489,2021-02-10,5.74,5.68,5.81,5.65,599501,381090576.0,2.78,-1.39,-0.08,0.47
1490,2021-02-18,5.73,5.69,5.78,5.67,802215,510108736.0,1.94,0.18,0.01,0.63
1491,2021-02-19,5.69,5.72,5.76,5.66,764539,486272720.0,1.76,0.53,0.03,0.6
1492,2021-02-22,5.75,5.73,5.85,5.71,1012004,647511328.0,2.45,0.17,0.01,0.79
1493,2021-02-23,5.71,5.69,5.79,5.67,1127315,718351200.0,2.09,-0.7,-0.04,0.88
1494,2021-02-24,5.69,5.61,5.72,5.58,886857,558207488.0,2.46,-1.41,-0.08,0.69
1495,2021-02-25,5.63,5.71,5.73,5.61,795469,502737488.0,2.14,1.78,0.1,0.62
1496,2021-02-26,5.66,5.6,5.71,5.6,561885,352937648.0,1.93,-1.93,-0.11,0.44
1497,2021-03-01,5.62,5.61,5.64,5.58,474761,296577408.0,1.07,0.18,0.01,0.37
1498,2021-03-02,5.62,5.57,5.64,5.55,481774,300172080.0,1.6,-0.71,-0.04,0.38
1499,2021-03-03,5.61,5.75,5.77,5.6,770474,488266064.0,3.05,3.23,0.18,0.6
1500,2021-03-04,5.71,5.73,5.78,5.7,592876,378512672.0,1.39,-0.35,-0.02,0.46
1501,2021-03-05,5.7,5.75,5.78,5.7,529571,337738880.0,1.4,0.35,0.02,0.41
1502,2021-03-08,5.76,5.78,5.84,5.75,681228,438269056.0,1.57,0.52,0.03,0.53
1503,2021-03-09,5.8,5.75,5.84,5.71,654858,419572352.0,2.25,-0.52,-0.03,0.51
1504,2021-03-10,5.75,5.74,5.81,5.72,509809,326762176.0,1.57,-0.17,-0.01,0.4
1505,2021-03-11,5.77,5.93,5.98,5.76,1109821,722148384.0,3.83,3.31,0.19,0.87
1506,2021-03-12,5.9,5.93,5.98,5.88,533808,350719168.0,1.69,0.0,0.0,0.42
1507,2021-03-15,5.94,5.97,6.01,5.91,564988,373434896.0,1.69,0.67,0.04,0.44
1508,2021-03-16,5.95,5.97,6.02,5.92,417324,275610976.0,1.68,0.0,0.0,0.33
1509,2021-03-17,5.93,5.91,5.98,5.88,437192,286638464.0,1.68,-1.01,-0.06,0.34
1510,2021-03-18,5.91,5.98,6.02,5.9,390337,257916517.0,2.03,1.18,0.07,0.3
1511,2021-03-19,5.98,5.86,6.0,5.82,479952,313781616.0,3.01,-2.01,-0.12,0.37
1512,2021-03-22,5.84,5.88,5.94,5.83,366446,239279742.0,1.88,0.34,0.02,0.29
1513,2021-03-23,5.88,5.83,5.92,5.81,337593,219031920.0,1.87,-0.85,-0.05,0.26
1514,2021-03-24,5.82,5.79,5.84,5.76,322491,207457436.0,1.37,-0.69,-0.04,0.25
1515,2021-03-25,5.79,5.75,5.81,5.74,240194,154121866.0,1.21,-0.69,-0.04,0.19
1516,2021-03-26,5.76,5.81,5.84,5.74,408163,262905289.0,1.74,1.04,0.06,0.32
1517,2021-03-29,5.81,5.84,5.85,5.78,308000,198878936.0,1.2,0.52,0.03,0.24
1518,2021-03-30,5.82,5.84,5.84,5.78,286537,184596958.0,1.03,0.0,0.0,0.22
1519,2021-03-31,5.81,5.8,5.84,5.74,380656,244385162.0,1.71,-0.68,-0.04,0.3
1520,2021-04-01,5.79,5.79,5.81,5.75,227054,145707649.0,1.03,-0.17,-0.01,0.18
1521,2021-04-02,5.79,5.75,5.79,5.73,251857,161029055.0,1.04,-0.69,-0.04,0.2
1522,2021-04-06,5.73,5.73,5.76,5.73,196624,125408402.0,0.52,-0.35,-0.02,0.15
1523,2021-04-07,5.73,5.74,5.75,5.71,261834,166688675.0,0.7,0.17,0.01,0.2
1524,2021-04-08,5.73,5.7,5.73,5.7,224854,142873393.0,0.52,-0.7,-0.04,0.18
1525,2021-04-09,5.7,5.7,5.72,5.69,215031,136353831.0,0.53,0.0,0.0,0.17
1526,2021-04-12,5.7,5.72,5.74,5.68,280832,178514529.0,1.05,0.35,0.02,0.22
1527,2021-04-13,5.72,5.65,5.75,5.63,291979,184269730.0,2.1,-1.22,-0.07,0.23
1528,2021-04-14,5.65,5.63,5.66,5.61,179919,112832570.0,0.88,-0.35,-0.02,0.14
1529,2021-04-15,5.64,5.61,5.64,5.58,198080,123585492.0,1.07,-0.36,-0.02,0.15
1530,2021-04-16,5.62,5.64,5.65,5.59,180604,113171909.0,1.07,0.53,0.03,0.14
1531,2021-04-19,5.64,5.67,5.67,5.6,208281,130948765.0,1.24,0.53,0.03,0.16
1532,2021-04-20,5.66,5.64,5.67,5.63,185111,116353848.0,0.71,-0.53,-0.03,0.14
1533,2021-04-21,5.62,5.64,5.67,5.62,188263,118426844.0,0.89,0.0,0.0,0.15
1534,2021-04-22,5.65,5.61,5.66,5.6,201519,126408141.0,1.06,-0.53,-0.03,0.16
1535,2021-04-23,5.62,5.6,5.62,5.58,187181,116749724.0,0.71,-0.18,-0.01,0.15
1536,2021-04-26,5.61,5.55,5.63,5.55,241750,150529178.0,1.43,-0.89,-0.05,0.19
1537,2021-04-27,5.56,5.54,5.56,5.51,185767,114642453.0,0.9,-0.18,-0.01,0.14
1538,2021-04-28,5.54,5.53,5.55,5.51,134268,82732769.0,0.72,-0.18,-0.01,0.1
1539,2021-04-29,5.53,5.61,5.63,5.52,215556,134110324.0,1.99,1.45,0.08,0.17
1540,2021-04-30,5.67,5.6,5.67,5.55,336290,209904869.0,2.14,-0.18,-0.01,0.26
1541,2021-05-06,5.59,5.62,5.69,5.58,327190,205587645.0,1.96,0.36,0.02,0.26
1542,2021-05-07,5.63,5.64,5.68,5.62,349048,219609528.0,1.07,0.36,0.02,0.27
1543,2021-05-10,5.64,5.61,5.65,5.57,258580,161517411.0,1.42,-0.53,-0.03,0.2
1544,2021-05-11,5.6,5.65,5.67,5.59,259447,162740248.0,1.43,0.71,0.04,0.2
1545,2021-05-12,5.63,5.71,5.72,5.63,323768,204863529.0,1.59,1.06,0.06,0.25
1546,2021-05-13,5.71,5.72,5.77,5.7,369261,234988395.0,1.23,0.18,0.01,0.29
1547,2021-05-14,5.73,5.75,5.76,5.7,389073,248010894.0,1.05,0.52,0.03,0.3
1548,2021-05-17,5.75,5.8,5.84,5.74,475417,305944160.0,1.74,0.87,0.05,0.37
1549,2021-05-18,5.78,5.77,5.79,5.75,194812,124845670.0,0.69,-0.52,-0.03,0.15
1550,2021-05-19,5.77,5.78,5.78,5.72,285538,182523931.0,1.04,0.17,0.01,0.22
1551,2021-05-20,5.76,5.8,5.81,5.74,245088,157198863.0,1.21,0.35,0.02,0.19
1552,2021-05-21,5.81,5.8,5.83,5.76,263049,169200053.0,1.21,0.0,0.0,0.21
1553,2021-05-24,5.76,5.79,5.81,5.76,197177,126699257.0,0.86,-0.17,-0.01,0.15
1554,2021-05-25,5.78,5.85,5.86,5.76,436837,282501168.0,1.73,1.04,0.06,0.34
1555,2021-05-26,5.84,5.82,5.86,5.81,334124,216364694.0,0.85,-0.51,-0.03,0.26
1556,2021-05-27,5.82,5.79,5.82,5.77,392469,252484987.0,0.86,-0.52,-0.03,0.31
1557,2021-05-28,5.79,5.79,5.82,5.75,297330,190940334.0,1.21,0.0,0.0,0.23
1558,2021-05-31,5.8,5.79,5.81,5.74,229970,147304932.0,1.21,0.0,0.0,0.18
1559,2021-06-01,5.76,5.74,5.77,5.73,228974,146219160.0,0.69,-0.86,-0.05,0.18
1560,2021-06-02,5.75,5.75,5.76,5.71,244065,155510127.0,0.87,0.17,0.01,0.19
1561,2021-06-03,5.74,5.72,5.77,5.71,225761,143807551.0,1.04,-0.52,-0.03,0.18
1562,2021-06-04,5.71,5.72,5.76,5.69,238707,151848799.0,1.22,0.0,0.0,0.19
1563,2021-06-07,5.72,5.73,5.74,5.69,204554,129960689.0,0.87,0.17,0.01,0.16
1564,2021-06-08,5.72,5.72,5.74,5.69,190190,120834284.0,0.87,-0.17,-0.01,0.15
1565,2021-06-09,5.72,5.71,5.73,5.7,124500,79069002.0,0.52,-0.17,-0.01,0.1
1566,2021-06-10,5.71,5.68,5.74,5.67,229371,145611030.0,1.23,-0.53,-0.03,0.18
1567,2021-06-11,5.69,5.67,5.7,5.64,184245,116332002.0,1.06,-0.18,-0.01,0.14
1568,2021-06-15,5.66,5.58,5.66,5.56,269784,168263699.0,1.76,-1.59,-0.09,0.21
1569,2021-06-16,5.58,5.59,5.62,5.57,162147,101100648.0,0.9,0.18,0.01,0.13
1570,2021-06-17,5.6,5.59,5.64,5.57,122013,76187731.0,1.25,0.0,0.0,0.1
1571,2021-06-18,5.59,5.56,5.6,5.56,191596,119033805.0,0.72,-0.54,-0.03,0.15
1572,2021-06-21,5.57,5.56,5.58,5.54,137550,85207928.0,0.72,0.0,0.0,0.11
1573,2021-06-22,5.57,5.57,5.6,5.56,175992,109439306.0,0.72,0.18,0.01,0.14
1574,2021-06-23,5.57,5.59,5.6,5.55,117098,72824640.0,0.9,0.36,0.02,0.09
1575,2021-06-24,5.58,5.6,5.61,5.58,121981,76059671.0,0.54,0.18,0.01,0.1
1576,2021-06-25,5.59,5.62,5.64,5.59,195860,122587732.0,0.89,0.36,0.02,0.15
1577,2021-06-28,5.62,5.59,5.63,5.57,140907,87773350.0,1.07,-0.53,-0.03,0.11
1578,2021-06-29,5.59,5.54,5.6,5.53,210356,130488530.0,1.25,-0.89,-0.05,0.16
1579,2021-06-30,5.54,5.55,5.57,5.53,137796,85283527.0,0.72,0.18,0.01,0.11
1580,2021-07-01,5.55,5.55,5.58,5.54,191946,119029131.0,0.72,0.0,0.0,0.15
1581,2021-07-02,5.56,5.54,5.59,5.52,261956,162111198.0,1.26,-0.18,-0.01,0.2
1582,2021-07-05,5.56,5.52,5.56,5.51,228170,140696213.0,0.9,-0.36,-0.02,0.18
1583,2021-07-06,5.53,5.57,5.57,5.52,293241,181474434.0,0.91,0.91,0.05,0.23
1584,2021-07-07,5.56,5.55,5.59,5.54,222285,137708078.0,0.9,-0.36,-0.02,0.17
1585,2021-07-08,5.57,5.51,5.57,5.5,343960,211934351.0,1.26,-0.72,-0.04,0.27
1586,2021-07-09,5.53,5.48,5.55,5.48,369057,215912418.0,1.27,-0.54,-0.03,0.29
1587,2021-07-12,5.51,5.44,5.52,5.43,328276,190848266.0,1.64,-0.73,-0.04,0.26
1588,2021-07-13,5.45,5.45,5.49,5.44,216251,125313265.0,0.92,0.18,0.01,0.17
1589,2021-07-14,5.45,5.4,5.47,5.39,287309,165358972.0,1.47,-0.92,-0.05,0.22
1590,2021-07-15,5.41,5.45,5.47,5.39,229723,132773859.0,1.48,0.93,0.05,0.18
1591,2021-07-16,5.44,5.44,5.46,5.42,138240,79898058.0,0.73,-0.18,-0.01,0.11
1592,2021-07-19,5.43,5.45,5.45,5.37,181245,104209532.0,1.47,0.18,0.01,0.14
1593,2021-07-20,5.42,5.41,5.43,5.39,117404,67444622.0,0.73,-0.73,-0.04,0.09
1594,2021-07-21,5.42,5.41,5.45,5.4,128326,73884671.0,0.92,0.0,0.0,0.1
1595,2021-07-22,5.42,5.43,5.46,5.41,136275,78689764.0,0.92,0.37,0.02,0.11
1596,2021-07-23,5.42,5.42,5.44,5.4,119046,68516619.0,0.74,-0.18,-0.01,0.09
1597,2021-07-26,5.41,5.3,5.42,5.3,273024,155120673.0,2.21,-2.21,-0.12,0.21
1598,2021-07-27,5.3,5.21,5.33,5.21,238821,134365423.0,2.26,-1.7,-0.09,0.19
1599,2021-07-28,5.21,5.19,5.24,5.18,236248,131134100.0,1.15,-0.38,-0.02,0.18
1600,2021-07-29,5.21,5.15,5.22,5.13,206313,113566072.0,1.73,-0.77,-0.04,0.16
1601,2021-07-30,5.13,5.14,5.15,5.08,162585,88715491.0,1.36,-0.19,-0.01,0.13
1602,2021-08-02,5.13,5.21,5.24,5.09,203040,112029798.0,2.92,1.36,0.07,0.16
1603,2021-08-03,5.18,5.17,5.2,5.15,147676,81398708.0,0.96,-0.77,-0.04,0.12
1604,2021-08-04,5.17,5.15,5.18,5.14,122430,67228513.0,0.77,-0.39,-0.02,0.1
1605,2021-08-05,5.14,5.15,5.2,5.13,146933,80842341.0,1.36,0.0,0.0,0.11
1606,2021-08-06,5.14,5.15,5.16,5.11,104102,56985370.0,0.97,0.0,0.0,0.08
1607,2021-08-09,5.14,5.21,5.25,5.13,224630,124655648.0,2.33,1.17,0.06,0.18
1608,2021-08-10,5.2,5.22,5.24,5.17,191797,106222340.0,1.34,0.19,0.01,0.15
1609,2021-08-11,5.21,5.24,5.28,5.18,197076,110028551.0,1.92,0.38,0.02,0.15
1610,2021-08-12,5.24,5.22,5.24,5.21,115056,64030526.0,0.57,-0.38,-0.02,0.09
1611,2021-08-13,5.21,5.22,5.23,5.2,101877,56578693.0,0.57,0.0,0.0,0.08
1612,2021-08-16,5.22,5.23,5.25,5.2,122272,68139831.0,0.96,0.19,0.01,0.1
1613,2021-08-17,5.23,5.22,5.27,5.19,224817,125268500.0,1.53,-0.19,-0.01,0.18
1614,2021-08-18,5.2,5.29,5.3,5.18,242043,135405485.0,2.3,1.34,0.07,0.19
1615,2021-08-19,5.28,5.23,5.29,5.21,176216,98340235.0,1.51,-1.13,-0.06,0.14
1616,2021-08-20,5.22,5.21,5.25,5.2,223473,124212779.0,0.96,-0.38,-0.02,0.17
1617,2021-08-23,5.21,5.22,5.25,5.2,161848,89982585.0,0.96,0.19,0.01,0.13
1618,2021-08-24,5.22,5.21,5.24,5.18,187501,104093818.0,1.15,-0.19,-0.01,0.15
1619,2021-08-25,5.21,5.2,5.23,5.19,144952,80351670.0,0.77,-0.19,-0.01,0.11
1620,2021-08-26,5.2,5.17,5.2,5.17,177605,98093539.0,0.58,-0.58,-0.03,0.14
1621,2021-08-27,5.18,5.18,5.2,5.17,140842,77748895.0,0.58,0.19,0.01,0.11
1622,2021-08-30,5.17,5.14,5.18,5.13,220462,120922891.0,0.97,-0.77,-0.04,0.17
1623,2021-08-31,5.16,5.26,5.26,5.15,365179,202673327.0,2.14,2.33,0.12,0.28
1624,2021-09-01,5.26,5.33,5.35,5.24,443513,250357141.0,2.09,1.33,0.07,0.35
1625,2021-09-02,5.33,5.32,5.35,5.3,254761,144243402.0,0.94,-0.19,-0.01,0.2
1626,2021-09-03,5.35,5.38,5.43,5.31,365765,208888712.0,2.26,1.13,0.06,0.29
1627,2021-09-06,5.35,5.36,5.39,5.34,280895,160390002.0,0.93,-0.37,-0.02,0.22
1628,2021-09-07,5.37,5.41,5.42,5.34,311411,178041242.0,1.49,0.93,0.05,0.24
1629,2021-09-08,5.4,5.44,5.47,5.4,247393,142776327.0,1.29,0.55,0.03,0.19
1630,2021-09-09,5.42,5.43,5.45,5.39,220113,126910471.0,1.1,-0.18,-0.01,0.17
1631,2021-09-10,5.42,5.47,5.53,5.42,412309,240239060.0,2.03,0.74,0.04,0.32
1632,2021-09-13,5.47,5.45,5.48,5.42,278557,161234685.0,1.1,-0.37,-0.02,0.22
1633,2021-09-14,5.45,5.35,5.47,5.34,320474,183815965.0,2.39,-1.83,-0.1,0.25
1634,2021-09-15,5.33,5.34,5.37,5.31,261568,148443758.0,1.12,-0.19,-0.01,0.2
1635,2021-09-16,5.33,5.3,5.38,5.3,254733,144547547.0,1.5,-0.75,-0.04,0.2
1636,2021-09-17,5.31,5.27,5.32,5.24,197979,111200672.0,1.51,-0.57,-0.03,0.15
1637,2021-09-22,5.18,5.24,5.25,5.17,210899,116886026.0,1.52,-0.57,-0.03,0.16
1638,2021-09-23,5.25,5.28,5.35,5.24,203082,114638174.0,2.1,0.76,0.04,0.16
1639,2021-09-24,5.3,5.29,5.32,5.27,219039,123358507.0,0.95,0.19,0.01,0.17
1640,2021-09-27,5.28,5.23,5.28,5.2,172220,96136730.0,1.51,-1.13,-0.06,0.13
1641,2021-09-28,5.23,5.25,5.28,5.22,140830,78793427.0,1.15,0.38,0.02,0.11
1642,2021-09-29,5.23,5.24,5.27,5.21,194932,108665281.0,1.14,-0.19,-0.01,0.15
1643,2021-09-30,5.24,5.23,5.25,5.2,137043,76246227.0,0.95,-0.19,-0.01,0.11
1644,2021-10-08,5.26,5.32,5.34,5.25,269707,152308609.0,1.72,1.72,0.09,0.21
1645,2021-10-11,5.34,5.38,5.41,5.33,279154,159901246.0,1.5,1.13,0.06,0.22
1646,2021-10-12,5.37,5.36,5.4,5.32,189158,107840569.0,1.49,-0.37,-0.02,0.15
1647,2021-10-13,5.36,5.34,5.37,5.31,110791,62935828.0,1.12,-0.37,-0.02,0.09
1648,2021-10-14,5.35,5.31,5.35,5.3,108353,61270302.0,0.94,-0.56,-0.03,0.08
1649,2021-10-15,5.3,5.3,5.33,5.29,136067,76824122.0,0.75,-0.19,-0.01,0.11
1650,2021-10-18,5.31,5.31,5.31,5.27,140231,78977448.0,0.75,0.19,0.01,0.11
1651,2021-10-19,5.31,5.31,5.34,5.29,147614,83464775.0,0.94,0.0,0.0,0.12
1652,2021-10-20,5.31,5.29,5.33,5.28,120600,67977859.0,0.94,-0.38,-0.02,0.09
1653,2021-10-21,5.31,5.38,5.38,5.29,258215,146730166.0,1.7,1.7,0.09,0.2
1654,2021-10-22,5.38,5.39,5.42,5.35,193201,110544302.0,1.3,0.19,0.01,0.15
1655,2021-10-25,5.37,5.36,5.38,5.31,157543,89603271.0,1.3,-0.56,-0.03,0.12
1656,2021-10-26,5.37,5.36,5.39,5.35,127215,72585087.0,0.75,0.0,0.0,0.1
1657,2021-10-27,5.35,5.29,5.36,5.27,189917,107096760.0,1.68,-1.31,-0.07,0.15
1658,2021-10-28,5.29,5.23,5.3,5.22,188476,105345610.0,1.51,-1.13,-0.06,0.15
1659,2021-10-29,5.25,5.29,5.29,5.24,163361,91587000.0,0.96,1.15,0.06,0.13
1660,2021-11-01,5.27,5.3,5.35,5.23,258754,145880166.0,2.27,0.19,0.01,0.2
1661,2021-11-02,5.31,5.22,5.31,5.19,299496,167298024.0,2.26,-1.51,-0.08,0.23
1662,2021-11-03,5.22,5.22,5.24,5.2,133147,74018375.0,0.77,0.0,0.0,0.1
1663,2021-11-04,5.22,5.2,5.23,5.18,170260,94357495.0,0.96,-0.38,-0.02,0.13
1664,2021-11-05,5.2,5.19,5.2,5.16,124098,68484233.0,0.77,-0.19,-0.01,0.1
1665,2021-11-08,5.19,5.17,5.2,5.16,111548,61543453.0,0.77,-0.39,-0.02,0.09
1666,2021-11-09,5.18,5.18,5.2,5.17,111502,61552351.0,0.58,0.19,0.01,0.09
1667,2021-11-10,5.18,5.18,5.19,5.15,110148,60676754.0,0.77,0.0,0.0,0.09
1668,2021-11-11,5.18,5.25,5.25,5.17,163293,90797497.0,1.54,1.35,0.07,0.13
1669,2021-11-12,5.25,5.2,5.25,5.2,124568,69215664.0,0.95,-0.95,-0.05,0.1
1670,2021-11-15,5.2,5.23,5.24,5.2,97550,54245990.0,0.77,0.58,0.03,0.08
1671,2021-11-16,5.23,5.21,5.24,5.19,106850,59405101.0,0.96,-0.38,-0.02,0.08
1672,2021-11-17,5.2,5.2,5.22,5.19,108966,60372959.0,0.58,-0.19,-0.01,0.08
1673,2021-11-18,5.19,5.27,5.74,5.19,371387,208281118.0,10.58,1.35,0.07,0.29
1674,2021-11-19,5.27,5.29,5.29,5.23,257140,144072769.0,1.14,0.38,0.02,0.2
1675,2021-11-22,5.27,5.26,5.29,5.25,165348,92735230.0,0.76,-0.57,-0.03,0.13
1676,2021-11-23,5.27,5.29,5.29,5.26,140563,79005203.0,0.57,0.57,0.03,0.11
1677,2021-11-24,5.29,5.29,5.31,5.26,122441,68850519.0,0.95,0.0,0.0,0.1
1678,2021-11-25,5.29,5.33,5.35,5.27,241904,136857289.0,1.51,0.76,0.04,0.19
1679,2021-11-26,5.33,5.36,5.37,5.3,259126,147247817.0,1.31,0.56,0.03,0.2
1680,2021-11-29,5.33,5.34,5.41,5.3,283822,161663909.0,2.05,-0.37,-0.02,0.22
1681,2021-11-30,5.32,5.3,5.36,5.28,241157,136302023.0,1.5,-0.75,-0.04,0.19
1682,2021-12-01,5.29,5.33,5.34,5.29,157990,89369409.0,0.94,0.57,0.03,0.12
1683,2021-12-02,5.33,5.32,5.34,5.3,174083,98610808.0,0.75,-0.19,-0.01,0.14
1684,2021-12-03,5.32,5.35,5.36,5.28,239528,135579372.0,1.5,0.56,0.03,0.19
1685,2021-12-06,5.35,5.34,5.39,5.32,250805,142861153.0,1.31,-0.19,-0.01,0.2
1686,2021-12-07,5.36,5.36,5.37,5.33,240076,136664838.0,0.75,0.37,0.02,0.19
1687,2021-12-08,5.36,5.33,5.36,5.31,249155,141142158.0,0.93,-0.56,-0.03,0.19
1688,2021-12-09,5.32,5.35,5.41,5.31,381025,217197309.0,1.88,0.38,0.02,0.3
1689,2021-12-10,5.33,5.33,5.35,5.31,301914,171052784.0,0.75,-0.37,-0.02,0.24
1690,2021-12-13,5.33,5.29,5.35,5.29,314549,177832859.0,1.13,-0.75,-0.04,0.25
1691,2021-12-14,5.29,5.24,5.29,5.24,232592,130142982.0,0.95,-0.95,-0.05,0.18
1692,2021-12-15,5.24,5.24,5.26,5.23,108622,60696243.0,0.57,0.0,0.0,0.08
1693,2021-12-16,5.25,5.27,5.28,5.24,136675,76528763.0,0.76,0.57,0.03,0.11
1694,2021-12-17,5.26,5.24,5.27,5.23,178808,99871486.0,0.76,-0.57,-0.03,0.14
1695,2021-12-20,5.24,5.23,5.25,5.23,153890,85853901.0,0.38,-0.19,-0.01,0.12
1696,2021-12-21,5.24,5.27,5.29,5.23,160412,89895023.0,1.15,0.76,0.04,0.13
1697,2021-12-22,5.28,5.25,5.29,5.25,153344,85869643.0,0.76,-0.38,-0.02,0.12
1698,2021-12-23,5.25,5.26,5.26,5.24,103574,57930479.0,0.38,0.19,0.01,0.08
1699,2021-12-24,5.26,5.25,5.27,5.23,172286,96208707.0,0.76,-0.19,-0.01,0.13
1700,2021-12-27,5.24,5.25,5.26,5.24,118231,66065710.0,0.38,0.0,0.0,0.09
1701,2021-12-28,5.25,5.26,5.26,5.24,125918,70406399.0,0.38,0.19,0.01,0.1
1702,2021-12-29,5.25,5.26,5.26,5.24,109675,61331456.0,0.38,0.0,0.0,0.09
1703,2021-12-30,5.26,5.25,5.27,5.24,129215,72274831.0,0.57,-0.19,-0.01,0.1
1704,2021-12-31,5.25,5.26,5.27,5.24,181106,101293498.0,0.57,0.19,0.01,0.14
1705,2022-01-04,5.26,5.29,5.3,5.24,267401,150128761.0,1.14,0.57,0.03,0.21
1706,2022-01-05,5.28,5.33,5.35,5.28,360185,203766769.0,1.32,0.76,0.04,0.28
1707,2022-01-06,5.32,5.3,5.33,5.3,203674,115111935.0,0.56,-0.56,-0.03,0.16
1708,2022-01-07,5.3,5.36,5.39,5.3,371486,211523315.0,1.7,1.13,0.06,0.29
1709,2022-01-10,5.37,5.4,5.41,5.37,325086,186231783.0,0.75,0.75,0.04,0.25
1710,2022-01-11,5.4,5.41,5.47,5.39,346977,200200773.0,1.48,0.19,0.01,0.27
1711,2022-01-12,5.42,5.43,5.45,5.37,295075,169719517.0,1.48,0.37,0.02,0.23
1712,2022-01-13,5.43,5.44,5.48,5.41,271050,157093527.0,1.29,0.18,0.01,0.21
1713,2022-01-14,5.43,5.35,5.44,5.34,286693,163659343.0,1.84,-1.65,-0.09,0.22
1714,2022-01-17,5.34,5.35,5.4,5.34,151423,86381685.0,1.12,0.0,0.0,0.12
1715,2022-01-18,5.35,5.41,5.41,5.32,345144,197004258.0,1.68,1.12,0.06,0.27
1716,2022-01-19,5.39,5.42,5.43,5.39,281287,161793453.0,0.74,0.18,0.01,0.22
1717,2022-01-20,5.42,5.44,5.49,5.4,408374,236387342.0,1.66,0.37,0.02,0.32
1718,2022-01-21,5.44,5.4,5.45,5.36,345804,198511477.0,1.65,-0.74,-0.04,0.27
1719,2022-01-24,5.39,5.39,5.42,5.36,204345,117163759.0,1.11,-0.19,-0.01,0.16
1720,2022-01-25,5.39,5.29,5.39,5.29,300671,170826912.0,1.86,-1.86,-0.1,0.23
1721,2022-01-26,5.31,5.34,5.34,5.29,209177,118357666.0,0.95,0.95,0.05,0.16
1722,2022-01-27,5.34,5.31,5.36,5.29,238317,134920606.0,1.31,-0.56,-0.03,0.19
1723,2022-01-28,5.31,5.29,5.34,5.29,273812,154724634.0,0.94,-0.38,-0.02,0.21
1724,2022-02-07,5.33,5.43,5.44,5.31,418950,239638044.0,2.46,2.65,0.14,0.33
1725,2022-02-08,5.41,5.5,5.5,5.4,524835,304632864.0,1.84,1.29,0.07,0.41
1726,2022-02-09,5.48,5.48,5.52,5.45,393829,229341231.0,1.27,-0.36,-0.02,0.31
1727,2022-02-10,5.48,5.51,5.51,5.45,356580,207937660.0,1.09,0.55,0.03,0.28
1728,2022-02-11,5.49,5.51,5.55,5.48,474005,277649648.0,1.27,0.0,0.0,0.37
1729,2022-02-14,5.51,5.42,5.51,5.4,403849,233552346.0,2.0,-1.63,-0.09,0.31
1730,2022-02-15,5.41,5.38,5.44,5.37,265844,152566767.0,1.29,-0.74,-0.04,0.21
1731,2022-02-16,5.4,5.41,5.45,5.4,228083,131532044.0,0.93,0.56,0.03,0.18
1732,2022-02-17,5.41,5.39,5.45,5.39,210645,121183479.0,1.11,-0.37,-0.02,0.16
1733,2022-02-18,5.39,5.44,5.45,5.37,267898,153953184.0,1.48,0.93,0.05,0.21
1734,2022-02-21,5.43,5.41,5.43,5.38,363762,208902015.0,0.92,-0.55,-0.03,0.28
1735,2022-02-22,5.4,5.4,5.45,5.37,458739,263513594.0,1.48,-0.18,-0.01,0.36
1736,2022-02-23,5.42,5.4,5.44,5.38,391677,224895441.0,1.11,0.0,0.0,0.31
1737,2022-02-24,5.38,5.29,5.39,5.27,467760,265414728.0,2.22,-2.04,-0.11,0.36
1738,2022-02-25,5.3,5.3,5.33,5.28,279129,157498092.0,0.95,0.19,0.01,0.22
1739,2022-02-28,5.3,5.29,5.3,5.24,416949,234366543.0,1.13,-0.19,-0.01,0.33
1740,2022-03-01,5.29,5.32,5.33,5.28,209772,118350051.0,0.95,0.57,0.03,0.16
1741,2022-03-02,5.3,5.31,5.34,5.29,247198,139631471.0,0.94,-0.19,-0.01,0.19
1742,2022-03-03,5.32,5.35,5.37,5.31,413942,235161831.0,1.13,0.75,0.04,0.32
1743,2022-03-04,5.34,5.33,5.35,5.28,293688,166117335.0,1.31,-0.37,-0.02,0.23
1744,2022-03-07,5.31,5.26,5.32,5.25,271523,152796056.0,1.31,-1.31,-0.07,0.21
1745,2022-03-08,5.26,5.18,5.27,5.17,360994,200716243.0,1.9,-1.52,-0.08,0.28
1746,2022-03-09,5.19,5.07,5.2,4.96,497759,270508368.0,4.63,-2.12,-0.11,0.39
1747,2022-03-10,5.11,5.08,5.14,5.07,280797,152837352.0,1.38,0.2,0.01,0.22
1748,2022-03-11,5.06,5.1,5.11,4.98,320738,172128682.0,2.56,0.39,0.02,0.25
1749,2022-03-14,5.05,5.03,5.13,5.03,267395,144700716.0,1.96,-1.37,-0.07,0.21
1750,2022-03-15,5.02,4.81,5.02,4.81,551959,289656320.0,4.17,-4.37,-0.22,0.43
1751,2022-03-16,4.86,4.91,4.93,4.76,441601,228968321.0,3.53,2.08,0.1,0.34
1752,2022-03-17,4.96,4.92,4.98,4.91,344912,182108480.0,1.43,0.2,0.01,0.27
1753,2022-03-18,4.9,5.0,5.03,4.89,383295,203259727.0,2.85,1.63,0.08,0.3
1754,2022-03-21,4.99,4.95,5.0,4.93,240829,127688290.0,1.4,-1.0,-0.05,0.19
1755,2022-03-22,4.94,5.03,5.06,4.94,287140,153709228.0,2.42,1.62,0.08,0.22
1756,2022-03-23,5.03,5.02,5.04,4.98,238104,127494462.0,1.19,-0.2,-0.01,0.19
1757,2022-03-24,5.0,5.0,5.04,4.98,142813,76362548.0,1.2,-0.4,-0.02,0.11
1758,2022-03-25,5.0,5.02,5.05,4.99,206817,110789142.0,1.2,0.4,0.02,0.16
1759,2022-03-28,5.0,5.08,5.08,4.94,273987,147094461.0,2.79,1.2,0.06,0.21
1760,2022-03-29,5.06,5.06,5.08,5.03,194066,104800339.0,0.98,-0.39,-0.02,0.15
1761,2022-03-30,5.06,5.13,5.14,5.06,292093,159054663.0,1.58,1.38,0.07,0.23
1762,2022-03-31,5.12,5.22,5.25,5.1,415912,230602704.0,2.92,1.75,0.09,0.32
1763,2022-04-01,5.19,5.3,5.3,5.19,406518,227361975.0,2.11,1.53,0.08,0.32
1764,2022-04-06,5.27,5.39,5.41,5.26,605930,345896464.0,2.83,1.7,0.09,0.47
1765,2022-04-07,5.38,5.32,5.42,5.32,459973,262301096.0,1.86,-1.3,-0.07,0.36
1766,2022-04-08,5.32,5.36,5.38,5.28,349374,197977171.0,1.88,0.75,0.04,0.27
1767,2022-04-11,5.35,5.29,5.36,5.27,284134,160615708.0,1.68,-1.31,-0.07,0.22
1768,2022-04-12,5.3,5.32,5.35,5.23,321909,181474780.0,2.27,0.57,0.03,0.25
1769,2022-04-13,5.29,5.29,5.35,5.28,216512,122512388.0,1.32,-0.56,-0.03,0.17
1770,2022-04-14,5.31,5.3,5.33,5.29,156273,88326722.0,0.76,0.19,0.01,0.12
1771,2022-04-15,5.29,5.33,5.36,5.27,257205,145763369.0,1.7,0.57,0.03,0.2
1772,2022-04-18,5.29,5.22,5.31,5.21,254523,142310123.0,1.88,-2.06,-0.11,0.2
1773,2022-04-19,5.21,5.27,5.27,5.2,175934,98235976.0,1.34,0.96,0.05,0.14
1774,2022-04-20,5.27,5.23,5.29,5.22,207724,116226354.0,1.33,-0.76,-0.04,0.16
1775,2022-04-21,5.21,5.19,5.27,5.16,261868,145692532.0,2.1,-0.76,-0.04,0.2
1776,2022-04-22,5.17,5.26,5.3,5.16,269828,150656599.0,2.7,1.35,0.07,0.21
1777,2022-04-25,5.22,5.11,5.28,5.11,382143,211841482.0,3.23,-2.85,-0.15,0.3
1778,2022-04-26,5.12,5.04,5.17,5.04,303770,165384293.0,2.54,-1.37,-0.07,0.24
1779,2022-04-27,5.03,5.04,5.06,4.98,370312,198525820.0,1.59,0.0,0.0,0.29
1780,2022-04-28,5.03,5.05,5.1,4.98,353477,190183475.0,2.38,0.2,0.01,0.28
1781,2022-04-29,5.03,5.11,5.13,5.0,332511,179769195.0,2.57,1.19,0.06,0.26
1782,2022-05-05,5.1,5.04,5.12,5.03,404421,218504173.0,1.76,-1.37,-0.07,0.32
1783,2022-05-06,4.99,4.92,4.99,4.92,246122,130202396.0,1.39,-2.38,-0.12,0.19
1784,2022-05-09,4.91,4.93,4.94,4.9,123776,65096875.0,0.81,0.2,0.01,0.1
1785,2022-05-10,4.9,4.93,4.94,4.87,338398,177527437.0,1.42,0.0,0.0,0.26
1786,2022-05-11,4.92,4.93,4.98,4.91,299525,158229044.0,1.42,0.0,0.0,0.23
1787,2022-05-12,4.91,4.92,4.94,4.9,193309,101647286.0,0.81,-0.2,-0.01,0.15
1788,2022-05-13,4.93,4.97,4.97,4.92,172736,91470944.0,1.02,1.02,0.05,0.13
1789,2022-05-16,4.96,4.96,4.98,4.93,198169,104899522.0,1.01,-0.2,-0.01,0.15
1790,2022-05-17,4.96,4.97,4.98,4.92,168077,89040952.0,1.21,0.2,0.01,0.13
1791,2022-05-18,4.97,4.96,4.97,4.93,138185,73063538.0,0.8,-0.2,-0.01,0.11
1792,2022-05-19,4.92,4.95,4.95,4.9,145797,76848135.0,1.01,-0.2,-0.01,0.11
1793,2022-05-20,4.96,4.99,5.0,4.95,268810,142959973.0,1.01,0.81,0.04,0.21
1794,2022-05-23,5.0,4.98,5.01,4.97,198550,105687349.0,0.8,-0.2,-0.01,0.15
1795,2022-05-24,4.99,4.92,4.99,4.91,230461,121885869.0,1.61,-1.2,-0.06,0.18
1796,2022-05-25,4.92,4.94,4.95,4.91,135065,71253831.0,0.81,0.41,0.02,0.11
1797,2022-05-26,4.95,4.98,4.99,4.93,167226,88639535.0,1.21,0.81,0.04,0.13
1798,2022-05-27,4.99,4.98,5.0,4.95,142715,75881866.0,1.0,0.0,0.0,0.11
1799,2022-05-30,4.99,4.97,5.0,4.97,160711,85589998.0,0.6,-0.2,-0.01,0.13
1800,2022-05-31,4.98,4.98,5.03,4.96,283888,151534237.0,1.41,0.2,0.01,0.22
1801,2022-06-01,4.99,5.02,5.03,4.99,218130,116644466.0,0.8,0.8,0.04,0.17
1802,2022-06-02,5.01,5.02,5.02,4.99,162663,86955933.0,0.6,0.0,0.0,0.13
1803,2022-06-06,5.01,5.05,5.05,5.0,270282,145014382.0,1.0,0.6,0.03,0.21
1804,2022-06-07,5.05,5.07,5.08,5.03,359272,194064551.0,0.99,0.4,0.02,0.28
1805,2022-06-08,5.11,5.05,5.11,5.04,460389,233182490.0,1.38,-0.39,-0.02,0.36
1806,2022-06-09,5.05,5.07,5.08,5.04,244246,123704439.0,0.79,0.4,0.02,0.19
1807,2022-06-10,5.05,5.08,5.09,5.04,269545,136421712.0,0.99,0.2,0.01,0.21
1808,2022-06-13,5.06,5.06,5.09,5.04,234498,118716036.0,0.98,-0.39,-0.02,0.18
1809,2022-06-14,5.05,5.14,5.15,5.04,300780,153191850.0,2.17,1.58,0.08,0.23
1810,2022-06-15,5.14,5.22,5.29,5.13,525304,274721024.0,3.11,1.56,0.08,0.41
1811,2022-06-16,5.22,5.18,5.24,5.16,301645,156563736.0,1.53,-0.77,-0.04,0.24
1812,2022-06-17,5.16,5.18,5.2,5.13,203641,105314538.0,1.35,0.0,0.0,0.16
1813,2022-06-20,5.17,5.13,5.19,5.12,157694,81075821.0,1.35,-0.97,-0.05,0.12
1814,2022-06-21,5.12,5.16,5.17,5.12,124899,64316722.0,0.97,0.58,0.03,0.1
1815,2022-06-22,5.16,5.11,5.16,5.1,135685,69551407.0,1.16,-0.97,-0.05,0.11
1816,2022-06-23,5.12,5.15,5.15,5.1,141148,72406355.0,0.98,0.78,0.04,0.11
1817,2022-06-24,5.15,5.14,5.16,5.11,150653,77394405.0,0.97,-0.19,-0.01,0.12
1818,2022-06-27,5.14,5.14,5.16,5.13,146564,75374222.0,0.58,0.0,0.0,0.11
1819,2022-06-28,5.15,5.17,5.18,5.14,140893,72675515.0,0.78,0.58,0.03,0.11
1820,2022-06-29,5.17,5.19,5.23,5.16,192112,99831245.0,1.35,0.39,0.02,0.15
1821,2022-06-30,5.19,5.21,5.23,5.18,160368,83482190.0,0.96,0.39,0.02,0.13
1822,2022-07-01,5.21,5.19,5.22,5.17,120332,62439978.0,0.96,-0.38,-0.02,0.09
1823,2022-07-04,5.18,5.17,5.19,5.15,127232,65738628.0,0.77,-0.39,-0.02,0.1
1824,2022-07-05,5.17,5.17,5.2,5.15,129832,67235003.0,0.97,0.0,0.0,0.1
1825,2022-07-06,5.16,5.12,5.17,5.1,179213,91796262.0,1.35,-0.97,-0.05,0.14
1826,2022-07-07,5.13,5.11,5.14,5.1,105135,53823349.0,0.78,-0.2,-0.01,0.08
1827,2022-07-08,5.12,5.12,5.14,5.11,62945,32250507.0,0.59,0.2,0.01,0.05
1828,2022-07-11,5.12,5.13,5.15,5.11,135522,69560076.0,0.78,0.2,0.01,0.11
1829,2022-07-12,5.14,5.18,5.19,5.13,167827,86775435.0,1.17,0.97,0.05,0.13
1830,2022-07-13,5.18,5.14,5.19,5.13,157014,80980611.0,1.16,-0.77,-0.04,0.12
1831,2022-07-14,5.13,5.07,5.14,5.06,185631,94395455.0,1.56,-1.36,-0.07,0.14
1832,2022-07-15,5.08,5.02,5.1,5.02,192538,97522484.0,1.58,-0.99,-0.05,0.15
1833,2022-07-18,5.03,5.08,5.09,5.03,151457,76880630.0,1.2,1.2,0.06,0.12
1834,2022-07-19,5.09,5.14,5.15,5.07,177711,90928438.0,1.57,1.18,0.06,0.14
1835,2022-07-20,5.15,5.15,5.17,5.13,104484,53821253.0,0.78,0.19,0.01,0.08
1836,2022-07-21,5.16,5.1,5.16,5.1,106602,54667776.0,1.17,-0.97,-0.05,0.08
1837,2022-07-22,5.11,5.14,5.17,5.1,117833,60578434.0,1.37,0.78,0.04,0.09
1838,2022-07-25,5.13,5.15,5.16,5.12,80223,41264517.0,0.78,0.19,0.01,0.06
1839,2022-07-26,5.16,5.16,5.18,5.14,97561,50377943.0,0.78,0.19,0.01,0.08
1840,2022-07-27,5.15,5.14,5.16,5.13,72460,37271417.0,0.58,-0.39,-0.02,0.06
1841,2022-07-28,5.14,5.18,5.2,5.13,188946,97606078.0,1.36,0.78,0.04,0.15
1842,2022-07-29,5.18,5.12,5.19,5.11,138686,71358863.0,1.54,-1.16,-0.06,0.11
1843,2022-08-01,5.12,5.1,5.13,5.09,102679,52480152.0,0.78,-0.39,-0.02,0.08
1844,2022-08-02,5.09,5.05,5.09,5.01,228930,115312337.0,1.57,-0.98,-0.05,0.18
1845,2022-08-03,5.04,5.01,5.07,5.01,147110,74177986.0,1.19,-0.79,-0.04,0.11
1846,2022-08-04,5.03,5.03,5.05,5.02,81866,41199536.0,0.6,0.4,0.02,0.06
1847,2022-08-05,5.05,5.08,5.09,5.02,105479,53317130.0,1.39,0.99,0.05,0.08
1848,2022-08-08,5.07,5.06,5.09,5.06,80755,40969370.0,0.59,-0.39,-0.02,0.06
1849,2022-08-09,5.09,5.11,5.15,5.09,196987,101010801.0,1.19,0.99,0.05,0.15
1850,2022-08-10,5.12,5.14,5.16,5.12,113257,58189796.0,0.78,0.59,0.03,0.09
1851,2022-08-11,5.15,5.16,5.17,5.11,183393,94407044.0,1.17,0.39,0.02,0.14
1852,2022-08-12,5.17,5.16,5.17,5.14,130548,67353348.0,0.58,0.0,0.0,0.1
1853,2022-08-15,5.15,5.11,5.15,5.1,192697,98686800.0,0.97,-0.97,-0.05,0.15
1854,2022-08-16,5.11,5.1,5.13,5.09,152668,78003864.0,0.78,-0.2,-0.01,0.12
1855,2022-08-17,5.11,5.15,5.15,5.09,198131,101503066.0,1.18,0.98,0.05,0.15
1856,2022-08-18,5.13,5.1,5.14,5.1,142507,72850594.0,0.78,-0.97,-0.05,0.11
1857,2022-08-19,5.09,5.1,5.14,5.09,200029,102467592.0,0.98,0.0,0.0,0.16
1858,2022-08-22,5.11,5.11,5.12,5.09,136133,69549377.0,0.59,0.2,0.01,0.11
1859,2022-08-23,5.1,5.09,5.11,5.08,102128,51996944.0,0.59,-0.39,-0.02,0.08
1860,2022-08-24,5.09,5.1,5.13,5.08,191618,97830707.0,0.98,0.2,0.01,0.15
1861,2022-08-25,5.1,5.12,5.12,5.08,139479,71177530.0,0.78,0.39,0.02,0.11
1862,2022-08-26,5.12,5.11,5.13,5.1,132686,67845294.0,0.59,-0.2,-0.01,0.1
1863,2022-08-29,5.09,5.12,5.13,5.05,227531,115882507.0,1.57,0.2,0.01,0.18
1864,2022-08-30,5.12,5.13,5.18,5.1,301390,154960136.0,1.56,0.2,0.01,0.24
1865,2022-08-31,5.13,5.14,5.17,5.12,269329,138823662.0,0.97,0.19,0.01,0.21
1866,2022-09-01,5.16,5.16,5.19,5.14,260855,134934058.0,0.97,0.39,0.02,0.2
1867,2022-09-02,5.18,5.15,5.19,5.15,199908,103277104.0,0.78,-0.19,-0.01,0.16
1868,2022-09-05,5.16,5.22,5.22,5.13,350589,182068523.0,1.75,1.36,0.07,0.27
1869,2022-09-06,5.22,5.2,5.24,5.19,253296,132093827.0,0.96,-0.38,-0.02,0.2
1870,2022-09-07,5.2,5.18,5.21,5.16,174898,90581724.0,0.96,-0.38,-0.02,0.14
1871,2022-09-08,5.19,5.19,5.22,5.17,265947,138411871.0,0.97,0.19,0.01,0.21
1872,2022-09-09,5.21,5.24,5.26,5.18,308501,161429670.0,1.54,0.96,0.05,0.24
1873,2022-09-13,5.27,5.23,5.27,5.22,237471,124635574.0,0.95,-0.19,-0.01,0.19
1874,2022-09-14,5.2,5.19,5.22,5.18,175537,91334442.0,0.76,-0.76,-0.04,0.14
1875,2022-09-15,5.21,5.24,5.26,5.2,288391,151111249.0,1.16,0.96,0.05,0.22
1876,2022-09-16,5.24,5.13,5.25,5.13,272960,141058176.0,2.29,-2.1,-0.11,0.21
1877,2022-09-19,5.13,5.14,5.15,5.1,326379,167236345.0,0.97,0.19,0.01,0.25
1878,2022-09-20,5.15,5.11,5.16,5.1,191090,97893205.0,1.17,-0.58,-0.03,0.15
1879,2022-09-21,5.11,5.13,5.15,5.08,147375,75506195.0,1.37,0.39,0.02,0.11
1880,2022-09-22,5.12,5.11,5.13,5.09,125270,63990376.0,0.78,-0.39,-0.02,0.1
1881,2022-09-23,5.11,5.14,5.16,5.1,195480,100599937.0,1.17,0.59,0.03,0.15
1882,2022-09-26,5.11,5.07,5.17,5.06,289706,148304197.0,2.14,-1.36,-0.07,0.23
1883,2022-09-27,5.07,5.09,5.09,5.03,165343,83705785.0,1.18,0.39,0.02,0.13
1884,2022-09-28,5.07,5.08,5.12,5.04,200605,101916411.0,1.57,-0.2,-0.01,0.16
1885,2022-09-29,5.09,5.03,5.1,5.01,209981,105894232.0,1.77,-0.98,-0.05,0.16
1886,2022-09-30,5.03,5.03,5.06,5.03,141195,71213660.0,0.6,0.0,0.0,0.11
1887,2022-10-10,5.02,5.04,5.07,5.01,210568,106373859.0,1.19,0.2,0.01,0.16
1888,2022-10-11,5.05,5.03,5.08,5.02,134782,67988388.0,1.19,-0.2,-0.01,0.11
1889,2022-10-12,5.03,5.07,5.07,5.02,143177,72184646.0,0.99,0.8,0.04,0.11
1890,2022-10-13,5.06,5.03,5.06,5.02,130983,65967580.0,0.79,-0.79,-0.04,0.1
1891,2022-10-14,5.08,5.08,5.1,5.05,249525,126904056.0,0.99,0.99,0.05,0.19
1892,2022-10-17,5.08,5.08,5.1,5.05,173806,88254564.0,0.98,0.0,0.0,0.14
1893,2022-10-18,5.1,5.07,5.1,5.06,150976,76622797.0,0.79,-0.2,-0.01,0.12
1894,2022-10-19,5.07,5.04,5.08,5.03,139744,70605676.0,0.99,-0.59,-0.03,0.11
1895,2022-10-20,5.04,5.06,5.07,5.03,155496,78508444.0,0.79,0.4,0.02,0.12
1896,2022-10-21,5.06,5.03,5.07,5.03,124706,62988941.0,0.79,-0.59,-0.03,0.1
1897,2022-10-24,5.04,4.91,5.04,4.9,432661,214953335.0,2.78,-2.39,-0.12,0.34
1898,2022-10-25,4.92,4.86,4.93,4.85,303629,148180285.0,1.63,-1.02,-0.05,0.24
1899,2022-10-26,4.87,4.85,4.9,4.83,224203,109194665.0,1.44,-0.21,-0.01,0.17
1900,2022-10-27,4.86,4.85,4.88,4.85,165250,80392226.0,0.62,0.0,0.0,0.13
1901,2022-10-28,4.85,4.8,4.87,4.77,241256,116415882.0,2.06,-1.03,-0.05,0.19
1902,2022-10-31,4.79,4.79,4.85,4.77,327235,157084642.0,1.67,-0.21,-0.01,0.26
1903,2022-11-01,4.79,4.84,4.85,4.78,246516,118757636.0,1.46,1.04,0.05,0.19
1904,2022-11-02,4.83,4.85,4.87,4.81,169772,82160170.0,1.24,0.21,0.01,0.13
1905,2022-11-03,4.83,4.83,4.85,4.81,140712,67973494.0,0.82,-0.41,-0.02,0.11
1906,2022-11-04,4.83,4.9,4.9,4.82,210606,102654145.0,1.66,1.45,0.07,0.16
1907,2022-11-07,4.89,4.91,4.91,4.87,166501,81475247.0,0.82,0.2,0.01,0.13
1908,2022-11-08,4.9,4.9,4.91,4.88,120947,59216768.0,0.61,-0.2,-0.01,0.09
1909,2022-11-09,4.91,4.89,4.92,4.88,101421,49690083.0,0.82,-0.2,-0.01,0.08
1910,2022-11-10,4.88,4.9,4.9,4.86,112385,54880881.0,0.82,0.2,0.01,0.09
1911,2022-11-11,4.94,4.98,5.0,4.92,354622,175765212.0,1.63,1.63,0.08,0.28
1912,2022-11-14,4.99,5.0,5.05,4.98,350991,176229154.0,1.41,0.4,0.02,0.27
1913,2022-11-15,5.0,5.02,5.05,4.98,233808,117488549.0,1.4,0.4,0.02,0.18
1914,2022-11-16,5.02,5.0,5.03,4.98,145954,72985303.0,1.0,-0.4,-0.02,0.11
1915,2022-11-17,4.99,4.98,5.0,4.96,155163,77231879.0,0.8,-0.4,-0.02,0.12
1916,2022-11-18,4.99,4.95,4.99,4.94,174166,86483550.0,1.0,-0.6,-0.03,0.14
1917,2022-11-21,4.94,4.93,4.95,4.91,175494,86520791.0,0.81,-0.4,-0.02,0.14
1918,2022-11-22,4.93,5.03,5.07,4.92,366202,183705526.0,3.04,2.03,0.1,0.29
1919,2022-11-23,5.04,5.09,5.15,5.03,473219,240982709.0,2.39,1.19,0.06,0.37
1920,2022-11-24,5.09,5.06,5.12,5.05,248709,126410835.0,1.38,-0.59,-0.03,0.19
1921,2022-11-25,5.06,5.15,5.16,5.06,352120,180689127.0,1.98,1.78,0.09,0.27
1922,2022-11-28,5.11,5.09,5.11,5.03,310011,157369571.0,1.55,-1.17,-0.06,0.24
1923,2022-11-29,5.1,5.24,5.27,5.09,588038,305957680.0,3.54,2.95,0.15,0.46
1924,2022-11-30,5.23,5.24,5.29,5.21,468792,245926174.0,1.53,0.0,0.0,0.37
1925,2022-12-01,5.27,5.19,5.28,5.17,352340,183773070.0,2.1,-0.95,-0.05,0.27
1926,2022-12-02,5.19,5.19,5.2,5.13,259472,134114077.0,1.35,0.0,0.0,0.2
1927,2022-12-05,5.21,5.32,5.34,5.21,609477,322134073.0,2.5,2.5,0.13,0.48
1928,2022-12-06,5.3,5.35,5.37,5.3,475281,253596205.0,1.32,0.56,0.03,0.37
1929,2022-12-07,5.33,5.34,5.39,5.28,437794,233624606.0,2.06,-0.19,-0.01,0.34
1930,2022-12-08,5.34,5.38,5.39,5.33,337152,181004713.0,1.12,0.75,0.04,0.26
1931,2022-12-09,5.38,5.3,5.41,5.3,432432,231160390.0,2.04,-1.49,-0.08,0.34
1932,2022-12-12,5.33,5.27,5.34,5.25,302917,160466740.0,1.7,-0.57,-0.03,0.24
1933,2022-12-13,5.29,5.31,5.33,5.27,205146,108754852.0,1.14,0.76,0.04,0.16
1934,2022-12-14,5.29,5.31,5.33,5.25,208689,110401499.0,1.51,0.0,0.0,0.16
1935,2022-12-15,5.3,5.24,5.3,5.24,206966,108796746.0,1.13,-1.32,-0.07,0.16
1936,2022-12-16,5.24,5.3,5.31,5.23,220187,116361111.0,1.53,1.15,0.06,0.17
1937,2022-12-19,5.29,5.22,5.32,5.2,226617,118864128.0,2.26,-1.51,-0.08,0.18
1938,2022-12-20,5.21,5.17,5.23,5.15,211490,109734755.0,1.53,-0.96,-0.05,0.16
1939,2022-12-21,5.18,5.17,5.22,5.15,149512,77529970.0,1.35,0.0,0.0,0.12
1940,2022-12-22,5.2,5.17,5.23,5.15,148949,77369912.0,1.55,0.0,0.0,0.12
1941,2022-12-23,5.16,5.12,5.18,5.12,120920,62241438.0,1.16,-0.97,-0.05,0.09
1942,2022-12-26,5.13,5.12,5.14,5.1,124401,63729734.0,0.78,0.0,0.0,0.1
1943,2022-12-27,5.14,5.18,5.21,5.13,150672,78135563.0,1.56,1.17,0.06,0.12
1944,2022-12-28,5.18,5.18,5.23,5.16,172619,89618958.0,1.35,0.0,0.0,0.13
1945,2022-12-29,5.19,5.18,5.19,5.11,199088,102766990.0,1.54,0.0,0.0,0.16
1946,2022-12-30,5.19,5.19,5.21,5.17,126393,65654052.0,0.77,0.19,0.01,0.1
