,日期,开盘,收盘,最高,最低,成交量,成交额,振幅,涨跌幅,涨跌额,换手率
0,2015-01-05,4.02,4.57,4.57,3.88,11864996,8139851008.0,17.6,16.58,0.65,1.28
1,2015-01-06,4.61,4.43,4.65,4.24,10899984,7634184704.0,8.97,-3.06,-0.14,1.17
2,2015-01-07,4.34,4.61,4.69,4.19,7873153,5489033728.0,11.29,4.06,0.18,0.85
3,2015-01-08,4.52,4.28,4.84,4.26,8190902,5822718464.0,12.58,-7.16,-0.33,0.88
4,2015-01-09,4.21,4.16,4.46,4.07,6032037,4120401744.0,9.11,-2.8,-0.12,0.65
5,2015-01-12,4.07,4.0,4.16,3.95,3421069,2267761312.0,5.05,-3.85,-0.16,0.37
6,2015-01-13,3.99,4.01,4.16,3.93,2910149,1924842688.0,5.75,0.25,0.01,0.31
7,2015-01-14,4.01,4.01,4.09,3.94,2445875,1612551376.0,3.74,0.0,0.0,0.26
8,2015-01-15,4.06,4.33,4.38,3.99,4338809,2925547920.0,9.73,7.98,0.32,0.47
9,2015-01-16,4.28,4.36,4.47,4.26,4936142,3416396944.0,4.85,0.69,0.03,0.53
10,2015-01-19,3.96,3.67,4.17,3.67,5886694,3795939504.0,11.47,-15.83,-0.69,0.63
11,2015-01-20,3.7,3.75,3.87,3.62,4058358,2565096320.0,6.81,2.18,0.08,0.44
12,2015-01-21,3.74,4.03,4.13,3.67,5068505,3275542928.0,12.27,7.47,0.28,0.55
13,2015-01-22,4.01,4.01,4.07,3.95,3272859,2153629824.0,2.98,-0.5,-0.02,0.35
14,2015-01-23,4.03,4.03,4.25,3.98,4285269,2854996112.0,6.73,0.5,0.02,0.46
15,2015-01-26,4.01,4.1,4.13,3.95,2819308,1861576432.0,4.47,1.74,0.07,0.3
16,2015-01-27,4.1,3.91,4.15,3.81,3945450,2580314352.0,8.29,-4.63,-0.19,0.43
17,2015-01-28,3.86,3.77,3.89,3.74,3071683,1958554064.0,3.84,-3.58,-0.14,0.33
18,2015-01-29,3.63,3.59,3.64,3.48,6047626,3711845024.0,4.24,-4.77,-0.18,0.65
19,2015-01-30,3.57,3.46,3.6,3.45,5024456,3057447888.0,4.18,-3.62,-0.13,0.54
20,2015-02-02,3.41,3.3,3.43,3.28,4414511,2613810848.0,4.34,-4.62,-0.16,0.48
21,2015-02-03,3.36,3.44,3.45,3.31,5198162,3087658240.0,4.24,4.24,0.14,0.56
22,2015-02-04,3.46,3.35,3.54,3.34,4812302,2901319872.0,5.81,-2.62,-0.09,0.52
23,2015-02-05,3.46,3.26,3.46,3.25,4214060,2495139792.0,6.27,-2.69,-0.09,0.45
24,2015-02-06,3.24,3.12,3.25,3.08,4647274,2661121888.0,5.21,-4.29,-0.14,0.5
25,2015-02-09,3.05,3.11,3.15,2.98,4570074,2575007280.0,5.45,-0.32,-0.01,0.49
26,2015-02-10,3.06,3.17,3.18,3.04,4990622,2833973120.0,4.5,1.93,0.06,0.54
27,2015-02-11,3.17,3.13,3.17,3.1,3331823,1899423968.0,2.21,-1.26,-0.04,0.35
28,2015-02-12,3.13,3.26,3.29,3.07,4540963,2611097232.0,7.03,4.15,0.13,0.48
29,2015-02-13,3.28,3.27,3.35,3.25,4150210,2433725008.0,3.07,0.31,0.01,0.43
30,2015-02-16,3.28,3.3,3.32,3.24,2394642,1401012992.0,2.45,0.92,0.03,0.25
31,2015-02-17,3.31,3.32,3.35,3.3,2484519,1464141248.0,1.52,0.61,0.02,0.26
32,2015-02-25,3.49,3.52,3.62,3.45,9197704,5625850368.0,5.12,6.02,0.2,0.96
33,2015-02-26,3.49,3.56,3.57,3.41,4941221,2993120608.0,4.55,1.14,0.04,0.52
34,2015-02-27,3.53,3.75,3.83,3.51,7714797,4821539072.0,8.99,5.34,0.19,0.81
35,2015-03-02,3.71,3.69,3.71,3.61,5304923,3306997072.0,2.67,-1.6,-0.06,0.56
36,2015-03-03,3.64,3.46,3.65,3.44,4836445,2954049760.0,5.69,-6.23,-0.23,0.51
37,2015-03-04,3.46,3.51,3.57,3.4,3890033,2362151456.0,4.91,1.45,0.05,0.41
38,2015-03-05,3.44,3.38,3.48,3.33,4048356,2416030992.0,4.27,-3.7,-0.13,0.42
39,2015-03-06,3.37,3.39,3.45,3.35,2320080,1385329120.0,2.96,0.3,0.01,0.24
40,2015-03-09,3.43,3.54,3.55,3.38,4568494,2759675472.0,5.01,4.42,0.15,0.48
41,2015-03-10,3.53,3.47,3.53,3.45,2783275,1687011632.0,2.26,-1.98,-0.07,0.29
42,2015-03-11,3.46,3.49,3.58,3.44,3173621,1928344704.0,4.03,0.58,0.02,0.33
43,2015-03-12,3.51,3.59,3.63,3.46,4924284,3016034992.0,4.87,2.87,0.1,0.52
44,2015-03-13,3.6,3.6,3.7,3.57,4621382,2867389680.0,3.62,0.28,0.01,0.48
45,2015-03-16,3.61,3.67,3.67,3.56,5126705,3177195952.0,3.06,1.94,0.07,0.54
46,2015-03-17,3.69,3.77,3.78,3.65,8017115,5033431296.0,3.54,2.72,0.1,0.84
47,2015-03-18,3.77,3.85,3.86,3.71,7427498,4726774784.0,3.98,2.12,0.08,0.78
48,2015-03-19,3.84,3.85,3.97,3.79,6895767,4437441536.0,4.68,0.0,0.0,0.72
49,2015-03-20,3.83,3.84,3.91,3.77,6949045,4452966400.0,3.64,-0.26,-0.01,0.73
50,2015-03-23,3.79,3.86,3.87,3.74,10151705,6475950592.0,3.39,0.52,0.02,1.06
51,2015-03-24,3.88,3.8,3.9,3.7,8154993,5199721472.0,5.18,-1.55,-0.06,0.85
52,2015-03-25,3.79,3.69,3.8,3.66,5463376,3437382064.0,3.68,-2.89,-0.11,0.57
53,2015-03-26,3.68,3.87,3.89,3.63,9729915,6211595264.0,7.05,4.88,0.18,1.02
54,2015-03-27,3.89,3.8,3.91,3.77,5088545,3252205456.0,3.62,-1.81,-0.07,0.53
55,2015-03-30,3.78,3.92,3.94,3.77,8583803,5528736512.0,4.47,3.16,0.12,0.9
56,2015-03-31,3.95,3.84,4.01,3.83,8285876,5390063104.0,4.59,-2.04,-0.08,0.87
57,2015-04-01,3.81,3.9,3.93,3.8,5905703,3792914112.0,3.39,1.56,0.06,0.62
58,2015-04-02,3.95,3.91,3.99,3.85,6713761,4359572224.0,3.59,0.26,0.01,0.7
59,2015-04-03,3.86,3.88,3.89,3.82,5365713,3449871712.0,1.79,-0.77,-0.03,0.56
60,2015-04-07,3.92,4.09,4.11,3.9,10631391,6974008576.0,5.41,5.41,0.21,1.11
61,2015-04-08,4.12,4.17,4.22,3.98,11558116,7718480128.0,5.87,1.96,0.08,1.21
62,2015-04-09,4.11,4.1,4.21,3.98,8524740,5694398464.0,5.52,-1.68,-0.07,0.89
63,2015-04-10,4.09,4.14,4.16,4.06,6670609,4457166080.0,2.44,0.98,0.04,0.7
64,2015-04-13,4.17,4.25,4.28,4.14,8347084,5664169216.0,3.38,2.66,0.11,0.87
65,2015-04-14,4.23,4.17,4.23,4.12,6493717,4380660480.0,2.59,-1.88,-0.08,0.68
66,2015-04-15,4.19,4.21,4.37,4.08,8767344,5949172736.0,6.95,0.96,0.04,0.92
67,2015-04-16,4.23,4.45,4.53,4.19,11128890,7715904512.0,8.08,5.7,0.24,1.16
68,2015-04-17,4.64,4.77,4.91,4.54,16167983,11742192384.0,8.31,7.19,0.32,1.69
69,2015-04-20,4.69,4.57,4.91,4.53,13807773,9980681984.0,7.97,-4.19,-0.2,1.44
70,2015-04-21,4.6,4.7,4.77,4.54,6889480,4973499136.0,5.03,2.84,0.13,0.72
71,2015-04-22,4.73,4.88,4.91,4.67,8892443,6532026880.0,5.11,3.83,0.18,0.93
72,2015-04-23,4.91,5.01,5.19,4.83,10504620,7939396352.0,7.38,2.66,0.13,1.1
73,2015-04-24,4.89,5.21,5.54,4.84,13001145,10134574336.0,13.97,3.99,0.2,1.36
74,2015-04-27,5.48,5.99,5.99,5.38,12153653,10076477696.0,11.71,14.97,0.78,1.27
75,2015-04-28,6.13,6.1,6.7,5.9,26386251,23384768256.0,13.36,1.84,0.11,2.76
76,2015-04-29,5.93,5.74,5.93,5.55,11541517,9564702464.0,6.23,-5.9,-0.36,1.21
77,2015-04-30,5.72,5.55,5.79,5.5,9236902,7542954496.0,5.05,-3.31,-0.19,0.97
78,2015-05-04,5.51,5.59,5.64,5.34,7338612,5913500672.0,5.41,0.72,0.04,0.77
79,2015-05-05,5.63,5.35,5.99,5.33,10294759,8513875968.0,11.81,-4.29,-0.24,1.08
80,2015-05-06,5.29,5.18,5.53,5.06,7419460,5829897728.0,8.79,-3.18,-0.17,0.78
81,2015-05-07,5.13,4.92,5.17,4.88,5796566,4399105024.0,5.6,-5.02,-0.26,0.61
82,2015-05-08,4.99,5.01,5.02,4.78,5960090,4468599296.0,4.88,1.83,0.09,0.62
83,2015-05-11,5.0,5.16,5.17,4.9,7218897,5485170176.0,5.39,2.99,0.15,0.76
84,2015-05-12,5.18,5.19,5.23,5.1,5818538,4494714112.0,2.52,0.58,0.03,0.61
85,2015-05-13,5.18,4.97,5.18,4.92,6355234,4842624512.0,5.01,-4.24,-0.22,0.67
86,2015-05-14,4.91,5.04,5.13,4.79,6439405,4854022400.0,6.84,1.41,0.07,0.67
87,2015-05-15,4.95,4.74,4.99,4.7,5306551,3921905168.0,5.75,-5.95,-0.3,0.56
88,2015-05-18,4.65,4.55,4.67,4.51,4452597,3188780672.0,3.38,-4.01,-0.19,0.47
89,2015-05-19,4.52,4.78,4.79,4.51,5186353,3763336176.0,6.15,5.05,0.23,0.54
90,2015-05-20,4.78,4.74,4.88,4.72,5295840,3899832928.0,3.35,-0.84,-0.04,0.55
91,2015-05-21,4.75,4.75,4.77,4.6,4337751,3151190176.0,3.59,0.21,0.01,0.45
92,2015-05-22,4.82,5.07,5.09,4.79,7936399,5974597120.0,6.32,6.74,0.32,0.83
93,2015-05-25,5.07,5.33,5.36,5.02,8408712,6554174208.0,6.71,5.13,0.26,0.88
94,2015-05-26,5.38,5.37,5.41,5.17,7642288,6013242368.0,4.5,0.75,0.04,0.8
95,2015-05-27,5.37,5.53,5.59,5.34,8596646,6923665920.0,4.66,2.98,0.16,0.9
96,2015-05-28,5.49,4.77,5.49,4.72,10919792,8444359168.0,13.92,-13.74,-0.76,1.14
97,2015-05-29,4.74,4.64,4.83,4.51,6643066,4797532928.0,6.71,-2.73,-0.13,0.7
98,2015-06-01,4.64,4.93,4.94,4.59,5690803,4192221024.0,7.54,6.25,0.29,0.6
99,2015-06-02,4.91,4.93,4.95,4.77,5850285,4353635072.0,3.65,0.0,0.0,0.61
100,2015-06-03,4.93,4.9,5.06,4.82,5231822,3926704624.0,4.87,-0.61,-0.03,0.55
101,2015-06-04,4.9,5.05,5.07,4.63,7318165,5464665600.0,8.98,3.06,0.15,0.77
102,2015-06-05,5.13,5.2,5.23,5.01,9452308,7298197504.0,4.36,2.97,0.15,0.99
103,2015-06-08,5.23,5.6,5.65,5.15,13034368,10410296320.0,9.62,7.69,0.4,1.36
104,2015-06-09,5.53,5.46,5.55,5.33,9817864,7876088832.0,3.93,-2.5,-0.14,1.03
105,2015-06-10,5.39,5.37,5.43,5.31,6250936,4963776256.0,2.2,-1.65,-0.09,0.65
106,2015-06-11,5.38,5.29,5.38,5.2,5428890,4253520384.0,3.35,-1.49,-0.08,0.57
107,2015-06-12,5.31,5.33,5.37,5.24,5941557,4685165056.0,2.46,0.76,0.04,0.62
108,2015-06-15,5.35,5.14,5.42,5.13,6510547,5094676992.0,5.44,-3.56,-0.19,0.68
109,2015-06-16,5.04,4.87,5.1,4.79,5533100,4163080368.0,6.03,-5.25,-0.27,0.58
110,2015-06-17,4.92,5.03,5.06,4.8,4310814,3223496144.0,5.34,3.29,0.16,0.45
111,2015-06-18,4.98,4.75,5.06,4.73,4439242,3329361392.0,6.56,-5.57,-0.28,0.46
112,2015-06-19,4.68,4.37,4.79,4.34,5304537,3752766384.0,9.47,-8.0,-0.38,0.56
113,2015-06-23,4.38,4.56,4.6,4.09,4729146,3241436832.0,11.67,4.35,0.19,0.49
114,2015-06-24,4.59,4.83,4.88,4.54,6513862,4663635200.0,7.46,5.92,0.27,0.68
115,2015-06-25,4.78,4.56,4.84,4.53,5425261,3892790016.0,6.42,-5.59,-0.27,0.57
116,2015-06-26,4.44,4.21,4.67,3.9,6743673,4600459520.0,16.89,-7.68,-0.35,0.71
117,2015-06-29,4.33,4.29,4.52,3.75,7398780,4959589120.0,18.29,1.9,0.08,0.77
118,2015-06-30,4.24,4.6,4.61,4.1,6666876,4571106560.0,11.89,7.23,0.31,0.7
119,2015-07-01,4.54,4.31,4.61,4.29,4724854,3282777120.0,6.96,-6.3,-0.29,0.49
120,2015-07-02,4.36,4.68,4.83,3.9,11203375,7731689984.0,21.58,8.58,0.37,1.17
121,2015-07-03,4.48,4.29,4.77,4.18,8028305,5598743296.0,12.61,-8.33,-0.39,0.84
122,2015-07-06,4.69,4.88,4.94,4.44,16455616,11876097536.0,11.66,13.75,0.59,1.72
123,2015-07-07,4.74,5.01,5.42,4.64,14197465,10734126592.0,15.98,2.66,0.13,1.49
124,2015-07-08,4.26,4.26,4.89,4.26,12771592,8871230720.0,12.57,-14.97,-0.75,1.34
125,2015-07-09,3.94,4.68,4.81,3.59,13533304,9136639488.0,28.64,9.86,0.42,1.42
126,2015-07-10,4.49,4.89,5.24,4.35,13855078,10203432192.0,19.02,4.49,0.21,1.45
127,2015-07-13,4.75,4.72,4.91,4.57,8780012,6306768896.0,6.95,-3.48,-0.17,0.92
128,2015-07-14,4.63,4.53,4.7,4.39,6160775,4322782720.0,6.57,-4.03,-0.19,0.64
129,2015-07-15,4.46,4.85,4.91,4.42,11932274,8528507904.0,10.82,7.06,0.32,1.25
130,2015-07-16,4.85,4.65,4.89,4.44,8230561,5881641728.0,9.28,-4.12,-0.2,0.86
131,2015-07-17,4.55,4.62,4.71,4.52,5687225,4010325440.0,4.09,-0.65,-0.03,0.6
132,2015-07-20,4.57,4.68,4.8,4.53,7101114,5053724160.0,5.84,1.3,0.06,0.74
133,2015-07-21,4.6,4.57,4.65,4.53,4839083,3404008368.0,2.56,-2.35,-0.11,0.51
134,2015-07-22,4.54,4.53,4.62,4.51,4165573,2920001216.0,2.41,-0.88,-0.04,0.44
135,2015-07-23,4.52,4.56,4.58,4.5,3738502,2618522976.0,1.77,0.66,0.03,0.39
136,2015-07-24,4.55,4.53,4.67,4.52,4866892,3428186048.0,3.29,-0.66,-0.03,0.51
137,2015-07-27,4.44,3.83,4.51,3.83,6047926,4049687632.0,15.01,-15.45,-0.7,0.63
138,2015-07-28,3.62,3.69,4.0,3.55,5281222,3284120944.0,11.75,-3.66,-0.14,0.55
139,2015-07-29,3.67,3.78,3.8,3.6,3200925,1979128352.0,5.42,2.44,0.09,0.33
140,2015-07-30,3.75,3.7,3.85,3.69,2938044,1823853456.0,4.23,-2.12,-0.08,0.31
141,2015-07-31,3.66,3.54,3.7,3.45,2725971,1651329504.0,6.76,-4.32,-0.16,0.29
142,2015-08-03,3.49,3.32,3.49,3.2,4066310,2349011344.0,8.19,-6.21,-0.22,0.43
143,2015-08-04,3.34,3.47,3.48,3.29,2966851,1735139136.0,5.72,4.52,0.15,0.31
144,2015-08-05,3.44,3.35,3.47,3.32,2190001,1282673856.0,4.32,-3.46,-0.12,0.23
145,2015-08-06,3.29,3.29,3.36,3.26,1536726,885933200.0,2.99,-1.79,-0.06,0.16
146,2015-08-07,3.33,3.39,3.42,3.32,1886667,1101219232.0,3.04,3.04,0.1,0.2
147,2015-08-10,3.41,3.66,3.68,3.4,4292612,2580979280.0,8.26,7.96,0.27,0.45
148,2015-08-11,3.64,3.66,3.75,3.57,3736808,2279812832.0,4.92,0.0,0.0,0.39
149,2015-08-12,3.57,3.58,3.66,3.56,2185000,1327543280.0,2.73,-2.19,-0.08,0.23
150,2015-08-13,3.58,3.61,3.63,3.49,2139631,1290485632.0,3.91,0.84,0.03,0.22
151,2015-08-14,3.6,3.61,3.68,3.59,2493442,1516547712.0,2.49,0.0,0.0,0.26
152,2015-08-17,3.6,3.56,3.6,3.52,2197277,1321146640.0,2.22,-1.39,-0.05,0.23
153,2015-08-18,3.57,3.37,3.67,3.36,4643934,2801740464.0,8.71,-5.34,-0.19,0.49
154,2015-08-19,3.27,3.33,3.35,3.1,3573787,2032368240.0,7.42,-1.19,-0.04,0.37
155,2015-08-20,3.25,3.14,3.28,3.13,2527452,1430735744.0,4.5,-5.71,-0.19,0.26
156,2015-08-21,3.09,3.02,3.22,2.99,2663688,1477900496.0,7.32,-3.82,-0.12,0.28
157,2015-08-24,2.93,2.53,3.09,2.47,5597968,2877957728.0,20.53,-16.23,-0.49,0.59
158,2015-08-25,2.35,2.03,2.5,2.03,4824869,2276448672.0,18.58,-19.76,-0.5,0.5
159,2015-08-26,2.12,2.11,2.24,1.91,4149578,1893532592.0,16.26,3.94,0.08,0.43
160,2015-08-27,2.17,2.29,2.31,2.1,3001088,1399441376.0,9.95,8.53,0.18,0.31
161,2015-08-28,2.45,2.57,2.59,2.42,3960836,1967791504.0,7.42,12.23,0.28,0.41
162,2015-08-31,2.54,2.49,2.54,2.39,2649837,1305703296.0,5.84,-3.11,-0.08,0.28
163,2015-09-01,2.59,2.63,2.69,2.53,4269412,2164240464.0,6.43,5.62,0.14,0.45
164,2015-09-02,2.44,2.43,2.57,2.34,3546459,1741586688.0,8.75,-7.6,-0.2,0.37
165,2015-09-07,2.49,2.45,2.62,2.44,2998192,1499594272.0,7.41,0.82,0.02,0.31
166,2015-09-08,2.44,2.58,2.59,2.39,2288865,1138442112.0,8.16,5.31,0.13,0.24
167,2015-09-09,2.6,2.69,2.76,2.56,3838964,1963017056.0,7.75,4.26,0.11,0.4
168,2015-09-10,2.61,2.59,2.64,2.56,2113154,1070146064.0,2.97,-3.72,-0.1,0.22
169,2015-09-11,2.6,2.56,2.63,2.54,1140551,574701248.0,3.47,-1.16,-0.03,0.12
170,2015-09-14,2.59,2.39,2.6,2.35,2257030,1109151632.0,9.77,-6.64,-0.17,0.24
171,2015-09-15,2.36,2.38,2.52,2.33,2373651,1154570528.0,7.95,-0.42,-0.01,0.25
172,2015-09-16,2.4,2.54,2.59,2.32,2679068,1313774896.0,11.34,6.72,0.16,0.28
173,2015-09-17,2.53,2.49,2.63,2.48,2719381,1362967376.0,5.91,-1.97,-0.05,0.28
174,2015-09-18,2.51,2.49,2.53,2.46,1199624,594438656.0,2.81,0.0,0.0,0.13
175,2015-09-21,2.46,2.54,2.54,2.44,1261316,625544304.0,4.02,2.01,0.05,0.13
176,2015-09-22,2.55,2.58,2.61,2.53,1604992,808794304.0,3.15,1.57,0.04,0.17
177,2015-09-23,2.54,2.48,2.57,2.48,1253616,612273280.0,3.49,-3.88,-0.1,0.13
178,2015-09-24,2.5,2.49,2.52,2.46,888471,431617520.0,2.42,0.4,0.01,0.09
179,2015-09-25,2.48,2.5,2.54,2.44,1567761,761068576.0,4.02,0.4,0.01,0.16
180,2015-09-28,2.46,2.46,2.48,2.38,926836,444898336.0,4.0,-1.6,-0.04,0.1
181,2015-09-29,2.39,2.35,2.41,2.33,1178820,558394112.0,3.25,-4.47,-0.11,0.12
182,2015-09-30,2.37,2.37,2.4,2.34,789655,374715760.0,2.55,0.85,0.02,0.08
183,2015-10-08,2.62,2.52,2.62,2.52,2081175,1026563232.0,4.22,6.33,0.15,0.22
184,2015-10-09,2.56,2.66,2.67,2.53,2479126,1231078032.0,5.56,5.56,0.14,0.26
185,2015-10-12,2.66,2.78,2.83,2.63,2782889,1423729344.0,7.52,4.51,0.12,0.29
186,2015-10-13,2.73,2.72,2.76,2.7,1457899,742399200.0,2.16,-2.16,-0.06,0.15
187,2015-10-14,2.7,2.7,2.74,2.66,1573887,797124768.0,2.94,-0.74,-0.02,0.16
188,2015-10-15,2.68,2.76,2.78,2.67,1871898,956251792.0,4.07,2.22,0.06,0.2
189,2015-10-16,2.8,2.84,2.86,2.75,2776593,1436203008.0,3.99,2.9,0.08,0.29
190,2015-10-19,2.84,2.78,2.87,2.76,1865269,966490560.0,3.87,-2.11,-0.06,0.2
191,2015-10-20,2.76,2.8,2.81,2.73,1563775,802461888.0,2.88,0.72,0.02,0.16
192,2015-10-21,2.79,2.77,2.86,2.63,3892527,1999596096.0,8.21,-1.07,-0.03,0.41
193,2015-10-22,2.72,2.73,2.74,2.68,1449509,736182128.0,2.17,-1.44,-0.04,0.15
194,2015-10-23,2.74,2.76,2.77,2.72,1574501,805515152.0,1.83,1.1,0.03,0.16
195,2015-10-26,2.79,2.76,2.81,2.75,1804908,930441504.0,2.17,0.0,0.0,0.19
196,2015-10-27,2.74,2.72,2.76,2.66,1403747,711645152.0,3.62,-1.45,-0.04,0.15
197,2015-10-28,2.71,2.69,2.77,2.68,1736389,884232608.0,3.31,-1.1,-0.03,0.18
198,2015-10-29,2.72,2.7,2.72,2.68,1136111,576447120.0,1.49,0.37,0.01,0.12
199,2015-10-30,2.66,2.66,2.71,2.62,1885370,947473264.0,3.33,-1.48,-0.04,0.2
200,2015-11-02,2.63,2.57,2.64,2.56,1433436,713017760.0,3.01,-3.38,-0.09,0.15
201,2015-11-03,2.59,2.54,2.6,2.53,965173,476703568.0,2.72,-1.17,-0.03,0.1
202,2015-11-04,2.57,2.72,2.73,2.55,3093895,1556268880.0,7.09,7.09,0.18,0.32
203,2015-11-05,2.68,2.85,3.02,2.68,5981932,3122757776.0,12.5,4.78,0.13,0.63
204,2015-11-06,2.83,2.89,2.91,2.79,3172112,1655853120.0,4.21,1.4,0.04,0.33
205,2015-11-09,2.86,2.98,3.05,2.85,3854118,2061851520.0,6.92,3.11,0.09,0.4
206,2015-11-10,2.94,3.02,3.09,2.92,3544304,1903459952.0,5.7,1.34,0.04,0.37
207,2015-11-11,3.01,2.98,3.05,2.93,2002151,1072238704.0,3.97,-1.32,-0.04,0.21
208,2015-11-12,2.98,2.91,2.98,2.86,1688249,892381968.0,4.03,-2.35,-0.07,0.18
209,2015-11-13,2.85,2.8,2.88,2.79,1877911,975537680.0,3.09,-3.78,-0.11,0.2
210,2015-11-16,2.72,2.82,2.83,2.71,1357147,696361344.0,4.29,0.71,0.02,0.14
211,2015-11-17,2.82,2.84,2.98,2.81,2688928,1408901664.0,6.03,0.71,0.02,0.28
212,2015-11-18,2.8,2.79,2.89,2.78,1684413,875060400.0,3.87,-1.76,-0.05,0.18
213,2015-11-19,2.81,2.82,2.84,2.77,1568208,810481216.0,2.51,1.08,0.03,0.16
214,2015-11-20,2.82,2.8,2.83,2.78,1573742,813475216.0,1.77,-0.71,-0.02,0.16
215,2015-11-23,2.79,2.75,2.8,2.74,1434912,738360976.0,2.14,-1.79,-0.05,0.15
216,2015-11-24,2.74,2.75,2.76,2.71,967820,493430784.0,1.82,0.0,0.0,0.1
217,2015-11-25,2.78,2.77,2.78,2.73,1309848,672049744.0,1.82,0.73,0.02,0.14
218,2015-11-26,2.78,2.79,2.84,2.76,1912619,988968944.0,2.89,0.72,0.02,0.2
219,2015-11-27,2.77,2.53,2.78,2.51,2583666,1297585472.0,9.68,-9.32,-0.26,0.27
220,2015-11-30,2.54,2.54,2.59,2.45,1603125,785285968.0,5.53,0.4,0.01,0.17
221,2015-12-01,2.54,2.56,2.57,2.48,1108523,543509008.0,3.54,0.79,0.02,0.12
222,2015-12-02,2.56,2.72,2.73,2.52,2190860,1098911728.0,8.2,6.25,0.16,0.23
223,2015-12-03,2.68,2.77,2.86,2.64,2317363,1183280784.0,8.09,1.84,0.05,0.24
224,2015-12-04,2.72,2.66,2.75,2.64,1781556,900709568.0,3.97,-3.97,-0.11,0.19
225,2015-12-07,2.65,2.65,2.68,2.61,924993,463447504.0,2.63,-0.38,-0.01,0.1
226,2015-12-08,2.56,2.54,2.59,2.53,1252128,617158608.0,2.26,-4.15,-0.11,0.13
227,2015-12-09,2.53,2.52,2.57,2.49,795118,389900224.0,3.15,-0.79,-0.02,0.08
228,2015-12-10,2.53,2.52,2.56,2.5,835397,409015472.0,2.38,0.0,0.0,0.09
229,2015-12-11,2.5,2.46,2.51,2.41,1350892,651203616.0,3.97,-2.38,-0.06,0.14
230,2015-12-14,2.43,2.54,2.54,2.4,1130854,548241328.0,5.69,3.25,0.08,0.12
231,2015-12-15,2.53,2.52,2.57,2.49,1099900,539760592.0,3.15,-0.79,-0.02,0.12
232,2015-12-16,2.59,2.62,2.68,2.58,2327861,1165697040.0,3.97,3.97,0.1,0.24
233,2015-12-17,2.62,2.65,2.68,2.6,1634284,818856464.0,3.05,1.15,0.03,0.17
234,2015-12-18,2.64,2.63,2.71,2.62,1216383,611649408.0,3.4,-0.75,-0.02,0.13
235,2015-12-21,2.61,2.68,2.7,2.57,1831486,920485968.0,4.94,1.9,0.05,0.19
236,2015-12-22,2.69,2.68,2.7,2.64,1264661,637604928.0,2.24,0.0,0.0,0.13
237,2015-12-23,2.68,2.69,2.73,2.65,2135268,1081753792.0,2.99,0.37,0.01,0.22
238,2015-12-24,2.72,2.67,2.73,2.65,1490063,754165744.0,2.97,-0.74,-0.02,0.16
239,2015-12-25,2.68,2.66,2.69,2.63,1049454,527189952.0,2.25,-0.37,-0.01,0.11
240,2015-12-28,2.66,2.55,2.68,2.55,1567012,781752384.0,4.89,-4.14,-0.11,0.16
241,2015-12-29,2.55,2.59,2.59,2.53,852908,420600768.0,2.35,1.57,0.04,0.09
242,2015-12-30,2.6,2.6,2.63,2.56,1112433,552417856.0,2.7,0.39,0.01,0.12
243,2015-12-31,2.6,2.59,2.63,2.58,967704,482077392.0,1.92,-0.38,-0.01,0.1
244,2016-01-04,2.6,2.41,2.63,2.38,1470782,718343616.0,9.65,-6.95,-0.18,0.15
245,2016-01-05,2.37,2.37,2.46,2.33,2252446,1072980288.0,5.39,-1.66,-0.04,0.24
246,2016-01-06,2.38,2.53,2.56,2.35,2329015,1126956208.0,8.86,6.75,0.16,0.24
247,2016-01-07,2.46,2.28,2.47,2.22,551488,263405435.0,9.88,-9.88,-0.25,0.06
248,2016-01-08,2.38,2.4,2.46,2.28,2222107,1056784880.0,7.89,5.26,0.12,0.23
249,2016-01-11,2.35,2.28,2.42,2.27,1881431,888601024.0,6.25,-5.0,-0.12,0.2
250,2016-01-12,2.28,2.31,2.37,2.24,1317540,615306608.0,5.7,1.32,0.03,0.14
251,2016-01-13,2.33,2.27,2.37,2.26,1269227,595335648.0,4.76,-1.73,-0.04,0.13
252,2016-01-14,2.23,2.27,2.29,2.16,1460281,671022352.0,5.73,0.0,0.0,0.15
253,2016-01-15,2.24,2.09,2.26,2.08,1646229,745782272.0,7.93,-7.93,-0.18,0.17
254,2016-01-18,2.02,2.07,2.11,1.99,828366,367561664.0,5.74,-0.96,-0.02,0.09
255,2016-01-19,2.08,2.17,2.2,2.05,925531,416778000.0,7.25,4.83,0.1,0.1
256,2016-01-20,2.15,2.12,2.19,2.06,1196583,537176976.0,5.99,-2.3,-0.05,0.13
257,2016-01-21,2.07,2.04,2.16,2.03,1122108,500381872.0,6.13,-3.77,-0.08,0.12
258,2016-01-22,2.09,2.1,2.14,2.03,1043993,464848240.0,5.39,2.94,0.06,0.11
259,2016-01-25,2.15,2.13,2.17,2.11,995554,448943136.0,2.86,1.43,0.03,0.1
260,2016-01-26,2.09,1.91,2.1,1.88,1283541,561357152.0,10.33,-10.33,-0.22,0.13
261,2016-01-27,1.94,1.99,2.05,1.78,1697452,728383280.0,14.14,4.19,0.08,0.18
262,2016-01-28,1.94,1.95,2.11,1.92,1718309,751824384.0,9.55,-2.01,-0.04,0.18
263,2016-01-29,1.96,2.01,2.07,1.92,1419864,617981808.0,7.69,3.08,0.06,0.15
264,2016-02-01,2.01,1.93,2.01,1.91,908389,391960400.0,4.98,-3.98,-0.08,0.1
265,2016-02-02,1.9,1.96,1.98,1.89,757868,327623408.0,4.66,1.55,0.03,0.08
266,2016-02-03,1.91,1.9,1.92,1.86,668656,284647744.0,3.06,-3.06,-0.06,0.07
267,2016-02-04,1.93,1.96,1.97,1.92,773672,334471600.0,2.63,3.16,0.06,0.08
268,2016-02-05,1.96,1.97,2.03,1.93,713497,309856896.0,5.1,0.51,0.01,0.07
269,2016-02-15,1.87,1.93,1.96,1.85,654652,280061840.0,5.58,-2.03,-0.04,0.07
270,2016-02-16,1.95,2.04,2.07,1.95,1287237,564257616.0,6.22,5.7,0.11,0.13
271,2016-02-17,2.01,2.08,2.1,2.0,1270648,560125744.0,4.9,1.96,0.04,0.13
272,2016-02-18,2.11,2.07,2.13,2.05,1180109,526501680.0,3.85,-0.48,-0.01,0.12
273,2016-02-19,2.05,2.03,2.08,2.01,729015,321329424.0,3.38,-1.93,-0.04,0.08
274,2016-02-22,2.05,2.12,2.13,2.04,1329277,593382704.0,4.43,4.43,0.09,0.14
275,2016-02-23,2.13,2.11,2.16,2.07,1144032,513338672.0,4.25,-0.47,-0.01,0.12
276,2016-02-24,2.08,2.13,2.14,2.05,763546,340979152.0,4.27,0.95,0.02,0.08
277,2016-02-25,2.11,1.91,2.12,1.9,1333001,583205424.0,10.33,-10.33,-0.22,0.14
278,2016-02-26,1.96,1.99,2.01,1.93,953343,413831120.0,4.19,4.19,0.08,0.1
279,2016-02-29,1.97,1.98,2.0,1.88,1571270,678935328.0,6.03,-0.5,-0.01,0.16
280,2016-03-01,1.98,2.04,2.06,1.95,935913,409838816.0,5.56,3.03,0.06,0.1
281,2016-03-02,2.07,2.18,2.19,2.05,2255269,1018802544.0,6.86,6.86,0.14,0.24
282,2016-03-03,2.18,2.18,2.19,2.11,1558908,705107680.0,3.67,0.0,0.0,0.16
283,2016-03-04,2.16,2.32,2.35,2.15,3544859,1646993008.0,9.17,6.42,0.14,0.37
284,2016-03-07,2.32,2.33,2.41,2.27,1426902,670554448.0,6.03,0.43,0.01,0.15
285,2016-03-08,2.38,2.35,2.39,2.25,1210415,566822736.0,6.01,0.86,0.02,0.13
286,2016-03-09,2.24,2.27,2.29,2.12,2013215,920063328.0,7.23,-3.4,-0.08,0.21
287,2016-03-10,2.22,2.18,2.26,2.16,929892,426275408.0,4.41,-3.96,-0.09,0.1
288,2016-03-11,2.14,2.21,2.22,2.13,838859,381039872.0,4.13,1.38,0.03,0.09
289,2016-03-14,2.22,2.24,2.31,2.21,1054681,488533264.0,4.52,1.36,0.03,0.11
290,2016-03-15,2.23,2.23,2.24,2.18,601687,275674496.0,2.68,-0.45,-0.01,0.06
291,2016-03-16,2.21,2.31,2.31,2.21,2205436,1026762768.0,4.48,3.59,0.08,0.23
292,2016-03-17,2.32,2.31,2.35,2.25,876192,409161040.0,4.33,0.0,0.0,0.09
293,2016-03-18,2.34,2.32,2.36,2.29,1829607,858824192.0,3.03,0.43,0.01,0.19
294,2016-03-21,2.32,2.32,2.35,2.29,2929215,1373828512.0,2.59,0.0,0.0,0.31
295,2016-03-22,2.31,2.29,2.33,2.28,1170412,547288064.0,2.16,-1.29,-0.03,0.12
296,2016-03-23,2.31,2.29,2.31,2.27,714183,332909664.0,1.75,0.0,0.0,0.07
297,2016-03-24,2.26,2.17,2.27,2.16,1491012,681295824.0,4.8,-5.24,-0.12,0.16
298,2016-03-25,2.17,2.17,2.19,2.13,861089,389622928.0,2.76,0.0,0.0,0.09
299,2016-03-28,2.18,2.17,2.22,2.16,969411,442840064.0,2.76,0.0,0.0,0.1
300,2016-03-29,2.18,2.17,2.2,2.14,836378,380093568.0,2.76,0.0,0.0,0.09
301,2016-03-30,2.21,2.36,2.48,2.21,4259360,2019017200.0,12.44,8.76,0.19,0.45
302,2016-03-31,2.37,2.39,2.45,2.33,2319818,1105397824.0,5.08,1.27,0.03,0.24
303,2016-04-01,2.38,2.53,2.57,2.37,3198927,1547192624.0,8.37,5.86,0.14,0.33
304,2016-04-05,2.48,2.51,2.58,2.45,2303602,1127731984.0,5.14,-0.79,-0.02,0.24
305,2016-04-06,2.49,2.61,2.72,2.48,3398412,1702667792.0,9.56,3.98,0.1,0.36
306,2016-04-07,2.62,2.58,2.69,2.54,2049741,1020993424.0,5.75,-1.15,-0.03,0.21
307,2016-04-08,2.55,2.5,2.61,2.45,1461849,713246672.0,6.2,-3.1,-0.08,0.15
308,2016-04-11,2.55,2.57,2.7,2.54,1863309,931605952.0,6.4,2.8,0.07,0.19
309,2016-04-12,2.56,2.57,2.66,2.54,1285701,639586352.0,4.67,0.0,0.0,0.13
310,2016-04-13,2.65,2.71,2.77,2.59,2553513,1295728976.0,7.0,5.45,0.14,0.27
311,2016-04-14,2.71,2.67,2.76,2.65,1041573,527642384.0,4.06,-1.48,-0.04,0.11
312,2016-04-15,2.67,2.64,2.7,2.61,817930,409982656.0,3.37,-1.12,-0.03,0.09
313,2016-04-18,2.57,2.49,2.57,2.46,1608592,783856288.0,4.17,-5.68,-0.15,0.17
314,2016-04-19,2.52,2.5,2.54,2.48,593156,289026880.0,2.41,0.4,0.01,0.06
315,2016-04-20,2.53,2.43,2.55,2.34,2108732,1011933744.0,8.4,-2.8,-0.07,0.22
316,2016-04-21,2.44,2.53,2.59,2.42,1753358,856794528.0,7.0,4.12,0.1,0.18
317,2016-04-22,2.49,2.53,2.53,2.45,874135,425417520.0,3.16,0.0,0.0,0.09
318,2016-04-25,2.51,2.51,2.51,2.45,507815,246705395.0,2.37,-0.79,-0.02,0.05
319,2016-04-26,2.5,2.53,2.53,2.48,376187,183464704.0,1.99,0.8,0.02,0.04
320,2016-04-27,2.56,2.55,2.59,2.54,892185,440817856.0,1.98,0.79,0.02,0.09
321,2016-04-28,2.59,2.56,2.61,2.53,688121,339836032.0,3.14,0.39,0.01,0.07
322,2016-04-29,2.56,2.5,2.58,2.48,1025713,501383008.0,3.91,-2.34,-0.06,0.11
323,2016-05-03,2.48,2.48,2.57,2.42,2517320,1219079200.0,6.0,-0.8,-0.02,0.26
324,2016-05-04,2.44,2.45,2.47,2.43,1043302,502432224.0,1.61,-1.21,-0.03,0.11
325,2016-05-05,2.45,2.43,2.45,2.4,1059569,507447456.0,2.04,-0.82,-0.02,0.11
326,2016-05-06,2.43,2.35,2.44,2.34,1040403,494173680.0,4.12,-3.29,-0.08,0.11
327,2016-05-09,2.34,2.27,2.35,2.2,1416728,656114112.0,6.38,-3.4,-0.08,0.15
328,2016-05-10,2.24,2.28,2.3,2.24,793413,368542256.0,2.64,0.44,0.01,0.08
329,2016-05-11,2.29,2.27,2.32,2.25,559907,260576798.0,3.07,-0.44,-0.01,0.06
330,2016-05-12,2.26,2.25,2.27,2.21,657118,303097008.0,2.64,-0.88,-0.02,0.07
331,2016-05-13,2.25,2.27,2.32,2.23,849529,394791840.0,4.0,0.89,0.02,0.09
332,2016-05-16,2.24,2.3,2.31,2.24,574592,267678165.0,3.08,1.32,0.03,0.06
333,2016-05-17,2.32,2.39,2.4,2.31,1015487,480595840.0,3.91,3.91,0.09,0.11
334,2016-05-18,2.37,2.33,2.4,2.28,935950,442395296.0,5.02,-2.51,-0.06,0.1
335,2016-05-19,2.32,2.31,2.34,2.28,462002,216118669.0,2.58,-0.86,-0.02,0.05
336,2016-05-20,2.29,2.33,2.33,2.28,265494,124235954.0,2.16,0.87,0.02,0.03
337,2016-05-23,2.32,2.33,2.35,2.3,370432,173623800.0,2.15,0.0,0.0,0.04
338,2016-05-24,2.31,2.31,2.32,2.24,489864,227405304.0,3.43,-0.86,-0.02,0.05
339,2016-05-25,2.31,2.34,2.35,2.31,612345,288046544.0,1.73,1.3,0.03,0.06
340,2016-05-26,2.34,2.38,2.4,2.34,581780,276166624.0,2.56,1.71,0.04,0.06
341,2016-05-27,2.37,2.37,2.38,2.34,358376,169548212.0,1.68,-0.42,-0.01,0.04
342,2016-05-30,2.36,2.38,2.4,2.35,567343,269110192.0,2.11,0.42,0.01,0.06
343,2016-05-31,2.37,2.46,2.47,2.36,1304439,627808784.0,4.62,3.36,0.08,0.14
344,2016-06-01,2.46,2.46,2.47,2.43,644826,310628080.0,1.63,0.0,0.0,0.07
345,2016-06-02,2.45,2.46,2.46,2.41,505436,242775297.0,2.03,0.0,0.0,0.05
346,2016-06-03,2.45,2.44,2.46,2.42,784483,376818832.0,1.63,-0.81,-0.02,0.08
347,2016-06-06,2.44,2.43,2.45,2.41,420263,201396637.0,1.64,-0.41,-0.01,0.04
348,2016-06-07,2.43,2.44,2.45,2.41,461491,221371585.0,1.65,0.41,0.01,0.05
349,2016-06-08,2.44,2.48,2.5,2.43,1093519,529225888.0,2.87,1.64,0.04,0.11
350,2016-06-13,2.44,2.35,2.44,2.33,720214,343498304.0,4.44,-5.24,-0.13,0.08
351,2016-06-14,2.34,2.35,2.37,2.33,475840,224579630.0,1.7,0.0,0.0,0.05
352,2016-06-15,2.3,2.37,2.38,2.29,824855,388599616.0,3.83,0.85,0.02,0.09
353,2016-06-16,2.34,2.32,2.36,2.3,616532,289310896.0,2.53,-2.11,-0.05,0.06
354,2016-06-17,2.32,2.33,2.35,2.31,437870,205862747.0,1.72,0.43,0.01,0.05
355,2016-06-20,2.34,2.33,2.35,2.3,417049,195623642.0,2.15,0.0,0.0,0.04
356,2016-06-21,2.34,2.33,2.38,2.32,552907,260688129.0,2.58,0.0,0.0,0.06
357,2016-06-22,2.32,2.37,2.37,2.32,461432,217828103.0,2.15,1.72,0.04,0.05
358,2016-06-23,2.35,2.34,2.36,2.32,449488,211626646.0,1.69,-1.27,-0.03,0.05
359,2016-06-24,2.34,2.29,2.37,2.22,816015,376567104.0,6.41,-2.14,-0.05,0.09
360,2016-06-27,2.29,2.32,2.32,2.27,522526,240798210.0,2.18,1.31,0.03,0.05
361,2016-06-28,2.29,2.32,2.32,2.27,337020,155326995.0,2.16,0.0,0.0,0.04
362,2016-06-29,2.32,2.37,2.39,2.31,840919,393065760.0,3.45,2.16,0.05,0.09
363,2016-06-30,2.4,2.41,2.42,2.37,619590,291899904.0,2.11,1.69,0.04,0.06
364,2016-07-01,2.4,2.39,2.42,2.38,352701,165975222.0,1.66,-0.83,-0.02,0.04
365,2016-07-04,2.39,2.46,2.46,2.39,909702,431867344.0,2.93,2.93,0.07,0.1
366,2016-07-05,2.46,2.5,2.51,2.43,924922,442528256.0,3.25,1.63,0.04,0.1
367,2016-07-06,2.48,2.48,2.48,2.43,719658,343105568.0,2.0,-0.8,-0.02,0.08
368,2016-07-07,2.47,2.49,2.5,2.46,679302,325808544.0,1.61,0.4,0.01,0.07
369,2016-07-08,2.47,2.44,2.47,2.42,558736,265223207.0,2.01,-2.01,-0.05,0.06
370,2016-07-11,2.44,2.48,2.51,2.44,877593,420483488.0,2.87,1.64,0.04,0.09
371,2016-07-12,2.48,2.55,2.56,2.48,1224149,590988592.0,3.23,2.82,0.07,0.13
372,2016-07-13,2.56,2.58,2.6,2.55,990713,484040816.0,1.96,1.18,0.03,0.1
373,2016-07-14,2.56,2.57,2.58,2.53,621641,302204528.0,1.94,-0.39,-0.01,0.07
374,2016-07-15,2.57,2.57,2.59,2.55,570515,278496400.0,1.56,0.0,0.0,0.06
375,2016-07-18,2.56,2.54,2.59,2.52,859312,417544768.0,2.72,-1.17,-0.03,0.09
376,2016-07-19,2.53,2.54,2.54,2.49,573641,276855216.0,1.97,0.0,0.0,0.06
377,2016-07-20,2.53,2.53,2.54,2.51,287120,138891229.0,1.18,-0.39,-0.01,0.03
378,2016-07-21,2.52,2.53,2.56,2.51,542397,262486392.0,1.98,0.0,0.0,0.06
379,2016-07-22,2.53,2.5,2.53,2.48,525453,252754030.0,1.98,-1.19,-0.03,0.05
380,2016-07-25,2.5,2.51,2.51,2.48,369162,177448214.0,1.2,0.4,0.01,0.04
381,2016-07-26,2.49,2.54,2.54,2.49,441536,213243763.0,1.99,1.2,0.03,0.05
382,2016-07-27,2.53,2.54,2.56,2.46,1152068,555542272.0,3.94,0.0,0.0,0.12
383,2016-07-28,2.51,2.51,2.52,2.49,616026,296474336.0,1.18,-1.18,-0.03,0.06
384,2016-07-29,2.49,2.48,2.51,2.47,461866,221754498.0,1.59,-1.2,-0.03,0.05
385,2016-08-01,2.48,2.49,2.49,2.45,495081,236357295.0,1.61,0.4,0.01,0.05
386,2016-08-02,2.46,2.48,2.48,2.45,302448,144492802.0,1.2,-0.4,-0.01,0.03
387,2016-08-03,2.46,2.47,2.48,2.43,386765,184519631.0,2.02,-0.4,-0.01,0.04
388,2016-08-04,2.48,2.49,2.49,2.45,308162,147280863.0,1.62,0.81,0.02,0.03
389,2016-08-05,2.48,2.5,2.51,2.46,383110,183967387.0,2.01,0.4,0.01,0.04
390,2016-08-08,2.51,2.52,2.52,2.47,311246,149608626.0,2.0,0.8,0.02,0.03
391,2016-08-09,2.51,2.57,2.59,2.49,786757,382521072.0,3.97,1.98,0.05,0.08
392,2016-08-10,2.56,2.57,2.58,2.55,386613,188458486.0,1.17,0.0,0.0,0.04
393,2016-08-11,2.56,2.55,2.59,2.53,510085,248508726.0,2.33,-0.78,-0.02,0.05
394,2016-08-12,2.55,2.61,2.61,2.54,913644,446874992.0,2.75,2.35,0.06,0.1
395,2016-08-15,2.61,2.7,2.72,2.6,1616172,805861216.0,4.6,3.45,0.09,0.17
396,2016-08-16,2.7,2.71,2.74,2.68,1141402,572509376.0,2.22,0.37,0.01,0.12
397,2016-08-17,2.71,2.7,2.74,2.67,718460,359944048.0,2.58,-0.37,-0.01,0.08
398,2016-08-18,2.69,2.68,2.71,2.65,465415,232280251.0,2.22,-0.74,-0.02,0.05
399,2016-08-19,2.68,2.67,2.7,2.65,647328,322462288.0,1.87,-0.37,-0.01,0.07
400,2016-08-22,2.67,2.63,2.67,2.61,525096,259824363.0,2.25,-1.5,-0.04,0.05
401,2016-08-23,2.63,2.64,2.65,2.62,509873,252362284.0,1.14,0.38,0.01,0.05
402,2016-08-24,2.64,2.65,2.66,2.62,477387,236492877.0,1.52,0.38,0.01,0.05
403,2016-08-25,2.64,2.64,2.65,2.6,554122,273275408.0,1.89,-0.38,-0.01,0.06
404,2016-08-26,2.64,2.64,2.65,2.62,385605,190899014.0,1.14,0.0,0.0,0.04
405,2016-08-29,2.63,2.64,2.64,2.61,401044,197972275.0,1.14,0.0,0.0,0.04
406,2016-08-30,2.64,2.69,2.71,2.62,793142,394443200.0,3.41,1.89,0.05,0.08
407,2016-08-31,2.68,2.69,2.7,2.67,750387,374822496.0,1.12,0.0,0.0,0.08
408,2016-09-01,2.68,2.66,2.69,2.65,421439,210005890.0,1.49,-1.12,-0.03,0.04
409,2016-09-02,2.65,2.67,2.67,2.63,509948,253018183.0,1.5,0.38,0.01,0.05
410,2016-09-05,2.66,2.68,2.69,2.64,717714,356676832.0,1.87,0.37,0.01,0.08
411,2016-09-06,2.66,2.69,2.7,2.66,626778,312759680.0,1.49,0.37,0.01,0.07
412,2016-09-07,2.68,2.69,2.7,2.67,504557,252025968.0,1.12,0.0,0.0,0.05
413,2016-09-08,2.69,2.68,2.69,2.66,318589,158875554.0,1.12,-0.37,-0.01,0.03
414,2016-09-09,2.69,2.67,2.7,2.66,515692,257524397.0,1.49,-0.37,-0.01,0.05
415,2016-09-12,2.62,2.63,2.65,2.54,1258374,616870896.0,4.12,-1.5,-0.04,0.13
416,2016-09-13,2.61,2.61,2.62,2.57,412493,202143761.0,1.9,-0.76,-0.02,0.04
417,2016-09-14,2.58,2.55,2.59,2.53,603708,293610512.0,2.3,-2.3,-0.06,0.06
418,2016-09-19,2.51,2.55,2.56,2.51,504595,245041380.0,1.96,0.0,0.0,0.05
419,2016-09-20,2.55,2.54,2.56,2.52,388130,187955639.0,1.57,-0.39,-0.01,0.04
420,2016-09-21,2.55,2.55,2.56,2.51,361734,172380221.0,1.97,0.39,0.01,0.04
421,2016-09-22,2.56,2.61,2.63,2.55,617535,298337680.0,3.14,2.35,0.06,0.06
422,2016-09-23,2.62,2.62,2.64,2.61,338062,164128026.0,1.15,0.38,0.01,0.04
423,2016-09-26,2.61,2.57,2.62,2.55,397807,191565419.0,2.67,-1.91,-0.05,0.04
424,2016-09-27,2.56,2.58,2.59,2.54,365625,174926026.0,1.95,0.39,0.01,0.04
425,2016-09-28,2.57,2.54,2.57,2.53,352140,168043449.0,1.55,-1.55,-0.04,0.04
426,2016-09-29,2.58,2.62,2.63,2.57,611588,295949904.0,2.36,3.15,0.08,0.06
427,2016-09-30,2.6,2.63,2.63,2.59,280820,135971738.0,1.53,0.38,0.01,0.03
428,2016-10-10,2.7,2.72,2.74,2.69,1002299,495522880.0,1.9,3.42,0.09,0.1
429,2016-10-11,2.73,2.74,2.76,2.71,784280,389497792.0,1.84,0.74,0.02,0.08
430,2016-10-12,2.72,2.71,2.72,2.69,424993,209615735.0,1.09,-1.09,-0.03,0.04
431,2016-10-13,2.7,2.67,2.71,2.65,485744,238084854.0,2.21,-1.48,-0.04,0.05
432,2016-10-14,2.65,2.71,2.71,2.65,499610,245173770.0,2.25,1.5,0.04,0.05
433,2016-10-17,2.7,2.7,2.72,2.68,604704,298513728.0,1.48,-0.37,-0.01,0.06
434,2016-10-18,2.69,2.73,2.73,2.67,672713,331800352.0,2.22,1.11,0.03,0.07
435,2016-10-19,2.73,2.75,2.76,2.71,874866,435311776.0,1.83,0.73,0.02,0.09
436,2016-10-20,2.75,2.76,2.78,2.75,709113,354202048.0,1.09,0.36,0.01,0.07
437,2016-10-21,2.75,2.78,2.79,2.74,615742,307491856.0,1.81,0.72,0.02,0.06
438,2016-10-24,2.77,2.84,2.91,2.76,1850113,940625168.0,5.4,2.16,0.06,0.19
439,2016-10-25,2.85,2.79,2.87,2.75,1385145,696433136.0,4.23,-1.76,-0.05,0.14
440,2016-10-26,2.78,2.76,2.79,2.74,472389,235700821.0,1.79,-1.08,-0.03,0.05
441,2016-10-27,2.75,2.75,2.76,2.72,453894,225374027.0,1.45,-0.36,-0.01,0.05
442,2016-10-28,2.75,2.78,2.79,2.73,724438,362183600.0,2.18,1.09,0.03,0.08
443,2016-10-31,2.76,2.78,2.78,2.73,456248,227559687.0,1.8,0.0,0.0,0.05
444,2016-11-01,2.75,2.77,2.79,2.74,563075,280998944.0,1.8,-0.36,-0.01,0.06
445,2016-11-02,2.75,2.72,2.76,2.72,489289,243027935.0,1.44,-1.81,-0.05,0.05
446,2016-11-03,2.71,2.72,2.74,2.67,509900,251803666.0,2.57,0.0,0.0,0.05
447,2016-11-04,2.72,2.71,2.75,2.69,510136,252254180.0,2.21,-0.37,-0.01,0.05
448,2016-11-07,2.7,2.72,2.74,2.69,504803,249854619.0,1.85,0.37,0.01,0.05
449,2016-11-08,2.73,2.74,2.76,2.72,540260,268719920.0,1.47,0.74,0.02,0.06
450,2016-11-09,2.74,2.7,2.75,2.63,1100925,541402192.0,4.38,-1.46,-0.04,0.12
451,2016-11-10,2.72,2.76,2.77,2.72,868287,432507056.0,1.85,2.22,0.06,0.09
452,2016-11-11,2.75,2.78,2.81,2.72,1032688,516148672.0,3.26,0.72,0.02,0.11
453,2016-11-14,2.78,2.79,2.79,2.74,1126503,563126512.0,1.8,0.36,0.01,0.12
454,2016-11-15,2.78,2.76,2.79,2.74,588116,293481984.0,1.79,-1.08,-0.03,0.06
455,2016-11-16,2.77,2.76,2.78,2.74,532344,265641726.0,1.45,0.0,0.0,0.06
456,2016-11-17,2.74,2.76,2.76,2.72,483629,240253329.0,1.45,0.0,0.0,0.05
457,2016-11-18,2.75,2.73,2.76,2.72,488204,242369993.0,1.45,-1.09,-0.03,0.05
458,2016-11-21,2.73,2.79,2.8,2.71,1156807,578820720.0,3.3,2.2,0.06,0.12
459,2016-11-22,2.84,2.86,2.88,2.8,1813573,920641584.0,2.87,2.51,0.07,0.19
460,2016-11-23,2.85,2.86,2.93,2.83,1348357,688757552.0,3.5,0.0,0.0,0.14
461,2016-11-24,2.85,2.84,2.86,2.82,737412,373930816.0,1.4,-0.7,-0.02,0.08
462,2016-11-25,2.85,2.87,2.88,2.8,950745,481951152.0,2.82,1.06,0.03,0.1
463,2016-11-28,2.87,2.91,2.93,2.85,1522717,780698672.0,2.79,1.39,0.04,0.16
464,2016-11-29,2.91,3.0,3.03,2.88,2419796,1258888672.0,5.15,3.09,0.09,0.25
465,2016-11-30,2.97,2.89,2.98,2.88,1180514,608134464.0,3.33,-3.67,-0.11,0.12
466,2016-12-01,3.03,3.04,3.13,2.99,2987350,1580947072.0,4.84,5.19,0.15,0.31
467,2016-12-02,3.06,3.27,3.46,3.02,4740338,2600297232.0,14.47,7.57,0.23,0.5
468,2016-12-05,3.18,3.14,3.25,3.05,2717488,1457284576.0,6.12,-3.98,-0.13,0.28
469,2016-12-06,3.08,3.07,3.23,3.06,1642681,882130016.0,5.41,-2.23,-0.07,0.17
470,2016-12-07,3.05,3.08,3.1,3.01,1244600,656163472.0,2.93,0.33,0.01,0.13
471,2016-12-08,3.08,3.07,3.1,3.02,961159,508780128.0,2.6,-0.32,-0.01,0.1
472,2016-12-09,3.06,3.18,3.21,3.05,1814626,978137392.0,5.21,3.58,0.11,0.19
473,2016-12-12,3.33,3.23,3.39,3.2,2541646,1401624752.0,5.97,1.57,0.05,0.27
474,2016-12-13,3.25,3.28,3.35,3.24,1743234,961294912.0,3.41,1.55,0.05,0.18
475,2016-12-14,3.3,3.4,3.5,3.28,2735785,1544024592.0,6.71,3.66,0.12,0.29
476,2016-12-15,3.3,3.22,3.31,3.16,2102307,1144629888.0,4.41,-5.29,-0.18,0.22
477,2016-12-16,3.17,3.28,3.3,3.06,1451618,786492752.0,7.45,1.86,0.06,0.15
478,2016-12-19,3.27,3.29,3.38,3.23,1097108,608688704.0,4.57,0.3,0.01,0.11
479,2016-12-20,3.27,3.23,3.3,3.12,1344723,726559872.0,5.47,-1.82,-0.06,0.14
480,2016-12-21,3.23,3.33,3.46,3.18,2301046,1282100000.0,8.67,3.1,0.1,0.24
481,2016-12-22,3.29,3.41,3.5,3.29,2258683,1274123536.0,6.31,2.4,0.08,0.24
482,2016-12-23,3.37,3.41,3.49,3.35,1752548,989053488.0,4.11,0.0,0.0,0.18
483,2016-12-26,3.37,3.44,3.45,3.25,1223803,684774448.0,5.87,0.88,0.03,0.13
484,2016-12-27,3.39,3.33,3.44,3.32,972186,543993664.0,3.49,-3.2,-0.11,0.1
485,2016-12-28,3.34,3.32,3.42,3.29,931693,518878432.0,3.9,-0.3,-0.01,0.1
486,2016-12-29,3.28,3.18,3.31,3.17,1282603,698609392.0,4.22,-4.22,-0.14,0.13
487,2016-12-30,3.18,3.18,3.22,3.15,879519,475438368.0,2.2,0.0,0.0,0.09
488,2017-01-03,3.19,3.28,3.29,3.17,1028206,562683776.0,3.77,3.14,0.1,0.11
489,2017-01-04,3.25,3.34,3.36,3.23,1007830,559970896.0,3.96,1.83,0.06,0.11
490,2017-01-05,3.32,3.52,3.58,3.31,2386978,1359467408.0,8.08,5.39,0.18,0.25
491,2017-01-06,3.55,3.64,3.78,3.51,3286121,1945425232.0,7.67,3.41,0.12,0.34
492,2017-01-09,3.64,3.63,3.8,3.6,2084128,1234397664.0,5.49,-0.27,-0.01,0.22
493,2017-01-10,3.57,3.67,3.68,3.51,1285797,748621136.0,4.68,1.1,0.04,0.13
494,2017-01-11,3.63,3.53,3.68,3.53,1136455,663075248.0,4.09,-3.81,-0.14,0.12
495,2017-01-12,3.55,3.6,3.68,3.51,1471319,859151616.0,4.82,1.98,0.07,0.15
496,2017-01-13,3.59,3.66,3.74,3.55,1317487,776759360.0,5.28,1.67,0.06,0.14
497,2017-01-16,3.66,3.73,3.75,3.6,2553645,1515296304.0,4.1,1.91,0.07,0.27
498,2017-01-17,3.71,3.76,3.84,3.71,1960820,1178091472.0,3.49,0.8,0.03,0.21
499,2017-01-18,3.77,3.74,3.79,3.7,1051783,627752512.0,2.39,-0.53,-0.02,0.11
500,2017-01-19,3.71,3.63,3.73,3.54,2271034,1325492112.0,5.08,-2.94,-0.11,0.24
501,2017-01-20,3.59,3.63,3.65,3.57,772713,451542576.0,2.2,0.0,0.0,0.08
502,2017-01-23,3.64,3.64,3.67,3.58,1207745,707945328.0,2.48,0.28,0.01,0.13
503,2017-01-24,3.64,3.83,3.84,3.62,2202969,1320861536.0,6.04,5.22,0.19,0.23
504,2017-01-25,3.81,3.82,3.85,3.75,990441,598337920.0,2.61,-0.26,-0.01,0.1
505,2017-01-26,3.82,3.8,3.86,3.74,883109,532030976.0,3.14,-0.52,-0.02,0.09
506,2017-02-03,3.8,3.72,3.81,3.67,591643,351674880.0,3.68,-2.11,-0.08,0.06
507,2017-02-06,3.72,3.72,3.76,3.66,916718,543982192.0,2.69,0.0,0.0,0.1
508,2017-02-07,3.69,3.64,3.71,3.6,1200229,705701200.0,2.96,-2.15,-0.08,0.13
509,2017-02-08,3.6,3.62,3.65,3.56,1451729,846179504.0,2.47,-0.55,-0.02,0.15
510,2017-02-09,3.62,3.58,3.62,3.51,2976486,1724814080.0,3.04,-1.1,-0.04,0.31
511,2017-02-10,3.56,3.64,3.65,3.54,1956263,1142135552.0,3.07,1.68,0.06,0.2
512,2017-02-13,3.65,3.64,3.7,3.61,1714416,1007986896.0,2.47,0.0,0.0,0.18
513,2017-02-14,3.62,3.61,3.64,3.58,891346,520498496.0,1.65,-0.82,-0.03,0.09
514,2017-02-15,3.62,3.62,3.66,3.6,1268805,744229568.0,1.66,0.28,0.01,0.13
515,2017-02-16,3.61,3.58,3.62,3.55,1191104,690849424.0,1.93,-1.1,-0.04,0.12
516,2017-02-17,3.58,3.56,3.63,3.55,1041218,605621984.0,2.23,-0.56,-0.02,0.11
517,2017-02-20,3.57,3.65,3.65,3.55,1508008,881021600.0,2.81,2.53,0.09,0.16
518,2017-02-21,3.66,3.66,3.68,3.61,1045242,614392256.0,1.92,0.27,0.01,0.11
519,2017-02-22,3.68,3.74,3.75,3.66,1633588,969266400.0,2.46,2.19,0.08,0.17
520,2017-02-23,3.71,3.65,3.74,3.63,1022972,603898128.0,2.94,-2.41,-0.09,0.11
521,2017-02-24,3.66,3.58,3.69,3.55,1432923,834702272.0,3.84,-1.92,-0.07,0.15
522,2017-02-27,3.57,3.5,3.58,3.48,1438878,827167200.0,2.79,-2.23,-0.08,0.15
523,2017-02-28,3.5,3.52,3.54,3.49,615904,354028704.0,1.43,0.57,0.02,0.06
524,2017-03-01,3.52,3.53,3.55,3.48,987933,567800336.0,1.99,0.28,0.01,0.1
525,2017-03-02,3.54,3.51,3.55,3.5,555725,319956896.0,1.42,-0.57,-0.02,0.06
526,2017-03-03,3.49,3.43,3.49,3.38,1476286,834013824.0,3.13,-2.28,-0.08,0.15
527,2017-03-06,3.42,3.41,3.43,3.37,980955,552324064.0,1.75,-0.58,-0.02,0.1
528,2017-03-07,3.4,3.4,3.41,3.37,865322,486097680.0,1.17,-0.29,-0.01,0.09
529,2017-03-08,3.4,3.42,3.42,3.38,1014028,571105200.0,1.18,0.59,0.02,0.11
530,2017-03-09,3.37,3.37,3.39,3.25,2432177,1347139296.0,4.09,-1.46,-0.05,0.25
531,2017-03-10,3.31,3.28,3.32,3.28,966070,534072752.0,1.19,-2.67,-0.09,0.1
532,2017-03-13,3.26,3.3,3.34,3.21,1269404,700479120.0,3.96,0.61,0.02,0.13
533,2017-03-14,3.3,3.32,3.33,3.27,732465,405458656.0,1.82,0.61,0.02,0.08
534,2017-03-15,3.3,3.36,3.37,3.28,967680,537908160.0,2.71,1.2,0.04,0.1
535,2017-03-16,3.37,3.41,3.44,3.37,1059766,597938512.0,2.08,1.49,0.05,0.11
536,2017-03-17,3.41,3.33,3.41,3.3,917827,513059936.0,3.23,-2.35,-0.08,0.1
537,2017-03-20,3.33,3.45,3.45,3.33,1741934,980489136.0,3.6,3.6,0.12,0.18
538,2017-03-21,3.43,3.44,3.49,3.42,1230057,699781216.0,2.03,-0.29,-0.01,0.13
539,2017-03-22,3.42,3.51,3.54,3.41,1690434,966551888.0,3.78,2.03,0.07,0.18
540,2017-03-23,3.51,3.48,3.54,3.43,1193700,682151104.0,3.13,-0.85,-0.03,0.12
541,2017-03-24,3.47,3.57,3.6,3.45,1365785,786683440.0,4.31,2.59,0.09,0.14
542,2017-03-27,3.62,3.48,3.63,3.42,2058170,1184060656.0,5.88,-2.52,-0.09,0.22
543,2017-03-28,3.48,3.44,3.49,3.42,878862,498474240.0,2.01,-1.15,-0.04,0.09
544,2017-03-29,3.45,3.46,3.49,3.42,1012383,575706192.0,2.03,0.58,0.02,0.11
545,2017-03-30,3.47,3.44,3.5,3.38,1280922,725747632.0,3.47,-0.58,-0.02,0.13
546,2017-03-31,3.46,3.51,3.52,3.42,1101641,628633712.0,2.91,2.03,0.07,0.12
547,2017-04-05,3.51,3.62,3.63,3.5,1510705,877324240.0,3.7,3.13,0.11,0.16
548,2017-04-06,3.63,3.66,3.68,3.58,1380016,810340960.0,2.76,1.1,0.04,0.14
549,2017-04-07,3.68,3.76,3.8,3.63,1907776,1140870864.0,4.64,2.73,0.1,0.2
550,2017-04-10,3.77,3.72,3.79,3.7,821400,489598768.0,2.39,-1.06,-0.04,0.09
551,2017-04-11,3.73,3.71,3.78,3.62,1105222,654580400.0,4.3,-0.27,-0.01,0.12
552,2017-04-12,3.7,3.7,3.72,3.62,969202,570987168.0,2.7,-0.27,-0.01,0.1
553,2017-04-13,3.67,3.66,3.69,3.64,539703,318444640.0,1.35,-1.08,-0.04,0.06
554,2017-04-14,3.67,3.65,3.67,3.62,589975,346625952.0,1.37,-0.27,-0.01,0.06
555,2017-04-17,3.66,3.62,3.68,3.58,1025023,598541552.0,2.74,-0.82,-0.03,0.11
556,2017-04-18,3.62,3.57,3.64,3.57,620894,362578208.0,1.93,-1.38,-0.05,0.06
557,2017-04-19,3.56,3.53,3.56,3.46,909919,522878944.0,2.8,-1.12,-0.04,0.1
558,2017-04-20,3.49,3.52,3.53,3.43,970888,553374752.0,2.83,-0.28,-0.01,0.1
559,2017-04-21,3.51,3.57,3.58,3.44,952407,548446880.0,3.98,1.42,0.05,0.1
560,2017-04-24,3.54,3.61,3.61,3.49,1121907,649048096.0,3.36,1.12,0.04,0.12
561,2017-04-25,3.57,3.56,3.63,3.53,839400,486423232.0,2.77,-1.39,-0.05,0.09
562,2017-04-26,3.57,3.55,3.58,3.54,443316,256786681.0,1.12,-0.28,-0.01,0.05
563,2017-04-27,3.55,3.55,3.59,3.49,601525,346762032.0,2.82,0.0,0.0,0.06
564,2017-04-28,3.57,3.55,3.58,3.5,629230,362413696.0,2.25,0.0,0.0,0.07
565,2017-05-02,3.54,3.5,3.54,3.49,452545,259644428.0,1.41,-1.41,-0.05,0.05
566,2017-05-03,3.48,3.5,3.5,3.46,497675,284352240.0,1.14,0.0,0.0,0.05
567,2017-05-04,3.49,3.48,3.49,3.43,800452,455488096.0,1.71,-0.57,-0.02,0.08
568,2017-05-05,3.43,3.41,3.43,3.3,2044121,1144980336.0,3.74,-2.01,-0.07,0.21
569,2017-05-08,3.38,3.49,3.5,3.34,1400657,793020304.0,4.69,2.35,0.08,0.15
570,2017-05-09,3.47,3.48,3.52,3.45,448161,256031994.0,2.01,-0.29,-0.01,0.05
571,2017-05-10,3.47,3.48,3.5,3.44,561947,320391344.0,1.72,0.0,0.0,0.06
572,2017-05-11,3.47,3.57,3.59,3.45,1301897,749473888.0,4.02,2.59,0.09,0.14
573,2017-05-12,3.55,3.64,3.65,3.54,1024865,597827952.0,3.08,1.96,0.07,0.11
574,2017-05-15,3.62,3.67,3.71,3.59,1084437,638975872.0,3.3,0.82,0.03,0.11
575,2017-05-16,3.68,3.64,3.7,3.62,632902,372173952.0,2.18,-0.82,-0.03,0.07
576,2017-05-17,3.62,3.56,3.65,3.54,864289,501294592.0,3.02,-2.2,-0.08,0.09
577,2017-05-18,3.54,3.58,3.59,3.53,354411,205342680.0,1.69,0.56,0.02,0.04
578,2017-05-19,3.58,3.61,3.67,3.57,763588,446478080.0,2.79,0.84,0.03,0.08
579,2017-05-22,3.65,3.72,3.72,3.61,1345476,794676160.0,3.05,3.05,0.11,0.14
580,2017-05-23,3.71,3.77,3.79,3.66,1881466,1121440624.0,3.49,1.34,0.05,0.2
581,2017-05-24,3.75,3.75,3.76,3.68,957987,569608144.0,2.12,-0.53,-0.02,0.1
582,2017-05-25,3.72,3.93,3.94,3.7,2220193,1350537072.0,6.4,4.8,0.18,0.23
583,2017-05-26,3.91,3.91,3.99,3.84,1681572,1031600688.0,3.82,-0.51,-0.02,0.18
584,2017-05-31,3.88,4.04,4.09,3.88,1961867,1215847296.0,5.37,3.32,0.13,0.21
585,2017-06-01,3.99,4.1,4.12,3.96,2187283,1374242560.0,3.96,1.49,0.06,0.23
586,2017-06-02,4.07,4.03,4.12,4.0,997723,627119712.0,2.93,-1.71,-0.07,0.1
587,2017-06-05,3.97,3.89,4.0,3.85,1187268,727918096.0,3.72,-3.47,-0.14,0.12
588,2017-06-06,3.87,3.86,3.88,3.8,990217,601297120.0,2.06,-0.77,-0.03,0.1
589,2017-06-07,3.87,3.86,3.91,3.82,1335180,812589216.0,2.33,0.0,0.0,0.14
590,2017-06-08,3.82,3.91,3.93,3.79,1344699,819029712.0,3.63,1.3,0.05,0.14
591,2017-06-09,3.89,3.88,4.0,3.86,1292975,795505392.0,3.58,-0.77,-0.03,0.14
592,2017-06-12,3.88,3.88,3.93,3.83,947377,578725184.0,2.58,0.0,0.0,0.1
593,2017-06-13,3.87,3.82,3.87,3.81,918197,556155936.0,1.55,-1.55,-0.06,0.1
594,2017-06-14,3.82,3.75,3.83,3.73,1048911,628681312.0,2.62,-1.83,-0.07,0.11
595,2017-06-15,3.73,3.69,3.74,3.67,1155141,684190816.0,1.87,-1.6,-0.06,0.12
596,2017-06-16,3.68,3.7,3.72,3.66,612143,362517408.0,1.63,0.27,0.01,0.06
597,2017-06-19,3.7,3.72,3.73,3.68,573516,340731120.0,1.35,0.54,0.02,0.06
598,2017-06-20,3.7,3.71,3.73,3.65,828815,490780656.0,2.15,-0.27,-0.01,0.09
599,2017-06-21,3.7,3.71,3.72,3.66,789941,467436096.0,1.62,0.0,0.0,0.08
600,2017-06-22,3.68,3.74,3.81,3.67,1331526,796655728.0,3.77,0.81,0.03,0.14
601,2017-06-23,3.73,3.78,3.79,3.72,899123,538069328.0,1.87,1.07,0.04,0.09
602,2017-06-26,3.78,3.77,3.81,3.73,1146625,687662336.0,2.12,-0.26,-0.01,0.12
603,2017-06-27,3.77,3.67,3.77,3.65,1393601,825328928.0,3.18,-2.65,-0.1,0.15
604,2017-06-28,3.66,3.68,3.73,3.64,994162,587993664.0,2.45,0.27,0.01,0.1
605,2017-06-29,3.68,3.69,3.7,3.65,784626,463109312.0,1.36,0.27,0.01,0.08
606,2017-06-30,3.66,3.7,3.72,3.64,778468,460331648.0,2.17,0.27,0.01,0.08
607,2017-07-03,3.71,3.71,3.72,3.68,567599,336604608.0,1.08,0.27,0.01,0.06
608,2017-07-04,3.71,3.82,3.83,3.7,1532100,922574912.0,3.5,2.96,0.11,0.16
609,2017-07-05,3.81,3.82,3.84,3.78,812389,491291312.0,1.57,0.0,0.0,0.09
610,2017-07-06,3.8,3.83,3.83,3.78,903736,545583328.0,1.31,0.26,0.01,0.09
611,2017-07-07,3.81,3.81,3.84,3.78,651848,394109584.0,1.57,-0.52,-0.02,0.07
612,2017-07-10,3.81,3.91,3.92,3.79,1063073,650118656.0,3.41,2.62,0.1,0.11
613,2017-07-11,3.92,3.92,3.94,3.88,649305,398934608.0,1.53,0.26,0.01,0.07
614,2017-07-12,3.92,3.85,3.96,3.84,753946,461593936.0,3.06,-1.79,-0.07,0.08
615,2017-07-13,3.85,3.95,3.96,3.82,1104031,676000784.0,3.64,2.6,0.1,0.12
616,2017-07-14,3.96,3.99,4.03,3.92,1263541,784481536.0,2.78,1.01,0.04,0.13
617,2017-07-17,3.99,4.09,4.1,3.88,2035768,1273341968.0,5.51,2.51,0.1,0.21
618,2017-07-18,4.04,4.05,4.12,4.0,1511050,949831392.0,2.93,-0.98,-0.04,0.16
619,2017-07-19,4.08,4.04,4.11,4.01,1920970,1173214944.0,2.47,-0.25,-0.01,0.2
620,2017-07-20,4.06,4.13,4.14,4.04,1525279,938745776.0,2.48,2.23,0.09,0.16
621,2017-07-21,4.13,4.13,4.18,4.1,1002736,620808768.0,1.94,0.0,0.0,0.1
622,2017-07-24,4.1,4.01,4.12,3.98,1355573,828898544.0,3.39,-2.91,-0.12,0.14
623,2017-07-25,4.0,4.02,4.06,3.98,881211,535389440.0,2.0,0.25,0.01,0.09
624,2017-07-26,4.05,4.08,4.11,4.01,1326203,812640992.0,2.49,1.49,0.06,0.14
625,2017-07-27,4.1,4.08,4.12,4.03,1068706,655734656.0,2.21,0.0,0.0,0.11
626,2017-07-28,4.07,4.05,4.07,4.01,683472,417318576.0,1.47,-0.74,-0.03,0.07
627,2017-07-31,4.06,4.05,4.11,4.02,1209434,740289008.0,2.22,0.0,0.0,0.13
628,2017-08-01,4.07,4.16,4.18,4.05,1759858,1087275984.0,3.21,2.72,0.11,0.18
629,2017-08-02,4.13,4.08,4.14,4.05,1523743,936700496.0,2.16,-1.92,-0.08,0.16
630,2017-08-03,4.06,4.03,4.09,4.01,1060793,647193296.0,1.96,-1.23,-0.05,0.11
631,2017-08-04,4.02,4.04,4.06,3.99,1232089,750610032.0,1.74,0.25,0.01,0.13
632,2017-08-07,4.03,3.98,4.05,3.92,1420131,857270080.0,3.22,-1.49,-0.06,0.15
633,2017-08-08,3.99,3.97,3.99,3.94,850972,512843776.0,1.26,-0.25,-0.01,0.09
634,2017-08-09,3.96,3.96,3.98,3.94,530952,319929856.0,1.01,-0.25,-0.01,0.06
635,2017-08-10,3.96,4.01,4.02,3.93,891088,537684032.0,2.27,1.26,0.05,0.09
636,2017-08-11,3.96,3.94,3.98,3.89,1490692,893048064.0,2.24,-1.75,-0.07,0.16
637,2017-08-14,3.94,3.92,3.95,3.9,722994,432287040.0,1.27,-0.51,-0.02,0.08
638,2017-08-15,3.9,3.91,3.94,3.89,703460,419963088.0,1.28,-0.26,-0.01,0.07
639,2017-08-16,3.9,3.86,3.9,3.84,864292,511784880.0,1.53,-1.28,-0.05,0.09
640,2017-08-17,3.87,3.88,3.9,3.84,1022477,605263632.0,1.55,0.52,0.02,0.11
641,2017-08-18,3.85,3.86,3.89,3.83,698757,413679168.0,1.55,-0.52,-0.02,0.07
642,2017-08-21,3.9,3.96,3.97,3.9,1244243,746019344.0,1.81,2.59,0.1,0.13
643,2017-08-22,3.95,3.93,3.96,3.91,593910,355887904.0,1.26,-0.76,-0.03,0.06
644,2017-08-23,3.94,3.89,3.95,3.89,769416,459270064.0,1.53,-1.02,-0.04,0.08
645,2017-08-24,3.92,3.9,3.94,3.88,813387,485501984.0,1.54,0.26,0.01,0.09
646,2017-08-25,3.9,3.97,3.98,3.9,1442201,865605584.0,2.05,1.79,0.07,0.15
647,2017-08-28,4.02,4.01,4.06,3.99,1991634,1210244016.0,1.76,1.01,0.04,0.21
648,2017-08-29,4.0,4.0,4.03,3.98,884360,536262720.0,1.25,-0.25,-0.01,0.09
649,2017-08-30,4.0,4.0,4.02,3.97,1263596,765838960.0,1.25,0.0,0.0,0.13
650,2017-08-31,4.01,3.95,4.02,3.93,1129656,679971792.0,2.25,-1.25,-0.05,0.12
651,2017-09-01,3.96,3.93,3.97,3.92,953672,572873472.0,1.27,-0.51,-0.02,0.1
652,2017-09-04,3.94,3.89,3.94,3.87,1356951,807872064.0,1.78,-1.02,-0.04,0.14
653,2017-09-05,3.88,3.89,3.91,3.86,993463,590663888.0,1.29,0.0,0.0,0.1
654,2017-09-06,3.89,3.94,3.96,3.88,1250427,747609280.0,2.06,1.29,0.05,0.13
655,2017-09-07,3.95,3.9,3.96,3.9,1023210,613008176.0,1.52,-1.02,-0.04,0.11
656,2017-09-08,3.9,3.9,3.93,3.89,579252,346017984.0,1.03,0.0,0.0,0.06
657,2017-09-11,3.88,3.92,3.93,3.87,768648,458487760.0,1.54,0.51,0.02,0.08
658,2017-09-12,3.92,3.9,3.93,3.88,789925,470317504.0,1.28,-0.51,-0.02,0.08
659,2017-09-13,3.9,3.9,3.91,3.87,492380,293021488.0,1.03,0.0,0.0,0.05
660,2017-09-14,3.9,3.89,3.92,3.87,656247,390462112.0,1.28,-0.26,-0.01,0.07
661,2017-09-15,3.89,3.86,3.9,3.85,721503,427622528.0,1.29,-0.77,-0.03,0.08
662,2017-09-18,3.86,3.87,3.9,3.86,621271,369235216.0,1.04,0.26,0.01,0.07
663,2017-09-19,3.88,3.89,3.9,3.86,517274,307198032.0,1.03,0.52,0.02,0.05
664,2017-09-20,3.92,3.87,3.92,3.86,420873,245803622.0,1.54,-0.51,-0.02,0.04
665,2017-09-21,3.88,3.88,3.89,3.85,406797,237302264.0,1.03,0.26,0.01,0.04
666,2017-09-22,3.87,3.92,3.92,3.82,1006620,586732576.0,2.58,1.03,0.04,0.11
667,2017-09-25,3.92,3.97,3.98,3.88,1204765,709981088.0,2.55,1.28,0.05,0.13
668,2017-09-26,3.99,4.0,4.05,3.98,1043187,623596256.0,1.76,0.76,0.03,0.11
669,2017-09-27,3.99,3.96,4.0,3.95,414928,245867867.0,1.25,-1.0,-0.04,0.04
670,2017-09-28,3.96,3.94,3.98,3.91,517773,305408304.0,1.77,-0.51,-0.02,0.05
671,2017-09-29,3.94,3.94,3.96,3.91,415374,244778762.0,1.27,0.0,0.0,0.04
672,2017-10-09,3.97,3.91,3.97,3.89,724989,426594816.0,2.03,-0.76,-0.03,0.08
673,2017-10-10,3.91,3.89,3.92,3.87,673372,393841920.0,1.28,-0.51,-0.02,0.07
674,2017-10-11,3.9,3.9,3.91,3.87,585470,342498096.0,1.03,0.26,0.01,0.06
675,2017-10-12,3.9,3.86,3.9,3.84,804004,467892672.0,1.54,-1.03,-0.04,0.08
676,2017-10-13,3.85,3.85,3.85,3.81,782776,453103344.0,1.04,-0.26,-0.01,0.08
677,2017-10-16,3.85,3.85,3.86,3.82,930228,539671168.0,1.04,0.0,0.0,0.1
678,2017-10-17,3.86,3.86,3.88,3.84,558705,324971856.0,1.04,0.26,0.01,0.06
679,2017-10-18,3.85,3.94,3.96,3.85,1656179,970496720.0,2.85,2.07,0.08,0.17
680,2017-10-19,3.91,3.96,3.96,3.89,1305025,768666128.0,1.78,0.51,0.02,0.14
681,2017-10-20,3.93,3.9,3.94,3.89,490227,287674464.0,1.26,-1.52,-0.06,0.05
682,2017-10-23,3.9,3.89,3.91,3.86,493895,288857248.0,1.28,-0.26,-0.01,0.05
683,2017-10-24,3.87,3.96,3.98,3.87,1297310,765996016.0,2.83,1.8,0.07,0.14
684,2017-10-25,3.97,3.95,3.98,3.92,693594,410041872.0,1.52,-0.25,-0.01,0.07
685,2017-10-26,3.94,3.93,3.95,3.89,929194,545507616.0,1.52,-0.51,-0.02,0.1
686,2017-10-27,3.94,3.91,3.96,3.89,695260,408303792.0,1.78,-0.51,-0.02,0.07
687,2017-10-30,3.93,4.03,4.05,3.91,2467741,1468973200.0,3.58,3.07,0.12,0.26
688,2017-10-31,4.04,4.01,4.05,3.98,1155054,689166560.0,1.74,-0.5,-0.02,0.12
689,2017-11-01,4.02,4.15,4.17,4.01,2971536,1802294032.0,3.99,3.49,0.14,0.31
690,2017-11-02,4.13,4.16,4.2,4.11,1708680,1043423504.0,2.17,0.24,0.01,0.18
691,2017-11-03,4.17,4.19,4.22,4.1,2300552,1409287104.0,2.88,0.72,0.03,0.24
692,2017-11-06,4.22,4.24,4.33,4.2,2458009,1529851616.0,3.1,1.19,0.05,0.26
693,2017-11-07,4.29,4.33,4.44,4.27,3453363,2182347472.0,4.01,2.12,0.09,0.36
694,2017-11-08,4.31,4.26,4.32,4.21,2182397,1358231472.0,2.54,-1.62,-0.07,0.23
695,2017-11-09,4.25,4.27,4.28,4.2,1132775,701567280.0,1.88,0.23,0.01,0.12
696,2017-11-10,4.25,4.13,4.29,4.11,2146538,1319465168.0,4.22,-3.28,-0.14,0.22
697,2017-11-13,4.15,4.16,4.18,4.09,1852681,1130476768.0,2.18,0.73,0.03,0.19
698,2017-11-14,4.15,4.11,4.18,4.09,1116064,680130128.0,2.16,-1.2,-0.05,0.12
699,2017-11-15,4.06,3.99,4.08,3.97,2509798,1499096000.0,2.68,-2.92,-0.12,0.26
700,2017-11-16,3.98,3.96,4.02,3.93,1158793,686389568.0,2.26,-0.75,-0.03,0.12
701,2017-11-17,3.96,4.04,4.06,3.93,2492264,1482468672.0,3.28,2.02,0.08,0.26
702,2017-11-20,4.01,4.04,4.08,3.98,1367895,819876016.0,2.48,0.0,0.0,0.14
703,2017-11-21,4.04,4.04,4.07,3.95,1835222,1096546608.0,2.97,0.0,0.0,0.19
704,2017-11-22,4.04,4.26,4.27,4.02,3194513,1958133728.0,6.19,5.45,0.22,0.33
705,2017-11-23,4.28,4.21,4.31,4.14,2451415,1518782960.0,3.99,-1.17,-0.05,0.26
706,2017-11-24,4.18,4.22,4.27,4.16,1785314,1101775136.0,2.61,0.24,0.01,0.19
707,2017-11-27,4.24,4.22,4.29,4.12,2013646,1239885456.0,4.03,0.0,0.0,0.21
708,2017-11-28,4.18,4.06,4.19,4.04,1610362,974143088.0,3.55,-3.79,-0.16,0.17
709,2017-11-29,4.06,4.08,4.11,4.04,1253441,755861920.0,1.72,0.49,0.02,0.13
710,2017-11-30,4.06,4.07,4.08,4.02,818612,492077488.0,1.47,-0.25,-0.01,0.09
711,2017-12-01,4.07,4.06,4.09,4.0,850873,511118176.0,2.21,-0.25,-0.01,0.09
712,2017-12-04,4.05,4.07,4.11,4.05,935562,565582096.0,1.48,0.25,0.01,0.1
713,2017-12-05,4.05,4.17,4.23,4.01,2874944,1754134256.0,5.41,2.46,0.1,0.3
714,2017-12-06,4.14,4.13,4.18,4.1,1263101,770303360.0,1.92,-0.96,-0.04,0.13
715,2017-12-07,4.08,4.11,4.13,4.05,946064,571801008.0,1.94,-0.48,-0.02,0.1
716,2017-12-08,4.09,4.07,4.12,4.06,741247,447864816.0,1.46,-0.97,-0.04,0.08
717,2017-12-11,4.08,4.07,4.09,4.04,922169,554763792.0,1.23,0.0,0.0,0.1
718,2017-12-12,4.08,4.08,4.12,4.07,1233940,747367856.0,1.23,0.25,0.01,0.13
719,2017-12-13,4.07,4.07,4.09,4.04,603664,363696704.0,1.23,-0.25,-0.01,0.06
720,2017-12-14,4.06,4.0,4.1,3.99,789781,473403552.0,2.7,-1.72,-0.07,0.08
721,2017-12-15,4.0,3.97,4.01,3.94,789193,467701680.0,1.75,-0.75,-0.03,0.08
722,2017-12-18,3.95,3.98,3.99,3.95,512142,303637552.0,1.01,0.25,0.01,0.05
723,2017-12-19,3.97,4.0,4.0,3.96,542299,322278672.0,1.01,0.5,0.02,0.06
724,2017-12-20,4.0,4.01,4.02,3.94,952680,565832016.0,2.0,0.25,0.01,0.1
725,2017-12-21,3.99,4.01,4.03,3.97,567888,338888512.0,1.5,0.0,0.0,0.06
726,2017-12-22,4.0,4.07,4.12,3.99,949675,572251200.0,3.24,1.5,0.06,0.1
727,2017-12-25,4.05,4.07,4.09,4.03,907901,546369312.0,1.47,0.0,0.0,0.1
728,2017-12-26,4.07,4.1,4.14,4.05,908443,551467680.0,2.21,0.74,0.03,0.1
729,2017-12-27,4.13,4.14,4.22,4.12,1485758,911260272.0,2.44,0.98,0.04,0.16
730,2017-12-28,4.14,4.22,4.24,4.1,1358228,835696064.0,3.38,1.93,0.08,0.14
731,2017-12-29,4.22,4.17,4.24,4.14,704036,432299584.0,2.37,-1.18,-0.05,0.07
732,2018-01-02,4.2,4.41,4.51,4.2,3675653,2335727280.0,7.43,5.76,0.24,0.38
733,2018-01-03,4.4,4.51,4.56,4.38,2431525,1565879200.0,4.08,2.27,0.1,0.25
734,2018-01-04,4.6,4.94,5.12,4.6,5100948,3459262624.0,11.53,9.53,0.43,0.53
735,2018-01-05,4.94,5.1,5.22,4.89,4266394,2998758896.0,6.68,3.24,0.16,0.45
736,2018-01-08,5.06,5.09,5.18,5.02,3349207,2364425488.0,3.14,-0.2,-0.01,0.35
737,2018-01-09,5.11,5.04,5.15,4.97,2713787,1897963568.0,3.54,-0.98,-0.05,0.28
738,2018-01-10,5.21,5.19,5.39,5.14,4694376,3383808832.0,4.96,2.98,0.15,0.49
739,2018-01-11,5.19,5.12,5.22,5.05,1635527,1158885632.0,3.28,-1.35,-0.07,0.17
740,2018-01-12,5.14,5.19,5.27,5.03,1937618,1379870096.0,4.69,1.37,0.07,0.2
741,2018-01-15,5.24,5.33,5.48,5.14,3319512,2414830336.0,6.55,2.7,0.14,0.35
742,2018-01-16,5.32,5.15,5.42,5.13,4444592,3178631840.0,5.44,-3.38,-0.18,0.47
743,2018-01-17,5.09,5.07,5.29,5.0,4256323,3008024176.0,5.63,-1.55,-0.08,0.45
744,2018-01-18,5.09,5.04,5.09,4.93,4055840,2828445824.0,3.16,-0.59,-0.03,0.42
745,2018-01-19,5.03,5.08,5.15,4.98,4157307,2919715536.0,3.37,0.79,0.04,0.44
746,2018-01-22,5.1,4.95,5.16,4.91,3960918,2751022928.0,4.92,-2.56,-0.13,0.41
747,2018-01-23,5.02,5.08,5.09,4.92,6139969,4276593856.0,3.43,2.63,0.13,0.64
748,2018-01-24,5.16,5.36,5.37,5.06,6939309,4969302016.0,6.1,5.51,0.28,0.73
749,2018-01-25,5.46,5.29,5.55,5.26,4916205,3625321984.0,5.41,-1.31,-0.07,0.51
750,2018-01-26,5.22,5.42,5.43,5.18,3185791,2311912912.0,4.73,2.46,0.13,0.33
751,2018-01-29,5.43,5.48,5.66,5.4,4491858,3364495056.0,4.8,1.11,0.06,0.47
752,2018-01-30,5.37,5.25,5.46,5.22,2423819,1767834272.0,4.38,-4.2,-0.23,0.25
753,2018-01-31,5.17,5.12,5.19,5.06,2591237,1837351456.0,2.48,-2.48,-0.13,0.27
754,2018-02-01,5.14,5.2,5.21,5.01,3114830,2209354752.0,3.91,1.56,0.08,0.33
755,2018-02-02,5.23,5.58,5.6,5.11,4409100,3223868064.0,9.42,7.31,0.38,0.46
756,2018-02-05,5.4,5.67,5.71,5.38,3351568,2523749408.0,5.91,1.61,0.09,0.35
757,2018-02-06,5.45,5.45,5.57,5.26,4796641,3549300224.0,5.47,-3.88,-0.22,0.5
758,2018-02-07,5.5,5.19,5.76,5.08,5139011,3800452512.0,12.48,-4.77,-0.26,0.54
759,2018-02-08,4.96,4.76,4.97,4.62,4325251,2925823184.0,6.74,-8.29,-0.43,0.45
760,2018-02-09,4.48,4.42,4.53,4.15,4890424,3076935472.0,7.98,-7.14,-0.34,0.51
761,2018-02-12,4.32,4.34,4.43,4.25,2486305,1566734576.0,4.07,-1.81,-0.08,0.26
762,2018-02-13,4.39,4.38,4.5,4.35,2432414,1550150048.0,3.46,0.92,0.04,0.25
763,2018-02-14,4.39,4.35,4.41,4.28,1332938,839700128.0,2.97,-0.68,-0.03,0.14
764,2018-02-22,4.47,4.52,4.55,4.41,2596592,1670311408.0,3.22,3.91,0.17,0.27
765,2018-02-23,4.6,4.62,4.69,4.54,1934236,1272767456.0,3.32,2.21,0.1,0.2
766,2018-02-26,4.69,4.67,4.79,4.62,1888172,1253651072.0,3.68,1.08,0.05,0.2
767,2018-02-27,4.69,4.6,4.7,4.54,1720690,1129185888.0,3.43,-1.5,-0.07,0.18
768,2018-02-28,4.49,4.45,4.5,4.36,1672396,1070287872.0,3.04,-3.26,-0.15,0.18
769,2018-03-01,4.36,4.43,4.44,4.31,1384095,878793648.0,2.92,-0.45,-0.02,0.14
770,2018-03-02,4.35,4.37,4.43,4.33,824473,521818096.0,2.26,-1.35,-0.06,0.09
771,2018-03-05,4.37,4.43,4.46,4.34,1167164,743488656.0,2.75,1.37,0.06,0.12
772,2018-03-06,4.49,4.51,4.53,4.42,1585880,1021363968.0,2.48,1.81,0.08,0.17
773,2018-03-07,4.48,4.48,4.54,4.44,985677,635723200.0,2.22,-0.67,-0.03,0.1
774,2018-03-08,4.45,4.49,4.51,4.39,786983,503625152.0,2.68,0.22,0.01,0.08
775,2018-03-09,4.47,4.43,4.49,4.41,1246062,797772992.0,1.78,-1.34,-0.06,0.13
776,2018-03-12,4.5,4.49,4.55,4.46,1677652,1083523760.0,2.03,1.35,0.06,0.18
777,2018-03-13,4.45,4.41,4.48,4.39,1110090,708807744.0,2.0,-1.78,-0.08,0.12
778,2018-03-14,4.39,4.46,4.49,4.32,1515614,966532960.0,3.85,1.13,0.05,0.16
779,2018-03-15,4.43,4.46,4.49,4.41,784187,503376336.0,1.79,0.0,0.0,0.08
780,2018-03-16,4.43,4.46,4.53,4.4,1209607,779222288.0,2.91,0.0,0.0,0.13
781,2018-03-19,4.46,4.63,4.66,4.46,1604337,1049720720.0,4.48,3.81,0.17,0.17
782,2018-03-20,4.6,4.87,4.9,4.59,2721511,1833255552.0,6.7,5.18,0.24,0.28
783,2018-03-21,4.93,4.89,5.03,4.8,2494358,1718928672.0,4.72,0.41,0.02,0.26
784,2018-03-22,4.96,4.88,5.01,4.82,1384139,951133872.0,3.89,-0.2,-0.01,0.14
785,2018-03-23,4.65,4.87,4.91,4.59,3113750,2100520800.0,6.56,-0.2,-0.01,0.33
786,2018-03-26,4.84,4.68,4.84,4.52,2605361,1729110048.0,6.57,-3.9,-0.19,0.27
787,2018-03-27,4.79,4.68,4.83,4.63,1902063,1265668528.0,4.27,0.0,0.0,0.2
788,2018-03-28,4.58,4.47,4.63,4.38,1969462,1270323648.0,5.34,-4.49,-0.21,0.21
789,2018-03-29,4.47,4.66,4.71,4.42,1901524,1239068800.0,6.49,4.25,0.19,0.2
790,2018-03-30,4.64,4.52,4.65,4.48,1378337,896972192.0,3.65,-3.0,-0.14,0.14
791,2018-04-02,4.52,4.47,4.59,4.45,1365672,884822288.0,3.1,-1.11,-0.05,0.14
792,2018-04-03,4.4,4.42,4.46,4.3,1240445,788377728.0,3.58,-1.12,-0.05,0.13
793,2018-04-04,4.47,4.47,4.56,4.44,1096460,708963520.0,2.71,1.13,0.05,0.11
794,2018-04-09,4.54,4.63,4.69,4.51,1973149,1299949280.0,4.03,3.58,0.16,0.21
795,2018-04-10,4.71,4.81,4.82,4.61,1979836,1323519360.0,4.54,3.89,0.18,0.21
796,2018-04-11,4.95,4.93,5.08,4.9,2616994,1820820976.0,3.74,2.49,0.12,0.27
797,2018-04-12,4.98,4.98,5.03,4.88,1786560,1236245904.0,3.04,1.01,0.05,0.19
798,2018-04-13,4.94,4.87,4.97,4.86,1037021,713227712.0,2.21,-2.21,-0.11,0.11
799,2018-04-16,4.89,4.75,4.91,4.66,1738296,1166143632.0,5.13,-2.46,-0.12,0.18
800,2018-04-17,4.71,4.66,4.75,4.62,1203696,800595904.0,2.74,-1.89,-0.09,0.13
801,2018-04-18,4.73,4.89,4.9,4.7,1705175,1150604624.0,4.29,4.94,0.23,0.18
802,2018-04-19,5.0,4.94,5.04,4.88,1685016,1165307808.0,3.27,1.02,0.05,0.18
803,2018-04-20,4.89,4.87,4.93,4.8,1194028,814409808.0,2.63,-1.42,-0.07,0.12
804,2018-04-23,4.82,4.87,4.89,4.73,1135321,768001200.0,3.29,0.0,0.0,0.12
805,2018-04-24,4.85,4.98,5.07,4.85,1688855,1174361808.0,4.52,2.26,0.11,0.18
806,2018-04-25,4.92,4.79,4.93,4.77,1493015,1011576304.0,3.21,-3.82,-0.19,0.16
807,2018-04-26,4.8,4.79,4.82,4.72,1065687,717387072.0,2.09,0.0,0.0,0.11
808,2018-04-27,4.83,4.95,4.99,4.77,1552366,1062821664.0,4.59,3.34,0.16,0.16
809,2018-05-02,4.93,4.91,4.96,4.85,905468,620681056.0,2.22,-0.81,-0.04,0.09
810,2018-05-03,4.9,5.04,5.08,4.86,1475170,1027622816.0,4.48,2.65,0.13,0.15
811,2018-05-04,5.06,5.05,5.07,4.95,994954,693432256.0,2.38,0.2,0.01,0.1
812,2018-05-07,5.08,5.22,5.23,5.02,1680931,1195127552.0,4.16,3.37,0.17,0.18
813,2018-05-08,5.21,5.11,5.27,5.08,1807406,1290565008.0,3.64,-2.11,-0.11,0.19
814,2018-05-09,5.17,5.23,5.31,5.16,1559811,1122423072.0,2.94,2.35,0.12,0.16
815,2018-05-10,5.31,5.31,5.36,5.24,1321753,959437648.0,2.29,1.53,0.08,0.14
816,2018-05-11,5.33,5.29,5.33,5.23,823223,595928736.0,1.88,-0.38,-0.02,0.09
817,2018-05-14,5.27,5.18,5.27,5.13,1638801,1170280224.0,2.65,-2.08,-0.11,0.17
818,2018-05-15,5.21,5.2,5.21,5.12,1008507,718586720.0,1.74,0.39,0.02,0.11
819,2018-05-16,5.15,5.14,5.15,5.08,1226490,867808016.0,1.35,-1.15,-0.06,0.13
820,2018-05-17,5.16,5.15,5.21,5.12,1003390,714676688.0,1.75,0.19,0.01,0.11
821,2018-05-18,5.15,5.47,5.49,5.12,2484567,1809706624.0,7.18,6.21,0.32,0.26
822,2018-05-21,5.4,5.31,5.49,5.25,2678956,1960603984.0,4.39,-2.93,-0.16,0.28
823,2018-05-22,5.31,5.31,5.36,5.26,1105264,803311232.0,1.88,0.0,0.0,0.12
824,2018-05-23,5.28,5.05,5.29,5.03,1922198,1363937744.0,4.9,-4.9,-0.26,0.2
825,2018-05-24,5.03,5.04,5.14,4.99,1054753,739760544.0,2.97,-0.2,-0.01,0.11
826,2018-05-25,5.0,5.0,5.03,4.88,1241736,858181440.0,2.98,-0.79,-0.04,0.13
827,2018-05-28,4.87,4.96,4.97,4.78,1389171,949918144.0,3.8,-0.8,-0.04,0.15
828,2018-05-29,4.98,4.99,5.03,4.95,784718,545187680.0,1.61,0.6,0.03,0.08
829,2018-05-30,4.88,4.87,4.98,4.85,970180,666215136.0,2.61,-2.4,-0.12,0.1
830,2018-05-31,4.93,5.09,5.11,4.92,1601551,1118898672.0,3.9,4.52,0.22,0.17
831,2018-06-01,5.04,5.04,5.1,4.98,908762,635970272.0,2.36,-0.98,-0.05,0.1
832,2018-06-04,5.02,5.09,5.14,5.0,1217064,857046720.0,2.78,0.99,0.05,0.13
833,2018-06-05,5.09,5.02,5.1,4.95,1227129,805630944.0,2.95,-1.38,-0.07,0.13
834,2018-06-06,4.99,4.96,5.0,4.9,954246,620644224.0,1.99,-1.2,-0.06,0.1
835,2018-06-07,4.95,4.96,4.98,4.9,786427,511668160.0,1.61,0.0,0.0,0.08
836,2018-06-08,4.97,4.94,5.02,4.91,840572,547197952.0,2.22,-0.4,-0.02,0.09
837,2018-06-11,4.89,4.78,4.9,4.75,990020,630322352.0,3.04,-3.24,-0.16,0.1
838,2018-06-12,4.77,4.87,4.88,4.77,959063,613690784.0,2.3,1.88,0.09,0.1
839,2018-06-13,4.83,4.93,4.99,4.82,914543,591890464.0,3.49,1.23,0.06,0.1
840,2018-06-14,4.91,4.9,4.99,4.85,917032,593600272.0,2.84,-0.61,-0.03,0.1
841,2018-06-15,4.89,4.93,4.96,4.87,729484,473482288.0,1.84,0.61,0.03,0.08
842,2018-06-19,4.87,4.89,4.99,4.75,3249003,2095962304.0,4.87,-0.81,-0.04,0.34
843,2018-06-20,4.87,4.84,4.88,4.79,703434,450291456.0,1.84,-1.02,-0.05,0.07
844,2018-06-21,4.85,4.85,4.92,4.82,754968,485587808.0,2.07,0.21,0.01,0.08
845,2018-06-22,4.84,4.71,4.84,4.65,989137,622814992.0,3.92,-2.89,-0.14,0.1
846,2018-06-25,4.77,4.66,4.81,4.65,739418,465727248.0,3.4,-1.06,-0.05,0.08
847,2018-06-26,4.63,4.54,4.65,4.49,836108,511109088.0,3.43,-2.58,-0.12,0.09
848,2018-06-27,4.59,4.73,4.79,4.59,1725848,1083998768.0,4.41,4.19,0.19,0.18
849,2018-06-28,4.77,4.89,4.96,4.77,1269650,819118688.0,4.02,3.38,0.16,0.13
850,2018-06-29,4.92,4.93,4.96,4.8,804323,518439040.0,3.27,0.82,0.04,0.08
851,2018-07-02,4.89,4.75,4.94,4.69,913212,577693760.0,5.07,-3.65,-0.18,0.1
852,2018-07-03,4.76,4.71,4.77,4.6,1016831,632783040.0,3.58,-0.84,-0.04,0.11
853,2018-07-04,4.65,4.67,4.71,4.64,675506,420906192.0,1.49,-0.85,-0.04,0.07
854,2018-07-05,4.65,4.75,4.76,4.48,1334977,828351520.0,6.0,1.71,0.08,0.14
855,2018-07-06,4.64,4.71,4.74,4.6,645179,402197584.0,2.95,-0.84,-0.04,0.07
856,2018-07-09,4.72,4.85,4.86,4.71,604225,384475696.0,3.18,2.97,0.14,0.06
857,2018-07-10,4.88,4.95,4.98,4.81,764552,492537216.0,3.51,2.06,0.1,0.08
858,2018-07-11,4.84,4.82,4.86,4.76,503748,320985184.0,2.02,-2.63,-0.13,0.05
859,2018-07-12,4.73,4.79,4.82,4.69,1187731,751579728.0,2.7,-0.62,-0.03,0.12
860,2018-07-13,4.77,4.78,4.81,4.74,455286,288683776.0,1.46,-0.21,-0.01,0.05
861,2018-07-16,4.78,4.77,4.81,4.69,435399,275093792.0,2.51,-0.21,-0.01,0.05
862,2018-07-17,4.71,4.64,4.71,4.6,868078,537654672.0,2.31,-2.73,-0.13,0.09
863,2018-07-18,4.66,4.65,4.7,4.61,502150,312173232.0,1.94,0.22,0.01,0.05
864,2018-07-19,4.67,4.69,4.74,4.66,472326,295793632.0,1.72,0.86,0.04,0.05
865,2018-07-20,4.7,4.83,4.85,4.7,790372,501520864.0,3.2,2.99,0.14,0.08
866,2018-07-23,4.82,4.87,4.89,4.78,730355,467774672.0,2.28,0.83,0.04,0.08
867,2018-07-24,4.86,4.96,5.04,4.84,1050046,682745968.0,4.11,1.85,0.09,0.11
868,2018-07-25,5.08,4.98,5.11,4.96,1105977,727220640.0,3.02,0.4,0.02,0.12
869,2018-07-26,5.01,5.0,5.07,4.94,643148,421557504.0,2.61,0.4,0.02,0.07
870,2018-07-27,5.0,5.06,5.06,4.96,658640,433717904.0,2.0,1.2,0.06,0.07
871,2018-07-30,5.03,5.04,5.09,4.99,619023,408432848.0,1.98,-0.4,-0.02,0.06
872,2018-07-31,5.06,5.2,5.27,5.04,1102403,741405600.0,4.56,3.17,0.16,0.12
873,2018-08-01,5.14,5.09,5.21,5.09,786985,527108720.0,2.31,-2.12,-0.11,0.08
874,2018-08-02,5.08,4.96,5.08,4.88,960261,626971312.0,3.93,-2.55,-0.13,0.1
875,2018-08-03,4.98,5.02,5.11,4.96,791604,522736976.0,3.02,1.21,0.06,0.08
876,2018-08-06,4.99,4.95,5.14,4.91,895234,588542512.0,4.58,-1.39,-0.07,0.09
877,2018-08-07,5.0,5.23,5.24,5.0,1554916,1039611776.0,4.85,5.66,0.28,0.16
878,2018-08-08,5.18,5.17,5.28,5.14,1158668,782884752.0,2.68,-1.15,-0.06,0.12
879,2018-08-09,5.06,5.15,5.18,5.0,1297805,864285904.0,3.48,-0.39,-0.02,0.14
880,2018-08-10,5.1,5.07,5.15,5.02,847789,561798752.0,2.52,-1.55,-0.08,0.09
881,2018-08-13,5.05,5.04,5.08,4.96,836219,549447264.0,2.37,-0.59,-0.03,0.09
882,2018-08-14,5.03,5.07,5.09,5.0,682003,450814816.0,1.79,0.6,0.03,0.07
883,2018-08-15,5.03,4.93,5.03,4.91,895065,583626960.0,2.37,-2.76,-0.14,0.09
884,2018-08-16,4.82,4.83,4.94,4.77,718429,461100880.0,3.45,-2.03,-0.1,0.08
885,2018-08-17,4.89,4.77,4.9,4.75,580348,370580224.0,3.11,-1.24,-0.06,0.06
886,2018-08-20,4.77,4.9,4.91,4.76,683333,438605472.0,3.14,2.73,0.13,0.07
887,2018-08-21,4.92,4.92,4.97,4.89,648775,421276512.0,1.63,0.41,0.02,0.07
888,2018-08-22,4.95,4.97,5.05,4.93,667761,436694880.0,2.44,1.02,0.05,0.07
889,2018-08-23,5.0,5.01,5.07,4.95,759848,499314928.0,2.41,0.8,0.04,0.08
890,2018-08-24,5.0,5.07,5.09,4.98,652449,430540528.0,2.2,1.2,0.06,0.07
891,2018-08-27,5.13,5.26,5.27,5.12,1922633,1303538352.0,2.96,3.75,0.19,0.2
892,2018-08-28,5.24,5.29,5.42,5.23,1551392,1068282736.0,3.61,0.57,0.03,0.16
893,2018-08-29,5.29,5.3,5.41,5.27,1256178,865592912.0,2.65,0.19,0.01,0.13
894,2018-08-30,5.36,5.24,5.4,5.24,738706,507744112.0,3.02,-1.13,-0.06,0.08
895,2018-08-31,5.26,5.28,5.36,5.15,1245275,848180848.0,4.01,0.76,0.04,0.13
896,2018-09-03,5.24,5.25,5.33,5.19,714318,486185264.0,2.65,-0.57,-0.03,0.07
897,2018-09-04,5.27,5.33,5.38,5.16,1080958,738804224.0,4.19,1.52,0.08,0.11
898,2018-09-05,5.3,5.14,5.33,5.12,937789,634619616.0,3.94,-3.56,-0.19,0.1
899,2018-09-06,5.13,5.14,5.17,5.1,735847,492655024.0,1.36,0.0,0.0,0.08
900,2018-09-07,5.12,5.12,5.21,5.09,744694,498945776.0,2.33,-0.39,-0.02,0.08
901,2018-09-10,5.12,5.16,5.2,5.11,850084,571703392.0,1.76,0.78,0.04,0.09
902,2018-09-11,5.16,5.22,5.25,5.1,1053768,711445024.0,2.91,1.16,0.06,0.11
903,2018-09-12,5.26,5.25,5.36,5.17,1048496,696351184.0,3.64,0.57,0.03,0.11
904,2018-09-13,5.31,5.43,5.46,5.28,1572564,1066841952.0,3.43,3.43,0.18,0.16
905,2018-09-14,5.4,5.37,5.41,5.33,714521,483891040.0,1.47,-1.1,-0.06,0.07
906,2018-09-17,5.36,5.31,5.36,5.25,654034,437899408.0,2.05,-1.12,-0.06,0.07
907,2018-09-18,5.29,5.41,5.41,5.26,1009148,678892960.0,2.82,1.88,0.1,0.11
908,2018-09-19,5.4,5.53,5.56,5.38,1318615,909145664.0,3.33,2.22,0.12,0.14
909,2018-09-20,5.53,5.49,5.57,5.45,825259,569319120.0,2.17,-0.72,-0.04,0.09
910,2018-09-21,5.49,5.55,5.55,5.38,1259250,864584608.0,3.1,1.09,0.06,0.13
911,2018-09-25,5.54,5.48,5.63,5.44,1089188,754422336.0,3.42,-1.26,-0.07,0.11
912,2018-09-26,5.49,5.67,5.72,5.48,2264931,1586676576.0,4.38,3.47,0.19,0.24
913,2018-09-27,5.65,5.64,5.69,5.6,1213768,855235456.0,1.59,-0.53,-0.03,0.13
914,2018-09-28,5.66,5.72,5.74,5.61,1010708,715079888.0,2.3,1.42,0.08,0.11
915,2018-10-08,5.5,5.22,5.52,5.18,3248579,2198061824.0,5.94,-8.74,-0.5,0.34
916,2018-10-09,5.22,5.26,5.37,5.14,1996790,1332180384.0,4.41,0.77,0.04,0.21
917,2018-10-10,5.27,5.27,5.37,5.21,1051268,702147920.0,3.04,0.19,0.01,0.11
918,2018-10-11,5.07,5.0,5.11,4.92,1896375,1219888736.0,3.61,-5.12,-0.27,0.2
919,2018-10-12,4.95,5.12,5.15,4.95,1346314,869292016.0,4.0,2.4,0.12,0.14
920,2018-10-15,5.12,5.08,5.17,5.05,878932,572478096.0,2.34,-0.78,-0.04,0.09
921,2018-10-16,5.09,5.15,5.3,5.09,1137358,750727552.0,4.13,1.38,0.07,0.12
922,2018-10-17,5.23,5.07,5.23,4.99,1734758,1120792960.0,4.66,-1.55,-0.08,0.18
923,2018-10-18,4.97,4.81,5.02,4.79,1412640,884602352.0,4.54,-5.13,-0.26,0.15
924,2018-10-19,4.73,4.91,4.95,4.62,1368347,852053072.0,6.86,2.08,0.1,0.14
925,2018-10-22,4.93,5.06,5.17,4.89,2211405,1422053728.0,5.7,3.05,0.15,0.23
926,2018-10-23,5.03,4.85,5.07,4.82,1199323,761351392.0,4.94,-4.15,-0.21,0.13
927,2018-10-24,4.72,4.79,4.89,4.63,1627727,998759584.0,5.36,-1.24,-0.06,0.17
928,2018-10-25,4.68,4.8,4.82,4.64,1151530,706964272.0,3.76,0.21,0.01,0.12
929,2018-10-26,4.83,4.86,4.92,4.8,1327577,829833216.0,2.5,1.25,0.06,0.14
930,2018-10-29,4.92,4.83,4.99,4.8,1362552,856389232.0,3.91,-0.62,-0.03,0.14
931,2018-10-30,4.87,4.91,4.97,4.81,985819,620623232.0,3.31,1.66,0.08,0.1
932,2018-10-31,4.95,4.91,4.96,4.83,1147086,721392048.0,2.65,0.0,0.0,0.12
933,2018-11-01,4.9,4.86,4.92,4.82,1281786,803754288.0,2.04,-1.02,-0.05,0.13
934,2018-11-02,4.88,4.92,4.92,4.82,1779900,1115984480.0,2.06,1.23,0.06,0.19
935,2018-11-05,4.88,4.92,4.93,4.83,1019349,639282640.0,2.03,0.0,0.0,0.11
936,2018-11-06,4.9,4.95,4.97,4.87,1020577,646164928.0,2.03,0.61,0.03,0.11
937,2018-11-07,4.91,4.84,4.92,4.82,900768,564076032.0,2.02,-2.22,-0.11,0.09
938,2018-11-08,4.89,4.85,4.91,4.84,699485,438729664.0,1.45,0.21,0.01,0.07
939,2018-11-09,4.83,4.74,4.84,4.72,824140,508248720.0,2.47,-2.27,-0.11,0.09
940,2018-11-12,4.73,4.78,4.79,4.7,873244,537653232.0,1.9,0.84,0.04,0.09
941,2018-11-13,4.7,4.78,4.8,4.7,957361,588961280.0,2.09,0.0,0.0,0.1
942,2018-11-14,4.68,4.57,4.68,4.53,2178300,1303358784.0,3.14,-4.39,-0.21,0.23
943,2018-11-15,4.58,4.6,4.61,4.56,1083209,647906912.0,1.09,0.66,0.03,0.11
944,2018-11-16,4.61,4.65,4.68,4.6,1347214,813649200.0,1.74,1.09,0.05,0.14
945,2018-11-19,4.67,4.73,4.74,4.65,858174,522850400.0,1.94,1.72,0.08,0.09
946,2018-11-20,4.7,4.66,4.72,4.61,860252,520452624.0,2.33,-1.48,-0.07,0.09
947,2018-11-21,4.55,4.55,4.56,4.46,1472815,869247728.0,2.15,-2.36,-0.11,0.15
948,2018-11-22,4.56,4.51,4.56,4.49,859309,508079504.0,1.54,-0.88,-0.04,0.09
949,2018-11-23,4.48,4.44,4.49,4.43,802160,469969648.0,1.33,-1.55,-0.07,0.08
950,2018-11-26,4.35,4.39,4.43,4.31,767866,443780416.0,2.7,-1.13,-0.05,0.08
951,2018-11-27,4.42,4.41,4.45,4.39,530920,308731440.0,1.37,0.46,0.02,0.06
952,2018-11-28,4.42,4.47,4.49,4.4,553735,324387808.0,2.04,1.36,0.06,0.06
953,2018-11-29,4.47,4.43,4.5,4.42,504628,295727376.0,1.79,-0.89,-0.04,0.05
954,2018-11-30,4.46,4.5,4.52,4.45,698074,411293968.0,1.58,1.58,0.07,0.07
955,2018-12-03,4.6,4.66,4.68,4.58,1606440,969571648.0,2.22,3.56,0.16,0.17
956,2018-12-04,4.66,4.62,4.68,4.57,911270,549455344.0,2.36,-0.86,-0.04,0.1
957,2018-12-05,4.56,4.57,4.61,4.54,568683,340257472.0,1.52,-1.08,-0.05,0.06
958,2018-12-06,4.53,4.47,4.54,4.44,923740,542337392.0,2.19,-2.19,-0.1,0.1
959,2018-12-07,4.46,4.46,4.49,4.44,390920,229129729.0,1.12,-0.22,-0.01,0.04
960,2018-12-10,4.48,4.52,4.54,4.47,860019,507924592.0,1.57,1.35,0.06,0.09
961,2018-12-11,4.48,4.45,4.49,4.43,620326,362921104.0,1.33,-1.55,-0.07,0.06
962,2018-12-12,4.49,4.46,4.49,4.44,485712,284824624.0,1.12,0.22,0.01,0.05
963,2018-12-13,4.45,4.53,4.55,4.45,759550,449148096.0,2.24,1.57,0.07,0.08
964,2018-12-14,4.54,4.49,4.59,4.49,1124986,669649968.0,2.21,-0.88,-0.04,0.12
965,2018-12-17,4.48,4.57,4.58,4.48,624336,371118720.0,2.23,1.78,0.08,0.07
966,2018-12-18,4.52,4.41,4.54,4.41,826903,483936304.0,2.84,-3.5,-0.16,0.09
967,2018-12-19,4.35,4.25,4.35,4.25,1199304,682718864.0,2.27,-3.63,-0.16,0.13
968,2018-12-20,4.26,4.21,4.27,4.17,735900,412647888.0,2.35,-0.94,-0.04,0.08
969,2018-12-21,4.15,4.23,4.23,4.11,678207,377976576.0,2.85,0.48,0.02,0.07
970,2018-12-24,4.17,4.34,4.37,4.16,1086520,616789392.0,4.96,2.6,0.11,0.11
971,2018-12-25,4.24,4.22,4.27,4.15,778230,436715184.0,2.76,-2.76,-0.12,0.08
972,2018-12-26,4.23,4.23,4.27,4.2,560633,315835712.0,1.66,0.24,0.01,0.06
973,2018-12-27,4.39,3.85,4.45,3.83,4296619,2320700480.0,14.66,-8.98,-0.38,0.45
974,2018-12-28,3.65,3.65,3.72,3.59,3221448,1632033216.0,3.38,-5.19,-0.2,0.34
975,2019-01-02,3.7,3.61,3.71,3.56,2185584,1097685168.0,4.11,-1.1,-0.04,0.23
976,2019-01-03,3.63,3.64,3.65,3.56,1547885,776874800.0,2.49,0.83,0.03,0.16
977,2019-01-04,3.61,3.7,3.72,3.6,1616696,817909168.0,3.3,1.65,0.06,0.17
978,2019-01-07,3.76,3.78,3.79,3.72,2001628,1031745968.0,1.89,2.16,0.08,0.21
979,2019-01-08,3.78,3.84,3.86,3.77,1526440,797663360.0,2.38,1.59,0.06,0.16
980,2019-01-09,3.89,3.95,4.01,3.89,1900795,1019070352.0,3.13,2.86,0.11,0.2
981,2019-01-10,4.01,3.9,4.04,3.89,1451873,774663904.0,3.8,-1.27,-0.05,0.15
982,2019-01-11,3.91,3.95,3.96,3.88,801253,426568560.0,2.05,1.28,0.05,0.08
983,2019-01-14,3.92,3.89,3.95,3.88,726328,385129584.0,1.77,-1.52,-0.06,0.08
984,2019-01-15,3.9,3.93,3.97,3.9,861937,459547856.0,1.8,1.03,0.04,0.09
985,2019-01-16,3.95,3.99,4.0,3.93,835038,448360064.0,1.78,1.53,0.06,0.09
986,2019-01-17,4.01,3.96,4.02,3.94,752552,404828176.0,2.01,-0.75,-0.03,0.08
987,2019-01-18,4.0,4.0,4.02,3.96,1001827,540182656.0,1.52,1.01,0.04,0.1
988,2019-01-21,4.04,4.08,4.1,4.03,1012468,554499488.0,1.75,2.0,0.08,0.11
989,2019-01-22,4.08,3.98,4.09,3.94,910681,492033520.0,3.68,-2.45,-0.1,0.1
990,2019-01-23,3.95,3.98,4.02,3.94,643584,346378416.0,2.01,0.0,0.0,0.07
991,2019-01-24,3.98,4.03,4.05,3.95,756786,408962496.0,2.51,1.26,0.05,0.08
992,2019-01-25,4.07,4.07,4.1,4.06,675729,370261696.0,0.99,0.99,0.04,0.07
993,2019-01-28,4.17,4.15,4.24,4.13,1461279,814059024.0,2.7,1.97,0.08,0.15
994,2019-01-29,4.14,4.21,4.22,4.09,1295073,719226512.0,3.13,1.45,0.06,0.14
995,2019-01-30,4.2,4.23,4.28,4.18,861862,485675536.0,2.38,0.48,0.02,0.09
996,2019-01-31,4.27,4.33,4.37,4.23,1082258,617559952.0,3.31,2.36,0.1,0.11
997,2019-02-01,4.33,4.34,4.38,4.3,771406,442935920.0,1.85,0.23,0.01,0.08
998,2019-02-11,4.3,4.3,4.32,4.2,1010366,572921776.0,2.76,-0.92,-0.04,0.11
999,2019-02-12,4.3,4.29,4.31,4.25,1113602,632228320.0,1.4,-0.23,-0.01,0.12
1000,2019-02-13,4.31,4.46,4.48,4.3,1360123,789527712.0,4.2,3.96,0.17,0.14
1001,2019-02-14,4.45,4.44,4.48,4.42,856453,500350480.0,1.35,-0.45,-0.02,0.09
1002,2019-02-15,4.44,4.35,4.47,4.33,794842,459879168.0,3.15,-2.03,-0.09,0.08
1003,2019-02-18,4.42,4.5,4.52,4.41,1262495,741656192.0,2.53,3.45,0.15,0.13
1004,2019-02-19,4.5,4.48,4.53,4.45,852762,501966896.0,1.78,-0.44,-0.02,0.09
1005,2019-02-20,4.47,4.5,4.51,4.46,649243,382454992.0,1.12,0.45,0.02,0.07
1006,2019-02-21,4.51,4.47,4.52,4.44,792893,466356608.0,1.78,-0.67,-0.03,0.08
1007,2019-02-22,4.44,4.48,4.48,4.37,960693,559525152.0,2.46,0.22,0.01,0.1
1008,2019-02-25,4.49,4.67,4.68,4.47,2697691,1609817872.0,4.69,4.24,0.19,0.28
1009,2019-02-26,4.61,4.6,4.66,4.56,2408143,1444223168.0,2.14,-1.5,-0.07,0.25
1010,2019-02-27,4.6,4.64,4.7,4.59,1905693,1147890896.0,2.39,0.87,0.04,0.2
1011,2019-02-28,4.63,4.61,4.66,4.6,1176222,708512544.0,1.29,-0.65,-0.03,0.12
1012,2019-03-01,4.64,4.68,4.68,4.6,1291835,781078512.0,1.74,1.52,0.07,0.14
1013,2019-03-04,4.68,4.71,4.82,4.64,2804788,1719438752.0,3.85,0.64,0.03,0.29
1014,2019-03-05,4.71,4.69,4.71,4.64,1735075,1054664960.0,1.49,-0.42,-0.02,0.18
1015,2019-03-06,4.68,4.73,4.76,4.65,2789937,1701335632.0,2.35,0.85,0.04,0.29
1016,2019-03-07,4.67,4.68,4.7,4.63,2403304,1458282512.0,1.48,-1.06,-0.05,0.25
1017,2019-03-08,4.61,4.45,4.63,4.42,1958314,1164823408.0,4.49,-4.91,-0.23,0.2
1018,2019-03-11,4.44,4.47,4.49,4.42,1363333,798209952.0,1.57,0.45,0.02,0.14
1019,2019-03-12,4.5,4.58,4.65,4.5,1814249,1085558224.0,3.36,2.46,0.11,0.19
1020,2019-03-13,4.58,4.49,4.58,4.46,1160548,685284768.0,2.62,-1.97,-0.09,0.12
1021,2019-03-14,4.53,4.53,4.6,4.49,1095596,651366480.0,2.45,0.89,0.04,0.11
1022,2019-03-15,4.54,4.54,4.58,4.49,1053881,625220768.0,1.99,0.22,0.01,0.11
1023,2019-03-18,4.55,4.66,4.67,4.52,1708295,1026111568.0,3.3,2.64,0.12,0.18
1024,2019-03-19,4.68,4.65,4.7,4.62,1248029,755700272.0,1.72,-0.21,-0.01,0.13
1025,2019-03-20,4.64,4.6,4.68,4.56,1278740,769204496.0,2.58,-1.08,-0.05,0.13
1026,2019-03-21,4.63,4.61,4.65,4.58,1009272,606888560.0,1.52,0.22,0.01,0.11
1027,2019-03-22,4.61,4.58,4.62,4.54,928244,554583568.0,1.74,-0.65,-0.03,0.1
1028,2019-03-25,4.53,4.42,4.53,4.39,2603457,1522807552.0,3.06,-3.49,-0.16,0.27
1029,2019-03-26,4.4,4.3,4.42,4.27,2102146,1203183120.0,3.39,-2.71,-0.12,0.22
1030,2019-03-27,4.31,4.32,4.35,4.29,1112545,636010912.0,1.4,0.47,0.02,0.12
1031,2019-03-28,4.29,4.24,4.3,4.22,1162485,656929984.0,1.85,-1.85,-0.08,0.12
1032,2019-03-29,4.25,4.34,4.35,4.21,1981482,1127855744.0,3.3,2.36,0.1,0.21
1033,2019-04-01,4.35,4.44,4.44,4.34,2594463,1505248384.0,2.3,2.3,0.1,0.27
1034,2019-04-02,4.46,4.41,4.48,4.39,1832273,1066260704.0,2.03,-0.68,-0.03,0.19
1035,2019-04-03,4.42,4.46,4.48,4.4,1956808,1140151024.0,1.81,1.13,0.05,0.2
1036,2019-04-04,4.45,4.53,4.54,4.43,2844451,1674480640.0,2.47,1.57,0.07,0.3
1037,2019-04-08,4.63,4.63,4.7,4.56,3563051,2151091040.0,3.09,2.21,0.1,0.37
1038,2019-04-09,4.61,4.56,4.64,4.52,2232713,1333697440.0,2.59,-1.51,-0.07,0.23
1039,2019-04-10,4.54,4.5,4.54,4.45,2237218,1315515328.0,1.97,-1.32,-0.06,0.23
1040,2019-04-11,4.5,4.43,4.52,4.41,1824567,1067160656.0,2.44,-1.56,-0.07,0.19
1041,2019-04-12,4.41,4.42,4.43,4.38,1304346,756936864.0,1.13,-0.23,-0.01,0.14
1042,2019-04-15,4.45,4.41,4.5,4.41,1669149,978263232.0,2.04,-0.23,-0.01,0.17
1043,2019-04-16,4.39,4.5,4.5,4.31,2275266,1321195936.0,4.31,2.04,0.09,0.24
1044,2019-04-17,4.48,4.48,4.51,4.45,1644099,966532768.0,1.33,-0.44,-0.02,0.17
1045,2019-04-18,4.47,4.45,4.49,4.43,1287651,754262208.0,1.34,-0.67,-0.03,0.13
1046,2019-04-19,4.45,4.47,4.48,4.41,1115578,652802944.0,1.57,0.45,0.02,0.12
1047,2019-04-22,4.51,4.53,4.61,4.46,2869655,1703198416.0,3.36,1.34,0.06,0.3
1048,2019-04-23,4.55,4.48,4.57,4.46,1952615,1152654000.0,2.43,-1.1,-0.05,0.2
1049,2019-04-24,4.5,4.42,4.5,4.38,1651453,963197632.0,2.68,-1.34,-0.06,0.17
1050,2019-04-25,4.39,4.33,4.4,4.32,1411118,812359840.0,1.81,-2.04,-0.09,0.15
1051,2019-04-26,4.3,4.26,4.33,4.25,1135457,645513424.0,1.85,-1.62,-0.07,0.12
1052,2019-04-29,4.26,4.26,4.3,4.22,1179114,667793616.0,1.88,0.0,0.0,0.12
1053,2019-04-30,4.22,4.28,4.29,4.21,910097,515129536.0,1.88,0.47,0.02,0.1
1054,2019-05-06,4.19,4.04,4.19,4.02,2251564,1239237936.0,3.97,-5.61,-0.24,0.24
1055,2019-05-07,4.08,4.05,4.11,4.02,1103199,602112320.0,2.23,0.25,0.01,0.12
1056,2019-05-08,3.99,3.98,4.04,3.96,1083696,584833856.0,1.98,-1.73,-0.07,0.11
1057,2019-05-09,3.97,3.95,4.0,3.92,729665,391280336.0,2.01,-0.75,-0.03,0.08
1058,2019-05-10,3.99,4.03,4.04,3.94,963716,521390128.0,2.53,2.03,0.08,0.1
1059,2019-05-13,3.99,3.97,4.0,3.96,759140,408091248.0,0.99,-1.49,-0.06,0.08
1060,2019-05-14,3.94,3.96,3.98,3.92,703238,376436240.0,1.51,-0.25,-0.01,0.07
1061,2019-05-15,3.97,4.0,4.02,3.97,892435,481326000.0,1.26,1.01,0.04,0.09
1062,2019-05-16,3.99,4.04,4.05,3.98,942284,510034384.0,1.75,1.0,0.04,0.1
1063,2019-05-17,4.05,4.01,4.05,4.0,1182527,642613648.0,1.24,-0.74,-0.03,0.12
1064,2019-05-20,4.01,4.06,4.07,3.96,1001772,543090272.0,2.74,1.25,0.05,0.1
1065,2019-05-21,4.04,4.08,4.13,4.02,952845,522714640.0,2.71,0.49,0.02,0.1
1066,2019-05-22,4.07,4.05,4.09,4.04,493087,269247264.0,1.23,-0.74,-0.03,0.05
1067,2019-05-23,4.03,4.06,4.09,4.01,866153,472012240.0,1.98,0.25,0.01,0.09
1068,2019-05-24,4.02,3.99,4.05,3.98,637246,345030112.0,1.72,-1.72,-0.07,0.07
1069,2019-05-27,3.99,4.03,4.04,3.98,587283,317769248.0,1.5,1.0,0.04,0.06
1070,2019-05-28,4.03,4.04,4.07,3.99,952134,517494336.0,1.99,0.25,0.01,0.1
1071,2019-05-29,4.01,4.01,4.04,4.0,631412,342080592.0,0.99,-0.74,-0.03,0.07
1072,2019-05-30,4.02,4.07,4.08,4.01,1087929,592980608.0,1.75,1.5,0.06,0.11
1073,2019-05-31,4.04,4.03,4.09,4.02,737255,401424464.0,1.72,-0.98,-0.04,0.08
1074,2019-06-03,4.04,4.04,4.05,4.01,824510,447966832.0,0.99,0.25,0.01,0.09
1075,2019-06-04,4.03,4.03,4.04,4.0,611786,331453120.0,0.99,-0.25,-0.01,0.06
1076,2019-06-05,4.05,4.08,4.12,4.04,890910,488439712.0,1.99,1.24,0.05,0.09
1077,2019-06-06,4.08,4.08,4.1,4.05,706397,386659088.0,1.23,0.0,0.0,0.07
1078,2019-06-10,4.09,4.14,4.15,4.08,986451,545077904.0,1.72,1.47,0.06,0.1
1079,2019-06-11,4.15,4.16,4.17,4.11,1410380,744243840.0,1.45,0.48,0.02,0.15
1080,2019-06-12,4.13,4.12,4.14,4.1,750325,394275040.0,0.96,-0.96,-0.04,0.08
1081,2019-06-13,4.1,4.11,4.11,4.05,779349,406686080.0,1.46,-0.24,-0.01,0.08
1082,2019-06-14,4.1,4.07,4.11,4.06,693146,362168224.0,1.22,-0.97,-0.04,0.07
1083,2019-06-17,4.07,4.09,4.11,4.06,527635,276454448.0,1.23,0.49,0.02,0.06
1084,2019-06-18,4.1,4.12,4.14,4.08,551976,290196672.0,1.47,0.73,0.03,0.06
1085,2019-06-19,4.18,4.15,4.19,4.13,1091526,578513184.0,1.46,0.73,0.03,0.11
1086,2019-06-20,4.15,4.22,4.24,4.13,1621725,862573888.0,2.65,1.69,0.07,0.17
1087,2019-06-21,4.25,4.27,4.3,4.23,1139543,616182048.0,1.66,1.18,0.05,0.12
1088,2019-06-24,4.27,4.26,4.28,4.24,561516,303158928.0,0.94,-0.23,-0.01,0.06
1089,2019-06-25,4.27,4.25,4.27,4.21,739546,398633120.0,1.41,-0.23,-0.01,0.08
1090,2019-06-26,4.25,4.32,4.33,4.23,968695,526107328.0,2.35,1.65,0.07,0.1
1091,2019-06-27,4.35,4.29,4.37,4.29,999704,546772064.0,1.85,-0.69,-0.03,0.1
1092,2019-06-28,4.29,4.33,4.33,4.27,589801,320889728.0,1.4,0.93,0.04,0.06
1093,2019-07-01,4.36,4.34,4.37,4.33,816929,448056880.0,0.92,0.23,0.01,0.09
1094,2019-07-02,4.33,4.3,4.34,4.28,854283,464551248.0,1.38,-0.92,-0.04,0.09
1095,2019-07-03,4.27,4.24,4.28,4.21,862084,463345104.0,1.63,-1.4,-0.06,0.09
1096,2019-07-04,4.25,4.31,4.31,4.24,771675,417708288.0,1.65,1.65,0.07,0.08
1097,2019-07-05,4.3,4.28,4.3,4.25,627776,339300672.0,1.16,-0.7,-0.03,0.07
1098,2019-07-08,4.26,4.19,4.26,4.17,744932,397754448.0,2.1,-2.1,-0.09,0.08
1099,2019-07-09,4.18,4.12,4.19,4.11,800600,422483920.0,1.91,-1.67,-0.07,0.08
1100,2019-07-10,4.14,4.06,4.14,4.05,875895,457463232.0,2.18,-1.46,-0.06,0.09
1101,2019-07-11,4.1,4.08,4.11,4.06,974982,509302544.0,1.23,0.49,0.02,0.1
1102,2019-07-12,4.07,4.1,4.12,4.06,625265,327311040.0,1.47,0.49,0.02,0.07
1103,2019-07-15,4.1,4.12,4.13,4.04,658402,344753888.0,2.2,0.49,0.02,0.07
1104,2019-07-16,4.12,4.16,4.18,4.11,625054,330325984.0,1.7,0.97,0.04,0.07
1105,2019-07-17,4.14,4.14,4.16,4.12,431940,228265905.0,0.96,-0.48,-0.02,0.05
1106,2019-07-18,4.14,4.1,4.15,4.09,408648,214716519.0,1.45,-0.97,-0.04,0.04
1107,2019-07-19,4.11,4.15,4.17,4.1,559800,295988784.0,1.71,1.22,0.05,0.06
1108,2019-07-22,4.15,4.12,4.16,4.11,544126,286946320.0,1.2,-0.72,-0.03,0.06
1109,2019-07-23,4.11,4.12,4.15,4.09,545829,287145792.0,1.46,0.0,0.0,0.06
1110,2019-07-24,4.13,4.14,4.18,4.12,548722,290685520.0,1.46,0.49,0.02,0.06
1111,2019-07-25,4.15,4.15,4.17,4.12,499256,263726376.0,1.21,0.24,0.01,0.05
1112,2019-07-26,4.13,4.14,4.17,4.1,602674,317601568.0,1.69,-0.24,-0.01,0.06
1113,2019-07-29,4.14,4.11,4.14,4.11,592081,311550336.0,0.72,-0.72,-0.03,0.06
1114,2019-07-30,4.12,4.12,4.15,4.11,352608,185824819.0,0.97,0.24,0.01,0.04
1115,2019-07-31,4.12,4.13,4.13,4.1,398476,209540852.0,0.73,0.24,0.01,0.04
1116,2019-08-01,4.11,4.09,4.13,4.07,616873,323123104.0,1.45,-0.97,-0.04,0.06
1117,2019-08-02,4.04,3.99,4.04,3.98,1051132,539902336.0,1.47,-2.44,-0.1,0.11
1118,2019-08-05,3.97,3.9,3.98,3.89,809434,410179200.0,2.26,-2.26,-0.09,0.08
1119,2019-08-06,3.83,3.85,3.87,3.81,1065025,529835824.0,1.54,-1.28,-0.05,0.11
1120,2019-08-07,3.86,3.83,3.88,3.81,669904,333595024.0,1.82,-0.52,-0.02,0.07
1121,2019-08-08,3.84,3.84,3.85,3.82,593480,295263376.0,0.78,0.26,0.01,0.06
1122,2019-08-09,3.85,3.84,3.85,3.82,539600,268244655.0,0.78,0.0,0.0,0.06
1123,2019-08-12,3.84,3.85,3.85,3.81,598710,297818192.0,1.04,0.26,0.01,0.06
1124,2019-08-13,3.83,3.8,3.83,3.79,528439,261454903.0,1.04,-1.3,-0.05,0.06
1125,2019-08-14,3.84,3.83,3.85,3.83,435982,217070171.0,0.53,0.79,0.03,0.05
1126,2019-08-15,3.77,3.83,3.83,3.75,430681,212535058.0,2.09,0.0,0.0,0.05
1127,2019-08-16,3.82,3.83,3.84,3.81,467172,231891737.0,0.78,0.0,0.0,0.05
1128,2019-08-19,3.85,3.9,3.9,3.83,668098,334885184.0,1.83,1.83,0.07,0.07
1129,2019-08-20,3.9,3.91,3.93,3.89,616488,311319760.0,1.03,0.26,0.01,0.06
1130,2019-08-21,3.91,3.89,3.91,3.88,293677,147920204.0,0.77,-0.51,-0.02,0.03
1131,2019-08-22,3.89,3.87,3.9,3.84,494373,247717378.0,1.54,-0.51,-0.02,0.05
1132,2019-08-23,3.88,3.87,3.89,3.86,338872,169835174.0,0.78,0.0,0.0,0.04
1133,2019-08-26,3.81,3.83,3.84,3.8,584406,289969360.0,1.03,-1.03,-0.04,0.06
1134,2019-08-27,3.84,3.85,3.89,3.83,759489,380156000.0,1.57,0.52,0.02,0.08
1135,2019-08-28,3.85,3.84,3.87,3.83,427596,213383758.0,1.04,-0.26,-0.01,0.04
1136,2019-08-29,3.85,3.85,3.86,3.82,455455,226767251.0,1.04,0.26,0.01,0.05
1137,2019-08-30,3.86,3.84,3.89,3.82,518074,259117358.0,1.82,-0.26,-0.01,0.05
1138,2019-09-02,3.85,3.88,3.89,3.84,668710,335248832.0,1.3,1.04,0.04,0.07
1139,2019-09-03,3.88,3.88,3.89,3.85,599886,300427744.0,1.03,0.0,0.0,0.06
1140,2019-09-04,3.88,3.95,3.95,3.87,974575,493120864.0,2.06,1.8,0.07,0.1
1141,2019-09-05,3.96,3.97,4.03,3.95,962722,494516272.0,2.03,0.51,0.02,0.1
1142,2019-09-06,3.98,4.01,4.02,3.98,717822,369067504.0,1.01,1.01,0.04,0.08
1143,2019-09-09,4.04,4.05,4.07,4.01,912022,472847824.0,1.5,1.0,0.04,0.1
1144,2019-09-10,4.07,4.08,4.08,4.05,679566,353658048.0,0.74,0.74,0.03,0.07
1145,2019-09-11,4.09,4.12,4.13,4.08,909235,476981264.0,1.23,0.98,0.04,0.1
1146,2019-09-12,4.11,4.07,4.12,4.06,807680,421748784.0,1.46,-1.21,-0.05,0.08
1147,2019-09-16,4.25,4.21,4.27,4.17,2705014,1450600320.0,2.46,3.44,0.14,0.28
1148,2019-09-17,4.23,4.14,4.23,4.12,1094351,567833888.0,2.61,-1.66,-0.07,0.11
1149,2019-09-18,4.1,4.05,4.1,4.05,804804,409661040.0,1.21,-2.17,-0.09,0.08
1150,2019-09-19,4.06,4.07,4.08,4.03,450621,228583590.0,1.23,0.49,0.02,0.05
1151,2019-09-20,4.08,4.05,4.09,4.04,698477,354518176.0,1.23,-0.49,-0.02,0.07
1152,2019-09-23,4.05,4.03,4.05,4.0,560550,282696240.0,1.23,-0.49,-0.02,0.06
1153,2019-09-24,4.04,4.02,4.05,4.01,488302,246793929.0,0.99,-0.25,-0.01,0.05
1154,2019-09-25,4.0,3.99,4.01,3.99,473909,237841818.0,0.5,-0.75,-0.03,0.05
1155,2019-09-26,4.01,3.98,4.01,3.96,600797,300465360.0,1.25,-0.25,-0.01,0.06
1156,2019-09-27,3.98,3.97,3.98,3.95,453695,226249561.0,0.75,-0.25,-0.01,0.05
1157,2019-09-30,3.98,4.0,4.02,3.97,491987,246877989.0,1.26,0.76,0.03,0.05
1158,2019-10-08,3.97,3.98,4.0,3.97,436712,218564393.0,0.75,-0.5,-0.02,0.05
1159,2019-10-09,3.96,3.99,4.0,3.94,414365,206688642.0,1.51,0.25,0.01,0.04
1160,2019-10-10,3.99,3.98,3.99,3.96,378110,188832142.0,0.75,-0.25,-0.01,0.04
1161,2019-10-11,4.0,4.06,4.07,3.98,747554,376925312.0,2.26,2.01,0.08,0.08
1162,2019-10-14,4.05,4.06,4.09,4.03,665099,337820096.0,1.48,0.0,0.0,0.07
1163,2019-10-15,4.06,4.02,4.06,4.02,360333,182157990.0,0.99,-0.99,-0.04,0.04
1164,2019-10-16,4.03,4.03,4.05,4.01,427218,215819937.0,1.0,0.25,0.01,0.04
1165,2019-10-17,4.03,4.02,4.04,4.01,254666,128434576.0,0.74,-0.25,-0.01,0.03
1166,2019-10-18,4.03,3.97,4.03,3.97,426570,213957128.0,1.49,-1.24,-0.05,0.04
1167,2019-10-21,3.97,3.96,3.98,3.95,508756,253285132.0,0.76,-0.25,-0.01,0.05
1168,2019-10-22,3.97,3.96,3.97,3.93,504529,250630341.0,1.01,0.0,0.0,0.05
1169,2019-10-23,3.96,3.95,3.97,3.94,360966,179367718.0,0.76,-0.25,-0.01,0.04
1170,2019-10-24,3.97,3.97,3.98,3.95,410601,204878220.0,0.76,0.51,0.02,0.04
1171,2019-10-25,3.98,3.98,3.98,3.95,486545,242447436.0,0.76,0.25,0.01,0.05
1172,2019-10-28,3.97,3.99,4.0,3.96,570325,285597152.0,1.01,0.25,0.01,0.06
1173,2019-10-29,3.98,3.97,4.0,3.97,402981,201629102.0,0.75,-0.5,-0.02,0.04
1174,2019-10-30,3.97,3.94,3.98,3.94,377170,187616372.0,1.01,-0.76,-0.03,0.04
1175,2019-10-31,3.93,3.88,3.93,3.87,756818,371577040.0,1.52,-1.52,-0.06,0.08
1176,2019-11-01,3.86,3.87,3.88,3.84,833103,406772480.0,1.03,-0.26,-0.01,0.09
1177,2019-11-04,3.89,3.88,3.9,3.87,633060,310359328.0,0.78,0.26,0.01,0.07
1178,2019-11-05,3.9,3.91,3.93,3.87,532817,262301136.0,1.55,0.77,0.03,0.06
1179,2019-11-06,3.92,3.91,3.92,3.9,427464,210696272.0,0.51,0.0,0.0,0.04
1180,2019-11-07,3.9,3.92,3.92,3.89,404154,199215720.0,0.77,0.26,0.01,0.04
1181,2019-11-08,3.93,3.91,3.94,3.88,583593,287345328.0,1.53,-0.26,-0.01,0.06
1182,2019-11-11,3.9,3.84,3.9,3.84,655264,319489648.0,1.53,-1.79,-0.07,0.07
1183,2019-11-12,3.85,3.85,3.87,3.83,468918,228214523.0,1.04,0.26,0.01,0.05
1184,2019-11-13,3.86,3.85,3.86,3.83,507339,246632087.0,0.78,0.0,0.0,0.05
1185,2019-11-14,3.85,3.83,3.85,3.83,463951,225441388.0,0.52,-0.52,-0.02,0.05
1186,2019-11-15,3.84,3.83,3.86,3.82,570040,277170688.0,1.04,0.0,0.0,0.06
1187,2019-11-18,3.84,3.89,3.89,3.83,599477,293084496.0,1.57,1.57,0.06,0.06
1188,2019-11-19,3.87,3.88,3.9,3.86,482485,236500113.0,1.03,-0.26,-0.01,0.05
1189,2019-11-20,3.87,3.9,3.92,3.86,516624,254173601.0,1.55,0.52,0.02,0.05
1190,2019-11-21,3.9,3.92,3.94,3.88,557895,275591536.0,1.54,0.51,0.02,0.06
1191,2019-11-22,3.93,3.92,3.95,3.91,670220,331700032.0,1.02,0.0,0.0,0.07
1192,2019-11-25,3.91,4.0,4.01,3.9,925609,462973312.0,2.81,2.04,0.08,0.1
1193,2019-11-26,4.01,4.01,4.02,3.97,706452,354401696.0,1.25,0.25,0.01,0.07
1194,2019-11-27,4.0,4.0,4.02,3.97,460929,231371419.0,1.25,-0.25,-0.01,0.05
1195,2019-11-28,4.0,3.99,4.01,3.97,296907,148724923.0,1.0,-0.25,-0.01,0.03
1196,2019-11-29,3.98,3.97,3.99,3.94,458052,228683939.0,1.25,-0.5,-0.02,0.05
1197,2019-12-02,3.94,3.93,3.95,3.91,493391,244102584.0,1.01,-1.01,-0.04,0.05
1198,2019-12-03,3.93,3.91,3.94,3.89,409499,201673965.0,1.27,-0.51,-0.02,0.04
1199,2019-12-04,3.91,3.89,3.91,3.88,309347,151985971.0,0.77,-0.51,-0.02,0.03
1200,2019-12-05,3.92,3.91,3.92,3.89,383212,188803602.0,0.77,0.51,0.02,0.04
1201,2019-12-06,3.91,3.9,3.92,3.88,513042,252221701.0,1.02,-0.26,-0.01,0.05
1202,2019-12-09,3.9,3.93,3.93,3.89,528134,260726916.0,1.03,0.77,0.03,0.06
1203,2019-12-10,3.93,3.92,3.94,3.91,305408,151023293.0,0.76,-0.25,-0.01,0.03
1204,2019-12-11,3.94,3.94,3.95,3.93,489083,242501984.0,0.51,0.51,0.02,0.05
1205,2019-12-12,3.95,3.93,3.95,3.93,364003,180471767.0,0.51,-0.25,-0.01,0.04
1206,2019-12-13,3.95,3.97,3.97,3.94,649207,323362064.0,0.76,1.02,0.04,0.07
1207,2019-12-16,3.98,3.99,4.01,3.96,592018,296176368.0,1.26,0.5,0.02,0.06
1208,2019-12-17,4.0,4.06,4.08,3.97,1210779,612715760.0,2.76,1.75,0.07,0.13
1209,2019-12-18,4.06,4.05,4.09,4.03,647684,328917776.0,1.48,-0.25,-0.01,0.07
1210,2019-12-19,4.05,4.04,4.06,4.02,325482,164680638.0,0.99,-0.25,-0.01,0.03
1211,2019-12-20,4.03,4.03,4.06,4.03,439264,222395880.0,0.74,-0.25,-0.01,0.05
1212,2019-12-23,4.04,3.97,4.04,3.97,538182,270121088.0,1.74,-1.49,-0.06,0.06
1213,2019-12-24,3.97,4.0,4.01,3.97,235368,118110995.0,1.01,0.76,0.03,0.02
1214,2019-12-25,4.0,3.99,4.01,3.98,241122,120757039.0,0.75,-0.25,-0.01,0.03
1215,2019-12-26,3.98,4.0,4.01,3.98,257919,129470869.0,0.75,0.25,0.01,0.03
1216,2019-12-27,4.0,4.03,4.07,4.0,690988,349684544.0,1.75,0.75,0.03,0.07
1217,2019-12-30,4.03,4.06,4.07,4.02,761685,385965392.0,1.24,0.74,0.03,0.08
1218,2019-12-31,4.05,4.09,4.1,4.04,891777,453508160.0,1.48,0.74,0.03,0.09
1219,2020-01-02,4.11,4.15,4.17,4.09,1250436,645810224.0,1.96,1.47,0.06,0.13
1220,2020-01-03,4.17,4.25,4.27,4.16,1648873,865816128.0,2.65,2.41,0.1,0.17
1221,2020-01-06,4.29,4.34,4.39,4.27,2112513,1130438208.0,2.82,2.12,0.09,0.22
1222,2020-01-07,4.28,4.23,4.28,4.18,1263482,663231744.0,2.3,-2.53,-0.11,0.13
1223,2020-01-08,4.3,4.26,4.33,4.25,1270410,673468336.0,1.89,0.71,0.03,0.13
1224,2020-01-09,4.17,4.17,4.2,4.15,1033555,536633072.0,1.17,-2.11,-0.09,0.11
1225,2020-01-10,4.16,4.14,4.17,4.12,469140,242030402.0,1.2,-0.72,-0.03,0.05
1226,2020-01-13,4.14,4.12,4.15,4.08,837544,429490352.0,1.69,-0.48,-0.02,0.09
1227,2020-01-14,4.11,4.12,4.15,4.09,844455,433902032.0,1.46,0.0,0.0,0.09
1228,2020-01-15,4.12,4.07,4.12,4.07,505139,257933378.0,1.21,-1.21,-0.05,0.05
1229,2020-01-16,4.08,4.05,4.09,4.04,527475,267974874.0,1.23,-0.49,-0.02,0.06
1230,2020-01-17,4.06,4.05,4.08,4.03,601907,305189776.0,1.23,0.0,0.0,0.06
1231,2020-01-20,4.05,4.03,4.06,4.02,615086,310734176.0,0.99,-0.49,-0.02,0.06
1232,2020-01-21,4.02,3.99,4.03,3.98,745006,373758160.0,1.24,-0.99,-0.04,0.08
1233,2020-01-22,3.98,3.96,3.99,3.93,812002,403885952.0,1.5,-0.75,-0.03,0.08
1234,2020-01-23,3.94,3.92,3.95,3.88,1104922,544813104.0,1.77,-1.01,-0.04,0.12
1235,2020-02-03,3.48,3.6,3.72,3.47,2161853,991905312.0,6.38,-8.16,-0.32,0.23
1236,2020-02-04,3.56,3.62,3.63,3.52,1200594,554077520.0,3.06,0.56,0.02,0.13
1237,2020-02-05,3.61,3.62,3.68,3.57,1208894,561950448.0,3.04,0.0,0.0,0.13
1238,2020-02-06,3.67,3.68,3.71,3.61,1024517,479321200.0,2.76,1.66,0.06,0.11
1239,2020-02-07,3.68,3.71,3.72,3.64,951848,445413856.0,2.17,0.82,0.03,0.1
1240,2020-02-10,3.72,3.69,3.72,3.66,1146636,539133680.0,1.62,-0.54,-0.02,0.12
1241,2020-02-11,3.69,3.7,3.73,3.67,1169209,552477728.0,1.63,0.27,0.01,0.12
1242,2020-02-12,3.7,3.71,3.71,3.66,844617,397138736.0,1.35,0.27,0.01,0.09
1243,2020-02-13,3.71,3.68,3.72,3.68,918567,433180944.0,1.08,-0.81,-0.03,0.1
1244,2020-02-14,3.67,3.69,3.7,3.66,666801,313344096.0,1.09,0.27,0.01,0.07
1245,2020-02-17,3.69,3.76,3.77,3.68,1059859,503581760.0,2.44,1.9,0.07,0.11
1246,2020-02-18,3.76,3.73,3.77,3.72,1186949,564835744.0,1.33,-0.8,-0.03,0.12
1247,2020-02-19,3.74,3.72,3.75,3.71,934381,443757152.0,1.07,-0.27,-0.01,0.1
1248,2020-02-20,3.74,3.77,3.77,3.73,1203827,573857840.0,1.08,1.34,0.05,0.13
1249,2020-02-21,3.75,3.77,3.77,3.75,982603,469530544.0,0.53,0.0,0.0,0.1
1250,2020-02-24,3.74,3.7,3.75,3.69,1292181,611208608.0,1.59,-1.86,-0.07,0.14
1251,2020-02-25,3.65,3.64,3.67,3.62,1454954,677782016.0,1.35,-1.62,-0.06,0.15
1252,2020-02-26,3.61,3.66,3.68,3.59,1436141,670659312.0,2.47,0.55,0.02,0.15
1253,2020-02-27,3.66,3.64,3.67,3.63,1033376,482600224.0,1.09,-0.55,-0.02,0.11
1254,2020-02-28,3.59,3.58,3.63,3.54,1669392,768702896.0,2.47,-1.65,-0.06,0.17
1255,2020-03-02,3.6,3.68,3.71,3.6,1550879,727039072.0,3.07,2.79,0.1,0.16
1256,2020-03-03,3.72,3.69,3.74,3.66,1327493,626321040.0,2.17,0.27,0.01,0.14
1257,2020-03-04,3.69,3.69,3.71,3.67,799277,376537936.0,1.08,0.0,0.0,0.08
1258,2020-03-05,3.72,3.77,3.78,3.7,1607714,765594368.0,2.17,2.17,0.08,0.17
1259,2020-03-06,3.74,3.77,3.8,3.71,1615774,771463248.0,2.39,0.0,0.0,0.17
1260,2020-03-09,3.71,3.89,3.98,3.58,5182343,2493082768.0,10.61,3.18,0.12,0.54
1261,2020-03-10,3.83,3.8,3.89,3.7,2633979,1268384880.0,4.88,-2.31,-0.09,0.28
1262,2020-03-11,3.79,3.73,3.79,3.73,1505089,717878096.0,1.58,-1.84,-0.07,0.16
1263,2020-03-12,3.68,3.62,3.72,3.6,1750364,817379904.0,3.22,-2.95,-0.11,0.18
1264,2020-03-13,3.5,3.53,3.57,3.49,2065697,937360240.0,2.21,-2.49,-0.09,0.22
1265,2020-03-16,3.56,3.61,3.75,3.56,2665714,1245998208.0,5.38,2.27,0.08,0.28
1266,2020-03-17,3.6,3.57,3.65,3.49,1540850,705101392.0,4.43,-1.11,-0.04,0.16
1267,2020-03-18,3.57,3.51,3.6,3.5,1410967,645194688.0,2.8,-1.68,-0.06,0.15
1268,2020-03-19,3.49,3.43,3.52,3.39,1457173,651070816.0,3.7,-2.28,-0.08,0.15
1269,2020-03-20,3.48,3.49,3.51,3.43,989187,444460992.0,2.33,1.75,0.06,0.1
1270,2020-03-23,3.43,3.41,3.45,3.39,869499,385302256.0,1.72,-2.29,-0.08,0.09
1271,2020-03-24,3.44,3.46,3.47,3.43,813164,363914272.0,1.17,1.47,0.05,0.09
1272,2020-03-25,3.53,3.5,3.53,3.48,864469,390778384.0,1.45,1.16,0.04,0.09
1273,2020-03-26,3.5,3.47,3.51,3.46,697099,313916368.0,1.43,-0.86,-0.03,0.07
1274,2020-03-27,3.5,3.47,3.51,3.45,756026,339896960.0,1.73,0.0,0.0,0.08
1275,2020-03-30,3.47,3.45,3.47,3.42,1024770,457443584.0,1.44,-0.58,-0.02,0.11
1276,2020-03-31,3.47,3.41,3.47,3.38,1610124,714559120.0,2.61,-1.16,-0.04,0.17
1277,2020-04-01,3.4,3.37,3.41,3.36,1161533,511129872.0,1.47,-1.17,-0.04,0.12
1278,2020-04-02,3.34,3.53,3.54,3.34,2640559,1182207728.0,5.93,4.75,0.16,0.28
1279,2020-04-03,3.52,3.44,3.52,3.43,1676797,752072320.0,2.55,-2.55,-0.09,0.18
1280,2020-04-07,3.49,3.49,3.52,3.46,1599650,720932048.0,1.74,1.45,0.05,0.17
1281,2020-04-08,3.47,3.48,3.48,3.43,1166312,522229424.0,1.43,-0.29,-0.01,0.12
1282,2020-04-09,3.5,3.49,3.51,3.48,792639,357665728.0,0.86,0.29,0.01,0.08
1283,2020-04-10,3.48,3.47,3.52,3.45,997023,448397456.0,2.01,-0.57,-0.02,0.1
1284,2020-04-13,3.48,3.48,3.5,3.47,843177,379381376.0,0.86,0.29,0.01,0.09
1285,2020-04-14,3.48,3.48,3.49,3.45,996214,447319248.0,1.15,0.0,0.0,0.1
1286,2020-04-15,3.47,3.47,3.48,3.45,755207,339167024.0,0.86,-0.29,-0.01,0.08
1287,2020-04-16,3.45,3.45,3.47,3.45,808590,361805296.0,0.58,-0.58,-0.02,0.08
1288,2020-04-17,3.48,3.54,3.56,3.46,2118189,961434880.0,2.9,2.61,0.09,0.22
1289,2020-04-20,3.5,3.59,3.63,3.5,1375893,633340432.0,3.67,1.41,0.05,0.14
1290,2020-04-21,3.55,3.52,3.57,3.51,1194907,543708528.0,1.67,-1.95,-0.07,0.13
1291,2020-04-22,3.5,3.49,3.51,3.46,779737,351513728.0,1.42,-0.85,-0.03,0.08
1292,2020-04-23,3.5,3.53,3.59,3.5,1215018,554307248.0,2.58,1.15,0.04,0.13
1293,2020-04-24,3.53,3.47,3.54,3.47,813358,367040768.0,1.98,-1.7,-0.06,0.09
1294,2020-04-27,3.48,3.49,3.5,3.46,657278,296060656.0,1.15,0.58,0.02,0.07
1295,2020-04-28,3.47,3.41,3.48,3.41,1105058,492853184.0,2.01,-2.29,-0.08,0.12
1296,2020-04-29,3.44,3.42,3.44,3.4,678618,300913424.0,1.17,0.29,0.01,0.07
1297,2020-04-30,3.39,3.44,3.44,3.36,1196402,529560960.0,2.34,0.58,0.02,0.13
1298,2020-05-06,3.39,3.41,3.42,3.39,848192,375190000.0,0.87,-0.87,-0.03,0.09
1299,2020-05-07,3.41,3.39,3.41,3.39,577148,254904647.0,0.59,-0.59,-0.02,0.06
1300,2020-05-08,3.4,3.4,3.41,3.39,659209,291438912.0,0.59,0.29,0.01,0.07
1301,2020-05-11,3.41,3.39,3.42,3.39,559475,247474681.0,0.88,-0.29,-0.01,0.06
1302,2020-05-12,3.4,3.38,3.4,3.38,540664,238247850.0,0.59,-0.29,-0.01,0.06
1303,2020-05-13,3.38,3.39,3.4,3.36,621293,273177200.0,1.18,0.3,0.01,0.07
1304,2020-05-14,3.37,3.36,3.38,3.35,554090,242636633.0,0.88,-0.88,-0.03,0.06
1305,2020-05-15,3.37,3.34,3.38,3.34,508114,222228197.0,1.19,-0.6,-0.02,0.05
1306,2020-05-18,3.35,3.35,3.37,3.34,514957,225394399.0,0.9,0.3,0.01,0.05
1307,2020-05-19,3.39,3.37,3.4,3.36,769731,338703504.0,1.19,0.6,0.02,0.08
1308,2020-05-20,3.37,3.35,3.37,3.34,426108,186340286.0,0.89,-0.59,-0.02,0.04
1309,2020-05-21,3.36,3.34,3.37,3.33,682494,297641728.0,1.19,-0.3,-0.01,0.07
1310,2020-05-22,3.33,3.23,3.34,3.23,1212364,519727888.0,3.29,-3.29,-0.11,0.13
1311,2020-05-25,3.23,3.2,3.24,3.19,589336,248942474.0,1.55,-0.93,-0.03,0.06
1312,2020-05-26,3.21,3.19,3.22,3.17,811355,341725424.0,1.56,-0.31,-0.01,0.08
1313,2020-05-27,3.19,3.17,3.2,3.16,719330,301744976.0,1.25,-0.63,-0.02,0.08
1314,2020-05-28,3.16,3.17,3.19,3.14,686685,287542784.0,1.58,0.0,0.0,0.07
1315,2020-05-29,3.16,3.12,3.17,3.12,812229,337600752.0,1.58,-1.58,-0.05,0.08
1316,2020-06-01,3.13,3.18,3.19,3.13,1008515,421912048.0,1.92,1.92,0.06,0.11
1317,2020-06-02,3.18,3.2,3.22,3.17,842597,355139472.0,1.57,0.63,0.02,0.09
1318,2020-06-03,3.22,3.22,3.25,3.21,909978,387147760.0,1.25,0.63,0.02,0.1
1319,2020-06-04,3.24,3.17,3.24,3.16,935624,393488144.0,2.48,-1.55,-0.05,0.1
1320,2020-06-05,3.18,3.21,3.21,3.15,781580,327523712.0,1.89,1.26,0.04,0.08
1321,2020-06-08,3.23,3.28,3.28,3.22,1296403,554354608.0,1.87,2.18,0.07,0.14
1322,2020-06-09,3.28,3.27,3.28,3.25,1110411,475830864.0,0.91,-0.3,-0.01,0.12
1323,2020-06-10,3.29,3.26,3.29,3.25,1084176,444003984.0,1.22,-0.31,-0.01,0.11
1324,2020-06-11,3.25,3.2,3.26,3.2,970438,393805680.0,1.84,-1.84,-0.06,0.1
1325,2020-06-12,3.16,3.21,3.24,3.14,924146,370752704.0,3.13,0.31,0.01,0.1
1326,2020-06-15,3.19,3.16,3.19,3.16,601361,240835972.0,0.93,-1.56,-0.05,0.06
1327,2020-06-16,3.19,3.19,3.19,3.17,555906,222778252.0,0.63,0.95,0.03,0.06
1328,2020-06-17,3.18,3.18,3.19,3.16,642280,257186574.0,0.94,-0.31,-0.01,0.07
1329,2020-06-18,3.16,3.18,3.19,3.15,1074366,430020816.0,1.26,0.0,0.0,0.11
1330,2020-06-19,3.18,3.18,3.2,3.17,960983,385501584.0,0.94,0.0,0.0,0.1
1331,2020-06-22,3.18,3.16,3.19,3.16,861565,345188336.0,0.94,-0.63,-0.02,0.09
1332,2020-06-23,3.16,3.14,3.17,3.13,911962,362569200.0,1.27,-0.63,-0.02,0.1
1333,2020-06-24,3.13,3.14,3.15,3.13,741324,294256848.0,0.64,0.0,0.0,0.08
1334,2020-06-29,3.13,3.09,3.13,3.07,1472800,578206512.0,1.91,-1.59,-0.05,0.15
1335,2020-06-30,3.1,3.08,3.11,3.08,676382,265272481.0,0.97,-0.32,-0.01,0.07
1336,2020-07-01,3.09,3.1,3.11,3.07,980155,383890784.0,1.3,0.65,0.02,0.1
1337,2020-07-02,3.09,3.18,3.19,3.08,2119386,840966064.0,3.55,2.58,0.08,0.22
1338,2020-07-03,3.17,3.25,3.26,3.16,2271563,921785712.0,3.14,2.2,0.07,0.24
1339,2020-07-06,3.28,3.44,3.46,3.28,4237534,1782946880.0,5.54,5.85,0.19,0.44
1340,2020-07-07,3.48,3.4,3.53,3.4,4201822,1795385360.0,3.78,-1.16,-0.04,0.44
1341,2020-07-08,3.38,3.38,3.39,3.3,2890210,1208846576.0,2.65,-0.59,-0.02,0.3
1342,2020-07-09,3.37,3.4,3.42,3.34,2719022,1144425392.0,2.37,0.59,0.02,0.28
1343,2020-07-10,3.37,3.3,3.37,3.29,2172192,904005568.0,2.35,-2.94,-0.1,0.23
1344,2020-07-13,3.3,3.34,3.35,3.29,2410021,1000134272.0,1.82,1.21,0.04,0.25
1345,2020-07-14,3.32,3.26,3.34,3.24,2797025,1150167184.0,2.99,-2.4,-0.08,0.29
1346,2020-07-15,3.28,3.22,3.3,3.21,1904923,776993184.0,2.76,-1.23,-0.04,0.2
1347,2020-07-16,3.24,3.15,3.24,3.15,2172299,874599136.0,2.8,-2.17,-0.07,0.23
1348,2020-07-17,3.16,3.14,3.17,3.13,1309861,520715152.0,1.27,-0.32,-0.01,0.14
1349,2020-07-20,3.15,3.21,3.22,3.14,1573805,632100352.0,2.55,2.23,0.07,0.16
1350,2020-07-21,3.22,3.19,3.24,3.18,1176473,474416736.0,1.87,-0.62,-0.02,0.12
1351,2020-07-22,3.22,3.25,3.3,3.2,2547168,1041838352.0,3.13,1.88,0.06,0.27
1352,2020-07-23,3.23,3.2,3.25,3.16,1748390,704140624.0,2.77,-1.54,-0.05,0.18
1353,2020-07-24,3.23,3.17,3.26,3.16,1923824,776660592.0,3.13,-0.94,-0.03,0.2
1354,2020-07-27,3.18,3.18,3.2,3.16,1233283,494225168.0,1.26,0.32,0.01,0.13
1355,2020-07-28,3.2,3.18,3.21,3.16,1176823,472141632.0,1.57,0.0,0.0,0.12
1356,2020-07-29,3.18,3.19,3.19,3.15,1985648,794063248.0,1.26,0.31,0.01,0.21
1357,2020-07-30,3.18,3.16,3.19,3.16,972277,388816224.0,0.94,-0.94,-0.03,0.1
1358,2020-07-31,3.15,3.17,3.18,3.14,1406019,560603536.0,1.27,0.32,0.01,0.15
1359,2020-08-03,3.17,3.18,3.19,3.16,1316651,527037904.0,0.95,0.32,0.01,0.14
1360,2020-08-04,3.18,3.21,3.22,3.17,1674702,674185200.0,1.57,0.94,0.03,0.18
1361,2020-08-05,3.2,3.19,3.21,3.17,1115620,448628992.0,1.25,-0.62,-0.02,0.12
1362,2020-08-06,3.21,3.2,3.23,3.18,1715198,691194160.0,1.57,0.31,0.01,0.18
1363,2020-08-07,3.19,3.16,3.2,3.15,1706932,682487520.0,1.56,-1.25,-0.04,0.18
1364,2020-08-10,3.16,3.17,3.18,3.14,1463236,583925536.0,1.27,0.32,0.01,0.15
1365,2020-08-11,3.18,3.16,3.19,3.16,1578018,632124752.0,0.95,-0.32,-0.01,0.17
1366,2020-08-12,3.16,3.16,3.17,3.14,1774506,707276800.0,0.95,0.0,0.0,0.19
1367,2020-08-13,3.17,3.18,3.19,3.16,1471142,588746528.0,0.95,0.63,0.02,0.15
1368,2020-08-14,3.17,3.19,3.19,3.16,1175174,470267712.0,0.94,0.31,0.01,0.12
1369,2020-08-17,3.18,3.24,3.26,3.18,2921421,1185810976.0,2.51,1.57,0.05,0.31
1370,2020-08-18,3.24,3.23,3.25,3.21,1723560,699710720.0,1.23,-0.31,-0.01,0.18
1371,2020-08-19,3.23,3.23,3.27,3.22,2364133,963168992.0,1.55,0.0,0.0,0.25
1372,2020-08-20,3.23,3.2,3.23,3.19,1799797,726542528.0,1.24,-0.93,-0.03,0.19
1373,2020-08-21,3.21,3.2,3.22,3.18,1004349,404556144.0,1.25,0.0,0.0,0.11
1374,2020-08-24,3.2,3.21,3.22,3.19,1043270,421136816.0,0.94,0.31,0.01,0.11
1375,2020-08-25,3.22,3.2,3.22,3.19,1027148,414078352.0,0.93,-0.31,-0.01,0.11
1376,2020-08-26,3.21,3.22,3.24,3.19,1778175,720353856.0,1.56,0.63,0.02,0.19
1377,2020-08-27,3.22,3.2,3.23,3.18,1026447,413378128.0,1.55,-0.62,-0.02,0.11
1378,2020-08-28,3.19,3.2,3.21,3.17,1227912,492871104.0,1.25,0.0,0.0,0.13
1379,2020-08-31,3.2,3.2,3.23,3.19,1600479,647184000.0,1.25,0.0,0.0,0.17
1380,2020-09-01,3.19,3.2,3.21,3.19,877024,353111072.0,0.63,0.0,0.0,0.09
1381,2020-09-02,3.2,3.17,3.2,3.16,994170,398512784.0,1.25,-0.94,-0.03,0.1
1382,2020-09-03,3.17,3.16,3.19,3.15,1083586,433022768.0,1.26,-0.32,-0.01,0.11
1383,2020-09-04,3.15,3.15,3.16,3.13,1183173,469916944.0,0.95,-0.32,-0.01,0.12
1384,2020-09-07,3.14,3.13,3.15,3.12,1100200,436688064.0,0.95,-0.63,-0.02,0.12
1385,2020-09-08,3.13,3.14,3.15,3.12,971084,385214272.0,0.96,0.32,0.01,0.1
1386,2020-09-09,3.12,3.11,3.14,3.11,1216200,480669488.0,0.96,-0.96,-0.03,0.13
1387,2020-09-10,3.12,3.09,3.13,3.08,1182997,464709872.0,1.61,-0.64,-0.02,0.12
1388,2020-09-11,3.08,3.08,3.09,3.07,709228,277294736.0,0.65,-0.32,-0.01,0.07
1389,2020-09-14,3.09,3.09,3.1,3.08,571843,224222704.0,0.65,0.32,0.01,0.06
1390,2020-09-15,3.09,3.09,3.1,3.08,492348,192907779.0,0.65,0.0,0.0,0.05
1391,2020-09-16,3.1,3.11,3.12,3.08,682286,268370545.0,1.29,0.65,0.02,0.07
1392,2020-09-17,3.11,3.1,3.12,3.1,524594,206771143.0,0.64,-0.32,-0.01,0.05
1393,2020-09-18,3.12,3.13,3.13,3.1,1269999,501286624.0,0.97,0.97,0.03,0.13
1394,2020-09-21,3.13,3.14,3.15,3.12,764414,302775424.0,0.96,0.32,0.01,0.08
1395,2020-09-22,3.12,3.1,3.14,3.1,756330,298818432.0,1.27,-1.27,-0.04,0.08
1396,2020-09-23,3.1,3.09,3.11,3.09,427409,167863522.0,0.65,-0.32,-0.01,0.04
1397,2020-09-24,3.09,3.06,3.09,3.05,844267,329099968.0,1.29,-0.97,-0.03,0.09
1398,2020-09-25,3.07,3.06,3.07,3.05,421395,163975458.0,0.65,0.0,0.0,0.04
1399,2020-09-28,3.06,3.06,3.08,3.05,694407,270373376.0,0.98,0.0,0.0,0.07
1400,2020-09-29,3.07,3.06,3.08,3.06,411624,160511062.0,0.65,0.0,0.0,0.04
1401,2020-09-30,3.07,3.08,3.1,3.05,710002,277189008.0,1.63,0.65,0.02,0.07
1402,2020-10-09,3.1,3.1,3.12,3.09,523940,206244437.0,0.97,0.65,0.02,0.05
1403,2020-10-12,3.11,3.13,3.14,3.09,778172,307445168.0,1.61,0.97,0.03,0.08
1404,2020-10-13,3.13,3.11,3.13,3.1,414119,163081825.0,0.96,-0.64,-0.02,0.04
1405,2020-10-14,3.1,3.09,3.11,3.07,777355,304445040.0,1.29,-0.64,-0.02,0.08
1406,2020-10-15,3.08,3.09,3.1,3.08,399100,156445754.0,0.65,0.0,0.0,0.04
1407,2020-10-16,3.09,3.1,3.11,3.08,511480,200816214.0,0.97,0.32,0.01,0.05
1408,2020-10-19,3.1,3.09,3.12,3.08,802955,315693808.0,1.29,-0.32,-0.01,0.08
1409,2020-10-20,3.09,3.1,3.11,3.08,451524,177232524.0,0.97,0.32,0.01,0.05
1410,2020-10-21,3.1,3.1,3.11,3.08,613476,240735331.0,0.97,0.0,0.0,0.06
1411,2020-10-22,3.09,3.09,3.1,3.08,406142,159290275.0,0.65,-0.32,-0.01,0.04
1412,2020-10-23,3.1,3.14,3.16,3.09,1289704,502283376.0,2.27,1.62,0.05,0.13
1413,2020-10-26,3.15,3.14,3.16,3.13,605310,236070574.0,0.96,0.0,0.0,0.06
1414,2020-10-27,3.14,3.12,3.14,3.12,402988,156559278.0,0.64,-0.64,-0.02,0.04
1415,2020-10-28,3.12,3.12,3.13,3.1,428409,165877874.0,0.96,0.0,0.0,0.04
1416,2020-10-29,3.1,3.13,3.14,3.1,827971,320752032.0,1.28,0.32,0.01,0.09
1417,2020-10-30,3.13,3.14,3.17,3.12,1270745,496300560.0,1.6,0.32,0.01,0.13
1418,2020-11-02,3.13,3.15,3.16,3.12,864683,337458496.0,1.27,0.32,0.01,0.09
1419,2020-11-03,3.16,3.19,3.19,3.15,1000317,393343200.0,1.27,1.27,0.04,0.1
1420,2020-11-04,3.19,3.17,3.19,3.15,560155,220175332.0,1.25,-0.63,-0.02,0.06
1421,2020-11-05,3.2,3.2,3.21,3.17,997547,393990064.0,1.26,0.95,0.03,0.1
1422,2020-11-06,3.2,3.22,3.23,3.19,1021544,406226608.0,1.25,0.63,0.02,0.11
1423,2020-11-09,3.23,3.25,3.28,3.22,1182745,475191552.0,1.86,0.93,0.03,0.12
1424,2020-11-10,3.34,3.28,3.38,3.27,2759129,1128424656.0,3.38,0.92,0.03,0.29
1425,2020-11-11,3.29,3.36,3.37,3.29,2105122,863451312.0,2.44,2.44,0.08,0.22
1426,2020-11-12,3.36,3.3,3.36,3.28,1176685,479523824.0,2.38,-1.79,-0.06,0.12
1427,2020-11-13,3.29,3.26,3.3,3.24,1001564,402342704.0,1.82,-1.21,-0.04,0.1
1428,2020-11-16,3.27,3.34,3.35,3.27,1513128,616806768.0,2.45,2.45,0.08,0.16
1429,2020-11-17,3.36,3.36,3.38,3.33,1609286,662180848.0,1.5,0.6,0.02,0.17
1430,2020-11-18,3.34,3.35,3.38,3.33,1411054,581503120.0,1.49,-0.3,-0.01,0.15
1431,2020-11-19,3.35,3.36,3.39,3.34,1002217,413296496.0,1.49,0.3,0.01,0.1
1432,2020-11-20,3.36,3.33,3.37,3.31,949362,388726672.0,1.79,-0.89,-0.03,0.1
1433,2020-11-23,3.34,3.44,3.44,3.34,2553948,1063380992.0,3.0,3.3,0.11,0.27
1434,2020-11-24,3.44,3.43,3.47,3.42,1252636,525479056.0,1.45,-0.29,-0.01,0.13
1435,2020-11-25,3.49,3.47,3.56,3.47,3173378,1359933984.0,2.62,1.17,0.04,0.33
1436,2020-11-26,3.47,3.5,3.54,3.47,1623300,693776512.0,2.02,0.86,0.03,0.17
1437,2020-11-27,3.5,3.52,3.52,3.46,1273173,540468320.0,1.71,0.57,0.02,0.13
1438,2020-11-30,3.51,3.43,3.57,3.43,2018811,861681616.0,3.98,-2.56,-0.09,0.21
1439,2020-12-01,3.42,3.47,3.49,3.42,1162813,490200512.0,2.04,1.17,0.04,0.12
1440,2020-12-02,3.46,3.46,3.5,3.44,1068150,452214288.0,1.73,-0.29,-0.01,0.11
1441,2020-12-03,3.49,3.44,3.51,3.43,1066652,450623248.0,2.31,-0.58,-0.02,0.11
1442,2020-12-04,3.44,3.42,3.46,3.38,1243280,517946240.0,2.33,-0.58,-0.02,0.13
1443,2020-12-07,3.41,3.35,3.43,3.34,1174733,485093392.0,2.63,-2.05,-0.07,0.12
1444,2020-12-08,3.35,3.34,3.37,3.32,736601,301911904.0,1.49,-0.3,-0.01,0.08
1445,2020-12-09,3.33,3.31,3.36,3.31,783962,320683824.0,1.5,-0.9,-0.03,0.08
1446,2020-12-10,3.31,3.3,3.32,3.29,735592,298789424.0,0.91,-0.3,-0.01,0.08
1447,2020-12-11,3.34,3.36,3.36,3.29,1250889,511202800.0,2.12,1.82,0.06,0.13
1448,2020-12-14,3.33,3.3,3.34,3.28,1078285,437334816.0,1.79,-1.79,-0.06,0.11
1449,2020-12-15,3.28,3.27,3.29,3.24,712451,286632080.0,1.52,-0.91,-0.03,0.07
1450,2020-12-16,3.28,3.28,3.3,3.27,470710,190491653.0,0.92,0.31,0.01,0.05
1451,2020-12-17,3.3,3.33,3.34,3.27,735301,299328064.0,2.13,1.52,0.05,0.08
1452,2020-12-18,3.34,3.34,3.37,3.32,899432,369324336.0,1.5,0.3,0.01,0.09
1453,2020-12-21,3.33,3.31,3.35,3.29,905287,368629984.0,1.8,-0.9,-0.03,0.09
1454,2020-12-22,3.28,3.22,3.29,3.22,1210347,486045968.0,2.11,-2.72,-0.09,0.13
1455,2020-12-23,3.23,3.23,3.24,3.21,661871,263909046.0,0.93,0.31,0.01,0.07
1456,2020-12-24,3.25,3.23,3.26,3.21,654982,261402159.0,1.55,0.0,0.0,0.07
1457,2020-12-25,3.23,3.24,3.25,3.21,448624,178942513.0,1.24,0.31,0.01,0.05
1458,2020-12-28,3.23,3.23,3.25,3.22,566393,226079824.0,0.93,-0.31,-0.01,0.06
1459,2020-12-29,3.23,3.26,3.28,3.22,816761,328221088.0,1.86,0.93,0.03,0.09
1460,2020-12-30,3.25,3.25,3.27,3.23,592932,237761645.0,1.23,-0.31,-0.01,0.06
1461,2020-12-31,3.24,3.27,3.29,3.23,852619,343397744.0,1.85,0.62,0.02,0.09
1462,2021-01-04,3.27,3.27,3.29,3.23,1100524,442267968.0,1.83,0.0,0.0,0.12
1463,2021-01-05,3.25,3.26,3.27,3.22,1075969,430780224.0,1.53,-0.31,-0.01,0.11
1464,2021-01-06,3.29,3.35,3.35,3.28,1838945,750913376.0,2.15,2.76,0.09,0.19
1465,2021-01-07,3.35,3.36,3.37,3.32,1847368,757351840.0,1.49,0.3,0.01,0.19
1466,2021-01-08,3.4,3.43,3.46,3.38,1890079,789870080.0,2.38,2.08,0.07,0.2
1467,2021-01-11,3.43,3.3,3.43,3.29,2472395,1017312384.0,4.08,-3.79,-0.13,0.26
1468,2021-01-12,3.3,3.39,3.39,3.29,1469465,603607776.0,3.03,2.73,0.09,0.15
1469,2021-01-13,3.4,3.46,3.49,3.38,2289907,961085600.0,3.24,2.06,0.07,0.24
1470,2021-01-14,3.45,3.47,3.52,3.42,1912556,808621152.0,2.89,0.29,0.01,0.2
1471,2021-01-15,3.47,3.48,3.5,3.45,1607227,681091136.0,1.44,0.29,0.01,0.17
1472,2021-01-18,3.44,3.4,3.45,3.38,2017441,839947936.0,2.01,-2.3,-0.08,0.21
1473,2021-01-19,3.4,3.41,3.46,3.38,1698011,709264832.0,2.35,0.29,0.01,0.18
1474,2021-01-20,3.44,3.4,3.47,3.37,1097347,458308160.0,2.93,-0.29,-0.01,0.11
1475,2021-01-21,3.39,3.4,3.43,3.37,1057164,439944752.0,1.76,0.0,0.0,0.11
1476,2021-01-22,3.39,3.31,3.4,3.3,1319655,540403456.0,2.94,-2.65,-0.09,0.14
1477,2021-01-25,3.3,3.26,3.31,3.24,1493760,601918896.0,2.11,-1.51,-0.05,0.16
1478,2021-01-26,3.25,3.27,3.28,3.25,941621,378930960.0,0.92,0.31,0.01,0.1
1479,2021-01-27,3.27,3.27,3.31,3.26,993790,401376448.0,1.53,0.0,0.0,0.1
1480,2021-01-28,3.25,3.22,3.27,3.2,1351214,538458496.0,2.14,-1.53,-0.05,0.14
1481,2021-01-29,3.22,3.19,3.23,3.16,1142037,451480128.0,2.17,-0.93,-0.03,0.12
1482,2021-02-01,3.18,3.19,3.2,3.15,1046452,411283328.0,1.57,0.0,0.0,0.11
1483,2021-02-02,3.22,3.18,3.23,3.17,1085289,429456320.0,1.88,-0.31,-0.01,0.11
1484,2021-02-03,3.2,3.21,3.21,3.18,696225,275362480.0,0.94,0.94,0.03,0.07
1485,2021-02-04,3.2,3.23,3.23,3.19,1065039,422462816.0,1.25,0.62,0.02,0.11
1486,2021-02-05,3.23,3.2,3.24,3.2,820788,326321344.0,1.24,-0.93,-0.03,0.09
1487,2021-02-08,3.21,3.23,3.25,3.21,1039302,414920640.0,1.25,0.94,0.03,0.11
1488,2021-02-09,3.24,3.35,3.37,3.24,1834983,745712864.0,4.02,3.72,0.12,0.19
1489,2021-02-10,3.34,3.41,3.46,3.34,2593298,1083698000.0,3.58,1.79,0.06,0.27
1490,2021-02-18,3.69,3.72,3.82,3.64,8382505,3751471120.0,5.28,9.09,0.31,0.88
1491,2021-02-19,3.65,3.61,3.67,3.6,3341719,1465969472.0,1.88,-2.96,-0.11,0.35
1492,2021-02-22,3.65,3.89,3.98,3.65,5999231,2759294176.0,9.14,7.76,0.28,0.63
1493,2021-02-23,4.0,3.94,4.08,3.9,4460685,2113972752.0,4.63,1.29,0.05,0.47
1494,2021-02-24,3.96,3.8,3.98,3.76,2745532,1270462320.0,5.58,-3.55,-0.14,0.29
1495,2021-02-25,3.92,3.9,3.98,3.86,2233171,1043955232.0,3.16,2.63,0.1,0.23
1496,2021-02-26,3.75,3.75,3.82,3.71,2987578,1352270400.0,2.82,-3.85,-0.15,0.31
1497,2021-03-01,3.78,3.81,3.83,3.7,2132957,965314288.0,3.47,1.6,0.06,0.22
1498,2021-03-02,3.75,3.62,3.75,3.57,3262558,1432334080.0,4.72,-4.99,-0.19,0.34
1499,2021-03-03,3.59,3.7,3.72,3.59,2360436,1040879792.0,3.59,2.21,0.08,0.25
1500,2021-03-04,3.7,3.69,3.75,3.65,1632436,726739520.0,2.7,-0.27,-0.01,0.17
1501,2021-03-05,3.76,3.74,3.82,3.65,2489610,1118254064.0,4.61,1.36,0.05,0.26
1502,2021-03-08,3.83,3.8,3.93,3.79,3146784,1455582752.0,3.74,1.6,0.06,0.33
1503,2021-03-09,3.75,3.76,3.85,3.69,2246487,1018130080.0,4.21,-1.05,-0.04,0.24
1504,2021-03-10,3.73,3.66,3.75,3.64,1490274,664395600.0,2.93,-2.66,-0.1,0.16
1505,2021-03-11,3.69,3.72,3.73,3.68,1198553,535016240.0,1.37,1.64,0.06,0.13
1506,2021-03-12,3.74,3.72,3.76,3.67,1379805,617050016.0,2.42,0.0,0.0,0.14
1507,2021-03-15,3.71,3.85,3.86,3.71,2365405,1081757296.0,4.03,3.49,0.13,0.25
1508,2021-03-16,3.82,3.79,3.83,3.76,1161631,528335744.0,1.82,-1.56,-0.06,0.12
1509,2021-03-17,3.76,3.7,3.76,3.68,1502155,671687728.0,2.11,-2.37,-0.09,0.16
1510,2021-03-18,3.69,3.68,3.7,3.65,1382339,612511456.0,1.35,-0.54,-0.02,0.14
1511,2021-03-19,3.58,3.5,3.58,3.49,3079821,1322717520.0,2.45,-4.89,-0.18,0.32
1512,2021-03-22,3.51,3.53,3.55,3.51,1515975,650028992.0,1.14,0.86,0.03,0.16
1513,2021-03-23,3.53,3.5,3.54,3.46,1342536,572279072.0,2.27,-0.85,-0.03,0.14
1514,2021-03-24,3.45,3.46,3.48,3.43,1296931,546404576.0,1.43,-1.14,-0.04,0.14
1515,2021-03-25,3.49,3.47,3.51,3.46,1150328,488488192.0,1.45,0.29,0.01,0.12
1516,2021-03-26,3.45,3.48,3.5,3.45,983461,416605088.0,1.44,0.29,0.01,0.1
1517,2021-03-29,3.53,3.53,3.59,3.51,1948624,839588448.0,2.3,1.44,0.05,0.2
1518,2021-03-30,3.56,3.56,3.59,3.54,1504245,650447232.0,1.42,0.85,0.03,0.16
1519,2021-03-31,3.55,3.57,3.57,3.52,926789,399389792.0,1.4,0.28,0.01,0.1
1520,2021-04-01,3.56,3.54,3.57,3.52,1041785,447577408.0,1.4,-0.84,-0.03,0.11
1521,2021-04-02,3.57,3.56,3.59,3.54,1426668,618583008.0,1.41,0.56,0.02,0.15
1522,2021-04-06,3.54,3.53,3.54,3.5,861462,368816960.0,1.12,-0.84,-0.03,0.09
1523,2021-04-07,3.53,3.6,3.61,3.52,1438723,623409952.0,2.55,1.98,0.07,0.15
1524,2021-04-08,3.58,3.6,3.62,3.57,1050331,457258640.0,1.39,0.0,0.0,0.11
1525,2021-04-09,3.6,3.63,3.64,3.58,1027945,450472128.0,1.67,0.83,0.03,0.11
1526,2021-04-12,3.63,3.63,3.67,3.6,1088210,478519120.0,1.93,0.0,0.0,0.11
1527,2021-04-13,3.62,3.57,3.63,3.54,1118955,484558272.0,2.48,-1.65,-0.06,0.12
1528,2021-04-14,3.58,3.59,3.6,3.55,822379,356712752.0,1.4,0.56,0.02,0.09
1529,2021-04-15,3.63,3.61,3.65,3.59,983356,430405936.0,1.67,0.56,0.02,0.1
1530,2021-04-16,3.62,3.69,3.71,3.61,1621021,719088944.0,2.77,2.22,0.08,0.17
1531,2021-04-19,3.7,3.66,3.71,3.64,1406782,623344064.0,1.9,-0.81,-0.03,0.15
1532,2021-04-20,3.66,3.64,3.66,3.62,822998,362228608.0,1.09,-0.55,-0.02,0.09
1533,2021-04-21,3.61,3.52,3.61,3.51,1967581,846803168.0,2.75,-3.3,-0.12,0.21
1534,2021-04-22,3.51,3.5,3.53,3.47,1501868,639837456.0,1.7,-0.57,-0.02,0.16
1535,2021-04-23,3.5,3.47,3.5,3.45,963752,407322000.0,1.43,-0.86,-0.03,0.1
1536,2021-04-26,3.46,3.45,3.49,3.44,984835,416405632.0,1.44,-0.58,-0.02,0.1
1537,2021-04-27,3.45,3.44,3.46,3.41,772353,324050848.0,1.45,-0.29,-0.01,0.08
1538,2021-04-28,3.45,3.48,3.48,3.43,744587,313933280.0,1.45,1.16,0.04,0.08
1539,2021-04-29,3.51,3.52,3.53,3.49,1301180,555301184.0,1.15,1.15,0.04,0.14
1540,2021-04-30,3.5,3.52,3.53,3.49,1124770,480808512.0,1.14,0.0,0.0,0.12
1541,2021-05-06,3.57,3.61,3.63,3.56,1843269,803965504.0,1.99,2.56,0.09,0.19
1542,2021-05-07,3.61,3.64,3.66,3.59,1552088,682230480.0,1.94,0.83,0.03,0.16
1543,2021-05-10,3.66,3.74,3.74,3.66,1959421,874838528.0,2.2,2.75,0.1,0.21
1544,2021-05-11,3.7,3.69,3.71,3.63,1519539,673668832.0,2.14,-1.34,-0.05,0.16
1545,2021-05-12,3.68,3.74,3.78,3.68,1300708,583937792.0,2.71,1.36,0.05,0.14
1546,2021-05-13,3.72,3.67,3.73,3.65,1130062,501979424.0,2.14,-1.87,-0.07,0.12
1547,2021-05-14,3.65,3.63,3.67,3.59,1206431,529250832.0,2.18,-1.09,-0.04,0.13
1548,2021-05-17,3.66,3.66,3.69,3.64,1211906,536733152.0,1.38,0.83,0.03,0.13
1549,2021-05-18,3.69,3.77,3.78,3.67,1934911,870217040.0,3.01,3.01,0.11,0.2
1550,2021-05-19,3.73,3.67,3.73,3.65,1610159,714996288.0,2.12,-2.65,-0.1,0.17
1551,2021-05-20,3.62,3.58,3.62,3.58,1205859,525026352.0,1.09,-2.45,-0.09,0.13
1552,2021-05-21,3.58,3.6,3.62,3.56,955739,416296768.0,1.68,0.56,0.02,0.1
1553,2021-05-24,3.62,3.63,3.64,3.6,868837,380439824.0,1.11,0.83,0.03,0.09
1554,2021-05-25,3.66,3.67,3.69,3.61,1552690,685515840.0,2.2,1.1,0.04,0.16
1555,2021-05-26,3.65,3.71,3.71,3.65,1635279,727221728.0,1.63,1.09,0.04,0.17
1556,2021-05-27,3.69,3.71,3.78,3.69,1651909,741372640.0,2.43,0.0,0.0,0.17
1557,2021-05-28,3.75,3.71,3.77,3.69,1005408,451148496.0,2.16,0.0,0.0,0.11
1558,2021-05-31,3.69,3.66,3.69,3.62,1201517,529316928.0,1.89,-1.35,-0.05,0.13
1559,2021-06-01,3.66,3.71,3.72,3.63,1415261,626601664.0,2.46,1.37,0.05,0.15
1560,2021-06-02,3.73,3.73,3.75,3.7,1360729,609975008.0,1.35,0.54,0.02,0.14
1561,2021-06-03,3.74,3.76,3.79,3.74,1972733,893446640.0,1.34,0.8,0.03,0.21
1562,2021-06-04,3.74,3.73,3.76,3.7,1168588,523940672.0,1.6,-0.8,-0.03,0.12
1563,2021-06-07,3.75,3.77,3.78,3.73,1162410,525316224.0,1.34,1.07,0.04,0.12
1564,2021-06-08,3.74,3.74,3.75,3.69,1583280,709988128.0,1.59,-0.8,-0.03,0.17
1565,2021-06-09,3.76,3.84,3.86,3.75,2477019,1133406080.0,2.94,2.67,0.1,0.26
1566,2021-06-10,3.81,3.82,3.86,3.8,1599831,734231920.0,1.56,-0.52,-0.02,0.17
1567,2021-06-11,3.85,3.9,4.0,3.84,2969052,1388908880.0,4.19,2.09,0.08,0.31
1568,2021-06-15,3.94,3.92,4.04,3.9,2681095,1264832400.0,3.59,0.51,0.02,0.28
1569,2021-06-16,3.98,3.94,4.02,3.93,1786829,844980320.0,2.3,0.51,0.02,0.19
1570,2021-06-17,3.95,3.86,3.96,3.85,1446742,653717744.0,2.79,-2.03,-0.08,0.15
1571,2021-06-18,3.83,3.74,3.84,3.72,2092421,920289696.0,3.11,-3.11,-0.12,0.22
1572,2021-06-21,3.74,3.66,3.76,3.65,2303997,994787040.0,2.94,-2.14,-0.08,0.24
1573,2021-06-22,3.71,3.8,3.84,3.7,2617934,1154442624.0,3.83,3.83,0.14,0.27
1574,2021-06-23,3.8,3.81,3.82,3.75,998097,441052480.0,1.84,0.26,0.01,0.1
1575,2021-06-24,3.81,3.79,3.81,3.76,1025432,452080432.0,1.31,-0.52,-0.02,0.11
1576,2021-06-25,3.8,3.79,3.86,3.78,1510067,670676048.0,2.11,0.0,0.0,0.16
1577,2021-06-28,3.82,3.75,3.84,3.73,1276118,561115248.0,2.9,-1.06,-0.04,0.13
1578,2021-06-29,3.73,3.72,3.74,3.69,1288789,559570352.0,1.33,-0.8,-0.03,0.13
1579,2021-06-30,3.73,3.73,3.75,3.7,773088,336546928.0,1.34,0.27,0.01,0.08
1580,2021-07-01,3.74,3.7,3.75,3.7,765747,333068160.0,1.34,-0.8,-0.03,0.08
1581,2021-07-02,3.77,3.68,3.79,3.67,1779461,774697056.0,3.24,-0.54,-0.02,0.19
1582,2021-07-05,3.68,3.67,3.69,3.63,1298460,557309200.0,1.63,-0.27,-0.01,0.14
1583,2021-07-06,3.69,3.69,3.72,3.66,1180367,510137840.0,1.63,0.54,0.02,0.12
1584,2021-07-07,3.65,3.64,3.66,3.62,1456786,621619088.0,1.08,-1.36,-0.05,0.15
1585,2021-07-08,3.63,3.57,3.63,3.57,1373070,579826240.0,1.65,-1.92,-0.07,0.14
1586,2021-07-09,3.57,3.57,3.59,3.55,1120457,470487712.0,1.12,0.0,0.0,0.12
1587,2021-07-12,3.6,3.54,3.61,3.54,1445762,606808880.0,1.96,-0.84,-0.03,0.15
1588,2021-07-13,3.56,3.58,3.6,3.54,1219544,511911584.0,1.69,1.13,0.04,0.13
1589,2021-07-14,3.59,3.55,3.59,3.54,1050480,439768992.0,1.4,-0.84,-0.03,0.11
1590,2021-07-15,3.53,3.54,3.55,3.5,1102633,458643264.0,1.41,-0.28,-0.01,0.12
1591,2021-07-16,3.53,3.52,3.55,3.51,1039162,432250224.0,1.13,-0.56,-0.02,0.11
1592,2021-07-19,3.52,3.44,3.52,3.42,2007999,819694896.0,2.84,-2.27,-0.08,0.21
1593,2021-07-20,3.39,3.45,3.46,3.39,1162859,470436208.0,2.03,0.29,0.01,0.12
1594,2021-07-21,3.45,3.4,3.45,3.4,993394,402120752.0,1.45,-1.45,-0.05,0.1
1595,2021-07-22,3.44,3.45,3.47,3.42,1357302,553220752.0,1.47,1.47,0.05,0.14
1596,2021-07-23,3.46,3.43,3.47,3.43,953493,388529408.0,1.16,-0.58,-0.02,0.1
1597,2021-07-26,3.44,3.41,3.44,3.38,1276032,514734064.0,1.75,-0.58,-0.02,0.13
1598,2021-07-27,3.41,3.39,3.46,3.38,1374422,556528848.0,2.35,-0.59,-0.02,0.14
1599,2021-07-28,3.39,3.35,3.41,3.34,1607500,642246576.0,2.06,-1.18,-0.04,0.17
1600,2021-07-29,3.37,3.35,3.37,3.32,1124296,446720608.0,1.49,0.0,0.0,0.12
1601,2021-07-30,3.34,3.36,3.38,3.32,897708,357675968.0,1.79,0.3,0.01,0.09
1602,2021-08-02,3.35,3.37,3.38,3.29,1437528,569909472.0,2.68,0.3,0.01,0.15
1603,2021-08-03,3.34,3.35,3.37,3.33,1048330,416541856.0,1.19,-0.59,-0.02,0.11
1604,2021-08-04,3.34,3.37,3.37,3.32,768437,306233120.0,1.49,0.6,0.02,0.08
1605,2021-08-05,3.35,3.36,3.39,3.33,860146,343575056.0,1.78,-0.3,-0.01,0.09
1606,2021-08-06,3.37,3.34,3.37,3.33,1001672,398806272.0,1.19,-0.6,-0.02,0.1
1607,2021-08-09,3.33,3.37,3.37,3.32,894529,356552000.0,1.5,0.9,0.03,0.09
1608,2021-08-10,3.36,3.37,3.37,3.34,794088,316464640.0,0.89,0.0,0.0,0.08
1609,2021-08-11,3.38,3.41,3.42,3.37,1247846,503108848.0,1.48,1.19,0.04,0.13
1610,2021-08-12,3.42,3.42,3.43,3.39,1086654,439132960.0,1.17,0.29,0.01,0.11
1611,2021-08-13,3.41,3.37,3.42,3.36,1114607,447908064.0,1.75,-1.46,-0.05,0.12
1612,2021-08-16,3.37,3.45,3.45,3.36,1872604,757848464.0,2.67,2.37,0.08,0.2
1613,2021-08-17,3.44,3.41,3.49,3.4,1653900,672566496.0,2.61,-1.16,-0.04,0.17
1614,2021-08-18,3.39,3.45,3.45,3.38,1245270,503196832.0,2.05,1.17,0.04,0.13
1615,2021-08-19,3.41,3.32,3.42,3.31,3029246,1206348096.0,3.19,-3.77,-0.13,0.32
1616,2021-08-20,3.33,3.33,3.34,3.31,1181172,467331328.0,0.9,0.3,0.01,0.12
1617,2021-08-23,3.33,3.35,3.37,3.33,1038937,413786368.0,1.2,0.6,0.02,0.11
1618,2021-08-24,3.39,3.37,3.4,3.36,1064263,426250528.0,1.19,0.6,0.02,0.11
1619,2021-08-25,3.38,3.41,3.42,3.37,1278706,513807808.0,1.48,1.19,0.04,0.13
1620,2021-08-26,3.42,3.44,3.45,3.41,1597211,648834128.0,1.17,0.88,0.03,0.17
1621,2021-08-27,3.43,3.47,3.48,3.42,1600221,652986160.0,1.74,0.87,0.03,0.17
1622,2021-08-30,3.51,3.55,3.56,3.49,2644774,1099369808.0,2.02,2.31,0.08,0.28
1623,2021-08-31,3.55,3.63,3.65,3.51,2998909,1262409376.0,3.94,2.25,0.08,0.31
1624,2021-09-01,3.64,3.64,3.69,3.59,2866792,1225401584.0,2.75,0.28,0.01,0.3
1625,2021-09-02,3.63,3.68,3.69,3.62,2181018,935607872.0,1.92,1.1,0.04,0.23
1626,2021-09-03,3.71,3.73,3.77,3.7,2392875,1044628976.0,1.9,1.36,0.05,0.25
1627,2021-09-06,3.73,3.73,3.76,3.71,1726221,752669456.0,1.34,0.0,0.0,0.18
1628,2021-09-07,3.73,3.85,3.85,3.71,3118490,1382156640.0,3.75,3.22,0.12,0.33
1629,2021-09-08,3.83,3.9,3.92,3.82,2879943,1296986064.0,2.6,1.3,0.05,0.3
1630,2021-09-09,3.92,4.02,4.06,3.9,4123912,1905921328.0,4.1,3.08,0.12,0.43
1631,2021-09-10,4.0,3.92,4.04,3.89,3531258,1620610048.0,3.73,-2.49,-0.1,0.37
1632,2021-09-13,3.96,4.07,4.1,3.96,3795165,1772368368.0,3.57,3.83,0.15,0.4
1633,2021-09-14,4.07,4.02,4.32,3.99,5957522,2825305824.0,8.11,-1.23,-0.05,0.62
1634,2021-09-15,3.99,4.1,4.17,3.95,4384629,2066945216.0,5.47,1.99,0.08,0.46
1635,2021-09-16,4.2,4.02,4.23,4.0,4577147,2160101344.0,5.61,-1.95,-0.08,0.48
1636,2021-09-17,4.0,4.02,4.17,3.87,4431741,1988695264.0,7.46,0.0,0.0,0.46
1637,2021-09-22,3.94,4.23,4.23,3.93,3901603,1788003216.0,7.46,5.22,0.21,0.41
1638,2021-09-23,4.26,4.17,4.31,4.14,3305036,1544086336.0,4.02,-1.42,-0.06,0.35
1639,2021-09-24,4.19,4.07,4.27,4.04,3106406,1433741648.0,5.52,-2.4,-0.1,0.33
1640,2021-09-27,4.11,3.99,4.17,3.97,3351669,1519502224.0,4.91,-1.97,-0.08,0.35
1641,2021-09-28,4.05,4.27,4.34,4.02,5531269,2572099632.0,8.02,7.02,0.28,0.58
1642,2021-09-29,4.16,3.99,4.17,3.93,5365031,2415117120.0,5.62,-6.56,-0.28,0.56
1643,2021-09-30,3.99,3.99,4.01,3.89,2463167,1090875488.0,3.01,0.0,0.0,0.26
1644,2021-10-08,4.15,4.12,4.18,4.04,3302650,1512691936.0,3.51,3.26,0.13,0.35
1645,2021-10-11,4.14,4.15,4.2,4.09,2429407,1121708144.0,2.67,0.73,0.03,0.25
1646,2021-10-12,4.12,4.04,4.18,3.99,2418625,1095706800.0,4.58,-2.65,-0.11,0.25
1647,2021-10-13,4.0,3.86,4.01,3.82,3198332,1392631232.0,4.7,-4.46,-0.18,0.33
1648,2021-10-14,3.86,3.87,3.91,3.82,1294875,561835872.0,2.33,0.26,0.01,0.14
1649,2021-10-15,3.9,3.95,3.95,3.85,2115251,925227312.0,2.58,2.07,0.08,0.22
1650,2021-10-18,3.96,4.04,4.05,3.93,2589924,1158162800.0,3.04,2.28,0.09,0.27
1651,2021-10-19,4.0,4.06,4.07,3.95,2091534,939647296.0,2.97,0.5,0.02,0.22
1652,2021-10-20,3.99,3.98,4.03,3.95,1829373,815720336.0,1.97,-1.97,-0.08,0.19
1653,2021-10-21,4.01,4.01,4.05,3.98,1850465,830021456.0,1.76,0.75,0.03,0.19
1654,2021-10-22,3.98,3.89,4.01,3.87,2173243,953572240.0,3.49,-2.99,-0.12,0.23
1655,2021-10-25,3.92,3.98,4.04,3.87,2053364,912746960.0,4.37,2.31,0.09,0.21
1656,2021-10-26,3.98,3.95,4.02,3.94,1231915,548399872.0,2.01,-0.75,-0.03,0.13
1657,2021-10-27,3.95,3.88,3.96,3.86,1668510,727072320.0,2.53,-1.77,-0.07,0.17
1658,2021-10-28,3.83,3.73,3.84,3.7,2702235,1137544768.0,3.61,-3.87,-0.15,0.28
1659,2021-10-29,3.76,3.78,3.8,3.72,1617920,684385232.0,2.14,1.34,0.05,0.17
1660,2021-11-01,3.77,3.75,3.8,3.73,1443443,609761072.0,1.85,-0.79,-0.03,0.15
1661,2021-11-02,3.78,3.68,3.78,3.63,2528707,1052161568.0,4.0,-1.87,-0.07,0.26
1662,2021-11-03,3.64,3.68,3.71,3.63,1350108,559379840.0,2.17,0.0,0.0,0.14
1663,2021-11-04,3.65,3.67,3.68,3.61,1400538,576452880.0,1.9,-0.27,-0.01,0.15
1664,2021-11-05,3.66,3.62,3.66,3.61,1335982,548109344.0,1.36,-1.36,-0.05,0.14
1665,2021-11-08,3.66,3.62,3.67,3.62,1191365,489559392.0,1.38,0.0,0.0,0.12
1666,2021-11-09,3.63,3.58,3.64,3.57,1545109,626897360.0,1.93,-1.1,-0.04,0.16
1667,2021-11-10,3.6,3.61,3.61,3.57,1344866,546346688.0,1.12,0.84,0.03,0.14
1668,2021-11-11,3.58,3.63,3.64,3.57,1239563,506435776.0,1.94,0.55,0.02,0.13
1669,2021-11-12,3.63,3.64,3.66,3.6,1075969,440931840.0,1.65,0.28,0.01,0.11
1670,2021-11-15,3.63,3.63,3.64,3.61,866776,354903088.0,0.82,-0.27,-0.01,0.09
1671,2021-11-16,3.64,3.64,3.68,3.62,1080377,445005680.0,1.65,0.28,0.01,0.11
1672,2021-11-17,3.64,3.64,3.65,3.62,746517,306548272.0,0.82,0.0,0.0,0.08
1673,2021-11-18,3.63,3.61,3.64,3.61,816346,334092976.0,0.82,-0.82,-0.03,0.09
1674,2021-11-19,3.63,3.71,3.72,3.61,1743455,722122432.0,3.05,2.77,0.1,0.18
1675,2021-11-22,3.67,3.66,3.69,3.64,1347510,556546800.0,1.35,-1.35,-0.05,0.14
1676,2021-11-23,3.65,3.65,3.68,3.63,1098576,453731296.0,1.37,-0.27,-0.01,0.11
1677,2021-11-24,3.68,3.69,3.71,3.65,1124615,466825408.0,1.64,1.1,0.04,0.12
1678,2021-11-25,3.67,3.65,3.68,3.64,820378,338159152.0,1.08,-1.08,-0.04,0.09
1679,2021-11-26,3.62,3.62,3.64,3.61,795999,325710688.0,0.82,-0.82,-0.03,0.08
1680,2021-11-29,3.55,3.59,3.6,3.55,1096272,443356304.0,1.38,-0.83,-0.03,0.11
1681,2021-11-30,3.59,3.57,3.62,3.56,1052180,427197424.0,1.67,-0.56,-0.02,0.11
1682,2021-12-01,3.57,3.66,3.67,3.57,1290706,529480976.0,2.8,2.52,0.09,0.14
1683,2021-12-02,3.67,3.72,3.76,3.65,1840365,770090768.0,3.01,1.64,0.06,0.19
1684,2021-12-03,3.74,3.73,3.75,3.67,1336205,559104144.0,2.15,0.27,0.01,0.14
1685,2021-12-06,3.73,3.71,3.75,3.71,1151537,483266304.0,1.07,-0.54,-0.02,0.12
1686,2021-12-07,3.75,3.76,3.77,3.71,1316082,554374112.0,1.62,1.35,0.05,0.14
1687,2021-12-08,3.77,3.75,3.78,3.74,1172288,494953456.0,1.06,-0.27,-0.01,0.12
1688,2021-12-09,3.76,3.8,3.81,3.74,1622287,690375408.0,1.87,1.33,0.05,0.17
1689,2021-12-10,3.78,3.75,3.79,3.72,1701082,717671824.0,1.84,-1.32,-0.05,0.18
1690,2021-12-13,3.75,3.75,3.79,3.74,980058,414644224.0,1.33,0.0,0.0,0.1
1691,2021-12-14,3.74,3.69,3.74,3.69,981744,409578288.0,1.33,-1.6,-0.06,0.1
1692,2021-12-15,3.68,3.68,3.71,3.67,698625,290428096.0,1.08,-0.27,-0.01,0.07
1693,2021-12-16,3.7,3.75,3.75,3.69,1047859,439508032.0,1.63,1.9,0.07,0.11
1694,2021-12-17,3.74,3.73,3.77,3.72,956028,402619936.0,1.33,-0.53,-0.02,0.1
1695,2021-12-20,3.71,3.71,3.74,3.7,870106,364190880.0,1.07,-0.54,-0.02,0.09
1696,2021-12-21,3.71,3.74,3.75,3.7,826305,347200096.0,1.35,0.81,0.03,0.09
1697,2021-12-22,3.76,3.73,3.78,3.72,821395,346537792.0,1.6,-0.27,-0.01,0.09
1698,2021-12-23,3.74,3.78,3.78,3.73,1063060,449481760.0,1.34,1.34,0.05,0.11
1699,2021-12-24,3.78,3.74,3.79,3.73,737795,311562432.0,1.59,-1.06,-0.04,0.08
1700,2021-12-27,3.74,3.78,3.78,3.73,1026200,434894576.0,1.34,1.07,0.04,0.11
1701,2021-12-28,3.79,3.77,3.8,3.75,840632,356159584.0,1.32,-0.26,-0.01,0.09
1702,2021-12-29,3.77,3.77,3.78,3.74,647881,274232624.0,1.06,0.0,0.0,0.07
1703,2021-12-30,3.76,3.75,3.77,3.75,894462,378277952.0,0.53,-0.53,-0.02,0.09
1704,2021-12-31,3.75,3.76,3.77,3.74,701214,296672912.0,0.8,0.27,0.01,0.07
1705,2022-01-04,3.77,3.79,3.8,3.75,1333397,566609952.0,1.33,0.8,0.03,0.14
1706,2022-01-05,3.8,3.81,3.83,3.78,1497978,641183088.0,1.32,0.53,0.02,0.16
1707,2022-01-06,3.81,3.8,3.84,3.79,1236493,529402928.0,1.31,-0.26,-0.01,0.13
1708,2022-01-07,3.83,3.88,3.95,3.81,2421683,1052533664.0,3.68,2.11,0.08,0.25
1709,2022-01-10,3.86,3.87,3.9,3.83,1751829,758579424.0,1.8,-0.26,-0.01,0.18
1710,2022-01-11,3.86,3.83,3.88,3.83,1155524,499307952.0,1.29,-1.03,-0.04,0.12
1711,2022-01-12,3.88,3.85,3.9,3.84,1425071,617912256.0,1.57,0.52,0.02,0.15
1712,2022-01-13,3.88,3.9,3.94,3.87,2553771,1118794112.0,1.82,1.3,0.05,0.27
1713,2022-01-14,3.89,3.78,3.89,3.78,2057785,882886144.0,2.82,-3.08,-0.12,0.22
1714,2022-01-17,3.81,3.76,3.83,3.74,1587744,673429712.0,2.38,-0.53,-0.02,0.17
1715,2022-01-18,3.77,3.87,3.87,3.76,2237528,961324480.0,2.93,2.93,0.11,0.23
1716,2022-01-19,3.88,3.87,3.9,3.84,1368532,593848976.0,1.55,0.0,0.0,0.14
1717,2022-01-20,3.83,3.88,3.89,3.82,1415493,613204720.0,1.81,0.26,0.01,0.15
1718,2022-01-21,3.84,3.82,3.85,3.78,1742605,745239424.0,1.8,-1.55,-0.06,0.18
1719,2022-01-24,3.82,3.81,3.84,3.79,1082558,464033264.0,1.31,-0.26,-0.01,0.11
1720,2022-01-25,3.79,3.72,3.8,3.71,1784304,753116608.0,2.36,-2.36,-0.09,0.19
1721,2022-01-26,3.74,3.78,3.79,3.71,1513374,638377008.0,2.15,1.61,0.06,0.16
1722,2022-01-27,3.77,3.76,3.8,3.75,1680697,713732176.0,1.32,-0.53,-0.02,0.18
1723,2022-01-28,3.78,3.72,3.79,3.71,1740006,732503392.0,2.13,-1.06,-0.04,0.18
1724,2022-02-07,3.78,3.89,3.91,3.78,3458572,1497010464.0,3.49,4.57,0.17,0.36
1725,2022-02-08,3.86,3.95,3.96,3.85,2721792,1192232928.0,2.83,1.54,0.06,0.28
1726,2022-02-09,3.91,3.92,3.96,3.91,1890942,832249136.0,1.27,-0.76,-0.03,0.2
1727,2022-02-10,3.94,3.98,3.99,3.91,1783862,790349168.0,2.04,1.53,0.06,0.19
1728,2022-02-11,3.97,4.03,4.14,3.95,3063295,1381637104.0,4.77,1.26,0.05,0.32
1729,2022-02-14,4.11,3.97,4.12,3.94,3073227,1374732032.0,4.47,-1.49,-0.06,0.32
1730,2022-02-15,3.94,3.88,3.96,3.86,2076647,906578448.0,2.52,-2.27,-0.09,0.22
1731,2022-02-16,3.84,3.88,3.9,3.82,1377404,597012592.0,2.06,0.0,0.0,0.14
1732,2022-02-17,3.86,3.88,3.91,3.85,1258871,547256384.0,1.55,0.0,0.0,0.13
1733,2022-02-18,3.86,3.91,3.91,3.85,1047298,456217696.0,1.55,0.77,0.03,0.11
1734,2022-02-21,3.9,3.89,3.91,3.87,936797,408097328.0,1.02,-0.51,-0.02,0.1
1735,2022-02-22,3.93,3.93,3.95,3.87,1938283,849034128.0,2.06,1.03,0.04,0.2
1736,2022-02-23,3.91,3.86,3.92,3.85,1910244,828411648.0,1.78,-1.78,-0.07,0.2
1737,2022-02-24,3.86,3.92,3.98,3.84,4440800,1949429648.0,3.63,1.55,0.06,0.46
1738,2022-02-25,3.86,3.83,3.88,3.82,3364361,1453858448.0,1.53,-2.3,-0.09,0.35
1739,2022-02-28,3.87,3.86,3.89,3.84,1754879,760120496.0,1.31,0.78,0.03,0.18
1740,2022-03-01,3.85,3.85,3.87,3.81,1814039,780832368.0,1.55,-0.26,-0.01,0.19
1741,2022-03-02,3.89,3.89,3.92,3.87,2792245,1218688832.0,1.3,1.04,0.04,0.29
1742,2022-03-03,3.91,3.97,3.99,3.9,3606817,1595493712.0,2.31,2.06,0.08,0.38
1743,2022-03-04,3.95,3.91,3.95,3.88,2316002,1013701056.0,1.76,-1.51,-0.06,0.24
1744,2022-03-07,3.96,3.88,3.98,3.85,2625687,1151995824.0,3.32,-0.77,-0.03,0.27
1745,2022-03-08,3.84,3.76,3.85,3.74,3108736,1325258448.0,2.84,-3.09,-0.12,0.33
1746,2022-03-09,3.77,3.67,3.78,3.58,2701636,1125292672.0,5.32,-2.39,-0.09,0.28
1747,2022-03-10,3.67,3.68,3.7,3.66,1458908,605686592.0,1.09,0.27,0.01,0.15
1748,2022-03-11,3.65,3.68,3.7,3.6,1628449,668621840.0,2.72,0.0,0.0,0.17
1749,2022-03-14,3.66,3.64,3.72,3.64,1487394,617581232.0,2.17,-1.09,-0.04,0.16
1750,2022-03-15,3.63,3.51,3.64,3.5,2873098,1158303520.0,3.85,-3.57,-0.13,0.3
1751,2022-03-16,3.55,3.59,3.6,3.49,1763104,706802672.0,3.13,2.28,0.08,0.18
1752,2022-03-17,3.61,3.61,3.64,3.58,1604290,654523472.0,1.67,0.56,0.02,0.17
1753,2022-03-18,3.63,3.66,3.67,3.62,1527680,628992800.0,1.39,1.39,0.05,0.16
1754,2022-03-21,3.68,3.64,3.68,3.62,1080184,444151184.0,1.64,-0.55,-0.02,0.11
1755,2022-03-22,3.66,3.68,3.69,3.64,1109992,459569664.0,1.37,1.1,0.04,0.12
1756,2022-03-23,3.67,3.66,3.68,3.64,945224,390490368.0,1.09,-0.54,-0.02,0.1
1757,2022-03-24,3.68,3.68,3.7,3.67,1108563,460715536.0,0.82,0.55,0.02,0.12
1758,2022-03-25,3.67,3.69,3.71,3.66,984086,409148864.0,1.36,0.27,0.01,0.1
1759,2022-03-28,3.78,3.82,3.84,3.74,2619766,1117883504.0,2.71,3.52,0.13,0.27
1760,2022-03-29,3.79,3.86,3.87,3.78,1526683,655934832.0,2.36,1.05,0.04,0.16
1761,2022-03-30,3.84,3.85,3.86,3.81,1323369,569145408.0,1.3,-0.26,-0.01,0.14
1762,2022-03-31,3.84,3.85,3.88,3.83,1311587,567655312.0,1.3,0.0,0.0,0.14
1763,2022-04-01,3.85,3.9,3.91,3.84,1592517,693447488.0,1.82,1.3,0.05,0.17
1764,2022-04-06,3.89,3.94,3.94,3.89,1599425,701904112.0,1.28,1.03,0.04,0.17
1765,2022-04-07,3.92,3.89,3.95,3.89,1566469,686670656.0,1.52,-1.27,-0.05,0.16
1766,2022-04-08,3.9,3.91,3.93,3.87,1124529,491208320.0,1.54,0.51,0.02,0.12
1767,2022-04-11,3.92,3.87,3.93,3.86,1574233,687234512.0,1.79,-1.02,-0.04,0.16
1768,2022-04-12,3.86,3.88,3.89,3.82,1607435,695248240.0,1.81,0.26,0.01,0.17
1769,2022-04-13,3.88,3.88,3.92,3.87,1601850,700326944.0,1.29,0.0,0.0,0.17
1770,2022-04-14,3.91,3.92,3.94,3.89,1377461,603781488.0,1.29,1.03,0.04,0.14
1771,2022-04-15,3.91,3.88,3.93,3.88,1243682,543718528.0,1.28,-1.02,-0.04,0.13
1772,2022-04-18,3.87,3.82,3.88,3.81,1346741,580258512.0,1.8,-1.55,-0.06,0.14
1773,2022-04-19,3.84,3.89,3.91,3.83,1443305,626757120.0,2.09,1.83,0.07,0.15
1774,2022-04-20,3.87,3.83,3.89,3.82,1373867,593013488.0,1.8,-1.54,-0.06,0.14
1775,2022-04-21,3.84,3.77,3.85,3.76,1510891,645520592.0,2.35,-1.57,-0.06,0.16
1776,2022-04-22,3.75,3.86,3.87,3.75,1475352,633041616.0,3.18,2.39,0.09,0.15
1777,2022-04-25,3.82,3.72,3.84,3.72,2067518,880142256.0,3.11,-3.63,-0.14,0.22
1778,2022-04-26,3.73,3.68,3.76,3.68,1768923,739779904.0,2.15,-1.08,-0.04,0.19
1779,2022-04-27,3.68,3.75,3.75,3.68,1431038,598522016.0,1.9,1.9,0.07,0.15
1780,2022-04-28,3.78,3.85,3.87,3.77,2372449,1018789520.0,2.67,2.67,0.1,0.25
1781,2022-04-29,3.85,3.87,3.89,3.8,1777226,767396592.0,2.34,0.52,0.02,0.19
1782,2022-05-05,3.88,3.88,3.92,3.85,1668326,726040832.0,1.81,0.26,0.01,0.17
1783,2022-05-06,3.84,3.81,3.86,3.8,1398925,600997024.0,1.55,-1.8,-0.07,0.15
1784,2022-05-09,3.81,3.83,3.85,3.79,893353,383620656.0,1.57,0.52,0.02,0.09
1785,2022-05-10,3.78,3.83,3.85,3.75,1814598,774767072.0,2.61,0.0,0.0,0.19
1786,2022-05-11,3.83,3.82,3.84,3.79,1226588,525295840.0,1.31,-0.26,-0.01,0.13
1787,2022-05-12,3.82,3.8,3.84,3.79,950499,406756160.0,1.31,-0.52,-0.02,0.1
1788,2022-05-13,3.82,3.84,3.85,3.81,1208428,520394704.0,1.05,1.05,0.04,0.13
1789,2022-05-16,3.87,3.86,3.87,3.83,1033991,446719216.0,1.04,0.52,0.02,0.11
1790,2022-05-17,3.87,3.88,3.91,3.86,1335366,581633920.0,1.3,0.52,0.02,0.14
1791,2022-05-18,3.88,3.84,3.88,3.83,1236476,533753680.0,1.29,-1.03,-0.04,0.13
1792,2022-05-19,3.8,3.82,3.84,3.79,1203476,515467136.0,1.3,-0.52,-0.02,0.13
1793,2022-05-20,3.83,3.85,3.86,3.82,1260841,544408800.0,1.05,0.79,0.03,0.13
1794,2022-05-23,3.87,3.84,3.87,3.83,1213213,523731264.0,1.04,-0.26,-0.01,0.13
1795,2022-05-24,3.85,3.81,3.87,3.8,1704155,735326480.0,1.82,-0.78,-0.03,0.18
1796,2022-05-25,3.82,3.87,3.88,3.81,1487917,643188784.0,1.84,1.57,0.06,0.16
1797,2022-05-26,3.88,3.91,3.92,3.86,1882431,820260816.0,1.55,1.03,0.04,0.2
1798,2022-05-27,3.94,3.94,3.98,3.92,2376004,1049466096.0,1.53,0.77,0.03,0.25
1799,2022-05-30,3.96,3.93,3.97,3.9,1893779,834398544.0,1.78,-0.25,-0.01,0.2
1800,2022-05-31,3.93,3.99,3.99,3.93,2107372,935479696.0,1.53,1.53,0.06,0.22
1801,2022-06-01,3.97,3.93,3.98,3.89,2078296,913447440.0,2.26,-1.5,-0.06,0.22
1802,2022-06-02,3.92,3.95,3.97,3.9,1689314,743088752.0,1.78,0.51,0.02,0.18
1803,2022-06-06,3.97,3.97,3.98,3.93,2229926,987043056.0,1.27,0.51,0.02,0.23
1804,2022-06-07,3.96,4.01,4.04,3.95,2237645,1000069488.0,2.27,1.01,0.04,0.23
1805,2022-06-08,4.02,4.04,4.05,3.99,2289779,1028076896.0,1.5,0.75,0.03,0.24
1806,2022-06-09,4.04,4.05,4.09,4.03,3577236,1621775216.0,1.49,0.25,0.01,0.37
1807,2022-06-10,4.06,4.07,4.08,4.02,2907292,1222650672.0,1.48,0.49,0.02,0.3
1808,2022-06-13,4.04,4.01,4.07,3.98,2459170,1026616528.0,2.21,-1.47,-0.06,0.26
1809,2022-06-14,3.99,4.08,4.09,3.98,2350453,986034768.0,2.74,1.75,0.07,0.25
1810,2022-06-15,4.06,4.04,4.09,4.04,2332238,985284272.0,1.23,-0.98,-0.04,0.24
1811,2022-06-16,4.04,3.98,4.05,3.97,2369644,984412160.0,1.98,-1.49,-0.06,0.25
1812,2022-06-17,3.97,3.96,3.98,3.94,1730752,712541824.0,1.01,-0.5,-0.02,0.18
1813,2022-06-20,3.93,3.91,3.93,3.89,2008907,816757872.0,1.01,-1.26,-0.05,0.21
1814,2022-06-21,3.91,3.91,3.93,3.9,1202523,489629680.0,0.77,0.0,0.0,0.13
1815,2022-06-22,3.92,3.87,3.93,3.87,1654839,670103024.0,1.53,-1.02,-0.04,0.17
1816,2022-06-23,3.86,3.91,3.91,3.86,1095676,443022736.0,1.29,1.03,0.04,0.11
1817,2022-06-24,3.9,3.92,3.93,3.88,1271221,515957600.0,1.28,0.26,0.01,0.13
1818,2022-06-27,3.91,3.94,3.95,3.9,1109505,454336848.0,1.28,0.51,0.02,0.12
1819,2022-06-28,3.94,3.94,3.95,3.92,758558,310733168.0,0.76,0.0,0.0,0.08
1820,2022-06-29,3.94,3.94,3.96,3.93,849862,348721728.0,0.76,0.0,0.0,0.09
1821,2022-06-30,3.93,3.92,3.95,3.92,762456,312249200.0,0.76,-0.51,-0.02,0.08
1822,2022-07-01,3.92,3.92,3.93,3.9,680315,277108272.0,0.77,0.0,0.0,0.07
1823,2022-07-04,3.93,3.94,3.94,3.92,644140,263564779.0,0.51,0.51,0.02,0.07
1824,2022-07-05,3.95,3.96,3.97,3.93,1088628,447683520.0,1.02,0.51,0.02,0.11
1825,2022-07-06,3.93,3.91,3.94,3.9,1029225,419383264.0,1.01,-1.26,-0.05,0.11
1826,2022-07-07,3.91,3.9,3.92,3.9,665313,270818128.0,0.51,-0.26,-0.01,0.07
1827,2022-07-08,3.92,3.92,3.93,3.91,512911,209327902.0,0.51,0.51,0.02,0.05
1828,2022-07-11,3.92,3.92,3.93,3.91,682867,278438340.0,0.51,0.0,0.0,0.07
1829,2022-07-12,3.92,3.93,3.94,3.91,591102,241619233.0,0.77,0.26,0.01,0.06
1830,2022-07-13,3.92,3.91,3.93,3.9,818866,333418183.0,0.76,-0.51,-0.02,0.09
1831,2022-07-14,3.91,3.9,3.92,3.89,722889,293618866.0,0.77,-0.26,-0.01,0.08
1832,2022-07-15,3.9,3.86,3.9,3.86,964025,389924837.0,1.03,-1.03,-0.04,0.1
1833,2022-07-18,3.88,3.94,3.94,3.87,1020625,416252063.0,1.81,2.07,0.08,0.11
1834,2022-07-19,3.94,3.94,3.96,3.93,761160,312393408.0,0.76,0.0,0.0,0.08
1835,2022-07-20,3.96,3.94,3.97,3.94,674477,277162134.0,0.76,0.0,0.0,0.07
1836,2022-07-21,3.94,3.93,3.96,3.92,904767,370819381.0,1.02,-0.25,-0.01,0.09
1837,2022-07-22,3.93,3.95,3.96,3.92,672384,275955891.0,1.02,0.51,0.02,0.07
1838,2022-07-25,3.95,3.94,3.95,3.93,523361,214658240.0,0.51,-0.25,-0.01,0.05
1839,2022-07-26,3.95,3.96,3.97,3.94,753846,310557066.0,0.76,0.51,0.02,0.08
1840,2022-07-27,3.96,3.94,3.97,3.94,579864,238612341.0,0.76,-0.51,-0.02,0.06
1841,2022-07-28,3.96,3.96,3.97,3.95,684814,282449704.0,0.51,0.51,0.02,0.07
1842,2022-07-29,3.97,3.95,4.0,3.95,1064979,440081141.0,1.26,-0.25,-0.01,0.11
1843,2022-08-01,3.96,3.95,3.97,3.94,837881,344651945.0,0.76,0.0,0.0,0.09
1844,2022-08-02,3.93,3.92,3.94,3.88,1462180,594987785.0,1.52,-0.76,-0.03,0.15
1845,2022-08-03,3.91,3.9,3.94,3.9,672145,274174030.0,1.02,-0.51,-0.02,0.07
1846,2022-08-04,3.91,3.91,3.92,3.89,680477,276826493.0,0.77,0.26,0.01,0.07
1847,2022-08-05,3.91,3.92,3.93,3.89,584449,237827123.0,1.02,0.26,0.01,0.06
1848,2022-08-08,3.92,3.94,3.95,3.91,598817,245127823.0,1.02,0.51,0.02,0.06
1849,2022-08-09,3.95,3.95,3.96,3.93,608937,250073830.0,0.76,0.25,0.01,0.06
1850,2022-08-10,3.95,3.95,3.97,3.93,603792,248212884.0,1.01,0.0,0.0,0.06
1851,2022-08-11,3.97,3.98,3.98,3.96,709413,292997814.0,0.51,0.76,0.03,0.07
1852,2022-08-12,3.98,3.99,4.0,3.98,968615,402085027.0,0.5,0.25,0.01,0.1
1853,2022-08-15,3.97,3.98,3.99,3.95,886460,366234309.0,1.0,-0.25,-0.01,0.09
1854,2022-08-16,3.97,3.96,3.97,3.95,542104,223573533.0,0.5,-0.5,-0.02,0.06
1855,2022-08-17,3.97,3.99,3.99,3.96,601946,249205034.0,0.76,0.76,0.03,0.06
1856,2022-08-18,3.99,3.97,4.0,3.96,621092,256538918.0,1.0,-0.5,-0.02,0.06
1857,2022-08-19,3.97,3.98,4.0,3.96,953036,395305523.0,1.01,0.25,0.01,0.1
1858,2022-08-22,3.98,4.01,4.02,3.98,1005291,418757444.0,1.01,0.75,0.03,0.11
1859,2022-08-23,4.01,4.03,4.04,4.0,1056102,441733728.0,1.0,0.5,0.02,0.11
1860,2022-08-24,4.05,4.0,4.07,4.0,1093719,457956118.0,1.74,-0.74,-0.03,0.11
1861,2022-08-25,4.01,4.07,4.07,4.01,1416910,595963177.0,1.5,1.75,0.07,0.15
1862,2022-08-26,4.09,4.09,4.11,4.05,1677213,712686686.0,1.47,0.49,0.02,0.18
1863,2022-08-29,4.11,4.1,4.14,4.08,1895441,808232757.0,1.47,0.24,0.01,0.2
1864,2022-08-30,4.11,4.13,4.15,4.08,1789075,765810540.0,1.71,0.73,0.03,0.19
1865,2022-08-31,4.11,4.11,4.12,4.06,1856838,788326242.0,1.45,-0.48,-0.02,0.19
1866,2022-09-01,4.08,4.07,4.11,4.06,1072291,455364908.0,1.22,-0.97,-0.04,0.11
1867,2022-09-02,4.07,4.1,4.1,4.06,983056,417394807.0,0.98,0.74,0.03,0.1
1868,2022-09-05,4.1,4.18,4.19,4.1,1958042,845126356.0,2.2,1.95,0.08,0.2
1869,2022-09-06,4.19,4.25,4.26,4.18,2108325,925514981.0,1.91,1.67,0.07,0.22
1870,2022-09-07,4.23,4.25,4.26,4.22,1178984,518639539.0,0.94,0.0,0.0,0.12
1871,2022-09-08,4.23,4.25,4.3,4.2,1645932,727152456.0,2.35,0.0,0.0,0.17
1872,2022-09-09,4.25,4.29,4.3,4.24,1359707,604769485.0,1.41,0.94,0.04,0.14
1873,2022-09-13,4.32,4.27,4.33,4.25,1669100,741477920.0,1.86,-0.47,-0.02,0.17
1874,2022-09-14,4.24,4.22,4.26,4.2,1417270,621976581.0,1.41,-1.17,-0.05,0.15
1875,2022-09-15,4.24,4.24,4.28,4.21,1504195,662987392.0,1.66,0.47,0.02,0.16
1876,2022-09-16,4.22,4.14,4.24,4.14,1846935,800303660.0,2.36,-2.36,-0.1,0.19
1877,2022-09-19,4.16,4.18,4.21,4.13,1518603,633515264.0,1.93,0.97,0.04,0.16
1878,2022-09-20,4.23,4.22,4.27,4.2,1176378,497943065.0,1.67,0.96,0.04,0.12
1879,2022-09-21,4.21,4.25,4.26,4.18,1098203,464430041.0,1.9,0.71,0.03,0.11
1880,2022-09-22,4.27,4.39,4.4,4.26,2420711,1049889058.0,3.29,3.29,0.14,0.25
1881,2022-09-23,4.4,4.47,4.55,4.39,2546476,1141258537.0,3.64,1.82,0.08,0.27
1882,2022-09-26,4.4,4.27,4.41,4.27,2539002,1102354731.0,3.13,-4.47,-0.2,0.27
1883,2022-09-27,4.27,4.28,4.3,4.21,1589327,675315020.0,2.11,0.23,0.01,0.17
1884,2022-09-28,4.29,4.25,4.32,4.25,915991,391642268.0,1.64,-0.7,-0.03,0.1
1885,2022-09-29,4.3,4.26,4.33,4.23,1123903,481151629.0,2.35,0.24,0.01,0.12
1886,2022-09-30,4.27,4.29,4.3,4.25,933356,399488114.0,1.17,0.7,0.03,0.1
1887,2022-10-10,4.35,4.34,4.39,4.32,1764757,767772788.0,1.63,1.17,0.05,0.18
1888,2022-10-11,4.33,4.32,4.36,4.3,1202768,520740998.0,1.38,-0.46,-0.02,0.13
1889,2022-10-12,4.31,4.34,4.35,4.3,1051063,454562809.0,1.16,0.46,0.02,0.11
1890,2022-10-13,4.34,4.28,4.35,4.25,1461502,626851503.0,2.3,-1.38,-0.06,0.15
1891,2022-10-14,4.31,4.33,4.35,4.3,1102842,477434942.0,1.17,1.17,0.05,0.12
1892,2022-10-17,4.31,4.29,4.32,4.27,1148874,492528099.0,1.15,-0.92,-0.04,0.12
1893,2022-10-18,4.3,4.29,4.31,4.28,814212,349401937.0,0.7,0.0,0.0,0.09
1894,2022-10-19,4.28,4.26,4.3,4.25,1025669,438409939.0,1.17,-0.7,-0.03,0.11
1895,2022-10-20,4.25,4.27,4.28,4.25,795890,339313013.0,0.7,0.23,0.01,0.08
1896,2022-10-21,4.27,4.34,4.35,4.26,1520431,657644588.0,2.11,1.64,0.07,0.16
1897,2022-10-24,4.35,4.33,4.36,4.27,1991675,859676918.0,2.07,-0.23,-0.01,0.21
1898,2022-10-25,4.33,4.28,4.34,4.28,1150396,494980257.0,1.39,-1.15,-0.05,0.12
1899,2022-10-26,4.28,4.23,4.3,4.23,1359326,579432979.0,1.64,-1.17,-0.05,0.14
1900,2022-10-27,4.24,4.28,4.3,4.24,1165765,497869559.0,1.42,1.18,0.05,0.12
1901,2022-10-28,4.29,4.28,4.33,4.26,1310609,562692343.0,1.64,0.0,0.0,0.14
1902,2022-10-31,4.2,4.07,4.21,4.06,3179000,1305231870.0,3.5,-4.91,-0.21,0.33
1903,2022-11-01,4.06,4.11,4.12,4.05,1656145,675484869.0,1.72,0.98,0.04,0.17
1904,2022-11-02,4.11,4.12,4.13,4.08,1095741,449753878.0,1.22,0.24,0.01,0.11
1905,2022-11-03,4.1,4.2,4.23,4.09,1713709,715178516.0,3.4,1.94,0.08,0.18
1906,2022-11-04,4.2,4.23,4.26,4.19,1021387,432750990.0,1.67,0.71,0.03,0.11
1907,2022-11-07,4.24,4.27,4.29,4.21,908542,387554194.0,1.89,0.95,0.04,0.1
1908,2022-11-08,4.27,4.28,4.29,4.25,577956,246798423.0,0.94,0.23,0.01,0.06
1909,2022-11-09,4.26,4.28,4.3,4.25,643666,275760303.0,1.17,0.0,0.0,0.07
1910,2022-11-10,4.26,4.25,4.27,4.19,877488,371763637.0,1.87,-0.7,-0.03,0.09
1911,2022-11-11,4.29,4.29,4.31,4.25,1226408,525520086.0,1.41,0.94,0.04,0.13
1912,2022-11-14,4.31,4.29,4.34,4.28,963147,414612362.0,1.4,0.0,0.0,0.1
1913,2022-11-15,4.27,4.28,4.29,4.25,856702,366055228.0,0.93,-0.23,-0.01,0.09
1914,2022-11-16,4.27,4.3,4.32,4.26,934924,401230286.0,1.4,0.47,0.02,0.1
1915,2022-11-17,4.29,4.31,4.33,4.28,729500,314013963.0,1.16,0.23,0.01,0.08
1916,2022-11-18,4.3,4.25,4.31,4.25,913592,390371225.0,1.39,-1.39,-0.06,0.1
1917,2022-11-21,4.24,4.24,4.25,4.22,770341,326596852.0,0.71,-0.24,-0.01,0.08
1918,2022-11-22,4.25,4.32,4.35,4.24,1625265,697936182.0,2.59,1.89,0.08,0.17
1919,2022-11-23,4.33,4.4,4.43,4.33,2117813,929989412.0,2.31,1.85,0.08,0.22
1920,2022-11-24,4.38,4.38,4.41,4.37,1093756,480199462.0,0.91,-0.45,-0.02,0.11
1921,2022-11-25,4.4,4.49,4.5,4.39,2971230,1330040166.0,2.51,2.51,0.11,0.31
1922,2022-11-28,4.45,4.45,4.47,4.37,1602595,710249067.0,2.23,-0.89,-0.04,0.17
1923,2022-11-29,4.45,4.49,4.49,4.42,1388411,620525786.0,1.57,0.9,0.04,0.15
1924,2022-11-30,4.47,4.53,4.53,4.47,1350585,609182124.0,1.34,0.89,0.04,0.14
1925,2022-12-01,4.55,4.51,4.56,4.5,1199462,543010457.0,1.32,-0.44,-0.02,0.13
1926,2022-12-02,4.53,4.5,4.54,4.48,920770,414783403.0,1.33,-0.22,-0.01,0.1
1927,2022-12-05,4.52,4.62,4.65,4.52,1836681,844697773.0,2.89,2.67,0.12,0.19
1928,2022-12-06,4.61,4.65,4.66,4.58,1580773,731860639.0,1.73,0.65,0.03,0.17
1929,2022-12-07,4.64,4.59,4.65,4.57,1154776,532242636.0,1.72,-1.29,-0.06,0.12
1930,2022-12-08,4.59,4.53,4.62,4.49,1246758,565975358.0,2.83,-1.31,-0.06,0.13
1931,2022-12-09,4.53,4.51,4.55,4.49,1143881,516452724.0,1.32,-0.44,-0.02,0.12
1932,2022-12-12,4.53,4.48,4.55,4.46,985287,443418188.0,2.0,-0.67,-0.03,0.1
1933,2022-12-13,4.49,4.48,4.5,4.47,999696,448218075.0,0.67,0.0,0.0,0.1
1934,2022-12-14,4.49,4.46,4.5,4.43,773006,344157403.0,1.56,-0.45,-0.02,0.08
1935,2022-12-15,4.46,4.42,4.46,4.4,733038,323871475.0,1.35,-0.9,-0.04,0.08
1936,2022-12-16,4.4,4.45,4.47,4.39,723231,321389128.0,1.81,0.68,0.03,0.08
1937,2022-12-19,4.43,4.35,4.44,4.33,1146147,500326085.0,2.47,-2.25,-0.1,0.12
1938,2022-12-20,4.35,4.34,4.4,4.33,809551,353201437.0,1.61,-0.23,-0.01,0.08
1939,2022-12-21,4.35,4.36,4.39,4.32,894751,389706122.0,1.61,0.46,0.02,0.09
1940,2022-12-22,4.39,4.36,4.4,4.34,807658,353281764.0,1.38,0.0,0.0,0.08
1941,2022-12-23,4.35,4.34,4.37,4.33,554635,241103410.0,0.92,-0.46,-0.02,0.06
1942,2022-12-26,4.36,4.31,4.37,4.3,778383,336121470.0,1.61,-0.69,-0.03,0.08
1943,2022-12-27,4.33,4.37,4.38,4.32,775437,337947825.0,1.39,1.39,0.06,0.08
1944,2022-12-28,4.36,4.42,4.44,4.35,847375,373584030.0,2.06,1.14,0.05,0.09
1945,2022-12-29,4.4,4.34,4.41,4.34,852136,371514369.0,1.58,-1.81,-0.08,0.09
1946,2022-12-30,4.37,4.36,4.38,4.35,616724,269283118.0,0.69,0.46,0.02,0.06
