,日期,开盘,收盘,最高,最低,成交量,成交额,振幅,涨跌幅,涨跌额,换手率
0,2015-01-05,2.89,3.06,3.07,2.85,6304932,2671583552.0,7.64,6.25,0.18,4.01
1,2015-01-06,3.04,2.98,3.05,2.91,3782714,1598859072.0,4.58,-2.61,-0.08,2.4
2,2015-01-07,2.97,3.03,3.1,2.94,4210522,1810982928.0,5.37,1.68,0.05,2.67
3,2015-01-08,3.03,2.98,3.06,2.95,2860528,1209181008.0,3.63,-1.65,-0.05,1.82
4,2015-01-09,2.97,2.95,3.03,2.93,3157589,1329508464.0,3.36,-1.01,-0.03,2.01
5,2015-01-12,2.93,2.95,3.0,2.92,2540521,1064213184.0,2.71,0.0,0.0,1.61
6,2015-01-13,2.94,2.92,2.97,2.9,1928471,799099168.0,2.37,-1.02,-0.03,1.23
7,2015-01-14,2.91,2.83,2.91,2.8,2892136,1167702288.0,3.77,-3.08,-0.09,1.84
8,2015-01-15,2.85,2.92,2.92,2.83,2129677,863461968.0,3.18,3.18,0.09,1.35
9,2015-01-16,2.93,3.02,3.03,2.91,3940810,1662371920.0,4.11,3.42,0.1,2.5
10,2015-01-19,2.87,2.75,2.98,2.71,4582456,1846179104.0,8.94,-8.94,-0.27,2.91
11,2015-01-20,2.78,2.85,2.88,2.78,2608653,1049516672.0,3.64,3.64,0.1,1.66
12,2015-01-21,2.87,2.94,2.95,2.86,2977388,1225430784.0,3.16,3.16,0.09,1.89
13,2015-01-22,2.94,3.12,3.2,2.92,6500324,2850181696.0,9.52,6.12,0.18,4.13
14,2015-01-23,3.22,3.27,3.41,3.19,8236494,3803941184.0,7.05,4.81,0.15,5.23
15,2015-01-26,3.33,3.6,3.6,3.28,11095928,5505352448.0,9.79,10.09,0.33,7.05
16,2015-01-27,3.68,3.59,3.71,3.48,9996052,5063195904.0,6.39,-0.28,-0.01,6.35
17,2015-01-28,3.53,3.6,3.67,3.47,5790249,2933598864.0,5.57,0.28,0.01,3.68
18,2015-01-29,3.6,3.56,3.66,3.51,4690440,2373588448.0,4.17,-1.11,-0.04,2.98
19,2015-01-30,3.57,3.54,3.63,3.53,3827210,1926336400.0,2.81,-0.56,-0.02,2.43
20,2015-02-02,3.46,3.78,3.88,3.44,7783746,4059310176.0,12.43,6.78,0.24,4.94
21,2015-02-03,3.77,3.76,3.86,3.72,4000911,2134483760.0,3.7,-0.53,-0.02,2.54
22,2015-02-04,3.78,3.78,3.93,3.77,4856016,2633744720.0,4.26,0.53,0.02,3.08
23,2015-02-05,3.8,3.53,3.83,3.47,5215871,2712807648.0,9.52,-6.61,-0.25,3.31
24,2015-02-06,3.5,3.35,3.57,3.25,6149786,2910769664.0,9.07,-5.1,-0.18,3.91
25,2015-02-09,3.33,3.34,3.39,3.26,2755201,1296077552.0,3.88,-0.3,-0.01,1.75
26,2015-02-10,3.33,3.43,3.46,3.32,2436544,1172203280.0,4.19,2.69,0.09,1.55
27,2015-02-11,3.43,3.55,3.57,3.42,2764256,1374077568.0,4.37,3.5,0.12,1.76
28,2015-02-12,3.55,3.45,3.55,3.38,2998288,1466243328.0,4.79,-2.82,-0.1,1.9
29,2015-02-13,3.45,3.46,3.54,3.45,2779779,1373040496.0,2.61,0.29,0.01,1.77
30,2015-02-16,3.48,3.47,3.51,3.38,2738487,1332870480.0,3.76,0.29,0.01,1.74
31,2015-02-17,3.48,3.46,3.5,3.44,1916585,938946464.0,1.73,-0.29,-0.01,1.22
32,2015-02-25,3.47,3.47,3.5,3.43,1755818,858587376.0,2.02,0.29,0.01,1.12
33,2015-02-26,3.48,3.6,3.62,3.43,3407062,1702648112.0,5.48,3.75,0.13,2.16
34,2015-02-27,3.6,3.64,3.71,3.58,3767907,1945163952.0,3.61,1.11,0.04,2.39
35,2015-03-02,3.68,3.69,3.77,3.64,3726936,1945481872.0,3.57,1.37,0.05,2.37
36,2015-03-03,3.68,3.58,3.68,3.55,3507330,1789820912.0,3.52,-2.98,-0.11,2.23
37,2015-03-04,3.58,3.57,3.6,3.51,2203439,1107396512.0,2.51,-0.28,-0.01,1.4
38,2015-03-05,3.54,3.5,3.54,3.48,2315245,1141979648.0,1.68,-1.96,-0.07,1.47
39,2015-03-06,3.49,3.65,3.75,3.45,5197315,2666054944.0,8.57,4.29,0.15,3.3
40,2015-03-09,3.63,3.65,3.67,3.55,2519617,1287489568.0,3.29,0.0,0.0,1.6
41,2015-03-10,3.67,3.68,3.8,3.65,2735852,1430501184.0,4.11,0.82,0.03,1.74
42,2015-03-11,3.7,3.67,3.74,3.62,2154067,1116657808.0,3.26,-0.27,-0.01,1.37
43,2015-03-12,3.68,3.76,3.78,3.64,3651242,1917532384.0,3.81,2.45,0.09,2.32
44,2015-03-13,3.8,4.13,4.14,3.76,6886239,3804807792.0,10.11,9.84,0.37,4.37
45,2015-03-16,4.2,4.28,4.37,4.04,6581675,3908857760.0,7.99,3.63,0.15,4.18
46,2015-03-17,4.28,4.25,4.37,4.2,5192754,3134780544.0,3.97,-0.7,-0.03,3.3
47,2015-03-18,4.24,4.36,4.5,4.22,5426289,3341837328.0,6.59,2.59,0.11,3.45
48,2015-03-19,4.36,4.44,4.47,4.27,5360014,3301132656.0,4.59,1.83,0.08,3.4
49,2015-03-20,4.44,4.38,4.55,4.33,4861664,3022917888.0,4.95,-1.35,-0.06,3.09
50,2015-03-23,4.32,4.36,4.43,4.25,4998535,3055819600.0,4.11,-0.46,-0.02,3.18
51,2015-03-24,4.38,4.45,4.58,4.31,7151787,4467332096.0,6.19,2.06,0.09,4.54
52,2015-03-25,4.4,4.33,4.44,4.3,4133271,2536514480.0,3.15,-2.7,-0.12,2.63
53,2015-03-26,4.32,4.4,4.45,4.2,4826102,2958612208.0,5.77,1.62,0.07,3.07
54,2015-03-27,4.38,4.46,4.55,4.36,4768990,2999892176.0,4.32,1.36,0.06,3.03
55,2015-03-30,4.68,4.35,4.73,4.28,10429598,6530056192.0,10.09,-2.47,-0.11,6.63
56,2015-03-31,4.3,4.2,4.3,4.17,7817793,4662593024.0,2.99,-3.45,-0.15,4.97
57,2015-04-01,4.18,4.23,4.3,4.15,5122776,3048800224.0,3.57,0.71,0.03,3.25
58,2015-04-02,4.25,4.18,4.27,4.14,4659334,2756610384.0,3.07,-1.18,-0.05,2.96
59,2015-04-03,4.16,4.23,4.25,4.13,4567124,2708545024.0,2.87,1.2,0.05,2.9
60,2015-04-07,4.22,4.26,4.3,4.2,5579285,3346736976.0,2.36,0.71,0.03,3.54
61,2015-04-08,4.28,4.3,4.32,4.18,6565359,3948546672.0,3.29,0.94,0.04,4.17
62,2015-04-09,4.35,4.26,4.38,4.19,5341395,3214454016.0,4.42,-0.93,-0.04,3.39
63,2015-04-10,4.26,4.28,4.32,4.21,4843293,2920539152.0,2.58,0.47,0.02,3.08
64,2015-04-13,4.32,4.33,4.34,4.25,6029135,3655137136.0,2.1,1.17,0.05,3.83
65,2015-04-14,4.34,4.6,4.75,4.29,10279195,6513583616.0,10.62,6.24,0.27,6.53
66,2015-04-15,4.55,4.34,4.57,4.33,5689012,3559173568.0,5.22,-5.65,-0.26,3.61
67,2015-04-16,4.33,4.33,4.37,4.21,4427606,2683666032.0,3.69,-0.23,-0.01,2.81
68,2015-04-17,4.35,4.45,4.58,4.33,7805969,4883555840.0,5.77,2.77,0.12,4.96
69,2015-04-20,4.41,4.5,4.67,4.33,9752735,6224620032.0,7.64,1.12,0.05,6.2
70,2015-04-21,4.5,4.96,4.96,4.48,13058933,8861692928.0,10.67,10.22,0.46,8.3
71,2015-04-22,4.97,5.02,5.16,4.9,12227924,8624586240.0,5.24,1.21,0.06,7.77
72,2015-04-23,5.02,5.17,5.33,4.9,10678237,7704919296.0,8.57,2.99,0.15,6.78
73,2015-04-24,5.1,5.08,5.28,5.03,7687679,5549664512.0,4.84,-1.74,-0.09,4.88
74,2015-04-27,5.12,5.08,5.18,4.97,6974534,4967845888.0,4.13,0.0,0.0,4.43
75,2015-04-28,5.04,4.78,5.04,4.7,7387150,5081203712.0,6.69,-5.91,-0.3,4.69
76,2015-04-29,4.86,4.93,5.1,4.85,5895137,4131996752.0,5.23,3.14,0.15,3.74
77,2015-04-30,4.93,4.8,5.0,4.78,4365393,2979707552.0,4.46,-2.64,-0.13,2.77
78,2015-05-04,4.8,4.9,4.99,4.75,4599546,3165453184.0,5.0,2.08,0.1,2.92
79,2015-05-05,4.88,4.62,4.96,4.54,5040693,3369864992.0,8.57,-5.71,-0.28,3.2
80,2015-05-06,4.79,4.62,4.85,4.52,4550790,3026117632.0,7.14,0.0,0.0,2.89
81,2015-05-07,4.58,4.23,4.58,4.19,4950124,3018782864.0,8.44,-8.44,-0.39,3.14
82,2015-05-08,4.25,4.29,4.33,4.1,5038423,2999399312.0,5.44,1.42,0.06,3.2
83,2015-05-11,4.33,4.35,4.36,4.2,5194062,3146347088.0,3.73,1.4,0.06,3.3
84,2015-05-12,4.35,4.33,4.36,4.28,4706556,2863144208.0,1.84,-0.46,-0.02,2.99
85,2015-05-13,4.31,4.36,4.48,4.26,5698034,3517678848.0,5.08,0.69,0.03,3.62
86,2015-05-14,4.33,4.8,4.8,4.25,9738423,6194892288.0,12.61,10.09,0.44,6.19
87,2015-05-15,5.08,4.93,5.28,4.9,15397222,11052937472.0,7.92,2.71,0.13,9.78
88,2015-05-18,4.75,4.67,4.82,4.64,6473121,4317604864.0,3.65,-5.27,-0.26,4.11
89,2015-05-19,4.66,4.75,4.88,4.61,5199358,3493128912.0,5.78,1.71,0.08,3.3
90,2015-05-20,4.75,4.78,4.89,4.69,5823576,3926271744.0,4.21,0.63,0.03,3.7
91,2015-05-21,4.78,4.75,4.78,4.68,4187091,2788444768.0,2.09,-0.63,-0.03,2.66
92,2015-05-22,4.78,4.88,4.96,4.75,6314205,4335981824.0,4.42,2.74,0.13,4.01
93,2015-05-25,4.9,5.03,5.13,4.85,7361821,5174807552.0,5.74,3.07,0.15,4.68
94,2015-05-26,5.03,5.05,5.1,4.9,8051946,5688178944.0,3.98,0.4,0.02,5.11
95,2015-05-27,5.05,5.07,5.11,4.93,8479161,6000058368.0,3.56,0.4,0.02,5.39
96,2015-05-28,5.08,4.61,5.28,4.56,10417677,7375430912.0,14.2,-9.07,-0.46,6.62
97,2015-05-29,4.59,4.5,4.72,4.26,6682867,4247703920.0,9.98,-2.39,-0.11,4.25
98,2015-06-01,4.53,4.69,4.71,4.45,5403660,3502422480.0,5.78,4.22,0.19,3.43
99,2015-06-02,4.68,4.72,4.75,4.6,5517523,3638349984.0,3.2,0.64,0.03,3.5
100,2015-06-03,4.72,4.61,4.72,4.51,5524387,3594119360.0,4.45,-2.33,-0.11,3.51
101,2015-06-04,4.6,4.6,4.65,4.26,5450568,3468332016.0,8.46,-0.22,-0.01,3.46
102,2015-06-05,4.66,4.8,4.86,4.6,8628633,5776569344.0,5.65,4.35,0.2,5.48
103,2015-06-08,4.8,4.96,4.97,4.77,8879995,6105480192.0,4.17,3.33,0.16,5.64
104,2015-06-09,5.0,4.98,5.06,4.83,8125000,5678251008.0,4.64,0.4,0.02,5.16
105,2015-06-10,4.93,4.93,5.0,4.85,6079923,4225449024.0,3.01,-1.0,-0.05,3.86
106,2015-06-11,4.93,5.08,5.2,4.93,9509571,6822504960.0,5.48,3.04,0.15,6.04
107,2015-06-12,5.09,5.02,5.09,4.91,8268295,5822964224.0,3.54,-1.18,-0.06,5.25
108,2015-06-15,5.05,5.07,5.21,4.89,9316804,6618033152.0,6.37,1.0,0.05,5.92
109,2015-06-16,4.95,4.7,5.0,4.65,5886148,4021986224.0,6.9,-7.3,-0.37,3.74
110,2015-06-17,4.7,4.78,4.8,4.47,5089040,3342722672.0,7.02,1.7,0.08,3.23
111,2015-06-18,4.74,4.65,4.89,4.63,4756576,3192484528.0,5.44,-2.72,-0.13,3.02
112,2015-06-19,4.51,4.25,4.6,4.24,4670792,2914272672.0,7.74,-8.6,-0.4,2.97
113,2015-06-23,4.26,4.29,4.31,3.85,4421138,2600859376.0,10.82,0.94,0.04,2.81
114,2015-06-24,4.31,4.43,4.47,4.28,4978256,3075293232.0,4.43,3.26,0.14,3.16
115,2015-06-25,4.44,4.19,4.44,4.12,4588705,2794628224.0,7.22,-5.42,-0.24,2.91
116,2015-06-26,4.09,3.77,4.09,3.77,5143744,2845104464.0,7.64,-10.02,-0.42,3.27
117,2015-06-29,3.86,3.4,3.87,3.39,6479120,3280491408.0,12.73,-9.81,-0.37,4.12
118,2015-06-30,3.44,3.68,3.68,3.06,7049290,3382533280.0,18.24,8.24,0.28,4.48
119,2015-07-01,3.63,3.42,3.72,3.4,5464385,2777896960.0,8.7,-7.07,-0.26,3.47
120,2015-07-02,3.45,3.16,3.52,3.11,5118129,2392961648.0,11.99,-7.6,-0.26,3.25
121,2015-07-03,3.15,2.85,3.25,2.84,6126420,2582638384.0,12.97,-9.81,-0.31,3.89
122,2015-07-06,3.14,3.08,3.14,2.95,9026429,3875675264.0,6.67,8.07,0.23,5.73
123,2015-07-07,2.95,3.24,3.3,2.77,10491454,4547906304.0,17.21,5.19,0.16,6.66
124,2015-07-08,2.94,3.22,3.43,2.91,10252911,4633997568.0,16.05,-0.62,-0.02,6.51
125,2015-07-09,3.22,3.55,3.55,3.13,6396041,3077774880.0,13.04,10.25,0.33,4.06
126,2015-07-10,3.6,3.9,3.9,3.5,8437213,4559870720.0,11.27,9.86,0.35,5.36
127,2015-07-13,3.89,3.97,4.15,3.76,8969319,5022297600.0,10.0,1.79,0.07,5.7
128,2015-07-14,3.85,3.64,3.9,3.58,6651756,3535483152.0,8.06,-8.31,-0.33,4.23
129,2015-07-15,3.6,3.66,3.68,3.3,4593730,2289996784.0,10.44,0.55,0.02,2.92
130,2015-07-16,3.66,3.65,3.75,3.53,3116979,1612671408.0,6.01,-0.27,-0.01,1.98
131,2015-07-17,3.65,3.75,3.8,3.61,3990060,2094393232.0,5.21,2.74,0.1,2.53
132,2015-07-20,3.7,3.67,3.75,3.63,3565256,1854320624.0,3.2,-2.13,-0.08,2.26
133,2015-07-21,3.62,3.63,3.72,3.56,2777117,1422548176.0,4.36,-1.09,-0.04,1.76
134,2015-07-22,3.61,3.58,3.67,3.51,2774269,1405882464.0,4.41,-1.38,-0.05,1.76
135,2015-07-23,3.6,3.7,3.79,3.56,4349525,2262438816.0,6.42,3.35,0.12,2.76
136,2015-07-24,3.68,3.62,3.78,3.6,4471364,2325752512.0,4.86,-2.16,-0.08,2.84
137,2015-07-27,3.57,3.25,3.65,3.25,3781003,1854423232.0,11.05,-10.22,-0.37,2.4
138,2015-07-28,3.17,3.07,3.23,2.94,3484172,1512429584.0,8.92,-5.54,-0.18,2.21
139,2015-07-29,3.11,3.24,3.25,3.04,2529043,1122170400.0,6.84,5.54,0.17,1.61
140,2015-07-30,3.24,3.09,3.3,3.08,2511796,1140756192.0,6.79,-4.63,-0.15,1.6
141,2015-07-31,3.04,3.1,3.13,3.03,1844572,799952832.0,3.24,0.32,0.01,1.17
142,2015-08-03,3.03,3.16,3.18,2.95,2355779,1018313184.0,7.42,1.94,0.06,1.5
143,2015-08-04,3.13,3.25,3.27,3.09,1908217,861710400.0,5.7,2.85,0.09,1.21
144,2015-08-05,3.23,3.18,3.29,3.17,1651256,752204800.0,3.69,-2.15,-0.07,1.05
145,2015-08-06,3.13,3.14,3.23,3.1,1380178,619684256.0,4.09,-1.26,-0.04,0.88
146,2015-08-07,3.2,3.22,3.28,3.15,2059039,934411984.0,4.14,2.55,0.08,1.31
147,2015-08-10,3.25,3.45,3.53,3.22,3894199,1861971536.0,9.63,7.14,0.23,2.47
148,2015-08-11,3.46,3.44,3.57,3.4,3904291,1908785280.0,4.93,-0.29,-0.01,2.48
149,2015-08-12,3.37,3.36,3.49,3.33,2288899,1103263952.0,4.65,-2.33,-0.08,1.45
150,2015-08-13,3.38,3.55,3.56,3.35,3389588,1654730976.0,6.25,5.65,0.19,2.15
151,2015-08-14,3.55,3.47,3.56,3.45,3111428,1540360656.0,3.1,-2.25,-0.08,1.98
152,2015-08-17,3.5,3.59,3.65,3.45,3611772,1814369056.0,5.76,3.46,0.12,2.29
153,2015-08-18,3.56,3.23,3.59,3.23,3622657,1747350896.0,10.03,-10.03,-0.36,2.3
154,2015-08-19,3.14,3.35,3.41,3.08,2993893,1366217456.0,10.22,3.72,0.12,1.9
155,2015-08-20,3.3,3.2,3.36,3.19,2013787,933197344.0,5.07,-4.48,-0.15,1.28
156,2015-08-21,3.17,3.1,3.25,3.04,1888791,840601296.0,6.56,-3.13,-0.1,1.2
157,2015-08-24,2.97,2.78,2.98,2.78,2488623,993726752.0,6.45,-10.32,-0.32,1.58
158,2015-08-25,2.53,2.5,2.61,2.5,2154389,771264544.0,3.96,-10.07,-0.28,1.37
159,2015-08-26,2.43,2.27,2.57,2.25,3466955,1183177824.0,12.8,-9.2,-0.23,2.2
160,2015-08-27,2.35,2.39,2.4,2.23,2599911,858584928.0,7.49,5.29,0.12,1.65
161,2015-08-28,2.43,2.55,2.57,2.38,2964811,1032900528.0,7.95,6.69,0.16,1.88
162,2015-08-31,2.51,2.8,2.81,2.38,3152239,1126713664.0,16.86,9.8,0.25,2.0
163,2015-09-01,2.68,2.92,2.98,2.58,5409532,2153901952.0,14.29,4.29,0.12,3.44
164,2015-09-02,2.75,3.05,3.08,2.73,5821698,2451656880.0,11.99,4.45,0.13,3.7
165,2015-09-07,3.01,2.87,3.13,2.86,2037228,865601104.0,8.85,-5.9,-0.18,1.29
166,2015-09-08,2.86,2.89,2.93,2.7,1511105,606603680.0,8.01,0.7,0.02,0.96
167,2015-09-09,2.9,2.93,3.0,2.86,1636958,677904432.0,4.84,1.38,0.04,1.04
168,2015-09-10,2.87,2.86,2.93,2.83,932923,380065760.0,3.41,-2.39,-0.07,0.59
169,2015-09-11,2.87,2.9,2.96,2.84,1018260,418498992.0,4.2,1.4,0.04,0.65
170,2015-09-14,2.91,2.65,2.91,2.65,1272924,500347312.0,8.97,-8.62,-0.25,0.81
171,2015-09-15,2.56,2.42,2.65,2.4,1173056,420011728.0,9.43,-8.68,-0.23,0.75
172,2015-09-16,2.47,2.65,2.66,2.43,1278113,460276416.0,9.5,9.5,0.23,0.81
173,2015-09-17,2.6,2.63,2.78,2.6,1486251,567753840.0,6.79,-0.75,-0.02,0.94
174,2015-09-18,2.64,2.7,2.77,2.63,1646112,630591952.0,5.32,2.66,0.07,1.05
175,2015-09-21,2.65,2.73,2.75,2.63,898620,345515600.0,4.44,1.11,0.03,0.57
176,2015-09-22,2.75,2.74,2.78,2.7,1046813,406761888.0,2.93,0.37,0.01,0.66
177,2015-09-23,2.68,2.63,2.7,2.61,953053,358952800.0,3.28,-4.01,-0.11,0.61
178,2015-09-24,2.61,2.65,2.67,2.61,551376,206567911.0,2.28,0.76,0.02,0.35
179,2015-09-25,2.63,2.57,2.67,2.55,604869,223005774.0,4.53,-3.02,-0.08,0.38
180,2015-09-28,2.59,2.58,2.61,2.53,345198,125944415.0,3.11,0.39,0.01,0.22
181,2015-09-29,2.53,2.49,2.54,2.47,667405,236192891.0,2.71,-3.49,-0.09,0.42
182,2015-09-30,2.5,2.5,2.53,2.48,532503,188991261.0,2.01,0.4,0.01,0.34
183,2015-10-08,2.59,2.57,2.61,2.53,775452,282068128.0,3.2,2.8,0.07,0.49
184,2015-10-09,2.58,2.61,2.65,2.55,1002502,370310944.0,3.89,1.56,0.04,0.64
185,2015-10-12,2.61,2.73,2.77,2.6,1542414,589713600.0,6.51,4.6,0.12,0.98
186,2015-10-13,2.73,2.73,2.78,2.7,1214415,468495472.0,2.93,0.0,0.0,0.77
187,2015-10-14,2.75,2.97,3.01,2.71,4846629,2040155216.0,10.99,8.79,0.24,3.08
188,2015-10-15,2.9,2.96,2.97,2.87,2917629,1204507200.0,3.37,-0.34,-0.01,1.85
189,2015-10-16,2.97,2.94,2.98,2.9,2177745,906098384.0,2.7,-0.68,-0.02,1.38
190,2015-10-19,2.93,2.86,2.93,2.82,1863617,760024544.0,3.74,-2.72,-0.08,1.18
191,2015-10-20,2.85,2.9,2.93,2.81,1553185,633205648.0,4.2,1.4,0.04,0.99
192,2015-10-21,2.9,2.76,3.03,2.7,2771548,1132897312.0,11.38,-4.83,-0.14,1.76
193,2015-10-22,2.78,2.91,2.95,2.76,2630977,1068562704.0,6.88,5.43,0.15,1.67
194,2015-10-23,2.9,2.93,2.95,2.86,2054982,845563248.0,3.09,0.69,0.02,1.31
195,2015-10-26,2.95,2.89,2.95,2.84,1865706,765606176.0,3.75,-1.37,-0.04,1.19
196,2015-10-27,2.87,2.86,2.88,2.78,1336211,533976944.0,3.46,-1.04,-0.03,0.85
197,2015-10-28,2.85,2.83,2.92,2.82,1291929,524169520.0,3.5,-1.05,-0.03,0.82
198,2015-10-29,2.82,2.81,2.85,2.8,917653,366463328.0,1.77,-0.71,-0.02,0.58
199,2015-10-30,2.8,2.78,2.81,2.75,832047,327705536.0,2.14,-1.07,-0.03,0.53
200,2015-11-02,2.75,2.72,2.8,2.7,1088414,423647200.0,3.6,-2.16,-0.06,0.69
201,2015-11-03,2.73,2.7,2.75,2.69,859532,330456320.0,2.21,-0.74,-0.02,0.55
202,2015-11-04,2.71,2.81,2.82,2.7,1474975,579749376.0,4.44,4.07,0.11,0.94
203,2015-11-05,2.8,2.9,2.97,2.8,3368669,1378337840.0,6.05,3.2,0.09,2.14
204,2015-11-06,2.89,2.94,2.97,2.87,2712233,1125183904.0,3.45,1.38,0.04,1.72
205,2015-11-09,2.93,2.97,3.08,2.88,3232791,1352533328.0,6.8,1.02,0.03,2.05
206,2015-11-10,2.93,3.01,3.04,2.93,2875507,1214810528.0,3.7,1.35,0.04,1.83
207,2015-11-11,3.0,3.01,3.14,2.99,3185649,1373218128.0,4.98,0.0,0.0,2.02
208,2015-11-12,3.03,3.08,3.22,3.03,3398210,1500087424.0,6.31,2.33,0.07,2.16
209,2015-11-13,3.03,2.91,3.04,2.88,2591576,1083112160.0,5.19,-5.52,-0.17,1.65
210,2015-11-16,2.85,2.93,2.95,2.84,1052981,432232144.0,3.78,0.69,0.02,0.67
211,2015-11-17,2.93,2.93,3.01,2.91,1598754,667732720.0,3.41,0.0,0.0,1.02
212,2015-11-18,2.92,2.86,2.93,2.84,1199598,490443536.0,3.07,-2.39,-0.07,0.76
213,2015-11-19,2.87,2.89,2.9,2.85,865492,352009680.0,1.75,1.05,0.03,0.55
214,2015-11-20,2.9,2.91,2.93,2.88,1223884,503726656.0,1.73,0.69,0.02,0.78
215,2015-11-23,2.91,2.85,2.91,2.83,1149211,467319136.0,2.75,-2.06,-0.06,0.73
216,2015-11-24,2.85,2.85,2.86,2.79,896330,357775312.0,2.46,0.0,0.0,0.57
217,2015-11-25,2.85,2.87,2.87,2.83,935340,377026736.0,1.4,0.7,0.02,0.59
218,2015-11-26,2.87,2.87,2.94,2.85,1576435,645256208.0,3.14,0.0,0.0,1.0
219,2015-11-27,2.87,2.67,2.88,2.62,1670241,654271728.0,9.06,-6.97,-0.2,1.06
220,2015-11-30,2.68,2.65,2.71,2.56,1058281,397153872.0,5.62,-0.75,-0.02,0.67
221,2015-12-01,2.68,2.65,2.68,2.63,721827,271385616.0,1.89,0.0,0.0,0.46
222,2015-12-02,2.64,2.74,2.74,2.62,1154899,438321872.0,4.53,3.4,0.09,0.73
223,2015-12-03,2.71,2.74,2.75,2.7,900560,347508640.0,1.82,0.0,0.0,0.57
224,2015-12-04,2.71,2.7,2.73,2.67,858069,327176704.0,2.19,-1.46,-0.04,0.55
225,2015-12-07,2.69,2.68,2.7,2.65,593341,224329055.0,1.85,-0.74,-0.02,0.38
226,2015-12-08,2.66,2.6,2.67,2.59,750519,278374048.0,2.99,-2.99,-0.08,0.48
227,2015-12-09,2.58,2.59,2.63,2.58,485473,179131262.0,1.92,-0.38,-0.01,0.31
228,2015-12-10,2.6,2.54,2.6,2.54,655268,238538469.0,2.32,-1.93,-0.05,0.42
229,2015-12-11,2.54,2.56,2.61,2.5,814768,294673680.0,4.33,0.79,0.02,0.52
230,2015-12-14,2.53,2.64,2.65,2.52,882430,323968576.0,5.08,3.13,0.08,0.56
231,2015-12-15,2.63,2.58,2.63,2.58,596462,219836130.0,1.89,-2.27,-0.06,0.38
232,2015-12-16,2.6,2.6,2.63,2.58,496877,183263274.0,1.94,0.78,0.02,0.32
233,2015-12-17,2.6,2.65,2.69,2.6,1156839,435123760.0,3.46,1.92,0.05,0.73
234,2015-12-18,2.65,2.62,2.65,2.61,687045,255898782.0,1.51,-1.13,-0.03,0.44
235,2015-12-21,2.62,2.69,2.72,2.6,1250711,474345792.0,4.58,2.67,0.07,0.79
236,2015-12-22,2.71,2.73,2.75,2.69,1432842,552236672.0,2.23,1.49,0.04,0.91
237,2015-12-23,2.7,2.65,2.71,2.65,1000159,379401760.0,2.2,-2.93,-0.08,0.64
238,2015-12-24,2.66,2.63,2.68,2.62,725952,271875728.0,2.26,-0.75,-0.02,0.46
239,2015-12-25,2.63,2.62,2.64,2.6,484591,179632534.0,1.52,-0.38,-0.01,0.31
240,2015-12-28,2.62,2.55,2.63,2.55,750726,274743680.0,3.05,-2.67,-0.07,0.48
241,2015-12-29,2.54,2.58,2.58,2.53,546666,198172635.0,1.96,1.18,0.03,0.35
242,2015-12-30,2.58,2.57,2.6,2.54,570274,207363928.0,2.33,-0.39,-0.01,0.36
243,2015-12-31,2.56,2.55,2.59,2.55,506145,184064928.0,1.56,-0.78,-0.02,0.32
244,2016-01-04,2.55,2.3,2.56,2.29,694373,242332015.0,10.59,-9.8,-0.25,0.44
245,2016-01-05,2.25,2.35,2.4,2.2,1149243,378947392.0,8.7,2.17,0.05,0.73
246,2016-01-06,2.38,2.55,2.58,2.34,1839242,648683936.0,10.21,8.51,0.2,1.17
247,2016-01-07,2.48,2.3,2.51,2.3,511443,173416793.0,8.24,-9.8,-0.25,0.32
248,2016-01-08,2.38,2.5,2.54,2.3,2698964,947258112.0,10.43,8.7,0.2,1.71
249,2016-01-11,2.46,2.33,2.46,2.31,1963596,661641872.0,6.0,-6.8,-0.17,1.25
250,2016-01-12,2.33,2.28,2.35,2.2,982706,317175040.0,6.44,-2.15,-0.05,0.62
251,2016-01-13,2.3,2.28,2.43,2.26,1256904,417415520.0,7.46,0.0,0.0,0.8
252,2016-01-14,2.2,2.32,2.35,2.18,983224,316861968.0,7.46,1.75,0.04,0.62
253,2016-01-15,2.29,2.2,2.3,2.2,935290,297474688.0,4.31,-5.17,-0.12,0.59
254,2016-01-18,2.2,2.21,2.24,2.17,645907,202761382.0,3.18,0.45,0.01,0.41
255,2016-01-19,2.23,2.26,2.28,2.2,966801,307322496.0,3.62,2.26,0.05,0.61
256,2016-01-20,2.23,2.23,2.3,2.21,1019595,324735312.0,3.98,-1.33,-0.03,0.65
257,2016-01-21,2.19,2.15,2.24,2.15,874210,272307120.0,4.04,-3.59,-0.08,0.56
258,2016-01-22,2.19,2.21,2.23,2.13,808633,251230116.0,4.65,2.79,0.06,0.51
259,2016-01-25,2.23,2.21,2.25,2.2,637137,201200229.0,2.26,0.0,0.0,0.4
260,2016-01-26,2.19,2.05,2.21,1.99,1138881,344049088.0,9.95,-7.24,-0.16,0.72
261,2016-01-27,2.08,2.08,2.1,2.0,1037020,302859888.0,4.88,1.46,0.03,0.66
262,2016-01-28,2.05,1.89,2.05,1.87,975931,272647840.0,8.65,-9.13,-0.19,0.62
263,2016-01-29,1.9,2.08,2.08,1.88,1976836,572679184.0,10.58,10.05,0.19,1.26
264,2016-02-01,2.05,1.98,2.07,1.93,1319847,375889728.0,6.73,-4.81,-0.1,0.84
265,2016-02-02,1.96,2.03,2.14,1.96,1081752,315234688.0,9.09,2.53,0.05,0.69
266,2016-02-03,2.0,1.99,2.03,1.95,913659,258485037.0,3.94,-1.97,-0.04,0.58
267,2016-02-04,2.0,2.03,2.06,1.99,832815,240504290.0,3.52,2.01,0.04,0.53
268,2016-02-05,2.05,2.0,2.06,1.99,528379,151741470.0,3.45,-1.48,-0.03,0.34
269,2016-02-15,1.93,2.0,2.03,1.9,588098,164621275.0,6.5,0.0,0.0,0.37
270,2016-02-16,2.0,2.06,2.07,1.98,930104,271062480.0,4.5,3.0,0.06,0.59
271,2016-02-17,2.05,2.08,2.13,2.04,1159492,342859232.0,4.37,0.97,0.02,0.74
272,2016-02-18,2.1,2.08,2.12,2.06,991911,294640880.0,2.88,0.0,0.0,0.63
273,2016-02-19,2.06,2.07,2.09,2.05,582377,170913543.0,1.92,-0.48,-0.01,0.37
274,2016-02-22,2.08,2.16,2.24,2.08,1864814,572852864.0,7.73,4.35,0.09,1.18
275,2016-02-23,2.15,2.14,2.18,2.1,1144851,347516880.0,3.7,-0.93,-0.02,0.73
276,2016-02-24,2.12,2.13,2.15,2.1,674479,203344637.0,2.34,-0.47,-0.01,0.43
277,2016-02-25,2.13,1.95,2.13,1.92,1305984,375016608.0,9.86,-8.45,-0.18,0.83
278,2016-02-26,1.98,2.0,2.03,1.95,809940,229196200.0,4.1,2.56,0.05,0.51
279,2016-02-29,1.98,1.93,1.99,1.87,822316,225195480.0,6.0,-3.5,-0.07,0.52
280,2016-03-01,1.95,1.98,1.99,1.92,671184,188177538.0,3.63,2.59,0.05,0.43
281,2016-03-02,1.99,2.12,2.17,1.98,1780386,527912368.0,9.6,7.07,0.14,1.13
282,2016-03-03,2.11,2.1,2.18,2.09,1777754,539857456.0,4.25,-0.94,-0.02,1.13
283,2016-03-04,2.11,2.1,2.17,2.05,1527642,458233984.0,5.71,0.0,0.0,0.97
284,2016-03-07,2.18,2.21,2.24,2.12,2269172,701399456.0,5.71,5.24,0.11,1.44
285,2016-03-08,2.27,2.19,2.29,2.16,2007638,628524944.0,5.88,-0.9,-0.02,1.28
286,2016-03-09,2.11,2.06,2.12,2.04,1299881,384384928.0,3.65,-5.94,-0.13,0.83
287,2016-03-10,2.08,2.03,2.09,2.03,643299,188570270.0,2.91,-1.46,-0.03,0.41
288,2016-03-11,2.01,2.04,2.05,2.0,462106,133944423.0,2.46,0.49,0.01,0.29
289,2016-03-14,2.07,2.08,2.11,2.05,762677,226257804.0,2.94,1.96,0.04,0.48
290,2016-03-15,2.08,2.05,2.08,2.04,551433,161174186.0,1.92,-1.44,-0.03,0.35
291,2016-03-16,2.05,2.03,2.07,2.02,591898,171650366.0,2.44,-0.98,-0.02,0.38
292,2016-03-17,2.05,2.07,2.08,2.03,677360,198384690.0,2.46,1.97,0.04,0.43
293,2016-03-18,2.08,2.12,2.14,2.08,1402887,420932272.0,2.9,2.42,0.05,0.89
294,2016-03-21,2.13,2.15,2.17,2.12,1225437,373490944.0,2.36,1.42,0.03,0.78
295,2016-03-22,2.15,2.13,2.15,2.11,846017,255857960.0,1.86,-0.93,-0.02,0.54
296,2016-03-23,2.13,2.17,2.2,2.12,1462076,448699344.0,3.76,1.88,0.04,0.93
297,2016-03-24,2.13,2.1,2.14,2.08,1225487,367187696.0,2.76,-3.23,-0.07,0.78
298,2016-03-25,2.1,2.09,2.11,2.07,648219,192122061.0,1.9,-0.48,-0.01,0.41
299,2016-03-28,2.09,2.08,2.11,2.07,564317,167843255.0,1.91,-0.48,-0.01,0.36
300,2016-03-29,2.08,2.05,2.1,2.05,567616,166827866.0,2.4,-1.44,-0.03,0.36
301,2016-03-30,2.08,2.1,2.1,2.06,640893,189868142.0,1.95,2.44,0.05,0.41
302,2016-03-31,2.1,2.08,2.1,2.07,525939,156186896.0,1.43,-0.95,-0.02,0.33
303,2016-04-01,2.08,2.13,2.13,2.07,1013890,302954480.0,2.88,2.4,0.05,0.64
304,2016-04-05,2.11,2.15,2.15,2.09,1115869,337288624.0,2.82,0.94,0.02,0.71
305,2016-04-06,2.13,2.13,2.15,2.11,710492,214783481.0,1.86,-0.93,-0.02,0.45
306,2016-04-07,2.14,2.13,2.19,2.1,1292818,393688064.0,4.23,0.0,0.0,0.82
307,2016-04-08,2.11,2.1,2.13,2.09,807613,241811720.0,1.88,-1.41,-0.03,0.51
308,2016-04-11,2.12,2.17,2.2,2.12,1960464,604543984.0,3.81,3.33,0.07,1.25
309,2016-04-12,2.15,2.15,2.19,2.14,1158769,355317344.0,2.3,-0.92,-0.02,0.74
310,2016-04-13,2.18,2.27,2.37,2.18,4548516,1472491632.0,8.84,5.58,0.12,2.89
311,2016-04-14,2.26,2.24,2.28,2.2,2126603,672551056.0,3.52,-1.32,-0.03,1.35
312,2016-04-15,2.21,2.21,2.24,2.2,1025092,322830752.0,1.79,-1.34,-0.03,0.65
313,2016-04-18,2.2,2.2,2.2,2.17,843991,261174106.0,1.36,-0.45,-0.01,0.54
314,2016-04-19,2.23,2.23,2.28,2.2,1417279,451339840.0,3.64,1.36,0.03,0.9
315,2016-04-20,2.25,2.23,2.28,2.13,2333892,734549296.0,6.73,0.0,0.0,1.48
316,2016-04-21,2.21,2.31,2.42,2.18,3860431,1267731056.0,10.76,3.59,0.08,2.45
317,2016-04-22,2.24,2.22,2.27,2.18,2218807,697524608.0,3.9,-3.9,-0.09,1.41
318,2016-04-25,2.2,2.19,2.21,2.16,840577,261229395.0,2.25,-1.35,-0.03,0.53
319,2016-04-26,2.19,2.2,2.2,2.17,630416,195739573.0,1.37,0.46,0.01,0.4
320,2016-04-27,2.2,2.15,2.2,2.14,791487,243586655.0,2.73,-2.27,-0.05,0.5
321,2016-04-28,2.15,2.13,2.16,2.1,823914,248661076.0,2.79,-0.93,-0.02,0.52
322,2016-04-29,2.12,2.14,2.15,2.11,521826,158557539.0,1.88,0.47,0.01,0.33
323,2016-05-03,2.15,2.18,2.19,2.13,730338,224576759.0,2.8,1.87,0.04,0.46
324,2016-05-04,2.16,2.15,2.17,2.13,638254,194937661.0,1.83,-1.38,-0.03,0.41
325,2016-05-05,2.15,2.16,2.18,2.13,545722,167008151.0,2.33,0.47,0.01,0.35
326,2016-05-06,2.15,2.1,2.19,2.1,1046245,318468816.0,4.17,-2.78,-0.06,0.66
327,2016-05-09,2.09,1.98,2.09,1.95,1159218,331433648.0,6.67,-5.71,-0.12,0.74
328,2016-05-10,1.98,2.0,2.0,1.97,384115,108558577.0,1.52,1.01,0.02,0.24
329,2016-05-11,2.0,1.98,2.01,1.98,361924,102407358.0,1.5,-1.0,-0.02,0.23
330,2016-05-12,1.97,2.01,2.03,1.93,669587,188822460.0,5.05,1.52,0.03,0.43
331,2016-05-13,2.0,1.98,2.01,1.96,589438,166637560.0,2.49,-1.49,-0.03,0.37
332,2016-05-16,1.96,2.0,2.02,1.94,865233,244500346.0,4.04,1.01,0.02,0.55
333,2016-05-17,2.01,2.03,2.1,2.0,1471609,429420400.0,5.0,1.5,0.03,0.93
334,2016-05-18,1.99,1.98,2.0,1.95,837496,235228030.0,2.46,-2.46,-0.05,0.53
335,2016-05-19,1.98,2.06,2.15,1.97,1573082,457909552.0,9.09,4.04,0.08,1.0
336,2016-05-20,2.03,2.03,2.06,2.0,1088392,313784016.0,2.91,-1.46,-0.03,0.69
337,2016-05-23,2.03,2.02,2.05,2.0,696701,200114963.0,2.46,-0.49,-0.01,0.44
338,2016-05-24,2.0,1.99,2.01,1.97,518511,146644185.0,1.98,-1.49,-0.03,0.33
339,2016-05-25,2.0,1.98,2.01,1.98,425533,120510144.0,1.51,-0.5,-0.01,0.27
340,2016-05-26,1.98,2.02,2.02,1.95,794664,224349375.0,3.54,2.02,0.04,0.5
341,2016-05-27,2.0,2.0,2.02,1.98,522717,148621062.0,1.98,-0.99,-0.02,0.33
342,2016-05-30,1.98,2.0,2.07,1.96,1112252,316711920.0,5.5,0.0,0.0,0.71
343,2016-05-31,2.0,2.15,2.17,1.99,2854264,846712656.0,9.0,7.5,0.15,1.81
344,2016-06-01,2.12,2.1,2.17,2.1,2053142,619236992.0,3.26,-2.33,-0.05,1.3
345,2016-06-02,2.09,2.11,2.13,2.07,1135590,337769312.0,2.86,0.48,0.01,0.72
346,2016-06-03,2.11,2.1,2.13,2.08,919658,274580928.0,2.37,-0.47,-0.01,0.58
347,2016-06-06,2.1,2.08,2.1,2.07,645937,191543144.0,1.43,-0.95,-0.02,0.41
348,2016-06-07,2.08,2.1,2.1,2.07,822303,243994097.0,1.44,0.96,0.02,0.52
349,2016-06-08,2.08,2.05,2.08,2.04,818362,239231977.0,1.9,-2.38,-0.05,0.52
350,2016-06-13,2.03,1.98,2.04,1.98,811863,232294879.0,2.93,-3.41,-0.07,0.52
351,2016-06-14,1.98,1.99,2.0,1.97,373686,105622782.0,1.52,0.51,0.01,0.24
352,2016-06-15,1.97,2.03,2.04,1.96,582347,166475755.0,4.02,2.01,0.04,0.37
353,2016-06-16,2.01,1.99,2.04,1.98,643908,183899719.0,2.96,-1.97,-0.04,0.41
354,2016-06-17,1.99,2.01,2.04,1.99,763372,219116797.0,2.51,1.01,0.02,0.48
355,2016-06-20,2.01,2.0,2.02,1.98,425574,120714601.0,1.99,-0.5,-0.01,0.27
356,2016-06-21,2.01,1.98,2.02,1.97,490495,139044640.0,2.5,-1.0,-0.02,0.31
357,2016-06-22,1.98,2.0,2.0,1.98,319697,90637066.0,1.01,1.01,0.02,0.2
358,2016-06-23,2.0,1.98,2.0,1.97,398341,112200843.0,1.5,-1.0,-0.02,0.25
359,2016-06-24,1.97,1.95,1.99,1.93,652347,182012650.0,3.03,-1.52,-0.03,0.41
360,2016-06-27,1.95,2.0,2.0,1.95,627254,177044358.0,2.56,2.56,0.05,0.4
361,2016-06-28,1.99,1.99,2.0,1.97,567581,159869048.0,1.5,-0.5,-0.01,0.36
362,2016-06-29,2.0,2.03,2.08,1.98,1269373,365045424.0,5.03,2.01,0.04,0.81
363,2016-06-30,2.01,2.01,2.03,2.0,555899,158973518.0,1.48,-0.99,-0.02,0.35
364,2016-07-01,2.01,2.0,2.02,1.99,466659,132951846.0,1.49,-0.5,-0.01,0.3
365,2016-07-04,1.99,2.03,2.05,1.98,1042583,300786432.0,3.5,1.5,0.03,0.66
366,2016-07-05,2.03,2.04,2.06,2.02,930917,269896704.0,1.97,0.49,0.01,0.59
367,2016-07-06,2.03,2.04,2.05,2.01,705423,203624403.0,1.96,0.0,0.0,0.45
368,2016-07-07,2.04,2.08,2.12,2.03,2175276,643228144.0,4.41,1.96,0.04,1.38
369,2016-07-08,2.06,2.04,2.06,2.02,1235651,358393920.0,1.92,-1.92,-0.04,0.78
370,2016-07-11,2.05,2.08,2.16,2.04,2441718,730041584.0,5.88,1.96,0.04,1.55
371,2016-07-12,2.07,2.13,2.13,2.07,2333298,699698576.0,2.88,2.4,0.05,1.48
372,2016-07-13,2.13,2.12,2.15,2.1,1387191,417779968.0,2.35,-0.47,-0.01,0.88
373,2016-07-14,2.12,2.1,2.12,2.08,916878,273210080.0,1.89,-0.94,-0.02,0.58
374,2016-07-15,2.09,2.12,2.15,2.09,1443705,434701072.0,2.86,0.95,0.02,0.92
375,2016-07-18,2.1,2.09,2.13,2.08,907789,271371488.0,2.36,-1.42,-0.03,0.58
376,2016-07-19,2.09,2.09,2.1,2.06,751598,221890256.0,1.91,0.0,0.0,0.48
377,2016-07-20,2.08,2.08,2.1,2.06,597426,176780696.0,1.91,-0.48,-0.01,0.38
378,2016-07-21,2.08,2.07,2.09,2.06,645365,190329282.0,1.44,-0.48,-0.01,0.41
379,2016-07-22,2.08,2.06,2.08,2.05,540090,158428250.0,1.45,-0.48,-0.01,0.34
380,2016-07-25,2.05,2.06,2.07,2.05,356744,104413738.0,0.97,0.0,0.0,0.23
381,2016-07-26,2.05,2.08,2.08,2.05,438320,128632092.0,1.46,0.97,0.02,0.28
382,2016-07-27,2.07,2.0,2.09,1.98,1313936,378565008.0,5.29,-3.85,-0.08,0.83
383,2016-07-28,2.0,2.0,2.03,1.99,749595,213632384.0,2.0,0.0,0.0,0.48
384,2016-07-29,2.0,1.98,2.0,1.98,360759,102235213.0,1.0,-1.0,-0.02,0.23
385,2016-08-01,1.98,1.98,1.99,1.95,520193,145891042.0,2.02,0.0,0.0,0.33
386,2016-08-02,1.98,1.99,1.99,1.97,287742,81170329.0,1.01,0.51,0.01,0.18
387,2016-08-03,1.98,1.99,2.0,1.98,296943,84021487.0,1.01,0.0,0.0,0.19
388,2016-08-04,1.99,1.99,2.0,1.98,309307,87371010.0,1.01,0.0,0.0,0.2
389,2016-08-05,1.99,1.99,2.0,1.98,390297,110518154.0,1.01,0.0,0.0,0.25
390,2016-08-08,1.99,2.01,2.03,1.98,575820,164448670.0,2.51,1.01,0.02,0.37
391,2016-08-09,2.01,2.02,2.03,2.01,425873,122239787.0,1.0,0.5,0.01,0.27
392,2016-08-10,2.02,2.03,2.07,2.02,880000,255706412.0,2.48,0.5,0.01,0.56
393,2016-08-11,2.03,2.01,2.03,2.01,504704,145095767.0,0.99,-0.99,-0.02,0.32
394,2016-08-12,2.02,2.03,2.04,2.01,399820,115156718.0,1.49,1.0,0.02,0.25
395,2016-08-15,2.03,2.06,2.07,2.03,1219379,355274576.0,1.97,1.48,0.03,0.77
396,2016-08-16,2.06,2.07,2.08,2.05,854928,250618892.0,1.46,0.49,0.01,0.54
397,2016-08-17,2.07,2.09,2.1,2.05,1391544,412916672.0,2.42,0.97,0.02,0.88
398,2016-08-18,2.08,2.06,2.08,2.06,739172,217508530.0,0.96,-1.44,-0.03,0.47
399,2016-08-19,2.06,2.07,2.07,2.04,643922,188216719.0,1.46,0.49,0.01,0.41
400,2016-08-22,2.06,2.03,2.07,2.03,604097,175379249.0,1.93,-1.93,-0.04,0.38
401,2016-08-23,2.03,2.03,2.05,2.03,413062,119514806.0,0.99,0.0,0.0,0.26
402,2016-08-24,2.04,2.03,2.05,2.03,377921,109667019.0,0.99,0.0,0.0,0.24
403,2016-08-25,2.03,2.05,2.06,2.02,698504,202786445.0,1.97,0.99,0.02,0.44
404,2016-08-26,2.05,2.05,2.05,2.03,461487,134029644.0,0.98,0.0,0.0,0.29
405,2016-08-29,2.04,2.05,2.05,2.03,377514,109667064.0,0.98,0.0,0.0,0.24
406,2016-08-30,2.05,2.06,2.07,2.05,692684,202599293.0,0.98,0.49,0.01,0.44
407,2016-08-31,2.05,2.05,2.06,2.05,342182,99959305.0,0.49,-0.49,-0.01,0.22
408,2016-09-01,2.05,2.03,2.06,2.02,534236,154849026.0,1.95,-0.98,-0.02,0.34
409,2016-09-02,2.02,2.03,2.03,2.01,391730,112758638.0,0.99,0.0,0.0,0.25
410,2016-09-05,2.03,2.04,2.05,2.03,497923,144840162.0,0.99,0.49,0.01,0.32
411,2016-09-06,2.05,2.05,2.06,2.04,544442,158669461.0,0.98,0.49,0.01,0.35
412,2016-09-07,2.05,2.05,2.06,2.04,532689,155394954.0,0.98,0.0,0.0,0.34
413,2016-09-08,2.05,2.06,2.06,2.03,493272,143612405.0,1.46,0.49,0.01,0.31
414,2016-09-09,2.05,2.03,2.06,2.03,695334,201595922.0,1.46,-1.46,-0.03,0.44
415,2016-09-12,2.02,1.97,2.02,1.97,949231,268481632.0,2.46,-2.96,-0.06,0.6
416,2016-09-13,1.98,1.96,1.98,1.95,828100,231771493.0,1.52,-0.51,-0.01,0.53
417,2016-09-14,1.95,1.94,1.96,1.93,1445584,399105728.0,1.53,-1.02,-0.02,0.92
418,2016-09-19,1.94,1.96,1.96,1.94,483969,134618229.0,1.03,1.03,0.02,0.31
419,2016-09-20,1.96,1.95,1.96,1.95,354541,98412602.0,0.51,-0.51,-0.01,0.23
420,2016-09-21,1.95,1.98,2.02,1.95,726598,205484335.0,3.59,1.54,0.03,0.46
421,2016-09-22,1.98,1.97,1.99,1.96,486859,136620800.0,1.52,-0.51,-0.01,0.31
422,2016-09-23,1.98,1.97,1.98,1.96,367636,103114966.0,1.02,0.0,0.0,0.23
423,2016-09-26,1.97,1.93,1.97,1.93,519961,143621827.0,2.03,-2.03,-0.04,0.33
424,2016-09-27,1.93,1.95,1.95,1.93,288911,79411598.0,1.04,1.04,0.02,0.18
425,2016-09-28,1.95,1.93,1.95,1.93,207749,57182845.0,1.03,-1.03,-0.02,0.13
426,2016-09-29,1.93,1.96,1.97,1.93,511792,141992272.0,2.07,1.55,0.03,0.33
427,2016-09-30,1.95,1.95,1.96,1.95,247389,68712749.0,0.51,-0.51,-0.01,0.16
428,2016-10-10,1.97,1.98,1.98,1.96,392658,110264246.0,1.03,1.54,0.03,0.25
429,2016-10-11,1.98,1.98,1.98,1.97,368720,103583045.0,0.51,0.0,0.0,0.23
430,2016-10-12,1.98,1.97,1.98,1.96,225588,63108595.0,1.01,-0.51,-0.01,0.14
431,2016-10-13,1.97,1.98,1.98,1.96,277843,77841099.0,1.02,0.51,0.01,0.18
432,2016-10-14,1.97,1.97,1.98,1.95,232894,65039864.0,1.52,-0.51,-0.01,0.15
433,2016-10-17,1.97,1.96,1.98,1.95,318399,89084863.0,1.52,-0.51,-0.01,0.2
434,2016-10-18,1.96,1.98,1.98,1.95,586785,164433220.0,1.53,1.02,0.02,0.37
435,2016-10-19,1.99,1.98,2.0,1.98,753805,213130616.0,1.01,0.0,0.0,0.48
436,2016-10-20,1.99,1.98,1.99,1.97,506098,142449409.0,1.01,0.0,0.0,0.32
437,2016-10-21,1.98,1.98,1.99,1.96,552499,155333255.0,1.52,0.0,0.0,0.35
438,2016-10-24,1.98,2.0,2.02,1.98,1129713,321340496.0,2.02,1.01,0.02,0.72
439,2016-10-25,2.0,2.01,2.02,1.99,794458,226411155.0,1.5,0.5,0.01,0.5
440,2016-10-26,2.01,1.99,2.01,1.98,531064,150730376.0,1.49,-1.0,-0.02,0.34
441,2016-10-27,1.99,2.0,2.02,1.98,673271,191226831.0,2.01,0.5,0.01,0.43
442,2016-10-28,2.0,1.98,2.0,1.98,501580,141925279.0,1.0,-1.0,-0.02,0.32
443,2016-10-31,1.98,1.98,1.98,1.97,295350,83023521.0,0.51,0.0,0.0,0.19
444,2016-11-01,1.98,1.99,2.0,1.98,412533,116399644.0,1.01,0.51,0.01,0.26
445,2016-11-02,1.98,1.97,1.99,1.96,536229,150351842.0,1.51,-1.01,-0.02,0.34
446,2016-11-03,1.96,1.98,1.98,1.95,573645,160647232.0,1.52,0.51,0.01,0.36
447,2016-11-04,1.97,1.98,2.0,1.97,989361,279208192.0,1.52,0.0,0.0,0.63
448,2016-11-07,1.98,2.02,2.03,1.97,1436047,407763904.0,3.03,2.02,0.04,0.91
449,2016-11-08,2.01,2.0,2.02,1.99,841967,239327455.0,1.49,-0.99,-0.02,0.53
450,2016-11-09,2.0,1.99,2.0,1.97,947594,267876046.0,1.5,-0.5,-0.01,0.6
451,2016-11-10,2.0,2.01,2.03,2.0,1345139,385101024.0,1.51,1.01,0.02,0.85
452,2016-11-11,2.01,2.08,2.09,2.0,3526467,1029576704.0,4.48,3.48,0.07,2.24
453,2016-11-14,2.06,2.08,2.08,2.04,2131357,625032992.0,1.92,0.0,0.0,1.35
454,2016-11-15,2.07,2.05,2.11,2.05,1487327,437437888.0,2.88,-1.44,-0.03,0.94
455,2016-11-16,2.04,2.11,2.13,2.03,4067772,1209374576.0,4.88,2.93,0.06,2.58
456,2016-11-17,2.1,2.09,2.1,2.08,1612708,477916848.0,0.95,-0.95,-0.02,1.02
457,2016-11-18,2.08,2.08,2.11,2.07,1086664,322200112.0,1.91,-0.48,-0.01,0.69
458,2016-11-21,2.08,2.08,2.11,2.07,1145578,339795856.0,1.92,0.0,0.0,0.73
459,2016-11-22,2.08,2.11,2.12,2.08,1679438,502591472.0,1.92,1.44,0.03,1.07
460,2016-11-23,2.11,2.09,2.13,2.08,1011545,301503024.0,2.37,-0.95,-0.02,0.64
461,2016-11-24,2.08,2.09,2.1,2.08,916803,272503712.0,0.96,0.0,0.0,0.58
462,2016-11-25,2.1,2.11,2.11,2.05,1727590,512616640.0,2.87,0.96,0.02,1.1
463,2016-11-28,2.11,2.11,2.13,2.09,1490501,446304576.0,1.9,0.0,0.0,0.95
464,2016-11-29,2.11,2.13,2.16,2.1,2856360,869041776.0,2.84,0.95,0.02,1.81
465,2016-11-30,2.12,2.1,2.13,2.08,1186582,354947136.0,2.35,-1.41,-0.03,0.75
466,2016-12-01,2.1,2.16,2.16,2.09,1877483,569961344.0,3.33,2.86,0.06,1.19
467,2016-12-02,2.15,2.13,2.18,2.13,1523535,464076128.0,2.31,-1.39,-0.03,0.97
468,2016-12-05,2.1,2.08,2.13,2.08,1179039,351497456.0,2.35,-2.35,-0.05,0.75
469,2016-12-06,2.09,2.08,2.1,2.07,589173,174115596.0,1.44,0.0,0.0,0.37
470,2016-12-07,2.08,2.13,2.13,2.08,1564764,469002608.0,2.4,2.4,0.05,0.99
471,2016-12-08,2.13,2.08,2.13,2.08,1177919,351791904.0,2.35,-2.35,-0.05,0.75
472,2016-12-09,2.08,2.09,2.12,2.08,1158719,343863520.0,1.92,0.48,0.01,0.74
473,2016-12-12,2.1,2.03,2.13,2.02,2060532,609641440.0,5.26,-2.87,-0.06,1.31
474,2016-12-13,2.02,2.04,2.05,2.0,835681,241203238.0,2.46,0.49,0.01,0.53
475,2016-12-14,2.04,2.0,2.04,1.98,1014462,290766752.0,2.94,-1.96,-0.04,0.64
476,2016-12-15,1.98,2.0,2.01,1.98,559415,158843455.0,1.5,0.0,0.0,0.36
477,2016-12-16,2.0,2.0,2.0,1.98,533565,151462498.0,1.0,0.0,0.0,0.34
478,2016-12-19,2.0,1.99,2.02,1.99,557533,158820548.0,1.5,-0.5,-0.01,0.35
479,2016-12-20,2.0,1.98,2.0,1.97,606428,170695495.0,1.51,-0.5,-0.01,0.39
480,2016-12-21,1.98,2.0,2.0,1.98,701770,198392797.0,1.01,1.01,0.02,0.45
481,2016-12-22,1.99,1.98,2.0,1.98,521484,146992360.0,1.0,-1.0,-0.02,0.33
482,2016-12-23,1.98,1.98,1.98,1.96,513802,144042025.0,1.01,0.0,0.0,0.33
483,2016-12-26,1.97,1.98,1.98,1.95,543784,151634805.0,1.52,0.0,0.0,0.35
484,2016-12-27,1.97,1.97,1.98,1.96,296797,83301045.0,1.01,-0.51,-0.01,0.19
485,2016-12-28,1.98,1.96,1.98,1.95,311893,87149698.0,1.52,-0.51,-0.01,0.2
486,2016-12-29,1.95,1.96,1.98,1.95,314618,87826414.0,1.53,0.0,0.0,0.2
487,2016-12-30,1.96,1.96,1.97,1.95,365296,101796632.0,1.02,0.0,0.0,0.23
488,2017-01-03,1.99,2.0,2.02,1.99,1010098,287190432.0,1.53,2.04,0.04,0.64
489,2017-01-04,1.98,2.0,2.0,1.98,575285,162697748.0,1.0,0.0,0.0,0.37
490,2017-01-05,1.99,2.0,2.0,1.98,524591,148706927.0,1.0,0.0,0.0,0.33
491,2017-01-06,2.0,2.0,2.01,2.0,545414,155376315.0,0.5,0.0,0.0,0.35
492,2017-01-09,2.0,2.01,2.01,1.99,519741,148002673.0,1.0,0.5,0.01,0.33
493,2017-01-10,2.0,2.02,2.03,2.0,786068,225589295.0,1.49,0.5,0.01,0.5
494,2017-01-11,2.01,2.02,2.06,2.0,1037836,300131152.0,2.97,0.0,0.0,0.66
495,2017-01-12,2.01,2.0,2.03,1.99,539507,154003793.0,1.98,-0.99,-0.02,0.34
496,2017-01-13,2.0,2.0,2.0,1.98,421220,119447226.0,1.0,0.0,0.0,0.27
497,2017-01-16,2.0,2.03,2.04,1.97,1677491,478670720.0,3.5,1.5,0.03,1.07
498,2017-01-17,2.01,2.01,2.02,2.0,414110,118228554.0,0.99,-0.99,-0.02,0.26
499,2017-01-18,2.02,2.03,2.04,2.01,627045,180659642.0,1.49,1.0,0.02,0.4
500,2017-01-19,2.03,2.01,2.03,2.0,411302,118145491.0,1.48,-0.99,-0.02,0.26
501,2017-01-20,2.01,2.03,2.03,2.0,444854,128055855.0,1.49,1.0,0.02,0.28
502,2017-01-23,2.03,2.04,2.05,2.02,658750,190709075.0,1.48,0.49,0.01,0.42
503,2017-01-24,2.03,2.05,2.08,2.03,947169,276372224.0,2.45,0.49,0.01,0.6
504,2017-01-25,2.04,2.04,2.05,2.03,572931,165919864.0,0.98,-0.49,-0.01,0.36
505,2017-01-26,2.05,2.07,2.08,2.03,1009796,295891536.0,2.45,1.47,0.03,0.64
506,2017-02-03,2.06,2.05,2.07,2.04,412653,120343926.0,1.45,-0.97,-0.02,0.26
507,2017-02-06,2.05,2.05,2.05,2.03,441084,128082542.0,0.98,0.0,0.0,0.28
508,2017-02-07,2.05,2.05,2.05,2.03,406844,118065515.0,0.98,0.0,0.0,0.26
509,2017-02-08,2.05,2.05,2.05,2.03,488423,141444841.0,0.98,0.0,0.0,0.31
510,2017-02-09,2.05,2.08,2.09,2.04,1273489,374546080.0,2.44,1.46,0.03,0.81
511,2017-02-10,2.07,2.12,2.14,2.06,2898393,867956640.0,3.85,1.92,0.04,1.84
512,2017-02-13,2.13,2.1,2.14,2.1,1770416,530285728.0,1.89,-0.94,-0.02,1.12
513,2017-02-14,2.1,2.13,2.16,2.09,1889200,570953472.0,3.33,1.43,0.03,1.2
514,2017-02-15,2.13,2.11,2.13,2.1,1380381,415589904.0,1.41,-0.94,-0.02,0.88
515,2017-02-16,2.1,2.21,2.33,2.1,4930835,1555822896.0,10.9,4.74,0.1,3.13
516,2017-02-17,2.18,2.15,2.2,2.15,2626113,809140400.0,2.26,-2.71,-0.06,1.67
517,2017-02-20,2.16,2.18,2.2,2.16,1579426,488721168.0,1.86,1.4,0.03,1.0
518,2017-02-21,2.19,2.2,2.22,2.18,1267586,395256832.0,1.83,0.92,0.02,0.81
519,2017-02-22,2.19,2.23,2.24,2.18,1709953,537886944.0,2.73,1.36,0.03,1.09
520,2017-02-23,2.22,2.2,2.24,2.18,1390929,437301360.0,2.69,-1.35,-0.03,0.88
521,2017-02-24,2.2,2.21,2.22,2.18,998991,311263344.0,1.82,0.45,0.01,0.63
522,2017-02-27,2.21,2.21,2.23,2.2,1235209,388632624.0,1.36,0.0,0.0,0.78
523,2017-02-28,2.2,2.19,2.22,2.19,852032,266059635.0,1.36,-0.9,-0.02,0.54
524,2017-03-01,2.19,2.19,2.2,2.16,742566,230123869.0,1.83,0.0,0.0,0.47
525,2017-03-02,2.19,2.18,2.23,2.18,894950,279701936.0,2.28,-0.46,-0.01,0.57
526,2017-03-03,2.17,2.18,2.2,2.15,854243,264339586.0,2.29,0.0,0.0,0.54
527,2017-03-06,2.18,2.22,2.22,2.18,855336,268307231.0,1.83,1.83,0.04,0.54
528,2017-03-07,2.22,2.2,2.23,2.2,566531,177700243.0,1.35,-0.9,-0.02,0.36
529,2017-03-08,2.21,2.22,2.23,2.2,827832,260245162.0,1.36,0.91,0.02,0.53
530,2017-03-09,2.21,2.2,2.22,2.18,630687,196659222.0,1.8,-0.9,-0.02,0.4
531,2017-03-10,2.19,2.19,2.2,2.18,365689,113840004.0,0.91,-0.45,-0.01,0.23
532,2017-03-13,2.19,2.18,2.2,2.17,677109,209445115.0,1.37,-0.46,-0.01,0.43
533,2017-03-14,2.18,2.18,2.2,2.18,510880,158482012.0,0.92,0.0,0.0,0.32
534,2017-03-15,2.18,2.2,2.2,2.17,686380,213422796.0,1.38,0.92,0.02,0.44
535,2017-03-16,2.2,2.2,2.21,2.19,590056,184223635.0,0.91,0.0,0.0,0.37
536,2017-03-17,2.2,2.16,2.21,2.15,880609,272474752.0,2.73,-1.82,-0.04,0.56
537,2017-03-20,2.16,2.14,2.17,2.13,661030,201502720.0,1.85,-0.93,-0.02,0.42
538,2017-03-21,2.14,2.13,2.15,2.12,452070,136591938.0,1.4,-0.47,-0.01,0.29
539,2017-03-22,2.11,2.1,2.13,2.1,512348,153783933.0,1.41,-1.41,-0.03,0.33
540,2017-03-23,2.1,2.13,2.15,2.1,625789,189466501.0,2.38,1.43,0.03,0.4
541,2017-03-24,2.13,2.17,2.2,2.12,1564329,480752000.0,3.76,1.88,0.04,0.99
542,2017-03-27,2.16,2.15,2.17,2.14,460447,140723667.0,1.38,-0.92,-0.02,0.29
543,2017-03-28,2.15,2.16,2.18,2.14,674875,206787802.0,1.86,0.47,0.01,0.43
544,2017-03-29,2.15,2.17,2.19,2.15,686422,211806951.0,1.85,0.46,0.01,0.44
545,2017-03-30,2.15,2.12,2.17,2.11,886583,267911679.0,2.76,-2.3,-0.05,0.56
546,2017-03-31,2.12,2.13,2.14,2.12,424775,128516944.0,0.94,0.47,0.01,0.27
547,2017-04-05,2.13,2.18,2.18,2.13,741563,227986297.0,2.35,2.35,0.05,0.47
548,2017-04-06,2.17,2.18,2.19,2.16,707071,218573942.0,1.38,0.0,0.0,0.45
549,2017-04-07,2.18,2.18,2.19,2.16,743159,229935983.0,1.38,0.0,0.0,0.47
550,2017-04-10,2.18,2.19,2.22,2.18,1012379,315828144.0,1.83,0.46,0.01,0.64
551,2017-04-11,2.18,2.2,2.21,2.15,1215629,375590336.0,2.74,0.46,0.01,0.77
552,2017-04-12,2.18,2.23,2.33,2.15,2668308,844771760.0,8.18,1.36,0.03,1.7
553,2017-04-13,2.23,2.22,2.23,2.2,1127091,354513184.0,1.35,-0.45,-0.01,0.72
554,2017-04-14,2.22,2.28,2.34,2.21,3140503,1022567680.0,5.86,2.7,0.06,1.99
555,2017-04-17,2.26,2.28,2.28,2.23,1456755,465504432.0,2.19,0.0,0.0,0.93
556,2017-04-18,2.26,2.2,2.27,2.2,1256169,397192512.0,3.07,-3.51,-0.08,0.8
557,2017-04-19,2.19,2.15,2.2,2.13,1175718,360411168.0,3.18,-2.27,-0.05,0.75
558,2017-04-20,2.15,2.15,2.16,2.11,1092317,331612896.0,2.33,0.0,0.0,0.69
559,2017-04-21,2.18,2.16,2.2,2.15,757622,233816052.0,2.33,0.47,0.01,0.48
560,2017-04-24,2.15,2.11,2.16,2.11,740691,223577529.0,2.31,-2.31,-0.05,0.47
561,2017-04-25,2.12,2.13,2.15,2.11,449649,135871406.0,1.9,0.95,0.02,0.29
562,2017-04-26,2.13,2.11,2.13,2.09,518240,155421535.0,1.88,-0.94,-0.02,0.33
563,2017-04-27,2.1,2.1,2.11,2.07,698069,206996092.0,1.9,-0.47,-0.01,0.44
564,2017-04-28,2.1,2.13,2.13,2.1,685151,205874173.0,1.43,1.43,0.03,0.44
565,2017-05-02,2.12,2.11,2.13,2.1,382112,114870006.0,1.41,-0.94,-0.02,0.24
566,2017-05-03,2.1,2.05,2.11,2.04,1009746,297620512.0,3.32,-2.84,-0.06,0.64
567,2017-05-04,2.05,2.06,2.08,2.04,486891,142708077.0,1.95,0.49,0.01,0.31
568,2017-05-05,2.06,2.06,2.07,2.0,762858,220929084.0,3.4,0.0,0.0,0.48
569,2017-05-08,2.05,2.08,2.09,2.03,507590,148208480.0,2.91,0.97,0.02,0.32
570,2017-05-09,2.06,2.08,2.1,2.02,695971,203549726.0,3.85,0.0,0.0,0.44
571,2017-05-10,2.06,2.05,2.1,2.05,375714,110714417.0,2.4,-1.44,-0.03,0.24
572,2017-05-11,2.03,2.05,2.05,2.0,534610,154257170.0,2.44,0.0,0.0,0.34
573,2017-05-12,2.04,2.05,2.06,2.03,343090,99822312.0,1.46,0.0,0.0,0.22
574,2017-05-15,2.05,2.05,2.06,2.04,285910,83362842.0,0.98,0.0,0.0,0.18
575,2017-05-16,2.05,2.07,2.07,2.03,404706,117777717.0,1.95,0.98,0.02,0.26
576,2017-05-17,2.06,2.06,2.08,2.05,300349,88289820.0,1.45,-0.48,-0.01,0.19
577,2017-05-18,2.05,2.07,2.08,2.05,389215,114115612.0,1.46,0.49,0.01,0.25
578,2017-05-19,2.06,2.06,2.08,2.05,267790,78525299.0,1.45,-0.48,-0.01,0.17
579,2017-05-22,2.07,2.06,2.08,2.04,545867,160426618.0,1.94,0.0,0.0,0.35
580,2017-05-23,2.06,2.08,2.08,2.03,665943,194759922.0,2.43,0.97,0.02,0.42
581,2017-05-24,2.08,2.08,2.08,2.05,307200,90400929.0,1.44,0.0,0.0,0.2
582,2017-05-25,2.08,2.1,2.11,2.07,570660,169926035.0,1.92,0.96,0.02,0.36
583,2017-05-26,2.1,2.1,2.12,2.1,359487,107487238.0,0.95,0.0,0.0,0.23
584,2017-05-31,2.13,2.16,2.19,2.13,826239,181280186.0,2.86,2.86,0.06,0.37
585,2017-06-01,2.14,2.12,2.15,2.09,1013151,216763309.0,2.78,-1.85,-0.04,0.46
586,2017-06-02,2.11,2.11,2.12,2.08,422976,90257996.0,1.89,-0.47,-0.01,0.19
587,2017-06-05,2.11,2.12,2.13,2.11,489442,105160238.0,0.95,0.47,0.01,0.22
588,2017-06-06,2.12,2.13,2.15,2.11,565309,122556250.0,1.89,0.47,0.01,0.26
589,2017-06-07,2.14,2.16,2.17,2.13,848416,185047746.0,1.88,1.41,0.03,0.38
590,2017-06-08,2.16,2.16,2.16,2.14,538085,117306054.0,0.93,0.0,0.0,0.24
591,2017-06-09,2.15,2.14,2.16,2.14,471758,102603399.0,0.93,-0.93,-0.02,0.21
592,2017-06-12,2.13,2.12,2.14,2.11,472347,101625794.0,1.4,-0.93,-0.02,0.21
593,2017-06-13,2.11,2.15,2.15,2.11,397868,85975616.0,1.89,1.42,0.03,0.18
594,2017-06-14,2.15,2.14,2.17,2.13,479758,104584397.0,1.86,-0.47,-0.01,0.22
595,2017-06-15,2.14,2.15,2.16,2.13,479197,104177704.0,1.4,0.47,0.01,0.22
596,2017-06-16,2.14,2.15,2.16,2.14,523475,114206452.0,0.93,0.0,0.0,0.24
597,2017-06-19,2.15,2.16,2.16,2.14,359085,78292659.0,0.93,0.47,0.01,0.16
598,2017-06-20,2.16,2.17,2.18,2.15,787080,172658695.0,1.39,0.46,0.01,0.36
599,2017-06-21,2.17,2.16,2.18,2.15,617638,135623062.0,1.38,-0.46,-0.01,0.28
600,2017-06-22,2.16,2.14,2.17,2.14,544507,119230864.0,1.39,-0.93,-0.02,0.25
601,2017-06-23,2.14,2.14,2.15,2.11,661640,142740648.0,1.87,0.0,0.0,0.3
602,2017-06-26,2.14,2.16,2.16,2.12,579011,125856234.0,1.87,0.93,0.02,0.26
603,2017-06-27,2.15,2.15,2.16,2.14,475739,103789266.0,0.93,-0.46,-0.01,0.22
604,2017-06-28,2.15,2.17,2.19,2.14,1158698,255058801.0,2.33,0.93,0.02,0.53
605,2017-06-29,2.17,2.18,2.18,2.16,617337,135805274.0,0.92,0.46,0.01,0.28
606,2017-06-30,2.17,2.16,2.17,2.15,400918,87888960.0,0.92,-0.92,-0.02,0.18
607,2017-07-03,2.16,2.21,2.21,2.16,1492200,331830944.0,2.31,2.31,0.05,0.68
608,2017-07-04,2.21,2.19,2.21,2.17,904761,201027073.0,1.81,-0.9,-0.02,0.41
609,2017-07-05,2.18,2.2,2.21,2.18,721557,160600154.0,1.37,0.46,0.01,0.33
610,2017-07-06,2.2,2.26,2.26,2.19,1823214,411662352.0,3.18,2.73,0.06,0.83
611,2017-07-07,2.24,2.35,2.41,2.22,3588958,839066832.0,8.41,3.98,0.09,1.63
612,2017-07-10,2.33,2.35,2.39,2.31,2672178,635957792.0,3.4,0.0,0.0,1.21
613,2017-07-11,2.33,2.3,2.35,2.29,1669914,392306640.0,2.55,-2.13,-0.05,0.76
614,2017-07-12,2.3,2.29,2.32,2.25,1303880,302087504.0,3.04,-0.43,-0.01,0.59
615,2017-07-13,2.3,2.39,2.42,2.28,3792299,910847040.0,6.11,4.37,0.1,1.72
616,2017-07-14,2.36,2.36,2.38,2.34,1572212,375319520.0,1.67,-1.26,-0.03,0.71
617,2017-07-17,2.37,2.32,2.42,2.28,2913100,694297968.0,5.93,-1.69,-0.04,1.32
618,2017-07-18,2.31,2.45,2.46,2.29,3587061,864721984.0,7.33,5.6,0.13,1.63
619,2017-07-19,2.44,2.5,2.54,2.42,4293049,1085519632.0,4.9,2.04,0.05,1.95
620,2017-07-20,2.49,2.51,2.53,2.45,2961137,745923760.0,3.2,0.4,0.01,1.34
621,2017-07-21,2.5,2.48,2.5,2.45,1843714,462157680.0,1.99,-1.2,-0.03,0.84
622,2017-07-24,2.47,2.46,2.51,2.45,1616931,405385520.0,2.42,-0.81,-0.02,0.73
623,2017-07-25,2.46,2.44,2.48,2.42,1782421,441334640.0,2.44,-0.81,-0.02,0.81
624,2017-07-26,2.45,2.49,2.5,2.43,2657298,664057856.0,2.87,2.05,0.05,1.21
625,2017-07-27,2.47,2.47,2.55,2.45,2763723,696464608.0,4.02,-0.8,-0.02,1.25
626,2017-07-28,2.45,2.52,2.57,2.39,3602460,904980960.0,7.29,2.02,0.05,1.63
627,2017-07-31,2.51,2.78,2.78,2.5,8068903,2196065168.0,11.11,10.32,0.26,3.66
628,2017-08-01,2.86,2.74,2.87,2.7,6291979,1765949904.0,6.12,-1.44,-0.04,2.85
629,2017-08-02,2.74,2.86,2.96,2.71,7289094,2090538784.0,9.12,4.38,0.12,3.31
630,2017-08-03,2.81,2.89,2.93,2.79,4603155,1337099504.0,4.9,1.05,0.03,2.09
631,2017-08-04,2.89,2.91,3.14,2.87,6668561,2018000560.0,9.34,0.69,0.02,3.03
632,2017-08-07,2.98,3.02,3.04,2.8,6157928,1837256976.0,8.25,3.78,0.11,2.79
633,2017-08-08,2.99,2.93,3.11,2.91,5610264,1697081328.0,6.62,-2.98,-0.09,2.55
634,2017-08-09,2.87,2.96,2.97,2.83,4147546,1211630032.0,4.78,1.02,0.03,1.88
635,2017-08-10,2.92,2.88,2.94,2.86,3053233,895533072.0,2.7,-2.7,-0.08,1.39
636,2017-08-11,2.81,2.64,2.83,2.6,4493936,1236749264.0,7.99,-8.33,-0.24,2.04
637,2017-08-14,2.63,2.71,2.75,2.63,2993624,817884224.0,4.55,2.65,0.07,1.36
638,2017-08-15,2.7,2.72,2.74,2.68,2273486,622528944.0,2.21,0.37,0.01,1.03
639,2017-08-16,2.71,2.67,2.72,2.66,2131872,579917216.0,2.21,-1.84,-0.05,0.97
640,2017-08-17,2.71,2.69,2.73,2.67,1583783,430963936.0,2.25,0.75,0.02,0.72
641,2017-08-18,2.66,2.64,2.66,2.61,1823052,486193488.0,1.86,-1.86,-0.05,0.83
642,2017-08-21,2.64,2.7,2.71,2.63,1476764,399045968.0,3.03,2.27,0.06,0.67
643,2017-08-22,2.7,2.67,2.7,2.65,1229516,332706752.0,1.85,-1.11,-0.03,0.56
644,2017-08-23,2.63,2.62,2.65,2.58,1737098,459226416.0,2.62,-1.87,-0.05,0.79
645,2017-08-24,2.66,2.61,2.67,2.61,1510129,403088144.0,2.29,-0.38,-0.01,0.69
646,2017-08-25,2.62,2.67,2.67,2.61,1759978,471508256.0,2.3,2.3,0.06,0.8
647,2017-08-28,2.65,2.69,2.71,2.63,1631322,441228512.0,3.0,0.75,0.02,0.74
648,2017-08-29,2.68,2.69,2.73,2.67,1556794,425306256.0,2.23,0.0,0.0,0.71
649,2017-08-30,2.67,2.77,2.79,2.67,2809952,776937776.0,4.46,2.97,0.08,1.28
650,2017-08-31,2.75,2.76,2.77,2.72,1808939,501497680.0,1.81,-0.36,-0.01,0.82
651,2017-09-01,2.76,2.86,2.99,2.75,4994304,1450693760.0,8.7,3.62,0.1,2.27
652,2017-09-04,2.86,2.87,2.93,2.83,2976196,864101552.0,3.5,0.35,0.01,1.35
653,2017-09-05,2.87,2.83,2.87,2.8,1653794,472583600.0,2.44,-1.39,-0.04,0.75
654,2017-09-06,2.81,2.85,2.87,2.78,1853180,532488896.0,3.18,0.71,0.02,0.84
655,2017-09-07,2.83,2.79,2.84,2.78,1511135,427447696.0,2.11,-2.11,-0.06,0.69
656,2017-09-08,2.77,2.77,2.81,2.76,984745,276900960.0,1.79,-0.72,-0.02,0.45
657,2017-09-11,2.75,2.81,2.81,2.74,1221197,343242528.0,2.53,1.44,0.04,0.55
658,2017-09-12,2.81,2.87,2.95,2.81,3803603,1107720944.0,4.98,2.14,0.06,1.73
659,2017-09-13,2.85,2.86,2.89,2.83,1730373,499919664.0,2.09,-0.35,-0.01,0.79
660,2017-09-14,2.85,2.8,2.87,2.79,1551326,442656752.0,2.8,-2.1,-0.06,0.7
661,2017-09-15,2.8,2.73,2.8,2.71,1614131,446861376.0,3.21,-2.5,-0.07,0.73
662,2017-09-18,2.72,2.73,2.76,2.69,772947,213217945.0,2.56,0.0,0.0,0.35
663,2017-09-19,2.73,2.68,2.75,2.67,1134298,309557984.0,2.93,-1.83,-0.05,0.51
664,2017-09-20,2.68,2.7,2.71,2.65,985867,267494303.0,2.24,0.75,0.02,0.45
665,2017-09-21,2.69,2.68,2.72,2.67,911382,247501447.0,1.85,-0.74,-0.02,0.41
666,2017-09-22,2.66,2.67,2.68,2.63,1035405,278301456.0,1.87,-0.37,-0.01,0.47
667,2017-09-25,2.65,2.63,2.67,2.62,889116,238163785.0,1.87,-1.5,-0.04,0.4
668,2017-09-26,2.63,2.67,2.67,2.63,772316,207578909.0,1.52,1.52,0.04,0.35
669,2017-09-27,2.68,2.69,2.72,2.65,1050710,286286544.0,2.62,0.75,0.02,0.48
670,2017-09-28,2.69,2.67,2.7,2.66,703158,189847731.0,1.49,-0.74,-0.02,0.32
671,2017-09-29,2.67,2.67,2.69,2.64,691261,186104263.0,1.87,0.0,0.0,0.31
672,2017-10-09,2.7,2.69,2.71,2.67,673212,182553015.0,1.5,0.75,0.02,0.31
673,2017-10-10,2.68,2.66,2.68,2.62,951261,254338699.0,2.23,-1.12,-0.03,0.43
674,2017-10-11,2.65,2.64,2.66,2.63,584799,155993291.0,1.13,-0.75,-0.02,0.27
675,2017-10-12,2.64,2.64,2.65,2.59,837833,222470956.0,2.27,0.0,0.0,0.38
676,2017-10-13,2.64,2.63,2.65,2.62,564581,150296036.0,1.14,-0.38,-0.01,0.26
677,2017-10-16,2.64,2.63,2.66,2.62,730056,194718486.0,1.52,0.0,0.0,0.33
678,2017-10-17,2.62,2.61,2.63,2.6,453120,119563018.0,1.14,-0.76,-0.02,0.21
679,2017-10-18,2.61,2.55,2.61,2.55,761953,198866302.0,2.3,-2.3,-0.06,0.35
680,2017-10-19,2.54,2.48,2.54,2.47,995121,251276860.0,2.75,-2.75,-0.07,0.45
681,2017-10-20,2.47,2.53,2.54,2.45,754932,190992748.0,3.63,2.02,0.05,0.34
682,2017-10-23,2.53,2.53,2.54,2.51,401699,102848927.0,1.19,0.0,0.0,0.18
683,2017-10-24,2.53,2.58,2.59,2.52,621589,161460115.0,2.77,1.98,0.05,0.28
684,2017-10-25,2.59,2.6,2.62,2.57,703879,185123011.0,1.94,0.78,0.02,0.32
685,2017-10-26,2.6,2.62,2.63,2.59,490192,129472739.0,1.54,0.77,0.02,0.22
686,2017-10-27,2.62,2.65,2.7,2.62,1139596,306671776.0,3.05,1.15,0.03,0.52
687,2017-10-30,2.65,2.58,2.65,2.57,810595,212651403.0,3.02,-2.64,-0.07,0.37
688,2017-10-31,2.57,2.57,2.6,2.55,672112,174741017.0,1.94,-0.39,-0.01,0.3
689,2017-11-01,2.58,2.6,2.61,2.57,624379,163790181.0,1.56,1.17,0.03,0.28
690,2017-11-02,2.6,2.56,2.6,2.55,500822,130342159.0,1.92,-1.54,-0.04,0.23
691,2017-11-03,2.56,2.51,2.57,2.49,657325,166964746.0,3.13,-1.95,-0.05,0.3
692,2017-11-06,2.51,2.58,2.59,2.5,944853,243109508.0,3.59,2.79,0.07,0.43
693,2017-11-07,2.56,2.64,2.65,2.56,1134896,301073408.0,3.49,2.33,0.06,0.51
694,2017-11-08,2.63,2.65,2.67,2.61,1068267,286069728.0,2.27,0.38,0.01,0.48
695,2017-11-09,2.65,2.63,2.67,2.62,519721,138756334.0,1.89,-0.75,-0.02,0.24
696,2017-11-10,2.62,2.62,2.63,2.59,536411,141518141.0,1.52,-0.38,-0.01,0.24
697,2017-11-13,2.62,2.66,2.66,2.59,964742,257081222.0,2.67,1.53,0.04,0.44
698,2017-11-14,2.67,2.65,2.7,2.64,1039152,280751600.0,2.26,-0.38,-0.01,0.47
699,2017-11-15,2.63,2.61,2.64,2.6,633296,167167278.0,1.51,-1.51,-0.04,0.29
700,2017-11-16,2.61,2.58,2.61,2.57,631483,165566143.0,1.53,-1.15,-0.03,0.29
701,2017-11-17,2.57,2.51,2.58,2.49,1035776,265163834.0,3.49,-2.71,-0.07,0.47
702,2017-11-20,2.51,2.54,2.54,2.44,662593,167388720.0,3.98,1.2,0.03,0.3
703,2017-11-21,2.54,2.53,2.56,2.51,612277,156916989.0,1.97,-0.39,-0.01,0.28
704,2017-11-22,2.54,2.56,2.56,2.53,594186,153144910.0,1.19,1.19,0.03,0.27
705,2017-11-23,2.56,2.51,2.57,2.5,667306,171655757.0,2.73,-1.95,-0.05,0.3
706,2017-11-24,2.49,2.54,2.55,2.48,631395,160545058.0,2.79,1.2,0.03,0.29
707,2017-11-27,2.53,2.5,2.55,2.49,724883,185214761.0,2.36,-1.57,-0.04,0.33
708,2017-11-28,2.5,2.55,2.57,2.48,985347,252576920.0,3.6,2.0,0.05,0.45
709,2017-11-29,2.56,2.61,2.61,2.54,1432227,374399376.0,2.75,2.35,0.06,0.65
710,2017-11-30,2.6,2.57,2.61,2.56,794897,207827279.0,1.92,-1.53,-0.04,0.36
711,2017-12-01,2.57,2.59,2.6,2.53,920022,239518195.0,2.72,0.78,0.02,0.42
712,2017-12-04,2.6,2.62,2.64,2.58,1114847,294116640.0,2.32,1.16,0.03,0.51
713,2017-12-05,2.61,2.52,2.61,2.51,1194604,308566336.0,3.82,-3.82,-0.1,0.54
714,2017-12-06,2.5,2.52,2.52,2.47,907375,229004429.0,1.98,0.0,0.0,0.41
715,2017-12-07,2.51,2.49,2.52,2.48,404301,102308186.0,1.59,-1.19,-0.03,0.18
716,2017-12-08,2.49,2.52,2.54,2.48,601247,153008296.0,2.41,1.2,0.03,0.27
717,2017-12-11,2.52,2.58,2.59,2.51,1055516,271863696.0,3.17,2.38,0.06,0.48
718,2017-12-12,2.57,2.56,2.59,2.56,787147,204832627.0,1.16,-0.78,-0.02,0.36
719,2017-12-13,2.56,2.56,2.57,2.54,581310,150184870.0,1.17,0.0,0.0,0.26
720,2017-12-14,2.56,2.54,2.56,2.53,393089,101003394.0,1.17,-0.78,-0.02,0.18
721,2017-12-15,2.53,2.51,2.54,2.5,470796,119706832.0,1.57,-1.18,-0.03,0.21
722,2017-12-18,2.52,2.51,2.55,2.5,618158,157959501.0,1.99,0.0,0.0,0.28
723,2017-12-19,2.51,2.52,2.52,2.49,428488,108593103.0,1.2,0.4,0.01,0.19
724,2017-12-20,2.51,2.48,2.51,2.47,585986,147698963.0,1.59,-1.59,-0.04,0.27
725,2017-12-21,2.47,2.49,2.51,2.47,395637,99693973.0,1.61,0.4,0.01,0.18
726,2017-12-22,2.49,2.48,2.52,2.47,570055,143683514.0,2.01,-0.4,-0.01,0.26
727,2017-12-25,2.47,2.38,2.48,2.37,949133,233896332.0,4.44,-4.03,-0.1,0.43
728,2017-12-26,2.37,2.39,2.4,2.36,672079,162128709.0,1.68,0.42,0.01,0.3
729,2017-12-27,2.39,2.4,2.42,2.38,439579,107037187.0,1.67,0.42,0.01,0.2
730,2017-12-28,2.39,2.44,2.45,2.39,785763,192937497.0,2.5,1.67,0.04,0.36
731,2017-12-29,2.43,2.43,2.44,2.4,644777,157779707.0,1.64,-0.41,-0.01,0.29
732,2018-01-02,2.43,2.47,2.48,2.42,816265,202762528.0,2.47,1.65,0.04,0.37
733,2018-01-03,2.46,2.48,2.49,2.45,668218,167198102.0,1.62,0.4,0.01,0.3
734,2018-01-04,2.47,2.47,2.48,2.45,627935,156639140.0,1.21,-0.4,-0.01,0.28
735,2018-01-05,2.48,2.47,2.48,2.46,475942,119118101.0,0.81,0.0,0.0,0.22
736,2018-01-08,2.47,2.51,2.52,2.46,1048557,264602833.0,2.43,1.62,0.04,0.48
737,2018-01-09,2.51,2.52,2.53,2.48,841306,213519217.0,1.99,0.4,0.01,0.38
738,2018-01-10,2.52,2.49,2.52,2.48,572323,144731268.0,1.59,-1.19,-0.03,0.26
739,2018-01-11,2.49,2.46,2.49,2.45,556845,139018041.0,1.61,-1.2,-0.03,0.25
740,2018-01-12,2.46,2.47,2.48,2.43,680600,169549313.0,2.03,0.41,0.01,0.31
741,2018-01-15,2.46,2.41,2.46,2.39,751991,184848245.0,2.83,-2.43,-0.06,0.34
742,2018-01-16,2.4,2.42,2.42,2.39,470717,114796728.0,1.24,0.41,0.01,0.21
743,2018-01-17,2.41,2.43,2.43,2.39,505748,123613184.0,1.65,0.41,0.01,0.23
744,2018-01-18,2.43,2.46,2.48,2.42,737085,183472064.0,2.47,1.23,0.03,0.33
745,2018-01-19,2.46,2.44,2.47,2.43,517536,128481862.0,1.63,-0.81,-0.02,0.23
746,2018-01-22,2.44,2.47,2.48,2.43,624910,155659067.0,2.05,1.23,0.03,0.28
747,2018-01-23,2.47,2.46,2.47,2.44,429510,106656087.0,1.21,-0.4,-0.01,0.19
748,2018-01-24,2.45,2.46,2.46,2.44,466041,115543923.0,0.81,0.0,0.0,0.21
749,2018-01-25,2.51,2.52,2.56,2.5,1525372,389591824.0,2.44,2.44,0.06,0.69
750,2018-01-26,2.5,2.49,2.51,2.48,644074,162475949.0,1.19,-1.19,-0.03,0.29
751,2018-01-29,2.5,2.51,2.54,2.49,924211,235181766.0,2.01,0.8,0.02,0.42
752,2018-01-30,2.5,2.49,2.51,2.48,556799,140500182.0,1.2,-0.8,-0.02,0.25
753,2018-01-31,2.49,2.45,2.49,2.43,708314,175782926.0,2.41,-1.61,-0.04,0.32
754,2018-02-01,2.45,2.41,2.5,2.4,999386,247596590.0,4.08,-1.63,-0.04,0.45
755,2018-02-02,2.4,2.47,2.47,2.32,935441,227913529.0,6.22,2.49,0.06,0.42
756,2018-02-05,2.43,2.49,2.51,2.42,972804,243420558.0,3.64,0.81,0.02,0.44
757,2018-02-06,2.47,2.4,2.47,2.37,1180174,289676016.0,4.02,-3.61,-0.09,0.54
758,2018-02-07,2.42,2.4,2.45,2.36,855116,208790061.0,3.75,0.0,0.0,0.39
759,2018-02-08,2.39,2.39,2.41,2.36,648074,156451917.0,2.08,-0.42,-0.01,0.29
760,2018-02-09,2.35,2.25,2.36,2.19,1681433,385381744.0,7.11,-5.86,-0.14,0.76
761,2018-02-12,2.26,2.27,2.28,2.23,703673,161119577.0,2.22,0.89,0.02,0.32
762,2018-02-13,2.28,2.28,2.29,2.26,480847,110875600.0,1.32,0.44,0.01,0.22
763,2018-02-14,2.28,2.29,2.3,2.26,398893,92212081.0,1.75,0.44,0.01,0.18
764,2018-02-22,2.29,2.33,2.35,2.29,813924,191455193.0,2.62,1.75,0.04,0.37
765,2018-02-23,2.33,2.32,2.33,2.28,824211,191942051.0,2.15,-0.43,-0.01,0.37
766,2018-02-26,2.31,2.34,2.35,2.3,819435,192910075.0,2.16,0.86,0.02,0.37
767,2018-02-27,2.33,2.32,2.33,2.3,498432,116911933.0,1.28,-0.85,-0.02,0.23
768,2018-02-28,2.3,2.34,2.36,2.28,799775,187973356.0,3.45,0.86,0.02,0.36
769,2018-03-01,2.32,2.33,2.34,2.31,399856,94081196.0,1.28,-0.43,-0.01,0.18
770,2018-03-02,2.31,2.31,2.34,2.29,565236,132230195.0,2.15,-0.86,-0.02,0.26
771,2018-03-05,2.3,2.29,2.31,2.27,489847,113445141.0,1.73,-0.87,-0.02,0.22
772,2018-03-06,2.28,2.31,2.32,2.27,560278,130176523.0,2.18,0.87,0.02,0.25
773,2018-03-07,2.31,2.29,2.31,2.28,398310,92696029.0,1.3,-0.87,-0.02,0.18
774,2018-03-08,2.29,2.3,2.31,2.28,325329,75654233.0,1.31,0.44,0.01,0.15
775,2018-03-09,2.3,2.3,2.3,2.27,560779,129912606.0,1.3,0.0,0.0,0.25
776,2018-03-12,2.29,2.31,2.31,2.28,761845,177106655.0,1.3,0.43,0.01,0.35
777,2018-03-13,2.3,2.28,2.3,2.27,776590,179661862.0,1.3,-1.3,-0.03,0.35
778,2018-03-14,2.27,2.29,2.31,2.27,1093443,254043020.0,1.75,0.44,0.01,0.5
779,2018-03-15,2.28,2.27,2.29,2.25,823408,188854657.0,1.75,-0.87,-0.02,0.37
780,2018-03-16,2.26,2.26,2.27,2.25,411704,94191590.0,0.88,-0.44,-0.01,0.19
781,2018-03-19,2.26,2.24,2.26,2.23,999015,227053211.0,1.33,-0.88,-0.02,0.45
782,2018-03-20,2.23,2.24,2.24,2.21,533930,120446885.0,1.34,0.0,0.0,0.24
783,2018-03-21,2.24,2.23,2.26,2.22,518389,117725247.0,1.79,-0.45,-0.01,0.24
784,2018-03-22,2.23,2.23,2.24,2.21,355773,80078451.0,1.35,0.0,0.0,0.16
785,2018-03-23,2.2,2.12,2.2,2.08,1128302,245118541.0,5.38,-4.93,-0.11,0.51
786,2018-03-26,2.09,2.14,2.15,2.05,789556,169198992.0,4.72,0.94,0.02,0.36
787,2018-03-27,2.14,2.16,2.18,2.13,718595,156866338.0,2.34,0.93,0.02,0.33
788,2018-03-28,2.14,2.14,2.15,2.12,443634,95908339.0,1.39,-0.93,-0.02,0.2
789,2018-03-29,2.14,2.16,2.18,2.12,811520,176988348.0,2.8,0.93,0.02,0.37
790,2018-03-30,2.16,2.15,2.17,2.14,404112,88291884.0,1.39,-0.46,-0.01,0.18
791,2018-04-02,2.16,2.16,2.18,2.15,554471,121508192.0,1.4,0.47,0.01,0.25
792,2018-04-03,2.15,2.14,2.15,2.12,501804,108794588.0,1.39,-0.93,-0.02,0.23
793,2018-04-04,2.13,2.15,2.15,2.13,372362,80964864.0,0.93,0.47,0.01,0.17
794,2018-04-20,2.19,2.1,2.19,2.06,1012614,217074222.0,6.05,-2.33,-0.05,0.46
795,2018-04-23,2.08,2.06,2.09,2.04,662434,138479085.0,2.38,-1.9,-0.04,0.3
796,2018-04-24,2.06,2.09,2.1,2.05,489835,103515924.0,2.43,1.46,0.03,0.22
797,2018-04-25,2.07,2.08,2.08,2.06,376598,79139019.0,0.96,-0.48,-0.01,0.17
798,2018-04-26,2.07,2.07,2.08,2.05,337501,70501831.0,1.44,-0.48,-0.01,0.15
799,2018-04-27,2.06,2.05,2.07,2.03,554679,115185714.0,1.93,-0.97,-0.02,0.25
800,2018-05-02,2.04,2.01,2.05,1.99,699366,142522511.0,2.93,-1.95,-0.04,0.32
801,2018-05-03,2.0,2.01,2.01,1.96,635813,128073413.0,2.49,0.0,0.0,0.29
802,2018-05-04,2.0,1.99,2.01,1.97,516175,104062937.0,1.99,-1.0,-0.02,0.23
803,2018-05-07,1.98,2.0,2.0,1.97,649607,130920771.0,1.51,0.5,0.01,0.29
804,2018-05-08,1.99,2.0,2.0,1.98,426220,86143419.0,1.0,0.0,0.0,0.19
805,2018-05-09,1.99,1.99,2.0,1.97,680182,136749607.0,1.5,-0.5,-0.01,0.31
806,2018-05-10,1.99,1.99,1.99,1.97,478233,95931495.0,1.01,0.0,0.0,0.22
807,2018-05-11,1.98,1.99,1.99,1.97,457092,91914103.0,1.01,0.0,0.0,0.21
808,2018-05-14,1.98,1.98,1.99,1.97,502209,100756639.0,1.01,-0.5,-0.01,0.23
809,2018-05-15,1.98,1.99,1.99,1.97,451238,90739482.0,1.01,0.51,0.01,0.2
810,2018-05-16,1.99,1.98,1.99,1.97,358296,72102346.0,1.01,-0.5,-0.01,0.16
811,2018-05-17,1.98,1.98,1.99,1.96,714076,142933622.0,1.52,0.0,0.0,0.32
812,2018-05-18,1.97,1.98,1.98,1.96,381245,76392976.0,1.01,0.0,0.0,0.17
813,2018-05-21,1.99,2.03,2.04,1.98,1318234,270705936.0,3.03,2.53,0.05,0.6
814,2018-05-22,2.02,2.03,2.03,2.01,725982,148861549.0,0.99,0.0,0.0,0.33
815,2018-05-23,2.02,1.99,2.03,1.99,718634,146060368.0,1.97,-1.97,-0.04,0.33
816,2018-05-24,1.98,1.98,2.0,1.98,514114,103806853.0,1.01,-0.5,-0.01,0.23
817,2018-05-25,1.99,1.98,1.99,1.97,549124,110354345.0,1.01,0.0,0.0,0.25
818,2018-05-28,1.97,1.78,1.98,1.78,5364702,995058576.0,10.1,-10.1,-0.2,1.69
819,2018-05-29,1.71,1.73,1.76,1.64,3041688,527523472.0,6.74,-2.81,-0.05,0.96
820,2018-05-30,1.69,1.65,1.71,1.64,2161934,368900128.0,4.05,-4.62,-0.08,0.68
821,2018-05-31,1.67,1.68,1.69,1.63,2117529,356361520.0,3.64,1.82,0.03,0.67
822,2018-06-01,1.66,1.66,1.68,1.64,1311446,221897428.0,2.38,-1.19,-0.02,0.41
823,2018-06-04,1.65,1.65,1.67,1.63,1329804,222553084.0,2.41,-0.6,-0.01,0.42
824,2018-06-05,1.64,1.65,1.65,1.62,1687185,280757984.0,1.82,0.0,0.0,0.53
825,2018-06-06,1.63,1.65,1.65,1.62,1150795,191813963.0,1.82,0.0,0.0,0.36
826,2018-06-07,1.64,1.67,1.7,1.64,2480313,423132336.0,3.64,1.21,0.02,0.78
827,2018-06-08,1.66,1.66,1.67,1.64,1351975,227956300.0,1.8,-0.6,-0.01,0.43
828,2018-06-11,1.65,1.67,1.68,1.64,1047637,177358374.0,2.41,0.6,0.01,0.33
829,2018-06-12,1.66,1.67,1.67,1.64,1210024,203800407.0,1.8,0.0,0.0,0.38
830,2018-06-13,1.65,1.66,1.68,1.65,1197397,202417872.0,1.8,-0.6,-0.01,0.38
831,2018-06-14,1.65,1.68,1.7,1.64,2430076,413581696.0,3.61,1.2,0.02,0.77
832,2018-06-15,1.67,1.67,1.68,1.65,1904707,322008880.0,1.79,-0.6,-0.01,0.6
833,2018-06-19,1.65,1.5,1.65,1.5,3205214,503704928.0,8.98,-10.18,-0.17,1.01
834,2018-06-20,1.46,1.48,1.49,1.42,2978335,442968960.0,4.67,-1.33,-0.02,0.94
835,2018-06-21,1.46,1.58,1.63,1.45,5617881,904016256.0,12.16,6.76,0.1,1.77
836,2018-06-22,1.53,1.57,1.58,1.49,3608539,562523040.0,5.7,-0.63,-0.01,1.14
837,2018-06-25,1.57,1.51,1.57,1.5,2266331,353834512.0,4.46,-3.82,-0.06,0.72
838,2018-06-26,1.48,1.52,1.52,1.46,1749834,266074768.0,3.97,0.66,0.01,0.55
839,2018-06-27,1.51,1.49,1.53,1.47,1832201,279686528.0,3.95,-1.97,-0.03,0.58
840,2018-06-28,1.49,1.49,1.52,1.48,1240108,189676852.0,2.68,0.0,0.0,0.39
841,2018-06-29,1.49,1.52,1.53,1.48,1636538,251737879.0,3.36,2.01,0.03,0.52
842,2018-07-02,1.51,1.49,1.52,1.47,1438439,218768021.0,3.29,-1.97,-0.03,0.45
843,2018-07-03,1.48,1.5,1.5,1.46,1280855,193388111.0,2.68,0.67,0.01,0.4
844,2018-07-04,1.49,1.51,1.54,1.48,1843040,283547040.0,4.0,0.67,0.01,0.58
845,2018-07-05,1.48,1.46,1.5,1.45,1585723,238260331.0,3.31,-3.31,-0.05,0.5
846,2018-07-06,1.45,1.46,1.47,1.43,1510700,223404469.0,2.74,0.0,0.0,0.48
847,2018-07-09,1.46,1.49,1.49,1.45,1079677,162720312.0,2.74,2.05,0.03,0.34
848,2018-07-10,1.48,1.5,1.51,1.48,1175612,179283967.0,2.01,0.67,0.01,0.37
849,2018-07-11,1.47,1.48,1.49,1.45,1217326,182565074.0,2.67,-1.33,-0.02,0.38
850,2018-07-12,1.47,1.5,1.51,1.47,1605948,245524061.0,2.7,1.35,0.02,0.51
851,2018-07-13,1.5,1.51,1.52,1.49,1316555,202728269.0,2.0,0.67,0.01,0.42
852,2018-07-16,1.51,1.52,1.52,1.5,827302,127318261.0,1.32,0.66,0.01,0.26
853,2018-07-17,1.51,1.51,1.52,1.49,729310,111683490.0,1.97,-0.66,-0.01,0.23
854,2018-07-18,1.5,1.49,1.51,1.49,771537,118002441.0,1.32,-1.32,-0.02,0.24
855,2018-07-19,1.49,1.51,1.52,1.49,1485966,227920877.0,2.01,1.34,0.02,0.47
856,2018-07-20,1.5,1.52,1.52,1.48,1710297,261945822.0,2.65,0.66,0.01,0.54
857,2018-07-23,1.5,1.54,1.54,1.5,2327071,361479552.0,2.63,1.32,0.02,0.73
858,2018-07-24,1.53,1.58,1.6,1.53,3248826,520778768.0,4.55,2.6,0.04,1.03
859,2018-07-25,1.57,1.61,1.65,1.55,3921217,637974784.0,6.33,1.9,0.03,1.24
860,2018-07-26,1.6,1.62,1.64,1.58,2875900,471589424.0,3.73,0.62,0.01,0.91
861,2018-07-27,1.62,1.68,1.69,1.61,3809647,637256432.0,4.94,3.7,0.06,1.2
862,2018-07-30,1.67,1.64,1.73,1.62,4330763,737909632.0,6.55,-2.38,-0.04,1.37
863,2018-07-31,1.62,1.64,1.65,1.6,1743824,288740496.0,3.05,0.0,0.0,0.55
864,2018-08-01,1.64,1.6,1.66,1.59,1901523,315305568.0,4.27,-2.44,-0.04,0.6
865,2018-08-02,1.59,1.58,1.6,1.53,2253270,358953072.0,4.38,-1.25,-0.02,0.71
866,2018-08-03,1.57,1.55,1.6,1.54,1737932,278547808.0,3.8,-1.9,-0.03,0.55
867,2018-08-06,1.54,1.55,1.57,1.53,1550685,244804744.0,2.58,0.0,0.0,0.49
868,2018-08-07,1.56,1.6,1.61,1.55,1804658,290088352.0,3.87,3.23,0.05,0.57
869,2018-08-08,1.59,1.63,1.65,1.59,2832307,468577216.0,3.75,1.88,0.03,0.89
870,2018-08-09,1.62,1.64,1.65,1.61,2304141,383170336.0,2.45,0.61,0.01,0.73
871,2018-08-10,1.63,1.62,1.64,1.59,1483725,244063528.0,3.05,-1.22,-0.02,0.47
872,2018-08-13,1.6,1.62,1.62,1.58,1724457,280425712.0,2.47,0.0,0.0,0.54
873,2018-08-14,1.61,1.6,1.61,1.59,1189219,193872813.0,1.23,-1.23,-0.02,0.38
874,2018-08-15,1.59,1.56,1.6,1.55,1471305,235522191.0,3.13,-2.5,-0.04,0.46
875,2018-08-16,1.54,1.55,1.57,1.53,1240513,195993888.0,2.56,-0.64,-0.01,0.39
876,2018-08-17,1.56,1.52,1.57,1.52,1220005,191865208.0,3.23,-1.94,-0.03,0.39
877,2018-08-20,1.52,1.54,1.54,1.51,1146316,178200721.0,1.97,1.32,0.02,0.36
878,2018-08-21,1.53,1.55,1.56,1.53,1003897,158030222.0,1.95,0.65,0.01,0.32
879,2018-08-22,1.54,1.53,1.55,1.53,648174,101744752.0,1.29,-1.29,-0.02,0.2
880,2018-08-23,1.53,1.53,1.54,1.51,836385,130109310.0,1.96,0.0,0.0,0.26
881,2018-08-24,1.53,1.53,1.54,1.52,609745,94948141.0,1.31,0.0,0.0,0.19
882,2018-08-27,1.53,1.55,1.56,1.52,1552388,244144941.0,2.61,1.31,0.02,0.49
883,2018-08-28,1.55,1.54,1.56,1.54,989422,156289118.0,1.29,-0.65,-0.01,0.31
884,2018-08-29,1.54,1.53,1.55,1.53,808672,126835947.0,1.3,-0.65,-0.01,0.26
885,2018-08-30,1.53,1.49,1.54,1.49,1222019,188466772.0,3.27,-2.61,-0.04,0.39
886,2018-08-31,1.48,1.48,1.5,1.47,1344350,203870393.0,2.01,-0.67,-0.01,0.42
887,2018-09-03,1.48,1.49,1.49,1.47,648193,97985618.0,1.35,0.68,0.01,0.2
888,2018-09-04,1.49,1.5,1.51,1.48,763185,116527868.0,2.01,0.67,0.01,0.24
889,2018-09-05,1.5,1.48,1.5,1.48,623209,94748270.0,1.33,-1.33,-0.02,0.2
890,2018-09-06,1.48,1.47,1.49,1.46,946703,142587321.0,2.03,-0.68,-0.01,0.3
891,2018-09-07,1.47,1.46,1.49,1.46,856508,128835122.0,2.04,-0.68,-0.01,0.27
892,2018-09-10,1.47,1.46,1.47,1.45,721500,107584045.0,1.37,0.0,0.0,0.23
893,2018-09-11,1.46,1.47,1.47,1.44,952081,141351928.0,2.05,0.68,0.01,0.3
894,2018-09-12,1.46,1.46,1.47,1.45,783243,116558938.0,1.36,-0.68,-0.01,0.25
895,2018-09-13,1.46,1.46,1.48,1.45,1226223,182991655.0,2.05,0.0,0.0,0.39
896,2018-09-14,1.46,1.47,1.47,1.45,1296357,193457668.0,1.37,0.68,0.01,0.41
897,2018-09-17,1.46,1.43,1.46,1.42,1380122,202591503.0,2.72,-2.72,-0.04,0.44
898,2018-09-18,1.42,1.45,1.46,1.41,1316383,193099231.0,3.5,1.4,0.02,0.42
899,2018-09-19,1.44,1.46,1.47,1.44,1289558,192075057.0,2.07,0.69,0.01,0.41
900,2018-09-20,1.46,1.47,1.48,1.45,1501396,224784414.0,2.05,0.68,0.01,0.47
901,2018-09-21,1.47,1.48,1.49,1.45,1634595,245473880.0,2.72,0.68,0.01,0.52
902,2018-09-25,1.47,1.46,1.48,1.46,812109,121704197.0,1.35,-1.35,-0.02,0.26
903,2018-09-26,1.47,1.49,1.51,1.46,1994344,302812640.0,3.42,2.05,0.03,0.63
904,2018-09-27,1.49,1.48,1.5,1.47,1108068,167557620.0,2.01,-0.67,-0.01,0.35
905,2018-09-28,1.48,1.63,1.63,1.47,9341082,1516933776.0,10.81,10.14,0.15,2.95
906,2018-10-08,1.6,1.63,1.66,1.58,7041142,1163429072.0,4.91,0.0,0.0,2.22
907,2018-10-09,1.62,1.63,1.65,1.6,3483018,576526000.0,3.07,0.0,0.0,1.1
908,2018-10-10,1.63,1.59,1.63,1.56,3976783,644997536.0,4.29,-2.45,-0.04,1.26
909,2018-10-11,1.54,1.49,1.56,1.47,4371396,674187424.0,5.66,-6.29,-0.1,1.38
910,2018-10-12,1.49,1.53,1.55,1.48,3518990,543145136.0,4.7,2.68,0.04,1.11
911,2018-10-15,1.54,1.54,1.57,1.51,2497897,391176000.0,3.92,0.65,0.01,0.79
912,2018-10-16,1.52,1.51,1.56,1.5,1840650,286363872.0,3.9,-1.95,-0.03,0.58
913,2018-10-17,1.53,1.51,1.54,1.49,1833106,281714688.0,3.31,0.0,0.0,0.58
914,2018-10-18,1.5,1.44,1.5,1.43,2692009,399425248.0,4.64,-4.64,-0.07,0.85
915,2018-10-19,1.42,1.47,1.48,1.41,2221519,328781808.0,4.86,2.08,0.03,0.7
916,2018-10-22,1.47,1.54,1.56,1.47,3076330,475611440.0,6.12,4.76,0.07,0.97
917,2018-10-23,1.53,1.49,1.53,1.48,2435030,373297296.0,3.25,-3.25,-0.05,0.77
918,2018-10-24,1.49,1.5,1.52,1.48,1748762,266881789.0,2.68,0.67,0.01,0.55
919,2018-10-25,1.46,1.5,1.5,1.44,1877404,281583920.0,4.0,0.0,0.0,0.59
920,2018-10-26,1.5,1.52,1.55,1.5,2716435,422496736.0,3.33,1.33,0.02,0.86
921,2018-10-29,1.51,1.49,1.52,1.48,1760982,270041136.0,2.63,-1.97,-0.03,0.56
922,2018-10-30,1.49,1.55,1.58,1.47,3384608,526597696.0,7.38,4.03,0.06,1.07
923,2018-10-31,1.55,1.59,1.64,1.53,4937458,800737776.0,7.1,2.58,0.04,1.56
924,2018-11-01,1.58,1.56,1.59,1.55,2943266,470789712.0,2.52,-1.89,-0.03,0.93
925,2018-11-02,1.57,1.59,1.6,1.56,2526234,406899904.0,2.56,1.92,0.03,0.8
926,2018-11-05,1.58,1.57,1.59,1.55,2189910,350421248.0,2.52,-1.26,-0.02,0.69
927,2018-11-06,1.56,1.56,1.57,1.55,1172219,186282581.0,1.27,-0.64,-0.01,0.37
928,2018-11-07,1.56,1.56,1.59,1.55,1910143,305840528.0,2.56,0.0,0.0,0.6
929,2018-11-08,1.57,1.57,1.58,1.55,1627475,259404562.0,1.92,0.64,0.01,0.51
930,2018-11-09,1.55,1.54,1.56,1.53,1196717,188540496.0,1.91,-1.91,-0.03,0.38
931,2018-11-12,1.53,1.57,1.58,1.52,1895554,300688576.0,3.9,1.95,0.03,0.6
932,2018-11-13,1.55,1.62,1.63,1.55,4377844,712415712.0,5.1,3.18,0.05,1.38
933,2018-11-14,1.61,1.64,1.71,1.6,6851529,1154610624.0,6.79,1.23,0.02,2.16
934,2018-11-15,1.63,1.65,1.65,1.61,2612293,433175632.0,2.44,0.61,0.01,0.82
935,2018-11-16,1.64,1.62,1.65,1.61,2273360,376946352.0,2.42,-1.82,-0.03,0.72
936,2018-11-19,1.62,1.64,1.64,1.6,1843863,303456928.0,2.47,1.23,0.02,0.58
937,2018-11-20,1.62,1.59,1.63,1.59,2111919,346256480.0,2.44,-3.05,-0.05,0.67
938,2018-11-21,1.57,1.59,1.6,1.54,3314342,530257952.0,3.77,0.0,0.0,1.05
939,2018-11-22,1.58,1.59,1.6,1.57,1507943,243228320.0,1.89,0.0,0.0,0.48
940,2018-11-23,1.58,1.54,1.59,1.53,1976873,313162992.0,3.77,-3.14,-0.05,0.62
941,2018-11-26,1.53,1.55,1.56,1.53,1049020,165283203.0,1.95,0.65,0.01,0.33
942,2018-11-27,1.55,1.54,1.56,1.53,956568,150777044.0,1.94,-0.65,-0.01,0.3
943,2018-11-28,1.54,1.55,1.56,1.52,1246226,195521644.0,2.6,0.65,0.01,0.39
944,2018-11-29,1.55,1.53,1.57,1.52,2217949,349854240.0,3.23,-1.29,-0.02,0.7
945,2018-11-30,1.52,1.5,1.53,1.47,3266217,498042912.0,3.92,-1.96,-0.03,1.03
946,2018-12-03,1.52,1.54,1.55,1.51,2623505,409559744.0,2.67,2.67,0.04,0.83
947,2018-12-04,1.54,1.55,1.56,1.52,1908287,300947936.0,2.6,0.65,0.01,0.6
948,2018-12-05,1.52,1.53,1.55,1.51,1883138,293396592.0,2.58,-1.29,-0.02,0.59
949,2018-12-06,1.53,1.51,1.54,1.5,1321907,204751823.0,2.61,-1.31,-0.02,0.42
950,2018-12-07,1.5,1.51,1.52,1.5,729471,112504282.0,1.32,0.0,0.0,0.23
951,2018-12-10,1.5,1.5,1.51,1.49,749524,114781730.0,1.32,-0.66,-0.01,0.24
952,2018-12-11,1.51,1.51,1.51,1.49,917502,140533157.0,1.33,0.67,0.01,0.29
953,2018-12-12,1.51,1.51,1.52,1.5,793316,122404913.0,1.32,0.0,0.0,0.25
954,2018-12-13,1.53,1.55,1.57,1.52,2228601,351333488.0,3.31,2.65,0.04,0.7
955,2018-12-14,1.55,1.53,1.58,1.53,2578725,408878800.0,3.23,-1.29,-0.02,0.81
956,2018-12-17,1.53,1.54,1.55,1.52,1404537,220124196.0,1.96,0.65,0.01,0.44
957,2018-12-18,1.53,1.53,1.55,1.52,921353,143975829.0,1.95,-0.65,-0.01,0.29
958,2018-12-19,1.54,1.52,1.54,1.52,717485,111791819.0,1.31,-0.65,-0.01,0.23
959,2018-12-20,1.52,1.52,1.53,1.51,825581,127917031.0,1.32,0.0,0.0,0.26
960,2018-12-21,1.52,1.52,1.53,1.51,789438,122415794.0,1.32,0.0,0.0,0.25
961,2018-12-24,1.52,1.51,1.52,1.5,809412,124774777.0,1.32,-0.66,-0.01,0.26
962,2018-12-25,1.5,1.49,1.51,1.46,1938045,292730720.0,3.31,-1.32,-0.02,0.61
963,2018-12-26,1.48,1.48,1.49,1.47,784446,118416704.0,1.34,-0.67,-0.01,0.25
964,2018-12-27,1.47,1.44,1.48,1.44,2267003,337099632.0,2.7,-2.7,-0.04,0.72
965,2018-12-28,1.43,1.45,1.46,1.42,983926,144522643.0,2.78,0.69,0.01,0.31
966,2019-01-02,1.45,1.44,1.46,1.43,722596,106396061.0,2.07,-0.69,-0.01,0.23
967,2019-01-03,1.44,1.46,1.47,1.43,718693,106495746.0,2.78,1.39,0.02,0.23
968,2019-01-04,1.44,1.49,1.49,1.44,1370592,205465895.0,3.42,2.05,0.03,0.43
969,2019-01-07,1.49,1.49,1.5,1.47,1368152,207936293.0,2.01,0.0,0.0,0.43
970,2019-01-08,1.49,1.48,1.5,1.47,929586,140886392.0,2.01,-0.67,-0.01,0.29
971,2019-01-09,1.48,1.48,1.51,1.48,1375576,209737496.0,2.03,0.0,0.0,0.43
972,2019-01-10,1.48,1.48,1.49,1.47,910986,137752038.0,1.35,0.0,0.0,0.29
973,2019-01-11,1.48,1.5,1.5,1.47,908710,138134336.0,2.03,1.35,0.02,0.29
974,2019-01-14,1.49,1.5,1.52,1.49,1459271,224057915.0,2.0,0.0,0.0,0.46
975,2019-01-15,1.5,1.5,1.51,1.48,1016299,154688101.0,2.0,0.0,0.0,0.32
976,2019-01-16,1.5,1.49,1.5,1.48,748481,113684972.0,1.33,-0.67,-0.01,0.24
977,2019-01-17,1.48,1.5,1.54,1.48,2313650,356763392.0,4.03,0.67,0.01,0.73
978,2019-01-18,1.5,1.54,1.54,1.49,3010511,467340544.0,3.33,2.67,0.04,0.95
979,2019-01-21,1.53,1.52,1.54,1.51,1524204,236538814.0,1.95,-1.3,-0.02,0.48
980,2019-01-22,1.52,1.48,1.52,1.47,1784061,271239808.0,3.29,-2.63,-0.04,0.56
981,2019-01-23,1.48,1.48,1.49,1.47,671398,101365649.0,1.35,0.0,0.0,0.21
982,2019-01-24,1.48,1.48,1.49,1.47,493006,74465958.0,1.35,0.0,0.0,0.16
983,2019-01-25,1.49,1.48,1.5,1.48,825837,125382771.0,1.35,0.0,0.0,0.26
984,2019-01-28,1.49,1.47,1.5,1.47,852620,129069629.0,2.03,-0.68,-0.01,0.27
985,2019-01-29,1.47,1.46,1.48,1.44,1334540,198520514.0,2.72,-0.68,-0.01,0.42
986,2019-01-30,1.46,1.45,1.47,1.45,646317,96470106.0,1.37,-0.68,-0.01,0.2
987,2019-01-31,1.46,1.44,1.47,1.44,1212042,179750439.0,2.07,-0.69,-0.01,0.38
988,2019-02-01,1.45,1.47,1.48,1.44,912588,136181451.0,2.78,2.08,0.03,0.29
989,2019-02-11,1.47,1.49,1.5,1.47,1396837,212288543.0,2.04,1.36,0.02,0.44
990,2019-02-12,1.49,1.51,1.52,1.48,1788996,274222784.0,2.68,1.34,0.02,0.56
991,2019-02-13,1.51,1.54,1.54,1.49,3263984,506688416.0,3.31,1.99,0.03,1.03
992,2019-02-14,1.53,1.53,1.54,1.52,2301491,358898128.0,1.3,-0.65,-0.01,0.73
993,2019-02-15,1.53,1.51,1.53,1.51,1659137,256976690.0,1.31,-1.31,-0.02,0.52
994,2019-02-18,1.52,1.55,1.55,1.51,2972904,464798064.0,2.65,2.65,0.04,0.94
995,2019-02-19,1.54,1.55,1.58,1.53,3618861,573559664.0,3.23,0.0,0.0,1.14
996,2019-02-20,1.55,1.55,1.58,1.53,2665981,422747040.0,3.23,0.0,0.0,0.84
997,2019-02-21,1.56,1.54,1.57,1.53,2825283,445808256.0,2.58,-0.65,-0.01,0.89
998,2019-02-22,1.53,1.56,1.56,1.52,3094427,484924064.0,2.6,1.3,0.02,0.98
999,2019-02-25,1.56,1.66,1.67,1.56,8919387,1470407152.0,7.05,6.41,0.1,2.82
1000,2019-02-26,1.65,1.79,1.83,1.62,15018096,2676564864.0,12.65,7.83,0.13,4.74
1001,2019-02-27,1.74,1.76,1.85,1.73,10144764,1833537120.0,6.7,-1.68,-0.03,3.2
1002,2019-02-28,1.76,1.74,1.79,1.72,5930505,1057042512.0,3.98,-1.14,-0.02,1.87
1003,2019-03-01,1.74,1.77,1.78,1.71,5013495,893176464.0,4.02,1.72,0.03,1.58
1004,2019-03-04,1.78,1.8,1.84,1.77,6899712,1259909776.0,3.95,1.69,0.03,2.18
1005,2019-03-05,1.78,1.81,1.81,1.77,4703062,853643088.0,2.22,0.56,0.01,1.48
1006,2019-03-06,1.8,1.99,1.99,1.79,18110600,3569165808.0,11.05,9.94,0.18,5.72
1007,2019-03-07,1.99,2.04,2.08,1.95,16138165,3300932384.0,6.53,2.51,0.05,5.09
1008,2019-03-08,1.98,1.88,1.99,1.87,10292017,2034464592.0,5.88,-7.84,-0.16,3.25
1009,2019-03-11,1.87,1.93,1.95,1.86,6701269,1302627488.0,4.79,2.66,0.05,2.12
1010,2019-03-12,1.94,1.92,1.96,1.89,6714576,1314556528.0,3.63,-0.52,-0.01,2.12
1011,2019-03-13,1.91,1.9,1.93,1.87,5523039,1062888272.0,3.13,-1.04,-0.02,1.74
1012,2019-03-14,1.88,1.83,1.92,1.8,6054324,1147135472.0,6.32,-3.68,-0.07,1.91
1013,2019-03-15,1.84,1.84,1.86,1.82,3933121,735531056.0,2.19,0.55,0.01,1.24
1014,2019-03-18,1.87,1.92,1.93,1.86,6034839,1167312176.0,3.8,4.35,0.08,1.91
1015,2019-03-19,1.91,1.89,1.92,1.88,3434473,661614336.0,2.08,-1.56,-0.03,1.08
1016,2019-03-20,1.89,1.88,1.89,1.85,3188083,606489520.0,2.12,-0.53,-0.01,1.01
1017,2019-03-21,1.88,1.89,1.9,1.87,3552992,681492896.0,1.6,0.53,0.01,1.12
1018,2019-03-22,1.88,1.88,1.89,1.85,3218077,610143552.0,2.12,-0.53,-0.01,1.02
1019,2019-03-25,1.84,1.83,1.86,1.82,3405885,636529040.0,2.13,-2.66,-0.05,1.08
1020,2019-03-26,1.83,1.77,1.84,1.76,3684745,671937024.0,4.37,-3.28,-0.06,1.16
1021,2019-03-27,1.78,1.76,1.79,1.75,2434396,436301504.0,2.26,-0.56,-0.01,0.77
1022,2019-03-28,1.75,1.73,1.76,1.72,2325752,412092576.0,2.27,-1.7,-0.03,0.73
1023,2019-03-29,1.73,1.8,1.8,1.72,3688433,665690992.0,4.62,4.05,0.07,1.16
1024,2019-04-01,1.81,1.86,1.88,1.8,4403577,828081248.0,4.44,3.33,0.06,1.39
1025,2019-04-02,1.87,1.87,1.88,1.82,4060662,763735536.0,3.23,0.54,0.01,1.28
1026,2019-04-03,1.85,1.87,1.89,1.84,3671347,695442720.0,2.67,0.0,0.0,1.16
1027,2019-04-04,1.88,1.86,1.89,1.85,4578912,868959328.0,2.14,-0.53,-0.01,1.45
1028,2019-04-08,1.87,1.91,1.92,1.86,7785557,1493187840.0,3.23,2.69,0.05,2.46
1029,2019-04-09,1.9,1.87,1.9,1.86,4120656,784201184.0,2.09,-2.09,-0.04,1.3
1030,2019-04-10,1.86,1.85,1.87,1.82,3555429,665037920.0,2.67,-1.07,-0.02,1.12
1031,2019-04-11,1.84,1.82,1.85,1.81,2587703,480846576.0,2.16,-1.62,-0.03,0.82
1032,2019-04-12,1.81,1.81,1.82,1.79,2174234,399045952.0,1.65,-0.55,-0.01,0.69
1033,2019-04-15,1.83,1.81,1.84,1.8,2608039,483189392.0,2.21,0.0,0.0,0.82
1034,2019-04-16,1.8,1.83,1.84,1.78,3185521,587174032.0,3.31,1.1,0.02,1.01
1035,2019-04-17,1.83,1.83,1.84,1.81,2400046,444813504.0,1.64,0.0,0.0,0.76
1036,2019-04-18,1.83,1.81,1.83,1.8,1745910,322196800.0,1.64,-1.09,-0.02,0.55
1037,2019-04-19,1.82,1.83,1.84,1.79,2721676,501948736.0,2.76,1.1,0.02,0.86
1038,2019-04-22,1.84,1.8,1.84,1.79,2252864,415093104.0,2.73,-1.64,-0.03,0.71
1039,2019-04-23,1.8,1.79,1.82,1.77,2708618,493458288.0,2.78,-0.56,-0.01,0.86
1040,2019-04-24,1.79,1.78,1.79,1.75,2581594,465357552.0,2.23,-0.56,-0.01,0.81
1041,2019-04-25,1.77,1.75,1.8,1.74,3119937,562556128.0,3.37,-1.69,-0.03,0.98
1042,2019-04-26,1.73,1.7,1.74,1.7,2798805,488494624.0,2.29,-2.86,-0.05,0.88
1043,2019-04-29,1.7,1.65,1.71,1.63,2508338,425007840.0,4.71,-2.94,-0.05,0.79
1044,2019-04-30,1.64,1.67,1.68,1.64,1337323,226526953.0,2.42,1.21,0.02,0.42
1045,2019-05-06,1.64,1.56,1.64,1.52,3346688,541461792.0,7.19,-6.59,-0.11,1.06
1046,2019-05-07,1.57,1.58,1.59,1.56,2204183,353787824.0,1.92,1.28,0.02,0.7
1047,2019-05-08,1.56,1.57,1.59,1.54,1546741,247323983.0,3.16,-0.63,-0.01,0.49
1048,2019-05-09,1.56,1.59,1.59,1.55,1667769,266776042.0,2.55,1.27,0.02,0.53
1049,2019-05-10,1.58,1.62,1.62,1.57,2818400,459597488.0,3.14,1.89,0.03,0.89
1050,2019-05-13,1.6,1.58,1.6,1.57,1504971,243259093.0,1.85,-2.47,-0.04,0.48
1051,2019-05-14,1.56,1.57,1.59,1.55,1616481,258562658.0,2.53,-0.63,-0.01,0.51
1052,2019-05-15,1.57,1.58,1.59,1.56,1475600,236883948.0,1.91,0.64,0.01,0.47
1053,2019-05-16,1.57,1.73,1.74,1.57,7893279,1355383120.0,10.76,9.49,0.15,2.49
1054,2019-05-17,1.7,1.61,1.7,1.59,5649030,947468224.0,6.36,-6.94,-0.12,1.78
1055,2019-05-20,1.59,1.65,1.68,1.57,3926522,648603520.0,6.83,2.48,0.04,1.24
1056,2019-05-21,1.64,1.75,1.82,1.63,9798032,1731665040.0,11.52,6.06,0.1,3.09
1057,2019-05-22,1.72,1.68,1.75,1.68,6065930,1055286208.0,4.0,-4.0,-0.07,1.91
1058,2019-05-23,1.67,1.67,1.72,1.64,4498420,770871728.0,4.76,-0.6,-0.01,1.42
1059,2019-05-24,1.64,1.64,1.71,1.63,3952931,669496816.0,4.79,-1.8,-0.03,1.25
1060,2019-05-27,1.63,1.65,1.66,1.59,4945990,822409040.0,4.27,0.61,0.01,1.56
1061,2019-05-28,1.64,1.66,1.66,1.63,4369538,733201360.0,1.82,0.61,0.01,1.38
1062,2019-05-29,1.68,1.72,1.74,1.67,7596444,1322991840.0,4.22,3.61,0.06,2.4
1063,2019-05-30,1.7,1.69,1.71,1.65,4922065,842543632.0,3.49,-1.74,-0.03,1.55
1064,2019-05-31,1.67,1.73,1.8,1.66,7324941,1294428016.0,8.28,2.37,0.04,2.31
1065,2019-06-03,1.71,1.71,1.74,1.7,5033763,881472896.0,2.31,-1.16,-0.02,1.59
1066,2019-06-04,1.7,1.66,1.71,1.65,3385259,575870304.0,3.51,-2.92,-0.05,1.07
1067,2019-06-05,1.69,1.67,1.7,1.66,2452328,419157136.0,2.41,0.6,0.01,0.77
1068,2019-06-06,1.66,1.68,1.72,1.66,3963454,680538336.0,3.59,0.6,0.01,1.25
1069,2019-06-10,1.69,1.67,1.7,1.65,2905281,494030592.0,2.98,-0.6,-0.01,0.92
1070,2019-06-11,1.67,1.73,1.75,1.67,6995894,1224014272.0,4.79,3.59,0.06,2.21
1071,2019-06-12,1.73,1.75,1.82,1.72,12128367,2192186832.0,5.78,1.16,0.02,3.83
1072,2019-06-13,1.72,1.73,1.74,1.69,6169666,1076302016.0,2.86,-1.14,-0.02,1.95
1073,2019-06-14,1.72,1.69,1.73,1.67,4407872,763833104.0,3.47,-2.31,-0.04,1.39
1074,2019-06-17,1.69,1.7,1.73,1.68,3227775,560990272.0,2.96,0.59,0.01,1.02
1075,2019-06-18,1.69,1.67,1.69,1.66,3934851,670706032.0,1.76,-1.76,-0.03,1.24
1076,2019-06-19,1.69,1.68,1.7,1.67,3386964,581124944.0,1.8,0.6,0.01,1.07
1077,2019-06-20,1.68,1.69,1.69,1.66,4060117,692539424.0,1.79,0.6,0.01,1.28
1078,2019-06-21,1.68,1.71,1.71,1.68,4213110,727659248.0,1.78,1.18,0.02,1.33
1079,2019-06-24,1.7,1.72,1.74,1.69,3768216,658759424.0,2.92,0.58,0.01,1.19
1080,2019-06-25,1.71,1.69,1.72,1.67,3418816,586232672.0,2.91,-1.74,-0.03,1.08
1081,2019-06-26,1.68,1.67,1.69,1.67,1565679,267111647.0,1.18,-1.18,-0.02,0.49
1082,2019-06-27,1.67,1.67,1.69,1.66,2403301,409846704.0,1.8,0.0,0.0,0.76
1083,2019-06-28,1.67,1.66,1.68,1.64,2530140,426707312.0,2.4,-0.6,-0.01,0.8
1084,2019-07-01,1.68,1.68,1.69,1.66,2709394,462341504.0,1.81,1.2,0.02,0.86
1085,2019-07-02,1.68,1.66,1.68,1.65,2611298,442321856.0,1.79,-1.19,-0.02,0.82
1086,2019-07-03,1.66,1.64,1.66,1.63,2891700,484510208.0,1.81,-1.2,-0.02,0.91
1087,2019-07-04,1.64,1.64,1.65,1.63,1979080,330316256.0,1.22,0.0,0.0,0.62
1088,2019-07-05,1.64,1.64,1.65,1.63,988458,164909357.0,1.22,0.0,0.0,0.31
1089,2019-07-08,1.64,1.59,1.64,1.58,2989258,487771744.0,3.66,-3.05,-0.05,0.94
1090,2019-07-09,1.59,1.6,1.6,1.58,1292489,209474009.0,1.26,0.63,0.01,0.41
1091,2019-07-10,1.59,1.59,1.6,1.58,1028604,166396696.0,1.25,-0.63,-0.01,0.32
1092,2019-07-11,1.59,1.58,1.6,1.58,908506,147072413.0,1.26,-0.63,-0.01,0.29
1093,2019-07-12,1.59,1.59,1.6,1.58,948169,152725471.0,1.27,0.63,0.01,0.3
1094,2019-07-15,1.58,1.59,1.6,1.56,1700344,272552864.0,2.52,0.0,0.0,0.54
1095,2019-07-16,1.59,1.59,1.6,1.58,806992,130042622.0,1.26,0.0,0.0,0.25
1096,2019-07-17,1.59,1.6,1.62,1.58,1778865,288931056.0,2.52,0.63,0.01,0.56
1097,2019-07-18,1.6,1.6,1.63,1.59,1823472,296821312.0,2.5,0.0,0.0,0.58
1098,2019-07-19,1.59,1.6,1.61,1.59,1235784,200342574.0,1.25,0.0,0.0,0.39
1099,2019-07-22,1.59,1.56,1.6,1.55,2205115,350477968.0,3.13,-2.5,-0.04,0.7
1100,2019-07-23,1.55,1.57,1.58,1.55,1073789,170235942.0,1.92,0.64,0.01,0.34
1101,2019-07-24,1.57,1.58,1.59,1.56,948776,151763167.0,1.91,0.64,0.01,0.3
1102,2019-07-25,1.57,1.58,1.58,1.57,627919,100031753.0,0.63,0.0,0.0,0.2
1103,2019-07-26,1.57,1.57,1.58,1.56,780568,124122941.0,1.27,-0.63,-0.01,0.25
1104,2019-07-29,1.57,1.56,1.58,1.56,634282,100516714.0,1.27,-0.64,-0.01,0.2
1105,2019-07-30,1.57,1.57,1.58,1.56,1330050,211424093.0,1.28,0.64,0.01,0.42
1106,2019-07-31,1.57,1.56,1.57,1.55,957846,151437782.0,1.27,-0.64,-0.01,0.3
1107,2019-08-01,1.55,1.54,1.56,1.54,887440,139076060.0,1.28,-1.28,-0.02,0.28
1108,2019-08-02,1.54,1.58,1.59,1.54,3347713,529638416.0,3.25,2.6,0.04,1.06
1109,2019-08-05,1.56,1.54,1.58,1.53,2117990,333353824.0,3.16,-2.53,-0.04,0.67
1110,2019-08-06,1.51,1.48,1.51,1.46,2902044,435867520.0,3.25,-3.9,-0.06,0.92
1111,2019-08-07,1.48,1.5,1.52,1.47,2158738,326140960.0,3.38,1.35,0.02,0.68
1112,2019-08-08,1.49,1.49,1.5,1.48,1396706,210907287.0,1.33,-0.67,-0.01,0.44
1113,2019-08-09,1.49,1.47,1.5,1.47,940043,141388604.0,2.01,-1.34,-0.02,0.3
1114,2019-08-12,1.47,1.48,1.49,1.46,815515,121964161.0,2.04,0.68,0.01,0.26
1115,2019-08-13,1.48,1.47,1.48,1.46,764723,114122628.0,1.35,-0.68,-0.01,0.24
1116,2019-08-14,1.48,1.47,1.49,1.47,714315,106975208.0,1.36,0.0,0.0,0.23
1117,2019-08-15,1.45,1.47,1.48,1.44,1338448,198062312.0,2.72,0.0,0.0,0.42
1118,2019-08-16,1.47,1.47,1.48,1.47,800092,119615669.0,0.68,0.0,0.0,0.25
1119,2019-08-19,1.47,1.5,1.5,1.47,1507582,227111097.0,2.04,2.04,0.03,0.48
1120,2019-08-20,1.49,1.5,1.51,1.49,1371130,208245879.0,1.33,0.0,0.0,0.43
1121,2019-08-21,1.49,1.49,1.5,1.48,802385,120822105.0,1.33,-0.67,-0.01,0.25
1122,2019-08-22,1.49,1.48,1.49,1.47,1048593,157082832.0,1.34,-0.67,-0.01,0.33
1123,2019-08-23,1.48,1.48,1.49,1.47,799879,120156688.0,1.35,0.0,0.0,0.25
1124,2019-08-26,1.47,1.47,1.48,1.46,862100,128606519.0,1.35,-0.68,-0.01,0.27
1125,2019-08-27,1.48,1.49,1.5,1.47,2172655,327439392.0,2.04,1.36,0.02,0.69
1126,2019-08-28,1.49,1.49,1.5,1.47,1873110,282056384.0,2.01,0.0,0.0,0.59
1127,2019-08-29,1.49,1.47,1.49,1.47,1354307,203064925.0,1.34,-1.34,-0.02,0.43
1128,2019-08-30,1.48,1.48,1.49,1.46,1729883,258616320.0,2.04,0.68,0.01,0.55
1129,2019-09-02,1.48,1.49,1.5,1.47,1866108,281300272.0,2.03,0.68,0.01,0.59
1130,2019-09-03,1.49,1.5,1.5,1.48,1329337,200627818.0,1.34,0.67,0.01,0.42
1131,2019-09-04,1.49,1.51,1.51,1.48,2053383,311489616.0,2.0,0.67,0.01,0.65
1132,2019-09-05,1.51,1.52,1.54,1.5,2745787,423844416.0,2.65,0.66,0.01,0.87
1133,2019-09-06,1.52,1.51,1.53,1.5,1299319,198740669.0,1.97,-0.66,-0.01,0.41
1134,2019-09-09,1.52,1.53,1.53,1.51,1416859,218190570.0,1.32,1.32,0.02,0.45
1135,2019-09-10,1.53,1.52,1.53,1.51,1221582,187826511.0,1.31,-0.65,-0.01,0.39
1136,2019-09-11,1.53,1.52,1.53,1.51,1247537,192147628.0,1.32,0.0,0.0,0.39
1137,2019-09-12,1.53,1.52,1.53,1.51,1936862,297636160.0,1.32,0.0,0.0,0.61
1138,2019-09-16,1.52,1.51,1.52,1.5,1317078,201756085.0,1.32,-0.66,-0.01,0.42
1139,2019-09-17,1.51,1.47,1.51,1.47,2560341,385041088.0,2.65,-2.65,-0.04,0.81
1140,2019-09-18,1.47,1.48,1.49,1.47,1330380,199355503.0,1.36,0.68,0.01,0.42
1141,2019-09-19,1.48,1.48,1.5,1.47,1670265,250947675.0,2.03,0.0,0.0,0.53
1142,2019-09-20,1.49,1.48,1.49,1.47,1392543,209093321.0,1.35,0.0,0.0,0.44
1143,2019-09-23,1.48,1.47,1.49,1.46,1042054,155400727.0,2.03,-0.68,-0.01,0.33
1144,2019-09-24,1.48,1.47,1.48,1.46,707247,105478564.0,1.36,0.0,0.0,0.22
1145,2019-09-25,1.46,1.46,1.47,1.45,840247,124486306.0,1.36,-0.68,-0.01,0.27
1146,2019-09-26,1.46,1.45,1.47,1.44,1123066,165573025.0,2.05,-0.68,-0.01,0.35
1147,2019-09-27,1.45,1.44,1.46,1.44,977824,143562656.0,1.38,-0.69,-0.01,0.31
1148,2019-09-30,1.44,1.44,1.45,1.44,685599,100319192.0,0.69,0.0,0.0,0.22
1149,2019-10-08,1.45,1.45,1.46,1.44,804560,118360490.0,1.39,0.69,0.01,0.25
1150,2019-10-09,1.45,1.46,1.46,1.44,530233,77992562.0,1.38,0.69,0.01,0.17
1151,2019-10-10,1.46,1.46,1.46,1.45,632805,93281311.0,0.68,0.0,0.0,0.2
1152,2019-10-11,1.46,1.46,1.47,1.45,1085566,160472821.0,1.37,0.0,0.0,0.34
1153,2019-10-14,1.46,1.47,1.48,1.46,1494887,222799997.0,1.37,0.68,0.01,0.47
1154,2019-10-15,1.47,1.45,1.47,1.45,925628,136864252.0,1.36,-1.36,-0.02,0.29
1155,2019-10-16,1.46,1.45,1.46,1.45,692378,101968218.0,0.69,0.0,0.0,0.22
1156,2019-10-17,1.45,1.45,1.46,1.44,599185,88068108.0,1.38,0.0,0.0,0.19
1157,2019-10-18,1.45,1.43,1.46,1.43,1076242,157450236.0,2.07,-1.38,-0.02,0.34
1158,2019-10-21,1.43,1.43,1.44,1.42,1253826,181560241.0,1.4,0.0,0.0,0.4
1159,2019-10-22,1.43,1.43,1.44,1.42,525972,76380905.0,1.4,0.0,0.0,0.17
1160,2019-10-23,1.43,1.43,1.44,1.42,594581,86244593.0,1.4,0.0,0.0,0.19
1161,2019-10-24,1.43,1.43,1.44,1.42,769561,111380100.0,1.4,0.0,0.0,0.24
1162,2019-10-25,1.43,1.44,1.45,1.42,1428882,207608430.0,2.1,0.7,0.01,0.45
1163,2019-10-28,1.44,1.44,1.45,1.43,1184460,172793317.0,1.39,0.0,0.0,0.37
1164,2019-10-29,1.44,1.42,1.45,1.42,975156,141241235.0,2.08,-1.39,-0.02,0.31
1165,2019-10-30,1.42,1.4,1.43,1.39,1674937,238480175.0,2.82,-1.41,-0.02,0.53
1166,2019-10-31,1.4,1.35,1.4,1.34,2738414,379636464.0,4.29,-3.57,-0.05,0.86
1167,2019-11-01,1.34,1.35,1.36,1.31,1576171,214390418.0,3.7,0.0,0.0,0.5
1168,2019-11-04,1.35,1.34,1.36,1.34,1087600,148843287.0,1.48,-0.74,-0.01,0.34
1169,2019-11-05,1.34,1.34,1.35,1.33,1288476,175143875.0,1.49,0.0,0.0,0.41
1170,2019-11-06,1.33,1.32,1.34,1.32,809606,109411608.0,1.49,-1.49,-0.02,0.26
1171,2019-11-07,1.33,1.32,1.33,1.31,1391732,186662807.0,1.52,0.0,0.0,0.44
1172,2019-11-08,1.32,1.3,1.33,1.29,2436553,324231264.0,3.03,-1.52,-0.02,0.77
1173,2019-11-11,1.3,1.25,1.3,1.24,2362417,303716144.0,4.62,-3.85,-0.05,0.75
1174,2019-11-12,1.24,1.23,1.25,1.2,2329652,290826800.0,4.0,-1.6,-0.02,0.74
1175,2019-11-13,1.23,1.2,1.23,1.19,3016629,369024432.0,3.25,-2.44,-0.03,0.95
1176,2019-11-14,1.2,1.21,1.22,1.19,1939594,238137510.0,2.5,0.83,0.01,0.61
1177,2019-11-15,1.22,1.26,1.3,1.21,4794279,614290624.0,7.44,4.13,0.05,1.51
1178,2019-11-18,1.25,1.25,1.28,1.24,1894562,242045151.0,3.17,-0.79,-0.01,0.6
1179,2019-11-19,1.26,1.26,1.27,1.25,1271254,162575397.0,1.6,0.8,0.01,0.4
1180,2019-11-20,1.26,1.25,1.27,1.24,1273918,162120666.0,2.38,-0.79,-0.01,0.4
1181,2019-11-21,1.26,1.27,1.27,1.25,1422752,182191726.0,1.6,1.6,0.02,0.45
1182,2019-11-22,1.26,1.28,1.29,1.26,2438215,315852512.0,2.36,0.79,0.01,0.77
1183,2019-11-25,1.27,1.32,1.34,1.27,4088811,545067008.0,5.47,3.13,0.04,1.29
1184,2019-11-26,1.32,1.3,1.32,1.28,2800030,369066960.0,3.03,-1.52,-0.02,0.88
1185,2019-11-27,1.29,1.28,1.3,1.28,1168962,152773537.0,1.54,-1.54,-0.02,0.37
1186,2019-11-28,1.28,1.25,1.29,1.24,1592260,203863180.0,3.91,-2.34,-0.03,0.5
1187,2019-11-29,1.25,1.26,1.27,1.25,997571,127595373.0,1.6,0.8,0.01,0.31
1188,2019-12-02,1.26,1.26,1.27,1.25,737144,94273131.0,1.59,0.0,0.0,0.23
1189,2019-12-03,1.25,1.26,1.26,1.24,826611,105208447.0,1.59,0.0,0.0,0.26
1190,2019-12-04,1.25,1.27,1.28,1.25,1592427,204646725.0,2.38,0.79,0.01,0.5
1191,2019-12-05,1.27,1.27,1.28,1.26,1105744,142841956.0,1.57,0.0,0.0,0.35
1192,2019-12-06,1.27,1.27,1.28,1.26,853488,110061606.0,1.57,0.0,0.0,0.27
1193,2019-12-09,1.27,1.29,1.29,1.27,1753473,228090359.0,1.57,1.57,0.02,0.55
1194,2019-12-10,1.28,1.27,1.29,1.27,793496,102664006.0,1.55,-1.55,-0.02,0.25
1195,2019-12-11,1.27,1.28,1.29,1.27,1432732,186087137.0,1.57,0.79,0.01,0.45
1196,2019-12-12,1.27,1.26,1.28,1.26,1237462,159456196.0,1.56,-1.56,-0.02,0.39
1197,2019-12-13,1.27,1.28,1.29,1.26,1790622,232696417.0,2.38,1.59,0.02,0.57
1198,2019-12-16,1.28,1.29,1.29,1.27,1397288,182166022.0,1.56,0.78,0.01,0.44
1199,2019-12-17,1.29,1.3,1.32,1.28,3711797,490997920.0,3.1,0.78,0.01,1.17
1200,2019-12-18,1.31,1.32,1.34,1.3,3206999,429588064.0,3.08,1.54,0.02,1.01
1201,2019-12-19,1.31,1.31,1.32,1.3,1780482,236535118.0,1.52,-0.76,-0.01,0.56
1202,2019-12-20,1.31,1.3,1.32,1.29,2140036,283822816.0,2.29,-0.76,-0.01,0.68
1203,2019-12-23,1.3,1.27,1.3,1.27,1792026,233722087.0,2.31,-2.31,-0.03,0.57
1204,2019-12-24,1.27,1.29,1.29,1.27,959522,124759571.0,1.57,1.57,0.02,0.3
1205,2019-12-25,1.29,1.28,1.29,1.27,1191140,154817392.0,1.55,-0.78,-0.01,0.38
1206,2019-12-26,1.27,1.28,1.29,1.27,984281,127862050.0,1.56,0.0,0.0,0.31
1207,2019-12-27,1.28,1.3,1.32,1.28,3228033,425647328.0,3.13,1.56,0.02,1.02
1208,2019-12-30,1.29,1.3,1.31,1.28,2241790,294836352.0,2.31,0.0,0.0,0.71
1209,2019-12-31,1.3,1.3,1.31,1.29,1501192,198182139.0,1.54,0.0,0.0,0.47
1210,2020-01-02,1.31,1.31,1.32,1.3,2042178,272334000.0,1.54,0.77,0.01,0.64
1211,2020-01-03,1.32,1.32,1.33,1.31,2463878,330344464.0,1.53,0.76,0.01,0.78
1212,2020-01-06,1.32,1.33,1.34,1.31,2870330,386598528.0,2.27,0.76,0.01,0.91
1213,2020-01-07,1.33,1.35,1.37,1.32,3524762,482354528.0,3.76,1.5,0.02,1.11
1214,2020-01-08,1.34,1.32,1.35,1.31,2891991,390556368.0,2.96,-2.22,-0.03,0.91
1215,2020-01-09,1.33,1.33,1.34,1.32,1817827,245097484.0,1.52,0.76,0.01,0.57
1216,2020-01-10,1.33,1.32,1.34,1.31,1489229,199664443.0,2.26,-0.75,-0.01,0.47
1217,2020-01-13,1.32,1.32,1.32,1.3,1543836,205286995.0,1.52,0.0,0.0,0.49
1218,2020-01-14,1.32,1.32,1.33,1.31,1705958,228664122.0,1.52,0.0,0.0,0.54
1219,2020-01-15,1.32,1.31,1.32,1.3,1318593,175188220.0,1.52,-0.76,-0.01,0.42
1220,2020-01-16,1.31,1.29,1.31,1.29,1416991,186899845.0,1.53,-1.53,-0.02,0.45
1221,2020-01-17,1.3,1.28,1.3,1.28,1147179,150060543.0,1.55,-0.78,-0.01,0.36
1222,2020-01-20,1.28,1.29,1.29,1.27,929107,120904005.0,1.56,0.78,0.01,0.29
1223,2020-01-21,1.28,1.27,1.29,1.26,1466583,189707234.0,2.33,-1.55,-0.02,0.46
1224,2020-01-22,1.27,1.26,1.27,1.25,1443662,184574677.0,1.57,-0.79,-0.01,0.46
1225,2020-01-23,1.25,1.23,1.26,1.22,2723548,342737264.0,3.17,-2.38,-0.03,0.86
1226,2020-02-03,1.11,1.11,1.13,1.11,4097157,463448128.0,1.63,-9.76,-0.12,1.29
1227,2020-02-04,1.08,1.12,1.13,1.08,3399479,384679312.0,4.5,0.9,0.01,1.07
1228,2020-02-05,1.11,1.14,1.16,1.11,2914315,337543920.0,4.46,1.79,0.02,0.92
1229,2020-02-06,1.15,1.14,1.15,1.12,2446403,282951520.0,2.63,0.0,0.0,0.77
1230,2020-02-07,1.14,1.15,1.15,1.13,2320103,268728592.0,1.75,0.88,0.01,0.73
1231,2020-02-10,1.14,1.16,1.16,1.13,2213957,258441686.0,2.61,0.87,0.01,0.7
1232,2020-02-11,1.15,1.18,1.22,1.15,3462802,417533584.0,6.03,1.72,0.02,1.09
1233,2020-02-12,1.17,1.18,1.18,1.16,1825615,217285122.0,1.69,0.0,0.0,0.58
1234,2020-02-13,1.18,1.16,1.18,1.16,1606909,191019464.0,1.69,-1.69,-0.02,0.51
1235,2020-02-14,1.16,1.18,1.19,1.15,2063536,246349666.0,3.45,1.72,0.02,0.65
1236,2020-02-17,1.17,1.2,1.2,1.16,2404866,290066640.0,3.39,1.69,0.02,0.76
1237,2020-02-18,1.2,1.2,1.21,1.19,2506285,305813008.0,1.67,0.0,0.0,0.79
1238,2020-02-19,1.2,1.18,1.2,1.18,2165053,261996812.0,1.67,-1.67,-0.02,0.68
1239,2020-02-20,1.19,1.2,1.21,1.18,2590182,314373808.0,2.54,1.69,0.02,0.82
1240,2020-02-21,1.19,1.2,1.22,1.19,2819800,345559712.0,2.5,0.0,0.0,0.89
1241,2020-02-24,1.19,1.19,1.2,1.18,2548315,308231616.0,1.67,-0.83,-0.01,0.8
1242,2020-02-25,1.17,1.17,1.18,1.15,3592007,426263568.0,2.52,-1.68,-0.02,1.13
1243,2020-02-26,1.16,1.2,1.23,1.15,5842738,707730304.0,6.84,2.56,0.03,1.84
1244,2020-02-27,1.19,1.18,1.2,1.18,2847347,344174992.0,1.67,-1.67,-0.02,0.9
1245,2020-02-28,1.16,1.15,1.17,1.14,3784123,444528192.0,2.54,-2.54,-0.03,1.19
1246,2020-03-02,1.15,1.19,1.2,1.15,3810846,457543984.0,4.35,3.48,0.04,1.2
1247,2020-03-03,1.2,1.19,1.21,1.18,3715181,452208928.0,2.52,0.0,0.0,1.17
1248,2020-03-04,1.18,1.2,1.21,1.18,3066764,373111536.0,2.52,0.84,0.01,0.97
1249,2020-03-05,1.21,1.22,1.24,1.2,4873446,604323888.0,3.33,1.67,0.02,1.54
1250,2020-03-06,1.21,1.2,1.22,1.19,2560296,312561888.0,2.46,-1.64,-0.02,0.81
1251,2020-03-09,1.18,1.17,1.18,1.16,2932643,349450336.0,1.67,-2.5,-0.03,0.93
1252,2020-03-10,1.16,1.18,1.19,1.15,2961236,352061616.0,3.42,0.85,0.01,0.93
1253,2020-03-11,1.18,1.17,1.19,1.17,2085590,249862247.0,1.69,-0.85,-0.01,0.66
1254,2020-03-12,1.16,1.16,1.17,1.15,1987016,234474162.0,1.71,-0.85,-0.01,0.63
1255,2020-03-13,1.14,1.15,1.15,1.12,2776559,320879552.0,2.59,-0.86,-0.01,0.88
1256,2020-03-16,1.16,1.13,1.16,1.13,2397530,279466080.0,2.61,-1.74,-0.02,0.76
1257,2020-03-17,1.13,1.14,1.15,1.12,1778292,204732752.0,2.65,0.88,0.01,0.56
1258,2020-03-18,1.14,1.12,1.15,1.12,1628227,188252403.0,2.63,-1.75,-0.02,0.51
1259,2020-03-19,1.12,1.12,1.13,1.11,2031384,231369113.0,1.79,0.0,0.0,0.64
1260,2020-03-20,1.13,1.13,1.14,1.12,1342088,154032164.0,1.79,0.89,0.01,0.42
1261,2020-03-23,1.12,1.11,1.12,1.1,1895329,214289924.0,1.77,-1.77,-0.02,0.6
1262,2020-03-24,1.13,1.13,1.13,1.12,1485165,170193739.0,0.9,1.8,0.02,0.47
1263,2020-03-25,1.14,1.14,1.15,1.13,1982630,229843024.0,1.77,0.88,0.01,0.63
1264,2020-03-26,1.13,1.12,1.14,1.12,1280838,147444234.0,1.75,-1.75,-0.02,0.4
1265,2020-03-27,1.13,1.13,1.14,1.12,1316224,151590037.0,1.79,0.89,0.01,0.42
1266,2020-03-30,1.12,1.12,1.13,1.11,1475715,167732050.0,1.77,-0.88,-0.01,0.47
1267,2020-03-31,1.12,1.13,1.14,1.11,2024205,232068414.0,2.68,0.89,0.01,0.64
1268,2020-04-01,1.13,1.12,1.14,1.12,1586162,181630109.0,1.77,-0.88,-0.01,0.5
1269,2020-04-02,1.11,1.13,1.13,1.11,1180896,134676938.0,1.79,0.89,0.01,0.37
1270,2020-04-03,1.12,1.12,1.13,1.11,1194908,136318097.0,1.77,-0.88,-0.01,0.38
1271,2020-04-07,1.13,1.14,1.14,1.12,1802485,207601188.0,1.79,1.79,0.02,0.57
1272,2020-04-08,1.13,1.13,1.14,1.12,1178235,135467007.0,1.75,-0.88,-0.01,0.37
1273,2020-04-09,1.13,1.13,1.14,1.13,921068,106171317.0,0.88,0.0,0.0,0.29
1274,2020-04-10,1.13,1.12,1.14,1.12,961616,110054634.0,1.77,-0.88,-0.01,0.3
1275,2020-04-13,1.12,1.12,1.13,1.11,864699,98194601.0,1.79,0.0,0.0,0.27
1276,2020-04-14,1.12,1.13,1.13,1.11,1225218,139637881.0,1.79,0.89,0.01,0.39
1277,2020-04-15,1.12,1.11,1.13,1.11,1062217,121033666.0,1.77,-1.77,-0.02,0.34
1278,2020-04-16,1.11,1.11,1.12,1.11,686810,77799206.0,0.9,0.0,0.0,0.22
1279,2020-04-17,1.12,1.12,1.12,1.11,686177,77951896.0,0.9,0.9,0.01,0.22
1280,2020-04-20,1.11,1.12,1.12,1.11,739894,83911383.0,0.89,0.0,0.0,0.23
1281,2020-04-21,1.12,1.1,1.12,1.1,1290897,145372013.0,1.79,-1.79,-0.02,0.41
1282,2020-04-22,1.1,1.11,1.11,1.09,1122080,125999022.0,1.82,0.91,0.01,0.35
1283,2020-04-23,1.11,1.1,1.11,1.1,1087714,122153700.0,0.9,-0.9,-0.01,0.34
1284,2020-04-24,1.1,1.09,1.11,1.08,1956669,217694446.0,2.73,-0.91,-0.01,0.62
1285,2020-04-27,1.09,1.08,1.09,1.08,1545925,170429086.0,0.92,-0.92,-0.01,0.49
1286,2020-04-28,1.07,1.05,1.08,1.03,3073599,328812528.0,4.63,-2.78,-0.03,0.97
1287,2020-04-29,1.04,1.03,1.05,1.02,2213807,233492837.0,2.86,-1.9,-0.02,0.7
1288,2020-04-30,1.02,1.06,1.07,1.02,3371596,359220144.0,4.85,2.91,0.03,1.06
1289,2020-05-06,1.04,1.08,1.09,1.04,3231975,351162272.0,4.72,1.89,0.02,1.02
1290,2020-05-07,1.11,1.11,1.14,1.1,4745762,539442448.0,3.7,2.78,0.03,1.5
1291,2020-05-08,1.11,1.1,1.11,1.09,2427961,271933552.0,1.8,-0.9,-0.01,0.77
1292,2020-05-11,1.1,1.09,1.11,1.08,2223559,246884984.0,2.73,-0.91,-0.01,0.7
1293,2020-05-12,1.09,1.1,1.12,1.08,3147000,352974272.0,3.67,0.92,0.01,0.99
1294,2020-05-13,1.1,1.09,1.1,1.08,1582960,175853844.0,1.82,-0.91,-0.01,0.5
1295,2020-05-14,1.08,1.08,1.1,1.08,1102883,122043433.0,1.83,-0.92,-0.01,0.35
1296,2020-05-15,1.09,1.08,1.09,1.07,1697842,186845597.0,1.85,0.0,0.0,0.54
1297,2020-05-18,1.08,1.1,1.11,1.07,3936981,438543616.0,3.7,1.85,0.02,1.24
1298,2020-05-19,1.1,1.08,1.1,1.08,1970843,218145138.0,1.82,-1.82,-0.02,0.62
1299,2020-05-20,1.08,1.06,1.09,1.06,2305624,251272978.0,2.78,-1.85,-0.02,0.73
1300,2020-05-21,1.07,1.06,1.07,1.05,1843379,199142064.0,1.89,0.0,0.0,0.58
1301,2020-05-22,1.05,1.05,1.06,1.04,2391155,255510035.0,1.89,-0.94,-0.01,0.75
1302,2020-05-25,1.05,1.04,1.05,1.03,1874392,198939523.0,1.9,-0.95,-0.01,0.59
1303,2020-05-26,1.04,1.05,1.05,1.03,1659863,176235375.0,1.92,0.96,0.01,0.52
1304,2020-05-27,1.04,1.09,1.1,1.03,5510540,598547664.0,6.67,3.81,0.04,1.74
1305,2020-05-28,1.08,1.08,1.09,1.06,3563965,391196928.0,2.75,-0.92,-0.01,1.13
1306,2020-05-29,1.08,1.08,1.08,1.06,2642571,288964176.0,1.85,0.0,0.0,0.83
1307,2020-06-01,1.08,1.08,1.09,1.07,2134504,234822104.0,1.85,0.0,0.0,0.67
1308,2020-06-02,1.09,1.08,1.09,1.07,1868128,205469511.0,1.85,0.0,0.0,0.59
1309,2020-06-03,1.08,1.07,1.09,1.07,1321212,144914544.0,1.85,-0.93,-0.01,0.42
1310,2020-06-04,1.08,1.07,1.08,1.06,1221529,132663903.0,1.87,0.0,0.0,0.39
1311,2020-06-05,1.07,1.06,1.07,1.05,1434368,155088531.0,1.87,-0.93,-0.01,0.45
1312,2020-06-08,1.06,1.07,1.08,1.06,2346691,255651761.0,1.89,0.94,0.01,0.74
1313,2020-06-09,1.07,1.07,1.07,1.06,891737,96593539.0,0.93,0.0,0.0,0.28
1314,2020-06-10,1.07,1.06,1.08,1.05,2009694,218133039.0,2.8,-0.93,-0.01,0.63
1315,2020-06-11,1.06,1.07,1.08,1.06,1783381,193765675.0,1.89,0.94,0.01,0.56
1316,2020-06-12,1.05,1.06,1.07,1.05,1889328,203750931.0,1.87,-0.93,-0.01,0.6
1317,2020-06-15,1.06,1.05,1.06,1.04,2374448,254780917.0,1.89,-0.94,-0.01,0.75
1318,2020-06-16,1.05,1.08,1.08,1.05,3488800,379215648.0,2.86,2.86,0.03,1.1
1319,2020-06-17,1.06,1.09,1.11,1.06,5319218,589167904.0,4.63,0.93,0.01,1.68
1320,2020-06-18,1.08,1.13,1.16,1.08,9085707,1041636496.0,7.34,3.67,0.04,2.87
1321,2020-06-19,1.11,1.09,1.12,1.08,5581236,623760576.0,3.54,-3.54,-0.04,1.76
1322,2020-06-22,1.09,1.07,1.09,1.07,2869770,314647360.0,1.83,-1.83,-0.02,0.91
1323,2020-06-23,1.07,1.07,1.08,1.06,2367328,257557052.0,1.87,0.0,0.0,0.75
1324,2020-06-24,1.07,1.06,1.08,1.06,1382824,149962564.0,1.87,-0.93,-0.01,0.44
1325,2020-06-29,1.06,1.05,1.07,1.05,1975920,213214024.0,1.89,-0.94,-0.01,0.62
1326,2020-06-30,1.06,1.06,1.07,1.05,1995588,215500584.0,1.9,0.95,0.01,0.63
1327,2020-07-01,1.06,1.06,1.07,1.05,1790282,193250753.0,1.89,0.0,0.0,0.57
1328,2020-07-02,1.06,1.09,1.09,1.06,3993778,438065136.0,2.83,2.83,0.03,1.26
1329,2020-07-03,1.09,1.1,1.12,1.08,5585805,627103872.0,3.67,0.92,0.01,1.76
1330,2020-07-06,1.11,1.17,1.18,1.11,10297976,1202452912.0,6.36,6.36,0.07,3.25
1331,2020-07-07,1.19,1.16,1.22,1.16,9751764,1176416992.0,5.13,-0.85,-0.01,3.08
1332,2020-07-08,1.15,1.22,1.24,1.14,11639653,1413700000.0,8.62,5.17,0.06,3.67
1333,2020-07-09,1.21,1.25,1.26,1.19,10607737,1320236496.0,5.74,2.46,0.03,3.35
1334,2020-07-10,1.23,1.2,1.24,1.19,7279185,901554896.0,4.0,-4.0,-0.05,2.3
1335,2020-07-13,1.2,1.22,1.23,1.19,6329341,779903264.0,3.33,1.67,0.02,2.0
1336,2020-07-14,1.23,1.2,1.25,1.19,6032367,746695584.0,4.92,-1.64,-0.02,1.9
1337,2020-07-15,1.21,1.17,1.22,1.16,5098332,612392688.0,5.0,-2.5,-0.03,1.61
1338,2020-07-16,1.17,1.14,1.19,1.13,4707769,555598736.0,5.13,-2.56,-0.03,1.49
1339,2020-07-17,1.14,1.12,1.15,1.11,3636741,417048240.0,3.51,-1.75,-0.02,1.15
1340,2020-07-20,1.13,1.18,1.19,1.12,6038891,709105968.0,6.25,5.36,0.06,1.91
1341,2020-07-21,1.18,1.16,1.19,1.15,2959953,350439504.0,3.39,-1.69,-0.02,0.93
1342,2020-07-22,1.17,1.17,1.19,1.16,4051057,483974000.0,2.59,0.86,0.01,1.28
1343,2020-07-23,1.17,1.18,1.21,1.16,5942183,714117648.0,4.27,0.85,0.01,1.88
1344,2020-07-24,1.17,1.14,1.18,1.13,4409636,517756432.0,4.24,-3.39,-0.04,1.39
1345,2020-07-27,1.14,1.14,1.15,1.13,2282789,264708632.0,1.75,0.0,0.0,0.72
1346,2020-07-28,1.15,1.15,1.17,1.14,3090048,363256480.0,2.63,0.88,0.01,0.98
1347,2020-07-29,1.15,1.16,1.17,1.13,3277913,383147024.0,3.48,0.87,0.01,1.03
1348,2020-07-30,1.16,1.15,1.16,1.14,2588372,302758624.0,1.72,-0.86,-0.01,0.82
1349,2020-07-31,1.14,1.15,1.16,1.13,2599168,302868112.0,2.61,0.0,0.0,0.82
1350,2020-08-03,1.15,1.16,1.17,1.15,3492960,411710576.0,1.74,0.87,0.01,1.1
1351,2020-08-04,1.16,1.16,1.17,1.15,2591846,305633776.0,1.72,0.0,0.0,0.82
1352,2020-08-05,1.16,1.18,1.2,1.14,6113561,727693488.0,5.17,1.72,0.02,1.93
1353,2020-08-06,1.17,1.18,1.19,1.16,5127985,611870800.0,2.54,0.0,0.0,1.62
1354,2020-08-07,1.18,1.17,1.18,1.15,4177073,495901184.0,2.54,-0.85,-0.01,1.32
1355,2020-08-10,1.16,1.16,1.17,1.15,2737194,323109232.0,1.71,-0.85,-0.01,0.86
1356,2020-08-11,1.17,1.15,1.18,1.15,3811493,452127536.0,2.59,-0.86,-0.01,1.2
1357,2020-08-12,1.15,1.14,1.15,1.13,3517536,408231040.0,1.74,-0.87,-0.01,1.11
1358,2020-08-13,1.15,1.17,1.18,1.14,5103662,605127504.0,3.51,2.63,0.03,1.61
1359,2020-08-14,1.17,1.17,1.17,1.15,2946817,348373376.0,1.71,0.0,0.0,0.93
1360,2020-08-17,1.16,1.18,1.19,1.16,4941501,591750160.0,2.56,0.85,0.01,1.56
1361,2020-08-18,1.19,1.18,1.19,1.17,3465825,415986192.0,1.69,0.0,0.0,1.09
1362,2020-08-19,1.18,1.17,1.19,1.16,3244186,386644128.0,2.54,-0.85,-0.01,1.02
1363,2020-08-20,1.17,1.16,1.18,1.15,3386560,401226144.0,2.56,-0.85,-0.01,1.07
1364,2020-08-21,1.16,1.16,1.17,1.15,2133491,251732268.0,1.72,0.0,0.0,0.67
1365,2020-08-24,1.16,1.15,1.17,1.15,1121874,131646492.0,1.72,-0.86,-0.01,0.35
1366,2020-08-25,1.15,1.14,1.16,1.14,2087712,244094249.0,1.74,-0.87,-0.01,0.66
1367,2020-08-26,1.15,1.14,1.15,1.13,2202126,255219811.0,1.75,0.0,0.0,0.7
1368,2020-08-27,1.14,1.14,1.15,1.13,1650199,191339121.0,1.75,0.0,0.0,0.52
1369,2020-08-28,1.14,1.16,1.16,1.13,2169970,253614309.0,2.63,1.75,0.02,0.69
1370,2020-08-31,1.15,1.14,1.16,1.14,1865610,218245680.0,1.72,-1.72,-0.02,0.59
1371,2020-09-01,1.14,1.14,1.15,1.14,741463,86200541.0,0.88,0.0,0.0,0.23
1372,2020-09-02,1.14,1.14,1.15,1.13,1691715,196286455.0,1.75,0.0,0.0,0.53
1373,2020-09-03,1.14,1.14,1.16,1.14,1920182,223972061.0,1.75,0.0,0.0,0.61
1374,2020-09-04,1.13,1.13,1.14,1.13,1259876,145272173.0,0.88,-0.88,-0.01,0.4
1375,2020-09-07,1.13,1.14,1.15,1.13,1881440,218102805.0,1.77,0.88,0.01,0.59
1376,2020-09-08,1.13,1.17,1.18,1.13,6109232,721048320.0,4.39,2.63,0.03,1.93
1377,2020-09-09,1.16,1.28,1.29,1.15,16063905,2006023632.0,11.97,9.4,0.11,5.07
1378,2020-09-10,1.25,1.18,1.26,1.17,10696032,1314539744.0,7.03,-7.81,-0.1,3.38
1379,2020-09-11,1.16,1.16,1.18,1.15,4135985,488895536.0,2.54,-1.69,-0.02,1.31
1380,2020-09-14,1.16,1.17,1.19,1.15,3933149,467082480.0,3.45,0.86,0.01,1.24
1381,2020-09-15,1.17,1.16,1.17,1.15,2587630,305531264.0,1.71,-0.85,-0.01,0.82
1382,2020-09-16,1.16,1.16,1.17,1.15,1969639,232150674.0,1.72,0.0,0.0,0.62
1383,2020-09-17,1.15,1.15,1.16,1.14,2448336,286446112.0,1.72,-0.86,-0.01,0.77
1384,2020-09-18,1.15,1.16,1.17,1.14,2392706,281578496.0,2.61,0.87,0.01,0.76
1385,2020-09-21,1.16,1.15,1.17,1.15,1551033,182735662.0,1.72,-0.86,-0.01,0.49
1386,2020-09-22,1.15,1.15,1.16,1.14,1739435,203219211.0,1.74,0.0,0.0,0.55
1387,2020-09-23,1.15,1.14,1.15,1.14,1329217,154492201.0,0.87,-0.87,-0.01,0.42
1388,2020-09-24,1.14,1.13,1.15,1.13,1772625,204787824.0,1.75,-0.88,-0.01,0.56
1389,2020-09-25,1.13,1.13,1.14,1.12,1379797,158853837.0,1.77,0.0,0.0,0.44
1390,2020-09-28,1.13,1.13,1.14,1.12,1205230,138640857.0,1.77,0.0,0.0,0.38
1391,2020-09-29,1.13,1.13,1.14,1.12,888917,102348701.0,1.77,0.0,0.0,0.28
1392,2020-09-30,1.13,1.13,1.14,1.12,1053835,121018711.0,1.77,0.0,0.0,0.33
1393,2020-10-09,1.14,1.14,1.15,1.13,1611967,187275288.0,1.77,0.88,0.01,0.51
1394,2020-10-12,1.14,1.16,1.17,1.14,2890244,339412720.0,2.63,1.75,0.02,0.91
1395,2020-10-13,1.16,1.16,1.17,1.15,1533299,180640309.0,1.72,0.0,0.0,0.48
1396,2020-10-14,1.15,1.14,1.16,1.14,1554774,181868892.0,1.72,-1.72,-0.02,0.49
1397,2020-10-15,1.14,1.15,1.16,1.14,1791515,209342184.0,1.75,0.88,0.01,0.57
1398,2020-10-16,1.15,1.15,1.16,1.14,1583389,185675131.0,1.74,0.0,0.0,0.5
1399,2020-10-19,1.16,1.16,1.17,1.15,1520421,179118415.0,1.74,0.87,0.01,0.48
1400,2020-10-20,1.15,1.16,1.16,1.14,1443609,168777935.0,1.72,0.0,0.0,0.46
1401,2020-10-21,1.16,1.15,1.16,1.14,1000164,116932603.0,1.72,-0.86,-0.01,0.32
1402,2020-10-22,1.14,1.14,1.15,1.14,823179,95799997.0,0.87,-0.87,-0.01,0.26
1403,2020-10-23,1.15,1.14,1.15,1.13,1623289,188547477.0,1.75,0.0,0.0,0.51
1404,2020-10-26,1.14,1.15,1.15,1.13,1057746,122730596.0,1.75,0.88,0.01,0.33
1405,2020-10-27,1.14,1.14,1.15,1.13,980448,113620557.0,1.74,-0.87,-0.01,0.31
1406,2020-10-28,1.14,1.14,1.15,1.13,1001316,116170134.0,1.75,0.0,0.0,0.32
1407,2020-10-29,1.14,1.13,1.14,1.13,966162,111619888.0,0.88,-0.88,-0.01,0.31
1408,2020-10-30,1.14,1.12,1.14,1.12,1699935,195123833.0,1.77,-0.88,-0.01,0.54
1409,2020-11-02,1.12,1.11,1.13,1.11,1592899,181160892.0,1.79,-0.89,-0.01,0.5
1410,2020-11-03,1.12,1.13,1.15,1.11,2309164,265235092.0,3.6,1.8,0.02,0.73
1411,2020-11-04,1.13,1.13,1.14,1.12,1508246,173137083.0,1.77,0.0,0.0,0.48
1412,2020-11-05,1.13,1.14,1.15,1.12,2493574,288308896.0,2.65,0.88,0.01,0.79
1413,2020-11-06,1.14,1.13,1.14,1.13,1418395,163704704.0,0.88,-0.88,-0.01,0.45
1414,2020-11-09,1.14,1.15,1.16,1.13,3362962,393269584.0,2.65,1.77,0.02,1.06
1415,2020-11-10,1.16,1.15,1.17,1.14,2984688,351400608.0,2.61,0.0,0.0,0.94
1416,2020-11-11,1.15,1.16,1.17,1.14,3701857,437048560.0,2.61,0.87,0.01,1.17
1417,2020-11-12,1.15,1.15,1.16,1.14,2080355,243575424.0,1.72,-0.86,-0.01,0.66
1418,2020-11-13,1.15,1.16,1.17,1.14,3687476,434528032.0,2.61,0.87,0.01,1.16
1419,2020-11-16,1.16,1.19,1.2,1.15,6254847,751124048.0,4.31,2.59,0.03,1.97
1420,2020-11-17,1.18,1.17,1.19,1.16,3443112,410011056.0,2.52,-1.68,-0.02,1.09
1421,2020-11-18,1.17,1.18,1.18,1.16,2892152,344201232.0,1.71,0.85,0.01,0.91
1422,2020-11-19,1.17,1.17,1.18,1.16,1943297,230973829.0,1.69,-0.85,-0.01,0.61
1423,2020-11-20,1.17,1.18,1.19,1.15,3926921,468026368.0,3.42,0.85,0.01,1.24
1424,2020-11-23,1.18,1.21,1.24,1.18,7588386,931257872.0,5.08,2.54,0.03,2.4
1425,2020-11-24,1.2,1.24,1.26,1.19,7987885,990506032.0,5.79,2.48,0.03,2.52
1426,2020-11-25,1.24,1.2,1.25,1.2,6483979,806564576.0,4.03,-3.23,-0.04,2.05
1427,2020-11-26,1.21,1.19,1.21,1.18,3450729,418345376.0,2.5,-0.83,-0.01,1.09
1428,2020-11-27,1.19,1.19,1.21,1.18,3348626,406146368.0,2.52,0.0,0.0,1.06
1429,2020-11-30,1.19,1.19,1.22,1.18,3788958,462543536.0,3.36,0.0,0.0,1.2
1430,2020-12-01,1.19,1.19,1.2,1.18,1894532,229677736.0,1.68,0.0,0.0,0.6
1431,2020-12-02,1.19,1.2,1.21,1.19,2728308,332735040.0,1.68,0.84,0.01,0.86
1432,2020-12-03,1.2,1.18,1.2,1.17,3164434,380981584.0,2.5,-1.67,-0.02,1.0
1433,2020-12-04,1.18,1.17,1.18,1.16,1793607,213816043.0,1.69,-0.85,-0.01,0.57
1434,2020-12-07,1.18,1.17,1.18,1.16,1721062,204655048.0,1.71,0.0,0.0,0.54
1435,2020-12-08,1.16,1.16,1.17,1.15,2206684,260444815.0,1.71,-0.85,-0.01,0.7
1436,2020-12-09,1.15,1.15,1.17,1.15,2365726,278046720.0,1.72,-0.86,-0.01,0.75
1437,2020-12-10,1.15,1.17,1.17,1.14,2416031,285415264.0,2.61,1.74,0.02,0.76
1438,2020-12-11,1.17,1.15,1.18,1.14,2669870,314710320.0,3.42,-1.71,-0.02,0.84
1439,2020-12-14,1.15,1.15,1.15,1.13,1874393,217700671.0,1.74,0.0,0.0,0.59
1440,2020-12-15,1.14,1.14,1.15,1.13,1642080,189867459.0,1.74,-0.87,-0.01,0.52
1441,2020-12-16,1.14,1.14,1.15,1.13,1164300,134827878.0,1.75,0.0,0.0,0.37
1442,2020-12-17,1.14,1.15,1.16,1.13,2520051,293310944.0,2.63,0.88,0.01,0.8
1443,2020-12-18,1.15,1.17,1.17,1.15,2810233,331974736.0,1.74,1.74,0.02,0.89
1444,2020-12-21,1.17,1.17,1.18,1.16,2622421,311524448.0,1.71,0.0,0.0,0.83
1445,2020-12-22,1.17,1.14,1.17,1.13,2847170,333809824.0,3.42,-2.56,-0.03,0.9
1446,2020-12-23,1.14,1.14,1.16,1.13,1902201,221971809.0,2.63,0.0,0.0,0.6
1447,2020-12-24,1.15,1.14,1.15,1.13,1612508,187447317.0,1.75,0.0,0.0,0.51
1448,2020-12-25,1.14,1.16,1.16,1.13,2141467,250868148.0,2.63,1.75,0.02,0.68
1449,2020-12-28,1.16,1.15,1.16,1.14,1567691,183581976.0,1.72,-0.86,-0.01,0.49
1450,2020-12-29,1.15,1.14,1.16,1.14,1297831,151632009.0,1.74,-0.87,-0.01,0.41
1451,2020-12-30,1.14,1.15,1.16,1.14,1774485,207160030.0,1.75,0.88,0.01,0.56
1452,2020-12-31,1.14,1.15,1.16,1.14,2018532,236115728.0,1.74,0.0,0.0,0.64
1453,2021-01-04,1.15,1.16,1.16,1.14,2941064,345535104.0,1.74,0.87,0.01,0.93
1454,2021-01-05,1.16,1.15,1.16,1.14,2916926,340952512.0,1.72,-0.86,-0.01,0.92
1455,2021-01-06,1.15,1.15,1.15,1.14,1015127,118190965.0,0.87,0.0,0.0,0.32
1456,2021-01-07,1.15,1.15,1.17,1.14,4798677,564671040.0,2.61,0.0,0.0,1.51
1457,2021-01-08,1.15,1.15,1.16,1.13,2867235,333693968.0,2.61,0.0,0.0,0.91
1458,2021-01-11,1.15,1.14,1.16,1.13,3785164,439896432.0,2.61,-0.87,-0.01,1.19
1459,2021-01-12,1.13,1.13,1.14,1.12,3187017,366153424.0,1.75,-0.88,-0.01,1.01
1460,2021-01-13,1.13,1.12,1.14,1.12,2801227,321505632.0,1.77,-0.88,-0.01,0.88
1461,2021-01-14,1.12,1.13,1.14,1.12,2609596,299867952.0,1.79,0.89,0.01,0.82
1462,2021-01-15,1.13,1.13,1.14,1.12,1634779,187864640.0,1.77,0.0,0.0,0.52
1463,2021-01-18,1.14,1.14,1.17,1.13,4161925,486489776.0,3.54,0.88,0.01,1.31
1464,2021-01-19,1.14,1.14,1.15,1.13,2718105,314497360.0,1.75,0.0,0.0,0.86
1465,2021-01-20,1.14,1.18,1.19,1.13,7596753,894104448.0,5.26,3.51,0.04,2.4
1466,2021-01-21,1.17,1.22,1.26,1.16,15289785,1890069376.0,8.47,3.39,0.04,4.83
1467,2021-01-22,1.2,1.16,1.2,1.16,8975693,1074022752.0,3.28,-4.92,-0.06,2.83
1468,2021-01-25,1.16,1.15,1.18,1.15,4702333,555179984.0,2.59,-0.86,-0.01,1.48
1469,2021-01-26,1.14,1.16,1.17,1.14,4654624,545048288.0,2.61,0.87,0.01,1.47
1470,2021-01-27,1.15,1.15,1.16,1.14,2683655,312540928.0,1.72,-0.86,-0.01,0.85
1471,2021-01-28,1.14,1.13,1.15,1.13,2773976,320678160.0,1.74,-1.74,-0.02,0.88
1472,2021-01-29,1.14,1.13,1.14,1.12,3031203,348479440.0,1.77,0.0,0.0,0.96
1473,2021-02-01,1.13,1.11,1.13,1.11,3483366,397090944.0,1.77,-1.77,-0.02,1.1
1474,2021-02-02,1.11,1.12,1.13,1.11,3277645,372979888.0,1.8,0.9,0.01,1.03
1475,2021-02-03,1.12,1.18,1.23,1.11,15043900,1790709424.0,10.71,5.36,0.06,4.75
1476,2021-02-04,1.16,1.15,1.17,1.12,7942980,921289888.0,4.24,-2.54,-0.03,2.51
1477,2021-02-05,1.14,1.11,1.15,1.11,5491888,628358544.0,3.48,-3.48,-0.04,1.73
1478,2021-02-08,1.11,1.12,1.13,1.1,4130220,468348400.0,2.7,0.9,0.01,1.3
1479,2021-02-09,1.11,1.12,1.13,1.1,3321801,377980944.0,2.68,0.0,0.0,1.05
1480,2021-02-10,1.11,1.13,1.15,1.11,4473202,514214800.0,3.57,0.89,0.01,1.41
1481,2021-02-18,1.15,1.18,1.2,1.14,8568030,1016264016.0,5.31,4.42,0.05,2.7
1482,2021-02-19,1.17,1.18,1.2,1.15,6187831,737789024.0,4.24,0.0,0.0,1.95
1483,2021-02-22,1.2,1.3,1.3,1.19,17737703,2298250960.0,9.32,10.17,0.12,5.6
1484,2021-02-23,1.33,1.43,1.43,1.28,22675545,3110289888.0,11.54,10.0,0.13,7.16
1485,2021-02-24,1.42,1.39,1.49,1.36,19398227,2785663616.0,9.09,-2.8,-0.04,6.12
1486,2021-02-25,1.45,1.48,1.53,1.41,25491565,3869756160.0,8.63,6.47,0.09,8.05
1487,2021-02-26,1.38,1.52,1.6,1.34,21448428,3218527680.0,17.57,2.7,0.04,6.77
1488,2021-03-01,1.51,1.67,1.67,1.48,17146298,2757754416.0,12.5,9.87,0.15,5.41
1489,2021-03-02,1.78,1.74,1.84,1.71,31131155,5650219520.0,7.78,4.19,0.07,9.83
1490,2021-03-03,1.68,1.92,1.92,1.67,26934073,4969306880.0,14.37,10.34,0.18,8.5
1491,2021-03-04,1.9,2.11,2.11,1.86,34961533,7152252416.0,13.02,9.9,0.19,11.04
1492,2021-03-05,2.13,2.06,2.21,1.98,28988655,6160562688.0,10.9,-2.37,-0.05,9.15
1493,2021-03-08,2.13,1.92,2.22,1.85,36073910,7432450048.0,17.96,-6.8,-0.14,11.39
1494,2021-03-09,1.82,1.83,2.0,1.79,28480389,5437615616.0,10.94,-4.69,-0.09,8.99
1495,2021-03-10,1.85,1.77,1.85,1.69,24415244,4315750144.0,8.74,-3.28,-0.06,7.71
1496,2021-03-11,1.75,1.84,1.88,1.72,22219410,4071574672.0,9.04,3.95,0.07,7.01
1497,2021-03-12,1.84,1.78,1.89,1.76,19584734,3577446720.0,7.07,-3.26,-0.06,6.18
1498,2021-03-15,1.75,1.89,1.95,1.74,26584869,5035944704.0,11.8,6.18,0.11,8.39
1499,2021-03-16,1.86,1.83,1.88,1.78,17010197,3135267792.0,5.29,-3.17,-0.06,5.37
1500,2021-03-17,1.8,1.78,1.82,1.75,11184246,2011721712.0,3.83,-2.73,-0.05,3.53
1501,2021-03-18,1.78,1.74,1.79,1.73,11498833,2036145248.0,3.37,-2.25,-0.04,3.63
1502,2021-03-19,1.7,1.69,1.74,1.66,11496739,1974537184.0,4.6,-2.87,-0.05,3.63
1503,2021-03-22,1.69,1.66,1.72,1.63,12163473,2055509632.0,5.33,-1.78,-0.03,3.84
1504,2021-03-23,1.65,1.58,1.66,1.57,12473339,2023953232.0,5.42,-4.82,-0.08,3.94
1505,2021-03-24,1.56,1.52,1.58,1.51,10688137,1666476640.0,4.43,-3.8,-0.06,3.37
1506,2021-03-25,1.52,1.56,1.63,1.51,12332586,1961036912.0,7.89,2.63,0.04,3.89
1507,2021-03-26,1.54,1.59,1.61,1.53,11389108,1807263008.0,5.13,1.92,0.03,3.6
1508,2021-03-29,1.59,1.56,1.6,1.55,7789935,1241254912.0,3.14,-1.89,-0.03,2.46
1509,2021-03-30,1.54,1.61,1.64,1.5,13633652,2183784336.0,8.97,3.21,0.05,4.3
1510,2021-03-31,1.58,1.54,1.58,1.53,8047031,1263101728.0,3.11,-4.35,-0.07,2.54
1511,2021-04-01,1.54,1.57,1.57,1.5,8985180,1399148096.0,4.55,1.95,0.03,2.84
1512,2021-04-02,1.55,1.52,1.55,1.51,6513927,1006007408.0,2.55,-3.18,-0.05,2.06
1513,2021-04-06,1.52,1.53,1.56,1.52,5087103,793578272.0,2.63,0.66,0.01,1.61
1514,2021-04-07,1.53,1.62,1.62,1.52,13432369,2144783680.0,6.54,5.88,0.09,4.24
1515,2021-04-08,1.61,1.61,1.68,1.59,15405894,2542641472.0,5.56,-0.62,-0.01,4.86
1516,2021-04-09,1.62,1.59,1.64,1.57,8885300,1438039136.0,4.35,-1.24,-0.02,2.8
1517,2021-04-12,1.58,1.62,1.63,1.56,10005316,1624622960.0,4.4,1.89,0.03,3.16
1518,2021-04-13,1.6,1.55,1.6,1.54,7859231,1241601600.0,3.7,-4.32,-0.07,2.48
1519,2021-04-14,1.53,1.56,1.58,1.53,5521900,870377392.0,3.23,0.65,0.01,1.74
1520,2021-04-15,1.56,1.56,1.58,1.54,5003500,789115408.0,2.56,0.0,0.0,1.58
1521,2021-04-16,1.55,1.55,1.57,1.54,5257816,827608176.0,1.92,-0.64,-0.01,1.66
1522,2021-04-19,1.55,1.56,1.57,1.53,6049975,952612080.0,2.58,0.65,0.01,1.91
1523,2021-04-20,1.55,1.59,1.61,1.54,9853254,1576482608.0,4.49,1.92,0.03,3.11
1524,2021-04-21,1.57,1.54,1.57,1.53,7593499,1191812832.0,2.52,-3.14,-0.05,2.4
1525,2021-04-22,1.54,1.55,1.57,1.53,5236509,824760848.0,2.6,0.65,0.01,1.65
1526,2021-04-23,1.55,1.54,1.56,1.53,5286634,824903376.0,1.94,-0.65,-0.01,1.67
1527,2021-04-26,1.55,1.53,1.56,1.53,4187975,655174416.0,1.95,-0.65,-0.01,1.32
1528,2021-04-27,1.53,1.47,1.54,1.46,7425199,1122510464.0,5.23,-3.92,-0.06,2.34
1529,2021-04-28,1.47,1.5,1.52,1.44,5868113,877217504.0,5.44,2.04,0.03,1.85
1530,2021-04-29,1.49,1.47,1.49,1.45,4984774,741579504.0,2.67,-2.0,-0.03,1.57
1531,2021-04-30,1.47,1.45,1.49,1.44,4949734,734922016.0,3.4,-1.36,-0.02,1.56
1532,2021-05-06,1.46,1.51,1.52,1.46,8901723,1349350672.0,4.14,4.14,0.06,2.81
1533,2021-05-07,1.51,1.66,1.66,1.5,13517754,2182700160.0,10.6,9.93,0.15,4.27
1534,2021-05-10,1.73,1.83,1.83,1.71,24827325,4473797120.0,7.23,10.24,0.17,7.84
1535,2021-05-11,1.79,1.77,1.81,1.72,17461585,3126070080.0,4.92,-3.28,-0.06,5.51
1536,2021-05-12,1.75,1.83,1.88,1.74,14212657,2616916672.0,7.91,3.39,0.06,4.49
1537,2021-05-13,1.78,1.7,1.79,1.67,13969625,2436934480.0,6.56,-7.1,-0.13,4.41
1538,2021-05-14,1.68,1.67,1.71,1.64,8984987,1518878416.0,4.12,-1.76,-0.03,2.84
1539,2021-05-17,1.66,1.66,1.69,1.62,8220755,1371986976.0,4.19,-0.6,-0.01,2.6
1540,2021-05-18,1.67,1.66,1.7,1.65,6216294,1053030080.0,3.01,0.0,0.0,1.96
1541,2021-05-19,1.64,1.63,1.65,1.61,6431736,1059380496.0,2.41,-1.81,-0.03,2.03
1542,2021-05-20,1.58,1.55,1.58,1.52,8946126,1398648880.0,3.68,-4.91,-0.08,2.82
1543,2021-05-21,1.54,1.6,1.64,1.53,7806688,1255905872.0,7.1,3.23,0.05,2.46
1544,2021-05-24,1.56,1.57,1.61,1.55,4884626,778838944.0,3.75,-1.88,-0.03,1.54
1545,2021-05-25,1.57,1.58,1.6,1.55,4901508,783183024.0,3.18,0.64,0.01,1.55
1546,2021-05-26,1.57,1.6,1.62,1.56,6673722,1074861280.0,3.8,1.27,0.02,2.11
1547,2021-05-27,1.59,1.59,1.63,1.58,5648768,914517904.0,3.13,-0.63,-0.01,1.78
1548,2021-05-28,1.62,1.58,1.63,1.57,5563118,901826848.0,3.77,-0.63,-0.01,1.76
1549,2021-05-31,1.59,1.62,1.63,1.58,5970624,972697008.0,3.16,2.53,0.04,1.88
1550,2021-06-01,1.6,1.6,1.61,1.56,5826124,934231952.0,3.09,-1.23,-0.02,1.84
1551,2021-06-02,1.6,1.58,1.61,1.57,4673014,751160992.0,2.5,-1.25,-0.02,1.48
1552,2021-06-03,1.57,1.65,1.7,1.57,13698759,2267961584.0,8.23,4.43,0.07,4.32
1553,2021-06-04,1.62,1.61,1.62,1.6,6755004,1101179488.0,1.21,-2.42,-0.04,2.13
1554,2021-06-07,1.61,1.6,1.63,1.59,4706196,764781744.0,2.48,-0.62,-0.01,1.49
1555,2021-06-08,1.59,1.58,1.6,1.57,4498812,722310560.0,1.88,-1.25,-0.02,1.42
1556,2021-06-09,1.59,1.6,1.62,1.58,4538488,737781920.0,2.53,1.27,0.02,1.43
1557,2021-06-10,1.6,1.59,1.61,1.58,4298985,693695296.0,1.88,-0.63,-0.01,1.36
1558,2021-06-11,1.59,1.59,1.6,1.57,4797057,770741952.0,1.89,0.0,0.0,1.51
1559,2021-06-15,1.58,1.55,1.59,1.54,4844290,764554016.0,3.14,-2.52,-0.04,1.53
1560,2021-06-16,1.56,1.55,1.58,1.55,3557178,563606848.0,1.94,0.0,0.0,1.12
1561,2021-06-17,1.55,1.53,1.56,1.53,3457504,539277984.0,1.94,-1.29,-0.02,1.09
1562,2021-06-18,1.52,1.53,1.54,1.49,4306110,660578880.0,3.27,0.0,0.0,1.36
1563,2021-06-21,1.53,1.54,1.57,1.53,4263701,667800448.0,2.61,0.65,0.01,1.35
1564,2021-06-22,1.53,1.55,1.57,1.52,4542883,709683216.0,3.25,0.65,0.01,1.43
1565,2021-06-23,1.54,1.54,1.55,1.52,3719419,578461872.0,1.94,-0.65,-0.01,1.17
1566,2021-06-24,1.54,1.53,1.55,1.52,3794383,590078240.0,1.95,-0.65,-0.01,1.2
1567,2021-06-25,1.53,1.58,1.59,1.52,8342209,1323070384.0,4.58,3.27,0.05,2.63
1568,2021-06-28,1.57,1.57,1.58,1.54,5851496,921518672.0,2.53,-0.63,-0.01,1.85
1569,2021-06-29,1.56,1.53,1.56,1.53,5291162,825372240.0,1.91,-2.55,-0.04,1.67
1570,2021-06-30,1.53,1.53,1.55,1.52,2523599,393196544.0,1.96,0.0,0.0,0.8
1571,2021-07-01,1.53,1.51,1.54,1.5,3723625,573815408.0,2.61,-1.31,-0.02,1.18
1572,2021-07-02,1.5,1.51,1.54,1.49,4352856,667718512.0,3.31,0.0,0.0,1.37
1573,2021-07-05,1.51,1.56,1.57,1.5,7361903,1153158016.0,4.64,3.31,0.05,2.32
1574,2021-07-06,1.56,1.55,1.58,1.53,6623983,1043037728.0,3.21,-0.64,-0.01,2.09
1575,2021-07-07,1.54,1.68,1.71,1.53,22756428,3805218496.0,11.61,8.39,0.13,7.18
1576,2021-07-08,1.66,1.67,1.77,1.65,20661811,3581519232.0,7.14,-0.6,-0.01,6.52
1577,2021-07-09,1.65,1.84,1.84,1.64,23200422,4160433984.0,11.98,10.18,0.17,7.32
1578,2021-07-12,1.92,1.96,2.03,1.9,29936695,5996642048.0,7.07,6.52,0.12,9.45
1579,2021-07-13,2.03,2.16,2.16,1.93,21926532,4541858816.0,11.73,10.2,0.2,6.92
1580,2021-07-14,2.22,2.07,2.29,2.06,30116237,6592169984.0,10.65,-4.17,-0.09,9.51
1581,2021-07-15,2.06,2.23,2.28,1.97,30838362,6601371392.0,14.98,7.73,0.16,9.74
1582,2021-07-16,2.16,2.13,2.25,2.1,22601388,4963746048.0,6.73,-4.48,-0.1,7.13
1583,2021-07-19,2.08,2.1,2.23,2.07,17156968,3721187728.0,7.51,-1.41,-0.03,5.42
1584,2021-07-20,2.08,2.13,2.2,2.07,13234757,2845222160.0,6.19,1.43,0.03,4.18
1585,2021-07-21,2.16,2.35,2.35,2.11,24199607,5536152832.0,11.27,10.33,0.22,7.64
1586,2021-07-22,2.4,2.59,2.59,2.36,27746284,6967248640.0,9.79,10.21,0.24,8.76
1587,2021-07-23,2.69,2.67,2.84,2.52,34722180,9360797184.0,12.36,3.09,0.08,10.96
1588,2021-07-26,2.66,2.57,2.69,2.46,23811136,6212685824.0,8.61,-3.75,-0.1,7.52
1589,2021-07-27,2.57,2.51,2.76,2.43,27410556,7246457856.0,12.84,-2.33,-0.06,8.65
1590,2021-07-28,2.44,2.41,2.56,2.26,18692006,4563473408.0,11.95,-3.98,-0.1,5.9
1591,2021-07-29,2.51,2.65,2.65,2.44,20199114,5255445248.0,8.71,9.96,0.24,6.38
1592,2021-07-30,2.69,2.83,2.91,2.6,27492179,7542543616.0,11.7,6.79,0.18,8.68
1593,2021-08-02,2.78,2.67,2.82,2.6,24395098,6634730752.0,7.77,-5.65,-0.16,7.7
1594,2021-08-03,2.61,2.48,2.66,2.41,19728387,5010697984.0,9.36,-7.12,-0.19,6.23
1595,2021-08-04,2.46,2.73,2.73,2.44,24878649,6664604416.0,11.69,10.08,0.25,7.85
1596,2021-08-05,2.68,2.7,2.75,2.54,22559002,6013052928.0,7.69,-1.1,-0.03,7.12
1597,2021-08-06,2.68,2.75,2.85,2.67,18980171,5301526016.0,6.67,1.85,0.05,5.99
1598,2021-08-09,2.68,2.7,2.74,2.61,14809643,3985547216.0,4.73,-1.82,-0.05,4.68
1599,2021-08-10,2.65,2.66,2.73,2.59,12554144,3357013840.0,5.19,-1.48,-0.04,3.96
1600,2021-08-11,2.63,2.66,2.74,2.58,14478999,3874545472.0,6.02,0.0,0.0,4.57
1601,2021-08-12,2.65,2.77,2.88,2.59,18318503,5071817984.0,10.9,4.14,0.11,5.78
1602,2021-08-13,2.73,2.76,2.86,2.68,16753380,4680271616.0,6.5,-0.36,-0.01,5.29
1603,2021-08-16,2.69,2.65,2.78,2.62,16190703,4384893952.0,5.8,-3.99,-0.11,5.11
1604,2021-08-17,2.65,2.62,2.72,2.6,12136972,3249503584.0,4.53,-1.13,-0.03,3.83
1605,2021-08-18,2.6,2.6,2.65,2.57,9663469,2536453152.0,3.05,-0.76,-0.02,3.05
1606,2021-08-19,2.57,2.54,2.61,2.48,12550561,3196886080.0,5.0,-2.31,-0.06,3.96
1607,2021-08-20,2.51,2.59,2.59,2.47,10269015,2626911984.0,4.72,1.97,0.05,3.24
1608,2021-08-23,2.61,2.7,2.74,2.57,15459180,4136451968.0,6.56,4.25,0.11,4.88
1609,2021-08-24,2.69,2.97,2.97,2.67,27428172,7963098368.0,11.11,10.0,0.27,8.66
1610,2021-08-25,3.03,3.04,3.12,2.94,24085613,7339835904.0,6.06,2.36,0.07,7.6
1611,2021-08-26,3.04,3.29,3.35,3.03,24466290,7895982080.0,10.53,8.22,0.25,7.72
1612,2021-08-27,3.33,3.3,3.42,3.19,20279694,6755815680.0,6.99,0.3,0.01,6.4
1613,2021-08-30,3.35,3.4,3.53,3.28,21040679,7173434880.0,7.58,3.03,0.1,6.64
1614,2021-08-31,3.35,3.74,3.74,3.34,15507560,5631181312.0,11.76,10.0,0.34,4.9
1615,2021-09-01,4.12,3.78,4.12,3.74,41144530,16328002560.0,10.16,1.07,0.04,12.99
1616,2021-09-02,3.78,3.94,4.11,3.64,28992766,11251976960.0,12.43,4.23,0.16,9.15
1617,2021-09-03,3.88,3.65,4.04,3.54,31748966,11916411904.0,12.69,-7.36,-0.29,10.02
1618,2021-09-06,3.56,3.56,3.63,3.35,21825229,7659067392.0,7.67,-2.47,-0.09,6.89
1619,2021-09-07,3.55,3.73,3.81,3.53,22893826,8416441344.0,7.87,4.78,0.17,7.23
1620,2021-09-08,3.68,3.79,3.96,3.63,20646397,7922311168.0,8.85,1.61,0.06,6.52
1621,2021-09-09,3.73,3.87,3.91,3.72,19494966,7472753664.0,5.01,2.11,0.08,6.15
1622,2021-09-10,3.83,3.73,3.86,3.68,17626915,6659051520.0,4.65,-3.62,-0.14,5.56
1623,2021-09-13,3.68,3.79,3.92,3.64,17506965,6688326912.0,7.51,1.61,0.06,5.53
1624,2021-09-14,3.78,3.64,3.79,3.56,16305882,6012311296.0,6.07,-3.96,-0.15,5.15
1625,2021-09-15,3.63,3.65,3.71,3.6,10728765,3936458656.0,3.02,0.27,0.01,3.39
1626,2021-09-16,3.7,3.6,3.83,3.59,17390213,6490095616.0,6.58,-1.37,-0.05,5.49
1627,2021-09-17,3.53,3.36,3.63,3.24,20355302,6982185984.0,10.83,-6.67,-0.24,6.43
1628,2021-09-22,3.28,3.39,3.41,3.19,10839280,3644470784.0,6.55,0.89,0.03,3.42
1629,2021-09-23,3.42,3.73,3.73,3.39,26000603,9489867008.0,10.03,10.03,0.34,8.21
1630,2021-09-24,3.75,3.53,3.79,3.48,21406202,7796083200.0,8.31,-5.36,-0.2,6.76
1631,2021-09-27,3.45,3.18,3.46,3.18,16381320,5350639104.0,7.93,-9.92,-0.35,5.17
1632,2021-09-28,3.07,3.17,3.21,3.03,11376329,3571601728.0,5.66,-0.31,-0.01,3.59
1633,2021-09-29,3.11,3.06,3.2,2.96,12460547,3863004176.0,7.57,-3.47,-0.11,3.93
1634,2021-09-30,3.08,3.15,3.2,3.07,9557210,3021051408.0,4.25,2.94,0.09,3.02
1635,2021-10-08,3.23,3.06,3.25,3.02,9024909,2807524704.0,7.3,-2.86,-0.09,2.85
1636,2021-10-11,3.02,3.0,3.06,2.86,9468688,2829120880.0,6.54,-1.96,-0.06,2.99
1637,2021-10-12,2.97,2.85,3.03,2.79,10248538,2972850896.0,8.0,-5.0,-0.15,3.24
1638,2021-10-13,2.83,2.89,2.95,2.79,7869116,2268233984.0,5.61,1.4,0.04,2.48
1639,2021-10-14,2.85,2.88,2.94,2.8,6358970,1845038336.0,4.84,-0.35,-0.01,2.01
1640,2021-10-15,2.9,2.89,2.92,2.85,5705382,1658333952.0,2.43,0.35,0.01,1.8
1641,2021-10-18,2.87,2.9,2.93,2.84,7389690,2148819936.0,3.11,0.35,0.01,2.33
1642,2021-10-19,2.88,2.9,2.93,2.81,7524927,2175316480.0,4.14,0.0,0.0,2.38
1643,2021-10-20,2.86,2.99,3.06,2.83,13246216,3962863520.0,7.93,3.1,0.09,4.18
1644,2021-10-21,3.0,3.04,3.15,2.94,15739091,4840620544.0,7.02,1.67,0.05,4.97
1645,2021-10-22,2.98,2.86,3.0,2.84,12313634,3607086240.0,5.26,-5.92,-0.18,3.89
1646,2021-10-25,2.82,2.92,2.94,2.73,12331887,3516007120.0,7.34,2.1,0.06,3.89
1647,2021-10-26,2.89,2.98,3.06,2.87,12565778,3781401120.0,6.51,2.05,0.06,3.97
1648,2021-10-27,2.95,2.96,3.03,2.91,8753764,2623858000.0,4.03,-0.67,-0.02,2.76
1649,2021-10-28,2.93,2.75,2.95,2.74,12191845,3456470112.0,7.09,-7.09,-0.21,3.85
1650,2021-10-29,2.75,2.79,2.8,2.72,6771250,1887362336.0,2.91,1.45,0.04,2.14
1651,2021-11-01,2.78,2.69,2.79,2.66,10743490,2944117232.0,4.66,-3.58,-0.1,3.39
1652,2021-11-02,2.66,2.6,2.71,2.55,9611366,2540459536.0,5.95,-3.35,-0.09,3.03
1653,2021-11-03,2.6,2.63,2.66,2.54,8369774,2196822432.0,4.62,1.15,0.03,2.64
1654,2021-11-04,2.62,2.62,2.64,2.58,5601142,1472597728.0,2.28,-0.38,-0.01,1.77
1655,2021-11-05,2.6,2.49,2.6,2.49,8961399,2297666496.0,4.2,-4.96,-0.13,2.83
1656,2021-11-08,2.5,2.66,2.73,2.5,14436627,3851593424.0,9.24,6.83,0.17,4.56
1657,2021-11-09,2.63,2.58,2.64,2.57,8969898,2348321120.0,2.63,-3.01,-0.08,2.83
1658,2021-11-10,2.56,2.55,2.58,2.49,7820211,1994891056.0,3.49,-1.16,-0.03,2.47
1659,2021-11-11,2.56,2.58,2.62,2.54,7928227,2055843696.0,3.14,1.18,0.03,2.5
1660,2021-11-12,2.57,2.58,2.64,2.56,8638198,2263849648.0,3.1,0.0,0.0,2.73
1661,2021-11-15,2.56,2.5,2.57,2.47,7255577,1828109168.0,3.88,-3.1,-0.08,2.29
1662,2021-11-16,2.49,2.4,2.52,2.39,8617819,2129288720.0,5.2,-4.0,-0.1,2.72
1663,2021-11-17,2.4,2.44,2.48,2.39,7303069,1798171008.0,3.75,1.67,0.04,2.31
1664,2021-11-18,2.43,2.48,2.51,2.42,8090442,2015422304.0,3.69,1.64,0.04,2.55
1665,2021-11-19,2.47,2.5,2.5,2.42,6441241,1598227728.0,3.23,0.81,0.02,2.03
1666,2021-11-22,2.5,2.58,2.6,2.48,9945223,2553979312.0,4.8,3.2,0.08,3.14
1667,2021-11-23,2.7,2.76,2.84,2.7,25427503,7150279680.0,5.43,6.98,0.18,8.03
1668,2021-11-24,2.68,2.88,2.96,2.68,22471291,6450187776.0,10.14,4.35,0.12,7.09
1669,2021-11-25,2.89,2.82,2.93,2.81,13248184,3818536528.0,4.17,-2.08,-0.06,4.18
1670,2021-11-26,2.78,3.02,3.06,2.76,18893208,5642683392.0,10.64,7.09,0.2,5.96
1671,2021-11-29,2.93,2.95,2.99,2.89,13349553,3949514592.0,3.31,-2.32,-0.07,4.21
1672,2021-11-30,2.98,2.87,3.02,2.86,10933457,3203462320.0,5.42,-2.71,-0.08,3.45
1673,2021-12-01,2.85,2.85,2.9,2.8,7505334,2149352480.0,3.48,-0.7,-0.02,2.37
1674,2021-12-02,2.84,2.92,2.97,2.8,12674425,3674770128.0,5.96,2.46,0.07,4.0
1675,2021-12-03,2.89,2.85,2.9,2.79,8600737,2461058480.0,3.77,-2.4,-0.07,2.72
1676,2021-12-06,2.84,2.85,2.91,2.83,8069612,2327081072.0,2.81,0.0,0.0,2.55
1677,2021-12-07,2.87,2.78,2.88,2.73,8796768,2471657216.0,5.26,-2.46,-0.07,2.78
1678,2021-12-08,2.78,2.86,2.91,2.76,9800797,2814137056.0,5.4,2.88,0.08,3.09
1679,2021-12-09,2.86,3.02,3.14,2.85,17424802,5280992512.0,10.14,5.59,0.16,5.5
1680,2021-12-10,2.98,2.94,2.99,2.9,11948056,3525657488.0,2.98,-2.65,-0.08,3.77
1681,2021-12-13,2.92,2.97,2.98,2.86,10237398,3006592784.0,4.08,1.02,0.03,3.23
1682,2021-12-14,2.96,2.92,3.02,2.9,9105240,2705497040.0,4.04,-1.68,-0.05,2.87
1683,2021-12-15,2.89,3.02,3.08,2.88,16919160,5124641792.0,6.85,3.42,0.1,5.34
1684,2021-12-16,3.0,3.1,3.1,2.99,13053889,4003941872.0,3.64,2.65,0.08,4.12
1685,2021-12-17,3.09,3.06,3.19,3.06,12666953,3974322912.0,4.19,-1.29,-0.04,4.0
1686,2021-12-20,3.07,3.09,3.2,3.06,12485665,3926182336.0,4.58,0.98,0.03,3.94
1687,2021-12-21,3.07,3.07,3.12,2.99,7849857,2405936864.0,4.21,-0.65,-0.02,2.48
1688,2021-12-22,3.08,2.99,3.09,2.98,8589287,2611785904.0,3.58,-2.61,-0.08,2.71
1689,2021-12-23,3.0,3.03,3.06,2.98,8629980,2625492112.0,2.68,1.34,0.04,2.72
1690,2021-12-24,3.03,2.86,3.04,2.85,12353156,3616647936.0,6.27,-5.61,-0.17,3.9
1691,2021-12-27,2.78,2.76,2.83,2.69,8178549,2275778928.0,4.9,-3.5,-0.1,2.58
1692,2021-12-28,2.75,2.82,2.82,2.73,6554866,1836067872.0,3.26,2.17,0.06,2.07
1693,2021-12-29,2.81,2.76,2.83,2.74,6187048,1731515376.0,3.19,-2.13,-0.06,1.95
1694,2021-12-30,2.77,2.75,2.81,2.74,5425212,1513984976.0,2.54,-0.36,-0.01,1.71
1695,2021-12-31,2.73,2.77,2.78,2.73,4809592,1334136032.0,1.82,0.73,0.02,1.52
1696,2022-01-04,2.78,2.77,2.81,2.75,5489996,1533193776.0,2.17,0.0,0.0,1.73
1697,2022-01-05,2.77,2.65,2.77,2.61,8715082,2350819376.0,5.78,-4.33,-0.12,2.75
1698,2022-01-06,2.63,2.7,2.75,2.62,7584595,2067432784.0,4.91,1.89,0.05,2.39
1699,2022-01-07,2.7,2.77,2.8,2.7,10209882,2852775376.0,3.7,2.59,0.07,3.22
1700,2022-01-10,2.86,2.81,2.86,2.75,10903322,3084514528.0,3.97,1.44,0.04,3.44
1701,2022-01-11,2.82,2.83,2.89,2.79,8169813,2343485296.0,3.56,0.71,0.02,2.58
1702,2022-01-12,2.71,2.71,2.73,2.64,13474885,3641615184.0,3.18,-4.24,-0.12,4.25
1703,2022-01-13,2.68,2.65,2.69,2.63,6941188,1855273632.0,2.21,-2.21,-0.06,2.19
1704,2022-01-14,2.64,2.61,2.64,2.58,7380227,1937805632.0,2.26,-1.51,-0.04,2.33
1705,2022-01-17,2.58,2.54,2.59,2.51,6767149,1734164432.0,3.07,-2.68,-0.07,2.14
1706,2022-01-18,2.54,2.56,2.59,2.53,3663726,946392800.0,2.36,0.79,0.02,1.16
1707,2022-01-19,2.57,2.55,2.59,2.53,4491500,1160308048.0,2.34,-0.39,-0.01,1.42
1708,2022-01-20,2.56,2.51,2.58,2.48,5142607,1307966400.0,3.92,-1.57,-0.04,1.62
1709,2022-01-21,2.5,2.44,2.5,2.44,5036264,1253893280.0,2.39,-2.79,-0.07,1.59
1710,2022-01-24,2.43,2.49,2.51,2.4,4628730,1151780704.0,4.51,2.05,0.05,1.46
1711,2022-01-25,2.47,2.39,2.51,2.39,5202760,1277060704.0,4.82,-4.02,-0.1,1.64
1712,2022-01-26,2.39,2.41,2.44,2.39,3262737,793109808.0,2.09,0.84,0.02,1.03
1713,2022-01-27,2.41,2.32,2.42,2.3,5541444,1312851264.0,4.98,-3.73,-0.09,1.75
1714,2022-01-28,2.33,2.32,2.36,2.26,5138057,1196331040.0,4.31,0.0,0.0,1.62
1715,2022-02-07,2.36,2.48,2.49,2.36,7387138,1823451696.0,5.6,6.9,0.16,2.33
1716,2022-02-08,2.49,2.52,2.52,2.44,6365585,1592299200.0,3.23,1.61,0.04,2.01
1717,2022-02-09,2.52,2.54,2.56,2.5,6402502,1634768768.0,2.38,0.79,0.02,2.02
1718,2022-02-10,2.54,2.53,2.57,2.5,5233109,1335928768.0,2.76,-0.39,-0.01,1.65
1719,2022-02-11,2.51,2.49,2.54,2.48,4406792,1115494048.0,2.37,-1.58,-0.04,1.39
1720,2022-02-14,2.48,2.48,2.52,2.45,4102985,1028012320.0,2.81,-0.4,-0.01,1.3
1721,2022-02-15,2.49,2.48,2.51,2.46,4412422,1104271504.0,2.02,0.0,0.0,1.39
1722,2022-02-16,2.49,2.56,2.6,2.48,8025980,2069434512.0,4.84,3.23,0.08,2.53
1723,2022-02-17,2.55,2.59,2.62,2.54,8027991,2087098672.0,3.13,1.17,0.03,2.53
1724,2022-02-18,2.56,2.59,2.6,2.55,5276702,1369078992.0,1.93,0.0,0.0,1.67
1725,2022-02-21,2.59,2.57,2.61,2.54,4912603,1270560192.0,2.7,-0.77,-0.02,1.55
1726,2022-02-22,2.55,2.55,2.57,2.5,5223965,1332928448.0,2.72,-0.78,-0.02,1.65
1727,2022-02-23,2.54,2.56,2.56,2.52,4545253,1166079296.0,1.57,0.39,0.01,1.43
1728,2022-02-24,2.54,2.49,2.61,2.45,8764181,2237244192.0,6.25,-2.73,-0.07,2.77
1729,2022-02-25,2.51,2.64,2.73,2.5,17801110,4750369792.0,9.24,6.02,0.15,5.62
1730,2022-02-28,2.63,2.66,2.66,2.6,9513648,2521211952.0,2.27,0.76,0.02,3.0
1731,2022-03-01,2.66,2.62,2.66,2.59,6505044,1717842272.0,2.63,-1.5,-0.04,2.05
1732,2022-03-02,2.6,2.61,2.64,2.58,5022439,1324251408.0,2.29,-0.38,-0.01,1.59
1733,2022-03-03,2.62,2.62,2.65,2.6,6667949,1762319200.0,1.92,0.38,0.01,2.1
1734,2022-03-04,2.6,2.56,2.6,2.53,6403598,1656679040.0,2.67,-2.29,-0.06,2.02
1735,2022-03-07,2.5,2.48,2.54,2.46,7628278,1920144080.0,3.13,-3.13,-0.08,2.41
1736,2022-03-08,2.47,2.39,2.49,2.38,6392424,1559482608.0,4.44,-3.63,-0.09,2.02
1737,2022-03-09,2.4,2.36,2.41,2.26,6912092,1629375536.0,6.28,-1.26,-0.03,2.18
1738,2022-03-10,2.39,2.38,2.41,2.36,4289612,1031544992.0,2.12,0.85,0.02,1.35
1739,2022-03-11,2.35,2.37,2.38,2.3,4539487,1066690480.0,3.36,-0.42,-0.01,1.43
1740,2022-03-14,2.34,2.29,2.36,2.29,3922759,919410688.0,2.95,-3.38,-0.08,1.24
1741,2022-03-15,2.27,2.11,2.27,2.11,7610020,1680967520.0,6.99,-7.86,-0.18,2.4
1742,2022-03-16,2.14,2.22,2.23,2.09,7235595,1578340928.0,6.64,5.21,0.11,2.28
1743,2022-03-17,2.25,2.25,2.29,2.24,5795428,1325073536.0,2.25,1.35,0.03,1.83
1744,2022-03-18,2.25,2.26,2.27,2.23,4071369,925000848.0,1.78,0.44,0.01,1.29
1745,2022-03-21,2.27,2.25,2.28,2.23,3993103,909455952.0,2.21,-0.44,-0.01,1.26
1746,2022-03-22,2.25,2.28,2.3,2.23,5140627,1178594864.0,3.11,1.33,0.03,1.62
1747,2022-03-23,2.28,2.26,2.28,2.24,3785585,861808736.0,1.75,-0.88,-0.02,1.2
1748,2022-03-24,2.24,2.23,2.26,2.21,3684030,829103696.0,2.21,-1.33,-0.03,1.16
1749,2022-03-25,2.24,2.2,2.25,2.2,2962433,664902880.0,2.24,-1.35,-0.03,0.94
1750,2022-03-28,2.18,2.23,2.23,2.14,3931395,868538992.0,4.09,1.36,0.03,1.24
1751,2022-03-29,2.22,2.2,2.23,2.19,2666377,594210256.0,1.79,-1.35,-0.03,0.84
1752,2022-03-30,2.22,2.23,2.25,2.21,3455798,777177792.0,1.82,1.36,0.03,1.09
1753,2022-03-31,2.23,2.21,2.24,2.21,2871516,643522384.0,1.35,-0.9,-0.02,0.91
1754,2022-04-01,2.2,2.22,2.23,2.19,2677467,596991616.0,1.81,0.45,0.01,0.85
1755,2022-04-06,2.22,2.3,2.31,2.2,6881997,1571130080.0,4.95,3.6,0.08,2.17
1756,2022-04-07,2.28,2.26,2.33,2.25,6403261,1479443248.0,3.48,-1.74,-0.04,2.02
1757,2022-04-08,2.25,2.26,2.28,2.19,5033418,1135864800.0,3.98,0.0,0.0,1.59
1758,2022-04-11,2.25,2.16,2.25,2.14,6179709,1364365680.0,4.87,-4.42,-0.1,1.95
1759,2022-04-12,2.15,2.19,2.2,2.14,3908804,856241296.0,2.78,1.39,0.03,1.23
1760,2022-04-13,2.18,2.18,2.21,2.15,3739177,822668400.0,2.74,-0.46,-0.01,1.18
1761,2022-04-14,2.19,2.21,2.22,2.18,3361115,746723776.0,1.83,1.38,0.03,1.06
1762,2022-04-15,2.2,2.22,2.29,2.19,5314974,1201715424.0,4.52,0.45,0.01,1.68
1763,2022-04-18,2.2,2.17,2.2,2.16,3951526,865684784.0,1.8,-2.25,-0.05,1.25
1764,2022-04-19,2.17,2.19,2.2,2.16,3252813,715744336.0,1.84,0.92,0.02,1.03
1765,2022-04-20,2.18,2.12,2.19,2.11,4953943,1069390240.0,3.65,-3.2,-0.07,1.56
1766,2022-04-21,2.11,2.02,2.11,2.01,4787430,994190960.0,4.72,-4.72,-0.1,1.51
1767,2022-04-22,2.0,1.99,2.01,1.95,3610533,723379280.0,2.97,-1.49,-0.03,1.14
1768,2022-04-25,1.95,1.82,1.96,1.81,5847238,1111532768.0,7.54,-8.54,-0.17,1.85
1769,2022-04-26,1.8,1.77,1.85,1.76,4953433,900091152.0,4.95,-2.75,-0.05,1.56
1770,2022-04-27,1.74,1.86,1.86,1.73,5818953,1057613536.0,7.34,5.08,0.09,1.84
1771,2022-04-28,1.84,1.8,1.84,1.78,4620639,844327728.0,3.23,-3.23,-0.06,1.46
1772,2022-04-29,1.81,1.86,1.87,1.81,4802224,893014944.0,3.33,3.33,0.06,1.52
1773,2022-05-05,1.84,1.84,1.88,1.83,4215497,789799168.0,2.69,-1.08,-0.02,1.33
1774,2022-05-06,1.8,1.78,1.8,1.76,3257443,587436096.0,2.17,-3.26,-0.06,1.03
1775,2022-05-09,1.77,1.82,1.85,1.76,3555004,655875392.0,5.06,2.25,0.04,1.12
1776,2022-05-10,1.8,1.83,1.84,1.78,3647518,668015024.0,3.3,0.55,0.01,1.15
1777,2022-05-11,1.83,1.87,1.92,1.82,7189756,1361826160.0,5.46,2.19,0.04,2.27
1778,2022-05-12,1.85,1.84,1.87,1.82,5381194,1001736528.0,2.67,-1.6,-0.03,1.7
1779,2022-05-13,1.84,1.83,1.85,1.81,2989128,552446784.0,2.17,-0.54,-0.01,0.94
1780,2022-05-16,1.84,1.84,1.86,1.82,2687310,499545008.0,2.19,0.55,0.01,0.85
1781,2022-05-17,1.84,1.86,1.86,1.82,3379311,629947840.0,2.17,1.09,0.02,1.07
1782,2022-05-18,1.85,1.84,1.86,1.83,2808246,523235936.0,1.61,-1.08,-0.02,0.89
1783,2022-05-19,1.81,1.84,1.84,1.79,3894173,715575232.0,2.72,0.0,0.0,1.23
1784,2022-05-20,1.84,1.88,1.89,1.84,5738219,1083442128.0,2.72,2.17,0.04,1.81
1785,2022-05-23,1.9,2.07,2.07,1.88,13323138,2738238272.0,10.11,10.11,0.19,4.21
1786,2022-05-24,2.07,2.03,2.14,2.03,14670555,3083729360.0,5.31,-1.93,-0.04,4.63
1787,2022-05-25,2.03,2.01,2.05,1.99,7460855,1519473056.0,2.96,-0.99,-0.02,2.36
1788,2022-05-26,2.01,1.99,2.02,1.94,6690840,1338191648.0,3.98,-1.0,-0.02,2.11
1789,2022-05-27,2.0,1.98,2.01,1.95,4975819,995788160.0,3.02,-0.5,-0.01,1.57
1790,2022-05-30,1.99,1.98,2.02,1.96,4344816,871283728.0,3.03,0.0,0.0,1.37
1791,2022-05-31,1.98,1.99,2.0,1.96,4130574,826959584.0,2.02,0.51,0.01,1.3
1792,2022-06-01,1.99,1.98,2.0,1.96,3617553,723972896.0,2.01,-0.5,-0.01,1.14
1793,2022-06-02,1.96,2.05,2.07,1.96,8154892,1673540368.0,5.56,3.54,0.07,2.57
1794,2022-06-06,2.03,2.11,2.12,2.02,8758973,1832354000.0,4.88,2.93,0.06,2.77
1795,2022-06-07,2.1,2.07,2.11,2.06,5944345,1249287232.0,2.37,-1.9,-0.04,1.88
1796,2022-06-08,2.07,2.12,2.13,2.06,7973661,1692170096.0,3.38,2.42,0.05,2.52
1797,2022-06-09,2.11,2.09,2.15,2.09,6024511,1284442080.0,2.83,-1.42,-0.03,1.9
1798,2022-06-10,2.07,2.12,2.13,2.06,8105161,1725087152.0,3.35,1.44,0.03,2.56
1799,2022-06-13,2.1,2.14,2.17,2.09,7904594,1700845328.0,3.77,0.94,0.02,2.5
1800,2022-06-14,2.11,2.15,2.15,2.08,6290274,1341691232.0,3.27,0.47,0.01,1.99
1801,2022-06-15,2.14,2.12,2.16,2.1,5686107,1221252192.0,2.79,-1.4,-0.03,1.8
1802,2022-06-16,2.11,2.1,2.17,2.1,5939756,1277417616.0,3.3,-0.94,-0.02,1.88
1803,2022-06-17,2.08,2.11,2.12,2.07,4703143,995121024.0,2.38,0.48,0.01,1.48
1804,2022-06-20,2.1,2.08,2.12,2.08,4103332,866570496.0,1.9,-1.42,-0.03,1.3
1805,2022-06-21,2.09,2.21,2.29,2.07,18608408,4148973712.0,10.58,6.25,0.13,5.87
1806,2022-06-22,2.25,2.43,2.43,2.23,23219170,5513695488.0,9.05,9.95,0.22,7.33
1807,2022-06-23,2.45,2.43,2.55,2.34,26941882,6621622016.0,8.64,0.0,0.0,8.51
1808,2022-06-24,2.38,2.62,2.67,2.37,24801469,6389088768.0,12.35,7.82,0.19,7.83
1809,2022-06-27,2.65,2.63,2.69,2.57,18170371,4816908032.0,4.58,0.38,0.01,5.74
1810,2022-06-28,2.63,2.49,2.64,2.45,17233084,4351568384.0,7.22,-5.32,-0.14,5.44
1811,2022-06-29,2.47,2.37,2.49,2.36,11311448,2729965712.0,5.22,-4.82,-0.12,3.57
1812,2022-06-30,2.38,2.35,2.43,2.33,9368653,2222948480.0,4.22,-0.84,-0.02,2.96
1813,2022-07-01,2.33,2.49,2.54,2.29,13248445,3173623936.0,10.64,5.96,0.14,4.18
1814,2022-07-04,2.45,2.41,2.48,2.4,8223512,1997515088.0,3.21,-3.21,-0.08,2.6
1815,2022-07-05,2.37,2.44,2.52,2.35,10835442,2647893440.0,7.05,1.24,0.03,3.42
1816,2022-07-06,2.4,2.37,2.42,2.35,6967914,1656625600.0,2.87,-2.87,-0.07,2.2
1817,2022-07-07,2.35,2.37,2.42,2.35,5494652,1313411248.0,2.95,0.0,0.0,1.73
1818,2022-07-08,2.38,2.36,2.41,2.35,4819193,1145352956.0,2.53,-0.42,-0.01,1.52
1819,2022-07-11,2.35,2.28,2.36,2.25,6702965,1534914039.0,4.66,-3.39,-0.08,2.12
1820,2022-07-12,2.27,2.26,2.31,2.25,4308180,981873701.0,2.63,-0.88,-0.02,1.36
1821,2022-07-13,2.26,2.26,2.28,2.24,3592432,811129970.0,1.77,0.0,0.0,1.13
1822,2022-07-14,2.25,2.22,2.26,2.2,4876019,1084298133.0,2.65,-1.77,-0.04,1.54
1823,2022-07-15,2.15,2.13,2.21,2.11,6589616,1420035786.0,4.5,-4.05,-0.09,2.08
1824,2022-07-18,2.09,2.16,2.17,2.07,5199264,1113184282.0,4.69,1.41,0.03,1.64
1825,2022-07-19,2.16,2.18,2.25,2.15,5740356,1265802149.0,4.63,0.93,0.02,1.81
1826,2022-07-20,2.18,2.17,2.21,2.16,3682973,800864334.0,2.29,-0.46,-0.01,1.16
1827,2022-07-21,2.16,2.18,2.23,2.14,5815985,1269495353.0,4.15,0.46,0.01,1.84
1828,2022-07-22,2.17,2.14,2.19,2.13,3890571,837740093.0,2.75,-1.83,-0.04,1.23
1829,2022-07-25,2.14,2.14,2.17,2.13,2735590,587467544.0,1.87,0.0,0.0,0.86
1830,2022-07-26,2.14,2.16,2.17,2.13,2489557,535971405.0,1.87,0.93,0.02,0.79
1831,2022-07-27,2.15,2.16,2.18,2.13,3187127,686053336.0,2.31,0.0,0.0,1.01
1832,2022-07-28,2.16,2.19,2.21,2.16,4763176,1042384753.0,2.31,1.39,0.03,1.5
1833,2022-07-29,2.21,2.26,2.32,2.21,8330398,1890206193.0,5.02,3.2,0.07,2.63
1834,2022-08-01,2.23,2.19,2.24,2.17,4687602,1027754909.0,3.1,-3.1,-0.07,1.48
1835,2022-08-02,2.16,2.1,2.17,2.07,6220237,1309653340.0,4.57,-4.11,-0.09,1.96
1836,2022-08-03,2.09,2.12,2.17,2.08,5279262,1126349054.0,4.29,0.95,0.02,1.67
1837,2022-08-04,2.12,2.11,2.14,2.09,3238063,683666693.0,2.36,-0.47,-0.01,1.02
1838,2022-08-05,2.11,2.14,2.15,2.09,4111394,871967956.0,2.84,1.42,0.03,1.3
1839,2022-08-08,2.13,2.14,2.16,2.12,2995261,642075921.0,1.87,0.0,0.0,0.95
1840,2022-08-09,2.14,2.16,2.18,2.13,2900310,626844908.0,2.34,0.93,0.02,0.92
1841,2022-08-10,2.16,2.15,2.19,2.14,3636803,787112942.0,2.31,-0.46,-0.01,1.15
1842,2022-08-11,2.15,2.17,2.18,2.15,2948444,638434602.0,1.4,0.93,0.02,0.93
1843,2022-08-12,2.17,2.19,2.2,2.16,3120162,683197502.0,1.84,0.92,0.02,0.98
1844,2022-08-15,2.19,2.22,2.24,2.18,3306520,733127093.0,2.74,1.37,0.03,1.04
1845,2022-08-16,2.21,2.19,2.22,2.18,3374608,739856631.0,1.8,-1.35,-0.03,1.07
1846,2022-08-17,2.19,2.18,2.19,2.16,2547325,553167887.0,1.37,-0.46,-0.01,0.8
1847,2022-08-18,2.17,2.13,2.18,2.13,3371158,724565025.0,2.29,-2.29,-0.05,1.06
1848,2022-08-19,2.13,2.13,2.15,2.13,2367728,506197396.0,0.94,0.0,0.0,0.75
1849,2022-08-22,2.12,2.13,2.15,2.1,2890074,614709466.0,2.35,0.0,0.0,0.91
1850,2022-08-23,2.13,2.12,2.14,2.11,2363573,501003329.0,1.41,-0.47,-0.01,0.75
1851,2022-08-24,2.11,2.07,2.14,2.07,4171316,874530462.0,3.3,-2.36,-0.05,1.32
1852,2022-08-25,2.07,2.08,2.09,2.05,2639027,546507306.0,1.93,0.48,0.01,0.83
1853,2022-08-26,2.08,2.09,2.11,2.07,2337514,488513667.0,1.92,0.48,0.01,0.74
1854,2022-08-29,2.07,2.07,2.08,2.05,2362230,486961534.0,1.44,-0.96,-0.02,0.75
1855,2022-08-30,2.06,2.04,2.08,2.03,2470705,506479151.0,2.42,-1.45,-0.03,0.78
1856,2022-08-31,2.03,2.01,2.04,1.99,3399808,683077449.0,2.45,-1.47,-0.03,1.07
1857,2022-09-01,2.0,2.0,2.03,1.99,1950487,391911003.0,1.99,-0.5,-0.01,0.62
1858,2022-09-02,2.0,2.0,2.01,1.99,1375276,275244227.0,1.0,0.0,0.0,0.43
1859,2022-09-05,2.01,2.03,2.04,1.99,2287561,461706659.0,2.5,1.5,0.03,0.72
1860,2022-09-06,2.04,2.05,2.06,2.03,2328597,476653383.0,1.48,0.99,0.02,0.74
1861,2022-09-07,2.05,2.06,2.07,2.04,2063336,424422531.0,1.46,0.49,0.01,0.65
1862,2022-09-08,2.06,2.04,2.07,2.04,2275329,467467096.0,1.46,-0.97,-0.02,0.72
1863,2022-09-09,2.05,2.06,2.07,2.04,1723367,355025001.0,1.47,0.98,0.02,0.54
1864,2022-09-13,2.07,2.05,2.08,2.05,1619425,333661006.0,1.46,-0.49,-0.01,0.51
1865,2022-09-14,2.03,2.02,2.04,2.01,1983382,401651429.0,1.46,-1.46,-0.03,0.63
1866,2022-09-15,2.02,2.0,2.04,1.99,2587824,519714210.0,2.48,-0.99,-0.02,0.82
1867,2022-09-16,2.0,1.96,2.0,1.96,2850847,563289258.0,2.0,-2.0,-0.04,0.9
1868,2022-09-19,1.95,1.91,1.96,1.89,3648514,699264532.0,3.57,-2.55,-0.05,1.15
1869,2022-09-20,1.92,1.95,1.98,1.91,2816702,548298942.0,3.66,2.09,0.04,0.89
1870,2022-09-21,1.94,1.98,2.0,1.93,3167295,622572934.0,3.59,1.54,0.03,1.0
1871,2022-09-22,1.97,1.96,2.01,1.95,2655733,525506666.0,3.03,-1.01,-0.02,0.84
1872,2022-09-23,1.96,1.96,1.99,1.94,2437923,478985608.0,2.55,0.0,0.0,0.77
1873,2022-09-26,1.95,1.91,1.95,1.9,2679757,515063155.0,2.55,-2.55,-0.05,0.85
1874,2022-09-27,1.91,1.91,1.93,1.88,2113396,402092524.0,2.62,0.0,0.0,0.67
1875,2022-09-28,1.9,1.84,1.91,1.84,2563119,478232102.0,3.66,-3.66,-0.07,0.81
1876,2022-09-29,1.86,1.84,1.87,1.82,1750960,323987336.0,2.72,0.0,0.0,0.55
1877,2022-09-30,1.84,1.84,1.86,1.83,1301814,240939582.0,1.63,0.0,0.0,0.41
1878,2022-10-10,1.85,1.83,1.88,1.82,2114786,391651747.0,3.26,-0.54,-0.01,0.67
1879,2022-10-11,1.82,1.83,1.84,1.8,1549920,282756842.0,2.19,0.0,0.0,0.49
1880,2022-10-12,1.84,1.86,1.87,1.81,2164618,397844234.0,3.28,1.64,0.03,0.68
1881,2022-10-13,1.86,1.89,1.91,1.85,2727250,514553663.0,3.23,1.61,0.03,0.86
1882,2022-10-14,1.9,1.89,1.91,1.89,2117174,402362275.0,1.06,0.0,0.0,0.67
1883,2022-10-17,1.89,1.91,1.93,1.87,2408734,456954514.0,3.17,1.06,0.02,0.76
1884,2022-10-18,1.92,1.89,1.93,1.89,1466258,278800090.0,2.09,-1.05,-0.02,0.46
1885,2022-10-19,1.89,1.86,1.89,1.86,1641960,307708499.0,1.59,-1.59,-0.03,0.52
1886,2022-10-20,1.85,1.86,1.88,1.84,1806993,335776776.0,2.15,0.0,0.0,0.57
1887,2022-10-21,1.86,1.85,1.88,1.85,1543761,287384402.0,1.61,-0.54,-0.01,0.49
1888,2022-10-24,1.85,1.81,1.88,1.81,2485712,458048377.0,3.78,-2.16,-0.04,0.78
1889,2022-10-25,1.81,1.82,1.83,1.78,2175722,392412327.0,2.76,0.55,0.01,0.69
1890,2022-10-26,1.85,1.89,1.94,1.85,4481904,851840294.0,4.95,3.85,0.07,1.41
1891,2022-10-27,1.88,1.86,1.9,1.86,2503953,470738211.0,2.12,-1.59,-0.03,0.79
1892,2022-10-28,1.81,1.79,1.81,1.78,2965993,533382195.0,1.61,-3.76,-0.07,0.94
1893,2022-10-31,1.78,1.76,1.8,1.75,2271758,402814622.0,2.79,-1.68,-0.03,0.72
1894,2022-11-01,1.76,1.82,1.83,1.76,3362894,607329186.0,3.98,3.41,0.06,1.06
1895,2022-11-02,1.82,1.86,1.89,1.8,4115264,758509092.0,4.95,2.2,0.04,1.3
1896,2022-11-03,1.84,1.82,1.86,1.82,2588910,475451218.0,2.15,-2.15,-0.04,0.82
1897,2022-11-04,1.82,1.87,1.88,1.81,4140824,769258088.0,3.85,2.75,0.05,1.31
1898,2022-11-07,1.87,1.93,1.97,1.86,6546118,1270008643.0,5.88,3.21,0.06,2.07
1899,2022-11-08,1.93,1.94,1.97,1.92,4171357,810604477.0,2.59,0.52,0.01,1.32
1900,2022-11-09,1.98,1.93,2.0,1.93,3346306,653415954.0,3.61,-0.52,-0.01,1.06
1901,2022-11-10,2.01,2.12,2.12,1.99,15896763,3292004730.0,6.74,9.84,0.19,5.02
1902,2022-11-11,2.16,2.06,2.2,2.04,14596448,3081925788.0,7.55,-2.83,-0.06,4.61
1903,2022-11-14,2.05,1.98,2.06,1.97,7890734,1581239932.0,4.37,-3.88,-0.08,2.49
1904,2022-11-15,1.97,1.98,2.0,1.96,4643789,919571378.0,2.02,0.0,0.0,1.47
1905,2022-11-16,1.98,1.96,1.99,1.95,3297206,648522217.0,2.02,-1.01,-0.02,1.04
1906,2022-11-17,1.95,1.95,1.96,1.94,2755080,536985794.0,1.02,-0.51,-0.01,0.87
1907,2022-11-18,1.95,1.97,2.01,1.95,4040485,799253481.0,3.08,1.03,0.02,1.28
1908,2022-11-21,1.95,1.93,1.95,1.92,2816727,543960763.0,1.52,-2.03,-0.04,0.89
1909,2022-11-22,1.94,1.96,1.98,1.93,3769614,736304700.0,2.59,1.55,0.03,1.19
1910,2022-11-23,1.95,1.96,1.98,1.94,3012157,592716102.0,2.04,0.0,0.0,0.95
1911,2022-11-24,1.97,1.95,1.98,1.95,1955659,383029366.0,1.53,-0.51,-0.01,0.62
1912,2022-11-25,1.95,1.97,1.98,1.94,2732931,536852568.0,2.05,1.03,0.02,0.86
1913,2022-11-28,1.95,1.95,1.96,1.92,2649815,514038829.0,2.03,-1.02,-0.02,0.84
1914,2022-11-29,1.95,1.98,1.99,1.95,3765765,744337700.0,2.05,1.54,0.03,1.19
1915,2022-11-30,1.99,1.99,2.01,1.98,3820389,762236155.0,1.52,0.51,0.01,1.21
1916,2022-12-01,2.0,1.98,2.01,1.98,2971301,591707190.0,1.51,-0.5,-0.01,0.94
1917,2022-12-02,1.98,1.98,1.99,1.97,1526393,301645397.0,1.01,0.0,0.0,0.48
1918,2022-12-05,1.99,2.06,2.07,1.98,6812616,1383795891.0,4.55,4.04,0.08,2.15
1919,2022-12-06,2.05,2.04,2.06,2.02,3477499,709496348.0,1.94,-0.97,-0.02,1.1
1920,2022-12-07,2.03,2.0,2.03,1.99,3759253,754912423.0,1.96,-1.96,-0.04,1.19
1921,2022-12-08,2.0,2.0,2.01,1.99,1845863,369055836.0,1.0,0.0,0.0,0.58
1922,2022-12-09,2.0,2.02,2.03,1.98,3482235,699871980.0,2.5,1.0,0.02,1.1
1923,2022-12-12,2.02,1.97,2.02,1.96,3242758,643935663.0,2.97,-2.48,-0.05,1.02
1924,2022-12-13,2.03,2.04,2.09,2.03,6477882,1331185852.0,3.05,3.55,0.07,2.04
1925,2022-12-14,2.02,2.0,2.04,1.99,3237436,651662920.0,2.45,-1.96,-0.04,1.02
1926,2022-12-15,1.99,1.98,2.0,1.97,2644074,523789679.0,1.5,-1.0,-0.02,0.83
1927,2022-12-16,1.97,1.98,2.0,1.96,2368128,469432969.0,2.02,0.0,0.0,0.75
1928,2022-12-19,1.98,1.93,1.99,1.92,3548450,691119300.0,3.54,-2.53,-0.05,1.12
1929,2022-12-20,1.92,1.93,1.95,1.92,1927790,372758343.0,1.55,0.0,0.0,0.61
1930,2022-12-21,1.93,1.91,1.94,1.91,1275928,245334491.0,1.55,-1.04,-0.02,0.4
1931,2022-12-22,1.93,1.88,1.93,1.87,2059426,390837439.0,3.14,-1.57,-0.03,0.65
1932,2022-12-23,1.87,1.89,1.9,1.86,1308804,246340351.0,2.13,0.53,0.01,0.41
1933,2022-12-26,1.89,1.91,1.93,1.89,1426577,272678514.0,2.12,1.06,0.02,0.45
1934,2022-12-27,1.93,1.96,1.97,1.92,2318355,450254929.0,2.62,2.62,0.05,0.73
1935,2022-12-28,1.96,1.96,1.97,1.95,1639244,321620074.0,1.02,0.0,0.0,0.52
1936,2022-12-29,1.98,1.93,1.99,1.92,2416559,470279325.0,3.57,-1.53,-0.03,0.76
1937,2022-12-30,1.93,1.92,1.94,1.91,1487580,285577033.0,1.55,-0.52,-0.01,0.47
