,日期,开盘,收盘,最高,最低,成交量,成交额,振幅,涨跌幅,涨跌额,换手率
0,2015-01-05,7.74,7.99,7.99,7.39,5758540,6729454848.0,8.68,15.63,1.08,5.37
1,2015-01-06,7.79,7.5,7.94,7.12,3847525,4414567936.0,10.26,-6.13,-0.49,3.59
2,2015-01-07,7.37,7.5,7.77,7.24,2942244,3349153264.0,7.07,0.0,0.0,2.74
3,2015-01-08,7.5,6.96,7.5,6.78,3263050,3567899296.0,9.6,-7.2,-0.54,3.04
4,2015-01-09,6.89,6.77,7.49,6.57,4326434,4713174272.0,13.22,-2.73,-0.19,4.03
5,2015-01-12,6.6,6.45,6.69,6.17,2730501,2820571696.0,7.68,-4.73,-0.32,2.54
6,2015-01-13,6.3,6.36,6.64,6.22,2255538,2330119152.0,6.51,-1.4,-0.09,2.1
7,2015-01-14,6.39,6.51,6.61,6.28,1778637,1842219280.0,5.19,2.36,0.15,1.66
8,2015-01-15,6.51,7.34,7.37,6.49,3502871,3787179600.0,13.52,12.75,0.83,3.26
9,2015-01-16,7.28,7.16,7.45,6.84,2995678,3327371760.0,8.31,-2.45,-0.18,2.79
10,2015-01-19,6.09,6.05,6.89,6.05,3545113,3621466288.0,11.73,-15.5,-1.11,3.3
11,2015-01-20,6.3,6.39,6.56,6.07,3506726,3598677648.0,8.1,5.62,0.34,3.27
12,2015-01-21,6.32,7.09,7.37,6.13,3824472,4111878272.0,19.41,10.95,0.7,3.56
13,2015-01-22,7.09,7.34,7.67,7.02,2887007,3252330928.0,9.17,3.53,0.25,2.69
14,2015-01-23,7.29,7.52,7.84,7.0,3818159,4307453440.0,11.44,2.45,0.18,3.56
15,2015-01-26,7.49,7.35,7.49,7.14,1766889,1982891424.0,4.65,-2.26,-0.17,1.65
16,2015-01-27,7.38,6.83,7.43,6.37,3122070,3355184320.0,14.42,-7.07,-0.52,2.91
17,2015-01-28,6.74,6.41,6.74,6.34,2250410,2336749408.0,5.86,-6.15,-0.42,2.1
18,2015-01-29,6.24,6.38,6.59,6.14,1504374,1549414624.0,7.02,-0.47,-0.03,1.4
19,2015-01-30,6.4,6.57,6.94,6.28,2651256,2788273792.0,10.34,2.98,0.19,2.47
20,2015-02-02,6.1,6.28,6.78,5.99,2287718,2362475632.0,12.02,-4.41,-0.29,2.13
21,2015-02-03,6.47,6.24,6.56,5.7,3298449,3278339808.0,13.69,-0.64,-0.04,3.07
22,2015-02-04,6.32,6.13,6.44,6.02,1885498,1915438064.0,6.73,-1.76,-0.11,1.76
23,2015-02-05,6.76,6.11,6.76,6.08,3779192,3916687808.0,11.09,-0.33,-0.02,3.52
24,2015-02-06,5.89,5.58,6.01,5.49,2493540,2395542560.0,8.51,-8.67,-0.53,2.32
25,2015-02-09,5.34,5.52,5.64,5.2,1766777,1646591712.0,7.89,-1.08,-0.06,1.65
26,2015-02-10,5.49,5.83,5.9,5.4,1489645,1441470640.0,9.06,5.62,0.31,1.39
27,2015-02-11,5.94,5.92,6.05,5.81,1110709,1093034784.0,4.12,1.54,0.09,1.04
28,2015-02-12,5.84,5.84,5.97,5.7,922298,897984352.0,4.56,-1.35,-0.08,0.86
29,2015-02-13,5.87,6.2,6.44,5.8,2086620,2092652176.0,10.96,6.16,0.36,1.94
30,2015-02-16,6.07,6.05,6.14,5.89,1475142,1464530720.0,4.03,-2.42,-0.15,1.37
31,2015-02-17,6.08,6.18,6.33,6.07,1125953,1136699904.0,4.3,2.15,0.13,1.05
32,2015-02-25,6.14,5.83,6.15,5.79,1323833,1296525664.0,5.83,-5.66,-0.35,1.23
33,2015-02-26,5.81,6.32,6.34,5.75,1983657,1989244480.0,10.12,8.4,0.49,1.85
34,2015-02-27,6.24,6.28,6.48,6.17,1371958,1402342144.0,4.91,-0.63,-0.04,1.28
35,2015-03-02,6.57,6.3,6.71,6.14,3693339,3810129584.0,9.08,0.32,0.02,3.44
36,2015-03-03,6.17,5.73,6.18,5.63,3864841,3775213232.0,8.73,-9.05,-0.57,3.6
37,2015-03-04,5.69,5.67,5.9,5.52,2366402,2264373936.0,6.63,-1.05,-0.06,2.2
38,2015-03-05,5.58,5.39,5.59,5.29,2204335,2053221392.0,5.29,-4.94,-0.28,2.05
39,2015-03-06,5.42,5.33,5.55,5.29,1596805,1488641440.0,4.82,-1.11,-0.06,1.49
40,2015-03-09,5.29,5.6,5.69,5.01,2903507,2686782176.0,12.76,5.07,0.27,2.71
41,2015-03-10,5.49,5.33,5.49,5.28,1679333,1554183088.0,3.75,-4.82,-0.27,1.56
42,2015-03-11,5.32,5.27,5.47,5.21,1431123,1323025952.0,4.88,-1.13,-0.06,1.33
43,2015-03-12,5.37,5.56,5.65,5.28,2403083,2258929904.0,7.02,5.5,0.29,2.24
44,2015-03-13,5.59,5.58,5.71,5.49,1780123,1691089264.0,3.96,0.36,0.02,1.66
45,2015-03-16,5.69,5.81,5.87,5.64,2093267,2022623056.0,4.12,4.12,0.23,1.95
46,2015-03-17,6.0,6.0,6.18,5.86,3337582,3315151712.0,5.51,3.27,0.19,3.11
47,2015-03-18,6.08,6.5,6.51,6.07,4019945,4117433280.0,7.33,8.33,0.5,3.75
48,2015-03-19,6.53,6.35,6.53,6.24,2543784,2608746976.0,4.46,-2.31,-0.15,2.37
49,2015-03-20,6.44,6.65,6.89,6.29,4533536,4751722240.0,9.45,4.72,0.3,4.22
50,2015-03-23,6.89,6.86,7.14,6.79,4017127,4360416768.0,5.26,3.16,0.21,3.74
51,2015-03-24,6.86,6.52,6.86,6.3,3878845,4048040784.0,8.16,-4.96,-0.34,3.61
52,2015-03-25,6.45,6.23,6.45,6.14,3112307,3168945936.0,4.75,-4.45,-0.29,2.9
53,2015-03-26,6.14,6.46,6.48,6.03,2623459,2680984096.0,7.22,3.69,0.23,2.44
54,2015-03-27,6.8,6.86,6.95,6.5,4755827,5076944640.0,6.97,6.19,0.4,4.43
55,2015-03-30,7.0,7.94,7.94,6.8,7957933,8994374912.0,16.62,15.74,1.08,7.41
56,2015-03-31,8.39,7.58,8.78,7.51,9433462,11462517760.0,15.99,-4.53,-0.36,8.79
57,2015-04-01,7.58,7.49,7.7,7.28,4667909,5291112192.0,5.54,-1.19,-0.09,4.35
58,2015-04-02,7.5,7.3,7.6,7.09,4122690,4634501632.0,6.81,-2.54,-0.19,3.84
59,2015-04-03,7.12,7.29,7.33,7.08,2985673,3314822832.0,3.42,-0.14,-0.01,2.78
60,2015-04-07,7.42,7.59,7.61,7.22,4603487,5201366784.0,5.35,4.12,0.3,4.29
61,2015-04-08,7.63,7.93,7.94,7.25,6411718,7392005632.0,9.09,4.48,0.34,5.97
62,2015-04-09,7.89,9.11,9.11,7.69,8905137,10920681984.0,17.91,14.88,1.18,8.3
63,2015-04-10,8.61,8.82,9.06,8.47,5584401,7078158336.0,6.48,-3.18,-0.29,5.2
64,2015-04-13,8.85,9.09,9.34,8.65,5370554,6937492224.0,7.82,3.06,0.27,5.0
65,2015-04-14,9.04,8.93,9.25,8.7,3921863,5044529920.0,6.05,-1.76,-0.16,3.65
66,2015-04-15,8.79,8.59,9.03,8.45,3631484,4589890304.0,6.49,-3.81,-0.34,3.38
67,2015-04-16,8.53,9.56,9.59,8.43,4766414,6161746432.0,13.5,11.29,0.97,4.44
68,2015-04-17,9.69,9.93,10.18,9.29,6269308,8533764864.0,9.31,3.87,0.37,5.84
69,2015-04-20,10.08,9.67,10.78,9.39,5940530,8312243968.0,14.0,-2.62,-0.26,5.53
70,2015-04-21,9.47,9.94,9.98,9.23,3739264,5040193536.0,7.76,2.79,0.27,3.48
71,2015-04-22,9.92,10.15,10.4,9.8,4332221,6057587200.0,6.04,2.11,0.21,4.04
72,2015-04-23,10.14,9.92,10.23,9.59,4179049,5762340864.0,6.31,-2.27,-0.23,3.89
73,2015-04-24,9.56,9.36,9.68,9.14,3697186,4924210688.0,5.44,-5.65,-0.56,3.44
74,2015-04-27,9.62,10.13,10.19,9.51,5416136,7484132096.0,7.26,8.23,0.77,5.05
75,2015-04-28,10.13,9.78,10.13,9.5,3883587,5326473216.0,6.22,-3.46,-0.35,3.62
76,2015-04-29,9.54,10.09,10.25,9.43,3931796,5427304704.0,8.38,3.17,0.31,3.66
77,2015-04-30,10.28,11.06,11.45,10.0,6204917,9084718848.0,14.37,9.61,0.97,5.78
78,2015-05-04,10.85,10.57,10.89,10.32,4839809,7036384512.0,5.15,-4.43,-0.49,4.51
79,2015-05-05,10.66,9.56,10.66,9.34,4003730,5549749760.0,12.49,-9.56,-1.01,3.73
80,2015-05-06,9.64,9.74,10.02,9.44,3705216,5047413248.0,6.07,1.88,0.18,3.45
81,2015-05-07,9.59,9.96,10.08,9.27,3372827,4650317312.0,8.32,2.26,0.22,3.14
82,2015-05-08,10.05,10.02,10.36,9.54,3200762,4427761408.0,8.23,0.6,0.06,2.98
83,2015-05-11,10.37,10.28,10.39,10.07,6133987,8674616064.0,3.19,2.59,0.26,5.71
84,2015-05-12,10.19,10.03,10.19,9.8,4573956,6338675200.0,3.79,-2.43,-0.25,4.26
85,2015-05-13,9.94,10.37,10.68,9.48,5781293,7993893120.0,11.96,3.39,0.34,5.39
86,2015-05-14,10.04,9.76,10.31,9.71,3730555,5162129664.0,5.79,-5.88,-0.61,3.48
87,2015-05-15,9.7,8.93,9.72,8.9,4217850,5514570496.0,8.4,-8.5,-0.83,3.93
88,2015-05-18,8.84,8.5,8.84,8.49,2967135,3708557728.0,3.92,-4.82,-0.43,2.76
89,2015-05-19,8.56,8.97,9.05,8.51,2783544,3556152752.0,6.35,5.53,0.47,2.59
90,2015-05-20,9.11,8.91,9.24,8.81,2943635,3806189280.0,4.79,-0.67,-0.06,2.74
91,2015-05-21,8.89,9.01,9.14,8.57,2923830,3731282448.0,6.4,1.12,0.1,2.72
92,2015-05-22,9.09,9.36,9.4,8.96,3976279,5231261184.0,4.88,3.88,0.35,3.7
93,2015-05-25,9.38,9.77,9.82,9.3,4369270,5910728448.0,5.56,4.38,0.41,4.07
94,2015-05-26,9.84,9.95,10.07,9.49,5322748,7301980672.0,5.94,1.84,0.18,4.96
95,2015-05-27,9.91,9.57,9.91,9.56,3677778,4993269248.0,3.52,-3.82,-0.38,3.43
96,2015-05-28,9.61,8.43,9.86,8.39,4279507,5640535808.0,15.36,-11.91,-1.14,3.99
97,2015-05-29,8.43,8.17,8.64,7.7,3084185,3732047760.0,11.15,-3.08,-0.26,2.87
98,2015-06-01,8.24,8.74,8.75,7.95,3142395,3885490640.0,9.79,6.98,0.57,2.93
99,2015-06-02,8.77,8.81,8.87,8.57,2943519,3720538688.0,3.43,0.8,0.07,2.74
100,2015-06-03,8.82,8.84,8.92,8.46,3071946,3878680656.0,5.22,0.34,0.03,2.86
101,2015-06-04,8.84,8.85,9.04,8.01,3369949,4246832688.0,11.65,0.11,0.01,3.14
102,2015-06-05,9.04,9.5,9.58,8.89,5674812,7439793152.0,7.8,7.34,0.65,5.29
103,2015-06-08,9.57,9.87,9.97,9.39,6104348,8297662976.0,6.11,3.89,0.37,5.69
104,2015-06-09,9.98,9.57,10.05,9.46,3884259,5284556800.0,5.98,-3.04,-0.3,3.62
105,2015-06-10,9.57,9.63,9.87,9.23,3614908,4913793792.0,6.69,0.63,0.06,3.37
106,2015-06-11,9.66,9.52,9.74,9.37,2583056,3407997376.0,3.84,-1.14,-0.11,2.41
107,2015-06-12,9.57,9.58,9.7,9.49,3262495,4331696384.0,2.21,0.63,0.06,3.04
108,2015-06-15,9.6,9.08,9.7,9.03,3542838,4609034752.0,6.99,-5.22,-0.5,3.3
109,2015-06-16,8.96,8.73,9.25,8.59,2846136,3604380320.0,7.27,-3.85,-0.35,2.65
110,2015-06-17,8.75,8.89,9.02,8.32,2599641,3216461472.0,8.02,1.83,0.16,2.42
111,2015-06-18,8.83,8.55,9.15,8.54,2556156,3218779728.0,6.86,-3.82,-0.34,2.38
112,2015-06-19,8.4,7.83,8.71,7.79,2206256,2663729152.0,10.76,-8.42,-0.72,2.06
113,2015-06-23,7.87,8.09,8.16,7.16,2541366,2925467184.0,12.77,3.32,0.26,2.36
114,2015-06-24,8.22,8.26,8.28,7.92,2702438,3189187440.0,4.45,2.1,0.17,2.51
115,2015-06-25,8.26,8.06,8.67,7.92,2845338,3422329424.0,9.08,-2.42,-0.2,2.65
116,2015-06-26,7.7,6.89,7.91,6.89,2902988,3199622032.0,12.66,-14.52,-1.17,2.7
117,2015-06-29,7.31,6.9,7.56,5.83,5488885,5848217856.0,25.11,0.15,0.01,5.1
118,2015-06-30,6.88,7.73,7.75,6.41,4185076,4553908992.0,19.42,12.03,0.83,3.89
119,2015-07-01,7.51,6.97,7.84,6.87,3137617,3514885040.0,12.55,-9.83,-0.76,2.92
120,2015-07-02,7.09,6.53,7.22,6.07,3344452,3461308768.0,16.5,-6.31,-0.44,3.11
121,2015-07-03,6.42,5.71,6.67,5.57,2845493,2780766352.0,16.85,-12.56,-0.82,2.65
122,2015-07-06,6.65,6.53,6.65,6.16,5171660,5199752704.0,8.58,14.36,0.82,4.81
123,2015-07-07,6.38,6.64,6.88,6.12,4912444,5065645312.0,11.64,1.68,0.11,4.57
124,2015-07-08,5.81,5.69,6.64,5.61,5072656,4926266112.0,15.51,-14.31,-0.95,4.72
125,2015-07-09,5.69,6.63,6.63,5.29,4110745,4062423120.0,23.55,16.52,0.94,3.82
126,2015-07-10,6.73,7.63,7.66,6.54,7213654,8007223552.0,16.89,15.08,1.0,6.71
127,2015-07-13,7.31,7.67,8.05,7.11,5621339,6326274048.0,12.32,0.52,0.04,5.23
128,2015-07-14,7.23,6.91,7.46,6.81,3603567,3916218416.0,8.47,-9.91,-0.76,3.35
129,2015-07-15,6.81,6.82,7.18,6.22,2755295,2862444928.0,13.89,-1.3,-0.09,2.56
130,2015-07-16,6.82,6.66,6.99,6.51,1758502,1834793104.0,7.04,-2.35,-0.16,1.64
131,2015-07-17,6.8,7.03,7.2,6.66,2167167,2296729120.0,8.11,5.56,0.37,2.02
132,2015-07-20,7.01,6.84,7.07,6.71,2261840,2393670496.0,5.12,-2.7,-0.19,2.1
133,2015-07-21,6.71,6.64,6.78,6.55,1738775,1802888240.0,3.36,-2.92,-0.2,1.62
134,2015-07-22,6.6,6.44,6.64,6.31,1948897,1973880864.0,4.97,-3.01,-0.2,1.81
135,2015-07-23,6.47,6.7,6.71,6.43,2139583,2204690016.0,4.35,4.04,0.26,1.99
136,2015-07-24,6.71,6.81,7.13,6.51,3748760,3956888160.0,9.25,1.64,0.11,3.49
137,2015-07-27,6.54,5.76,6.75,5.76,2630526,2643928704.0,14.54,-15.42,-1.05,2.45
138,2015-07-28,5.49,5.57,5.81,5.06,2578039,2367696864.0,13.02,-3.3,-0.19,2.4
139,2015-07-29,5.76,5.85,5.87,5.5,1523163,1420905040.0,6.64,5.03,0.28,1.42
140,2015-07-30,5.71,5.39,5.84,5.33,1505729,1411632992.0,8.72,-7.86,-0.46,1.4
141,2015-07-31,5.27,5.51,5.58,5.22,1470327,1342431632.0,6.68,2.23,0.12,1.37
142,2015-08-03,5.32,5.65,5.66,5.3,1727601,1585174544.0,6.53,2.54,0.14,1.61
143,2015-08-04,5.62,5.89,5.9,5.56,1460690,1377242976.0,6.02,4.25,0.24,1.36
144,2015-08-05,5.81,5.6,5.89,5.56,1068677,1007588032.0,5.6,-4.92,-0.29,0.99
145,2015-08-06,5.37,5.4,5.54,5.32,921472,841151840.0,3.93,-3.57,-0.2,0.86
146,2015-08-07,5.44,5.66,5.69,5.44,1211425,1124793232.0,4.63,4.81,0.26,1.13
147,2015-08-10,5.78,6.13,6.21,5.71,2261683,2181972128.0,8.83,8.3,0.47,2.1
148,2015-08-11,6.0,6.21,6.43,5.99,2202288,2178890768.0,7.18,1.31,0.08,2.05
149,2015-08-12,6.03,5.86,6.13,5.83,1562956,1511721568.0,4.83,-5.64,-0.35,1.45
150,2015-08-13,5.86,5.9,5.94,5.56,1733646,1644073136.0,6.48,0.68,0.04,1.61
151,2015-08-14,5.97,6.09,6.22,5.97,1896404,1855814928.0,4.24,3.22,0.19,1.76
152,2015-08-17,6.01,6.23,6.25,5.97,1559776,1535685920.0,4.6,2.3,0.14,1.45
153,2015-08-18,6.24,5.41,6.3,5.38,1964867,1878224176.0,14.77,-13.16,-0.82,1.83
154,2015-08-19,5.32,5.69,5.75,5.21,1580860,1448778880.0,9.98,5.18,0.28,1.47
155,2015-08-20,5.52,5.3,5.59,5.29,1246904,1136992160.0,5.27,-6.85,-0.39,1.16
156,2015-08-21,5.17,4.89,5.31,4.85,1258090,1101551712.0,8.68,-7.74,-0.41,1.17
157,2015-08-24,4.44,4.03,4.61,4.03,2388425,1866206736.0,11.86,-17.59,-0.86,2.22
158,2015-08-25,3.52,3.26,3.83,3.26,2696036,1923306416.0,14.14,-19.11,-0.77,2.51
159,2015-08-26,3.46,3.46,3.93,3.32,2782674,2028855104.0,18.71,6.13,0.2,2.59
160,2015-08-27,3.69,4.06,4.08,3.49,2319579,1718988768.0,17.05,17.34,0.6,2.16
161,2015-08-28,4.34,4.44,4.49,4.2,1946429,1564884448.0,7.14,9.36,0.38,1.81
162,2015-08-31,4.4,4.71,4.75,4.05,1880907,1504135328.0,15.77,6.08,0.27,1.75
163,2015-09-01,4.64,4.91,4.96,4.26,2463118,2064346304.0,14.86,4.25,0.2,2.29
164,2015-09-02,4.53,4.82,4.95,4.47,2364099,1999675024.0,9.78,-1.83,-0.09,2.2
165,2015-09-07,4.72,4.07,4.95,3.99,2213271,1802295872.0,19.92,-15.56,-0.75,2.06
166,2015-09-08,3.97,4.27,4.32,3.89,1004379,783184144.0,10.57,4.91,0.2,0.93
167,2015-09-09,4.3,4.5,4.6,4.27,1142998,933033728.0,7.73,5.39,0.23,1.06
168,2015-09-10,4.39,4.57,4.62,4.32,925904,760072336.0,6.67,1.56,0.07,0.86
169,2015-09-11,4.53,4.5,4.59,4.41,478738,392098864.0,3.94,-1.53,-0.07,0.45
170,2015-09-14,4.52,4.6,4.63,4.11,1658041,1347185680.0,11.56,2.22,0.1,1.54
171,2015-09-15,4.44,4.3,4.44,4.16,892517,714405200.0,6.09,-6.52,-0.3,0.83
172,2015-09-16,4.28,4.69,4.89,4.13,919740,755481904.0,17.67,9.07,0.39,0.86
173,2015-09-17,4.61,4.42,4.71,4.41,797974,662200032.0,6.4,-5.76,-0.27,0.74
174,2015-09-18,4.47,4.46,4.57,4.39,381417,311593968.0,4.07,0.9,0.04,0.35
175,2015-09-21,4.36,4.53,4.55,4.34,411695,336307152.0,4.71,1.57,0.07,0.38
176,2015-09-22,4.54,4.59,4.68,4.51,532747,441961232.0,3.75,1.32,0.06,0.5
177,2015-09-23,4.49,4.36,4.5,4.32,508467,412108384.0,3.92,-5.01,-0.23,0.47
178,2015-09-24,4.38,4.44,4.48,4.36,402336,326744144.0,2.75,1.83,0.08,0.37
179,2015-09-25,4.42,4.33,4.44,4.18,622003,496900160.0,5.86,-2.48,-0.11,0.58
180,2015-09-28,4.26,4.29,4.32,4.19,252742,201227591.0,3.0,-0.92,-0.04,0.23
181,2015-09-29,4.22,4.03,4.24,4.02,416571,325561040.0,5.13,-6.06,-0.26,0.39
182,2015-09-30,4.12,4.3,4.46,4.03,767825,610043248.0,10.67,6.7,0.27,0.71
183,2015-10-08,4.65,4.56,4.73,4.47,1003511,834127520.0,6.05,6.05,0.26,0.93
184,2015-10-09,4.59,4.63,4.67,4.49,691298,571230112.0,3.95,1.54,0.07,0.64
185,2015-10-12,4.68,4.88,5.0,4.6,1289212,1097159152.0,8.64,5.4,0.25,1.2
186,2015-10-13,4.82,4.84,4.92,4.79,664183,567126592.0,2.66,-0.82,-0.04,0.62
187,2015-10-14,4.78,4.64,4.84,4.63,709117,596470800.0,4.34,-4.13,-0.2,0.66
188,2015-10-15,4.65,4.82,4.83,4.61,811228,684748864.0,4.74,3.88,0.18,0.75
189,2015-10-16,4.86,4.94,4.97,4.8,1126827,966221696.0,3.53,2.49,0.12,1.05
190,2015-10-19,4.96,4.84,4.99,4.77,1054570,902369808.0,4.45,-2.02,-0.1,0.98
191,2015-10-20,4.83,4.93,4.96,4.74,879392,749780672.0,4.55,1.86,0.09,0.82
192,2015-10-21,4.91,4.96,5.19,4.66,1807447,1565047680.0,10.75,0.61,0.03,1.68
193,2015-10-22,4.8,4.9,4.92,4.72,842146,717571344.0,4.03,-1.21,-0.06,0.78
194,2015-10-23,4.87,5.4,5.44,4.87,1963938,1748474048.0,11.63,10.2,0.5,1.83
195,2015-10-26,5.43,5.28,5.51,5.2,1836942,1659372320.0,5.74,-2.22,-0.12,1.71
196,2015-10-27,5.23,5.13,5.23,4.93,937724,820878960.0,5.68,-2.84,-0.15,0.87
197,2015-10-28,5.07,4.92,5.13,4.89,746312,651059920.0,4.68,-4.09,-0.21,0.69
198,2015-10-29,4.98,4.97,5.06,4.92,440225,381996336.0,2.85,1.02,0.05,0.41
199,2015-10-30,5.01,5.03,5.16,4.95,673465,589319680.0,4.23,1.21,0.06,0.63
200,2015-11-02,4.91,4.83,5.01,4.81,519845,447884528.0,3.98,-3.98,-0.2,0.48
201,2015-11-03,4.83,4.74,4.89,4.72,479297,406710416.0,3.52,-1.86,-0.09,0.45
202,2015-11-04,4.77,5.15,5.21,4.77,1171482,1019893040.0,9.28,8.65,0.41,1.09
203,2015-11-05,5.16,5.33,5.77,5.12,2937261,2687512576.0,12.62,3.5,0.18,2.73
204,2015-11-06,5.39,5.52,5.59,5.35,1678018,1538791328.0,4.5,3.56,0.19,1.56
205,2015-11-09,5.48,5.7,5.99,5.46,2039406,1927485232.0,9.6,3.26,0.18,1.9
206,2015-11-10,5.62,5.52,5.64,5.45,1227384,1132205920.0,3.33,-3.16,-0.18,1.14
207,2015-11-11,5.59,5.64,5.74,5.54,1210247,1130918992.0,3.62,2.17,0.12,1.13
208,2015-11-12,5.76,5.49,5.76,5.39,1014408,933768912.0,6.56,-2.66,-0.15,0.94
209,2015-11-13,5.4,5.26,5.45,5.19,837825,755438432.0,4.74,-4.19,-0.23,0.78
210,2015-11-16,5.19,5.36,5.36,5.12,736543,658303152.0,4.56,1.9,0.1,0.68
211,2015-11-17,5.46,5.41,5.73,5.36,1368690,1267388896.0,6.9,0.93,0.05,1.27
212,2015-11-18,5.39,5.98,6.32,5.35,4020856,3901165152.0,17.93,10.54,0.57,3.74
213,2015-11-19,5.98,5.89,5.98,5.67,2063708,1959219888.0,5.18,-1.51,-0.09,1.92
214,2015-11-20,5.88,6.02,6.2,5.83,1703651,1652972240.0,6.28,2.21,0.13,1.58
215,2015-11-23,5.94,5.92,6.17,5.82,1085637,1049925568.0,5.81,-1.66,-0.1,1.01
216,2015-11-24,5.85,5.8,5.85,5.62,978161,920589344.0,3.89,-2.03,-0.12,0.91
217,2015-11-25,5.75,5.86,6.03,5.71,1039365,997445632.0,5.52,1.03,0.06,0.97
218,2015-11-26,5.86,5.93,6.16,5.86,1102714,1071440960.0,5.12,1.19,0.07,1.03
219,2015-11-27,5.86,5.51,5.97,5.41,1191024,1125504528.0,9.44,-7.08,-0.42,1.11
220,2015-11-30,5.54,5.91,6.06,5.54,1579165,1503930752.0,9.44,7.26,0.4,1.47
221,2015-12-01,5.85,6.87,6.87,5.77,5450318,5615506432.0,18.61,16.24,0.96,5.07
222,2015-12-02,6.71,7.93,7.93,6.57,7153620,7943661824.0,19.8,15.43,1.06,6.65
223,2015-12-03,7.91,7.67,8.05,7.43,3735823,4266442800.0,7.82,-3.28,-0.26,3.47
224,2015-12-04,7.41,7.31,7.61,7.23,2610178,2888749616.0,4.95,-4.69,-0.36,2.43
225,2015-12-07,7.22,7.14,7.41,6.91,2384263,2575548720.0,6.84,-2.33,-0.17,2.22
226,2015-12-08,7.15,7.03,7.28,6.81,1439170,1543499104.0,6.58,-1.54,-0.11,1.34
227,2015-12-09,7.08,7.5,7.69,6.95,2764757,3054745792.0,10.53,6.69,0.47,2.57
228,2015-12-10,7.31,6.76,7.58,6.68,1923511,2081021424.0,12.0,-9.87,-0.74,1.79
229,2015-12-11,6.69,6.66,6.75,6.39,1059719,1086451024.0,5.33,-1.48,-0.1,0.99
230,2015-12-14,6.55,6.88,6.99,6.5,1126822,1171882240.0,7.36,3.3,0.22,1.05
231,2015-12-15,6.97,7.02,7.48,6.88,1465983,1589036576.0,8.72,2.03,0.14,1.36
232,2015-12-16,6.94,6.78,7.06,6.71,885983,932997376.0,4.99,-3.42,-0.24,0.82
233,2015-12-17,6.98,7.83,7.83,6.91,1920203,2163062336.0,13.57,15.49,1.05,1.79
234,2015-12-18,8.31,7.66,8.63,7.58,4028811,4789948672.0,13.41,-2.17,-0.17,3.75
235,2015-12-21,7.49,8.3,8.61,7.49,2603569,3080219936.0,14.62,8.36,0.64,2.42
236,2015-12-22,8.42,8.16,8.42,7.93,1558311,1842675280.0,5.9,-1.69,-0.14,1.45
237,2015-12-23,8.06,8.15,8.46,8.0,1612260,1925772976.0,5.64,-0.12,-0.01,1.5
238,2015-12-24,8.06,7.59,8.1,7.36,1504833,1701813488.0,9.08,-6.87,-0.56,1.4
239,2015-12-25,7.56,7.71,7.96,7.54,801233,916984240.0,5.53,1.58,0.12,0.74
240,2015-12-28,7.73,7.14,7.76,7.06,1127462,1248498032.0,9.08,-7.39,-0.57,1.05
241,2015-12-29,7.11,7.26,7.28,6.89,702195,758066128.0,5.46,1.68,0.12,0.65
242,2015-12-30,7.21,7.16,7.26,6.96,813309,873669792.0,4.13,-1.38,-0.1,0.76
243,2015-12-31,7.16,6.95,7.36,6.92,693621,753946672.0,6.15,-2.93,-0.21,0.64
244,2016-01-04,6.94,5.94,6.96,5.89,997359,1000740304.0,15.4,-14.53,-1.01,0.93
245,2016-01-05,5.66,6.17,6.34,5.56,1475344,1431785856.0,13.13,3.87,0.23,1.37
246,2016-01-06,6.13,6.32,6.37,5.98,834874,820709152.0,6.32,2.43,0.15,0.78
247,2016-01-07,6.18,5.38,6.18,5.34,197016,187206445.0,13.29,-14.87,-0.94,0.18
248,2016-01-08,5.64,5.8,6.04,5.34,1365459,1285183216.0,13.01,7.81,0.42,1.27
249,2016-01-11,5.63,5.15,5.82,5.02,1109568,1008022864.0,13.79,-11.21,-0.65,1.03
250,2016-01-12,5.2,5.3,5.58,5.04,908443,820532432.0,10.49,2.91,0.15,0.84
251,2016-01-13,5.33,5.18,5.66,5.11,834199,761040256.0,10.38,-2.26,-0.12,0.78
252,2016-01-14,4.99,5.45,5.49,4.78,871820,771598496.0,13.71,5.21,0.27,0.81
253,2016-01-15,5.33,4.9,5.4,4.79,932799,818431760.0,11.19,-10.09,-0.55,0.87
254,2016-01-18,4.76,4.92,5.08,4.71,476751,410781280.0,7.55,0.41,0.02,0.44
255,2016-01-19,4.93,5.67,5.78,4.86,1458333,1334801696.0,18.7,15.24,0.75,1.36
256,2016-01-20,5.52,5.26,5.66,5.18,975445,888171360.0,8.47,-7.23,-0.41,0.91
257,2016-01-21,5.16,5.12,5.52,5.04,649063,580670800.0,9.13,-2.66,-0.14,0.6
258,2016-01-22,5.21,5.32,5.39,5.11,570344,509418432.0,5.47,3.91,0.2,0.53
259,2016-01-25,5.33,5.42,5.53,5.28,536430,488651424.0,4.7,1.88,0.1,0.5
260,2016-01-26,5.32,4.83,5.61,4.72,867636,776388112.0,16.42,-10.89,-0.59,0.81
261,2016-01-27,4.93,5.06,5.23,4.73,935532,810441152.0,10.35,4.76,0.23,0.87
262,2016-01-28,4.97,4.68,5.18,4.65,617197,533174816.0,10.47,-7.51,-0.38,0.57
263,2016-01-29,4.71,5.02,5.13,4.7,569227,492760752.0,9.19,7.26,0.34,0.53
264,2016-02-01,5.04,4.91,5.1,4.68,464262,397580512.0,8.37,-2.19,-0.11,0.43
265,2016-02-02,4.91,5.35,5.55,4.86,925311,825746352.0,14.05,8.96,0.44,0.86
266,2016-02-03,5.38,5.45,5.69,5.19,1290089,1178932528.0,9.35,1.87,0.1,1.2
267,2016-02-04,5.37,5.39,5.51,5.27,965403,876789696.0,4.4,-1.1,-0.06,0.9
268,2016-02-05,5.44,5.31,5.48,5.3,554373,503474080.0,3.34,-1.48,-0.08,0.52
269,2016-02-15,5.01,5.12,5.18,4.95,766792,669939808.0,4.33,-3.58,-0.19,0.71
270,2016-02-16,5.17,5.36,5.42,5.11,740476,666604304.0,6.05,4.69,0.24,0.69
271,2016-02-17,5.34,5.39,5.39,5.21,975843,878078864.0,3.36,0.56,0.03,0.91
272,2016-02-18,5.46,5.51,5.79,5.38,1097629,1017377264.0,7.61,2.23,0.12,1.02
273,2016-02-19,5.45,5.36,5.52,5.25,713907,646647872.0,4.9,-2.72,-0.15,0.66
274,2016-02-22,5.59,5.66,5.81,5.56,1236350,1162750832.0,4.66,5.6,0.3,1.15
275,2016-02-23,5.65,5.66,5.8,5.5,715840,669119616.0,5.3,0.0,0.0,0.67
276,2016-02-24,5.65,5.69,5.71,5.49,513718,477918864.0,3.89,0.53,0.03,0.48
277,2016-02-25,5.67,5.01,5.67,4.88,809549,726783584.0,13.88,-11.95,-0.68,0.75
278,2016-02-26,5.07,5.11,5.15,4.89,515942,450756208.0,5.19,2.0,0.1,0.48
279,2016-02-29,5.36,5.39,5.57,5.04,1473645,1326985136.0,10.37,5.48,0.28,1.37
280,2016-03-01,5.49,5.79,6.28,5.38,1984262,1882179120.0,16.7,7.42,0.4,1.84
281,2016-03-02,5.76,6.74,6.74,5.73,2680545,2705907744.0,17.44,16.41,0.95,2.49
282,2016-03-03,7.3,6.66,7.41,6.61,4543781,4857191936.0,11.87,-1.19,-0.08,4.22
283,2016-03-04,6.57,6.58,6.92,6.34,2792795,2893432640.0,8.71,-1.2,-0.08,2.6
284,2016-03-07,6.69,6.49,6.88,6.36,1649498,1692134256.0,7.9,-1.37,-0.09,1.53
285,2016-03-08,6.57,6.37,6.58,5.89,1539142,1512486944.0,10.63,-1.85,-0.12,1.43
286,2016-03-09,6.1,6.19,6.25,5.89,1275325,1243876880.0,5.65,-2.83,-0.18,1.19
287,2016-03-10,6.07,5.77,6.14,5.76,937053,902415856.0,6.14,-6.79,-0.42,0.87
288,2016-03-11,5.68,5.66,5.69,5.42,874790,809872688.0,4.68,-1.91,-0.11,0.81
289,2016-03-14,5.73,5.9,6.1,5.73,1073219,1034795776.0,6.54,4.24,0.24,1.0
290,2016-03-15,5.88,6.03,6.1,5.48,1926904,1818303072.0,10.51,2.2,0.13,1.79
291,2016-03-16,5.82,5.96,6.1,5.71,1760991,1694188288.0,6.47,-1.16,-0.07,1.64
292,2016-03-17,5.96,6.0,6.08,5.73,1155971,1112721280.0,5.87,0.67,0.04,1.07
293,2016-03-18,5.98,6.11,6.38,5.97,1821802,1796777520.0,6.83,1.83,0.11,1.69
294,2016-03-21,6.18,6.32,6.38,6.11,1562607,1553819664.0,4.42,3.44,0.21,1.45
295,2016-03-22,6.21,6.13,6.3,6.11,1067969,1054858064.0,3.01,-3.01,-0.19,0.99
296,2016-03-23,6.08,6.03,6.14,5.91,981837,951566656.0,3.75,-1.63,-0.1,0.91
297,2016-03-24,5.92,5.86,6.08,5.82,884232,850426112.0,4.31,-2.82,-0.17,0.82
298,2016-03-25,5.88,5.92,6.03,5.85,557727,536180608.0,3.07,1.02,0.06,0.52
299,2016-03-28,5.89,5.68,5.96,5.63,985402,933744448.0,5.57,-4.05,-0.24,0.92
300,2016-03-29,5.64,5.44,5.66,5.39,824564,758160928.0,4.75,-4.23,-0.24,0.77
301,2016-03-30,5.49,5.7,5.76,5.47,785288,730377056.0,5.33,4.78,0.26,0.73
302,2016-03-31,5.76,5.59,5.77,5.56,720701,672241568.0,3.68,-1.93,-0.11,0.67
303,2016-04-01,5.62,5.63,5.68,5.43,651789,603296928.0,4.47,0.72,0.04,0.61
304,2016-04-05,5.6,5.77,5.86,5.58,817991,771827456.0,4.97,2.49,0.14,0.76
305,2016-04-06,5.77,5.76,5.79,5.67,599426,563866976.0,2.08,-0.17,-0.01,0.56
306,2016-04-07,5.87,5.68,5.89,5.67,653512,617720496.0,3.82,-1.39,-0.08,0.61
307,2016-04-08,5.62,5.53,5.66,5.47,593823,549059584.0,3.35,-2.64,-0.15,0.55
308,2016-04-11,5.57,5.67,5.75,5.57,532627,498609840.0,3.25,2.53,0.14,0.5
309,2016-04-12,5.66,5.55,5.67,5.51,458375,424220288.0,2.82,-2.12,-0.12,0.43
310,2016-04-13,5.6,5.71,5.85,5.59,947673,894873776.0,4.68,2.88,0.16,0.88
311,2016-04-14,5.79,5.8,5.85,5.66,538830,508966112.0,3.33,1.58,0.09,0.5
312,2016-04-15,5.8,5.8,5.89,5.73,629612,597582240.0,2.76,0.0,0.0,0.59
313,2016-04-18,5.75,5.6,5.75,5.56,561964,523342560.0,3.28,-3.45,-0.2,0.52
314,2016-04-19,5.63,5.6,5.69,5.54,430797,400295408.0,2.68,0.0,0.0,0.4
315,2016-04-20,5.63,5.46,5.64,5.17,1022009,928965120.0,8.39,-2.5,-0.14,0.95
316,2016-04-21,5.41,5.34,5.45,5.32,332754,302173280.0,2.38,-2.2,-0.12,0.31
317,2016-04-22,5.31,5.46,5.54,5.29,414862,377876304.0,4.68,2.25,0.12,0.39
318,2016-04-25,5.41,5.36,5.43,5.31,253160,228950921.0,2.2,-1.83,-0.1,0.24
319,2016-04-26,5.36,5.41,5.43,5.35,227775,206743117.0,1.49,0.93,0.05,0.21
320,2016-04-27,5.42,5.42,5.5,5.4,275313,251601603.0,1.85,0.18,0.01,0.26
321,2016-04-28,5.41,5.31,5.42,5.26,400167,360144992.0,2.95,-2.03,-0.11,0.37
322,2016-04-29,5.27,5.26,5.33,5.23,237892,213390771.0,1.88,-0.94,-0.05,0.22
323,2016-05-03,5.26,5.4,5.44,5.24,379941,344589696.0,3.8,2.66,0.14,0.35
324,2016-05-04,5.37,5.43,5.46,5.36,306113,278916480.0,1.85,0.56,0.03,0.28
325,2016-05-05,5.43,5.53,5.56,5.41,424700,390327008.0,2.76,1.84,0.1,0.39
326,2016-05-06,5.56,5.36,5.66,5.36,557973,512762256.0,5.42,-3.07,-0.17,0.52
327,2016-05-09,5.32,5.16,5.33,5.11,427864,379844864.0,4.1,-3.73,-0.2,0.4
328,2016-05-10,5.17,5.15,5.22,5.12,233537,206953261.0,1.94,-0.19,-0.01,0.22
329,2016-05-11,5.22,5.17,5.23,5.11,375246,332429984.0,2.33,0.39,0.02,0.35
330,2016-05-12,5.16,5.21,5.23,5.01,363238,320167408.0,4.26,0.77,0.04,0.34
331,2016-05-13,5.16,5.21,5.26,5.16,237848,211669182.0,1.92,0.0,0.0,0.22
332,2016-05-16,5.22,5.27,5.29,5.11,271754,241590171.0,3.45,1.15,0.06,0.25
333,2016-05-17,5.29,5.21,5.29,5.19,246249,211223193.0,1.9,-1.14,-0.06,0.23
334,2016-05-18,5.18,5.11,5.18,4.92,454898,381988976.0,4.99,-1.92,-0.1,0.42
335,2016-05-19,5.07,5.0,5.14,5.0,246286,207318838.0,2.74,-2.15,-0.11,0.23
336,2016-05-20,4.98,5.08,5.1,4.93,235952,197111713.0,3.4,1.6,0.08,0.22
337,2016-05-23,5.09,5.07,5.15,5.01,213313,179499665.0,2.76,-0.2,-0.01,0.2
338,2016-05-25,5.11,4.96,5.11,4.91,289916,241755014.0,3.94,-2.17,-0.11,0.27
339,2016-05-26,4.96,4.88,4.99,4.78,266162,218191388.0,4.23,-1.61,-0.08,0.25
340,2016-05-27,4.88,4.89,4.96,4.84,216288,178318169.0,2.46,0.2,0.01,0.2
341,2016-05-30,4.89,4.85,4.94,4.81,139327,114302651.0,2.66,-0.82,-0.04,0.13
342,2016-05-31,4.87,5.15,5.16,4.84,555409,468667696.0,6.6,6.19,0.3,0.52
343,2016-06-01,5.15,5.1,5.17,5.08,306003,258506866.0,1.75,-0.97,-0.05,0.28
344,2016-06-02,5.1,5.12,5.2,5.08,266408,225572189.0,2.35,0.39,0.02,0.25
345,2016-06-03,5.14,5.17,5.2,5.08,367495,311502368.0,2.34,0.98,0.05,0.34
346,2016-06-06,5.17,5.15,5.24,5.11,288102,245266524.0,2.51,-0.39,-0.02,0.27
347,2016-06-07,5.2,5.16,5.22,5.13,229413,195123196.0,1.75,0.19,0.01,0.21
348,2016-06-08,5.17,5.13,5.21,5.08,233688,198160602.0,2.52,-0.58,-0.03,0.22
349,2016-06-13,5.07,4.82,5.07,4.79,370705,306606320.0,5.46,-6.04,-0.31,0.34
350,2016-06-14,4.8,4.81,4.83,4.76,260162,211695161.0,1.45,-0.21,-0.01,0.24
351,2016-06-15,4.75,4.89,4.94,4.73,227350,186536390.0,4.37,1.66,0.08,0.21
352,2016-06-16,4.86,4.81,4.89,4.79,215205,175837221.0,2.04,-1.64,-0.08,0.2
353,2016-06-17,4.84,4.95,5.07,4.83,422835,351327616.0,4.99,2.91,0.14,0.39
354,2016-06-20,4.96,5.2,5.26,4.96,600920,509886688.0,6.06,5.05,0.25,0.56
355,2016-06-21,5.22,5.14,5.23,5.09,299125,253943458.0,2.69,-1.15,-0.06,0.28
356,2016-06-22,5.12,5.25,5.29,5.09,339092,290088016.0,3.89,2.14,0.11,0.32
357,2016-06-23,5.22,5.12,5.24,5.09,223918,190080629.0,2.86,-2.48,-0.13,0.21
358,2016-06-24,5.16,5.12,5.38,5.02,680302,582096448.0,7.03,0.0,0.0,0.63
359,2016-06-27,5.15,5.23,5.25,5.15,357977,305859920.0,1.95,2.15,0.11,0.33
360,2016-06-28,5.19,5.2,5.21,5.13,238473,202800471.0,1.53,-0.57,-0.03,0.22
361,2016-06-29,5.21,5.2,5.23,5.14,310016,264551834.0,1.73,0.0,0.0,0.29
362,2016-06-30,5.2,5.29,5.3,5.18,274268,235479677.0,2.31,1.73,0.09,0.25
363,2016-07-01,5.31,5.23,5.35,5.23,248577,214369668.0,2.27,-1.13,-0.06,0.23
364,2016-07-04,5.22,5.57,5.62,5.2,860495,762460272.0,8.03,6.5,0.34,0.8
365,2016-07-05,5.56,5.77,5.79,5.53,833789,751463728.0,4.67,3.59,0.2,0.78
366,2016-07-06,5.81,5.76,5.94,5.64,1019435,931253088.0,5.2,-0.17,-0.01,0.95
367,2016-07-14,5.94,5.88,6.25,5.86,1116342,1045731328.0,6.77,2.08,0.12,1.04
368,2016-07-15,5.92,5.94,6.11,5.91,559555,524128480.0,3.4,1.02,0.06,0.52
369,2016-07-18,5.92,6.02,6.14,5.83,604412,564664960.0,5.22,1.35,0.08,0.56
370,2016-07-19,6.01,5.79,6.05,5.7,496491,455335840.0,5.81,-3.82,-0.23,0.46
371,2016-07-20,5.78,5.67,5.87,5.66,394268,358278416.0,3.63,-2.07,-0.12,0.37
372,2016-07-21,5.71,5.71,5.8,5.66,253217,229358667.0,2.47,0.71,0.04,0.24
373,2016-07-22,5.72,5.57,5.77,5.56,281645,253360438.0,3.68,-2.45,-0.14,0.26
374,2016-07-25,5.6,5.72,5.77,5.59,399965,361485568.0,3.23,2.69,0.15,0.37
375,2016-07-26,5.72,5.78,5.78,5.66,284097,257717544.0,2.1,1.05,0.06,0.26
376,2016-07-27,5.78,5.73,5.85,5.49,621531,560872944.0,6.23,-0.87,-0.05,0.58
377,2016-07-28,5.66,5.76,5.83,5.54,576006,519361024.0,5.06,0.52,0.03,0.54
378,2016-07-29,5.71,5.65,5.72,5.65,228289,206000950.0,1.22,-1.91,-0.11,0.21
379,2016-08-01,5.61,5.5,5.64,5.46,285885,253785989.0,3.19,-2.65,-0.15,0.27
380,2016-08-02,5.53,5.66,5.72,5.49,343061,306864320.0,4.18,2.91,0.16,0.32
381,2016-08-03,5.64,5.71,5.74,5.63,263189,237908799.0,1.94,0.88,0.05,0.24
382,2016-08-04,5.68,5.93,6.0,5.57,799962,733811344.0,7.53,3.85,0.22,0.74
383,2016-08-05,6.05,6.07,6.29,5.87,1224458,1153403392.0,7.08,2.36,0.14,1.14
384,2016-08-08,5.97,6.14,6.39,5.94,1104610,1054612896.0,7.41,1.15,0.07,1.03
385,2016-08-09,6.16,6.14,6.3,6.02,783443,745414976.0,4.56,0.0,0.0,0.73
386,2016-08-10,6.09,5.96,6.15,5.94,513980,481030992.0,3.42,-2.93,-0.18,0.48
387,2016-08-11,5.94,5.88,5.98,5.87,370145,342985024.0,1.85,-1.34,-0.08,0.34
388,2016-08-12,5.89,6.59,6.76,5.84,2031839,1964602160.0,15.65,12.07,0.71,1.89
389,2016-08-15,6.57,7.13,7.28,6.51,3008352,3118977376.0,11.68,8.19,0.54,2.8
390,2016-08-16,7.17,6.73,7.47,6.66,3234278,3314121184.0,11.36,-5.61,-0.4,3.01
391,2016-08-17,6.66,6.55,6.76,6.44,1413593,1402264608.0,4.75,-2.67,-0.18,1.31
392,2016-08-18,6.5,6.8,7.32,6.48,2774730,2847631504.0,12.82,3.82,0.25,2.58
393,2016-08-19,6.69,6.61,6.76,6.55,1020898,1016896208.0,3.09,-2.79,-0.19,0.95
394,2016-08-22,6.61,6.58,6.88,6.54,822781,826268608.0,5.14,-0.45,-0.03,0.76
395,2016-08-23,6.54,6.41,6.54,6.32,902531,882277008.0,3.34,-2.58,-0.17,0.84
396,2016-08-24,6.46,6.33,6.49,6.29,587849,570310544.0,3.12,-1.25,-0.08,0.55
397,2016-08-25,6.28,6.13,6.28,6.05,828985,784962960.0,3.63,-3.16,-0.2,0.77
398,2016-08-26,6.14,6.11,6.2,6.1,359207,341100864.0,1.63,-0.33,-0.02,0.33
399,2016-08-29,6.12,6.19,6.28,6.12,492228,469439328.0,2.62,1.31,0.08,0.46
400,2016-08-30,6.21,6.22,6.32,6.19,466139,447630752.0,2.1,0.48,0.03,0.43
401,2016-08-31,6.22,6.46,6.57,6.18,898049,877807200.0,6.27,3.86,0.24,0.83
402,2016-09-01,6.4,6.06,6.4,6.04,977943,929927648.0,5.57,-6.19,-0.4,0.91
403,2016-09-02,6.07,6.16,6.19,6.05,525428,496799440.0,2.31,1.65,0.1,0.49
404,2016-09-05,6.16,6.05,6.16,6.01,427493,402383712.0,2.44,-1.79,-0.11,0.4
405,2016-09-06,6.05,6.08,6.1,5.94,462818,433029616.0,2.64,0.5,0.03,0.43
406,2016-09-07,6.12,6.14,6.29,6.09,581748,553901680.0,3.29,0.99,0.06,0.54
407,2016-09-08,6.11,6.11,6.23,6.07,399690,378673824.0,2.61,-0.49,-0.03,0.37
408,2016-09-09,6.12,5.99,6.13,5.94,397497,372437696.0,3.11,-1.96,-0.12,0.37
409,2016-09-12,5.86,6.1,6.12,5.79,780357,723164176.0,5.51,1.84,0.11,0.73
410,2016-09-13,6.04,6.22,6.23,5.99,644854,610742416.0,3.93,1.97,0.12,0.6
411,2016-09-14,6.16,6.4,6.47,6.14,1245278,1211272928.0,5.31,2.89,0.18,1.16
412,2016-09-19,6.41,6.32,6.42,6.25,551685,532103712.0,2.66,-1.25,-0.08,0.51
413,2016-09-20,6.32,6.3,6.4,6.27,310638,300633808.0,2.06,-0.32,-0.02,0.29
414,2016-09-21,6.32,6.43,6.45,6.28,537049,523097344.0,2.7,2.06,0.13,0.5
415,2016-09-22,6.45,6.65,6.79,6.45,1123135,1125774480.0,5.29,3.42,0.22,1.04
416,2016-09-23,6.65,6.39,6.65,6.37,565637,553835312.0,4.21,-3.91,-0.26,0.53
417,2016-09-26,6.4,6.12,6.41,6.09,673017,643016736.0,5.01,-4.23,-0.27,0.63
418,2016-09-27,6.12,6.32,6.37,6.09,618221,593522448.0,4.58,3.27,0.2,0.57
419,2016-09-28,6.31,6.19,6.36,6.18,360372,345931232.0,2.85,-2.06,-0.13,0.33
420,2016-09-29,6.19,6.22,6.35,6.15,283926,272452448.0,3.23,0.48,0.03,0.26
421,2016-09-30,6.21,6.26,6.34,6.2,269427,258959990.0,2.25,0.64,0.04,0.25
422,2016-10-10,6.04,5.92,6.04,5.72,1019920,936290000.0,5.11,-5.43,-0.34,0.95
423,2016-10-11,5.85,5.91,6.04,5.84,536556,497446320.0,3.38,-0.17,-0.01,0.5
424,2016-10-12,5.91,5.86,5.95,5.81,479480,440849264.0,2.37,-0.85,-0.05,0.45
425,2016-10-13,5.85,5.84,5.88,5.78,395932,363236864.0,1.71,-0.34,-0.02,0.37
426,2016-10-14,5.84,5.86,5.87,5.8,318845,292561616.0,1.2,0.34,0.02,0.3
427,2016-10-17,5.84,5.76,5.86,5.75,436751,399245520.0,1.88,-1.71,-0.1,0.41
428,2016-10-18,5.74,5.82,5.82,5.71,519011,472453696.0,1.91,1.04,0.06,0.48
429,2016-10-19,5.82,5.81,5.9,5.78,343304,314899088.0,2.06,-0.17,-0.01,0.32
430,2016-10-20,5.8,5.83,5.86,5.78,292408,267783391.0,1.38,0.34,0.02,0.27
431,2016-10-21,5.84,5.81,5.85,5.77,316328,289236432.0,1.37,-0.34,-0.02,0.29
432,2016-10-24,5.81,5.89,5.9,5.78,501153,460600624.0,2.07,1.38,0.08,0.47
433,2016-10-25,5.88,5.88,5.92,5.86,346454,319614400.0,1.02,-0.17,-0.01,0.32
434,2016-10-26,5.88,5.84,5.89,5.81,257919,236911995.0,1.36,-0.68,-0.04,0.24
435,2016-10-27,5.82,5.8,5.84,5.78,296391,271178720.0,1.03,-0.68,-0.04,0.28
436,2016-10-28,5.79,5.83,5.86,5.79,262343,240593877.0,1.21,0.52,0.03,0.24
437,2016-10-31,5.81,5.81,5.84,5.68,398957,362992048.0,2.74,-0.34,-0.02,0.37
438,2016-11-01,5.81,5.84,5.86,5.78,308492,282723568.0,1.38,0.52,0.03,0.29
439,2016-11-02,5.82,5.77,5.85,5.75,298972,272935584.0,1.71,-1.2,-0.07,0.28
440,2016-11-03,5.76,5.78,5.83,5.74,335442,306105088.0,1.56,0.17,0.01,0.31
441,2016-11-04,5.79,5.74,5.83,5.72,303319,276408288.0,1.9,-0.69,-0.04,0.28
442,2016-11-07,5.77,5.74,5.77,5.71,217158,197133541.0,1.05,0.0,0.0,0.2
443,2016-11-08,5.76,5.74,5.78,5.72,286147,259987875.0,1.05,0.0,0.0,0.27
444,2016-11-09,5.75,5.76,5.84,5.66,646646,589425952.0,3.14,0.35,0.02,0.6
445,2016-11-10,5.82,5.84,5.9,5.77,514109,472545840.0,2.26,1.39,0.08,0.48
446,2016-11-11,5.83,5.91,5.93,5.81,640357,589502848.0,2.05,1.2,0.07,0.6
447,2016-11-14,5.88,5.92,5.94,5.86,493577,456059840.0,1.35,0.17,0.01,0.46
448,2016-11-15,5.92,6.0,6.11,5.9,667286,624388288.0,3.55,1.35,0.08,0.62
449,2016-11-16,6.0,5.96,6.01,5.92,353776,329005024.0,1.5,-0.67,-0.04,0.33
450,2016-11-17,5.95,5.94,5.97,5.9,332194,307925280.0,1.17,-0.34,-0.02,0.31
451,2016-11-18,5.97,6.03,6.21,5.97,820418,775557600.0,4.04,1.52,0.09,0.76
452,2016-11-21,6.04,6.15,6.22,6.03,657000,622998496.0,3.15,1.99,0.12,0.61
453,2016-11-22,6.16,6.21,6.26,6.1,485794,462457424.0,2.6,0.98,0.06,0.45
454,2016-11-23,6.24,6.49,6.74,6.24,1769873,1748885344.0,8.05,4.51,0.28,1.65
455,2016-11-24,6.46,6.55,6.71,6.36,1056569,1044209408.0,5.39,0.92,0.06,0.98
456,2016-11-25,6.56,6.72,6.98,6.55,1134726,1148849184.0,6.56,2.6,0.17,1.05
457,2016-11-28,6.76,6.66,6.93,6.56,981634,987131888.0,5.51,-0.89,-0.06,0.91
458,2016-11-30,6.82,6.54,6.93,6.38,1251931,1246114288.0,8.26,-1.8,-0.12,1.16
459,2016-12-01,6.56,7.32,7.53,6.48,4701789,4976056320.0,16.06,11.93,0.78,4.37
460,2016-12-02,7.38,7.27,7.76,7.22,3690138,3994588560.0,7.38,-0.68,-0.05,3.43
461,2016-12-05,6.81,6.68,6.86,6.43,2379978,2377398880.0,5.91,-8.12,-0.59,2.21
462,2016-12-06,6.62,6.44,6.69,6.4,1103332,1084942416.0,4.34,-3.59,-0.24,1.03
463,2016-12-07,6.42,6.55,6.62,6.35,852166,837319232.0,4.19,1.71,0.11,0.79
464,2016-12-08,6.54,6.5,6.58,6.44,554539,545997760.0,2.14,-0.76,-0.05,0.52
465,2016-12-09,6.5,6.6,6.7,6.46,891996,887227648.0,3.69,1.54,0.1,0.83
466,2016-12-12,6.54,6.32,6.55,6.19,1156014,1118773984.0,5.45,-4.24,-0.28,1.07
467,2016-12-13,6.28,6.16,6.31,6.11,556570,530955520.0,3.16,-2.53,-0.16,0.52
468,2016-12-14,6.23,6.19,6.36,6.18,598213,575013504.0,2.92,0.49,0.03,0.56
469,2016-12-15,6.16,6.02,6.22,5.95,645390,606365888.0,4.36,-2.75,-0.17,0.6
470,2016-12-16,6.01,6.02,6.1,5.95,347687,325568960.0,2.49,0.0,0.0,0.32
471,2016-12-19,6.02,5.98,6.06,5.93,373332,349001744.0,2.16,-0.66,-0.04,0.35
472,2016-12-20,5.97,5.85,5.97,5.74,613478,562365008.0,3.85,-2.17,-0.13,0.57
473,2016-12-21,5.85,5.9,5.94,5.82,348647,321615424.0,2.05,0.85,0.05,0.32
474,2016-12-22,5.87,5.85,5.89,5.79,356371,326688800.0,1.69,-0.85,-0.05,0.33
475,2016-12-23,5.83,5.79,5.85,5.76,275583,251526377.0,1.54,-1.03,-0.06,0.26
476,2016-12-26,5.76,5.84,5.84,5.7,238974,217576481.0,2.42,0.86,0.05,0.22
477,2016-12-27,5.84,5.89,6.01,5.81,375271,347177280.0,3.42,0.86,0.05,0.35
478,2016-12-28,5.88,5.77,5.89,5.73,337927,308687696.0,2.72,-2.04,-0.12,0.31
479,2016-12-29,5.76,5.75,5.78,5.73,369388,335703968.0,0.87,-0.35,-0.02,0.34
480,2016-12-30,5.76,5.79,5.84,5.71,585877,532967856.0,2.26,0.7,0.04,0.54
481,2017-01-03,5.78,5.85,5.87,5.74,349281,319791664.0,2.25,1.04,0.06,0.32
482,2017-01-04,5.83,5.87,5.9,5.78,384207,352661536.0,2.05,0.34,0.02,0.36
483,2017-01-05,5.88,5.85,5.94,5.84,353440,325709728.0,1.7,-0.34,-0.02,0.33
484,2017-01-06,5.85,5.82,5.9,5.79,299801,275013376.0,1.88,-0.51,-0.03,0.28
485,2017-01-09,5.81,5.84,5.87,5.8,198154,181701056.0,1.2,0.34,0.02,0.18
486,2017-01-10,5.83,5.86,5.87,5.81,296687,272209024.0,1.03,0.34,0.02,0.28
487,2017-01-11,5.86,5.79,5.86,5.79,232849,213228114.0,1.19,-1.19,-0.07,0.22
488,2017-01-12,5.76,5.71,5.8,5.7,320320,291204208.0,1.73,-1.38,-0.08,0.3
489,2017-01-13,5.76,5.76,5.86,5.71,413039,376448352.0,2.63,0.88,0.05,0.38
490,2017-01-16,5.74,5.87,5.95,5.59,1206063,1101138544.0,6.25,1.91,0.11,1.12
491,2017-01-17,5.84,5.8,5.85,5.75,257881,235522178.0,1.7,-1.19,-0.07,0.24
492,2017-01-18,5.81,5.83,5.89,5.78,230222,211575346.0,1.9,0.52,0.03,0.21
493,2017-01-19,5.82,5.85,5.93,5.79,258370,238008055.0,2.4,0.34,0.02,0.24
494,2017-01-20,5.84,5.93,5.95,5.82,344610,318782304.0,2.22,1.37,0.08,0.32
495,2017-01-23,5.95,5.94,5.98,5.9,326856,303231056.0,1.35,0.17,0.01,0.3
496,2017-01-24,5.94,5.87,5.95,5.83,446897,411795664.0,2.02,-1.18,-0.07,0.42
497,2017-01-25,5.81,5.87,5.89,5.8,212856,195719301.0,1.53,0.0,0.0,0.2
498,2017-01-26,5.88,5.88,5.91,5.85,227639,209899612.0,1.02,0.17,0.01,0.21
499,2017-02-03,5.89,5.84,5.92,5.81,187001,171762034.0,1.87,-0.68,-0.04,0.17
500,2017-02-06,5.84,5.82,5.84,5.77,269646,246710502.0,1.2,-0.34,-0.02,0.25
501,2017-02-07,5.82,5.82,5.85,5.81,215418,197535600.0,0.69,0.0,0.0,0.2
502,2017-02-08,5.83,5.95,5.96,5.78,446983,411633152.0,3.09,2.23,0.13,0.42
503,2017-02-09,5.96,6.15,6.31,5.95,880056,837225952.0,6.05,3.36,0.2,0.82
504,2017-02-10,6.15,6.13,6.22,6.06,377343,357568240.0,2.6,-0.33,-0.02,0.35
505,2017-02-13,6.13,6.17,6.21,6.06,334924,317962000.0,2.45,0.65,0.04,0.31
506,2017-02-14,6.16,6.18,6.2,6.12,214414,203671700.0,1.3,0.16,0.01,0.2
507,2017-02-15,6.18,6.03,6.19,6.02,453663,428687184.0,2.75,-2.43,-0.15,0.42
508,2017-02-16,6.03,6.11,6.13,6.0,299469,281664096.0,2.16,1.33,0.08,0.28
509,2017-02-17,6.11,5.97,6.17,5.96,439589,412890736.0,3.44,-2.29,-0.14,0.41
510,2017-02-20,5.98,6.24,6.26,5.97,670614,635703984.0,4.86,4.52,0.27,0.62
511,2017-02-21,6.23,6.37,6.42,6.23,981326,952680912.0,3.04,2.08,0.13,0.91
512,2017-02-22,6.33,6.35,6.39,6.29,453954,439347792.0,1.57,-0.31,-0.02,0.42
513,2017-02-23,6.37,6.29,6.41,6.22,377404,363866000.0,2.99,-0.94,-0.06,0.35
514,2017-02-24,6.25,6.24,6.29,6.12,377449,359066800.0,2.7,-0.79,-0.05,0.35
515,2017-02-27,6.2,6.1,6.2,6.07,305669,289401696.0,2.08,-2.24,-0.14,0.28
516,2017-02-28,6.1,6.13,6.17,6.09,195496,185269245.0,1.31,0.49,0.03,0.18
517,2017-03-01,6.19,6.19,6.24,6.14,340511,324163280.0,1.63,0.98,0.06,0.32
518,2017-03-02,6.2,6.09,6.23,6.08,243112,230330552.0,2.42,-1.62,-0.1,0.23
519,2017-03-03,6.07,6.09,6.13,5.94,376967,352574832.0,3.12,0.0,0.0,0.35
520,2017-03-06,6.07,6.13,6.17,6.05,287514,272450704.0,1.97,0.66,0.04,0.27
521,2017-03-07,6.15,6.13,6.17,6.06,239668,226409994.0,1.79,0.0,0.0,0.22
522,2017-03-08,6.15,6.24,6.32,6.12,569291,544649680.0,3.26,1.79,0.11,0.53
523,2017-03-09,6.21,6.32,6.33,6.17,607753,582651136.0,2.56,1.28,0.08,0.56
524,2017-03-10,6.29,6.29,6.44,6.27,432165,418847712.0,2.69,-0.47,-0.03,0.4
525,2017-03-13,6.28,6.75,6.89,6.2,1911091,1906569984.0,10.97,7.31,0.46,1.78
526,2017-03-14,6.73,6.77,6.91,6.63,1103579,1114819520.0,4.15,0.3,0.02,1.03
527,2017-03-15,6.75,6.75,6.84,6.65,565666,571277664.0,2.81,-0.3,-0.02,0.53
528,2017-03-16,6.77,6.66,6.87,6.6,879036,882543568.0,4.0,-1.33,-0.09,0.82
529,2017-03-17,6.7,6.4,6.74,6.37,1166222,1149393360.0,5.56,-3.9,-0.26,1.08
530,2017-03-20,6.34,6.28,6.39,6.17,805498,771947200.0,3.44,-1.88,-0.12,0.75
531,2017-03-21,6.29,6.4,6.44,6.23,635651,615007328.0,3.34,1.91,0.12,0.59
532,2017-03-22,6.29,6.22,6.39,6.18,510636,491962240.0,3.28,-2.81,-0.18,0.47
533,2017-03-23,6.23,6.31,6.43,6.21,516861,498749920.0,3.54,1.45,0.09,0.48
534,2017-03-24,6.34,6.34,6.38,6.2,506663,488661216.0,2.85,0.48,0.03,0.47
535,2017-03-27,6.33,6.32,6.4,6.26,343929,332687520.0,2.21,-0.32,-0.02,0.32
536,2017-03-28,6.36,6.23,6.36,6.21,340194,326438352.0,2.37,-1.42,-0.09,0.32
537,2017-03-29,6.23,6.15,6.27,6.13,451614,430404896.0,2.25,-1.28,-0.08,0.42
538,2017-03-30,6.14,6.15,6.18,6.0,441097,416085952.0,2.93,0.0,0.0,0.41
539,2017-03-31,6.11,6.19,6.24,6.05,320989,303948480.0,3.09,0.65,0.04,0.3
540,2017-04-05,6.33,6.3,6.4,6.25,446628,431169296.0,2.42,1.78,0.11,0.42
541,2017-04-06,6.3,6.34,6.36,6.24,401157,386883872.0,1.9,0.63,0.04,0.37
542,2017-04-07,6.36,6.34,6.4,6.25,420521,406567776.0,2.37,0.0,0.0,0.39
543,2017-04-10,6.34,6.46,6.56,6.27,662238,646883152.0,4.57,1.89,0.12,0.62
544,2017-04-11,6.44,6.54,6.61,6.23,871504,851933104.0,5.88,1.24,0.08,0.81
545,2017-04-12,6.66,6.65,6.83,6.54,1080450,1080815376.0,4.43,1.68,0.11,1.0
546,2017-04-13,6.6,6.57,6.61,6.4,583175,573209200.0,3.16,-1.2,-0.08,0.54
547,2017-04-14,6.5,6.55,6.56,6.41,455691,447507056.0,2.28,-0.3,-0.02,0.42
548,2017-04-17,6.49,6.51,6.54,6.38,376519,368996992.0,2.44,-0.61,-0.04,0.35
549,2017-04-18,6.47,6.26,6.48,6.25,578515,559377936.0,3.53,-3.84,-0.25,0.54
550,2017-04-19,6.23,6.29,6.33,6.18,321680,308739680.0,2.4,0.48,0.03,0.3
551,2017-04-20,6.26,6.32,6.33,6.2,305608,293714160.0,2.07,0.48,0.03,0.28
552,2017-04-21,6.32,6.38,6.43,6.29,362314,351605696.0,2.22,0.95,0.06,0.34
553,2017-04-24,6.38,6.45,6.46,6.21,687010,665580720.0,3.92,1.1,0.07,0.64
554,2017-04-25,6.42,6.41,6.48,6.37,336841,328673936.0,1.71,-0.62,-0.04,0.31
555,2017-04-26,6.42,6.35,6.47,6.33,256157,249376053.0,2.18,-0.94,-0.06,0.24
556,2017-04-27,6.32,6.21,6.33,5.98,541404,515078320.0,5.51,-2.2,-0.14,0.5
557,2017-04-28,6.16,6.08,6.18,6.01,655006,614990496.0,2.74,-2.09,-0.13,0.61
558,2017-05-02,6.05,6.02,6.06,5.97,230646,215815130.0,1.48,-0.99,-0.06,0.21
559,2017-05-03,6.02,6.02,6.05,5.94,250315,233714715.0,1.83,0.0,0.0,0.23
560,2017-05-04,5.99,6.01,6.03,5.97,214960,200840204.0,1.0,-0.17,-0.01,0.2
561,2017-05-05,6.01,6.02,6.04,5.84,769762,713382928.0,3.33,0.17,0.01,0.72
562,2017-05-08,5.95,5.99,6.13,5.77,1115124,1037704912.0,5.98,-0.5,-0.03,1.04
563,2017-05-09,5.95,5.98,5.99,5.91,274613,255168276.0,1.34,-0.17,-0.01,0.26
564,2017-05-10,5.95,5.83,6.01,5.8,284747,262910183.0,3.51,-2.51,-0.15,0.26
565,2017-05-11,5.81,5.84,5.91,5.74,329023,301002608.0,2.92,0.17,0.01,0.31
566,2017-05-12,5.81,5.85,5.9,5.77,321908,295245376.0,2.23,0.17,0.01,0.3
567,2017-05-15,5.84,5.92,5.95,5.81,352437,324889264.0,2.39,1.2,0.07,0.33
568,2017-05-16,5.89,5.94,5.97,5.81,457590,421760320.0,2.7,0.34,0.02,0.43
569,2017-05-17,5.91,5.87,5.95,5.85,256793,236954094.0,1.68,-1.18,-0.07,0.24
570,2017-05-18,5.82,5.88,5.94,5.8,221852,204599209.0,2.39,0.17,0.01,0.21
571,2017-05-19,5.89,5.98,6.0,5.86,300854,279756656.0,2.38,1.7,0.1,0.28
572,2017-05-22,5.98,5.97,6.06,5.89,335068,312454560.0,2.84,-0.17,-0.01,0.31
573,2017-05-23,5.98,6.0,6.07,5.91,339599,316610416.0,2.68,0.5,0.03,0.32
574,2017-05-24,5.98,6.04,6.07,5.92,288133,269159008.0,2.5,0.67,0.04,0.27
575,2017-05-25,6.07,6.37,6.41,6.07,1108045,1067636960.0,5.63,5.46,0.33,1.03
576,2017-05-26,6.36,6.23,6.45,6.2,547921,530055632.0,3.92,-2.2,-0.14,0.51
577,2017-05-31,6.56,6.35,6.65,6.33,744223,731129408.0,5.14,1.93,0.12,0.69
578,2017-06-01,6.35,6.42,6.61,6.34,572145,560800176.0,4.25,1.1,0.07,0.53
579,2017-06-02,6.38,6.39,6.55,6.32,446415,436868944.0,3.58,-0.47,-0.03,0.41
580,2017-06-05,6.39,6.35,6.42,6.25,361168,348698768.0,2.66,-0.63,-0.04,0.34
581,2017-06-06,6.34,6.49,6.56,6.31,498507,488626384.0,3.94,2.2,0.14,0.46
582,2017-06-07,6.46,6.52,6.58,6.41,852995,840192416.0,2.62,0.46,0.03,0.79
583,2017-06-08,6.53,6.71,6.73,6.48,992372,988938544.0,3.83,2.91,0.19,0.92
584,2017-06-09,6.74,6.65,6.83,6.58,788532,767551616.0,3.73,-0.89,-0.06,0.73
585,2017-06-12,6.65,6.65,6.9,6.59,910566,891718032.0,4.66,0.0,0.0,0.85
586,2017-06-13,6.59,6.65,6.72,6.56,439680,425407008.0,2.41,0.0,0.0,0.41
587,2017-06-14,6.6,6.4,6.63,6.37,750871,711578928.0,3.91,-3.76,-0.25,0.7
588,2017-06-15,6.4,6.39,6.42,6.28,424591,397814256.0,2.19,-0.16,-0.01,0.39
589,2017-06-16,6.37,6.36,6.4,6.32,313895,294639232.0,1.25,-0.47,-0.03,0.29
590,2017-06-19,6.35,6.42,6.46,6.33,316060,298662752.0,2.04,0.94,0.06,0.29
591,2017-06-20,6.41,6.35,6.49,6.31,328291,309242304.0,2.8,-1.09,-0.07,0.28
592,2017-06-21,6.4,6.57,6.6,6.31,730753,694883536.0,4.57,3.46,0.22,0.62
593,2017-06-22,6.53,6.58,6.83,6.47,1225475,1189856560.0,5.48,0.15,0.01,1.04
594,2017-06-23,6.55,6.96,7.02,6.52,1590220,1569930960.0,7.6,5.78,0.38,1.35
595,2017-06-26,7.01,7.21,7.42,6.95,2603556,2665077488.0,6.75,3.59,0.25,2.22
596,2017-06-27,7.21,7.14,7.21,7.03,788261,800909088.0,2.5,-0.97,-0.07,0.67
597,2017-06-28,7.11,6.99,7.18,6.98,658580,665818576.0,2.8,-2.1,-0.15,0.56
598,2017-06-29,7.03,7.04,7.12,6.91,600015,601107296.0,3.0,0.72,0.05,0.51
599,2017-06-30,7.0,6.94,7.01,6.91,480465,479871216.0,1.42,-1.42,-0.1,0.41
600,2017-07-03,6.98,7.15,7.19,6.94,710710,718017312.0,3.6,3.03,0.21,0.61
601,2017-07-04,7.15,6.86,7.16,6.82,693209,692171408.0,4.76,-4.06,-0.29,0.59
602,2017-07-05,6.87,7.02,7.04,6.75,595139,589929616.0,4.23,2.33,0.16,0.51
603,2017-07-06,6.97,6.82,6.99,6.81,526686,522316960.0,2.56,-2.85,-0.2,0.45
604,2017-07-07,6.82,7.2,7.22,6.8,1080042,1090181952.0,6.16,5.57,0.38,0.92
605,2017-07-10,7.16,7.32,7.69,7.12,1382666,1451022464.0,7.92,1.67,0.12,1.18
606,2017-07-11,7.29,7.36,7.6,7.27,961476,1009003952.0,4.51,0.55,0.04,0.82
607,2017-07-12,7.34,7.34,7.57,7.25,921463,961961664.0,4.35,-0.27,-0.02,0.79
608,2017-07-13,7.27,7.45,7.49,7.24,651657,678402960.0,3.41,1.5,0.11,0.56
609,2017-07-14,7.48,7.85,7.86,7.37,1156260,1235465168.0,6.58,5.37,0.4,0.99
610,2017-07-17,7.89,7.63,8.01,7.58,1266612,1372613408.0,5.48,-2.8,-0.22,1.08
611,2017-07-18,7.58,7.86,7.92,7.57,999154,1081124896.0,4.59,3.01,0.23,0.85
612,2017-07-19,7.73,7.8,7.9,7.62,1068231,1155194736.0,3.56,-0.76,-0.06,0.91
613,2017-07-20,7.74,8.15,8.24,7.74,1292276,1431200688.0,6.41,4.49,0.35,1.1
614,2017-07-21,8.12,7.94,8.19,7.8,1041903,1143020288.0,4.79,-2.58,-0.21,0.89
615,2017-07-24,7.88,7.71,7.96,7.65,865021,936994672.0,3.9,-2.9,-0.23,0.74
616,2017-07-25,7.65,7.52,7.69,7.44,721396,763331488.0,3.24,-2.46,-0.19,0.61
617,2017-07-26,7.55,7.34,7.61,7.27,893197,932946016.0,4.52,-2.39,-0.18,0.76
618,2017-07-27,7.33,7.45,7.51,7.26,748563,779481808.0,3.41,1.5,0.11,0.64
619,2017-07-28,7.42,7.59,7.66,7.39,621721,659009328.0,3.62,1.88,0.14,0.53
620,2017-07-31,7.59,7.48,7.66,7.36,644611,674672544.0,3.95,-1.45,-0.11,0.55
621,2017-08-01,7.49,7.55,7.62,7.45,475040,501379760.0,2.27,0.94,0.07,0.4
622,2017-08-02,7.54,7.17,7.61,7.15,872776,906657200.0,6.09,-5.03,-0.38,0.74
623,2017-08-03,7.17,7.1,7.24,7.0,686682,695374656.0,3.35,-0.98,-0.07,0.59
624,2017-08-04,7.09,7.06,7.21,7.02,696984,705539760.0,2.68,-0.56,-0.04,0.59
625,2017-08-07,7.07,7.05,7.1,6.95,499105,501901200.0,2.12,-0.14,-0.01,0.43
626,2017-08-08,7.06,7.04,7.11,6.95,596876,600072144.0,2.27,-0.14,-0.01,0.51
627,2017-08-09,7.06,7.16,7.19,7.03,582766,590300912.0,2.27,1.7,0.12,0.5
628,2017-08-10,7.14,7.16,7.18,6.97,509887,515135808.0,2.93,0.0,0.0,0.43
629,2017-08-11,7.07,6.81,7.14,6.77,684842,682779600.0,5.17,-4.89,-0.35,0.58
630,2017-08-14,6.83,6.86,6.9,6.77,584038,575078112.0,1.91,0.73,0.05,0.5
631,2017-08-15,6.85,6.86,6.95,6.8,359242,356227824.0,2.19,0.0,0.0,0.31
632,2017-08-16,6.87,6.86,6.91,6.78,275779,271870736.0,1.9,0.0,0.0,0.23
633,2017-08-17,6.85,6.95,6.97,6.82,369381,367291088.0,2.19,1.31,0.09,0.31
634,2017-08-18,6.91,7.08,7.11,6.88,546119,549149184.0,3.31,1.87,0.13,0.47
635,2017-08-21,7.03,7.09,7.14,7.02,360744,365167872.0,1.69,0.14,0.01,0.31
636,2017-08-22,7.31,7.23,7.5,7.18,906425,939639152.0,4.51,1.97,0.14,0.77
637,2017-08-23,7.2,7.15,7.3,7.12,439311,449209568.0,2.49,-1.11,-0.08,0.37
638,2017-08-24,7.14,7.08,7.17,7.02,315906,319679712.0,2.1,-0.98,-0.07,0.27
639,2017-08-25,7.05,7.23,7.25,7.05,424567,433882784.0,2.82,2.12,0.15,0.36
640,2017-08-28,7.26,7.35,7.45,7.19,743555,772291984.0,3.6,1.66,0.12,0.63
641,2017-08-29,7.36,7.25,7.4,7.23,321920,332112672.0,2.31,-1.36,-0.1,0.27
642,2017-08-30,7.32,7.38,7.45,7.3,627520,654284192.0,2.07,1.79,0.13,0.53
643,2017-08-31,7.35,7.28,7.43,7.24,371151,383820496.0,2.57,-1.36,-0.1,0.32
644,2017-09-01,7.27,7.18,7.31,7.07,678830,694051600.0,3.3,-1.37,-0.1,0.58
645,2017-09-04,7.16,7.25,7.29,7.12,352273,361873248.0,2.37,0.97,0.07,0.3
646,2017-09-05,7.21,7.49,7.52,7.21,790208,825933584.0,4.28,3.31,0.24,0.67
647,2017-09-06,7.43,7.46,7.53,7.37,461818,483406528.0,2.14,-0.4,-0.03,0.39
648,2017-09-07,7.53,7.87,8.09,7.52,1889733,2061528496.0,7.64,5.5,0.41,1.61
649,2017-09-08,7.87,8.03,8.18,7.71,1198734,1320229520.0,5.97,2.03,0.16,1.02
650,2017-09-11,8.12,7.87,8.2,7.75,1026657,1124812048.0,5.6,-1.99,-0.16,0.87
651,2017-09-12,7.85,7.68,7.93,7.6,794993,855188816.0,4.19,-2.41,-0.19,0.68
652,2017-09-13,7.68,7.7,7.84,7.64,691984,745895744.0,2.6,0.26,0.02,0.59
653,2017-09-14,7.7,8.29,8.3,7.69,1990893,2208562192.0,7.92,7.66,0.59,1.7
654,2017-09-15,8.27,8.62,8.97,8.22,2336595,2726381472.0,9.05,3.98,0.33,1.99
655,2017-09-18,8.68,8.42,9.02,8.35,1821343,2130677504.0,7.77,-2.32,-0.2,1.55
656,2017-09-19,8.48,8.56,8.98,8.43,1824445,2149170480.0,6.53,1.66,0.14,1.55
657,2017-09-20,8.55,8.26,8.6,8.23,1233090,1411170064.0,4.32,-3.5,-0.3,1.05
658,2017-09-21,8.3,8.3,8.46,8.22,904678,1027555088.0,2.91,0.48,0.04,0.77
659,2017-09-22,8.29,8.28,8.5,8.18,660406,750864272.0,3.86,-0.24,-0.02,0.56
660,2017-09-25,7.98,7.54,8.0,7.5,1586832,1710973104.0,6.04,-8.94,-0.74,1.35
661,2017-09-26,7.56,7.62,7.76,7.51,538439,573766704.0,3.32,1.06,0.08,0.46
662,2017-09-27,7.68,7.74,7.75,7.55,477418,510624144.0,2.62,1.57,0.12,0.41
663,2017-09-28,7.74,7.41,7.76,7.38,835400,879283136.0,4.91,-4.26,-0.33,0.71
664,2017-09-29,7.45,7.37,7.5,7.3,501572,523320704.0,2.7,-0.54,-0.04,0.43
665,2017-10-09,7.67,7.51,7.79,7.49,1109989,1186479968.0,4.07,1.9,0.14,0.95
666,2017-10-10,7.56,7.43,7.6,7.37,779300,815128576.0,3.06,-1.07,-0.08,0.66
667,2017-10-11,7.46,7.41,7.56,7.34,747033,780678176.0,2.96,-0.27,-0.02,0.64
668,2017-10-12,7.42,7.29,7.42,7.2,784082,808528144.0,2.97,-1.62,-0.12,0.67
669,2017-10-13,7.29,7.24,7.35,7.21,656982,676428464.0,1.92,-0.69,-0.05,0.56
670,2017-10-16,7.28,7.15,7.31,7.14,575364,589156448.0,2.35,-1.24,-0.09,0.49
671,2017-10-17,7.14,7.19,7.22,7.11,400656,408734864.0,1.54,0.56,0.04,0.34
672,2017-10-18,7.19,7.22,7.24,7.15,412372,421645120.0,1.25,0.42,0.03,0.35
673,2017-10-19,7.23,7.23,7.33,7.17,572950,590027152.0,2.22,0.14,0.01,0.49
674,2017-10-20,7.24,7.34,7.34,7.19,413278,426616208.0,2.07,1.52,0.11,0.35
675,2017-10-23,7.34,7.46,7.51,7.28,677983,706902272.0,3.13,1.63,0.12,0.58
676,2017-10-24,7.62,7.77,7.86,7.5,1273237,1370138064.0,4.83,4.16,0.31,1.08
677,2017-10-25,7.8,7.83,8.12,7.77,976387,1072989584.0,4.5,0.77,0.06,0.83
678,2017-10-26,7.78,7.61,7.92,7.53,1173307,1260055168.0,4.98,-2.81,-0.22,1.0
679,2017-10-27,7.67,7.61,7.89,7.48,1294170,1381406352.0,5.39,0.0,0.0,1.1
680,2017-10-30,7.59,7.74,7.75,7.5,1268823,1351294560.0,3.29,1.71,0.13,1.08
681,2017-10-31,7.76,7.86,7.89,7.64,970245,1047169712.0,3.23,1.55,0.12,0.83
682,2017-11-01,7.88,7.74,8.18,7.68,1738451,1905835568.0,6.36,-1.53,-0.12,1.48
683,2017-11-02,7.67,7.8,7.86,7.62,835857,900968032.0,3.1,0.78,0.06,0.71
684,2017-11-03,7.77,7.63,7.8,7.4,998392,1060995072.0,5.13,-2.18,-0.17,0.85
685,2017-11-06,7.55,7.35,7.61,7.25,822979,856949872.0,4.72,-3.67,-0.28,0.7
686,2017-11-07,7.38,7.41,7.5,7.3,832643,866677344.0,2.72,0.82,0.06,0.71
687,2017-11-08,7.35,7.45,7.57,7.35,716415,751950576.0,2.97,0.54,0.04,0.61
688,2017-11-09,7.45,7.6,7.63,7.42,508741,536823552.0,2.82,2.01,0.15,0.43
689,2017-11-10,7.64,7.41,7.67,7.35,836336,881818576.0,4.21,-2.5,-0.19,0.71
690,2017-11-13,7.4,7.29,7.5,7.25,844227,877197984.0,3.37,-1.62,-0.12,0.72
691,2017-11-14,7.27,7.43,7.49,7.16,841821,873880544.0,4.53,1.92,0.14,0.72
692,2017-11-15,7.36,7.68,7.7,7.32,1008704,1070284944.0,5.11,3.36,0.25,0.86
693,2017-11-16,7.69,8.4,8.41,7.66,2553548,2843133232.0,9.77,9.38,0.72,2.18
694,2017-11-17,8.4,8.7,8.72,8.3,2582599,2990202736.0,5.0,3.57,0.3,2.2
695,2017-11-20,8.6,8.71,8.72,8.32,1262329,1459636752.0,4.6,0.11,0.01,1.08
696,2017-11-21,8.66,8.99,9.38,8.64,2431309,2934933088.0,8.5,3.21,0.28,2.07
697,2017-11-22,9.17,9.02,9.35,8.92,2145445,2615151088.0,4.78,0.33,0.03,1.83
698,2017-11-23,9.01,8.83,9.34,8.62,1550918,1867169536.0,7.98,-2.11,-0.19,1.32
699,2017-11-24,8.77,8.91,9.06,8.67,1003703,1196358688.0,4.42,0.91,0.08,0.86
700,2017-11-27,8.91,8.93,9.3,8.63,1306556,1559436656.0,7.52,0.22,0.02,1.11
701,2017-11-28,8.92,8.65,8.92,8.39,926541,1078737872.0,5.94,-3.14,-0.28,0.79
702,2017-11-29,8.77,9.82,9.82,8.65,2477453,3055593936.0,13.53,13.53,1.17,2.11
703,2017-11-30,9.97,9.57,10.06,9.24,2357141,3000986240.0,8.35,-2.55,-0.25,2.01
704,2017-12-01,9.57,9.72,10.22,9.47,2001432,2570247280.0,7.84,1.57,0.15,1.71
705,2017-12-04,9.67,9.79,9.82,9.3,1238807,1560873024.0,5.35,0.72,0.07,1.06
706,2017-12-05,9.67,9.77,10.14,9.51,2285227,2960015280.0,6.44,-0.2,-0.02,1.95
707,2017-12-06,9.65,9.67,10.02,9.48,1230004,1565042368.0,5.53,-1.02,-0.1,1.05
708,2017-12-07,9.7,9.81,10.32,9.69,1566829,2033108304.0,6.51,1.45,0.14,1.34
709,2017-12-08,9.67,9.71,9.72,9.26,1448304,1814506128.0,4.69,-1.02,-0.1,1.23
710,2017-12-11,9.62,9.88,9.89,9.41,1061582,1342485904.0,4.94,1.75,0.17,0.9
711,2017-12-12,9.8,9.53,10.01,9.5,954302,1222488208.0,5.16,-3.54,-0.35,0.81
712,2017-12-13,9.56,9.56,9.61,9.32,771350,964630192.0,3.04,0.31,0.03,0.66
713,2017-12-14,9.53,9.64,9.95,9.43,1011920,1287149744.0,5.44,0.84,0.08,0.86
714,2017-12-15,9.48,9.12,9.62,9.03,1164531,1433303600.0,6.12,-5.39,-0.52,0.99
715,2017-12-18,9.13,9.1,9.33,8.85,842468,1016803296.0,5.26,-0.22,-0.02,0.72
716,2017-12-19,9.15,9.35,9.37,9.03,697373,854921744.0,3.74,2.75,0.25,0.59
717,2017-12-20,9.21,9.06,9.28,8.86,1064991,1287971648.0,4.49,-3.1,-0.29,0.91
718,2017-12-21,9.1,10.0,10.21,9.09,1967975,2501603296.0,12.36,10.38,0.94,1.68
719,2017-12-22,9.97,10.05,10.13,9.91,990559,1290868160.0,2.2,0.5,0.05,0.84
720,2017-12-25,10.3,10.52,10.91,10.3,1868339,2549486944.0,6.07,4.68,0.47,1.59
721,2017-12-26,10.6,10.82,10.84,10.42,1152057,1576582496.0,3.99,2.85,0.3,0.98
722,2017-12-27,10.67,10.62,10.92,10.43,1073454,1471431200.0,4.53,-1.85,-0.2,0.91
723,2017-12-28,10.57,10.68,10.8,10.29,925361,1256870192.0,4.8,0.56,0.06,0.79
724,2017-12-29,10.64,11.12,11.29,10.58,1266858,1780418544.0,6.65,4.12,0.44,1.08
725,2018-01-02,11.27,11.59,12.05,11.27,1838891,2717476304.0,7.01,4.23,0.47,1.57
726,2018-01-03,11.69,11.41,12.12,11.31,1907441,2811032288.0,6.99,-1.55,-0.18,1.63
727,2018-01-04,11.54,11.48,11.81,11.36,1467574,2143773360.0,3.94,0.61,0.07,1.25
728,2018-01-05,11.52,12.26,12.92,11.42,2617996,3990231024.0,13.07,6.79,0.78,2.23
729,2018-01-08,12.69,12.59,13.27,12.43,2782186,4403516928.0,6.85,2.69,0.33,2.37
730,2018-01-09,12.42,12.67,12.93,12.41,1462557,2293763680.0,4.13,0.64,0.08,1.25
731,2018-01-10,12.67,12.83,13.23,12.57,1432952,2284422128.0,5.21,1.26,0.16,1.22
732,2018-01-11,12.71,12.75,12.92,12.31,1181746,1846425632.0,4.75,-0.62,-0.08,1.01
733,2018-01-12,12.65,12.67,13.31,12.54,1394105,2227229840.0,6.04,-0.63,-0.08,1.19
734,2018-01-15,13.15,13.57,13.84,12.97,2574306,4226685216.0,6.87,7.1,0.9,2.19
735,2018-01-16,13.42,14.65,14.96,13.31,3224720,5503315456.0,12.16,7.96,1.08,2.75
736,2018-01-17,14.37,14.9,15.18,14.01,2751893,4846253568.0,7.99,1.71,0.25,2.34
737,2018-01-18,14.87,14.54,15.06,14.29,1882339,3330767712.0,5.17,-2.42,-0.36,1.6
738,2018-01-19,14.67,14.26,14.97,14.07,1959307,3442182832.0,6.19,-1.93,-0.28,1.67
739,2018-01-22,14.24,14.5,14.69,14.13,1462844,2552999056.0,3.93,1.68,0.24,1.25
740,2018-01-23,14.62,14.72,15.32,14.62,2586248,4642713600.0,4.83,1.52,0.22,2.2
741,2018-01-24,14.75,14.81,15.37,14.67,1929381,3463923472.0,4.76,0.61,0.09,1.64
742,2018-01-25,14.74,14.07,14.78,13.67,2459242,4216194336.0,7.49,-5.0,-0.74,2.1
743,2018-01-26,14.07,14.16,14.53,13.88,1624391,2802849392.0,4.62,0.64,0.09,1.38
744,2018-01-29,14.3,13.95,14.45,13.65,1711331,2920008656.0,5.65,-1.48,-0.21,1.46
745,2018-01-30,13.93,13.49,14.1,13.33,1621627,2701415200.0,5.52,-3.3,-0.46,1.38
746,2018-01-31,13.58,14.2,14.26,13.46,1999987,3389120800.0,5.93,5.26,0.71,1.7
747,2018-02-01,14.32,14.55,14.82,14.15,2247726,3937634432.0,4.72,2.46,0.35,1.92
748,2018-02-02,14.27,15.39,15.45,13.97,2124073,3791198128.0,10.17,5.77,0.84,1.81
749,2018-02-05,15.17,15.66,15.71,14.92,1899820,3481582512.0,5.13,1.75,0.27,1.62
750,2018-02-06,15.17,15.0,15.24,14.37,2300497,4111399648.0,5.56,-4.21,-0.66,1.96
751,2018-02-07,15.32,13.31,15.43,13.2,3102237,5241530368.0,14.87,-11.27,-1.69,2.64
752,2018-02-08,13.0,12.64,13.29,12.17,2344831,3688868448.0,8.41,-5.03,-0.67,2.0
753,2018-02-09,12.03,11.16,12.34,11.07,3260391,4715270400.0,10.05,-11.71,-1.48,2.78
754,2018-02-12,11.17,11.47,11.53,10.86,1995140,2844179088.0,6.0,2.78,0.31,1.7
755,2018-02-13,11.73,12.08,12.62,11.63,1877979,2833560960.0,8.63,5.32,0.61,1.6
756,2018-02-14,12.07,12.17,12.32,11.71,809861,1219895152.0,5.05,0.75,0.09,0.69
757,2018-02-22,12.47,12.4,12.76,12.24,1048358,1626813488.0,4.27,1.89,0.23,0.89
758,2018-02-23,12.45,12.61,12.88,12.29,1062567,1663751600.0,4.76,1.69,0.21,0.91
759,2018-02-26,12.64,12.06,12.76,11.37,2023755,3019017776.0,11.02,-4.36,-0.55,1.72
760,2018-02-27,11.95,11.48,11.97,11.29,1868184,2718958832.0,5.64,-4.81,-0.58,1.59
761,2018-02-28,11.23,11.6,11.82,11.02,1449396,2101602112.0,6.97,1.05,0.12,1.23
762,2018-03-01,11.39,11.67,12.03,11.35,1355076,2007251136.0,5.86,0.6,0.07,1.15
763,2018-03-02,11.45,11.77,11.96,11.27,1166831,1715326752.0,5.91,0.86,0.1,0.99
764,2018-03-05,11.89,11.83,12.35,11.74,1215889,1829904864.0,5.18,0.51,0.06,1.04
765,2018-03-06,11.97,12.52,12.56,11.57,1742183,2636842096.0,8.37,5.83,0.69,1.48
766,2018-03-07,12.44,12.38,12.83,12.23,1131348,1759589680.0,4.79,-1.12,-0.14,0.96
767,2018-03-08,12.39,12.51,12.62,12.24,758502,1172861200.0,3.07,1.05,0.13,0.65
768,2018-03-09,12.58,12.22,12.67,11.96,1103531,1684591696.0,5.68,-2.32,-0.29,0.94
769,2018-03-12,12.07,11.54,12.07,11.34,2009627,2937778528.0,5.97,-5.56,-0.68,1.71
770,2018-03-13,11.45,11.5,11.69,11.4,973979,1416974720.0,2.51,-0.35,-0.04,0.83
771,2018-03-14,11.4,11.54,11.67,11.27,849779,1235367296.0,3.48,0.35,0.04,0.72
772,2018-03-15,11.54,11.56,11.65,11.38,760648,1107323456.0,2.34,0.17,0.02,0.65
773,2018-03-16,11.5,11.58,11.83,11.48,955963,1406306272.0,3.03,0.17,0.02,0.81
774,2018-03-19,11.53,11.04,11.53,10.97,1191869,1685857248.0,4.84,-4.66,-0.54,1.02
775,2018-03-20,10.83,10.9,11.0,10.68,906167,1255738848.0,2.9,-1.27,-0.14,0.77
776,2018-03-21,10.96,10.98,11.31,10.85,995004,1408493904.0,4.22,0.73,0.08,0.85
777,2018-03-22,10.92,10.59,11.03,10.5,1097284,1505140368.0,4.83,-3.55,-0.39,0.93
778,2018-03-23,10.07,10.28,10.3,9.69,2109760,2750426304.0,5.76,-2.93,-0.31,1.8
779,2018-03-26,10.12,10.01,10.26,9.77,1071209,1392342320.0,4.77,-2.63,-0.27,0.91
780,2018-03-27,10.32,10.07,10.43,9.91,1101884,1450370272.0,5.19,0.6,0.06,0.94
781,2018-03-28,9.89,10.05,10.42,9.83,1091350,1433178768.0,5.86,-0.2,-0.02,0.93
782,2018-03-29,10.12,10.73,11.05,9.45,2806957,3753174272.0,15.92,6.77,0.68,2.39
783,2018-03-30,10.57,10.44,10.73,10.4,1178819,1598923648.0,3.08,-2.7,-0.29,1.0
784,2018-04-02,10.53,10.61,11.02,10.43,1509565,2081074848.0,5.65,1.63,0.17,1.29
785,2018-04-03,10.33,10.5,10.65,10.18,833386,1120162592.0,4.43,-1.04,-0.11,0.71
786,2018-04-04,10.37,10.66,10.91,10.32,962824,1323214000.0,5.62,1.52,0.16,0.82
787,2018-04-09,10.63,10.43,10.76,10.31,673818,910837664.0,4.22,-2.16,-0.23,0.57
788,2018-04-10,10.47,11.26,11.28,10.43,1498047,2094607312.0,8.15,7.96,0.83,1.28
789,2018-04-11,11.28,11.51,11.73,11.07,1523034,2202690800.0,5.86,2.22,0.25,1.3
790,2018-04-12,11.37,11.36,11.63,11.2,790223,1139604272.0,3.74,-1.3,-0.15,0.67
791,2018-04-13,11.46,10.99,11.59,10.88,738997,1051457424.0,6.25,-3.26,-0.37,0.63
792,2018-04-16,10.9,10.21,10.91,10.01,1646111,2190622896.0,8.19,-7.1,-0.78,1.4
793,2018-04-17,10.23,10.12,10.38,10.03,901370,1192294240.0,3.43,-0.88,-0.09,0.77
794,2018-04-18,10.49,10.43,10.73,10.28,1462820,1976742560.0,4.45,3.06,0.31,1.25
795,2018-04-19,10.43,10.41,10.65,10.28,795331,1074390864.0,3.55,-0.19,-0.02,0.68
796,2018-04-20,10.43,10.37,10.55,10.05,778279,1039547072.0,4.8,-0.38,-0.04,0.66
797,2018-04-23,10.22,10.51,10.6,10.12,650066,872327760.0,4.63,1.35,0.14,0.55
798,2018-04-24,10.74,11.06,11.4,10.73,1496318,2124568048.0,6.37,5.23,0.55,1.27
799,2018-04-25,10.9,10.82,11.06,10.7,722276,1000256384.0,3.25,-2.17,-0.24,0.62
800,2018-04-26,10.98,10.56,11.05,10.33,787222,1072104512.0,6.65,-2.4,-0.26,0.67
801,2018-04-27,10.33,10.1,10.37,9.49,1769216,2280147344.0,8.33,-4.36,-0.46,1.51
802,2018-05-02,9.96,10.14,10.23,9.84,646107,847974768.0,3.86,0.4,0.04,0.55
803,2018-05-03,10.12,10.01,10.12,9.77,847435,1099281808.0,3.45,-1.28,-0.13,0.72
804,2018-05-04,10.01,10.0,10.28,9.96,719787,947919456.0,3.2,-0.1,-0.01,0.61
805,2018-05-07,10.1,10.48,10.63,9.97,979354,1309955584.0,6.6,4.8,0.48,0.83
806,2018-05-08,10.51,10.78,11.14,10.43,1145813,1586921472.0,6.77,2.86,0.3,0.98
807,2018-05-09,10.85,10.86,11.04,10.72,648487,902076608.0,2.97,0.74,0.08,0.55
808,2018-05-10,10.96,10.87,11.11,10.65,526399,729432000.0,4.24,0.09,0.01,0.45
809,2018-05-11,10.95,10.67,10.97,10.58,474026,651953984.0,3.59,-1.84,-0.2,0.4
810,2018-05-14,10.8,10.69,10.97,10.48,488781,673618160.0,4.59,0.19,0.02,0.42
811,2018-05-15,10.74,10.93,10.94,10.58,472956,653021136.0,3.37,2.25,0.24,0.4
812,2018-05-16,10.82,10.62,10.9,10.57,489172,673551248.0,3.02,-2.84,-0.31,0.42
813,2018-05-17,10.62,10.57,10.89,10.55,417858,573129984.0,3.2,-0.47,-0.05,0.36
814,2018-05-18,10.6,10.85,10.86,10.49,433132,596533776.0,3.5,2.65,0.28,0.37
815,2018-05-21,10.89,10.72,10.95,10.66,659085,910947952.0,2.67,-1.2,-0.13,0.56
816,2018-05-22,10.73,10.17,10.73,10.02,1420126,1881719920.0,6.62,-5.13,-0.55,1.21
817,2018-05-23,10.09,9.83,10.12,9.82,945601,1227988752.0,2.95,-3.34,-0.34,0.81
818,2018-05-24,9.85,9.67,9.92,9.56,634034,808936448.0,3.66,-1.63,-0.16,0.54
819,2018-05-25,9.68,9.71,9.81,9.5,565588,716620416.0,3.21,0.41,0.04,0.48
820,2018-05-28,9.67,9.57,9.74,9.5,527139,665863456.0,2.47,-1.44,-0.14,0.45
821,2018-05-29,9.51,9.4,9.53,8.89,1479447,1808703072.0,6.69,-1.78,-0.17,1.26
822,2018-05-30,9.19,9.01,9.29,8.99,611802,744381776.0,3.19,-4.15,-0.39,0.52
823,2018-05-31,9.13,9.31,9.41,8.99,718404,878805008.0,4.66,3.33,0.3,0.61
824,2018-06-01,9.29,9.56,9.82,9.25,1170786,1482440272.0,6.12,2.69,0.25,1.0
825,2018-06-04,9.67,10.25,10.35,9.67,1500330,1962471600.0,7.11,7.22,0.69,1.28
826,2018-06-05,10.22,10.36,10.51,10.1,1036820,1383422384.0,4.0,1.07,0.11,0.88
827,2018-06-06,10.36,10.25,10.54,10.17,599206,799934960.0,3.57,-1.06,-0.11,0.51
828,2018-06-07,10.27,10.77,10.85,10.18,1068832,1462024608.0,6.54,5.07,0.52,0.91
829,2018-06-08,10.75,10.43,10.77,10.27,745233,976349184.0,4.64,-3.16,-0.34,0.63
830,2018-06-11,10.34,10.98,11.07,10.26,899057,1212928960.0,7.77,5.27,0.55,0.77
831,2018-06-12,10.98,11.0,11.24,10.81,725904,992923184.0,3.92,0.18,0.02,0.62
832,2018-06-13,10.91,11.06,11.37,10.91,768685,1063833952.0,4.18,0.55,0.06,0.65
833,2018-06-14,11.0,11.02,11.23,10.69,603578,819233648.0,4.88,-0.36,-0.04,0.51
834,2018-06-15,11.05,11.36,11.66,11.05,970631,1366247008.0,5.54,3.09,0.34,0.83
835,2018-06-19,11.12,10.86,11.45,10.72,1377005,1897910256.0,6.43,-4.4,-0.5,1.17
836,2018-06-20,10.83,11.52,11.53,10.73,966376,1337872880.0,7.37,6.08,0.66,0.82
837,2018-06-21,11.45,11.55,12.05,11.31,1090896,1565547552.0,6.42,0.26,0.03,0.93
838,2018-06-22,11.58,11.44,11.76,11.11,746437,1046545536.0,5.63,-0.95,-0.11,0.64
839,2018-06-25,11.57,10.45,11.64,10.39,1254715,1701430224.0,10.93,-8.65,-0.99,1.07
840,2018-06-26,9.97,9.85,10.18,9.57,1468178,1835653968.0,5.84,-5.74,-0.6,1.25
841,2018-06-27,9.85,9.29,9.88,9.01,1553748,1861735440.0,8.83,-5.69,-0.56,1.32
842,2018-06-28,9.07,9.1,9.51,9.02,898031,1066485488.0,5.27,-2.05,-0.19,0.77
843,2018-06-29,9.18,9.57,9.59,9.13,815703,981203808.0,5.05,5.16,0.47,0.7
844,2018-07-02,9.47,8.38,9.49,8.35,1887218,2160586368.0,11.91,-12.43,-1.19,1.61
845,2018-07-03,8.44,8.52,8.62,8.15,1192977,1316603248.0,5.61,1.67,0.14,1.02
846,2018-07-04,8.44,8.2,8.7,8.11,889075,979460928.0,6.92,-3.76,-0.32,0.76
847,2018-07-05,8.21,8.08,8.4,8.0,910442,981985632.0,4.88,-1.46,-0.12,0.78
848,2018-07-06,8.13,7.95,8.17,7.6,1188123,1248048320.0,7.05,-1.61,-0.13,1.01
849,2018-07-09,8.02,8.52,8.55,7.96,1054981,1156354032.0,7.42,7.17,0.57,0.9
850,2018-07-10,8.68,8.66,8.81,8.43,1146535,1288138448.0,4.46,1.64,0.14,0.98
851,2018-07-11,8.37,8.38,8.45,8.06,789567,861302256.0,4.5,-3.23,-0.28,0.67
852,2018-07-12,8.42,8.58,8.73,8.41,896681,1007286656.0,3.82,2.39,0.2,0.76
853,2018-07-13,8.92,8.54,9.0,8.5,973532,1101754720.0,5.83,-0.47,-0.04,0.83
854,2018-07-16,8.58,8.27,8.62,8.07,920742,1000940176.0,6.44,-3.16,-0.27,0.78
855,2018-07-17,8.19,8.3,8.42,8.02,708285,768785216.0,4.84,0.36,0.03,0.6
856,2018-07-18,8.32,7.94,8.36,7.92,891601,956375648.0,5.3,-4.34,-0.36,0.76
857,2018-07-19,8.06,8.03,8.24,7.98,767874,822510752.0,3.27,1.13,0.09,0.65
858,2018-07-20,8.05,8.35,8.55,7.67,1539356,1662629776.0,10.96,3.99,0.32,1.31
859,2018-07-23,8.21,8.96,9.06,8.13,1843258,2087555712.0,11.14,7.31,0.61,1.57
860,2018-07-24,9.1,9.34,9.75,9.07,1949921,2361031840.0,7.59,4.24,0.38,1.66
861,2018-07-25,9.46,9.41,9.57,9.19,667260,802568512.0,4.07,0.75,0.07,0.57
862,2018-07-26,9.52,9.2,9.72,9.15,835568,1001729904.0,6.06,-2.23,-0.21,0.71
863,2018-07-27,9.11,9.19,9.42,8.86,640905,753940976.0,6.09,-0.11,-0.01,0.55
864,2018-07-30,9.15,9.33,9.49,9.02,613260,728883568.0,5.11,1.52,0.14,0.52
865,2018-07-31,9.41,9.5,9.56,9.29,779265,941333392.0,2.89,1.82,0.17,0.66
866,2018-08-01,9.2,8.7,9.2,8.69,1433230,1654786352.0,5.37,-8.42,-0.8,1.22
867,2018-08-02,8.57,8.23,8.59,8.07,980572,1073880064.0,5.98,-5.4,-0.47,0.84
868,2018-08-03,8.25,8.05,8.39,7.99,649289,699349584.0,4.86,-2.19,-0.18,0.55
869,2018-08-06,8.11,7.88,8.14,7.77,734883,776051680.0,4.6,-2.11,-0.17,0.63
870,2018-08-07,7.96,8.38,8.46,7.91,882516,957382912.0,6.98,6.35,0.5,0.75
871,2018-08-08,8.37,8.08,8.64,8.06,760805,836268240.0,6.92,-3.58,-0.3,0.65
872,2018-08-09,8.1,8.9,8.92,8.01,1134624,1273067904.0,11.26,10.15,0.82,0.97
873,2018-08-10,9.07,9.07,9.46,8.94,1216517,1442252224.0,5.84,1.91,0.17,1.04
874,2018-08-13,8.77,8.84,8.91,8.59,782626,889272000.0,3.53,-2.54,-0.23,0.67
875,2018-08-14,8.82,8.43,8.82,8.28,1030885,1143994448.0,6.11,-4.64,-0.41,0.88
876,2018-08-15,8.45,8.25,8.55,8.23,701327,770830160.0,3.8,-2.14,-0.18,0.6
877,2018-08-16,7.98,8.38,8.48,7.93,896695,976198432.0,6.67,1.58,0.13,0.76
878,2018-08-17,8.49,8.32,8.69,8.27,842520,935817520.0,5.01,-0.72,-0.06,0.72
879,2018-08-20,8.42,8.62,8.62,8.3,804629,895957360.0,3.85,3.61,0.3,0.69
880,2018-08-21,8.62,8.81,8.91,8.5,869528,986317328.0,4.76,2.2,0.19,0.74
881,2018-08-22,8.75,8.71,8.84,8.59,446354,506439968.0,2.84,-1.14,-0.1,0.38
882,2018-08-23,8.73,8.67,8.94,8.45,577387,654885376.0,5.63,-0.46,-0.04,0.49
883,2018-08-24,8.63,8.69,8.82,8.46,356358,401719952.0,4.15,0.23,0.02,0.3
884,2018-08-27,8.84,9.37,9.42,8.78,1045167,1229332512.0,7.36,7.83,0.68,0.89
885,2018-08-28,9.27,9.35,9.59,9.24,631085,760423536.0,3.74,-0.21,-0.02,0.54
886,2018-08-29,9.3,9.48,9.72,9.3,598511,728230608.0,4.49,1.39,0.13,0.51
887,2018-08-30,9.41,9.24,9.58,9.21,461719,555576368.0,3.9,-2.53,-0.24,0.39
888,2018-08-31,9.17,9.65,9.81,9.06,943898,1148505264.0,8.12,4.44,0.41,0.8
889,2018-09-03,9.55,9.54,9.81,9.31,692741,841536928.0,5.18,-1.14,-0.11,0.59
890,2018-09-04,9.51,9.73,9.77,9.26,576675,703480528.0,5.35,1.99,0.19,0.49
891,2018-09-05,9.54,9.21,9.65,9.17,673819,807696192.0,4.93,-5.34,-0.52,0.57
892,2018-09-06,9.16,8.8,9.26,8.71,966599,1116473936.0,5.97,-4.45,-0.41,0.82
893,2018-09-07,8.81,8.89,9.15,8.71,726565,838514080.0,5.0,1.02,0.09,0.62
894,2018-09-10,8.92,9.17,9.41,8.92,1127942,1333934192.0,5.51,3.15,0.28,0.96
895,2018-09-11,9.17,9.02,9.25,8.79,621214,722061408.0,5.02,-1.64,-0.15,0.53
896,2018-09-12,9.12,9.04,9.18,8.83,432063,502016992.0,3.88,0.22,0.02,0.37
897,2018-09-13,9.26,9.23,9.32,8.93,572270,672928176.0,4.31,2.1,0.19,0.49
898,2018-09-14,9.23,9.39,9.42,9.03,552761,658336464.0,4.23,1.73,0.16,0.47
899,2018-09-17,9.27,9.34,9.38,9.01,593198,703606048.0,3.94,-0.53,-0.05,0.5
900,2018-09-18,9.25,9.51,9.56,9.15,598227,718929664.0,4.39,1.82,0.17,0.51
901,2018-09-19,9.46,10.08,10.36,9.43,1390287,1762351504.0,9.78,5.99,0.57,1.18
902,2018-09-20,10.03,9.93,10.14,9.82,783344,984485184.0,3.17,-1.49,-0.15,0.67
903,2018-09-21,9.97,10.52,10.7,9.85,1041116,1346273328.0,8.56,5.94,0.59,0.88
904,2018-09-25,10.04,9.73,10.05,9.6,1325935,1652368400.0,4.28,-7.51,-0.79,1.13
905,2018-09-26,9.79,9.77,10.02,9.53,1048093,1304445584.0,5.04,0.41,0.04,0.89
906,2018-09-27,9.76,9.63,9.76,9.53,699647,856929008.0,2.35,-1.43,-0.14,0.59
907,2018-09-28,9.66,9.54,9.88,9.37,1101684,1352427728.0,5.3,-0.93,-0.09,0.94
908,2018-10-08,9.01,8.72,9.17,8.64,1000160,1155440144.0,5.56,-8.6,-0.82,0.85
909,2018-10-09,8.69,8.59,8.76,8.42,606290,679943312.0,3.9,-1.49,-0.13,0.52
910,2018-10-10,8.62,8.72,8.81,8.46,477174,538070176.0,4.07,1.51,0.13,0.41
911,2018-10-11,8.45,8.35,8.62,8.27,785607,868696960.0,4.01,-4.24,-0.37,0.67
912,2018-10-12,8.4,8.74,8.81,8.36,679847,762134048.0,5.39,4.67,0.39,0.58
913,2018-10-15,8.75,8.42,8.75,8.37,484433,538737552.0,4.35,-3.66,-0.32,0.41
914,2018-10-16,8.46,8.07,8.64,7.93,747291,818094704.0,8.43,-4.16,-0.35,0.63
915,2018-10-17,8.2,8.25,8.33,8.09,465579,503935808.0,2.97,2.23,0.18,0.4
916,2018-10-18,8.17,8.03,8.29,7.93,474513,508646736.0,4.36,-2.67,-0.22,0.4
917,2018-10-19,8.02,8.54,8.6,7.94,833534,917864016.0,8.22,6.35,0.51,0.71
918,2018-10-22,8.72,9.04,9.18,8.72,1006497,1169609856.0,5.39,5.85,0.5,0.86
919,2018-10-23,9.02,8.69,9.12,8.63,587574,674835664.0,5.42,-3.87,-0.35,0.5
920,2018-10-24,8.73,8.88,9.16,8.68,588719,681005888.0,5.52,2.19,0.19,0.5
921,2018-10-25,8.67,9.52,9.52,8.53,1251851,1486403056.0,11.15,7.21,0.64,1.06
922,2018-10-26,9.5,9.77,10.17,9.45,1335844,1656407024.0,7.56,2.63,0.25,1.13
923,2018-10-29,9.85,9.45,9.95,9.12,976843,1185186464.0,8.5,-3.28,-0.32,0.83
924,2018-10-30,9.67,9.68,9.94,9.29,983967,1207182064.0,6.88,2.43,0.23,0.84
925,2018-10-31,9.71,9.97,10.17,9.43,743213,926979680.0,7.64,3.0,0.29,0.63
926,2018-11-01,10.31,10.21,10.62,10.07,1019789,1322388640.0,5.52,2.41,0.24,0.87
927,2018-11-02,10.56,10.06,10.63,9.77,1353920,1714463808.0,8.42,-1.47,-0.15,1.15
928,2018-11-05,9.82,9.65,9.88,9.47,871013,1066967136.0,4.08,-4.08,-0.41,0.74
929,2018-11-06,9.62,9.87,9.88,9.49,669019,827509200.0,4.04,2.28,0.22,0.57
930,2018-11-07,9.85,9.76,9.97,9.65,442436,549844256.0,3.24,-1.11,-0.11,0.38
931,2018-11-08,9.85,9.75,10.02,9.68,415081,518211824.0,3.48,-0.1,-0.01,0.35
932,2018-11-09,9.63,9.55,9.87,9.53,432772,532443184.0,3.49,-2.05,-0.2,0.37
933,2018-11-12,9.53,9.72,9.79,9.47,512830,629213392.0,3.35,1.78,0.17,0.44
934,2018-11-13,9.51,9.84,9.87,9.49,360530,444961264.0,3.91,1.23,0.12,0.31
935,2018-11-14,9.97,9.98,10.28,9.92,705833,896207536.0,3.66,1.42,0.14,0.6
936,2018-11-15,9.97,10.14,10.15,9.88,298942,378873328.0,2.71,1.6,0.16,0.25
937,2018-11-16,10.07,10.37,10.52,9.96,606043,781154448.0,5.52,2.27,0.23,0.51
938,2018-11-19,10.37,10.89,10.95,10.37,869886,1168329680.0,5.59,5.01,0.52,0.74
939,2018-11-20,10.76,10.66,11.05,10.48,625127,837325232.0,5.23,-2.11,-0.23,0.53
940,2018-11-21,10.54,10.79,11.04,10.49,530215,715311184.0,5.16,1.22,0.13,0.45
941,2018-11-22,10.79,10.59,10.83,10.4,392412,517070016.0,3.99,-1.85,-0.2,0.33
942,2018-11-23,10.55,10.37,10.61,10.13,377939,490109536.0,4.53,-2.08,-0.22,0.32
943,2018-11-26,10.46,10.42,10.82,10.18,483615,635003072.0,6.17,0.48,0.05,0.41
944,2018-11-27,10.41,10.16,10.46,10.12,331394,426978576.0,3.26,-2.5,-0.26,0.28
945,2018-11-28,10.18,10.73,10.73,10.17,462933,609406432.0,5.51,5.61,0.57,0.39
946,2018-11-29,10.82,10.28,10.95,10.25,566482,742349056.0,6.52,-4.19,-0.45,0.48
947,2018-11-30,10.28,10.47,10.49,10.11,340802,441437104.0,3.7,1.85,0.19,0.29
948,2018-12-03,10.73,10.47,10.82,10.04,1183893,1535267984.0,7.45,0.0,0.0,1.01
949,2018-12-04,10.36,10.05,10.36,9.83,1105532,1398336512.0,5.06,-4.01,-0.42,0.94
950,2018-12-05,9.88,10.1,10.24,9.83,612130,780005360.0,4.08,0.5,0.05,0.52
951,2018-12-06,9.9,10.05,10.15,9.9,428102,541810944.0,2.48,-0.5,-0.05,0.36
952,2018-12-07,10.0,10.05,10.28,9.98,434373,555229440.0,2.99,0.0,0.0,0.37
953,2018-12-10,10.0,9.81,10.16,9.7,451709,566725888.0,4.58,-2.39,-0.24,0.38
954,2018-12-11,9.86,10.17,10.21,9.83,583444,742678720.0,3.87,3.67,0.36,0.5
955,2018-12-12,10.35,10.26,10.59,10.2,715417,933727600.0,3.83,0.88,0.09,0.61
956,2018-12-13,10.47,10.7,10.83,10.42,799023,1060495232.0,4.0,4.29,0.44,0.68
957,2018-12-14,10.67,10.37,10.72,10.35,462715,606280272.0,3.46,-3.08,-0.33,0.39
958,2018-12-17,10.32,10.37,10.43,10.18,432350,558666592.0,2.41,0.0,0.0,0.37
959,2018-12-18,10.2,9.9,10.32,9.86,603214,762275008.0,4.44,-4.53,-0.47,0.51
960,2018-12-19,10.05,9.83,10.2,9.81,440800,555359248.0,3.94,-0.71,-0.07,0.37
961,2018-12-20,9.9,9.74,10.03,9.58,593021,736034144.0,4.58,-0.92,-0.09,0.5
962,2018-12-21,9.64,9.32,9.71,8.9,971768,1146484544.0,8.32,-4.31,-0.42,0.83
963,2018-12-24,9.12,9.34,9.37,8.98,667426,787494272.0,4.18,0.21,0.02,0.57
964,2018-12-25,9.12,9.3,9.37,9.04,535472,634855104.0,3.53,-0.43,-0.04,0.45
965,2018-12-26,9.24,9.18,9.33,8.99,429742,506431872.0,3.66,-1.29,-0.12,0.37
966,2018-12-27,9.34,9.12,9.51,9.12,439138,524866096.0,4.25,-0.65,-0.06,0.37
967,2018-12-28,9.19,9.16,9.32,9.07,472493,557747152.0,2.74,0.44,0.04,0.4
968,2019-01-02,9.11,9.08,9.2,8.89,379729,442113168.0,3.38,-0.87,-0.08,0.32
969,2019-01-03,9.04,9.27,9.37,8.98,550014,652972496.0,4.3,2.09,0.19,0.47
970,2019-01-04,9.17,9.6,9.65,9.12,567342,687405136.0,5.72,3.56,0.33,0.48
971,2019-01-07,9.77,9.53,9.84,9.43,533576,653129472.0,4.27,-0.73,-0.07,0.45
972,2019-01-08,9.55,9.36,9.56,9.09,432136,515249472.0,4.93,-1.78,-0.17,0.37
973,2019-01-09,9.41,9.51,9.71,9.29,640844,780799360.0,4.49,1.6,0.15,0.54
974,2019-01-10,9.44,9.37,9.47,9.31,388900,467133200.0,1.68,-1.47,-0.14,0.33
975,2019-01-11,9.42,9.36,9.49,9.27,459695,551480528.0,2.35,-0.11,-0.01,0.39
976,2019-01-14,9.27,9.14,9.31,9.02,485894,571306656.0,3.1,-2.35,-0.22,0.41
977,2019-01-15,9.15,9.05,9.15,8.6,1101272,1268997440.0,6.02,-0.98,-0.09,0.94
978,2019-01-16,9.01,9.23,9.27,8.87,592801,694962944.0,4.42,1.99,0.18,0.5
979,2019-01-17,9.25,9.14,9.32,9.09,446022,528197664.0,2.49,-0.98,-0.09,0.38
980,2019-01-18,9.21,9.44,9.47,9.12,599464,717710496.0,3.83,3.28,0.3,0.51
981,2019-01-21,9.43,9.41,9.6,9.22,578158,696217040.0,4.03,-0.32,-0.03,0.49
982,2019-01-22,9.37,9.42,9.65,9.32,596991,723564960.0,3.51,0.11,0.01,0.51
983,2019-01-23,9.4,9.28,9.46,9.24,354313,423580736.0,2.34,-1.49,-0.14,0.3
984,2019-01-24,9.31,9.31,9.37,9.1,347618,413124400.0,2.91,0.32,0.03,0.3
985,2019-01-25,9.41,9.67,9.88,9.3,869353,1064300880.0,6.23,3.87,0.36,0.74
986,2019-01-28,9.73,9.61,9.91,9.52,455278,560901136.0,4.03,-0.62,-0.06,0.39
987,2019-01-29,9.61,9.96,10.01,9.51,732932,910050928.0,5.2,3.64,0.35,0.62
988,2019-01-30,9.87,10.07,10.45,9.85,897207,1145865792.0,6.02,1.1,0.11,0.76
989,2019-01-31,10.2,10.25,10.31,10.01,632213,810139712.0,2.98,1.79,0.18,0.54
990,2019-02-01,10.33,10.24,10.37,9.93,687436,874516368.0,4.29,-0.1,-0.01,0.58
991,2019-02-11,10.07,10.23,10.31,9.84,645344,821683056.0,4.59,-0.1,-0.01,0.55
992,2019-02-12,10.16,10.24,10.24,9.96,580780,740896800.0,2.74,0.1,0.01,0.49
993,2019-02-13,10.21,10.65,10.65,10.14,840462,1094870224.0,4.98,4.0,0.41,0.71
994,2019-02-14,10.52,10.75,10.8,10.49,717021,952450448.0,2.91,0.94,0.1,0.61
995,2019-02-15,10.65,10.04,10.65,10.01,1105551,1423034144.0,5.95,-6.6,-0.71,0.94
996,2019-02-18,10.2,10.32,10.34,10.07,991748,1273962864.0,2.69,2.79,0.28,0.84
997,2019-02-19,10.39,10.16,10.47,10.07,1184059,1519823104.0,3.88,-1.55,-0.16,1.01
998,2019-02-20,10.2,10.51,10.65,10.09,1409715,1844018560.0,5.51,3.44,0.35,1.2
999,2019-02-21,10.44,10.23,10.45,10.15,920373,1188542720.0,2.85,-2.66,-0.28,0.78
1000,2019-02-22,10.18,10.26,10.3,9.98,864891,1103474304.0,3.13,0.29,0.03,0.73
1001,2019-02-25,10.34,10.99,11.06,10.27,2168062,2863403808.0,7.7,7.12,0.73,1.84
1002,2019-02-26,10.87,10.6,11.05,10.55,1969378,2641693488.0,4.55,-3.55,-0.39,1.67
1003,2019-02-27,10.63,10.67,11.0,10.48,1479287,1968538304.0,4.91,0.66,0.07,1.26
1004,2019-02-28,10.62,10.58,10.91,10.46,1220320,1623769152.0,4.22,-0.84,-0.09,1.04
1005,2019-03-01,10.68,10.72,10.73,10.37,1224368,1612231040.0,3.4,1.32,0.14,1.04
1006,2019-03-04,10.77,11.27,11.7,10.76,2891193,3999716704.0,8.77,5.13,0.55,2.46
1007,2019-03-05,11.27,11.53,11.79,11.17,1802566,2545096448.0,5.5,2.31,0.26,1.53
1008,2019-03-06,11.55,11.36,11.64,11.09,1238907,1725958256.0,4.77,-1.47,-0.17,1.05
1009,2019-03-07,11.32,10.9,11.32,10.69,1662140,2256309808.0,5.55,-4.05,-0.46,1.41
1010,2019-03-08,10.59,10.41,10.9,10.35,1545610,2042362304.0,5.05,-4.5,-0.49,1.31
1011,2019-03-11,10.21,10.4,10.49,9.96,1576937,2021084624.0,5.09,-0.1,-0.01,1.34
1012,2019-03-12,10.57,10.4,10.62,10.27,1272281,1667395616.0,3.37,0.0,0.0,1.08
1013,2019-03-13,10.37,10.62,10.86,10.12,1745308,2296227664.0,7.12,2.12,0.22,1.48
1014,2019-03-14,10.53,10.62,10.99,10.5,1229838,1640526160.0,4.61,0.0,0.0,1.04
1015,2019-03-15,10.63,11.15,11.15,10.52,1839419,2493944320.0,5.93,4.99,0.53,1.56
1016,2019-03-18,11.23,11.77,11.94,11.04,2123306,3003864432.0,8.07,5.56,0.62,1.8
1017,2019-03-19,11.77,11.61,12.13,11.47,1363653,1961203264.0,5.61,-1.36,-0.16,1.16
1018,2019-03-20,11.61,11.74,11.85,11.35,1285748,1826548976.0,4.31,1.12,0.13,1.09
1019,2019-03-21,11.73,11.51,11.97,11.4,1232855,1759045744.0,4.86,-1.96,-0.23,1.05
1020,2019-03-22,11.45,11.31,11.5,11.13,893041,1241623728.0,3.21,-1.74,-0.2,0.76
1021,2019-03-25,11.08,10.83,11.12,10.81,1064699,1447478144.0,2.74,-4.24,-0.48,0.9
1022,2019-03-26,10.87,10.7,11.07,10.65,1007494,1357330864.0,3.88,-1.2,-0.13,0.86
1023,2019-03-27,10.87,11.06,11.07,10.73,1045423,1416069664.0,3.18,3.36,0.36,0.89
1024,2019-03-28,10.96,10.75,11.11,10.75,995390,1342842608.0,3.25,-2.8,-0.31,0.85
1025,2019-03-29,10.83,11.61,11.62,10.73,1858685,2581967728.0,8.28,8.0,0.86,1.58
1026,2019-04-01,11.82,12.04,12.45,11.7,2115332,3113784512.0,6.46,3.7,0.43,1.8
1027,2019-04-02,12.05,11.81,12.05,11.73,1297844,1879809728.0,2.66,-1.91,-0.23,1.1
1028,2019-04-03,11.75,11.98,12.03,11.64,1064173,1541041056.0,3.3,1.44,0.17,0.9
1029,2019-04-04,12.0,11.92,12.24,11.76,1223665,1788480912.0,4.01,-0.5,-0.06,1.04
1030,2019-04-08,11.97,11.83,12.25,11.66,1204750,1758585472.0,4.95,-0.76,-0.09,1.02
1031,2019-04-09,12.12,12.29,12.31,11.83,1678968,2479627056.0,4.06,3.89,0.46,1.43
1032,2019-04-10,12.13,12.02,12.18,11.8,1128013,1648923872.0,3.09,-2.2,-0.27,0.96
1033,2019-04-11,11.97,11.57,12.19,11.51,1055214,1518603296.0,5.66,-3.74,-0.45,0.9
1034,2019-04-12,11.6,11.27,11.64,11.17,1218597,1702005984.0,4.06,-2.59,-0.3,1.04
1035,2019-04-15,11.58,11.21,11.73,11.2,1313612,1857762480.0,4.7,-0.53,-0.06,1.12
1036,2019-04-16,11.24,11.85,11.9,10.97,1445195,2029727568.0,8.3,5.71,0.64,1.23
1037,2019-04-17,11.77,11.56,11.84,11.47,925470,1318532736.0,3.12,-2.45,-0.29,0.79
1038,2019-04-18,11.54,11.37,11.56,11.22,1028735,1436700832.0,2.94,-1.64,-0.19,0.87
1039,2019-04-19,11.37,11.57,11.6,11.28,721935,1016782320.0,2.81,1.76,0.2,0.61
1040,2019-04-22,11.34,10.77,11.34,10.75,1912376,2601127888.0,5.1,-6.91,-0.8,1.62
1041,2019-04-23,10.8,10.77,10.92,10.73,1004087,1351191760.0,1.76,0.0,0.0,0.85
1042,2019-04-24,10.82,10.73,10.88,10.57,903313,1205023344.0,2.88,-0.37,-0.04,0.77
1043,2019-04-25,10.74,10.67,10.87,10.66,827301,1108081600.0,1.96,-0.56,-0.06,0.7
1044,2019-04-26,10.65,10.61,10.79,10.53,692306,920828528.0,2.44,-0.56,-0.06,0.59
1045,2019-04-29,10.7,10.83,10.97,10.67,1016601,1368712736.0,2.83,2.07,0.22,0.86
1046,2019-04-30,10.75,10.86,10.88,10.58,643243,861313408.0,2.77,0.28,0.03,0.55
1047,2019-05-06,10.45,10.2,10.65,10.05,1058708,1369624736.0,5.52,-6.08,-0.66,0.9
1048,2019-05-07,10.35,10.31,10.44,10.2,683262,884282560.0,2.35,1.08,0.11,0.58
1049,2019-05-08,10.17,10.21,10.35,10.12,479785,616849744.0,2.23,-0.97,-0.1,0.41
1050,2019-05-09,10.17,9.88,10.27,9.8,734587,924687392.0,4.6,-3.23,-0.33,0.62
1051,2019-05-10,10.0,10.34,10.38,9.89,815906,1044398768.0,4.96,4.66,0.46,0.69
1052,2019-05-13,10.06,10.18,10.27,9.97,463485,592168272.0,2.9,-1.55,-0.16,0.39
1053,2019-05-14,10.07,10.21,10.42,10.0,610992,786388944.0,4.13,0.29,0.03,0.52
1054,2019-05-15,10.3,10.32,10.49,10.27,671913,875114848.0,2.15,1.08,0.11,0.57
1055,2019-05-16,10.29,10.35,10.38,10.23,580134,750082768.0,1.45,0.29,0.03,0.49
1056,2019-05-17,10.35,9.99,10.37,9.95,501025,639051456.0,4.06,-3.48,-0.36,0.43
1057,2019-05-20,10.06,9.94,10.15,9.82,483749,608849056.0,3.3,-0.5,-0.05,0.41
1058,2019-05-21,9.96,10.07,10.16,9.93,420080,533905504.0,2.31,1.31,0.13,0.36
1059,2019-05-22,10.07,10.11,10.25,10.04,490882,627153600.0,2.09,0.4,0.04,0.42
1060,2019-05-23,10.06,9.94,10.09,9.77,460322,578527968.0,3.17,-1.68,-0.17,0.39
1061,2019-05-24,10.01,9.94,10.13,9.91,356418,449888784.0,2.21,0.0,0.0,0.3
1062,2019-05-27,9.93,10.05,10.06,9.69,620904,776928080.0,3.72,1.11,0.11,0.53
1063,2019-05-28,10.12,10.25,10.25,9.98,664819,817200112.0,2.69,1.99,0.2,0.56
1064,2019-05-29,10.11,10.1,10.22,10.08,329527,404118816.0,1.37,-1.46,-0.15,0.28
1065,2019-05-30,10.14,10.04,10.14,9.91,343177,416298832.0,2.28,-0.59,-0.06,0.29
1066,2019-05-31,10.02,10.03,10.16,9.97,331341,404713712.0,1.89,-0.1,-0.01,0.28
1067,2019-06-03,10.09,10.05,10.21,9.97,385664,470712384.0,2.39,0.2,0.02,0.33
1068,2019-06-04,10.08,10.02,10.12,9.93,306615,371483600.0,1.89,-0.3,-0.03,0.26
1069,2019-06-05,10.16,10.43,10.64,10.08,973205,1218246272.0,5.59,4.09,0.41,0.83
1070,2019-06-06,10.44,10.41,10.61,10.4,535169,675549552.0,2.01,-0.19,-0.02,0.45
1071,2019-06-10,10.55,10.66,10.83,10.43,601311,771689584.0,3.84,2.4,0.25,0.51
1072,2019-06-11,10.66,10.8,10.87,10.65,613210,791877392.0,2.06,1.31,0.14,0.52
1073,2019-06-12,10.75,10.71,10.77,10.56,424334,542440816.0,1.94,-0.83,-0.09,0.36
1074,2019-06-13,10.67,10.6,10.71,10.52,401624,510968224.0,1.77,-1.03,-0.11,0.34
1075,2019-06-14,10.67,10.75,10.85,10.65,642868,828772288.0,1.89,1.42,0.15,0.55
1076,2019-06-17,10.66,10.71,10.78,10.55,314242,403423456.0,2.14,-0.37,-0.04,0.27
1077,2019-06-18,10.72,10.67,10.75,10.48,337015,429285520.0,2.52,-0.37,-0.04,0.29
1078,2019-06-19,10.89,10.71,10.96,10.66,502012,648069168.0,2.81,0.37,0.04,0.43
1079,2019-06-20,10.72,11.07,11.08,10.65,853451,1116597104.0,4.01,3.36,0.36,0.72
1080,2019-06-21,11.0,10.88,11.11,10.85,704596,921390656.0,2.35,-1.72,-0.19,0.59
1081,2019-06-24,10.87,10.93,10.95,10.75,460789,597753456.0,1.84,0.46,0.05,0.39
1082,2019-06-25,10.91,10.75,10.96,10.65,533459,687667696.0,2.84,-1.65,-0.18,0.45
1083,2019-06-26,10.73,10.64,10.75,10.58,498252,636691536.0,1.58,-1.02,-0.11,0.42
1084,2019-06-27,10.67,10.69,10.77,10.64,594196,762495232.0,1.22,0.47,0.05,0.5
1085,2019-06-28,10.7,10.63,10.72,10.56,365155,466515424.0,1.5,-0.56,-0.06,0.31
1086,2019-07-01,10.76,10.89,10.94,10.71,782770,1015560560.0,2.16,2.45,0.26,0.66
1087,2019-07-02,10.87,11.07,11.08,10.8,709971,927765376.0,2.57,1.65,0.18,0.6
1088,2019-07-03,11.07,11.23,11.42,10.92,1315395,1757682496.0,4.52,1.45,0.16,1.11
1089,2019-07-04,11.24,11.51,11.83,11.24,1438880,1973560064.0,5.25,2.49,0.28,1.21
1090,2019-07-05,11.43,11.41,11.58,11.31,738328,1001282960.0,2.35,-0.87,-0.1,0.62
1091,2019-07-08,11.34,11.31,11.75,11.12,1191106,1611682688.0,5.52,-0.88,-0.1,1.0
1092,2019-07-09,11.35,11.35,11.69,11.29,955020,1300326016.0,3.54,0.35,0.04,0.8
1093,2019-07-10,11.47,11.33,11.53,11.24,649738,877193776.0,2.56,-0.18,-0.02,0.55
1094,2019-07-11,11.44,11.34,11.52,11.26,534942,724119392.0,2.29,0.09,0.01,0.45
1095,2019-07-12,11.34,11.42,11.53,11.3,582871,791054208.0,2.03,0.71,0.08,0.49
1096,2019-07-15,11.32,11.22,11.34,11.02,884748,1177342704.0,2.8,-1.75,-0.2,0.74
1097,2019-07-16,11.24,11.39,11.48,11.2,604487,815946288.0,2.5,1.52,0.17,0.51
1098,2019-07-17,11.3,11.43,11.56,11.28,464389,631217584.0,2.46,0.35,0.04,0.39
1099,2019-07-18,11.42,11.42,11.53,11.28,422272,571824816.0,2.19,-0.09,-0.01,0.35
1100,2019-07-19,12.09,12.25,12.31,11.86,2010708,2863841920.0,3.94,7.27,0.83,1.69
1101,2019-07-22,12.27,12.37,12.72,12.26,1202744,1755616208.0,3.76,0.98,0.12,1.01
1102,2019-07-23,12.35,12.17,12.43,12.06,932370,1336611184.0,2.99,-1.62,-0.2,0.78
1103,2019-07-24,12.25,12.18,12.34,12.08,707628,1014815872.0,2.14,0.08,0.01,0.59
1104,2019-07-25,12.23,12.23,12.24,11.98,597926,851871600.0,2.13,0.41,0.05,0.5
1105,2019-07-26,12.07,12.35,12.44,12.04,622115,894547360.0,3.27,0.98,0.12,0.52
1106,2019-07-29,12.31,12.34,12.43,12.27,488346,707654640.0,1.3,-0.08,-0.01,0.41
1107,2019-07-30,12.33,12.49,12.58,12.33,490532,718213600.0,2.03,1.22,0.15,0.41
1108,2019-07-31,12.3,12.08,12.3,11.94,996818,1415628688.0,2.88,-3.28,-0.41,0.84
1109,2019-08-01,11.97,11.7,12.09,11.62,1050506,1461716640.0,3.89,-3.15,-0.38,0.88
1110,2019-08-02,11.47,11.69,11.79,11.42,829015,1136926192.0,3.16,-0.09,-0.01,0.7
1111,2019-08-05,11.58,11.26,11.64,11.25,698338,945838672.0,3.34,-3.68,-0.43,0.59
1112,2019-08-06,11.07,11.4,11.55,11.04,850295,1141787360.0,4.53,1.24,0.14,0.71
1113,2019-08-07,11.48,11.59,11.79,11.45,607268,837084944.0,2.98,1.67,0.19,0.51
1114,2019-08-08,11.72,11.63,11.75,11.59,377534,521081248.0,1.38,0.35,0.04,0.32
1115,2019-08-09,11.66,11.38,11.72,11.3,512214,696415648.0,3.61,-2.15,-0.25,0.43
1116,2019-08-12,11.41,11.79,11.82,11.34,540229,745514576.0,4.22,3.6,0.41,0.45
1117,2019-08-13,11.64,11.55,11.78,11.45,455696,624585616.0,2.8,-2.04,-0.24,0.38
1118,2019-08-14,11.79,11.5,11.82,11.43,477054,653605856.0,3.38,-0.43,-0.05,0.4
1119,2019-08-15,11.33,11.82,11.84,11.3,471227,650097456.0,4.7,2.78,0.32,0.4
1120,2019-08-16,11.85,11.72,11.98,11.7,407647,569573744.0,2.37,-0.85,-0.1,0.34
1121,2019-08-19,11.94,12.15,12.17,11.78,665566,941601760.0,3.33,3.67,0.43,0.56
1122,2019-08-20,12.08,12.32,12.51,12.06,758149,1095612176.0,3.7,1.4,0.17,0.64
1123,2019-08-21,12.23,12.41,12.57,12.23,480574,700621504.0,2.76,0.73,0.09,0.4
1124,2019-08-22,12.41,12.23,12.56,12.12,501135,722405792.0,3.55,-1.45,-0.18,0.42
1125,2019-08-23,12.35,12.34,12.49,12.2,539078,780654624.0,2.37,0.9,0.11,0.45
1126,2019-08-26,11.99,12.31,12.4,11.97,572154,819776256.0,3.48,-0.24,-0.03,0.48
1127,2019-08-27,12.39,12.24,12.43,12.21,683893,986029184.0,1.79,-0.57,-0.07,0.57
1128,2019-08-28,12.22,12.12,12.28,12.0,416008,593539792.0,2.29,-0.98,-0.12,0.35
1129,2019-08-29,12.1,11.58,12.2,11.34,1036089,1431652896.0,7.1,-4.46,-0.54,0.87
1130,2019-08-30,11.7,11.32,11.71,11.21,967404,1308321072.0,4.32,-2.25,-0.26,0.81
1131,2019-09-02,11.23,11.35,11.42,11.18,920111,1234753376.0,2.12,0.27,0.03,0.77
1132,2019-09-03,11.37,11.17,11.37,11.04,900089,1198843616.0,2.91,-1.59,-0.18,0.76
1133,2019-09-04,11.17,11.74,11.76,11.17,1320131,1792830368.0,5.28,5.1,0.57,1.11
1134,2019-09-05,11.7,11.58,11.92,11.45,1592127,2198473424.0,4.0,-1.36,-0.16,1.34
1135,2019-09-06,11.58,11.64,11.68,11.28,913927,1244010320.0,3.45,0.52,0.06,0.77
1136,2019-09-09,11.69,11.94,11.97,11.69,1097162,1534747856.0,2.41,2.58,0.3,0.92
1137,2019-09-10,11.95,11.86,11.95,11.72,498684,694778272.0,1.93,-0.67,-0.08,0.42
1138,2019-09-11,11.87,11.82,11.9,11.7,520801,724790336.0,1.69,-0.34,-0.04,0.44
1139,2019-09-12,11.97,12.51,12.56,11.97,1492051,2162818400.0,4.99,5.84,0.69,1.25
1140,2019-09-16,12.61,12.34,12.65,12.26,931976,1356444640.0,3.12,-1.36,-0.17,0.78
1141,2019-09-17,12.31,12.35,12.55,12.22,662425,960128928.0,2.67,0.08,0.01,0.56
1142,2019-09-18,12.42,12.72,12.9,12.3,983424,1459117088.0,4.86,3.0,0.37,0.83
1143,2019-09-19,12.72,12.68,12.78,12.53,496236,733501600.0,1.97,-0.31,-0.04,0.42
1144,2019-09-20,12.68,12.45,12.73,12.38,740446,1082523440.0,2.76,-1.81,-0.23,0.62
1145,2019-09-23,12.43,12.35,12.52,12.25,548745,796032608.0,2.17,-0.8,-0.1,0.46
1146,2019-09-24,12.35,12.26,12.48,12.24,429566,621992448.0,1.94,-0.73,-0.09,0.36
1147,2019-09-25,12.23,12.22,12.33,12.05,428593,615420816.0,2.28,-0.33,-0.04,0.36
1148,2019-09-26,12.27,12.33,12.69,12.26,696315,1014551328.0,3.52,0.9,0.11,0.58
1149,2019-09-27,12.33,12.11,12.36,12.0,487067,694679488.0,2.92,-1.78,-0.22,0.41
1150,2019-09-30,12.06,12.17,12.31,12.03,383959,550671600.0,2.31,0.5,0.06,0.32
1151,2019-10-08,12.22,12.98,13.27,12.22,1410945,2117779904.0,8.63,6.66,0.81,1.18
1152,2019-10-09,12.95,13.54,13.82,12.94,1262828,1961012496.0,6.78,4.31,0.56,1.06
1153,2019-10-10,13.57,13.52,13.72,13.31,914657,1427247856.0,3.03,-0.15,-0.02,0.77
1154,2019-10-11,13.56,13.58,13.77,13.4,901212,1411611200.0,2.74,0.44,0.06,0.76
1155,2019-10-14,13.62,13.47,13.88,13.41,875186,1379121968.0,3.46,-0.81,-0.11,0.73
1156,2019-10-15,13.47,13.47,13.74,13.38,514974,805488816.0,2.67,0.0,0.0,0.43
1157,2019-10-16,13.54,13.67,14.31,13.5,1075893,1721070368.0,6.01,1.48,0.2,0.9
1158,2019-10-17,13.67,13.55,13.75,13.42,453039,710915872.0,2.41,-0.88,-0.12,0.38
1159,2019-10-18,13.6,13.19,13.94,13.16,694966,1080881792.0,5.76,-2.66,-0.36,0.58
1160,2019-10-21,13.32,13.65,13.86,13.27,847280,1333574128.0,4.47,3.49,0.46,0.71
1161,2019-10-22,13.71,13.56,13.73,13.26,621136,965606272.0,3.44,-0.66,-0.09,0.52
1162,2019-10-23,13.47,13.19,13.49,13.08,572632,878572912.0,3.02,-2.73,-0.37,0.48
1163,2019-10-24,13.26,13.25,13.41,13.07,481818,740742352.0,2.58,0.45,0.06,0.4
1164,2019-10-25,13.33,13.4,13.46,13.1,484974,748099200.0,2.72,1.13,0.15,0.41
1165,2019-10-28,13.17,12.77,13.17,12.68,1351748,2015911840.0,3.66,-4.7,-0.63,1.13
1166,2019-10-29,12.74,12.56,12.74,12.47,812734,1195363504.0,2.11,-1.64,-0.21,0.68
1167,2019-10-30,12.49,12.46,12.75,12.33,855843,1250727248.0,3.34,-0.8,-0.1,0.72
1168,2019-10-31,12.46,12.28,12.57,12.15,742870,1071580656.0,3.37,-1.44,-0.18,0.62
1169,2019-11-01,12.27,12.69,12.77,12.11,903559,1321371968.0,5.37,3.34,0.41,0.76
1170,2019-11-04,12.72,12.66,12.76,12.45,740540,1089496448.0,2.44,-0.24,-0.03,0.62
1171,2019-11-05,12.73,12.84,13.02,12.44,950300,1416397072.0,4.58,1.42,0.18,0.8
1172,2019-11-06,12.77,12.54,12.77,12.51,676751,997133200.0,2.02,-2.34,-0.3,0.57
1173,2019-11-07,12.51,12.62,12.7,12.46,433258,637817808.0,1.91,0.64,0.08,0.36
1174,2019-11-08,12.7,12.49,12.75,12.48,517417,760772560.0,2.14,-1.03,-0.13,0.43
1175,2019-11-11,12.37,11.99,12.39,11.92,1049417,1489032960.0,3.76,-4.0,-0.5,0.88
1176,2019-11-12,12.06,12.03,12.14,11.91,467099,661163392.0,1.92,0.33,0.04,0.39
1177,2019-11-13,12.09,12.05,12.1,11.93,374015,528910784.0,1.41,0.17,0.02,0.31
1178,2019-11-14,12.07,12.01,12.11,11.96,387840,549268032.0,1.24,-0.33,-0.04,0.33
1179,2019-11-15,12.02,11.92,12.09,11.85,562531,791687280.0,2.0,-0.75,-0.09,0.47
1180,2019-11-18,11.9,12.01,12.18,11.71,852205,1203369088.0,3.94,0.76,0.09,0.71
1181,2019-11-19,12.01,12.37,12.42,11.97,757735,1093039856.0,3.75,3.0,0.36,0.64
1182,2019-11-20,12.3,12.23,12.48,12.2,510314,737324016.0,2.26,-1.13,-0.14,0.43
1183,2019-11-21,12.07,12.16,12.23,11.97,583664,830982032.0,2.13,-0.57,-0.07,0.49
1184,2019-11-22,12.17,12.24,12.29,12.0,540090,771302064.0,2.38,0.66,0.08,0.45
1185,2019-11-25,12.32,12.72,12.88,12.31,1194585,1769638720.0,4.66,3.92,0.48,1.0
1186,2019-11-26,12.77,12.64,12.79,12.5,644298,949551328.0,2.28,-0.63,-0.08,0.54
1187,2019-11-27,12.56,12.53,12.68,12.42,413541,606956576.0,2.06,-0.87,-0.11,0.35
1188,2019-11-28,12.54,12.27,12.58,12.17,416358,603083824.0,3.27,-2.08,-0.26,0.35
1189,2019-11-29,12.21,12.3,12.42,12.12,371020,534223840.0,2.44,0.24,0.03,0.31
1190,2019-12-02,12.37,12.83,12.9,12.37,1030915,1532240272.0,4.31,4.31,0.53,0.86
1191,2019-12-03,12.76,12.83,12.99,12.65,701814,1049780384.0,2.65,0.0,0.0,0.59
1192,2019-12-04,12.76,12.75,12.81,12.59,452036,670892176.0,1.71,-0.62,-0.08,0.38
1193,2019-12-05,12.82,12.77,12.83,12.54,501579,743512512.0,2.27,0.16,0.02,0.42
1194,2019-12-06,12.75,12.85,12.85,12.63,373774,556270496.0,1.72,0.63,0.08,0.31
1195,2019-12-09,12.85,13.41,13.44,12.84,1052308,1612492096.0,4.67,4.36,0.56,0.88
1196,2019-12-10,13.25,13.34,13.44,13.15,557049,860920080.0,2.16,-0.52,-0.07,0.47
1197,2019-12-11,13.45,13.45,13.68,13.18,642241,1000398144.0,3.75,0.82,0.11,0.54
1198,2019-12-12,13.45,13.22,13.57,13.09,559303,860957808.0,3.57,-1.71,-0.23,0.47
1199,2019-12-13,13.41,13.57,13.7,13.39,864991,1356847696.0,2.34,2.65,0.35,0.72
1200,2019-12-16,13.47,13.56,13.58,13.21,899678,1393641792.0,2.73,-0.07,-0.01,0.75
1201,2019-12-17,13.49,13.86,14.22,13.39,1214688,1943774464.0,6.12,2.21,0.3,1.02
1202,2019-12-18,13.82,13.73,13.97,13.65,599438,952946352.0,2.31,-0.94,-0.13,0.5
1203,2019-12-19,13.72,13.73,14.0,13.66,517779,825644144.0,2.48,0.0,0.0,0.43
1204,2019-12-20,13.77,13.87,14.02,13.72,631272,1011640720.0,2.18,1.02,0.14,0.53
1205,2019-12-23,13.84,13.51,14.01,13.43,700983,1107956704.0,4.18,-2.6,-0.36,0.59
1206,2019-12-24,13.51,13.28,13.59,13.17,684881,1053329760.0,3.11,-1.7,-0.23,0.57
1207,2019-12-25,13.24,13.17,13.31,13.01,644191,982580384.0,2.26,-0.83,-0.11,0.54
1208,2019-12-26,13.28,13.78,13.86,13.25,992783,1565642288.0,4.63,4.63,0.61,0.83
1209,2019-12-27,13.71,13.74,14.0,13.67,708063,1129431904.0,2.39,-0.29,-0.04,0.59
1210,2019-12-30,14.04,14.14,14.14,13.73,782131,1259886288.0,2.98,2.91,0.4,0.66
1211,2019-12-31,14.04,14.05,14.33,13.83,656683,1063161696.0,3.54,-0.64,-0.09,0.55
1212,2020-01-02,14.32,14.13,14.65,14.1,1002915,1646850288.0,3.91,0.57,0.08,0.84
1213,2020-01-03,14.25,13.82,14.25,13.62,1074824,1713539328.0,4.46,-2.19,-0.31,0.9
1214,2020-01-06,13.67,13.55,13.68,13.42,1263365,1978819744.0,1.88,-1.95,-0.27,1.06
1215,2020-01-07,13.59,13.66,13.69,13.45,855225,1341480544.0,1.77,0.81,0.11,0.72
1216,2020-01-08,13.47,13.39,13.5,13.28,882805,1370722672.0,1.61,-1.98,-0.27,0.74
1217,2020-01-09,14.05,14.15,14.27,13.83,1946177,3150781872.0,3.29,5.68,0.76,1.63
1218,2020-01-10,14.17,13.89,14.21,13.77,956771,1538891920.0,3.11,-1.84,-0.26,0.8
1219,2020-01-13,13.96,14.35,14.39,13.94,901699,1471326848.0,3.24,3.31,0.46,0.76
1220,2020-01-14,14.37,14.22,14.46,14.14,598866,980331760.0,2.23,-0.91,-0.13,0.5
1221,2020-01-15,14.22,14.0,14.3,13.93,549853,889417408.0,2.6,-1.55,-0.22,0.46
1222,2020-01-16,14.03,13.9,14.15,13.86,623516,1002815216.0,2.07,-0.71,-0.1,0.52
1223,2020-01-17,13.97,13.99,14.1,13.86,470332,756916800.0,1.73,0.65,0.09,0.39
1224,2020-01-20,13.99,13.85,14.04,13.67,584888,931786544.0,2.64,-1.0,-0.14,0.49
1225,2020-01-21,13.69,13.32,13.75,13.3,910108,1416707760.0,3.25,-3.83,-0.53,0.76
1226,2020-01-22,13.31,13.74,13.78,13.15,962109,1510291456.0,4.73,3.15,0.42,0.81
1227,2020-01-23,13.48,13.2,13.62,13.1,821771,1269876624.0,3.78,-3.93,-0.54,0.69
1228,2020-02-03,11.77,11.85,12.11,11.67,1820510,2551879296.0,3.33,-10.23,-1.35,1.53
1229,2020-02-04,11.97,12.18,12.25,11.73,1119868,1580250912.0,4.39,2.78,0.33,0.94
1230,2020-02-05,12.07,12.35,12.49,11.95,1169010,1680553424.0,4.43,1.4,0.17,0.98
1231,2020-02-06,12.46,12.42,12.55,12.17,1039266,1502684320.0,3.08,0.57,0.07,0.87
1232,2020-02-07,12.24,12.27,12.37,12.07,688732,986294736.0,2.42,-1.21,-0.15,0.58
1233,2020-02-10,12.06,12.7,12.87,12.0,1112296,1628239104.0,7.09,3.5,0.43,0.93
1234,2020-02-11,12.58,12.84,13.12,12.57,849948,1279273440.0,4.33,1.1,0.14,0.71
1235,2020-02-12,12.7,12.78,12.95,12.62,648116,965030928.0,2.57,-0.47,-0.06,0.54
1236,2020-02-13,12.99,13.26,13.45,12.98,1099935,1697335232.0,3.68,3.76,0.48,0.92
1237,2020-02-14,13.32,13.77,13.82,13.26,953060,1501176464.0,4.22,3.85,0.51,0.8
1238,2020-02-17,13.9,13.61,13.97,13.41,987224,1550241008.0,4.07,-1.16,-0.16,0.83
1239,2020-02-18,13.43,13.37,13.59,13.28,758721,1175808592.0,2.28,-1.76,-0.24,0.64
1240,2020-02-19,13.33,13.35,13.51,13.19,580113,900330208.0,2.39,-0.15,-0.02,0.49
1241,2020-02-20,13.28,13.51,13.53,13.27,829784,1288806128.0,1.95,1.2,0.16,0.7
1242,2020-02-21,13.47,13.2,13.51,13.07,844023,1296802112.0,3.26,-2.29,-0.31,0.71
1243,2020-02-24,13.15,12.96,13.18,12.72,842405,1266271856.0,3.48,-1.82,-0.24,0.71
1244,2020-02-25,12.92,13.13,13.4,12.9,957682,1463990944.0,3.86,1.31,0.17,0.8
1245,2020-02-26,12.97,13.86,14.33,12.9,2141587,3422389040.0,10.89,5.56,0.73,1.79
1246,2020-02-27,13.91,13.7,14.02,13.59,990615,1578365888.0,3.1,-1.15,-0.16,0.83
1247,2020-02-28,13.57,14.06,14.34,13.49,1609630,2605740688.0,6.2,2.63,0.36,1.35
1248,2020-03-02,14.28,14.56,14.88,14.27,1793905,3013621424.0,4.34,3.56,0.5,1.5
1249,2020-03-03,14.66,14.48,14.77,14.11,1471337,2421028576.0,4.53,-0.55,-0.08,1.23
1250,2020-03-04,14.62,14.68,15.22,14.28,1609721,2729215008.0,6.49,1.38,0.2,1.35
1251,2020-03-05,14.57,14.91,15.04,14.37,1148836,1935314064.0,4.56,1.57,0.23,0.96
1252,2020-03-06,14.68,14.36,14.77,14.27,875206,1448290704.0,3.35,-3.69,-0.55,0.73
1253,2020-03-09,14.06,14.04,14.25,13.71,847580,1366300944.0,3.76,-2.23,-0.32,0.71
1254,2020-03-10,14.16,14.26,14.47,13.82,711188,1160198080.0,4.63,1.57,0.22,0.6
1255,2020-03-11,14.32,14.12,14.53,14.05,746382,1225472016.0,3.37,-0.98,-0.14,0.63
1256,2020-03-12,13.98,14.26,14.41,13.8,709346,1153011472.0,4.32,0.99,0.14,0.59
1257,2020-03-13,13.5,13.98,14.12,13.27,917554,1449691568.0,5.96,-1.96,-0.28,0.77
1258,2020-03-16,13.93,13.16,13.94,13.09,1006589,1566768464.0,6.08,-5.87,-0.82,0.84
1259,2020-03-17,13.12,12.96,13.45,12.75,875327,1318711216.0,5.32,-1.52,-0.2,0.73
1260,2020-03-18,12.93,12.29,13.08,12.27,918667,1361646192.0,6.25,-5.17,-0.67,0.77
1261,2020-03-19,12.09,11.87,12.37,11.27,1040890,1448798704.0,8.95,-3.42,-0.42,0.87
1262,2020-03-20,12.05,12.36,12.47,11.77,643167,922502944.0,5.9,4.13,0.49,0.54
1263,2020-03-23,11.85,11.95,12.12,11.67,523403,733869872.0,3.64,-3.32,-0.41,0.44
1264,2020-03-24,12.18,12.39,12.53,12.07,547285,789650912.0,3.85,3.68,0.44,0.46
1265,2020-03-25,12.64,13.04,13.15,12.41,916587,1366868272.0,5.97,5.25,0.65,0.77
1266,2020-03-26,12.72,12.99,13.14,12.69,608704,916496432.0,3.45,-0.38,-0.05,0.51
1267,2020-03-27,13.2,13.12,13.37,12.97,709914,1086520704.0,3.08,1.0,0.13,0.59
1268,2020-03-30,12.96,13.07,13.34,12.84,788986,1202817776.0,3.81,-0.38,-0.05,0.66
1269,2020-03-31,13.17,12.74,13.22,12.57,695372,1041319600.0,4.97,-2.52,-0.33,0.58
1270,2020-04-01,12.77,12.84,13.2,12.66,583736,879374640.0,4.24,0.78,0.1,0.49
1271,2020-04-02,12.77,12.96,12.96,12.69,394513,589874592.0,2.1,0.93,0.12,0.33
1272,2020-04-03,12.83,12.9,13.03,12.79,333922,501465200.0,1.85,-0.46,-0.06,0.28
1273,2020-04-07,13.17,13.03,13.19,12.91,642316,973970128.0,2.17,1.01,0.13,0.54
1274,2020-04-08,12.96,13.04,13.11,12.84,418136,632473376.0,2.07,0.08,0.01,0.35
1275,2020-04-09,13.05,12.81,13.05,12.71,386593,578156304.0,2.61,-1.76,-0.23,0.32
1276,2020-04-10,12.77,12.56,13.04,12.45,665538,986141312.0,4.61,-1.95,-0.25,0.56
1277,2020-04-13,12.56,12.94,13.02,12.48,479215,716821472.0,4.3,3.03,0.38,0.4
1278,2020-04-14,13.07,13.46,13.7,12.99,824339,1282709648.0,5.49,4.02,0.52,0.69
1279,2020-04-15,13.37,13.17,13.48,13.08,442485,679066592.0,2.97,-2.15,-0.29,0.37
1280,2020-04-16,13.47,13.63,13.8,13.33,838854,1320022688.0,3.57,3.49,0.46,0.7
1281,2020-04-17,13.75,13.69,13.76,13.54,511058,806717952.0,1.61,0.44,0.06,0.43
1282,2020-04-20,13.69,13.75,13.79,13.2,669331,1049082048.0,4.31,0.44,0.06,0.56
1283,2020-04-21,13.77,13.8,14.04,13.58,721011,1148517232.0,3.35,0.36,0.05,0.6
1284,2020-04-22,13.72,13.82,13.82,13.47,459005,723356368.0,2.54,0.14,0.02,0.38
1285,2020-04-23,13.82,13.76,13.91,13.55,500669,793240688.0,2.6,-0.43,-0.06,0.42
1286,2020-04-24,13.73,13.71,13.77,13.59,342608,541462832.0,1.31,-0.36,-0.05,0.29
1287,2020-04-27,13.71,13.78,14.11,13.69,435573,698751328.0,3.06,0.51,0.07,0.37
1288,2020-04-28,13.84,14.02,14.22,13.8,517666,836452624.0,3.05,1.74,0.24,0.43
1289,2020-04-29,13.97,14.38,14.53,13.97,507074,832910560.0,3.99,2.57,0.36,0.42
1290,2020-04-30,14.39,14.11,14.41,14.02,597304,972728320.0,2.71,-1.88,-0.27,0.5
1291,2020-05-06,13.88,13.74,13.98,13.54,915526,1449298256.0,3.12,-2.62,-0.37,0.77
1292,2020-05-07,13.63,13.59,13.79,13.55,492959,777182560.0,1.75,-1.09,-0.15,0.41
1293,2020-05-08,13.71,13.76,13.8,13.56,637561,1009047312.0,1.77,1.25,0.17,0.53
1294,2020-05-11,13.75,13.62,13.83,13.59,587482,929988240.0,1.74,-1.02,-0.14,0.49
1295,2020-05-12,13.64,13.61,13.7,13.52,439948,692382192.0,1.32,-0.07,-0.01,0.37
1296,2020-05-13,13.58,13.56,13.62,13.39,457082,714240704.0,1.69,-0.37,-0.05,0.38
1297,2020-05-14,13.48,13.22,13.56,13.14,572642,882800592.0,3.1,-2.51,-0.34,0.48
1298,2020-05-15,13.27,13.13,13.33,12.96,550221,841400736.0,2.8,-0.68,-0.09,0.46
1299,2020-05-18,13.19,13.33,13.43,13.13,512259,792831424.0,2.28,1.52,0.2,0.43
1300,2020-05-19,13.57,13.22,13.57,13.17,424139,654356896.0,3.0,-0.83,-0.11,0.36
1301,2020-05-20,13.18,13.14,13.32,13.02,376923,575269600.0,2.27,-0.61,-0.08,0.32
1302,2020-05-21,13.23,12.92,13.25,12.86,383279,580994496.0,2.97,-1.67,-0.22,0.32
1303,2020-05-22,12.95,12.62,12.95,12.62,486626,723800352.0,2.55,-2.32,-0.3,0.41
1304,2020-05-25,12.77,13.12,13.13,12.69,521357,789514896.0,3.49,3.96,0.5,0.44
1305,2020-05-26,13.25,13.18,13.26,13.03,331279,505918064.0,1.75,0.46,0.06,0.28
1306,2020-05-27,13.18,13.26,13.32,13.09,355443,545810736.0,1.75,0.61,0.08,0.3
1307,2020-05-28,13.26,13.36,13.62,13.23,725713,1131199120.0,2.94,0.75,0.1,0.61
1308,2020-05-29,13.44,13.05,13.46,12.98,595728,859157520.0,3.59,-2.32,-0.31,0.5
1309,2020-06-01,13.17,13.49,13.53,13.1,524767,767402480.0,3.3,3.37,0.44,0.44
1310,2020-06-02,13.39,13.9,13.98,13.37,722984,1088664864.0,4.52,3.04,0.41,0.61
1311,2020-06-03,14.02,13.94,14.47,13.93,773456,1197365936.0,3.88,0.29,0.04,0.65
1312,2020-06-04,14.11,13.78,14.16,13.64,482214,729457184.0,3.73,-1.15,-0.16,0.4
1313,2020-06-05,13.78,13.55,13.78,13.37,637147,942334912.0,2.98,-1.67,-0.23,0.53
1314,2020-06-08,13.6,13.6,13.83,13.5,629105,938891152.0,2.44,0.37,0.05,0.53
1315,2020-06-09,13.6,13.64,13.86,13.55,548815,821590000.0,2.28,0.29,0.04,0.46
1316,2020-06-10,13.64,13.32,13.64,13.27,685705,1007041152.0,2.71,-2.35,-0.32,0.57
1317,2020-06-11,13.29,13.04,13.32,13.0,649192,937774640.0,2.4,-2.1,-0.28,0.54
1318,2020-06-12,12.89,13.09,13.16,12.84,586457,839913456.0,2.45,0.38,0.05,0.49
1319,2020-06-15,12.93,13.03,13.24,12.9,485108,698458544.0,2.6,-0.46,-0.06,0.41
1320,2020-06-16,13.23,13.22,13.31,13.12,431031,626452544.0,1.46,1.46,0.19,0.36
1321,2020-06-17,13.17,13.05,13.22,12.94,492703,706211632.0,2.12,-1.29,-0.17,0.41
1322,2020-06-18,13.16,13.3,13.35,13.12,579451,844415792.0,1.76,1.92,0.25,0.49
1323,2020-06-19,13.3,13.25,13.31,13.06,902116,1305574480.0,1.88,-0.38,-0.05,0.76
1324,2020-06-22,13.15,13.13,13.26,13.09,590733,854951296.0,1.28,-0.91,-0.12,0.5
1325,2020-06-23,13.09,13.0,13.17,12.96,542774,777744352.0,1.6,-0.99,-0.13,0.45
1326,2020-06-24,13.06,13.43,13.44,13.02,1042670,1523402272.0,3.23,3.31,0.43,0.87
1327,2020-06-29,13.35,13.22,13.37,13.06,560535,813047680.0,2.31,-1.56,-0.21,0.47
1328,2020-06-30,13.26,13.47,13.47,13.17,611628,894725520.0,2.27,1.89,0.25,0.51
1329,2020-07-01,13.5,14.59,14.95,13.4,2152274,3366484976.0,11.51,8.31,1.12,1.8
1330,2020-07-02,14.71,15.06,15.28,14.63,1820543,2963338640.0,4.46,3.22,0.47,1.53
1331,2020-07-03,15.11,15.04,15.58,14.62,1670760,2727504160.0,6.37,-0.13,-0.02,1.4
1332,2020-07-06,15.42,16.68,16.68,15.42,2218365,3885732656.0,8.38,10.9,1.64,1.86
1333,2020-07-07,17.16,16.35,17.39,16.24,1661575,2987610704.0,6.89,-1.98,-0.33,1.39
1334,2020-07-08,16.39,16.48,16.78,16.09,1247970,2212906304.0,4.22,0.8,0.13,1.05
1335,2020-07-09,16.68,16.82,16.88,16.07,1321336,2345987248.0,4.92,2.06,0.34,1.11
1336,2020-07-10,16.42,16.13,16.67,15.93,1318418,2315269552.0,4.4,-4.1,-0.69,1.1
1337,2020-07-13,15.99,16.0,16.3,15.54,1234972,2126778400.0,4.71,-0.81,-0.13,1.03
1338,2020-07-14,15.89,15.62,16.09,15.27,1362884,2309552640.0,5.13,-2.38,-0.38,1.14
1339,2020-07-15,15.75,15.14,15.92,15.11,1089905,1826346176.0,5.19,-3.07,-0.48,0.91
1340,2020-07-16,15.27,14.83,15.52,14.81,1207633,1986318128.0,4.69,-2.05,-0.31,1.01
1341,2020-07-17,14.94,14.76,15.11,14.49,999752,1607750720.0,4.18,-0.47,-0.07,0.84
1342,2020-07-20,14.92,15.56,15.76,14.79,1341740,2234004560.0,6.57,5.42,0.8,1.12
1343,2020-07-21,15.54,15.3,15.62,15.14,971633,1612208704.0,3.08,-1.67,-0.26,0.81
1344,2020-07-22,15.2,15.23,15.58,15.13,1047300,1746274992.0,2.94,-0.46,-0.07,0.88
1345,2020-07-23,15.01,14.94,15.17,14.65,823223,1333229856.0,3.41,-1.9,-0.29,0.69
1346,2020-07-24,14.91,14.56,15.23,14.39,933234,1502624976.0,5.62,-2.54,-0.38,0.78
1347,2020-07-27,14.71,14.21,14.74,14.05,918235,1426923408.0,4.74,-2.4,-0.35,0.77
1348,2020-07-28,14.34,14.39,14.47,14.11,922071,1436443840.0,2.53,1.27,0.18,0.77
1349,2020-07-29,14.3,14.49,14.56,14.1,898486,1410254240.0,3.2,0.69,0.1,0.75
1350,2020-07-30,14.48,14.21,14.48,14.18,1015176,1582952144.0,2.07,-1.93,-0.28,0.85
1351,2020-07-31,14.13,14.29,14.51,14.09,976284,1520323056.0,2.96,0.56,0.08,0.82
1352,2020-08-03,14.44,14.57,14.79,14.4,1288992,2039618224.0,2.73,1.96,0.28,1.08
1353,2020-08-04,14.59,14.92,15.04,14.42,1489558,2390570384.0,4.26,2.4,0.35,1.25
1354,2020-08-05,14.74,14.48,14.74,14.39,1397649,2206968576.0,2.35,-2.95,-0.44,1.17
1355,2020-08-06,14.49,14.59,14.64,14.28,786213,1239817344.0,2.49,0.76,0.11,0.66
1356,2020-08-07,14.47,14.46,14.58,14.29,731894,1151745504.0,1.99,-0.89,-0.13,0.61
1357,2020-08-10,14.39,14.96,15.14,14.36,1466594,2377737056.0,5.39,3.46,0.5,1.23
1358,2020-08-11,15.0,14.94,15.38,14.88,1278855,2101462048.0,3.34,-0.13,-0.02,1.07
1359,2020-08-12,14.99,15.24,15.33,14.89,976319,1603315568.0,2.95,2.01,0.3,0.82
1360,2020-08-13,15.2,15.21,15.32,15.04,624093,1028328608.0,1.84,-0.2,-0.03,0.52
1361,2020-08-14,15.2,15.71,15.8,15.08,1221908,2057034752.0,4.73,3.29,0.5,1.02
1362,2020-08-17,15.74,16.1,16.47,15.54,1389529,2422356432.0,5.92,2.48,0.39,1.16
1363,2020-08-18,16.08,15.65,16.18,15.45,1165665,1981656144.0,4.53,-2.8,-0.45,0.98
1364,2020-08-19,15.63,15.41,15.63,15.27,854731,1429437312.0,2.3,-1.53,-0.24,0.72
1365,2020-08-20,15.35,15.34,15.43,15.14,682859,1132243504.0,1.88,-0.45,-0.07,0.57
1366,2020-08-21,15.46,15.25,15.49,15.12,576909,956204896.0,2.41,-0.59,-0.09,0.48
1367,2020-08-24,15.39,15.17,15.53,15.14,635641,1056237088.0,2.56,-0.52,-0.08,0.53
1368,2020-08-25,15.17,15.23,15.33,15.04,680465,1124852176.0,1.91,0.4,0.06,0.57
1369,2020-08-26,15.24,15.33,15.61,15.14,881091,1472931456.0,3.09,0.66,0.1,0.74
1370,2020-08-27,15.29,14.89,15.29,14.68,1138875,1841509152.0,3.98,-2.87,-0.44,0.95
1371,2020-08-28,14.8,15.16,15.23,14.76,929342,1522334928.0,3.16,1.81,0.27,0.78
1372,2020-08-31,15.28,14.79,15.45,14.76,998986,1635466432.0,4.55,-2.44,-0.37,0.84
1373,2020-09-01,14.82,14.9,14.94,14.72,684004,1103472128.0,1.49,0.74,0.11,0.57
1374,2020-09-02,14.81,14.96,15.14,14.74,868103,1410858656.0,2.68,0.4,0.06,0.73
1375,2020-09-03,14.96,15.09,15.22,14.85,876217,1437400976.0,2.47,0.87,0.13,0.73
1376,2020-09-04,14.94,15.16,15.19,14.77,726993,1185646080.0,2.78,0.46,0.07,0.61
1377,2020-09-07,15.01,15.3,15.81,15.0,1202366,2015511024.0,5.34,0.92,0.14,1.01
1378,2020-09-08,15.37,15.3,15.57,15.14,749929,1246888464.0,2.81,0.0,0.0,0.63
1379,2020-09-09,15.14,15.09,15.29,14.9,612641,1003809392.0,2.55,-1.37,-0.21,0.51
1380,2020-09-10,15.29,15.46,15.99,15.29,1286606,2178483136.0,4.64,2.45,0.37,1.08
1381,2020-09-11,15.48,15.27,15.57,15.14,771679,1282971536.0,2.78,-1.23,-0.19,0.65
1382,2020-09-14,15.29,15.24,15.42,15.05,585191,965884096.0,2.42,-0.2,-0.03,0.49
1383,2020-09-15,15.19,15.35,15.47,15.02,648901,1075533872.0,2.95,0.72,0.11,0.54
1384,2020-09-16,15.27,15.53,15.66,15.17,785096,1314843264.0,3.19,1.17,0.18,0.66
1385,2020-09-17,15.45,15.33,15.58,15.29,574411,959643824.0,1.87,-1.29,-0.2,0.48
1386,2020-09-18,15.33,16.04,16.04,15.3,1408701,2409709440.0,4.83,4.63,0.71,1.18
1387,2020-09-21,16.05,15.76,16.07,15.72,750743,1291780800.0,2.18,-1.75,-0.28,0.63
1388,2020-09-22,15.65,15.53,15.75,15.43,572056,967309504.0,2.03,-1.46,-0.23,0.48
1389,2020-09-23,15.54,15.37,15.58,15.32,530942,887683648.0,1.67,-1.03,-0.16,0.44
1390,2020-09-24,15.35,15.06,15.36,15.02,647521,1065772304.0,2.21,-2.02,-0.31,0.54
1391,2020-09-25,15.02,14.58,15.14,14.48,934862,1500213104.0,4.38,-3.19,-0.48,0.78
1392,2020-09-28,14.68,14.84,14.91,14.59,725703,1168243280.0,2.19,1.78,0.26,0.61
1393,2020-09-29,14.81,14.76,14.87,14.72,498309,802059024.0,1.01,-0.54,-0.08,0.42
1394,2020-09-30,14.89,14.58,14.94,14.42,675892,1077401136.0,3.52,-1.22,-0.18,0.56
1395,2020-10-09,14.69,14.75,14.79,14.56,546719,874436432.0,1.58,1.17,0.17,0.46
1396,2020-10-12,14.83,15.12,15.12,14.79,811522,1323453792.0,2.24,2.51,0.37,0.68
1397,2020-10-13,15.01,14.9,15.03,14.74,657030,1062210464.0,1.92,-1.46,-0.22,0.55
1398,2020-10-14,14.81,14.81,14.87,14.7,434851,699725856.0,1.14,-0.6,-0.09,0.36
1399,2020-10-15,14.81,14.81,15.0,14.78,429236,695276592.0,1.49,0.0,0.0,0.36
1400,2020-10-16,14.82,14.9,14.96,14.77,514729,832468672.0,1.28,0.61,0.09,0.43
1401,2020-10-19,15.01,14.98,15.45,14.88,880067,1450752320.0,3.83,0.54,0.08,0.74
1402,2020-10-20,14.9,14.84,14.95,14.72,536028,863183184.0,1.54,-0.93,-0.14,0.45
1403,2020-10-21,14.85,14.9,14.96,14.68,554984,893552672.0,1.89,0.4,0.06,0.46
1404,2020-10-22,14.89,14.99,15.18,14.84,681959,1115156016.0,2.28,0.6,0.09,0.57
1405,2020-10-23,14.95,15.09,15.25,14.87,777287,1272903856.0,2.54,0.67,0.1,0.65
1406,2020-10-26,15.19,15.13,15.31,14.99,594439,977022352.0,2.12,0.27,0.04,0.5
1407,2020-10-27,15.08,14.74,15.13,14.69,869124,1403252176.0,2.91,-2.58,-0.39,0.73
1408,2020-10-28,14.74,14.41,14.77,14.27,795669,1253531216.0,3.39,-2.24,-0.33,0.66
1409,2020-10-29,14.27,14.45,14.58,14.23,544636,856342064.0,2.43,0.28,0.04,0.46
1410,2020-10-30,14.38,14.05,14.69,13.91,1039107,1614206112.0,5.4,-2.77,-0.4,0.87
1411,2020-11-02,14.1,14.18,14.31,14.05,524322,812795520.0,1.85,0.93,0.13,0.44
1412,2020-11-03,14.2,14.26,14.31,14.03,560369,869855616.0,1.97,0.56,0.08,0.47
1413,2020-11-04,14.18,14.23,14.35,14.15,400542,622589136.0,1.4,-0.21,-0.03,0.33
1414,2020-11-05,14.3,14.61,14.73,14.3,826035,1308077056.0,3.02,2.67,0.38,0.69
1415,2020-11-06,14.67,14.85,14.96,14.59,828790,1336891168.0,2.53,1.64,0.24,0.69
1416,2020-11-09,14.99,14.88,15.06,14.74,771436,1249039968.0,2.15,0.2,0.03,0.64
1417,2020-11-10,14.95,14.81,15.15,14.74,585628,951190096.0,2.76,-0.47,-0.07,0.49
1418,2020-11-11,14.81,15.09,15.19,14.74,991050,1620543184.0,3.04,1.89,0.28,0.83
1419,2020-11-12,14.98,14.96,15.11,14.87,503399,819309264.0,1.59,-0.86,-0.13,0.42
1420,2020-11-13,14.86,14.47,14.87,14.39,787331,1247423488.0,3.21,-3.28,-0.49,0.66
1421,2020-11-16,14.49,14.68,14.74,14.41,658905,1046180800.0,2.28,1.45,0.21,0.55
1422,2020-11-17,14.68,15.25,15.3,14.65,1568110,2573863952.0,4.43,3.88,0.57,1.31
1423,2020-11-18,15.27,15.42,15.75,14.94,1489607,2490400944.0,5.31,1.11,0.17,1.24
1424,2020-11-19,15.48,15.68,15.79,15.37,1210508,2049805360.0,2.72,1.69,0.26,1.01
1425,2020-11-20,15.77,15.65,15.77,15.37,636291,1075326832.0,2.55,-0.19,-0.03,0.53
1426,2020-11-23,15.74,15.65,15.81,15.47,727720,1235114048.0,2.17,0.0,0.0,0.61
1427,2020-11-24,15.54,15.47,15.74,15.39,606149,1019684624.0,2.24,-1.15,-0.18,0.51
1428,2020-11-25,15.58,15.52,15.81,15.42,705081,1193514304.0,2.52,0.32,0.05,0.59
1429,2020-11-26,15.56,15.58,15.62,15.27,549775,922671728.0,2.26,0.39,0.06,0.46
1430,2020-11-27,15.63,16.09,16.1,15.59,995854,1717255840.0,3.27,3.27,0.51,0.83
1431,2020-11-30,16.11,15.91,16.7,15.91,1321454,2330027680.0,4.91,-1.12,-0.18,1.1
1432,2020-12-01,15.89,15.94,15.99,15.36,1016514,1728916816.0,3.96,0.19,0.03,0.85
1433,2020-12-02,15.94,16.06,16.45,15.74,837313,1466458128.0,4.45,0.75,0.12,0.7
1434,2020-12-03,16.06,15.96,16.16,15.8,512634,885030512.0,2.24,-0.62,-0.1,0.43
1435,2020-12-04,15.96,15.65,15.99,15.51,565766,957973968.0,3.01,-1.94,-0.31,0.47
1436,2020-12-07,15.59,15.23,15.65,15.17,634187,1053190528.0,3.07,-2.68,-0.42,0.53
1437,2020-12-08,15.27,15.15,15.32,15.05,483970,796844192.0,1.77,-0.53,-0.08,0.4
1438,2020-12-09,15.19,14.98,15.23,14.92,595087,973363728.0,2.05,-1.12,-0.17,0.5
1439,2020-12-10,14.97,14.9,15.11,14.77,474265,767836304.0,2.27,-0.53,-0.08,0.4
1440,2020-12-11,14.99,14.67,14.99,14.6,535688,858765088.0,2.62,-1.54,-0.23,0.45
1441,2020-12-14,14.89,14.9,14.96,14.69,563060,908436304.0,1.84,1.57,0.23,0.47
1442,2020-12-15,14.87,14.71,14.89,14.59,483407,773621744.0,2.01,-1.28,-0.19,0.4
1443,2020-12-16,14.76,14.79,14.99,14.64,495821,797908256.0,2.38,0.54,0.08,0.41
1444,2020-12-17,14.77,14.85,14.92,14.64,536394,865372576.0,1.89,0.41,0.06,0.45
1445,2020-12-18,14.8,14.74,14.85,14.52,971686,1556035904.0,2.22,-0.74,-0.11,0.81
1446,2020-12-21,14.63,14.6,14.66,14.38,675639,1070674400.0,1.9,-0.95,-0.14,0.56
1447,2020-12-22,14.57,14.63,14.98,14.43,828229,1327522000.0,3.77,0.21,0.03,0.69
1448,2020-12-23,14.67,14.34,14.7,14.24,908582,1425579584.0,3.14,-1.98,-0.29,0.76
1449,2020-12-24,14.35,14.29,14.47,14.17,479855,748652832.0,2.09,-0.35,-0.05,0.4
1450,2020-12-25,14.41,14.41,14.42,14.19,351813,550758576.0,1.61,0.84,0.12,0.29
1451,2020-12-28,14.39,14.35,14.46,14.06,695065,1085273728.0,2.78,-0.42,-0.06,0.58
1452,2020-12-29,14.39,14.45,14.59,14.37,606107,956988416.0,1.53,0.7,0.1,0.51
1453,2020-12-30,14.43,14.29,14.49,14.23,553001,864261872.0,1.8,-1.11,-0.16,0.46
1454,2020-12-31,14.3,14.51,14.55,14.23,722418,1138146528.0,2.24,1.54,0.22,0.6
1455,2021-01-04,14.37,13.98,14.37,13.87,1232988,1889996640.0,3.45,-3.65,-0.53,1.03
1456,2021-01-05,13.88,13.79,13.89,13.37,1326558,1973875712.0,3.72,-1.36,-0.19,1.11
1457,2021-01-06,13.71,13.92,13.96,13.64,1039797,1576764320.0,2.32,0.94,0.13,0.87
1458,2021-01-07,13.93,13.75,14.14,13.5,1003552,1511452304.0,4.6,-1.22,-0.17,0.84
1459,2021-01-08,13.67,13.88,13.95,13.61,774126,1171597296.0,2.47,0.95,0.13,0.65
1460,2021-01-11,13.88,13.73,14.14,13.65,1236935,1875366192.0,3.53,-1.08,-0.15,1.03
1461,2021-01-12,13.74,13.86,13.88,13.55,868819,1303220800.0,2.4,0.95,0.13,0.73
1462,2021-01-13,13.94,14.14,14.37,13.81,1205710,1861224112.0,4.04,2.02,0.28,1.01
1463,2021-01-14,14.12,14.16,14.52,14.07,980633,1524049312.0,3.18,0.14,0.02,0.82
1464,2021-01-15,14.1,14.21,14.44,14.1,858351,1337980656.0,2.4,0.35,0.05,0.72
1465,2021-01-18,14.28,14.65,14.73,14.08,1277876,2011580672.0,4.57,3.1,0.44,1.07
1466,2021-01-19,14.44,14.79,15.09,14.29,1821936,2915611184.0,5.46,0.96,0.14,1.52
1467,2021-01-20,14.66,14.37,14.67,14.2,958791,1505834160.0,3.18,-2.84,-0.42,0.8
1468,2021-01-21,14.29,14.01,14.35,13.92,1345816,2071155408.0,2.99,-2.51,-0.36,1.12
1469,2021-01-22,13.85,13.52,13.86,13.52,1205636,1800534752.0,2.43,-3.5,-0.49,1.01
1470,2021-01-25,13.45,13.32,13.45,13.05,1430846,2078401504.0,2.96,-1.48,-0.2,1.2
1471,2021-01-26,13.28,13.29,13.48,13.2,804020,1177228128.0,2.1,-0.23,-0.03,0.67
1472,2021-01-27,13.3,13.06,13.45,12.94,941820,1361236416.0,3.84,-1.73,-0.23,0.79
1473,2021-01-28,12.9,12.74,12.9,12.62,914567,1284221552.0,2.14,-2.45,-0.32,0.76
1474,2021-01-29,12.78,12.5,12.84,12.46,720713,1002283536.0,2.98,-1.88,-0.24,0.6
1475,2021-02-01,12.51,12.51,12.65,12.27,646375,889652912.0,3.04,0.08,0.01,0.54
1476,2021-02-02,12.51,12.69,12.76,12.43,734213,1025701936.0,2.64,1.44,0.18,0.61
1477,2021-02-03,12.74,12.45,12.74,12.39,543484,750276304.0,2.76,-1.89,-0.24,0.45
1478,2021-02-04,12.43,12.07,12.43,12.0,976345,1313817056.0,3.45,-3.05,-0.38,0.82
1479,2021-02-05,12.07,12.44,12.6,12.03,883794,1205608240.0,4.72,3.07,0.37,0.74
1480,2021-02-08,12.67,12.64,12.91,12.49,845103,1185075440.0,3.38,1.61,0.2,0.71
1481,2021-02-09,12.64,12.57,12.73,12.41,627720,872253968.0,2.53,-0.55,-0.07,0.52
1482,2021-02-10,12.56,12.52,12.7,12.46,543457,752943920.0,1.91,-0.4,-0.05,0.45
1483,2021-02-18,12.6,13.05,13.09,12.59,925244,1313636864.0,3.99,4.23,0.53,0.77
1484,2021-02-19,12.96,13.1,13.19,12.87,640121,921006208.0,2.45,0.38,0.05,0.53
1485,2021-02-22,13.11,13.39,13.5,12.99,904583,1319299664.0,3.89,2.21,0.29,0.76
1486,2021-02-23,13.25,13.34,13.51,13.22,491777,721243520.0,2.17,-0.37,-0.05,0.41
1487,2021-02-24,13.35,13.51,13.68,13.3,961248,1426751328.0,2.85,1.27,0.17,0.8
1488,2021-02-25,13.74,14.76,14.99,13.68,3864956,6176422144.0,9.7,9.25,1.25,3.23
1489,2021-02-26,14.37,14.23,14.74,13.99,1798975,2811354368.0,5.08,-3.59,-0.53,1.5
1490,2021-03-01,14.38,14.77,14.97,14.1,1425360,2268679056.0,6.11,3.79,0.54,1.19
1491,2021-03-02,14.75,14.71,15.33,14.59,1296910,2107836752.0,5.01,-0.41,-0.06,1.08
1492,2021-03-03,14.55,14.77,15.0,14.46,894751,1430704224.0,3.67,0.41,0.06,0.75
1493,2021-03-04,14.67,14.31,14.97,14.19,1122718,1775824624.0,5.28,-3.11,-0.46,0.94
1494,2021-03-05,14.18,14.02,14.47,13.8,986394,1517109184.0,4.68,-2.03,-0.29,0.82
1495,2021-03-08,14.18,13.87,14.29,13.87,650108,1000109904.0,3.0,-1.07,-0.15,0.54
1496,2021-03-09,13.95,13.75,14.17,13.69,788235,1201874224.0,3.46,-0.87,-0.12,0.66
1497,2021-03-10,13.86,13.59,13.95,13.51,669359,998936368.0,3.2,-1.16,-0.16,0.56
1498,2021-03-11,13.63,13.69,13.92,13.59,611528,920079136.0,2.43,0.74,0.1,0.51
1499,2021-03-12,13.71,13.87,14.29,13.43,790037,1195463152.0,6.28,1.31,0.18,0.66
1500,2021-03-15,13.93,13.67,13.97,13.55,771002,1157387328.0,3.03,-1.44,-0.2,0.64
1501,2021-03-16,13.69,14.27,14.34,13.58,896052,1375189824.0,5.56,4.39,0.6,0.75
1502,2021-03-17,14.09,14.01,14.38,13.94,579419,893531680.0,3.08,-1.82,-0.26,0.48
1503,2021-03-18,14.05,13.94,14.12,13.87,462580,706135792.0,1.78,-0.5,-0.07,0.39
1504,2021-03-19,13.8,13.35,13.83,13.26,779136,1152027152.0,4.09,-4.23,-0.59,0.65
1505,2021-03-22,13.2,13.37,13.44,13.17,400239,585610368.0,2.02,0.15,0.02,0.33
1506,2021-03-23,13.37,13.2,13.45,13.14,477572,694425248.0,2.32,-1.27,-0.17,0.4
1507,2021-03-24,13.17,13.01,13.23,12.94,499667,717477376.0,2.2,-1.44,-0.19,0.42
1508,2021-03-25,13.02,13.03,13.13,12.91,306446,438914144.0,1.69,0.15,0.02,0.26
1509,2021-03-26,13.03,13.04,13.14,12.99,392819,564426448.0,1.15,0.08,0.01,0.33
1510,2021-03-29,13.0,13.05,13.12,12.86,488363,699702832.0,1.99,0.08,0.01,0.41
1511,2021-03-30,12.99,13.08,13.24,12.94,441330,634739664.0,2.3,0.23,0.03,0.37
1512,2021-03-31,13.06,12.92,13.07,12.78,454187,643623296.0,2.22,-1.22,-0.16,0.38
1513,2021-04-01,12.93,12.84,12.98,12.74,333865,472643664.0,1.86,-0.62,-0.08,0.28
1514,2021-04-02,12.87,12.89,12.96,12.78,326983,463386320.0,1.4,0.39,0.05,0.27
1515,2021-04-06,12.94,12.89,12.98,12.86,271952,386657008.0,0.93,0.0,0.0,0.23
1516,2021-04-07,12.89,12.96,12.99,12.81,335415,476552064.0,1.4,0.54,0.07,0.28
1517,2021-04-08,12.87,12.84,12.88,12.77,345028,487196016.0,0.85,-0.93,-0.12,0.29
1518,2021-04-09,12.83,12.68,12.84,12.59,461723,646077648.0,1.95,-1.25,-0.16,0.39
1519,2021-04-12,12.69,12.97,13.0,12.65,584832,829937920.0,2.76,2.29,0.29,0.49
1520,2021-04-13,12.96,13.02,13.07,12.81,425218,605764688.0,2.0,0.39,0.05,0.36
1521,2021-04-14,13.02,13.03,13.1,12.94,376039,538429008.0,1.23,0.08,0.01,0.31
1522,2021-04-15,13.03,13.02,13.11,12.94,311653,446634896.0,1.3,-0.08,-0.01,0.26
1523,2021-04-16,13.09,13.18,13.21,13.0,379533,548236208.0,1.61,1.23,0.16,0.32
1524,2021-04-19,13.19,13.26,13.27,13.09,356401,517225344.0,1.37,0.61,0.08,0.3
1525,2021-04-20,13.08,12.81,13.11,12.77,864697,1226098944.0,2.56,-3.39,-0.45,0.72
1526,2021-04-21,12.8,12.85,12.87,12.67,429920,605285248.0,1.56,0.31,0.04,0.36
1527,2021-04-22,12.87,12.9,12.99,12.82,414825,588948176.0,1.32,0.39,0.05,0.35
1528,2021-04-23,12.85,12.81,12.88,12.65,664240,932922960.0,1.78,-0.7,-0.09,0.55
1529,2021-04-26,12.76,12.69,12.84,12.67,507474,712300208.0,1.33,-0.94,-0.12,0.42
1530,2021-04-27,12.69,12.81,12.87,12.6,449760,632324208.0,2.13,0.95,0.12,0.38
1531,2021-04-28,12.86,12.82,12.87,12.74,334438,472050224.0,1.01,0.08,0.01,0.28
1532,2021-04-29,12.86,12.87,12.88,12.75,339106,479619424.0,1.01,0.39,0.05,0.28
1533,2021-04-30,12.79,12.69,12.87,12.6,514016,720925488.0,2.1,-1.4,-0.18,0.43
1534,2021-05-06,12.62,12.65,12.76,12.59,326632,455954848.0,1.34,-0.32,-0.04,0.27
1535,2021-05-07,12.6,12.6,12.72,12.55,359141,500927536.0,1.34,-0.4,-0.05,0.3
1536,2021-05-10,12.57,12.43,12.59,12.26,493246,675473008.0,2.62,-1.35,-0.17,0.41
1537,2021-05-11,12.33,12.49,12.53,12.28,302365,414594464.0,2.01,0.48,0.06,0.25
1538,2021-05-12,12.4,12.17,12.42,12.08,705036,954131616.0,2.72,-2.56,-0.32,0.59
1539,2021-05-13,12.08,12.13,12.17,12.05,344650,461943776.0,0.99,-0.33,-0.04,0.29
1540,2021-05-14,12.14,12.32,12.34,12.06,442186,597131712.0,2.31,1.57,0.19,0.37
1541,2021-05-17,12.27,12.36,12.44,12.2,408658,558256096.0,1.95,0.32,0.04,0.34
1542,2021-05-18,12.34,12.42,12.53,12.25,407699,558572352.0,2.27,0.49,0.06,0.34
1543,2021-05-19,12.42,12.18,12.44,12.13,416391,564109664.0,2.5,-1.93,-0.24,0.35
1544,2021-05-20,12.2,12.18,12.21,12.08,324413,436281552.0,1.07,0.0,0.0,0.27
1545,2021-05-21,12.17,11.95,12.23,11.95,533195,712850096.0,2.3,-1.89,-0.23,0.45
1546,2021-05-24,11.92,11.77,11.92,11.74,520273,681858864.0,1.51,-1.51,-0.18,0.43
1547,2021-05-25,11.76,12.16,12.18,11.72,643661,855660864.0,3.91,3.31,0.39,0.54
1548,2021-05-26,12.16,12.41,12.75,12.15,1074278,1481795600.0,4.93,2.06,0.25,0.9
1549,2021-05-27,12.42,12.45,12.66,12.34,553421,764358624.0,2.58,0.32,0.04,0.46
1550,2021-05-28,12.49,12.27,12.54,12.17,468850,637404992.0,2.97,-1.45,-0.18,0.39
1551,2021-05-31,12.28,12.21,12.35,12.1,424993,573770000.0,2.04,-0.49,-0.06,0.36
1552,2021-06-01,12.24,12.05,12.31,12.01,427218,571875184.0,2.46,-1.31,-0.16,0.36
1553,2021-06-02,12.05,12.15,12.24,11.95,418390,562081312.0,2.41,0.83,0.1,0.35
1554,2021-06-03,12.14,12.08,12.26,12.07,337210,453955296.0,1.56,-0.58,-0.07,0.28
1555,2021-06-04,12.07,12.11,12.21,12.01,394796,529670864.0,1.66,0.25,0.03,0.33
1556,2021-06-07,12.02,11.79,12.02,11.7,662625,868066864.0,2.64,-2.64,-0.32,0.55
1557,2021-06-08,11.84,11.79,11.91,11.75,390369,511842736.0,1.36,0.0,0.0,0.33
1558,2021-06-09,11.82,11.84,11.88,11.79,357009,469119040.0,0.76,0.42,0.05,0.3
1559,2021-06-10,11.84,11.74,11.88,11.74,355901,466380848.0,1.18,-0.84,-0.1,0.3
1560,2021-06-11,11.74,11.76,11.82,11.67,452378,590105888.0,1.28,0.17,0.02,0.38
1561,2021-06-15,11.75,11.37,11.75,11.37,555717,713259536.0,3.23,-3.32,-0.39,0.46
1562,2021-06-16,11.29,11.58,11.68,11.25,460244,591376928.0,3.78,1.85,0.21,0.38
1563,2021-06-17,11.55,11.58,11.64,11.44,370888,476960032.0,1.73,0.0,0.0,0.31
1564,2021-06-18,11.54,11.46,11.56,11.31,398792,507648816.0,2.16,-1.04,-0.12,0.33
1565,2021-06-21,11.43,11.21,11.45,11.16,414776,521094752.0,2.53,-2.18,-0.25,0.35
1566,2021-06-22,11.21,10.99,11.34,10.94,590467,732184304.0,3.57,-1.96,-0.22,0.49
1567,2021-06-23,11.01,11.11,11.16,10.98,513986,636991360.0,1.64,1.09,0.12,0.43
1568,2021-06-24,11.09,11.09,11.22,11.02,397107,493179280.0,1.8,-0.18,-0.02,0.33
1569,2021-06-25,11.11,11.16,11.19,11.05,363426,452460400.0,1.26,0.63,0.07,0.3
1570,2021-06-28,11.16,10.82,11.18,10.78,636180,777833696.0,3.58,-3.05,-0.34,0.53
1571,2021-06-29,10.82,10.69,10.89,10.67,521434,628659152.0,2.03,-1.2,-0.13,0.44
1572,2021-06-30,10.73,10.73,10.79,10.67,361091,434201728.0,1.12,0.37,0.04,0.3
1573,2021-07-01,10.76,11.23,11.29,10.7,927400,1148526816.0,5.5,4.66,0.5,0.77
1574,2021-07-02,11.17,10.78,11.18,10.75,564497,690484544.0,3.83,-4.01,-0.45,0.47
1575,2021-07-05,10.78,10.57,10.81,10.47,609378,723294080.0,3.15,-1.95,-0.21,0.51
1576,2021-07-06,10.56,11.0,11.17,10.5,825711,1012673328.0,6.34,4.07,0.43,0.69
1577,2021-07-07,10.92,10.86,11.07,10.81,385987,470737376.0,2.36,-1.27,-0.14,0.32
1578,2021-07-08,10.87,10.81,10.92,10.6,528802,636119056.0,2.95,-0.46,-0.05,0.44
1579,2021-07-09,10.76,10.87,10.95,10.72,353687,429528832.0,2.13,0.56,0.06,0.3
1580,2021-07-12,10.97,10.71,10.97,10.7,479592,581087664.0,2.48,-1.47,-0.16,0.4
1581,2021-07-13,10.73,10.73,10.94,10.66,374680,452255472.0,2.61,0.19,0.02,0.31
1582,2021-07-14,10.74,10.48,10.74,10.45,488949,578637680.0,2.7,-2.33,-0.25,0.41
1583,2021-07-15,10.45,10.49,10.58,10.34,483783,570489712.0,2.29,0.1,0.01,0.4
1584,2021-07-16,10.43,10.48,10.62,10.43,364202,430142368.0,1.81,-0.1,-0.01,0.3
1585,2021-07-19,10.47,10.13,10.51,10.06,755384,866498464.0,4.29,-3.34,-0.35,0.63
1586,2021-07-20,10.05,10.1,10.16,9.89,647104,733361488.0,2.67,-0.3,-0.03,0.54
1587,2021-07-21,10.09,9.9,10.16,9.87,645778,726554704.0,2.87,-1.98,-0.2,0.54
1588,2021-07-22,9.9,9.98,10.06,9.82,585340,660017200.0,2.42,0.81,0.08,0.49
1589,2021-07-23,9.93,9.84,9.94,9.78,510651,569064832.0,1.6,-1.4,-0.14,0.43
1590,2021-07-26,9.68,9.1,9.68,9.05,1176456,1246021824.0,6.4,-7.52,-0.74,0.98
1591,2021-07-27,9.09,8.69,9.1,8.66,1439794,1459894896.0,4.84,-4.51,-0.41,1.2
1592,2021-07-28,8.69,8.73,8.9,8.6,1119895,1128677104.0,3.45,0.46,0.04,0.94
1593,2021-07-29,8.86,8.71,8.88,8.51,957258,953702848.0,4.24,-0.23,-0.02,0.8
1594,2021-07-30,8.55,8.7,8.76,8.46,695392,690819072.0,3.44,-0.11,-0.01,0.58
1595,2021-08-02,8.64,8.88,9.01,8.45,1058076,1067850320.0,6.44,2.07,0.18,0.88
1596,2021-08-03,8.82,8.78,8.92,8.75,549820,556191824.0,1.91,-1.13,-0.1,0.46
1597,2021-08-04,8.78,8.68,8.78,8.64,510741,510906720.0,1.59,-1.14,-0.1,0.43
1598,2021-08-05,8.89,9.17,9.53,8.89,1784318,1877786192.0,7.37,5.65,0.49,1.49
1599,2021-08-06,9.01,9.44,9.5,8.93,1167469,1236985648.0,6.22,2.94,0.27,0.98
1600,2021-08-09,9.35,10.25,10.52,9.32,2131280,2451874240.0,12.71,8.58,0.81,1.78
1601,2021-08-10,10.3,10.31,10.41,9.9,1329444,1522751040.0,4.98,0.59,0.06,1.11
1602,2021-08-11,10.68,11.28,11.47,10.68,2816973,3572432432.0,7.66,9.41,0.97,2.35
1603,2021-08-12,10.99,11.11,11.52,10.96,1230860,1538852240.0,4.96,-1.51,-0.17,1.03
1604,2021-08-13,11.07,10.71,11.15,10.67,1544204,1884288752.0,4.32,-3.6,-0.4,1.29
1605,2021-08-16,10.91,11.26,11.48,10.71,1519582,1794727888.0,7.19,5.14,0.55,1.27
1606,2021-08-17,11.21,11.62,11.84,11.07,1718453,2096863248.0,6.84,3.2,0.36,1.44
1607,2021-08-18,11.5,11.63,11.9,11.3,1236595,1512646288.0,5.16,0.09,0.01,1.03
1608,2021-08-19,11.52,11.22,11.54,11.08,1076007,1275708048.0,3.96,-3.53,-0.41,0.9
1609,2021-08-20,11.35,11.54,11.69,11.23,1093101,1322045568.0,4.1,2.85,0.32,0.91
1610,2021-08-23,11.47,11.34,11.6,11.3,573851,688914784.0,2.6,-1.73,-0.2,0.48
1611,2021-08-24,11.37,11.2,11.52,11.04,823943,972482720.0,4.23,-1.23,-0.14,0.69
1612,2021-08-25,11.29,10.91,11.3,10.82,808027,936831200.0,4.29,-2.59,-0.29,0.68
1613,2021-08-26,10.91,10.82,11.27,10.75,763494,881340624.0,4.77,-0.82,-0.09,0.64
1614,2021-08-27,10.79,10.62,10.86,10.51,771516,864408800.0,3.23,-1.85,-0.2,0.64
1615,2021-08-30,10.52,10.27,10.52,10.0,1094610,1187921408.0,4.9,-3.3,-0.35,0.91
1616,2021-08-31,10.27,10.81,10.9,10.23,1139729,1272688272.0,6.52,5.26,0.54,0.95
1617,2021-09-01,10.7,11.56,11.66,10.7,1489566,1787523440.0,8.88,6.94,0.75,1.24
1618,2021-09-02,11.67,11.85,12.3,11.54,1479116,1840799584.0,6.57,2.51,0.29,1.24
1619,2021-09-03,11.72,11.7,12.07,11.5,1027467,1266944688.0,4.81,-1.27,-0.15,0.86
1620,2021-09-06,11.61,11.46,11.82,11.43,613547,744216432.0,3.33,-2.05,-0.24,0.51
1621,2021-09-07,11.49,11.47,11.55,11.24,604540,725022704.0,2.71,0.09,0.01,0.51
1622,2021-09-08,11.52,11.34,11.56,11.28,397027,475274832.0,2.44,-1.13,-0.13,0.33
1623,2021-09-09,11.34,11.5,11.6,11.16,707820,850198432.0,3.88,1.41,0.16,0.59
1624,2021-09-10,11.52,11.88,11.94,11.51,1045100,1292152320.0,3.74,3.3,0.38,0.87
1625,2021-09-13,11.92,12.57,12.75,11.78,1733861,2259035184.0,8.16,5.81,0.69,1.45
1626,2021-09-14,12.54,12.41,12.84,12.3,1042825,1367553632.0,4.3,-1.27,-0.16,0.87
1627,2021-09-15,12.31,12.04,12.56,11.77,1131896,1436605968.0,6.37,-2.98,-0.37,0.95
1628,2021-09-16,12.21,11.7,12.24,11.57,1002264,1235031392.0,5.56,-2.82,-0.34,0.84
1629,2021-09-17,11.71,12.39,12.5,11.58,898521,1152391312.0,7.86,5.9,0.69,0.75
1630,2021-09-22,12.02,13.13,13.38,11.95,1899572,2587525696.0,11.54,5.97,0.74,1.59
1631,2021-09-23,13.22,13.1,13.64,12.97,1294994,1802281680.0,5.1,-0.23,-0.03,1.08
1632,2021-09-24,13.1,12.84,13.59,12.72,1074143,1472427072.0,6.64,-1.98,-0.26,0.9
1633,2021-09-27,12.92,12.33,12.97,12.2,851407,1104506928.0,6.0,-3.97,-0.51,0.71
1634,2021-09-28,13.02,13.05,13.52,13.01,1710119,2362467744.0,4.14,5.84,0.72,1.43
1635,2021-09-29,13.42,13.23,13.47,13.0,1111885,1537895680.0,3.6,1.38,0.18,0.93
1636,2021-09-30,13.42,13.45,13.97,13.34,1132134,1604766464.0,4.76,1.66,0.22,0.95
1637,2021-10-08,13.62,12.97,13.69,12.89,712475,978041792.0,5.95,-3.57,-0.48,0.6
1638,2021-10-11,13.02,13.31,13.74,13.02,917329,1288098512.0,5.55,2.62,0.34,0.77
1639,2021-10-12,13.3,13.51,14.0,13.18,1463530,2094511280.0,6.16,1.5,0.2,1.22
1640,2021-10-13,13.56,13.33,13.76,13.1,869560,1212100496.0,4.89,-1.33,-0.18,0.73
1641,2021-10-14,13.14,12.92,13.4,12.7,1113958,1511497008.0,5.25,-3.08,-0.41,0.93
1642,2021-10-15,12.92,13.22,13.32,12.8,859138,1177930656.0,4.02,2.32,0.3,0.72
1643,2021-10-18,13.05,12.72,13.21,12.1,1331382,1744050208.0,8.4,-3.78,-0.5,1.11
1644,2021-10-19,12.62,12.31,12.65,12.02,1285941,1656009392.0,4.95,-3.22,-0.41,1.07
1645,2021-10-20,12.31,12.18,12.4,12.02,740325,942568640.0,3.09,-1.06,-0.13,0.62
1646,2021-10-21,12.17,12.88,12.95,12.12,1226924,1625899040.0,6.81,5.75,0.7,1.02
1647,2021-10-22,13.1,13.13,13.96,12.95,1655255,2315783536.0,7.84,1.94,0.25,1.38
1648,2021-10-25,12.73,12.91,13.67,12.72,1157475,1581623568.0,7.24,-1.68,-0.22,0.97
1649,2021-10-26,12.92,12.47,13.07,12.38,938118,1236133472.0,5.34,-3.41,-0.44,0.78
1650,2021-10-27,12.59,12.43,12.7,12.22,777478,1012053344.0,3.85,-0.32,-0.04,0.65
1651,2021-10-28,12.61,12.35,12.61,12.05,701615,904912880.0,4.51,-0.64,-0.08,0.59
1652,2021-10-29,12.37,11.98,12.37,11.67,1139962,1420316144.0,5.67,-3.0,-0.37,0.95
1653,2021-11-01,11.98,11.67,12.17,11.57,791049,977843584.0,5.01,-2.59,-0.31,0.66
1654,2021-11-02,11.72,11.65,12.02,11.45,728656,894689984.0,4.88,-0.17,-0.02,0.61
1655,2021-11-03,11.63,12.33,12.47,11.54,1069144,1361918640.0,7.98,5.84,0.68,0.89
1656,2021-11-04,12.25,12.04,12.28,11.78,726181,915737616.0,4.06,-2.35,-0.29,0.61
1657,2021-11-05,11.92,11.66,11.96,11.64,670894,827821680.0,2.66,-3.16,-0.38,0.56
1658,2021-11-08,11.8,12.0,12.02,11.64,586721,731687760.0,3.26,2.92,0.34,0.49
1659,2021-11-09,11.93,11.97,12.14,11.74,523891,657123200.0,3.33,-0.25,-0.03,0.44
1660,2021-11-10,12.16,12.92,13.02,11.8,1584488,2076546384.0,10.19,7.94,0.95,1.32
1661,2021-11-11,13.1,14.27,14.27,13.08,2869468,4173020496.0,9.21,10.45,1.35,2.4
1662,2021-11-12,14.42,14.29,14.55,13.96,2153699,3200738704.0,4.13,0.14,0.02,1.8
1663,2021-11-15,14.28,13.91,14.29,13.53,1007850,1451489040.0,5.32,-2.66,-0.38,0.84
1664,2021-11-16,13.85,13.83,14.2,13.81,701862,1021992928.0,2.8,-0.58,-0.08,0.59
1665,2021-11-17,13.97,13.74,13.98,13.52,569457,812678656.0,3.33,-0.65,-0.09,0.48
1666,2021-11-18,13.83,13.42,13.96,13.28,617896,868229104.0,4.95,-2.33,-0.32,0.52
1667,2021-11-19,13.33,14.44,14.62,13.17,1458065,2127791920.0,10.8,7.6,1.02,1.22
1668,2021-11-22,14.5,13.53,14.52,13.39,1522137,2174954768.0,7.83,-6.3,-0.91,1.27
1669,2021-11-23,13.59,13.82,14.1,13.43,745268,1072061648.0,4.95,2.14,0.29,0.62
1670,2021-11-24,13.85,13.97,14.47,13.73,977096,1438019952.0,5.35,1.09,0.15,0.82
1671,2021-11-25,13.8,13.68,14.07,13.57,545338,780730912.0,3.58,-2.08,-0.29,0.46
1672,2021-11-26,13.62,13.48,13.65,13.31,535438,751399936.0,2.49,-1.46,-0.2,0.45
1673,2021-11-29,13.34,13.37,13.55,13.22,471249,656043824.0,2.45,-0.82,-0.11,0.39
1674,2021-11-30,13.28,13.27,13.56,13.17,535480,744120224.0,2.92,-0.75,-0.1,0.45
1675,2021-12-01,13.17,13.51,13.8,13.16,694660,980778960.0,4.82,1.81,0.24,0.58
1676,2021-12-02,13.42,13.87,14.13,13.24,677923,972988416.0,6.59,2.66,0.36,0.57
1677,2021-12-03,13.8,14.16,14.25,13.67,795084,1161841200.0,4.18,2.09,0.29,0.66
1678,2021-12-06,14.69,14.48,15.28,14.32,1440106,2196619280.0,6.78,2.26,0.32,1.2
1679,2021-12-07,14.97,14.32,15.17,14.12,1324130,2018189328.0,7.25,-1.1,-0.16,1.11
1680,2021-12-08,14.32,14.33,14.49,13.8,874496,1287875184.0,4.82,0.07,0.01,0.73
1681,2021-12-09,14.27,14.66,15.02,14.22,935067,1426791792.0,5.58,2.3,0.33,0.78
1682,2021-12-10,14.57,14.39,14.7,14.04,867884,1293134992.0,4.5,-1.84,-0.27,0.73
1683,2021-12-13,14.27,13.92,14.39,13.87,962201,1411314736.0,3.61,-3.27,-0.47,0.8
1684,2021-12-14,13.82,13.4,13.82,13.32,1077613,1512411536.0,3.59,-3.74,-0.52,0.9
1685,2021-12-15,13.37,13.69,13.89,13.3,617360,879143680.0,4.4,2.16,0.29,0.52
1686,2021-12-16,13.63,13.89,13.95,13.55,540427,777721152.0,2.92,1.46,0.2,0.45
1687,2021-12-17,13.91,13.85,14.27,13.79,587440,856067312.0,3.46,-0.29,-0.04,0.49
1688,2021-12-20,13.89,14.12,14.36,13.82,697381,1028087360.0,3.9,1.95,0.27,0.58
1689,2021-12-21,14.12,14.86,14.97,14.12,1160556,1781316208.0,6.02,5.24,0.74,0.97
1690,2021-12-22,14.87,14.9,15.03,14.62,828772,1281672112.0,2.76,0.27,0.04,0.69
1691,2021-12-23,14.84,15.02,15.15,14.63,628125,973479072.0,3.49,0.81,0.12,0.52
1692,2021-12-24,14.9,15.03,15.24,14.55,607051,941839904.0,4.59,0.07,0.01,0.51
1693,2021-12-27,15.22,14.71,15.44,14.6,889472,1380720416.0,5.59,-2.13,-0.32,0.74
1694,2021-12-28,14.61,14.62,14.75,14.29,602288,910077904.0,3.13,-0.61,-0.09,0.5
1695,2021-12-29,14.64,14.47,14.73,14.42,470678,711642288.0,2.12,-1.03,-0.15,0.39
1696,2021-12-30,14.43,14.52,14.77,14.35,441429,668620816.0,2.9,0.35,0.05,0.37
1697,2021-12-31,14.48,15.05,15.3,14.47,654052,1022262208.0,5.72,3.65,0.53,0.55
1698,2022-01-04,14.92,15.22,15.32,14.76,645214,1013405616.0,3.72,1.13,0.17,0.54
1699,2022-01-05,15.06,15.42,15.82,15.04,1173398,1883779312.0,5.12,1.31,0.2,0.98
1700,2022-01-06,15.4,14.93,15.58,14.82,810915,1272033536.0,4.93,-3.18,-0.49,0.68
1701,2022-01-07,15.17,15.57,15.76,15.02,950158,1529518640.0,4.96,4.29,0.64,0.79
1702,2022-01-10,15.2,15.89,16.02,15.14,1224319,1990885856.0,5.65,2.06,0.32,1.02
1703,2022-01-11,15.82,15.58,16.5,15.43,1356419,2242702144.0,6.73,-1.95,-0.31,1.13
1704,2022-01-12,15.5,15.42,15.62,15.06,729317,1164101280.0,3.59,-1.03,-0.16,0.61
1705,2022-01-13,15.41,14.97,15.79,14.93,633890,1003299040.0,5.58,-2.92,-0.45,0.53
1706,2022-01-14,14.97,14.37,15.01,14.3,983226,1477495648.0,4.74,-4.01,-0.6,0.82
1707,2022-01-17,14.33,14.79,15.1,14.33,783321,1206395696.0,5.36,2.92,0.42,0.65
1708,2022-01-18,14.82,15.57,15.7,14.63,828542,1317079312.0,7.23,5.27,0.78,0.69
1709,2022-01-19,15.7,15.51,16.22,15.32,710453,1154404496.0,5.78,-0.39,-0.06,0.59
1710,2022-01-20,15.82,14.92,15.9,14.84,1233113,1949853536.0,6.83,-3.8,-0.59,1.03
1711,2022-01-21,14.92,14.9,15.21,14.67,639860,991202400.0,3.62,-0.13,-0.02,0.53
1712,2022-01-24,14.86,15.41,15.61,14.72,849945,1347855664.0,5.97,3.42,0.51,0.71
1713,2022-01-25,15.3,14.96,15.49,14.93,421763,663756512.0,3.63,-2.92,-0.45,0.35
1714,2022-01-26,15.2,14.97,15.21,14.78,448277,696887632.0,2.87,0.07,0.01,0.37
1715,2022-01-27,14.97,15.07,15.49,14.62,577100,906916192.0,5.81,0.67,0.1,0.48
1716,2022-01-28,15.17,15.12,15.55,14.98,788065,1251595648.0,3.78,0.33,0.05,0.66
1717,2022-02-07,15.14,15.38,15.54,14.72,815313,1285701520.0,5.42,1.72,0.26,0.68
1718,2022-02-08,15.23,15.22,15.55,15.09,830743,1320397424.0,2.99,-1.04,-0.16,0.69
1719,2022-02-09,15.28,15.01,15.92,14.89,1130076,1805740816.0,6.77,-1.38,-0.21,0.94
1720,2022-02-10,14.82,15.44,15.9,14.53,1348783,2158128032.0,9.13,2.86,0.43,1.13
1721,2022-02-11,15.39,15.17,15.88,15.12,968452,1554835888.0,4.92,-1.75,-0.27,0.81
1722,2022-02-14,14.99,14.73,15.19,14.62,762026,1173056032.0,3.76,-2.9,-0.44,0.64
1723,2022-02-15,14.73,14.74,14.85,14.6,510200,780407024.0,1.7,0.07,0.01,0.43
1724,2022-02-16,14.76,15.26,15.45,14.62,708728,1115952064.0,5.63,3.53,0.52,0.59
1725,2022-02-17,15.29,14.91,15.29,14.7,682505,1055084464.0,3.87,-2.29,-0.35,0.57
1726,2022-02-18,14.92,15.75,15.78,14.92,1293488,2075701520.0,5.77,5.63,0.84,1.08
1727,2022-02-21,15.78,15.76,15.87,15.48,762471,1239554336.0,2.48,0.06,0.01,0.64
1728,2022-02-22,15.76,15.87,16.17,15.52,698137,1146587696.0,4.12,0.7,0.11,0.58
1729,2022-02-23,15.84,15.5,15.9,15.31,607436,976156384.0,3.72,-2.33,-0.37,0.51
1730,2022-02-24,15.44,15.39,15.74,15.26,503131,806894944.0,3.1,-0.71,-0.11,0.42
1731,2022-02-25,15.37,15.23,15.77,15.14,656160,1046527104.0,4.09,-1.04,-0.16,0.55
1732,2022-02-28,15.15,15.24,15.4,14.92,475295,747608336.0,3.15,0.07,0.01,0.4
1733,2022-03-01,15.24,15.77,15.84,15.15,706499,1141783248.0,4.53,3.48,0.53,0.59
1734,2022-03-02,15.86,15.97,16.42,15.79,841782,1401918912.0,3.99,1.27,0.2,0.7
1735,2022-03-03,16.02,16.53,16.65,16.02,1028372,1756733552.0,3.94,3.51,0.56,0.86
1736,2022-03-04,16.43,16.44,16.57,16.07,677754,1147429040.0,3.02,-0.54,-0.09,0.57
1737,2022-03-07,16.42,16.58,17.03,16.31,1059608,1836319456.0,4.38,0.85,0.14,0.89
1738,2022-03-08,16.52,16.22,16.69,16.13,597473,1014745488.0,3.38,-2.17,-0.36,0.5
1739,2022-03-09,16.3,15.64,16.51,15.06,1407799,2295472912.0,8.94,-3.58,-0.58,1.18
1740,2022-03-10,15.82,15.58,15.9,15.27,737608,1192062896.0,4.03,-0.38,-0.06,0.62
1741,2022-03-11,15.42,15.65,15.67,15.13,504991,807813792.0,3.47,0.45,0.07,0.42
1742,2022-03-14,15.33,15.76,16.5,15.22,1054908,1753734096.0,8.18,0.7,0.11,0.88
1743,2022-03-15,15.62,14.13,15.72,14.13,1216108,1866358688.0,10.09,-10.34,-1.63,1.02
1744,2022-03-16,13.92,14.41,14.72,13.04,1690200,2448022512.0,11.89,1.98,0.28,1.41
1745,2022-03-17,15.03,14.86,15.16,14.66,1292185,2002830544.0,3.47,3.12,0.45,1.08
1746,2022-03-18,14.62,16.4,16.4,14.52,1251615,2019119696.0,12.65,10.36,1.54,1.05
1747,2022-03-21,16.23,16.09,16.29,15.59,1084380,1787800160.0,4.27,-1.89,-0.31,0.91
1748,2022-03-22,15.8,16.64,17.0,15.7,1303666,2237476912.0,8.08,3.42,0.55,1.09
1749,2022-03-23,16.64,16.65,17.05,16.11,1193403,2040659408.0,5.65,0.06,0.01,1.0
1750,2022-03-24,16.34,16.49,16.72,16.29,505586,863914288.0,2.58,-0.96,-0.16,0.42
1751,2022-03-25,16.33,16.19,16.65,16.12,691026,1167581504.0,3.21,-1.82,-0.3,0.58
1752,2022-03-28,16.13,16.36,16.72,15.93,945500,1603628656.0,4.88,1.05,0.17,0.79
1753,2022-03-29,16.11,16.22,16.5,15.98,620394,1044556352.0,3.18,-0.86,-0.14,0.52
1754,2022-03-30,16.32,17.14,17.42,16.14,1247158,2174048576.0,7.89,5.67,0.92,1.04
1755,2022-03-31,17.12,17.12,17.6,16.82,1002089,1777714800.0,4.55,-0.12,-0.02,0.84
1756,2022-04-01,16.95,17.63,17.8,16.57,1392034,2460832400.0,7.18,2.98,0.51,1.16
1757,2022-04-06,17.72,17.72,18.3,17.45,1313419,2422593744.0,4.82,0.51,0.09,1.1
1758,2022-04-07,17.46,17.04,17.66,16.97,896583,1597745696.0,3.89,-3.84,-0.68,0.75
1759,2022-04-08,16.94,17.63,17.83,16.72,991374,1773260160.0,6.51,3.46,0.59,0.83
1760,2022-04-11,17.36,17.35,17.72,16.93,835383,1502007392.0,4.48,-1.59,-0.28,0.7
1761,2022-04-12,17.43,16.57,17.62,16.3,997225,1747179664.0,7.61,-4.5,-0.78,0.83
1762,2022-04-13,16.57,17.2,17.82,16.19,1139071,2009314704.0,9.84,3.8,0.63,0.95
1763,2022-04-14,17.15,18.35,18.7,16.99,1456511,2689551232.0,9.94,6.69,1.15,1.22
1764,2022-04-15,18.04,18.74,19.3,18.0,1279742,2472632592.0,7.08,2.13,0.39,1.07
1765,2022-04-18,18.3,17.81,18.73,17.6,1031606,1925229904.0,6.03,-4.96,-0.93,0.86
1766,2022-04-19,17.92,17.8,18.03,17.32,999242,1825888928.0,3.99,-0.06,-0.01,0.83
1767,2022-04-20,17.82,16.85,17.82,16.34,1839609,3206246688.0,8.31,-5.34,-0.95,1.54
1768,2022-04-21,16.72,16.93,17.3,16.53,967255,1693446864.0,4.57,0.47,0.08,0.81
1769,2022-04-22,16.67,17.2,17.62,16.19,1181774,2088522576.0,8.45,1.59,0.27,0.99
1770,2022-04-25,16.91,16.41,17.62,16.37,1162217,2035850688.0,7.27,-4.59,-0.79,0.97
1771,2022-04-26,16.47,16.99,17.45,16.34,1059103,1859099744.0,6.76,3.53,0.58,0.88
1772,2022-04-27,16.86,16.2,17.34,15.82,1488972,2522481776.0,8.95,-4.65,-0.79,1.24
1773,2022-04-28,16.37,17.22,17.4,16.15,1236071,2164837552.0,7.72,6.3,1.02,1.03
1774,2022-04-29,17.02,17.54,17.9,16.62,1508981,2692736832.0,7.43,1.86,0.32,1.26
1775,2022-05-05,17.6,16.96,17.77,16.4,1316063,2303762288.0,7.81,-3.31,-0.58,1.1
1776,2022-05-06,16.45,15.81,16.78,15.6,1111595,1857214288.0,6.96,-6.78,-1.15,0.93
1777,2022-05-09,15.61,15.69,16.06,15.39,802087,1304318976.0,4.24,-0.76,-0.12,0.67
1778,2022-05-10,15.38,15.87,16.11,14.83,1585818,2536987664.0,8.16,1.15,0.18,1.32
1779,2022-05-11,15.69,15.25,15.88,15.09,1633026,2600080000.0,4.98,-3.91,-0.62,1.36
1780,2022-05-12,15.32,15.02,15.47,14.66,1238632,1938048720.0,5.31,-1.51,-0.23,1.03
1781,2022-05-13,15.3,16.01,16.04,15.08,1590424,2572346416.0,6.39,6.59,0.99,1.33
1782,2022-05-16,16.58,16.36,16.75,15.6,1583296,2651642912.0,7.18,2.19,0.35,1.32
1783,2022-05-17,16.11,16.37,16.62,15.95,799853,1350312064.0,4.1,0.06,0.01,0.67
1784,2022-05-18,16.29,16.19,16.54,15.82,787785,1319535488.0,4.4,-1.1,-0.18,0.66
1785,2022-05-19,15.93,16.61,16.86,15.89,917256,1573434752.0,5.99,2.59,0.42,0.77
1786,2022-05-20,16.92,16.46,16.97,16.22,931275,1598708960.0,4.52,-0.9,-0.15,0.78
1787,2022-05-23,16.42,15.51,16.46,15.42,1588668,2590509168.0,6.32,-5.77,-0.95,1.33
1788,2022-05-24,15.43,15.6,15.82,15.36,949952,1535786960.0,2.97,0.58,0.09,0.79
1789,2022-05-25,15.6,15.64,15.78,15.26,558389,901412992.0,3.33,0.26,0.04,0.47
1790,2022-05-26,15.62,15.85,16.11,15.44,817572,1341276336.0,4.28,1.34,0.21,0.68
1791,2022-05-27,15.78,15.73,15.91,15.5,669632,1088415664.0,2.59,-0.76,-0.12,0.56
1792,2022-05-30,15.59,15.28,15.8,15.11,894553,1426827472.0,4.39,-2.86,-0.45,0.75
1793,2022-05-31,15.19,14.93,15.34,14.82,1514886,2363333360.0,3.4,-2.29,-0.35,1.27
1794,2022-06-01,14.93,15.17,15.32,14.92,837863,1317372672.0,2.68,1.61,0.24,0.7
1795,2022-06-02,15.02,14.72,15.17,14.52,1210574,1855641376.0,4.28,-2.97,-0.45,1.01
1796,2022-06-06,14.53,14.35,14.59,13.92,2173771,3197161488.0,4.55,-2.51,-0.37,1.82
1797,2022-06-07,14.24,14.7,14.78,14.2,1132093,1712574848.0,4.04,2.44,0.35,0.95
1798,2022-06-08,14.67,14.5,14.73,14.35,1291576,1946273584.0,2.59,-1.36,-0.2,1.08
1799,2022-06-09,14.47,15.0,15.25,14.43,1577650,2458566464.0,5.66,3.45,0.5,1.32
1800,2022-06-10,14.92,14.95,15.16,14.78,925013,1434577088.0,2.53,-0.33,-0.05,0.77
1801,2022-06-13,14.77,14.25,14.9,14.15,1193076,1781739408.0,5.02,-4.68,-0.7,1.0
1802,2022-06-14,14.17,14.56,14.63,14.16,934077,1404991616.0,3.3,2.18,0.31,0.78
1803,2022-06-15,14.55,15.29,15.73,14.36,1868930,2963580272.0,9.41,5.01,0.73,1.56
1804,2022-06-16,15.3,15.01,15.86,14.9,1000869,1585705296.0,6.28,-1.83,-0.28,0.84
1805,2022-06-17,14.95,15.0,15.19,14.84,750752,1170895856.0,2.33,-0.07,-0.01,0.63
1806,2022-06-20,15.18,15.48,15.8,15.07,1479847,2376865728.0,4.87,3.2,0.48,1.24
1807,2022-06-21,15.54,15.69,16.36,15.42,1498264,2479259616.0,6.07,1.36,0.21,1.25
1808,2022-06-22,15.7,15.46,15.99,15.38,720542,1166244512.0,3.89,-1.47,-0.23,0.6
1809,2022-06-23,15.47,15.99,16.08,15.36,829416,1362694768.0,4.66,3.43,0.53,0.69
1810,2022-06-24,15.92,15.65,16.17,15.44,972512,1576154960.0,4.57,-2.13,-0.34,0.81
1811,2022-06-27,15.67,16.01,16.31,15.52,1146020,1889106976.0,5.05,2.3,0.36,0.96
1812,2022-06-28,15.88,15.58,16.03,15.47,1018969,1649170352.0,3.5,-2.69,-0.43,0.85
1813,2022-06-29,15.59,16.72,17.08,15.51,1889649,3211690816.0,10.08,7.32,1.14,1.58
1814,2022-06-30,16.92,16.88,17.2,16.42,1150839,2001350432.0,4.67,0.96,0.16,0.96
1815,2022-07-01,16.89,16.94,17.5,16.75,1191701,2102628176.0,4.44,0.36,0.06,1.0
1816,2022-07-04,16.86,16.84,17.12,16.54,1019258,1766034080.0,3.42,-0.59,-0.1,0.85
1817,2022-07-05,16.69,16.43,16.83,16.02,1638221,2770038000.0,4.81,-2.43,-0.41,1.37
1818,2022-07-06,16.44,16.2,16.5,16.0,732714,1184225376.0,3.04,-1.4,-0.23,0.61
1819,2022-07-07,16.43,16.09,16.48,15.97,671237,1085809680.0,3.15,-0.68,-0.11,0.56
1820,2022-07-08,16.1,16.22,16.42,15.91,678206,1098309990.0,3.17,0.81,0.13,0.57
1821,2022-07-11,16.02,15.89,16.35,15.72,714855,1145872742.0,3.88,-2.03,-0.33,0.6
1822,2022-07-12,15.91,16.21,16.42,15.89,742621,1203321924.0,3.34,2.01,0.32,0.62
1823,2022-07-13,16.39,16.6,17.15,16.3,1046775,1753735259.0,5.24,2.41,0.39,0.87
1824,2022-07-14,16.47,16.62,17.05,16.33,1191297,1982650229.0,4.34,0.12,0.02,1.0
1825,2022-07-15,16.8,15.78,16.84,15.48,1551178,2469435721.0,8.18,-5.05,-0.84,1.3
1826,2022-07-18,15.79,16.49,16.55,15.68,1113118,1800748311.0,5.51,4.5,0.71,0.93
1827,2022-07-19,16.36,16.5,16.58,15.95,826936,1347828801.0,3.82,0.06,0.01,0.69
1828,2022-07-20,16.46,16.35,16.65,16.21,489704,803402664.0,2.67,-0.91,-0.15,0.41
1829,2022-07-21,16.32,15.78,16.32,15.7,964787,1530720586.0,3.79,-3.49,-0.57,0.81
1830,2022-07-22,15.83,15.63,16.04,15.54,598281,940821774.0,3.17,-0.95,-0.15,0.5
1831,2022-07-25,15.8,16.1,16.24,15.71,819778,1316214620.0,3.39,3.01,0.47,0.68
1832,2022-07-26,16.02,17.03,17.12,16.0,1246778,2090064838.0,6.96,5.78,0.93,1.04
1833,2022-07-27,16.9,17.22,17.38,16.6,950655,1621333628.0,4.58,1.12,0.19,0.79
1834,2022-07-28,17.08,16.98,17.46,16.78,708717,1208269755.0,3.95,-1.39,-0.24,0.59
1835,2022-07-29,16.86,16.67,17.08,16.49,737364,1231376506.0,3.47,-1.83,-0.31,0.62
1836,2022-08-01,16.66,16.25,16.67,15.96,1278250,2066114274.0,4.26,-2.52,-0.42,1.07
1837,2022-08-02,16.08,16.04,16.21,15.8,962334,1541558297.0,2.52,-1.29,-0.21,0.8
1838,2022-08-03,16.03,15.39,16.19,15.24,1062622,1653158056.0,5.92,-4.05,-0.65,0.89
1839,2022-08-04,15.36,15.33,15.54,15.03,709993,1084517102.0,3.31,-0.39,-0.06,0.59
1840,2022-08-05,15.33,15.36,15.43,15.09,612100,933785687.0,2.22,0.2,0.03,0.51
1841,2022-08-08,15.36,15.11,15.75,15.03,827528,1260958163.0,4.69,-1.63,-0.25,0.69
1842,2022-08-09,15.06,15.13,15.38,14.85,513602,778269125.0,3.51,0.13,0.02,0.43
1843,2022-08-10,15.1,14.92,15.23,14.83,557258,833626226.0,2.64,-1.39,-0.21,0.47
1844,2022-08-11,14.99,15.28,15.35,14.96,628487,955966941.0,2.61,2.41,0.36,0.53
1845,2022-08-12,15.2,15.55,15.64,15.16,628871,971805723.0,3.14,1.77,0.27,0.53
1846,2022-08-15,15.43,15.64,16.11,15.43,811582,1284963385.0,4.37,0.58,0.09,0.68
1847,2022-08-16,15.77,15.73,16.11,15.64,515571,816295933.0,3.01,0.58,0.09,0.43
1848,2022-08-17,15.73,16.36,16.66,15.61,1055229,1715739783.0,6.68,4.01,0.63,0.88
1849,2022-08-18,16.37,16.21,16.64,16.05,480334,781929633.0,3.61,-0.92,-0.15,0.4
1850,2022-08-19,16.22,16.81,16.94,16.19,943452,1578586353.0,4.63,3.7,0.6,0.79
1851,2022-08-22,16.77,16.7,16.96,16.55,592560,991393326.0,2.44,-0.65,-0.11,0.5
1852,2022-08-23,16.7,16.46,16.83,16.31,632781,1041917844.0,3.11,-1.44,-0.24,0.53
1853,2022-08-24,16.47,16.42,16.84,16.33,590163,975554549.0,3.1,-0.24,-0.04,0.49
1854,2022-08-25,16.6,16.89,16.94,16.51,722811,1215031812.0,2.62,2.86,0.47,0.6
1855,2022-08-26,16.85,16.68,16.89,16.45,441323,736139882.0,2.61,-1.24,-0.21,0.37
1856,2022-08-29,16.48,16.61,16.78,16.21,426695,702731742.0,3.42,-0.42,-0.07,0.36
1857,2022-08-30,16.65,16.95,17.11,16.6,535284,904608097.0,3.07,2.05,0.34,0.45
1858,2022-08-31,16.95,17.3,17.41,16.85,817999,1409226004.0,3.3,2.06,0.35,0.68
1859,2022-09-01,17.26,17.31,17.67,17.11,651758,1137011143.0,3.24,0.06,0.01,0.54
1860,2022-09-02,17.35,17.02,17.41,16.75,647454,1099681317.0,3.81,-1.68,-0.29,0.54
1861,2022-09-05,17.1,17.22,17.33,16.85,615916,1053455280.0,2.82,1.18,0.2,0.51
1862,2022-09-06,17.21,17.63,17.83,17.11,946064,1667329699.0,4.18,2.38,0.41,0.79
1863,2022-09-07,17.55,17.55,17.73,17.3,488417,855442664.0,2.44,-0.45,-0.08,0.41
1864,2022-09-08,17.58,17.58,17.71,17.1,544826,951370245.0,3.48,0.17,0.03,0.46
1865,2022-09-09,17.49,18.47,18.56,17.42,1358947,2486154980.0,6.48,5.06,0.89,1.14
1866,2022-09-13,18.32,18.09,18.45,17.97,741761,1348840687.0,2.6,-2.06,-0.38,0.62
1867,2022-09-14,18.0,18.14,18.68,17.93,697832,1279893857.0,4.15,0.28,0.05,0.58
1868,2022-09-15,18.3,18.85,19.05,18.3,1026209,1927984183.0,4.13,3.91,0.71,0.86
1869,2022-09-16,18.8,18.05,18.96,17.97,1306834,2391452357.0,5.25,-4.24,-0.8,1.09
1870,2022-09-19,17.98,18.44,18.52,17.86,844590,1543996495.0,3.66,2.16,0.39,0.71
1871,2022-09-20,18.49,17.64,18.53,17.42,1119874,1991075104.0,6.02,-4.34,-0.8,0.94
1872,2022-09-21,17.64,17.83,18.07,17.43,630829,1123776378.0,3.63,1.08,0.19,0.53
1873,2022-09-22,17.85,17.52,17.9,17.11,828287,1436822266.0,4.43,-1.74,-0.31,0.69
1874,2022-09-23,17.44,17.55,18.03,17.44,557436,987855419.0,3.37,0.17,0.03,0.47
1875,2022-09-26,17.8,17.69,18.13,17.63,645118,1155124888.0,2.85,0.8,0.14,0.54
1876,2022-09-27,17.72,17.67,17.84,17.17,619438,1085098187.0,3.79,-0.11,-0.02,0.52
1877,2022-09-28,17.58,17.52,17.86,17.31,461444,812062535.0,3.11,-0.85,-0.15,0.39
1878,2022-09-29,17.53,17.28,17.64,17.17,573235,997017333.0,2.68,-1.37,-0.24,0.48
1879,2022-09-30,17.66,18.0,18.27,17.4,959228,1712173406.0,5.03,4.17,0.72,0.8
1880,2022-10-10,17.8,18.32,19.0,17.76,1112187,2049241050.0,6.89,1.78,0.32,0.93
1881,2022-10-11,18.32,17.89,18.39,17.78,584191,1051209014.0,3.33,-2.35,-0.43,0.49
1882,2022-10-12,17.79,18.13,18.43,17.75,586545,1056581690.0,3.8,1.34,0.24,0.49
1883,2022-10-13,18.0,17.68,18.12,17.01,964836,1684132388.0,6.12,-2.48,-0.45,0.81
1884,2022-10-14,17.68,17.25,18.12,17.06,1078607,1880827424.0,6.0,-2.43,-0.43,0.9
1885,2022-10-17,17.02,17.09,17.26,16.35,879592,1479980532.0,5.28,-0.93,-0.16,0.73
1886,2022-10-18,17.09,16.79,17.24,16.6,657155,1106480073.0,3.74,-1.76,-0.3,0.55
1887,2022-10-19,16.77,16.87,17.14,16.7,554778,940729005.0,2.62,0.48,0.08,0.46
1888,2022-10-20,16.86,16.6,17.01,16.42,637612,1060228357.0,3.5,-1.6,-0.27,0.53
1889,2022-10-21,16.7,16.77,17.37,16.67,791406,1346598334.0,4.22,1.02,0.17,0.66
1890,2022-10-24,16.51,16.24,16.61,16.13,922177,1505906466.0,2.86,-3.16,-0.53,0.77
1891,2022-10-25,16.27,16.15,16.43,16.0,710848,1147468452.0,2.65,-0.55,-0.09,0.59
1892,2022-10-26,16.1,15.49,16.2,15.4,1121066,1752722192.0,4.95,-4.09,-0.66,0.94
1893,2022-10-27,15.52,15.7,15.91,15.49,685814,1080774116.0,2.71,1.36,0.21,0.57
1894,2022-10-28,15.7,15.33,15.88,15.25,634439,985624309.0,4.01,-2.36,-0.37,0.53
1895,2022-10-31,14.85,13.8,14.95,13.8,1788938,2495909822.0,7.5,-9.98,-1.53,1.49
1896,2022-11-01,13.66,13.61,13.87,12.88,2530971,3366806582.0,7.17,-1.38,-0.19,2.11
1897,2022-11-02,13.39,13.97,14.13,13.2,1517757,2086048643.0,6.83,2.65,0.36,1.27
1898,2022-11-03,13.73,13.66,14.08,13.48,949771,1303373973.0,4.29,-2.22,-0.31,0.79
1899,2022-11-04,13.62,14.06,14.33,13.6,1051202,1475325053.0,5.34,2.93,0.4,0.88
1900,2022-11-07,14.03,14.04,14.16,13.77,801048,1118703974.0,2.77,-0.14,-0.02,0.67
1901,2022-11-08,14.04,14.0,14.34,13.85,913008,1287795951.0,3.49,-0.28,-0.04,0.76
1902,2022-11-09,14.23,14.35,14.88,14.23,1370009,1990921838.0,4.64,2.5,0.35,1.14
1903,2022-11-10,14.28,14.39,14.53,13.91,658592,940626016.0,4.32,0.28,0.04,0.55
1904,2022-11-11,14.71,15.83,15.83,14.69,1879573,2896761506.0,7.92,10.01,1.44,1.57
1905,2022-11-14,16.62,16.29,17.0,15.86,2227121,3670924757.0,7.2,2.91,0.46,1.86
1906,2022-11-15,16.14,16.1,16.61,15.86,1351787,2184572290.0,4.6,-1.17,-0.19,1.13
1907,2022-11-16,16.01,15.65,16.06,15.4,1051834,1645858804.0,4.1,-2.8,-0.45,0.88
1908,2022-11-17,15.58,15.7,15.82,15.39,658195,1030497390.0,2.75,0.32,0.05,0.55
1909,2022-11-18,15.67,15.57,15.73,15.3,765562,1189697957.0,2.74,-0.83,-0.13,0.64
1910,2022-11-21,15.35,15.64,15.66,14.91,976896,1489651180.0,4.82,0.45,0.07,0.82
1911,2022-11-22,15.71,15.72,16.02,15.51,763560,1203228215.0,3.26,0.51,0.08,0.64
1912,2022-11-23,15.59,15.82,15.97,15.58,501290,792832859.0,2.48,0.64,0.1,0.42
1913,2022-11-24,16.12,15.93,16.31,15.58,770134,1226574839.0,4.61,0.7,0.11,0.64
1914,2022-11-25,15.97,16.84,16.99,15.97,1536032,2543876839.0,6.4,5.71,0.91,1.28
1915,2022-11-28,16.4,16.33,16.64,16.25,751950,1233717956.0,2.32,-3.03,-0.51,0.63
1916,2022-11-29,16.95,17.9,17.96,16.72,2011638,3489985279.0,7.59,9.61,1.57,1.68
1917,2022-11-30,17.49,16.65,17.86,16.52,2044985,3485165453.0,7.49,-6.98,-1.25,1.71
1918,2022-12-01,16.75,16.57,16.86,16.41,1236559,2051265544.0,2.7,-0.48,-0.08,1.03
1919,2022-12-02,16.4,16.15,16.4,15.75,1466440,2346771709.0,3.92,-2.53,-0.42,1.23
1920,2022-12-05,16.16,16.3,16.6,16.16,1245729,2042446201.0,2.72,0.93,0.15,1.04
1921,2022-12-06,16.15,16.09,16.2,15.82,931381,1489644465.0,2.33,-1.29,-0.21,0.78
1922,2022-12-07,15.99,15.7,16.06,15.45,1027783,1611848625.0,3.79,-2.42,-0.39,0.86
1923,2022-12-08,15.7,15.95,16.09,15.65,917577,1461476108.0,2.8,1.59,0.25,0.77
1924,2022-12-09,16.09,16.45,16.62,16.02,1239042,2023666441.0,3.76,3.13,0.5,1.04
1925,2022-12-12,16.26,15.75,16.26,15.7,757554,1204854750.0,3.4,-4.26,-0.7,0.63
1926,2022-12-13,15.72,15.96,16.13,15.64,642747,1022881571.0,3.11,1.33,0.21,0.54
1927,2022-12-14,15.94,15.77,15.94,15.68,529222,835218196.0,1.63,-1.19,-0.19,0.44
1928,2022-12-15,15.6,15.72,15.82,15.1,1038223,1602559398.0,4.57,-0.32,-0.05,0.87
1929,2022-12-16,15.86,16.02,16.21,15.65,862157,1378118215.0,3.56,1.91,0.3,0.72
1930,2022-12-19,15.96,15.77,16.3,15.6,787654,1251188343.0,4.37,-1.56,-0.25,0.66
1931,2022-12-20,15.52,15.39,15.67,15.28,501687,774385314.0,2.47,-2.41,-0.38,0.42
1932,2022-12-21,15.36,15.38,15.53,15.27,368601,567291905.0,1.69,-0.06,-0.01,0.31
1933,2022-12-22,15.52,15.46,15.65,15.35,342934,530720481.0,1.95,0.52,0.08,0.29
1934,2022-12-23,15.35,15.66,15.78,15.31,454529,710987981.0,3.04,1.29,0.2,0.38
1935,2022-12-26,15.66,15.13,15.8,15.06,746522,1136678340.0,4.73,-3.38,-0.53,0.62
1936,2022-12-27,15.18,15.26,15.53,15.09,501594,768548610.0,2.91,0.86,0.13,0.42
1937,2022-12-28,15.2,15.37,15.53,15.08,506444,776390289.0,2.95,0.72,0.11,0.42
1938,2022-12-29,15.28,15.01,15.31,14.85,626668,937285069.0,2.99,-2.34,-0.36,0.52
1939,2022-12-30,14.99,15.13,15.2,14.78,614806,923681121.0,2.8,0.8,0.12,0.51
