,日期,开盘,收盘,最高,最低,成交量,成交额,振幅,涨跌幅,涨跌额,换手率
0,2015-01-05,2.85,2.9,3.02,2.75,417407,335442976.0,9.51,2.11,0.06,2.93
1,2015-01-06,2.86,2.82,2.89,2.73,282939,224578074.0,5.52,-2.76,-0.08,1.99
2,2015-01-07,2.81,2.71,2.81,2.64,274965,214225410.0,6.03,-3.9,-0.11,1.93
3,2015-01-08,2.72,2.68,2.76,2.67,185726,144835069.0,3.32,-1.11,-0.03,1.31
4,2015-01-09,2.65,2.68,2.73,2.61,183095,142029775.0,4.48,0.0,0.0,1.29
5,2015-01-12,2.71,2.55,2.71,2.53,157784,120933029.0,6.72,-4.85,-0.13,1.11
6,2015-01-13,2.57,2.58,2.61,2.53,100502,76405725.0,3.14,1.18,0.03,0.71
7,2015-01-14,2.59,2.51,2.61,2.44,109223,82342089.0,6.59,-2.71,-0.07,0.77
8,2015-01-15,2.51,2.63,2.65,2.48,103264,78381144.0,6.77,4.78,0.12,0.73
9,2015-01-16,2.64,2.68,2.68,2.61,133595,102970163.0,2.66,1.9,0.05,0.94
10,2015-01-19,2.5,2.3,2.61,2.2,209043,155142519.0,15.3,-14.18,-0.38,1.47
11,2015-01-20,2.31,2.51,2.53,2.31,163724,121337382.0,9.57,9.13,0.21,1.15
12,2015-01-21,2.51,2.6,2.62,2.49,130623,99325339.0,5.18,3.59,0.09,0.92
13,2015-01-22,2.59,2.62,2.64,2.53,135328,103068071.0,4.23,0.77,0.02,0.95
14,2015-01-23,2.62,2.53,2.63,2.48,141487,107247137.0,5.73,-3.44,-0.09,0.99
15,2015-01-26,2.53,2.63,2.63,2.46,130423,98908171.0,6.72,3.95,0.1,0.92
16,2015-01-27,2.64,2.78,2.83,2.6,369578,287722032.0,8.75,5.7,0.15,2.6
17,2015-01-28,2.75,2.75,2.82,2.71,194431,152785283.0,3.96,-1.08,-0.03,1.37
18,2015-01-29,2.71,2.63,2.71,2.58,135570,104463016.0,4.73,-4.36,-0.12,0.95
19,2015-01-30,2.63,2.5,2.65,2.49,127197,96275173.0,6.08,-4.94,-0.13,0.89
20,2015-02-02,2.38,2.51,2.56,2.37,86114,64644396.0,7.6,0.4,0.01,0.61
21,2015-02-03,2.51,2.54,2.55,2.44,160416,120433039.0,4.38,1.2,0.03,1.13
22,2015-02-04,2.55,2.46,2.55,2.44,122065,91443871.0,4.33,-3.15,-0.08,0.86
23,2015-02-05,2.53,2.47,2.56,2.44,147997,110728607.0,4.88,0.41,0.01,1.04
24,2015-02-06,2.45,2.39,2.47,2.37,98422,72386895.0,4.05,-3.24,-0.08,0.69
25,2015-02-09,2.37,2.33,2.42,2.31,77748,56714236.0,4.6,-2.51,-0.06,0.55
26,2015-02-10,2.33,2.39,2.39,2.32,72893,53067575.0,3.0,2.58,0.06,0.51
27,2015-02-11,2.39,2.42,2.45,2.37,62702,46223434.0,3.35,1.26,0.03,0.44
28,2015-02-12,2.44,2.42,2.44,2.35,97576,71642587.0,3.72,0.0,0.0,0.69
29,2015-02-13,2.43,2.48,2.53,2.43,157352,117716420.0,4.13,2.48,0.06,1.11
30,2015-02-16,2.51,2.59,2.6,2.46,130666,98657155.0,5.65,4.44,0.11,0.92
31,2015-02-17,2.58,2.57,2.62,2.55,109587,83371617.0,2.7,-0.77,-0.02,0.77
32,2015-02-25,2.59,2.59,2.64,2.54,148321,113130202.0,3.89,0.78,0.02,1.04
33,2015-02-26,2.6,2.68,2.68,2.56,189500,145531472.0,4.63,3.47,0.09,1.33
34,2015-02-27,2.65,2.69,2.72,2.64,171687,133013239.0,2.99,0.37,0.01,1.21
35,2015-03-02,2.72,2.73,2.74,2.66,209826,163512702.0,2.97,1.49,0.04,1.47
36,2015-03-03,2.7,2.68,2.77,2.66,229703,178935435.0,4.03,-1.83,-0.05,1.61
37,2015-03-04,2.68,2.78,2.81,2.66,274445,216535469.0,5.6,3.73,0.1,1.93
38,2015-03-05,2.79,2.83,2.93,2.77,307594,245401647.0,5.76,1.8,0.05,2.16
39,2015-03-06,2.79,2.71,2.83,2.69,195953,153691134.0,4.95,-4.24,-0.12,1.38
40,2015-03-09,2.71,2.78,2.79,2.62,174079,136100915.0,6.27,2.58,0.07,1.22
41,2015-03-10,2.77,2.79,2.87,2.75,204991,162581927.0,4.32,0.36,0.01,1.44
42,2015-03-11,2.82,3.0,3.02,2.78,455939,369057600.0,8.6,7.53,0.21,3.2
43,2015-03-12,3.02,2.88,3.03,2.88,265709,216110153.0,5.0,-4.0,-0.12,1.87
44,2015-03-13,2.92,2.95,2.97,2.89,170646,138647286.0,2.78,2.43,0.07,1.2
45,2015-03-16,2.98,3.14,3.18,2.96,370480,310034576.0,7.46,6.44,0.19,2.6
46,2015-03-17,3.19,3.17,3.31,3.09,456668,388957728.0,7.01,0.96,0.03,3.21
47,2015-03-18,3.16,3.26,3.26,3.07,499523,422749456.0,5.99,2.84,0.09,3.51
48,2015-03-19,3.24,3.23,3.24,3.14,352573,299586544.0,3.07,-0.92,-0.03,2.48
49,2015-03-20,3.23,3.27,3.38,3.22,349482,302019824.0,4.95,1.24,0.04,2.46
50,2015-03-23,3.28,3.37,3.44,3.23,515492,449033968.0,6.42,3.06,0.1,3.62
51,2015-03-24,3.4,3.71,3.88,3.24,892874,802477536.0,18.99,10.09,0.34,6.27
52,2015-03-25,3.7,3.67,3.81,3.48,719370,660529600.0,8.89,-1.08,-0.04,5.06
53,2015-03-26,3.62,3.7,3.83,3.52,419784,385155856.0,8.45,0.82,0.03,2.95
54,2015-03-27,3.61,3.61,3.68,3.56,313644,285746480.0,3.24,-2.43,-0.09,2.2
55,2015-03-30,3.61,3.63,3.71,3.59,342824,313729424.0,3.32,0.55,0.02,2.41
56,2015-03-31,3.63,3.53,3.68,3.51,333266,303483072.0,4.68,-2.75,-0.1,2.34
57,2015-04-01,3.53,3.68,3.69,3.52,374827,341717360.0,4.82,4.25,0.15,2.63
58,2015-04-02,3.7,3.82,3.82,3.64,468126,434918784.0,4.89,3.8,0.14,3.29
59,2015-04-03,3.77,3.85,3.93,3.72,446907,422282416.0,5.5,0.79,0.03,3.14
60,2015-04-07,3.94,4.29,4.51,3.88,1326083,1349105088.0,16.36,11.43,0.44,9.32
61,2015-04-08,4.23,4.11,4.33,4.01,883031,872607152.0,7.46,-4.2,-0.18,6.21
62,2015-04-09,4.13,3.97,4.17,3.85,510242,491329056.0,7.79,-3.41,-0.14,3.59
63,2015-04-10,3.96,4.19,4.28,3.96,477822,473461952.0,8.06,5.54,0.22,3.36
64,2015-04-13,4.24,4.36,4.51,4.19,507040,516151664.0,7.64,4.06,0.17,3.56
65,2015-04-14,4.37,4.19,4.38,4.13,512953,511312000.0,5.73,-3.9,-0.17,3.6
66,2015-04-15,4.19,3.86,4.19,3.85,459870,444293824.0,8.11,-7.88,-0.33,3.23
67,2015-04-16,3.82,4.02,4.06,3.75,431143,412186592.0,8.03,4.15,0.16,3.03
68,2015-04-17,4.03,4.07,4.15,3.96,499483,485552816.0,4.73,1.24,0.05,3.51
69,2015-04-20,4.04,3.86,4.04,3.85,489756,470136928.0,4.67,-5.16,-0.21,3.44
70,2015-04-21,3.82,4.02,4.05,3.81,349335,337014320.0,6.22,4.15,0.16,2.45
71,2015-04-22,4.07,4.23,4.28,4.07,682488,681480704.0,5.22,5.22,0.21,4.8
72,2015-04-23,4.29,4.38,4.42,4.1,836437,842141744.0,7.57,3.55,0.15,5.88
73,2015-04-24,4.24,4.51,4.51,4.19,743499,758407216.0,7.31,2.97,0.13,5.22
74,2015-04-27,4.71,4.42,4.78,4.34,689091,718631824.0,9.76,-2.0,-0.09,4.84
75,2015-04-28,4.42,4.26,4.48,4.1,789799,795582832.0,8.6,-3.62,-0.16,5.55
76,2015-04-29,4.21,4.53,4.56,4.17,517460,530716896.0,9.15,6.34,0.27,3.64
77,2015-04-30,4.49,4.37,4.66,4.35,716721,744583696.0,6.84,-3.53,-0.16,5.04
78,2015-05-04,4.32,4.45,4.48,4.19,650431,664968352.0,6.64,1.83,0.08,4.57
79,2015-05-05,4.41,4.13,4.48,4.1,432865,435272624.0,8.54,-7.19,-0.32,3.04
80,2015-05-06,4.14,3.97,4.24,3.9,320126,315478096.0,8.23,-3.87,-0.16,2.25
81,2015-05-07,3.91,3.77,3.93,3.73,278598,262687970.0,5.04,-5.04,-0.2,1.96
82,2015-05-08,3.82,4.03,4.22,3.82,819335,795172128.0,10.61,6.9,0.26,5.76
83,2015-05-11,4.09,4.26,4.3,4.04,576845,573119056.0,6.45,5.71,0.23,4.05
84,2015-05-12,4.26,4.26,4.28,4.17,435366,435721984.0,2.58,0.0,0.0,3.06
85,2015-05-13,4.22,4.57,4.69,4.16,820266,845247840.0,12.44,7.28,0.31,5.76
86,2015-05-14,4.49,4.66,4.77,4.36,743626,783294848.0,8.97,1.97,0.09,5.23
87,2015-05-15,4.62,4.42,4.73,4.36,481544,500540384.0,7.94,-5.15,-0.24,3.38
88,2015-05-18,4.36,4.77,5.13,4.3,1583328,1731906752.0,18.78,7.92,0.35,11.13
89,2015-05-19,4.75,4.87,5.04,4.58,927111,1005617120.0,9.64,2.1,0.1,6.52
90,2015-05-20,4.88,4.97,5.32,4.8,940354,1057802544.0,10.68,2.05,0.1,6.61
91,2015-05-21,5.01,5.08,5.18,4.92,591050,661110864.0,5.23,2.21,0.11,4.15
92,2015-05-22,5.19,5.08,5.23,4.86,883375,989295632.0,7.28,0.0,0.0,6.21
93,2015-05-25,5.02,5.54,5.81,4.95,1252505,1461412320.0,16.93,9.06,0.46,8.8
94,2015-05-26,6.02,5.79,6.02,5.62,1295227,1591918576.0,7.22,4.51,0.25,9.1
95,2015-05-27,5.68,6.31,6.36,5.57,1038743,1304937424.0,13.64,8.98,0.52,7.3
96,2015-05-28,6.13,5.43,6.26,5.43,1090793,1327658736.0,13.15,-13.95,-0.88,7.67
97,2015-05-29,5.28,5.67,5.77,5.03,946186,1089890992.0,13.63,4.42,0.24,6.65
98,2015-06-01,5.76,6.27,6.46,5.57,920691,1139728288.0,15.7,10.58,0.6,6.47
99,2015-06-02,7.15,6.74,7.15,6.41,1810982,2479548880.0,11.8,7.5,0.47,12.73
100,2015-06-03,6.48,6.59,6.8,6.34,849344,1115091712.0,6.82,-2.23,-0.15,5.97
101,2015-06-04,6.48,6.51,6.77,5.73,738584,944981712.0,15.78,-1.21,-0.08,5.19
102,2015-06-05,7.04,6.75,7.04,6.47,1234489,1666438896.0,8.76,3.69,0.24,8.68
103,2015-06-08,6.68,6.5,6.77,6.31,768931,1004948240.0,6.81,-3.7,-0.25,5.4
104,2015-06-09,6.67,6.66,7.08,6.51,1558028,2103003456.0,8.77,2.46,0.16,10.95
105,2015-06-10,6.78,7.03,7.19,6.66,1578462,2159793376.0,7.96,5.56,0.37,11.09
106,2015-06-11,6.82,6.89,6.95,6.68,795235,1072365536.0,3.84,-1.99,-0.14,5.59
107,2015-06-12,6.93,7.22,7.3,6.8,1014167,1408314880.0,7.26,4.79,0.33,7.13
108,2015-06-15,7.35,7.27,7.64,7.23,1084298,1561703344.0,5.68,0.69,0.05,7.62
109,2015-06-16,7.09,6.58,7.13,6.48,724897,976899376.0,8.94,-9.49,-0.69,5.09
110,2015-06-17,6.61,6.77,6.86,6.28,499452,658351472.0,8.81,2.89,0.19,3.51
111,2015-06-18,6.68,6.35,6.93,6.33,482313,642971056.0,8.86,-6.2,-0.42,3.39
112,2015-06-19,6.13,5.47,6.3,5.47,500650,606010032.0,13.07,-13.86,-0.88,3.52
113,2015-06-23,5.42,5.45,5.61,4.68,446003,501980528.0,17.0,-0.37,-0.02,3.13
114,2015-06-24,5.53,5.6,5.67,5.3,482369,562492864.0,6.79,2.75,0.15,3.39
115,2015-06-25,5.62,5.4,5.93,5.35,540753,641636896.0,10.36,-3.57,-0.2,3.8
116,2015-06-26,5.13,4.62,5.35,4.62,534703,569761904.0,13.52,-14.44,-0.78,3.76
117,2015-06-29,4.87,4.02,4.87,3.91,584513,572692688.0,20.78,-12.99,-0.6,4.11
118,2015-06-30,4.06,4.53,4.61,3.38,581667,552209264.0,30.6,12.69,0.51,4.09
119,2015-07-01,4.41,3.91,4.67,3.89,459604,457872144.0,17.22,-13.69,-0.62,3.23
120,2015-07-02,4.0,3.27,4.06,3.26,556184,491793376.0,20.46,-16.37,-0.64,3.91
121,2015-07-03,3.02,2.69,3.44,2.69,595086,465008848.0,22.94,-17.74,-0.58,4.18
122,2015-07-06,3.21,2.67,3.21,2.17,895752,659644896.0,38.66,-0.74,-0.02,6.29
123,2015-07-07,2.37,2.15,2.61,2.15,852670,586135728.0,17.23,-19.48,-0.52,5.99
124,2015-07-08,1.69,1.82,2.15,1.69,1227836,789803024.0,21.4,-15.35,-0.33,8.63
125,2015-07-09,1.76,2.25,2.25,1.76,329623,221592560.0,26.92,23.63,0.43,2.32
126,2015-07-10,2.71,2.73,2.73,2.55,210283,158177233.0,8.0,21.33,0.48,1.48
127,2015-07-13,3.15,3.25,3.25,3.02,632478,522210944.0,8.42,19.05,0.52,4.44
128,2015-07-14,3.47,3.46,3.69,3.26,994809,864697296.0,13.23,6.46,0.21,6.99
129,2015-07-15,3.18,2.86,3.41,2.86,631148,507526064.0,15.9,-17.34,-0.6,4.44
130,2015-07-16,2.86,3.23,3.37,2.62,576298,467202160.0,26.22,12.94,0.37,4.05
131,2015-07-17,3.25,3.63,3.75,3.25,567123,493352400.0,15.48,12.38,0.4,3.99
132,2015-07-20,3.67,3.59,3.82,3.44,589765,524383088.0,10.47,-1.1,-0.04,4.14
133,2015-07-21,3.49,3.66,3.74,3.4,426661,378627568.0,9.47,1.95,0.07,3.0
134,2015-07-22,3.64,3.68,3.75,3.51,461480,410734384.0,6.56,0.55,0.02,3.24
135,2015-07-23,3.66,3.88,3.91,3.64,557866,508460336.0,7.34,5.43,0.2,3.92
136,2015-07-24,3.84,3.59,3.93,3.51,591761,535544496.0,10.82,-7.47,-0.29,4.16
137,2015-07-27,3.36,2.98,3.51,2.98,521567,437138960.0,14.76,-16.99,-0.61,3.67
138,2015-07-28,2.84,2.99,3.06,2.47,532857,408254496.0,19.8,0.34,0.01,3.74
139,2015-07-29,2.99,3.31,3.32,2.93,303344,245699616.0,13.04,10.7,0.32,2.13
140,2015-07-30,3.26,3.12,3.38,3.09,351707,293250704.0,8.76,-5.74,-0.19,2.47
141,2015-07-31,3.0,3.13,3.19,3.0,228267,184518217.0,6.09,0.32,0.01,1.6
142,2015-08-03,3.08,3.02,3.11,2.82,231916,183969973.0,9.27,-3.51,-0.11,1.63
143,2015-08-04,3.04,3.44,3.46,3.04,296617,248903835.0,13.91,13.91,0.42,2.08
144,2015-08-05,3.46,3.37,3.54,3.28,241570,207034029.0,7.56,-2.03,-0.07,1.7
145,2015-08-06,3.25,3.46,3.48,3.19,167295,142026436.0,8.61,2.67,0.09,1.18
146,2015-08-07,3.46,3.59,3.68,3.46,276932,244183734.0,6.36,3.76,0.13,1.95
147,2015-08-10,3.64,3.88,3.91,3.61,432550,393331600.0,8.36,8.08,0.29,3.04
148,2015-08-11,3.85,3.85,3.94,3.78,360308,332194416.0,4.12,-0.77,-0.03,2.53
149,2015-08-12,3.75,3.62,3.85,3.62,241622,218720924.0,5.97,-5.97,-0.23,1.7
150,2015-08-13,3.57,3.86,3.91,3.57,276180,250517037.0,9.39,6.63,0.24,1.94
151,2015-08-14,3.95,3.81,3.97,3.81,278042,256623406.0,4.15,-1.3,-0.05,1.95
152,2015-08-17,3.77,4.04,4.06,3.68,365455,337127808.0,9.97,6.04,0.23,2.57
153,2015-08-18,3.99,3.41,4.19,3.39,505485,459585168.0,19.8,-15.59,-0.63,3.55
154,2015-08-19,3.27,4.0,4.0,3.23,576649,516238704.0,22.58,17.3,0.59,4.05
155,2015-08-20,4.65,4.57,4.65,4.33,1482823,1520650800.0,8.0,14.25,0.57,10.42
156,2015-08-21,4.23,3.86,4.37,3.86,898717,847274992.0,11.16,-15.54,-0.71,6.32
157,2015-08-24,3.44,3.23,3.57,3.23,611841,516041872.0,8.81,-16.32,-0.63,4.3
158,2015-08-25,2.82,2.66,3.17,2.66,840088,647499024.0,15.79,-17.65,-0.57,5.9
159,2015-08-26,2.75,2.75,3.16,2.57,558172,435706912.0,22.18,3.38,0.09,3.92
160,2015-08-27,2.94,3.27,3.27,2.93,626090,509335232.0,12.36,18.91,0.52,4.4
161,2015-08-28,3.43,3.77,3.84,3.26,755163,660360000.0,17.74,15.29,0.5,5.31
162,2015-08-31,3.71,3.45,3.73,3.39,505723,441692544.0,9.02,-8.49,-0.32,3.55
163,2015-09-01,3.35,3.83,4.04,3.3,1062840,984062192.0,21.45,11.01,0.38,7.47
164,2015-09-02,3.23,3.35,4.13,3.19,868752,774844240.0,24.54,-12.53,-0.48,6.1
165,2015-09-07,3.41,3.02,3.84,2.78,992102,828959472.0,31.64,-9.85,-0.33,6.97
166,2015-09-08,2.82,3.11,3.16,2.57,587447,454204336.0,19.54,2.98,0.09,4.13
167,2015-09-09,3.1,3.17,3.36,2.88,1042494,846327552.0,15.43,1.93,0.06,7.33
168,2015-09-10,3.02,2.96,3.15,2.89,418128,335098976.0,8.2,-6.62,-0.21,2.94
169,2015-09-11,2.95,2.92,3.05,2.78,356950,279962640.0,9.12,-1.35,-0.04,2.51
170,2015-09-14,2.97,2.62,3.15,2.55,568677,448233040.0,20.55,-10.27,-0.3,4.0
171,2015-09-15,2.48,2.12,2.61,2.11,508131,353060272.0,19.08,-19.08,-0.5,3.57
172,2015-09-16,2.38,2.58,2.58,2.33,300181,218429868.0,11.79,21.7,0.46,2.11
173,2015-09-17,3.02,2.84,3.09,2.79,905420,715042464.0,11.63,10.08,0.26,6.36
174,2015-09-18,2.85,2.88,2.97,2.74,442161,343093872.0,8.1,1.41,0.04,3.11
175,2015-09-21,2.73,2.97,2.99,2.68,403192,314411216.0,10.76,3.13,0.09,2.83
176,2015-09-22,2.98,3.03,3.13,2.89,506568,406180544.0,8.08,2.02,0.06,3.56
177,2015-09-23,2.99,2.88,3.07,2.77,390504,307718480.0,9.9,-4.95,-0.15,2.74
178,2015-09-24,2.87,2.93,2.99,2.86,195549,153324146.0,4.51,1.74,0.05,1.37
179,2015-09-25,2.88,2.6,2.92,2.56,268877,202358229.0,12.29,-11.26,-0.33,1.89
180,2015-09-28,2.68,2.71,2.72,2.54,123803,92308875.0,6.92,4.23,0.11,0.87
181,2015-09-29,2.6,2.55,2.64,2.53,132310,97274054.0,4.06,-5.9,-0.16,0.93
182,2015-09-30,2.6,2.56,2.66,2.55,98211,72561841.0,4.31,0.39,0.01,0.69
183,2015-10-08,2.75,2.8,2.84,2.68,220206,168314587.0,6.25,9.38,0.24,1.55
184,2015-10-09,2.79,2.87,2.91,2.73,203675,157059486.0,6.43,2.5,0.07,1.43
185,2015-10-12,2.87,3.09,3.13,2.87,425210,341645472.0,9.06,7.67,0.22,2.96
186,2015-10-13,3.04,3.11,3.11,2.97,306917,246518513.0,4.53,0.65,0.02,2.13
187,2015-10-14,3.07,2.94,3.11,2.92,250295,200732740.0,6.11,-5.47,-0.17,1.74
188,2015-10-15,2.93,3.16,3.19,2.93,406077,329025312.0,8.84,7.48,0.22,2.82
189,2015-10-16,3.18,3.22,3.24,3.1,398749,328003408.0,4.43,1.9,0.06,2.77
190,2015-10-19,3.24,3.33,3.33,3.06,519639,431782464.0,8.39,3.42,0.11,3.61
191,2015-10-20,3.29,3.33,3.35,3.19,336057,281422624.0,4.8,0.0,0.0,2.34
192,2015-10-21,3.33,2.91,3.35,2.82,546784,446372544.0,15.92,-12.61,-0.42,3.8
193,2015-10-22,2.91,3.11,3.15,2.88,258770,206584903.0,9.28,6.87,0.2,1.8
194,2015-10-23,3.11,3.24,3.28,3.08,362167,297865488.0,6.43,4.18,0.13,2.52
195,2015-10-26,3.3,3.34,3.4,3.25,443783,373988064.0,4.63,3.09,0.1,3.09
196,2015-10-27,3.29,3.33,3.38,3.09,296041,246525955.0,8.68,-0.3,-0.01,2.06
197,2015-10-28,3.28,3.28,3.55,3.24,474775,406479616.0,9.31,-1.5,-0.05,3.3
198,2015-10-29,3.33,3.31,3.37,3.22,258849,217825406.0,4.57,0.91,0.03,1.8
199,2015-10-30,3.3,3.26,3.36,3.19,217437,182450692.0,5.14,-1.51,-0.05,1.51
200,2015-11-02,3.16,3.09,3.26,3.06,210879,173171481.0,6.13,-5.21,-0.17,1.47
201,2015-11-03,3.13,3.11,3.15,3.02,129658,105140399.0,4.21,0.65,0.02,0.9
202,2015-11-04,3.11,3.34,3.39,3.11,409098,343252416.0,9.0,7.4,0.23,2.85
203,2015-11-05,3.34,3.37,3.48,3.3,514277,438012656.0,5.39,0.9,0.03,3.58
204,2015-11-06,3.42,3.51,3.57,3.37,498539,432604752.0,5.93,4.15,0.14,3.47
205,2015-11-09,3.45,3.46,3.62,3.4,548460,476292256.0,6.27,-1.42,-0.05,3.82
206,2015-11-10,3.42,3.54,3.57,3.39,543809,472729616.0,5.2,2.31,0.08,3.78
207,2015-11-11,3.51,3.69,3.71,3.46,558303,494036032.0,7.06,4.24,0.15,3.88
208,2015-11-12,3.68,3.58,3.77,3.53,374056,331091408.0,6.5,-2.98,-0.11,2.6
209,2015-11-13,3.47,3.41,3.57,3.37,309881,267149659.0,5.59,-4.75,-0.17,2.16
210,2015-11-16,3.32,3.61,3.62,3.27,290772,251889485.0,10.26,5.87,0.2,2.02
211,2015-11-17,3.61,3.62,3.76,3.56,461768,410757616.0,5.54,0.28,0.01,3.21
212,2015-11-18,3.61,3.7,3.77,3.55,448332,401314848.0,6.08,2.21,0.08,3.12
213,2015-11-19,3.66,4.04,4.05,3.66,627587,580266752.0,10.54,9.19,0.34,4.37
214,2015-11-20,3.96,4.04,4.05,3.87,436930,409036432.0,4.46,0.0,0.0,3.04
215,2015-11-23,3.97,4.09,4.27,3.93,422361,404170304.0,8.42,1.24,0.05,2.94
216,2015-11-24,4.01,4.1,4.11,3.82,350975,328536448.0,7.09,0.24,0.01,2.44
217,2015-11-25,4.02,4.11,4.19,3.97,335511,318762736.0,5.37,0.24,0.01,2.33
218,2015-11-26,4.15,4.17,4.36,4.06,458602,446931040.0,7.3,1.46,0.06,3.19
219,2015-11-27,4.06,3.55,4.12,3.5,443709,407222800.0,14.87,-14.87,-0.62,3.09
220,2015-11-30,3.56,3.84,3.87,3.29,341578,303600768.0,16.34,8.17,0.29,2.38
221,2015-12-01,3.82,3.93,4.03,3.75,317636,294385344.0,7.29,2.34,0.09,2.21
222,2015-12-02,3.91,3.85,3.92,3.57,238786,217386502.0,8.91,-2.04,-0.08,1.66
223,2015-12-03,3.84,3.99,4.0,3.81,266136,247997024.0,4.94,3.64,0.14,1.85
224,2015-12-04,3.93,4.03,4.11,3.86,308321,290072320.0,6.27,1.0,0.04,2.14
225,2015-12-07,4.06,4.38,4.57,4.06,614772,606285664.0,12.66,8.68,0.35,4.28
226,2015-12-08,4.33,4.15,4.51,4.13,431670,424265152.0,8.68,-5.25,-0.23,3.0
227,2015-12-09,4.06,4.31,4.31,3.95,317754,305031728.0,8.67,3.86,0.16,2.21
228,2015-12-10,4.31,4.07,4.36,4.06,267451,260399926.0,6.96,-5.57,-0.24,1.86
229,2015-12-11,4.03,3.95,4.11,3.9,207222,194575898.0,5.16,-2.95,-0.12,1.44
230,2015-12-14,3.86,4.03,4.04,3.84,213348,199171665.0,5.06,2.03,0.08,1.48
231,2015-12-15,4.02,4.08,4.17,4.0,217316,207838763.0,4.22,1.24,0.05,1.51
232,2015-12-16,4.15,3.95,4.15,3.91,249139,235457069.0,5.88,-3.19,-0.13,1.73
233,2015-12-17,3.98,4.26,4.33,3.98,399697,386115952.0,8.86,7.85,0.31,2.78
234,2015-12-18,4.23,4.22,4.26,4.05,314989,303679760.0,4.93,-0.94,-0.04,2.19
235,2015-12-21,4.19,4.45,4.57,4.15,521065,522508768.0,9.95,5.45,0.23,3.62
236,2015-12-22,4.44,4.67,4.74,4.36,510180,525541824.0,8.54,4.94,0.22,3.55
237,2015-12-23,4.61,4.55,4.93,4.5,649717,681009664.0,9.21,-2.57,-0.12,4.52
238,2015-12-24,4.59,4.71,4.8,4.46,400042,412228528.0,7.47,3.52,0.16,2.78
239,2015-12-25,4.68,4.73,4.79,4.59,248678,258660741.0,4.25,0.42,0.02,1.73
240,2015-12-28,4.73,4.39,4.74,4.36,397542,403115840.0,8.03,-7.19,-0.34,2.77
241,2015-12-29,4.44,4.51,4.51,4.33,202402,203651911.0,4.1,2.73,0.12,1.41
242,2015-12-30,4.54,4.53,4.58,4.43,159352,161892330.0,3.33,0.44,0.02,1.11
243,2015-12-31,4.51,4.33,4.53,4.32,189962,190072105.0,4.64,-4.42,-0.2,1.32
244,2016-01-04,4.33,3.64,4.37,3.64,299578,278536512.0,16.86,-15.94,-0.69,2.08
245,2016-01-05,3.28,3.43,3.61,3.13,295766,252793317.0,13.19,-5.77,-0.21,2.06
246,2016-01-06,3.46,3.57,3.58,3.41,209583,182112979.0,4.96,4.08,0.14,1.46
247,2016-01-07,3.44,2.97,3.46,2.97,71276,58372588.0,13.73,-16.81,-0.6,0.5
248,2016-01-08,2.98,2.99,3.25,2.73,264317,211098437.0,17.51,0.67,0.02,1.84
249,2016-01-11,2.88,2.55,2.94,2.46,268641,203305476.0,16.05,-14.72,-0.44,1.87
250,2016-01-12,2.59,2.66,2.76,2.47,171122,127930676.0,11.37,4.31,0.11,1.19
251,2016-01-13,2.68,2.48,2.76,2.47,153702,115135687.0,10.9,-6.77,-0.18,1.07
252,2016-01-14,2.39,2.68,2.76,2.33,152676,111834271.0,17.34,8.06,0.2,1.06
253,2016-01-15,2.67,2.51,2.73,2.42,128280,94225505.0,11.57,-6.34,-0.17,0.89
254,2016-01-18,2.4,2.59,2.71,2.37,125798,92891671.0,13.55,3.19,0.08,0.88
255,2016-01-19,2.62,2.78,2.8,2.56,147964,111357925.0,9.27,7.34,0.19,1.03
256,2016-01-20,2.75,2.73,2.8,2.64,124918,94412284.0,5.76,-1.8,-0.05,0.87
257,2016-01-21,2.64,2.59,2.75,2.5,130342,96634920.0,9.16,-5.13,-0.14,0.91
258,2016-01-22,2.6,2.64,2.69,2.52,104747,77390835.0,6.56,1.93,0.05,0.73
259,2016-01-25,2.68,2.74,2.74,2.64,98298,73995493.0,3.79,3.79,0.1,0.68
260,2016-01-26,2.68,2.41,2.69,2.37,187413,136426561.0,11.68,-12.04,-0.33,1.3
261,2016-01-27,2.44,2.53,2.55,2.18,142974,100648322.0,15.35,4.98,0.12,0.99
262,2016-01-28,2.44,2.55,2.66,2.4,141347,103502437.0,10.28,0.79,0.02,0.98
263,2016-01-29,2.57,2.72,2.78,2.52,165550,123462881.0,10.2,6.67,0.17,1.15
264,2016-02-01,2.68,2.86,2.88,2.62,168269,128874840.0,9.56,5.15,0.14,1.17
265,2016-02-02,2.86,2.93,2.97,2.8,135638,106274770.0,5.94,2.45,0.07,0.94
266,2016-02-03,2.82,2.89,2.99,2.75,97016,75121415.0,8.19,-1.37,-0.04,0.67
267,2016-02-04,2.88,2.91,2.99,2.86,131831,103738695.0,4.5,0.69,0.02,0.92
268,2016-02-05,2.88,2.85,2.95,2.82,96570,75208271.0,4.47,-2.06,-0.06,0.67
269,2016-02-15,2.68,3.02,3.07,2.67,137775,107635075.0,14.04,5.96,0.17,0.96
270,2016-02-16,2.99,3.19,3.24,2.99,115273,94386231.0,8.28,5.63,0.17,0.8
271,2016-02-17,3.17,3.17,3.19,3.08,97449,79615923.0,3.45,-0.63,-0.02,0.68
272,2016-02-18,3.21,3.11,3.24,3.09,102013,83401364.0,4.73,-1.89,-0.06,0.71
273,2016-02-19,3.13,3.2,3.29,3.08,121786,100446267.0,6.75,2.89,0.09,0.85
274,2016-02-22,3.23,3.24,3.28,3.2,93741,78070576.0,2.5,1.25,0.04,0.65
275,2016-02-23,3.26,3.22,3.26,3.09,139259,114158257.0,5.25,-0.62,-0.02,0.97
276,2016-02-24,3.2,3.28,3.35,3.17,281086,235293862.0,5.59,1.86,0.06,1.96
277,2016-02-25,3.26,2.77,3.28,2.75,216564,171865092.0,16.16,-15.55,-0.51,1.51
278,2016-02-26,2.85,2.93,2.97,2.82,105115,82300931.0,5.42,5.78,0.16,0.73
279,2016-02-29,2.91,2.75,2.91,2.59,121095,91589508.0,10.92,-6.14,-0.18,0.84
280,2016-03-01,2.77,2.88,2.93,2.75,67920,52448412.0,6.55,4.73,0.13,0.47
281,2016-03-02,2.84,3.16,3.2,2.84,113568,91634361.0,12.5,9.72,0.28,0.79
282,2016-03-03,3.15,3.12,3.22,3.09,116527,95349613.0,4.11,-1.27,-0.04,0.81
283,2016-03-04,3.09,2.94,3.15,2.88,104014,82919236.0,8.65,-5.77,-0.18,0.72
284,2016-03-07,2.96,3.06,3.11,2.96,68876,55370542.0,5.1,4.08,0.12,0.48
285,2016-03-08,3.02,3.06,3.07,2.84,78707,62174989.0,7.52,0.0,0.0,0.55
286,2016-03-09,2.95,2.95,3.01,2.88,42450,33488724.0,4.25,-3.59,-0.11,0.3
287,2016-03-10,2.95,2.83,3.0,2.82,53446,41815515.0,6.1,-4.07,-0.12,0.37
288,2016-03-11,2.75,2.82,2.86,2.75,37318,28669138.0,3.89,-0.35,-0.01,0.26
289,2016-03-14,2.86,2.92,3.02,2.86,85312,67549145.0,5.67,3.55,0.1,0.59
290,2016-03-15,2.92,2.86,2.97,2.81,58187,45247619.0,5.48,-2.05,-0.06,0.4
291,2016-03-16,2.87,2.82,2.94,2.8,43603,33842709.0,4.9,-1.4,-0.04,0.3
292,2016-03-17,2.84,2.95,2.99,2.82,85329,66944848.0,6.03,4.61,0.13,0.59
293,2016-03-18,2.99,3.11,3.13,2.96,137505,111090177.0,5.76,5.42,0.16,0.96
294,2016-03-21,3.13,3.17,3.2,3.11,184956,151583157.0,2.89,1.93,0.06,1.29
295,2016-03-22,3.13,3.2,3.28,3.12,152996,126564941.0,5.05,0.95,0.03,1.06
296,2016-03-23,3.2,3.19,3.26,3.14,95787,78827475.0,3.75,-0.31,-0.01,0.67
297,2016-03-24,3.21,3.11,3.22,3.11,109032,89630262.0,3.45,-2.51,-0.08,0.76
298,2016-03-25,3.09,3.19,3.2,3.09,90153,73833951.0,3.54,2.57,0.08,0.63
299,2016-03-28,3.19,3.17,3.29,3.14,100814,83403221.0,4.7,-0.63,-0.02,0.7
300,2016-03-29,3.17,3.11,3.22,3.08,81806,66923325.0,4.42,-1.89,-0.06,0.57
301,2016-03-30,3.14,3.26,3.27,3.13,143969,119049353.0,4.5,4.82,0.15,1.0
302,2016-03-31,3.25,3.28,3.38,3.24,115095,97012149.0,4.29,0.61,0.02,0.8
303,2016-04-01,3.28,3.22,3.28,3.09,107115,88038792.0,5.79,-1.83,-0.06,0.75
304,2016-04-05,3.2,3.35,3.37,3.16,129396,108812187.0,6.52,4.04,0.13,0.9
305,2016-04-06,3.32,3.48,3.55,3.3,173046,148232071.0,7.46,3.88,0.13,1.2
306,2016-04-07,3.45,3.35,3.48,3.28,114834,97671478.0,5.75,-3.74,-0.13,0.8
307,2016-04-08,3.35,3.41,3.42,3.23,136698,115689617.0,5.67,1.79,0.06,0.95
308,2016-04-11,3.45,3.45,3.54,3.43,141543,122796586.0,3.23,1.17,0.04,0.98
309,2016-04-12,3.46,3.35,3.48,3.3,82303,69846985.0,5.22,-2.9,-0.1,0.57
310,2016-04-13,3.37,3.44,3.5,3.37,145475,125477770.0,3.88,2.69,0.09,1.01
311,2016-04-14,3.48,3.47,3.5,3.41,82556,71196060.0,2.62,0.87,0.03,0.57
312,2016-04-15,3.47,3.43,3.49,3.38,88887,76302638.0,3.17,-1.15,-0.04,0.62
313,2016-04-18,3.35,3.35,3.43,3.3,83491,70687931.0,3.79,-2.33,-0.08,0.58
314,2016-04-19,3.35,3.54,3.62,3.24,236352,204238713.0,11.34,5.67,0.19,1.64
315,2016-04-20,3.57,3.25,3.57,3.17,209874,178218115.0,11.3,-8.19,-0.29,1.46
316,2016-04-21,3.24,3.17,3.32,3.16,92230,76716412.0,4.92,-2.46,-0.08,0.64
317,2016-04-22,3.15,3.28,3.36,3.13,103144,85692131.0,7.26,3.47,0.11,0.72
318,2016-04-25,3.24,3.34,3.37,3.17,98407,82225314.0,6.1,1.83,0.06,0.68
319,2016-04-26,3.34,3.36,3.37,3.26,57297,48402583.0,3.29,0.6,0.02,0.4
320,2016-04-27,3.38,3.31,3.42,3.29,63819,54083616.0,3.87,-1.49,-0.05,0.44
321,2016-04-28,3.36,3.49,3.52,3.31,160358,137303483.0,6.34,5.44,0.18,1.12
322,2016-04-29,3.43,3.49,3.57,3.42,136038,118460986.0,4.3,0.0,0.0,0.95
323,2016-05-03,3.48,3.71,3.73,3.47,203124,180846834.0,7.45,6.3,0.22,1.41
324,2016-05-04,3.68,3.66,3.77,3.64,143727,129279739.0,3.5,-1.35,-0.05,1.0
325,2016-05-05,3.77,3.71,3.88,3.69,204286,185547008.0,5.19,1.37,0.05,1.42
326,2016-05-06,3.67,3.42,3.74,3.4,192165,169081529.0,9.16,-7.82,-0.29,1.34
327,2016-05-09,3.42,3.38,3.61,3.35,173375,150567177.0,7.6,-1.17,-0.04,1.21
328,2016-05-10,3.37,3.3,3.41,3.23,132145,110827362.0,5.33,-2.37,-0.08,0.92
329,2016-05-11,3.31,3.31,3.39,3.25,81338,68659447.0,4.24,0.3,0.01,0.57
330,2016-05-12,3.27,3.57,3.58,3.24,171754,147688016.0,10.27,7.85,0.26,1.19
331,2016-05-13,3.54,3.67,3.68,3.46,174487,153144079.0,6.16,2.8,0.1,1.21
332,2016-05-16,3.6,3.82,3.91,3.54,264715,240186147.0,10.08,4.09,0.15,1.84
333,2016-05-17,3.78,3.75,3.81,3.65,157208,141768713.0,4.19,-1.83,-0.07,1.09
334,2016-05-18,3.68,3.58,3.68,3.48,119286,104817928.0,5.33,-4.53,-0.17,0.83
335,2016-05-19,3.56,3.89,3.95,3.56,286241,262389579.0,10.89,8.66,0.31,1.99
336,2016-05-20,3.79,3.9,3.95,3.75,198389,182762509.0,5.14,0.26,0.01,1.38
337,2016-05-23,3.9,3.89,3.95,3.78,183605,169176384.0,4.36,-0.26,-0.01,1.28
338,2016-05-24,3.86,3.87,3.95,3.8,138195,127509627.0,3.86,-0.51,-0.02,0.96
339,2016-05-25,3.93,3.68,3.96,3.68,190691,174149543.0,7.24,-4.91,-0.19,1.33
340,2016-05-26,3.67,3.75,3.77,3.51,138480,122992515.0,7.07,1.9,0.07,0.96
341,2016-05-27,3.73,3.97,4.03,3.71,219256,202356831.0,8.53,5.87,0.22,1.53
342,2016-05-30,3.91,3.9,3.99,3.82,150669,139559835.0,4.28,-1.76,-0.07,1.05
343,2016-05-31,3.88,4.12,4.14,3.88,308627,292576816.0,6.67,5.64,0.22,2.15
344,2016-06-01,4.12,4.17,4.3,4.06,287647,278248848.0,5.83,1.21,0.05,2.0
345,2016-06-02,4.12,4.16,4.19,4.05,222679,206419809.0,3.36,-0.24,-0.01,1.55
346,2016-06-03,4.15,4.14,4.28,4.11,249857,234827086.0,4.09,-0.48,-0.02,1.74
347,2016-06-06,4.11,4.08,4.18,4.02,158107,145605312.0,3.86,-1.45,-0.06,1.1
348,2016-06-07,4.08,4.08,4.12,4.02,109389,100819965.0,2.45,0.0,0.0,0.76
349,2016-06-08,4.05,4.02,4.08,3.97,118792,108765658.0,2.7,-1.47,-0.06,0.83
350,2016-06-13,3.93,3.68,4.0,3.68,223455,198267749.0,7.96,-8.46,-0.34,1.55
351,2016-06-14,3.67,3.71,3.71,3.63,95506,82515327.0,2.17,0.82,0.03,0.66
352,2016-06-15,3.65,3.89,3.96,3.62,148424,132253166.0,9.16,4.85,0.18,1.03
353,2016-06-16,3.86,3.82,3.91,3.77,120149,106663129.0,3.6,-1.8,-0.07,0.84
354,2016-06-17,3.83,3.86,3.9,3.79,123294,109785723.0,2.88,1.05,0.04,0.86
355,2016-06-20,3.86,3.88,3.91,3.72,128428,113416202.0,4.92,0.52,0.02,0.89
356,2016-06-21,3.91,3.82,4.08,3.78,202551,182605252.0,7.73,-1.55,-0.06,1.41
357,2016-06-22,3.83,3.97,3.98,3.76,130788,116975001.0,5.76,3.93,0.15,0.91
358,2016-06-23,3.99,4.03,4.16,3.97,243282,223944955.0,4.79,1.51,0.06,1.69
359,2016-06-24,3.99,3.87,4.06,3.65,208079,186848825.0,10.17,-3.97,-0.16,1.45
360,2016-06-27,3.84,4.05,4.07,3.82,179921,164120293.0,6.46,4.65,0.18,1.25
361,2016-06-28,4.01,4.14,4.17,3.96,211869,195820963.0,5.19,2.22,0.09,1.47
362,2016-06-29,4.19,4.11,4.2,4.04,137415,127319082.0,3.86,-0.72,-0.03,0.96
363,2016-06-30,4.1,4.11,4.24,4.06,160735,149971884.0,4.38,0.0,0.0,1.12
364,2016-07-01,4.08,4.02,4.11,3.99,117365,107781264.0,2.92,-2.19,-0.09,0.82
365,2016-07-04,3.98,4.14,4.16,3.96,152774,141373472.0,4.98,2.99,0.12,1.06
366,2016-07-05,4.15,4.13,4.15,4.08,112242,104089741.0,1.69,-0.24,-0.01,0.78
367,2016-07-06,4.07,4.11,4.17,4.06,122647,113655023.0,2.66,-0.48,-0.02,0.85
368,2016-07-07,4.08,4.02,4.11,3.97,187553,171645451.0,3.41,-2.19,-0.09,1.3
369,2016-07-08,4.02,4.02,4.08,3.98,105980,97107455.0,2.49,0.0,0.0,0.74
370,2016-07-11,4.02,3.99,4.1,3.99,143623,132163756.0,2.74,-0.75,-0.03,1.0
371,2016-07-12,4.0,4.19,4.24,4.0,341095,317922240.0,6.02,5.01,0.2,2.37
372,2016-07-13,4.2,4.23,4.35,4.17,254143,241382626.0,4.3,0.95,0.04,1.77
373,2016-07-14,4.24,4.19,4.27,4.13,140137,131473364.0,3.31,-0.95,-0.04,0.97
374,2016-07-15,4.2,4.09,4.2,4.04,225804,209080516.0,3.82,-2.39,-0.1,1.57
375,2016-07-18,4.08,4.08,4.11,4.02,99481,91717458.0,2.2,-0.24,-0.01,0.69
376,2016-07-19,4.1,4.1,4.11,3.99,110088,101055482.0,2.94,0.49,0.02,0.77
377,2016-07-20,4.07,4.08,4.15,4.06,92310,85514724.0,2.2,-0.49,-0.02,0.64
378,2016-07-21,4.04,4.1,4.15,4.04,116208,107851288.0,2.7,0.49,0.02,0.81
379,2016-07-22,4.11,4.04,4.12,4.04,105590,97397762.0,1.95,-1.46,-0.06,0.73
380,2016-07-25,4.08,4.29,4.32,4.06,304275,287234048.0,6.44,6.19,0.25,2.12
381,2016-07-26,4.31,4.29,4.31,4.22,161926,153728886.0,2.1,0.0,0.0,1.13
382,2016-07-27,4.28,4.07,4.37,4.01,339134,318833216.0,8.39,-5.13,-0.22,2.36
383,2016-07-28,4.07,4.21,4.22,4.04,164892,153171034.0,4.42,3.44,0.14,1.15
384,2016-07-29,4.19,4.31,4.43,4.18,305764,293057360.0,5.94,2.38,0.1,2.13
385,2016-08-01,4.25,4.13,4.28,4.0,179812,166492297.0,6.5,-4.18,-0.18,1.25
386,2016-08-02,4.11,4.32,4.33,4.07,155096,144926358.0,6.3,4.6,0.19,1.08
387,2016-08-03,4.24,4.5,4.57,4.24,489405,479710000.0,7.64,4.17,0.18,3.4
388,2016-08-04,4.5,4.55,4.74,4.4,434916,433695296.0,7.56,1.11,0.05,3.03
389,2016-08-05,4.53,4.86,5.08,4.5,570095,587848336.0,12.75,6.81,0.31,3.97
390,2016-08-08,4.85,4.93,5.02,4.74,319762,332426816.0,5.76,1.44,0.07,2.22
391,2016-08-09,4.85,4.93,4.99,4.78,271397,281811536.0,4.26,0.0,0.0,1.89
392,2016-08-10,4.92,4.75,5.15,4.7,379597,397859632.0,9.13,-3.65,-0.18,2.64
393,2016-08-11,4.68,4.7,4.83,4.59,252119,255524631.0,5.05,-1.05,-0.05,1.75
394,2016-08-12,4.73,4.71,4.77,4.55,208200,209429014.0,4.68,0.21,0.01,1.45
395,2016-08-15,4.67,4.91,4.94,4.59,311395,318632480.0,7.43,4.25,0.2,2.17
396,2016-08-16,4.88,4.89,4.93,4.78,206023,213073433.0,3.05,-0.41,-0.02,1.43
397,2016-08-17,4.86,4.99,5.08,4.83,292449,307773104.0,5.11,2.04,0.1,2.03
398,2016-08-18,4.95,4.86,5.11,4.82,203283,212601291.0,5.81,-2.61,-0.13,1.41
399,2016-08-19,4.8,5.4,5.42,4.76,508121,550041888.0,13.58,11.11,0.54,3.53
400,2016-08-22,5.33,5.23,5.48,5.17,361387,399518768.0,5.74,-3.15,-0.17,2.51
401,2016-08-23,5.17,5.16,5.3,5.08,178096,192774628.0,4.21,-1.34,-0.07,1.24
402,2016-08-24,5.15,5.14,5.28,5.06,162933,176496306.0,4.26,-0.39,-0.02,1.13
403,2016-08-25,5.17,5.52,5.55,5.04,323097,356561856.0,9.92,7.39,0.38,2.25
404,2016-08-26,5.43,5.28,5.54,5.23,282388,314503280.0,5.62,-4.35,-0.24,1.96
405,2016-08-29,5.24,5.62,5.7,5.17,354090,400640432.0,10.04,6.44,0.34,2.46
406,2016-08-30,5.57,5.55,5.91,5.48,357595,412980128.0,7.65,-1.25,-0.07,2.49
407,2016-08-31,5.57,5.98,6.1,5.55,462960,545332512.0,9.91,7.75,0.43,3.22
408,2016-09-01,5.95,5.91,6.2,5.85,392178,470866176.0,5.85,-1.17,-0.07,2.73
409,2016-09-02,5.97,6.09,6.11,5.81,263357,314320432.0,5.08,3.05,0.18,1.83
410,2016-09-05,6.08,6.5,6.66,6.04,520238,655733536.0,10.18,6.73,0.41,3.62
411,2016-09-06,6.55,6.67,6.98,6.37,551019,721100064.0,9.38,2.62,0.17,3.83
412,2016-09-07,6.73,6.59,6.98,6.51,448715,586713552.0,7.05,-1.2,-0.08,3.12
413,2016-09-08,6.51,7.19,7.23,6.37,590930,773856112.0,13.05,9.1,0.6,4.11
414,2016-09-09,7.09,6.95,7.28,6.9,450030,609980832.0,5.29,-3.34,-0.24,3.13
415,2016-09-12,6.78,6.57,6.78,6.4,421211,542642608.0,5.47,-5.47,-0.38,2.93
416,2016-09-13,6.66,6.18,6.72,5.92,789331,977343936.0,12.18,-5.94,-0.39,5.49
417,2016-09-14,6.08,6.09,6.26,5.92,366942,447054016.0,5.5,-1.46,-0.09,2.55
418,2016-09-19,6.08,6.29,6.44,6.08,350314,434152128.0,5.91,3.28,0.2,2.44
419,2016-09-20,6.23,6.75,6.77,6.23,499094,644041216.0,8.59,7.31,0.46,3.47
420,2016-09-21,6.68,6.72,6.77,6.55,334229,433685616.0,3.26,-0.44,-0.03,2.32
421,2016-09-22,6.78,6.88,7.16,6.62,444087,593260752.0,8.04,2.38,0.16,3.09
422,2016-09-23,6.87,6.47,7.17,6.46,390244,512880960.0,10.32,-5.96,-0.41,2.71
423,2016-09-26,6.44,6.53,6.77,6.42,269189,345453920.0,5.41,0.93,0.06,1.87
424,2016-09-27,6.53,6.27,6.6,5.88,422974,518162960.0,11.03,-3.98,-0.26,2.94
425,2016-09-28,6.18,6.68,6.73,6.08,458691,582991808.0,10.37,6.54,0.41,3.19
426,2016-09-29,6.55,6.44,6.61,6.3,276944,350308016.0,4.64,-3.59,-0.24,1.93
427,2016-09-30,6.37,6.26,6.47,6.08,243122,300971808.0,6.06,-2.8,-0.18,1.69
428,2016-10-10,6.29,6.6,6.64,6.07,291620,366610640.0,9.11,5.43,0.34,2.03
429,2016-10-11,6.57,6.75,6.82,6.48,347613,451033616.0,5.15,2.27,0.15,2.42
430,2016-10-12,6.73,6.73,6.9,6.56,258388,338048448.0,5.04,-0.3,-0.02,1.8
431,2016-10-13,6.67,6.84,7.0,6.61,251946,332659296.0,5.79,1.63,0.11,1.75
432,2016-10-14,6.84,6.65,6.88,6.59,185528,241881054.0,4.24,-2.78,-0.19,1.29
433,2016-10-17,6.66,6.42,6.71,6.33,175631,223527544.0,5.71,-3.46,-0.23,1.22
434,2016-10-18,6.42,6.97,7.03,6.26,408917,534411360.0,11.99,8.57,0.55,2.84
435,2016-10-19,6.91,6.88,6.99,6.79,251850,335096928.0,2.87,-1.29,-0.09,1.75
436,2016-10-20,6.92,6.95,6.99,6.77,191666,254911890.0,3.2,1.02,0.07,1.33
437,2016-10-21,6.96,7.45,7.54,6.91,594430,823307568.0,9.06,7.19,0.5,4.14
438,2016-10-24,7.4,7.42,7.52,7.27,391183,548642016.0,3.36,-0.4,-0.03,2.72
439,2016-10-25,7.4,7.29,7.47,7.08,334825,461412112.0,5.26,-1.75,-0.13,2.33
440,2016-10-26,7.3,7.17,7.3,6.95,292908,397800480.0,4.8,-1.65,-0.12,2.04
441,2016-10-27,7.1,7.33,7.44,6.99,392452,544964080.0,6.28,2.23,0.16,2.73
442,2016-10-28,7.31,6.78,7.33,6.76,346129,466939168.0,7.78,-7.5,-0.55,2.41
443,2016-10-31,6.84,6.74,6.96,6.69,184234,242816033.0,3.98,-0.59,-0.04,1.28
444,2016-11-01,6.76,6.47,6.8,6.28,545917,691998704.0,7.72,-4.01,-0.27,3.8
445,2016-11-02,6.39,6.33,6.51,6.3,267149,336198016.0,3.25,-2.16,-0.14,1.86
446,2016-11-03,6.33,6.33,6.45,6.31,218507,274279152.0,2.21,0.0,0.0,1.52
447,2016-11-04,6.37,6.14,6.45,6.11,282238,349542352.0,5.37,-3.0,-0.19,1.96
448,2016-11-07,6.19,6.31,6.31,6.0,265413,326239504.0,5.05,2.77,0.17,1.85
449,2016-11-08,6.3,6.19,6.36,6.15,205975,255355809.0,3.33,-1.9,-0.12,1.43
450,2016-11-09,6.19,5.93,6.19,5.76,323386,387681344.0,6.95,-4.2,-0.26,2.25
451,2016-11-10,5.99,6.12,6.17,5.92,244371,295119072.0,4.22,3.2,0.19,1.7
452,2016-11-11,6.08,6.01,6.08,5.85,251672,301531920.0,3.76,-1.8,-0.11,1.75
453,2016-11-14,5.93,5.94,6.08,5.9,198073,237493834.0,3.0,-1.16,-0.07,1.38
454,2016-11-15,5.95,5.83,5.97,5.77,217617,256045843.0,3.37,-1.85,-0.11,1.51
455,2016-11-16,5.85,6.08,6.15,5.83,320121,385281216.0,5.49,4.29,0.25,2.23
456,2016-11-17,6.06,6.02,6.09,5.95,137477,165854060.0,2.3,-0.99,-0.06,0.96
457,2016-11-18,5.99,6.1,6.11,5.99,154731,187470975.0,1.99,1.33,0.08,1.08
458,2016-11-21,6.1,6.11,6.22,5.99,143078,173956789.0,3.77,0.16,0.01,1.0
459,2016-11-22,6.11,6.16,6.17,6.02,156096,189973791.0,2.45,0.82,0.05,1.09
460,2016-11-23,6.16,6.0,6.19,5.98,151902,183944345.0,3.41,-2.6,-0.16,1.06
461,2016-11-24,5.99,5.8,6.02,5.76,194307,229495195.0,4.33,-3.33,-0.2,1.35
462,2016-11-25,5.8,5.71,5.82,5.56,176247,203495450.0,4.48,-1.55,-0.09,1.23
463,2016-11-28,5.71,5.93,5.96,5.67,190188,224026914.0,5.08,3.85,0.22,1.32
464,2016-11-29,5.97,5.77,5.97,5.74,105313,123912883.0,3.88,-2.7,-0.16,0.73
465,2016-11-30,5.77,5.67,5.82,5.64,100772,117098489.0,3.12,-1.73,-0.1,0.7
466,2016-12-01,5.67,5.77,5.85,5.63,159313,185729352.0,3.88,1.76,0.1,1.11
467,2016-12-02,5.77,5.52,5.77,5.51,151475,173223237.0,4.51,-4.33,-0.25,1.05
468,2016-12-05,5.5,5.53,5.66,5.44,91968,104741720.0,3.99,0.18,0.01,0.64
469,2016-12-06,5.54,5.55,5.59,5.45,131488,148991084.0,2.53,0.36,0.02,0.91
470,2016-12-07,5.51,5.75,5.82,5.51,168113,195116656.0,5.59,3.6,0.2,1.17
471,2016-12-08,5.82,6.04,6.16,5.79,308905,372140016.0,6.43,5.04,0.29,2.15
472,2016-12-09,5.99,5.95,6.07,5.89,168979,202093641.0,2.98,-1.49,-0.09,1.18
473,2016-12-12,5.94,5.31,5.94,5.29,268666,305002256.0,10.92,-10.76,-0.64,1.87
474,2016-12-13,5.3,5.46,5.55,5.28,126198,141089334.0,5.08,2.82,0.15,0.88
475,2016-12-14,5.47,5.19,5.47,5.16,137486,150670653.0,5.68,-4.95,-0.27,0.96
476,2016-12-15,5.17,5.23,5.36,5.16,111073,121306499.0,3.85,0.77,0.04,0.77
477,2016-12-16,5.23,5.22,5.34,5.19,87433,95381077.0,2.87,-0.19,-0.01,0.61
478,2016-12-19,5.25,5.19,5.33,5.12,117754,128071211.0,4.02,-0.57,-0.03,0.82
479,2016-12-20,5.1,5.14,5.22,5.04,116257,124530507.0,3.47,-0.96,-0.05,0.81
480,2016-12-21,5.19,5.27,5.35,5.16,158519,173967885.0,3.7,2.53,0.13,1.1
481,2016-12-22,5.23,5.38,5.39,5.23,121730,134068176.0,3.04,2.09,0.11,0.85
482,2016-12-23,5.36,5.42,5.5,5.32,180336,201488179.0,3.35,0.74,0.04,1.25
483,2016-12-26,5.42,5.47,5.53,5.15,179167,198331611.0,7.01,0.92,0.05,1.25
484,2016-12-27,5.49,5.55,5.62,5.42,141035,160092963.0,3.66,1.46,0.08,0.98
485,2016-12-28,5.62,5.42,5.66,5.41,121712,137510008.0,4.5,-2.34,-0.13,0.85
486,2016-12-29,5.44,5.28,5.44,5.25,113164,124583092.0,3.51,-2.58,-0.14,0.79
487,2016-12-30,5.31,5.3,5.37,5.25,96353,106035530.0,2.27,0.38,0.02,0.67
488,2017-01-03,5.31,5.28,5.39,5.22,133018,146306242.0,3.21,-0.38,-0.02,0.93
489,2017-01-04,5.33,6.04,6.04,5.33,456882,538037488.0,13.45,14.39,0.76,3.18
490,2017-01-05,6.12,5.95,6.12,5.86,488563,585469232.0,4.3,-1.49,-0.09,3.4
491,2017-01-06,5.88,5.81,5.94,5.73,250722,295060752.0,3.53,-2.35,-0.14,1.74
492,2017-01-09,5.73,5.81,5.9,5.73,228460,267978190.0,2.93,0.0,0.0,1.59
493,2017-01-10,5.81,5.68,5.84,5.62,177250,206285183.0,3.79,-2.24,-0.13,1.23
494,2017-01-11,5.68,5.57,5.73,5.46,218379,249362549.0,4.75,-1.94,-0.11,1.52
495,2017-01-12,5.53,5.48,5.6,5.37,155075,175149238.0,4.13,-1.62,-0.09,1.08
496,2017-01-13,5.49,5.53,5.68,5.46,163562,186280221.0,4.01,0.91,0.05,1.13
497,2017-01-16,5.51,5.15,5.57,4.75,220646,238494260.0,14.83,-6.87,-0.38,1.53
498,2017-01-17,5.08,5.22,5.28,4.95,116550,125315935.0,6.41,1.36,0.07,0.81
499,2017-01-18,5.3,5.31,5.48,5.28,129357,143713169.0,3.83,1.72,0.09,0.9
500,2017-01-19,5.29,5.23,5.41,5.22,90770,100024666.0,3.58,-1.51,-0.08,0.63
501,2017-01-20,5.22,5.47,5.53,5.22,138899,155210872.0,5.93,4.59,0.24,0.96
502,2017-01-23,5.48,5.52,5.65,5.46,100958,115044130.0,3.47,0.91,0.05,0.7
503,2017-01-24,5.48,5.54,5.62,5.48,82668,93990730.0,2.54,0.36,0.02,0.57
504,2017-01-25,5.57,5.62,5.64,5.52,77377,88461812.0,2.17,1.44,0.08,0.54
505,2017-01-26,5.6,5.53,5.63,5.44,95634,108098989.0,3.38,-1.6,-0.09,0.66
506,2017-02-03,5.51,5.47,5.55,5.46,54966,62116715.0,1.63,-1.08,-0.06,0.38
507,2017-02-06,5.45,5.85,5.86,5.44,228665,264483260.0,7.68,6.95,0.38,1.59
508,2017-02-07,5.88,6.01,6.17,5.88,398859,481478192.0,4.96,2.74,0.16,2.77
509,2017-02-08,5.95,6.06,6.11,5.88,214630,258396684.0,3.83,0.83,0.05,1.49
510,2017-02-09,6.06,6.08,6.26,5.99,206430,251392553.0,4.46,0.33,0.02,1.43
511,2017-02-10,6.03,6.22,6.23,5.99,233721,285186976.0,3.95,2.3,0.14,1.62
512,2017-02-13,6.19,6.17,6.24,6.12,169481,207587783.0,1.93,-0.8,-0.05,1.18
513,2017-02-14,6.15,6.19,6.22,6.08,145202,177867378.0,2.27,0.32,0.02,1.01
514,2017-02-15,6.18,6.07,6.21,6.02,201738,245683731.0,3.07,-1.94,-0.12,1.4
515,2017-02-16,6.13,6.32,6.36,6.06,251223,311240992.0,4.94,4.12,0.25,1.74
516,2017-02-17,6.31,6.15,6.48,6.13,208224,260109239.0,5.54,-2.69,-0.17,1.44
517,2017-02-20,6.17,6.3,6.32,6.06,174273,214577382.0,4.23,2.44,0.15,1.21
518,2017-02-21,6.28,6.41,6.51,6.25,191556,241422361.0,4.13,1.75,0.11,1.33
519,2017-02-22,6.39,6.42,6.44,6.32,119185,149846267.0,1.87,0.16,0.01,0.83
520,2017-02-23,6.46,6.35,6.5,6.25,184795,230940743.0,3.89,-1.09,-0.07,1.28
521,2017-02-24,6.34,6.3,6.56,6.28,238878,301884496.0,4.41,-0.79,-0.05,1.66
522,2017-02-27,6.2,6.11,6.31,6.07,178045,218153234.0,3.81,-3.02,-0.19,1.24
523,2017-02-28,6.09,6.31,6.42,6.08,207926,257764748.0,5.56,3.27,0.2,1.44
524,2017-03-01,6.28,6.32,6.5,6.28,205214,258455674.0,3.49,0.16,0.01,1.42
525,2017-03-02,6.34,6.38,6.5,6.32,180963,228065689.0,2.85,0.95,0.06,1.26
526,2017-03-03,6.34,6.67,6.7,6.31,326733,419368016.0,6.11,4.55,0.29,2.27
527,2017-03-06,6.73,6.93,7.06,6.63,342363,455910816.0,6.45,3.9,0.26,2.38
528,2017-03-07,6.89,6.85,6.97,6.73,180202,238227418.0,3.46,-1.15,-0.08,1.25
529,2017-03-08,6.84,6.86,6.99,6.73,115028,151980068.0,3.8,0.15,0.01,0.8
530,2017-03-09,6.83,6.62,6.86,6.6,182237,237909757.0,3.79,-3.5,-0.24,1.26
531,2017-03-10,6.58,6.71,6.84,6.58,135724,177279193.0,3.93,1.36,0.09,0.94
532,2017-03-13,6.68,7.09,7.15,6.68,290614,390940144.0,7.0,5.66,0.38,2.02
533,2017-03-14,7.11,6.94,7.14,6.84,187443,251256214.0,4.23,-2.12,-0.15,1.3
534,2017-03-15,6.87,6.95,7.04,6.84,144162,192339060.0,2.88,0.14,0.01,1.0
535,2017-03-16,7.06,7.13,7.19,6.95,238253,324093168.0,3.45,2.59,0.18,1.65
536,2017-03-17,7.15,6.82,7.2,6.79,219870,296622768.0,5.75,-4.35,-0.31,1.53
537,2017-03-20,6.87,6.71,6.92,6.55,187144,243619275.0,5.43,-1.61,-0.11,1.3
538,2017-03-21,6.71,6.93,6.97,6.68,169580,224863776.0,4.32,3.28,0.22,1.18
539,2017-03-22,6.86,7.02,7.04,6.82,152554,204417567.0,3.17,1.3,0.09,1.06
540,2017-03-23,7.08,6.82,7.11,6.69,201471,266424591.0,5.98,-2.85,-0.2,1.4
541,2017-03-24,6.88,6.91,7.0,6.79,175995,234803767.0,3.08,1.32,0.09,1.22
542,2017-03-27,6.89,6.92,7.11,6.88,186176,250672547.0,3.33,0.14,0.01,1.29
543,2017-03-28,6.85,6.61,6.93,6.59,192707,251291715.0,4.91,-4.48,-0.31,1.34
544,2017-03-29,6.65,6.54,6.7,6.46,144650,186039055.0,3.63,-1.06,-0.07,1.0
545,2017-03-30,6.6,6.57,6.69,6.45,175665,225626124.0,3.67,0.46,0.03,1.22
546,2017-03-31,6.61,6.76,6.86,6.4,219518,286239904.0,7.0,2.89,0.19,1.52
547,2017-04-05,6.76,7.32,7.35,6.68,369745,504283376.0,9.91,8.28,0.56,2.57
548,2017-04-06,7.23,7.21,7.39,7.13,231332,319155680.0,3.55,-1.5,-0.11,1.61
549,2017-04-07,7.23,7.25,7.35,7.16,187320,259177140.0,2.64,0.55,0.04,1.3
550,2017-04-10,7.34,6.91,7.34,6.87,234763,317607840.0,6.48,-4.69,-0.34,1.63
551,2017-04-11,6.94,6.95,7.01,6.6,224313,294521216.0,5.93,0.58,0.04,1.56
552,2017-04-12,6.92,6.59,6.93,6.55,190444,248025806.0,5.47,-5.18,-0.36,1.32
553,2017-04-13,6.61,6.66,6.75,6.59,102252,132770287.0,2.43,1.06,0.07,0.71
554,2017-04-14,6.66,6.37,6.68,6.35,169522,214702407.0,4.95,-4.35,-0.29,1.18
555,2017-04-17,6.37,6.17,6.52,6.09,192962,238925508.0,6.75,-3.14,-0.2,1.34
556,2017-04-18,6.22,5.93,6.24,5.91,202196,244702842.0,5.35,-3.89,-0.24,1.4
557,2017-04-19,5.93,5.83,5.98,5.66,239723,280817456.0,5.4,-1.69,-0.1,1.66
558,2017-04-20,5.86,5.9,5.93,5.78,155802,184053486.0,2.57,1.2,0.07,1.08
559,2017-04-21,5.91,5.79,5.95,5.7,127178,150040243.0,4.24,-1.86,-0.11,0.88
560,2017-04-24,5.75,5.56,5.75,5.44,166917,189727277.0,5.35,-3.97,-0.23,1.16
561,2017-04-25,5.61,5.77,5.8,5.49,141620,163924807.0,5.58,3.78,0.21,0.98
562,2017-04-26,5.78,5.88,5.96,5.74,167299,198049211.0,3.81,1.91,0.11,1.16
563,2017-04-27,5.85,6.02,6.1,5.68,158110,188204695.0,7.14,2.38,0.14,1.1
564,2017-04-28,5.97,5.95,6.04,5.88,85353,102055024.0,2.66,-1.16,-0.07,0.59
565,2017-05-02,6.33,6.26,6.39,6.14,219125,271966432.0,4.2,5.21,0.31,1.52
566,2017-05-03,6.25,6.28,6.4,6.17,124296,155198818.0,3.67,0.32,0.02,0.86
567,2017-05-04,6.26,6.38,6.44,6.2,137214,172221989.0,3.82,1.59,0.1,0.95
568,2017-05-05,6.31,6.28,6.45,6.26,117498,146967267.0,2.98,-1.57,-0.1,0.82
569,2017-05-08,6.28,6.21,6.34,6.06,118862,145997458.0,4.46,-1.11,-0.07,0.82
570,2017-05-09,6.14,6.3,6.32,6.13,116962,144535838.0,3.06,1.45,0.09,0.81
571,2017-05-10,6.3,5.81,6.36,5.75,185692,224925043.0,9.68,-7.78,-0.49,1.29
572,2017-05-11,5.87,5.95,5.95,5.73,138933,164257868.0,3.79,2.41,0.14,0.96
573,2017-05-12,5.95,5.81,5.95,5.71,129980,152527820.0,4.03,-2.35,-0.14,0.9
574,2017-05-15,5.83,5.81,5.92,5.75,85266,100480904.0,2.93,0.0,0.0,0.59
575,2017-05-16,5.82,6.28,6.33,5.73,207474,251668593.0,10.33,8.09,0.47,1.44
576,2017-05-17,6.29,6.22,6.35,6.16,155059,192000833.0,3.03,-0.96,-0.06,1.08
577,2017-05-18,6.16,6.22,6.29,6.12,128110,157757637.0,2.73,0.0,0.0,0.89
578,2017-05-19,6.26,6.06,6.26,6.04,125792,153235679.0,3.54,-2.57,-0.16,0.87
579,2017-05-22,6.04,5.72,6.04,5.63,204550,239626513.0,6.77,-5.61,-0.34,1.42
580,2017-05-23,5.73,5.49,5.79,5.44,134701,154627271.0,6.12,-4.02,-0.23,0.93
581,2017-05-24,5.47,5.65,5.67,5.37,126879,144241250.0,5.46,2.91,0.16,0.88
582,2017-05-25,5.64,5.76,5.86,5.59,127440,148219074.0,4.78,1.95,0.11,0.88
583,2017-05-26,5.77,5.58,5.82,5.49,186405,213715373.0,5.73,-3.13,-0.18,1.29
584,2017-05-31,5.71,5.47,5.74,5.44,150228,171127164.0,5.38,-1.97,-0.11,1.04
585,2017-06-01,5.47,5.15,5.55,5.07,206891,226920594.0,8.78,-5.85,-0.32,1.44
586,2017-06-02,5.2,5.24,5.28,5.02,187605,202469633.0,5.05,1.75,0.09,1.29
587,2017-06-05,5.31,5.31,5.38,5.22,161914,178269386.0,3.05,1.34,0.07,1.12
588,2017-06-06,5.3,5.35,5.41,5.26,119058,131658526.0,2.82,0.75,0.04,0.82
589,2017-06-07,5.38,5.54,5.61,5.34,200465,226365434.0,5.05,3.55,0.19,1.38
590,2017-06-08,5.55,5.66,5.73,5.55,206052,236968961.0,3.25,2.17,0.12,1.42
591,2017-06-09,5.71,5.67,5.73,5.54,174774,200587079.0,3.36,0.18,0.01,1.2
592,2017-06-12,5.66,5.56,5.66,5.52,178490,197763231.0,2.47,-1.94,-0.11,1.23
593,2017-06-13,5.59,5.74,5.79,5.54,165953,186574471.0,4.5,3.24,0.18,1.14
594,2017-06-14,5.82,5.79,5.88,5.74,146044,166405407.0,2.44,0.87,0.05,1.01
595,2017-06-15,5.77,5.81,5.86,5.72,113857,129575110.0,2.42,0.35,0.02,0.78
596,2017-06-16,5.8,5.61,5.83,5.59,142884,160550437.0,4.13,-3.44,-0.2,0.98
597,2017-06-19,5.7,5.67,5.71,5.6,159417,178137925.0,1.96,1.07,0.06,1.1
598,2017-06-20,5.66,5.77,5.83,5.66,182436,207156539.0,3.0,1.76,0.1,1.26
599,2017-06-21,5.82,5.86,5.88,5.74,163613,187067395.0,2.43,1.56,0.09,1.13
600,2017-06-22,5.87,5.64,5.88,5.64,176167,200028541.0,4.1,-3.75,-0.22,1.21
601,2017-06-23,5.63,5.64,5.73,5.46,186047,206289548.0,4.79,0.0,0.0,1.28
602,2017-06-26,5.66,6.08,6.11,5.61,487026,561922256.0,8.87,7.8,0.44,3.36
603,2017-06-27,6.01,6.09,6.19,5.99,362675,428870080.0,3.29,0.16,0.01,2.5
604,2017-06-28,6.08,6.17,6.19,6.02,216147,256353682.0,2.79,1.31,0.08,1.49
605,2017-06-29,6.2,6.42,6.46,6.2,445590,544262208.0,4.21,4.05,0.25,3.07
606,2017-06-30,6.35,6.45,6.46,6.29,180892,221184190.0,2.65,0.47,0.03,1.25
607,2017-07-03,6.44,6.42,6.53,6.33,193612,237684504.0,3.1,-0.47,-0.03,1.33
608,2017-07-04,6.42,6.31,6.46,6.23,223166,271060224.0,3.58,-1.71,-0.11,1.54
609,2017-07-05,6.32,6.52,6.53,6.26,280239,344394080.0,4.28,3.33,0.21,1.93
610,2017-07-06,6.49,6.46,6.62,6.26,361280,446860256.0,5.52,-0.92,-0.06,2.49
611,2017-07-07,6.44,6.68,6.78,6.4,375609,474343712.0,5.88,3.41,0.22,2.59
612,2017-07-10,6.7,6.74,6.95,6.62,335790,429566112.0,4.94,0.9,0.06,2.31
613,2017-07-11,6.67,6.64,6.83,6.54,250086,316397424.0,4.3,-1.48,-0.1,1.72
614,2017-07-12,6.62,6.49,6.66,6.37,357989,442482560.0,4.37,-2.26,-0.15,2.47
615,2017-07-13,6.55,6.97,7.03,6.53,624927,806867008.0,7.7,7.4,0.48,4.3
616,2017-07-14,6.97,7.0,7.04,6.84,288545,376932032.0,2.87,0.43,0.03,1.99
617,2017-07-17,7.0,6.83,7.04,6.33,356463,457194304.0,10.14,-2.43,-0.17,2.45
618,2017-07-18,6.88,7.19,7.34,6.83,583247,776902976.0,7.47,5.27,0.36,4.02
619,2017-07-19,7.11,7.68,7.68,7.08,552836,759871552.0,8.34,6.82,0.49,3.81
620,2017-07-20,7.77,7.57,7.77,7.51,388100,544344816.0,3.39,-1.43,-0.11,2.67
621,2017-07-21,7.54,8.24,8.26,7.49,589717,856749696.0,10.17,8.85,0.67,4.06
622,2017-07-24,8.25,8.01,8.58,7.95,658653,983160720.0,7.65,-2.79,-0.23,4.53
623,2017-07-25,8.03,8.14,8.19,7.81,421746,614761264.0,4.74,1.62,0.13,2.9
624,2017-07-26,8.06,7.85,8.13,7.63,559253,799814064.0,6.14,-3.56,-0.29,3.85
625,2017-07-27,7.94,8.34,8.36,7.76,734641,1078381040.0,7.64,6.24,0.49,5.05
626,2017-07-28,8.22,8.19,8.34,7.97,470879,697027568.0,4.44,-1.8,-0.15,3.24
627,2017-07-31,8.09,8.53,8.69,7.97,656655,986522576.0,8.79,4.15,0.34,4.51
628,2017-08-01,8.74,8.32,8.83,8.16,600669,913193040.0,7.85,-2.46,-0.21,4.13
629,2017-08-02,8.15,7.86,8.36,7.8,550634,811160400.0,6.73,-5.53,-0.46,3.79
630,2017-08-03,7.8,7.87,7.97,7.68,326209,468037344.0,3.69,0.13,0.01,2.24
631,2017-08-04,7.86,7.38,7.95,7.37,460492,649706336.0,7.37,-6.23,-0.49,3.17
632,2017-08-07,7.36,7.43,7.51,7.19,445049,606677984.0,4.34,0.68,0.05,3.06
633,2017-08-08,7.46,7.42,7.61,7.27,379929,523361776.0,4.58,-0.13,-0.01,2.61
634,2017-08-09,7.42,7.69,7.75,7.35,370908,520117712.0,5.39,3.64,0.27,2.55
635,2017-08-10,7.66,7.51,7.66,7.26,296087,408773392.0,5.2,-2.34,-0.18,2.04
636,2017-08-11,7.35,7.17,7.57,7.13,288740,394650112.0,5.86,-4.53,-0.34,1.99
637,2017-08-14,7.17,7.65,7.75,7.17,363378,505491936.0,8.09,6.69,0.48,2.5
638,2017-08-15,7.65,7.71,7.9,7.64,334020,474681296.0,3.4,0.78,0.06,2.3
639,2017-08-16,7.72,7.68,7.82,7.64,221518,313675312.0,2.33,-0.39,-0.03,1.52
640,2017-08-17,7.62,7.66,7.77,7.44,253350,353939072.0,4.3,-0.26,-0.02,1.74
641,2017-08-18,7.55,7.62,7.75,7.47,171623,241669212.0,3.66,-0.52,-0.04,1.18
642,2017-08-21,7.58,7.94,7.95,7.55,340437,486023072.0,5.25,4.2,0.32,2.34
643,2017-08-22,7.91,7.86,7.99,7.8,228072,328582208.0,2.39,-1.01,-0.08,1.57
644,2017-08-23,7.79,7.97,8.04,7.73,287563,416403008.0,3.94,1.4,0.11,1.98
645,2017-08-24,7.97,7.55,7.97,7.54,302652,431919248.0,5.4,-5.27,-0.42,2.08
646,2017-08-25,7.48,7.66,7.78,7.48,269364,378650560.0,3.97,1.46,0.11,1.85
647,2017-08-28,7.71,7.51,7.82,7.46,312810,440454944.0,4.7,-1.96,-0.15,2.15
648,2017-08-29,7.56,7.61,7.65,7.42,215311,300535072.0,3.06,1.33,0.1,1.48
649,2017-08-30,7.62,7.52,7.62,7.42,227169,314334784.0,2.63,-1.18,-0.09,1.56
650,2017-08-31,7.46,7.96,7.97,7.4,551183,790584576.0,7.58,5.85,0.44,3.79
651,2017-09-01,7.94,8.0,8.04,7.85,365061,529173776.0,2.39,0.5,0.04,2.51
652,2017-09-04,7.97,7.99,8.22,7.91,380343,557266160.0,3.88,-0.13,-0.01,2.61
653,2017-09-05,7.98,8.1,8.11,7.79,228392,330965200.0,4.01,1.38,0.11,1.57
654,2017-09-06,8.04,8.24,8.42,7.95,370167,550727632.0,5.8,1.73,0.14,2.55
655,2017-09-07,8.39,7.99,8.39,7.95,255873,379190800.0,5.34,-3.03,-0.25,1.76
656,2017-09-08,8.08,8.37,8.49,8.03,448745,676217616.0,5.76,4.76,0.38,3.09
657,2017-09-11,8.44,8.53,8.58,8.3,333635,509105200.0,3.35,1.91,0.16,2.29
658,2017-09-12,8.47,8.61,8.82,8.37,426296,657870656.0,5.28,0.94,0.08,2.93
659,2017-09-13,8.55,8.52,8.73,8.39,277673,426224784.0,3.95,-1.05,-0.09,1.91
660,2017-09-14,8.52,8.26,8.52,8.11,369727,552396928.0,4.81,-3.05,-0.26,2.54
661,2017-09-15,8.18,8.16,8.33,8.08,187392,278913456.0,3.03,-1.21,-0.1,1.29
662,2017-09-18,8.15,8.64,8.66,8.11,278274,422703552.0,6.74,5.88,0.48,1.91
663,2017-09-19,8.56,8.48,8.64,8.44,202598,310963744.0,2.31,-1.85,-0.16,1.39
664,2017-09-20,8.49,8.85,8.94,8.41,398949,626094576.0,6.25,4.36,0.37,2.74
665,2017-09-21,8.79,8.79,8.93,8.58,252743,396597616.0,3.95,-0.68,-0.06,1.74
666,2017-09-22,8.68,8.37,8.77,8.32,265690,404495856.0,5.12,-4.78,-0.42,1.83
667,2017-09-25,8.31,8.11,8.46,8.06,206426,310237280.0,4.78,-3.11,-0.26,1.42
668,2017-09-26,8.15,8.02,8.22,7.91,187100,272817872.0,3.82,-1.11,-0.09,1.29
669,2017-09-27,8.05,8.24,8.29,8.02,169924,253180900.0,3.37,2.74,0.22,1.17
670,2017-09-28,8.24,8.31,8.46,8.19,149502,225909001.0,3.28,0.85,0.07,1.03
671,2017-09-29,8.33,8.51,8.54,8.32,183642,280463120.0,2.65,2.41,0.2,1.26
672,2017-10-09,8.64,8.68,8.81,8.46,220882,343239824.0,4.11,2.0,0.17,1.52
673,2017-10-10,8.65,8.71,8.74,8.43,196273,302854176.0,3.57,0.35,0.03,1.35
674,2017-10-11,8.86,8.42,8.86,8.33,244180,374046416.0,6.08,-3.33,-0.29,1.68
675,2017-10-12,8.41,8.56,8.61,8.33,157113,240284126.0,3.33,1.66,0.14,1.08
676,2017-10-13,8.51,8.39,8.58,8.37,136939,208228701.0,2.45,-1.99,-0.17,0.94
677,2017-10-16,8.39,8.08,8.39,8.04,195809,291003024.0,4.17,-3.69,-0.31,1.35
678,2017-10-17,8.06,8.16,8.25,8.05,110871,164385949.0,2.48,0.99,0.08,0.76
679,2017-10-18,8.22,7.68,8.23,7.63,267288,385011824.0,7.35,-5.88,-0.48,1.84
680,2017-10-19,7.7,7.68,7.76,7.44,198985,279398496.0,4.17,0.0,0.0,1.37
681,2017-10-20,7.68,7.82,7.84,7.49,128853,182889925.0,4.56,1.82,0.14,0.89
682,2017-10-23,7.82,7.83,7.85,7.64,93817,133755800.0,2.69,0.13,0.01,0.64
683,2017-10-24,7.83,7.78,7.84,7.66,95730,136071174.0,2.3,-0.64,-0.05,0.66
684,2017-10-25,7.79,8.09,8.13,7.74,164902,240248874.0,5.01,3.98,0.31,1.13
685,2017-10-26,8.07,8.14,8.27,8.02,166449,247083238.0,3.09,0.62,0.05,1.14
686,2017-10-27,8.15,8.1,8.32,8.06,162647,242028378.0,3.19,-0.49,-0.04,1.12
687,2017-10-30,8.11,8.07,8.31,7.96,248481,368749376.0,4.32,-0.37,-0.03,1.71
688,2017-10-31,7.96,8.42,8.42,7.96,261697,390991504.0,5.7,4.34,0.35,1.8
689,2017-11-01,8.42,8.4,8.58,8.32,254321,387519712.0,3.09,-0.24,-0.02,1.75
690,2017-11-02,8.35,8.6,8.62,8.22,320343,489087504.0,4.76,2.38,0.2,2.2
691,2017-11-03,8.59,8.26,8.59,8.12,321602,486497104.0,5.47,-3.95,-0.34,2.21
692,2017-11-06,8.22,8.95,8.97,8.19,465916,721403024.0,9.44,8.35,0.69,3.2
693,2017-11-07,8.88,9.08,9.15,8.84,462820,740862976.0,3.46,1.45,0.13,3.18
694,2017-11-08,9.08,9.11,9.2,8.89,365011,586647168.0,3.41,0.33,0.03,2.51
695,2017-11-09,8.97,9.4,9.53,8.85,451733,736092944.0,7.46,3.18,0.29,3.1
696,2017-11-10,9.33,9.81,9.92,9.3,491229,835122640.0,6.6,4.36,0.41,3.37
697,2017-11-13,9.87,9.84,10.25,9.79,493163,862669920.0,4.69,0.31,0.03,3.39
698,2017-11-14,9.84,9.97,10.02,9.58,353125,608197600.0,4.47,1.32,0.13,2.43
699,2017-11-15,9.93,9.38,9.98,9.29,395836,666477152.0,6.92,-5.92,-0.59,2.72
700,2017-11-16,9.33,9.51,9.65,9.2,287515,480409360.0,4.8,1.39,0.13,1.98
701,2017-11-17,9.46,9.26,9.66,9.12,373372,620414928.0,5.68,-2.63,-0.25,2.57
702,2017-11-20,9.27,9.82,9.85,9.09,372627,620777440.0,8.21,6.05,0.56,2.56
703,2017-11-21,9.79,10.02,10.06,9.74,383215,664451696.0,3.26,2.04,0.2,2.63
704,2017-11-22,10.22,9.16,10.26,9.11,584699,992313456.0,11.48,-8.58,-0.86,4.02
705,2017-11-23,9.15,8.63,9.35,8.46,544918,860987824.0,9.72,-5.79,-0.53,3.74
706,2017-11-24,8.49,8.14,8.59,8.11,379588,568787200.0,5.56,-5.68,-0.49,2.61
707,2017-11-27,8.13,8.11,8.35,8.01,197889,293848800.0,4.18,-0.37,-0.03,1.36
708,2017-11-28,8.13,8.31,8.34,8.06,191751,285655184.0,3.45,2.47,0.2,1.32
709,2017-11-29,8.28,8.1,8.29,7.88,235003,345135648.0,4.93,-2.53,-0.21,1.61
710,2017-11-30,8.11,8.13,8.22,8.02,114013,168570459.0,2.47,0.37,0.03,0.78
711,2017-12-01,8.12,8.15,8.24,7.99,130355,192777585.0,3.08,0.25,0.02,0.9
712,2017-12-04,8.13,7.77,8.17,7.77,220274,319065680.0,4.91,-4.66,-0.38,1.51
713,2017-12-05,7.79,7.49,7.84,7.4,217097,304474480.0,5.66,-3.6,-0.28,1.49
714,2017-12-06,7.52,7.72,7.73,7.32,194614,270568656.0,5.47,3.07,0.23,1.34
715,2017-12-07,7.65,7.51,7.66,7.44,160094,222954697.0,2.85,-2.72,-0.21,1.1
716,2017-12-08,7.56,7.82,7.91,7.45,248764,352960384.0,6.13,4.13,0.31,1.71
717,2017-12-11,8.05,8.1,8.12,7.81,241739,352346848.0,3.96,3.58,0.28,1.66
718,2017-12-12,8.13,8.02,8.3,7.97,238186,352529392.0,4.07,-0.99,-0.08,1.64
719,2017-12-13,7.94,8.24,8.32,7.93,204914,304682224.0,4.86,2.74,0.22,1.41
720,2017-12-14,8.26,8.33,8.44,8.22,190471,287339296.0,2.67,1.09,0.09,1.31
721,2017-12-15,8.35,8.05,8.38,8.02,156090,231438639.0,4.32,-3.36,-0.28,1.07
722,2017-12-18,8.06,8.2,8.35,8.06,139612,208506619.0,3.6,1.86,0.15,0.96
723,2017-12-19,8.28,8.44,8.59,8.24,182278,277844464.0,4.27,2.93,0.24,1.25
724,2017-12-20,8.46,8.85,9.08,8.46,363217,573752784.0,7.35,4.86,0.41,2.5
725,2017-12-21,8.93,9.16,9.27,8.62,326558,524530368.0,7.34,3.5,0.31,2.24
726,2017-12-22,9.11,9.44,9.56,9.04,329437,548304832.0,5.68,3.06,0.28,2.26
727,2017-12-25,9.56,9.48,10.02,9.42,522740,892594864.0,6.36,0.42,0.04,3.59
728,2017-12-26,9.55,9.64,9.74,9.25,268438,449848896.0,5.17,1.69,0.16,1.84
729,2017-12-27,9.53,9.46,9.95,9.44,251275,428920480.0,5.29,-1.87,-0.18,1.73
730,2017-12-28,9.42,10.19,10.31,9.39,417434,729800672.0,9.73,7.72,0.73,2.87
731,2017-12-29,10.17,9.84,10.59,9.78,485828,862491952.0,7.95,-3.43,-0.35,3.34
732,2018-01-02,10.15,10.68,10.72,9.91,403994,730131232.0,8.23,8.54,0.84,2.78
733,2018-01-03,10.57,10.53,10.95,10.34,423905,777920496.0,5.71,-1.4,-0.15,2.91
734,2018-01-04,10.53,10.51,10.8,10.41,217102,396864432.0,3.7,-0.19,-0.02,1.49
735,2018-01-05,10.55,10.5,10.8,10.13,296356,538828096.0,6.37,-0.1,-0.01,2.04
736,2018-01-08,10.35,10.58,10.72,10.28,267160,485429568.0,4.19,0.76,0.08,1.84
737,2018-01-09,10.63,10.29,10.63,10.18,243056,435905584.0,4.25,-2.74,-0.29,1.67
738,2018-01-10,10.28,10.03,10.28,9.71,348640,607965600.0,5.54,-2.53,-0.26,2.4
739,2018-01-11,10.04,10.31,10.55,9.96,323195,578310816.0,5.88,2.79,0.28,2.22
740,2018-01-12,10.33,9.93,10.42,9.91,180851,319254496.0,4.95,-3.69,-0.38,1.24
741,2018-01-15,10.05,9.16,10.07,8.93,568704,936021088.0,11.48,-7.75,-0.77,3.91
742,2018-01-16,9.15,9.18,9.32,8.97,265188,430463536.0,3.82,0.22,0.02,1.82
743,2018-01-17,9.21,9.44,9.61,8.91,314210,515147344.0,7.63,2.83,0.26,2.16
744,2018-01-18,9.33,9.73,9.91,9.27,245680,419837392.0,6.78,3.07,0.29,1.69
745,2018-01-19,9.7,9.68,9.84,9.51,170642,290658144.0,3.39,-0.51,-0.05,1.17
746,2018-01-22,9.73,9.51,9.73,9.24,231024,384479168.0,5.06,-1.76,-0.17,1.59
747,2018-01-23,9.51,10.06,10.07,9.35,284510,489716800.0,7.57,5.78,0.55,1.95
748,2018-01-24,10.01,10.2,10.25,9.88,280537,493617456.0,3.68,1.39,0.14,1.93
749,2018-01-25,10.22,10.05,10.28,9.99,147016,259821182.0,2.84,-1.47,-0.15,1.01
750,2018-01-26,9.97,9.69,10.02,9.53,246199,419950736.0,4.88,-3.58,-0.36,1.69
751,2018-01-29,9.66,9.17,9.66,8.95,379658,616921520.0,7.33,-5.37,-0.52,2.61
752,2018-01-30,9.06,9.02,9.22,8.95,123495,199261542.0,2.94,-1.64,-0.15,0.85
753,2018-01-31,8.93,8.69,8.97,8.6,233663,365420416.0,4.1,-3.66,-0.33,1.61
754,2018-02-01,8.75,8.36,8.76,8.22,271866,412638144.0,6.21,-3.8,-0.33,1.87
755,2018-02-02,8.39,8.68,8.73,8.29,191242,293547040.0,5.26,3.83,0.32,1.31
756,2018-02-05,8.49,8.81,8.9,8.43,188978,294413392.0,5.41,1.5,0.13,1.3
757,2018-02-06,8.59,8.06,8.66,8.04,214226,323836752.0,7.04,-8.51,-0.75,1.47
758,2018-02-07,8.38,8.48,8.59,8.08,271752,411314976.0,6.33,5.21,0.42,1.87
759,2018-02-08,8.42,8.93,9.04,8.39,212309,335950192.0,7.67,5.31,0.45,1.46
760,2018-02-09,8.59,8.61,9.02,8.22,267670,417496976.0,8.96,-3.58,-0.32,1.84
761,2018-02-12,8.75,8.83,9.1,8.66,214332,340997024.0,5.11,2.56,0.22,1.47
762,2018-02-13,8.84,9.32,9.34,8.7,325233,524910928.0,7.25,5.55,0.49,2.23
763,2018-02-14,9.26,9.19,9.3,8.99,194768,316446864.0,3.33,-1.39,-0.13,1.34
764,2018-02-22,9.29,9.32,9.46,9.15,194415,320092656.0,3.37,1.41,0.13,1.34
765,2018-02-23,9.27,9.13,9.42,8.95,203852,331230672.0,5.04,-2.04,-0.19,1.4
766,2018-02-26,9.19,9.91,10.02,9.13,473342,805971728.0,9.75,8.54,0.78,3.25
767,2018-02-27,9.88,9.94,10.11,9.75,312086,543581440.0,3.63,0.3,0.03,2.14
768,2018-02-28,9.81,9.9,10.09,9.72,202875,352773552.0,3.72,-0.4,-0.04,1.39
769,2018-03-01,9.86,10.15,10.16,9.73,254597,445238208.0,4.34,2.53,0.25,1.75
770,2018-03-02,10.04,9.7,10.06,9.65,224138,386231744.0,4.04,-4.43,-0.45,1.54
771,2018-03-05,9.7,10.11,10.11,9.62,225810,390705504.0,5.05,4.23,0.41,1.55
772,2018-03-06,10.11,10.15,10.25,9.93,254984,450107920.0,3.17,0.4,0.04,1.75
773,2018-03-07,10.14,9.67,10.14,9.66,177299,307071456.0,4.73,-4.73,-0.48,1.22
774,2018-03-08,9.74,9.73,9.79,9.56,143363,243698967.0,2.38,0.62,0.06,0.98
775,2018-03-09,9.66,10.09,10.17,9.48,267553,462845568.0,7.09,3.7,0.36,1.84
776,2018-03-12,10.17,10.3,10.53,10.09,327412,587741568.0,4.36,2.08,0.21,2.25
777,2018-03-13,10.28,10.12,10.4,10.1,176637,315675600.0,2.91,-1.75,-0.18,1.21
778,2018-03-14,10.04,9.99,10.11,9.8,197177,343402272.0,3.06,-1.28,-0.13,1.35
779,2018-03-15,9.91,10.07,10.12,9.79,153562,267071398.0,3.3,0.8,0.08,1.06
780,2018-03-16,10.0,9.59,10.08,9.58,200062,343492832.0,4.97,-4.77,-0.48,1.37
781,2018-03-19,9.53,9.58,9.68,9.44,133096,224465913.0,2.5,-0.1,-0.01,0.91
782,2018-03-20,9.51,9.48,9.57,9.21,132048,219353064.0,3.76,-1.04,-0.1,0.91
783,2018-03-21,9.42,9.51,9.77,9.42,137691,233530621.0,3.69,0.32,0.03,0.95
784,2018-03-22,9.51,9.44,9.62,9.27,99728,166195365.0,3.68,-0.74,-0.07,0.69
785,2018-03-23,8.92,8.76,9.18,8.55,201316,319592912.0,6.67,-7.2,-0.68,1.38
786,2018-03-26,8.59,9.11,9.12,8.4,182214,287462736.0,8.22,4.0,0.35,1.25
787,2018-03-27,9.35,9.43,9.48,9.19,176835,292906944.0,3.18,3.51,0.32,1.21
788,2018-03-28,9.35,9.54,9.83,9.33,214927,364311056.0,5.3,1.17,0.11,1.48
789,2018-03-29,9.56,9.77,9.78,9.44,139668,236834163.0,3.56,2.41,0.23,0.96
790,2018-03-30,9.84,10.17,10.33,9.75,272300,478913200.0,5.94,4.09,0.4,1.87
791,2018-04-02,10.15,10.19,10.27,9.95,219621,387771408.0,3.15,0.2,0.02,1.5
792,2018-04-03,9.95,9.76,10.01,9.39,248431,423695856.0,6.08,-4.22,-0.43,1.7
793,2018-04-04,9.77,9.42,9.84,9.24,269420,448463168.0,6.15,-3.48,-0.34,1.85
794,2018-04-09,9.32,9.25,9.39,9.04,172922,283384432.0,3.72,-1.8,-0.17,1.18
795,2018-04-10,9.28,9.39,9.42,9.08,126945,208318632.0,3.68,1.51,0.14,0.87
796,2018-04-11,9.39,9.27,9.44,9.25,120665,199437739.0,2.02,-1.28,-0.12,0.83
797,2018-04-12,9.32,9.24,9.33,9.12,90166,147536665.0,2.27,-0.32,-0.03,0.62
798,2018-04-13,9.34,9.02,9.35,8.97,134425,217769691.0,4.11,-2.38,-0.22,0.92
799,2018-04-16,8.92,9.07,9.15,8.91,111815,180325779.0,2.66,0.55,0.05,0.77
800,2018-04-17,9.05,9.16,9.57,9.05,261382,431485664.0,5.73,0.99,0.09,1.79
801,2018-04-18,9.31,8.9,9.32,8.28,311783,494912688.0,11.35,-2.84,-0.26,2.14
802,2018-04-19,8.83,8.52,8.94,8.4,325097,503467488.0,6.07,-4.27,-0.38,2.23
803,2018-04-20,8.42,7.73,8.46,7.52,456525,663144288.0,11.03,-9.27,-0.79,3.13
804,2018-04-23,7.66,7.55,7.88,7.34,297169,414030992.0,6.99,-2.33,-0.18,2.04
805,2018-04-24,7.58,7.97,7.99,7.55,228614,328495168.0,5.83,5.56,0.42,1.57
806,2018-04-25,7.87,7.99,8.17,7.84,185992,271263184.0,4.14,0.25,0.02,1.27
807,2018-04-26,7.53,6.99,7.53,6.99,568167,751187680.0,6.76,-12.52,-1.0,3.89
808,2018-04-27,7.01,6.82,7.04,6.62,286834,367212448.0,6.01,-2.43,-0.17,1.97
809,2018-05-02,6.83,6.9,6.93,6.76,152702,197317658.0,2.49,1.17,0.08,1.05
810,2018-05-03,6.84,7.04,7.08,6.69,199260,259580882.0,5.65,2.03,0.14,1.37
811,2018-05-04,7.04,7.04,7.15,6.95,192753,254659866.0,2.84,0.0,0.0,1.32
812,2018-05-07,7.02,7.25,7.31,6.97,259669,348280224.0,4.83,2.98,0.21,1.78
813,2018-05-08,7.3,7.39,7.44,7.25,195222,267372076.0,2.62,1.93,0.14,1.34
814,2018-05-09,7.37,7.35,7.45,7.28,149194,203794643.0,2.3,-0.54,-0.04,1.02
815,2018-05-10,7.4,7.49,7.55,7.33,167226,230839003.0,2.99,1.9,0.14,1.15
816,2018-05-11,7.51,7.26,7.55,7.24,167706,228738062.0,4.14,-3.07,-0.23,1.15
817,2018-05-14,7.46,7.76,7.91,7.46,372599,527797312.0,6.2,6.89,0.5,2.55
818,2018-05-15,7.8,7.85,7.87,7.63,174274,248497453.0,3.09,1.16,0.09,1.19
819,2018-05-16,7.77,7.86,7.97,7.71,191832,276052576.0,3.31,0.13,0.01,1.31
820,2018-05-17,7.79,7.86,7.96,7.77,166194,239524426.0,2.42,0.0,0.0,1.14
821,2018-05-18,7.79,7.82,7.88,7.63,145186,207005108.0,3.18,-0.51,-0.04,0.99
822,2018-05-21,7.97,8.23,8.3,7.97,240216,355207040.0,4.22,5.24,0.41,1.65
823,2018-05-22,8.26,8.31,8.39,8.15,155732,233524860.0,2.92,0.97,0.08,1.07
824,2018-05-23,8.28,8.15,8.28,8.11,159956,237226229.0,2.05,-1.93,-0.16,1.1
825,2018-05-24,8.17,8.01,8.22,7.84,164684,240182406.0,4.66,-1.72,-0.14,1.13
826,2018-05-25,7.99,7.6,7.99,7.55,175981,248928937.0,5.49,-5.12,-0.41,1.21
827,2018-05-28,7.66,7.76,7.97,7.61,137821,132037687.0,4.74,2.11,0.16,0.65
828,2018-05-29,7.76,7.61,7.84,7.55,161827,152364703.0,3.74,-1.93,-0.15,0.76
829,2018-05-30,7.41,7.28,7.42,7.15,171356,155191509.0,3.55,-4.34,-0.33,0.81
830,2018-05-31,7.35,7.3,7.49,7.15,172804,156228073.0,4.67,0.27,0.02,0.82
831,2018-06-01,7.27,7.06,7.27,6.96,175129,155026701.0,4.25,-3.29,-0.24,0.83
832,2018-06-04,6.86,7.12,7.22,6.86,122807,108602342.0,5.1,0.85,0.06,0.58
833,2018-06-05,7.14,7.39,7.4,7.06,142764,129387742.0,4.78,3.79,0.27,0.67
834,2018-06-06,7.42,7.66,7.79,7.4,175134,164570593.0,5.28,3.65,0.27,0.83
835,2018-06-07,7.8,7.65,7.82,7.57,111000,104768069.0,3.26,-0.13,-0.01,0.52
836,2018-06-08,7.71,7.65,7.79,7.55,127818,120674402.0,3.14,0.0,0.0,0.6
837,2018-06-11,7.69,7.45,7.69,7.32,106154,97578610.0,4.84,-2.61,-0.2,0.5
838,2018-06-12,7.45,7.74,7.75,7.38,168367,158231357.0,4.97,3.89,0.29,0.8
839,2018-06-13,7.71,7.55,7.71,7.47,110681,103387796.0,3.1,-2.45,-0.19,0.52
840,2018-06-14,7.48,7.58,7.67,7.48,93666,87624433.0,2.52,0.4,0.03,0.44
841,2018-06-15,7.6,7.24,7.65,7.22,156043,142617659.0,5.67,-4.49,-0.34,0.74
842,2018-06-19,6.75,6.49,7.08,6.4,278866,236577971.0,9.39,-10.36,-0.75,1.32
843,2018-06-20,6.47,6.74,6.81,6.41,130468,109621375.0,6.16,3.85,0.25,0.62
844,2018-06-21,6.74,6.74,6.88,6.63,131560,111875532.0,3.71,0.0,0.0,0.62
845,2018-06-22,6.74,6.86,6.9,6.45,143229,122414366.0,6.68,1.78,0.12,0.68
846,2018-06-25,6.95,6.96,7.0,6.82,118235,102432844.0,2.62,1.46,0.1,0.56
847,2018-06-26,6.76,7.09,7.17,6.72,122590,107328810.0,6.47,1.87,0.13,0.58
848,2018-06-27,7.07,6.95,7.18,6.88,105754,92168161.0,4.23,-1.97,-0.14,0.5
849,2018-06-28,6.98,6.88,7.05,6.8,99126,85986040.0,3.6,-1.01,-0.07,0.47
850,2018-06-29,6.83,7.41,7.44,6.83,164459,147240697.0,8.87,7.7,0.53,0.78
851,2018-07-02,7.42,7.29,7.51,7.13,150182,136524854.0,5.13,-1.62,-0.12,0.71
852,2018-07-03,7.21,7.64,7.69,7.21,192811,178171309.0,6.58,4.8,0.35,0.91
853,2018-07-04,7.6,7.52,7.61,7.43,115311,106601686.0,2.36,-1.57,-0.12,0.54
854,2018-07-05,7.5,7.48,7.61,7.3,125020,115384933.0,4.12,-0.53,-0.04,0.59
855,2018-07-06,7.45,7.75,7.87,7.43,229296,216738174.0,5.88,3.61,0.27,1.08
856,2018-07-09,7.79,7.85,8.0,7.67,182618,174545125.0,4.26,1.29,0.1,0.86
857,2018-07-10,7.82,7.89,7.96,7.73,167689,160662322.0,2.93,0.51,0.04,0.79
858,2018-07-11,7.73,7.72,7.8,7.58,125059,118128963.0,2.79,-2.15,-0.17,0.59
859,2018-07-12,7.85,8.09,8.17,7.8,254428,248767993.0,4.79,4.79,0.37,1.2
860,2018-07-13,8.05,8.05,8.12,7.94,122245,119582086.0,2.22,-0.49,-0.04,0.58
861,2018-07-16,8.1,8.34,8.55,8.02,284579,287758592.0,6.58,3.6,0.29,1.34
862,2018-07-17,8.41,8.39,8.63,8.27,251945,256139221.0,4.32,0.6,0.05,1.19
863,2018-07-18,8.55,8.69,9.01,8.55,532035,561526320.0,5.48,3.58,0.3,2.51
864,2018-07-19,8.75,8.5,8.83,8.44,240136,247748817.0,4.49,-2.19,-0.19,1.13
865,2018-07-20,8.48,8.7,8.72,8.25,249732,257852392.0,5.53,2.35,0.2,1.18
866,2018-07-23,8.65,8.83,8.98,8.61,265694,280776880.0,4.25,1.49,0.13,1.26
867,2018-07-24,8.83,8.85,8.92,8.65,206015,217831354.0,3.06,0.23,0.02,0.97
868,2018-07-25,8.83,9.2,9.23,8.72,321572,348015872.0,5.76,3.95,0.35,1.52
869,2018-07-26,9.12,9.15,9.27,8.96,184327,199709356.0,3.37,-0.54,-0.05,0.87
870,2018-07-27,9.12,8.86,9.14,8.76,172998,184378429.0,4.15,-3.17,-0.29,0.82
871,2018-07-30,8.87,8.58,8.94,8.48,179057,185770615.0,5.19,-3.16,-0.28,0.85
872,2018-07-31,8.62,8.62,8.7,8.5,96143,99543487.0,2.33,0.47,0.04,0.45
873,2018-08-01,8.68,8.49,8.93,8.47,166162,173981192.0,5.34,-1.51,-0.13,0.78
874,2018-08-02,8.5,8.5,8.57,8.12,192396,193073139.0,5.3,0.12,0.01,0.91
875,2018-08-03,8.4,8.19,8.56,8.17,115223,116543260.0,4.59,-3.65,-0.31,0.54
876,2018-08-06,8.2,8.19,8.38,8.02,114894,114422768.0,4.4,0.0,0.0,0.54
877,2018-08-07,8.24,8.45,8.46,7.98,178352,178125557.0,5.86,3.17,0.26,0.84
878,2018-08-08,8.41,8.56,8.84,8.29,269673,279590288.0,6.51,1.3,0.11,1.27
879,2018-08-09,8.41,8.84,8.93,8.38,240292,253439613.0,6.43,3.27,0.28,1.14
880,2018-08-10,8.84,8.97,9.03,8.75,146421,155686888.0,3.17,1.47,0.13,0.69
881,2018-08-13,8.83,9.0,9.11,8.83,161275,173065188.0,3.12,0.33,0.03,0.76
882,2018-08-14,8.88,8.81,9.01,8.77,114318,121363253.0,2.67,-2.11,-0.19,0.54
883,2018-08-15,8.81,8.83,9.16,8.76,200950,214744765.0,4.54,0.23,0.02,0.95
884,2018-08-16,8.79,9.05,9.33,8.67,350816,380999984.0,7.47,2.49,0.22,1.66
885,2018-08-17,9.12,9.12,9.37,9.01,286626,314171216.0,3.98,0.77,0.07,1.35
886,2018-08-20,9.04,9.04,9.18,8.76,200830,215669875.0,4.61,-0.88,-0.08,0.95
887,2018-08-21,9.08,9.41,9.47,9.07,281243,310423408.0,4.42,4.09,0.37,1.33
888,2018-08-22,9.39,9.1,9.41,9.05,162668,178517742.0,3.83,-3.29,-0.31,0.77
889,2018-08-23,9.09,9.26,9.33,8.95,165304,181223933.0,4.18,1.76,0.16,0.78
890,2018-08-24,9.28,9.15,9.48,9.03,224615,247421623.0,4.86,-1.19,-0.11,1.06
891,2018-08-27,9.25,9.77,9.86,9.2,371875,422235808.0,7.21,6.78,0.62,1.76
892,2018-08-28,9.75,9.73,9.79,9.58,190068,216734097.0,2.15,-0.41,-0.04,0.9
893,2018-08-29,9.72,9.72,9.95,9.6,202122,232457948.0,3.6,-0.1,-0.01,0.95
894,2018-08-30,9.65,9.29,9.74,9.25,216806,241670899.0,5.04,-4.42,-0.43,1.02
895,2018-08-31,9.27,9.19,9.39,9.13,113332,124674947.0,2.8,-1.08,-0.1,0.54
896,2018-09-03,9.1,9.1,9.2,8.63,238357,253194343.0,6.2,-0.98,-0.09,1.13
897,2018-09-04,9.09,9.19,9.27,8.89,189361,205799947.0,4.18,0.99,0.09,0.89
898,2018-09-05,9.15,8.76,9.15,8.76,156425,167021146.0,4.24,-4.68,-0.43,0.74
899,2018-09-06,8.77,8.81,8.97,8.67,100963,106750866.0,3.42,0.57,0.05,0.48
900,2018-09-07,8.81,8.67,8.98,8.49,150595,158430090.0,5.56,-1.59,-0.14,0.71
901,2018-09-10,8.67,8.47,8.77,8.43,105829,109201785.0,3.92,-2.31,-0.2,0.5
902,2018-09-11,8.47,8.6,8.77,8.41,116899,120985635.0,4.25,1.53,0.13,0.55
903,2018-09-12,8.59,8.62,8.88,8.54,131579,137798725.0,3.95,0.23,0.02,0.62
904,2018-09-13,8.79,8.86,8.95,8.68,133140,140591070.0,3.13,2.78,0.24,0.63
905,2018-09-14,8.9,8.72,8.97,8.68,89395,94254910.0,3.27,-1.58,-0.14,0.42
906,2018-09-17,8.57,8.3,8.64,8.19,138583,140308478.0,5.16,-4.82,-0.42,0.65
907,2018-09-18,8.15,8.53,8.55,8.15,93145,94376760.0,4.82,2.77,0.23,0.44
908,2018-09-19,8.49,8.58,8.73,8.35,114964,118622823.0,4.45,0.59,0.05,0.54
909,2018-09-20,8.59,8.56,8.73,8.51,58868,60983770.0,2.56,-0.23,-0.02,0.28
910,2018-09-21,8.6,8.65,8.69,8.47,78567,81270744.0,2.57,1.05,0.09,0.37
911,2018-09-25,8.65,8.4,8.65,8.4,89229,91250028.0,2.89,-2.89,-0.25,0.42
912,2018-09-26,8.44,8.71,8.72,8.42,124773,129214801.0,3.57,3.69,0.31,0.59
913,2018-09-27,8.78,8.61,8.89,8.59,133103,139325767.0,3.44,-1.15,-0.1,0.63
914,2018-09-28,8.59,8.78,8.79,8.43,113556,117978175.0,4.18,1.97,0.17,0.54
915,2018-10-08,8.54,8.04,8.54,8.0,182498,182034607.0,6.15,-8.43,-0.74,0.86
916,2018-10-09,8.04,7.73,8.17,7.63,129562,124498897.0,6.72,-3.86,-0.31,0.61
917,2018-10-10,7.73,7.83,7.9,7.66,93738,89740660.0,3.1,1.29,0.1,0.44
918,2018-10-11,7.41,7.34,7.8,7.26,175677,161968840.0,6.9,-6.26,-0.49,0.83
919,2018-10-12,7.28,7.61,7.74,7.28,130122,120376440.0,6.27,3.68,0.27,0.61
920,2018-10-15,7.64,7.52,7.79,7.5,74952,70329533.0,3.81,-1.18,-0.09,0.35
921,2018-10-16,7.5,7.23,7.59,7.13,87289,79303784.0,6.12,-3.86,-0.29,0.41
922,2018-10-17,7.4,7.44,7.5,7.27,77328,70617512.0,3.18,2.9,0.21,0.37
923,2018-10-18,7.37,7.29,7.48,7.27,81805,74576729.0,2.82,-2.02,-0.15,0.39
924,2018-10-19,7.25,7.62,7.64,7.15,138899,128101499.0,6.72,4.53,0.33,0.66
925,2018-10-22,7.8,8.1,8.3,7.77,180066,175894961.0,6.96,6.3,0.48,0.85
926,2018-10-23,8.16,8.13,8.4,8.01,138105,137143130.0,4.81,0.37,0.03,0.65
927,2018-10-24,8.06,7.93,8.22,7.91,118861,116651629.0,3.81,-2.46,-0.2,0.56
928,2018-10-25,7.67,8.06,8.1,7.61,93503,89500585.0,6.18,1.64,0.13,0.44
929,2018-10-26,8.09,8.0,8.2,7.95,84277,82789812.0,3.1,-0.74,-0.06,0.4
930,2018-10-29,7.99,7.49,7.99,7.38,129935,121873714.0,7.63,-6.38,-0.51,0.61
931,2018-10-30,7.45,7.53,7.65,7.23,145885,134792512.0,5.61,0.53,0.04,0.69
932,2018-10-31,7.54,7.74,7.83,7.54,92727,87876345.0,3.85,2.79,0.21,0.44
933,2018-11-01,7.83,7.68,8.03,7.64,154502,148091728.0,5.04,-0.78,-0.06,0.73
934,2018-11-02,7.86,8.06,8.07,7.81,253905,246413500.0,3.39,4.95,0.38,1.2
935,2018-11-05,8.05,8.1,8.25,7.87,144417,141826791.0,4.71,0.5,0.04,0.68
936,2018-11-06,8.1,7.99,8.12,7.85,83860,81395483.0,3.33,-1.36,-0.11,0.4
937,2018-11-07,7.95,8.09,8.3,7.9,190712,188225624.0,5.01,1.25,0.1,0.9
938,2018-11-08,8.11,7.93,8.2,7.87,106725,103998859.0,4.08,-1.98,-0.16,0.5
939,2018-11-09,7.87,7.81,7.98,7.76,85614,82198628.0,2.77,-1.51,-0.12,0.4
940,2018-11-12,7.81,8.1,8.1,7.81,180803,176688998.0,3.71,3.71,0.29,0.85
941,2018-11-13,7.93,8.04,8.1,7.85,219142,213157306.0,3.09,-0.74,-0.06,1.03
942,2018-11-14,7.99,7.76,8.02,7.73,176996,170423235.0,3.61,-3.48,-0.28,0.84
943,2018-11-15,7.76,7.82,7.83,7.6,139938,132694501.0,2.96,0.77,0.06,0.66
944,2018-11-16,7.81,7.91,7.97,7.77,142656,137545339.0,2.56,1.15,0.09,0.67
945,2018-11-19,7.91,7.86,7.97,7.79,118107,113415447.0,2.28,-0.63,-0.05,0.56
946,2018-11-20,7.81,7.51,7.81,7.5,144323,135409807.0,3.94,-4.45,-0.35,0.68
947,2018-11-21,7.44,7.53,7.64,7.41,93344,86566897.0,3.06,0.27,0.02,0.44
948,2018-11-22,7.57,7.51,7.59,7.47,48424,44900943.0,1.59,-0.27,-0.02,0.23
949,2018-11-23,7.51,7.3,7.54,7.24,111806,101425937.0,3.99,-2.8,-0.21,0.53
950,2018-11-26,7.31,7.19,7.39,7.12,93826,84368188.0,3.7,-1.51,-0.11,0.44
951,2018-11-27,7.23,7.22,7.31,7.13,75302,67549313.0,2.5,0.42,0.03,0.36
952,2018-11-28,7.23,7.37,7.37,7.07,86088,77456425.0,4.16,2.08,0.15,0.41
953,2018-11-29,7.41,7.2,7.5,7.19,110677,100776367.0,4.21,-2.31,-0.17,0.52
954,2018-11-30,7.15,7.15,7.2,6.89,106967,94006663.0,4.31,-0.69,-0.05,0.51
955,2018-12-03,7.41,7.43,7.59,7.37,180889,166818614.0,3.08,3.92,0.28,0.85
956,2018-12-04,7.43,7.46,7.51,7.42,77684,71612810.0,1.21,0.4,0.03,0.37
957,2018-12-05,7.33,7.48,7.49,7.3,87637,80379940.0,2.55,0.27,0.02,0.41
958,2018-12-06,7.29,7.2,7.44,7.15,123934,111397125.0,3.88,-3.74,-0.28,0.59
959,2018-12-07,7.23,7.54,7.58,7.23,143037,131646772.0,4.86,4.72,0.34,0.68
960,2018-12-10,7.5,7.45,7.61,7.42,91560,84680014.0,2.52,-1.19,-0.09,0.43
961,2018-12-11,7.5,7.53,7.56,7.46,50538,46793797.0,1.34,1.07,0.08,0.24
962,2018-12-12,7.55,7.47,7.62,7.44,64482,59599185.0,2.39,-0.8,-0.06,0.3
963,2018-12-13,7.48,7.5,7.56,7.44,100713,93214475.0,1.61,0.4,0.03,0.48
964,2018-12-14,7.48,7.37,7.53,7.34,87096,79752751.0,2.53,-1.73,-0.13,0.41
965,2018-12-17,7.34,7.41,7.46,7.18,114800,103599857.0,3.8,0.54,0.04,0.54
966,2018-12-18,7.32,7.59,7.61,7.31,119547,110465378.0,4.05,2.43,0.18,0.56
967,2018-12-19,7.59,7.77,7.8,7.55,208720,197685671.0,3.29,2.37,0.18,0.99
968,2018-12-20,7.75,7.75,7.8,7.62,127522,120615805.0,2.32,-0.26,-0.02,0.6
969,2018-12-21,7.7,7.78,7.78,7.65,118037,111654755.0,1.68,0.39,0.03,0.56
970,2018-12-24,7.78,8.0,8.05,7.75,177420,172330783.0,3.86,2.83,0.22,0.84
971,2018-12-25,7.94,8.25,8.29,7.89,283607,279854688.0,5.0,3.13,0.25,1.34
972,2018-12-26,8.25,8.25,8.29,8.09,140468,139823264.0,2.42,0.0,0.0,0.66
973,2018-12-27,8.34,8.43,8.47,8.29,208832,212139576.0,2.18,2.18,0.18,0.99
974,2018-12-28,8.34,8.31,8.46,8.13,161194,162275747.0,3.91,-1.42,-0.12,0.76
975,2019-01-02,8.25,8.26,8.43,8.17,134210,134928558.0,3.13,-0.6,-0.05,0.63
976,2019-01-03,8.27,8.03,8.41,7.91,191812,188713889.0,6.05,-2.78,-0.23,0.91
977,2019-01-04,8.01,7.96,8.12,7.9,170333,165985237.0,2.74,-0.87,-0.07,0.8
978,2019-01-07,8.04,8.47,8.57,7.99,229710,230298324.0,7.29,6.41,0.51,1.08
979,2019-01-08,8.45,8.31,8.66,8.27,174467,177312815.0,4.6,-1.89,-0.16,0.82
980,2019-01-09,8.37,8.18,8.45,8.13,197433,198256048.0,3.85,-1.56,-0.13,0.93
981,2019-01-10,8.2,8.35,8.52,8.14,156464,158019769.0,4.65,2.08,0.17,0.74
982,2019-01-11,8.35,8.39,8.6,8.3,145447,147982219.0,3.59,0.48,0.04,0.69
983,2019-01-14,8.37,8.38,8.45,8.17,100257,101094051.0,3.34,-0.12,-0.01,0.47
984,2019-01-15,8.35,8.54,8.63,8.3,151203,155220202.0,3.94,1.91,0.16,0.71
985,2019-01-16,8.59,8.53,8.69,8.49,125570,129477651.0,2.34,-0.12,-0.01,0.59
986,2019-01-17,8.57,8.36,8.6,8.35,96226,98102288.0,2.93,-1.99,-0.17,0.45
987,2019-01-18,8.41,8.5,8.51,8.28,103119,104955767.0,2.75,1.67,0.14,0.49
988,2019-01-21,8.5,8.52,8.62,8.4,91489,93858754.0,2.59,0.24,0.02,0.43
989,2019-01-22,8.54,8.26,8.54,8.1,160590,160714353.0,5.16,-3.05,-0.26,0.76
990,2019-01-23,8.2,8.31,8.34,8.15,97874,97770789.0,2.3,0.61,0.05,0.46
991,2019-01-24,8.31,8.31,8.48,8.19,115630,116881012.0,3.49,0.0,0.0,0.55
992,2019-01-25,8.35,8.44,8.53,8.25,122678,124817599.0,3.37,1.56,0.13,0.58
993,2019-01-28,8.48,8.52,8.75,8.45,140863,146161607.0,3.55,0.95,0.08,0.67
994,2019-01-29,8.48,8.36,8.48,8.27,121041,122149767.0,2.46,-1.88,-0.16,0.57
995,2019-01-30,8.37,8.13,8.4,8.09,86688,86627619.0,3.71,-2.75,-0.23,0.41
996,2019-01-31,8.12,8.42,8.42,8.08,123708,124162075.0,4.18,3.57,0.29,0.58
997,2019-02-01,8.4,8.55,8.59,8.4,132613,135970099.0,2.26,1.54,0.13,0.63
998,2019-02-11,8.61,8.73,8.8,8.57,140175,146638418.0,2.69,2.11,0.18,0.66
999,2019-02-12,8.69,8.78,8.93,8.68,141577,149433386.0,2.86,0.57,0.05,0.67
1000,2019-02-13,8.76,9.06,9.11,8.72,256122,274333600.0,4.44,3.19,0.28,1.21
1001,2019-02-14,9.02,9.07,9.15,8.87,213319,229655990.0,3.09,0.11,0.01,1.01
1002,2019-02-15,9.04,8.93,9.22,8.89,193638,208998751.0,3.64,-1.54,-0.14,0.91
1003,2019-02-18,9.01,9.34,9.35,8.98,285837,312366272.0,4.14,4.59,0.41,1.35
1004,2019-02-19,9.47,9.1,9.5,9.01,299959,327535952.0,5.25,-2.57,-0.24,1.42
1005,2019-02-20,9.09,9.12,9.15,8.86,169480,182238043.0,3.19,0.22,0.02,0.8
1006,2019-02-21,9.33,9.8,10.21,9.31,712981,827432880.0,9.87,7.46,0.68,3.37
1007,2019-02-22,9.92,10.3,10.35,9.72,506373,598276960.0,6.43,5.1,0.5,2.39
1008,2019-02-25,10.81,10.65,11.2,10.56,708104,887207744.0,6.21,3.4,0.35,3.34
1009,2019-02-26,10.71,10.25,10.71,10.18,523071,634973856.0,4.98,-3.76,-0.4,2.47
1010,2019-02-27,10.25,10.05,10.45,9.84,394734,470098016.0,5.95,-1.95,-0.2,1.86
1011,2019-02-28,10.02,9.95,10.17,9.85,268167,314681920.0,3.18,-1.0,-0.1,1.27
1012,2019-03-01,10.09,10.07,10.12,9.83,261662,306427104.0,2.91,1.21,0.12,1.24
1013,2019-03-04,10.19,10.24,10.52,10.13,503352,609164784.0,3.87,1.69,0.17,2.38
1014,2019-03-05,10.17,10.49,10.5,10.07,375601,454151840.0,4.2,2.44,0.25,1.77
1015,2019-03-06,10.51,10.23,10.55,10.01,470803,562503984.0,5.15,-2.48,-0.26,2.22
1016,2019-03-07,10.06,9.83,10.11,9.68,584600,678538400.0,4.2,-3.91,-0.4,2.76
1017,2019-03-08,9.7,9.74,10.22,9.57,507100,592067072.0,6.61,-0.92,-0.09,2.39
1018,2019-03-11,9.74,10.25,10.27,9.71,416905,490977936.0,5.75,5.24,0.51,1.97
1019,2019-03-12,10.1,10.21,10.4,10.06,412717,494538432.0,3.32,-0.39,-0.04,1.95
1020,2019-03-13,10.25,9.82,10.3,9.76,284280,333702176.0,5.29,-3.82,-0.39,1.34
1021,2019-03-14,9.69,9.77,9.91,9.64,192624,221502169.0,2.75,-0.51,-0.05,0.91
1022,2019-03-15,9.78,9.74,9.92,9.67,134528,155322926.0,2.56,-0.31,-0.03,0.64
1023,2019-03-18,9.77,10.06,10.08,9.73,200171,233669793.0,3.59,3.29,0.32,0.95
1024,2019-03-19,10.0,10.22,10.31,9.99,249182,297160400.0,3.18,1.59,0.16,1.18
1025,2019-03-20,10.2,10.14,10.21,9.79,242111,285204032.0,4.11,-0.78,-0.08,1.14
1026,2019-03-21,10.45,10.73,10.95,10.16,670455,828558080.0,7.79,5.82,0.59,3.17
1027,2019-03-22,10.72,10.88,10.9,10.41,440226,547996912.0,4.57,1.4,0.15,2.08
1028,2019-03-25,10.59,10.59,11.02,10.54,333238,417653728.0,4.41,-2.67,-0.29,1.57
1029,2019-03-26,10.73,10.22,10.75,10.17,269950,329126800.0,5.48,-3.49,-0.37,1.27
1030,2019-03-27,10.4,11.2,11.42,10.23,720361,923420960.0,11.64,9.59,0.98,3.4
1031,2019-03-28,11.07,11.35,11.61,10.86,587791,768338128.0,6.7,1.34,0.15,2.78
1032,2019-03-29,11.25,11.49,11.55,10.95,448862,586865040.0,5.29,1.23,0.14,2.12
1033,2019-04-01,11.56,11.79,12.0,11.35,518235,697581888.0,5.66,2.61,0.3,2.45
1034,2019-04-02,11.71,11.52,11.81,11.44,354380,472898048.0,3.14,-2.29,-0.27,1.67
1035,2019-04-03,11.44,11.47,11.54,11.2,267721,351038336.0,2.95,-0.43,-0.05,1.26
1036,2019-04-04,11.58,11.46,11.6,11.28,269661,354957920.0,2.79,-0.09,-0.01,1.27
1037,2019-04-08,11.59,11.23,11.63,11.07,296497,386140384.0,4.89,-2.01,-0.23,1.4
1038,2019-04-09,11.17,11.42,11.51,11.13,200304,262588181.0,3.38,1.69,0.19,0.95
1039,2019-04-10,11.42,11.28,11.42,11.13,157383,204483998.0,2.54,-1.23,-0.14,0.74
1040,2019-04-11,11.32,11.4,11.57,10.99,305715,398406352.0,5.14,1.06,0.12,1.44
1041,2019-04-12,11.5,11.34,11.93,11.34,411944,551722640.0,5.18,-0.53,-0.06,1.95
1042,2019-04-15,11.64,11.95,12.47,11.55,498541,685271904.0,8.11,5.38,0.61,2.35
1043,2019-04-16,11.99,12.74,12.81,11.68,502060,708355632.0,9.46,6.61,0.79,2.37
1044,2019-04-17,12.74,12.35,12.91,12.29,417930,594717296.0,4.87,-3.06,-0.39,1.97
1045,2019-04-18,12.35,12.23,12.52,12.18,168741,237280482.0,2.75,-0.97,-0.12,0.8
1046,2019-04-19,12.23,12.34,12.4,11.93,167697,233430256.0,3.84,0.9,0.11,0.79
1047,2019-04-22,12.35,12.11,12.51,12.06,179162,251964312.0,3.65,-1.86,-0.23,0.85
1048,2019-04-23,12.13,12.05,12.3,11.8,222362,306440960.0,4.13,-0.5,-0.06,1.05
1049,2019-04-24,12.08,12.01,12.18,11.77,160175,219439227.0,3.4,-0.33,-0.04,0.76
1050,2019-04-25,11.81,12.03,12.49,11.81,329633,459689664.0,5.66,0.17,0.02,1.56
1051,2019-04-26,12.05,12.03,12.34,11.85,201039,279042032.0,4.07,0.0,0.0,0.95
1052,2019-04-29,11.9,11.23,12.19,11.05,264596,353403568.0,9.48,-6.65,-0.8,1.25
1053,2019-04-30,11.23,11.52,11.69,11.23,142451,188849375.0,4.1,2.58,0.29,0.67
1054,2019-05-06,10.84,10.21,11.0,10.19,302124,371669840.0,7.03,-11.37,-1.31,1.43
1055,2019-05-07,10.28,10.43,10.54,10.13,182644,220682177.0,4.02,2.15,0.22,0.86
1056,2019-05-08,10.23,10.64,10.78,9.95,190664,234322037.0,7.96,2.01,0.21,0.9
1057,2019-05-09,10.53,10.37,10.85,10.32,134290,165039240.0,4.98,-2.54,-0.27,0.63
1058,2019-05-10,10.55,11.58,11.58,10.3,311096,399089376.0,12.34,11.67,1.21,1.47
1059,2019-05-13,11.25,11.3,11.52,11.15,162850,212885176.0,3.2,-2.42,-0.28,0.77
1060,2019-05-14,10.94,11.13,11.35,10.83,224046,286882736.0,4.6,-1.5,-0.17,1.06
1061,2019-05-15,11.25,11.24,11.31,11.06,160419,207962098.0,2.25,0.99,0.11,0.76
1062,2019-05-16,11.23,11.01,11.27,10.71,198840,252047986.0,4.98,-2.05,-0.23,0.94
1063,2019-05-17,11.05,10.91,11.45,10.85,204334,263734351.0,5.45,-0.91,-0.1,0.96
1064,2019-05-20,11.23,11.07,11.36,10.56,191224,244247784.0,7.33,1.47,0.16,0.9
1065,2019-05-21,10.9,11.75,12.1,10.9,345025,460034672.0,10.84,6.14,0.68,1.63
1066,2019-05-22,11.92,12.27,12.62,11.77,459658,644904368.0,7.23,4.43,0.52,2.17
1067,2019-05-23,12.27,12.0,12.54,11.88,248207,345086064.0,5.38,-2.2,-0.27,1.17
1068,2019-05-24,11.82,11.49,12.08,11.05,239071,319963760.0,8.58,-4.25,-0.51,1.13
1069,2019-05-27,11.43,12.44,12.53,11.43,342399,477300672.0,9.57,8.27,0.95,1.62
1070,2019-05-28,12.47,12.2,12.53,12.13,224178,313908288.0,3.22,-1.93,-0.24,1.06
1071,2019-05-29,12.07,12.15,12.49,12.07,192074,268906704.0,3.44,-0.41,-0.05,0.91
1072,2019-05-30,12.06,12.17,12.43,11.81,202218,280473168.0,5.1,0.16,0.02,0.95
1073,2019-05-31,12.18,12.39,12.41,12.05,195179,273451872.0,2.96,1.81,0.22,0.92
1074,2019-06-03,12.36,12.5,12.87,12.1,342717,489096672.0,6.21,0.89,0.11,1.62
1075,2019-06-04,12.56,12.76,13.16,12.43,374923,547178848.0,5.84,2.08,0.26,1.77
1076,2019-06-05,12.65,12.47,13.05,12.45,274634,395932832.0,4.7,-2.27,-0.29,1.29
1077,2019-06-06,12.45,11.49,12.45,11.48,286643,375362128.0,7.78,-7.86,-0.98,1.35
1078,2019-06-10,11.5,12.3,12.56,11.47,290412,393114064.0,9.49,7.05,0.81,1.37
1079,2019-06-11,12.35,12.73,12.76,12.06,378528,526023744.0,5.69,3.5,0.43,1.78
1080,2019-06-12,12.6,12.56,12.83,12.51,217426,305431568.0,2.51,-1.34,-0.17,1.03
1081,2019-06-13,12.53,12.53,12.74,12.35,142889,198706898.0,3.11,-0.24,-0.03,0.67
1082,2019-06-14,12.51,12.45,12.69,12.34,175023,243478237.0,2.79,-0.64,-0.08,0.83
1083,2019-06-17,12.48,12.21,12.53,12.2,107464,147336707.0,2.65,-1.93,-0.24,0.51
1084,2019-06-18,12.29,12.12,12.41,12.08,102431,139580364.0,2.7,-0.74,-0.09,0.48
1085,2019-06-19,13.15,12.46,13.15,12.43,231592,325780912.0,5.94,2.81,0.34,1.09
1086,2019-06-20,12.45,12.65,12.84,12.33,191513,269232544.0,4.09,1.52,0.19,0.9
1087,2019-06-21,12.73,13.17,13.3,12.67,347975,502965216.0,4.98,4.11,0.52,1.64
1088,2019-06-24,13.05,12.9,13.2,12.85,217486,312895536.0,2.66,-2.05,-0.27,1.03
1089,2019-06-25,12.94,12.72,13.06,12.51,201727,285384832.0,4.26,-1.4,-0.18,0.95
1090,2019-06-26,12.64,13.17,13.26,12.63,252780,365826048.0,4.95,3.54,0.45,1.19
1091,2019-06-27,13.52,13.99,14.44,13.51,587496,897670752.0,7.06,6.23,0.82,2.77
1092,2019-06-28,13.85,13.65,13.87,13.51,349528,526439616.0,2.57,-2.43,-0.34,1.65
1093,2019-07-01,14.2,13.92,14.49,13.76,567601,878688000.0,5.35,1.98,0.27,2.61
1094,2019-07-02,13.92,13.54,13.92,13.35,375794,562950400.0,4.09,-2.73,-0.38,1.73
1095,2019-07-03,13.5,13.68,13.71,13.36,234064,349205216.0,2.58,1.03,0.14,1.08
1096,2019-07-04,13.7,13.45,13.73,13.38,153194,228394790.0,2.56,-1.68,-0.23,0.7
1097,2019-07-05,13.45,13.69,13.71,13.44,160457,240437311.0,2.01,1.78,0.24,0.74
1098,2019-07-08,13.67,13.87,13.89,13.31,260396,391300688.0,4.24,1.31,0.18,1.2
1099,2019-07-09,13.74,13.78,14.1,13.67,263887,403128224.0,3.1,-0.65,-0.09,1.21
1100,2019-07-10,13.86,13.45,13.91,13.36,197190,294893152.0,3.99,-2.39,-0.33,0.91
1101,2019-07-11,13.55,13.4,13.6,13.25,191621,283700384.0,2.6,-0.37,-0.05,0.88
1102,2019-07-12,13.38,13.49,13.52,13.27,118718,176138757.0,1.87,0.67,0.09,0.55
1103,2019-07-15,13.46,13.65,13.85,13.23,192072,287895360.0,4.6,1.19,0.16,0.88
1104,2019-07-16,13.6,13.74,13.9,13.53,211813,321348448.0,2.71,0.66,0.09,0.97
1105,2019-07-17,13.78,13.73,14.04,13.66,203960,310658624.0,2.77,-0.07,-0.01,0.94
1106,2019-07-18,13.6,13.0,13.6,12.95,298386,433231904.0,4.73,-5.32,-0.73,1.37
1107,2019-07-19,13.08,13.09,13.22,12.99,206793,299918976.0,1.77,0.69,0.09,0.95
1108,2019-07-22,13.18,13.1,13.33,12.77,201727,293333296.0,4.28,0.08,0.01,0.93
1109,2019-07-23,13.21,13.28,13.36,13.08,196931,288556432.0,2.14,1.37,0.18,0.9
1110,2019-07-24,13.38,13.73,13.8,13.31,324824,488697024.0,3.69,3.39,0.45,1.49
1111,2019-07-25,14.58,15.24,15.24,14.31,884056,1452340816.0,6.77,11.0,1.51,4.06
1112,2019-07-26,15.88,15.99,16.48,15.48,1010813,1752466672.0,6.56,4.92,0.75,4.64
1113,2019-07-29,16.1,17.37,17.73,16.1,876270,1616878368.0,10.19,8.63,1.38,4.03
1114,2019-07-30,18.1,17.5,18.1,17.32,929444,1772838544.0,4.49,0.75,0.13,4.27
1115,2019-07-31,17.31,17.6,17.9,17.3,674270,1282948832.0,3.43,0.57,0.1,2.96
1116,2019-08-01,17.57,17.88,17.88,17.42,642552,1225248048.0,2.61,1.59,0.28,2.82
1117,2019-08-02,17.51,17.7,17.95,16.87,718199,1358922048.0,6.04,-1.01,-0.18,3.16
1118,2019-08-05,17.61,17.81,18.48,17.32,668219,1288103664.0,6.55,0.62,0.11,2.94
1119,2019-08-06,17.31,18.35,18.65,17.0,887515,1703516640.0,9.26,3.03,0.54,3.9
1120,2019-08-07,18.3,17.57,18.3,17.46,616297,1188588512.0,4.58,-4.25,-0.78,2.71
1121,2019-08-08,17.33,18.06,18.34,17.16,603859,1156291104.0,6.72,2.79,0.49,2.65
1122,2019-08-09,18.12,18.64,19.44,17.97,964040,1946947424.0,8.14,3.21,0.58,4.24
1123,2019-08-12,18.6,20.64,20.64,18.18,736742,1522967104.0,13.2,10.73,2.0,3.24
1124,2019-08-13,20.25,20.12,21.03,19.71,850090,1846798512.0,6.4,-2.52,-0.52,3.73
1125,2019-08-14,20.59,19.53,20.96,19.48,798001,1726951328.0,7.36,-2.93,-0.59,3.51
1126,2019-08-15,18.6,19.38,19.76,18.11,767487,1546083488.0,8.45,-0.77,-0.15,3.37
1127,2019-08-16,19.1,19.21,19.74,18.9,574785,1188655904.0,4.33,-0.88,-0.17,2.53
1128,2019-08-19,19.42,20.96,21.27,19.4,1175975,2602896624.0,9.73,9.11,1.75,5.17
1129,2019-08-20,20.65,20.7,21.45,20.53,793769,1772439968.0,4.39,-1.24,-0.26,3.49
1130,2019-08-21,20.9,22.4,22.7,20.45,935036,2153762432.0,10.87,8.21,1.7,4.11
1131,2019-08-22,22.25,21.73,22.52,21.18,705420,1640781712.0,5.98,-2.99,-0.67,3.1
1132,2019-08-23,21.48,22.99,23.78,21.15,864744,2051218176.0,12.1,5.8,1.26,3.8
1133,2019-08-26,22.51,24.3,24.35,22.33,919115,2272704032.0,8.79,5.7,1.31,4.04
1134,2019-08-27,23.6,23.67,24.95,23.48,1005562,2554224512.0,6.05,-2.59,-0.63,4.42
1135,2019-08-28,23.77,23.81,24.3,23.27,751063,1889766640.0,4.35,0.59,0.14,3.3
1136,2019-08-29,23.81,24.56,24.88,23.8,895813,2318696656.0,4.54,3.15,0.75,3.94
1137,2019-08-30,24.85,22.96,24.92,22.9,1001200,2523011264.0,8.22,-6.51,-1.6,4.4
1138,2019-09-02,22.94,23.89,24.43,22.75,885452,2210652224.0,7.32,4.05,0.93,3.89
1139,2019-09-03,23.76,26.1,26.1,23.75,1034595,2724014800.0,9.84,9.25,2.21,4.55
1140,2019-09-04,25.62,25.58,25.7,24.91,761169,2034185920.0,3.03,-1.99,-0.52,3.34
1141,2019-09-05,25.32,24.9,26.42,24.9,960080,2590298752.0,5.94,-2.66,-0.68,4.22
1142,2019-09-06,25.11,24.27,25.59,23.4,847932,2188642752.0,8.8,-2.53,-0.63,3.73
1143,2019-09-09,24.35,25.11,25.28,23.63,737012,1913832928.0,6.8,3.46,0.84,3.24
1144,2019-09-10,25.07,24.31,25.59,24.3,702816,1840464544.0,5.14,-3.19,-0.8,3.09
1145,2019-09-11,24.59,23.98,24.68,23.48,660971,1682531280.0,4.94,-1.36,-0.33,2.9
1146,2019-09-12,24.14,24.03,24.26,23.41,506466,1278141728.0,3.54,0.21,0.05,2.23
1147,2019-09-16,24.13,25.23,25.85,23.9,853544,2252898464.0,8.11,4.99,1.2,3.75
1148,2019-09-17,24.94,25.4,25.76,24.87,685128,1833560640.0,3.53,0.67,0.17,3.01
1149,2019-09-18,25.6,25.81,26.35,24.51,743786,2000269808.0,7.24,1.61,0.41,3.27
1150,2019-09-19,25.61,26.69,27.07,25.4,814745,2281735632.0,6.47,3.41,0.88,3.58
1151,2019-09-20,27.07,26.9,28.3,26.7,994133,2868770704.0,5.99,0.79,0.21,4.37
1152,2019-09-23,26.68,28.58,28.58,26.51,775390,2237089792.0,7.7,6.25,1.68,3.41
1153,2019-09-24,28.2,27.95,28.48,27.4,647851,1903061312.0,3.78,-2.2,-0.63,2.85
1154,2019-09-25,27.7,26.72,28.25,25.77,736068,2068666288.0,8.87,-4.4,-1.23,3.23
1155,2019-09-26,26.6,26.28,27.2,25.62,664529,1850289072.0,5.91,-1.65,-0.44,2.92
1156,2019-09-27,26.25,26.31,26.96,25.95,560345,1561775568.0,3.84,0.11,0.03,2.46
1157,2019-09-30,26.11,23.54,26.31,23.54,716269,1870024560.0,10.53,-10.53,-2.77,3.15
1158,2019-10-08,23.71,23.52,24.7,23.48,634273,1616096384.0,5.18,-0.08,-0.02,2.79
1159,2019-10-09,23.69,24.22,24.38,23.02,504013,1279443056.0,5.78,2.98,0.7,2.21
1160,2019-10-10,24.2,25.0,25.1,24.05,591064,1537241168.0,4.34,3.22,0.78,2.6
1161,2019-10-11,26.15,26.45,26.74,25.25,832710,2284324624.0,5.96,5.8,1.45,3.66
1162,2019-10-14,26.01,26.54,26.89,25.61,654833,1813189264.0,4.84,0.34,0.09,2.88
1163,2019-10-15,26.29,24.53,26.32,23.97,783174,2053289520.0,8.85,-7.57,-2.01,3.44
1164,2019-10-16,24.34,24.08,24.9,23.69,395984,1018517264.0,4.93,-1.83,-0.45,1.74
1165,2019-10-17,24.34,24.13,24.38,23.2,374335,946520224.0,4.9,0.21,0.05,1.64
1166,2019-10-18,24.18,23.52,24.64,23.28,367755,933135840.0,5.64,-2.53,-0.61,1.62
1167,2019-10-21,23.6,23.27,23.69,22.38,349352,852784256.0,5.57,-1.06,-0.25,1.53
1168,2019-10-22,23.64,23.5,23.86,23.1,304230,756185504.0,3.27,0.99,0.23,1.34
1169,2019-10-23,23.61,23.88,24.22,23.1,436618,1102303728.0,4.77,1.62,0.38,1.92
1170,2019-10-24,23.66,23.21,23.83,22.92,331951,818733856.0,3.81,-2.81,-0.67,1.46
1171,2019-10-25,23.14,23.39,23.55,22.43,396006,965215088.0,4.83,0.78,0.18,1.74
1172,2019-10-28,23.55,25.15,25.18,23.45,560697,1448619760.0,7.4,7.52,1.76,2.46
1173,2019-10-29,25.1,24.17,25.1,23.6,534045,1360883984.0,5.96,-3.9,-0.98,2.35
1174,2019-10-30,22.6,21.61,22.6,21.61,978123,2266629856.0,4.1,-10.59,-2.56,4.3
1175,2019-10-31,21.2,21.1,22.1,21.05,553381,1267804368.0,4.86,-2.36,-0.51,2.43
1176,2019-11-01,21.2,21.95,22.1,21.12,514015,1190447856.0,4.64,4.03,0.85,2.26
1177,2019-11-04,21.95,22.59,22.99,21.9,531406,1273957936.0,4.97,2.92,0.64,2.33
1178,2019-11-05,22.85,22.6,22.85,22.21,366022,875387184.0,2.83,0.04,0.01,1.61
1179,2019-11-06,22.53,21.42,22.63,21.15,638433,1474221856.0,6.55,-5.22,-1.18,2.8
1180,2019-11-07,21.45,21.29,21.64,20.78,473988,1076849200.0,4.01,-0.61,-0.13,2.08
1181,2019-11-08,21.55,21.22,21.86,21.18,480684,1101367136.0,3.19,-0.33,-0.07,2.11
1182,2019-11-11,20.89,21.01,21.57,20.4,433153,978002624.0,5.51,-0.99,-0.21,1.9
1183,2019-11-12,21.03,21.64,22.18,20.75,541806,1238782256.0,6.81,3.0,0.63,2.38
1184,2019-11-13,21.4,21.54,21.83,21.11,410816,939616320.0,3.33,-0.46,-0.1,1.8
1185,2019-11-14,21.64,22.13,22.36,21.34,583348,1359721296.0,4.74,2.74,0.59,2.56
1186,2019-11-15,21.86,21.86,22.37,21.78,463688,1085861696.0,2.67,-1.22,-0.27,2.04
1187,2019-11-18,21.88,20.91,21.98,20.53,558641,1246293824.0,6.63,-4.35,-0.95,2.45
1188,2019-11-19,20.91,21.09,21.1,20.49,711785,1577255328.0,2.92,0.86,0.18,3.13
1189,2019-11-20,20.95,21.02,21.65,20.88,515196,1168456656.0,3.65,-0.33,-0.07,2.26
1190,2019-11-21,20.9,21.41,21.53,20.83,436953,991280704.0,3.33,1.86,0.39,1.92
1191,2019-11-22,21.44,20.8,21.65,20.56,437689,981260288.0,5.09,-2.85,-0.61,1.92
1192,2019-11-25,20.62,20.18,20.7,19.51,411554,880671376.0,5.72,-2.98,-0.62,1.81
1193,2019-11-26,20.27,20.32,20.53,19.7,384938,827080896.0,4.11,0.69,0.14,1.69
1194,2019-11-27,19.98,20.51,20.85,19.85,356906,780698864.0,4.92,0.94,0.19,1.57
1195,2019-11-28,20.75,21.41,21.54,20.33,488132,1096131664.0,5.9,4.39,0.9,2.14
1196,2019-11-29,21.26,21.51,22.16,21.23,524359,1213381312.0,4.34,0.47,0.1,2.3
1197,2019-12-02,21.6,21.96,22.34,21.52,409296,958559472.0,3.81,2.09,0.45,1.8
1198,2019-12-03,21.86,21.98,22.15,21.17,359403,830255728.0,4.46,0.09,0.02,1.58
1199,2019-12-04,21.71,21.61,21.93,21.5,300528,694097280.0,1.96,-1.68,-0.37,1.32
1200,2019-12-05,21.71,22.18,22.52,21.5,468495,1101417552.0,4.72,2.64,0.57,2.06
1201,2019-12-06,22.08,22.22,22.45,21.9,295589,694597952.0,2.48,0.18,0.04,1.3
1202,2019-12-09,22.15,22.04,22.47,21.81,298199,702074064.0,2.97,-0.81,-0.18,1.31
1203,2019-12-10,22.05,22.41,22.44,21.57,393469,922146400.0,3.95,1.68,0.37,1.73
1204,2019-12-11,22.44,22.88,23.45,22.37,621465,1515068784.0,4.82,2.1,0.47,2.73
1205,2019-12-12,23.21,22.9,23.38,22.71,421024,1027435056.0,2.93,0.09,0.02,1.85
1206,2019-12-13,23.26,21.99,23.32,21.85,863022,2040365568.0,6.42,-3.97,-0.91,3.79
1207,2019-12-16,22.21,22.64,22.69,21.88,535373,1266104784.0,3.68,2.96,0.65,2.35
1208,2019-12-17,22.64,22.51,23.04,22.33,603127,1447525376.0,3.14,-0.57,-0.13,2.65
1209,2019-12-18,22.52,21.9,22.52,21.73,672521,1576525456.0,3.51,-2.71,-0.61,2.95
1210,2019-12-19,21.8,21.07,21.8,20.89,563569,1274574848.0,4.16,-3.79,-0.83,2.48
1211,2019-12-20,21.12,20.8,21.2,20.62,346819,772009152.0,2.75,-1.28,-0.27,1.52
1212,2019-12-23,20.62,19.3,20.64,19.25,763238,1609246960.0,6.68,-7.21,-1.5,3.35
1213,2019-12-24,19.31,19.44,19.62,19.28,388080,809061840.0,1.76,0.73,0.14,1.7
1214,2019-12-25,19.5,19.62,19.87,19.43,347136,731451760.0,2.26,0.93,0.18,1.53
1215,2019-12-26,19.6,19.66,19.74,19.29,322003,673223264.0,2.29,0.2,0.04,1.41
1216,2019-12-27,19.86,19.37,20.09,19.26,490988,1030718672.0,4.22,-1.48,-0.29,2.16
1217,2019-12-30,19.21,19.28,19.47,18.61,343242,704330800.0,4.44,-0.46,-0.09,1.51
1218,2019-12-31,19.32,19.52,19.75,19.32,412270,860349824.0,2.23,1.24,0.24,1.81
1219,2020-01-02,19.98,21.34,21.57,19.63,974988,2152265776.0,9.94,9.32,1.82,4.28
1220,2020-01-03,21.4,21.4,21.75,21.1,672221,1536373872.0,3.05,0.28,0.06,2.95
1221,2020-01-06,21.22,22.08,22.39,20.93,764931,1781544912.0,6.82,3.18,0.68,3.36
1222,2020-01-07,22.11,21.9,22.35,21.62,447596,1039496432.0,3.31,-0.82,-0.18,1.97
1223,2020-01-08,21.71,21.11,21.72,21.02,417794,951450160.0,3.2,-3.61,-0.79,1.84
1224,2020-01-09,21.5,21.6,21.6,21.21,344234,786079264.0,1.85,2.32,0.49,1.51
1225,2020-01-10,21.69,21.7,22.1,21.5,411456,956207632.0,2.78,0.46,0.1,1.81
1226,2020-01-13,21.82,22.92,23.05,21.65,759415,1817789552.0,6.45,5.62,1.22,3.34
1227,2020-01-14,22.95,22.48,23.03,22.35,427275,1024187776.0,2.97,-1.92,-0.44,1.88
1228,2020-01-15,22.43,22.53,22.66,21.99,357699,849783328.0,2.98,0.22,0.05,1.57
1229,2020-01-16,22.54,22.2,22.54,22.08,300990,711767056.0,2.04,-1.46,-0.33,1.32
1230,2020-01-17,22.31,21.6,22.38,21.45,375219,868731776.0,4.19,-2.7,-0.6,1.65
1231,2020-01-20,21.72,22.8,22.84,21.69,547755,1302957344.0,5.32,5.56,1.2,2.41
1232,2020-01-21,22.6,23.22,23.8,22.46,576306,1425463472.0,5.88,1.84,0.42,2.53
1233,2020-01-22,22.9,24.35,24.65,22.58,647726,1639391168.0,8.91,4.87,1.13,2.85
1234,2020-01-23,23.7,22.92,24.38,22.37,572577,1424481776.0,8.25,-5.87,-1.43,2.52
1235,2020-02-03,20.49,20.49,20.49,20.49,113851,249219839.0,0.0,-10.6,-2.43,0.5
1236,2020-02-04,18.5,20.15,21.18,18.46,572543,1232656000.0,13.27,-1.66,-0.34,2.52
1237,2020-02-05,20.3,19.94,21.05,19.61,551444,1199801520.0,7.15,-1.04,-0.21,2.42
1238,2020-02-06,19.8,20.52,20.93,19.34,562522,1203792832.0,7.97,2.91,0.58,2.47
1239,2020-02-07,20.63,21.54,21.72,20.41,615231,1389187536.0,6.38,4.97,1.02,2.7
1240,2020-02-10,21.54,21.96,22.35,21.21,466990,1085365664.0,5.29,1.95,0.42,2.05
1241,2020-02-11,22.09,21.78,22.2,21.27,483547,1116200352.0,4.23,-0.82,-0.18,2.12
1242,2020-02-12,21.6,22.41,22.5,21.42,488619,1146329248.0,4.96,2.89,0.63,2.15
1243,2020-02-13,22.3,22.94,23.57,22.2,600059,1468708000.0,6.11,2.37,0.53,2.64
1244,2020-02-14,23.05,24.49,24.87,22.9,795046,2039407840.0,8.59,6.76,1.55,3.49
1245,2020-02-17,24.49,26.6,26.95,24.3,868110,2367033024.0,10.82,8.62,2.11,3.81
1246,2020-02-18,26.6,26.58,26.77,25.95,548809,1528680320.0,3.08,-0.08,-0.02,2.41
1247,2020-02-19,26.3,25.68,27.1,25.5,572420,1585050560.0,6.02,-3.39,-0.9,2.51
1248,2020-02-20,26.06,26.55,26.9,25.48,582217,1611299184.0,5.53,3.39,0.87,2.56
1249,2020-02-21,27.9,27.88,29.28,27.43,838457,2481513632.0,6.97,5.01,1.33,3.68
1250,2020-02-24,28.26,30.81,30.81,28.26,799580,2529014544.0,9.15,10.51,2.93,3.51
1251,2020-02-25,30.61,32.29,32.87,28.98,1309938,4281408976.0,12.63,4.8,1.48,5.75
1252,2020-02-26,31.2,29.15,31.85,28.92,921547,2916706288.0,9.07,-9.72,-3.14,4.05
1253,2020-02-27,29.1,29.59,30.55,28.21,655993,2029987456.0,8.03,1.51,0.44,2.88
1254,2020-02-28,28.39,29.45,30.9,27.9,778595,2387378736.0,10.14,-0.47,-0.14,3.42
1255,2020-03-02,30.7,32.54,32.54,30.69,711690,2354378592.0,6.28,10.49,3.09,3.13
1256,2020-03-03,34.3,32.48,35.4,31.14,1055097,3651728672.0,13.09,-0.18,-0.06,4.64
1257,2020-03-04,31.5,30.89,31.88,30.1,736287,2381235168.0,5.48,-4.9,-1.59,3.23
1258,2020-03-05,32.15,30.52,32.58,29.75,699487,2262704928.0,9.16,-1.2,-0.37,3.07
1259,2020-03-06,29.37,29.95,30.59,29.37,360548,1135876512.0,4.0,-1.87,-0.57,1.58
1260,2020-03-09,29.34,28.6,30.79,28.56,498013,1537344480.0,7.45,-4.51,-1.35,2.19
1261,2020-03-10,28.5,31.6,31.6,28.43,701169,2217646704.0,11.08,10.49,3.0,3.08
1262,2020-03-11,31.71,31.6,32.9,30.81,650065,2161534096.0,6.61,0.0,0.0,2.86
1263,2020-03-12,30.3,31.37,31.43,29.67,466421,1488959520.0,5.57,-0.73,-0.23,2.05
1264,2020-03-13,29.6,31.79,32.4,29.57,601559,1956113616.0,9.02,1.34,0.42,2.64
1265,2020-03-16,31.99,28.47,32.1,28.47,709984,2215864816.0,11.42,-10.44,-3.32,3.12
1266,2020-03-17,28.84,27.6,29.25,25.48,708810,2018527744.0,13.24,-3.06,-0.87,3.11
1267,2020-03-18,27.76,27.05,29.08,26.98,452607,1330753824.0,7.61,-1.99,-0.55,1.99
1268,2020-03-19,27.1,28.15,28.82,26.2,482854,1398524320.0,9.69,4.07,1.1,2.12
1269,2020-03-20,29.01,27.9,29.09,27.38,360545,1063371968.0,6.07,-0.89,-0.25,1.58
1270,2020-03-23,26.48,26.34,27.65,25.65,415332,1167042544.0,7.17,-5.59,-1.56,1.82
1271,2020-03-24,27.26,26.1,27.27,24.56,434521,1186436352.0,10.29,-0.91,-0.24,1.91
1272,2020-03-25,26.96,26.79,27.74,26.26,529023,1502177488.0,5.67,2.64,0.69,2.32
1273,2020-03-26,26.74,26.3,27.22,26.09,311526,872996976.0,4.22,-1.83,-0.49,1.37
1274,2020-03-27,26.85,25.9,27.06,25.78,268883,747582320.0,4.87,-1.52,-0.4,1.18
1275,2020-03-30,25.32,25.1,25.8,23.78,424676,1102379456.0,7.8,-3.09,-0.8,1.87
1276,2020-03-31,25.41,25.07,25.65,24.43,293393,775513744.0,4.86,-0.12,-0.03,1.29
1277,2020-04-01,24.7,25.0,25.78,24.6,331315,884990848.0,4.71,-0.28,-0.07,1.46
1278,2020-04-02,25.01,26.08,26.14,24.86,401271,1084919392.0,5.12,4.32,1.08,1.76
1279,2020-04-03,25.9,25.06,26.05,24.88,327448,876360880.0,4.49,-3.91,-1.02,1.44
1280,2020-04-07,25.9,26.52,26.67,25.8,403152,1118018048.0,3.47,5.83,1.46,1.77
1281,2020-04-08,26.35,27.01,27.55,26.1,356251,1011909728.0,5.47,1.85,0.49,1.57
1282,2020-04-09,27.34,27.33,28.05,27.0,282304,816559840.0,3.89,1.18,0.32,1.24
1283,2020-04-10,27.26,27.16,27.76,26.7,263934,755053232.0,3.88,-0.62,-0.17,1.16
1284,2020-04-13,26.7,26.36,26.91,25.8,239077,663012784.0,4.09,-2.95,-0.8,1.05
1285,2020-04-14,26.78,27.55,27.58,26.6,246127,700916592.0,3.72,4.51,1.19,1.08
1286,2020-04-15,27.6,27.15,27.94,27.0,228563,661835728.0,3.41,-1.45,-0.4,1.0
1287,2020-04-16,26.6,26.91,27.33,26.32,166005,468351936.0,3.72,-0.88,-0.24,0.73
1288,2020-04-17,27.61,27.56,28.1,27.38,296362,865380592.0,2.68,2.42,0.65,1.3
1289,2020-04-20,27.7,28.8,29.15,27.57,305023,908706832.0,5.73,4.5,1.24,1.34
1290,2020-04-21,28.4,29.69,30.05,28.3,352915,1083564912.0,6.08,3.09,0.89,1.55
1291,2020-04-22,29.38,29.44,29.86,28.78,204645,627921696.0,3.64,-0.84,-0.25,0.9
1292,2020-04-23,29.44,29.56,30.4,29.13,236509,736935936.0,4.31,0.41,0.12,1.04
1293,2020-04-24,29.56,28.47,30.1,28.33,247786,750503600.0,5.99,-3.69,-1.09,1.09
1294,2020-04-27,28.66,28.77,29.23,27.6,242664,728471952.0,5.73,1.05,0.3,1.07
1295,2020-04-28,28.77,29.33,29.7,28.1,274886,838154032.0,5.56,1.95,0.56,1.21
1296,2020-04-29,29.9,29.55,30.63,29.4,302040,950829968.0,4.19,0.75,0.22,1.33
1297,2020-04-30,30.1,31.06,31.21,29.74,356561,1143544832.0,4.97,5.11,1.51,1.57
1298,2020-05-06,30.85,31.56,31.72,30.63,338924,1110813952.0,3.51,1.61,0.5,1.49
1299,2020-05-07,32.6,31.41,32.95,30.93,434721,1444116496.0,6.4,-0.48,-0.15,1.91
1300,2020-05-08,31.2,30.95,31.94,30.78,364037,1184138352.0,3.69,-1.46,-0.46,1.6
1301,2020-05-11,31.05,30.0,31.21,29.48,446193,1407046432.0,5.59,-3.07,-0.95,1.96
1302,2020-05-12,29.98,30.46,30.46,29.4,287913,906323376.0,3.53,1.53,0.46,1.26
1303,2020-05-13,30.08,30.3,30.52,29.6,281809,886008672.0,3.02,-0.53,-0.16,1.24
1304,2020-05-14,30.08,30.95,31.46,29.85,386243,1251125152.0,5.31,2.15,0.65,1.7
1305,2020-05-15,30.97,30.59,31.25,30.45,366052,1175081984.0,2.58,-1.16,-0.36,1.61
1306,2020-05-18,29.71,28.04,29.95,27.86,664397,1987827408.0,6.83,-8.34,-2.55,2.92
1307,2020-05-19,28.33,28.78,28.91,27.98,300408,897383744.0,3.32,2.64,0.74,1.32
1308,2020-05-20,28.59,27.85,28.87,27.51,288930,851480048.0,4.73,-3.23,-0.93,1.27
1309,2020-05-21,27.96,26.8,27.98,26.6,387476,1101731648.0,4.96,-3.77,-1.05,1.7
1310,2020-05-22,26.7,26.36,26.95,25.76,297822,824853664.0,4.44,-1.64,-0.44,1.31
1311,2020-05-25,26.2,25.59,26.27,25.28,371001,1001945392.0,3.76,-2.92,-0.77,1.63
1312,2020-05-26,25.9,26.4,26.53,25.83,293901,810400080.0,2.74,3.17,0.81,1.29
1313,2020-05-27,26.36,25.8,26.55,25.5,294660,800599184.0,3.98,-2.27,-0.6,1.29
1314,2020-05-28,25.6,26.05,26.06,24.95,261916,704810448.0,4.3,0.97,0.25,1.15
1315,2020-05-29,26.17,25.8,26.25,25.64,244816,658757440.0,2.34,-0.96,-0.25,1.08
1316,2020-06-01,26.15,27.51,27.68,26.15,415666,1172096368.0,5.93,6.63,1.71,1.83
1317,2020-06-02,27.55,27.79,28.02,27.27,290187,831098352.0,2.73,1.02,0.28,1.27
1318,2020-06-03,27.95,27.25,28.0,27.08,337679,959057968.0,3.31,-1.94,-0.54,1.48
1319,2020-06-04,27.25,26.77,27.47,26.57,240775,672672768.0,3.3,-1.76,-0.48,1.06
1320,2020-06-05,26.8,26.86,27.06,26.45,203889,565011856.0,2.28,0.34,0.09,0.9
1321,2020-06-08,27.15,26.51,27.55,26.48,355492,993118960.0,3.98,-1.3,-0.35,1.56
1322,2020-06-09,26.48,26.65,26.94,26.05,317396,879049696.0,3.36,0.53,0.14,1.39
1323,2020-06-10,26.63,26.2,26.65,25.93,293350,798622512.0,2.7,-1.69,-0.45,1.29
1324,2020-06-11,26.32,26.73,27.35,26.24,386666,1077098144.0,4.24,2.02,0.53,1.7
1325,2020-06-12,26.09,26.52,26.58,25.95,249546,683208560.0,2.36,-0.79,-0.21,1.1
1326,2020-06-15,26.2,25.61,26.2,25.51,361698,968447696.0,2.6,-3.43,-0.91,1.59
1327,2020-06-16,26.05,27.41,27.44,26.05,533762,1482331104.0,5.43,7.03,1.8,2.34
1328,2020-06-17,27.45,28.28,28.35,27.03,538530,1541349264.0,4.82,3.17,0.87,2.37
1329,2020-06-18,28.18,28.53,28.88,27.83,499479,1472938896.0,3.71,0.88,0.25,2.19
1330,2020-06-19,28.52,28.31,28.68,28.12,342662,1005289792.0,1.96,-0.77,-0.22,1.51
1331,2020-06-22,28.31,28.68,29.27,28.31,404438,1209986272.0,3.39,1.31,0.37,1.78
1332,2020-06-23,28.55,28.25,28.96,28.0,405015,1187757504.0,3.35,-1.5,-0.43,1.78
1333,2020-06-24,28.36,28.88,29.1,28.12,419573,1248866064.0,3.47,2.23,0.63,1.84
1334,2020-06-29,28.7,28.02,28.75,27.77,349691,1019795968.0,3.39,-2.98,-0.86,1.54
1335,2020-06-30,28.16,28.27,28.68,28.13,288323,845946944.0,1.96,0.89,0.25,1.26
1336,2020-07-01,28.45,28.1,28.56,27.5,358161,1041568832.0,3.75,-0.6,-0.17,1.57
1337,2020-07-02,28.1,28.64,28.75,27.67,411533,1210341376.0,3.84,1.92,0.54,1.8
1338,2020-07-03,28.54,29.7,29.88,28.13,609010,1831050912.0,6.11,3.7,1.06,2.67
1339,2020-07-06,29.94,30.5,31.0,29.65,677733,2125972544.0,4.55,2.69,0.8,2.97
1340,2020-07-07,30.6,30.78,31.8,30.58,696735,2239703264.0,4.0,0.92,0.28,3.05
1341,2020-07-08,30.6,31.43,31.66,30.13,627055,1994392544.0,4.97,2.11,0.65,2.74
1342,2020-07-09,31.27,33.28,33.96,31.16,753362,2538358368.0,8.91,5.89,1.85,3.3
1343,2020-07-10,32.8,32.1,33.12,31.64,619735,2065841936.0,4.45,-3.55,-1.18,2.71
1344,2020-07-13,32.35,33.82,34.27,32.3,653932,2235704176.0,6.14,5.36,1.72,2.86
1345,2020-07-14,33.92,32.4,33.92,31.65,564221,1899053536.0,6.71,-4.2,-1.42,2.47
1346,2020-07-15,32.2,30.0,32.5,29.88,750837,2377537568.0,8.09,-7.41,-2.4,3.29
1347,2020-07-16,30.43,28.23,30.48,27.73,573248,1724202688.0,9.17,-5.9,-1.77,2.51
1348,2020-07-17,28.24,28.0,28.48,27.38,414870,1204562624.0,3.9,-0.81,-0.23,1.82
1349,2020-07-20,28.3,28.75,28.79,27.6,306224,898335872.0,4.25,2.68,0.75,1.34
1350,2020-07-21,28.83,28.87,29.28,28.36,284160,847017472.0,3.2,0.42,0.12,1.24
1351,2020-07-22,28.82,28.89,29.45,28.48,339283,1016949472.0,3.36,0.07,0.02,1.49
1352,2020-07-23,28.59,27.9,28.74,27.41,456678,1320827424.0,4.6,-3.43,-0.99,2.0
1353,2020-07-24,27.55,26.17,27.97,25.75,519496,1440613280.0,7.96,-6.2,-1.73,2.27
1354,2020-07-27,26.3,26.0,26.5,25.56,264401,714112112.0,3.59,-0.65,-0.17,1.16
1355,2020-07-28,26.4,26.21,26.75,25.98,254253,693050976.0,2.96,0.81,0.21,1.11
1356,2020-07-29,27.4,27.8,27.94,26.89,537275,1530812720.0,4.01,6.07,1.59,2.35
1357,2020-07-30,27.89,27.51,28.09,27.21,367479,1049001152.0,3.17,-1.04,-0.29,1.61
1358,2020-07-31,27.38,27.77,28.33,27.33,345333,997183152.0,3.64,0.95,0.26,1.51
1359,2020-08-03,28.02,28.27,28.48,27.88,388265,1132499280.0,2.16,1.8,0.5,1.7
1360,2020-08-04,28.33,27.59,28.46,27.38,426703,1228642448.0,3.82,-2.41,-0.68,1.87
1361,2020-08-05,28.09,27.62,28.25,27.5,284635,819500704.0,2.72,0.11,0.03,1.25
1362,2020-08-06,27.58,27.22,27.58,26.89,297090,836125904.0,2.5,-1.45,-0.4,1.3
1363,2020-08-07,27.22,26.52,27.42,26.08,338129,933538208.0,4.92,-2.57,-0.7,1.48
1364,2020-08-10,26.46,26.9,27.03,26.09,277445,765542064.0,3.54,1.43,0.38,1.21
1365,2020-08-11,26.73,26.69,27.21,26.61,267228,746283184.0,2.23,-0.78,-0.21,1.17
1366,2020-08-12,26.71,26.99,27.0,26.01,266441,729996784.0,3.71,1.12,0.3,1.17
1367,2020-08-13,27.21,26.88,27.4,26.81,224991,632098384.0,2.19,-0.41,-0.11,0.98
1368,2020-08-14,26.99,27.01,27.09,26.62,193737,540142816.0,1.75,0.48,0.13,0.85
1369,2020-08-17,26.98,27.52,27.68,26.88,321308,910186608.0,2.96,1.89,0.51,1.41
1370,2020-08-18,27.52,27.01,27.55,26.88,384997,1082803840.0,2.43,-1.85,-0.51,1.69
1371,2020-08-19,26.97,26.03,26.97,26.0,439990,1199346544.0,3.59,-3.63,-0.98,1.93
1372,2020-08-20,25.85,25.42,26.17,25.21,403504,1073725088.0,3.69,-2.34,-0.61,1.77
1373,2020-08-21,25.59,23.94,25.68,23.79,812373,2070212640.0,7.44,-5.82,-1.48,3.56
1374,2020-08-24,23.89,24.2,24.5,23.02,441055,1096260240.0,6.18,1.09,0.26,1.93
1375,2020-08-25,24.21,24.6,24.69,24.04,293865,749147104.0,2.69,1.65,0.4,1.29
1376,2020-08-26,24.52,23.59,24.52,23.51,325290,808472672.0,4.11,-4.11,-1.01,1.42
1377,2020-08-27,23.53,23.71,23.82,23.25,191729,471411616.0,2.42,0.51,0.12,0.84
1378,2020-08-28,23.73,24.07,24.08,23.22,278866,686750464.0,3.63,1.52,0.36,1.22
1379,2020-08-31,24.1,23.81,24.48,23.77,315510,793641088.0,2.95,-1.08,-0.26,1.38
1380,2020-09-01,24.0,24.11,24.25,23.97,222351,558000032.0,1.18,1.26,0.3,0.97
1381,2020-09-02,24.25,24.02,24.28,23.85,190012,475375952.0,1.78,-0.37,-0.09,0.83
1382,2020-09-03,24.03,23.54,24.09,23.31,279826,686640368.0,3.25,-2.0,-0.48,1.22
1383,2020-09-04,23.11,23.73,23.96,23.01,235187,578765200.0,4.04,0.81,0.19,1.03
1384,2020-09-07,23.73,23.34,23.91,23.28,196623,483086416.0,2.65,-1.64,-0.39,0.86
1385,2020-09-08,23.3,22.53,23.38,22.35,329631,782808048.0,4.41,-3.47,-0.81,1.44
1386,2020-09-09,22.15,21.4,22.15,21.18,362107,818152624.0,4.31,-5.02,-1.13,1.59
1387,2020-09-10,21.87,21.55,22.4,21.41,334072,766487920.0,4.63,0.7,0.15,1.46
1388,2020-09-11,21.51,21.73,21.87,21.19,248064,558421744.0,3.16,0.84,0.18,1.09
1389,2020-09-14,21.84,22.0,22.14,21.84,187766,431784416.0,1.38,1.24,0.27,0.82
1390,2020-09-15,21.93,21.98,22.14,21.61,156098,357108592.0,2.41,-0.09,-0.02,0.68
1391,2020-09-16,21.94,21.58,22.1,21.51,147887,336258000.0,2.68,-1.82,-0.4,0.65
1392,2020-09-17,21.58,22.96,23.57,21.29,476270,1125912640.0,10.57,6.39,1.38,2.08
1393,2020-09-18,22.89,22.99,23.06,22.37,331384,787575328.0,3.01,0.13,0.03,1.45
1394,2020-09-21,23.37,23.34,23.92,23.13,348134,855391328.0,3.44,1.52,0.35,1.52
1395,2020-09-22,22.87,23.18,23.71,22.87,223309,543648608.0,3.6,-0.69,-0.16,0.98
1396,2020-09-23,23.28,22.96,23.34,22.77,174226,418149408.0,2.46,-0.95,-0.22,0.76
1397,2020-09-24,22.71,22.68,23.01,22.52,188343,446759584.0,2.13,-1.22,-0.28,0.82
1398,2020-09-25,23.27,22.5,23.29,22.24,164156,387575408.0,4.63,-0.79,-0.18,0.72
1399,2020-09-28,22.5,22.11,22.65,22.02,125730,292103296.0,2.8,-1.73,-0.39,0.55
1400,2020-09-29,22.27,22.42,22.63,22.18,143720,336914144.0,2.04,1.4,0.31,0.63
1401,2020-09-30,22.42,22.32,22.62,22.22,121348,284362272.0,1.78,-0.45,-0.1,0.53
1402,2020-10-09,22.99,23.49,23.71,22.78,275766,672108800.0,4.17,5.24,1.17,1.2
1403,2020-10-12,23.84,24.24,24.38,23.72,319076,800553728.0,2.81,3.19,0.75,1.39
1404,2020-10-13,24.24,24.07,24.25,23.88,183961,459914384.0,1.53,-0.7,-0.17,0.8
1405,2020-10-14,23.91,23.69,23.95,23.63,161952,400462640.0,1.33,-1.58,-0.38,0.71
1406,2020-10-15,23.69,23.65,23.85,23.45,130798,321841360.0,1.69,-0.17,-0.04,0.57
1407,2020-10-16,23.46,23.34,23.59,23.21,131638,320519408.0,1.61,-1.31,-0.31,0.57
1408,2020-10-19,23.5,23.6,23.85,23.45,167776,413232400.0,1.71,1.11,0.26,0.73
1409,2020-10-20,23.45,23.62,23.64,23.34,90839,222573633.0,1.27,0.08,0.02,0.4
1410,2020-10-21,23.7,23.24,23.71,23.11,104707,254222275.0,2.54,-1.61,-0.38,0.46
1411,2020-10-22,23.12,22.94,23.12,22.7,121170,289502704.0,1.81,-1.29,-0.3,0.53
1412,2020-10-23,22.88,22.2,23.15,22.1,155835,366368704.0,4.58,-3.23,-0.74,0.68
1413,2020-10-26,22.0,22.05,22.54,21.62,154500,356939568.0,4.14,-0.68,-0.15,0.67
1414,2020-10-27,22.05,21.92,22.24,21.78,140456,322356992.0,2.09,-0.59,-0.13,0.61
1415,2020-10-28,21.9,22.47,22.57,21.58,204418,472379232.0,4.52,2.51,0.55,0.89
1416,2020-10-29,22.11,22.93,23.33,22.02,244648,585984576.0,5.83,2.05,0.46,1.07
1417,2020-10-30,22.93,22.91,23.32,22.7,194678,466639200.0,2.7,-0.09,-0.02,0.85
1418,2020-11-02,22.85,22.64,23.01,22.3,179088,424158512.0,3.1,-1.18,-0.27,0.78
1419,2020-11-03,22.65,23.72,23.86,22.65,350068,861301520.0,5.34,4.77,1.08,1.53
1420,2020-11-04,23.74,23.46,23.79,23.2,211693,518448352.0,2.49,-1.1,-0.26,0.92
1421,2020-11-05,23.77,25.39,25.79,23.77,811739,2107074816.0,8.61,8.23,1.93,3.54
1422,2020-11-06,25.39,25.62,25.75,25.19,550586,1460010640.0,2.21,0.91,0.23,2.4
1423,2020-11-09,26.07,26.93,27.58,26.07,809150,2270541376.0,5.89,5.11,1.31,3.53
1424,2020-11-10,26.96,26.62,27.0,26.2,307806,848753456.0,2.97,-1.15,-0.31,1.34
1425,2020-11-11,26.62,25.72,27.08,25.65,393000,1065754720.0,5.37,-3.38,-0.9,1.72
1426,2020-11-12,26.0,26.82,27.27,25.81,480120,1330747440.0,5.68,4.28,1.1,2.1
1427,2020-11-13,26.7,27.54,27.6,26.55,501418,1418911184.0,3.91,2.68,0.72,2.19
1428,2020-11-16,27.65,26.44,28.11,26.4,521856,1460523232.0,6.21,-3.99,-1.1,2.28
1429,2020-11-17,26.53,27.13,27.32,25.65,429770,1181837952.0,6.32,2.61,0.69,1.88
1430,2020-11-18,26.73,26.33,27.14,26.15,306641,846734544.0,3.65,-2.95,-0.8,1.34
1431,2020-11-19,26.08,26.32,26.45,25.7,224676,607918880.0,2.85,-0.04,-0.01,0.98
1432,2020-11-20,26.0,25.46,26.0,25.15,336921,891063856.0,3.23,-3.27,-0.86,1.47
1433,2020-11-23,25.35,25.63,26.1,25.05,237623,631371744.0,4.12,0.67,0.17,1.04
1434,2020-11-24,25.65,25.93,26.21,25.45,210324,566358336.0,2.97,1.17,0.3,0.92
1435,2020-11-25,25.99,25.5,26.31,25.5,206323,555190032.0,3.12,-1.66,-0.43,0.9
1436,2020-11-26,25.5,25.83,25.99,25.3,162432,435319728.0,2.71,1.29,0.33,0.71
1437,2020-11-27,25.85,26.58,26.69,25.5,304840,830237312.0,4.61,2.9,0.75,1.33
1438,2020-11-30,26.59,26.91,27.5,26.34,356932,1006077200.0,4.36,1.24,0.33,1.56
1439,2020-12-01,27.0,27.24,27.41,26.71,247089,696044096.0,2.6,1.23,0.33,1.08
1440,2020-12-02,27.39,27.3,27.65,26.83,242165,684006768.0,3.01,0.22,0.06,1.06
1441,2020-12-03,27.71,27.75,28.0,27.41,297312,857009184.0,2.16,1.65,0.45,1.3
1442,2020-12-04,28.08,28.43,29.2,28.08,492986,1465006288.0,4.04,2.45,0.68,2.15
1443,2020-12-07,28.88,29.26,29.46,28.88,451839,1367088048.0,2.04,2.92,0.83,1.97
1444,2020-12-08,28.6,28.1,28.95,27.7,418021,1221772960.0,4.27,-3.96,-1.16,1.83
1445,2020-12-09,27.83,27.59,28.68,27.57,343171,1000083952.0,3.95,-1.81,-0.51,1.5
1446,2020-12-10,27.34,26.96,27.59,26.81,315745,889342240.0,2.83,-2.28,-0.63,1.38
1447,2020-12-11,26.77,26.15,27.3,25.91,321250,882116864.0,5.16,-3.0,-0.81,1.4
1448,2020-12-14,26.5,26.58,26.85,26.2,170654,470580704.0,2.49,1.64,0.43,0.75
1449,2020-12-15,26.4,26.57,26.71,25.98,175560,480642032.0,2.75,-0.04,-0.01,0.77
1450,2020-12-16,26.6,25.75,26.65,25.53,226696,609498448.0,4.22,-3.09,-0.82,0.99
1451,2020-12-17,25.7,25.85,25.92,25.41,188438,502240176.0,1.98,0.39,0.1,0.82
1452,2020-12-18,26.07,26.0,26.58,25.8,220284,598219504.0,3.02,0.58,0.15,0.96
1453,2020-12-21,25.83,26.18,26.71,25.63,276529,753021808.0,4.15,0.69,0.18,1.21
1454,2020-12-22,25.9,25.03,26.0,25.0,237255,627783296.0,3.82,-4.39,-1.15,1.04
1455,2020-12-23,25.35,24.48,25.38,24.0,420599,1067254224.0,5.51,-2.2,-0.55,1.84
1456,2020-12-24,24.53,24.53,25.28,24.48,218026,562524464.0,3.27,0.2,0.05,0.95
1457,2020-12-25,24.54,26.5,26.64,24.53,405868,1091263536.0,8.6,8.03,1.97,1.77
1458,2020-12-28,26.3,27.16,27.66,26.26,368864,1038064672.0,5.28,2.49,0.66,1.61
1459,2020-12-29,27.05,26.72,27.11,26.38,274470,762046592.0,2.69,-1.62,-0.44,1.2
1460,2020-12-30,26.6,27.09,27.44,26.52,298486,837217072.0,3.44,1.38,0.37,1.3
1461,2020-12-31,27.2,27.16,27.48,26.7,236547,666296112.0,2.88,0.26,0.07,1.03
1462,2021-01-04,27.8,26.91,27.99,26.33,442534,1233095024.0,6.11,-0.92,-0.25,1.93
1463,2021-01-05,26.5,27.62,27.65,26.41,591105,1654266096.0,4.61,2.64,0.71,2.58
1464,2021-01-06,27.89,26.7,27.89,26.43,441963,1234461936.0,5.29,-3.33,-0.92,1.93
1465,2021-01-07,26.77,27.02,27.48,26.5,382974,1072867200.0,3.67,1.2,0.32,1.67
1466,2021-01-08,27.18,28.2,28.45,26.7,571864,1644260528.0,6.48,4.37,1.18,2.5
1467,2021-01-11,28.5,28.24,29.39,27.91,675659,2010484800.0,5.25,0.14,0.04,2.95
1468,2021-01-12,28.11,28.03,28.18,27.24,354309,1019674448.0,3.33,-0.74,-0.21,1.55
1469,2021-01-13,27.85,29.17,29.45,27.68,600036,1800634608.0,6.31,4.07,1.14,2.62
1470,2021-01-14,29.17,29.37,29.4,28.4,419113,1259088960.0,3.43,0.69,0.2,1.83
1471,2021-01-15,29.06,27.88,29.3,27.21,420110,1225998304.0,7.12,-5.07,-1.49,1.83
1472,2021-01-18,27.37,27.91,28.48,27.07,339845,980895968.0,5.06,0.11,0.03,1.48
1473,2021-01-19,27.64,26.3,27.88,26.23,435835,1218491536.0,5.91,-5.77,-1.61,1.9
1474,2021-01-20,26.15,26.7,26.8,25.94,248317,681441888.0,3.27,1.52,0.4,1.08
1475,2021-01-21,26.74,26.35,27.0,26.26,301498,827508208.0,2.77,-1.31,-0.35,1.32
1476,2021-01-22,26.18,25.25,26.18,24.6,601272,1573298224.0,6.0,-4.17,-1.1,2.62
1477,2021-01-25,25.2,24.61,25.65,24.38,535521,1387801904.0,5.03,-2.53,-0.64,2.34
1478,2021-01-26,24.74,24.91,25.12,24.52,375403,968141392.0,2.44,1.22,0.3,1.64
1479,2021-01-27,24.83,25.28,25.4,24.62,398138,1035500976.0,3.13,1.49,0.37,1.74
1480,2021-01-28,24.8,24.8,25.6,24.69,326685,854094464.0,3.6,-1.9,-0.48,1.43
1481,2021-01-29,24.96,24.51,25.37,24.08,396376,1024857680.0,5.2,-1.17,-0.29,1.73
1482,2021-02-01,22.97,22.34,22.97,21.96,790786,1835177328.0,4.12,-8.85,-2.17,3.45
1483,2021-02-02,22.39,22.57,22.91,22.18,331417,780974352.0,3.27,1.03,0.23,1.45
1484,2021-02-03,22.54,21.41,22.54,21.4,554603,1269189616.0,5.05,-5.14,-1.16,2.42
1485,2021-02-04,21.22,21.0,21.58,20.2,525205,1144319120.0,6.45,-1.91,-0.41,2.29
1486,2021-02-05,21.21,21.68,21.98,21.21,339582,771371792.0,3.67,3.24,0.68,1.48
1487,2021-02-08,21.71,21.48,22.16,21.25,322974,732366864.0,4.2,-0.92,-0.2,1.41
1488,2021-02-09,21.48,22.04,22.13,21.32,277401,634472032.0,3.77,2.61,0.56,1.21
1489,2021-02-10,22.02,22.32,22.82,21.9,243645,569476128.0,4.17,1.27,0.28,1.06
1490,2021-02-18,22.67,22.58,23.29,22.4,249733,596365648.0,3.99,1.16,0.26,1.09
1491,2021-02-19,22.48,23.6,23.92,22.23,369719,898245904.0,7.48,4.52,1.02,1.61
1492,2021-02-22,23.68,23.46,23.85,23.31,238871,585738720.0,2.29,-0.59,-0.14,1.04
1493,2021-02-23,23.52,23.56,23.62,22.84,256017,618909248.0,3.32,0.43,0.1,1.12
1494,2021-02-24,23.62,23.95,24.68,23.62,331285,832179456.0,4.5,1.66,0.39,1.45
1495,2021-02-25,24.0,23.14,24.15,23.11,234720,574727680.0,4.34,-3.38,-0.81,1.02
1496,2021-02-26,22.63,23.48,23.78,22.5,204375,498014992.0,5.53,1.47,0.34,0.89
1497,2021-03-01,23.61,25.33,25.59,23.61,552604,1429237936.0,8.43,7.88,1.85,2.41
1498,2021-03-02,25.34,24.91,25.82,24.67,316994,829957088.0,4.54,-1.66,-0.42,1.38
1499,2021-03-03,24.73,25.73,25.85,24.67,362778,960351344.0,4.74,3.29,0.82,1.58
1500,2021-03-04,25.5,24.3,25.58,24.14,265988,683615728.0,5.6,-5.56,-1.43,1.16
1501,2021-03-05,24.22,25.94,26.58,24.03,588374,1575062576.0,10.49,6.75,1.64,2.57
1502,2021-03-08,25.75,25.45,26.64,25.29,324628,876589904.0,5.2,-1.89,-0.49,1.42
1503,2021-03-09,25.28,23.99,25.4,23.58,347768,882237952.0,7.15,-5.74,-1.46,1.52
1504,2021-03-10,24.48,23.75,24.6,23.6,217182,542448016.0,4.17,-1.0,-0.24,0.95
1505,2021-03-11,24.18,24.36,24.5,23.05,249296,621699360.0,6.11,2.57,0.61,1.09
1506,2021-03-12,24.13,23.8,24.3,23.31,170039,420659504.0,4.06,-2.3,-0.56,0.74
1507,2021-03-15,23.4,22.47,23.4,22.25,253077,598156816.0,4.83,-5.59,-1.33,1.1
1508,2021-03-16,22.63,21.93,22.88,21.66,246988,569117088.0,5.43,-2.4,-0.54,1.08
1509,2021-03-17,21.94,22.05,22.3,21.8,115670,266581370.0,2.28,0.55,0.12,0.5
1510,2021-03-18,22.08,21.75,22.2,21.57,175190,398875936.0,2.86,-1.36,-0.3,0.76
1511,2021-03-19,21.46,21.46,21.94,21.2,160087,361155792.0,3.4,-1.33,-0.29,0.7
1512,2021-03-22,21.4,21.81,21.91,21.4,137029,311512496.0,2.38,1.63,0.35,0.6
1513,2021-03-23,21.9,21.5,22.12,21.45,157714,357044464.0,3.07,-1.42,-0.31,0.69
1514,2021-03-24,21.4,21.12,21.52,21.07,140709,312336208.0,2.09,-1.77,-0.38,0.61
1515,2021-03-25,21.05,21.27,21.4,20.91,110527,245444014.0,2.32,0.71,0.15,0.48
1516,2021-03-26,21.3,21.98,22.06,21.22,211667,479329408.0,3.95,3.34,0.71,0.92
1517,2021-03-29,22.3,22.16,22.6,21.98,205082,476944896.0,2.82,0.82,0.18,0.9
1518,2021-03-30,22.13,22.0,22.16,21.72,128960,295638816.0,1.99,-0.72,-0.16,0.56
1519,2021-03-31,22.0,21.72,22.02,21.28,142338,322275040.0,3.36,-1.27,-0.28,0.62
1520,2021-04-01,21.79,22.29,22.48,21.66,181637,421055344.0,3.78,2.62,0.57,0.79
1521,2021-04-02,22.45,22.75,22.88,22.45,171626,407253024.0,1.93,2.06,0.46,0.75
1522,2021-04-06,23.0,22.83,23.4,22.68,138625,333123408.0,3.16,0.35,0.08,0.6
1523,2021-04-07,22.84,23.02,23.1,22.41,126145,300902992.0,3.02,0.83,0.19,0.55
1524,2021-04-08,23.2,23.42,24.37,23.16,289316,715799920.0,5.26,1.74,0.4,1.26
1525,2021-04-09,23.23,22.88,23.61,22.76,152110,367003136.0,3.63,-2.31,-0.54,0.66
1526,2021-04-12,22.77,22.65,23.49,22.58,149747,359209648.0,3.98,-1.01,-0.23,0.65
1527,2021-04-13,22.6,22.79,22.88,22.27,111375,262871735.0,2.69,0.62,0.14,0.49
1528,2021-04-14,22.65,22.67,22.82,22.39,101337,239071043.0,1.89,-0.53,-0.12,0.44
1529,2021-04-15,23.0,23.04,23.16,22.63,102158,243917330.0,2.34,1.63,0.37,0.45
1530,2021-04-16,23.3,22.88,23.38,22.83,81873,196637140.0,2.39,-0.69,-0.16,0.36
1531,2021-04-19,22.66,23.22,23.26,22.44,184890,443066816.0,3.58,1.49,0.34,0.81
1532,2021-04-20,24.12,23.85,24.95,23.72,470029,1190043696.0,5.3,2.71,0.63,2.05
1533,2021-04-21,23.76,23.77,24.14,23.66,144791,360142160.0,2.01,-0.34,-0.08,0.63
1534,2021-04-22,23.93,23.65,23.98,23.58,111212,275304368.0,1.68,-0.5,-0.12,0.49
1535,2021-04-23,23.64,23.33,23.66,23.26,155302,378801424.0,1.69,-1.35,-0.32,0.68
1536,2021-04-26,23.32,22.45,23.54,22.39,282799,675663360.0,4.93,-3.77,-0.88,1.23
1537,2021-04-27,22.46,22.09,22.63,21.9,134835,311701840.0,3.25,-1.6,-0.36,0.59
1538,2021-04-28,22.14,22.55,22.89,22.07,127219,299473904.0,3.71,2.08,0.46,0.56
1539,2021-04-29,22.59,22.83,22.95,22.51,105073,249862194.0,1.95,1.24,0.28,0.46
1540,2021-04-30,22.99,22.33,23.24,22.21,151742,356931296.0,4.51,-2.19,-0.5,0.66
1541,2021-05-06,22.45,22.68,22.85,22.45,118868,281496576.0,1.79,1.57,0.35,0.52
1542,2021-05-07,22.73,23.06,23.48,22.66,199535,482039072.0,3.62,1.68,0.38,0.87
1543,2021-05-10,23.08,23.05,23.17,22.66,109633,262342996.0,2.21,-0.04,-0.01,0.48
1544,2021-05-11,22.7,22.39,23.0,22.15,175910,412058992.0,3.69,-2.86,-0.66,0.77
1545,2021-05-12,22.39,22.38,22.45,21.92,116680,270302960.0,2.37,-0.04,-0.01,0.51
1546,2021-05-13,22.12,21.66,22.44,21.4,192296,438736784.0,4.65,-3.22,-0.72,0.84
1547,2021-05-14,21.76,22.1,22.1,21.41,133757,305354832.0,3.19,2.03,0.44,0.58
1548,2021-05-17,22.1,22.25,22.57,22.06,151907,354716752.0,2.31,0.68,0.15,0.66
1549,2021-05-18,22.25,22.09,22.28,22.02,75313,174046398.0,1.17,-0.72,-0.16,0.33
1550,2021-05-19,22.08,21.91,22.08,21.7,95909,219389789.0,1.72,-0.81,-0.18,0.42
1551,2021-05-20,21.88,21.92,22.04,21.71,86574,197952172.0,1.51,0.05,0.01,0.38
1552,2021-05-21,22.0,21.71,22.3,21.65,98209,224906531.0,2.97,-0.96,-0.21,0.43
1553,2021-05-24,21.72,21.89,21.93,21.62,104755,238486662.0,1.43,0.83,0.18,0.46
1554,2021-05-25,21.77,22.33,22.35,21.73,143371,331484800.0,2.83,2.01,0.44,0.63
1555,2021-05-26,22.38,22.02,22.46,21.94,162903,376377712.0,2.33,-1.39,-0.31,0.71
1556,2021-05-27,22.1,22.48,22.61,22.0,256428,599132272.0,2.77,2.09,0.46,1.12
1557,2021-05-28,22.4,22.19,22.54,22.08,206790,472599104.0,2.05,-1.29,-0.29,0.9
1558,2021-05-31,22.22,22.31,22.76,22.08,252033,578032512.0,3.06,0.54,0.12,1.1
1559,2021-06-01,22.35,22.64,22.97,22.08,276048,640425120.0,3.99,1.48,0.33,1.2
1560,2021-06-02,22.8,22.25,22.8,22.1,207949,477091248.0,3.09,-1.72,-0.39,0.91
1561,2021-06-03,22.25,21.72,22.51,21.71,323131,731415824.0,3.6,-2.38,-0.53,1.41
1562,2021-06-04,21.8,21.7,21.95,21.53,225781,503128992.0,1.93,-0.09,-0.02,0.99
1563,2021-06-07,21.9,22.37,22.74,21.89,320648,734138688.0,3.92,3.09,0.67,1.4
1564,2021-06-08,22.39,22.0,22.5,21.88,253531,576291120.0,2.77,-1.65,-0.37,1.11
1565,2021-06-09,22.43,22.09,22.62,21.97,243084,554966768.0,2.95,0.41,0.09,1.06
1566,2021-06-10,22.3,22.12,22.43,21.81,262054,594159872.0,2.81,0.14,0.03,1.14
1567,2021-06-11,22.13,21.87,22.4,21.78,301357,679729632.0,2.8,-1.13,-0.25,1.32
1568,2021-06-15,21.85,21.62,21.96,21.5,211119,470234848.0,2.1,-1.14,-0.25,0.92
1569,2021-06-16,21.69,21.18,21.84,21.05,203926,449109760.0,3.65,-2.04,-0.44,0.89
1570,2021-06-17,21.2,21.75,21.9,21.0,202721,448247872.0,4.25,2.69,0.57,0.88
1571,2021-06-18,21.8,21.31,22.02,21.15,238195,524912240.0,4.0,-2.02,-0.44,1.04
1572,2021-06-21,21.15,21.09,21.25,20.92,184477,399026528.0,1.55,-1.03,-0.22,0.81
1573,2021-06-22,21.11,21.38,21.65,20.96,194480,425341456.0,3.27,1.38,0.29,0.85
1574,2021-06-23,21.34,22.1,22.17,21.21,400170,897943136.0,4.49,3.37,0.72,1.75
1575,2021-06-24,22.15,22.61,23.17,22.01,537737,1255555984.0,5.25,2.31,0.51,2.35
1576,2021-06-25,22.68,22.69,23.0,22.52,307486,717127840.0,2.12,0.35,0.08,1.34
1577,2021-06-28,22.76,22.95,23.18,22.63,244941,575610640.0,2.42,1.15,0.26,1.07
1578,2021-06-29,23.1,22.58,23.1,22.43,200517,466369952.0,2.92,-1.61,-0.37,0.88
1579,2021-06-30,22.6,22.81,23.04,22.53,189446,444048928.0,2.26,1.02,0.23,0.82
1580,2021-07-01,22.8,22.11,22.89,22.0,201130,463290112.0,3.9,-3.07,-0.7,0.87
1581,2021-07-02,22.01,21.64,22.36,21.57,187828,421641616.0,3.57,-2.13,-0.47,0.82
1582,2021-07-05,21.63,22.28,22.33,21.44,232402,522130304.0,4.11,2.96,0.64,1.01
1583,2021-07-06,22.37,23.43,23.99,22.22,622609,1489037616.0,7.94,5.16,1.15,2.7
1584,2021-07-07,23.32,23.4,23.56,23.03,299230,715450320.0,2.26,-0.13,-0.03,1.3
1585,2021-07-08,23.44,23.66,23.93,23.26,332423,806443952.0,2.86,1.11,0.26,1.44
1586,2021-07-09,23.4,23.9,24.54,23.33,334261,820759840.0,5.11,1.01,0.24,1.45
1587,2021-07-12,24.06,23.82,24.4,23.4,347067,853033744.0,4.18,-0.33,-0.08,1.51
1588,2021-07-13,24.03,23.7,24.11,23.48,264902,643214992.0,2.64,-0.5,-0.12,1.15
1589,2021-07-14,23.71,23.29,24.13,23.27,283071,685939952.0,3.63,-1.73,-0.41,1.23
1590,2021-07-15,23.15,23.32,23.39,22.72,239260,565612848.0,2.88,0.13,0.03,1.04
1591,2021-07-16,23.3,22.86,23.3,22.8,207926,491363360.0,2.14,-1.97,-0.46,0.9
1592,2021-07-19,22.71,22.73,23.06,22.49,210517,490172176.0,2.49,-0.57,-0.13,0.91
1593,2021-07-20,22.58,22.57,22.68,22.05,188571,433899536.0,2.77,-0.7,-0.16,0.82
1594,2021-07-21,22.68,22.91,23.08,22.63,200310,470940384.0,1.99,1.51,0.34,0.87
1595,2021-07-22,22.93,23.35,23.69,22.7,281932,673476144.0,4.32,1.92,0.44,1.22
1596,2021-07-23,23.4,22.8,23.6,22.72,216408,512479072.0,3.77,-2.36,-0.55,0.94
1597,2021-07-26,22.7,22.87,23.49,22.3,287052,675142096.0,5.22,0.31,0.07,1.25
1598,2021-07-27,24.7,25.22,25.22,24.59,545222,1403009904.0,2.75,10.28,2.35,2.37
1599,2021-07-28,25.94,26.26,26.9,24.65,1658639,4399066624.0,8.92,4.12,1.04,7.2
1600,2021-07-29,26.85,26.79,27.95,26.38,1112158,3091080112.0,5.98,2.02,0.53,4.83
1601,2021-07-30,26.8,26.9,27.4,26.4,576939,1591912032.0,3.73,0.41,0.11,2.51
1602,2021-08-02,26.91,28.44,28.74,26.9,796066,2262815984.0,6.84,5.72,1.54,3.46
1603,2021-08-03,28.06,28.1,28.74,27.68,514723,1482090880.0,3.73,-1.2,-0.34,2.24
1604,2021-08-04,27.91,28.18,28.6,27.91,446671,1288334336.0,2.46,0.28,0.08,1.94
1605,2021-08-05,28.53,28.18,29.25,28.01,397095,1157035136.0,4.4,0.0,0.0,1.72
1606,2021-08-06,27.7,27.95,28.59,27.5,364592,1039682352.0,3.87,-0.82,-0.23,1.58
1607,2021-08-09,27.95,27.71,28.59,27.45,299700,852127120.0,4.08,-0.86,-0.24,1.3
1608,2021-08-10,27.85,27.88,28.2,27.19,319215,905513904.0,3.64,0.61,0.17,1.39
1609,2021-08-11,27.81,26.91,27.82,26.7,514119,1422371056.0,4.02,-3.48,-0.97,2.23
1610,2021-08-12,26.92,26.59,27.1,26.52,337187,921692320.0,2.16,-1.19,-0.32,1.46
1611,2021-08-13,26.59,26.12,26.75,25.93,335122,899249952.0,3.08,-1.77,-0.47,1.46
1612,2021-08-16,26.3,25.75,27.1,25.43,542330,1453193984.0,6.39,-1.42,-0.37,2.36
1613,2021-08-17,25.98,25.77,26.78,25.5,530498,1417082128.0,4.97,0.08,0.02,2.3
1614,2021-08-18,24.88,24.6,24.88,23.9,617757,1544522592.0,3.8,-4.54,-1.17,2.68
1615,2021-08-19,24.48,24.76,25.12,24.33,322231,817907648.0,3.21,0.65,0.16,1.4
1616,2021-08-20,24.78,24.63,24.9,24.21,203599,512579328.0,2.79,-0.53,-0.13,0.88
1617,2021-08-23,24.7,24.78,24.96,24.47,240079,607803104.0,1.99,0.61,0.15,1.04
1618,2021-08-24,24.67,24.33,24.67,24.07,319662,797909104.0,2.42,-1.82,-0.45,1.39
1619,2021-08-25,24.51,24.65,24.95,24.3,336933,848826672.0,2.67,1.32,0.32,1.46
1620,2021-08-26,24.76,24.11,24.85,24.09,292280,728504496.0,3.08,-2.19,-0.54,1.27
1621,2021-08-27,23.8,24.2,24.46,23.51,308195,757322912.0,3.94,0.37,0.09,1.34
1622,2021-08-30,24.1,23.31,24.12,23.1,366936,884638592.0,4.21,-3.68,-0.89,1.59
1623,2021-08-31,23.2,22.9,23.56,22.62,319742,752645536.0,4.03,-1.76,-0.41,1.39
1624,2021-09-01,22.97,22.72,23.04,22.27,388811,900652992.0,3.36,-0.79,-0.18,1.69
1625,2021-09-02,22.9,22.38,22.9,22.32,271550,626516608.0,2.55,-1.5,-0.34,1.18
1626,2021-09-03,22.3,22.34,22.8,22.22,296406,683015136.0,2.59,-0.18,-0.04,1.29
1627,2021-09-06,22.3,22.88,23.02,22.1,351531,819414992.0,4.12,2.42,0.54,1.53
1628,2021-09-07,22.9,23.1,23.28,22.8,330394,780797136.0,2.1,0.96,0.22,1.43
1629,2021-09-08,23.35,22.95,23.71,22.85,426606,1014592944.0,3.72,-0.65,-0.15,1.85
1630,2021-09-09,22.94,23.13,23.47,22.85,320049,759289376.0,2.7,0.78,0.18,1.39
1631,2021-09-10,23.15,23.13,23.4,22.75,380040,898019872.0,2.81,0.0,0.0,1.65
1632,2021-09-13,23.11,22.53,23.11,22.45,337330,783215280.0,2.85,-2.59,-0.6,1.47
1633,2021-09-14,22.71,22.4,22.77,22.35,217001,502638464.0,1.86,-0.58,-0.13,0.94
1634,2021-09-15,22.4,22.06,22.43,21.94,263599,597285664.0,2.19,-1.52,-0.34,1.14
1635,2021-09-16,22.42,21.88,22.75,21.88,301855,689678784.0,3.94,-0.82,-0.18,1.31
1636,2021-09-17,21.84,21.72,22.06,21.4,215377,479079376.0,3.02,-0.73,-0.16,0.94
1637,2021-09-22,21.41,21.75,21.82,21.39,127754,283988944.0,1.98,0.14,0.03,0.55
1638,2021-09-23,21.75,21.78,22.0,21.65,229949,514938784.0,1.61,0.14,0.03,1.0
1639,2021-09-24,21.83,21.42,21.88,21.41,223775,495366160.0,2.16,-1.65,-0.36,0.97
1640,2021-09-27,21.68,21.62,21.95,21.5,224051,500199408.0,2.1,0.93,0.2,0.97
1641,2021-09-28,21.6,21.28,21.64,21.11,198296,433643664.0,2.45,-1.57,-0.34,0.86
1642,2021-09-29,21.18,20.96,21.18,20.62,229772,493804224.0,2.63,-1.5,-0.32,1.0
1643,2021-09-30,20.97,21.06,21.14,20.88,137081,296732432.0,1.24,0.48,0.1,0.59
1644,2021-10-08,21.38,21.59,21.78,21.21,237374,525144576.0,2.71,2.52,0.53,1.03
1645,2021-10-11,21.61,21.78,21.86,21.5,221598,494181536.0,1.67,0.88,0.19,0.96
1646,2021-10-12,21.6,21.15,21.62,21.01,211535,461782960.0,2.8,-2.89,-0.63,0.92
1647,2021-10-13,21.11,21.77,21.84,21.01,177485,390995040.0,3.92,2.93,0.62,0.77
1648,2021-10-14,21.71,21.56,21.76,21.41,118090,261719353.0,1.61,-0.96,-0.21,0.51
1649,2021-10-15,21.41,21.21,21.68,21.1,235306,515455376.0,2.69,-1.62,-0.35,1.02
1650,2021-10-18,21.16,21.2,21.33,21.0,158066,343626608.0,1.56,-0.05,-0.01,0.68
1651,2021-10-19,22.0,22.07,22.21,21.71,489371,1104143088.0,2.36,4.1,0.87,2.12
1652,2021-10-20,22.2,21.82,22.51,21.75,393493,893611488.0,3.44,-1.13,-0.25,1.7
1653,2021-10-21,21.81,22.11,22.25,21.67,237013,536735888.0,2.66,1.33,0.29,1.03
1654,2021-10-22,22.02,22.16,22.35,21.88,218545,497471152.0,2.13,0.23,0.05,0.95
1655,2021-10-25,22.33,21.95,22.34,21.63,254813,572473456.0,3.2,-0.95,-0.21,1.1
1656,2021-10-26,21.85,22.27,22.49,21.7,341071,774604720.0,3.6,1.46,0.32,1.48
1657,2021-10-27,22.11,21.81,22.12,21.66,241872,542505168.0,2.07,-2.07,-0.46,1.05
1658,2021-10-28,21.94,22.1,22.66,21.84,469915,1074521008.0,3.76,1.33,0.29,2.03
1659,2021-10-29,21.95,21.65,22.04,21.11,396004,871280320.0,4.21,-2.04,-0.45,1.71
1660,2021-11-01,21.42,22.87,23.18,21.41,765356,1774429296.0,8.18,5.64,1.22,3.31
1661,2021-11-02,23.26,23.02,23.88,22.71,700610,1671614160.0,5.12,0.66,0.15,3.03
1662,2021-11-03,23.27,22.69,23.31,22.43,366014,855627952.0,3.82,-1.43,-0.33,1.58
1663,2021-11-04,22.79,23.08,23.4,22.79,364033,864537248.0,2.69,1.72,0.39,1.58
1664,2021-11-05,23.5,23.25,23.84,23.1,421585,1012212192.0,3.21,0.74,0.17,1.83
1665,2021-11-08,23.3,22.79,23.3,22.55,290785,679200352.0,3.23,-1.98,-0.46,1.26
1666,2021-11-09,22.79,22.82,22.96,22.3,316979,736907424.0,2.9,0.13,0.03,1.37
1667,2021-11-10,22.88,22.95,23.18,22.6,312306,733703120.0,2.54,0.57,0.13,1.35
1668,2021-11-11,22.92,23.13,23.24,22.67,300826,710365296.0,2.48,0.78,0.18,1.3
1669,2021-11-12,23.13,23.5,23.83,22.93,382593,919074608.0,3.89,1.6,0.37,1.66
1670,2021-11-15,23.48,23.8,23.85,23.32,370516,897747424.0,2.26,1.28,0.3,1.6
1671,2021-11-16,23.91,23.5,24.28,23.47,440246,1077211504.0,3.4,-1.26,-0.3,1.91
1672,2021-11-17,23.54,24.04,24.07,23.43,386019,945082960.0,2.72,2.3,0.54,1.67
1673,2021-11-18,24.09,24.05,24.24,23.76,331786,818238880.0,2.0,0.04,0.01,1.44
1674,2021-11-19,24.1,24.18,24.25,23.81,325676,803884656.0,1.83,0.54,0.13,1.41
1675,2021-11-22,24.11,24.55,24.71,24.01,380328,953641328.0,2.89,1.53,0.37,1.65
1676,2021-11-23,24.47,24.33,24.53,24.1,324525,807981104.0,1.75,-0.9,-0.22,1.4
1677,2021-11-24,24.2,23.91,24.29,23.78,288712,710821584.0,2.1,-1.73,-0.42,1.25
1678,2021-11-25,23.91,23.61,24.09,23.5,244893,596170928.0,2.47,-1.25,-0.3,1.06
1679,2021-11-26,23.58,23.49,23.77,23.28,232620,560024480.0,2.08,-0.51,-0.12,1.01
1680,2021-11-29,23.15,22.73,23.2,22.58,343061,802437408.0,2.64,-3.24,-0.76,1.49
1681,2021-11-30,22.92,23.0,23.26,22.78,233681,551673648.0,2.11,1.19,0.27,1.01
1682,2021-12-01,22.9,22.82,22.99,22.67,196046,458384000.0,1.39,-0.78,-0.18,0.85
1683,2021-12-02,22.7,22.38,22.78,22.35,215400,498070416.0,1.88,-1.93,-0.44,0.93
1684,2021-12-03,22.3,22.48,22.65,22.26,225476,519509712.0,1.74,0.45,0.1,0.98
1685,2021-12-06,22.2,21.85,22.33,21.65,377687,852582832.0,3.02,-2.8,-0.63,1.64
1686,2021-12-07,22.05,22.02,22.14,21.71,182192,410454752.0,1.97,0.78,0.17,0.79
1687,2021-12-08,22.08,22.34,22.35,21.91,243993,556023584.0,2.0,1.45,0.32,1.06
1688,2021-12-09,22.35,22.72,22.8,22.25,271654,630027968.0,2.46,1.7,0.38,1.18
1689,2021-12-10,22.64,22.56,22.65,22.42,202093,467121296.0,1.01,-0.7,-0.16,0.87
1690,2021-12-13,22.69,23.1,23.1,22.5,310230,729695712.0,2.66,2.39,0.54,1.34
1691,2021-12-14,22.83,22.9,23.14,22.83,185911,438539088.0,1.34,-0.87,-0.2,0.8
1692,2021-12-15,22.9,22.54,23.13,22.5,214434,499386320.0,2.75,-1.57,-0.36,0.93
1693,2021-12-16,22.6,22.57,22.77,22.53,124646,289288000.0,1.06,0.13,0.03,0.54
1694,2021-12-17,22.51,22.11,22.57,22.08,185643,423617520.0,2.17,-2.04,-0.46,0.8
1695,2021-12-20,22.04,21.77,22.28,21.71,137996,310949440.0,2.58,-1.54,-0.34,0.6
1696,2021-12-21,21.77,21.9,21.98,21.75,109235,245262540.0,1.06,0.6,0.13,0.47
1697,2021-12-22,21.95,22.14,22.34,21.91,170169,387322048.0,1.96,1.1,0.24,0.74
1698,2021-12-23,22.17,22.59,22.79,22.1,280935,650609376.0,3.12,2.03,0.45,1.22
1699,2021-12-24,22.56,22.45,22.64,22.21,202143,464848736.0,1.9,-0.62,-0.14,0.88
1700,2021-12-27,22.32,22.65,22.78,22.3,151905,353095552.0,2.14,0.89,0.2,0.66
1701,2021-12-28,22.7,22.81,23.06,22.61,198699,465298752.0,1.99,0.71,0.16,0.86
1702,2021-12-29,22.78,22.52,23.03,22.5,193764,451970384.0,2.32,-1.27,-0.29,0.84
1703,2021-12-30,22.52,23.01,23.29,22.52,289371,685742880.0,3.42,2.18,0.49,1.25
1704,2021-12-31,23.11,22.95,23.18,22.85,151861,357613952.0,1.43,-0.26,-0.06,0.66
1705,2022-01-04,23.05,22.66,23.1,22.42,235580,547895920.0,2.96,-1.26,-0.29,1.02
1706,2022-01-05,22.61,22.17,22.74,21.98,245919,561247888.0,3.35,-2.16,-0.49,1.06
1707,2022-01-06,22.06,22.1,22.24,21.9,225217,510591616.0,1.53,-0.32,-0.07,0.97
1708,2022-01-07,22.06,21.97,22.25,21.96,187161,424494064.0,1.31,-0.59,-0.13,0.81
1709,2022-01-10,21.96,22.22,22.22,21.56,241086,544097952.0,3.0,1.14,0.25,1.04
1710,2022-01-11,22.2,22.05,22.37,22.0,172214,392328976.0,1.67,-0.77,-0.17,0.75
1711,2022-01-12,22.13,22.09,22.19,21.93,141332,319824224.0,1.18,0.18,0.04,0.61
1712,2022-01-13,22.09,21.64,22.13,21.62,187062,418641824.0,2.31,-2.04,-0.45,0.81
1713,2022-01-14,21.59,21.66,21.78,21.43,134496,298846288.0,1.62,0.09,0.02,0.58
1714,2022-01-17,21.6,21.92,22.02,21.58,174489,392347792.0,2.03,1.2,0.26,0.75
1715,2022-01-18,21.99,22.03,22.25,21.88,170913,387115232.0,1.69,0.5,0.11,0.74
1716,2022-01-19,21.99,21.66,22.08,21.65,147306,329861152.0,1.95,-1.68,-0.37,0.64
1717,2022-01-20,21.64,21.38,21.76,21.36,180545,399513856.0,1.85,-1.29,-0.28,0.78
1718,2022-01-21,21.39,21.06,21.43,20.8,206884,447826944.0,2.95,-1.5,-0.32,0.89
1719,2022-01-24,20.98,20.98,21.06,20.74,113078,243256943.0,1.52,-0.38,-0.08,0.49
1720,2022-01-25,20.9,20.56,21.04,20.56,177625,379659504.0,2.29,-2.0,-0.42,0.77
1721,2022-01-26,20.56,19.96,20.7,19.76,316888,657967488.0,4.57,-2.92,-0.6,1.37
1722,2022-01-27,19.66,19.12,20.24,18.81,386917,769994160.0,7.16,-4.21,-0.84,1.67
1723,2022-01-28,19.23,18.95,19.46,18.64,251268,492170528.0,4.29,-0.89,-0.17,1.09
1724,2022-02-07,19.29,19.0,19.58,18.93,200672,397633600.0,3.43,0.26,0.05,0.87
1725,2022-02-08,19.0,19.26,19.28,18.8,164844,324220512.0,2.53,1.37,0.26,0.71
1726,2022-02-09,19.27,19.43,19.5,19.18,187128,374341408.0,1.66,0.88,0.17,0.81
1727,2022-02-10,19.43,19.48,19.55,19.37,152636,305851616.0,0.93,0.26,0.05,0.66
1728,2022-02-11,19.4,19.09,19.42,19.04,183860,364306848.0,1.95,-2.0,-0.39,0.8
1729,2022-02-14,19.05,18.84,19.27,18.73,145583,284535984.0,2.83,-1.31,-0.25,0.63
1730,2022-02-15,18.94,19.11,19.13,18.85,117248,230436314.0,1.49,1.43,0.27,0.51
1731,2022-02-16,19.28,19.09,19.34,19.01,99602,196357640.0,1.73,-0.1,-0.02,0.43
1732,2022-02-17,19.03,18.79,19.05,18.76,190896,371321792.0,1.52,-1.57,-0.3,0.83
1733,2022-02-18,18.64,18.91,18.94,18.37,226781,437783792.0,3.03,0.64,0.12,0.98
1734,2022-02-21,18.83,18.98,18.98,18.78,157802,307931328.0,1.06,0.37,0.07,0.68
1735,2022-02-22,18.86,18.71,18.86,18.66,134148,259238134.0,1.05,-1.42,-0.27,0.58
1736,2022-02-23,18.73,19.15,19.19,18.73,169866,334205360.0,2.46,2.35,0.44,0.73
1737,2022-02-24,19.07,18.94,19.31,18.72,220926,433079408.0,3.08,-1.1,-0.21,0.96
1738,2022-02-25,19.08,18.88,19.16,18.82,117491,229828354.0,1.8,-0.32,-0.06,0.51
1739,2022-02-28,19.03,18.83,19.08,18.73,123250,239407977.0,1.85,-0.26,-0.05,0.53
1740,2022-03-01,18.78,18.84,18.89,18.68,148736,287906080.0,1.12,0.05,0.01,0.64
1741,2022-03-02,18.76,18.69,18.76,18.6,117669,226483615.0,0.85,-0.8,-0.15,0.51
1742,2022-03-03,18.7,18.37,18.78,18.35,252517,481438688.0,2.3,-1.71,-0.32,1.09
1743,2022-03-04,18.32,18.37,18.58,18.2,131078,248985134.0,2.07,0.0,0.0,0.57
1744,2022-03-07,18.36,17.42,18.36,17.3,252928,460725392.0,5.77,-5.17,-0.95,1.09
1745,2022-03-08,17.31,16.98,17.57,16.88,191647,340333696.0,3.96,-2.53,-0.44,0.83
1746,2022-03-09,17.0,16.59,17.24,15.89,236119,405174624.0,7.95,-2.3,-0.39,1.02
1747,2022-03-10,16.9,16.78,17.05,16.71,182327,318302624.0,2.05,1.15,0.19,0.79
1748,2022-03-11,16.43,16.83,16.89,16.15,231849,395113728.0,4.41,0.3,0.05,1.0
1749,2022-03-14,16.67,16.38,16.67,16.36,130219,222996985.0,1.84,-2.67,-0.45,0.56
1750,2022-03-15,16.2,15.39,16.3,15.38,211888,349156848.0,5.62,-6.04,-0.99,0.92
1751,2022-03-16,15.63,15.82,15.87,14.93,209040,335597952.0,6.11,2.79,0.43,0.9
1752,2022-03-17,16.13,16.12,16.34,16.03,171613,287727936.0,1.96,1.9,0.3,0.74
1753,2022-03-18,15.98,16.1,16.19,15.91,134625,224374185.0,1.74,-0.12,-0.02,0.58
1754,2022-03-21,16.22,16.31,16.38,16.01,147433,248250200.0,2.3,1.3,0.21,0.64
1755,2022-03-22,16.29,16.28,16.39,16.17,88155,148495718.0,1.35,-0.18,-0.03,0.38
1756,2022-03-23,16.3,16.48,16.85,16.26,178076,305472672.0,3.62,1.23,0.2,0.77
1757,2022-03-24,16.4,16.17,16.48,16.11,117081,197418903.0,2.25,-1.88,-0.31,0.51
1758,2022-03-25,16.24,16.1,16.32,15.97,81423,136223305.0,2.16,-0.43,-0.07,0.35
1759,2022-03-28,15.99,16.06,16.12,15.68,100014,165152571.0,2.73,-0.25,-0.04,0.43
1760,2022-03-29,16.08,15.75,16.25,15.68,87955,144915776.0,3.55,-1.93,-0.31,0.38
1761,2022-03-30,15.75,15.99,16.02,15.66,142144,234166913.0,2.29,1.52,0.24,0.61
1762,2022-03-31,15.9,15.52,15.9,15.47,163692,265881258.0,2.69,-2.94,-0.47,0.71
1763,2022-04-01,15.47,15.51,15.65,15.32,120141,193401744.0,2.13,-0.06,-0.01,0.52
1764,2022-04-06,15.53,15.36,15.54,15.17,173493,276308848.0,2.39,-0.97,-0.15,0.75
1765,2022-04-07,15.35,15.3,15.79,15.26,193335,311073968.0,3.45,-0.39,-0.06,0.84
1766,2022-04-08,15.3,15.37,15.4,14.91,143892,226598581.0,3.2,0.46,0.07,0.62
1767,2022-04-11,15.37,14.85,15.37,14.79,166412,259125602.0,3.77,-3.38,-0.52,0.72
1768,2022-04-12,14.89,15.37,15.37,14.79,133270,209250979.0,3.91,3.5,0.52,0.58
1769,2022-04-13,15.29,15.24,15.4,15.1,78911,124934255.0,1.95,-0.85,-0.13,0.34
1770,2022-04-14,15.35,15.41,15.5,15.24,89060,142342400.0,1.71,1.12,0.17,0.38
1771,2022-04-15,15.28,15.7,15.78,15.27,136894,222086389.0,3.31,1.88,0.29,0.59
1772,2022-04-18,15.61,16.29,16.35,15.54,177251,296474912.0,5.16,3.76,0.59,0.77
1773,2022-04-19,16.2,16.12,16.31,16.05,121063,202526364.0,1.6,-1.04,-0.17,0.52
1774,2022-04-20,16.13,16.12,16.33,16.03,83797,140533062.0,1.86,0.0,0.0,0.36
1775,2022-04-21,16.05,15.79,16.28,15.67,94210,155699229.0,3.78,-2.05,-0.33,0.41
1776,2022-04-22,15.92,15.99,16.0,15.52,95696,157177656.0,3.04,1.27,0.2,0.41
1777,2022-04-25,15.75,15.0,15.8,14.99,132576,212191605.0,5.07,-6.19,-0.99,0.57
1778,2022-04-26,15.0,14.6,15.19,14.55,115165,178463081.0,4.27,-2.67,-0.4,0.5
1779,2022-04-27,14.49,15.69,15.76,14.43,154894,245395778.0,9.11,7.47,1.09,0.67
1780,2022-04-28,15.6,15.65,15.94,15.47,124232,202484349.0,3.0,-0.25,-0.04,0.54
1781,2022-04-29,15.83,16.08,16.1,15.62,162267,267583473.0,3.07,2.75,0.43,0.7
1782,2022-05-05,16.08,16.0,16.18,15.82,132811,220809063.0,2.24,-0.5,-0.08,0.57
1783,2022-05-06,15.66,15.84,15.94,15.6,83740,136898620.0,2.13,-1.0,-0.16,0.36
1784,2022-05-09,15.69,15.85,15.93,15.68,56783,93320632.0,1.58,0.06,0.01,0.25
1785,2022-05-10,15.68,16.2,16.25,15.6,118613,198486374.0,4.1,2.21,0.35,0.51
1786,2022-05-11,16.29,16.2,16.59,16.11,148358,252292392.0,2.96,0.0,0.0,0.64
1787,2022-05-12,16.08,16.21,16.34,16.01,77337,129929790.0,2.04,0.06,0.01,0.33
1788,2022-05-13,16.27,16.2,16.31,16.07,70090,117532291.0,1.48,-0.06,-0.01,0.3
1789,2022-05-16,16.22,16.04,16.29,15.99,68180,113905643.0,1.85,-0.99,-0.16,0.29
1790,2022-05-17,15.96,16.05,16.12,15.86,66668,110605638.0,1.62,0.06,0.01,0.29
1791,2022-05-18,16.06,16.24,16.32,15.96,84008,140770408.0,2.24,1.18,0.19,0.36
1792,2022-05-19,16.08,16.74,16.75,16.02,169605,290540944.0,4.5,3.08,0.5,0.73
1793,2022-05-20,16.76,16.67,17.14,16.51,129426,224624184.0,3.76,-0.42,-0.07,0.56
1794,2022-05-23,16.75,16.38,16.79,16.28,151861,257977722.0,3.06,-1.74,-0.29,0.66
1795,2022-05-24,16.38,15.88,16.46,15.88,131783,220699586.0,3.54,-3.05,-0.5,0.57
1796,2022-05-25,15.83,15.94,16.04,15.75,88622,146196294.0,1.83,0.38,0.06,0.38
1797,2022-05-26,16.08,15.73,16.08,15.6,111413,175488241.0,3.01,-1.32,-0.21,0.48
1798,2022-05-27,15.74,15.76,15.93,15.57,95796,150530107.0,2.29,0.19,0.03,0.41
1799,2022-05-30,15.87,15.79,15.87,15.7,62365,98318791.0,1.08,0.19,0.03,0.27
1800,2022-05-31,15.78,16.24,16.34,15.6,162323,260194612.0,4.69,2.85,0.45,0.7
1801,2022-06-01,16.2,16.17,16.45,16.11,104530,169688078.0,2.09,-0.43,-0.07,0.45
1802,2022-06-02,16.2,16.47,16.48,16.12,129401,211663246.0,2.23,1.86,0.3,0.56
1803,2022-06-06,16.46,17.06,17.09,16.4,200165,335815168.0,4.19,3.58,0.59,0.86
1804,2022-06-07,16.9,16.67,16.98,16.6,130648,218802088.0,2.23,-2.29,-0.39,0.56
1805,2022-06-08,16.71,16.6,16.81,16.34,103637,171837887.0,2.82,-0.42,-0.07,0.45
1806,2022-06-09,16.5,16.19,16.58,16.12,93519,152286461.0,2.77,-2.47,-0.41,0.4
1807,2022-06-10,16.05,16.4,16.42,16.03,108384,176044230.0,2.41,1.3,0.21,0.47
1808,2022-06-13,16.23,16.05,16.31,15.9,159515,256617887.0,2.5,-2.13,-0.35,0.69
1809,2022-06-14,15.9,16.13,16.15,15.65,114594,182136323.0,3.12,0.5,0.08,0.49
1810,2022-06-15,16.17,16.5,16.76,16.14,204695,338617696.0,3.84,2.29,0.37,0.88
1811,2022-06-16,16.51,16.41,16.74,16.36,106154,175530425.0,2.3,-0.55,-0.09,0.46
1812,2022-06-17,16.38,16.62,16.63,16.28,113225,186790998.0,2.13,1.28,0.21,0.49
1813,2022-06-20,16.66,16.64,16.79,16.56,110638,184401388.0,1.38,0.12,0.02,0.48
1814,2022-06-21,16.64,16.68,16.85,16.45,110787,184517575.0,2.4,0.24,0.04,0.48
1815,2022-06-22,16.67,16.31,16.67,16.31,117482,192718235.0,2.16,-2.22,-0.37,0.51
1816,2022-06-23,16.31,16.69,16.69,16.31,129685,214853800.0,2.33,2.33,0.38,0.56
1817,2022-06-24,16.62,17.02,17.05,16.62,240695,407520096.0,2.58,1.98,0.33,1.04
1818,2022-06-27,17.15,16.95,17.26,16.84,209233,356380608.0,2.47,-0.41,-0.07,0.9
1819,2022-06-28,16.91,17.17,17.22,16.66,233707,395733392.0,3.3,1.3,0.22,1.01
1820,2022-06-29,17.13,16.87,17.48,16.85,299356,514109712.0,3.67,-1.75,-0.3,1.29
1821,2022-06-30,16.91,16.99,17.18,16.85,130328,221821440.0,1.96,0.71,0.12,0.56
1822,2022-07-01,17.01,17.02,17.15,16.86,107300,182562881.0,1.71,0.18,0.03,0.46
1823,2022-07-04,16.95,16.85,17.01,16.7,152396,256315787.0,1.82,-1.0,-0.17,0.66
1824,2022-07-05,16.85,16.56,17.0,16.37,236269,391781136.0,3.74,-1.72,-0.29,1.02
1825,2022-07-06,16.56,16.59,16.64,16.4,159084,262926891.0,1.45,0.18,0.03,0.68
1826,2022-07-07,16.5,16.57,16.66,16.45,90835,150643423.0,1.27,-0.12,-0.02,0.39
1827,2022-07-08,16.66,16.57,16.75,16.56,91660,152769406.0,1.15,0.0,0.0,0.39
1828,2022-07-11,16.5,16.13,16.54,16.0,125024,202132174.0,3.26,-2.66,-0.44,0.54
1829,2022-07-12,16.1,15.86,16.1,15.85,89277,142200488.0,1.55,-1.67,-0.27,0.38
1830,2022-07-13,15.82,15.77,15.92,15.69,91172,143809929.0,1.45,-0.57,-0.09,0.39
1831,2022-07-14,15.74,15.78,15.9,15.61,68685,108460879.0,1.84,0.06,0.01,0.3
1832,2022-07-15,15.77,15.55,15.92,15.55,86956,137064704.0,2.34,-1.46,-0.23,0.37
1833,2022-07-18,15.58,15.86,15.9,15.5,93812,147437404.0,2.57,1.99,0.31,0.4
1834,2022-07-19,15.79,16.04,16.08,15.78,88091,140921740.0,1.89,1.13,0.18,0.38
1835,2022-07-20,16.07,15.96,16.24,15.93,105192,169082608.0,1.93,-0.5,-0.08,0.45
1836,2022-07-21,15.97,15.97,16.14,15.91,76568,122749902.0,1.44,0.06,0.01,0.33
1837,2022-07-22,15.98,15.79,16.03,15.67,77647,122892107.0,2.25,-1.13,-0.18,0.33
1838,2022-07-25,15.79,15.65,15.89,15.62,65936,103531315.0,1.71,-0.89,-0.14,0.28
1839,2022-07-26,15.69,15.63,15.75,15.56,60141,93839076.0,1.21,-0.13,-0.02,0.26
1840,2022-07-27,15.63,15.59,15.63,15.52,53728,83644703.0,0.7,-0.26,-0.04,0.23
1841,2022-07-28,15.66,16.19,16.35,15.65,200154,322891790.0,4.49,3.85,0.6,0.86
1842,2022-07-29,16.19,15.89,16.28,15.86,109857,175764027.0,2.59,-1.85,-0.3,0.47
1843,2022-08-01,15.85,16.18,16.2,15.66,109890,176619462.0,3.4,1.83,0.29,0.47
1844,2022-08-02,16.01,15.88,16.03,15.6,132672,209937418.0,2.66,-1.85,-0.3,0.57
1845,2022-08-03,15.76,15.87,16.16,15.75,117060,187316771.0,2.58,-0.06,-0.01,0.5
1846,2022-08-04,16.0,16.04,16.16,15.85,99726,159783067.0,1.95,1.07,0.17,0.43
1847,2022-08-05,16.08,16.56,16.57,16.01,251053,411282146.0,3.49,3.24,0.52,1.08
1848,2022-08-08,16.62,16.52,16.68,16.29,146999,241355610.0,2.36,-0.24,-0.04,0.63
1849,2022-08-09,16.48,16.64,16.66,16.26,144251,237123069.0,2.42,0.73,0.12,0.62
1850,2022-08-10,16.48,16.39,16.79,16.36,146291,241915692.0,2.58,-1.5,-0.25,0.63
1851,2022-08-11,16.43,16.83,16.92,16.43,266656,446323298.0,2.99,2.68,0.44,1.15
1852,2022-08-12,16.85,16.97,17.13,16.74,261464,444073797.0,2.32,0.83,0.14,1.13
1853,2022-08-15,16.5,17.13,17.19,16.42,338961,571571028.0,4.54,0.94,0.16,1.46
1854,2022-08-16,17.18,17.44,17.6,16.89,376202,653023798.0,4.14,1.81,0.31,1.62
1855,2022-08-17,17.49,17.39,17.56,17.22,211687,368148152.0,1.95,-0.29,-0.05,0.91
1856,2022-08-18,17.43,17.13,17.44,17.1,214852,369898679.0,1.96,-1.5,-0.26,0.93
1857,2022-08-19,17.15,17.0,17.66,17.0,227892,394077194.0,3.85,-0.76,-0.13,0.98
1858,2022-08-22,17.04,17.07,17.33,16.85,139098,238105949.0,2.82,0.41,0.07,0.6
1859,2022-08-23,16.99,16.67,17.06,16.61,205065,343242550.0,2.64,-2.34,-0.4,0.88
1860,2022-08-24,16.8,16.13,16.83,16.08,185486,302982931.0,4.5,-3.24,-0.54,0.8
1861,2022-08-25,16.13,16.12,16.2,15.92,94065,151005156.0,1.74,-0.06,-0.01,0.4
1862,2022-08-26,16.15,16.1,16.27,16.06,72352,116765556.0,1.3,-0.12,-0.02,0.31
1863,2022-08-29,15.87,15.97,16.02,15.8,64471,102696501.0,1.37,-0.81,-0.13,0.28
1864,2022-08-30,15.93,16.02,16.05,15.85,63360,100979496.0,1.25,0.31,0.05,0.27
1865,2022-08-31,16.01,15.9,16.07,15.8,72095,114609614.0,1.69,-0.75,-0.12,0.31
1866,2022-09-01,15.84,15.88,15.99,15.8,50076,79590373.0,1.19,-0.13,-0.02,0.22
1867,2022-09-02,15.81,15.91,15.98,15.81,53038,84365718.0,1.07,0.19,0.03,0.23
1868,2022-09-05,15.91,15.74,15.93,15.67,71552,112567725.0,1.63,-1.07,-0.17,0.31
1869,2022-09-06,15.75,15.9,15.9,15.71,60443,95476105.0,1.21,1.02,0.16,0.26
1870,2022-09-07,15.81,15.86,16.0,15.77,76522,121519745.0,1.45,-0.25,-0.04,0.33
1871,2022-09-08,15.84,15.53,15.86,15.51,122162,190673405.0,2.21,-2.08,-0.33,0.53
1872,2022-09-09,15.53,15.64,15.65,15.38,85653,132866775.0,1.74,0.71,0.11,0.37
1873,2022-09-13,15.7,15.47,15.87,15.43,109969,171874155.0,2.81,-1.09,-0.17,0.47
1874,2022-09-14,15.33,15.3,15.35,15.16,74733,114105006.0,1.23,-1.1,-0.17,0.32
1875,2022-09-15,15.39,14.9,15.39,14.75,200613,301377840.0,4.18,-2.61,-0.4,0.86
1876,2022-09-16,14.86,14.51,14.99,14.45,157770,231976077.0,3.62,-2.62,-0.39,0.68
1877,2022-09-19,14.52,14.35,14.57,14.24,79177,113757378.0,2.27,-1.1,-0.16,0.34
1878,2022-09-20,14.39,14.26,14.49,14.23,74715,106910184.0,1.81,-0.63,-0.09,0.32
1879,2022-09-21,14.26,14.0,14.29,13.62,155099,215252350.0,4.7,-1.82,-0.26,0.67
1880,2022-09-22,13.88,13.74,13.97,13.73,96107,132837208.0,1.71,-1.86,-0.26,0.41
1881,2022-09-23,13.75,13.44,13.82,13.28,168643,227631359.0,3.93,-2.18,-0.3,0.73
1882,2022-09-26,13.32,13.2,13.48,13.17,111199,147885162.0,2.31,-1.79,-0.24,0.48
1883,2022-09-27,13.22,13.44,13.45,13.22,94829,126763066.0,1.74,1.82,0.24,0.41
1884,2022-09-28,13.41,13.12,13.41,13.12,88008,116304347.0,2.16,-2.38,-0.32,0.38
1885,2022-09-29,13.23,13.16,13.35,13.07,81164,107234583.0,2.13,0.3,0.04,0.35
1886,2022-09-30,13.15,13.1,13.24,13.06,60180,79097395.0,1.37,-0.46,-0.06,0.26
1887,2022-10-10,13.1,12.7,13.16,12.67,94714,121878322.0,3.74,-3.05,-0.4,0.41
1888,2022-10-11,12.7,12.77,12.87,12.64,65480,83426014.0,1.81,0.55,0.07,0.28
1889,2022-10-12,12.78,13.24,13.26,12.72,107330,139399780.0,4.23,3.68,0.47,0.46
1890,2022-10-13,13.21,13.28,13.42,13.1,81621,108624134.0,2.42,0.3,0.04,0.35
1891,2022-10-14,13.39,13.48,13.52,13.3,82922,111502137.0,1.66,1.51,0.2,0.36
1892,2022-10-17,13.47,13.69,13.72,13.44,77166,105165499.0,2.08,1.56,0.21,0.33
1893,2022-10-18,13.83,13.72,13.83,13.56,78326,107165614.0,1.97,0.22,0.03,0.34
1894,2022-10-19,13.67,13.59,13.8,13.57,59051,80755502.0,1.68,-0.95,-0.13,0.25
1895,2022-10-20,13.59,13.82,13.91,13.52,85944,118247665.0,2.87,1.69,0.23,0.37
1896,2022-10-21,13.8,13.78,13.89,13.71,56006,77249144.0,1.3,-0.29,-0.04,0.24
1897,2022-10-24,13.77,13.49,13.99,13.4,85170,116339073.0,4.28,-2.1,-0.29,0.37
1898,2022-10-25,13.48,13.4,13.6,13.28,60592,81328271.0,2.37,-0.67,-0.09,0.26
1899,2022-10-26,13.48,13.94,14.1,13.45,140236,194657806.0,4.85,4.03,0.54,0.6
1900,2022-10-27,13.94,14.08,14.25,13.9,108589,153167378.0,2.51,1.0,0.14,0.47
1901,2022-10-28,13.79,13.5,13.98,13.49,116277,159941296.0,3.48,-4.12,-0.58,0.5
1902,2022-10-31,13.51,13.87,13.99,13.51,82817,114370694.0,3.56,2.74,0.37,0.36
1903,2022-11-01,13.88,14.04,14.05,13.77,78803,109926532.0,2.02,1.23,0.17,0.34
1904,2022-11-02,14.02,14.19,14.33,14.02,100652,143276906.0,2.21,1.07,0.15,0.43
1905,2022-11-03,14.12,14.33,14.38,14.06,74634,106219700.0,2.26,0.99,0.14,0.32
1906,2022-11-04,14.26,14.32,14.48,14.23,95955,137651705.0,1.74,-0.07,-0.01,0.41
1907,2022-11-07,14.37,14.19,14.44,14.15,79647,113381224.0,2.03,-0.91,-0.13,0.34
1908,2022-11-08,14.15,14.07,14.17,13.95,71943,100909142.0,1.55,-0.85,-0.12,0.31
1909,2022-11-09,14.11,14.22,14.24,14.0,70347,99559627.0,1.71,1.07,0.15,0.3
1910,2022-11-10,14.13,13.8,14.21,13.75,99453,138410044.0,3.23,-2.95,-0.42,0.43
1911,2022-11-11,14.25,14.16,14.39,14.11,132720,188962659.0,2.03,2.61,0.36,0.57
1912,2022-11-14,14.15,14.34,14.51,14.14,141851,204077239.0,2.61,1.27,0.18,0.61
1913,2022-11-15,14.27,15.0,15.08,14.23,225739,334288661.0,5.93,4.6,0.66,0.97
1914,2022-11-16,15.0,15.29,15.38,14.92,188733,287628648.0,3.07,1.93,0.29,0.81
1915,2022-11-17,15.2,15.41,15.45,14.98,132534,201957926.0,3.07,0.78,0.12,0.57
1916,2022-11-18,15.32,15.27,15.44,15.21,94756,145314842.0,1.49,-0.91,-0.14,0.41
1917,2022-11-21,15.2,15.42,15.43,15.07,106600,162518172.0,2.36,0.98,0.15,0.46
1918,2022-11-22,15.37,15.5,15.82,15.31,131900,206153969.0,3.31,0.52,0.08,0.57
1919,2022-11-23,15.42,15.53,15.55,15.25,94552,145774578.0,1.94,0.19,0.03,0.41
1920,2022-11-24,15.52,15.33,15.61,15.28,61594,94677039.0,2.12,-1.29,-0.2,0.26
1921,2022-11-25,15.37,15.19,15.45,15.17,53472,81597771.0,1.83,-0.91,-0.14,0.23
1922,2022-11-28,15.04,15.01,15.13,14.85,70878,106245181.0,1.84,-1.18,-0.18,0.3
1923,2022-11-29,15.05,15.1,15.18,14.98,54253,81924268.0,1.33,0.6,0.09,0.23
1924,2022-11-30,15.14,15.09,15.18,15.0,52037,78387280.0,1.19,-0.07,-0.01,0.22
1925,2022-12-01,15.21,15.02,15.29,15.0,70184,106145200.0,1.92,-0.46,-0.07,0.3
1926,2022-12-02,15.03,14.92,15.15,14.9,59520,89228190.0,1.66,-0.67,-0.1,0.26
1927,2022-12-05,14.94,15.26,15.27,14.94,72635,110115567.0,2.21,2.28,0.34,0.31
1928,2022-12-06,15.22,15.33,15.37,15.15,71524,109460323.0,1.44,0.46,0.07,0.31
1929,2022-12-07,15.32,14.76,15.32,14.72,149958,224129573.0,3.91,-3.72,-0.57,0.64
1930,2022-12-08,14.76,14.63,14.77,14.54,87586,127999325.0,1.56,-0.88,-0.13,0.38
1931,2022-12-09,14.62,14.81,14.88,14.6,93272,137452854.0,1.91,1.23,0.18,0.4
1932,2022-12-12,14.75,15.38,15.56,14.69,164503,251085927.0,5.87,3.85,0.57,0.71
1933,2022-12-13,15.33,15.22,15.45,15.18,50993,77798700.0,1.76,-1.04,-0.16,0.22
1934,2022-12-14,15.37,15.1,15.49,15.07,74915,114429722.0,2.76,-0.79,-0.12,0.32
1935,2022-12-15,15.09,15.37,15.46,14.98,82504,126740147.0,3.18,1.79,0.27,0.35
1936,2022-12-16,15.3,15.38,15.38,15.17,72290,110455886.0,1.37,0.07,0.01,0.31
1937,2022-12-19,15.38,15.05,15.4,15.01,63985,96604730.0,2.54,-2.15,-0.33,0.28
1938,2022-12-20,15.03,14.89,15.16,14.81,52165,78017484.0,2.33,-1.06,-0.16,0.22
1939,2022-12-21,14.84,14.81,14.98,14.7,44297,65736457.0,1.88,-0.54,-0.08,0.19
1940,2022-12-22,14.93,14.86,15.22,14.8,47034,70369500.0,2.84,0.34,0.05,0.2
1941,2022-12-23,14.85,14.62,14.98,14.55,47208,69521669.0,2.89,-1.62,-0.24,0.2
1942,2022-12-26,14.62,14.86,14.9,14.61,45337,67122001.0,1.98,1.64,0.24,0.19
1943,2022-12-27,14.91,14.86,14.95,14.67,42005,62166962.0,1.88,0.0,0.0,0.18
1944,2022-12-28,14.85,14.73,14.89,14.68,34050,50157464.0,1.41,-0.87,-0.13,0.15
1945,2022-12-29,14.69,14.54,14.79,14.5,54265,79254055.0,1.97,-1.29,-0.19,0.23
1946,2022-12-30,14.64,14.41,14.7,14.38,51397,74501641.0,2.2,-0.89,-0.13,0.22
