,日期,开盘,收盘,最高,最低,成交量,成交额,振幅,涨跌幅,涨跌额,换手率
0,2015-01-05,7.61,8.75,8.75,7.61,364983,516776496.0,15.34,17.77,1.32,1.23
1,2015-01-06,9.85,9.7,10.2,9.37,950756,1483127856.0,9.49,10.86,0.95,3.21
2,2015-01-07,9.05,9.54,9.81,8.92,468834,708557744.0,9.18,-1.65,-0.16,1.58
3,2015-01-08,9.43,9.7,10.68,8.98,637915,998694336.0,17.82,1.68,0.16,2.16
4,2015-01-09,9.21,8.98,9.75,8.91,397561,597567136.0,8.66,-7.42,-0.72,1.34
5,2015-01-12,8.75,9.14,9.43,8.42,321582,474162544.0,11.25,1.78,0.16,1.09
6,2015-01-13,8.92,8.99,9.32,8.83,198799,294828528.0,5.36,-1.64,-0.15,0.67
7,2015-01-14,8.95,8.11,9.14,7.75,334627,472394368.0,15.46,-9.79,-0.88,1.13
8,2015-01-15,8.13,8.64,8.66,7.65,243011,336902192.0,12.45,6.54,0.53,0.82
9,2015-01-16,8.55,8.72,8.93,8.45,246119,356337968.0,5.56,0.93,0.08,0.83
10,2015-01-19,7.79,7.27,8.15,7.27,287449,384447744.0,10.09,-16.63,-1.45,0.97
11,2015-01-20,7.25,7.34,7.53,7.02,217311,283734416.0,7.02,0.96,0.07,0.73
12,2015-01-21,7.34,8.1,8.12,7.18,311760,419594688.0,12.81,10.35,0.76,1.05
13,2015-01-22,8.06,8.6,8.95,7.85,346425,494064816.0,13.58,6.17,0.5,1.17
14,2015-01-23,8.73,8.45,8.82,8.29,229222,327132512.0,6.16,-1.74,-0.15,0.77
15,2015-01-26,8.44,8.6,8.75,8.07,223255,318307440.0,8.05,1.78,0.15,0.75
16,2015-01-27,8.61,8.45,8.93,8.12,222718,318732736.0,9.42,-1.74,-0.15,0.75
17,2015-01-28,8.32,7.85,8.32,7.76,224756,309448432.0,6.63,-7.1,-0.6,0.76
18,2015-01-29,7.55,7.72,8.05,7.46,135636,183576964.0,7.52,-1.66,-0.13,0.46
19,2015-01-30,7.91,7.59,8.1,7.58,119795,162979714.0,6.74,-1.68,-0.13,0.4
20,2015-02-02,7.58,7.47,7.8,7.42,83184,111030051.0,5.01,-1.58,-0.12,0.28
21,2015-02-03,7.8,8.0,8.2,7.77,148665,203471946.0,5.76,7.1,0.53,0.5
22,2015-02-04,8.25,8.0,8.5,7.97,198888,278915616.0,6.63,0.0,0.0,0.67
23,2015-02-05,8.24,7.43,8.35,7.4,164532,222649856.0,11.88,-7.13,-0.57,0.56
24,2015-02-06,7.35,6.86,7.4,6.83,137102,175377576.0,7.67,-7.67,-0.57,0.46
25,2015-02-09,6.76,6.63,6.92,6.35,128309,158451843.0,8.31,-3.35,-0.23,0.43
26,2015-02-10,6.61,6.83,6.93,6.53,92080,115433120.0,6.03,3.02,0.2,0.31
27,2015-02-11,6.86,6.93,7.26,6.8,80678,103042866.0,6.73,1.46,0.1,0.27
28,2015-02-12,6.96,6.84,7.05,6.62,65185,81828509.0,6.2,-1.3,-0.09,0.22
29,2015-02-13,6.91,7.0,7.23,6.91,102618,131779820.0,4.68,2.34,0.16,0.35
30,2015-02-16,7.03,7.01,7.13,6.93,90268,115258454.0,2.86,0.14,0.01,0.3
31,2015-02-17,7.06,7.1,7.24,7.01,87157,112197094.0,3.28,1.28,0.09,0.29
32,2015-02-25,7.13,6.88,7.13,6.83,81583,103408951.0,4.23,-3.1,-0.22,0.28
33,2015-02-26,6.93,7.29,7.36,6.58,216263,276237360.0,11.34,5.96,0.41,0.73
34,2015-02-27,7.2,7.37,7.46,7.15,167035,218329036.0,4.25,1.1,0.08,0.56
35,2015-03-02,7.34,7.59,7.8,7.16,205991,272817760.0,8.68,2.99,0.22,0.7
36,2015-03-03,7.43,7.15,7.49,7.1,181864,237588776.0,5.14,-5.8,-0.44,0.61
37,2015-03-04,7.05,7.26,7.45,7.05,128324,166860864.0,5.59,1.54,0.11,0.43
38,2015-03-05,7.28,6.82,7.33,6.76,133140,169059354.0,7.85,-6.06,-0.44,0.45
39,2015-03-06,6.83,6.99,7.25,6.83,135146,173165071.0,6.16,2.49,0.17,0.46
40,2015-03-09,6.85,6.93,6.94,6.46,152501,189522209.0,6.87,-0.86,-0.06,0.52
41,2015-03-10,6.93,6.89,7.01,6.8,105318,133399637.0,3.03,-0.58,-0.04,0.36
42,2015-03-11,6.93,6.57,6.95,6.47,202608,251900431.0,6.97,-4.64,-0.32,0.68
43,2015-03-12,6.6,6.82,7.14,6.38,226203,281752816.0,11.57,3.81,0.25,0.76
44,2015-03-13,6.95,8.08,8.08,6.85,399437,534921280.0,18.04,18.48,1.26,1.35
45,2015-03-16,8.35,8.55,8.75,7.87,675087,949723600.0,10.89,5.82,0.47,2.28
46,2015-03-17,8.49,8.66,8.69,8.18,450752,637676096.0,5.96,1.29,0.11,1.52
47,2015-03-18,8.58,8.86,9.2,8.46,440111,640356320.0,8.55,2.31,0.2,1.49
48,2015-03-19,8.9,8.87,9.21,8.65,411262,602091408.0,6.32,0.11,0.01,1.39
49,2015-03-20,8.78,8.56,8.81,8.43,307960,441455424.0,4.28,-3.49,-0.31,1.04
50,2015-03-23,8.6,8.74,8.96,8.45,337558,489098016.0,5.96,2.1,0.18,1.14
51,2015-03-24,8.73,8.98,9.04,8.25,443005,637900144.0,9.04,2.75,0.24,1.5
52,2015-03-25,8.83,9.12,9.4,8.6,530649,785741248.0,8.91,1.56,0.14,1.79
53,2015-03-26,9.0,9.26,9.52,8.85,457681,684763344.0,7.35,1.54,0.14,1.55
54,2015-03-27,9.38,9.19,9.85,9.12,425170,647825104.0,7.88,-0.76,-0.07,1.44
55,2015-03-30,9.04,9.87,9.91,8.96,550499,842958144.0,10.34,7.4,0.68,1.86
56,2015-03-31,9.96,9.6,10.5,9.57,594025,938711456.0,9.42,-2.74,-0.27,2.01
57,2015-04-01,9.31,9.84,10.05,9.3,311061,481256640.0,7.81,2.5,0.24,1.05
58,2015-04-02,9.76,10.16,10.34,9.71,372372,589590144.0,6.4,3.25,0.32,1.26
59,2015-04-03,10.12,10.34,10.5,9.9,349168,557748144.0,5.91,1.77,0.18,1.18
60,2015-04-07,10.34,11.0,11.5,10.34,421016,702839776.0,11.22,6.38,0.66,1.42
61,2015-04-08,10.95,10.3,11.01,9.76,374198,604671968.0,11.36,-6.36,-0.7,1.26
62,2015-04-09,10.39,10.02,10.62,9.45,306140,483616128.0,11.36,-2.72,-0.28,1.03
63,2015-04-10,9.79,10.21,10.35,9.7,247143,393033232.0,6.49,1.9,0.19,0.83
64,2015-04-13,10.2,10.25,10.48,9.87,261442,415929488.0,5.97,0.39,0.04,0.88
65,2015-04-14,10.1,9.87,10.19,9.72,278777,437604624.0,4.59,-3.71,-0.38,0.94
66,2015-04-15,9.82,9.02,10.03,8.88,272891,416001264.0,11.65,-8.61,-0.85,0.92
67,2015-04-16,9.01,9.35,9.42,8.83,212070,317066528.0,6.54,3.66,0.33,0.72
68,2015-04-17,9.44,9.76,10.05,9.38,325595,506250832.0,7.17,4.39,0.41,1.1
69,2015-04-20,9.53,9.63,10.44,9.22,443545,695553216.0,12.5,-1.33,-0.13,1.5
70,2015-04-21,9.44,10.09,10.16,9.35,372161,579779792.0,8.41,4.78,0.46,1.26
71,2015-04-22,10.15,10.6,10.94,10.01,502399,815343408.0,9.22,5.05,0.51,1.7
72,2015-04-23,10.6,11.3,11.75,10.28,666864,1119508688.0,13.87,6.6,0.7,2.25
73,2015-04-24,11.15,11.54,12.35,10.85,597396,1045289904.0,13.27,2.12,0.24,2.02
74,2015-04-27,11.54,11.87,12.22,11.4,461657,811293328.0,7.11,2.86,0.33,1.56
75,2015-04-28,11.71,10.81,11.93,10.38,390749,661125888.0,13.06,-8.93,-1.06,1.32
76,2015-04-29,10.63,11.04,11.25,10.35,247169,413036448.0,8.33,2.13,0.23,0.84
77,2015-04-30,10.99,10.41,11.21,10.39,271812,447799760.0,7.43,-5.71,-0.63,0.92
78,2015-05-04,10.45,10.32,10.57,10.03,179393,287673872.0,5.19,-0.86,-0.09,0.61
79,2015-05-05,10.35,9.45,10.63,9.33,205274,323065648.0,12.6,-8.43,-0.87,0.69
80,2015-05-06,9.47,8.94,9.75,8.76,178264,268910864.0,10.48,-5.4,-0.51,0.6
81,2015-05-07,8.8,8.49,9.05,8.36,185407,267289091.0,7.72,-5.03,-0.45,0.63
82,2015-05-08,8.65,8.8,8.85,8.26,185213,266341626.0,6.95,3.65,0.31,0.63
83,2015-05-11,8.94,9.24,9.25,8.63,346641,507491552.0,7.05,5.0,0.44,1.17
84,2015-05-12,9.12,9.25,9.4,9.02,279541,417492224.0,4.11,0.11,0.01,0.94
85,2015-05-13,9.24,9.09,9.34,8.96,222319,329815184.0,4.11,-1.73,-0.16,0.75
86,2015-05-14,8.97,9.23,9.24,8.68,243317,357633616.0,6.16,1.54,0.14,0.82
87,2015-05-15,9.1,8.68,9.23,8.63,191962,280983616.0,6.5,-5.96,-0.55,0.65
88,2015-05-18,8.38,8.55,8.83,8.3,132411,189598158.0,6.11,-1.5,-0.13,0.45
89,2015-05-19,8.55,9.04,9.07,8.55,171497,251260374.0,6.08,5.73,0.49,0.58
90,2015-05-20,9.04,8.97,9.34,8.95,238296,355350592.0,4.31,-0.77,-0.07,0.81
91,2015-05-21,8.97,9.38,9.42,8.66,324076,478873456.0,8.47,4.57,0.41,1.09
92,2015-05-22,9.42,9.8,9.84,9.13,403393,618133840.0,7.57,4.48,0.42,1.36
93,2015-05-25,9.76,10.19,10.2,9.6,364116,573117424.0,6.12,3.98,0.39,1.23
94,2015-05-26,10.24,10.3,10.32,9.86,468336,743270496.0,4.51,1.08,0.11,1.58
95,2015-05-27,10.15,10.86,11.05,9.93,650500,1057512496.0,10.87,5.44,0.56,2.2
96,2015-05-28,10.6,9.2,10.75,9.2,519061,824479104.0,14.27,-15.29,-1.66,1.75
97,2015-05-29,9.05,8.72,9.3,8.25,326104,475227840.0,11.41,-5.22,-0.48,1.1
98,2015-06-01,8.83,10.17,10.17,8.55,472557,724662032.0,18.58,16.63,1.45,1.6
99,2015-06-02,10.33,10.18,10.52,9.75,486683,772044496.0,7.57,0.1,0.01,1.64
100,2015-06-03,10.18,9.77,10.2,9.55,349693,545750432.0,6.39,-4.03,-0.41,1.18
101,2015-06-04,9.77,11.15,11.19,8.59,670009,1065578688.0,26.61,14.12,1.38,2.26
102,2015-06-05,11.37,11.68,11.91,10.87,891362,1541153008.0,9.33,4.75,0.53,3.01
103,2015-06-08,11.54,11.97,12.23,11.13,595067,1041813376.0,9.42,2.48,0.29,2.01
104,2015-06-09,12.05,12.56,13.25,11.32,659219,1190923312.0,16.12,4.93,0.59,2.23
105,2015-06-10,11.85,11.91,12.61,11.55,420652,750881392.0,8.44,-5.18,-0.65,1.42
106,2015-06-11,11.75,11.56,11.88,11.25,335367,577889968.0,5.29,-2.94,-0.35,1.13
107,2015-06-12,11.62,11.85,12.26,11.6,397306,705413328.0,5.71,2.51,0.29,1.34
108,2015-06-15,11.98,12.12,12.52,11.5,418132,745498928.0,8.61,2.28,0.27,1.41
109,2015-06-16,12.04,12.41,13.05,11.76,562377,1030700336.0,10.64,2.39,0.29,1.9
110,2015-06-17,12.43,13.3,13.33,11.71,659345,1216487184.0,13.05,7.17,0.89,2.23
111,2015-06-18,13.37,11.74,13.71,11.57,507896,952715936.0,16.09,-11.73,-1.56,1.72
112,2015-06-19,11.75,9.99,11.92,9.99,327808,546236464.0,16.44,-14.91,-1.75,1.11
113,2015-06-23,9.62,10.26,10.27,8.5,290651,443041936.0,17.72,2.7,0.27,0.98
114,2015-06-24,10.4,10.91,11.03,9.97,376604,613600016.0,10.33,6.34,0.65,1.27
115,2015-06-25,10.87,9.6,10.94,9.35,322975,518304016.0,14.57,-12.01,-1.31,1.09
116,2015-06-26,9.07,8.07,9.49,8.07,300052,430121152.0,14.79,-15.94,-1.53,1.01
117,2015-06-29,8.37,7.08,8.57,6.69,318558,425402816.0,23.3,-12.27,-0.99,1.08
118,2015-06-30,7.09,8.02,8.17,5.93,280739,361803280.0,31.64,13.28,0.94,0.95
119,2015-07-01,7.77,6.65,8.13,6.65,263623,351829792.0,18.45,-17.08,-1.37,0.89
120,2015-07-02,6.66,5.55,6.82,5.41,248946,293520176.0,21.2,-16.54,-1.1,0.84
121,2015-07-03,5.22,4.42,5.47,4.42,255781,268482960.0,18.92,-20.36,-1.13,0.86
122,2015-07-06,5.27,4.11,5.27,3.47,326214,325651744.0,40.72,-7.01,-0.31,1.1
123,2015-07-07,3.68,5.09,5.09,3.13,597511,593531936.0,47.69,23.84,0.98,2.02
124,2015-07-08,4.09,4.01,4.66,4.01,318302,317185072.0,12.77,-21.22,-1.08,1.08
125,2015-07-09,4.01,4.98,4.98,3.05,275410,280334096.0,48.13,24.19,0.97,0.93
126,2015-07-10,5.07,6.05,6.05,5.07,348095,402797392.0,19.68,21.49,1.07,1.18
127,2015-07-13,6.22,7.23,7.23,5.65,497355,611345904.0,26.12,19.5,1.18,1.68
128,2015-07-14,6.67,6.04,7.15,5.97,392217,481990256.0,16.32,-16.46,-1.19,1.33
129,2015-07-15,6.06,4.86,6.07,4.86,249942,276123824.0,20.03,-19.54,-1.18,0.84
130,2015-07-16,4.86,5.04,5.47,4.3,197448,212243328.0,24.07,3.7,0.18,0.67
131,2015-07-17,5.08,5.81,5.85,5.05,183526,205213250.0,15.87,15.28,0.77,0.62
132,2015-07-20,5.77,5.72,6.26,5.42,216537,250652057.0,14.46,-1.55,-0.09,0.73
133,2015-07-21,5.46,5.72,6.01,5.32,188371,215923221.0,12.06,0.0,0.0,0.64
134,2015-07-22,5.51,5.71,5.82,5.18,198292,223750336.0,11.19,-0.17,-0.01,0.67
135,2015-07-23,5.76,6.11,6.16,5.6,242126,282298944.0,9.81,7.01,0.4,0.82
136,2015-07-24,6.12,6.33,7.26,5.97,405152,497447600.0,21.11,3.6,0.22,1.37
137,2015-07-27,5.67,5.12,6.07,5.12,260129,295900416.0,15.01,-19.12,-1.21,0.88
138,2015-07-28,4.32,4.64,5.07,4.07,236302,242063472.0,19.53,-9.38,-0.48,0.8
139,2015-07-29,5.02,5.19,5.25,4.62,129592,137139386.0,13.58,11.85,0.55,0.44
140,2015-07-30,5.02,4.66,5.54,4.57,150578,163225942.0,18.69,-10.21,-0.53,0.51
141,2015-07-31,4.45,4.79,4.82,4.45,117914,122180139.0,7.94,2.79,0.13,0.4
142,2015-08-03,4.86,5.54,5.57,4.65,168060,179664140.0,19.21,15.66,0.75,0.57
143,2015-08-04,5.46,6.36,6.55,5.07,308790,354940128.0,26.71,14.8,0.82,1.04
144,2015-08-05,6.07,5.83,6.31,5.77,144724,170467647.0,8.49,-8.33,-0.53,0.49
145,2015-08-06,5.77,6.56,6.99,5.5,277170,338190912.0,25.56,12.52,0.73,0.94
146,2015-08-07,6.47,6.95,7.35,6.31,325902,409971584.0,15.85,5.95,0.39,1.1
147,2015-08-10,6.91,7.31,7.47,6.77,254303,327675392.0,10.07,5.18,0.36,0.86
148,2015-08-11,7.32,6.9,7.46,6.85,209215,269223536.0,8.34,-5.61,-0.41,0.71
149,2015-08-12,6.57,7.1,7.42,6.52,197479,252699806.0,13.04,2.9,0.2,0.67
150,2015-08-13,6.87,7.18,7.31,6.57,159442,203468196.0,10.42,1.13,0.08,0.54
151,2015-08-14,7.21,6.94,7.53,6.73,187880,242644181.0,11.14,-3.34,-0.24,0.63
152,2015-08-17,6.77,7.01,7.04,6.63,144015,181168642.0,5.91,1.01,0.07,0.49
153,2015-08-18,7.07,5.98,7.36,5.87,245704,307686752.0,21.26,-14.69,-1.03,0.83
154,2015-08-19,5.36,6.09,6.23,5.25,129741,149167914.0,16.39,1.84,0.11,0.44
155,2015-08-20,5.95,5.69,6.22,5.64,99290,115557487.0,9.52,-6.57,-0.4,0.34
156,2015-08-21,5.62,4.79,5.89,4.77,107025,118623161.0,19.68,-15.82,-0.9,0.36
157,2015-08-24,4.28,3.74,4.74,3.74,80728,77595599.0,20.88,-21.92,-1.05,0.27
158,2015-08-25,2.84,2.79,3.37,2.79,80202,69034901.0,15.51,-25.4,-0.95,0.27
159,2015-08-26,2.67,1.95,3.09,1.94,216166,174690765.0,41.22,-30.11,-0.84,0.73
160,2015-08-27,2.17,2.3,2.36,1.65,114192,89672957.0,36.41,17.95,0.35,0.39
161,2015-08-28,2.41,2.93,2.94,2.41,142533,119506479.0,23.04,27.39,0.63,0.48
162,2015-08-31,2.83,2.97,3.0,2.27,184174,154442797.0,24.91,1.37,0.04,0.62
163,2015-09-01,2.77,3.39,3.49,2.2,257505,226042945.0,43.43,14.14,0.42,0.87
164,2015-09-02,2.84,4.3,4.3,2.73,350068,335058384.0,46.31,26.84,0.91,1.18
165,2015-09-07,4.21,3.72,4.67,3.67,119452,118471089.0,23.26,-13.49,-0.58,0.4
166,2015-09-08,3.54,3.93,4.1,3.32,70104,65960330.0,20.97,5.65,0.21,0.24
167,2015-09-09,3.99,4.18,4.24,3.93,86006,84693473.0,7.89,6.36,0.25,0.29
168,2015-09-10,3.93,3.96,4.42,3.92,69196,68346467.0,11.96,-5.26,-0.22,0.23
169,2015-09-11,3.87,3.89,4.06,3.67,57724,55358777.0,9.85,-1.77,-0.07,0.2
170,2015-09-14,3.95,2.95,4.16,2.93,95051,87354816.0,31.62,-24.16,-0.94,0.32
171,2015-09-15,2.65,2.43,3.09,2.39,61805,51996845.0,23.73,-17.63,-0.52,0.21
172,2015-09-16,2.55,3.25,3.25,2.45,62074,53241774.0,32.92,33.74,0.82,0.21
173,2015-09-17,3.17,2.96,3.53,2.94,73094,65813290.0,18.15,-8.92,-0.29,0.25
174,2015-09-18,2.91,3.2,3.42,2.91,55637,49726447.0,17.23,8.11,0.24,0.19
175,2015-09-21,3.17,3.54,3.63,2.98,59463,54254935.0,20.31,10.63,0.34,0.2
176,2015-09-22,3.57,3.66,3.92,3.47,77498,73181515.0,12.71,3.39,0.12,0.26
177,2015-09-23,3.42,3.28,3.59,3.15,60936,55291850.0,12.02,-10.38,-0.38,0.21
178,2015-09-24,3.31,3.48,3.62,3.29,44300,40545584.0,10.06,6.1,0.2,0.15
179,2015-09-25,3.41,3.15,3.48,2.95,51807,46388125.0,15.23,-9.48,-0.33,0.18
180,2015-09-28,3.16,3.14,3.27,2.87,34780,30608209.0,12.7,-0.32,-0.01,0.12
181,2015-09-29,2.94,2.65,2.94,2.59,60268,50902648.0,11.15,-15.61,-0.49,0.2
182,2015-09-30,2.65,2.67,2.77,2.64,30754,25922984.0,4.91,0.75,0.02,0.1
183,2015-10-08,3.04,2.95,3.15,2.87,56891,49731449.0,10.49,10.49,0.28,0.19
184,2015-10-09,2.98,3.82,3.82,2.87,152797,141608339.0,32.2,29.49,0.87,0.52
185,2015-10-12,3.8,4.06,4.23,3.59,195455,189861424.0,16.75,6.28,0.24,0.66
186,2015-10-13,3.78,3.97,4.04,3.73,108491,104167351.0,7.64,-2.22,-0.09,0.37
187,2015-10-14,3.92,4.07,4.37,3.85,178691,177391767.0,13.1,2.52,0.1,0.6
188,2015-10-15,4.03,4.27,4.28,3.95,125402,123639926.0,8.11,4.91,0.2,0.42
189,2015-10-16,4.32,4.39,4.47,4.09,152677,152623028.0,8.9,2.81,0.12,0.52
190,2015-10-19,4.35,4.11,4.41,4.02,107611,107026081.0,8.88,-6.38,-0.28,0.36
191,2015-10-20,4.17,4.32,4.35,4.08,91554,90977431.0,6.57,5.11,0.21,0.31
192,2015-10-21,4.29,3.45,4.32,3.37,99989,96586010.0,21.99,-20.14,-0.87,0.34
193,2015-10-22,3.56,3.82,3.91,3.35,89205,83583962.0,16.23,10.72,0.37,0.3
194,2015-10-23,3.57,3.98,4.09,3.57,87015,83572450.0,13.61,4.19,0.16,0.29
195,2015-10-26,4.16,4.12,4.25,3.98,86330,85044004.0,6.78,3.52,0.14,0.29
196,2015-10-27,4.04,3.92,4.11,3.57,98192,93356021.0,13.11,-4.85,-0.2,0.33
197,2015-10-28,3.92,3.86,4.1,3.77,110287,106812407.0,8.42,-1.53,-0.06,0.37
198,2015-10-29,3.92,3.84,3.97,3.79,68472,65816730.0,4.66,-0.52,-0.02,0.23
199,2015-10-30,3.75,3.47,3.75,3.29,124982,115063659.0,11.98,-9.64,-0.37,0.42
200,2015-11-02,3.32,3.24,3.46,3.22,62376,56468196.0,6.92,-6.63,-0.23,0.21
201,2015-11-03,3.25,3.29,3.37,3.23,63021,56888119.0,4.32,1.54,0.05,0.21
202,2015-11-04,3.3,3.74,3.75,3.3,130597,120845088.0,13.68,13.68,0.45,0.44
203,2015-11-05,3.68,4.03,4.5,3.67,247104,242141975.0,22.19,7.75,0.29,0.83
204,2015-11-06,4.06,4.29,4.32,3.94,157937,155137515.0,9.43,6.45,0.26,0.53
205,2015-11-09,4.14,4.75,5.12,4.1,251465,262602453.0,23.78,10.72,0.46,0.85
206,2015-11-10,4.69,4.97,5.09,4.45,207723,217990406.0,13.47,4.63,0.22,0.7
207,2015-11-11,4.94,4.79,5.1,4.72,139199,147825479.0,7.65,-3.62,-0.18,0.47
208,2015-11-12,4.77,4.74,5.06,4.68,105893,112012683.0,7.93,-1.04,-0.05,0.36
209,2015-11-13,4.56,4.39,4.71,4.28,82947,84714219.0,9.07,-7.38,-0.35,0.28
210,2015-11-16,4.27,4.52,4.53,4.07,88717,89256746.0,10.48,2.96,0.13,0.3
211,2015-11-17,4.54,4.45,5.02,4.4,140601,146943529.0,13.72,-1.55,-0.07,0.48
212,2015-11-18,4.41,4.35,4.6,4.31,70359,71471961.0,6.52,-2.25,-0.1,0.24
213,2015-11-19,4.27,4.47,4.48,4.26,61634,62383577.0,5.06,2.76,0.12,0.21
214,2015-11-20,4.47,4.52,4.56,4.4,69981,71498406.0,3.58,1.12,0.05,0.24
215,2015-11-23,4.52,4.35,4.73,4.34,75394,77432156.0,8.63,-3.76,-0.17,0.25
216,2015-11-24,4.31,4.22,4.37,4.07,75796,75119885.0,6.9,-2.99,-0.13,0.26
217,2015-11-25,4.21,4.34,4.37,4.18,57023,57144751.0,4.5,2.84,0.12,0.19
218,2015-11-26,4.37,4.64,4.78,4.37,138608,143952917.0,9.45,6.91,0.3,0.47
219,2015-11-27,4.59,3.67,4.77,3.62,118008,118428521.0,24.78,-20.91,-0.97,0.4
220,2015-11-30,3.59,3.62,3.77,3.27,68036,62984933.0,13.62,-1.36,-0.05,0.23
221,2015-12-01,3.62,3.73,3.76,3.48,52907,49575680.0,7.73,3.04,0.11,0.18
222,2015-12-02,3.67,4.04,4.08,3.57,71842,68595215.0,13.67,8.31,0.31,0.24
223,2015-12-03,4.01,4.24,4.57,3.77,97989,97737066.0,19.8,4.95,0.2,0.33
224,2015-12-04,4.17,4.02,4.33,3.84,69387,68161667.0,11.56,-5.19,-0.22,0.23
225,2015-12-07,4.0,3.85,4.06,3.78,83411,80039883.0,6.97,-4.23,-0.17,0.28
226,2015-12-08,3.81,3.52,3.81,3.51,56656,52855790.0,7.79,-8.57,-0.33,0.19
227,2015-12-09,3.47,3.58,3.62,3.44,46005,42654100.0,5.11,1.7,0.06,0.16
228,2015-12-10,3.48,3.53,3.69,3.48,61872,57609176.0,5.87,-1.4,-0.05,0.21
229,2015-12-11,3.47,3.53,3.66,3.3,50814,46691690.0,10.2,0.0,0.0,0.17
230,2015-12-14,3.41,3.85,4.16,3.4,141150,134549962.0,21.53,9.07,0.32,0.48
231,2015-12-15,3.77,3.64,3.83,3.58,79845,75312902.0,6.49,-5.45,-0.21,0.27
232,2015-12-16,3.63,3.73,3.87,3.63,74854,71195151.0,6.59,2.47,0.09,0.25
233,2015-12-17,3.77,4.0,4.14,3.77,99828,96957931.0,9.92,7.24,0.27,0.34
234,2015-12-18,3.92,3.98,4.02,3.81,76442,73654944.0,5.25,-0.5,-0.02,0.26
235,2015-12-21,3.95,4.52,4.67,3.89,203772,206265678.0,19.6,13.57,0.54,0.69
236,2015-12-22,4.5,4.34,4.62,4.24,139499,140992526.0,8.41,-3.98,-0.18,0.47
237,2015-12-23,4.35,4.2,4.43,4.15,103223,103378183.0,6.45,-3.23,-0.14,0.35
238,2015-12-24,4.25,4.1,4.37,4.0,80664,79677060.0,8.81,-2.38,-0.1,0.27
239,2015-12-25,4.1,4.26,4.28,4.03,62123,61507184.0,6.1,3.9,0.16,0.21
240,2015-12-28,4.25,3.8,4.27,3.78,93577,91250051.0,11.5,-10.8,-0.46,0.32
241,2015-12-29,3.65,3.96,4.06,3.65,57636,55121676.0,10.79,4.21,0.16,0.19
242,2015-12-30,3.96,3.92,4.04,3.87,48898,47354762.0,4.29,-1.01,-0.04,0.17
243,2015-12-31,3.95,3.72,4.17,3.67,62488,60284051.0,12.76,-5.1,-0.2,0.21
244,2016-01-04,3.59,2.83,3.85,2.81,67225,62323035.0,27.96,-23.92,-0.89,0.23
245,2016-01-05,2.61,2.97,3.05,2.48,89734,76572258.0,20.14,4.95,0.14,0.3
246,2016-01-06,3.02,3.84,3.84,2.9,232717,217842140.0,31.65,29.29,0.87,0.79
247,2016-01-07,3.76,2.91,3.87,2.88,56670,52643026.0,25.78,-24.22,-0.93,0.19
248,2016-01-08,3.4,3.77,3.77,3.15,205740,192623209.0,21.31,29.55,0.86,0.7
249,2016-01-11,3.77,3.2,3.92,3.16,214537,198274780.0,20.16,-15.12,-0.57,0.72
250,2016-01-12,3.0,3.12,3.26,2.48,128882,110590981.0,24.38,-2.5,-0.08,0.44
251,2016-01-13,3.06,3.02,3.64,2.87,128818,116697216.0,24.68,-3.21,-0.1,0.44
252,2016-01-14,2.5,3.26,3.46,2.5,90750,79584324.0,31.79,7.95,0.24,0.31
253,2016-01-15,2.97,2.7,3.2,2.53,96071,81875283.0,20.55,-17.18,-0.56,0.32
254,2016-01-18,2.47,2.67,2.77,2.17,88753,72917534.0,22.22,-1.11,-0.03,0.3
255,2016-01-19,2.61,2.79,2.97,2.5,99958,85293527.0,17.6,4.49,0.12,0.34
256,2016-01-20,2.92,2.78,3.03,2.52,96918,82780286.0,18.28,-0.36,-0.01,0.33
257,2016-01-21,2.58,2.44,3.02,2.36,103059,87695062.0,23.74,-12.23,-0.34,0.35
258,2016-01-22,2.57,2.78,3.08,2.57,107410,92040817.0,20.9,13.93,0.34,0.36
259,2016-01-25,2.97,3.28,3.48,2.87,145036,130049206.0,21.94,17.99,0.5,0.49
260,2016-01-26,3.16,3.14,3.47,2.97,141386,126788269.0,15.24,-4.27,-0.14,0.48
261,2016-01-27,3.09,3.76,3.78,3.08,184778,171291618.0,22.29,19.75,0.62,0.62
262,2016-01-28,3.48,3.36,3.92,3.35,174510,162915006.0,15.16,-10.64,-0.4,0.59
263,2016-01-29,3.27,3.45,3.64,2.55,118045,104019039.0,32.44,2.68,0.09,0.4
264,2016-02-01,3.29,2.83,3.29,2.59,84634,73239544.0,20.29,-17.97,-0.62,0.29
265,2016-02-02,2.69,2.86,2.95,2.58,100227,85136751.0,13.07,1.06,0.03,0.34
266,2016-02-03,2.68,2.59,2.7,2.4,73099,60334247.0,10.49,-9.44,-0.27,0.25
267,2016-02-04,2.7,2.69,2.74,2.48,124174,103773795.0,10.04,3.86,0.1,0.42
268,2016-02-05,2.63,2.49,2.72,2.47,58380,48663375.0,9.29,-7.43,-0.2,0.2
269,2016-02-15,2.27,2.45,2.53,2.17,56794,45960259.0,14.46,-1.61,-0.04,0.19
270,2016-02-16,2.45,2.69,2.79,2.45,75685,63404204.0,13.88,9.8,0.24,0.26
271,2016-02-17,2.68,2.79,2.86,2.62,68134,57664942.0,8.92,3.72,0.1,0.23
272,2016-02-18,2.95,2.96,3.4,2.85,113243,99554491.0,19.71,6.09,0.17,0.38
273,2016-02-19,2.89,2.85,2.97,2.76,58076,49917416.0,7.09,-3.72,-0.11,0.2
274,2016-02-22,2.94,3.14,3.57,2.87,182088,163096472.0,24.56,10.18,0.29,0.62
275,2016-02-23,2.97,3.44,3.47,2.97,179153,161526396.0,15.92,9.55,0.3,0.61
276,2016-02-24,3.37,3.59,3.85,3.18,154769,143063304.0,19.48,4.36,0.15,0.52
277,2016-02-25,3.54,3.17,3.71,3.08,165154,150580009.0,17.55,-11.7,-0.42,0.56
278,2016-02-26,3.42,4.06,4.06,3.27,268765,257943269.0,24.92,28.08,0.89,0.91
279,2016-02-29,3.96,4.76,5.04,3.34,446133,453516624.0,41.87,17.24,0.7,1.51
280,2016-03-02,4.39,5.81,5.81,4.3,390093,429180064.0,31.72,22.06,1.05,1.32
281,2016-03-03,5.88,5.71,6.37,5.48,349071,403878768.0,15.32,-1.72,-0.1,1.18
282,2016-03-04,5.58,5.31,5.77,5.09,330088,369598496.0,11.91,-7.01,-0.4,1.12
283,2016-03-07,5.56,5.56,5.59,5.06,331388,365102496.0,9.98,4.71,0.25,1.12
284,2016-03-08,5.81,5.21,5.83,4.87,216233,237944073.0,17.27,-6.29,-0.35,0.73
285,2016-03-09,4.45,4.21,4.71,4.12,220348,222752180.0,11.32,-19.19,-1.0,0.74
286,2016-03-10,4.25,4.04,4.42,3.97,150829,150332472.0,10.69,-4.04,-0.17,0.51
287,2016-03-11,4.02,4.58,4.61,3.93,241815,244403574.0,16.83,13.37,0.54,0.82
288,2016-03-14,4.7,5.13,5.5,4.28,296362,314392992.0,26.64,12.01,0.55,1.0
289,2016-03-15,4.82,4.65,5.04,4.57,128668,134698299.0,9.16,-9.36,-0.48,0.43
290,2016-03-16,4.85,4.75,5.07,4.38,140870,147436445.0,14.84,2.15,0.1,0.48
291,2016-03-17,4.84,5.29,5.52,4.76,219476,238812866.0,16.0,11.37,0.54,0.74
292,2016-03-18,5.45,5.3,5.62,5.25,237840,264932244.0,6.99,0.19,0.01,0.8
293,2016-03-21,5.42,5.4,5.45,4.94,279999,307123760.0,9.62,1.89,0.1,0.95
294,2016-03-22,5.21,5.26,5.34,4.98,174843,190860616.0,6.67,-2.59,-0.14,0.59
295,2016-03-23,5.27,5.35,5.55,5.12,206842,229384690.0,8.17,1.71,0.09,0.7
296,2016-03-24,5.12,4.56,5.12,4.5,223185,232721429.0,11.59,-14.77,-0.79,0.75
297,2016-03-25,4.5,4.67,4.76,4.37,112733,116099267.0,8.55,2.41,0.11,0.38
298,2016-03-28,4.67,4.37,4.69,4.31,132051,135069857.0,8.14,-6.42,-0.3,0.45
299,2016-03-29,4.38,4.28,4.56,4.22,143332,144838209.0,7.78,-2.06,-0.09,0.48
300,2016-03-30,4.49,4.54,4.56,4.3,99919,101635018.0,6.07,6.07,0.26,0.34
301,2016-03-31,4.54,4.89,4.94,4.39,250712,261436129.0,12.11,7.71,0.35,0.85
302,2016-04-01,4.82,5.04,5.27,4.79,256938,277329552.0,9.82,3.07,0.15,0.87
303,2016-04-05,4.93,5.09,5.37,4.88,193392,209867317.0,9.72,0.99,0.05,0.65
304,2016-04-06,4.99,4.94,5.08,4.76,114393,121255255.0,6.29,-2.95,-0.15,0.39
305,2016-04-07,4.91,4.77,5.19,4.65,152217,163408069.0,10.93,-3.44,-0.17,0.51
306,2016-04-08,4.57,4.54,4.81,4.37,118771,121809711.0,9.22,-4.82,-0.23,0.4
307,2016-04-11,4.82,5.07,5.56,4.82,219644,240240484.0,16.3,11.67,0.53,0.74
308,2016-04-12,5.21,5.19,5.26,4.72,157894,169280642.0,10.65,2.37,0.12,0.53
309,2016-04-13,5.6,6.08,6.28,5.6,548883,647793184.0,13.1,17.15,0.89,1.85
310,2016-04-14,5.85,5.74,5.95,5.56,224157,256937383.0,6.41,-5.59,-0.34,0.76
311,2016-04-15,5.62,5.59,5.8,5.42,166991,189920198.0,6.62,-2.61,-0.15,0.56
312,2016-04-18,5.47,5.36,5.51,5.05,152104,167025124.0,8.23,-4.11,-0.23,0.51
313,2016-04-19,5.46,5.45,5.59,5.21,106297,118652069.0,7.09,1.68,0.09,0.36
314,2016-04-20,5.56,4.93,5.75,4.64,197658,215136325.0,20.37,-9.54,-0.52,0.67
315,2016-04-21,4.98,5.07,5.37,4.96,171668,186991929.0,8.32,2.84,0.14,0.58
316,2016-04-22,4.85,4.8,5.1,4.57,105621,110812297.0,10.45,-5.33,-0.27,0.36
317,2016-04-25,4.85,5.22,5.24,4.6,123076,132300940.0,13.33,8.75,0.42,0.42
318,2016-04-26,5.3,5.14,5.35,4.89,71444,77376252.0,8.81,-1.53,-0.08,0.24
319,2016-04-27,5.11,4.85,5.2,4.74,123111,130799073.0,8.95,-5.64,-0.29,0.42
320,2016-04-28,4.58,4.79,4.84,4.5,72770,75628457.0,7.01,-1.24,-0.06,0.25
321,2016-04-29,4.68,4.83,4.9,4.62,63646,66945578.0,5.85,0.84,0.04,0.22
322,2016-05-03,4.81,5.08,5.11,4.62,144950,152637068.0,10.14,5.18,0.25,0.49
323,2016-05-04,4.91,4.83,4.97,4.77,91678,97127888.0,3.94,-4.92,-0.25,0.31
324,2016-05-05,4.79,4.84,4.91,4.67,73625,77366560.0,4.97,0.21,0.01,0.25
325,2016-05-06,4.81,4.28,4.87,4.25,105931,108949658.0,12.81,-11.57,-0.56,0.36
326,2016-05-09,4.17,3.28,4.25,3.28,178708,164896357.0,22.66,-23.36,-1.0,0.6
327,2016-05-10,3.2,3.26,3.32,3.12,68797,61620351.0,6.1,-0.61,-0.02,0.23
328,2016-05-11,3.32,3.27,3.36,3.08,81434,73360955.0,8.59,0.31,0.01,0.28
329,2016-05-12,3.05,3.19,3.22,2.92,52398,46267655.0,9.17,-2.45,-0.08,0.18
330,2016-05-13,3.16,3.18,3.32,3.12,56177,50252150.0,6.27,-0.31,-0.01,0.19
331,2016-05-16,3.17,3.2,3.21,2.98,54798,48436642.0,7.23,0.63,0.02,0.19
332,2016-05-17,3.27,3.49,3.62,3.27,132138,121913528.0,10.94,9.06,0.29,0.45
333,2016-05-18,3.37,3.55,3.82,3.28,104747,97265158.0,15.47,1.72,0.06,0.35
334,2016-05-19,3.72,3.46,3.82,3.4,68697,64185469.0,11.83,-2.54,-0.09,0.23
335,2016-05-20,3.35,3.52,3.54,3.15,42753,38970311.0,11.27,1.73,0.06,0.14
336,2016-05-23,3.47,3.55,3.62,3.38,44344,40928914.0,6.82,0.85,0.03,0.15
337,2016-05-24,3.46,3.26,3.47,3.07,66373,59865896.0,11.27,-8.17,-0.29,0.22
338,2016-05-25,3.33,3.46,3.56,3.27,74489,68054285.0,8.9,6.13,0.2,0.25
339,2016-05-26,3.46,3.57,3.61,3.36,88046,81260181.0,7.23,3.18,0.11,0.3
340,2016-05-27,3.55,3.48,3.58,3.38,50010,46048884.0,5.6,-2.52,-0.09,0.17
341,2016-05-30,3.43,3.29,3.44,3.17,41711,37735194.0,7.76,-5.46,-0.19,0.14
342,2016-05-31,3.28,3.58,3.6,3.28,94722,87668195.0,9.73,8.81,0.29,0.32
343,2016-06-01,3.53,3.65,3.79,3.53,97546,91844602.0,7.26,1.96,0.07,0.33
344,2016-06-02,3.67,3.84,4.01,3.65,105822,101597146.0,9.86,5.21,0.19,0.36
345,2016-06-03,3.87,3.77,3.87,3.65,62537,59102844.0,5.73,-1.82,-0.07,0.21
346,2016-06-06,3.8,3.77,3.82,3.62,60797,57374385.0,5.31,0.0,0.0,0.21
347,2016-06-07,3.75,3.7,3.77,3.65,55890,52643231.0,3.18,-1.86,-0.07,0.19
348,2016-06-08,3.65,3.62,3.71,3.57,49775,46531199.0,3.78,-2.16,-0.08,0.17
349,2016-06-13,3.52,3.16,3.55,3.15,50769,46351664.0,11.05,-12.71,-0.46,0.17
350,2016-06-14,3.27,3.1,3.29,3.05,38966,34539798.0,7.59,-1.9,-0.06,0.13
351,2016-06-15,2.93,3.26,3.27,2.92,64795,57600466.0,11.29,5.16,0.16,0.22
352,2016-06-16,3.27,3.11,3.27,3.07,44814,39761514.0,6.13,-4.6,-0.15,0.15
353,2016-06-17,3.22,3.55,3.67,3.21,108547,99705195.0,14.79,14.15,0.44,0.37
354,2016-06-20,3.43,3.49,3.59,3.42,66253,61213483.0,4.79,-1.69,-0.06,0.22
355,2016-06-21,3.54,3.57,3.95,3.52,117360,111344691.0,12.32,2.29,0.08,0.4
356,2016-06-22,3.54,4.5,4.5,3.52,147275,148327681.0,27.45,26.05,0.93,0.5
357,2016-06-23,4.77,4.99,5.28,4.38,233386,247039187.0,20.0,10.89,0.49,0.79
358,2016-06-24,4.87,4.8,5.14,4.38,248158,259089853.0,15.23,-3.81,-0.19,0.84
359,2016-06-27,4.67,5.54,5.85,4.67,258289,290569552.0,24.58,15.42,0.74,0.87
360,2016-06-28,5.25,5.54,6.01,5.11,151154,170319594.0,16.25,0.0,0.0,0.51
361,2016-06-29,5.54,5.23,5.91,5.05,148497,163892430.0,15.52,-5.6,-0.31,0.5
362,2016-06-30,5.12,5.22,5.4,4.99,104037,113840100.0,7.84,-0.19,-0.01,0.35
363,2016-07-01,5.14,5.54,5.66,5.14,125399,140185534.0,9.96,6.13,0.32,0.42
364,2016-07-04,5.58,6.67,6.67,5.53,224598,270551104.0,20.58,20.4,1.13,0.76
365,2016-07-05,6.58,6.66,7.15,6.43,209428,262078458.0,10.79,-0.15,-0.01,0.71
366,2016-07-06,6.78,6.86,7.18,6.32,177942,220430195.0,12.91,3.0,0.2,0.6
367,2016-07-07,6.69,6.68,7.13,6.44,173532,215915498.0,10.06,-2.62,-0.18,0.59
368,2016-07-08,6.56,6.29,6.64,6.16,155486,186603169.0,7.19,-5.84,-0.39,0.53
369,2016-07-11,6.33,7.01,7.18,6.23,294176,366521712.0,15.1,11.45,0.72,0.99
370,2016-07-12,6.98,7.85,8.18,6.8,322820,435501600.0,19.69,11.98,0.84,1.09
371,2016-07-13,7.89,7.69,7.98,7.24,181415,240318827.0,9.43,-2.04,-0.16,0.61
372,2016-07-14,7.66,7.57,7.66,7.28,109905,144436351.0,4.94,-1.56,-0.12,0.37
373,2016-07-15,7.56,7.1,8.06,6.83,249766,324521984.0,16.25,-6.21,-0.47,0.84
374,2016-07-18,6.96,6.69,6.98,6.49,226243,281644048.0,6.9,-5.77,-0.41,0.76
375,2016-07-19,6.76,6.76,6.83,6.48,127587,158391681.0,5.23,1.05,0.07,0.43
376,2016-07-20,6.76,6.55,6.77,6.48,122143,150414686.0,4.29,-3.11,-0.21,0.41
377,2016-07-21,6.58,6.94,7.13,6.53,238007,298639680.0,9.16,5.95,0.39,0.8
378,2016-07-22,6.83,6.73,6.94,6.58,114962,142884982.0,5.19,-3.03,-0.21,0.39
379,2016-07-25,6.76,6.61,7.01,6.48,130606,162828412.0,7.88,-1.78,-0.12,0.44
380,2016-07-26,6.64,6.87,7.03,6.6,138357,173533946.0,6.51,3.93,0.26,0.47
381,2016-07-27,6.78,6.12,6.97,5.71,170099,204676278.0,18.34,-10.92,-0.75,0.57
382,2016-07-28,6.02,6.03,6.28,5.75,112234,131778969.0,8.66,-1.47,-0.09,0.38
383,2016-07-29,5.98,5.54,6.12,5.43,116500,134819826.0,11.44,-8.13,-0.49,0.39
384,2016-08-01,5.51,6.05,6.06,5.48,159428,183506684.0,10.47,9.21,0.51,0.54
385,2016-08-02,6.28,6.16,6.32,5.9,112266,132730309.0,6.94,1.82,0.11,0.38
386,2016-08-03,5.96,5.99,6.15,5.91,89406,105031182.0,3.9,-2.76,-0.17,0.3
387,2016-08-04,6.0,5.9,6.06,5.6,93357,107375236.0,7.68,-1.5,-0.09,0.32
388,2016-08-05,5.86,5.88,5.95,5.76,74942,86893710.0,3.22,-0.34,-0.02,0.25
389,2016-08-08,5.92,7.04,7.04,5.92,282687,349202976.0,19.05,19.73,1.16,0.96
390,2016-08-09,7.01,7.27,7.53,6.85,281624,364537680.0,9.66,3.27,0.23,0.95
391,2016-08-10,7.27,7.49,8.27,7.09,285884,384396240.0,16.23,3.03,0.22,0.97
392,2016-08-11,7.53,7.4,7.61,7.08,176847,230057380.0,7.08,-1.2,-0.09,0.6
393,2016-08-12,7.26,7.56,7.66,7.06,161815,211893584.0,8.11,2.16,0.16,0.55
394,2016-08-15,7.48,7.55,7.91,6.89,260906,343994160.0,13.49,-0.13,-0.01,0.88
395,2016-08-16,7.31,7.8,8.23,7.31,293023,397778672.0,12.19,3.31,0.25,0.99
396,2016-08-17,7.67,7.36,7.67,7.3,152703,201341757.0,4.74,-5.64,-0.44,0.52
397,2016-08-18,7.31,6.85,7.76,6.79,262776,339873968.0,13.18,-6.93,-0.51,0.89
398,2016-08-19,6.84,6.69,6.96,6.5,192238,237578245.0,6.72,-2.34,-0.16,0.65
399,2016-08-22,6.67,6.7,6.82,6.38,172773,212994383.0,6.58,0.15,0.01,0.58
400,2016-08-23,6.58,6.62,6.67,6.43,96311,118148829.0,3.58,-1.19,-0.08,0.33
401,2016-08-24,6.61,6.56,6.73,6.49,67769,83492246.0,3.63,-0.91,-0.06,0.23
402,2016-08-25,6.41,6.63,6.84,6.19,135443,166889498.0,9.91,1.07,0.07,0.46
403,2016-08-26,6.68,6.52,6.77,6.48,100677,124234701.0,4.37,-1.66,-0.11,0.34
404,2016-08-29,6.46,6.57,6.72,6.46,62878,77280197.0,3.99,0.77,0.05,0.21
405,2016-08-30,6.6,6.57,6.7,6.51,62425,77023981.0,2.89,0.0,0.0,0.21
406,2016-08-31,6.59,6.72,6.75,6.53,88772,109839266.0,3.35,2.28,0.15,0.3
407,2016-09-01,6.67,6.38,6.7,6.37,104119,126879562.0,4.91,-5.06,-0.34,0.35
408,2016-09-02,6.31,6.42,6.49,6.23,69628,84249097.0,4.08,0.63,0.04,0.24
409,2016-09-05,6.54,6.63,6.94,6.5,165547,206490755.0,6.85,3.27,0.21,0.56
410,2016-09-06,6.63,6.8,6.9,6.52,113260,140943125.0,5.73,2.56,0.17,0.38
411,2016-09-07,6.72,6.55,6.72,6.38,127985,157369404.0,5.0,-3.68,-0.25,0.43
412,2016-09-08,6.39,6.77,6.78,6.34,122520,151903550.0,6.72,3.36,0.22,0.41
413,2016-09-09,6.77,6.51,6.93,6.45,114322,141610333.0,7.09,-3.84,-0.26,0.39
414,2016-09-12,6.24,5.66,6.24,5.59,126988,147128061.0,9.98,-13.06,-0.85,0.43
415,2016-09-13,5.72,5.63,5.8,5.51,76280,86688137.0,5.12,-0.53,-0.03,0.26
416,2016-09-14,5.51,5.55,5.75,5.44,51432,58098488.0,5.51,-1.42,-0.08,0.17
417,2016-09-19,5.59,5.72,5.76,5.58,52378,59776434.0,3.24,3.06,0.17,0.18
418,2016-09-20,5.79,5.89,5.93,5.66,79973,92309815.0,4.72,2.97,0.17,0.27
419,2016-09-21,5.82,5.75,5.85,5.65,59981,68622583.0,3.4,-2.38,-0.14,0.2
420,2016-09-22,5.83,5.83,6.06,5.79,87568,101748809.0,4.7,1.39,0.08,0.3
421,2016-09-23,5.78,5.82,5.91,5.7,58718,67760178.0,3.6,-0.17,-0.01,0.2
422,2016-09-26,5.82,5.87,6.28,5.7,137181,161134556.0,9.97,0.86,0.05,0.46
423,2016-09-27,5.92,6.0,6.11,5.77,69654,81165311.0,5.79,2.21,0.13,0.24
424,2016-09-28,6.11,6.01,6.11,5.95,41944,49182181.0,2.67,0.17,0.01,0.14
425,2016-09-29,6.16,6.53,6.75,6.16,165216,202586740.0,9.82,8.65,0.52,0.56
426,2016-09-30,6.4,6.73,6.78,6.33,113533,140267790.0,6.89,3.06,0.2,0.38
427,2016-10-10,6.98,6.96,7.38,6.84,132049,168717277.0,8.02,3.42,0.23,0.45
428,2016-10-11,7.11,7.13,7.13,6.83,124495,158296244.0,4.31,2.44,0.17,0.42
429,2016-10-12,7.01,7.03,7.07,6.88,65542,83237013.0,2.66,-1.4,-0.1,0.22
430,2016-10-13,7.11,6.9,7.35,6.85,103243,132195074.0,7.11,-1.85,-0.13,0.35
431,2016-10-14,6.97,6.94,7.02,6.72,61437,77052689.0,4.35,0.58,0.04,0.21
432,2016-10-17,7.08,6.78,7.22,6.68,93632,118615812.0,7.78,-2.31,-0.16,0.32
433,2016-10-18,6.71,6.93,6.94,6.58,99091,123957879.0,5.31,2.21,0.15,0.33
434,2016-10-19,7.19,6.93,7.37,6.83,126493,162220955.0,7.79,0.0,0.0,0.43
435,2016-10-20,6.94,6.78,6.98,6.72,58954,73698160.0,3.75,-2.16,-0.15,0.2
436,2016-10-21,6.73,6.72,6.86,6.58,57730,71866539.0,4.13,-0.88,-0.06,0.2
437,2016-10-24,6.83,7.48,7.86,6.77,292118,382413264.0,16.22,11.31,0.76,0.99
438,2016-10-25,7.48,7.75,7.93,7.26,335496,446759824.0,8.96,3.61,0.27,1.13
439,2016-10-26,7.56,7.38,7.56,7.26,141766,185855025.0,3.87,-4.77,-0.37,0.48
440,2016-10-27,7.2,7.14,7.49,6.93,132261,170631182.0,7.59,-3.25,-0.24,0.45
441,2016-10-28,7.08,7.09,7.25,6.98,98531,126271736.0,3.78,-0.7,-0.05,0.33
442,2016-10-31,6.88,6.92,7.02,6.74,81315,102364385.0,3.95,-2.4,-0.17,0.27
443,2016-11-01,6.86,6.84,7.16,6.75,111543,140891835.0,5.92,-1.16,-0.08,0.38
444,2016-11-02,6.88,6.74,7.12,6.69,121660,153189699.0,6.29,-1.46,-0.1,0.41
445,2016-11-03,6.7,6.87,6.95,6.64,118542,148459952.0,4.6,1.93,0.13,0.4
446,2016-11-04,6.91,6.91,7.07,6.71,155509,196132983.0,5.24,0.58,0.04,0.53
447,2016-11-07,7.02,7.19,7.56,7.02,224521,290800848.0,7.81,4.05,0.28,0.76
448,2016-11-08,7.08,7.01,7.24,6.93,164079,209729883.0,4.31,-2.5,-0.18,0.55
449,2016-11-09,6.96,7.0,7.23,6.73,158872,201685670.0,7.13,-0.14,-0.01,0.54
450,2016-11-10,7.1,7.13,7.32,6.99,143010,184013119.0,4.71,1.86,0.13,0.48
451,2016-11-11,7.18,7.66,7.93,6.95,343236,454146336.0,13.74,7.43,0.53,1.16
452,2016-11-14,7.36,8.08,8.48,7.31,339851,465932096.0,15.27,5.48,0.42,1.15
453,2016-11-15,7.93,7.63,8.16,7.53,189794,256863356.0,7.8,-5.57,-0.45,0.64
454,2016-11-16,7.58,7.51,7.72,7.38,109694,144952619.0,4.46,-1.57,-0.12,0.37
455,2016-11-17,7.43,7.55,7.63,7.34,90356,119503507.0,3.86,0.53,0.04,0.31
456,2016-11-18,7.54,7.29,7.55,7.23,90442,118335683.0,4.24,-3.44,-0.26,0.31
457,2016-11-21,7.24,7.37,7.54,7.24,74036,96882684.0,4.12,1.1,0.08,0.25
458,2016-11-22,7.44,7.57,7.72,7.35,187201,247683015.0,5.02,2.71,0.2,0.63
459,2016-11-23,7.51,7.27,7.52,7.26,132329,173161117.0,3.43,-3.96,-0.3,0.45
460,2016-11-24,7.46,6.89,7.98,6.83,224915,291500560.0,15.82,-5.23,-0.38,0.76
461,2016-11-25,6.88,6.94,6.95,6.43,134323,167031174.0,7.55,0.73,0.05,0.45
462,2016-11-28,6.92,6.94,7.03,6.65,141940,178710534.0,5.48,0.0,0.0,0.48
463,2016-11-29,6.78,6.56,6.86,6.55,125611,155704470.0,4.47,-5.48,-0.38,0.42
464,2016-11-30,6.5,6.07,6.54,5.98,161793,192969065.0,8.54,-7.47,-0.49,0.55
465,2016-12-01,6.11,6.07,6.24,5.98,123032,145166358.0,4.28,0.0,0.0,0.42
466,2016-12-02,6.09,5.86,6.17,5.74,126928,148208534.0,7.08,-3.46,-0.21,0.43
467,2016-12-05,5.76,5.97,6.02,5.7,79254,92390773.0,5.46,1.88,0.11,0.27
468,2016-12-06,5.98,5.95,6.06,5.92,66383,77706996.0,2.35,-0.34,-0.02,0.22
469,2016-12-07,5.93,6.22,6.23,5.93,83520,98999940.0,5.04,4.54,0.27,0.28
470,2016-12-08,6.22,6.07,6.22,5.98,61734,72982747.0,3.86,-2.41,-0.15,0.21
471,2016-12-09,6.03,6.04,6.08,5.97,40535,47572153.0,1.81,-0.49,-0.03,0.14
472,2016-12-12,6.08,5.47,6.14,5.46,83061,95141794.0,11.26,-9.44,-0.57,0.28
473,2016-12-13,5.4,5.36,5.43,5.14,72508,79953046.0,5.3,-2.01,-0.11,0.24
474,2016-12-14,5.35,5.3,5.44,5.22,60877,67247245.0,4.1,-1.12,-0.06,0.21
475,2016-12-15,5.27,5.39,5.48,5.24,47981,53285495.0,4.53,1.7,0.09,0.16
476,2016-12-16,5.41,5.42,5.46,5.36,28071,31236702.0,1.86,0.56,0.03,0.09
477,2016-12-19,5.46,5.46,5.52,5.39,37789,42261420.0,2.4,0.74,0.04,0.13
478,2016-12-20,5.46,5.3,5.46,5.2,56582,62222842.0,4.76,-2.93,-0.16,0.19
479,2016-12-21,5.32,5.41,5.46,5.28,82189,91153350.0,3.4,2.08,0.11,0.28
480,2016-12-22,5.42,5.33,5.43,5.27,43573,48084202.0,2.96,-1.48,-0.08,0.15
481,2016-12-23,5.29,4.98,5.33,4.95,67094,72567913.0,7.13,-6.57,-0.35,0.23
482,2016-12-26,4.96,4.8,4.96,4.49,76446,79451065.0,9.44,-3.61,-0.18,0.26
483,2016-12-27,4.78,5.06,5.09,4.72,78047,82847200.0,7.71,5.42,0.26,0.26
484,2016-12-28,5.03,4.91,5.13,4.9,71302,76585574.0,4.55,-2.96,-0.15,0.24
485,2016-12-29,4.99,5.06,5.24,4.99,68798,74479599.0,5.09,3.05,0.15,0.23
486,2016-12-30,5.04,5.14,5.23,4.98,35316,38222710.0,4.94,1.58,0.08,0.12
487,2017-01-03,5.08,5.16,5.21,5.06,48971,53216061.0,2.92,0.39,0.02,0.17
488,2017-01-04,5.16,5.18,5.21,5.03,68353,74005777.0,3.49,0.39,0.02,0.23
489,2017-01-05,5.18,5.32,5.39,5.17,72001,79285231.0,4.25,2.7,0.14,0.24
490,2017-01-06,5.28,5.01,5.32,4.97,87335,94321781.0,6.58,-5.83,-0.31,0.3
491,2017-01-09,4.96,5.08,5.12,4.95,56346,60812270.0,3.39,1.4,0.07,0.19
492,2017-01-10,5.07,5.23,5.35,5.07,69564,76041161.0,5.51,2.95,0.15,0.24
493,2017-01-11,5.17,5.09,5.43,5.06,70459,77505532.0,7.07,-2.68,-0.14,0.24
494,2017-01-12,5.08,4.88,5.16,4.86,47174,50581420.0,5.89,-4.13,-0.21,0.16
495,2017-01-13,4.88,4.84,4.96,4.74,39753,42078083.0,4.51,-0.82,-0.04,0.13
496,2017-01-16,4.89,4.6,5.04,4.2,83271,87034728.0,17.36,-4.96,-0.24,0.28
497,2017-01-17,4.6,4.67,4.72,4.48,41392,42819244.0,5.22,1.52,0.07,0.14
498,2017-01-18,4.71,4.82,4.87,4.63,43517,45760654.0,5.14,3.21,0.15,0.15
499,2017-01-19,4.77,4.8,4.9,4.71,39760,41984407.0,3.94,-0.41,-0.02,0.13
500,2017-01-20,4.82,4.92,4.93,4.78,37933,40182393.0,3.13,2.5,0.12,0.13
501,2017-01-23,4.93,5.11,5.14,4.9,50049,53854011.0,4.88,3.86,0.19,0.17
502,2017-01-24,5.1,5.1,5.22,5.0,60954,66029900.0,4.31,-0.2,-0.01,0.21
503,2017-01-25,5.11,5.06,5.22,5.02,41072,44392029.0,3.92,-0.78,-0.04,0.14
504,2017-01-26,5.09,5.18,5.21,5.08,54228,58964884.0,2.57,2.37,0.12,0.18
505,2017-02-03,5.25,5.08,5.27,5.01,47841,51855950.0,5.02,-1.93,-0.1,0.16
506,2017-02-06,5.08,5.08,5.13,4.93,41422,44581752.0,3.94,0.0,0.0,0.14
507,2017-02-07,5.04,5.03,5.1,4.96,42697,45904323.0,2.76,-0.98,-0.05,0.14
508,2017-02-08,5.03,5.21,5.22,4.94,52674,56888153.0,5.57,3.58,0.18,0.18
509,2017-02-09,5.2,5.18,5.21,5.09,83192,90467773.0,2.3,-0.58,-0.03,0.28
510,2017-02-10,5.2,5.46,5.61,5.16,176636,195513643.0,8.69,5.41,0.28,0.6
511,2017-02-13,5.57,5.51,5.83,5.42,197740,223865863.0,7.51,0.92,0.05,0.67
512,2017-02-14,5.44,5.54,5.56,5.36,94799,105868791.0,3.63,0.54,0.03,0.32
513,2017-02-15,5.47,5.34,5.52,5.32,106122,117984810.0,3.61,-3.61,-0.2,0.36
514,2017-02-16,5.35,5.53,5.66,5.35,147059,165562170.0,5.81,3.56,0.19,0.5
515,2017-02-17,5.53,5.25,5.56,5.25,99969,110807048.0,5.61,-5.06,-0.28,0.34
516,2017-02-20,5.31,5.39,5.4,5.22,97860,107956188.0,3.43,2.67,0.14,0.33
517,2017-02-21,5.43,5.5,5.86,5.31,190166,213493051.0,10.2,2.04,0.11,0.64
518,2017-02-22,5.48,5.47,5.54,5.38,121761,136124173.0,2.91,-0.55,-0.03,0.41
519,2017-02-23,5.48,5.43,5.56,5.34,93072,103941885.0,4.02,-0.73,-0.04,0.31
520,2017-02-24,5.4,5.16,5.42,5.06,154818,168759717.0,6.63,-4.97,-0.27,0.52
521,2017-02-27,5.16,5.01,5.22,4.97,101741,110121306.0,4.84,-2.91,-0.15,0.34
522,2017-02-28,5.01,5.1,5.13,4.99,86052,92749380.0,2.79,1.8,0.09,0.29
523,2017-03-01,5.1,5.11,5.2,5.03,97235,105497944.0,3.33,0.2,0.01,0.33
524,2017-03-02,5.11,5.03,5.18,5.0,65030,70220804.0,3.52,-1.57,-0.08,0.22
525,2017-03-03,4.95,4.82,4.95,4.7,118872,124997599.0,4.97,-4.17,-0.21,0.4
526,2017-03-06,4.83,4.98,5.06,4.83,110183,117701238.0,4.77,3.32,0.16,0.37
527,2017-03-07,4.99,4.93,5.01,4.87,71702,76311942.0,2.81,-1.0,-0.05,0.24
528,2017-03-08,4.9,4.78,4.92,4.71,78819,82937356.0,4.26,-3.04,-0.15,0.27
529,2017-03-09,4.71,4.57,4.71,4.43,113736,116818505.0,5.86,-4.39,-0.21,0.38
530,2017-03-10,4.59,4.54,4.64,4.5,52282,53830228.0,3.06,-0.66,-0.03,0.18
531,2017-03-13,4.54,4.7,4.75,4.44,86119,89231686.0,6.83,3.52,0.16,0.29
532,2017-03-14,4.71,4.82,4.96,4.66,124933,132022283.0,6.38,2.55,0.12,0.42
533,2017-03-15,4.87,5.08,5.13,4.83,203171,218620098.0,6.22,5.39,0.26,0.69
534,2017-03-16,5.12,5.16,5.39,5.05,214775,234499523.0,6.69,1.57,0.08,0.73
535,2017-03-17,5.13,4.97,5.27,4.95,133263,143740631.0,6.2,-3.68,-0.19,0.45
536,2017-03-20,5.77,5.34,5.95,5.16,375734,417465648.0,15.9,7.44,0.37,1.27
537,2017-03-21,5.18,5.06,5.27,5.03,200227,216770420.0,4.49,-5.24,-0.28,0.68
538,2017-03-22,4.92,4.85,4.94,4.74,144735,152998134.0,3.95,-4.15,-0.21,0.49
539,2017-03-23,4.83,5.06,5.14,4.83,131135,140652537.0,6.39,4.33,0.21,0.44
540,2017-03-24,5.03,5.06,5.12,4.94,72942,78253634.0,3.56,0.0,0.0,0.25
541,2017-03-27,5.09,5.12,5.24,5.06,122853,133367618.0,3.56,1.19,0.06,0.42
542,2017-03-28,5.18,5.01,5.19,4.97,66161,71445703.0,4.3,-2.15,-0.11,0.22
543,2017-03-29,5.06,5.27,5.39,5.05,229254,252166355.0,6.79,5.19,0.26,0.77
544,2017-03-30,5.18,5.43,5.63,5.18,259043,288665616.0,8.54,3.04,0.16,0.88
545,2017-03-31,5.36,5.68,5.74,5.31,203099,228774873.0,7.92,4.6,0.25,0.69
546,2017-04-05,5.78,5.65,6.02,5.64,261707,301964688.0,6.69,-0.53,-0.03,0.88
547,2017-04-06,5.64,6.08,6.1,5.58,227372,263242656.0,9.2,7.61,0.43,0.77
548,2017-04-07,6.06,6.08,6.2,5.88,147001,172868176.0,5.26,0.0,0.0,0.5
549,2017-04-10,6.08,6.06,6.2,5.93,101061,119003800.0,4.44,-0.33,-0.02,0.34
550,2017-04-11,5.98,6.04,6.11,5.63,168495,194784327.0,7.92,-0.33,-0.02,0.57
551,2017-04-12,5.96,6.11,6.22,5.74,152528,179146061.0,7.95,1.16,0.07,0.52
552,2017-04-13,6.13,6.25,6.36,6.03,162300,193991693.0,5.4,2.29,0.14,0.55
553,2017-04-14,6.21,5.95,6.33,5.94,104801,123955298.0,6.24,-4.8,-0.3,0.35
554,2017-04-17,5.91,5.54,5.93,5.44,94965,108300738.0,8.24,-6.89,-0.41,0.32
555,2017-04-18,5.64,5.83,6.02,5.54,98818,114066528.0,8.66,5.23,0.29,0.33
556,2017-04-19,5.75,5.52,5.84,5.33,80370,90472634.0,8.75,-5.32,-0.31,0.27
557,2017-04-20,5.67,5.72,5.87,5.6,121053,138251300.0,4.89,3.62,0.2,0.41
558,2017-04-21,5.79,6.0,6.23,5.76,156177,183942177.0,8.22,4.9,0.28,0.53
559,2017-04-24,6.08,5.69,6.21,5.59,146694,170824206.0,10.33,-5.17,-0.31,0.5
560,2017-04-25,5.51,5.96,6.07,5.5,110810,127441941.0,10.02,4.75,0.27,0.37
561,2017-04-26,5.9,5.92,6.14,5.76,114243,133283969.0,6.38,-0.67,-0.04,0.39
562,2017-04-27,5.86,5.83,5.92,5.48,78693,90237487.0,7.43,-1.52,-0.09,0.27
563,2017-04-28,5.78,6.09,6.21,5.76,157939,186214732.0,7.72,4.46,0.26,0.53
564,2017-05-02,6.16,6.25,6.27,6.04,162625,193457655.0,3.78,2.63,0.16,0.55
565,2017-05-03,6.13,6.07,6.2,5.93,86670,102129682.0,4.32,-2.88,-0.18,0.29
566,2017-05-04,5.95,6.2,6.23,5.73,160068,187231381.0,8.24,2.14,0.13,0.54
567,2017-05-05,6.08,5.51,6.09,5.48,158319,182340790.0,9.84,-11.13,-0.69,0.53
568,2017-05-08,5.35,4.58,5.39,4.52,190850,202694579.0,15.79,-16.88,-0.93,0.64
569,2017-05-09,4.4,4.67,4.75,4.4,66718,69027163.0,7.64,1.97,0.09,0.23
570,2017-05-10,4.68,4.48,4.73,4.42,49456,51092631.0,6.64,-4.07,-0.19,0.17
571,2017-05-11,4.31,4.38,4.45,4.23,63123,63686017.0,4.91,-2.23,-0.1,0.21
572,2017-05-12,4.36,4.57,4.67,4.34,50010,51216782.0,7.53,4.34,0.19,0.17
573,2017-05-15,4.53,4.63,4.67,4.51,43301,44701126.0,3.5,1.31,0.06,0.15
574,2017-05-16,4.63,4.79,4.8,4.5,57922,60239942.0,6.48,3.46,0.16,0.2
575,2017-05-17,4.79,4.69,4.91,4.65,73196,76693767.0,5.43,-2.09,-0.1,0.25
576,2017-05-18,4.6,4.75,4.9,4.59,61095,64155340.0,6.61,1.28,0.06,0.21
577,2017-05-19,4.75,4.66,4.8,4.61,33603,34983881.0,4.0,-1.89,-0.09,0.11
578,2017-05-22,4.66,4.74,4.95,4.62,69631,73184382.0,7.08,1.72,0.08,0.24
579,2017-05-23,4.74,4.55,4.82,4.51,67005,69396273.0,6.54,-4.01,-0.19,0.23
580,2017-05-24,4.51,4.6,4.62,4.36,58223,59384340.0,5.71,1.1,0.05,0.2
581,2017-05-25,4.55,4.92,4.92,4.52,90052,94438222.0,8.7,6.96,0.32,0.3
582,2017-05-26,4.93,4.88,5.05,4.85,66399,70929269.0,4.07,-0.81,-0.04,0.22
583,2017-05-31,5.04,4.75,5.08,4.74,64268,68350976.0,6.97,-2.66,-0.13,0.22
584,2017-06-01,4.7,4.68,4.85,4.64,56242,58872818.0,4.42,-1.47,-0.07,0.19
585,2017-06-02,4.63,5.08,5.16,4.58,92012,98297778.0,12.39,8.55,0.4,0.31
586,2017-06-05,5.04,5.19,5.33,5.02,73112,79961883.0,6.1,2.17,0.11,0.25
587,2017-06-06,5.18,5.25,5.31,5.08,54693,59848601.0,4.43,1.16,0.06,0.18
588,2017-06-07,5.24,5.36,5.42,5.2,74503,82319387.0,4.19,2.1,0.11,0.25
589,2017-06-08,5.38,5.29,5.39,5.15,52174,57374268.0,4.48,-1.31,-0.07,0.18
590,2017-06-09,5.28,5.23,5.32,5.13,57559,63010710.0,3.59,-1.13,-0.06,0.19
591,2017-06-12,5.2,5.42,5.56,5.19,83263,92444961.0,7.07,3.63,0.19,0.28
592,2017-06-13,5.42,6.0,6.25,5.38,192172,223476323.0,16.05,10.7,0.58,0.65
593,2017-06-14,5.98,5.98,6.13,5.79,103779,121191269.0,5.67,-0.33,-0.02,0.35
594,2017-06-15,5.9,5.91,6.03,5.86,49926,58170095.0,2.84,-1.17,-0.07,0.17
595,2017-06-16,5.94,5.88,6.13,5.87,65151,76371528.0,4.4,-0.51,-0.03,0.22
596,2017-06-19,5.92,6.05,6.22,5.83,105675,124438809.0,6.63,2.89,0.17,0.36
597,2017-06-20,6.04,6.06,6.13,5.88,69554,81667599.0,4.13,0.17,0.01,0.23
598,2017-06-21,6.09,6.02,6.09,5.89,44383,51877550.0,3.3,-0.66,-0.04,0.15
599,2017-06-22,6.08,5.89,6.33,5.84,107371,127511098.0,8.14,-2.16,-0.13,0.36
600,2017-06-23,5.83,6.15,6.2,5.73,93876,110013053.0,7.98,4.41,0.26,0.32
601,2017-06-26,6.17,6.61,6.7,6.05,225052,272987280.0,10.57,7.48,0.46,0.76
602,2017-06-27,6.62,6.58,6.75,6.48,159684,197121676.0,4.08,-0.45,-0.03,0.54
603,2017-06-28,6.5,6.61,6.69,6.44,95145,116855213.0,3.8,0.46,0.03,0.32
604,2017-06-29,6.59,6.66,6.98,6.59,128036,160104277.0,5.9,0.76,0.05,0.43
605,2017-06-30,6.7,6.52,6.7,6.39,94776,116060755.0,4.65,-2.1,-0.14,0.32
606,2017-07-03,6.51,6.8,6.9,6.43,158727,197402465.0,7.21,4.29,0.28,0.54
607,2017-07-04,6.77,6.57,6.79,6.42,117438,144363809.0,5.44,-3.38,-0.23,0.4
608,2017-07-05,6.65,6.86,7.02,6.58,169600,212714830.0,6.7,4.41,0.29,0.57
609,2017-07-06,7.07,7.28,7.59,7.01,314784,408133888.0,8.45,6.12,0.42,1.06
610,2017-07-07,7.23,7.53,7.6,6.94,242746,315931008.0,9.07,3.43,0.25,0.82
611,2017-07-10,7.33,7.4,7.81,7.3,216462,286289744.0,6.77,-1.73,-0.13,0.73
612,2017-07-11,7.46,6.96,7.49,6.95,175124,225203658.0,7.3,-5.95,-0.44,0.59
613,2017-07-12,6.96,7.32,7.36,6.72,167541,213604907.0,9.2,5.17,0.36,0.57
614,2017-07-13,7.18,7.28,7.59,7.18,187727,246029804.0,5.6,-0.55,-0.04,0.63
615,2017-07-14,7.23,7.42,7.51,7.07,119537,155098754.0,6.04,1.92,0.14,0.4
616,2017-07-17,7.39,7.61,7.96,6.75,333557,439881120.0,16.31,2.56,0.19,1.13
617,2017-07-18,7.42,8.07,8.19,7.42,262124,352610848.0,10.12,6.04,0.46,0.89
618,2017-07-19,8.06,8.83,8.95,8.0,465657,660441888.0,11.77,9.42,0.76,1.57
619,2017-07-20,8.75,8.74,8.8,8.42,246891,350960560.0,4.3,-1.02,-0.09,0.83
620,2017-07-21,8.57,8.96,9.36,8.57,291693,424739824.0,9.04,2.52,0.22,0.99
621,2017-07-24,8.82,8.41,9.09,8.25,346155,489401680.0,9.38,-6.14,-0.55,1.17
622,2017-07-25,8.41,8.46,8.59,8.16,203786,284387168.0,5.11,0.59,0.05,0.69
623,2017-07-26,8.48,8.35,8.5,8.25,219446,306489568.0,2.96,-1.3,-0.11,0.74
624,2017-07-27,8.34,7.62,8.35,7.41,379619,509968384.0,11.26,-8.74,-0.73,1.28
625,2017-07-28,7.6,7.75,7.85,7.43,204646,272513088.0,5.51,1.71,0.13,0.69
626,2017-07-31,7.76,8.66,8.95,7.76,472040,658962688.0,15.35,11.74,0.91,1.59
627,2017-08-01,8.61,8.17,8.64,7.95,327408,450308592.0,7.97,-5.66,-0.49,1.11
628,2017-08-02,8.15,8.11,8.79,8.0,419684,585929632.0,9.67,-0.73,-0.06,1.42
629,2017-08-03,7.96,8.19,8.22,7.76,254720,346141424.0,5.67,0.99,0.08,0.86
630,2017-08-04,8.12,8.17,8.88,8.1,460548,649191520.0,9.52,-0.24,-0.02,1.56
631,2017-08-07,8.2,8.24,8.3,7.49,339636,458195952.0,9.91,0.86,0.07,1.15
632,2017-08-08,8.27,7.97,8.49,7.91,307373,426019520.0,7.04,-3.28,-0.27,1.04
633,2017-08-09,8.02,8.62,8.68,7.8,489770,681930624.0,11.04,8.16,0.65,1.65
634,2017-08-10,8.46,8.17,8.48,7.95,331857,456644352.0,6.15,-5.22,-0.45,1.12
635,2017-08-11,7.92,6.94,8.15,6.84,386084,502011904.0,16.03,-15.06,-1.23,1.3
636,2017-08-14,6.86,7.01,7.15,6.78,189845,238943490.0,5.33,1.01,0.07,0.64
637,2017-08-15,6.99,6.9,7.05,6.78,154898,193613702.0,3.85,-1.57,-0.11,0.52
638,2017-08-16,6.92,6.8,7.03,6.61,151425,187524031.0,6.09,-1.45,-0.1,0.51
639,2017-08-17,7.0,7.14,7.19,6.96,207877,263388032.0,3.38,5.0,0.34,0.7
640,2017-08-18,7.02,7.09,7.18,6.92,117123,148511558.0,3.64,-0.7,-0.05,0.4
641,2017-08-21,7.04,7.2,7.32,7.03,147054,187940614.0,4.09,1.55,0.11,0.5
642,2017-08-22,7.12,7.08,7.2,6.93,135750,171587308.0,3.75,-1.67,-0.12,0.46
643,2017-08-23,6.91,6.65,6.98,6.52,170917,210287233.0,6.5,-6.07,-0.43,0.58
644,2017-08-24,6.68,6.64,6.85,6.6,95304,117252067.0,3.76,-0.15,-0.01,0.32
645,2017-08-25,6.83,7.15,7.23,6.77,256344,323918032.0,6.93,7.68,0.51,0.87
646,2017-08-28,7.18,7.39,7.45,7.09,245729,316363648.0,5.03,3.36,0.24,0.83
647,2017-08-29,7.32,7.29,7.64,7.2,183067,237899579.0,5.95,-1.35,-0.1,0.62
648,2017-08-30,7.26,7.71,7.85,7.11,297334,392583824.0,10.15,5.76,0.42,1.0
649,2017-08-31,7.7,7.89,7.93,7.53,243193,324310192.0,5.19,2.33,0.18,0.82
650,2017-09-01,8.08,8.35,8.84,8.08,532193,747353200.0,9.63,5.83,0.46,1.8
651,2017-09-04,8.51,8.25,8.7,7.99,267660,370265216.0,8.5,-1.2,-0.1,0.9
652,2017-09-05,8.07,8.2,8.33,7.93,180545,247820104.0,4.85,-0.61,-0.05,0.61
653,2017-09-06,8.07,8.04,8.31,8.01,147845,203022887.0,3.66,-1.95,-0.16,0.5
654,2017-09-07,7.98,7.78,8.15,7.72,157723,212592694.0,5.35,-3.23,-0.26,0.53
655,2017-09-08,7.96,7.88,8.18,7.8,177008,240321437.0,4.88,1.29,0.1,0.6
656,2017-09-11,7.73,8.37,8.38,7.67,207305,284131616.0,9.01,6.22,0.49,0.7
657,2017-09-12,8.38,8.21,8.7,8.16,289343,406522896.0,6.45,-1.91,-0.16,0.98
658,2017-09-13,8.14,8.22,8.44,8.08,141470,196090596.0,4.38,0.12,0.01,0.48
659,2017-09-14,8.22,7.88,8.34,7.78,197764,267705718.0,6.81,-4.14,-0.34,0.67
660,2017-09-15,7.81,7.31,7.86,7.18,221130,287927216.0,8.63,-7.23,-0.57,0.75
661,2017-09-18,7.26,7.33,7.5,7.15,112629,145436947.0,4.79,0.27,0.02,0.38
662,2017-09-19,7.38,7.35,7.49,7.24,100366,130055611.0,3.41,0.27,0.02,0.34
663,2017-09-20,7.37,7.69,7.71,7.27,139217,183155077.0,5.99,4.63,0.34,0.47
664,2017-09-21,7.66,7.31,7.66,7.3,97384,127448050.0,4.68,-4.94,-0.38,0.33
665,2017-09-22,7.21,7.22,7.36,7.01,119403,152689709.0,4.79,-1.23,-0.09,0.4
666,2017-09-25,7.13,7.15,7.26,7.05,76745,97810003.0,2.91,-0.97,-0.07,0.26
667,2017-09-26,7.2,7.48,7.5,7.2,93367,121572787.0,4.2,4.62,0.33,0.32
668,2017-09-27,7.53,7.57,7.76,7.44,90658,119734316.0,4.28,1.2,0.09,0.31
669,2017-09-28,7.53,7.43,7.58,7.29,83451,108713469.0,3.83,-1.85,-0.14,0.28
670,2017-09-29,7.4,7.44,7.58,7.28,74738,97142001.0,4.04,0.13,0.01,0.25
671,2017-10-09,7.6,7.46,7.69,7.43,103011,135736586.0,3.49,0.27,0.02,0.35
672,2017-10-10,7.37,7.19,7.4,7.02,91309,116596800.0,5.09,-3.62,-0.27,0.31
673,2017-10-11,7.21,7.26,7.33,7.11,64753,83073459.0,3.06,0.97,0.07,0.22
674,2017-10-12,7.26,6.95,7.27,6.64,165438,206368278.0,8.68,-4.27,-0.31,0.56
675,2017-10-13,6.94,6.98,7.05,6.83,86069,108063290.0,3.17,0.43,0.03,0.29
676,2017-10-16,7.08,7.0,7.09,6.85,96918,121737555.0,3.44,0.29,0.02,0.33
677,2017-10-17,6.83,6.88,6.95,6.82,51403,64216951.0,1.86,-1.71,-0.12,0.17
678,2017-10-18,6.9,6.65,6.95,6.62,63321,78354280.0,4.8,-3.34,-0.23,0.21
679,2017-10-19,6.46,6.35,6.63,6.33,76970,92735948.0,4.51,-4.51,-0.3,0.26
680,2017-10-20,6.3,6.56,6.59,6.3,57799,69904789.0,4.57,3.31,0.21,0.2
681,2017-10-23,6.57,6.63,6.68,6.48,70103,85347022.0,3.05,1.07,0.07,0.24
682,2017-10-24,6.57,6.61,6.71,6.49,39000,47598902.0,3.32,-0.3,-0.02,0.13
683,2017-10-25,6.63,6.71,6.76,6.59,43112,53066341.0,2.57,1.51,0.1,0.15
684,2017-10-26,6.8,6.8,6.9,6.72,75824,94147305.0,2.68,1.34,0.09,0.26
685,2017-10-27,6.85,6.72,6.92,6.67,71076,87969569.0,3.68,-1.18,-0.08,0.24
686,2017-10-30,6.75,6.35,6.78,6.29,80211,96155943.0,7.29,-5.51,-0.37,0.27
687,2017-10-31,6.37,6.35,6.52,6.21,84967,101465304.0,4.88,0.0,0.0,0.29
688,2017-11-01,6.39,6.37,6.47,6.33,82272,98671583.0,2.2,0.31,0.02,0.28
689,2017-11-02,6.46,6.65,6.7,6.46,110792,135238026.0,3.77,4.4,0.28,0.37
690,2017-11-03,6.65,6.36,6.68,6.23,86990,104320156.0,6.77,-4.36,-0.29,0.29
691,2017-11-06,6.36,6.59,6.6,6.1,84946,101636558.0,7.86,3.62,0.23,0.29
692,2017-11-07,6.6,6.9,6.98,6.47,183931,227933894.0,7.74,4.7,0.31,0.62
693,2017-11-08,6.85,7.01,7.07,6.82,141272,177631484.0,3.62,1.59,0.11,0.48
694,2017-11-09,7.1,7.06,7.37,6.95,149635,191436132.0,5.99,0.71,0.05,0.51
695,2017-11-10,7.03,6.86,7.03,6.75,96053,119592553.0,3.97,-2.83,-0.2,0.32
696,2017-11-13,6.87,7.14,7.18,6.87,134561,170056519.0,4.52,4.08,0.28,0.45
697,2017-11-14,7.16,7.4,7.61,7.08,252140,327363264.0,7.42,3.64,0.26,0.85
698,2017-11-15,7.29,7.42,7.65,7.21,201376,263598569.0,5.95,0.27,0.02,0.68
699,2017-11-16,7.36,7.25,7.52,7.24,104547,135670504.0,3.77,-2.29,-0.17,0.35
700,2017-11-17,7.2,6.9,7.48,6.85,134491,169605613.0,8.69,-4.83,-0.35,0.45
701,2017-11-20,6.91,7.72,7.74,6.82,222902,289297936.0,13.33,11.88,0.82,0.75
702,2017-11-21,7.69,7.78,7.85,7.56,247886,329123648.0,3.76,0.78,0.06,0.84
703,2017-11-22,7.85,7.84,7.99,7.48,170967,227550604.0,6.56,0.77,0.06,0.58
704,2017-11-23,7.89,7.71,8.34,7.68,293196,400462160.0,8.42,-1.66,-0.13,0.99
705,2017-11-24,7.61,7.88,8.0,7.23,175347,231411128.0,9.99,2.2,0.17,0.59
706,2017-11-27,7.96,7.4,8.25,7.37,204592,273975616.0,11.17,-6.09,-0.48,0.69
707,2017-11-28,7.47,8.21,8.27,7.26,243479,327376816.0,13.65,10.95,0.81,0.82
708,2017-11-29,8.1,8.49,8.63,8.06,395534,553399056.0,6.94,3.41,0.28,1.34
709,2017-11-30,8.49,8.34,8.75,8.2,238194,334062464.0,6.48,-1.77,-0.15,0.8
710,2017-12-01,8.36,8.29,8.39,7.94,258742,354327696.0,5.4,-0.6,-0.05,0.87
711,2017-12-04,8.37,8.14,8.59,8.07,255343,356278480.0,6.27,-1.81,-0.15,0.86
712,2017-12-05,8.07,7.69,8.07,7.55,209961,282152336.0,6.39,-5.53,-0.45,0.71
713,2017-12-06,7.52,7.69,7.76,7.24,198437,259687213.0,6.76,0.0,0.0,0.67
714,2017-12-07,7.5,7.02,7.75,6.99,156775,204231971.0,9.88,-8.71,-0.67,0.53
715,2017-12-08,7.03,7.53,7.6,6.78,234493,299374336.0,11.68,7.26,0.51,0.79
716,2017-12-11,7.53,7.75,7.77,7.26,198537,258737967.0,6.77,2.92,0.22,0.67
717,2017-12-12,7.58,7.44,7.76,7.42,152729,201625705.0,4.39,-4.0,-0.31,0.52
718,2017-12-13,7.33,7.95,7.96,7.29,155187,206613760.0,9.01,6.85,0.51,0.52
719,2017-12-14,7.88,7.89,7.99,7.73,114464,154178159.0,3.27,-0.75,-0.06,0.39
720,2017-12-15,7.88,7.74,7.88,7.4,143002,188503687.0,6.08,-1.9,-0.15,0.48
721,2017-12-18,7.86,8.57,8.6,7.67,331426,458274592.0,12.02,10.72,0.83,1.12
722,2017-12-19,8.52,8.74,8.97,8.4,434751,621093168.0,6.65,1.98,0.17,1.47
723,2017-12-20,8.6,8.44,8.67,8.32,246737,348247504.0,4.0,-3.43,-0.3,0.83
724,2017-12-21,8.35,8.69,8.75,8.25,189580,268139548.0,5.92,2.96,0.25,0.64
725,2017-12-22,8.62,8.61,8.85,8.54,169897,242695487.0,3.57,-0.92,-0.08,0.57
726,2017-12-25,8.56,8.44,9.04,8.31,310096,444736688.0,8.48,-1.97,-0.17,1.05
727,2017-12-26,8.53,8.88,8.89,8.1,284319,400457600.0,9.36,5.21,0.44,0.96
728,2017-12-27,8.89,9.36,9.55,8.8,452749,673249232.0,8.45,5.41,0.48,1.53
729,2017-12-28,9.25,9.25,9.7,9.05,537843,802882464.0,6.94,-1.18,-0.11,1.82
730,2017-12-29,9.19,8.92,9.19,8.83,226443,330152848.0,3.89,-3.57,-0.33,0.77
731,2018-01-02,8.98,10.37,10.37,8.87,466798,711956080.0,16.82,16.26,1.45,1.58
732,2018-01-03,10.35,10.7,10.75,10.13,460668,736726384.0,5.98,3.18,0.33,1.56
733,2018-01-04,10.6,10.56,10.6,10.19,468513,749039248.0,3.83,-1.31,-0.14,1.58
734,2018-01-05,10.34,10.26,10.63,10.15,452725,721411200.0,4.55,-2.84,-0.3,1.53
735,2018-01-08,10.3,11.79,11.85,10.3,800476,1347507424.0,15.11,14.91,1.53,2.7
736,2018-01-09,11.45,11.47,11.53,11.0,561035,946247088.0,4.5,-2.71,-0.32,1.9
737,2018-01-10,11.2,11.49,11.81,11.05,476602,811751568.0,6.63,0.17,0.02,1.61
738,2018-01-11,11.28,10.76,11.31,10.56,451501,743112688.0,6.53,-6.35,-0.73,1.53
739,2018-01-12,10.46,10.88,11.29,10.41,371387,611294752.0,8.18,1.12,0.12,1.25
740,2018-01-15,10.71,9.76,10.71,9.59,504909,789514272.0,10.29,-10.29,-1.12,1.71
741,2018-01-16,9.83,9.97,10.15,9.7,392423,609865536.0,4.61,2.15,0.21,1.33
742,2018-01-17,9.97,10.27,10.56,9.62,417258,655567248.0,9.43,3.01,0.3,1.41
743,2018-01-18,10.11,10.58,10.7,10.0,324226,521497184.0,6.82,3.02,0.31,1.1
744,2018-01-19,10.52,10.98,11.42,10.41,406623,673063856.0,9.55,3.78,0.4,1.37
745,2018-01-22,11.1,11.17,11.75,10.8,362597,612462864.0,8.65,1.73,0.19,1.23
746,2018-01-23,10.99,11.03,11.18,10.58,330860,543309456.0,5.37,-1.25,-0.14,1.12
747,2018-01-24,11.03,10.88,11.06,10.47,274477,448880096.0,5.35,-1.36,-0.15,0.93
748,2018-01-25,11.08,11.63,12.23,11.08,511793,885390624.0,10.57,6.89,0.75,1.73
749,2018-01-26,11.5,11.66,11.9,11.24,319697,546436896.0,5.67,0.26,0.03,1.08
750,2018-01-29,12.08,12.7,13.3,12.08,727751,1343182624.0,10.46,8.92,1.04,2.46
751,2018-01-30,12.49,12.59,13.08,12.01,589871,1070502368.0,8.43,-0.87,-0.11,1.99
752,2018-01-31,12.31,12.4,12.59,11.75,414273,739346768.0,6.67,-1.51,-0.19,1.4
753,2018-02-01,12.41,12.4,13.23,11.9,412531,752748480.0,10.73,0.0,0.0,1.39
754,2018-02-02,12.08,13.65,13.98,11.95,662653,1235164048.0,16.37,10.08,1.25,2.24
755,2018-02-05,13.26,14.07,15.04,13.1,701968,1383312576.0,14.21,3.08,0.42,2.37
756,2018-02-06,13.25,12.99,13.96,12.49,524155,993223584.0,10.45,-7.68,-1.08,1.77
757,2018-02-07,13.62,11.86,14.4,11.8,644429,1203252464.0,20.02,-8.7,-1.13,2.18
758,2018-02-08,11.46,10.79,11.77,10.15,560055,932552640.0,13.66,-9.02,-1.07,1.89
759,2018-02-09,10.2,9.55,10.35,9.15,619807,941813216.0,11.12,-11.49,-1.24,2.09
760,2018-02-12,9.55,9.78,9.96,9.2,414243,631764752.0,7.96,2.41,0.23,1.4
761,2018-02-13,9.96,9.9,10.32,9.77,397027,621448672.0,5.62,1.23,0.12,1.34
762,2018-02-14,9.85,10.65,10.8,9.43,409372,641737888.0,13.84,7.58,0.75,1.38
763,2018-02-22,10.81,11.1,11.2,10.7,424877,703113424.0,4.69,4.23,0.45,1.44
764,2018-02-23,11.06,11.53,11.84,10.86,351647,593270624.0,8.83,3.87,0.43,1.19
765,2018-02-26,11.6,11.56,11.8,11.01,387120,657638048.0,6.85,0.26,0.03,1.31
766,2018-02-27,11.4,10.34,11.53,10.12,521816,846989136.0,12.2,-10.55,-1.22,1.76
767,2018-02-28,10.14,10.14,10.4,9.6,387339,603412560.0,7.74,-1.93,-0.2,1.31
768,2018-03-01,9.8,9.99,10.32,9.72,362905,567096960.0,5.92,-1.48,-0.15,1.23
769,2018-03-02,9.75,9.47,9.82,9.41,310198,470706688.0,4.1,-5.21,-0.52,1.05
770,2018-03-05,9.55,8.89,9.7,8.59,417828,615992240.0,11.72,-6.12,-0.58,1.41
771,2018-03-06,9.05,9.86,9.88,8.72,549244,815335904.0,13.05,10.91,0.97,1.86
772,2018-03-07,9.7,9.13,9.8,9.04,387936,581920992.0,7.71,-7.4,-0.73,1.31
773,2018-03-08,9.17,9.28,9.38,8.93,300676,443378320.0,4.93,1.64,0.15,1.02
774,2018-03-09,9.24,9.1,9.35,8.97,325861,478963120.0,4.09,-1.94,-0.18,1.1
775,2018-03-12,9.15,9.38,9.49,8.97,461885,687084960.0,5.71,3.08,0.28,1.56
776,2018-03-13,9.21,9.15,9.54,9.12,307106,456470624.0,4.48,-2.45,-0.23,1.04
777,2018-03-14,9.05,9.34,9.48,8.81,371272,549480320.0,7.32,2.08,0.19,1.25
778,2018-03-15,9.18,9.22,9.34,9.05,253283,374356560.0,3.1,-1.28,-0.12,0.86
779,2018-03-16,9.22,8.58,9.22,8.56,342445,496594960.0,7.16,-6.94,-0.64,1.16
780,2018-03-19,8.42,7.91,8.43,7.81,433421,589055728.0,7.23,-7.81,-0.67,1.46
781,2018-03-20,7.7,8.07,8.1,7.65,259108,351564112.0,5.69,2.02,0.16,0.88
782,2018-03-21,8.22,7.97,8.25,7.82,252749,345654848.0,5.33,-1.24,-0.1,0.85
783,2018-03-22,8.01,8.09,8.2,7.93,219450,299852960.0,3.39,1.51,0.12,0.74
784,2018-03-23,7.28,6.84,7.55,6.72,457898,580068544.0,10.26,-15.45,-1.25,1.55
785,2018-03-26,6.91,7.13,7.16,6.75,293356,370027008.0,5.99,4.24,0.29,0.99
786,2018-03-27,7.39,7.41,7.47,7.24,297935,385574976.0,3.23,3.93,0.28,1.01
787,2018-03-28,7.24,7.19,7.52,7.13,244186,314517472.0,5.26,-2.97,-0.22,0.82
788,2018-03-29,7.26,7.87,8.05,7.04,410824,540646896.0,14.05,9.46,0.68,1.39
789,2018-03-30,7.81,8.17,8.24,7.73,345302,468067376.0,6.48,3.81,0.3,1.17
790,2018-04-02,8.18,8.01,8.67,8.0,360606,501347280.0,8.2,-1.96,-0.16,1.22
791,2018-04-03,7.74,7.75,7.84,7.45,231177,306131504.0,4.87,-3.25,-0.26,0.78
792,2018-04-04,7.76,7.52,8.0,7.5,185800,248394859.0,6.45,-2.97,-0.23,0.63
793,2018-04-09,7.41,7.31,7.66,7.22,246162,320160704.0,5.85,-2.79,-0.21,0.83
794,2018-04-10,7.4,8.12,8.15,7.33,382888,511982128.0,11.22,11.08,0.81,1.29
795,2018-04-11,8.2,7.94,8.46,7.87,329405,451480112.0,7.27,-2.22,-0.18,1.11
796,2018-04-12,7.9,7.95,8.09,7.8,232244,313985168.0,3.65,0.13,0.01,0.78
797,2018-04-13,7.97,8.17,8.35,7.97,276743,381567440.0,4.78,2.77,0.22,0.93
798,2018-04-16,8.14,7.29,8.14,7.19,380782,498184240.0,11.63,-10.77,-0.88,1.29
799,2018-04-17,7.33,7.33,7.65,7.2,242474,316515760.0,6.17,0.55,0.04,0.82
800,2018-04-18,7.69,7.62,7.93,7.52,299085,397437344.0,5.59,3.96,0.29,1.01
801,2018-04-19,7.61,8.34,8.45,7.6,442548,609546192.0,11.15,9.45,0.72,1.5
802,2018-04-20,8.23,8.28,8.67,8.19,374880,525366416.0,5.76,-0.72,-0.06,1.27
803,2018-04-23,8.46,8.7,8.85,8.3,313865,446181904.0,6.64,5.07,0.42,1.06
804,2018-04-24,8.86,9.05,9.45,8.86,594519,880295392.0,6.78,4.02,0.35,2.01
805,2018-04-25,8.78,8.6,8.84,8.37,325086,461865216.0,5.19,-4.97,-0.45,1.1
806,2018-04-26,8.6,8.45,8.82,8.25,300066,424147584.0,6.63,-1.74,-0.15,1.01
807,2018-04-27,8.58,8.83,8.84,8.43,264084,377126048.0,4.85,4.5,0.38,0.89
808,2018-05-02,8.2,7.86,8.29,7.7,401802,543239200.0,6.68,-10.99,-0.97,1.36
809,2018-05-03,7.92,8.0,8.07,7.73,248836,336039360.0,4.33,1.78,0.14,0.84
810,2018-05-04,8.0,7.85,8.05,7.78,194517,262332764.0,3.38,-1.88,-0.15,0.66
811,2018-05-07,7.92,8.73,8.9,7.87,496621,698262064.0,13.12,11.21,0.88,1.68
812,2018-05-08,8.82,8.78,8.94,8.56,248099,355204016.0,4.35,0.57,0.05,0.84
813,2018-05-09,8.79,8.86,9.1,8.69,276350,400800240.0,4.67,0.91,0.08,0.93
814,2018-05-10,9.08,9.27,9.45,9.01,436343,649326656.0,4.97,4.63,0.41,1.47
815,2018-05-11,9.27,9.73,9.89,9.05,504329,761187872.0,9.06,4.96,0.46,1.7
816,2018-05-14,9.73,9.58,10.03,9.4,392748,600242160.0,6.47,-1.54,-0.15,1.33
817,2018-05-15,9.64,9.47,9.7,8.97,326978,486559152.0,7.62,-1.15,-0.11,1.1
818,2018-05-16,9.28,9.21,9.61,9.09,368002,547924272.0,5.49,-2.75,-0.26,1.24
819,2018-05-17,9.21,9.4,9.46,9.16,272508,406603200.0,3.26,2.06,0.19,0.92
820,2018-05-18,9.37,9.99,10.0,9.31,496250,762800000.0,7.34,6.28,0.59,1.68
821,2018-05-21,9.69,9.78,9.8,9.48,430579,656690288.0,3.2,-2.1,-0.21,1.45
822,2018-05-22,9.73,9.58,9.91,9.35,375197,571328336.0,5.73,-2.04,-0.2,1.27
823,2018-05-23,9.05,8.07,9.05,8.06,960446,1346935536.0,10.33,-15.76,-1.51,3.24
824,2018-05-24,7.98,8.1,8.18,7.73,433257,589762800.0,5.58,0.37,0.03,1.46
825,2018-05-25,8.12,7.8,8.14,7.75,251703,340136208.0,4.81,-3.7,-0.3,0.85
826,2018-05-28,7.87,7.93,8.11,7.84,216074,293442768.0,3.46,1.67,0.13,0.73
827,2018-05-29,8.11,8.19,8.35,8.11,312630,432332976.0,3.03,3.28,0.26,1.06
828,2018-05-30,7.81,7.62,7.98,7.48,258854,345670544.0,6.11,-6.96,-0.57,0.87
829,2018-05-31,7.86,7.93,8.09,7.68,229791,310552864.0,5.38,4.07,0.31,0.78
830,2018-06-01,8.08,8.29,8.57,8.08,455877,639010928.0,6.18,4.54,0.36,1.54
831,2018-06-04,8.54,8.65,9.01,8.49,348398,499607920.0,6.27,4.34,0.36,1.18
832,2018-06-05,8.76,8.75,8.83,8.39,298978,425942624.0,5.09,1.16,0.1,1.01
833,2018-06-06,8.63,8.91,8.93,8.62,251261,361598128.0,3.54,1.83,0.16,0.85
834,2018-06-07,9.07,9.04,9.38,8.97,306414,451881328.0,4.6,1.46,0.13,1.04
835,2018-06-08,8.97,8.7,9.09,8.53,298062,426789728.0,6.19,-3.76,-0.34,1.01
836,2018-06-11,8.43,8.89,9.08,8.34,313115,435555344.0,8.51,2.18,0.19,1.06
837,2018-06-12,8.87,9.27,9.43,8.8,344301,492739008.0,7.09,4.27,0.38,1.16
838,2018-06-13,9.28,9.05,9.4,9.03,250991,359367344.0,3.99,-2.37,-0.22,0.85
839,2018-06-14,9.02,9.41,9.43,8.96,317078,456589184.0,5.19,3.98,0.36,1.07
840,2018-06-15,9.35,9.6,9.81,9.29,399415,588924336.0,5.53,2.02,0.19,1.35
841,2018-06-19,9.31,8.89,9.56,8.38,389488,551391984.0,12.29,-7.4,-0.71,1.32
842,2018-06-20,8.95,9.07,9.08,8.48,315642,439635808.0,6.75,2.02,0.18,1.07
843,2018-06-21,9.03,9.24,9.65,8.96,421732,609947120.0,7.61,1.87,0.17,1.42
844,2018-06-22,8.98,9.36,9.43,8.53,361828,510903696.0,9.74,1.3,0.12,1.22
845,2018-06-25,9.46,8.89,9.55,8.82,287195,409352880.0,7.8,-5.02,-0.47,0.97
846,2018-06-26,8.56,8.29,8.64,7.78,362234,483589520.0,9.67,-6.75,-0.6,1.22
847,2018-06-27,8.33,7.97,8.42,7.88,228564,302277968.0,6.51,-3.86,-0.32,0.77
848,2018-06-28,8.03,7.65,8.08,7.63,212146,276046096.0,5.65,-4.02,-0.32,0.72
849,2018-06-29,7.65,7.92,7.95,7.19,334276,425018320.0,9.93,3.53,0.27,1.13
850,2018-07-02,7.74,7.18,7.83,7.05,332836,418524032.0,9.85,-9.34,-0.74,1.12
851,2018-07-03,7.2,7.1,7.27,6.63,312705,377725840.0,8.91,-1.11,-0.08,1.06
852,2018-07-04,6.99,7.03,7.29,6.98,223875,274266992.0,4.37,-0.99,-0.07,0.76
853,2018-07-05,6.97,6.46,7.04,6.42,298263,352417696.0,8.82,-8.11,-0.57,1.01
854,2018-07-06,6.44,6.21,6.6,5.77,416967,471438848.0,12.85,-3.87,-0.25,1.41
855,2018-07-09,6.28,6.59,6.64,6.23,374648,432133472.0,6.6,6.12,0.38,1.27
856,2018-07-10,6.55,6.7,6.8,6.47,305694,359809952.0,5.01,1.67,0.11,1.03
857,2018-07-11,6.33,6.25,6.41,6.12,256147,291853680.0,4.33,-6.72,-0.45,0.87
858,2018-07-12,6.37,6.69,6.73,6.32,302377,353698016.0,6.56,7.04,0.44,1.02
859,2018-07-13,6.64,6.57,6.67,6.46,257519,300327264.0,3.14,-1.79,-0.12,0.87
860,2018-07-16,6.63,6.77,6.84,6.61,412666,489589376.0,3.5,3.04,0.2,1.39
861,2018-07-17,6.68,6.38,6.69,6.2,409185,468761200.0,7.24,-5.76,-0.39,1.38
862,2018-07-18,6.34,6.13,6.47,6.09,326199,372278480.0,5.96,-3.92,-0.25,1.1
863,2018-07-19,6.19,6.2,6.32,6.07,253037,285696528.0,4.08,1.14,0.07,0.85
864,2018-07-20,6.15,6.31,6.35,5.71,377725,421635728.0,10.32,1.77,0.11,1.28
865,2018-07-23,6.13,6.7,6.76,6.07,515367,597190864.0,10.94,6.18,0.39,1.74
866,2018-07-24,6.71,7.22,7.33,6.71,686632,836493952.0,9.25,7.76,0.52,2.32
867,2018-07-25,7.2,7.12,7.38,6.95,423449,519094720.0,5.96,-1.39,-0.1,1.43
868,2018-07-26,7.18,7.03,7.34,6.94,314097,384871312.0,5.62,-1.26,-0.09,1.06
869,2018-07-27,7.16,7.02,7.2,6.9,269553,327237632.0,4.27,-0.14,-0.01,0.91
870,2018-07-30,6.93,7.07,7.23,6.92,273145,332855696.0,4.42,0.71,0.05,0.92
871,2018-07-31,7.13,6.98,7.13,6.82,228731,276289696.0,4.38,-1.27,-0.09,0.77
872,2018-08-01,7.04,6.34,7.17,6.25,369665,441172896.0,13.18,-9.17,-0.64,1.25
873,2018-08-02,6.29,6.26,6.43,5.98,361242,409108272.0,7.1,-1.26,-0.08,1.22
874,2018-08-03,6.28,6.32,6.7,6.21,330458,382526480.0,7.83,0.96,0.06,1.12
875,2018-08-06,6.38,6.38,6.53,6.18,225477,258363081.0,5.54,0.95,0.06,0.76
876,2018-08-07,6.63,6.74,6.76,6.32,356187,416453744.0,6.9,5.64,0.36,1.2
877,2018-08-08,6.63,6.42,6.67,6.38,349105,405873152.0,4.3,-4.75,-0.32,1.18
878,2018-08-09,6.3,6.67,6.7,6.18,368880,429642928.0,8.1,3.89,0.25,1.25
879,2018-08-10,6.61,6.58,6.64,6.4,263334,306809360.0,3.6,-1.35,-0.09,0.89
880,2018-08-13,6.41,6.59,6.63,6.32,202812,234640481.0,4.71,0.15,0.01,0.69
881,2018-08-14,6.59,6.67,6.75,6.53,333302,392017344.0,3.34,1.21,0.08,1.13
882,2018-08-15,6.67,6.19,6.68,6.18,275443,317276624.0,7.5,-7.2,-0.48,0.93
883,2018-08-16,6.03,6.14,6.26,5.88,154721,173529191.0,6.14,-0.81,-0.05,0.52
884,2018-08-17,6.26,6.11,6.33,6.08,194202,220233241.0,4.07,-0.49,-0.03,0.66
885,2018-08-20,6.12,6.3,6.31,6.0,137812,155363034.0,5.07,3.11,0.19,0.47
886,2018-08-21,6.3,6.27,6.34,6.12,202111,230054900.0,3.49,-0.48,-0.03,0.68
887,2018-08-22,6.31,6.3,6.5,6.23,190324,218784880.0,4.31,0.48,0.03,0.64
888,2018-08-23,6.28,6.22,6.38,6.11,170109,192974911.0,4.29,-1.27,-0.08,0.57
889,2018-08-24,6.15,6.23,6.24,6.02,143315,161495172.0,3.54,0.16,0.01,0.48
890,2018-08-27,6.33,6.45,6.47,6.24,259318,298084368.0,3.69,3.53,0.22,0.88
891,2018-08-28,6.42,6.49,6.57,6.37,256355,297118544.0,3.1,0.62,0.04,0.87
892,2018-08-29,6.4,6.34,6.47,6.32,131398,151114947.0,2.31,-2.31,-0.15,0.44
893,2018-08-30,6.3,6.14,6.42,6.09,142411,161532901.0,5.21,-3.15,-0.2,0.48
894,2018-08-31,6.11,6.06,6.21,6.05,97165,109118682.0,2.61,-1.3,-0.08,0.33
895,2018-09-03,6.06,5.89,6.06,5.79,169119,186307279.0,4.46,-2.81,-0.17,0.57
896,2018-09-04,5.9,5.98,6.02,5.78,154003,170195967.0,4.07,1.53,0.09,0.52
897,2018-09-05,5.99,5.73,5.99,5.72,167575,183511418.0,4.52,-4.18,-0.25,0.57
898,2018-09-06,5.69,5.54,5.81,5.54,164272,177081683.0,4.71,-3.32,-0.19,0.55
899,2018-09-07,5.7,5.79,5.97,5.69,253823,277507728.0,5.05,4.51,0.25,0.86
900,2018-09-10,5.79,5.58,5.79,5.58,145985,157238125.0,3.63,-3.63,-0.21,0.49
901,2018-09-11,5.57,5.38,5.62,5.25,211315,222036954.0,6.63,-3.58,-0.2,0.71
902,2018-09-12,5.35,5.41,5.49,5.29,123019,129244658.0,3.72,0.56,0.03,0.42
903,2018-09-13,5.54,5.53,5.6,5.39,135480,143769847.0,3.88,2.22,0.12,0.46
904,2018-09-14,5.6,5.46,5.6,5.43,128610,136647721.0,3.07,-1.27,-0.07,0.43
905,2018-09-17,5.4,5.25,5.4,5.18,120815,125672816.0,4.03,-3.85,-0.21,0.41
906,2018-09-18,5.28,5.57,5.6,5.19,164610,173732288.0,7.81,6.1,0.32,0.56
907,2018-09-19,5.5,5.75,5.88,5.48,235310,254840585.0,7.18,3.23,0.18,0.8
908,2018-09-20,5.75,5.77,5.81,5.69,119636,130053720.0,2.09,0.35,0.02,0.4
909,2018-09-21,5.83,6.3,6.31,5.76,378965,423384864.0,9.53,9.19,0.53,1.28
910,2018-09-25,6.13,6.1,6.24,6.01,220644,247858958.0,3.65,-3.17,-0.2,0.75
911,2018-09-26,6.1,6.15,6.39,6.1,262226,297820496.0,4.75,0.82,0.05,0.89
912,2018-09-27,6.13,6.23,6.33,6.08,198774,225651678.0,4.07,1.3,0.08,0.67
913,2018-09-28,6.14,6.4,6.48,6.14,223366,256684956.0,5.46,2.73,0.17,0.75
914,2018-10-08,6.22,6.04,6.31,6.03,239098,270305392.0,4.38,-5.63,-0.36,0.81
915,2018-10-09,6.12,6.51,6.59,6.04,359977,415360624.0,9.11,7.78,0.47,1.22
916,2018-10-10,6.61,6.72,6.99,6.48,508509,604289328.0,7.83,3.23,0.21,1.72
917,2018-10-11,6.3,6.52,6.76,6.3,412541,478829184.0,6.85,-2.98,-0.2,1.39
918,2018-10-12,6.38,6.7,6.74,5.93,407806,467938064.0,12.42,2.76,0.18,1.38
919,2018-10-15,6.68,6.09,6.73,6.04,297080,339013120.0,10.3,-9.1,-0.61,1.0
920,2018-10-16,6.02,5.8,6.31,5.65,277165,308962896.0,10.84,-4.76,-0.29,0.94
921,2018-10-17,6.03,6.13,6.17,5.71,217366,241173449.0,7.93,5.69,0.33,0.73
922,2018-10-18,5.96,5.44,5.96,5.44,218858,236487818.0,8.48,-11.26,-0.69,0.74
923,2018-10-19,5.25,5.59,5.71,5.1,271867,285516720.0,11.21,2.76,0.15,0.92
924,2018-10-22,5.7,6.15,6.28,5.6,358016,396207104.0,12.16,10.02,0.56,1.21
925,2018-10-23,6.04,5.63,6.3,5.62,324707,359363456.0,11.06,-8.46,-0.52,1.1
926,2018-10-24,5.63,5.88,6.03,5.56,247910,270836640.0,8.35,4.44,0.25,0.84
927,2018-10-25,5.51,6.03,6.04,5.48,221716,240431994.0,9.52,2.55,0.15,0.75
928,2018-10-26,6.14,6.16,6.43,6.02,328263,371767104.0,6.8,2.16,0.13,1.11
929,2018-10-29,5.58,5.03,5.67,5.03,666836,693998720.0,10.39,-18.34,-1.13,2.25
930,2018-10-30,4.9,4.94,5.16,4.73,346078,348816624.0,8.55,-1.79,-0.09,1.17
931,2018-10-31,4.96,5.15,5.22,4.95,271042,276784240.0,5.47,4.25,0.21,0.92
932,2018-11-01,5.15,5.11,5.26,5.09,275749,283831568.0,3.3,-0.78,-0.04,0.93
933,2018-11-02,5.21,5.39,5.39,5.09,361277,375557472.0,5.87,5.48,0.28,1.22
934,2018-11-05,5.26,5.33,5.34,5.2,261404,271300560.0,2.6,-1.11,-0.06,0.88
935,2018-11-06,5.32,5.29,5.4,5.17,201599,209479350.0,4.32,-0.75,-0.04,0.68
936,2018-11-07,5.2,5.08,5.3,5.08,215504,221868415.0,4.16,-3.97,-0.21,0.73
937,2018-11-08,5.16,5.12,5.24,5.08,169050,173744291.0,3.15,0.79,0.04,0.57
938,2018-11-09,5.1,4.99,5.11,4.97,162394,164900548.0,2.73,-2.54,-0.13,0.55
939,2018-11-12,4.97,5.11,5.12,4.95,141088,143553519.0,3.41,2.4,0.12,0.48
940,2018-11-13,4.99,5.2,5.23,4.96,236890,242898415.0,5.28,1.76,0.09,0.8
941,2018-11-14,5.12,5.24,5.36,5.08,275681,284828432.0,5.38,0.77,0.04,0.93
942,2018-11-15,5.16,5.31,5.33,5.12,263126,271595712.0,4.01,1.34,0.07,0.89
943,2018-11-16,5.33,5.27,5.36,5.24,258421,269422416.0,2.26,-0.75,-0.04,0.87
944,2018-11-19,5.27,5.33,5.33,5.16,223524,231921653.0,3.23,1.14,0.06,0.76
945,2018-11-20,5.27,5.06,5.28,5.05,205345,211166573.0,4.32,-5.07,-0.27,0.69
946,2018-11-21,4.88,4.97,5.02,4.83,178186,179121850.0,3.75,-1.78,-0.09,0.6
947,2018-11-22,4.99,5.01,5.07,4.93,113739,115009978.0,2.82,0.8,0.04,0.38
948,2018-11-23,4.98,4.74,5.02,4.73,174173,173531278.0,5.79,-5.39,-0.27,0.59
949,2018-11-26,4.69,4.44,4.76,4.37,177415,171929782.0,8.23,-6.33,-0.3,0.6
950,2018-11-27,4.5,4.33,4.54,4.27,143723,136680873.0,6.08,-2.48,-0.11,0.49
951,2018-11-28,4.32,4.44,4.45,4.23,119626,113318978.0,5.08,2.54,0.11,0.4
952,2018-11-29,4.47,4.27,4.5,4.26,105561,100384014.0,5.41,-3.83,-0.17,0.36
953,2018-11-30,4.27,4.42,4.42,4.27,94837,89895378.0,3.51,3.51,0.15,0.32
954,2018-12-03,4.66,4.86,5.18,4.57,286204,284441152.0,13.8,9.95,0.44,0.97
955,2018-12-04,4.85,4.92,4.94,4.75,146707,146472721.0,3.91,1.23,0.06,0.5
956,2018-12-05,4.74,4.81,4.85,4.7,128194,126966598.0,3.05,-2.24,-0.11,0.43
957,2018-12-06,4.75,4.61,4.82,4.6,114392,112163487.0,4.57,-4.16,-0.2,0.39
958,2018-12-07,4.66,4.75,4.81,4.59,129800,127496267.0,4.77,3.04,0.14,0.44
959,2018-12-10,4.66,4.6,4.73,4.56,77604,75679167.0,3.58,-3.16,-0.15,0.26
960,2018-12-11,4.59,4.57,4.64,4.52,65491,63447857.0,2.61,-0.65,-0.03,0.22
961,2018-12-12,4.64,4.57,4.66,4.56,53531,51980792.0,2.19,0.0,0.0,0.18
962,2018-12-13,4.59,4.66,4.76,4.51,120737,118030025.0,5.47,1.97,0.09,0.41
963,2018-12-14,4.66,4.47,4.66,4.44,89409,86521890.0,4.72,-4.08,-0.19,0.3
964,2018-12-17,4.33,4.48,4.54,4.33,74696,71341709.0,4.7,0.22,0.01,0.25
965,2018-12-18,4.4,4.35,4.5,4.27,72223,68552495.0,5.13,-2.9,-0.13,0.24
966,2018-12-19,4.36,4.17,4.37,4.17,101806,95406200.0,4.6,-4.14,-0.18,0.34
967,2018-12-20,4.13,4.16,4.22,4.11,91147,84655967.0,2.64,-0.24,-0.01,0.31
968,2018-12-21,4.13,4.0,4.15,3.94,103827,94740540.0,5.05,-3.85,-0.16,0.35
969,2018-12-24,3.96,4.04,4.05,3.93,49740,45439886.0,3.0,1.0,0.04,0.17
970,2018-12-25,3.95,3.85,3.96,3.65,138381,123106550.0,7.67,-4.7,-0.19,0.47
971,2018-12-26,3.83,3.72,3.88,3.7,74329,66039328.0,4.68,-3.38,-0.13,0.25
972,2018-12-27,3.88,3.63,3.92,3.62,83917,74775836.0,8.06,-2.42,-0.09,0.28
973,2018-12-28,3.71,3.66,3.78,3.65,80207,70844624.0,3.58,0.83,0.03,0.27
974,2019-01-02,3.71,3.52,3.75,3.51,91479,79552147.0,6.56,-3.83,-0.14,0.31
975,2019-01-03,3.52,3.4,3.66,3.35,145155,124455883.0,8.81,-3.41,-0.12,0.49
976,2019-01-04,3.29,3.61,3.62,3.24,174228,149699902.0,11.18,6.18,0.21,0.59
977,2019-01-07,3.65,3.67,3.7,3.56,184573,161544500.0,3.88,1.66,0.06,0.62
978,2019-01-08,3.63,3.51,3.65,3.49,162235,140825597.0,4.36,-4.36,-0.16,0.55
979,2019-01-09,3.54,3.61,3.75,3.53,247460,217261288.0,6.27,2.85,0.1,0.84
980,2019-01-10,3.6,3.49,3.61,3.46,205895,178107397.0,4.16,-3.32,-0.12,0.7
981,2019-01-11,3.47,3.52,3.53,3.42,167841,144294883.0,3.15,0.86,0.03,0.57
982,2019-01-14,3.54,3.65,3.78,3.54,312697,275164960.0,6.82,3.69,0.13,1.06
983,2019-01-15,3.62,3.67,3.68,3.5,165272,144157516.0,4.93,0.55,0.02,0.56
984,2019-01-16,3.66,3.73,3.78,3.64,247920,219071113.0,3.81,1.63,0.06,0.84
985,2019-01-17,3.72,3.88,3.97,3.66,476125,426988000.0,8.31,4.02,0.15,1.61
986,2019-01-18,3.83,4.0,4.11,3.83,394647,359856048.0,7.22,3.09,0.12,1.33
987,2019-01-21,4.04,4.05,4.11,3.93,274618,251337595.0,4.5,1.25,0.05,0.93
988,2019-01-22,4.0,3.83,4.02,3.82,179545,161815914.0,4.94,-5.43,-0.22,0.61
989,2019-01-23,3.8,3.74,3.87,3.69,169168,150343304.0,4.7,-2.35,-0.09,0.57
990,2019-01-24,3.78,3.71,3.78,3.55,155720,136891793.0,6.15,-0.8,-0.03,0.53
991,2019-01-25,3.72,3.7,3.79,3.68,134245,118928060.0,2.96,-0.27,-0.01,0.45
992,2019-01-28,3.76,3.82,3.89,3.71,178960,159659222.0,4.86,3.24,0.12,0.6
993,2019-01-29,3.78,3.73,3.82,3.55,179470,157795108.0,7.07,-2.36,-0.09,0.61
994,2019-01-30,3.67,3.65,3.79,3.63,115323,101843399.0,4.29,-2.14,-0.08,0.39
995,2019-01-31,3.66,3.72,3.79,3.66,166275,147059195.0,3.56,1.92,0.07,0.56
996,2019-02-01,3.78,3.97,3.99,3.78,228786,206591508.0,5.65,6.72,0.25,0.77
997,2019-02-11,3.93,4.08,4.09,3.92,259990,236962129.0,4.28,2.77,0.11,0.88
998,2019-02-12,4.03,4.25,4.25,4.03,310317,288088608.0,5.39,4.17,0.17,1.05
999,2019-02-13,4.28,4.32,4.35,4.16,286111,268685424.0,4.47,1.65,0.07,0.97
1000,2019-02-14,4.29,4.2,4.36,4.19,263022,246197716.0,3.94,-2.78,-0.12,0.89
1001,2019-02-15,4.2,4.0,4.23,3.98,283055,260257711.0,5.95,-4.76,-0.2,0.96
1002,2019-02-18,4.05,4.3,4.32,4.05,333900,311157520.0,6.75,7.5,0.3,1.13
1003,2019-02-19,4.3,4.22,4.35,4.13,293769,274778560.0,5.12,-1.86,-0.08,0.99
1004,2019-02-20,4.21,4.45,4.46,4.19,403161,382303552.0,6.4,5.45,0.23,1.36
1005,2019-02-21,4.49,4.3,4.59,4.29,452981,433434240.0,6.74,-3.37,-0.15,1.53
1006,2019-02-22,4.27,4.42,4.43,4.18,275995,259964759.0,5.81,2.79,0.12,0.93
1007,2019-02-25,4.48,5.09,5.09,4.48,688039,682339984.0,13.8,15.16,0.67,2.32
1008,2019-02-26,5.18,5.3,5.77,4.99,829787,876147296.0,15.32,4.13,0.21,2.8
1009,2019-02-27,5.39,5.4,5.64,5.21,525271,553195744.0,8.11,1.89,0.1,1.77
1010,2019-02-28,5.41,5.44,5.5,5.29,327600,344485904.0,3.89,0.74,0.04,1.11
1011,2019-03-01,5.49,5.71,5.71,5.36,409609,437071600.0,6.43,4.96,0.27,1.38
1012,2019-03-04,5.87,5.72,6.1,5.6,668429,735187760.0,8.76,0.18,0.01,2.26
1013,2019-03-05,5.68,5.7,5.76,5.52,408963,438963232.0,4.2,-0.35,-0.02,1.38
1014,2019-03-06,5.72,5.82,5.91,5.58,500592,544979472.0,5.79,2.11,0.12,1.69
1015,2019-03-07,5.78,5.89,6.08,5.63,525780,578107888.0,7.73,1.2,0.07,1.78
1016,2019-03-08,5.64,5.17,5.64,5.12,519381,546465056.0,8.83,-12.22,-0.72,1.75
1017,2019-03-11,5.08,5.37,5.42,5.06,257248,266722965.0,6.96,3.87,0.2,0.87
1018,2019-03-12,5.47,5.35,5.51,5.22,331292,348154928.0,5.4,-0.37,-0.02,1.12
1019,2019-03-13,5.33,5.21,5.35,5.16,226828,234940462.0,3.55,-2.62,-0.14,0.77
1020,2019-03-14,5.23,5.28,5.46,5.15,281140,293129584.0,5.95,1.34,0.07,0.95
1021,2019-03-15,5.31,5.44,5.5,5.21,302545,317091328.0,5.49,3.03,0.16,1.02
1022,2019-03-18,5.49,5.75,5.84,5.36,460760,493613408.0,8.82,5.7,0.31,1.56
1023,2019-03-19,5.69,5.56,5.76,5.48,327280,350950896.0,4.87,-3.3,-0.19,1.11
1024,2019-03-20,5.65,5.6,5.75,5.41,327824,351468576.0,6.12,0.72,0.04,1.11
1025,2019-03-21,5.63,5.58,5.66,5.47,289323,309153584.0,3.39,-0.36,-0.02,0.98
1026,2019-03-22,5.57,5.52,5.58,5.37,234305,248140309.0,3.76,-1.08,-0.06,0.79
1027,2019-03-25,5.28,5.26,5.41,5.2,232012,241958175.0,3.8,-4.71,-0.26,0.78
1028,2019-03-26,5.31,5.02,5.36,5.0,185642,190953690.0,6.84,-4.56,-0.24,0.63
1029,2019-03-27,5.05,5.17,5.18,4.96,142537,145020776.0,4.38,2.99,0.15,0.48
1030,2019-03-28,5.08,5.04,5.2,5.03,124996,128022888.0,3.29,-2.51,-0.13,0.42
1031,2019-03-29,5.1,5.49,5.5,5.06,327311,343160336.0,8.73,8.93,0.45,1.11
1032,2019-04-01,5.84,5.99,6.05,5.66,616425,678743472.0,7.1,9.11,0.5,2.08
1033,2019-04-02,6.09,6.02,6.11,5.87,435609,484051936.0,4.01,0.5,0.03,1.47
1034,2019-04-03,6.0,6.39,6.52,5.95,539496,617387936.0,9.47,6.15,0.37,1.82
1035,2019-04-04,6.51,6.94,7.02,6.5,710500,845944368.0,8.14,8.61,0.55,2.4
1036,2019-04-08,7.24,7.3,7.63,6.93,700290,866467696.0,10.09,5.19,0.36,2.37
1037,2019-04-09,7.15,6.99,7.16,6.89,390751,473698160.0,3.7,-4.25,-0.31,1.32
1038,2019-04-10,6.99,7.03,7.24,6.67,485018,586945088.0,8.15,0.57,0.04,1.64
1039,2019-04-11,6.91,6.76,7.2,6.69,400063,483864112.0,7.25,-3.84,-0.27,1.35
1040,2019-04-12,6.76,6.86,6.96,6.68,243752,291790400.0,4.14,1.48,0.1,0.82
1041,2019-04-15,7.1,6.65,7.16,6.64,302106,363693136.0,7.58,-3.06,-0.21,1.02
1042,2019-04-16,6.52,7.02,7.03,6.43,299358,357325568.0,9.02,5.56,0.37,1.01
1043,2019-04-17,7.1,7.07,7.25,6.95,291507,355920304.0,4.27,0.71,0.05,0.98
1044,2019-04-18,7.05,6.84,7.19,6.84,240715,291597184.0,4.95,-3.25,-0.23,0.81
1045,2019-04-19,6.75,7.06,7.23,6.47,431999,515385680.0,11.11,3.22,0.22,1.46
1046,2019-04-22,7.14,6.71,7.14,6.63,261752,312621968.0,7.22,-4.96,-0.35,0.88
1047,2019-04-23,6.61,6.5,6.84,6.44,215573,253590237.0,5.96,-3.13,-0.21,0.73
1048,2019-04-24,6.5,6.61,6.69,6.43,166226,194056220.0,4.0,1.69,0.11,0.56
1049,2019-04-25,6.54,6.08,6.58,6.08,207773,238046993.0,7.56,-8.02,-0.53,0.7
1050,2019-04-26,6.08,6.06,6.26,5.94,146395,164476160.0,5.26,-0.33,-0.02,0.49
1051,2019-04-29,6.17,6.16,6.47,6.14,235330,268383776.0,5.45,1.65,0.1,0.8
1052,2019-04-30,6.13,6.33,6.43,6.11,155607,178273414.0,5.19,2.76,0.17,0.53
1053,2019-05-06,5.88,5.65,5.92,5.38,323189,350367104.0,8.53,-10.74,-0.68,1.09
1054,2019-05-07,5.68,5.82,5.91,5.68,215259,235332436.0,4.07,3.01,0.17,0.73
1055,2019-05-08,5.62,5.6,5.82,5.54,134684,145352914.0,4.81,-3.78,-0.22,0.46
1056,2019-05-09,5.53,5.35,5.65,5.32,136001,143641098.0,5.89,-4.46,-0.25,0.46
1057,2019-05-10,5.48,5.66,5.7,5.19,178135,190153023.0,9.53,5.79,0.31,0.6
1058,2019-05-13,5.44,5.62,5.79,5.38,127961,137326141.0,7.24,-0.71,-0.04,0.43
1059,2019-05-14,5.55,5.54,5.65,5.5,112993,120850364.0,2.67,-1.42,-0.08,0.38
1060,2019-05-15,5.62,5.71,5.74,5.59,116154,125319423.0,2.71,3.07,0.17,0.39
1061,2019-05-16,5.73,5.9,5.92,5.68,146263,160497098.0,4.2,3.33,0.19,0.49
1062,2019-05-17,5.92,5.52,5.94,5.49,168099,180602785.0,7.63,-6.44,-0.38,0.57
1063,2019-05-20,5.51,5.37,5.6,5.27,136270,143031092.0,5.98,-2.72,-0.15,0.46
1064,2019-05-21,5.37,5.62,5.65,5.35,108834,116066259.0,5.59,4.66,0.25,0.37
1065,2019-05-22,5.71,5.57,5.76,5.46,109440,117713259.0,5.34,-0.89,-0.05,0.37
1066,2019-05-23,5.56,5.62,5.84,5.43,159914,172136271.0,7.36,0.9,0.05,0.54
1067,2019-05-24,5.58,5.5,5.66,5.46,93980,100177329.0,3.56,-2.14,-0.12,0.32
1068,2019-05-27,5.5,5.64,5.7,5.43,111760,119711267.0,4.91,2.55,0.14,0.38
1069,2019-05-28,5.65,5.79,5.79,5.5,170836,183552297.0,5.14,2.66,0.15,0.58
1070,2019-05-29,5.65,5.66,5.73,5.59,103892,111919481.0,2.42,-2.25,-0.13,0.35
1071,2019-05-30,5.64,5.66,5.7,5.54,103484,111163084.0,2.83,0.0,0.0,0.35
1072,2019-05-31,5.67,5.54,5.69,5.54,92897,99542649.0,2.65,-2.12,-0.12,0.31
1073,2019-06-03,5.49,5.21,5.53,5.17,215136,223999386.0,6.5,-5.96,-0.33,0.73
1074,2019-06-04,5.29,5.37,5.45,5.25,138194,145005751.0,3.84,3.07,0.16,0.47
1075,2019-06-05,5.47,5.45,5.57,5.41,95992,101989610.0,2.98,1.49,0.08,0.32
1076,2019-06-06,5.42,5.45,5.53,5.41,82291,87122400.0,2.2,0.0,0.0,0.28
1077,2019-06-10,5.46,5.61,5.62,5.41,140541,149695758.0,3.85,2.94,0.16,0.47
1078,2019-06-11,5.53,5.77,5.77,5.53,229003,234706291.0,4.28,2.85,0.16,0.77
1079,2019-06-12,5.74,5.64,5.74,5.58,125988,128937263.0,2.77,-2.25,-0.13,0.43
1080,2019-06-13,5.61,5.6,5.66,5.51,108021,109737229.0,2.66,-0.71,-0.04,0.36
1081,2019-06-14,5.62,5.54,5.68,5.53,106882,108796363.0,2.68,-1.07,-0.06,0.36
1082,2019-06-17,5.53,5.61,5.65,5.52,69125,70410042.0,2.35,1.26,0.07,0.23
1083,2019-06-18,5.66,5.66,5.69,5.57,56343,57528948.0,2.14,0.89,0.05,0.19
1084,2019-06-19,5.84,5.68,5.92,5.66,134054,138501510.0,4.59,0.35,0.02,0.45
1085,2019-06-20,5.69,5.9,5.97,5.64,169996,177104255.0,5.81,3.87,0.22,0.57
1086,2019-06-21,5.94,5.97,6.06,5.88,158875,167700262.0,3.05,1.19,0.07,0.54
1087,2019-06-24,5.96,6.1,6.2,5.88,136989,146028951.0,5.36,2.18,0.13,0.46
1088,2019-06-25,6.09,6.2,6.24,5.98,226682,242466635.0,4.26,1.64,0.1,0.77
1089,2019-06-26,6.17,6.33,6.34,6.1,157931,171302550.0,3.87,2.1,0.13,0.53
1090,2019-06-27,6.33,6.38,6.47,6.28,172845,189856310.0,3.0,0.79,0.05,0.58
1091,2019-06-28,6.37,6.29,6.41,6.25,111212,121019561.0,2.51,-1.41,-0.09,0.38
1092,2019-07-01,6.44,6.39,6.5,6.34,141242,155070543.0,2.54,1.59,0.1,0.48
1093,2019-07-02,6.39,6.34,6.43,6.26,115400,125944684.0,2.66,-0.78,-0.05,0.39
1094,2019-07-03,6.29,6.17,6.31,6.11,156780,168689338.0,3.15,-2.68,-0.17,0.53
1095,2019-07-04,6.23,6.12,6.34,6.05,120370,129515708.0,4.7,-0.81,-0.05,0.41
1096,2019-07-05,6.19,6.09,6.2,6.04,96950,103320446.0,2.61,-0.49,-0.03,0.33
1097,2019-07-08,6.03,5.74,6.09,5.69,144071,150200511.0,6.57,-5.75,-0.35,0.49
1098,2019-07-09,5.78,5.66,5.81,5.62,103839,106551060.0,3.31,-1.39,-0.08,0.35
1099,2019-07-10,5.68,5.63,5.74,5.57,91563,93476288.0,3.0,-0.53,-0.03,0.31
1100,2019-07-11,5.72,5.57,5.73,5.5,100005,102010648.0,4.09,-1.07,-0.06,0.34
1101,2019-07-12,5.61,5.68,5.74,5.54,99449,101781789.0,3.59,1.97,0.11,0.34
1102,2019-07-15,5.73,5.78,5.8,5.54,99254,102133629.0,4.58,1.76,0.1,0.34
1103,2019-07-16,5.72,5.76,5.83,5.72,54423,56385898.0,1.9,-0.35,-0.02,0.18
1104,2019-07-17,5.76,5.71,5.79,5.68,66182,68276374.0,1.91,-0.87,-0.05,0.22
1105,2019-07-18,5.67,5.56,5.68,5.56,64832,66098424.0,2.1,-2.63,-0.15,0.22
1106,2019-07-19,5.66,5.74,5.81,5.62,88128,90997491.0,3.42,3.24,0.18,0.3
1107,2019-07-22,5.75,5.6,5.77,5.5,75622,77000199.0,4.7,-2.44,-0.14,0.26
1108,2019-07-23,5.54,5.69,5.73,5.54,62256,63789968.0,3.39,1.61,0.09,0.21
1109,2019-07-24,5.78,5.67,5.84,5.63,103349,106594787.0,3.69,-0.35,-0.02,0.35
1110,2019-07-25,5.69,5.73,5.79,5.66,65732,67686991.0,2.29,1.06,0.06,0.22
1111,2019-07-26,5.73,5.8,5.84,5.7,91198,94574338.0,2.44,1.22,0.07,0.31
1112,2019-07-29,5.86,5.76,5.86,5.74,69335,71832465.0,2.07,-0.69,-0.04,0.23
1113,2019-07-30,5.76,5.77,5.85,5.75,92919,96323384.0,1.74,0.17,0.01,0.31
1114,2019-07-31,5.73,5.71,5.79,5.66,85210,87739275.0,2.25,-1.04,-0.06,0.29
1115,2019-08-01,5.74,5.67,5.79,5.62,88236,90700962.0,2.98,-0.7,-0.04,0.3
1116,2019-08-02,5.5,5.55,5.62,5.43,102094,103244321.0,3.35,-2.12,-0.12,0.34
1117,2019-08-05,5.52,5.13,5.55,5.12,153796,152335139.0,7.75,-7.57,-0.42,0.52
1118,2019-08-06,5.03,4.79,5.03,4.58,189227,176663087.0,8.77,-6.63,-0.34,0.64
1119,2019-08-07,4.8,4.71,4.84,4.71,89303,83588964.0,2.71,-1.67,-0.08,0.3
1120,2019-08-08,4.78,4.76,4.86,4.71,68726,64269149.0,3.18,1.06,0.05,0.23
1121,2019-08-09,4.84,4.58,4.84,4.56,77473,71699279.0,5.88,-3.78,-0.18,0.26
1122,2019-08-12,4.65,4.77,4.77,4.62,81370,75604249.0,3.28,4.15,0.19,0.27
1123,2019-08-13,4.67,4.63,4.72,4.61,55697,51436010.0,2.31,-2.94,-0.14,0.19
1124,2019-08-14,4.73,4.66,4.8,4.65,77886,72485100.0,3.24,0.65,0.03,0.26
1125,2019-08-15,4.49,4.64,4.68,4.4,91075,82964661.0,6.01,-0.43,-0.02,0.31
1126,2019-08-16,4.67,4.64,4.73,4.61,65157,60274839.0,2.59,0.0,0.0,0.22
1127,2019-08-19,4.64,4.88,4.89,4.64,96638,90653316.0,5.39,5.17,0.24,0.33
1128,2019-08-20,4.89,4.96,5.06,4.88,125979,120547969.0,3.69,1.64,0.08,0.43
1129,2019-08-21,4.89,4.93,5.0,4.85,64287,61102252.0,3.02,-0.6,-0.03,0.22
1130,2019-08-22,5.01,4.98,5.1,4.93,82058,78679639.0,3.45,1.01,0.05,0.28
1131,2019-08-23,4.97,4.89,4.99,4.83,81549,77232955.0,3.21,-1.81,-0.09,0.28
1132,2019-08-26,4.69,4.81,4.87,4.65,91290,85332085.0,4.5,-1.64,-0.08,0.31
1133,2019-08-27,4.86,4.88,5.11,4.86,129501,124191367.0,5.2,1.46,0.07,0.44
1134,2019-08-28,4.97,4.97,5.04,4.89,71095,67726448.0,3.07,1.84,0.09,0.24
1135,2019-08-29,4.92,5.02,5.04,4.89,83707,80013361.0,3.02,1.01,0.05,0.28
1136,2019-08-30,5.07,4.99,5.11,4.9,90306,86473157.0,4.18,-0.6,-0.03,0.31
1137,2019-09-02,5.95,5.95,5.95,5.85,170093,179062568.0,2.0,19.24,0.96,0.57
1138,2019-09-03,6.32,6.22,6.39,6.1,591135,639916896.0,4.87,4.54,0.27,2.0
1139,2019-09-04,6.27,6.56,6.6,6.16,471422,516191136.0,7.07,5.47,0.34,1.59
1140,2019-09-05,6.55,6.45,6.75,6.44,342054,382120304.0,4.73,-1.68,-0.11,1.16
1141,2019-09-06,6.56,6.61,6.77,6.47,304054,340776560.0,4.65,2.48,0.16,1.03
1142,2019-09-09,6.67,6.81,6.84,6.57,320123,362366736.0,4.08,3.03,0.2,1.08
1143,2019-09-10,6.81,6.85,6.95,6.68,187849,214442006.0,3.96,0.59,0.04,0.63
1144,2019-09-11,6.94,6.82,6.97,6.79,213931,244852775.0,2.63,-0.44,-0.03,0.72
1145,2019-09-12,6.82,6.84,6.96,6.77,181255,206981129.0,2.79,0.29,0.02,0.61
1146,2019-09-16,6.98,6.77,7.07,6.7,218829,250578917.0,5.41,-1.02,-0.07,0.74
1147,2019-09-17,6.71,6.71,6.86,6.69,194068,220182694.0,2.51,-0.89,-0.06,0.66
1148,2019-09-18,6.77,6.74,6.8,6.61,123652,139576449.0,2.83,0.45,0.03,0.42
1149,2019-09-19,6.69,6.72,6.74,6.49,134960,151503239.0,3.71,-0.3,-0.02,0.46
1150,2019-09-20,6.7,6.5,6.73,6.5,153036,170621382.0,3.42,-3.27,-0.22,0.52
1151,2019-09-23,6.54,6.4,6.56,6.34,184590,203206292.0,3.38,-1.54,-0.1,0.62
1152,2019-09-24,6.31,6.36,6.59,6.31,203312,224286141.0,4.38,-0.63,-0.04,0.69
1153,2019-09-25,6.39,6.19,6.45,6.15,181108,196424304.0,4.72,-2.67,-0.17,0.61
1154,2019-09-26,6.29,6.12,6.35,6.07,134583,145039073.0,4.52,-1.13,-0.07,0.45
1155,2019-09-27,6.2,6.11,6.2,6.02,130061,138593838.0,2.94,-0.16,-0.01,0.44
1156,2019-09-30,6.07,6.07,6.14,6.0,108900,115908057.0,2.29,-0.65,-0.04,0.37
1157,2019-10-08,6.07,6.1,6.2,6.0,134614,143754676.0,3.29,0.49,0.03,0.45
1158,2019-10-09,6.03,6.19,6.2,6.01,107675,115164815.0,3.11,1.48,0.09,0.36
1159,2019-10-10,6.21,6.19,6.26,6.13,104655,112580746.0,2.1,0.0,0.0,0.35
1160,2019-10-11,6.21,6.29,6.35,6.21,130100,141247437.0,2.26,1.62,0.1,0.44
1161,2019-10-14,6.37,6.53,6.57,6.37,163748,181512368.0,3.18,3.82,0.24,0.55
1162,2019-10-15,6.55,6.44,6.6,6.41,113237,125112459.0,2.91,-1.38,-0.09,0.38
1163,2019-10-16,6.49,6.27,6.52,6.23,124226,135745586.0,4.5,-2.64,-0.17,0.42
1164,2019-10-17,6.3,6.22,6.34,6.18,77194,83586593.0,2.55,-0.8,-0.05,0.26
1165,2019-10-18,6.21,5.99,6.27,5.95,129540,137913771.0,5.14,-3.7,-0.23,0.44
1166,2019-10-21,5.99,6.17,6.2,5.84,131116,140004732.0,6.01,3.01,0.18,0.44
1167,2019-10-22,6.2,6.22,6.24,6.1,95707,102953416.0,2.27,0.81,0.05,0.32
1168,2019-10-23,6.19,6.27,6.36,6.17,98122,106418651.0,3.05,0.8,0.05,0.33
1169,2019-10-24,6.24,6.25,6.28,6.14,86594,93462348.0,2.23,-0.32,-0.02,0.29
1170,2019-10-25,6.29,6.35,6.39,6.21,91315,99440822.0,2.88,1.6,0.1,0.31
1171,2019-10-28,6.27,6.19,6.36,6.15,208943,225370215.0,3.31,-2.52,-0.16,0.71
1172,2019-10-29,6.18,6.01,6.19,5.97,181157,192339750.0,3.55,-2.91,-0.18,0.61
1173,2019-10-30,6.02,5.93,6.02,5.85,161196,169153517.0,2.83,-1.33,-0.08,0.54
1174,2019-10-31,5.91,5.81,5.94,5.75,175553,182709108.0,3.2,-2.02,-0.12,0.59
1175,2019-11-01,5.75,5.86,5.86,5.62,210654,217556732.0,4.13,0.86,0.05,0.71
1176,2019-11-04,5.91,5.9,5.92,5.83,159961,167218849.0,1.54,0.68,0.04,0.54
1177,2019-11-05,5.9,6.03,6.07,5.83,198334,209169110.0,4.07,2.2,0.13,0.67
1178,2019-11-06,5.97,6.05,6.16,5.97,150793,160235574.0,3.15,0.33,0.02,0.51
1179,2019-11-07,6.05,6.03,6.09,5.94,119886,126881741.0,2.48,-0.33,-0.02,0.41
1180,2019-11-08,6.04,5.99,6.09,5.98,112238,119042431.0,1.82,-0.66,-0.04,0.38
1181,2019-11-11,5.96,5.73,5.98,5.66,153110,158761785.0,5.34,-4.34,-0.26,0.52
1182,2019-11-12,5.78,6.1,6.23,5.78,539288,572600864.0,7.85,6.46,0.37,1.82
1183,2019-11-13,6.18,5.97,6.18,5.94,267957,283878192.0,3.93,-2.13,-0.13,0.91
1184,2019-11-14,6.05,5.76,6.05,5.72,274388,284774112.0,5.53,-3.52,-0.21,0.93
1185,2019-11-15,5.77,5.61,5.78,5.51,229114,233490312.0,4.69,-2.6,-0.15,0.77
1186,2019-11-18,5.56,5.65,5.73,5.53,241320,246340459.0,3.57,0.71,0.04,0.82
1187,2019-11-19,5.52,5.59,5.65,5.52,267955,245316998.0,2.3,-1.06,-0.06,0.91
1188,2019-11-20,5.59,5.56,5.71,5.51,178824,164148428.0,3.58,-0.54,-0.03,0.6
1189,2019-11-21,5.52,5.57,5.59,5.49,82304,75151316.0,1.8,0.18,0.01,0.28
1190,2019-11-22,5.6,5.63,5.7,5.54,141289,129895119.0,2.87,1.08,0.06,0.48
1191,2019-11-25,5.69,6.34,6.44,5.69,608486,589896624.0,13.32,12.61,0.71,2.06
1192,2019-11-26,6.35,6.25,6.36,6.06,388010,379842208.0,4.73,-1.42,-0.09,1.31
1193,2019-11-27,6.19,6.01,6.23,5.96,308889,297187232.0,4.32,-3.84,-0.24,1.04
1194,2019-11-28,6.02,5.8,6.02,5.77,215080,202920736.0,4.16,-3.49,-0.21,0.73
1195,2019-11-29,5.82,5.81,5.87,5.73,128314,120378831.0,2.41,0.17,0.01,0.43
1196,2019-12-02,5.84,5.73,5.91,5.71,163887,153772442.0,3.44,-1.38,-0.08,0.55
1197,2019-12-03,5.68,5.75,5.75,5.63,117372,108718091.0,2.09,0.35,0.02,0.4
1198,2019-12-04,5.69,5.66,5.7,5.63,125345,115836992.0,1.22,-1.57,-0.09,0.42
1199,2019-12-05,5.7,5.72,5.74,5.62,146442,135742029.0,2.12,1.06,0.06,0.49
1200,2019-12-06,5.71,5.73,5.76,5.66,128224,119016281.0,1.75,0.17,0.01,0.43
1201,2019-12-09,5.75,5.93,5.95,5.73,214587,202537179.0,3.84,3.49,0.2,0.72
1202,2019-12-10,5.88,5.84,5.92,5.77,135896,127941885.0,2.53,-1.52,-0.09,0.46
1203,2019-12-11,5.84,5.85,5.91,5.83,116708,110239505.0,1.37,0.17,0.01,0.39
1204,2019-12-12,5.88,5.73,5.89,5.7,164304,153293663.0,3.25,-2.05,-0.12,0.56
1205,2019-12-13,5.77,5.88,5.89,5.73,198266,186441303.0,2.79,2.62,0.15,0.67
1206,2019-12-16,5.95,5.93,5.95,5.82,214651,203483924.0,2.21,0.85,0.05,0.73
1207,2019-12-17,5.92,6.15,6.29,5.89,377311,365791232.0,6.75,3.71,0.22,1.27
1208,2019-12-18,6.12,6.12,6.27,6.1,211892,206788173.0,2.76,-0.49,-0.03,0.72
1209,2019-12-19,6.12,6.22,6.24,6.11,155468,152009154.0,2.12,1.63,0.1,0.53
1210,2019-12-20,6.23,6.25,6.36,6.16,223759,220288222.0,3.22,0.48,0.03,0.76
1211,2019-12-23,6.26,6.05,6.3,6.04,181121,176740712.0,4.16,-3.2,-0.2,0.61
1212,2019-12-24,6.05,6.27,6.29,6.03,185959,181494912.0,4.3,3.64,0.22,0.63
1213,2019-12-25,6.27,6.18,6.27,6.14,121632,118817304.0,2.07,-1.44,-0.09,0.41
1214,2019-12-26,6.19,6.27,6.27,6.15,122436,120001127.0,1.94,1.46,0.09,0.41
1215,2019-12-27,6.28,6.41,6.65,6.28,357410,358650016.0,5.9,2.23,0.14,1.21
1216,2019-12-30,6.37,6.85,6.98,6.33,509816,523967840.0,10.14,6.86,0.44,1.72
1217,2019-12-31,6.8,6.98,7.01,6.76,437175,458072240.0,3.65,1.9,0.13,1.48
1218,2020-01-02,7.05,7.02,7.23,6.97,420019,447804112.0,3.72,0.57,0.04,1.42
1219,2020-01-03,7.02,6.99,7.12,6.93,260480,276215648.0,2.71,-0.43,-0.03,0.88
1220,2020-01-06,6.93,6.9,7.07,6.79,371558,391260704.0,4.01,-1.29,-0.09,1.26
1221,2020-01-07,6.9,7.24,7.48,6.88,554607,601935552.0,8.7,4.93,0.34,1.87
1222,2020-01-08,7.27,6.85,7.27,6.82,378788,401090400.0,6.22,-5.39,-0.39,1.28
1223,2020-01-09,6.99,6.96,7.11,6.91,200810,212281530.0,2.92,1.61,0.11,0.68
1224,2020-01-10,7.0,6.94,7.12,6.91,199124,210423163.0,3.02,-0.29,-0.02,0.67
1225,2020-01-13,6.86,6.83,6.88,6.63,259635,267930820.0,3.6,-1.59,-0.11,0.88
1226,2020-01-14,6.82,6.84,7.03,6.8,201859,211764250.0,3.37,0.15,0.01,0.68
1227,2020-01-15,6.85,6.69,6.88,6.65,170809,175631547.0,3.36,-2.19,-0.15,0.58
1228,2020-01-16,6.72,6.56,6.75,6.52,203511,207538104.0,3.44,-1.94,-0.13,0.69
1229,2020-01-17,6.6,6.51,6.65,6.48,132858,134632437.0,2.59,-0.76,-0.05,0.45
1230,2020-01-20,6.54,6.62,6.64,6.44,135108,136878417.0,3.07,1.69,0.11,0.46
1231,2020-01-21,6.58,6.39,6.58,6.35,206438,206225191.0,3.47,-3.47,-0.23,0.7
1232,2020-01-22,6.37,6.38,6.45,6.18,153937,152316991.0,4.23,-0.16,-0.01,0.52
1233,2020-01-23,6.32,6.1,6.38,5.96,213068,207102937.0,6.58,-4.39,-0.28,0.72
1234,2020-02-03,5.13,5.13,5.28,5.13,226579,197835086.0,2.46,-15.9,-0.97,0.77
1235,2020-02-04,4.84,5.25,5.28,4.84,254899,223424574.0,8.58,2.34,0.12,0.86
1236,2020-02-05,5.22,5.35,5.45,5.17,220714,197062514.0,5.33,1.9,0.1,0.75
1237,2020-02-06,5.44,5.49,5.49,5.3,204033,182895721.0,3.55,2.62,0.14,0.69
1238,2020-02-07,5.4,5.41,5.46,5.25,231080,206384604.0,3.83,-1.46,-0.08,0.78
1239,2020-02-10,5.31,5.68,5.69,5.29,240014,219183371.0,7.39,4.99,0.27,0.81
1240,2020-02-11,5.7,5.69,5.96,5.65,302280,283550272.0,5.46,0.18,0.01,1.02
1241,2020-02-12,5.63,5.72,5.76,5.59,148858,137840589.0,2.99,0.53,0.03,0.5
1242,2020-02-13,5.75,5.59,5.75,5.55,198661,183111064.0,3.5,-2.27,-0.13,0.67
1243,2020-02-14,5.55,5.65,5.67,5.53,141385,129975575.0,2.5,1.07,0.06,0.48
1244,2020-02-17,5.66,5.87,5.87,5.65,223179,208751640.0,3.89,3.89,0.22,0.75
1245,2020-02-18,5.87,5.74,5.88,5.69,221750,207286189.0,3.24,-2.21,-0.13,0.75
1246,2020-02-19,5.74,5.7,5.79,5.7,155413,144699437.0,1.57,-0.7,-0.04,0.53
1247,2020-02-20,5.71,5.83,5.83,5.66,233051,217591735.0,2.98,2.28,0.13,0.79
1248,2020-02-21,5.83,5.86,5.87,5.76,242552,227885790.0,1.89,0.51,0.03,0.82
1249,2020-02-24,5.81,5.73,5.83,5.69,266706,248731339.0,2.39,-2.22,-0.13,0.9
1250,2020-02-25,5.52,5.57,5.64,5.45,249590,227679026.0,3.32,-2.79,-0.16,0.84
1251,2020-02-26,5.47,5.67,5.81,5.45,378328,350774784.0,6.46,1.8,0.1,1.28
1252,2020-02-27,5.62,5.65,5.75,5.62,198100,183191852.0,2.29,-0.35,-0.02,0.67
1253,2020-02-28,5.47,5.29,5.58,5.26,286970,257397145.0,5.66,-6.37,-0.36,0.97
1254,2020-03-02,5.33,5.79,5.8,5.33,417167,384655328.0,8.88,9.45,0.5,1.41
1255,2020-03-03,5.93,5.77,6.09,5.71,360571,340674288.0,6.56,-0.35,-0.02,1.22
1256,2020-03-04,5.73,5.91,5.96,5.69,274118,257951083.0,4.68,2.43,0.14,0.93
1257,2020-03-05,5.98,6.15,6.24,5.91,394738,382202288.0,5.58,4.06,0.24,1.33
1258,2020-03-06,6.05,5.88,6.05,5.85,291251,276882192.0,3.25,-4.39,-0.27,0.98
1259,2020-03-09,5.57,5.54,5.67,5.53,249321,228441651.0,2.38,-5.78,-0.34,0.84
1260,2020-03-10,5.46,5.77,5.82,5.44,226017,208073660.0,6.86,4.15,0.23,0.76
1261,2020-03-11,5.76,5.6,5.79,5.58,135226,125280596.0,3.64,-2.95,-0.17,0.46
1262,2020-03-12,5.54,5.53,5.56,5.43,152090,137859883.0,2.32,-1.25,-0.07,0.51
1263,2020-03-13,5.25,5.42,5.49,5.17,189047,168178107.0,5.79,-1.99,-0.11,0.64
1264,2020-03-16,5.53,5.25,5.54,5.25,176531,158206091.0,5.35,-3.14,-0.17,0.6
1265,2020-03-17,5.28,5.2,5.37,5.04,149312,130874723.0,6.29,-0.95,-0.05,0.5
1266,2020-03-18,5.26,4.99,5.3,4.97,180747,157778050.0,6.35,-4.04,-0.21,0.61
1267,2020-03-19,4.99,4.91,5.02,4.57,174999,147308668.0,9.02,-1.6,-0.08,0.59
1268,2020-03-20,4.92,4.98,4.99,4.87,110755,94206989.0,2.44,1.43,0.07,0.37
1269,2020-03-23,4.83,4.73,4.85,4.72,99719,83203844.0,2.61,-5.02,-0.25,0.34
1270,2020-03-24,4.85,4.84,4.9,4.68,154978,129520330.0,4.65,2.33,0.11,0.52
1271,2020-03-25,4.97,4.99,5.02,4.92,146271,125139042.0,2.07,3.1,0.15,0.49
1272,2020-03-26,4.99,4.97,5.05,4.92,101693,86993326.0,2.61,-0.4,-0.02,0.34
1273,2020-03-27,5.03,5.05,5.1,4.96,156583,134906962.0,2.82,1.61,0.08,0.53
1274,2020-03-30,5.01,5.11,5.16,4.94,185551,160488936.0,4.36,1.19,0.06,0.63
1275,2020-03-31,5.18,5.06,5.18,5.02,110247,95595356.0,3.13,-0.98,-0.05,0.37
1276,2020-04-01,5.0,4.94,5.1,4.92,121407,104187469.0,3.56,-2.37,-0.12,0.41
1277,2020-04-02,4.87,5.04,5.04,4.85,100401,85607512.0,3.85,2.02,0.1,0.34
1278,2020-04-03,5.05,4.97,5.05,4.92,93094,79622831.0,2.58,-1.39,-0.07,0.31
1279,2020-04-07,5.06,5.09,5.1,5.03,132687,114840222.0,1.41,2.41,0.12,0.45
1280,2020-04-08,5.05,5.1,5.16,5.01,133686,115549549.0,2.95,0.2,0.01,0.45
1281,2020-04-09,5.12,5.09,5.14,5.08,74379,64618527.0,1.18,-0.2,-0.01,0.25
1282,2020-04-10,5.1,5.01,5.11,5.0,66129,57039397.0,2.16,-1.57,-0.08,0.22
1283,2020-04-13,5.0,5.01,5.04,4.96,41862,35942169.0,1.6,0.0,0.0,0.14
1284,2020-04-14,5.02,5.11,5.11,5.01,100253,86642597.0,2.0,2.0,0.1,0.34
1285,2020-04-15,5.11,5.03,5.11,5.02,77010,66474517.0,1.76,-1.57,-0.08,0.26
1286,2020-04-16,4.99,5.02,5.04,4.97,66170,56767145.0,1.39,-0.2,-0.01,0.22
1287,2020-04-17,5.04,5.04,5.11,5.0,104153,89943456.0,2.19,0.4,0.02,0.35
1288,2020-04-20,5.06,5.04,5.08,4.99,92745,79836830.0,1.79,0.0,0.0,0.31
1289,2020-04-21,4.97,4.81,4.99,4.75,180230,151842610.0,4.76,-4.56,-0.23,0.61
1290,2020-04-22,4.71,4.86,4.88,4.69,100226,84020397.0,3.95,1.04,0.05,0.34
1291,2020-04-23,4.9,4.79,4.93,4.77,175386,147603444.0,3.29,-1.44,-0.07,0.59
1292,2020-04-24,4.77,4.68,4.79,4.67,132139,109834242.0,2.51,-2.3,-0.11,0.45
1293,2020-04-27,4.65,4.68,4.75,4.63,88960,73572659.0,2.56,0.0,0.0,0.3
1294,2020-04-28,4.69,4.61,4.7,4.49,124654,101805867.0,4.49,-1.5,-0.07,0.42
1295,2020-04-29,4.52,4.57,4.61,4.49,131960,107355092.0,2.6,-0.87,-0.04,0.45
1296,2020-04-30,4.6,4.71,4.74,4.58,128740,106510203.0,3.5,3.06,0.14,0.43
1297,2020-05-06,4.6,4.75,4.75,4.58,124376,103063328.0,3.61,0.85,0.04,0.42
1298,2020-05-07,4.74,4.72,4.77,4.68,90383,74959608.0,1.89,-0.63,-0.03,0.31
1299,2020-05-08,4.73,4.8,4.81,4.72,117927,98419101.0,1.91,1.69,0.08,0.4
1300,2020-05-11,4.83,4.78,4.87,4.78,103521,86964290.0,1.88,-0.42,-0.02,0.35
1301,2020-05-12,4.79,4.75,4.8,4.71,92517,77097501.0,1.88,-0.63,-0.03,0.31
1302,2020-05-13,4.73,4.74,4.75,4.69,56720,47097987.0,1.26,-0.21,-0.01,0.19
1303,2020-05-14,4.71,4.64,4.72,4.62,81802,67450387.0,2.11,-2.11,-0.1,0.28
1304,2020-05-15,4.64,4.64,4.69,4.6,64431,52935277.0,1.94,0.0,0.0,0.22
1305,2020-05-18,4.64,4.74,4.84,4.58,151406,125816476.0,5.6,2.16,0.1,0.51
1306,2020-05-19,4.83,4.9,4.95,4.82,198305,167952253.0,2.74,3.38,0.16,0.67
1307,2020-05-20,4.9,4.9,5.06,4.86,186120,159068992.0,4.08,0.0,0.0,0.63
1308,2020-05-21,4.97,4.91,4.97,4.82,141409,119738246.0,3.06,0.2,0.01,0.48
1309,2020-05-22,4.86,4.74,4.91,4.72,127365,106549767.0,3.87,-3.46,-0.17,0.43
1310,2020-05-25,4.73,4.83,4.87,4.71,90295,75645966.0,3.38,1.9,0.09,0.31
1311,2020-05-26,4.87,4.83,4.87,4.77,109065,91533578.0,2.07,0.0,0.0,0.37
1312,2020-05-27,4.8,4.92,4.94,4.77,165400,140036476.0,3.52,1.86,0.09,0.56
1313,2020-05-28,4.91,4.91,4.95,4.82,150509,127391954.0,2.64,-0.2,-0.01,0.51
1314,2020-05-29,4.9,4.87,4.91,4.82,136389,115009676.0,1.83,-0.81,-0.04,0.46
1315,2020-06-01,4.89,4.97,4.97,4.86,187305,159248735.0,2.26,2.05,0.1,0.63
1316,2020-06-02,4.98,5.16,5.16,4.93,284632,246430074.0,4.63,3.82,0.19,0.96
1317,2020-06-03,5.17,5.03,5.2,5.02,214964,186649025.0,3.49,-2.52,-0.13,0.73
1318,2020-06-04,5.07,5.05,5.08,4.97,136596,117307712.0,2.19,0.4,0.02,0.46
1319,2020-06-05,5.07,5.0,5.09,4.94,90837,77877886.0,2.97,-0.99,-0.05,0.31
1320,2020-06-08,5.03,5.12,5.13,5.03,140969,122248389.0,2.0,2.4,0.12,0.48
1321,2020-06-09,5.18,5.2,5.24,5.13,161113,141304999.0,2.15,1.56,0.08,0.54
1322,2020-06-10,5.22,5.11,5.24,5.09,116786,101726982.0,2.88,-1.73,-0.09,0.39
1323,2020-06-11,5.1,5.04,5.12,5.02,92928,80203496.0,1.96,-1.37,-0.07,0.31
1324,2020-06-12,4.92,5.07,5.07,4.88,113832,97663192.0,3.77,0.6,0.03,0.38
1325,2020-06-15,5.02,4.98,5.08,4.97,88063,75699291.0,2.17,-1.78,-0.09,0.3
1326,2020-06-16,5.01,5.08,5.09,5.0,95175,82121380.0,1.81,2.01,0.1,0.32
1327,2020-06-17,5.09,5.08,5.13,5.03,79542,68827423.0,1.97,0.0,0.0,0.27
1328,2020-06-18,5.04,5.37,5.42,5.04,319931,284399040.0,7.48,5.71,0.29,1.08
1329,2020-06-19,5.36,5.32,5.39,5.23,169976,150766666.0,2.98,-0.93,-0.05,0.57
1330,2020-06-22,5.33,5.3,5.36,5.28,135447,120497135.0,1.5,-0.38,-0.02,0.46
1331,2020-06-23,5.29,5.23,5.34,5.2,94358,83393290.0,2.64,-1.32,-0.07,0.32
1332,2020-06-24,5.25,5.22,5.28,5.18,83465,73506616.0,1.91,-0.19,-0.01,0.28
1333,2020-06-29,5.18,5.06,5.21,5.04,118851,103146666.0,3.26,-3.07,-0.16,0.4
1334,2020-06-30,5.07,5.18,5.18,5.07,102369,89182568.0,2.17,2.37,0.12,0.35
1335,2020-07-01,5.25,5.35,5.36,5.21,153306,135786153.0,2.9,3.28,0.17,0.52
1336,2020-07-02,5.37,5.69,5.71,5.33,302015,275427440.0,7.1,6.36,0.34,1.02
1337,2020-07-03,5.8,6.08,6.28,5.78,550093,529568112.0,8.79,6.85,0.39,1.86
1338,2020-07-06,6.28,6.92,6.92,6.28,767875,779439520.0,10.53,13.82,0.84,2.59
1339,2020-07-07,7.3,6.61,7.3,6.5,710637,691800416.0,11.56,-4.48,-0.31,2.4
1340,2020-07-08,6.49,6.74,6.88,6.4,509019,491433072.0,7.26,1.97,0.13,1.72
1341,2020-07-09,6.74,7.09,7.43,6.5,659119,648685488.0,13.8,5.19,0.35,2.23
1342,2020-07-10,6.9,6.62,6.9,6.55,486340,472703136.0,4.94,-6.63,-0.47,1.64
1343,2020-07-13,7.0,7.1,7.38,6.83,762759,770157344.0,8.31,7.25,0.48,2.58
1344,2020-07-14,7.13,7.22,7.34,6.85,582292,586740528.0,6.9,1.69,0.12,1.97
1345,2020-07-15,7.23,6.91,7.29,6.87,366822,367581456.0,5.82,-4.29,-0.31,1.24
1346,2020-07-16,6.93,6.47,6.95,6.43,358377,348055200.0,7.53,-6.37,-0.44,1.21
1347,2020-07-17,6.46,6.23,6.5,6.17,318385,296926992.0,5.1,-3.71,-0.24,1.08
1348,2020-07-20,6.29,6.65,6.7,6.21,437655,415210944.0,7.87,6.74,0.42,1.48
1349,2020-07-21,6.65,6.45,6.66,6.38,292321,277237536.0,4.21,-3.01,-0.2,0.99
1350,2020-07-22,6.49,6.45,6.59,6.41,254643,242022210.0,2.79,0.0,0.0,0.86
1351,2020-07-23,6.36,6.35,6.42,6.13,235114,218311066.0,4.5,-1.55,-0.1,0.79
1352,2020-07-24,6.34,6.1,6.48,6.0,251545,232723532.0,7.56,-3.94,-0.25,0.85
1353,2020-07-27,6.08,6.15,6.16,5.91,151012,137120925.0,4.1,0.82,0.05,0.51
1354,2020-07-28,6.17,6.22,6.36,6.14,170097,157387207.0,3.58,1.14,0.07,0.57
1355,2020-07-29,6.12,6.27,6.27,6.0,180719,166095278.0,4.34,0.8,0.05,0.61
1356,2020-07-30,6.32,6.2,6.37,6.2,132832,123100079.0,2.71,-1.12,-0.07,0.45
1357,2020-07-31,6.17,6.2,6.31,6.11,144170,132808439.0,3.23,0.0,0.0,0.49
1358,2020-08-03,6.24,6.37,6.37,6.22,247445,230623241.0,2.42,2.74,0.17,0.84
1359,2020-08-04,6.39,6.36,6.44,6.29,202069,189022230.0,2.35,-0.16,-0.01,0.68
1360,2020-08-05,6.36,6.26,6.36,6.17,178867,165501380.0,2.99,-1.57,-0.1,0.6
1361,2020-08-06,6.27,6.2,6.31,6.12,200602,184500752.0,3.04,-0.96,-0.06,0.68
1362,2020-08-07,6.21,6.06,6.25,6.03,229335,209189664.0,3.55,-2.26,-0.14,0.77
1363,2020-08-10,6.05,6.12,6.17,6.05,127631,116243179.0,1.98,0.99,0.06,0.43
1364,2020-08-11,6.15,6.0,6.2,5.98,166527,151606680.0,3.59,-1.96,-0.12,0.56
1365,2020-08-12,5.95,5.96,6.01,5.84,170053,151500482.0,2.83,-0.67,-0.04,0.57
1366,2020-08-13,5.99,6.05,6.14,5.99,130203,118174326.0,2.52,1.51,0.09,0.44
1367,2020-08-14,6.05,6.13,6.14,5.99,115444,104790497.0,2.48,1.32,0.08,0.39
1368,2020-08-17,6.17,6.33,6.36,6.16,254063,235949189.0,3.26,3.26,0.2,0.86
1369,2020-08-18,6.33,6.37,6.54,6.28,292916,275959056.0,4.11,0.63,0.04,0.99
1370,2020-08-19,6.34,6.42,6.51,6.25,269447,253781668.0,4.08,0.78,0.05,0.91
1371,2020-08-20,6.44,6.27,6.6,6.22,203631,190832814.0,5.92,-2.34,-0.15,0.69
1372,2020-08-21,6.27,6.26,6.3,6.18,153478,141790419.0,1.91,-0.16,-0.01,0.52
1373,2020-08-24,6.21,6.21,6.28,6.17,109063,100555317.0,1.76,-0.8,-0.05,0.37
1374,2020-08-25,6.18,6.08,6.23,6.06,127114,116132413.0,2.74,-2.09,-0.13,0.43
1375,2020-08-26,6.08,6.03,6.15,5.98,118570,107117153.0,2.8,-0.82,-0.05,0.4
1376,2020-08-27,6.04,6.11,6.11,6.03,76769,69670773.0,1.33,1.33,0.08,0.26
1377,2020-08-28,6.12,6.22,6.22,6.07,112878,103195815.0,2.45,1.8,0.11,0.38
1378,2020-08-31,6.3,6.28,6.41,6.24,235943,220181205.0,2.73,0.96,0.06,0.8
1379,2020-09-01,6.25,6.37,6.37,6.22,167810,156577232.0,2.39,1.43,0.09,0.57
1380,2020-09-02,6.39,6.27,6.39,6.22,133933,124399496.0,2.67,-1.57,-0.1,0.45
1381,2020-09-03,6.27,6.33,6.41,6.27,167072,156280335.0,2.23,0.96,0.06,0.56
1382,2020-09-04,6.2,6.19,6.26,6.12,160477,147487834.0,2.21,-2.21,-0.14,0.54
1383,2020-09-07,6.2,6.2,6.38,6.16,179920,166932462.0,3.55,0.16,0.01,0.61
1384,2020-09-08,6.17,6.38,6.39,6.16,230908,214804080.0,3.71,2.9,0.18,0.78
1385,2020-09-09,6.3,6.31,6.47,6.26,242888,227684419.0,3.29,-1.1,-0.07,0.82
1386,2020-09-10,6.38,6.43,6.5,6.32,302690,284919584.0,2.85,1.9,0.12,1.02
1387,2020-09-11,6.4,6.14,6.4,6.02,287543,263670879.0,5.91,-4.51,-0.29,0.97
1388,2020-09-14,6.12,6.12,6.15,6.05,142678,129570346.0,1.63,-0.33,-0.02,0.48
1389,2020-09-15,6.13,6.07,6.15,6.02,111515,101090823.0,2.12,-0.82,-0.05,0.38
1390,2020-09-16,6.07,6.07,6.16,6.01,118741,107794316.0,2.47,0.0,0.0,0.4
1391,2020-09-17,6.06,6.1,6.18,6.05,148068,134996303.0,2.14,0.49,0.03,0.5
1392,2020-09-18,6.1,6.84,6.99,6.08,789944,754328112.0,14.92,12.13,0.74,2.67
1393,2020-09-21,6.87,7.16,7.28,6.75,796024,796427968.0,7.75,4.68,0.32,2.69
1394,2020-09-22,7.07,6.84,7.1,6.8,391135,388004336.0,4.19,-4.47,-0.32,1.32
1395,2020-09-23,6.91,6.69,6.95,6.62,279713,272240832.0,4.82,-2.19,-0.15,0.95
1396,2020-09-24,6.64,6.53,6.67,6.45,256562,244602534.0,3.29,-2.39,-0.16,0.87
1397,2020-09-25,6.63,6.42,6.74,6.35,304316,289517696.0,5.97,-1.68,-0.11,1.03
1398,2020-09-28,6.58,6.64,6.88,6.51,358165,346908064.0,5.76,3.43,0.22,1.21
1399,2020-09-29,6.69,6.56,6.7,6.48,252639,241393781.0,3.31,-1.2,-0.08,0.85
1400,2020-09-30,6.53,6.26,6.53,6.21,305461,285043424.0,4.88,-4.57,-0.3,1.03
1401,2020-10-09,6.26,6.58,6.66,6.22,371332,351671440.0,7.03,5.11,0.32,1.25
1402,2020-10-12,6.57,6.71,6.77,6.51,401300,386966800.0,3.95,1.98,0.13,1.36
1403,2020-10-13,6.73,6.75,6.83,6.61,297547,289233536.0,3.28,0.6,0.04,1.01
1404,2020-10-14,6.72,6.57,6.72,6.53,241505,231620665.0,2.81,-2.67,-0.18,0.82
1405,2020-10-15,6.58,6.85,7.06,6.5,527111,517093232.0,8.52,4.26,0.28,1.78
1406,2020-10-16,6.85,6.99,7.2,6.73,737071,740253280.0,6.86,2.04,0.14,2.49
1407,2020-10-19,6.92,6.53,6.92,6.48,716916,691999840.0,6.29,-6.58,-0.46,2.42
1408,2020-10-20,6.48,6.52,6.52,6.35,269960,254601807.0,2.6,-0.15,-0.01,0.91
1409,2020-10-21,6.51,6.43,6.51,6.36,207681,195395886.0,2.3,-1.38,-0.09,0.7
1410,2020-10-22,6.41,6.46,6.55,6.37,190959,180660750.0,2.8,0.47,0.03,0.65
1411,2020-10-23,6.4,6.38,6.48,6.34,178233,167709157.0,2.17,-1.24,-0.08,0.6
1412,2020-10-26,6.35,6.48,6.49,6.22,213378,199340057.0,4.23,1.57,0.1,0.72
1413,2020-10-27,6.41,6.45,6.52,6.36,166470,156998632.0,2.47,-0.46,-0.03,0.56
1414,2020-10-28,6.43,6.36,6.44,6.27,168214,157344240.0,2.64,-1.4,-0.09,0.57
1415,2020-10-29,6.2,6.25,6.31,6.18,175921,162682540.0,2.04,-1.73,-0.11,0.59
1416,2020-10-30,6.27,6.01,6.32,6.0,277934,254175181.0,5.12,-3.84,-0.24,0.94
1417,2020-11-02,6.03,6.07,6.11,5.99,166247,150455661.0,2.0,1.0,0.06,0.56
1418,2020-11-03,6.09,6.21,6.22,6.09,159915,146660430.0,2.14,2.31,0.14,0.54
1419,2020-11-04,6.25,6.23,6.31,6.16,164573,151952310.0,2.42,0.32,0.02,0.56
1420,2020-11-05,6.27,6.26,6.3,6.18,191529,176711520.0,1.93,0.48,0.03,0.65
1421,2020-11-06,6.25,6.3,6.36,6.23,197832,184004835.0,2.08,0.64,0.04,0.67
1422,2020-11-09,6.36,6.44,6.48,6.33,285894,269196976.0,2.38,2.22,0.14,0.97
1423,2020-11-10,6.49,6.32,6.54,6.26,238383,224126733.0,4.35,-1.86,-0.12,0.81
1424,2020-11-11,6.26,6.6,6.74,6.26,571992,547770752.0,7.59,4.43,0.28,1.93
1425,2020-11-12,6.55,6.58,6.64,6.48,258673,246864672.0,2.42,-0.3,-0.02,0.87
1426,2020-11-13,6.54,6.44,6.6,6.39,210038,198851384.0,3.19,-2.13,-0.14,0.71
1427,2020-11-16,6.42,6.82,6.9,6.41,550797,536944688.0,7.61,5.9,0.38,1.86
1428,2020-11-17,6.82,6.78,7.03,6.73,627917,620074464.0,4.4,-0.59,-0.04,2.12
1429,2020-11-18,6.77,6.9,6.99,6.68,374107,368959920.0,4.57,1.77,0.12,1.26
1430,2020-11-19,6.88,6.87,7.02,6.71,273916,269145536.0,4.49,-0.43,-0.03,0.93
1431,2020-11-20,6.84,7.04,7.08,6.72,480114,477231056.0,5.24,2.47,0.17,1.62
1432,2020-11-23,7.07,8.04,8.04,7.07,1180159,1263909648.0,13.78,14.2,1.0,3.99
1433,2020-11-24,8.26,8.35,8.6,7.91,1323183,1492342032.0,8.58,3.86,0.31,4.47
1434,2020-11-25,8.33,8.25,8.88,8.12,1148810,1315809664.0,9.1,-1.2,-0.1,3.88
1435,2020-11-26,8.2,8.3,8.43,8.01,663587,745693072.0,5.09,0.61,0.05,2.24
1436,2020-11-27,8.44,8.36,8.54,7.83,796218,891857264.0,8.55,0.72,0.06,2.69
1437,2020-11-30,8.4,8.36,8.69,8.23,763950,875655232.0,5.5,0.0,0.0,2.58
1438,2020-12-01,8.4,8.5,8.53,8.14,510493,579531504.0,4.67,1.67,0.14,1.72
1439,2020-12-02,8.53,8.57,8.84,8.38,642357,745056656.0,5.41,0.82,0.07,2.17
1440,2020-12-03,8.36,8.07,8.38,7.91,599331,665646560.0,5.48,-5.83,-0.5,2.02
1441,2020-12-04,8.12,8.14,8.18,7.85,328187,362620880.0,4.09,0.87,0.07,1.11
1442,2020-12-07,8.17,8.05,8.45,8.05,406401,455829952.0,4.91,-1.11,-0.09,1.37
1443,2020-12-08,8.06,7.87,8.19,7.82,358484,392972864.0,4.6,-2.24,-0.18,1.21
1444,2020-12-09,8.03,7.89,8.28,7.89,573670,635859344.0,4.96,0.25,0.02,1.94
1445,2020-12-10,7.99,7.91,8.12,7.8,497710,546233440.0,4.06,0.25,0.02,1.68
1446,2020-12-11,8.2,7.7,8.33,7.65,763615,835330144.0,8.6,-2.65,-0.21,2.58
1447,2020-12-14,7.51,7.21,7.52,7.07,649513,665145968.0,5.84,-6.36,-0.49,2.19
1448,2020-12-15,7.22,7.14,7.25,7.04,321038,325478640.0,2.91,-0.97,-0.07,1.08
1449,2020-12-16,7.24,7.18,7.38,7.14,260425,266486699.0,3.36,0.56,0.04,0.88
1450,2020-12-17,6.79,7.16,7.3,6.71,488387,490510368.0,8.22,-0.28,-0.02,1.65
1451,2020-12-18,7.45,7.79,7.99,7.38,660227,707694400.0,8.52,8.8,0.63,2.23
1452,2020-12-21,7.79,7.68,7.85,7.51,424601,451908176.0,4.36,-1.41,-0.11,1.43
1453,2020-12-22,7.54,6.99,7.56,6.96,547565,559338432.0,7.81,-8.98,-0.69,1.85
1454,2020-12-23,6.9,7.17,7.28,6.9,326360,331733856.0,5.44,2.58,0.18,1.1
1455,2020-12-24,7.2,7.22,7.33,7.08,272438,277783616.0,3.49,0.7,0.05,0.92
1456,2020-12-25,7.25,7.5,7.6,7.1,317136,329333568.0,6.93,3.88,0.28,1.07
1457,2020-12-28,7.55,7.53,7.79,7.38,422903,446702112.0,5.47,0.4,0.03,1.43
1458,2020-12-29,7.54,7.03,7.62,6.96,419272,425762368.0,8.76,-6.64,-0.5,1.42
1459,2020-12-30,7.02,7.12,7.32,6.9,298124,302709120.0,5.97,1.28,0.09,1.01
1460,2020-12-31,7.15,7.07,7.2,6.89,330914,332262304.0,4.35,-0.7,-0.05,1.12
1461,2021-01-04,7.06,7.19,7.25,6.95,364929,369989712.0,4.24,1.7,0.12,1.23
1462,2021-01-05,7.15,7.05,7.15,6.86,418225,417276768.0,4.03,-1.95,-0.14,1.41
1463,2021-01-06,7.06,6.99,7.17,6.93,300644,301109696.0,3.4,-0.85,-0.06,1.02
1464,2021-01-07,7.04,7.19,7.38,6.98,529184,539866144.0,5.72,2.86,0.2,1.79
1465,2021-01-08,7.21,7.32,7.51,7.1,438017,450899440.0,5.7,1.81,0.13,1.48
1466,2021-01-11,7.24,6.92,7.25,6.86,387743,387167680.0,5.33,-5.46,-0.4,1.31
1467,2021-01-12,6.88,7.0,7.05,6.83,256464,254626606.0,3.18,1.16,0.08,0.87
1468,2021-01-13,7.0,7.07,7.23,6.91,299247,300757184.0,4.57,1.0,0.07,1.01
1469,2021-01-14,7.12,6.89,7.13,6.89,262549,261657947.0,3.39,-2.55,-0.18,0.89
1470,2021-01-15,7.0,7.0,7.12,6.95,230080,231045583.0,2.47,1.6,0.11,0.78
1471,2021-01-18,7.04,7.16,7.26,6.99,297359,302140880.0,3.86,2.29,0.16,1.0
1472,2021-01-19,7.09,7.16,7.5,7.07,377927,388876800.0,6.01,0.0,0.0,1.28
1473,2021-01-20,7.15,7.02,7.15,6.97,245804,246438705.0,2.51,-1.96,-0.14,0.83
1474,2021-01-21,7.09,7.25,7.41,7.04,415978,425607920.0,5.27,3.28,0.23,1.41
1475,2021-01-22,7.2,6.89,7.2,6.86,384419,383544640.0,4.69,-4.97,-0.36,1.3
1476,2021-01-25,6.85,6.29,6.88,6.21,441367,414848944.0,9.72,-8.71,-0.6,1.49
1477,2021-01-26,6.33,6.3,6.45,6.24,201604,188097385.0,3.34,0.16,0.01,0.68
1478,2021-01-27,6.28,6.2,6.42,6.17,190117,175847640.0,3.97,-1.59,-0.1,0.64
1479,2021-01-28,6.1,5.96,6.14,5.96,195255,176264429.0,2.9,-3.87,-0.24,0.66
1480,2021-01-29,5.97,5.69,6.06,5.63,249147,219050160.0,7.21,-4.53,-0.27,0.84
1481,2021-02-01,5.71,5.75,5.82,5.59,162246,141288150.0,4.04,1.05,0.06,0.55
1482,2021-02-02,5.77,5.65,5.78,5.61,138692,119901500.0,2.96,-1.74,-0.1,0.47
1483,2021-02-03,5.63,5.6,5.72,5.51,122820,105792069.0,3.72,-0.88,-0.05,0.41
1484,2021-02-04,5.64,5.54,5.75,5.43,181204,155425087.0,5.71,-1.07,-0.06,0.61
1485,2021-02-05,5.54,5.53,5.62,5.45,127390,108372247.0,3.07,-0.18,-0.01,0.43
1486,2021-02-08,5.52,5.65,5.69,5.47,131113,112963669.0,3.98,2.17,0.12,0.44
1487,2021-02-09,5.67,5.75,5.79,5.63,177812,154896825.0,2.83,1.77,0.1,0.6
1488,2021-02-10,5.73,5.88,5.96,5.69,188435,166381348.0,4.7,2.26,0.13,0.64
1489,2021-02-18,6.01,6.27,6.35,6.01,342908,315390976.0,5.78,6.63,0.39,1.16
1490,2021-02-19,6.28,6.5,6.56,6.17,336455,316018912.0,6.22,3.67,0.23,1.14
1491,2021-02-22,6.5,6.84,7.25,6.5,541104,534346832.0,11.54,5.23,0.34,1.82
1492,2021-02-23,6.75,6.52,6.76,6.41,371175,354564864.0,5.12,-4.68,-0.32,1.25
1493,2021-02-24,6.51,6.51,6.72,6.38,231044,220520786.0,5.21,-0.15,-0.01,0.78
1494,2021-02-25,6.64,6.84,6.9,6.64,316224,309522640.0,3.99,5.07,0.33,1.06
1495,2021-02-26,6.61,6.64,6.84,6.54,209588,203402897.0,4.39,-2.92,-0.2,0.7
1496,2021-03-01,6.61,7.45,7.6,6.54,872213,895538768.0,15.96,12.2,0.81,2.93
1497,2021-03-02,7.98,8.39,8.5,7.71,1343128,1522703888.0,10.6,12.62,0.94,4.52
1498,2021-03-03,8.2,9.2,9.49,8.0,1208909,1427176032.0,17.76,9.65,0.81,4.07
1499,2021-03-04,9.56,9.71,10.06,9.47,1057898,1345692928.0,6.41,5.54,0.51,3.56
1500,2021-03-05,9.28,8.88,9.38,8.65,771589,918097280.0,7.52,-8.55,-0.83,2.6
1501,2021-03-08,8.98,8.75,9.2,8.69,599395,717060736.0,5.74,-1.46,-0.13,2.02
1502,2021-03-09,8.85,8.68,9.04,8.33,557182,654539936.0,8.11,-0.8,-0.07,1.87
1503,2021-03-10,8.69,8.75,9.05,8.62,408016,482760272.0,4.95,0.81,0.07,1.37
1504,2021-03-11,8.68,9.08,9.26,8.6,483377,578350368.0,7.54,3.77,0.33,1.63
1505,2021-03-12,9.21,10.29,10.29,9.08,835622,1075252384.0,13.33,13.33,1.21,2.81
1506,2021-03-15,10.01,10.39,10.81,9.9,676932,899972448.0,8.84,0.97,0.1,2.28
1507,2021-03-16,10.36,9.59,10.44,9.41,581249,743750224.0,9.91,-7.7,-0.8,1.96
1508,2021-03-17,9.52,9.7,9.78,9.22,453790,567716320.0,5.84,1.15,0.11,1.53
1509,2021-03-18,9.47,9.66,9.77,9.0,477559,592821536.0,7.94,-0.41,-0.04,1.61
1510,2021-03-19,9.25,9.84,10.18,9.13,413229,527718048.0,10.87,1.86,0.18,1.39
1511,2021-03-22,9.83,9.87,10.18,9.53,271171,347620512.0,6.61,0.3,0.03,0.91
1512,2021-03-23,9.81,9.54,9.96,9.2,319788,400411808.0,7.7,-3.34,-0.33,1.08
1513,2021-03-24,9.42,9.08,9.53,8.87,369185,447034640.0,6.92,-4.82,-0.46,1.24
1514,2021-03-25,9.14,9.87,10.09,9.08,496796,632285552.0,11.12,8.7,0.79,1.67
1515,2021-03-26,9.82,10.18,10.31,9.51,392423,507682176.0,8.11,3.14,0.31,1.32
1516,2021-03-29,10.6,11.45,11.5,10.47,657346,932002336.0,10.12,12.48,1.27,2.21
1517,2021-03-30,10.94,10.5,10.94,10.25,584520,792079712.0,6.03,-8.3,-0.95,1.97
1518,2021-03-31,10.45,10.23,10.58,10.13,307296,409519520.0,4.29,-2.57,-0.27,1.03
1519,2021-04-01,10.2,10.51,10.69,9.88,284620,379084816.0,7.92,2.74,0.28,0.96
1520,2021-04-02,10.48,10.39,10.57,10.2,198452,265180251.0,3.52,-1.14,-0.12,0.67
1521,2021-04-06,10.25,10.18,10.38,10.01,176664,232651930.0,3.56,-2.02,-0.21,0.59
1522,2021-04-07,10.17,10.55,10.67,9.78,349480,464706096.0,8.74,3.63,0.37,1.18
1523,2021-04-08,11.0,10.68,11.2,10.3,349004,477760832.0,8.53,1.23,0.13,1.17
1524,2021-04-09,10.31,10.58,10.72,10.25,175482,237242217.0,4.4,-0.94,-0.1,0.59
1525,2021-04-12,10.56,10.43,10.73,10.25,178207,239875451.0,4.54,-1.42,-0.15,0.6
1526,2021-04-13,10.34,10.24,10.45,10.15,109812,146006663.0,2.88,-1.82,-0.19,0.37
1527,2021-04-14,10.3,10.48,10.55,9.93,188073,248912778.0,6.05,2.34,0.24,0.63
1528,2021-04-15,10.48,10.68,11.05,10.29,226861,311441360.0,7.25,1.91,0.2,0.76
1529,2021-04-16,10.95,11.97,12.05,10.95,498542,738489888.0,10.3,12.08,1.29,1.68
1530,2021-04-19,11.7,11.34,11.95,11.3,299331,435568160.0,5.43,-5.26,-0.63,1.01
1531,2021-04-20,11.24,11.08,11.46,11.02,249867,355269248.0,3.88,-2.29,-0.26,0.84
1532,2021-04-21,10.94,11.04,11.24,10.65,260754,363758416.0,5.32,-0.36,-0.04,0.88
1533,2021-04-22,11.19,10.92,11.53,10.88,280996,398886784.0,5.89,-1.09,-0.12,0.95
1534,2021-04-23,10.7,10.78,10.95,10.45,206718,283537456.0,4.58,-1.28,-0.14,0.7
1535,2021-04-26,10.94,11.0,11.12,10.81,235423,328775504.0,2.88,2.04,0.22,0.79
1536,2021-04-27,10.94,10.65,11.04,10.25,200625,272798448.0,7.18,-3.18,-0.35,0.68
1537,2021-04-28,10.57,11.2,11.24,10.5,235166,329070752.0,6.95,5.16,0.55,0.79
1538,2021-04-29,11.07,11.42,11.61,10.83,224683,320520240.0,6.96,1.96,0.22,0.76
1539,2021-04-30,10.21,9.99,10.56,9.98,621422,811916496.0,5.08,-12.52,-1.43,2.09
1540,2021-05-06,9.95,10.87,11.09,9.95,401359,549866704.0,11.41,8.81,0.88,1.35
1541,2021-05-07,11.0,11.89,12.0,10.6,644194,934359440.0,12.88,9.38,1.02,2.17
1542,2021-05-10,11.89,12.38,12.6,11.68,544377,820352560.0,7.74,4.12,0.49,1.83
1543,2021-05-11,11.93,11.83,12.01,11.3,523220,768696864.0,5.74,-4.44,-0.55,1.76
1544,2021-05-12,11.91,11.95,12.17,11.51,257145,381552080.0,5.58,1.01,0.12,0.87
1545,2021-05-13,11.55,11.13,11.69,11.0,233140,333072400.0,5.77,-6.86,-0.82,0.78
1546,2021-05-14,11.2,10.62,11.2,10.35,307910,420306576.0,7.64,-4.58,-0.51,1.04
1547,2021-05-17,10.62,10.51,10.97,10.47,274167,374293136.0,4.71,-1.04,-0.11,0.92
1548,2021-05-18,10.72,11.04,11.21,10.66,233091,325480816.0,5.23,5.04,0.53,0.78
1549,2021-05-19,10.9,10.62,10.95,10.4,165151,224125982.0,4.98,-3.8,-0.42,0.56
1550,2021-05-20,9.96,9.54,9.96,9.26,433206,540482912.0,6.59,-10.17,-1.08,1.46
1551,2021-05-21,9.53,10.28,10.34,9.42,360085,467133664.0,9.64,7.76,0.74,1.21
1552,2021-05-24,10.28,10.14,10.45,9.98,167312,221691928.0,4.57,-1.36,-0.14,0.56
1553,2021-05-25,10.27,10.17,10.43,9.68,230055,300743584.0,7.4,0.3,0.03,0.77
1554,2021-05-26,10.18,10.28,10.38,10.02,121054,160181910.0,3.54,1.08,0.11,0.41
1555,2021-05-27,10.19,10.46,10.67,10.19,179705,242090963.0,4.67,1.75,0.18,0.6
1556,2021-05-28,10.47,10.34,10.78,10.25,149240,201832840.0,5.07,-1.15,-0.12,0.5
1557,2021-05-31,10.47,10.54,10.6,10.25,167518,225611466.0,3.38,1.93,0.2,0.56
1558,2021-06-01,10.54,11.1,11.21,10.2,255085,350534544.0,9.58,5.31,0.56,0.86
1559,2021-06-02,10.99,10.93,11.47,10.89,290093,410861040.0,5.23,-1.53,-0.17,0.98
1560,2021-06-03,11.15,11.55,11.88,11.15,314839,460825248.0,6.68,5.67,0.62,1.06
1561,2021-06-04,11.1,11.5,11.63,10.81,240872,342616400.0,7.1,-0.43,-0.05,0.81
1562,2021-06-07,11.59,11.58,12.05,11.51,252607,373237296.0,4.7,0.7,0.08,0.85
1563,2021-06-08,11.48,11.46,11.65,11.24,160787,231971988.0,3.54,-1.04,-0.12,0.54
1564,2021-06-09,11.57,12.44,12.75,11.35,347803,531428464.0,12.22,8.55,0.98,1.17
1565,2021-06-10,12.27,11.96,12.34,11.85,300634,452672768.0,3.94,-3.86,-0.48,1.01
1566,2021-06-11,12.08,11.93,12.32,11.89,196138,295247584.0,3.6,-0.25,-0.03,0.66
1567,2021-06-15,12.2,12.2,12.44,11.79,220276,332915344.0,5.45,2.26,0.27,0.74
1568,2021-06-16,12.12,12.23,12.73,12.03,239584,367283152.0,5.74,0.25,0.03,0.81
1569,2021-06-17,11.84,12.2,12.46,11.6,237242,359453824.0,7.03,-0.25,-0.03,0.8
1570,2021-06-18,12.25,11.8,12.25,11.7,212899,317096560.0,4.51,-3.28,-0.4,0.72
1571,2021-06-21,11.5,11.64,11.86,11.18,192766,279927616.0,5.76,-1.36,-0.16,0.65
1572,2021-06-22,11.87,11.5,11.87,11.33,148925,217196036.0,4.64,-1.2,-0.14,0.5
1573,2021-06-23,11.64,12.56,12.69,11.52,306028,464774256.0,10.17,9.22,1.06,1.03
1574,2021-06-24,12.61,12.64,13.28,12.22,307461,485886496.0,8.44,0.64,0.08,1.03
1575,2021-06-25,13.09,13.06,13.29,12.77,239530,384074144.0,4.11,3.32,0.42,0.81
1576,2021-06-28,12.43,12.0,12.5,11.8,333918,504555680.0,5.36,-8.12,-1.06,1.12
1577,2021-06-29,12.03,11.78,12.11,11.76,174537,259730125.0,2.92,-1.83,-0.22,0.59
1578,2021-06-30,11.84,12.36,12.88,11.84,241027,372544224.0,8.83,4.92,0.58,0.81
1579,2021-07-01,12.3,11.85,12.53,11.8,132676,201104409.0,5.91,-4.13,-0.51,0.45
1580,2021-07-02,11.82,11.73,12.0,11.67,102617,151499099.0,2.78,-1.01,-0.12,0.35
1581,2021-07-05,11.89,12.05,12.24,11.79,184763,276786096.0,3.84,2.73,0.32,0.62
1582,2021-07-06,12.07,11.96,12.23,11.76,162146,243256295.0,3.9,-0.75,-0.09,0.55
1583,2021-07-07,11.77,11.64,11.92,11.32,231917,336737888.0,5.02,-2.68,-0.32,0.78
1584,2021-07-08,11.36,10.61,11.53,10.45,344984,477619488.0,9.28,-8.85,-1.03,1.16
1585,2021-07-09,10.71,11.65,11.65,10.7,254115,361556304.0,8.95,9.8,1.04,0.85
1586,2021-07-12,11.55,11.27,11.61,11.15,268513,385083168.0,3.95,-3.26,-0.38,0.9
1587,2021-07-13,11.28,12.39,12.59,11.02,351255,527840176.0,13.93,9.94,1.12,1.18
1588,2021-07-14,12.44,13.93,13.93,12.41,361908,602749984.0,12.27,12.43,1.54,1.22
1589,2021-07-15,14.4,14.14,14.4,13.47,465733,791063088.0,6.68,1.51,0.21,1.57
1590,2021-07-16,14.25,14.9,15.18,14.25,396489,710163312.0,6.58,5.37,0.76,1.33
1591,2021-07-19,15.45,15.32,16.4,15.12,436312,818985712.0,8.59,2.82,0.42,1.47
1592,2021-07-20,15.85,14.81,15.99,14.65,293957,528963200.0,8.75,-3.33,-0.51,0.99
1593,2021-07-21,15.05,14.24,15.29,14.16,427526,747492144.0,7.63,-3.85,-0.57,1.44
1594,2021-07-22,14.41,15.0,15.15,13.75,514447,903752976.0,9.83,5.34,0.76,1.73
1595,2021-07-23,15.0,15.1,16.06,14.88,399568,697990752.0,7.87,0.67,0.1,1.34
1596,2021-07-26,15.26,15.04,15.57,14.6,263233,447210816.0,6.42,-0.4,-0.06,0.89
1597,2021-07-27,15.1,15.93,16.74,15.1,493323,907779488.0,10.9,5.92,0.89,1.66
1598,2021-07-28,14.8,16.33,16.76,14.8,469712,840479008.0,12.3,2.51,0.4,1.58
1599,2021-07-29,16.68,16.61,17.16,16.13,340189,631162832.0,6.31,1.71,0.28,1.14
1600,2021-07-30,17.2,16.8,17.31,16.22,402529,758089216.0,6.56,1.14,0.19,1.35
1601,2021-08-02,15.7,14.94,15.78,14.92,461124,786594864.0,5.12,-11.07,-1.86,1.55
1602,2021-08-03,14.85,14.3,15.56,14.19,367009,614799248.0,9.17,-4.28,-0.64,1.23
1603,2021-08-04,14.72,15.07,15.16,14.38,361740,607968192.0,5.45,5.38,0.77,1.22
1604,2021-08-05,14.87,14.7,15.35,14.5,200454,336981872.0,5.64,-2.46,-0.37,0.67
1605,2021-08-06,14.7,15.55,15.72,14.41,270049,461464336.0,8.91,5.78,0.85,0.91
1606,2021-08-09,15.4,15.28,15.79,14.92,233705,405687008.0,5.59,-1.74,-0.27,0.79
1607,2021-08-10,15.12,14.5,15.34,14.3,350239,584018864.0,6.81,-5.1,-0.78,1.18
1608,2021-08-11,14.61,15.47,15.66,14.56,330203,567542304.0,7.59,6.69,0.97,1.11
1609,2021-08-12,15.2,16.76,17.05,14.78,534585,973770080.0,14.67,8.34,1.29,1.8
1610,2021-08-13,16.68,16.4,16.68,15.7,310071,566213200.0,5.85,-2.15,-0.36,1.04
1611,2021-08-16,16.34,14.94,16.39,14.92,346962,604758880.0,8.96,-8.9,-1.46,1.17
1612,2021-08-17,14.94,14.53,15.09,14.4,304248,508857552.0,4.62,-2.74,-0.41,1.02
1613,2021-08-18,14.57,14.29,14.89,14.07,280473,459885984.0,5.64,-1.65,-0.24,0.94
1614,2021-08-19,14.28,14.66,14.79,13.95,318757,525576704.0,5.88,2.59,0.37,1.07
1615,2021-08-20,14.36,14.76,14.83,13.9,186045,304874352.0,6.34,0.68,0.1,0.63
1616,2021-08-23,14.98,15.23,15.75,14.98,302676,525272032.0,5.22,3.18,0.47,1.02
1617,2021-08-24,15.56,15.1,15.66,14.77,255061,434558560.0,5.84,-0.85,-0.13,0.86
1618,2021-08-25,15.1,15.72,15.91,14.92,311578,547108976.0,6.56,4.11,0.62,1.05
1619,2021-08-26,15.66,17.49,17.49,15.6,643522,1225560928.0,12.02,11.26,1.77,2.16
1620,2021-08-27,16.83,19.37,19.39,16.55,678226,1382727168.0,16.24,10.75,1.88,2.28
1621,2021-08-30,19.01,21.21,21.48,18.81,446575,995275040.0,13.78,9.5,1.84,1.5
1622,2021-08-31,21.09,23.53,23.53,20.71,453482,1110024128.0,13.3,10.94,2.32,1.52
1623,2021-09-01,24.8,23.18,24.8,22.26,524848,1340380672.0,10.79,-1.49,-0.35,1.76
1624,2021-09-02,23.7,24.8,24.98,22.95,499471,1299406368.0,8.76,6.99,1.62,1.68
1625,2021-09-03,23.4,23.9,24.88,23.25,392745,1022682576.0,6.57,-3.63,-0.9,1.32
1626,2021-09-06,24.29,24.2,25.0,22.93,435550,1123265664.0,8.66,1.26,0.3,1.46
1627,2021-09-07,24.47,24.95,26.65,23.75,447067,1206963248.0,11.98,3.1,0.75,1.5
1628,2021-09-08,24.95,24.76,26.55,24.19,390072,1053467328.0,9.46,-0.76,-0.19,1.31
1629,2021-09-09,24.78,27.44,27.44,24.5,551715,1569504176.0,11.87,10.82,2.68,1.86
1630,2021-09-10,27.0,27.32,29.33,25.7,495167,1483241968.0,13.23,-0.44,-0.12,1.66
1631,2021-09-13,27.41,30.25,30.25,27.41,335093,1054324864.0,10.4,10.72,2.93,1.13
1632,2021-09-14,30.0,31.3,32.63,29.01,426757,1416875648.0,11.97,3.47,1.05,1.43
1633,2021-09-15,30.5,30.44,31.71,29.2,383597,1236233680.0,8.02,-2.75,-0.86,1.29
1634,2021-09-16,31.5,32.68,33.68,31.5,480543,1689354880.0,7.16,7.36,2.24,1.62
1635,2021-09-17,31.48,29.23,34.95,29.21,460056,1527906768.0,17.56,-10.56,-3.45,1.55
1636,2021-09-22,29.23,32.35,32.35,28.7,339540,1112668112.0,12.49,10.67,3.12,1.14
1637,2021-09-23,34.0,30.14,34.1,29.4,515363,1698951200.0,14.53,-6.83,-2.21,1.73
1638,2021-09-24,30.0,27.1,30.12,26.95,677884,2023570800.0,10.52,-10.09,-3.04,2.28
1639,2021-09-27,27.8,27.49,28.2,25.64,534374,1562773120.0,9.45,1.44,0.39,1.8
1640,2021-09-28,27.49,30.31,30.31,27.04,551186,1711408640.0,11.9,10.26,2.82,1.85
1641,2021-09-29,30.31,27.08,31.43,27.08,471324,1461313168.0,14.35,-10.66,-3.23,1.58
1642,2021-09-30,26.02,26.99,27.17,24.17,638242,1766422048.0,11.08,-0.33,-0.09,2.15
1643,2021-10-08,27.31,25.2,27.56,24.56,501861,1379011616.0,11.12,-6.63,-1.79,1.69
1644,2021-10-11,25.2,27.92,27.92,24.96,464237,1334149392.0,11.75,10.79,2.72,1.56
1645,2021-10-12,28.29,28.5,30.58,26.44,520707,1569294288.0,14.83,2.08,0.58,1.75
1646,2021-10-13,28.38,26.4,28.38,25.45,400248,1129225968.0,10.28,-7.37,-2.1,1.35
1647,2021-10-14,26.0,26.0,27.32,24.7,349042,978508448.0,9.92,-1.52,-0.4,1.17
1648,2021-10-15,26.09,28.15,28.5,25.45,362676,1057923568.0,11.73,8.27,2.15,1.22
1649,2021-10-18,28.14,30.95,31.15,27.3,481591,1521498288.0,13.68,9.95,2.8,1.62
1650,2021-10-19,30.7,30.69,32.14,29.5,454310,1505800016.0,8.53,-0.84,-0.26,1.53
1651,2021-10-20,27.42,27.42,27.42,27.42,73269,215557398.0,0.0,-10.65,-3.27,0.25
1652,2021-10-21,25.51,29.0,29.72,25.51,555345,1661153504.0,15.35,5.76,1.58,1.87
1653,2021-10-22,28.7,26.33,29.9,25.9,478789,1420073200.0,13.79,-9.21,-2.67,1.61
1654,2021-10-25,26.72,26.39,27.5,25.63,357352,1023305824.0,7.1,0.23,0.06,1.2
1655,2021-10-26,26.37,26.0,26.72,25.02,294186,819509120.0,6.44,-1.48,-0.39,0.99
1656,2021-10-27,25.0,23.65,25.49,23.34,607597,1586803504.0,8.27,-9.04,-2.35,2.04
1657,2021-10-28,22.65,21.09,22.85,21.09,602775,1412826464.0,7.44,-10.82,-2.56,2.03
1658,2021-10-29,21.15,20.58,21.3,20.24,504889,1144272512.0,5.03,-2.42,-0.51,1.7
1659,2021-11-01,20.5,20.83,21.15,20.11,490422,1113055104.0,5.05,1.21,0.25,1.65
1660,2021-11-02,20.79,20.68,21.29,19.71,388688,875981264.0,7.59,-0.72,-0.15,1.31
1661,2021-11-03,20.91,22.95,22.95,20.8,598947,1446003600.0,10.4,10.98,2.27,2.01
1662,2021-11-04,22.99,22.54,23.18,21.9,508238,1236427840.0,5.58,-1.79,-0.41,1.71
1663,2021-11-05,22.7,21.08,22.76,21.08,371143,879884624.0,7.45,-6.48,-1.46,1.25
1664,2021-11-08,21.41,21.7,22.54,21.19,421543,1008214640.0,6.4,2.94,0.62,1.42
1665,2021-11-09,21.93,20.91,21.95,20.57,304519,698347664.0,6.36,-3.64,-0.79,1.02
1666,2021-11-10,20.56,20.12,20.62,19.5,341988,751463456.0,5.36,-3.78,-0.79,1.15
1667,2021-11-11,20.36,21.2,21.41,20.13,428861,979653056.0,6.36,5.37,1.08,1.44
1668,2021-11-12,20.6,20.96,21.63,20.47,271844,625083104.0,5.47,-1.13,-0.24,0.91
1669,2021-11-15,20.42,20.18,21.03,20.05,243279,545250352.0,4.68,-3.72,-0.78,0.82
1670,2021-11-16,20.41,19.93,20.45,19.73,210765,462956704.0,3.57,-1.24,-0.25,0.71
1671,2021-11-17,20.0,20.02,20.15,19.65,194575,426071632.0,2.51,0.45,0.09,0.65
1672,2021-11-18,20.42,20.49,20.85,19.84,445577,1001454192.0,5.04,2.35,0.47,1.5
1673,2021-11-19,20.45,20.76,21.18,19.63,349262,783629904.0,7.56,1.32,0.27,1.17
1674,2021-11-22,20.81,21.02,21.9,20.65,424375,986956928.0,6.02,1.25,0.26,1.43
1675,2021-11-23,21.35,21.46,22.31,21.1,407747,967899664.0,5.76,2.09,0.44,1.37
1676,2021-11-24,22.19,23.09,23.24,21.88,502160,1239679136.0,6.34,7.6,1.63,1.69
1677,2021-11-25,23.19,22.8,23.84,21.55,462704,1133891072.0,9.92,-1.26,-0.29,1.56
1678,2021-11-26,21.94,21.27,22.05,20.83,358894,838927040.0,5.35,-6.71,-1.53,1.21
1679,2021-11-29,20.4,20.97,21.1,19.87,292675,657107808.0,5.78,-1.41,-0.3,0.98
1680,2021-11-30,20.9,20.72,21.78,20.66,308402,715424160.0,5.34,-1.19,-0.25,1.04
1681,2021-12-01,20.98,21.72,22.17,20.34,361763,847715856.0,8.83,4.83,1.0,1.22
1682,2021-12-02,21.32,22.45,22.6,21.3,336820,809981888.0,5.99,3.36,0.73,1.13
1683,2021-12-03,22.45,23.4,24.8,21.61,506763,1277101584.0,14.21,4.23,0.95,1.7
1684,2021-12-06,23.0,22.78,24.32,22.72,364164,925909744.0,6.84,-2.65,-0.62,1.22
1685,2021-12-07,23.11,22.82,23.25,21.68,279657,681648256.0,6.89,0.18,0.04,0.94
1686,2021-12-08,22.42,22.0,22.73,21.75,345462,829966512.0,4.29,-3.59,-0.82,1.16
1687,2021-12-09,22.05,20.96,22.06,20.8,516315,1199217168.0,5.73,-4.73,-1.04,1.74
1688,2021-12-10,20.81,20.76,20.82,20.24,516287,1158370448.0,2.77,-0.95,-0.2,1.74
1689,2021-12-13,20.69,20.89,21.25,20.42,544310,1245900992.0,4.0,0.63,0.13,1.83
1690,2021-12-14,20.77,20.2,20.99,20.1,449939,1010381024.0,4.26,-3.3,-0.69,1.51
1691,2021-12-15,20.22,22.42,22.42,20.08,1072972,2548300528.0,11.58,10.99,2.22,3.61
1692,2021-12-16,23.6,24.86,24.86,23.03,726204,1910582928.0,8.16,10.88,2.44,2.44
1693,2021-12-17,26.5,24.98,26.88,23.9,1430802,3911160560.0,11.99,0.48,0.12,4.81
1694,2021-12-20,24.95,22.84,25.5,22.5,889051,2268226656.0,12.01,-8.57,-2.14,2.99
1695,2021-12-21,22.71,23.41,24.3,22.61,664229,1697293152.0,7.4,2.5,0.57,2.23
1696,2021-12-22,23.26,23.6,23.9,22.53,506645,1283878592.0,5.85,0.81,0.19,1.7
1697,2021-12-23,23.3,24.98,25.4,23.17,713858,1888142384.0,9.45,5.85,1.38,2.4
1698,2021-12-24,24.53,23.9,25.08,23.7,409246,1075629728.0,5.52,-4.32,-1.08,1.38
1699,2021-12-27,23.74,24.09,24.87,23.58,402697,1059347776.0,5.4,0.79,0.19,1.35
1700,2021-12-28,24.33,22.6,24.33,22.2,558434,1378479552.0,8.84,-6.19,-1.49,1.88
1701,2021-12-29,22.44,21.4,22.8,21.36,569070,1359554144.0,6.37,-5.31,-1.2,1.91
1702,2021-12-30,21.28,21.34,21.65,21.06,487265,1138406704.0,2.76,-0.28,-0.06,1.64
1703,2021-12-31,21.36,21.53,21.8,20.66,456864,1059900960.0,5.34,0.89,0.19,1.54
1704,2022-01-04,22.55,21.97,23.48,21.63,777153,1887857440.0,8.59,2.04,0.44,2.61
1705,2022-01-05,21.41,21.54,22.01,20.74,518559,1203926992.0,5.78,-1.96,-0.43,1.74
1706,2022-01-06,21.55,21.8,22.35,21.33,441212,1048235200.0,4.74,1.21,0.26,1.48
1707,2022-01-07,21.5,21.1,21.78,21.04,367151,859002368.0,3.39,-3.21,-0.7,1.23
1708,2022-01-10,21.15,21.61,21.62,20.84,338874,791417104.0,3.7,2.42,0.51,1.14
1709,2022-01-11,21.26,20.9,21.33,20.69,334977,769687488.0,2.96,-3.29,-0.71,1.13
1710,2022-01-12,20.94,21.0,21.08,20.82,210102,481719440.0,1.24,0.48,0.1,0.71
1711,2022-01-13,21.08,21.42,21.96,21.04,557054,1315629280.0,4.38,2.0,0.42,1.87
1712,2022-01-14,21.0,20.59,21.0,20.37,369132,836090576.0,2.94,-3.87,-0.83,1.24
1713,2022-01-17,20.6,20.58,20.7,20.12,224715,503609520.0,2.82,-0.05,-0.01,0.76
1714,2022-01-18,20.5,21.38,21.56,20.32,400265,925338112.0,6.03,3.89,0.8,1.35
1715,2022-01-19,21.68,21.86,23.19,21.68,548810,1336951728.0,7.06,2.25,0.48,1.85
1716,2022-01-20,21.58,22.3,22.64,21.18,417863,1005654480.0,6.68,2.01,0.44,1.4
1717,2022-01-21,22.39,23.04,23.41,22.39,599400,1495938208.0,4.57,3.32,0.74,2.02
1718,2022-01-24,22.78,23.22,23.4,22.02,376750,942220112.0,5.99,0.78,0.18,1.27
1719,2022-01-25,22.98,22.31,23.16,22.26,292699,721988640.0,3.88,-3.92,-0.91,0.98
1720,2022-01-26,21.66,22.16,22.47,20.57,435871,1018044352.0,8.52,-0.67,-0.15,1.47
1721,2022-01-27,22.2,22.52,23.65,22.02,340464,849530848.0,7.36,1.62,0.36,1.14
1722,2022-01-28,22.62,21.11,22.96,20.93,270924,638559888.0,9.01,-6.26,-1.41,0.91
1723,2022-02-07,21.73,22.93,23.28,21.6,350243,860766560.0,7.96,8.62,1.82,1.18
1724,2022-02-08,23.99,24.09,24.9,23.48,434564,1130927728.0,6.19,5.06,1.16,1.46
1725,2022-02-09,24.1,25.31,25.5,23.56,481233,1298812800.0,8.05,5.06,1.22,1.62
1726,2022-02-10,24.32,26.5,26.95,23.6,424656,1155904352.0,13.24,4.7,1.19,1.43
1727,2022-02-11,26.3,27.99,29.35,25.91,474290,1426984528.0,12.98,5.62,1.49,1.59
1728,2022-02-14,28.05,27.67,29.28,27.3,272909,822987824.0,7.07,-1.14,-0.32,0.92
1729,2022-02-15,27.66,26.9,27.66,25.8,438053,1250543392.0,6.72,-2.78,-0.77,1.47
1730,2022-02-16,26.66,26.9,27.23,25.69,392112,1113477792.0,5.72,0.0,0.0,1.32
1731,2022-02-17,26.5,27.11,27.53,26.5,229871,668631984.0,3.83,0.78,0.21,0.77
1732,2022-02-18,27.32,28.1,28.66,27.0,283021,848470976.0,6.12,3.65,0.99,0.95
1733,2022-02-21,28.12,28.51,29.1,27.76,275640,838370784.0,4.77,1.46,0.41,0.93
1734,2022-02-22,28.03,29.67,29.81,27.78,296876,929645568.0,7.12,4.07,1.16,1.0
1735,2022-02-23,29.03,28.66,29.67,27.9,296163,902378176.0,5.97,-3.4,-1.01,1.0
1736,2022-02-24,28.34,29.2,30.62,27.95,319391,989465936.0,9.32,1.88,0.54,1.07
1737,2022-02-25,28.57,28.72,29.77,26.87,456574,1383489104.0,9.93,-1.64,-0.48,1.53
1738,2022-02-28,28.19,29.7,29.75,28.0,260191,809569648.0,6.09,3.41,0.98,0.87
1739,2022-03-01,30.2,30.79,31.08,29.53,290487,941317088.0,5.22,3.67,1.09,0.97
1740,2022-03-02,31.5,33.64,33.8,30.98,398480,1366701024.0,9.16,9.26,2.85,1.33
1741,2022-03-03,33.3,33.1,35.02,32.85,318216,1144976704.0,6.45,-1.61,-0.54,1.07
1742,2022-03-04,32.8,33.51,34.89,31.94,311478,1102587088.0,8.91,1.24,0.41,1.04
1743,2022-03-07,34.6,33.1,35.29,32.04,410606,1444186784.0,9.7,-1.22,-0.41,1.37
1744,2022-03-08,32.5,30.03,32.87,29.7,446001,1475769488.0,9.58,-9.27,-3.07,1.49
1745,2022-03-09,30.08,30.7,31.57,29.26,382942,1253884480.0,7.69,2.23,0.67,1.28
1746,2022-03-10,29.5,30.78,31.2,28.6,317928,1027225488.0,8.47,0.26,0.08,1.06
1747,2022-03-11,30.49,30.99,32.41,30.1,377536,1260486112.0,7.5,0.68,0.21,1.26
1748,2022-03-14,30.11,30.73,32.33,29.99,327054,1095653184.0,7.55,-0.84,-0.26,1.09
1749,2022-03-15,30.18,28.7,30.68,28.1,348923,1093175776.0,8.4,-6.61,-2.03,1.17
1750,2022-03-16,29.33,29.42,29.66,27.71,262868,807632512.0,6.79,2.51,0.72,0.88
1751,2022-03-17,29.85,29.98,30.61,28.67,256289,811740464.0,6.59,1.9,0.56,0.86
1752,2022-03-18,30.76,31.29,32.09,30.13,315909,1045690048.0,6.54,4.37,1.31,1.06
1753,2022-03-21,31.15,32.39,32.58,30.71,242526,826212272.0,5.98,3.52,1.1,0.81
1754,2022-03-22,32.28,34.05,34.76,32.11,262992,931892432.0,8.18,5.13,1.66,0.88
1755,2022-03-23,33.9,33.68,34.21,32.86,171998,610307680.0,3.96,-1.09,-0.37,0.58
1756,2022-03-24,33.71,35.36,35.4,33.71,206315,760298608.0,5.02,4.99,1.68,0.69
1757,2022-03-25,35.36,35.58,36.48,34.5,148851,557706864.0,5.6,0.62,0.22,0.5
1758,2022-03-28,35.58,38.34,38.49,34.96,308639,1216708656.0,9.92,7.76,2.76,1.03
1759,2022-03-29,37.55,38.08,38.7,36.4,227455,898526848.0,6.0,-0.68,-0.26,0.76
1760,2022-03-30,37.0,35.96,37.79,34.36,406154,1531643584.0,9.01,-5.57,-2.12,1.36
1761,2022-03-31,37.0,36.34,37.8,35.12,328013,1264378352.0,7.45,1.06,0.38,1.1
1762,2022-04-01,35.71,35.99,37.69,35.0,351619,1342432944.0,7.4,-0.96,-0.35,1.18
1763,2022-04-06,35.7,34.88,36.18,33.1,311866,1133483600.0,8.56,-3.08,-1.11,1.04
1764,2022-04-07,34.55,35.01,35.75,34.08,237666,878593984.0,4.79,0.37,0.13,0.8
1765,2022-04-08,35.17,36.1,36.61,34.8,261764,991337952.0,5.17,3.11,1.09,0.88
1766,2022-04-11,35.75,35.7,37.3,35.1,319152,1221202016.0,6.09,-1.11,-0.4,1.07
1767,2022-04-12,35.63,34.3,36.2,33.8,316704,1167846688.0,6.72,-3.92,-1.4,1.06
1768,2022-04-13,34.37,36.0,36.6,34.23,407306,1535102672.0,6.91,4.96,1.7,1.36
1769,2022-04-14,36.0,37.9,38.03,34.98,345561,1344511552.0,8.47,5.28,1.9,1.16
1770,2022-04-15,38.75,35.1,38.88,34.48,565532,2144523200.0,11.61,-7.39,-2.8,1.89
1771,2022-04-18,33.4,32.4,33.97,31.5,574149,1993085792.0,7.04,-7.69,-2.7,1.92
1772,2022-04-19,32.79,35.25,35.29,32.07,467229,1676174080.0,9.94,8.8,2.85,1.56
1773,2022-04-20,34.53,32.45,34.9,32.4,352082,1243638768.0,7.09,-7.94,-2.8,1.18
1774,2022-04-21,33.13,32.57,33.87,32.01,276925,966694416.0,5.73,0.37,0.12,0.93
1775,2022-04-22,31.73,32.47,33.5,31.58,193332,670645040.0,5.89,-0.31,-0.1,0.65
1776,2022-04-25,31.6,30.7,31.91,29.68,355858,1169728176.0,6.87,-5.45,-1.77,1.19
1777,2022-04-26,30.69,29.03,30.9,28.8,292247,925854480.0,6.84,-5.44,-1.67,0.98
1778,2022-04-27,28.59,29.89,29.92,28.35,276414,865344704.0,5.41,2.96,0.86,0.93
1779,2022-04-28,29.99,32.11,32.44,29.99,281260,938957760.0,8.2,7.43,2.22,0.94
1780,2022-04-29,32.58,32.73,32.87,31.04,248543,844301248.0,5.7,1.93,0.62,0.83
1781,2022-05-05,33.0,32.8,33.79,31.7,216007,751299792.0,6.39,0.21,0.07,0.72
1782,2022-05-06,31.8,31.55,33.37,31.5,162283,558554496.0,5.7,-3.81,-1.25,0.54
1783,2022-05-09,31.0,30.5,31.17,29.4,239171,764510288.0,5.61,-3.33,-1.05,0.8
1784,2022-05-10,29.64,29.98,30.3,28.83,298464,935923456.0,4.82,-1.7,-0.52,1.0
1785,2022-05-11,29.97,31.18,31.5,29.61,221719,728697312.0,6.3,4.0,1.2,0.74
1786,2022-05-12,31.84,30.86,32.4,30.66,190386,636727824.0,5.58,-1.03,-0.32,0.64
1787,2022-05-13,30.72,32.55,32.66,30.61,194614,664120624.0,6.64,5.48,1.69,0.65
1788,2022-05-16,33.13,33.5,33.77,32.29,188185,663370432.0,4.55,2.92,0.95,0.63
1789,2022-05-17,33.52,34.08,34.37,33.32,165354,594343888.0,3.13,1.73,0.58,0.55
1790,2022-05-18,33.9,33.43,34.67,32.9,149750,532156464.0,5.19,-1.91,-0.65,0.5
1791,2022-05-19,32.59,33.05,33.35,32.3,122273,425273232.0,3.14,-1.14,-0.38,0.41
1792,2022-05-20,33.1,34.66,34.85,32.9,237026,856059744.0,5.9,4.87,1.61,0.79
1793,2022-05-23,34.7,34.56,35.89,34.01,184343,682394800.0,5.42,-0.29,-0.1,0.62
1794,2022-05-24,34.15,35.43,37.06,34.15,251338,952084928.0,8.42,2.52,0.87,0.84
1795,2022-05-25,35.44,35.95,36.66,34.74,199059,755979360.0,5.42,1.47,0.52,0.67
1796,2022-05-26,36.6,37.74,38.38,35.98,226747,888387952.0,6.68,4.98,1.79,0.76
1797,2022-05-27,37.9,37.47,38.41,37.03,200024,793969552.0,3.66,-0.72,-0.27,0.67
1798,2022-05-30,37.92,36.8,38.5,36.3,165931,645462992.0,5.87,-1.79,-0.67,0.56
1799,2022-05-31,36.84,36.64,37.89,36.21,160988,623638928.0,4.57,-0.43,-0.16,0.54
1800,2022-06-01,36.43,38.2,38.27,36.22,163013,643510960.0,5.59,4.26,1.56,0.55
1801,2022-06-02,37.85,36.59,37.85,36.02,172080,665901264.0,4.79,-4.21,-1.61,0.58
1802,2022-06-06,37.26,37.2,37.85,36.61,275347,1078860224.0,3.39,1.67,0.61,0.92
1803,2022-06-07,37.05,36.74,38.05,36.15,260018,1010792064.0,5.11,-1.24,-0.46,0.87
1804,2022-06-08,36.84,40.61,40.61,36.84,397349,1621249136.0,10.26,10.53,3.87,1.33
1805,2022-06-09,40.95,40.68,41.54,39.72,316713,1347382480.0,4.48,0.17,0.07,1.06
1806,2022-06-10,40.45,40.8,41.23,39.61,326150,1388715504.0,3.98,0.29,0.12,1.09
1807,2022-06-13,40.5,40.09,40.89,38.79,261588,1098173712.0,5.15,-1.74,-0.71,0.88
1808,2022-06-14,39.42,41.35,42.09,39.1,231571,995052704.0,7.46,3.14,1.26,0.78
1809,2022-06-15,41.0,39.81,41.99,39.72,198757,847335472.0,5.49,-3.72,-1.54,0.67
1810,2022-06-16,39.18,37.27,40.18,36.8,344344,1366934736.0,8.49,-6.38,-2.54,1.15
1811,2022-06-17,37.0,37.1,37.48,36.35,235445,915149856.0,3.03,-0.46,-0.17,0.79
1812,2022-06-20,36.0,33.74,36.0,33.6,425749,1540435888.0,6.47,-9.06,-3.36,1.43
1813,2022-06-21,33.71,34.19,34.55,33.71,268191,969663504.0,2.49,1.33,0.45,0.9
1814,2022-06-22,34.55,33.23,34.91,32.95,230391,827476416.0,5.73,-2.81,-0.96,0.77
1815,2022-06-23,33.11,34.07,34.22,32.05,276621,976075840.0,6.53,2.53,0.84,0.93
1816,2022-06-24,33.71,33.53,34.51,33.05,185290,662737424.0,4.29,-1.58,-0.54,0.62
1817,2022-06-27,34.03,36.03,36.28,33.66,295572,1105567552.0,7.81,7.46,2.5,0.99
1818,2022-06-28,36.15,37.45,37.66,36.15,262716,1028386992.0,4.19,3.94,1.42,0.88
1819,2022-06-29,37.17,37.34,39.02,36.87,195496,780797104.0,5.74,-0.29,-0.11,0.65
1820,2022-06-30,37.3,37.48,38.28,36.81,167722,663149584.0,3.94,0.37,0.14,0.56
1821,2022-07-01,37.0,37.4,37.68,35.27,212227,824858880.0,6.43,-0.21,-0.08,0.71
1822,2022-07-04,37.23,36.79,38.04,36.36,177856,692070432.0,4.49,-1.63,-0.61,0.6
1823,2022-07-05,37.03,38.19,38.87,36.88,223245,892746832.0,5.41,3.81,1.4,0.75
1824,2022-07-06,36.9,35.28,36.9,34.61,293654,1101297248.0,6.0,-7.62,-2.91,0.98
1825,2022-07-07,35.22,35.76,35.85,34.11,191443,712812512.0,4.93,1.36,0.48,0.64
1826,2022-07-08,36.68,35.73,36.84,35.7,154068,588264542.0,3.19,-0.08,-0.03,0.52
1827,2022-07-11,35.72,34.46,35.72,34.15,164189,600083007.0,4.39,-3.55,-1.27,0.55
1828,2022-07-12,34.7,35.02,35.51,34.45,172966,639809378.0,3.08,1.63,0.56,0.58
1829,2022-07-13,35.16,33.94,35.19,33.41,212268,760564316.0,5.08,-3.08,-1.08,0.71
1830,2022-07-14,33.9,34.2,34.66,33.6,169317,578700032.0,3.12,0.77,0.26,0.57
1831,2022-07-15,35.0,35.53,37.43,34.59,330311,1199172446.0,8.3,3.89,1.33,1.11
1832,2022-07-18,35.84,37.44,38.19,35.8,291224,1082335762.0,6.73,5.38,1.91,0.97
1833,2022-07-19,37.89,38.04,38.42,36.92,196779,742452832.0,4.01,1.6,0.6,0.66
1834,2022-07-20,38.04,38.37,39.22,37.55,191070,733747785.0,4.39,0.87,0.33,0.64
1835,2022-07-21,38.37,36.68,38.37,36.5,229905,849020561.0,4.87,-4.4,-1.69,0.77
1836,2022-07-22,36.54,36.12,37.15,35.75,126730,458711524.0,3.82,-1.53,-0.56,0.42
1837,2022-07-25,36.09,36.36,37.18,35.81,119881,437521503.0,3.79,0.66,0.24,0.4
1838,2022-07-26,36.22,37.23,37.6,36.07,131610,488974508.0,4.21,2.39,0.87,0.44
1839,2022-07-27,36.82,37.02,37.38,36.3,99095,365347662.0,2.9,-0.56,-0.21,0.33
1840,2022-07-28,37.59,37.9,38.0,36.84,197419,739609141.0,3.13,2.38,0.88,0.66
1841,2022-07-29,37.54,36.64,38.37,36.59,146584,546630575.0,4.7,-3.32,-1.26,0.49
1842,2022-08-01,36.63,38.26,38.62,36.39,174277,657284790.0,6.09,4.42,1.62,0.58
1843,2022-08-02,37.85,37.68,38.63,36.92,169850,645269899.0,4.47,-1.52,-0.58,0.57
1844,2022-08-03,37.8,37.61,38.37,36.89,147318,554724085.0,3.93,-0.19,-0.07,0.49
1845,2022-08-04,37.42,37.32,37.92,36.63,146291,542145462.0,3.43,-0.77,-0.29,0.49
1846,2022-08-05,37.72,35.96,37.85,35.5,256790,930977103.0,6.3,-3.64,-1.36,0.86
1847,2022-08-08,35.6,38.74,38.98,35.36,290282,1098574688.0,10.07,7.73,2.78,0.97
1848,2022-08-09,38.93,40.78,40.97,38.6,290006,1158372805.0,6.12,5.27,2.04,0.97
1849,2022-08-10,40.42,40.79,41.6,39.88,180473,734947896.0,4.22,0.02,0.01,0.6
1850,2022-08-11,41.16,40.97,41.88,40.4,116336,478086937.0,3.63,0.44,0.18,0.39
1851,2022-08-12,41.16,42.36,42.74,41.16,148703,626137696.0,3.86,3.39,1.39,0.5
1852,2022-08-15,42.36,43.83,45.34,42.09,277698,1227829129.0,7.67,3.47,1.47,0.93
1853,2022-08-16,43.58,42.88,43.94,42.59,229091,985803225.0,3.08,-2.17,-0.95,0.77
1854,2022-08-17,42.99,42.61,43.58,42.04,166956,712589533.0,3.59,-0.63,-0.27,0.56
1855,2022-08-18,42.7,42.7,43.6,42.23,135038,577806312.0,3.22,0.21,0.09,0.45
1856,2022-08-19,43.25,44.63,45.0,43.08,247735,1093208472.0,4.5,4.52,1.93,0.83
1857,2022-08-22,44.7,45.19,45.56,44.22,216724,977443722.0,3.0,1.25,0.56,0.73
1858,2022-08-23,45.2,46.34,47.9,44.62,237599,1106510489.0,7.26,2.54,1.15,0.8
1859,2022-08-24,47.0,45.95,47.14,45.5,191308,884826116.0,3.54,-0.84,-0.39,0.64
1860,2022-08-25,46.33,50.55,50.55,46.1,286584,1405282574.0,9.68,10.01,4.6,0.96
1861,2022-08-26,49.64,49.94,51.01,48.79,283426,1408275776.0,4.39,-1.21,-0.61,0.95
1862,2022-08-29,49.22,51.29,52.1,47.54,418492,2070304863.0,9.13,2.7,1.35,1.4
1863,2022-08-30,50.78,48.31,50.98,47.27,292753,1422129292.0,7.23,-5.81,-2.98,0.98
1864,2022-08-31,48.66,48.0,48.98,47.5,215757,1039234700.0,3.06,-0.64,-0.31,0.72
1865,2022-09-01,48.0,49.7,50.99,47.94,222595,1108133211.0,6.35,3.54,1.7,0.75
1866,2022-09-02,49.15,49.29,50.56,48.02,174626,862179740.0,5.11,-0.82,-0.41,0.58
1867,2022-09-05,50.93,54.21,54.22,49.77,337568,1784231851.0,9.03,9.98,4.92,1.13
1868,2022-09-06,54.34,54.86,55.1,52.88,251896,1363792129.0,4.1,1.2,0.65,0.84
1869,2022-09-07,53.88,55.29,56.14,53.44,207667,1137908755.0,4.92,0.78,0.43,0.7
1870,2022-09-08,53.73,54.0,55.12,52.42,221547,1194499091.0,4.88,-2.33,-1.29,0.74
1871,2022-09-09,54.34,53.92,55.19,52.9,163374,883294316.0,4.24,-0.15,-0.08,0.55
1872,2022-09-13,54.17,54.27,54.79,52.7,144033,774104049.0,3.88,0.65,0.35,0.48
1873,2022-09-14,53.32,53.42,55.66,52.9,164539,886805598.0,5.09,-1.57,-0.85,0.55
1874,2022-09-15,54.49,52.45,55.1,50.9,289093,1520458551.0,7.86,-1.82,-0.97,0.97
1875,2022-09-16,51.25,49.96,52.63,49.51,322119,1623984503.0,5.95,-4.75,-2.49,1.08
1876,2022-09-19,49.42,51.29,52.23,49.42,226177,1162157303.0,5.62,2.66,1.33,0.76
1877,2022-09-20,51.77,51.4,52.22,50.28,146164,749677627.0,3.78,0.21,0.11,0.49
1878,2022-09-21,51.17,52.23,52.78,51.1,150631,786788956.0,3.27,1.61,0.83,0.5
1879,2022-09-22,51.55,53.28,53.75,51.5,205046,1081217881.0,4.31,2.01,1.05,0.69
1880,2022-09-23,52.5,51.09,53.37,50.94,160538,831732005.0,4.56,-4.11,-2.19,0.54
1881,2022-09-26,50.27,50.45,51.92,49.77,167366,852911952.0,4.21,-1.25,-0.64,0.56
1882,2022-09-27,50.69,49.87,50.97,46.66,231885,1133832482.0,8.54,-1.15,-0.58,0.78
1883,2022-09-28,50.33,49.86,51.1,49.42,133311,667723322.0,3.37,-0.02,-0.01,0.45
1884,2022-09-29,50.73,50.42,51.76,50.04,136927,695266667.0,3.45,1.12,0.56,0.46
1885,2022-09-30,50.36,50.17,51.05,49.6,104163,526104332.0,2.88,-0.5,-0.25,0.35
1886,2022-10-10,50.97,50.81,53.28,50.3,153342,793185629.0,5.94,1.28,0.64,0.51
1887,2022-10-11,50.7,49.47,50.89,49.14,152830,758735035.0,3.44,-2.64,-1.34,0.51
1888,2022-10-12,49.49,49.73,50.0,48.4,135569,666720988.0,3.23,0.53,0.26,0.45
1889,2022-10-13,49.18,47.27,49.7,46.5,231333,1098620351.0,6.43,-4.95,-2.46,0.77
1890,2022-10-14,47.88,47.96,48.69,47.02,165266,791222292.0,3.53,1.46,0.69,0.55
1891,2022-10-17,47.32,46.99,47.5,45.34,205923,957134381.0,4.5,-2.02,-0.97,0.69
1892,2022-10-18,47.2,47.15,48.0,46.84,129703,613679162.0,2.47,0.34,0.16,0.43
1893,2022-10-19,46.99,46.62,48.35,46.35,175145,826590029.0,4.24,-1.12,-0.53,0.59
1894,2022-10-20,45.92,45.48,46.07,44.52,183460,833800902.0,3.32,-2.45,-1.14,0.61
1895,2022-10-21,45.46,46.1,46.5,45.0,101129,464552842.0,3.3,1.36,0.62,0.34
1896,2022-10-24,46.1,44.85,46.4,44.71,148480,673087555.0,3.67,-2.71,-1.25,0.5
1897,2022-10-25,45.11,44.87,45.29,43.9,115519,515891250.0,3.1,0.04,0.02,0.39
1898,2022-10-26,45.08,43.17,45.2,42.63,249736,1087260621.0,5.73,-3.79,-1.7,0.84
1899,2022-10-27,43.18,43.5,44.26,43.0,145838,638436325.0,2.92,0.76,0.33,0.49
1900,2022-10-28,43.1,43.6,44.8,42.92,200004,878375088.0,4.32,0.23,0.1,0.67
1901,2022-10-31,43.5,40.6,44.6,40.55,342459,1431807598.0,9.29,-6.88,-3.0,1.15
1902,2022-11-01,40.78,40.23,41.73,38.31,469886,1860894243.0,8.42,-0.91,-0.37,1.57
1903,2022-11-02,39.98,42.14,42.7,39.91,282648,1176140621.0,6.94,4.75,1.91,0.95
1904,2022-11-03,41.5,41.75,42.69,41.03,144566,606625835.0,3.94,-0.93,-0.39,0.48
1905,2022-11-04,42.0,43.55,44.5,41.64,220615,960272562.0,6.85,4.31,1.8,0.74
1906,2022-11-07,43.57,44.2,44.9,43.25,200357,886734218.0,3.79,1.49,0.65,0.67
1907,2022-11-08,43.85,43.15,44.48,42.68,170589,741440083.0,4.07,-2.38,-1.05,0.57
1908,2022-11-09,42.99,42.16,43.2,41.88,123529,522746792.0,3.06,-2.29,-0.99,0.41
1909,2022-11-10,41.58,43.12,43.2,40.66,179209,758633474.0,6.02,2.28,0.96,0.6
1910,2022-11-11,43.6,44.01,44.7,42.7,227757,1001466723.0,4.64,2.06,0.89,0.76
1911,2022-11-14,44.11,41.3,44.36,41.0,257207,1088714963.0,7.63,-6.16,-2.71,0.86
1912,2022-11-15,40.66,40.95,41.29,40.28,299741,1219211588.0,2.45,-0.85,-0.35,1.0
1913,2022-11-16,40.94,41.43,41.98,40.71,163720,676021208.0,3.1,1.17,0.48,0.55
1914,2022-11-17,41.07,38.89,41.1,38.33,352234,1375211353.0,6.69,-6.13,-2.54,1.18
1915,2022-11-18,38.86,38.53,39.2,38.38,146800,568328867.0,2.11,-0.93,-0.36,0.49
1916,2022-11-21,37.95,38.29,38.43,37.27,148880,564106265.0,3.01,-0.62,-0.24,0.5
1917,2022-11-22,38.38,38.59,39.28,38.12,150956,582637669.0,3.03,0.78,0.3,0.51
1918,2022-11-23,38.92,38.97,39.79,38.71,176340,691210736.0,2.8,0.98,0.38,0.59
1919,2022-11-24,39.19,39.09,39.66,38.39,169666,664442527.0,3.26,0.31,0.12,0.57
1920,2022-11-25,39.12,40.04,40.15,38.26,232256,918203439.0,4.83,2.43,0.95,0.78
1921,2022-11-28,39.23,39.32,40.48,38.78,186058,732627012.0,4.25,-1.8,-0.72,0.62
1922,2022-11-29,39.33,39.9,40.09,39.08,165542,656477052.0,2.57,1.48,0.58,0.55
1923,2022-11-30,39.64,40.58,41.6,39.64,296140,1214546202.0,4.91,1.7,0.68,0.99
1924,2022-12-01,41.21,40.0,41.5,39.86,227116,923520532.0,4.04,-1.43,-0.58,0.76
1925,2022-12-02,39.68,39.29,40.26,38.85,184268,723650073.0,3.53,-1.78,-0.71,0.62
1926,2022-12-05,39.6,39.67,40.2,39.34,194281,771819520.0,2.19,0.97,0.38,0.65
1927,2022-12-06,39.39,40.05,40.5,38.66,178094,705566931.0,4.64,0.96,0.38,0.6
1928,2022-12-07,39.91,39.08,40.39,38.81,218583,860192601.0,3.95,-2.42,-0.97,0.73
1929,2022-12-08,39.31,38.38,39.32,38.13,193552,746432148.0,3.05,-1.79,-0.7,0.65
1930,2022-12-09,38.38,38.74,38.74,37.96,275037,1056386514.0,2.03,0.94,0.36,0.92
1931,2022-12-12,38.62,37.14,38.7,37.02,290734,1090946957.0,4.34,-4.13,-1.6,0.97
1932,2022-12-13,37.34,37.82,38.21,37.1,178243,673192990.0,2.99,1.83,0.68,0.6
1933,2022-12-14,37.9,38.38,38.68,37.4,187186,716117820.0,3.38,1.48,0.56,0.63
1934,2022-12-15,38.39,37.35,38.48,37.13,142665,533541206.0,3.52,-2.68,-1.03,0.48
1935,2022-12-16,37.07,37.77,38.19,37.06,126517,477707595.0,3.03,1.12,0.42,0.42
1936,2022-12-19,37.41,36.7,37.69,36.4,138618,511162245.0,3.42,-2.83,-1.07,0.46
1937,2022-12-20,36.6,36.42,36.82,35.88,106380,386222080.0,2.56,-0.76,-0.28,0.36
1938,2022-12-21,36.57,36.13,36.86,35.97,90800,328862224.0,2.44,-0.8,-0.29,0.3
1939,2022-12-22,36.43,34.78,36.53,34.76,159068,562375250.0,4.9,-3.74,-1.35,0.53
1940,2022-12-23,34.55,34.64,34.95,33.82,135366,465227157.0,3.25,-0.4,-0.14,0.45
1941,2022-12-26,34.63,34.8,34.83,34.1,133740,462035497.0,2.11,0.46,0.16,0.45
1942,2022-12-27,34.9,35.03,35.34,34.75,136127,477095567.0,1.7,0.66,0.23,0.46
1943,2022-12-28,34.92,34.7,35.09,34.14,122214,424257459.0,2.71,-0.94,-0.33,0.41
1944,2022-12-29,34.46,33.9,34.67,33.75,117833,401148745.0,2.65,-2.31,-0.8,0.39
1945,2022-12-30,34.2,33.58,34.3,33.56,137435,464345905.0,2.18,-0.94,-0.32,0.46
