,日期,开盘,收盘,最高,最低,成交量,成交额,振幅,涨跌幅,涨跌额,换手率
0,2015-01-05,10.14,10.58,10.89,10.14,504099,699400928.0,7.68,8.29,0.81,9.73
1,2015-01-06,10.37,10.58,11.17,10.16,284053,396621008.0,9.55,0.0,0.0,5.48
2,2015-01-07,10.27,11.78,11.78,10.27,417394,612321344.0,14.27,11.34,1.2,8.05
3,2015-01-08,11.73,11.5,11.96,11.24,259355,387898480.0,6.11,-2.38,-0.28,5.0
4,2015-01-09,11.4,11.27,11.76,11.16,202028,301143184.0,5.22,-2.0,-0.23,3.9
5,2015-01-12,11.13,10.6,11.13,10.39,136854,191889629.0,6.57,-5.94,-0.67,2.64
6,2015-01-13,10.58,11.58,11.74,10.58,237082,350319696.0,10.94,9.25,0.98,4.57
7,2015-01-14,11.58,11.11,11.65,10.94,103846,152304845.0,6.13,-4.06,-0.47,2.0
8,2015-01-15,11.26,11.19,11.69,10.94,143855,211035996.0,6.75,0.72,0.08,2.78
9,2015-01-16,11.11,11.36,11.71,10.55,174905,259389466.0,10.37,1.52,0.17,3.37
10,2015-01-19,10.78,10.08,11.07,10.08,210951,289807264.0,8.71,-11.27,-1.28,4.07
11,2015-01-20,9.95,10.4,10.66,9.95,131386,179564757.0,7.04,3.17,0.32,2.53
12,2015-01-21,10.48,11.18,11.32,10.35,174278,250022223.0,9.33,7.5,0.78,3.36
13,2015-01-22,11.59,12.44,12.44,11.58,252670,401538736.0,7.69,11.27,1.26,4.87
14,2015-01-23,13.19,12.41,13.19,12.03,258849,417609184.0,9.32,-0.24,-0.03,4.99
15,2015-01-26,12.34,13.79,13.79,11.98,287630,480628128.0,14.59,11.12,1.38,5.55
16,2015-01-27,13.46,14.08,14.63,13.2,327689,579805616.0,10.37,2.1,0.29,6.32
17,2015-01-28,13.92,13.52,14.57,13.34,230538,409269424.0,8.74,-3.98,-0.56,4.45
18,2015-01-29,13.31,13.22,13.72,13.03,130059,222612798.0,5.1,-2.22,-0.3,2.51
19,2015-01-30,13.23,13.32,13.66,12.82,138589,234368765.0,6.35,0.76,0.1,2.67
20,2015-02-02,12.87,13.35,13.61,12.51,119205,200658028.0,8.26,0.23,0.03,2.3
21,2015-02-03,13.42,13.21,13.71,12.94,121842,206272916.0,5.77,-1.05,-0.14,2.35
22,2015-02-04,13.26,13.65,13.71,13.2,128182,220455135.0,3.86,3.33,0.44,2.47
23,2015-02-05,14.11,13.67,14.24,13.47,195341,346059504.0,5.64,0.15,0.02,3.77
24,2015-02-06,13.43,13.18,13.62,13.0,98883,167445943.0,4.54,-3.58,-0.49,1.91
25,2015-02-09,12.86,12.55,13.13,12.43,110624,179597306.0,5.31,-4.78,-0.63,2.13
26,2015-02-10,12.63,12.55,12.84,12.21,98572,158504849.0,5.02,0.0,0.0,1.9
27,2015-02-11,12.61,12.73,12.75,12.26,100423,162135519.0,3.9,1.43,0.18,1.94
28,2015-02-12,12.72,12.64,12.87,12.55,75595,123456038.0,2.51,-0.71,-0.09,1.46
29,2015-02-13,12.99,13.64,13.68,12.73,156006,266833690.0,7.52,7.91,1.0,3.01
30,2015-02-16,13.77,13.41,13.85,13.38,102903,178130496.0,3.45,-1.69,-0.23,1.99
31,2015-02-17,13.59,14.23,14.59,13.43,166377,298323200.0,8.65,6.11,0.82,3.21
32,2015-02-25,14.16,14.23,14.49,13.92,100505,180947519.0,4.01,0.0,0.0,1.94
33,2015-02-26,14.31,14.36,14.44,13.94,94645,171515242.0,3.51,0.91,0.13,1.83
34,2015-02-27,14.36,14.44,14.94,14.23,125857,232288959.0,4.94,0.56,0.08,2.43
35,2015-03-02,14.86,14.15,14.94,13.97,165022,299325920.0,6.72,-2.01,-0.29,3.18
36,2015-03-03,13.94,13.54,14.13,13.46,163365,284582832.0,4.73,-4.31,-0.61,3.15
37,2015-03-04,13.56,13.68,13.77,13.51,89090,155195406.0,1.92,1.03,0.14,1.72
38,2015-03-05,13.6,13.62,13.79,13.38,95896,166192165.0,3.0,-0.44,-0.06,1.85
39,2015-03-06,13.68,13.67,13.71,13.35,75043,129583434.0,2.64,0.37,0.05,1.45
40,2015-03-09,13.64,13.83,13.89,13.45,78593,137448258.0,3.22,1.17,0.16,1.52
41,2015-03-10,13.55,13.36,13.63,13.3,139136,239077579.0,2.39,-3.4,-0.47,2.68
42,2015-03-11,13.36,13.12,13.53,13.0,110543,187392213.0,3.97,-1.8,-0.24,2.13
43,2015-03-12,13.19,13.44,13.64,13.03,118606,202001041.0,4.65,2.44,0.32,2.29
44,2015-03-13,13.44,13.23,13.47,13.12,99555,168608376.0,2.6,-1.56,-0.21,1.92
45,2015-03-16,13.3,13.58,13.62,13.2,130157,223780567.0,3.17,2.65,0.35,2.51
46,2015-03-17,13.69,13.88,13.94,13.49,156567,274112000.0,3.31,2.21,0.3,3.02
47,2015-03-18,14.07,14.28,14.59,13.97,198735,360078640.0,4.47,2.88,0.4,3.83
48,2015-03-19,14.39,14.04,14.49,13.92,167992,302744848.0,3.99,-1.68,-0.24,3.24
49,2015-03-20,13.95,14.32,14.55,13.92,160356,289223504.0,4.49,1.99,0.28,3.09
50,2015-03-23,14.4,14.47,14.55,14.28,171945,314076784.0,1.89,1.05,0.15,3.32
51,2015-03-24,14.42,14.07,14.47,13.77,185680,332668288.0,4.84,-2.76,-0.4,3.58
52,2015-03-25,14.09,13.72,14.09,13.71,180549,318361504.0,2.7,-2.49,-0.35,3.48
53,2015-03-26,13.62,13.62,13.7,13.38,141650,244383043.0,2.33,-0.73,-0.1,2.73
54,2015-03-27,13.72,13.81,14.08,13.61,134051,236481668.0,3.45,1.4,0.19,2.59
55,2015-03-30,13.98,14.92,15.11,13.81,343580,633465392.0,9.41,8.04,1.11,6.63
56,2015-03-31,15.14,14.39,15.24,14.33,297688,555566304.0,6.1,-3.55,-0.53,5.74
57,2015-04-01,14.22,14.45,14.55,14.03,134867,244654029.0,3.61,0.42,0.06,2.6
58,2015-04-02,15.11,14.91,15.37,14.63,247313,468970352.0,5.12,3.18,0.46,4.77
59,2015-04-03,14.68,16.55,16.55,14.62,298170,598009824.0,12.94,11.0,1.64,5.75
60,2015-04-07,16.94,17.62,18.31,16.49,332618,725949744.0,11.0,6.47,1.07,6.42
61,2015-04-08,17.62,19.35,19.52,16.59,339759,766702464.0,16.63,9.82,1.73,6.56
62,2015-04-09,19.22,20.4,21.06,18.41,342757,855373248.0,13.7,5.43,1.05,6.61
63,2015-04-10,20.39,20.57,21.39,19.78,216016,547241264.0,7.89,0.83,0.17,4.17
64,2015-04-13,20.57,20.39,20.69,20.0,176469,443915936.0,3.35,-0.88,-0.18,3.4
65,2015-04-14,20.43,20.91,21.37,20.22,195058,500660832.0,5.64,2.55,0.52,3.76
66,2015-04-15,20.91,19.54,20.91,19.52,179280,444965936.0,6.65,-6.55,-1.37,3.46
67,2015-04-24,21.64,21.64,21.64,21.64,5228,13928058.0,0.0,10.75,2.1,0.1
68,2015-04-27,23.94,23.94,23.94,23.08,243854,712367408.0,3.97,10.63,2.3,4.7
69,2015-04-28,26.28,26.48,26.48,24.72,174961,558948064.0,7.35,10.61,2.54,3.38
70,2015-04-29,29.21,29.26,29.26,28.87,103485,366192912.0,1.47,10.5,2.78,2.0
71,2015-05-04,32.34,32.34,32.34,32.34,15695,61210188.0,0.0,10.53,3.08,0.3
72,2015-05-05,35.71,28.96,35.71,28.96,621469,2300777024.0,20.87,-10.45,-3.38,11.99
73,2015-05-06,27.14,26.48,28.87,26.09,434836,1449178048.0,9.6,-8.56,-2.48,8.39
74,2015-05-07,26.71,24.97,27.77,24.81,304817,960390224.0,11.18,-5.7,-1.51,5.88
75,2015-05-08,25.65,26.42,26.64,24.73,300032,939690848.0,7.65,5.81,1.45,5.79
76,2015-05-11,27.14,26.94,27.3,26.32,255145,832682160.0,3.71,1.97,0.52,4.92
77,2015-05-12,27.56,26.58,27.56,26.29,235036,762278048.0,4.71,-1.34,-0.36,4.53
78,2015-05-13,26.18,29.39,29.39,25.5,425645,1415930336.0,14.64,10.57,2.81,8.21
79,2015-05-14,29.8,28.48,29.81,28.44,329828,1165124944.0,4.66,-3.1,-0.91,6.36
80,2015-05-15,27.62,27.79,29.63,26.34,251300,860946848.0,11.55,-2.42,-0.69,4.85
81,2015-05-18,28.1,27.99,28.71,27.22,174756,595980208.0,5.36,0.72,0.2,3.37
82,2015-05-19,27.45,27.96,28.44,27.45,157951,537213488.0,3.54,-0.11,-0.03,3.05
83,2015-05-20,28.04,28.16,28.96,27.56,213075,731921024.0,5.01,0.72,0.2,4.11
84,2015-05-21,28.01,28.17,28.45,27.74,204965,699029008.0,2.52,0.04,0.01,3.95
85,2015-05-22,28.45,29.36,30.41,28.45,275796,982046208.0,6.96,4.22,1.19,5.32
86,2015-05-25,29.31,30.77,31.04,28.61,298925,1084899888.0,8.28,4.8,1.41,5.77
87,2015-05-26,30.91,30.96,31.47,29.83,264147,981768128.0,5.33,0.62,0.19,5.1
88,2015-05-27,32.35,34.2,34.2,32.34,346157,1387749344.0,6.01,10.47,3.24,6.68
89,2015-05-28,34.85,30.64,35.78,30.64,396700,1594732432.0,15.03,-10.41,-3.56,7.65
90,2015-05-29,29.43,29.3,31.04,27.49,269164,952712896.0,11.59,-4.37,-1.34,5.19
91,2015-06-01,28.92,30.37,30.61,28.62,243378,873242912.0,6.79,3.65,1.07,4.7
92,2015-06-02,30.61,30.58,30.86,29.44,230588,836457776.0,4.68,0.69,0.21,4.45
93,2015-06-03,30.61,31.95,32.33,30.16,263578,1001545936.0,7.1,4.48,1.37,5.09
94,2015-06-04,31.95,31.04,31.95,28.71,198970,733535424.0,10.14,-2.85,-0.91,3.84
95,2015-06-05,32.23,32.12,32.29,30.62,253218,967868272.0,5.38,3.48,1.08,4.89
96,2015-06-08,30.68,31.24,31.89,29.74,236979,885093088.0,6.69,-2.74,-0.88,4.57
97,2015-06-09,31.56,30.76,31.56,30.43,159725,595508800.0,3.62,-1.54,-0.48,3.08
98,2015-06-10,31.04,30.95,31.46,29.87,165455,616520496.0,5.17,0.62,0.19,3.19
99,2015-06-11,31.0,31.17,31.45,30.35,163101,608093568.0,3.55,0.71,0.22,3.15
100,2015-06-12,31.47,31.33,31.64,30.87,189401,716427248.0,2.47,0.51,0.16,3.65
101,2015-06-15,31.33,29.65,31.34,29.57,199993,732057024.0,5.65,-5.36,-1.68,3.86
102,2015-06-16,29.13,26.61,29.22,26.55,209758,700467936.0,9.01,-10.25,-3.04,4.05
103,2015-06-17,26.44,28.08,28.44,24.12,211793,671713968.0,16.23,5.52,1.47,4.09
104,2015-06-18,27.53,27.44,29.05,26.36,171295,582287120.0,9.58,-2.28,-0.64,3.3
105,2015-06-19,28.74,27.14,29.48,25.91,191367,660324096.0,13.01,-1.09,-0.3,3.69
106,2015-06-23,26.87,26.15,26.88,24.29,146223,456673728.0,9.54,-3.65,-0.99,2.82
107,2015-06-24,25.84,25.81,26.54,25.02,130728,411769136.0,5.81,-1.3,-0.34,2.52
108,2015-06-25,26.02,23.47,26.02,23.18,177877,537105504.0,11.0,-9.07,-2.34,3.43
109,2015-06-26,21.95,20.98,22.64,20.98,132442,349657120.0,7.07,-10.61,-2.49,2.56
110,2015-06-29,21.69,18.74,21.76,18.74,184314,446049808.0,14.39,-10.68,-2.24,3.56
111,2015-06-30,16.72,19.72,19.84,16.72,261601,587306672.0,16.65,5.23,0.98,5.05
112,2015-07-01,19.34,17.61,19.7,17.61,194671,451137424.0,10.6,-10.7,-2.11,3.76
113,2015-07-02,16.75,15.71,17.27,15.71,165009,333911360.0,8.86,-10.79,-1.9,3.18
114,2015-07-03,13.99,13.99,15.16,13.99,162280,291740240.0,7.45,-10.95,-1.72,3.13
115,2015-07-06,15.45,12.45,15.45,12.45,223976,383751808.0,21.44,-11.01,-1.54,4.32
116,2015-07-07,11.06,11.06,11.56,11.06,81051,117037362.0,4.02,-11.16,-1.39,1.56
117,2015-07-08,9.82,9.82,9.82,9.82,6066,7879734.0,0.0,-11.21,-1.24,0.12
118,2015-07-09,8.69,10.94,10.94,8.69,545653,701383232.0,22.91,11.41,1.12,10.53
119,2015-07-10,11.04,12.18,12.18,10.7,258507,395263184.0,13.53,11.33,1.24,4.99
120,2015-07-13,13.29,13.54,13.54,12.86,416104,709815712.0,5.58,11.17,1.36,8.03
121,2015-07-14,13.73,14.98,15.04,13.29,513810,945821488.0,12.92,10.64,1.44,9.91
122,2015-07-15,14.17,13.34,14.6,13.34,236349,414457184.0,8.41,-10.95,-1.64,4.56
123,2015-07-16,11.86,13.14,13.77,11.86,297425,489121456.0,14.32,-1.5,-0.2,5.74
124,2015-07-17,13.16,14.16,14.41,13.15,264378,464720336.0,9.59,7.76,1.02,5.1
125,2015-07-20,14.24,14.16,14.94,13.47,312073,560120944.0,10.38,0.0,0.0,6.02
126,2015-07-21,13.64,15.71,15.71,13.47,430438,799039200.0,15.82,10.95,1.55,8.3
127,2015-07-22,15.45,15.43,15.9,14.68,347274,678756720.0,7.77,-1.78,-0.28,6.7
128,2015-07-23,15.37,16.14,16.45,15.22,335153,672841808.0,7.97,4.6,0.71,6.47
129,2015-07-24,16.07,16.61,17.77,15.89,453181,950566640.0,11.65,2.91,0.47,8.74
130,2015-07-27,15.93,14.81,16.91,14.81,332331,667617104.0,12.64,-10.84,-1.8,6.41
131,2015-07-28,13.19,13.83,15.04,13.19,263816,468485648.0,12.49,-6.62,-0.98,5.09
132,2015-07-29,14.14,14.67,14.81,13.12,217909,389876512.0,12.22,6.07,0.84,4.2
133,2015-07-30,14.62,13.95,14.91,13.75,198527,366606176.0,7.91,-4.91,-0.72,3.83
134,2015-07-31,13.55,13.25,14.03,12.86,166957,287534176.0,8.39,-5.02,-0.7,3.22
135,2015-08-03,13.12,13.61,13.72,11.81,276794,449930944.0,14.42,2.72,0.36,5.34
136,2015-08-04,13.59,14.42,14.46,13.31,194661,347410224.0,8.45,5.95,0.81,3.76
137,2015-08-05,14.37,13.97,14.76,13.93,179148,325743184.0,5.76,-3.12,-0.45,3.46
138,2015-08-06,13.7,13.65,14.1,13.39,110280,193523937.0,5.08,-2.29,-0.32,2.13
139,2015-08-07,13.77,14.97,15.13,13.77,199909,365971248.0,9.96,9.67,1.32,3.86
140,2015-08-10,14.93,15.78,16.19,14.93,268580,526089056.0,8.42,5.41,0.81,5.18
141,2015-08-11,16.01,16.0,16.41,15.48,235163,470683232.0,5.89,1.39,0.22,4.54
142,2015-08-12,15.75,16.69,17.66,15.6,294267,610397904.0,12.88,4.31,0.69,5.68
143,2015-08-13,16.36,17.65,17.81,16.25,318032,689081248.0,9.35,5.75,0.96,6.14
144,2015-08-14,18.58,17.76,18.93,17.43,322674,730595040.0,8.5,0.62,0.11,6.23
145,2015-08-17,17.53,19.68,19.68,16.95,303370,691810944.0,15.37,10.81,1.92,5.85
146,2015-08-18,20.3,17.57,21.04,17.57,441699,1051662400.0,17.63,-10.72,-2.11,8.52
147,2015-08-19,16.32,18.07,18.18,15.67,385645,803291136.0,14.29,2.85,0.5,7.44
148,2015-08-20,17.62,16.12,17.73,16.12,233314,492704464.0,8.91,-10.79,-1.95,4.5
149,2015-08-21,15.54,14.36,15.65,14.36,228555,427814688.0,8.0,-10.92,-1.76,4.41
150,2015-08-24,13.29,12.79,13.3,12.79,76366,126411821.0,3.55,-10.93,-1.57,1.47
151,2015-08-25,11.37,11.37,11.68,11.37,89192,131967975.0,2.42,-11.1,-1.42,1.72
152,2015-08-26,11.39,10.09,11.58,10.09,294012,409545936.0,13.1,-11.26,-1.28,5.67
153,2015-08-27,9.83,10.52,10.69,9.78,230067,309845504.0,9.02,4.26,0.43,4.44
154,2015-08-28,11.07,11.71,11.71,10.8,226143,332755536.0,8.65,11.31,1.19,4.36
155,2015-08-31,11.78,10.67,11.78,10.61,176084,256523641.0,9.99,-8.88,-1.04,3.4
156,2015-09-01,10.73,10.05,11.0,9.7,251889,333387216.0,12.18,-5.81,-0.62,4.86
157,2015-09-02,9.51,9.72,10.26,9.47,178245,229962672.0,7.86,-3.28,-0.33,3.44
158,2015-09-07,10.01,10.12,10.56,9.58,177358,237670039.0,10.08,4.12,0.4,3.42
159,2015-09-08,9.91,11.17,11.21,9.76,165142,225726411.0,14.33,10.38,1.05,3.19
160,2015-09-09,11.19,11.55,11.74,11.01,240436,357529904.0,6.54,3.4,0.38,4.64
161,2015-09-10,11.26,10.82,11.52,10.8,131553,191733133.0,6.23,-6.32,-0.73,2.54
162,2015-09-11,10.86,11.59,11.65,10.82,187201,273748032.0,7.67,7.12,0.77,3.61
163,2015-09-14,11.65,10.79,11.71,10.31,239911,346273264.0,12.08,-6.9,-0.8,4.63
164,2015-09-15,10.4,10.61,10.69,9.57,185367,250366659.0,10.38,-1.67,-0.18,3.58
165,2015-09-16,10.45,11.55,11.78,10.44,165596,240311396.0,12.63,8.86,0.94,3.19
166,2015-09-17,11.39,10.87,11.97,10.82,182850,271196368.0,9.96,-5.89,-0.68,3.53
167,2015-09-18,10.78,10.77,11.03,10.59,85478,120973699.0,4.05,-0.92,-0.1,1.65
168,2015-09-21,10.8,10.98,11.02,10.44,91082,129106475.0,5.39,1.95,0.21,1.76
169,2015-09-22,11.02,11.16,11.41,10.94,123060,179344171.0,4.28,1.64,0.18,2.37
170,2015-09-23,10.87,10.64,10.99,10.61,92785,130585401.0,3.41,-4.66,-0.52,1.79
171,2015-09-24,10.62,10.65,10.81,10.49,61968,86475750.0,3.01,0.09,0.01,1.2
172,2015-09-25,10.56,10.04,10.88,9.84,92358,126365959.0,9.77,-5.73,-0.61,1.78
173,2015-09-28,10.16,10.19,10.33,9.87,47228,63128879.0,4.58,1.49,0.15,0.91
174,2015-09-29,9.91,9.83,10.07,9.69,60828,79395811.0,3.73,-3.53,-0.36,1.17
175,2015-09-30,9.85,9.9,10.11,9.73,51325,67162770.0,3.87,0.71,0.07,0.99
176,2015-10-08,10.26,10.29,10.39,10.16,71974,97495528.0,2.32,3.94,0.39,1.39
177,2015-10-09,10.31,10.57,10.66,10.17,82630,113134829.0,4.76,2.72,0.28,1.59
178,2015-10-12,10.59,11.51,11.72,10.52,189048,276235104.0,11.35,8.89,0.94,3.65
179,2015-10-13,11.3,11.52,11.55,11.14,158794,234931078.0,3.56,0.09,0.01,3.06
180,2015-10-14,11.51,11.19,11.52,11.07,134332,197028364.0,3.91,-2.86,-0.33,2.59
181,2015-10-15,11.04,11.7,11.94,11.04,177547,265980193.0,8.04,4.56,0.51,3.43
182,2015-10-16,11.77,12.16,12.25,11.56,247370,382202304.0,5.9,3.93,0.46,4.77
183,2015-10-19,12.41,11.96,12.68,11.73,242747,383286784.0,7.81,-1.64,-0.2,4.68
184,2015-10-20,11.98,12.22,12.37,11.77,171507,268591040.0,5.02,2.17,0.26,3.31
185,2015-10-21,12.16,11.21,12.81,11.02,278301,436629920.0,14.65,-8.27,-1.01,5.37
186,2015-10-22,11.13,11.65,11.79,11.03,181532,268442352.0,6.78,3.93,0.44,3.5
187,2015-10-23,11.71,12.4,12.41,11.6,241133,374197824.0,6.95,6.44,0.75,4.65
188,2015-10-26,12.74,12.26,12.81,12.12,241721,387786816.0,5.56,-1.13,-0.14,4.66
189,2015-10-27,12.19,12.07,12.19,11.36,181354,277258144.0,6.77,-1.55,-0.19,3.5
190,2015-10-28,11.9,11.65,12.29,11.63,154262,238887489.0,5.47,-3.48,-0.42,2.98
191,2015-10-29,11.65,11.74,11.94,11.65,108356,165433440.0,2.49,0.77,0.09,2.09
192,2015-10-30,11.78,11.82,12.08,11.47,123897,189211752.0,5.2,0.68,0.08,2.39
193,2015-11-02,11.58,11.3,11.77,11.14,110404,165280676.0,5.33,-4.4,-0.52,2.13
194,2015-11-03,11.34,11.13,11.42,11.04,82965,121005402.0,3.36,-1.5,-0.17,1.6
195,2015-11-04,11.14,11.89,11.93,11.14,140427,211563119.0,7.1,6.83,0.76,2.71
196,2015-11-05,12.01,12.18,12.9,11.93,328197,523388272.0,8.16,2.44,0.29,6.33
197,2015-11-06,12.25,12.48,12.58,12.24,200585,321350256.0,2.79,2.46,0.3,3.87
198,2015-11-09,12.68,12.86,13.12,12.5,243201,399924800.0,4.97,3.04,0.38,4.69
199,2015-11-10,12.68,12.73,12.83,12.42,202734,330159600.0,3.19,-1.01,-0.13,3.91
200,2015-11-11,12.77,13.22,13.5,12.77,215335,363953824.0,5.73,3.85,0.49,4.15
201,2015-11-12,13.49,13.0,13.49,12.87,162253,271952000.0,4.69,-1.66,-0.22,3.13
202,2015-11-13,12.79,12.61,13.05,12.48,139393,227061117.0,4.38,-3.0,-0.39,2.69
203,2015-11-16,12.35,13.05,13.11,12.25,123155,200296390.0,6.82,3.49,0.44,2.38
204,2015-11-17,13.05,12.87,13.26,12.87,161707,271497408.0,2.99,-1.38,-0.18,3.12
205,2015-11-18,12.87,13.67,14.3,12.81,502886,887045312.0,11.58,6.22,0.8,9.7
206,2015-12-09,15.18,15.18,15.18,14.31,426727,806674688.0,6.36,11.05,1.51,8.23
207,2015-12-10,15.18,14.42,15.45,14.16,364238,679461024.0,8.5,-5.01,-0.76,7.03
208,2015-12-11,14.16,13.76,14.31,13.36,186146,325406672.0,6.59,-4.58,-0.66,3.59
209,2015-12-14,13.49,13.75,13.77,13.33,141598,244661717.0,3.2,-0.07,-0.01,2.73
210,2015-12-15,13.94,13.65,14.2,13.46,162869,286235536.0,5.38,-0.73,-0.1,3.14
211,2015-12-16,13.72,13.62,13.81,13.38,127965,221052875.0,3.15,-0.22,-0.03,2.47
212,2015-12-17,13.6,14.16,14.48,13.6,295676,530831648.0,6.46,3.96,0.54,5.7
213,2015-12-18,14.05,14.12,14.81,13.91,243334,441545952.0,6.36,-0.28,-0.04,4.69
214,2015-12-21,13.81,14.78,14.81,13.55,327105,593672480.0,8.92,4.67,0.66,6.31
215,2015-12-22,14.68,14.39,14.72,14.21,217054,398328528.0,3.45,-2.64,-0.39,4.19
216,2015-12-23,14.44,13.99,14.67,13.97,158819,289161376.0,4.86,-2.78,-0.4,3.06
217,2015-12-24,13.99,13.51,13.99,13.4,118339,205437412.0,4.22,-3.43,-0.48,2.28
218,2015-12-25,13.65,13.65,13.79,13.46,84618,146965053.0,2.44,1.04,0.14,1.63
219,2015-12-28,13.74,13.11,13.96,13.07,133350,230149134.0,6.52,-3.96,-0.54,2.57
220,2015-12-29,13.11,13.13,13.19,12.9,89821,149939327.0,2.21,0.15,0.02,1.73
221,2015-12-30,13.2,13.24,13.46,13.08,72927,123668878.0,2.89,0.84,0.11,1.41
222,2015-12-31,13.4,12.71,13.4,12.54,93056,154589325.0,6.5,-4.0,-0.53,1.8
223,2016-01-04,12.68,11.3,12.69,11.3,86560,132543345.0,10.94,-11.09,-1.41,1.67
224,2016-01-05,10.69,10.73,11.12,10.16,134604,187904499.0,8.5,-5.04,-0.57,2.6
225,2016-01-06,10.77,10.98,11.0,10.59,83335,117853011.0,3.82,2.33,0.25,1.61
226,2016-01-07,10.69,9.74,10.7,9.74,27073,35910080.0,8.74,-11.29,-1.24,0.52
227,2016-01-08,9.91,10.06,10.3,8.94,115223,150432730.0,13.96,3.29,0.32,2.22
228,2016-01-11,9.83,9.51,10.39,9.43,104140,136776169.0,9.54,-5.47,-0.55,2.01
229,2016-01-12,9.68,9.92,9.96,9.2,84616,108363435.0,7.99,4.31,0.41,1.63
230,2016-01-13,9.99,9.45,10.29,9.39,77476,102221164.0,9.07,-4.74,-0.47,1.49
231,2016-01-14,9.05,10.16,10.24,9.05,83182,106585167.0,12.59,7.51,0.71,1.6
232,2016-01-15,10.06,9.71,10.25,9.53,73673,96129058.0,7.09,-4.43,-0.45,1.42
233,2016-01-18,9.45,9.75,9.94,9.39,50173,64562516.0,5.66,0.41,0.04,0.97
234,2016-01-19,9.75,10.16,10.2,9.65,70984,93671425.0,5.64,4.21,0.41,1.37
235,2016-01-20,10.05,9.85,10.12,9.83,61160,80415974.0,2.85,-3.05,-0.31,1.18
236,2016-01-21,9.65,9.11,9.9,9.05,61313,77730593.0,8.63,-7.51,-0.74,1.18
237,2016-01-22,9.4,9.23,9.45,8.94,65986,80390839.0,5.6,1.32,0.12,1.27
238,2016-01-25,9.39,9.21,9.43,9.12,44650,55227825.0,3.36,-0.22,-0.02,0.86
239,2016-01-26,9.03,8.45,9.18,8.29,107305,126334974.0,9.66,-8.25,-0.76,2.07
240,2016-01-27,8.44,8.44,8.66,8.16,94750,107322928.0,5.92,-0.12,-0.01,1.83
241,2016-01-28,8.44,8.28,8.56,8.26,50652,57596336.0,3.55,-1.9,-0.16,0.98
242,2016-01-29,8.29,8.73,8.81,8.23,63935,73676311.0,7.0,5.43,0.45,1.23
243,2016-02-01,8.79,8.68,8.89,8.47,54310,63017977.0,4.81,-0.57,-0.05,1.05
244,2016-02-02,8.77,9.09,9.22,8.61,78864,94270742.0,7.03,4.72,0.41,1.52
245,2016-02-03,9.38,9.29,9.53,9.09,91454,113408550.0,4.84,2.2,0.2,1.76
246,2016-02-04,9.19,9.24,9.38,9.13,71594,88346791.0,2.69,-0.54,-0.05,1.38
247,2016-02-05,9.22,9.15,9.37,9.13,47863,58909530.0,2.6,-0.97,-0.09,0.92
248,2016-02-15,8.53,8.87,8.96,8.4,35886,42098426.0,6.12,-3.06,-0.28,0.69
249,2016-02-16,9.04,9.31,9.34,8.87,52654,64621584.0,5.3,4.96,0.44,1.02
250,2016-02-17,9.25,9.42,9.48,9.13,66498,82507759.0,3.76,1.18,0.11,1.28
251,2016-02-18,9.48,9.51,9.81,9.33,80247,101722808.0,5.1,0.96,0.09,1.55
252,2016-02-19,9.51,9.5,9.59,9.35,54764,68887073.0,2.52,-0.11,-0.01,1.06
253,2016-02-22,9.79,10.14,10.39,9.78,117716,156514337.0,6.42,6.74,0.64,2.27
254,2016-02-23,10.09,9.78,10.11,9.62,71337,92924847.0,4.83,-3.55,-0.36,1.38
255,2016-02-24,9.78,10.07,10.18,9.66,72830,95812013.0,5.32,2.97,0.29,1.41
256,2016-02-25,10.0,9.13,10.42,9.09,145413,187137668.0,13.21,-9.33,-0.94,2.81
257,2016-02-26,9.31,9.71,9.86,9.19,108603,137529113.0,7.34,6.35,0.58,2.1
258,2016-02-29,9.96,10.16,10.25,9.35,230998,305191056.0,9.27,4.63,0.45,4.46
259,2016-03-01,9.88,10.58,10.87,9.65,249657,339295248.0,12.01,4.13,0.42,4.82
260,2016-03-02,10.4,11.78,11.78,10.27,414129,608415280.0,14.27,11.34,1.2,7.99
261,2016-03-03,11.93,11.41,12.1,11.34,296091,452591888.0,6.45,-3.14,-0.37,5.71
262,2016-03-04,11.25,10.94,11.63,10.68,203801,295075888.0,8.33,-4.12,-0.47,3.93
263,2016-03-07,11.01,10.96,11.21,10.7,165909,237495663.0,4.66,0.18,0.02,3.2
264,2016-03-08,11.03,10.42,11.03,9.98,167576,227326618.0,9.58,-4.93,-0.54,3.23
265,2016-03-09,10.09,9.86,10.22,9.78,117869,155510262.0,4.22,-5.37,-0.56,2.27
266,2016-03-10,9.77,9.64,9.97,9.59,72763,94045075.0,3.85,-2.23,-0.22,1.4
267,2016-03-11,9.49,9.52,9.64,9.32,56770,71585157.0,3.32,-1.24,-0.12,1.1
268,2016-03-14,9.75,9.79,9.97,9.74,111060,144554192.0,2.42,2.84,0.27,2.14
269,2016-03-15,9.74,10.8,10.92,9.42,241704,323438400.0,15.32,10.32,1.01,4.66
270,2016-03-16,10.55,10.21,10.68,10.15,116878,159842353.0,4.91,-5.46,-0.59,2.25
271,2016-03-17,10.16,10.34,10.52,10.06,88885,120368815.0,4.51,1.27,0.13,1.71
272,2016-03-18,10.35,10.6,10.68,10.3,119501,165129757.0,3.68,2.51,0.26,2.31
273,2016-03-21,10.65,10.84,10.93,10.55,129112,181539991.0,3.58,2.26,0.24,2.49
274,2016-03-22,10.71,10.48,10.75,10.47,86721,120319295.0,2.58,-3.32,-0.36,1.67
275,2016-03-23,10.38,10.53,10.58,10.35,65589,90108799.0,2.19,0.48,0.05,1.27
276,2016-03-24,10.39,10.4,10.66,10.23,82001,112480553.0,4.08,-1.23,-0.13,1.58
277,2016-03-25,10.23,10.47,10.65,10.23,71264,97945424.0,4.04,0.67,0.07,1.37
278,2016-03-28,10.37,10.11,10.58,10.1,75145,102296085.0,4.58,-3.44,-0.36,1.45
279,2016-03-29,9.97,9.65,10.13,9.59,70171,91204894.0,5.34,-4.55,-0.46,1.35
280,2016-03-30,9.74,10.11,10.29,9.74,74580,98849383.0,5.7,4.77,0.46,1.44
281,2016-03-31,10.15,10.04,10.23,10.01,59900,79876060.0,2.18,-0.69,-0.07,1.16
282,2016-04-01,10.09,9.88,10.21,9.79,58006,76250973.0,4.18,-1.59,-0.16,1.12
283,2016-04-05,9.84,10.16,10.23,9.84,68848,91749013.0,3.95,2.83,0.28,1.33
284,2016-04-06,10.16,10.29,10.39,10.07,71664,96688479.0,3.15,1.28,0.13,1.38
285,2016-04-07,10.35,9.98,10.41,9.95,61041,81508985.0,4.47,-3.01,-0.31,1.18
286,2016-04-08,10.04,9.97,10.07,9.87,42128,55362571.0,2.0,-0.1,-0.01,0.81
287,2016-04-11,10.06,10.19,10.34,9.98,60292,80828288.0,3.61,2.21,0.22,1.16
288,2016-04-12,10.22,10.08,10.22,9.92,46677,61784656.0,2.94,-1.08,-0.11,0.9
289,2016-04-13,10.1,10.21,10.39,10.1,93913,126831430.0,2.88,1.29,0.13,1.81
290,2016-04-14,10.28,10.32,10.33,10.13,59981,81012012.0,1.96,1.08,0.11,1.16
291,2016-04-15,10.35,10.23,10.41,10.17,72452,97951826.0,2.33,-0.87,-0.09,1.4
292,2016-04-18,10.12,9.95,10.12,9.92,46802,61656048.0,1.96,-2.74,-0.28,0.9
293,2016-04-19,10.0,10.06,10.09,9.96,36349,48112968.0,1.31,1.11,0.11,0.7
294,2016-04-20,10.09,10.6,10.61,9.84,230821,313392560.0,7.65,5.37,0.54,4.45
295,2016-04-21,10.39,10.38,10.68,10.26,199219,273417648.0,3.96,-2.08,-0.22,3.84
296,2016-04-22,10.26,9.77,10.26,9.49,141362,183179813.0,7.42,-5.88,-0.61,2.73
297,2016-04-25,9.69,9.47,9.69,9.23,78839,98821691.0,4.71,-3.07,-0.3,1.52
298,2016-04-26,9.5,9.63,9.64,9.41,48507,61469692.0,2.43,1.69,0.16,0.94
299,2016-04-27,9.62,9.58,9.64,9.45,59686,75656347.0,1.97,-0.52,-0.05,1.15
300,2016-04-28,9.63,9.32,9.63,9.13,58382,72767605.0,5.22,-2.71,-0.26,1.13
301,2016-04-29,9.27,9.34,9.53,9.15,44509,55658828.0,4.08,0.21,0.02,0.86
302,2016-05-03,9.32,9.61,9.65,9.25,54559,68834075.0,4.28,2.89,0.27,1.05
303,2016-05-04,9.56,9.52,9.6,9.45,50901,64359381.0,1.56,-0.94,-0.09,0.98
304,2016-05-05,9.47,9.65,9.71,9.45,63367,80719010.0,2.73,1.37,0.13,1.22
305,2016-05-06,9.62,9.25,9.68,9.21,75302,94418764.0,4.87,-4.15,-0.4,1.45
306,2016-05-09,9.2,8.71,9.2,8.7,56303,67002464.0,5.41,-5.84,-0.54,1.09
307,2016-05-10,8.69,8.83,8.91,8.61,36000,42535076.0,3.44,1.38,0.12,0.69
308,2016-05-11,8.9,8.74,8.94,8.7,22082,26097501.0,2.72,-1.02,-0.09,0.43
309,2016-05-12,8.67,8.8,8.81,8.39,28698,33273262.0,4.81,0.69,0.06,0.55
310,2016-05-13,8.79,8.69,8.84,8.56,24812,29054232.0,3.18,-1.25,-0.11,0.48
311,2016-05-16,8.68,8.76,8.79,8.61,27887,32704551.0,2.07,0.81,0.07,0.54
312,2016-05-17,8.78,8.7,8.81,8.62,34391,40227668.0,2.17,-0.68,-0.06,0.66
313,2016-05-18,8.62,8.42,8.64,8.26,44194,50145911.0,4.37,-3.22,-0.28,0.85
314,2016-05-19,8.4,8.33,8.56,8.32,29929,34104779.0,2.85,-1.07,-0.09,0.58
315,2016-05-20,8.28,8.41,8.42,8.26,25970,29358799.0,1.92,0.96,0.08,0.5
316,2016-05-23,8.41,8.46,8.49,8.37,25619,29225189.0,1.43,0.59,0.05,0.49
317,2016-05-24,8.48,8.55,8.68,8.4,41849,48371491.0,3.31,1.06,0.09,0.81
318,2016-05-25,8.62,8.36,8.67,8.34,33612,38382101.0,3.86,-2.22,-0.19,0.65
319,2016-05-26,8.33,8.37,8.4,8.02,50036,55513222.0,4.55,0.12,0.01,0.97
320,2016-05-27,8.29,8.2,8.34,8.16,31706,35407099.0,2.15,-2.03,-0.17,0.61
321,2016-05-30,8.2,8.02,8.2,7.95,51940,56737134.0,3.05,-2.2,-0.18,1.0
322,2016-05-31,8.03,8.42,8.42,8.03,73067,82147559.0,4.86,4.99,0.4,1.41
323,2016-06-01,8.42,8.39,8.54,8.35,56875,64947266.0,2.26,-0.36,-0.03,1.1
324,2016-06-02,8.42,8.51,8.59,8.42,55038,63164243.0,2.03,1.43,0.12,1.06
325,2016-06-03,8.55,8.55,8.59,8.45,56080,64463314.0,1.65,0.47,0.04,1.08
326,2016-06-06,8.6,8.81,8.87,8.55,70213,82608914.0,3.74,3.04,0.26,1.35
327,2016-06-07,8.81,8.72,8.81,8.62,44440,52034645.0,2.16,-1.02,-0.09,0.86
328,2016-06-08,8.68,8.74,8.87,8.53,65734,76963315.0,3.9,0.23,0.02,1.27
329,2016-06-13,8.49,8.47,8.87,8.42,48747,56874947.0,5.15,-3.09,-0.27,0.94
330,2016-06-14,8.42,8.28,8.48,8.16,36501,40971109.0,3.78,-2.24,-0.19,0.7
331,2016-06-15,7.99,8.39,8.48,7.96,36391,40919403.0,6.28,1.33,0.11,0.7
332,2016-06-16,8.38,8.21,8.42,8.2,29424,32973157.0,2.62,-2.15,-0.18,0.57
333,2016-06-17,8.27,8.25,8.31,8.17,33638,37597636.0,1.71,0.49,0.04,0.65
334,2016-06-20,8.18,8.3,8.32,8.18,30530,34222541.0,1.7,0.61,0.05,0.59
335,2016-06-21,8.35,8.21,8.38,8.16,33181,37256215.0,2.65,-1.08,-0.09,0.64
336,2016-06-22,8.21,8.28,8.31,8.15,29481,32834509.0,1.95,0.85,0.07,0.57
337,2016-06-23,8.28,8.18,8.29,8.17,25398,28250691.0,1.45,-1.21,-0.1,0.49
338,2016-06-24,8.18,8.0,8.26,7.89,49671,54575645.0,4.52,-2.2,-0.18,0.96
339,2016-06-27,8.0,8.13,8.16,7.94,38779,42595884.0,2.75,1.63,0.13,0.75
340,2016-06-28,8.15,8.26,8.28,8.01,49442,54871754.0,3.32,1.6,0.13,0.95
341,2016-06-29,8.29,8.36,8.38,8.23,53974,59534280.0,1.82,1.21,0.1,1.04
342,2016-06-30,7.86,8.11,8.36,7.86,326633,348895376.0,5.98,-2.99,-0.25,1.01
343,2016-07-01,7.83,7.88,7.97,7.79,220248,232624873.0,2.22,-2.84,-0.23,0.68
344,2016-07-04,7.85,7.9,7.95,7.72,310955,327003280.0,2.92,0.25,0.02,0.96
345,2016-07-05,7.9,7.84,7.9,7.76,317256,332507792.0,1.77,-0.76,-0.06,0.98
346,2016-07-06,7.89,7.9,7.98,7.81,396031,418096896.0,2.17,0.77,0.06,1.23
347,2016-07-07,7.9,7.77,7.9,7.71,322072,335988592.0,2.41,-1.65,-0.13,1.0
348,2016-07-08,7.8,7.72,7.8,7.71,239639,248783984.0,1.16,-0.64,-0.05,0.74
349,2016-07-11,7.73,7.52,7.73,7.5,379691,387208704.0,2.98,-2.59,-0.2,1.18
350,2016-07-12,7.52,7.55,7.57,7.36,326593,328884384.0,2.79,0.4,0.03,1.01
351,2016-07-13,7.56,7.71,7.72,7.46,547006,559337296.0,3.44,2.12,0.16,1.7
352,2016-07-14,7.66,7.62,7.81,7.59,556462,575197152.0,2.85,-1.17,-0.09,1.73
353,2016-07-15,7.62,7.48,7.63,7.45,431779,436872752.0,2.36,-1.84,-0.14,1.34
354,2016-07-18,7.45,7.44,7.46,7.38,288765,289392784.0,1.07,-0.53,-0.04,0.9
355,2016-07-19,7.51,7.52,7.57,7.48,366328,371436752.0,1.21,1.08,0.08,1.14
356,2016-07-20,7.53,7.47,7.54,7.46,322223,325903328.0,1.06,-0.66,-0.05,1.0
357,2016-07-21,7.49,7.45,7.5,7.4,433369,435506384.0,1.34,-0.27,-0.02,1.34
358,2016-07-22,7.45,7.58,7.61,7.41,704461,713877360.0,2.68,1.74,0.13,2.19
359,2016-07-25,7.63,7.52,7.67,7.5,625928,637956960.0,2.24,-0.79,-0.06,1.94
360,2016-07-26,7.53,7.52,7.56,7.47,537689,543937856.0,1.2,0.0,0.0,1.67
361,2016-07-27,7.51,6.98,7.52,6.74,807806,789710688.0,10.37,-7.18,-0.54,2.51
362,2016-07-28,6.99,6.84,6.99,6.66,517693,483223616.0,4.73,-2.01,-0.14,1.61
363,2016-07-29,6.81,6.71,6.82,6.68,322175,297620256.0,2.05,-1.9,-0.13,1.0
364,2016-08-01,6.68,6.44,6.68,6.35,428028,381724992.0,4.92,-4.02,-0.27,1.33
365,2016-08-02,6.44,6.55,6.56,6.4,247196,220897353.0,2.48,1.71,0.11,0.77
366,2016-08-03,6.52,6.56,6.61,6.47,304959,274744368.0,2.14,0.15,0.01,0.95
367,2016-08-04,6.55,6.78,6.81,6.42,706507,643885856.0,5.95,3.35,0.22,2.19
368,2016-08-05,6.78,6.68,6.85,6.63,693948,639952912.0,3.24,-1.47,-0.1,2.15
369,2016-08-08,6.71,6.83,6.91,6.65,787954,733494144.0,3.89,2.25,0.15,2.44
370,2016-08-09,6.85,6.76,6.86,6.68,618176,570327120.0,2.64,-1.02,-0.07,1.92
371,2016-08-10,6.77,6.65,6.77,6.64,471557,432425600.0,1.92,-1.63,-0.11,1.46
372,2016-08-11,6.61,6.48,6.63,6.46,487560,439146864.0,2.56,-2.56,-0.17,1.51
373,2016-08-12,6.42,7.25,7.25,6.41,1528388,1441463984.0,12.96,11.88,0.77,4.74
374,2016-08-15,7.57,8.1,8.1,7.56,2736557,2902852304.0,7.45,11.72,0.85,8.49
375,2016-08-16,8.48,8.26,8.68,8.19,3123986,3474533872.0,6.05,1.98,0.16,9.69
376,2016-08-17,8.1,7.89,8.1,7.77,1894989,2003302464.0,4.0,-4.48,-0.37,5.88
377,2016-08-18,7.83,8.15,8.78,7.83,2928091,3212438496.0,12.04,3.3,0.26,9.08
378,2016-08-19,7.9,7.87,7.96,7.75,1781820,1874658848.0,2.58,-3.44,-0.28,5.53
379,2016-08-22,7.86,7.84,8.07,7.81,1167403,1236812096.0,3.3,-0.38,-0.03,3.62
380,2016-08-23,7.71,7.59,7.76,7.45,1454999,1487143968.0,3.95,-3.19,-0.25,4.51
381,2016-08-24,7.59,7.4,7.59,7.36,1126894,1133247472.0,3.03,-2.5,-0.19,3.5
382,2016-08-25,7.31,7.28,7.32,7.08,1255599,1227714992.0,3.24,-1.62,-0.12,3.9
383,2016-08-26,7.28,7.26,7.33,7.17,779655,766484192.0,2.2,-0.27,-0.02,2.42
384,2016-08-29,7.26,7.25,7.26,7.13,614467,600267248.0,1.79,-0.14,-0.01,1.91
385,2016-08-30,7.23,7.19,7.29,7.18,594480,582606608.0,1.52,-0.83,-0.06,1.84
386,2016-08-31,7.16,7.44,7.71,7.13,1923519,1932318080.0,8.07,3.48,0.25,5.97
387,2016-09-01,7.33,6.96,7.33,6.94,2047054,1972816064.0,5.24,-6.45,-0.48,6.35
388,2016-09-02,6.93,6.96,7.06,6.88,732856,696258496.0,2.59,0.0,0.0,2.27
389,2016-09-05,6.94,6.97,6.98,6.88,647701,613096992.0,1.44,0.14,0.01,2.01
390,2016-09-06,6.96,7.0,7.02,6.82,650879,615871840.0,2.87,0.43,0.03,2.02
391,2016-09-07,7.03,6.98,7.05,6.96,578113,551503904.0,1.29,-0.29,-0.02,1.79
392,2016-09-08,6.94,6.93,7.04,6.89,845804,801331440.0,2.15,-0.72,-0.05,2.62
393,2016-09-09,7.06,6.93,7.12,6.92,1160575,1107975808.0,2.89,0.0,0.0,3.6
394,2016-09-12,6.7,6.68,6.77,6.62,1019636,934032720.0,2.16,-3.61,-0.25,3.16
395,2016-09-13,6.73,6.71,6.76,6.68,552967,508814480.0,1.2,0.45,0.03,1.72
396,2016-09-14,6.61,6.68,6.73,6.51,856157,779657792.0,3.28,-0.45,-0.03,2.66
397,2016-09-19,6.71,6.71,6.74,6.67,498616,457726992.0,1.05,0.45,0.03,1.55
398,2016-09-20,6.71,6.77,6.83,6.67,573965,531645872.0,2.38,0.89,0.06,1.78
399,2016-09-21,6.74,6.81,6.86,6.71,593867,552076608.0,2.22,0.59,0.04,1.84
400,2016-09-22,6.87,7.04,7.21,6.84,1741909,1673838560.0,5.43,3.38,0.23,5.4
401,2016-09-23,7.0,6.82,7.08,6.81,919788,867346496.0,3.84,-3.13,-0.22,2.85
402,2016-09-26,6.8,6.84,7.05,6.76,1019342,962569552.0,4.25,0.29,0.02,3.16
403,2016-09-27,6.82,7.31,7.32,6.82,1864599,1803935328.0,7.31,6.87,0.47,5.78
404,2016-09-28,7.29,7.12,7.32,7.06,1264565,1232035200.0,3.56,-2.6,-0.19,3.92
405,2016-09-29,7.13,7.08,7.18,7.04,740265,713598992.0,1.97,-0.56,-0.04,2.3
406,2016-09-30,7.06,7.06,7.19,6.99,705447,679515936.0,2.82,-0.28,-0.02,2.19
407,2016-10-10,6.93,6.76,6.93,6.56,1189737,1097006000.0,5.24,-4.25,-0.3,3.69
408,2016-10-11,6.71,6.78,6.87,6.68,675971,628417376.0,2.81,0.3,0.02,2.1
409,2016-10-12,6.77,6.78,6.81,6.7,534923,494667008.0,1.62,0.0,0.0,1.66
410,2016-10-13,6.77,6.74,6.79,6.71,490272,452942688.0,1.18,-0.59,-0.04,1.52
411,2016-10-14,6.75,6.68,6.76,6.61,649178,594930592.0,2.23,-0.89,-0.06,2.01
412,2016-10-17,6.68,6.6,6.74,6.56,691604,630895344.0,2.69,-1.2,-0.08,2.15
413,2016-10-18,6.61,6.68,6.68,6.55,727618,662168336.0,1.97,1.21,0.08,2.26
414,2016-10-19,6.68,6.63,6.73,6.6,715927,653551648.0,1.95,-0.75,-0.05,2.22
415,2016-10-20,6.65,6.67,6.75,6.61,779845,714102016.0,2.11,0.6,0.04,2.42
416,2016-10-21,6.67,6.61,6.68,6.57,678838,617497040.0,1.65,-0.9,-0.06,2.11
417,2016-10-24,6.62,6.68,6.71,6.6,832056,761226512.0,1.66,1.06,0.07,2.58
418,2016-10-25,6.68,6.68,6.72,6.66,613021,562151552.0,0.9,0.0,0.0,1.9
419,2016-10-26,6.68,6.71,6.78,6.68,852789,785365600.0,1.5,0.45,0.03,2.65
420,2016-10-27,6.74,6.67,6.74,6.64,528126,483212384.0,1.49,-0.6,-0.04,1.64
421,2016-10-28,6.64,6.58,6.67,6.56,780114,709105248.0,1.65,-1.35,-0.09,2.42
422,2016-10-31,6.56,6.58,6.58,6.5,430202,387762912.0,1.22,0.0,0.0,1.33
423,2016-11-01,6.58,6.63,6.65,6.55,559088,507412400.0,1.52,0.76,0.05,1.73
424,2016-11-02,6.61,6.52,6.61,6.5,664272,598907552.0,1.66,-1.66,-0.11,2.06
425,2016-11-03,6.49,6.54,6.58,6.47,565558,508673888.0,1.69,0.31,0.02,1.75
426,2016-11-04,6.55,6.48,6.56,6.48,536240,481013616.0,1.22,-0.92,-0.06,1.66
427,2016-11-07,6.46,6.47,6.48,6.43,453431,403734320.0,0.77,-0.15,-0.01,1.41
428,2016-11-08,6.48,6.53,6.55,6.45,497362,445670848.0,1.55,0.93,0.06,1.54
429,2016-11-09,6.54,6.57,6.65,6.48,1101741,998151744.0,2.6,0.61,0.04,3.42
430,2016-11-10,6.6,6.61,6.65,6.55,834279,758236848.0,1.52,0.61,0.04,2.59
431,2016-11-11,6.72,6.76,6.93,6.67,1647649,1529048144.0,3.93,2.27,0.15,5.11
432,2016-11-14,6.74,6.71,6.74,6.64,841943,773429952.0,1.48,-0.74,-0.05,2.61
433,2016-11-15,6.71,6.75,6.88,6.65,1098113,1016933616.0,3.43,0.6,0.04,3.41
434,2016-11-16,6.76,6.7,6.77,6.68,679912,625292464.0,1.33,-0.74,-0.05,2.11
435,2016-11-17,6.7,6.68,6.71,6.63,503308,460287504.0,1.19,-0.3,-0.02,1.56
436,2016-11-18,6.69,6.65,6.75,6.63,659555,605632944.0,1.8,-0.45,-0.03,2.05
437,2016-11-21,6.64,6.67,6.7,6.63,489589,447758160.0,1.05,0.3,0.02,1.52
438,2016-11-22,6.67,6.68,6.69,6.64,583073,533732192.0,0.75,0.15,0.01,1.81
439,2016-11-23,6.7,7.24,7.48,6.68,4930455,4826783744.0,11.98,8.38,0.56,15.3
440,2016-11-24,7.12,7.23,7.35,7.04,2871784,2790516912.0,4.28,-0.14,-0.01,8.91
441,2016-11-25,7.21,7.21,7.37,7.11,1989748,1949443680.0,3.6,-0.28,-0.02,6.17
442,2016-11-28,7.24,7.19,7.4,7.15,1682540,1654640864.0,3.47,-0.28,-0.02,5.22
443,2016-11-29,7.12,7.01,7.14,7.0,1436617,1379520384.0,1.95,-2.5,-0.18,4.46
444,2016-11-30,7.07,7.04,7.19,6.97,1179758,1133993888.0,3.14,0.43,0.03,3.66
445,2016-12-01,7.05,7.45,7.72,7.01,3070414,3050787792.0,10.09,5.82,0.41,9.53
446,2016-12-02,7.39,7.13,7.51,7.11,1996094,1966994896.0,5.37,-4.3,-0.32,6.19
447,2016-12-05,7.01,6.99,7.1,6.91,1127348,1074345904.0,2.66,-1.96,-0.14,3.5
448,2016-12-06,7.0,6.93,7.03,6.92,679414,644823792.0,1.57,-0.86,-0.06,2.11
449,2016-12-07,6.94,6.97,6.98,6.83,766564,722454336.0,2.16,0.58,0.04,2.38
450,2016-12-08,6.99,6.84,7.0,6.81,726322,683459616.0,2.73,-1.87,-0.13,2.25
451,2016-12-09,6.85,6.87,6.93,6.82,805484,756764992.0,1.61,0.44,0.03,2.5
452,2016-12-12,6.85,6.55,6.89,6.53,1404108,1282431200.0,5.24,-4.66,-0.32,4.36
453,2016-12-13,6.54,6.6,6.61,6.46,558446,503148000.0,2.29,0.76,0.05,1.73
454,2016-12-14,6.57,6.5,6.59,6.49,533351,479740240.0,1.52,-1.52,-0.1,1.65
455,2016-12-15,6.47,6.55,6.56,6.43,420258,377396224.0,2.0,0.77,0.05,1.3
456,2016-12-16,6.54,6.64,6.67,6.5,524871,476357712.0,2.6,1.37,0.09,1.63
457,2016-12-19,6.61,6.55,6.63,6.53,360904,326000480.0,1.51,-1.36,-0.09,1.12
458,2016-12-20,6.56,6.55,6.57,6.49,299408,268969472.0,1.22,0.0,0.0,0.93
459,2016-12-21,6.56,6.59,6.59,6.55,354934,320861296.0,0.61,0.61,0.04,1.1
460,2016-12-22,6.59,6.55,6.59,6.51,322022,290022528.0,1.21,-0.61,-0.04,1.0
461,2016-12-23,6.55,6.42,6.55,6.39,530662,472939792.0,2.44,-1.98,-0.13,1.65
462,2016-12-26,6.41,6.32,6.41,6.13,579355,501567872.0,4.36,-1.56,-0.1,1.8
463,2016-12-27,6.29,6.33,6.49,6.27,431607,380395696.0,3.48,0.16,0.01,1.34
464,2016-12-28,6.3,6.23,6.34,6.23,355185,308690688.0,1.74,-1.58,-0.1,1.1
465,2016-12-29,6.21,6.25,6.3,6.21,254277,220422040.0,1.44,0.32,0.02,0.79
466,2016-12-30,6.25,6.29,6.33,6.23,264497,229956796.0,1.6,0.64,0.04,0.82
467,2017-01-03,6.28,6.32,6.35,6.28,265998,232435641.0,1.11,0.48,0.03,0.83
468,2017-01-04,6.3,6.37,6.42,6.29,637620,558773376.0,2.06,0.79,0.05,1.98
469,2017-01-05,6.34,6.29,6.36,6.29,448138,392229632.0,1.1,-1.26,-0.08,1.39
470,2017-01-06,6.27,6.18,6.3,6.16,579201,499783504.0,2.23,-1.75,-0.11,1.8
471,2017-01-09,6.15,6.25,6.28,6.13,412915,356027792.0,2.43,1.13,0.07,1.28
472,2017-01-10,6.23,6.2,6.26,6.19,269197,232477352.0,1.12,-0.8,-0.05,0.84
473,2017-01-11,6.21,6.16,6.24,6.16,234325,201547066.0,1.29,-0.65,-0.04,0.73
474,2017-01-12,6.18,6.18,6.23,6.16,297743,256213391.0,1.14,0.32,0.02,0.92
475,2017-01-13,6.22,6.22,6.27,6.18,426390,368039264.0,1.46,0.65,0.04,1.32
476,2017-01-16,6.22,6.24,6.27,5.97,870608,741873136.0,4.82,0.32,0.02,2.7
477,2017-01-17,6.19,6.19,6.21,6.1,309528,265098287.0,1.76,-0.8,-0.05,0.96
478,2017-01-18,6.19,6.23,6.26,6.15,274580,237018676.0,1.78,0.65,0.04,0.85
479,2017-01-19,6.21,6.21,6.23,6.18,205688,177034622.0,0.8,-0.32,-0.02,0.64
480,2017-01-20,6.17,6.24,6.29,6.16,354850,307218928.0,2.09,0.48,0.03,1.1
481,2017-01-23,6.23,6.26,6.3,6.23,306484,266417103.0,1.12,0.32,0.02,0.95
482,2017-01-24,6.25,6.21,6.27,6.19,242318,209102176.0,1.28,-0.8,-0.05,0.75
483,2017-01-25,6.19,6.19,6.23,6.16,216747,186548399.0,1.13,-0.32,-0.02,0.67
484,2017-01-26,6.19,6.21,6.23,6.19,166281,143465984.0,0.65,0.32,0.02,0.52
485,2017-02-03,6.23,6.22,6.25,6.2,201330,173969195.0,0.81,0.16,0.01,0.62
486,2017-02-06,6.22,6.23,6.23,6.17,238287,205509033.0,0.96,0.16,0.01,0.74
487,2017-02-07,6.23,6.18,6.23,6.16,264398,227430353.0,1.12,-0.8,-0.05,0.82
488,2017-02-08,6.16,6.2,6.21,6.12,318846,272940624.0,1.46,0.32,0.02,0.99
489,2017-02-09,6.22,6.31,6.42,6.21,722975,634157344.0,3.39,1.77,0.11,2.24
490,2017-02-10,6.29,6.31,6.38,6.28,547748,479530592.0,1.58,0.0,0.0,1.7
491,2017-02-13,6.37,6.4,6.43,6.32,569478,501716672.0,1.74,1.43,0.09,1.77
492,2017-02-14,6.4,6.36,6.41,6.33,298147,262133043.0,1.25,-0.63,-0.04,0.92
493,2017-02-15,6.36,6.34,6.49,6.3,569663,502307504.0,2.99,-0.31,-0.02,1.77
494,2017-02-16,6.32,6.38,6.42,6.32,463631,408268752.0,1.58,0.63,0.04,1.44
495,2017-02-17,6.35,6.29,6.41,6.29,443071,388940688.0,1.88,-1.41,-0.09,1.37
496,2017-02-20,6.29,6.43,6.44,6.27,566474,499006288.0,2.7,2.23,0.14,1.76
497,2017-02-21,6.42,6.41,6.45,6.38,490613,434076512.0,1.09,-0.31,-0.02,1.52
498,2017-02-22,6.41,6.38,6.42,6.35,386927,341220832.0,1.09,-0.47,-0.03,1.2
499,2017-02-23,6.37,6.29,6.38,6.23,597229,522084992.0,2.35,-1.41,-0.09,1.85
500,2017-02-24,6.29,6.32,6.33,6.28,281716,245844289.0,0.79,0.48,0.03,0.87
501,2017-02-27,6.34,6.24,6.36,6.23,496051,433080656.0,2.06,-1.27,-0.08,1.54
502,2017-02-28,6.26,6.26,6.28,6.24,315807,274047136.0,0.64,0.32,0.02,0.98
503,2017-03-01,6.24,6.36,6.4,6.24,629067,550598128.0,2.56,1.6,0.1,1.95
504,2017-03-02,6.33,6.25,6.35,6.25,500648,436614144.0,1.57,-1.73,-0.11,1.55
505,2017-03-03,6.23,6.24,6.25,6.17,410992,354058304.0,1.28,-0.16,-0.01,1.28
506,2017-03-06,6.24,6.28,6.31,6.21,402966,350023456.0,1.6,0.64,0.04,1.25
507,2017-03-07,6.28,6.28,6.31,6.23,375748,326669152.0,1.27,0.0,0.0,1.17
508,2017-03-08,6.29,6.35,6.36,6.23,651058,568820640.0,2.07,1.11,0.07,2.02
509,2017-03-09,6.32,6.25,6.33,6.21,536244,464833008.0,1.89,-1.57,-0.1,1.66
510,2017-03-10,6.24,6.28,6.31,6.23,461044,401019376.0,1.28,0.48,0.03,1.43
511,2017-03-13,6.26,6.43,6.48,6.21,1188561,1047033536.0,4.3,2.39,0.15,3.69
512,2017-03-14,6.42,6.43,6.54,6.37,978467,870524336.0,2.64,0.0,0.0,3.04
513,2017-03-15,6.4,6.37,6.41,6.35,502945,443443536.0,0.93,-0.93,-0.06,1.56
514,2017-03-16,6.39,6.42,6.45,6.37,526526,466000544.0,1.26,0.78,0.05,1.63
515,2017-03-17,6.42,6.29,6.43,6.28,607261,533902768.0,2.34,-2.02,-0.13,1.88
516,2017-03-20,6.25,6.23,6.27,6.18,638472,550726272.0,1.43,-0.95,-0.06,1.98
517,2017-03-21,6.21,6.22,6.24,6.19,312112,269019440.0,0.8,-0.16,-0.01,0.97
518,2017-03-22,6.18,6.15,6.18,6.04,601205,512561888.0,2.25,-1.13,-0.07,1.87
519,2017-03-23,6.12,6.09,6.15,6.05,401615,341379152.0,1.63,-0.98,-0.06,1.25
520,2017-03-24,6.1,6.11,6.12,6.03,413478,350083392.0,1.48,0.33,0.02,1.28
521,2017-03-27,6.1,6.05,6.11,6.03,345464,292057728.0,1.31,-0.98,-0.06,1.07
522,2017-03-28,6.05,6.03,6.07,6.03,244553,206153272.0,0.66,-0.33,-0.02,0.76
523,2017-03-29,6.03,5.88,6.04,5.87,605460,504108304.0,2.82,-2.49,-0.15,1.88
524,2017-03-30,5.87,5.65,5.87,5.63,861649,693391184.0,4.08,-3.91,-0.23,2.67
525,2017-03-31,5.6,5.65,5.68,5.58,482144,383032480.0,1.77,0.0,0.0,1.5
526,2017-04-05,5.65,5.75,5.77,5.65,569168,458931440.0,2.12,1.77,0.1,1.77
527,2017-04-06,5.77,5.72,5.77,5.7,433097,348957632.0,1.22,-0.52,-0.03,1.34
528,2017-04-07,5.71,5.74,5.75,5.66,495082,397678464.0,1.57,0.35,0.02,1.54
529,2017-04-10,5.71,5.73,5.76,5.66,480748,386163984.0,1.74,-0.17,-0.01,1.49
530,2017-04-11,5.71,5.89,5.91,5.69,843146,685702896.0,3.84,2.79,0.16,2.62
531,2017-04-12,5.84,5.77,5.89,5.74,660285,538607456.0,2.55,-2.04,-0.12,2.05
532,2017-04-13,5.74,5.78,5.84,5.72,396496,321477792.0,2.08,0.17,0.01,1.23
533,2017-04-14,5.77,5.66,5.77,5.65,482805,387780416.0,2.08,-2.08,-0.12,1.5
534,2017-04-17,5.67,5.56,5.67,5.53,447043,353424704.0,2.47,-1.77,-0.1,1.39
535,2017-04-18,5.55,5.43,5.58,5.42,432328,338147216.0,2.88,-2.34,-0.13,1.34
536,2017-04-19,5.37,5.34,5.38,5.19,619705,467691200.0,3.5,-1.66,-0.09,1.92
537,2017-04-20,5.3,5.29,5.31,5.24,397212,299535760.0,1.31,-0.94,-0.05,1.23
538,2017-04-21,5.29,5.32,5.39,5.2,478257,359969216.0,3.59,0.57,0.03,1.48
539,2017-04-24,5.28,5.21,5.28,5.09,565104,418904832.0,3.57,-2.07,-0.11,1.75
540,2017-04-25,5.23,5.22,5.26,5.19,322336,241030616.0,1.34,0.19,0.01,1.0
541,2017-04-26,5.2,5.19,5.24,5.14,301044,224450579.0,1.92,-0.57,-0.03,0.93
542,2017-04-27,5.15,5.15,5.19,5.02,521725,383084768.0,3.28,-0.77,-0.04,1.62
543,2017-04-28,5.12,5.19,5.19,5.09,358090,264688334.0,1.94,0.78,0.04,1.11
544,2017-05-02,5.15,5.15,5.17,5.11,301630,222929464.0,1.16,-0.77,-0.04,0.94
545,2017-05-03,5.13,5.14,5.16,5.1,310181,228588393.0,1.17,-0.19,-0.01,0.96
546,2017-05-04,5.13,5.13,5.17,5.06,356071,261882096.0,2.14,-0.19,-0.01,1.1
547,2017-05-05,5.12,5.15,5.16,5.04,503945,369784128.0,2.34,0.39,0.02,1.56
548,2017-05-08,5.12,5.24,5.37,5.07,661392,493391376.0,5.83,1.75,0.09,2.05
549,2017-05-09,5.18,5.2,5.24,5.15,380952,283699632.0,1.72,-0.76,-0.04,1.18
550,2017-05-10,5.16,5.06,5.21,5.04,477019,352308496.0,3.27,-2.69,-0.14,1.48
551,2017-05-11,5.0,5.13,5.19,4.91,736466,536006880.0,5.53,1.38,0.07,2.28
552,2017-05-12,5.12,5.08,5.13,5.06,323703,237259016.0,1.36,-0.97,-0.05,1.0
553,2017-05-15,5.07,5.1,5.15,5.06,342148,250938489.0,1.77,0.39,0.02,1.06
554,2017-05-16,5.08,5.1,5.12,5.01,519293,378900160.0,2.16,0.0,0.0,1.61
555,2017-05-17,5.09,5.11,5.14,5.08,458992,337764400.0,1.18,0.2,0.01,1.42
556,2017-05-18,5.06,5.18,5.3,5.03,790707,587786512.0,5.28,1.37,0.07,2.45
557,2017-05-19,5.14,5.13,5.17,5.09,381248,280921424.0,1.54,-0.97,-0.05,1.18
558,2017-05-22,5.05,5.06,5.07,4.96,534543,388318624.0,2.14,-1.36,-0.07,1.66
559,2017-05-23,5.02,5.05,5.06,4.97,488569,354255968.0,1.78,-0.2,-0.01,1.52
560,2017-05-24,5.0,5.0,5.02,4.93,505708,363937616.0,1.78,-0.99,-0.05,1.57
561,2017-05-25,4.96,5.17,5.21,4.95,1109120,815402144.0,5.2,3.4,0.17,3.44
562,2017-05-26,5.13,5.1,5.16,5.08,626583,460857376.0,1.55,-1.35,-0.07,1.94
563,2017-05-31,5.48,5.49,5.73,5.32,2255141,1772126864.0,8.04,7.65,0.39,7.0
564,2017-06-01,5.45,5.64,5.74,5.4,1892933,1495411328.0,6.19,2.73,0.15,5.87
565,2017-06-02,5.71,5.67,5.72,5.56,1200140,956643952.0,2.84,0.53,0.03,3.72
566,2017-06-05,5.63,5.64,5.7,5.56,747506,594783136.0,2.47,-0.53,-0.03,2.32
567,2017-06-06,5.62,5.77,5.88,5.58,1179357,956701920.0,5.32,2.3,0.13,3.66
568,2017-06-07,5.79,5.78,5.84,5.71,1054398,855674176.0,2.25,0.17,0.01,3.27
569,2017-06-08,5.76,5.81,5.85,5.72,707785,575500480.0,2.25,0.52,0.03,2.2
570,2017-06-09,5.8,5.85,5.9,5.76,847489,693896576.0,2.41,0.69,0.04,2.63
571,2017-06-12,5.83,5.8,6.04,5.77,915605,756856144.0,4.62,-0.85,-0.05,2.84
572,2017-06-13,5.78,5.76,5.79,5.71,625117,506412448.0,1.38,-0.69,-0.04,1.94
573,2017-06-14,5.74,5.58,5.76,5.57,822555,654540832.0,3.3,-3.13,-0.18,2.55
574,2017-06-15,5.56,5.62,5.68,5.56,514976,409910448.0,2.15,0.72,0.04,1.6
575,2017-06-16,5.6,5.55,5.65,5.54,543158,429044592.0,1.96,-1.25,-0.07,1.69
576,2017-06-19,5.58,5.67,5.68,5.55,446530,354705920.0,2.34,2.16,0.12,1.39
577,2017-06-20,5.65,5.64,5.69,5.62,269573,214841448.0,1.23,-0.53,-0.03,0.84
578,2017-06-21,5.67,5.67,5.7,5.63,365309,291695872.0,1.24,0.53,0.03,1.13
579,2017-06-22,5.66,5.63,5.77,5.62,639184,497577040.0,2.65,-0.71,-0.04,1.98
580,2017-06-23,5.58,5.84,5.85,5.57,966314,755841904.0,4.97,3.73,0.21,3.0
581,2017-06-26,5.85,5.96,6.03,5.83,1047207,843666800.0,3.42,2.05,0.12,3.25
582,2017-06-27,5.93,5.91,6.0,5.86,541115,435452832.0,2.35,-0.84,-0.05,1.68
583,2017-06-28,5.9,5.91,5.99,5.86,388050,311984912.0,2.2,0.0,0.0,1.2
584,2017-06-29,5.9,5.84,5.94,5.83,436676,348220896.0,1.86,-1.18,-0.07,1.35
585,2017-06-30,5.81,5.73,5.83,5.71,430073,337638480.0,2.05,-1.88,-0.11,1.33
586,2017-07-03,5.72,5.79,5.81,5.69,472035,370849456.0,2.09,1.05,0.06,1.46
587,2017-07-04,5.8,5.67,5.8,5.65,403854,315070192.0,2.59,-2.07,-0.12,1.25
588,2017-07-05,5.7,5.7,5.74,5.67,407927,317474400.0,1.23,0.53,0.03,1.27
589,2017-07-06,5.71,5.64,5.71,5.61,536853,414720272.0,1.75,-1.05,-0.06,1.67
590,2017-07-07,5.63,5.64,5.69,5.6,540542,416989568.0,1.6,0.0,0.0,1.68
591,2017-07-10,5.62,5.58,5.73,5.58,731880,566227296.0,2.66,-1.06,-0.06,2.27
592,2017-07-11,5.59,5.63,5.69,5.58,774631,597614992.0,1.97,0.9,0.05,2.4
593,2017-07-12,5.6,5.65,5.72,5.58,724692,559984144.0,2.49,0.36,0.02,2.25
594,2017-07-13,5.64,5.67,5.69,5.59,604437,465943504.0,1.77,0.35,0.02,1.88
595,2017-07-14,5.68,5.65,5.68,5.6,514841,397059680.0,1.41,-0.35,-0.02,1.6
596,2017-07-17,5.66,5.29,5.67,5.27,1044454,784105744.0,7.08,-6.37,-0.36,3.24
597,2017-07-18,5.29,5.3,5.34,5.22,624381,455574768.0,2.27,0.19,0.01,1.94
598,2017-07-19,5.3,5.41,5.43,5.26,700457,516812800.0,3.21,2.08,0.11,2.17
599,2017-07-20,5.41,5.88,6.06,5.39,2047200,1614057488.0,12.38,8.69,0.47,6.35
600,2017-07-21,5.84,5.84,5.97,5.78,1074804,857255888.0,3.23,-0.68,-0.04,3.33
601,2017-07-24,5.82,5.83,6.0,5.81,1080264,862778160.0,3.25,-0.17,-0.01,3.35
602,2017-07-25,5.84,5.71,5.87,5.66,793731,620915344.0,3.6,-2.06,-0.12,2.46
603,2017-07-26,5.72,5.77,5.79,5.65,676425,527967440.0,2.45,1.05,0.06,2.1
604,2017-07-27,5.76,5.89,5.9,5.7,834095,658553920.0,3.47,2.08,0.12,2.59
605,2017-07-28,5.88,5.81,5.95,5.8,616534,492351008.0,2.55,-1.36,-0.08,1.91
606,2017-07-31,5.8,5.84,5.92,5.77,622243,495226112.0,2.58,0.52,0.03,1.93
607,2017-08-01,5.84,5.97,6.02,5.83,1088347,875821104.0,3.25,2.23,0.13,3.38
608,2017-08-02,5.97,5.79,6.01,5.78,854782,682319120.0,3.85,-3.02,-0.18,2.65
609,2017-08-03,5.77,5.75,5.81,5.7,657273,514810352.0,1.9,-0.69,-0.04,2.04
610,2017-08-04,5.72,5.67,5.76,5.67,516064,402530640.0,1.57,-1.39,-0.08,1.6
611,2017-08-07,5.67,5.69,5.71,5.63,400744,310398160.0,1.41,0.35,0.02,1.24
612,2017-08-08,5.71,5.64,5.71,5.61,461311,356057392.0,1.76,-0.88,-0.05,1.43
613,2017-08-09,5.64,5.62,5.66,5.6,336172,258910266.0,1.06,-0.35,-0.02,1.04
614,2017-08-10,5.61,5.54,5.64,5.52,462745,352971520.0,2.14,-1.42,-0.08,1.44
615,2017-08-11,5.52,5.34,5.52,5.32,650347,484965184.0,3.61,-3.61,-0.2,2.02
616,2017-08-14,5.35,5.44,5.45,5.35,337756,251431977.0,1.87,1.87,0.1,1.05
617,2017-08-15,5.43,5.45,5.5,5.42,297052,222719851.0,1.47,0.18,0.01,0.92
618,2017-08-16,5.46,5.45,5.48,5.4,297271,222439884.0,1.47,0.0,0.0,0.92
619,2017-08-17,5.44,5.48,5.49,5.43,355265,266953355.0,1.1,0.55,0.03,1.1
620,2017-08-18,5.44,5.48,5.54,5.43,507512,382819312.0,2.01,0.0,0.0,1.57
621,2017-08-21,5.45,5.49,5.5,5.43,390021,293141712.0,1.28,0.18,0.01,1.21
622,2017-08-22,5.49,5.53,5.57,5.47,492291,372998400.0,1.82,0.73,0.04,1.53
623,2017-08-23,5.52,5.49,5.53,5.47,289222,218314056.0,1.08,-0.72,-0.04,0.9
624,2017-08-24,5.47,5.39,5.5,5.38,369000,275753376.0,2.19,-1.82,-0.1,1.14
625,2017-08-25,5.39,5.5,5.5,5.39,445876,334519488.0,2.04,2.04,0.11,1.38
626,2017-08-28,5.5,5.61,5.65,5.47,687308,524443008.0,3.27,2.0,0.11,2.13
627,2017-08-29,5.61,5.55,5.64,5.53,447667,341416304.0,1.96,-1.07,-0.06,1.39
628,2017-08-30,5.56,5.55,5.6,5.53,383690,292478976.0,1.26,0.0,0.0,1.19
629,2017-08-31,5.57,5.56,5.61,5.54,344228,262477333.0,1.26,0.18,0.01,1.07
630,2017-09-01,5.56,5.54,5.58,5.47,592573,448823088.0,1.98,-0.36,-0.02,1.84
631,2017-09-04,5.52,5.51,5.54,5.49,403913,305547504.0,0.9,-0.54,-0.03,1.25
632,2017-09-05,5.52,5.54,5.58,5.51,480580,365838960.0,1.27,0.54,0.03,1.49
633,2017-09-06,5.52,5.51,5.53,5.46,411432,310664864.0,1.26,-0.54,-0.03,1.28
634,2017-09-07,5.51,5.65,5.77,5.5,1488929,1154093920.0,4.9,2.54,0.14,4.62
635,2017-09-08,5.63,5.61,5.65,5.57,627047,481094544.0,1.42,-0.71,-0.04,1.95
636,2017-09-11,5.6,5.63,5.67,5.58,523816,403064592.0,1.6,0.36,0.02,1.63
637,2017-09-12,5.63,5.57,5.65,5.55,516006,394722048.0,1.78,-1.07,-0.06,1.6
638,2017-09-13,5.56,5.54,5.58,5.52,332014,252268104.0,1.08,-0.54,-0.03,1.03
639,2017-09-14,5.54,5.69,5.75,5.52,1164513,899651520.0,4.15,2.71,0.15,3.61
640,2017-09-15,5.68,5.85,5.97,5.65,2179902,1741945280.0,5.62,2.81,0.16,6.76
641,2017-09-18,5.87,5.88,6.02,5.8,1176764,941132816.0,3.76,0.51,0.03,3.65
642,2017-09-19,5.93,6.09,6.17,5.89,2131603,1752224032.0,4.76,3.57,0.21,6.61
643,2017-09-20,6.04,6.03,6.09,5.96,1162971,945380736.0,2.13,-0.99,-0.06,3.61
644,2017-09-21,5.99,5.88,6.02,5.84,856006,686639728.0,2.99,-2.49,-0.15,2.66
645,2017-09-22,5.88,5.88,5.91,5.82,552573,441345024.0,1.53,0.0,0.0,1.71
646,2017-09-25,5.78,5.53,5.78,5.52,1118093,862419984.0,4.42,-5.95,-0.35,3.47
647,2017-09-26,5.56,5.58,5.62,5.54,445905,340371712.0,1.45,0.9,0.05,1.38
648,2017-09-27,5.58,5.59,5.65,5.55,327265,250748600.0,1.79,0.18,0.01,1.02
649,2017-09-28,5.58,5.46,5.61,5.45,514050,388528640.0,2.86,-2.33,-0.13,1.59
650,2017-09-29,5.48,5.47,5.52,5.45,329770,248323021.0,1.28,0.18,0.01,1.02
651,2017-10-09,5.63,5.58,5.65,5.57,554714,425048176.0,1.46,2.01,0.11,1.72
652,2017-10-10,5.56,5.58,5.61,5.55,438305,335177744.0,1.08,0.0,0.0,1.36
653,2017-10-11,5.59,5.59,5.63,5.57,509176,390629984.0,1.08,0.18,0.01,1.58
654,2017-10-12,5.6,5.57,5.61,5.52,391461,298071824.0,1.61,-0.36,-0.02,1.21
655,2017-10-13,5.57,5.57,5.58,5.55,297303,226781875.0,0.54,0.0,0.0,0.92
656,2017-10-16,5.58,5.45,5.59,5.45,475308,359001552.0,2.51,-2.15,-0.12,1.47
657,2017-10-17,5.46,5.45,5.5,5.43,329080,246911908.0,1.28,0.0,0.0,1.02
658,2017-10-18,5.46,5.39,5.52,5.39,482350,361936064.0,2.39,-1.1,-0.06,1.5
659,2017-10-19,5.39,5.33,5.42,5.32,428837,317290448.0,1.86,-1.11,-0.06,1.33
660,2017-10-20,5.35,5.39,5.4,5.33,307769,227900482.0,1.31,1.13,0.06,0.95
661,2017-10-23,5.39,5.38,5.39,5.34,261758,193682799.0,0.93,-0.19,-0.01,0.81
662,2017-10-24,5.38,5.45,5.48,5.37,523406,391571968.0,2.04,1.3,0.07,1.62
663,2017-10-25,5.45,5.48,5.55,5.44,550907,415579440.0,2.02,0.55,0.03,1.71
664,2017-10-26,5.47,5.44,5.5,5.41,443077,332301296.0,1.64,-0.73,-0.04,1.37
665,2017-10-27,5.44,5.45,5.52,5.43,439748,330613520.0,1.65,0.18,0.01,1.36
666,2017-10-30,5.47,5.38,5.51,5.33,569534,422786496.0,3.3,-1.28,-0.07,1.77
667,2017-10-31,5.36,5.48,5.48,5.35,389969,290899888.0,2.42,1.86,0.1,1.21
668,2017-11-01,5.49,5.49,5.58,5.45,648276,491492896.0,2.37,0.18,0.01,2.01
669,2017-11-02,5.47,5.45,5.49,5.39,506095,378650784.0,1.82,-0.73,-0.04,1.57
670,2017-11-03,5.51,5.34,5.52,5.3,521871,387472944.0,4.04,-2.02,-0.11,1.62
671,2017-11-06,5.34,5.38,5.39,5.32,382456,282341968.0,1.31,0.75,0.04,1.19
672,2017-11-07,5.39,5.52,5.53,5.37,653942,489707728.0,2.97,2.6,0.14,2.03
673,2017-11-08,5.52,5.53,5.7,5.47,1141798,873306304.0,4.17,0.18,0.01,3.54
674,2017-11-09,5.51,5.56,5.56,5.47,540255,408324832.0,1.63,0.54,0.03,1.68
675,2017-11-10,5.54,5.45,5.55,5.45,494185,372535808.0,1.8,-1.98,-0.11,1.53
676,2017-11-13,5.42,5.39,5.45,5.37,460989,343275536.0,1.47,-1.1,-0.06,1.43
677,2017-11-14,5.4,5.4,5.43,5.35,360417,267504722.0,1.48,0.19,0.01,1.12
678,2017-11-15,5.4,5.37,5.41,5.34,289057,214015075.0,1.3,-0.56,-0.03,0.9
679,2017-11-16,5.35,5.44,5.49,5.34,581125,434902848.0,2.79,1.3,0.07,1.8
680,2017-11-17,5.42,5.37,5.5,5.33,723740,538361744.0,3.13,-1.29,-0.07,2.25
681,2017-11-20,5.32,5.23,5.34,5.13,613389,442417984.0,3.91,-2.61,-0.14,1.9
682,2017-11-21,5.21,5.41,5.49,5.19,767163,568288592.0,5.74,3.44,0.18,2.38
683,2017-11-22,5.41,5.49,5.54,5.38,938317,703883808.0,2.96,1.48,0.08,2.91
684,2017-11-23,5.45,5.2,5.45,5.19,834099,614964336.0,4.74,-5.28,-0.29,2.59
685,2017-11-24,5.19,5.23,5.26,5.17,440635,318156224.0,1.73,0.58,0.03,1.37
686,2017-11-27,5.24,5.17,5.28,5.16,377818,272543792.0,2.29,-1.15,-0.06,1.17
687,2017-11-28,5.18,5.17,5.2,5.07,507807,362316704.0,2.51,0.0,0.0,1.58
688,2017-11-29,5.16,5.42,5.44,5.13,1101709,806292176.0,6.0,4.84,0.25,3.42
689,2017-11-30,5.38,5.22,5.39,5.18,729433,532158848.0,3.87,-3.69,-0.2,2.26
690,2017-12-01,5.19,5.25,5.35,5.19,492961,358899248.0,3.07,0.57,0.03,1.53
691,2017-12-04,5.22,5.15,5.22,5.13,532779,381643936.0,1.71,-1.9,-0.1,1.65
692,2017-12-05,5.13,5.13,5.19,5.1,382758,273322272.0,1.75,-0.39,-0.02,1.19
693,2017-12-06,5.12,5.15,5.19,5.08,400732,285637376.0,2.14,0.39,0.02,1.24
694,2017-12-07,5.14,5.15,5.25,5.13,460749,331060496.0,2.33,0.0,0.0,1.43
695,2017-12-08,5.12,5.19,5.26,5.11,552487,397184544.0,2.91,0.78,0.04,1.71
696,2017-12-11,5.18,5.23,5.28,5.17,451187,326431328.0,2.12,0.77,0.04,1.4
697,2017-12-12,5.24,5.29,5.32,5.21,596772,434701936.0,2.1,1.15,0.06,1.85
698,2017-12-13,5.27,5.25,5.28,5.21,263271,191062320.0,1.32,-0.76,-0.04,0.82
699,2017-12-14,5.25,5.2,5.28,5.19,259683,188093086.0,1.71,-0.95,-0.05,0.81
700,2017-12-15,5.19,5.13,5.2,5.12,319164,228041292.0,1.54,-1.35,-0.07,0.99
701,2017-12-18,5.13,5.13,5.16,5.1,182500,129793932.0,1.17,0.0,0.0,0.57
702,2017-12-19,5.14,5.15,5.16,5.12,200732,143183615.0,0.78,0.39,0.02,0.62
703,2017-12-20,5.13,5.0,5.14,5.0,801982,563226160.0,2.72,-2.91,-0.15,2.49
704,2017-12-21,5.06,5.13,5.19,5.03,653618,464912272.0,3.2,2.6,0.13,2.03
705,2017-12-22,5.11,5.07,5.13,5.06,292474,207275651.0,1.36,-1.17,-0.06,0.91
706,2017-12-25,5.1,5.19,5.31,5.1,1026546,743396976.0,4.14,2.37,0.12,3.18
707,2017-12-26,5.15,5.26,5.28,5.14,688920,497755792.0,2.7,1.35,0.07,2.14
708,2017-12-27,5.24,5.27,5.33,5.21,897295,654416656.0,2.28,0.19,0.01,2.78
709,2017-12-28,5.25,5.21,5.28,5.19,552025,400151136.0,1.71,-1.14,-0.06,1.71
710,2017-12-29,5.23,5.28,5.3,5.21,505605,368590688.0,1.73,1.34,0.07,1.57
711,2018-01-02,5.35,5.77,5.86,5.34,2533063,1972243536.0,9.85,9.28,0.49,7.86
712,2018-01-03,5.88,6.0,6.19,5.82,3283366,2683871760.0,6.41,3.99,0.23,10.19
713,2018-01-04,6.07,6.09,6.17,5.93,1980212,1620687472.0,4.0,1.5,0.09,6.14
714,2018-01-05,6.08,6.6,6.8,6.05,6055307,5363090944.0,12.32,8.37,0.51,18.79
715,2018-01-08,6.79,7.28,7.36,6.67,6345627,5962562816.0,10.45,10.3,0.68,19.69
716,2018-01-09,7.18,7.33,7.37,7.06,3186029,3044946096.0,4.26,0.69,0.05,9.88
717,2018-01-10,7.26,7.34,7.49,7.19,2464619,2378473504.0,4.09,0.14,0.01,7.65
718,2018-01-11,7.28,7.13,7.31,7.01,2539196,2395190096.0,4.09,-2.86,-0.21,7.88
719,2018-01-12,7.12,6.93,7.26,6.82,3250549,3032126928.0,6.17,-2.81,-0.2,10.08
720,2018-01-15,6.92,6.94,7.17,6.74,3598430,3332933360.0,6.2,0.14,0.01,11.16
721,2018-01-16,6.85,7.73,7.73,6.78,4212542,4047219504.0,13.69,11.38,0.79,13.07
722,2018-01-17,7.88,7.32,7.98,7.06,4772175,4736844800.0,11.9,-5.3,-0.41,14.8
723,2018-01-18,7.31,7.29,7.39,7.15,2140588,2058635088.0,3.28,-0.41,-0.03,6.64
724,2018-01-19,7.27,7.16,7.65,7.14,2607022,2531113840.0,7.0,-1.78,-0.13,8.09
725,2018-01-22,7.13,7.29,7.39,7.06,1457674,1393626688.0,4.61,1.82,0.13,4.52
726,2018-01-23,7.32,7.48,7.61,7.28,2678286,2624391744.0,4.53,2.61,0.19,8.31
727,2018-01-24,7.42,7.27,7.53,7.12,2254211,2170707760.0,5.48,-2.81,-0.21,6.99
728,2018-01-25,7.19,7.05,7.23,6.87,2095630,1953648864.0,4.95,-3.03,-0.22,6.5
729,2018-01-26,7.05,7.13,7.32,6.99,1771034,1680374736.0,4.68,1.13,0.08,5.49
730,2018-01-29,7.21,7.2,7.39,7.06,1761242,1681094000.0,4.63,0.98,0.07,5.46
731,2018-01-30,7.19,6.86,7.29,6.85,1786057,1663981600.0,6.11,-4.72,-0.34,5.54
732,2018-01-31,6.84,6.96,7.08,6.69,1559357,1430082064.0,5.69,1.46,0.1,4.84
733,2018-02-01,6.94,6.7,7.02,6.59,1850710,1669999424.0,6.18,-3.74,-0.26,5.74
734,2018-02-02,6.6,6.55,6.62,6.27,1805231,1568677344.0,5.22,-2.24,-0.15,5.6
735,2018-02-05,6.46,6.69,6.71,6.43,1341838,1178297040.0,4.27,2.14,0.14,4.16
736,2018-02-06,6.49,6.16,6.61,6.1,1642303,1404053392.0,7.62,-7.92,-0.53,5.09
737,2018-02-07,6.33,5.77,6.38,5.59,2541544,2055303632.0,12.82,-6.33,-0.39,7.88
738,2018-02-08,5.77,5.88,5.93,5.73,1547649,1231413520.0,3.47,1.91,0.11,4.8
739,2018-02-09,5.65,5.39,5.72,5.25,1697902,1279327536.0,7.99,-8.33,-0.49,5.27
740,2018-02-12,5.43,5.45,5.49,5.32,1363905,1017890800.0,3.15,1.11,0.06,4.23
741,2018-02-13,5.48,5.46,5.69,5.44,1499848,1140931488.0,4.59,0.18,0.01,4.65
742,2018-02-14,5.46,5.48,5.53,5.33,863731,646035296.0,3.66,0.37,0.02,2.68
743,2018-02-22,5.58,5.62,5.65,5.54,1077530,825934144.0,2.01,2.55,0.14,3.34
744,2018-02-23,5.62,5.7,5.77,5.57,1341638,1042666256.0,3.56,1.42,0.08,4.16
745,2018-02-26,5.74,5.65,5.77,5.39,1746953,1332586992.0,6.67,-0.88,-0.05,5.42
746,2018-02-27,5.62,5.52,5.65,5.48,1149912,875711264.0,3.01,-2.3,-0.13,3.57
747,2018-02-28,5.46,5.59,5.71,5.4,1781033,1362670096.0,5.62,1.27,0.07,5.53
748,2018-03-01,5.51,5.53,5.64,5.46,1281954,972999728.0,3.22,-1.07,-0.06,3.98
749,2018-03-02,5.46,5.47,5.57,5.4,876363,659661888.0,3.07,-1.08,-0.06,2.72
750,2018-03-05,5.52,5.49,5.61,5.45,951884,722174880.0,2.93,0.37,0.02,2.95
751,2018-03-06,5.53,5.75,5.76,5.42,1849534,1417741280.0,6.19,4.74,0.26,5.74
752,2018-03-07,5.71,5.6,5.74,5.57,1217869,940504688.0,2.96,-2.61,-0.15,3.78
753,2018-03-08,5.61,5.67,5.71,5.57,977290,755394736.0,2.5,1.25,0.07,3.03
754,2018-03-09,5.71,5.68,5.72,5.59,985146,760552176.0,2.29,0.18,0.01,3.06
755,2018-03-12,5.7,5.64,5.71,5.57,1115971,857884928.0,2.46,-0.7,-0.04,3.46
756,2018-03-13,5.64,5.65,5.7,5.6,862500,666738800.0,1.77,0.18,0.01,2.68
757,2018-03-14,5.62,5.73,5.84,5.57,1388950,1080320048.0,4.78,1.42,0.08,4.31
758,2018-03-15,5.68,5.65,5.75,5.6,877196,679166768.0,2.62,-1.4,-0.08,2.72
759,2018-03-16,5.63,5.58,5.7,5.57,829502,639738256.0,2.3,-1.24,-0.07,2.57
760,2018-03-19,5.56,5.42,5.57,5.41,959747,720643728.0,2.87,-2.87,-0.16,2.98
761,2018-03-20,5.34,5.35,5.39,5.3,745871,550474448.0,1.66,-1.29,-0.07,2.31
762,2018-03-21,5.37,5.37,5.45,5.33,691532,514562320.0,2.24,0.37,0.02,2.15
763,2018-03-22,5.37,5.33,5.38,5.25,733204,537789488.0,2.42,-0.74,-0.04,2.27
764,2018-03-23,5.13,5.32,5.33,5.07,1495486,1074487184.0,4.88,-0.19,-0.01,4.64
765,2018-03-26,5.2,5.24,5.26,5.13,697698,502642592.0,2.44,-1.5,-0.08,2.16
766,2018-03-27,5.31,5.3,5.37,5.24,813472,594705584.0,2.48,1.15,0.06,2.52
767,2018-03-28,5.24,5.26,5.36,5.19,532931,388015120.0,3.21,-0.75,-0.04,1.65
768,2018-03-29,5.28,5.46,5.58,5.18,1603876,1192139248.0,7.6,3.8,0.2,4.98
769,2018-03-30,5.42,5.38,5.45,5.35,777487,576785936.0,1.83,-1.47,-0.08,2.41
770,2018-04-02,5.39,5.3,5.45,5.3,828064,613207648.0,2.79,-1.49,-0.08,2.57
771,2018-04-03,5.21,5.21,5.26,5.18,504127,363730384.0,1.51,-1.7,-0.09,1.56
772,2018-04-04,5.22,5.18,5.26,5.16,521328,376671648.0,1.92,-0.58,-0.03,1.62
773,2018-04-09,5.16,5.19,5.2,5.14,491299,352494880.0,1.16,0.19,0.01,1.52
774,2018-04-10,5.19,5.3,5.31,5.18,808128,586670720.0,2.5,2.12,0.11,2.51
775,2018-04-11,5.31,5.32,5.4,5.26,864144,635725024.0,2.64,0.38,0.02,2.68
776,2018-04-12,5.3,5.22,5.31,5.2,492578,358179584.0,2.07,-1.88,-0.1,1.53
777,2018-04-13,5.25,5.19,5.27,5.19,345227,249729430.0,1.53,-0.57,-0.03,1.07
778,2018-04-16,5.23,5.06,5.24,5.03,903104,640581152.0,4.05,-2.5,-0.13,2.8
779,2018-04-17,5.06,5.04,5.13,5.04,438923,309703840.0,1.78,-0.4,-0.02,1.36
780,2018-04-18,5.11,5.09,5.12,5.02,508449,358657472.0,1.98,0.99,0.05,1.58
781,2018-04-19,5.09,5.11,5.13,5.05,414479,293772752.0,1.57,0.39,0.02,1.29
782,2018-04-20,5.1,5.1,5.11,5.0,597008,420250704.0,2.15,-0.2,-0.01,1.85
783,2018-04-23,5.06,5.07,5.1,5.0,483816,340938352.0,1.96,-0.59,-0.03,1.5
784,2018-04-24,5.13,5.23,5.29,5.13,884802,639771712.0,3.16,3.16,0.16,2.74
785,2018-04-25,5.19,5.18,5.21,5.15,419206,301012704.0,1.15,-0.96,-0.05,1.3
786,2018-04-26,5.22,5.18,5.24,5.12,410197,293560032.0,2.32,0.0,0.0,1.27
787,2018-04-27,5.17,5.19,5.22,5.06,542782,387514640.0,3.09,0.19,0.01,1.68
788,2018-05-02,5.19,5.18,5.21,5.12,462925,331934224.0,1.73,-0.19,-0.01,1.44
789,2018-05-03,5.16,5.23,5.27,5.13,500367,361188624.0,2.7,0.97,0.05,1.55
790,2018-05-04,5.23,5.23,5.33,5.21,453628,330587584.0,2.29,0.0,0.0,1.41
791,2018-05-07,5.24,5.31,5.33,5.22,546952,399403296.0,2.1,1.53,0.08,1.7
792,2018-05-08,5.31,5.32,5.36,5.29,529856,389818848.0,1.32,0.19,0.01,1.64
793,2018-05-09,5.32,5.3,5.39,5.28,485854,357675312.0,2.07,-0.38,-0.02,1.51
794,2018-05-10,5.3,5.31,5.34,5.24,422804,309058288.0,1.89,0.19,0.01,1.31
795,2018-05-11,5.31,5.25,5.32,5.24,287954,209894995.0,1.51,-1.13,-0.06,0.89
796,2018-05-14,5.24,5.21,5.27,5.19,365933,265190552.0,1.52,-0.76,-0.04,1.14
797,2018-05-15,5.23,5.3,5.31,5.2,363193,263833234.0,2.11,1.73,0.09,1.13
798,2018-05-16,5.32,5.25,5.32,5.24,310449,226440037.0,1.51,-0.94,-0.05,0.96
799,2018-05-17,5.24,5.21,5.27,5.21,269822,195362209.0,1.14,-0.76,-0.04,0.84
800,2018-05-18,5.21,5.26,5.26,5.19,300017,217165794.0,1.34,0.96,0.05,0.93
801,2018-05-21,5.27,5.28,5.31,5.24,427841,311819824.0,1.33,0.38,0.02,1.33
802,2018-05-22,5.27,5.17,5.28,5.11,848958,608275648.0,3.22,-2.08,-0.11,2.63
803,2018-05-23,5.14,5.07,5.15,5.07,526975,373538080.0,1.55,-1.93,-0.1,1.63
804,2018-05-24,5.07,5.05,5.09,5.04,350080,246797392.0,0.99,-0.39,-0.02,1.09
805,2018-05-25,5.05,5.07,5.08,5.03,375071,263787440.0,0.99,0.4,0.02,1.16
806,2018-05-28,5.06,5.05,5.08,5.03,256637,180651720.0,0.99,-0.39,-0.02,0.8
807,2018-05-29,5.05,4.95,5.05,4.77,1087931,745869376.0,5.54,-1.98,-0.1,3.38
808,2018-05-30,4.87,4.7,4.87,4.68,431759,291922688.0,3.84,-5.05,-0.25,1.34
809,2018-05-31,4.73,4.75,4.79,4.68,541824,361561904.0,2.34,1.06,0.05,1.68
810,2018-06-01,4.73,4.75,4.85,4.7,374189,251280461.0,3.16,0.0,0.0,1.16
811,2018-06-04,4.78,4.85,4.89,4.77,466724,317133984.0,2.53,2.11,0.1,1.45
812,2018-06-05,4.87,4.83,4.87,4.76,383360,259132270.0,2.27,-0.41,-0.02,1.19
813,2018-06-06,4.82,4.76,4.83,4.75,269039,180925330.0,1.66,-1.45,-0.07,0.83
814,2018-06-07,4.78,4.8,4.87,4.77,378827,256805232.0,2.1,0.84,0.04,1.18
815,2018-06-08,4.79,4.67,4.79,4.64,574074,380009120.0,3.13,-2.71,-0.13,1.78
816,2018-06-11,4.67,4.72,4.75,4.67,328659,218594350.0,1.71,1.07,0.05,1.02
817,2018-06-12,4.73,4.74,4.8,4.71,301983,201992540.0,1.91,0.42,0.02,0.94
818,2018-06-13,4.73,4.82,4.93,4.7,746306,508489792.0,4.85,1.69,0.08,2.32
819,2018-06-14,4.78,4.83,4.85,4.76,403721,272613056.0,1.87,0.21,0.01,1.25
820,2018-06-15,4.84,4.88,5.02,4.81,716228,494246224.0,4.35,1.04,0.05,2.22
821,2018-06-19,4.81,4.92,4.94,4.71,1735038,1181212720.0,4.71,0.82,0.04,5.38
822,2018-06-20,4.87,4.95,5.0,4.83,612463,420838832.0,3.46,0.61,0.03,1.9
823,2018-06-21,4.94,5.07,5.29,4.92,934990,665436192.0,7.47,2.42,0.12,2.9
824,2018-06-22,5.03,5.17,5.19,4.99,636805,451705248.0,3.94,1.97,0.1,1.98
825,2018-06-25,5.19,4.89,5.19,4.89,734616,514351680.0,5.8,-5.42,-0.28,2.28
826,2018-06-26,4.76,4.63,4.79,4.55,806180,529795152.0,4.91,-5.32,-0.26,2.5
827,2018-06-27,4.63,4.61,4.65,4.48,507914,328989024.0,3.67,-0.43,-0.02,1.58
828,2018-06-28,4.55,4.55,4.6,4.53,243115,157399977.0,1.52,-1.3,-0.06,0.75
829,2018-06-29,4.54,4.62,4.63,4.52,378798,246203935.0,2.42,1.54,0.07,1.18
830,2018-07-02,4.6,4.3,4.62,4.24,606880,384062288.0,8.23,-6.93,-0.32,0.5
831,2018-07-03,4.3,4.33,4.38,4.2,388262,239526609.0,4.19,0.7,0.03,0.32
832,2018-07-04,4.3,4.29,4.36,4.25,267479,164791121.0,2.54,-0.92,-0.04,0.22
833,2018-07-05,4.31,4.37,4.38,4.23,400233,247628519.0,3.5,1.86,0.08,0.33
834,2018-07-06,4.35,4.32,4.38,4.26,284251,176173333.0,2.75,-1.14,-0.05,0.23
835,2018-07-09,4.32,4.44,4.44,4.32,273247,171767372.0,2.78,2.78,0.12,0.22
836,2018-07-10,4.44,4.51,4.55,4.42,335398,214172289.0,2.93,1.58,0.07,0.28
837,2018-07-11,4.43,4.38,4.44,4.3,324564,202624800.0,3.1,-2.88,-0.13,0.27
838,2018-07-12,4.38,4.47,4.49,4.38,304716,185773066.0,2.51,2.05,0.09,0.25
839,2018-07-13,4.51,4.46,4.56,4.45,289004,177443369.0,2.46,-0.22,-0.01,0.24
840,2018-07-16,4.46,4.42,4.47,4.37,249620,150658277.0,2.24,-0.9,-0.04,0.21
841,2018-07-17,4.42,4.43,4.44,4.37,187111,113155076.0,1.58,0.23,0.01,0.15
842,2018-07-18,4.44,4.35,4.44,4.35,253528,152705808.0,2.03,-1.81,-0.08,0.21
843,2018-07-19,4.38,4.34,4.42,4.33,176964,106187213.0,2.07,-0.23,-0.01,0.15
844,2018-07-20,4.38,4.45,4.5,4.34,381526,231226162.0,3.69,2.53,0.11,0.31
845,2018-07-23,4.44,4.55,4.59,4.42,408494,251515343.0,3.82,2.25,0.1,0.34
846,2018-07-24,4.59,4.69,4.76,4.56,645874,410852288.0,4.4,3.08,0.14,0.53
847,2018-07-25,4.69,4.71,4.73,4.63,356636,226977043.0,2.13,0.43,0.02,0.29
848,2018-07-26,4.7,4.74,4.79,4.69,382129,245332377.0,2.12,0.64,0.03,0.31
849,2018-07-27,4.74,4.7,4.75,4.65,230861,147382011.0,2.11,-0.84,-0.04,0.19
850,2018-07-30,4.69,4.71,4.79,4.67,298060,191153599.0,2.55,0.21,0.01,0.24
851,2018-07-31,4.71,4.77,4.8,4.69,261382,168358328.0,2.34,1.27,0.06,0.21
852,2018-08-01,4.73,4.55,4.74,4.55,398255,252248975.0,3.98,-4.61,-0.22,0.33
853,2018-08-02,4.55,4.5,4.66,4.43,438344,271286048.0,5.05,-1.1,-0.05,0.36
854,2018-08-03,4.5,4.46,4.53,4.44,202908,124230630.0,2.0,-0.89,-0.04,0.17
855,2018-08-06,4.44,4.36,4.47,4.33,264446,159137294.0,3.14,-2.24,-0.1,0.22
856,2018-08-07,4.39,4.52,4.53,4.34,300847,183196142.0,4.36,3.67,0.16,0.25
857,2018-08-08,4.51,4.48,4.57,4.47,225540,139136512.0,2.21,-0.88,-0.04,0.19
858,2018-08-09,4.48,4.57,4.61,4.47,289964,180372398.0,3.13,2.01,0.09,0.24
859,2018-08-10,4.59,4.61,4.74,4.58,365391,231178230.0,3.5,0.88,0.04,0.3
860,2018-08-13,4.51,4.59,4.61,4.44,253966,156724793.0,3.69,-0.43,-0.02,0.21
861,2018-08-14,4.57,4.5,4.57,4.49,279753,172497971.0,1.74,-1.96,-0.09,0.23
862,2018-08-15,4.53,4.47,4.55,4.46,186017,114506428.0,2.0,-0.67,-0.03,0.15
863,2018-08-16,4.42,4.44,4.51,4.39,230956,140668624.0,2.68,-0.67,-0.03,0.19
864,2018-08-17,4.48,4.39,4.5,4.38,202429,122790832.0,2.7,-1.13,-0.05,0.17
865,2018-08-20,4.39,4.45,4.46,4.37,167934,101652838.0,2.05,1.37,0.06,0.14
866,2018-08-21,4.43,4.48,4.5,4.42,176438,107883633.0,1.8,0.67,0.03,0.15
867,2018-08-22,4.48,4.46,4.48,4.44,125700,76795810.0,0.89,-0.45,-0.02,0.1
868,2018-08-23,4.46,4.45,4.5,4.42,134999,82443080.0,1.79,-0.22,-0.01,0.11
869,2018-08-24,4.45,4.48,4.51,4.42,126488,77274390.0,2.02,0.67,0.03,0.1
870,2018-08-27,4.48,4.61,4.61,4.48,347912,216151938.0,2.9,2.9,0.13,0.29
871,2018-08-28,4.62,4.62,4.67,4.59,350008,220447717.0,1.74,0.22,0.01,0.29
872,2018-08-29,4.61,4.79,4.87,4.61,650518,419721344.0,5.63,3.68,0.17,0.53
873,2018-08-30,4.78,4.69,4.82,4.69,354674,228112483.0,2.71,-2.09,-0.1,0.29
874,2018-08-31,4.69,4.75,4.86,4.69,450021,290797232.0,3.62,1.28,0.06,0.37
875,2018-09-03,4.75,4.71,4.82,4.68,306166,196427766.0,2.95,-0.84,-0.04,0.25
876,2018-09-04,4.72,4.77,4.8,4.68,240500,154521316.0,2.55,1.27,0.06,0.2
877,2018-09-05,4.75,4.68,4.79,4.67,265962,170397233.0,2.52,-1.89,-0.09,0.22
878,2018-09-06,4.67,4.67,4.74,4.63,158392,100799178.0,2.35,-0.21,-0.01,0.13
879,2018-09-07,4.67,4.64,4.74,4.61,171295,108740039.0,2.78,-0.64,-0.03,0.14
880,2018-09-10,4.64,4.67,4.74,4.63,226521,144235663.0,2.37,0.65,0.03,0.19
881,2018-09-11,4.64,4.57,4.67,4.53,218538,136297448.0,3.0,-2.14,-0.1,0.18
882,2018-09-12,4.59,4.63,4.65,4.55,143210,89757228.0,2.19,1.31,0.06,0.12
883,2018-09-13,4.67,4.6,4.7,4.54,258524,161460294.0,3.46,-0.65,-0.03,0.21
884,2018-09-14,4.6,4.6,4.61,4.56,135333,84555999.0,1.09,0.0,0.0,0.11
885,2018-09-17,4.57,4.5,4.58,4.46,185127,114136035.0,2.61,-2.17,-0.1,0.15
886,2018-09-18,4.49,4.62,4.62,4.48,198037,123128112.0,3.11,2.67,0.12,0.16
887,2018-09-19,4.61,4.73,4.8,4.58,418821,268878944.0,4.76,2.38,0.11,0.34
888,2018-09-20,4.72,4.73,4.74,4.67,233443,149209600.0,1.48,0.0,0.0,0.19
889,2018-09-21,4.74,4.86,4.88,4.7,402095,261916069.0,3.81,2.75,0.13,0.33
890,2018-09-25,4.72,4.72,4.74,4.68,324833,207751930.0,1.23,-2.88,-0.14,0.27
891,2018-09-26,4.74,4.72,4.79,4.71,225872,145330452.0,1.69,0.0,0.0,0.19
892,2018-09-27,4.74,4.72,4.74,4.69,232449,148888848.0,1.06,0.0,0.0,0.19
893,2018-09-28,4.73,4.72,4.78,4.69,217550,139942909.0,1.91,0.0,0.0,0.18
894,2018-10-08,4.62,4.6,4.65,4.55,325475,203760401.0,2.12,-2.54,-0.12,0.27
895,2018-10-09,4.57,4.55,4.6,4.51,227111,140876667.0,1.96,-1.09,-0.05,0.19
896,2018-10-10,4.55,4.58,4.61,4.53,145597,90553864.0,1.76,0.66,0.03,0.12
897,2018-10-11,4.48,4.25,4.51,4.21,365980,219646239.0,6.55,-7.21,-0.33,0.3
898,2018-10-12,4.25,4.27,4.29,4.12,244813,142841184.0,4.0,0.47,0.02,0.2
899,2018-10-15,4.28,4.21,4.31,4.21,147589,86465325.0,2.34,-1.41,-0.06,0.12
900,2018-10-16,4.2,3.93,4.27,3.88,397880,223292786.0,9.26,-6.65,-0.28,0.33
901,2018-10-17,4.0,3.93,4.03,3.79,402479,220536933.0,6.11,0.0,0.0,0.33
902,2018-10-18,3.9,3.85,3.91,3.83,196655,106681250.0,2.04,-2.04,-0.08,0.16
903,2018-10-19,3.77,4.03,4.03,3.76,345123,190134552.0,7.01,4.68,0.18,0.28
904,2018-10-22,4.1,4.22,4.28,4.08,349438,202510134.0,4.96,4.71,0.19,0.29
905,2018-10-23,4.22,4.2,4.24,4.16,237278,137874899.0,1.9,-0.47,-0.02,0.2
906,2018-10-24,4.17,4.19,4.3,4.16,180318,105229159.0,3.33,-0.24,-0.01,0.15
907,2018-10-25,4.1,4.39,4.39,4.07,453554,267975988.0,7.64,4.77,0.2,0.37
908,2018-10-26,4.39,4.47,4.68,4.35,370176,228824169.0,7.52,1.82,0.08,0.3
909,2018-10-29,4.49,4.4,4.57,4.35,295688,179548705.0,4.92,-1.57,-0.07,0.24
910,2018-10-30,4.39,4.45,4.55,4.39,300693,183857472.0,3.64,1.14,0.05,0.25
911,2018-10-31,4.45,4.52,4.56,4.42,290434,179238836.0,3.15,1.57,0.07,0.24
912,2018-11-01,4.56,4.53,4.63,4.53,355162,222041933.0,2.21,0.22,0.01,0.29
913,2018-11-02,4.63,4.61,4.66,4.55,277697,173814583.0,2.43,1.77,0.08,0.23
914,2018-11-05,4.61,4.5,4.65,4.45,368065,227109656.0,4.34,-2.39,-0.11,0.3
915,2018-11-06,4.48,4.63,4.66,4.48,342885,214173590.0,4.0,2.89,0.13,0.28
916,2018-11-07,4.63,4.54,4.65,4.51,223269,139204774.0,3.02,-1.94,-0.09,0.18
917,2018-11-08,4.56,4.51,4.59,4.49,138811,85992457.0,2.2,-0.66,-0.03,0.11
918,2018-11-09,4.48,4.44,4.55,4.44,179382,109822287.0,2.44,-1.55,-0.07,0.15
919,2018-11-12,4.42,4.48,4.51,4.4,246629,150764693.0,2.48,0.9,0.04,0.2
920,2018-11-13,4.44,4.55,4.58,4.42,251292,154900848.0,3.57,1.56,0.07,0.21
921,2018-11-14,4.55,4.54,4.64,4.54,243088,151865735.0,2.2,-0.22,-0.01,0.2
922,2018-11-15,4.53,4.61,4.62,4.52,194895,121812484.0,2.2,1.54,0.07,0.16
923,2018-11-16,4.61,4.87,4.97,4.6,701753,456220144.0,8.03,5.64,0.26,0.58
924,2018-11-19,4.96,4.98,5.05,4.85,582086,388621920.0,4.11,2.26,0.11,0.48
925,2018-11-20,4.89,4.76,4.98,4.74,413307,270855008.0,4.82,-4.42,-0.22,0.34
926,2018-11-21,4.72,4.85,4.87,4.68,374285,243141865.0,3.99,1.89,0.09,0.31
927,2018-11-22,5.0,4.81,5.03,4.75,419974,276396432.0,5.77,-0.82,-0.04,0.35
928,2018-11-23,4.79,4.62,4.84,4.61,338678,215863066.0,4.78,-3.95,-0.19,0.28
929,2018-11-26,4.66,4.68,4.77,4.62,216996,138369948.0,3.25,1.3,0.06,0.18
930,2018-11-27,4.71,4.68,4.73,4.63,200329,127214888.0,2.14,0.0,0.0,0.16
931,2018-11-28,4.69,4.74,4.78,4.65,298524,191065281.0,2.78,1.28,0.06,0.25
932,2018-11-29,4.75,4.51,4.77,4.48,361169,226876005.0,6.12,-4.85,-0.23,0.3
933,2018-11-30,4.48,4.5,4.52,4.37,250198,152580214.0,3.33,-0.22,-0.01,0.21
934,2018-12-03,4.62,4.58,4.66,4.52,356757,222575194.0,3.11,1.78,0.08,0.29
935,2018-12-04,4.55,4.6,4.61,4.51,244354,152132660.0,2.18,0.44,0.02,0.2
936,2018-12-05,4.55,4.63,4.66,4.52,257311,161015194.0,3.04,0.65,0.03,0.21
937,2018-12-06,4.59,4.5,4.59,4.49,213403,131904508.0,2.16,-2.81,-0.13,0.18
938,2018-12-07,4.5,4.5,4.55,4.48,125861,77475376.0,1.56,0.0,0.0,0.1
939,2018-12-10,4.45,4.45,4.49,4.42,130398,79534095.0,1.56,-1.11,-0.05,0.11
940,2018-12-11,4.48,4.49,4.53,4.46,113934,69906994.0,1.57,0.9,0.04,0.09
941,2018-12-12,4.51,4.58,4.66,4.5,251442,157332324.0,3.56,2.0,0.09,0.21
942,2018-12-13,4.59,4.66,4.71,4.57,301558,190941034.0,3.06,1.75,0.08,0.25
943,2018-12-14,4.63,4.61,4.69,4.59,282226,178394278.0,2.15,-1.07,-0.05,0.23
944,2018-12-17,4.62,4.68,4.69,4.57,203992,128870144.0,2.6,1.52,0.07,0.17
945,2018-12-18,4.67,4.54,4.7,4.52,243273,152138922.0,3.85,-2.99,-0.14,0.2
946,2018-12-19,4.57,4.53,4.68,4.52,204047,127744294.0,3.52,-0.22,-0.01,0.17
947,2018-12-20,4.54,4.56,4.58,4.46,160398,98972470.0,2.65,0.66,0.03,0.13
948,2018-12-21,4.53,4.42,4.55,4.36,270918,164039064.0,4.17,-3.07,-0.14,0.22
949,2018-12-24,4.42,4.49,4.51,4.4,171537,105066691.0,2.49,1.58,0.07,0.14
950,2018-12-25,4.48,4.48,4.51,4.38,193101,117400872.0,2.9,-0.22,-0.01,0.16
951,2018-12-26,4.47,4.47,4.52,4.44,133344,81726043.0,1.79,-0.22,-0.01,0.11
952,2018-12-27,4.55,4.48,4.57,4.48,180809,111726828.0,2.01,0.22,0.01,0.15
953,2018-12-28,4.48,4.47,4.54,4.42,206572,126341813.0,2.68,-0.22,-0.01,0.17
954,2019-01-02,4.48,4.42,4.49,4.39,129262,78434115.0,2.24,-1.12,-0.05,0.11
955,2019-01-03,4.42,4.41,4.5,4.38,166909,101073643.0,2.71,-0.23,-0.01,0.14
956,2019-01-04,4.38,4.51,4.52,4.35,246554,149925259.0,3.85,2.27,0.1,0.2
957,2019-01-07,4.56,4.57,4.61,4.54,200899,125057684.0,1.55,1.33,0.06,0.17
958,2019-01-08,4.54,4.55,4.57,4.51,131116,81175136.0,1.31,-0.44,-0.02,0.11
959,2019-01-09,4.56,4.57,4.65,4.55,189686,118944665.0,2.2,0.44,0.02,0.16
960,2019-01-10,4.56,4.52,4.6,4.51,122833,76352993.0,1.97,-1.09,-0.05,0.1
961,2019-01-11,4.54,4.59,4.61,4.52,144389,90065354.0,1.99,1.55,0.07,0.12
962,2019-01-14,4.61,4.57,4.61,4.54,149405,93065748.0,1.53,-0.44,-0.02,0.12
963,2019-01-15,4.55,4.57,4.59,4.5,211905,131516422.0,1.97,0.0,0.0,0.17
964,2019-01-16,4.56,4.58,4.62,4.56,235924,147535626.0,1.31,0.22,0.01,0.19
965,2019-01-17,4.61,4.59,4.61,4.55,179964,112573072.0,1.31,0.22,0.01,0.15
966,2019-01-18,4.61,4.64,4.65,4.57,273265,172084741.0,1.74,1.09,0.05,0.22
967,2019-01-21,4.64,4.65,4.73,4.61,246800,156549739.0,2.59,0.22,0.01,0.2
968,2019-01-22,4.65,4.62,4.71,4.6,229815,145545480.0,2.37,-0.65,-0.03,0.19
969,2019-01-23,4.61,4.66,4.69,4.61,167115,105911618.0,1.73,0.87,0.04,0.14
970,2019-01-24,4.69,4.75,4.76,4.63,280936,179119249.0,2.79,1.93,0.09,0.23
971,2019-01-25,4.75,4.72,4.81,4.7,308052,198263995.0,2.32,-0.63,-0.03,0.25
972,2019-01-28,4.74,4.68,4.81,4.66,225838,144496870.0,3.18,-0.85,-0.04,0.19
973,2019-01-29,4.7,4.7,4.73,4.6,270504,171540348.0,2.78,0.43,0.02,0.22
974,2019-01-30,4.68,4.75,4.87,4.66,392017,252738379.0,4.47,1.06,0.05,0.32
975,2019-01-31,4.74,4.73,4.82,4.7,349594,225689146.0,2.53,-0.42,-0.02,0.29
976,2019-02-01,4.75,4.76,4.79,4.71,235935,151742894.0,1.69,0.63,0.03,0.19
977,2019-02-11,4.76,4.82,4.82,4.71,310122,200450553.0,2.31,1.26,0.06,0.25
978,2019-02-12,4.81,4.81,4.84,4.78,259045,168370887.0,1.24,-0.21,-0.01,0.21
979,2019-02-13,4.82,4.92,4.94,4.79,439717,288377200.0,3.12,2.29,0.11,0.36
980,2019-02-14,4.92,4.95,5.0,4.88,363605,242569765.0,2.44,0.61,0.03,0.3
981,2019-02-15,4.98,4.88,5.02,4.86,334907,222344936.0,3.23,-1.41,-0.07,0.28
982,2019-02-18,4.92,4.98,4.98,4.89,373363,248115938.0,1.84,2.05,0.1,0.31
983,2019-02-19,4.98,4.9,5.0,4.87,403945,268770640.0,2.61,-1.61,-0.08,0.33
984,2019-02-20,4.89,4.95,4.97,4.87,374349,248849313.0,2.04,1.02,0.05,0.31
985,2019-02-21,4.94,4.82,4.94,4.8,466603,307308032.0,2.83,-2.63,-0.13,0.38
986,2019-02-22,4.81,4.87,4.89,4.76,502317,326325040.0,2.7,1.04,0.05,0.41
987,2019-02-25,4.9,5.17,5.19,4.89,1066864,720060880.0,6.16,6.16,0.3,0.88
988,2019-02-26,5.17,5.11,5.26,5.09,905842,626011824.0,3.29,-1.16,-0.06,0.74
989,2019-02-27,5.13,5.18,5.32,5.11,872639,606301552.0,4.11,1.37,0.07,0.72
990,2019-02-28,5.21,5.2,5.35,5.17,745337,522470752.0,3.47,0.39,0.02,0.61
991,2019-03-01,5.22,5.23,5.25,5.11,574748,397858960.0,2.69,0.58,0.03,0.47
992,2019-03-04,5.28,5.45,5.6,5.26,1396237,1008191424.0,6.5,4.21,0.22,1.15
993,2019-03-05,5.44,5.73,5.77,5.39,1330967,986627872.0,6.97,5.14,0.28,1.09
994,2019-03-06,5.73,5.73,5.84,5.61,1017313,766605392.0,4.01,0.0,0.0,0.84
995,2019-03-07,5.7,5.61,5.71,5.52,905134,674070960.0,3.32,-2.09,-0.12,0.74
996,2019-03-08,5.5,5.31,5.55,5.28,853517,616133456.0,4.81,-5.35,-0.3,0.7
997,2019-03-11,5.24,5.45,5.45,5.24,698388,498726368.0,3.95,2.64,0.14,0.57
998,2019-03-12,5.49,5.43,5.58,5.38,933120,680581344.0,3.67,-0.37,-0.02,0.77
999,2019-03-13,5.41,5.7,5.93,5.3,1792186,1337894704.0,11.6,4.97,0.27,1.47
1000,2019-03-14,5.68,5.44,5.82,5.38,1159449,857466800.0,7.72,-4.56,-0.26,0.95
1001,2019-03-15,5.46,5.63,5.77,5.43,1217157,903106176.0,6.25,3.49,0.19,1.0
1002,2019-03-18,5.69,5.82,5.86,5.54,1187076,895014992.0,5.68,3.37,0.19,0.98
1003,2019-03-19,5.81,5.8,6.05,5.71,1231936,951763712.0,5.84,-0.34,-0.02,1.01
1004,2019-03-20,5.83,5.79,5.85,5.64,923114,700350112.0,3.62,-0.17,-0.01,0.76
1005,2019-03-21,5.81,5.93,6.0,5.77,1232207,956338720.0,3.97,2.42,0.14,1.01
1006,2019-03-22,5.93,5.88,5.97,5.77,669674,516429792.0,3.37,-0.84,-0.05,0.55
1007,2019-03-25,5.74,5.63,5.82,5.63,773820,584798256.0,3.23,-4.25,-0.25,0.64
1008,2019-03-26,5.67,5.48,5.71,5.44,676967,500318640.0,4.8,-2.66,-0.15,0.56
1009,2019-03-27,5.54,5.53,5.58,5.47,458642,336013648.0,2.01,0.91,0.05,0.38
1010,2019-03-28,5.51,5.43,5.58,5.42,445412,324823872.0,2.89,-1.81,-0.1,0.37
1011,2019-03-29,5.45,5.71,5.71,5.45,774517,575785488.0,4.79,5.16,0.28,0.64
1012,2019-04-01,5.8,6.01,6.13,5.8,1394493,1099520896.0,5.78,5.25,0.3,1.15
1013,2019-04-02,6.02,5.95,6.09,5.9,681717,535839840.0,3.16,-1.0,-0.06,0.56
1014,2019-04-03,5.95,6.14,6.18,5.9,911457,728168128.0,4.71,3.19,0.19,0.75
1015,2019-04-04,6.21,6.14,6.36,6.07,916333,743330784.0,4.72,0.0,0.0,0.75
1016,2019-04-08,6.21,6.11,6.3,6.0,799640,643424592.0,4.89,-0.49,-0.03,0.66
1017,2019-04-09,6.2,6.23,6.26,6.1,741424,600711472.0,2.62,1.96,0.12,0.61
1018,2019-04-10,6.17,6.1,6.18,6.03,679094,543220368.0,2.41,-2.09,-0.13,0.56
1019,2019-04-11,6.09,5.9,6.14,5.88,636766,501543424.0,4.26,-3.28,-0.2,0.52
1020,2019-04-12,5.96,5.99,6.04,5.89,512670,402743232.0,2.54,1.53,0.09,0.42
1021,2019-04-15,6.11,5.9,6.16,5.9,572686,455554416.0,4.34,-1.5,-0.09,0.47
1022,2019-04-16,5.9,6.04,6.05,5.75,679037,526801168.0,5.08,2.37,0.14,0.56
1023,2019-04-17,6.07,5.96,6.09,5.9,524002,412616656.0,3.15,-1.32,-0.08,0.43
1024,2019-04-18,5.93,5.91,5.96,5.89,269862,209959381.0,1.17,-0.84,-0.05,0.22
1025,2019-04-19,5.91,5.96,5.96,5.8,421501,326649600.0,2.71,0.85,0.05,0.35
1026,2019-04-22,5.92,5.65,5.95,5.64,802385,611489456.0,5.2,-5.2,-0.31,0.66
1027,2019-04-23,5.73,5.68,5.77,5.65,467250,353786128.0,2.12,0.53,0.03,0.38
1028,2019-04-24,5.74,5.67,5.74,5.57,531183,397348848.0,2.99,-0.18,-0.01,0.44
1029,2019-04-25,5.66,5.57,5.73,5.56,387073,289175392.0,3.0,-1.76,-0.1,0.32
1030,2019-04-26,5.54,5.52,5.6,5.5,406873,299171584.0,1.8,-0.9,-0.05,0.33
1031,2019-04-29,5.55,5.53,5.65,5.5,456693,336971760.0,2.72,0.18,0.01,0.38
1032,2019-04-30,5.54,5.65,5.65,5.48,395009,292309648.0,3.07,2.17,0.12,0.32
1033,2019-05-06,5.45,5.31,5.53,5.26,661948,474589696.0,4.78,-6.02,-0.34,0.54
1034,2019-05-07,5.35,5.38,5.45,5.33,415107,297732416.0,2.26,1.32,0.07,0.34
1035,2019-05-08,5.26,5.33,5.43,5.25,375233,267525980.0,3.35,-0.93,-0.05,0.31
1036,2019-05-09,5.3,5.24,5.37,5.19,327717,230651267.0,3.38,-1.69,-0.09,0.27
1037,2019-05-10,5.3,5.36,5.39,5.13,345485,244934562.0,4.96,2.29,0.12,0.28
1038,2019-05-13,5.3,5.31,5.32,5.26,228150,161193340.0,1.12,-0.93,-0.05,0.19
1039,2019-05-14,5.26,5.25,5.34,5.24,259816,183113321.0,1.88,-1.13,-0.06,0.21
1040,2019-05-15,5.3,5.32,5.34,5.27,273357,193589089.0,1.33,1.33,0.07,0.22
1041,2019-05-16,5.32,5.36,5.36,5.3,259529,184452379.0,1.13,0.75,0.04,0.21
1042,2019-05-17,5.36,5.15,5.37,5.13,358370,251373598.0,4.48,-3.92,-0.21,0.29
1043,2019-05-20,5.13,5.1,5.21,5.05,306680,210132401.0,3.11,-0.97,-0.05,0.25
1044,2019-05-21,5.1,5.19,5.21,5.1,246154,170429835.0,2.16,1.76,0.09,0.2
1045,2019-05-22,5.19,5.09,5.19,5.06,203282,139781298.0,2.5,-1.93,-0.1,0.17
1046,2019-05-23,5.06,4.95,5.06,4.94,309110,207516656.0,2.36,-2.75,-0.14,0.25
1047,2019-05-24,4.97,4.99,5.04,4.96,218633,147105650.0,1.62,0.81,0.04,0.18
1048,2019-05-27,5.0,5.06,5.06,4.89,297512,200083378.0,3.41,1.4,0.07,0.24
1049,2019-05-28,5.06,5.13,5.13,5.03,344645,235562747.0,1.98,1.38,0.07,0.28
1050,2019-05-29,5.06,5.06,5.11,5.04,219717,149476521.0,1.36,-1.36,-0.07,0.18
1051,2019-05-30,5.05,5.0,5.06,4.94,225168,150961102.0,2.37,-1.19,-0.06,0.19
1052,2019-05-31,5.0,4.99,5.07,4.97,189283,127591086.0,2.0,-0.2,-0.01,0.16
1053,2019-06-03,5.0,4.93,5.04,4.9,304912,203225920.0,2.81,-1.2,-0.06,0.25
1054,2019-06-04,4.91,4.91,4.94,4.87,242752,160275172.0,1.42,-0.41,-0.02,0.2
1055,2019-06-05,4.96,4.94,5.0,4.93,326241,217942225.0,1.43,0.61,0.03,0.27
1056,2019-06-06,4.94,4.92,4.95,4.9,219173,145379509.0,1.01,-0.4,-0.02,0.18
1057,2019-06-10,4.92,4.98,5.03,4.92,265624,178254026.0,2.24,1.22,0.06,0.22
1058,2019-06-11,4.99,5.13,5.13,4.99,418697,285571680.0,2.81,3.01,0.15,0.34
1059,2019-06-12,5.11,5.03,5.13,5.0,445589,302210576.0,2.53,-1.95,-0.1,0.37
1060,2019-06-13,5.02,5.0,5.03,4.95,329301,221112667.0,1.59,-0.6,-0.03,0.27
1061,2019-06-14,5.0,5.0,5.04,4.96,529412,355655904.0,1.6,0.0,0.0,0.44
1062,2019-06-17,5.0,4.96,5.01,4.94,305297,204109543.0,1.4,-0.8,-0.04,0.25
1063,2019-06-18,4.97,4.94,4.97,4.9,191184,127043495.0,1.41,-0.4,-0.02,0.16
1064,2019-06-19,5.02,5.0,5.06,4.98,283255,190843416.0,1.62,1.21,0.06,0.23
1065,2019-06-20,5.0,5.13,5.14,4.99,443957,302737296.0,3.0,2.6,0.13,0.36
1066,2019-06-21,5.13,5.15,5.19,5.12,350024,241554375.0,1.36,0.39,0.02,0.29
1067,2019-06-24,5.17,5.15,5.17,5.11,250140,172358897.0,1.17,0.0,0.0,0.21
1068,2019-06-25,5.17,5.1,5.18,5.04,266164,182068188.0,2.72,-0.97,-0.05,0.22
1069,2019-06-26,5.09,5.14,5.17,5.06,182842,125904678.0,2.16,0.78,0.04,0.15
1070,2019-06-27,5.16,5.12,5.23,5.1,289802,200208359.0,2.53,-0.39,-0.02,0.24
1071,2019-06-28,5.12,5.09,5.13,5.05,168813,115270323.0,1.56,-0.59,-0.03,0.14
1072,2019-07-01,5.18,5.19,5.21,5.14,311128,215833943.0,1.38,1.96,0.1,0.26
1073,2019-07-02,5.2,5.24,5.26,5.15,347247,241677487.0,2.12,0.96,0.05,0.29
1074,2019-07-03,5.26,5.28,5.32,5.2,452335,318611232.0,2.29,0.76,0.04,0.37
1075,2019-07-04,5.27,5.33,5.44,5.26,455340,325489760.0,3.41,0.95,0.05,0.37
1076,2019-07-05,5.33,5.28,5.34,5.25,282994,199634582.0,1.69,-0.94,-0.05,0.23
1077,2019-07-08,5.28,5.15,5.28,5.1,381179,263368299.0,3.41,-2.46,-0.13,0.31
1078,2019-07-09,5.13,5.14,5.19,5.13,255579,176316733.0,1.17,-0.19,-0.01,0.21
1079,2019-07-10,5.16,5.11,5.19,5.08,260602,171258371.0,2.14,-0.58,-0.03,0.21
1080,2019-07-11,5.13,5.1,5.17,5.08,183100,120221457.0,1.76,-0.2,-0.01,0.15
1081,2019-07-12,5.28,5.39,5.39,5.22,655122,444552096.0,3.33,5.69,0.29,0.54
1082,2019-07-15,5.39,5.5,5.56,5.33,607690,422679328.0,4.27,2.04,0.11,0.5
1083,2019-07-16,5.52,5.7,5.77,5.51,628927,451199056.0,4.73,3.64,0.2,0.52
1084,2019-07-17,5.67,5.64,5.72,5.6,515936,370117648.0,2.11,-1.05,-0.06,0.42
1085,2019-07-18,5.63,5.62,5.68,5.6,365367,261808201.0,1.42,-0.35,-0.02,0.3
1086,2019-07-19,5.67,5.72,5.82,5.62,614225,446942576.0,3.56,1.78,0.1,0.5
1087,2019-07-22,5.84,5.77,5.92,5.69,794413,587042752.0,4.02,0.87,0.05,0.65
1088,2019-07-23,5.77,5.76,5.84,5.7,447351,326355792.0,2.43,-0.17,-0.01,0.37
1089,2019-07-24,5.77,5.69,5.81,5.65,454923,330276560.0,2.78,-1.22,-0.07,0.37
1090,2019-07-25,5.68,5.76,5.78,5.67,287378,209048748.0,1.93,1.23,0.07,0.24
1091,2019-07-26,5.77,5.71,5.77,5.68,246875,178879418.0,1.56,-0.87,-0.05,0.2
1092,2019-07-29,5.71,5.69,5.75,5.65,297718,215172946.0,1.75,-0.35,-0.02,0.24
1093,2019-07-30,5.68,5.7,5.76,5.67,236387,171598978.0,1.58,0.18,0.01,0.19
1094,2019-07-31,5.65,5.45,5.65,5.44,565721,397068496.0,3.68,-4.39,-0.25,0.46
1095,2019-08-01,5.46,5.48,5.52,5.44,302888,211645491.0,1.47,0.55,0.03,0.25
1096,2019-08-02,5.38,5.34,5.39,5.28,350889,238794751.0,2.01,-2.55,-0.14,0.29
1097,2019-08-05,5.3,5.19,5.32,5.17,271166,181615443.0,2.81,-2.81,-0.15,0.22
1098,2019-08-06,5.09,5.2,5.26,5.0,478647,315671520.0,5.01,0.19,0.01,0.39
1099,2019-08-07,5.25,5.19,5.25,5.19,232443,155213371.0,1.15,-0.19,-0.01,0.19
1100,2019-08-08,5.22,5.19,5.24,5.15,212889,141725530.0,1.73,0.0,0.0,0.17
1101,2019-08-09,5.21,5.18,5.22,5.17,193822,128761838.0,0.96,-0.19,-0.01,0.16
1102,2019-08-12,5.14,5.24,5.24,5.12,209135,139206660.0,2.32,1.16,0.06,0.17
1103,2019-08-13,5.21,5.15,5.22,5.13,186209,123184863.0,1.72,-1.72,-0.09,0.15
1104,2019-08-14,5.21,5.18,5.24,5.17,202431,134935551.0,1.36,0.58,0.03,0.17
1105,2019-08-15,5.09,5.18,5.19,5.06,181815,119616428.0,2.51,0.0,0.0,0.15
1106,2019-08-16,5.21,5.16,5.25,5.14,218809,145510464.0,2.12,-0.39,-0.02,0.18
1107,2019-08-19,5.22,5.32,5.33,5.2,307006,206534999.0,2.52,3.1,0.16,0.25
1108,2019-08-20,5.32,5.32,5.36,5.29,220195,149693107.0,1.32,0.0,0.0,0.18
1109,2019-08-21,5.3,5.32,5.38,5.29,213384,145381879.0,1.69,0.0,0.0,0.18
1110,2019-08-22,5.34,5.29,5.34,5.26,182221,123159054.0,1.5,-0.56,-0.03,0.15
1111,2019-08-23,5.29,5.32,5.35,5.27,163414,110824158.0,1.51,0.57,0.03,0.13
1112,2019-08-26,5.2,5.25,5.27,5.2,181103,121430772.0,1.32,-1.32,-0.07,0.15
1113,2019-08-27,5.34,5.33,5.44,5.32,478593,328436288.0,2.29,1.52,0.08,0.39
1114,2019-08-28,5.38,5.35,5.4,5.32,214535,146861312.0,1.5,0.38,0.02,0.18
1115,2019-08-29,5.36,5.23,5.38,5.2,338724,228114301.0,3.36,-2.24,-0.12,0.28
1116,2019-08-30,5.26,5.18,5.27,5.14,295040,196567651.0,2.49,-0.96,-0.05,0.24
1117,2019-09-02,5.15,5.28,5.31,5.15,300770,202294305.0,3.09,1.93,0.1,0.25
1118,2019-09-03,5.3,5.3,5.32,5.26,195966,132389724.0,1.14,0.38,0.02,0.16
1119,2019-09-04,5.3,5.5,5.5,5.27,438190,302341120.0,4.34,3.77,0.2,0.36
1120,2019-09-05,5.52,5.46,5.59,5.43,401383,282719808.0,2.91,-0.73,-0.04,0.33
1121,2019-09-06,5.47,5.53,5.53,5.44,262562,183488486.0,1.65,1.28,0.07,0.22
1122,2019-09-09,5.59,5.56,5.61,5.54,333988,236419405.0,1.27,0.54,0.03,0.27
1123,2019-09-10,5.58,5.59,5.6,5.51,253590,179186708.0,1.62,0.54,0.03,0.21
1124,2019-09-11,5.58,5.63,5.63,5.54,200975,142527544.0,1.61,0.72,0.04,0.17
1125,2019-09-12,5.61,5.68,5.7,5.6,321174,230699660.0,1.78,0.89,0.05,0.26
1126,2019-09-16,5.67,5.65,5.7,5.6,256972,184417693.0,1.76,-0.53,-0.03,0.21
1127,2019-09-17,5.64,5.55,5.64,5.55,235987,167443866.0,1.59,-1.77,-0.1,0.19
1128,2019-09-18,5.65,5.65,5.67,5.58,288863,207023371.0,1.62,1.8,0.1,0.24
1129,2019-09-19,5.65,5.64,5.66,5.6,193235,138173332.0,1.06,-0.18,-0.01,0.16
1130,2019-09-20,5.64,5.55,5.64,5.54,252955,179265345.0,1.77,-1.6,-0.09,0.21
1131,2019-09-23,5.55,5.45,5.56,5.41,220818,153872607.0,2.7,-1.8,-0.1,0.18
1132,2019-09-24,5.45,5.51,5.54,5.45,187061,131142495.0,1.65,1.1,0.06,0.15
1133,2019-09-25,5.5,5.58,5.63,5.47,264030,187401762.0,2.9,1.27,0.07,0.22
1134,2019-09-26,5.63,5.55,5.64,5.53,291225,206954355.0,1.97,-0.54,-0.03,0.24
1135,2019-09-27,5.55,5.55,5.61,5.51,185585,131493895.0,1.8,0.0,0.0,0.15
1136,2019-09-30,5.54,5.55,5.6,5.52,134269,94950465.0,1.44,0.0,0.0,0.11
1137,2019-10-08,5.56,5.58,5.64,5.48,304574,215409190.0,2.88,0.54,0.03,0.25
1138,2019-10-09,5.52,5.7,5.71,5.52,390798,280283728.0,3.41,2.15,0.12,0.32
1139,2019-10-10,5.67,5.68,5.72,5.65,246796,177667288.0,1.23,-0.35,-0.02,0.2
1140,2019-10-11,5.7,5.75,5.77,5.65,281115,204040796.0,2.11,1.23,0.07,0.23
1141,2019-10-14,5.78,5.76,5.88,5.73,340490,250122717.0,2.61,0.17,0.01,0.28
1142,2019-10-15,5.76,5.71,5.8,5.69,200723,146002138.0,1.91,-0.87,-0.05,0.16
1143,2019-10-16,5.74,5.76,5.87,5.73,251223,184430615.0,2.45,0.88,0.05,0.21
1144,2019-10-17,5.75,5.77,5.82,5.71,198397,145287700.0,1.91,0.17,0.01,0.16
1145,2019-10-18,5.79,5.67,5.84,5.63,248988,180975729.0,3.64,-1.73,-0.1,0.2
1146,2019-10-21,5.67,5.73,5.76,5.63,277004,200878696.0,2.29,1.06,0.06,0.23
1147,2019-10-22,5.75,5.77,5.77,5.67,207245,150551599.0,1.75,0.7,0.04,0.17
1148,2019-10-23,5.75,5.67,5.77,5.65,187649,135576147.0,2.08,-1.73,-0.1,0.15
1149,2019-10-24,5.65,5.72,5.74,5.64,178500,129044695.0,1.76,0.88,0.05,0.15
1150,2019-10-25,5.65,5.55,5.69,5.48,530931,374772976.0,3.67,-2.97,-0.17,0.44
1151,2019-10-28,5.5,5.5,5.52,5.45,331844,231832062.0,1.26,-0.9,-0.05,0.27
1152,2019-10-29,5.49,5.43,5.49,5.43,201264,139816781.0,1.09,-1.27,-0.07,0.17
1153,2019-10-30,5.42,5.4,5.45,5.37,186374,128276757.0,1.47,-0.55,-0.03,0.15
1154,2019-10-31,5.39,5.34,5.44,5.32,245947,168188553.0,2.22,-1.11,-0.06,0.2
1155,2019-11-01,5.32,5.33,5.36,5.26,319350,216496552.0,1.87,-0.19,-0.01,0.26
1156,2019-11-04,5.37,5.32,5.37,5.3,314416,214180725.0,1.31,-0.19,-0.01,0.26
1157,2019-11-05,5.35,5.38,5.4,5.32,289150,197858684.0,1.5,1.13,0.06,0.24
1158,2019-11-06,5.37,5.29,5.37,5.26,267710,181575915.0,2.04,-1.67,-0.09,0.22
1159,2019-11-07,5.28,5.29,5.32,5.24,217491,146650404.0,1.51,0.0,0.0,0.18
1160,2019-11-08,5.32,5.25,5.32,5.23,202980,136701790.0,1.7,-0.76,-0.04,0.17
1161,2019-11-11,5.23,5.19,5.26,5.18,246025,164200776.0,1.52,-1.14,-0.06,0.2
1162,2019-11-12,5.18,5.17,5.2,5.15,151738,100471366.0,0.96,-0.39,-0.02,0.12
1163,2019-11-13,5.18,5.08,5.18,5.05,244886,159753783.0,2.51,-1.74,-0.09,0.2
1164,2019-11-14,5.1,5.08,5.11,5.02,170379,110629333.0,1.77,0.0,0.0,0.14
1165,2019-11-15,5.08,5.04,5.1,5.03,135393,87988578.0,1.38,-0.79,-0.04,0.11
1166,2019-11-18,5.05,5.07,5.08,5.0,110790,71801058.0,1.59,0.6,0.03,0.09
1167,2019-11-19,5.08,5.12,5.14,5.07,162449,106606092.0,1.38,0.99,0.05,0.13
1168,2019-11-20,5.11,5.06,5.12,5.05,132569,86462749.0,1.37,-1.17,-0.06,0.11
1169,2019-11-21,5.04,5.1,5.11,5.02,135363,88326359.0,1.78,0.79,0.04,0.11
1170,2019-11-22,5.11,5.09,5.13,5.05,132236,86358576.0,1.57,-0.2,-0.01,0.11
1171,2019-11-25,5.09,5.2,5.25,5.09,283583,188437540.0,3.14,2.16,0.11,0.23
1172,2019-11-26,5.23,5.26,5.26,5.13,392461,261905129.0,2.5,1.15,0.06,0.32
1173,2019-11-27,5.21,5.18,5.22,5.17,195232,129896981.0,0.95,-1.52,-0.08,0.16
1174,2019-11-28,5.19,5.09,5.19,5.06,168293,110365284.0,2.51,-1.74,-0.09,0.14
1175,2019-11-29,5.1,5.11,5.13,5.08,125922,82397914.0,0.98,0.39,0.02,0.1
1176,2019-12-02,5.12,5.19,5.21,5.11,226182,150042348.0,1.96,1.57,0.08,0.19
1177,2019-12-03,5.18,5.18,5.23,5.15,181512,120622188.0,1.54,-0.19,-0.01,0.15
1178,2019-12-04,5.18,5.16,5.18,5.13,122954,81073222.0,0.97,-0.39,-0.02,0.1
1179,2019-12-05,5.16,5.17,5.19,5.13,139974,92509388.0,1.16,0.19,0.01,0.12
1180,2019-12-06,5.14,5.15,5.16,5.12,120774,79530613.0,0.77,-0.39,-0.02,0.1
1181,2019-12-09,5.16,5.23,5.23,5.16,224817,149711868.0,1.36,1.55,0.08,0.18
1182,2019-12-10,5.22,5.22,5.23,5.19,207351,138154178.0,0.76,-0.19,-0.01,0.17
1183,2019-12-11,5.23,5.24,5.27,5.21,191564,128367476.0,1.15,0.38,0.02,0.16
1184,2019-12-12,5.24,5.2,5.26,5.19,203383,135712348.0,1.34,-0.76,-0.04,0.17
1185,2019-12-13,5.24,5.3,5.3,5.22,263314,177313500.0,1.54,1.92,0.1,0.22
1186,2019-12-16,5.3,5.34,5.34,5.26,218026,147368655.0,1.51,0.75,0.04,0.18
1187,2019-12-17,5.33,5.41,5.44,5.3,375521,257714759.0,2.62,1.31,0.07,0.31
1188,2019-12-18,5.39,5.38,5.43,5.37,226963,156192095.0,1.11,-0.55,-0.03,0.19
1189,2019-12-19,5.37,5.39,5.4,5.35,197771,135712019.0,0.93,0.19,0.01,0.16
1190,2019-12-20,5.4,5.41,5.47,5.39,302409,209637039.0,1.48,0.37,0.02,0.25
1191,2019-12-23,5.43,5.26,5.43,5.24,292988,199507236.0,3.51,-2.77,-0.15,0.24
1192,2019-12-24,5.26,5.27,5.29,5.22,182051,122257656.0,1.33,0.19,0.01,0.15
1193,2019-12-25,5.24,5.23,5.26,5.22,145646,97610959.0,0.76,-0.76,-0.04,0.12
1194,2019-12-26,5.26,5.32,5.37,5.26,273933,186054533.0,2.1,1.72,0.09,0.23
1195,2019-12-27,5.32,5.33,5.36,5.29,304117,206904644.0,1.32,0.19,0.01,0.25
1196,2019-12-30,5.32,5.4,5.41,5.32,296048,202954345.0,1.69,1.31,0.07,0.24
1197,2019-12-31,5.4,5.45,5.45,5.37,266486,184245060.0,1.48,0.93,0.05,0.22
1198,2020-01-02,5.57,5.52,5.62,5.52,399389,282339248.0,1.83,1.28,0.07,0.33
1199,2020-01-03,5.52,5.54,5.57,5.5,281414,198069804.0,1.27,0.36,0.02,0.23
1200,2020-01-06,5.54,5.49,5.55,5.47,391433,274538736.0,1.44,-0.9,-0.05,0.32
1201,2020-01-07,5.5,5.5,5.53,5.47,244642,171272031.0,1.09,0.18,0.01,0.2
1202,2020-01-08,5.57,5.47,5.58,5.45,466253,326717440.0,2.36,-0.55,-0.03,0.38
1203,2020-01-09,5.52,5.57,5.58,5.51,418447,295334336.0,1.28,1.83,0.1,0.34
1204,2020-01-10,5.56,5.51,5.58,5.49,288151,202220193.0,1.62,-1.08,-0.06,0.24
1205,2020-01-13,5.52,5.51,5.52,5.46,239922,167695818.0,1.09,0.0,0.0,0.2
1206,2020-01-14,5.51,5.5,5.56,5.48,261113,183125595.0,1.45,-0.18,-0.01,0.21
1207,2020-01-15,5.49,5.45,5.5,5.43,203950,141744875.0,1.27,-0.91,-0.05,0.17
1208,2020-01-16,5.44,5.39,5.45,5.37,199635,137593696.0,1.47,-1.1,-0.06,0.16
1209,2020-01-17,5.41,5.35,5.44,5.33,194610,133621016.0,2.04,-0.74,-0.04,0.16
1210,2020-01-20,5.34,5.32,5.36,5.28,247658,167974074.0,1.5,-0.56,-0.03,0.2
1211,2020-01-21,5.3,5.2,5.32,5.19,296518,198624961.0,2.44,-2.26,-0.12,0.24
1212,2020-01-22,5.21,5.21,5.25,5.17,229233,152927471.0,1.54,0.19,0.01,0.19
1213,2020-01-23,5.19,5.06,5.22,5.01,352159,230387330.0,4.03,-2.88,-0.15,0.29
1214,2020-02-03,4.49,4.49,4.56,4.49,365746,213786820.0,1.38,-11.26,-0.57,0.3
1215,2020-02-04,4.29,4.48,4.63,4.29,515753,299682608.0,7.57,-0.22,-0.01,0.42
1216,2020-02-05,4.48,4.51,4.56,4.45,435748,255702869.0,2.46,0.67,0.03,0.36
1217,2020-02-06,4.51,4.52,4.55,4.43,415193,242024336.0,2.66,0.22,0.01,0.34
1218,2020-02-07,4.48,4.5,4.5,4.44,376671,218835484.0,1.33,-0.44,-0.02,0.31
1219,2020-02-10,4.47,4.56,4.59,4.45,388945,228602242.0,3.11,1.33,0.06,0.32
1220,2020-02-11,4.57,4.61,4.68,4.55,484961,290426080.0,2.85,1.1,0.05,0.4
1221,2020-02-12,4.61,4.62,4.62,4.57,265148,157951176.0,1.08,0.22,0.01,0.22
1222,2020-02-13,4.61,4.58,4.72,4.57,466960,280348976.0,3.25,-0.87,-0.04,0.38
1223,2020-02-14,4.57,4.7,4.71,4.55,515900,309649008.0,3.49,2.62,0.12,0.42
1224,2020-02-17,4.71,4.78,4.8,4.67,473234,289326736.0,2.77,1.7,0.08,0.39
1225,2020-02-18,4.74,4.71,4.77,4.68,387832,236214536.0,1.88,-1.46,-0.07,0.32
1226,2020-02-19,4.69,4.68,4.74,4.68,304232,185284048.0,1.27,-0.64,-0.03,0.25
1227,2020-02-20,4.68,4.74,4.74,4.61,534812,323469472.0,2.78,1.28,0.06,0.44
1228,2020-02-21,4.72,4.7,4.75,4.68,465982,283628544.0,1.48,-0.84,-0.04,0.38
1229,2020-02-24,4.68,4.59,4.68,4.54,715397,426425760.0,2.98,-2.34,-0.11,0.59
1230,2020-02-25,4.52,4.55,4.59,4.47,498620,293462016.0,2.61,-0.87,-0.04,0.41
1231,2020-02-26,4.5,4.67,4.74,4.48,858625,517894304.0,5.71,2.64,0.12,0.71
1232,2020-02-27,4.68,4.68,4.8,4.65,701758,427306768.0,3.21,0.21,0.01,0.58
1233,2020-02-28,4.59,4.49,4.69,4.49,602939,357988592.0,4.27,-4.06,-0.19,0.5
1234,2020-03-02,4.53,4.77,4.81,4.53,886809,541643408.0,6.24,6.24,0.28,0.73
1235,2020-03-03,4.82,4.77,4.86,4.73,606139,373260736.0,2.73,0.0,0.0,0.5
1236,2020-03-04,4.78,4.95,4.97,4.74,872059,547311136.0,4.82,3.77,0.18,0.72
1237,2020-03-05,4.92,4.95,5.0,4.87,732545,465574880.0,2.63,0.0,0.0,0.6
1238,2020-03-06,4.88,4.81,4.91,4.77,528097,329352992.0,2.83,-2.83,-0.14,0.43
1239,2020-03-09,4.68,4.61,4.73,4.61,550983,332111056.0,2.49,-4.16,-0.2,0.45
1240,2020-03-10,4.6,4.68,4.68,4.53,513933,307967504.0,3.25,1.52,0.07,0.42
1241,2020-03-11,4.68,4.64,4.72,4.63,444430,268593760.0,1.92,-0.85,-0.04,0.37
1242,2020-03-12,4.6,4.56,4.65,4.52,548295,324725616.0,2.8,-1.72,-0.08,0.45
1243,2020-03-13,4.34,4.49,4.52,4.31,546290,314088192.0,4.61,-1.54,-0.07,0.45
1244,2020-03-16,4.48,4.37,4.52,4.35,519319,300697856.0,3.79,-2.67,-0.12,0.43
1245,2020-03-17,4.39,4.33,4.42,4.26,413931,234293860.0,3.66,-0.92,-0.04,0.34
1246,2020-03-18,4.34,4.19,4.37,4.18,485231,271994000.0,4.39,-3.23,-0.14,0.4
1247,2020-03-19,4.17,4.06,4.21,3.97,694479,371323424.0,5.73,-3.1,-0.13,0.57
1248,2020-03-20,4.09,4.1,4.11,4.02,632563,338454064.0,2.22,0.99,0.04,0.52
1249,2020-03-23,3.94,3.96,4.0,3.92,357589,187000881.0,1.95,-3.41,-0.14,0.29
1250,2020-03-24,4.02,4.03,4.04,3.95,354692,187331083.0,2.27,1.77,0.07,0.29
1251,2020-03-25,4.12,4.17,4.23,4.07,717192,389144944.0,3.97,3.47,0.14,0.59
1252,2020-03-26,4.12,4.16,4.25,4.11,458538,250577659.0,3.36,-0.24,-0.01,0.38
1253,2020-03-27,4.23,4.25,4.32,4.19,573213,318959344.0,3.13,2.16,0.09,0.47
1254,2020-03-30,4.18,4.21,4.23,4.16,303643,166902280.0,1.65,-0.94,-0.04,0.25
1255,2020-03-31,4.24,4.12,4.26,4.1,353566,193146533.0,3.8,-2.14,-0.09,0.29
1256,2020-04-01,4.12,4.13,4.21,4.11,272553,148869300.0,2.43,0.24,0.01,0.22
1257,2020-04-02,4.1,4.18,4.18,4.09,224042,121693899.0,2.18,1.21,0.05,0.18
1258,2020-04-03,4.17,4.18,4.22,4.14,216047,118088457.0,1.91,0.0,0.0,0.18
1259,2020-04-07,4.25,4.21,4.27,4.19,477716,263648968.0,1.91,0.72,0.03,0.39
1260,2020-04-08,4.2,4.18,4.21,4.15,342699,187466329.0,1.43,-0.71,-0.03,0.28
1261,2020-04-09,4.21,4.17,4.22,4.16,267383,146630579.0,1.44,-0.24,-0.01,0.22
1262,2020-04-10,4.2,4.17,4.22,4.16,284496,155983612.0,1.44,0.0,0.0,0.23
1263,2020-04-13,4.16,4.12,4.16,4.11,220499,119719817.0,1.2,-1.2,-0.05,0.18
1264,2020-04-14,4.15,4.25,4.28,4.12,542555,299717344.0,3.88,3.16,0.13,0.45
1265,2020-04-15,4.23,4.19,4.24,4.19,268768,148180725.0,1.18,-1.41,-0.06,0.22
1266,2020-04-16,4.19,4.18,4.21,4.16,245270,134401581.0,1.19,-0.24,-0.01,0.2
1267,2020-04-17,4.21,4.2,4.24,4.18,314406,173216255.0,1.44,0.48,0.02,0.26
1268,2020-04-20,4.2,4.18,4.21,4.16,237002,130037508.0,1.19,-0.48,-0.02,0.19
1269,2020-04-21,4.16,4.11,4.19,4.09,294179,159467727.0,2.39,-1.67,-0.07,0.24
1270,2020-04-22,4.1,4.1,4.1,4.03,315959,169141962.0,1.7,-0.24,-0.01,0.26
1271,2020-04-23,4.1,4.08,4.12,4.06,253459,136330851.0,1.46,-0.49,-0.02,0.21
1272,2020-04-24,4.08,3.97,4.09,3.96,374037,197651336.0,3.19,-2.7,-0.11,0.31
1273,2020-04-27,3.99,4.08,4.1,3.98,385796,205441465.0,3.02,2.77,0.11,0.32
1274,2020-04-28,4.16,4.19,4.2,4.06,598732,325588032.0,3.43,2.7,0.11,0.49
1275,2020-04-29,4.17,4.28,4.31,4.16,498136,276862128.0,3.58,2.15,0.09,0.41
1276,2020-04-30,4.28,4.34,4.35,4.27,494487,278452336.0,1.87,1.4,0.06,0.41
1277,2020-05-06,4.27,4.32,4.37,4.27,530955,299423600.0,2.3,-0.46,-0.02,0.44
1278,2020-05-07,4.31,4.29,4.33,4.26,344667,193630934.0,1.62,-0.69,-0.03,0.28
1279,2020-05-08,4.3,4.32,4.35,4.29,308430,174265616.0,1.4,0.7,0.03,0.25
1280,2020-05-11,4.33,4.37,4.39,4.33,315726,179523822.0,1.39,1.16,0.05,0.26
1281,2020-05-12,4.38,4.33,4.39,4.3,299644,169791824.0,2.06,-0.92,-0.04,0.25
1282,2020-05-13,4.33,4.35,4.35,4.29,173268,97831448.0,1.39,0.46,0.02,0.14
1283,2020-05-14,4.34,4.27,4.34,4.26,203727,114332696.0,1.84,-1.84,-0.08,0.17
1284,2020-05-15,4.29,4.3,4.33,4.28,233351,131135733.0,1.17,0.7,0.03,0.19
1285,2020-05-18,4.29,4.29,4.3,4.23,323662,181024771.0,1.63,-0.23,-0.01,0.27
1286,2020-05-19,4.29,4.23,4.31,4.21,328569,182548392.0,2.33,-1.4,-0.06,0.27
1287,2020-05-20,4.23,4.15,4.23,4.12,331969,180626890.0,2.6,-1.89,-0.08,0.27
1288,2020-05-21,4.16,4.13,4.17,4.12,218738,119021344.0,1.2,-0.48,-0.02,0.18
1289,2020-05-22,4.14,4.03,4.14,4.01,421047,225146222.0,3.15,-2.42,-0.1,0.35
1290,2020-05-25,4.04,4.1,4.12,4.01,365704,196429639.0,2.73,1.74,0.07,0.3
1291,2020-05-26,4.13,4.09,4.14,4.08,263585,141771206.0,1.46,-0.24,-0.01,0.22
1292,2020-05-27,4.1,4.08,4.11,4.07,192976,103643602.0,0.98,-0.24,-0.01,0.16
1293,2020-05-28,4.08,4.09,4.14,4.07,236251,127298612.0,1.72,0.25,0.01,0.19
1294,2020-05-29,4.09,4.07,4.1,4.05,284170,152395050.0,1.22,-0.49,-0.02,0.23
1295,2020-06-01,4.1,4.16,4.16,4.08,425222,230267583.0,1.97,2.21,0.09,0.35
1296,2020-06-02,4.16,4.32,4.32,4.15,645736,360421984.0,4.09,3.85,0.16,0.53
1297,2020-06-03,4.35,4.25,4.4,4.25,473374,266683775.0,3.47,-1.62,-0.07,0.39
1298,2020-06-04,4.27,4.21,4.28,4.2,326606,180495980.0,1.88,-0.94,-0.04,0.27
1299,2020-06-05,4.22,4.19,4.23,4.16,272422,149198890.0,1.66,-0.48,-0.02,0.22
1300,2020-06-08,4.21,4.22,4.23,4.19,294754,162592095.0,0.95,0.72,0.03,0.24
1301,2020-06-09,4.21,4.23,4.25,4.21,263901,146018866.0,0.95,0.24,0.01,0.22
1302,2020-06-10,4.23,4.35,4.35,4.19,697384,389311248.0,3.78,2.84,0.12,0.57
1303,2020-06-11,4.33,4.25,4.36,4.23,732238,410334944.0,2.99,-2.3,-0.1,0.6
1304,2020-06-12,4.17,4.23,4.23,4.16,336469,185101140.0,1.65,-0.47,-0.02,0.28
1305,2020-06-15,4.22,4.18,4.29,4.16,510117,281949584.0,3.07,-1.18,-0.05,0.42
1306,2020-06-16,4.21,4.29,4.3,4.21,485581,270917456.0,2.15,2.63,0.11,0.4
1307,2020-06-17,4.27,4.28,4.29,4.25,250134,139639303.0,0.93,-0.23,-0.01,0.21
1308,2020-06-18,4.27,4.3,4.35,4.27,353477,199291280.0,1.87,0.47,0.02,0.29
1309,2020-06-19,4.35,4.35,4.38,4.33,490991,279116544.0,1.16,1.16,0.05,0.4
1310,2020-06-22,4.35,4.28,4.35,4.27,483771,271958464.0,1.84,-1.61,-0.07,0.4
1311,2020-06-23,4.28,4.25,4.29,4.23,271779,151285529.0,1.4,-0.7,-0.03,0.22
1312,2020-06-24,4.26,4.35,4.35,4.26,376050,212279770.0,2.12,2.35,0.1,0.31
1313,2020-06-29,4.34,4.3,4.34,4.27,323491,181817600.0,1.61,-1.15,-0.05,0.27
1314,2020-06-30,4.31,4.79,4.79,4.31,1805362,1083744784.0,11.16,11.4,0.49,1.48
1315,2020-07-01,4.89,5.32,5.32,4.89,1354468,891294688.0,8.98,11.06,0.53,1.11
1316,2020-07-02,5.91,5.91,5.91,5.91,456818,341699632.0,0.0,11.09,0.59,0.38
1317,2020-07-03,6.34,6.33,6.56,6.17,5227733,4185341776.0,6.6,7.11,0.42,4.3
1318,2020-07-06,6.61,7.02,7.02,6.58,3209659,2762332848.0,6.95,10.9,0.69,2.64
1319,2020-07-07,7.23,6.94,7.65,6.67,5378973,4779335424.0,13.96,-1.14,-0.08,4.42
1320,2020-07-08,6.66,6.87,7.07,6.64,3248424,2759065408.0,6.2,-1.01,-0.07,2.67
1321,2020-07-09,6.93,7.62,7.62,6.93,3526717,3247386672.0,10.04,10.92,0.75,2.9
1322,2020-07-10,7.92,7.63,8.0,7.3,4123470,3753266816.0,9.19,0.13,0.01,3.39
1323,2020-07-13,7.37,7.43,7.56,6.98,2995377,2601074608.0,7.6,-2.62,-0.2,2.46
1324,2020-07-14,7.32,7.13,7.53,6.9,2230862,1906755088.0,8.48,-4.04,-0.3,1.83
1325,2020-07-15,7.14,6.79,7.25,6.75,1955116,1626271072.0,7.01,-4.77,-0.34,1.61
1326,2020-07-16,6.83,6.87,7.4,6.66,2937473,2465601584.0,10.9,1.18,0.08,2.41
1327,2020-07-17,7.01,6.44,7.23,6.28,2607191,2087571776.0,13.83,-6.26,-0.43,2.14
1328,2020-07-27,6.71,6.29,6.77,5.84,2318643,1760199888.0,14.44,-2.33,-0.15,1.91
1329,2020-07-28,6.23,6.37,6.47,6.03,1659775,1238800704.0,7.0,1.27,0.08,1.36
1330,2020-07-29,6.24,6.42,6.47,6.13,1321993,1002170496.0,5.34,0.78,0.05,1.09
1331,2020-07-30,6.37,6.85,7.06,6.29,2154247,1714276880.0,11.99,6.7,0.43,1.77
1332,2020-07-31,6.71,6.86,7.08,6.7,1534836,1256776272.0,5.55,0.15,0.01,1.26
1333,2020-08-03,6.87,6.87,6.94,6.76,1343493,1094110176.0,2.62,0.15,0.01,1.1
1334,2020-08-04,6.89,6.73,6.9,6.69,1222512,985187616.0,3.06,-2.04,-0.14,1.0
1335,2020-08-05,6.65,6.57,6.7,6.45,1159471,905240208.0,3.71,-2.38,-0.16,0.95
1336,2020-08-06,6.59,6.52,6.7,6.45,755874,590197984.0,3.81,-0.76,-0.05,0.62
1337,2020-08-07,6.48,6.57,6.63,6.39,971163,757398432.0,3.68,0.77,0.05,0.8
1338,2020-08-10,6.51,6.99,7.1,6.32,2117624,1701273024.0,11.87,6.39,0.42,1.74
1339,2020-08-11,7.07,6.81,7.13,6.81,1536724,1275658576.0,4.58,-2.58,-0.18,1.26
1340,2020-08-12,6.72,7.01,7.07,6.62,1505699,1238686960.0,6.61,2.94,0.2,1.24
1341,2020-08-13,7.04,7.3,7.71,6.94,2016355,1759648144.0,10.98,4.14,0.29,1.66
1342,2020-08-14,7.23,7.52,7.66,7.19,1524226,1350594336.0,6.44,3.01,0.22,1.25
1343,2020-08-17,7.59,7.39,7.63,7.38,1658482,1475872656.0,3.32,-1.73,-0.13,1.36
1344,2020-08-18,7.42,7.34,7.54,7.2,1430468,1250894768.0,4.6,-0.68,-0.05,1.18
1345,2020-08-19,7.23,6.96,7.27,6.94,1350800,1137812608.0,4.5,-5.18,-0.38,1.11
1346,2020-08-20,6.88,6.87,7.06,6.8,764018,628570656.0,3.74,-1.29,-0.09,0.63
1347,2020-08-21,6.9,6.91,7.05,6.83,739964,610338736.0,3.2,0.58,0.04,0.61
1348,2020-08-24,6.89,6.81,7.02,6.78,612226,501303360.0,3.47,-1.45,-0.1,0.5
1349,2020-08-25,6.81,6.63,6.87,6.58,801244,641319616.0,4.26,-2.64,-0.18,0.66
1350,2020-08-26,6.7,6.62,6.81,6.58,710911,567562944.0,3.47,-0.15,-0.01,0.58
1351,2020-08-27,6.59,6.55,6.61,6.37,651798,506150320.0,3.63,-1.06,-0.07,0.54
1352,2020-08-28,6.55,6.61,6.66,6.49,559754,439012448.0,2.6,0.92,0.06,0.46
1353,2020-08-31,6.62,6.41,6.68,6.41,772982,605074128.0,4.08,-3.03,-0.2,0.64
1354,2020-09-01,6.44,6.42,6.48,6.33,564930,431761760.0,2.34,0.16,0.01,0.46
1355,2020-09-02,6.42,6.35,6.48,6.33,575891,438768928.0,2.34,-1.09,-0.07,0.47
1356,2020-09-03,6.34,6.33,6.43,6.26,498696,377927296.0,2.68,-0.31,-0.02,0.41
1357,2020-09-04,6.23,6.42,6.47,6.16,634234,479740256.0,4.9,1.42,0.09,0.52
1358,2020-09-07,6.38,6.23,6.48,6.23,483940,367671520.0,3.89,-2.96,-0.19,0.4
1359,2020-09-08,6.24,6.17,6.31,6.12,485911,360018432.0,3.05,-0.96,-0.06,0.4
1360,2020-09-09,6.12,5.84,6.15,5.84,760751,542700032.0,5.02,-5.35,-0.33,0.63
1361,2020-09-10,5.92,5.83,6.07,5.78,631838,448060688.0,4.97,-0.17,-0.01,0.52
1362,2020-09-11,5.8,5.85,5.9,5.73,421597,294248160.0,2.92,0.34,0.02,0.35
1363,2020-09-14,5.84,5.77,5.88,5.73,422268,292864256.0,2.56,-1.37,-0.08,0.35
1364,2020-09-15,5.75,5.87,5.91,5.75,412568,288674544.0,2.77,1.73,0.1,0.34
1365,2020-09-16,5.87,5.88,6.06,5.77,621768,440793056.0,4.94,0.17,0.01,0.51
1366,2020-09-17,5.85,5.8,5.89,5.8,349306,244025864.0,1.53,-1.36,-0.08,0.29
1367,2020-09-18,5.79,5.99,6.0,5.77,646880,458512944.0,3.97,3.28,0.19,0.53
1368,2020-09-21,5.99,5.9,6.01,5.87,452468,321019248.0,2.34,-1.5,-0.09,0.37
1369,2020-09-22,5.84,5.75,5.86,5.74,482425,334027856.0,2.03,-2.54,-0.15,0.4
1370,2020-09-23,5.77,5.71,5.79,5.7,266306,182941788.0,1.57,-0.7,-0.04,0.22
1371,2020-09-24,5.68,5.48,5.68,5.44,627085,416401072.0,4.2,-4.03,-0.23,0.52
1372,2020-09-25,5.52,5.39,5.55,5.3,537808,349201536.0,4.56,-1.64,-0.09,0.44
1373,2020-09-28,5.42,5.45,5.54,5.39,431669,284047856.0,2.78,1.11,0.06,0.35
1374,2020-09-29,5.47,5.38,5.51,5.36,311595,203013475.0,2.75,-1.28,-0.07,0.26
1375,2020-09-30,5.4,5.3,5.42,5.26,366238,234746948.0,2.97,-1.49,-0.08,0.3
1376,2020-10-09,5.39,5.31,5.44,5.29,481254,309772944.0,2.83,0.19,0.01,0.4
1377,2020-10-12,5.36,5.51,5.55,5.33,555122,363818032.0,4.14,3.77,0.2,0.46
1378,2020-10-13,5.57,5.45,5.57,5.44,318636,209408733.0,2.36,-1.09,-0.06,0.26
1379,2020-10-14,5.45,5.33,5.45,5.32,383727,247550499.0,2.39,-2.2,-0.12,0.32
1380,2020-10-15,5.32,5.3,5.36,5.26,321164,205239924.0,1.88,-0.56,-0.03,0.26
1381,2020-10-16,5.32,5.35,5.39,5.28,312236,200299900.0,2.08,0.94,0.05,0.26
1382,2020-10-19,5.36,5.33,5.52,5.32,540920,351593680.0,3.74,-0.37,-0.02,0.44
1383,2020-10-20,5.3,5.28,5.32,5.2,382233,241679082.0,2.25,-0.94,-0.05,0.31
1384,2020-10-21,5.3,5.26,5.3,5.2,266438,167798728.0,1.89,-0.38,-0.02,0.22
1385,2020-10-22,5.27,5.29,5.34,5.24,331419,210345134.0,1.9,0.57,0.03,0.27
1386,2020-10-23,5.26,5.26,5.3,5.26,242600,153813888.0,0.76,-0.57,-0.03,0.2
1387,2020-10-26,5.24,5.16,5.26,5.15,296127,184836241.0,2.09,-1.9,-0.1,0.24
1388,2020-10-27,5.19,5.19,5.25,5.16,295174,184421394.0,1.74,0.58,0.03,0.24
1389,2020-10-28,5.22,5.13,5.22,5.1,285875,177049995.0,2.31,-1.16,-0.06,0.23
1390,2020-10-29,5.09,5.06,5.09,5.0,398673,241927220.0,1.75,-1.36,-0.07,0.33
1391,2020-10-30,5.06,5.14,5.39,5.03,711867,445701120.0,7.11,1.58,0.08,0.59
1392,2020-11-02,5.07,5.09,5.15,5.07,335152,205923891.0,1.56,-0.97,-0.05,0.28
1393,2020-11-03,5.12,5.2,5.25,5.09,319802,199144008.0,3.14,2.16,0.11,0.26
1394,2020-11-04,5.15,5.19,5.24,5.14,348585,217279811.0,1.92,-0.19,-0.01,0.29
1395,2020-11-05,5.24,5.3,5.3,5.2,411401,260175053.0,1.93,2.12,0.11,0.34
1396,2020-11-06,5.31,5.27,5.32,5.24,292365,185461798.0,1.51,-0.57,-0.03,0.24
1397,2020-11-09,5.29,5.32,5.38,5.27,500412,319811920.0,2.09,0.95,0.05,0.41
1398,2020-11-10,5.35,5.36,5.49,5.32,644896,418640304.0,3.2,0.75,0.04,0.53
1399,2020-11-11,5.36,5.34,5.44,5.3,483158,311973568.0,2.61,-0.37,-0.02,0.4
1400,2020-11-12,5.34,5.27,5.35,5.26,317130,201844321.0,1.69,-1.31,-0.07,0.26
1401,2020-11-13,5.27,5.16,5.27,5.08,509890,316190944.0,3.61,-2.09,-0.11,0.42
1402,2020-11-16,5.15,5.19,5.19,5.13,287663,178824916.0,1.16,0.58,0.03,0.24
1403,2020-11-17,5.17,5.26,5.32,5.16,569157,359244160.0,3.08,1.35,0.07,0.47
1404,2020-11-18,5.25,5.31,5.37,5.19,586213,372707504.0,3.42,0.95,0.05,0.48
1405,2020-11-19,5.27,5.3,5.34,5.24,540635,343348624.0,1.88,-0.19,-0.01,0.44
1406,2020-11-20,5.27,5.19,5.27,5.17,551330,344976928.0,1.89,-2.08,-0.11,0.45
1407,2020-11-23,5.19,5.3,5.32,5.16,675143,426210320.0,3.08,2.12,0.11,0.55
1408,2020-11-24,5.29,5.26,5.36,5.25,486104,309653024.0,2.08,-0.75,-0.04,0.4
1409,2020-11-25,5.28,5.26,5.44,5.26,731028,468812336.0,3.42,0.0,0.0,0.6
1410,2020-11-26,5.26,5.24,5.28,5.2,367822,231805195.0,1.52,-0.38,-0.02,0.3
1411,2020-11-27,5.24,5.32,5.35,5.24,419877,267405837.0,2.1,1.53,0.08,0.35
1412,2020-11-30,5.34,5.36,5.53,5.34,875995,571921776.0,3.57,0.75,0.04,0.72
1413,2020-12-01,5.33,5.39,5.4,5.26,623591,398718512.0,2.61,0.56,0.03,0.51
1414,2020-12-02,5.39,5.53,5.56,5.33,941519,618492992.0,4.27,2.6,0.14,0.77
1415,2020-12-03,5.51,5.45,5.52,5.42,511050,334779616.0,1.81,-1.45,-0.08,0.42
1416,2020-12-04,5.45,5.39,5.45,5.35,447083,289502816.0,1.83,-1.1,-0.06,0.37
1417,2020-12-07,5.44,5.32,5.45,5.32,340252,219239279.0,2.41,-1.3,-0.07,0.28
1418,2020-12-08,5.33,5.31,5.35,5.3,223132,142717121.0,0.94,-0.19,-0.01,0.18
1419,2020-12-09,5.3,5.26,5.36,5.26,306838,195466510.0,1.88,-0.94,-0.05,0.25
1420,2020-12-10,5.24,5.28,5.3,5.23,223704,141803709.0,1.33,0.38,0.02,0.18
1421,2020-12-11,5.28,5.05,5.29,5.05,599414,371653216.0,4.55,-4.36,-0.23,0.49
1422,2020-12-14,5.1,5.11,5.2,5.07,325059,200570640.0,2.57,1.19,0.06,0.27
1423,2020-12-15,5.08,5.06,5.11,5.04,323384,196942201.0,1.37,-0.98,-0.05,0.27
1424,2020-12-16,5.04,5.05,5.1,5.04,213524,130033218.0,1.19,-0.2,-0.01,0.18
1425,2020-12-17,5.05,5.06,5.07,4.94,383416,231390625.0,2.57,0.2,0.01,0.32
1426,2020-12-18,5.05,5.06,5.13,5.03,217475,132952726.0,1.98,0.0,0.0,0.18
1427,2020-12-21,5.05,5.01,5.06,4.94,285995,172571439.0,2.37,-0.99,-0.05,0.24
1428,2020-12-22,5.02,4.91,5.03,4.9,321270,192601475.0,2.59,-2.0,-0.1,0.26
1429,2020-12-23,4.9,4.88,4.94,4.86,314338,185227148.0,1.63,-0.61,-0.03,0.26
1430,2020-12-24,4.85,4.72,4.9,4.71,359084,207500504.0,3.89,-3.28,-0.16,0.3
1431,2020-12-25,4.72,4.72,4.74,4.64,326077,185109386.0,2.12,0.0,0.0,0.27
1432,2020-12-28,4.71,4.69,4.76,4.66,280828,159876952.0,2.12,-0.64,-0.03,0.23
1433,2020-12-29,4.69,4.86,4.94,4.69,424853,248901163.0,5.33,3.62,0.17,0.35
1434,2020-12-30,4.81,4.77,4.82,4.72,325179,187194815.0,2.06,-1.85,-0.09,0.27
1435,2020-12-31,4.77,4.83,4.86,4.74,294625,170883801.0,2.52,1.26,0.06,0.24
1436,2021-01-04,4.83,4.74,4.87,4.69,443001,253687105.0,3.73,-1.86,-0.09,0.36
1437,2021-01-05,4.71,4.74,4.74,4.61,493264,278024656.0,2.74,0.0,0.0,0.41
1438,2021-01-06,4.72,4.79,4.81,4.68,350450,201631295.0,2.74,1.05,0.05,0.29
1439,2021-01-07,4.8,4.71,4.86,4.65,406071,232370472.0,4.38,-1.67,-0.08,0.33
1440,2021-01-08,4.69,4.76,4.79,4.65,349533,200295691.0,2.97,1.06,0.05,0.29
1441,2021-01-11,4.78,4.69,4.87,4.68,452911,260226594.0,3.99,-1.47,-0.07,0.37
1442,2021-01-12,4.71,4.69,4.71,4.64,349472,197098328.0,1.49,0.0,0.0,0.29
1443,2021-01-13,4.69,4.69,4.74,4.59,427984,240966643.0,3.2,0.0,0.0,0.35
1444,2021-01-14,4.66,4.85,4.89,4.65,615858,357216080.0,5.12,3.41,0.16,0.51
1445,2021-01-15,4.85,4.79,4.91,4.78,444021,258518213.0,2.68,-1.24,-0.06,0.36
1446,2021-01-18,4.79,4.85,4.88,4.75,421103,244159857.0,2.71,1.25,0.06,0.35
1447,2021-01-19,4.83,5.11,5.26,4.79,1145106,694009392.0,9.69,5.36,0.26,0.94
1448,2021-01-20,5.04,4.96,5.11,4.94,657118,394237248.0,3.33,-2.94,-0.15,0.54
1449,2021-01-21,4.88,4.98,5.0,4.85,530918,314137600.0,3.02,0.4,0.02,0.44
1450,2021-01-22,4.94,4.83,4.95,4.81,387114,227284445.0,2.81,-3.01,-0.15,0.32
1451,2021-01-25,4.79,4.66,4.8,4.66,407258,231442239.0,2.9,-3.52,-0.17,0.33
1452,2021-01-26,4.64,4.64,4.72,4.62,274610,154744703.0,2.15,-0.43,-0.02,0.23
1453,2021-01-27,4.63,4.59,4.68,4.58,319651,178598687.0,2.16,-1.08,-0.05,0.26
1454,2021-01-28,4.55,4.48,4.56,4.47,325963,177626358.0,1.96,-2.4,-0.11,0.27
1455,2021-01-29,4.47,4.45,4.53,4.42,262908,142074647.0,2.46,-0.67,-0.03,0.22
1456,2021-02-01,4.44,4.47,4.49,4.41,270712,145853593.0,1.8,0.45,0.02,0.22
1457,2021-02-02,4.46,4.42,4.49,4.4,262072,140716203.0,2.01,-1.12,-0.05,0.22
1458,2021-02-03,4.42,4.32,4.42,4.31,344728,181714204.0,2.49,-2.26,-0.1,0.28
1459,2021-02-04,4.29,4.24,4.32,4.18,327626,168616661.0,3.24,-1.85,-0.08,0.27
1460,2021-02-05,4.25,4.33,4.42,4.24,322226,168965754.0,4.25,2.12,0.09,0.26
1461,2021-02-08,4.33,4.28,4.37,4.25,272407,142234280.0,2.77,-1.15,-0.05,0.22
1462,2021-02-09,4.27,4.33,4.33,4.21,252471,130923832.0,2.8,1.17,0.05,0.21
1463,2021-02-10,4.33,4.33,4.37,4.29,225892,118583695.0,1.85,0.0,0.0,0.19
1464,2021-02-18,4.37,4.45,4.48,4.36,350318,187959319.0,2.77,2.77,0.12,0.29
1465,2021-02-19,4.44,4.55,4.55,4.37,371778,202444618.0,4.04,2.25,0.1,0.31
1466,2021-02-22,4.54,4.64,4.77,4.51,637346,358501456.0,5.71,1.98,0.09,0.52
1467,2021-02-23,4.6,4.49,4.66,4.48,431680,238281026.0,3.88,-3.23,-0.15,0.35
1468,2021-02-24,4.51,4.52,4.61,4.49,381751,209762603.0,2.67,0.67,0.03,0.31
1469,2021-02-25,4.55,4.98,5.0,4.55,1923069,1135582384.0,9.96,10.18,0.46,1.58
1470,2021-02-26,4.78,4.66,4.87,4.66,1105181,635348512.0,4.22,-6.43,-0.32,0.91
1471,2021-03-01,4.68,4.71,4.76,4.59,567827,320372192.0,3.65,1.07,0.05,0.47
1472,2021-03-02,4.74,4.68,4.85,4.65,507515,290097152.0,4.25,-0.64,-0.03,0.42
1473,2021-03-03,4.63,4.68,4.71,4.6,398695,224640775.0,2.35,0.0,0.0,0.33
1474,2021-03-04,4.65,4.65,4.74,4.62,389310,219582821.0,2.56,-0.64,-0.03,0.32
1475,2021-03-05,4.62,4.65,4.66,4.55,321838,179860556.0,2.37,0.0,0.0,0.26
1476,2021-03-08,4.66,4.6,4.72,4.6,294078,165513396.0,2.58,-1.08,-0.05,0.24
1477,2021-03-09,4.6,4.55,4.65,4.5,335409,185697936.0,3.26,-1.09,-0.05,0.28
1478,2021-03-10,4.57,4.47,4.6,4.43,304431,165917188.0,3.74,-1.76,-0.08,0.25
1479,2021-03-11,4.48,4.53,4.55,4.47,248794,135714969.0,1.79,1.34,0.06,0.2
1480,2021-03-12,4.54,4.66,4.67,4.48,493559,274324752.0,4.19,2.87,0.13,0.41
1481,2021-03-15,4.63,4.66,4.72,4.62,352079,198613136.0,2.15,0.0,0.0,0.29
1482,2021-03-16,4.69,4.74,4.77,4.63,452805,257714782.0,3.0,1.72,0.08,0.37
1483,2021-03-17,4.72,4.7,4.76,4.68,302671,172084981.0,1.69,-0.84,-0.04,0.25
1484,2021-03-18,4.7,4.68,4.76,4.68,279676,159244565.0,1.7,-0.43,-0.02,0.23
1485,2021-03-19,4.66,4.63,4.68,4.58,303813,169998492.0,2.14,-1.07,-0.05,0.25
1486,2021-03-22,4.61,4.68,4.68,4.6,275863,155135008.0,1.73,1.08,0.05,0.23
1487,2021-03-23,4.68,4.65,4.69,4.63,185988,104638340.0,1.28,-0.64,-0.03,0.15
1488,2021-03-24,4.65,4.58,4.67,4.55,244121,135969049.0,2.58,-1.51,-0.07,0.2
1489,2021-03-25,4.56,4.55,4.59,4.53,171743,94723097.0,1.31,-0.66,-0.03,0.14
1490,2021-03-26,4.55,4.57,4.6,4.55,160988,89070615.0,1.1,0.44,0.02,0.13
1491,2021-03-29,4.58,4.58,4.6,4.54,178667,98748996.0,1.31,0.22,0.01,0.15
1492,2021-03-30,4.56,4.56,4.58,4.53,170574,93856826.0,1.09,-0.44,-0.02,0.14
1493,2021-03-31,4.55,4.62,4.62,4.53,259429,144022348.0,1.97,1.32,0.06,0.21
1494,2021-04-01,4.62,4.67,4.72,4.61,262644,148161686.0,2.38,1.08,0.05,0.22
1495,2021-04-02,4.66,4.67,4.68,4.64,162450,91523952.0,0.86,0.0,0.0,0.13
1496,2021-04-06,4.67,4.61,4.68,4.61,169100,94669466.0,1.5,-1.28,-0.06,0.14
1497,2021-04-07,4.61,4.68,4.72,4.61,248992,140475134.0,2.39,1.52,0.07,0.2
1498,2021-04-08,4.68,4.6,4.68,4.59,236902,132229830.0,1.92,-1.71,-0.08,0.19
1499,2021-04-09,4.59,4.6,4.61,4.56,152213,84484572.0,1.09,0.0,0.0,0.13
1500,2021-04-12,4.61,4.61,4.64,4.57,189016,105202989.0,1.52,0.22,0.01,0.16
1501,2021-04-13,4.59,4.54,4.6,4.51,203797,112048674.0,1.95,-1.52,-0.07,0.17
1502,2021-04-14,4.54,4.55,4.56,4.51,137564,75506744.0,1.1,0.22,0.01,0.11
1503,2021-04-15,4.53,4.54,4.56,4.51,117595,64507773.0,1.1,-0.22,-0.01,0.1
1504,2021-04-16,4.54,4.61,4.63,4.53,211312,117463842.0,2.2,1.54,0.07,0.17
1505,2021-04-19,4.63,4.64,4.67,4.61,233816,131045472.0,1.3,0.65,0.03,0.19
1506,2021-04-20,4.63,4.69,4.81,4.57,511175,289344736.0,5.17,1.08,0.05,0.42
1507,2021-04-21,4.67,4.63,4.68,4.61,269098,150853117.0,1.49,-1.28,-0.06,0.22
1508,2021-04-22,4.62,4.62,4.7,4.61,203490,114293341.0,1.94,-0.22,-0.01,0.17
1509,2021-04-23,4.61,4.64,4.67,4.55,307583,171423622.0,2.6,0.43,0.02,0.25
1510,2021-04-26,4.65,4.68,4.69,4.62,274718,154832086.0,1.51,0.86,0.04,0.23
1511,2021-04-27,4.7,4.57,4.72,4.55,349681,195074147.0,3.63,-2.35,-0.11,0.29
1512,2021-04-28,4.59,4.68,4.7,4.55,420695,236565882.0,3.28,2.41,0.11,0.35
1513,2021-04-29,4.68,4.74,4.8,4.64,452598,258391931.0,3.42,1.28,0.06,0.37
1514,2021-04-30,4.73,4.69,4.77,4.68,358580,204670513.0,1.9,-1.05,-0.05,0.29
1515,2021-05-06,4.69,4.86,4.89,4.68,606217,352307088.0,4.48,3.62,0.17,0.5
1516,2021-05-07,4.87,4.9,4.91,4.78,514658,301711392.0,2.67,0.82,0.04,0.42
1517,2021-05-10,4.88,4.76,4.89,4.75,437701,253422085.0,2.86,-2.86,-0.14,0.36
1518,2021-05-11,4.74,4.91,4.94,4.73,507012,297659536.0,4.41,3.15,0.15,0.42
1519,2021-05-12,4.87,4.94,5.03,4.86,457231,273114560.0,3.46,0.61,0.03,0.38
1520,2021-05-13,4.9,4.87,4.96,4.84,332860,195872044.0,2.43,-1.42,-0.07,0.27
1521,2021-05-14,4.87,4.94,4.98,4.85,319076,189087354.0,2.67,1.44,0.07,0.26
1522,2021-05-17,4.91,4.89,4.94,4.88,251507,148931309.0,1.21,-1.01,-0.05,0.21
1523,2021-05-18,4.9,4.86,4.9,4.81,219545,128479896.0,1.84,-0.61,-0.03,0.18
1524,2021-05-19,4.84,4.79,4.86,4.78,193630,112264894.0,1.65,-1.44,-0.07,0.16
1525,2021-05-20,4.79,4.82,4.83,4.75,183950,106525639.0,1.67,0.63,0.03,0.15
1526,2021-05-21,4.81,4.74,4.82,4.73,219500,126321614.0,1.87,-1.66,-0.08,0.18
1527,2021-05-24,4.73,4.74,4.78,4.7,186528,106748471.0,1.69,0.0,0.0,0.15
1528,2021-05-25,4.74,4.83,4.84,4.72,241312,139685388.0,2.53,1.9,0.09,0.2
1529,2021-05-26,4.84,4.86,4.9,4.83,255912,150056749.0,1.45,0.62,0.03,0.21
1530,2021-05-27,4.86,4.86,4.87,4.83,202324,118306020.0,0.82,0.0,0.0,0.17
1531,2021-05-28,4.86,4.79,4.88,4.79,196440,114340440.0,1.85,-1.44,-0.07,0.16
1532,2021-05-31,4.82,4.82,4.87,4.79,225925,131711589.0,1.67,0.63,0.03,0.19
1533,2021-06-01,4.83,4.82,4.85,4.77,185815,107742664.0,1.66,0.0,0.0,0.15
1534,2021-06-02,4.81,4.81,4.83,4.77,232866,134841643.0,1.24,-0.21,-0.01,0.19
1535,2021-06-03,4.81,4.93,5.0,4.79,559493,331809232.0,4.37,2.49,0.12,0.46
1536,2021-06-04,4.93,4.97,4.99,4.86,509671,303109584.0,2.64,0.81,0.04,0.42
1537,2021-06-07,4.94,4.87,4.94,4.86,324345,191175770.0,1.61,-2.01,-0.1,0.27
1538,2021-06-08,4.88,4.88,4.92,4.85,244745,143925177.0,1.44,0.21,0.01,0.2
1539,2021-06-09,4.87,4.87,4.89,4.85,188212,110512655.0,0.82,-0.2,-0.01,0.15
1540,2021-06-10,4.86,4.85,4.9,4.83,244956,143805800.0,1.44,-0.41,-0.02,0.2
1541,2021-06-11,4.82,4.68,4.82,4.65,499041,285364320.0,3.51,-3.51,-0.17,0.41
1542,2021-06-15,4.68,4.54,4.68,4.53,355935,196710269.0,3.21,-2.99,-0.14,0.29
1543,2021-06-16,4.54,4.52,4.58,4.5,250148,137426283.0,1.76,-0.44,-0.02,0.21
1544,2021-06-17,4.51,4.48,4.55,4.48,202378,110510980.0,1.55,-0.88,-0.04,0.17
1545,2021-06-18,4.49,4.5,4.5,4.45,189649,102686202.0,1.12,0.45,0.02,0.16
1546,2021-06-21,4.48,4.51,4.55,4.45,191385,104113982.0,2.22,0.22,0.01,0.16
1547,2021-06-22,4.51,4.51,4.54,4.49,199012,108695514.0,1.11,0.0,0.0,0.16
1548,2021-06-23,4.51,4.51,4.52,4.49,166030,90526649.0,0.67,0.0,0.0,0.14
1549,2021-06-24,4.5,4.51,4.55,4.48,174935,95575474.0,1.55,0.0,0.0,0.14
1550,2021-06-25,4.5,4.55,4.57,4.48,193317,106061331.0,2.0,0.89,0.04,0.16
1551,2021-06-28,4.57,4.53,4.59,4.52,179467,98724321.0,1.54,-0.44,-0.02,0.15
1552,2021-06-29,4.52,4.49,4.55,4.48,173951,94998734.0,1.55,-0.88,-0.04,0.14
1553,2021-06-30,4.49,4.5,4.53,4.49,120684,65835184.0,0.89,0.22,0.01,0.1
1554,2021-07-01,4.5,4.54,4.59,4.49,223952,123288573.0,2.22,0.89,0.04,0.18
1555,2021-07-02,4.53,4.49,4.58,4.48,220261,120306757.0,2.2,-1.1,-0.05,0.18
1556,2021-07-05,4.48,4.42,4.49,4.42,223826,120447362.0,1.56,-1.56,-0.07,0.18
1557,2021-07-06,4.42,4.51,4.53,4.42,220443,119518813.0,2.49,2.04,0.09,0.18
1558,2021-07-07,4.48,4.47,4.51,4.44,162792,88047257.0,1.55,-0.89,-0.04,0.13
1559,2021-07-08,4.48,4.42,4.48,4.41,214564,115139504.0,1.57,-1.12,-0.05,0.18
1560,2021-07-09,4.4,4.42,4.46,4.38,165242,88543261.0,1.81,0.0,0.0,0.14
1561,2021-07-12,4.48,4.42,4.49,4.41,227977,122669599.0,1.81,0.0,0.0,0.19
1562,2021-07-13,4.46,4.49,4.52,4.43,251405,136452719.0,2.04,1.58,0.07,0.21
1563,2021-07-14,4.51,4.46,4.52,4.46,185984,101008138.0,1.34,-0.67,-0.03,0.15
1564,2021-07-15,4.48,4.48,4.48,4.41,208486,112399210.0,1.57,0.45,0.02,0.17
1565,2021-07-16,4.48,4.5,4.52,4.46,221261,120237363.0,1.34,0.45,0.02,0.18
1566,2021-07-19,4.5,4.48,4.51,4.45,259237,140576378.0,1.33,-0.44,-0.02,0.21
1567,2021-07-20,4.48,4.46,4.52,4.46,276232,136342727.0,1.34,-0.45,-0.02,0.22
1568,2021-07-21,4.46,4.38,4.47,4.38,331211,160591442.0,2.02,-1.79,-0.08,0.26
1569,2021-07-22,4.37,4.35,4.39,4.29,361860,172672561.0,2.28,-0.68,-0.03,0.28
1570,2021-07-23,4.34,4.29,4.36,4.29,194539,92248033.0,1.61,-1.38,-0.06,0.15
1571,2021-07-26,4.25,4.09,4.26,4.08,479614,218185452.0,4.2,-4.66,-0.2,0.38
1572,2021-07-27,4.08,3.96,4.11,3.96,361711,160369257.0,3.67,-3.18,-0.13,0.28
1573,2021-07-28,3.96,3.96,4.01,3.92,335297,145944169.0,2.27,0.0,0.0,0.26
1574,2021-07-29,3.99,3.95,4.0,3.93,266322,116075662.0,1.77,-0.25,-0.01,0.21
1575,2021-07-30,3.92,3.93,3.97,3.86,267495,115319159.0,2.78,-0.51,-0.02,0.21
1576,2021-08-02,3.92,3.99,4.03,3.84,405338,175491656.0,4.83,1.53,0.06,0.32
1577,2021-08-03,3.97,3.98,4.03,3.97,255313,112199493.0,1.5,-0.25,-0.01,0.2
1578,2021-08-04,3.98,3.98,4.0,3.94,236722,103431567.0,1.51,0.0,0.0,0.19
1579,2021-08-05,3.98,4.05,4.2,3.96,390680,175632559.0,6.03,1.76,0.07,0.31
1580,2021-08-06,4.01,4.01,4.05,3.97,224496,98875464.0,1.98,-0.99,-0.04,0.18
1581,2021-08-09,4.01,4.1,4.18,3.98,438462,198559503.0,4.99,2.24,0.09,0.34
1582,2021-08-10,4.08,4.09,4.11,4.05,273284,122541120.0,1.46,-0.24,-0.01,0.21
1583,2021-08-11,4.12,4.15,4.29,4.11,633278,293626768.0,4.4,1.47,0.06,0.5
1584,2021-08-12,4.13,4.1,4.16,4.1,330923,149910531.0,1.45,-1.2,-0.05,0.26
1585,2021-08-13,4.07,4.05,4.11,4.04,291435,130536606.0,1.71,-1.22,-0.05,0.23
1586,2021-08-16,4.06,4.15,4.2,4.05,496630,226221875.0,3.7,2.47,0.1,0.39
1587,2021-08-17,4.13,4.09,4.2,4.08,407943,185771969.0,2.89,-1.45,-0.06,0.32
1588,2021-08-18,4.08,4.11,4.14,4.06,337893,152214504.0,1.96,0.49,0.02,0.26
1589,2021-08-19,4.09,4.03,4.11,4.02,319383,142477431.0,2.19,-1.95,-0.08,0.25
1590,2021-08-20,4.03,3.99,4.05,3.95,298014,130837483.0,2.48,-0.99,-0.04,0.23
1591,2021-08-23,4.0,4.04,4.05,3.99,219489,97115671.0,1.5,1.25,0.05,0.17
1592,2021-08-24,4.02,4.03,4.06,3.99,302493,133758704.0,1.73,-0.25,-0.01,0.24
1593,2021-08-25,4.03,4.01,4.03,3.98,318494,140037042.0,1.24,-0.5,-0.02,0.25
1594,2021-08-26,3.99,3.99,4.04,3.97,286013,125742076.0,1.75,-0.5,-0.02,0.22
1595,2021-08-27,3.99,3.99,4.01,3.96,207219,90892084.0,1.25,0.0,0.0,0.16
1596,2021-08-30,3.99,3.92,4.0,3.91,363811,157789689.0,2.26,-1.75,-0.07,0.28
1597,2021-08-31,3.92,4.05,4.05,3.92,441934,193260766.0,3.32,3.32,0.13,0.35
1598,2021-09-01,4.03,4.15,4.18,4.02,652398,295637424.0,3.95,2.47,0.1,0.51
1599,2021-09-02,4.16,4.18,4.22,4.12,458934,210511548.0,2.41,0.72,0.03,0.36
1600,2021-09-03,4.2,4.24,4.27,4.15,552532,256576884.0,2.87,1.44,0.06,0.43
1601,2021-09-06,4.23,4.22,4.27,4.2,361933,168618681.0,1.65,-0.47,-0.02,0.28
1602,2021-09-07,4.22,4.27,4.31,4.21,431441,202483121.0,2.37,1.18,0.05,0.34
1603,2021-09-08,4.25,4.3,4.33,4.25,365418,172579795.0,1.87,0.7,0.03,0.29
1604,2021-09-09,4.32,4.32,4.35,4.26,384598,182255367.0,2.09,0.47,0.02,0.3
1605,2021-09-10,4.33,4.3,4.41,4.29,537565,256948746.0,2.78,-0.46,-0.02,0.42
1606,2021-09-13,4.33,4.37,4.4,4.29,501264,240637366.0,2.56,1.63,0.07,0.39
1607,2021-09-14,4.37,4.21,4.4,4.21,514958,242665634.0,4.35,-3.66,-0.16,0.4
1608,2021-09-15,4.18,4.22,4.26,4.17,296117,137360464.0,2.14,0.24,0.01,0.23
1609,2021-09-16,4.21,4.15,4.28,4.12,368691,170168585.0,3.79,-1.66,-0.07,0.29
1610,2021-09-17,4.12,4.15,4.17,4.1,305658,139086765.0,1.69,0.0,0.0,0.24
1611,2021-09-22,4.05,4.15,4.15,4.03,376106,169322984.0,2.89,0.0,0.0,0.29
1612,2021-09-23,4.16,4.25,4.39,4.16,675815,319003760.0,5.54,2.41,0.1,0.53
1613,2021-09-24,4.25,4.21,4.3,4.18,355969,166111276.0,2.82,-0.94,-0.04,0.28
1614,2021-09-27,4.18,4.06,4.22,4.06,386951,174973012.0,3.8,-3.56,-0.15,0.3
1615,2021-09-28,4.14,4.24,4.25,4.12,509221,235256176.0,3.2,4.43,0.18,0.4
1616,2021-09-29,4.2,4.18,4.23,4.1,448076,205241236.0,3.07,-1.42,-0.06,0.35
1617,2021-09-30,4.24,4.27,4.3,4.19,477365,223267517.0,2.63,2.15,0.09,0.37
1618,2021-10-08,4.33,4.27,4.34,4.25,393720,185520150.0,2.11,0.0,0.0,0.31
1619,2021-10-11,4.26,4.28,4.34,4.25,287587,136029683.0,2.11,0.23,0.01,0.23
1620,2021-10-12,4.26,4.32,4.38,4.24,580036,275425872.0,3.27,0.93,0.04,0.45
1621,2021-10-13,4.3,4.25,4.32,4.21,289694,135621656.0,2.55,-1.62,-0.07,0.23
1622,2021-10-14,4.25,4.15,4.25,4.14,261377,120327122.0,2.59,-2.35,-0.1,0.2
1623,2021-10-15,4.16,4.09,4.16,4.05,394608,178024697.0,2.65,-1.45,-0.06,0.31
1624,2021-10-18,4.08,4.12,4.13,4.07,236565,106790877.0,1.47,0.73,0.03,0.19
1625,2021-10-19,4.11,4.09,4.12,4.07,222588,100262750.0,1.21,-0.73,-0.03,0.17
1626,2021-10-20,4.09,4.0,4.09,3.99,326137,144212761.0,2.44,-2.2,-0.09,0.26
1627,2021-10-21,4.0,4.03,4.06,3.99,254693,113018619.0,1.75,0.75,0.03,0.2
1628,2021-10-22,4.06,4.11,4.22,4.06,457409,208566546.0,3.97,1.99,0.08,0.36
1629,2021-10-25,4.01,4.08,4.12,3.96,381069,169977137.0,3.89,-0.73,-0.03,0.3
1630,2021-10-26,4.08,3.99,4.08,3.98,369698,163382118.0,2.45,-2.21,-0.09,0.29
1631,2021-10-27,3.99,3.87,3.99,3.86,438115,187993774.0,3.26,-3.01,-0.12,0.34
1632,2021-10-28,3.85,3.76,3.87,3.75,419762,174961180.0,3.1,-2.84,-0.11,0.33
1633,2021-10-29,3.76,3.74,3.78,3.69,401899,164781590.0,2.39,-0.53,-0.02,0.31
1634,2021-11-01,3.71,3.75,3.77,3.7,279298,114891381.0,1.87,0.27,0.01,0.22
1635,2021-11-02,3.75,3.69,3.77,3.65,322321,131665866.0,3.2,-1.6,-0.06,0.25
1636,2021-11-03,3.69,3.72,3.75,3.67,246560,100663223.0,2.17,0.81,0.03,0.19
1637,2021-11-04,3.72,3.7,3.73,3.67,206933,84029563.0,1.61,-0.54,-0.02,0.16
1638,2021-11-05,3.7,3.67,3.7,3.65,230449,93048490.0,1.35,-0.81,-0.03,0.18
1639,2021-11-08,3.66,3.66,3.69,3.65,194262,78413723.0,1.09,-0.27,-0.01,0.15
1640,2021-11-09,3.66,3.65,3.67,3.64,248079,99556427.0,0.82,-0.27,-0.01,0.19
1641,2021-11-10,3.65,3.71,3.72,3.6,401457,161737274.0,3.29,1.64,0.06,0.31
1642,2021-11-11,3.71,3.94,3.95,3.69,843403,358513584.0,7.01,6.2,0.23,0.66
1643,2021-11-12,3.87,3.81,3.88,3.77,494161,207597225.0,2.79,-3.3,-0.13,0.39
1644,2021-11-15,3.83,3.83,3.84,3.78,296988,124504235.0,1.57,0.52,0.02,0.23
1645,2021-11-16,3.82,3.77,3.86,3.75,263747,110177808.0,2.87,-1.57,-0.06,0.21
1646,2021-11-17,3.78,3.77,3.8,3.75,198062,82141573.0,1.33,0.0,0.0,0.16
1647,2021-11-18,3.76,3.71,3.77,3.7,253939,104190018.0,1.86,-1.59,-0.06,0.2
1648,2021-11-19,3.71,3.8,3.84,3.7,313563,129734261.0,3.77,2.43,0.09,0.25
1649,2021-11-22,3.8,3.75,3.8,3.74,252011,104095243.0,1.58,-1.32,-0.05,0.2
1650,2021-11-23,3.75,3.77,3.78,3.74,181956,75350932.0,1.07,0.53,0.02,0.14
1651,2021-11-24,3.76,3.79,3.82,3.76,298453,124616046.0,1.59,0.53,0.02,0.23
1652,2021-11-25,3.79,3.8,3.83,3.78,230660,96465654.0,1.32,0.26,0.01,0.18
1653,2021-11-26,3.8,3.76,3.8,3.75,177338,73364241.0,1.32,-1.05,-0.04,0.14
1654,2021-11-29,3.72,3.71,3.74,3.69,225433,92093015.0,1.33,-1.33,-0.05,0.18
1655,2021-11-30,3.71,3.73,3.75,3.69,201008,82153985.0,1.62,0.54,0.02,0.16
1656,2021-12-01,3.71,3.77,3.78,3.71,255725,105642361.0,1.88,1.07,0.04,0.2
1657,2021-12-02,3.77,3.77,3.79,3.74,253964,105235752.0,1.33,0.0,0.0,0.2
1658,2021-12-03,3.76,3.79,3.82,3.74,293237,121821345.0,2.12,0.53,0.02,0.23
1659,2021-12-06,3.84,3.78,3.87,3.77,345647,144821751.0,2.64,-0.26,-0.01,0.27
1660,2021-12-07,3.85,3.84,3.88,3.81,530516,224340619.0,1.85,1.59,0.06,0.42
1661,2021-12-08,3.85,3.81,3.85,3.78,298310,124998410.0,1.82,-0.78,-0.03,0.23
1662,2021-12-09,3.81,3.88,3.9,3.8,484519,206079106.0,2.62,1.84,0.07,0.38
1663,2021-12-10,3.87,3.85,3.88,3.84,359378,152573087.0,1.03,-0.77,-0.03,0.28
1664,2021-12-13,3.88,3.82,3.89,3.82,309811,131269613.0,1.82,-0.78,-0.03,0.24
1665,2021-12-14,3.81,3.76,3.82,3.75,310109,128955756.0,1.83,-1.57,-0.06,0.24
1666,2021-12-15,3.77,3.8,3.83,3.75,291827,122016483.0,2.13,1.06,0.04,0.23
1667,2021-12-16,3.79,3.85,3.85,3.77,232883,97916876.0,2.11,1.32,0.05,0.18
1668,2021-12-17,3.83,3.83,3.87,3.83,272117,115050699.0,1.04,-0.52,-0.02,0.21
1669,2021-12-20,3.82,3.85,3.93,3.82,439186,187383684.0,2.87,0.52,0.02,0.34
1670,2021-12-21,3.85,4.08,4.09,3.85,1323236,584968736.0,6.23,5.97,0.23,1.04
1671,2021-12-22,4.05,3.98,4.08,3.96,679629,299695808.0,2.94,-2.45,-0.1,0.53
1672,2021-12-23,3.95,3.94,4.0,3.92,377104,163641497.0,2.01,-1.01,-0.04,0.3
1673,2021-12-24,3.95,3.9,3.95,3.87,271538,116657740.0,2.03,-1.02,-0.04,0.21
1674,2021-12-27,3.9,3.95,4.0,3.9,308717,134436199.0,2.56,1.28,0.05,0.24
1675,2021-12-28,3.95,3.91,3.96,3.9,322599,139059723.0,1.52,-1.01,-0.04,0.25
1676,2021-12-29,3.91,3.89,3.93,3.87,255753,109625750.0,1.53,-0.51,-0.02,0.2
1677,2021-12-30,3.88,3.9,3.92,3.88,220022,94466766.0,1.03,0.26,0.01,0.17
1678,2021-12-31,3.91,3.95,3.99,3.9,295488,128320394.0,2.31,1.28,0.05,0.23
1679,2022-01-04,3.92,4.0,4.01,3.92,411488,180504681.0,2.28,1.27,0.05,0.32
1680,2022-01-05,4.0,4.01,4.07,3.98,417132,184584732.0,2.25,0.25,0.01,0.33
1681,2022-01-06,4.01,4.05,4.09,4.0,444549,198033159.0,2.24,1.0,0.04,0.35
1682,2022-01-07,4.04,4.13,4.21,4.03,765230,349518800.0,4.44,1.98,0.08,0.6
1683,2022-01-10,4.15,4.23,4.25,4.1,705402,324618880.0,3.63,2.42,0.1,0.55
1684,2022-01-11,4.2,4.18,4.27,4.15,678896,314368000.0,2.84,-1.18,-0.05,0.53
1685,2022-01-12,4.17,4.15,4.18,4.1,412509,187979484.0,1.91,-0.72,-0.03,0.32
1686,2022-01-13,4.15,4.14,4.24,4.13,381224,175121071.0,2.65,-0.24,-0.01,0.3
1687,2022-01-14,4.12,4.01,4.14,4.0,523135,232678733.0,3.38,-3.14,-0.13,0.41
1688,2022-01-17,4.0,4.03,4.05,4.0,250602,111180070.0,1.25,0.5,0.02,0.2
1689,2022-01-18,4.03,4.09,4.14,4.0,439786,196696825.0,3.47,1.49,0.06,0.34
1690,2022-01-19,4.08,4.13,4.15,4.06,378188,171582332.0,2.2,0.98,0.04,0.3
1691,2022-01-20,4.14,4.14,4.22,4.12,436246,199993551.0,2.42,0.24,0.01,0.34
1692,2022-01-21,4.11,4.07,4.15,4.05,288899,129965264.0,2.42,-1.69,-0.07,0.23
1693,2022-01-24,4.05,4.1,4.15,4.02,291330,131288357.0,3.19,0.74,0.03,0.23
1694,2022-01-25,4.07,3.95,4.09,3.94,320638,141350848.0,3.66,-3.66,-0.15,0.25
1695,2022-01-26,3.96,4.05,4.07,3.95,396553,175188466.0,3.04,2.53,0.1,0.31
1696,2022-01-27,4.04,3.97,4.05,3.95,298369,131078631.0,2.47,-1.98,-0.08,0.23
1697,2022-01-28,3.97,3.97,4.02,3.95,274577,120390517.0,1.76,0.0,0.0,0.21
1698,2022-02-07,3.92,4.03,4.05,3.83,457979,198642587.0,5.54,1.51,0.06,0.36
1699,2022-02-08,4.0,4.16,4.25,3.98,707273,323751280.0,6.7,3.23,0.13,0.55
1700,2022-02-09,4.12,4.15,4.23,4.11,426999,196310590.0,2.88,-0.24,-0.01,0.33
1701,2022-02-10,4.15,4.22,4.24,4.1,479138,221120872.0,3.37,1.69,0.07,0.38
1702,2022-02-11,4.22,4.19,4.28,4.17,433205,201285986.0,2.61,-0.71,-0.03,0.34
1703,2022-02-14,4.16,4.07,4.18,4.05,440062,198765180.0,3.1,-2.86,-0.12,0.34
1704,2022-02-15,4.04,4.02,4.09,3.98,333539,148016653.0,2.7,-1.23,-0.05,0.26
1705,2022-02-16,4.05,4.07,4.12,4.03,356289,159807808.0,2.24,1.24,0.05,0.28
1706,2022-02-17,4.08,4.01,4.08,3.99,278704,123459017.0,2.21,-1.47,-0.06,0.22
1707,2022-02-18,3.99,4.12,4.13,3.98,389975,174802248.0,3.74,2.74,0.11,0.31
1708,2022-02-21,4.1,4.19,4.21,4.06,424393,192977792.0,3.64,1.7,0.07,0.33
1709,2022-02-22,4.16,4.15,4.21,4.11,356698,163109384.0,2.39,-0.95,-0.04,0.28
1710,2022-02-23,4.15,4.08,4.16,4.07,358872,161845794.0,2.17,-1.69,-0.07,0.28
1711,2022-02-24,4.07,3.98,4.1,3.95,385884,170775304.0,3.68,-2.45,-0.1,0.3
1712,2022-02-25,3.99,3.96,4.03,3.95,302570,132607873.0,2.01,-0.5,-0.02,0.24
1713,2022-02-28,3.95,3.93,3.95,3.87,319088,137014187.0,2.02,-0.76,-0.03,0.25
1714,2022-03-01,3.91,3.93,3.96,3.89,355590,153299585.0,1.78,0.0,0.0,0.28
1715,2022-03-02,3.92,3.95,3.98,3.9,299443,129846832.0,2.04,0.51,0.02,0.23
1716,2022-03-03,3.95,4.01,4.03,3.94,432437,190432882.0,2.28,1.52,0.06,0.34
1717,2022-03-04,3.99,3.99,4.0,3.92,372080,162134391.0,2.0,-0.5,-0.02,0.29
1718,2022-03-07,3.96,3.93,4.02,3.92,420531,183080940.0,2.51,-1.5,-0.06,0.33
1719,2022-03-08,3.92,3.79,3.93,3.78,399770,169037018.0,3.82,-3.56,-0.14,0.31
1720,2022-03-09,3.81,3.7,3.83,3.56,491783,200777305.0,7.12,-2.37,-0.09,0.38
1721,2022-03-10,3.75,3.71,3.77,3.7,321308,131757724.0,1.89,0.27,0.01,0.25
1722,2022-03-11,3.65,3.71,3.73,3.59,458779,183996527.0,3.77,0.0,0.0,0.36
1723,2022-03-14,3.67,3.62,3.74,3.62,330495,133613359.0,3.23,-2.43,-0.09,0.26
1724,2022-03-15,3.6,3.37,3.61,3.35,630936,242324737.0,7.18,-6.91,-0.25,0.49
1725,2022-03-16,3.43,3.48,3.51,3.32,450604,169125271.0,5.64,3.26,0.11,0.35
1726,2022-03-17,3.59,3.62,3.66,3.56,594748,236177453.0,2.87,4.02,0.14,0.47
1727,2022-03-18,3.58,3.73,3.73,3.56,516013,207399938.0,4.7,3.04,0.11,0.4
1728,2022-03-21,3.72,3.71,3.75,3.67,393535,160225593.0,2.14,-0.54,-0.02,0.31
1729,2022-03-22,3.68,3.93,3.95,3.67,1062502,450759488.0,7.55,5.93,0.22,0.83
1730,2022-03-23,3.89,4.32,4.32,3.88,2450147,1123228944.0,11.2,9.92,0.39,1.92
1731,2022-03-24,4.23,4.45,4.57,4.21,2533652,1231102976.0,8.33,3.01,0.13,1.98
1732,2022-03-25,4.36,4.45,4.56,4.26,1687149,823991280.0,6.74,0.0,0.0,1.32
1733,2022-03-28,4.35,4.63,4.75,4.34,1946466,983443136.0,9.21,4.04,0.18,1.52
1734,2022-03-29,4.57,4.39,4.6,4.32,1654001,813374960.0,6.05,-5.18,-0.24,1.29
1735,2022-03-30,4.45,4.83,4.83,4.41,2025734,1041877968.0,9.57,10.02,0.44,1.59
1736,2022-03-31,4.99,4.9,5.26,4.82,3343423,1838632432.0,9.11,1.45,0.07,2.62
1737,2022-04-01,4.82,5.11,5.26,4.77,2645049,1452755264.0,10.0,4.29,0.21,2.07
1738,2022-04-06,5.17,5.22,5.55,5.04,2618801,1515251872.0,9.98,2.15,0.11,2.05
1739,2022-04-07,5.11,5.01,5.23,4.95,1773515,987234672.0,5.36,-4.02,-0.21,1.39
1740,2022-04-08,4.99,5.25,5.42,4.86,2165174,1222701952.0,11.18,4.79,0.24,1.69
1741,2022-04-11,5.14,4.98,5.17,4.93,1336675,740770368.0,4.57,-5.14,-0.27,1.05
1742,2022-04-12,4.92,4.76,5.05,4.71,1989211,1061514624.0,6.83,-4.42,-0.22,1.56
1743,2022-04-13,4.73,4.74,4.88,4.52,1489669,772690752.0,7.56,-0.42,-0.02,1.17
1744,2022-04-14,4.75,4.84,4.97,4.74,1083512,580914976.0,4.85,2.11,0.1,0.85
1745,2022-04-15,4.81,4.92,5.02,4.81,1194386,647337744.0,4.34,1.65,0.08,0.93
1746,2022-04-18,4.82,4.67,4.87,4.64,963240,503781296.0,4.67,-5.08,-0.25,0.75
1747,2022-04-19,4.63,4.65,4.68,4.47,1278937,642898224.0,4.5,-0.43,-0.02,1.0
1748,2022-04-20,4.63,4.41,4.69,4.33,1216129,594859424.0,7.74,-5.16,-0.24,0.95
1749,2022-04-21,4.36,4.27,4.45,4.22,1176632,560389312.0,5.22,-3.17,-0.14,0.92
1750,2022-04-22,4.23,4.32,4.37,4.2,843279,399213824.0,3.98,1.17,0.05,0.66
1751,2022-04-25,4.36,4.05,4.44,4.04,1079105,501113856.0,9.26,-6.25,-0.27,0.84
1752,2022-04-26,4.06,4.0,4.15,3.97,908153,406799152.0,4.44,-1.23,-0.05,0.71
1753,2022-04-27,3.96,3.9,4.02,3.8,1180464,505113520.0,5.5,-2.5,-0.1,0.92
1754,2022-04-28,3.89,4.12,4.18,3.87,1186767,530881536.0,7.95,5.64,0.22,0.93
1755,2022-04-29,4.09,4.35,4.39,4.06,1341897,622726000.0,8.01,5.58,0.23,1.05
1756,2022-05-05,4.37,4.25,4.45,4.1,1473749,684808704.0,8.05,-2.3,-0.1,1.15
1757,2022-05-06,4.08,3.93,4.08,3.88,1033496,452556784.0,4.71,-7.53,-0.32,0.81
1758,2022-05-09,3.92,3.96,4.02,3.85,623415,270801328.0,4.33,0.76,0.03,0.49
1759,2022-05-10,3.85,3.94,3.96,3.73,1370327,581236240.0,5.81,-0.51,-0.02,1.07
1760,2022-05-11,3.89,3.85,3.99,3.83,959919,411740672.0,4.06,-2.28,-0.09,0.75
1761,2022-05-12,3.85,3.82,3.89,3.73,1002167,419658752.0,4.16,-0.78,-0.03,0.78
1762,2022-05-13,3.8,3.99,4.03,3.79,1369414,590870016.0,6.28,4.45,0.17,1.07
1763,2022-05-16,4.1,3.99,4.13,3.95,1181704,521898720.0,4.51,0.0,0.0,0.92
1764,2022-05-17,3.96,3.86,3.99,3.78,1309980,555676320.0,5.26,-3.26,-0.13,1.03
1765,2022-05-18,3.88,3.84,3.89,3.81,926005,391470480.0,2.07,-0.52,-0.02,0.72
1766,2022-05-19,3.8,3.89,3.93,3.77,1125625,478606880.0,4.17,1.3,0.05,0.88
1767,2022-05-20,3.92,3.85,3.93,3.83,1003008,426585872.0,2.57,-1.03,-0.04,0.79
1768,2022-05-23,3.84,3.77,3.85,3.74,1111590,462525216.0,2.86,-2.08,-0.08,0.87
1769,2022-05-24,3.77,3.61,3.77,3.61,1161291,469884304.0,4.24,-4.24,-0.16,0.91
1770,2022-05-25,3.59,3.63,3.64,3.57,887910,352295744.0,1.94,0.55,0.02,0.69
1771,2022-05-26,3.62,3.66,3.69,3.62,798672,321579856.0,1.93,0.83,0.03,0.63
1772,2022-05-27,3.65,3.65,3.69,3.63,729064,292799120.0,1.64,-0.27,-0.01,0.57
1773,2022-05-30,3.57,3.55,3.58,3.35,1412860,544442656.0,6.3,-2.74,-0.1,1.11
1774,2022-05-31,3.51,3.49,3.55,3.48,800646,308915488.0,1.97,-1.69,-0.06,0.63
1775,2022-06-01,3.49,3.46,3.53,3.45,688077,263910595.0,2.29,-0.86,-0.03,0.54
1776,2022-06-02,3.46,3.44,3.47,3.42,587263,222007304.0,1.45,-0.58,-0.02,0.46
1777,2022-06-06,3.42,3.45,3.45,3.38,636004,238597342.0,2.03,0.29,0.01,0.5
1778,2022-06-07,3.45,3.51,3.52,3.43,791657,302424240.0,2.61,1.74,0.06,0.62
1779,2022-06-08,3.53,3.52,3.53,3.46,771890,296888432.0,1.99,0.28,0.01,0.6
1780,2022-06-09,3.51,3.48,3.55,3.47,787212,304092752.0,2.27,-1.14,-0.04,0.62
1781,2022-06-10,3.43,3.42,3.47,3.42,1329779,503130160.0,1.44,-1.72,-0.06,1.04
1782,2022-06-13,3.4,3.35,3.4,3.33,932093,344643808.0,2.05,-2.05,-0.07,0.73
1783,2022-06-14,3.33,3.44,3.45,3.33,773110,288018032.0,3.58,2.69,0.09,0.61
1784,2022-06-15,3.44,3.5,3.55,3.43,1228571,475100224.0,3.49,1.74,0.06,0.96
1785,2022-06-16,3.5,3.45,3.53,3.44,782475,298636656.0,2.57,-1.43,-0.05,0.61
1786,2022-06-17,3.43,3.45,3.45,3.39,501540,189031927.0,1.74,0.0,0.0,0.39
1787,2022-06-20,3.45,3.49,3.51,3.43,695621,266646719.0,2.32,1.16,0.04,0.54
1788,2022-06-21,3.49,3.51,3.55,3.47,835413,323706432.0,2.29,0.57,0.02,0.65
1789,2022-06-22,3.49,3.43,3.51,3.43,638673,243261526.0,2.28,-2.28,-0.08,0.5
1790,2022-06-23,3.42,3.46,3.46,3.38,561699,211985954.0,2.33,0.87,0.03,0.44
1791,2022-06-24,3.46,3.44,3.47,3.42,481784,182271919.0,1.45,-0.58,-0.02,0.38
1792,2022-06-27,3.45,3.5,3.51,3.45,662590,253423204.0,1.74,1.74,0.06,0.52
1793,2022-06-28,3.5,3.5,3.53,3.48,528916,203696998.0,1.43,0.0,0.0,0.41
1794,2022-06-29,3.5,3.63,3.67,3.49,1662896,655993088.0,5.14,3.71,0.13,1.3
1795,2022-06-30,3.64,3.6,3.64,3.55,1106926,436694672.0,2.48,-0.83,-0.03,0.87
1796,2022-07-01,3.58,3.55,3.6,3.53,862202,337030320.0,1.94,-1.39,-0.05,0.67
1797,2022-07-04,3.53,3.51,3.54,3.48,595025,228940024.0,1.69,-1.13,-0.04,0.47
1798,2022-07-05,3.51,3.48,3.53,3.46,527876,202815249.0,1.99,-0.85,-0.03,0.41
1799,2022-07-06,3.47,3.42,3.47,3.39,645441,243226878.0,2.3,-1.72,-0.06,0.51
1800,2022-07-07,3.42,3.4,3.44,3.38,434194,162993984.0,1.75,-0.58,-0.02,0.34
1801,2022-07-08,3.4,3.41,3.45,3.39,372750,140067839.0,1.76,0.29,0.01,0.29
1802,2022-07-11,3.4,3.36,3.4,3.34,393461,145612055.0,1.76,-1.47,-0.05,0.31
1803,2022-07-12,3.36,3.37,3.39,3.34,349184,129316349.0,1.49,0.3,0.01,0.27
1804,2022-07-13,3.37,3.39,3.43,3.36,445798,166830450.0,2.08,0.59,0.02,0.35
1805,2022-07-14,3.37,3.23,3.38,3.22,1169447,420972563.0,4.72,-4.72,-0.16,0.92
1806,2022-07-15,3.21,3.07,3.23,3.06,839508,288154584.0,5.26,-4.95,-0.16,0.66
1807,2022-07-18,3.06,3.19,3.19,3.05,691133,239719165.0,4.56,3.91,0.12,0.54
1808,2022-07-19,3.18,3.22,3.23,3.15,440293,154496276.0,2.51,0.94,0.03,0.34
1809,2022-07-20,3.24,3.19,3.25,3.18,390018,137761774.0,2.17,-0.93,-0.03,0.31
1810,2022-07-21,3.19,3.16,3.22,3.14,475019,165701872.0,2.51,-0.94,-0.03,0.37
1811,2022-07-22,3.16,3.15,3.18,3.12,398080,137763172.0,1.9,-0.32,-0.01,0.31
1812,2022-07-25,3.15,3.15,3.21,3.14,488493,170659327.0,2.22,0.0,0.0,0.38
1813,2022-07-26,3.16,3.31,3.32,3.15,1022181,365966406.0,5.4,5.08,0.16,0.8
1814,2022-07-27,3.28,3.24,3.29,3.23,593731,211972481.0,1.81,-2.11,-0.07,0.46
1815,2022-07-28,3.24,3.29,3.33,3.23,714209,257702125.0,3.09,1.54,0.05,0.56
1816,2022-07-29,3.31,3.23,3.32,3.22,570232,203901819.0,3.04,-1.82,-0.06,0.45
1817,2022-08-01,3.21,3.18,3.22,3.16,367989,128990098.0,1.86,-1.55,-0.05,0.29
1818,2022-08-02,3.19,3.05,3.19,3.02,553782,170391082.0,5.35,-4.09,-0.13,0.39
1819,2022-08-03,3.03,2.99,3.08,2.97,605269,182903696.0,3.61,-1.97,-0.06,0.43
1820,2022-08-04,3.01,3.02,3.04,2.99,381057,114986066.0,1.67,1.0,0.03,0.27
1821,2022-08-05,3.03,3.07,3.08,3.01,446766,135891597.0,2.32,1.66,0.05,0.32
1822,2022-08-08,3.1,3.14,3.28,3.1,851051,270614617.0,5.86,2.28,0.07,0.61
1823,2022-08-09,3.11,3.08,3.15,3.06,641429,198406159.0,2.87,-1.91,-0.06,0.46
1824,2022-08-10,3.06,3.04,3.09,3.03,432986,132258522.0,1.95,-1.3,-0.04,0.31
1825,2022-08-11,3.06,3.1,3.11,3.06,479673,147985158.0,1.64,1.97,0.06,0.34
1826,2022-08-12,3.1,3.12,3.14,3.08,482759,150339990.0,1.94,0.65,0.02,0.34
1827,2022-08-15,3.11,3.08,3.14,3.08,463199,143381739.0,1.92,-1.28,-0.04,0.33
1828,2022-08-16,3.1,3.14,3.16,3.08,609820,190612672.0,2.6,1.95,0.06,0.43
1829,2022-08-17,3.13,3.16,3.18,3.1,580325,182939738.0,2.55,0.64,0.02,0.41
1830,2022-08-18,3.15,3.1,3.15,3.09,504389,157073189.0,1.9,-1.9,-0.06,0.36
1831,2022-08-19,3.1,3.13,3.17,3.09,530234,166543914.0,2.58,0.97,0.03,0.38
1832,2022-08-22,3.14,3.15,3.18,3.1,511144,160663055.0,2.56,0.64,0.02,0.36
1833,2022-08-23,3.16,3.13,3.17,3.11,467595,146231866.0,1.9,-0.63,-0.02,0.33
1834,2022-08-24,3.12,3.06,3.14,3.06,498633,154371552.0,2.56,-2.24,-0.07,0.35
1835,2022-08-25,3.08,3.1,3.11,3.05,409426,126246715.0,1.96,1.31,0.04,0.29
1836,2022-08-26,3.11,3.09,3.12,3.08,371071,115010897.0,1.29,-0.32,-0.01,0.26
1837,2022-08-29,3.05,3.09,3.1,3.04,394473,121002477.0,1.94,0.0,0.0,0.28
1838,2022-08-30,3.09,3.14,3.16,3.08,535528,167659640.0,2.59,1.62,0.05,0.38
1839,2022-08-31,3.14,3.11,3.16,3.11,440843,138075052.0,1.59,-0.96,-0.03,0.31
1840,2022-09-01,3.1,3.15,3.22,3.09,917448,290886879.0,4.18,1.29,0.04,0.65
1841,2022-09-02,3.14,3.11,3.16,3.1,587917,183539723.0,1.9,-1.27,-0.04,0.42
1842,2022-09-05,3.11,3.16,3.16,3.1,617150,193487580.0,1.93,1.61,0.05,0.44
1843,2022-09-06,3.16,3.22,3.24,3.15,974139,311470369.0,2.85,1.9,0.06,0.69
1844,2022-09-07,3.21,3.21,3.23,3.17,606360,194021716.0,1.86,-0.31,-0.01,0.43
1845,2022-09-08,3.21,3.18,3.23,3.16,473309,150784005.0,2.18,-0.93,-0.03,0.34
1846,2022-09-09,3.19,3.27,3.29,3.18,938605,305292121.0,3.46,2.83,0.09,0.67
1847,2022-09-13,3.27,3.19,3.28,3.19,799997,257705524.0,2.75,-2.45,-0.08,0.57
1848,2022-09-14,3.15,3.17,3.22,3.14,568724,181348459.0,2.51,-0.63,-0.02,0.4
1849,2022-09-15,3.19,3.25,3.28,3.18,1036025,335344181.0,3.15,2.52,0.08,0.74
1850,2022-09-16,3.25,3.1,3.26,3.09,1012409,319643824.0,5.23,-4.62,-0.15,0.72
1851,2022-09-19,3.07,3.04,3.09,3.01,548234,167198310.0,2.58,-1.94,-0.06,0.39
1852,2022-09-20,3.06,3.03,3.12,3.01,654860,199416939.0,3.62,-0.33,-0.01,0.47
1853,2022-09-21,3.01,3.04,3.07,2.93,784607,234978582.0,4.62,0.33,0.01,0.56
1854,2022-09-22,3.01,2.98,3.06,2.97,596298,179123828.0,2.96,-1.97,-0.06,0.42
1855,2022-09-23,2.98,2.95,3.03,2.95,626722,186828931.0,2.68,-1.01,-0.03,0.45
1856,2022-09-26,2.93,2.84,2.96,2.83,664172,191870957.0,4.41,-3.73,-0.11,0.47
1857,2022-09-27,2.84,2.87,2.87,2.81,593778,168779754.0,2.11,1.06,0.03,0.42
1858,2022-09-28,2.85,2.81,2.87,2.81,487279,138258597.0,2.09,-2.09,-0.06,0.35
1859,2022-09-29,2.83,2.73,2.84,2.72,615067,170672787.0,4.27,-2.85,-0.08,0.44
1860,2022-09-30,2.76,2.79,2.83,2.74,687879,191456758.0,3.3,2.2,0.06,0.49
1861,2022-10-10,2.81,2.8,2.88,2.8,630595,178852016.0,2.87,0.36,0.01,0.45
1862,2022-10-11,2.79,2.75,2.8,2.73,460866,127016211.0,2.5,-1.79,-0.05,0.33
1863,2022-10-12,2.75,2.8,2.8,2.72,457726,126101242.0,2.91,1.82,0.05,0.33
1864,2022-10-13,2.79,2.78,2.8,2.74,529467,146308450.0,2.14,-0.71,-0.02,0.38
1865,2022-10-14,2.79,2.82,2.84,2.78,592971,167128966.0,2.16,1.44,0.04,0.42
1866,2022-10-17,2.8,2.85,2.86,2.79,574603,162371443.0,2.48,1.06,0.03,0.41
1867,2022-10-18,2.85,2.84,2.88,2.82,484285,137908794.0,2.11,-0.35,-0.01,0.34
1868,2022-10-19,2.83,2.8,2.85,2.8,335710,94684199.0,1.76,-1.41,-0.04,0.24
1869,2022-10-20,2.79,2.79,2.82,2.77,362543,101349296.0,1.79,-0.36,-0.01,0.26
1870,2022-10-21,2.81,2.79,2.83,2.78,465161,130714416.0,1.79,0.0,0.0,0.33
1871,2022-10-24,2.79,2.68,2.79,2.67,772780,210577597.0,4.3,-3.94,-0.11,0.55
1872,2022-10-25,2.7,2.7,2.73,2.67,567959,153379651.0,2.24,0.75,0.02,0.4
1873,2022-10-26,2.71,2.73,2.75,2.7,446959,122115014.0,1.85,1.11,0.03,0.32
1874,2022-10-27,2.74,2.76,2.78,2.73,450276,124318231.0,1.83,1.1,0.03,0.32
1875,2022-10-28,2.75,2.67,2.75,2.67,492746,133676941.0,2.9,-3.26,-0.09,0.35
1876,2022-10-31,2.67,2.62,2.68,2.6,727165,191126276.0,3.0,-1.87,-0.05,0.52
1877,2022-11-01,2.57,2.64,2.64,2.55,892864,232145547.0,3.44,0.76,0.02,0.64
1878,2022-11-02,2.61,2.66,2.67,2.6,782678,206995619.0,2.65,0.76,0.02,0.56
1879,2022-11-03,2.64,2.62,2.65,2.6,541539,141911723.0,1.88,-1.5,-0.04,0.39
1880,2022-11-04,2.61,2.67,2.67,2.61,584665,154847203.0,2.29,1.91,0.05,0.42
1881,2022-11-07,2.67,2.71,2.73,2.65,688367,185332888.0,3.0,1.5,0.04,0.49
1882,2022-11-08,2.71,2.68,2.72,2.67,592987,159604866.0,1.85,-1.11,-0.03,0.42
1883,2022-11-09,2.72,2.76,2.81,2.71,1266839,350774717.0,3.73,2.99,0.08,0.9
1884,2022-11-10,2.73,2.78,2.79,2.69,811082,223011236.0,3.62,0.72,0.02,0.58
1885,2022-11-11,2.83,3.06,3.06,2.81,2126691,624387602.0,8.99,10.07,0.28,1.51
1886,2022-11-14,3.28,3.14,3.3,3.08,4027907,1285298195.0,7.19,2.61,0.08,2.87
1887,2022-11-15,3.1,3.11,3.2,3.08,2500790,781694483.0,3.82,-0.96,-0.03,1.78
1888,2022-11-16,3.09,3.04,3.11,3.01,1717401,525055936.0,3.22,-2.25,-0.07,1.22
1889,2022-11-17,3.03,3.03,3.07,2.99,1098159,332086409.0,2.63,-0.33,-0.01,0.78
1890,2022-11-18,3.02,2.99,3.04,2.97,981204,294467222.0,2.31,-1.32,-0.04,0.7
1891,2022-11-21,2.97,2.91,2.99,2.87,1025085,298351434.0,4.01,-2.68,-0.08,0.73
1892,2022-11-22,2.95,2.92,2.97,2.9,895702,262687216.0,2.41,0.34,0.01,0.64
1893,2022-11-23,2.9,2.93,2.96,2.9,637289,186729741.0,2.05,0.34,0.01,0.45
1894,2022-11-24,2.98,2.95,3.02,2.94,1182985,351845620.0,2.73,0.68,0.02,0.84
1895,2022-11-25,2.98,3.14,3.18,2.97,2508368,774805229.0,7.12,6.44,0.19,1.78
1896,2022-11-28,3.07,3.09,3.13,3.01,1442081,443800699.0,3.82,-1.59,-0.05,1.03
1897,2022-11-29,3.3,3.4,3.4,3.18,3422866,1134758900.0,7.12,10.03,0.31,2.44
1898,2022-11-30,3.48,3.44,3.68,3.4,4313180,1521738764.0,8.24,1.18,0.04,3.07
1899,2022-12-01,3.44,3.37,3.51,3.34,2537573,869430983.0,4.94,-2.03,-0.07,1.81
1900,2022-12-02,3.36,3.3,3.36,3.25,1359459,446744488.0,3.26,-2.08,-0.07,0.97
1901,2022-12-05,3.31,3.33,3.39,3.31,1375464,460151327.0,2.42,0.91,0.03,0.98
1902,2022-12-06,3.32,3.29,3.34,3.26,854271,281584479.0,2.4,-1.2,-0.04,0.61
1903,2022-12-07,3.3,3.25,3.33,3.2,1199103,389797619.0,3.95,-1.22,-0.04,0.85
1904,2022-12-08,3.24,3.3,3.33,3.23,1264638,416143412.0,3.08,1.54,0.05,0.9
1905,2022-12-09,3.32,3.37,3.39,3.28,1486250,497259364.0,3.33,2.12,0.07,1.06
1906,2022-12-12,3.34,3.21,3.34,3.21,1144322,373706106.0,3.86,-4.75,-0.16,0.81
1907,2022-12-13,3.21,3.28,3.31,3.2,905478,295763895.0,3.43,2.18,0.07,0.64
1908,2022-12-14,3.27,3.24,3.28,3.23,608763,198199180.0,1.52,-1.22,-0.04,0.43
1909,2022-12-15,3.24,3.24,3.27,3.18,621742,200453515.0,2.78,0.0,0.0,0.44
1910,2022-12-16,3.3,3.3,3.37,3.23,1118692,369446924.0,4.32,1.85,0.06,0.8
1911,2022-12-19,3.31,3.2,3.38,3.18,1062968,348079311.0,6.06,-3.03,-0.1,0.76
1912,2022-12-20,3.2,3.09,3.2,3.08,854434,266595061.0,3.75,-3.44,-0.11,0.61
1913,2022-12-21,3.08,3.09,3.15,3.07,603327,187589580.0,2.59,0.0,0.0,0.43
1914,2022-12-22,3.14,3.09,3.19,3.08,729437,228684873.0,3.56,0.0,0.0,0.52
1915,2022-12-23,3.08,3.08,3.13,3.06,564995,175279194.0,2.27,-0.32,-0.01,0.4
1916,2022-12-26,3.08,3.0,3.09,2.99,1013489,305388958.0,3.25,-2.6,-0.08,0.72
1917,2022-12-27,3.01,3.05,3.08,3.0,1115412,339128951.0,2.67,1.67,0.05,0.79
1918,2022-12-28,3.03,3.07,3.08,2.99,807768,246082767.0,2.95,0.66,0.02,0.57
1919,2022-12-29,3.06,2.96,3.06,2.95,812848,242605778.0,3.58,-3.58,-0.11,0.58
1920,2022-12-30,2.98,2.98,2.99,2.93,553744,164289384.0,2.03,0.68,0.02,0.39
