,日期,开盘,收盘,最高,最低,成交量,成交额,振幅,涨跌幅,涨跌额,换手率
0,2015-01-05,37.23,37.97,38.71,36.61,80060,336715360.0,5.63,1.82,0.68,1.15
1,2015-01-06,37.53,38.25,38.51,37.26,67775,287455456.0,3.29,0.74,0.28,0.97
2,2015-01-07,38.08,37.65,38.08,37.32,31041,130765248.0,1.99,-1.57,-0.6,0.45
3,2015-01-08,37.61,37.45,37.79,37.05,27833,116628449.0,1.97,-0.53,-0.2,0.4
4,2015-01-09,37.33,37.04,38.47,37.01,51782,220137648.0,3.9,-1.09,-0.41,0.74
5,2015-01-12,37.01,36.56,37.01,36.13,30513,125391586.0,2.38,-1.3,-0.48,0.44
6,2015-01-13,36.61,36.47,37.09,36.13,36938,152453855.0,2.63,-0.25,-0.09,0.53
7,2015-01-14,36.48,37.0,37.5,36.32,37036,153522937.0,3.24,1.45,0.53,0.53
8,2015-01-15,37.01,37.06,37.36,36.61,21757,90096681.0,2.03,0.16,0.06,0.31
9,2015-01-16,37.07,37.22,37.36,36.68,28609,118970754.0,1.83,0.43,0.16,0.41
10,2015-01-19,36.44,35.89,37.3,35.5,35371,145055375.0,4.84,-3.57,-1.33,0.51
11,2015-01-20,35.76,36.22,36.78,35.76,44397,180863889.0,2.84,0.92,0.33,0.64
12,2015-01-21,36.46,36.69,36.75,36.04,52929,216730252.0,1.96,1.3,0.47,0.76
13,2015-01-22,36.7,36.83,36.96,36.58,47173,194635896.0,1.04,0.38,0.14,0.68
14,2015-01-23,36.84,36.39,37.06,36.22,38529,158145071.0,2.28,-1.19,-0.44,0.55
15,2015-01-26,36.5,36.71,36.84,36.23,36774,150866475.0,1.68,0.88,0.32,0.53
16,2015-01-27,36.95,37.92,38.11,36.76,97601,410314336.0,3.68,3.3,1.21,1.4
17,2015-01-28,37.94,37.4,37.94,37.21,35352,148487005.0,1.93,-1.37,-0.52,0.51
18,2015-01-29,36.91,36.65,37.09,36.51,33442,137836192.0,1.55,-2.01,-0.75,0.48
19,2015-01-30,36.76,36.78,37.19,36.62,38139,157952154.0,1.56,0.35,0.13,0.55
20,2015-02-02,36.51,36.56,36.77,36.33,25235,103514566.0,1.2,-0.6,-0.22,0.36
21,2015-02-03,36.7,36.38,36.96,36.06,43162,176178440.0,2.46,-0.49,-0.18,0.62
22,2015-02-04,36.37,35.67,36.53,35.53,38600,156395172.0,2.75,-1.95,-0.71,0.55
23,2015-02-05,35.87,35.31,35.96,35.21,46536,186908666.0,2.1,-1.01,-0.36,0.67
24,2015-02-06,35.18,35.04,35.51,34.65,28223,112063945.0,2.44,-0.76,-0.27,0.41
25,2015-02-09,35.17,35.1,35.4,34.81,22071,87185712.0,1.68,0.17,0.06,0.32
26,2015-02-10,35.19,35.61,35.78,35.1,26202,105059970.0,1.94,1.45,0.51,0.38
27,2015-02-11,35.6,35.67,35.78,35.45,17585,70615758.0,0.93,0.17,0.06,0.25
28,2015-02-12,35.66,35.34,35.67,35.21,22952,91442764.0,1.29,-0.93,-0.33,0.33
29,2015-02-13,35.4,35.52,35.87,35.4,35254,141594359.0,1.33,0.51,0.18,0.51
30,2015-02-16,35.52,35.6,35.82,35.51,31188,125132405.0,0.87,0.23,0.08,0.45
31,2015-02-17,35.63,35.48,35.83,35.44,27500,110180799.0,1.1,-0.34,-0.12,0.4
32,2015-02-25,35.35,35.81,35.83,35.11,42095,168525422.0,2.03,0.93,0.33,0.6
33,2015-02-26,35.76,35.81,35.83,35.38,24862,99840155.0,1.26,0.0,0.0,0.36
34,2015-02-27,35.82,35.57,35.95,35.52,36563,146997588.0,1.2,-0.67,-0.24,0.53
35,2015-03-02,35.62,35.65,35.8,35.3,59606,238400838.0,1.41,0.22,0.08,0.86
36,2015-03-03,35.65,35.77,36.0,35.56,65266,263130225.0,1.23,0.34,0.12,0.94
37,2015-03-04,35.77,36.3,36.32,35.72,54270,220107396.0,1.68,1.48,0.53,0.78
38,2015-03-05,36.01,35.77,36.1,35.54,43252,174323375.0,1.54,-1.46,-0.53,0.62
39,2015-03-06,35.76,35.61,35.76,35.35,43596,174303084.0,1.15,-0.45,-0.16,0.63
40,2015-03-09,35.48,35.59,35.63,34.81,43659,173128553.0,2.3,-0.06,-0.02,0.63
41,2015-03-10,35.45,35.5,35.65,35.31,27879,111383584.0,0.96,-0.25,-0.09,0.4
42,2015-03-11,35.5,35.29,35.79,35.21,40552,162124366.0,1.63,-0.59,-0.21,0.58
43,2015-03-12,35.46,35.19,35.5,34.91,40793,161552341.0,1.67,-0.28,-0.1,0.59
44,2015-03-13,35.21,35.8,35.91,35.13,50158,200546384.0,2.22,1.73,0.61,0.72
45,2015-03-16,35.77,36.56,36.68,35.54,69290,282365504.0,3.18,2.12,0.76,1.0
46,2015-03-17,36.59,36.48,36.99,36.31,82294,337532192.0,1.86,-0.22,-0.08,1.18
47,2015-03-18,36.56,37.41,37.46,36.46,91565,379137200.0,2.74,2.55,0.93,1.32
48,2015-03-19,37.31,36.94,37.6,36.51,128684,534848672.0,2.91,-1.26,-0.47,1.85
49,2015-03-20,36.71,36.83,36.91,36.5,98448,405533584.0,1.11,-0.3,-0.11,1.41
50,2015-03-23,37.01,37.58,37.64,37.01,83877,351566560.0,1.71,2.04,0.75,1.21
51,2015-03-24,37.67,37.2,37.73,36.92,82810,345742224.0,2.16,-1.01,-0.38,1.19
52,2015-03-25,37.11,37.63,37.92,36.89,106333,446133120.0,2.77,1.16,0.43,1.53
53,2015-03-26,37.51,38.54,38.98,37.34,105822,452378576.0,4.36,2.42,0.91,1.52
54,2015-03-27,38.5,38.31,38.59,38.01,49543,211920852.0,1.5,-0.6,-0.23,0.71
55,2015-03-30,38.32,39.11,39.68,38.32,90579,395570368.0,3.55,2.09,0.8,1.3
56,2015-03-31,38.81,38.05,39.09,37.91,101369,436542704.0,3.02,-2.71,-1.06,1.46
57,2015-04-01,38.05,38.42,38.82,38.05,74467,319420064.0,2.02,0.97,0.37,1.07
58,2015-04-02,38.39,38.5,39.39,37.88,100616,433339808.0,3.93,0.21,0.08,1.45
59,2015-04-03,38.51,38.83,38.95,38.32,69487,299482160.0,1.64,0.86,0.33,1.0
60,2015-04-07,38.83,40.11,40.33,38.51,127099,557777280.0,4.69,3.3,1.28,1.83
61,2015-04-08,40.09,39.74,40.35,39.15,94523,417603088.0,2.99,-0.92,-0.37,1.36
62,2015-04-09,39.51,42.13,42.41,39.31,184127,829462240.0,7.8,6.01,2.39,2.65
63,2015-04-10,41.51,41.82,42.18,40.59,112430,518118640.0,3.77,-0.74,-0.31,1.62
64,2015-04-13,41.56,42.49,42.81,41.17,89021,412689120.0,3.92,1.6,0.67,1.28
65,2015-04-14,42.11,41.6,42.48,41.39,83578,387362016.0,2.57,-2.09,-0.89,1.2
66,2015-04-15,41.61,40.9,42.2,40.69,89690,410936720.0,3.63,-1.68,-0.7,1.29
67,2015-04-16,40.81,42.08,43.11,40.07,76847,355651568.0,7.43,2.89,1.18,1.1
68,2015-04-17,41.92,43.11,43.69,41.28,87009,405037264.0,5.73,2.45,1.03,1.25
69,2015-04-20,42.51,41.99,43.59,41.96,88285,417303488.0,3.78,-2.6,-1.12,1.27
70,2015-04-21,41.76,42.25,42.71,41.31,169937,790252960.0,3.33,0.62,0.26,2.44
71,2015-04-22,42.26,42.49,42.61,41.98,111511,521261600.0,1.49,0.57,0.24,1.6
72,2015-04-23,42.5,41.9,42.81,41.51,98492,458746432.0,3.06,-1.39,-0.59,1.42
73,2015-04-24,41.52,41.53,42.05,41.26,90131,415788880.0,1.89,-0.88,-0.37,1.3
74,2015-04-27,41.56,41.69,41.99,40.99,89889,414593072.0,2.41,0.39,0.16,1.29
75,2015-04-28,41.68,39.62,41.68,39.51,115370,518075632.0,5.21,-4.97,-2.07,1.66
76,2015-04-29,39.52,39.96,40.2,39.46,69431,308468432.0,1.87,0.86,0.34,1.0
77,2015-04-30,39.95,39.5,40.03,39.41,75245,331806160.0,1.55,-1.15,-0.46,1.08
78,2015-05-04,39.5,40.1,40.21,39.42,59341,262407023.0,2.0,1.52,0.6,0.85
79,2015-05-05,40.01,38.92,40.06,38.55,77017,336503824.0,3.77,-2.94,-1.18,1.11
80,2015-05-06,39.17,38.65,39.46,38.31,60008,260888587.0,2.95,-0.69,-0.27,0.86
81,2015-05-07,38.8,39.04,39.23,38.5,65129,282474656.0,1.89,1.01,0.39,0.94
82,2015-05-08,39.09,39.6,39.68,38.79,52447,229969758.0,2.28,1.43,0.56,0.75
83,2015-05-11,39.89,39.83,39.95,39.31,98112,432948832.0,1.62,0.58,0.23,1.41
84,2015-05-12,39.86,39.84,39.91,39.39,68568,302644112.0,1.31,0.03,0.01,0.99
85,2015-05-13,39.76,40.65,40.98,39.64,97979,441236560.0,3.36,2.03,0.81,1.41
86,2015-05-14,40.66,40.39,40.81,39.94,58989,264353780.0,2.14,-0.64,-0.26,0.85
87,2015-05-15,40.3,40.17,40.37,39.41,66164,292819552.0,2.38,-0.54,-0.22,0.95
88,2015-05-18,39.91,40.03,40.17,39.54,48930,217248430.0,1.57,-0.35,-0.14,0.7
89,2015-05-19,39.8,40.54,40.76,39.57,59635,266795801.0,2.97,1.27,0.51,0.86
90,2015-05-20,40.54,40.47,41.3,40.32,84409,381994960.0,2.42,-0.17,-0.07,1.21
91,2015-05-21,40.73,40.7,40.93,40.27,56703,255806212.0,1.63,0.57,0.23,0.81
92,2015-05-22,40.83,41.53,41.61,40.83,108706,496726432.0,1.92,2.04,0.83,1.56
93,2015-05-25,41.11,42.9,44.01,41.08,178884,845427248.0,7.06,3.3,1.37,2.57
94,2015-05-26,43.21,47.64,47.64,42.91,371569,1876543184.0,11.03,11.05,4.74,5.34
95,2015-05-27,48.39,48.96,49.21,46.92,239181,1258025840.0,4.81,2.77,1.32,3.44
96,2015-05-28,48.51,45.67,49.07,45.51,164127,852636656.0,7.27,-6.72,-3.29,2.36
97,2015-05-29,45.51,44.81,47.09,43.77,145625,729822720.0,7.27,-1.88,-0.86,2.09
98,2015-06-01,45.01,47.52,47.96,45.01,159548,815308192.0,6.58,6.05,2.71,2.29
99,2015-06-02,48.0,52.72,52.72,47.01,214620,1167662864.0,12.02,10.94,5.2,3.08
100,2015-06-03,53.22,52.56,55.72,51.11,234820,1364356816.0,8.74,-0.3,-0.16,3.37
101,2015-06-04,52.51,52.89,54.7,47.38,170163,958158576.0,13.93,0.63,0.33,2.45
102,2015-06-05,53.27,51.83,54.77,51.11,219137,1253312000.0,6.92,-2.0,-1.06,3.15
103,2015-06-08,51.81,52.33,52.59,50.11,157503,879866896.0,4.78,0.96,0.5,2.26
104,2015-06-09,51.51,51.02,52.07,50.32,102163,568107792.0,3.34,-2.5,-1.31,1.47
105,2015-06-10,50.88,50.5,51.51,49.21,105229,576957072.0,4.51,-1.02,-0.52,1.51
106,2015-06-11,50.5,51.37,52.52,49.91,134697,753579072.0,5.17,1.72,0.87,1.94
107,2015-06-12,51.51,50.77,52.01,50.41,121564,674276640.0,3.11,-1.17,-0.6,1.75
108,2015-06-15,50.95,49.05,51.17,49.01,122101,660380528.0,4.25,-3.39,-1.72,1.75
109,2015-06-16,48.51,46.71,49.1,46.41,102264,530912672.0,5.48,-4.77,-2.34,1.47
110,2015-06-17,47.01,47.59,48.01,45.41,85401,436972720.0,5.57,1.88,0.88,1.23
111,2015-06-18,47.51,46.18,48.26,45.68,65992,342904928.0,5.42,-2.96,-1.41,0.95
112,2015-06-19,45.38,43.26,46.45,42.91,97696,478098400.0,7.67,-6.32,-2.92,1.4
113,2015-06-23,43.59,46.48,46.92,42.49,122335,597791392.0,10.24,7.44,3.22,1.76
114,2015-06-24,46.91,47.31,47.86,45.9,107937,555833296.0,4.22,1.79,0.83,1.55
115,2015-06-25,47.33,44.88,47.48,44.53,97682,493938080.0,6.24,-5.14,-2.43,1.4
116,2015-06-26,43.83,39.94,43.87,39.94,180453,829757664.0,8.76,-11.01,-4.94,2.59
117,2015-06-29,41.19,39.74,41.41,35.52,154444,670296256.0,14.75,-0.5,-0.2,2.22
118,2015-06-30,39.39,42.1,42.11,36.71,143159,637573488.0,13.59,5.94,2.36,2.06
119,2015-07-01,40.61,40.59,43.47,40.06,127254,595447200.0,8.1,-3.59,-1.51,1.83
120,2015-07-02,39.82,37.26,41.0,36.31,129730,556317856.0,11.55,-8.2,-3.33,1.86
121,2015-07-03,36.97,34.33,38.21,33.09,159833,635219024.0,13.74,-7.86,-2.93,2.3
122,2015-07-06,37.81,34.55,37.81,32.51,160445,631216608.0,15.44,0.64,0.22,2.31
123,2015-07-07,32.66,35.12,36.21,32.55,232915,907391072.0,10.59,1.65,0.57,3.35
124,2015-07-08,32.01,31.16,33.89,31.16,266109,960280400.0,7.77,-11.28,-3.96,3.82
125,2015-07-09,31.16,34.73,34.73,31.11,176085,660870768.0,11.62,11.46,3.57,2.53
126,2015-07-10,35.15,38.65,38.65,35.05,208167,881216480.0,10.37,11.29,3.92,2.99
127,2015-07-13,38.71,40.58,42.17,38.01,253718,1127325280.0,10.76,4.99,1.93,3.65
128,2015-07-14,38.74,37.34,39.89,37.16,182246,781748384.0,6.73,-7.98,-3.24,2.62
129,2015-07-15,36.57,34.49,36.58,33.64,113497,450577408.0,7.87,-7.63,-2.85,1.63
130,2015-07-16,34.49,35.11,35.69,32.93,89270,351972560.0,8.0,1.8,0.62,1.28
131,2015-07-17,35.39,36.71,37.28,35.16,115882,472597328.0,6.04,4.56,1.6,1.67
132,2015-07-20,36.51,36.29,37.29,35.4,84936,346798976.0,5.15,-1.14,-0.42,1.22
133,2015-07-21,35.53,36.0,36.4,35.32,66980,269895520.0,2.98,-0.8,-0.29,0.96
134,2015-07-22,36.01,35.57,36.47,35.11,78325,314923792.0,3.78,-1.19,-0.43,1.13
135,2015-07-23,35.61,36.89,37.17,35.31,108116,440075744.0,5.23,3.71,1.32,1.55
136,2015-07-24,36.87,36.05,37.48,35.91,115893,480161552.0,4.26,-2.28,-0.84,1.67
137,2015-07-27,35.4,32.01,35.95,32.0,112837,436887840.0,10.96,-11.21,-4.04,1.62
138,2015-07-28,31.46,33.44,34.0,30.45,174687,632442000.0,11.09,4.47,1.43,2.51
139,2015-07-29,33.19,33.98,34.06,32.11,185556,690171104.0,5.83,1.61,0.54,2.67
140,2015-07-30,33.46,32.47,33.5,32.4,155402,581397040.0,3.24,-4.44,-1.51,2.23
141,2015-07-31,32.18,33.12,33.18,31.76,82882,303643152.0,4.37,2.0,0.65,1.19
142,2015-08-03,32.76,34.03,34.04,32.47,174605,652229600.0,4.74,2.75,0.91,2.51
143,2015-08-04,34.01,34.82,34.93,33.06,75633,288629936.0,5.5,2.32,0.79,1.09
144,2015-08-05,34.46,33.76,34.64,33.43,64821,246821453.0,3.48,-3.04,-1.06,0.93
145,2015-08-06,33.16,33.14,33.58,32.97,33858,126096850.0,1.81,-1.84,-0.62,0.49
146,2015-08-07,33.14,33.57,33.91,33.14,64518,242616536.0,2.32,1.3,0.43,0.93
147,2015-08-10,33.75,35.01,35.21,33.47,125554,482850240.0,5.18,4.29,1.44,1.8
148,2015-08-11,34.76,34.94,35.71,34.28,97944,380672400.0,4.08,-0.2,-0.07,1.41
149,2015-08-12,34.4,34.58,35.36,33.96,89381,346352592.0,4.01,-1.03,-0.36,1.28
150,2015-08-13,34.35,35.5,35.66,34.24,97277,381405120.0,4.11,2.66,0.92,1.4
151,2015-08-14,35.59,35.15,35.69,34.96,68812,270770864.0,2.06,-0.99,-0.35,0.99
152,2015-08-17,35.03,34.59,35.03,33.96,63805,245271598.0,3.04,-1.59,-0.56,0.92
153,2015-08-18,34.56,32.54,34.83,32.0,91320,344842576.0,8.18,-5.93,-2.05,1.31
154,2015-08-19,32.06,32.92,33.04,31.18,65071,235193693.0,5.72,1.17,0.38,0.94
155,2015-08-20,32.2,32.07,32.76,31.97,37820,137425785.0,2.4,-2.58,-0.85,0.54
156,2015-08-21,31.75,30.57,32.44,30.47,60574,214979525.0,6.14,-4.68,-1.5,0.87
157,2015-08-24,29.78,27.11,29.85,27.11,105099,331774448.0,8.96,-11.32,-3.46,1.51
158,2015-08-25,25.94,25.5,27.84,24.96,101152,305938592.0,10.62,-5.94,-1.61,1.45
159,2015-08-26,26.04,26.1,27.36,25.57,62353,189867930.0,7.02,2.35,0.6,0.9
160,2015-08-27,26.94,29.08,29.11,26.66,86614,275842320.0,9.39,11.42,2.98,1.24
161,2015-08-28,29.46,30.08,30.51,28.41,86776,288833600.0,7.22,3.44,1.0,1.25
162,2015-08-31,29.42,29.51,29.54,28.03,64881,212803013.0,5.02,-1.89,-0.57,0.93
163,2015-09-01,29.01,29.52,29.53,27.76,83169,274053472.0,6.0,0.03,0.01,1.2
164,2015-09-02,28.46,30.04,30.15,28.06,101663,342315376.0,7.08,1.76,0.52,1.46
165,2015-09-07,29.63,28.79,30.96,28.66,25095,84961086.0,7.66,-4.16,-1.25,0.36
166,2015-09-08,28.21,28.89,29.23,27.84,31376,101992101.0,4.83,0.35,0.1,0.45
167,2015-09-09,28.96,29.44,29.66,28.66,38643,128740598.0,3.46,1.9,0.55,0.56
168,2015-09-10,28.96,28.67,29.28,28.56,22413,73959079.0,2.45,-2.62,-0.77,0.32
169,2015-09-11,28.56,28.17,28.93,27.96,23821,77169832.0,3.38,-1.74,-0.5,0.34
170,2015-09-14,28.34,27.15,28.34,26.66,35315,111528625.0,5.96,-3.62,-1.02,0.51
171,2015-09-15,26.97,26.68,27.07,26.04,40726,124631254.0,3.79,-1.73,-0.47,0.59
172,2015-09-16,26.7,28.3,29.23,26.27,54879,173047902.0,11.09,6.07,1.62,0.79
173,2015-09-17,27.96,28.71,30.22,27.46,74448,246015393.0,9.75,1.45,0.41,1.07
174,2015-09-18,28.66,28.18,28.86,27.9,24821,79973586.0,3.34,-1.85,-0.53,0.36
175,2015-09-21,27.85,28.23,28.58,27.55,26069,83708686.0,3.66,0.18,0.05,0.37
176,2015-09-22,28.27,28.24,28.44,28.06,30065,97076534.0,1.35,0.04,0.01,0.43
177,2015-09-23,27.86,27.73,28.15,27.49,25264,80496817.0,2.34,-1.81,-0.51,0.36
178,2015-09-24,27.76,27.84,28.01,27.66,19794,63046658.0,1.26,0.4,0.11,0.28
179,2015-09-25,27.79,27.42,28.0,27.22,19458,61572406.0,2.8,-1.51,-0.42,0.28
180,2015-09-28,27.46,27.93,28.01,27.31,14515,46094403.0,2.55,1.86,0.51,0.21
181,2015-09-29,27.72,27.9,28.32,27.56,17651,56510965.0,2.72,-0.11,-0.03,0.25
182,2015-09-30,27.84,28.1,28.26,27.72,15028,48196020.0,1.94,0.72,0.2,0.22
183,2015-10-08,28.87,28.38,28.96,28.27,36472,119250980.0,2.46,1.0,0.28,0.52
184,2015-10-09,28.29,28.4,28.75,28.2,28741,93399761.0,1.94,0.07,0.02,0.41
185,2015-10-12,28.56,29.52,29.71,28.55,82504,273945968.0,4.08,3.94,1.12,1.19
186,2015-10-13,29.23,29.56,29.9,29.06,44523,148845386.0,2.85,0.14,0.04,0.64
187,2015-10-14,29.54,29.47,29.74,29.11,47009,157573274.0,2.13,-0.3,-0.09,0.68
188,2015-10-15,29.4,29.78,29.87,29.19,47114,158712332.0,2.31,1.05,0.31,0.68
189,2015-10-16,29.95,29.61,30.19,29.52,26655,90653812.0,2.25,-0.57,-0.17,0.38
190,2015-10-19,30.02,30.0,30.46,29.62,56378,192083534.0,2.84,1.32,0.39,0.81
191,2015-10-20,29.65,30.01,30.06,29.44,33625,113548335.0,2.07,0.03,0.01,0.48
192,2015-10-21,30.06,28.77,30.21,28.58,43151,144795955.0,5.43,-4.13,-1.24,0.62
193,2015-10-22,28.55,29.06,29.1,28.31,25601,84155540.0,2.75,1.01,0.29,0.37
194,2015-10-23,29.37,29.91,30.24,29.08,41051,139308587.0,3.99,2.92,0.85,0.59
195,2015-10-26,30.41,30.47,30.5,29.68,55897,191595972.0,2.74,1.87,0.56,0.8
196,2015-10-27,30.34,30.48,30.59,29.62,40495,138659707.0,3.18,0.03,0.01,0.58
197,2015-10-28,30.27,29.81,30.38,29.76,34350,116848646.0,2.03,-2.2,-0.67,0.49
198,2015-10-29,29.91,29.87,30.06,29.71,19166,65018459.0,1.17,0.2,0.06,0.28
199,2015-10-30,29.75,29.85,30.76,29.66,40452,138750256.0,3.68,-0.07,-0.02,0.58
200,2015-11-02,29.56,29.46,30.22,29.36,19272,65246262.0,2.88,-1.31,-0.39,0.28
201,2015-11-03,29.57,29.52,29.85,29.26,14995,50272952.0,2.0,0.2,0.06,0.22
202,2015-11-04,29.52,30.6,30.65,29.34,50858,173857461.0,4.44,3.66,1.08,0.73
203,2015-11-05,30.61,30.7,31.05,30.04,95417,330135616.0,3.3,0.33,0.1,1.37
204,2015-11-06,30.56,31.18,31.25,30.47,67192,234974246.0,2.54,1.56,0.48,0.97
205,2015-11-09,30.96,31.26,31.52,30.8,56370,198721690.0,2.31,0.26,0.08,0.81
206,2015-11-10,30.98,30.96,31.31,30.76,35965,126202713.0,1.76,-0.96,-0.3,0.52
207,2015-11-11,30.94,30.83,30.95,30.44,42426,147142561.0,1.65,-0.42,-0.13,0.61
208,2015-11-12,30.65,30.71,30.78,30.31,44228,152777995.0,1.52,-0.39,-0.12,0.64
209,2015-11-13,30.51,30.16,30.53,30.06,27944,95874105.0,1.53,-1.79,-0.55,0.4
210,2015-11-16,29.85,29.95,30.04,29.64,47386,160238081.0,1.33,-0.7,-0.21,0.68
211,2015-11-17,30.11,29.89,30.36,29.84,51437,175757431.0,1.74,-0.2,-0.06,0.74
212,2015-11-18,29.93,29.62,30.03,29.6,27545,93251345.0,1.44,-0.9,-0.27,0.4
213,2015-11-19,29.68,29.74,29.81,29.44,43799,147271134.0,1.25,0.41,0.12,0.63
214,2015-11-20,29.86,29.71,29.86,29.61,34869,117639349.0,0.84,-0.1,-0.03,0.5
215,2015-11-23,29.72,29.59,29.79,29.54,31064,104671824.0,0.84,-0.4,-0.12,0.45
216,2015-11-24,29.61,29.48,29.61,29.45,28786,96623525.0,0.54,-0.37,-0.11,0.41
217,2015-11-25,29.51,29.8,29.89,29.51,38541,130119215.0,1.29,1.09,0.32,0.55
218,2015-11-26,29.87,29.64,29.88,29.6,27033,91258038.0,0.94,-0.54,-0.16,0.39
219,2015-11-27,29.62,27.88,29.64,27.83,40132,131544687.0,6.11,-5.94,-1.76,0.58
220,2015-11-30,27.91,27.59,28.06,26.66,46557,146469007.0,5.02,-1.04,-0.29,0.67
221,2015-12-01,27.51,27.98,28.0,27.37,41563,131564823.0,2.28,1.41,0.39,0.6
222,2015-12-02,27.97,28.51,28.58,27.57,46313,149049116.0,3.61,1.89,0.53,0.67
223,2015-12-03,28.46,28.49,28.53,28.15,42388,137153265.0,1.33,-0.07,-0.02,0.61
224,2015-12-04,28.24,27.97,28.34,27.86,38409,123383363.0,1.68,-1.83,-0.52,0.55
225,2015-12-07,27.94,28.29,28.39,27.86,29340,94475851.0,1.89,1.14,0.32,0.42
226,2015-12-08,28.19,27.59,28.19,27.49,22042,70110390.0,2.47,-2.47,-0.7,0.32
227,2015-12-09,27.46,27.1,27.74,27.07,33638,105708980.0,2.43,-1.78,-0.49,0.48
228,2015-12-10,27.16,26.98,27.27,26.94,31315,97297165.0,1.22,-0.44,-0.12,0.45
229,2015-12-11,26.98,27.21,27.27,26.87,22315,69394528.0,1.48,0.85,0.23,0.32
230,2015-12-14,26.98,27.49,27.53,26.89,41863,130580077.0,2.35,1.03,0.28,0.6
231,2015-12-15,27.51,27.46,27.66,27.29,34470,108614119.0,1.35,-0.11,-0.03,0.5
232,2015-12-16,27.48,27.47,27.65,27.39,19653,62023577.0,0.95,0.04,0.01,0.28
233,2015-12-17,27.57,27.89,28.01,27.57,44681,142442679.0,1.6,1.53,0.42,0.64
234,2015-12-18,27.87,28.16,28.19,27.69,41574,132942659.0,1.79,0.97,0.27,0.6
235,2015-12-21,28.13,30.45,31.16,28.02,170083,576756208.0,11.15,8.13,2.29,2.44
236,2015-12-22,30.7,29.82,30.71,29.56,73608,249945781.0,3.78,-2.07,-0.63,1.06
237,2015-12-23,29.91,29.86,30.91,29.67,81452,279526976.0,4.16,0.13,0.04,1.17
238,2015-12-24,29.68,29.52,30.08,29.16,39311,132171912.0,3.08,-1.14,-0.34,0.56
239,2015-12-25,29.53,29.71,29.72,29.26,33834,113549966.0,1.56,0.64,0.19,0.49
240,2015-12-28,29.95,28.7,29.95,28.68,42992,143478820.0,4.27,-3.4,-1.01,0.62
241,2015-12-29,28.7,28.89,29.19,28.36,36087,118077227.0,2.89,0.66,0.19,0.52
242,2015-12-30,28.87,29.35,29.37,28.63,37361,123392462.0,2.56,1.59,0.46,0.54
243,2015-12-31,29.26,29.16,29.66,28.99,46710,155836095.0,2.28,-0.65,-0.19,0.67
244,2016-01-04,29.08,26.99,29.31,26.96,38203,122665138.0,8.06,-7.44,-2.17,0.55
245,2016-01-05,26.47,26.8,27.55,25.98,46679,144009689.0,5.82,-0.7,-0.19,0.67
246,2016-01-06,26.95,27.41,27.44,26.8,31287,97517116.0,2.39,2.28,0.61,0.45
247,2016-01-07,27.16,25.73,27.16,25.47,8253,25047056.0,6.17,-6.13,-1.68,0.12
248,2016-01-08,26.16,26.44,26.72,25.76,48907,148404201.0,3.73,2.76,0.71,0.7
249,2016-01-11,26.02,25.65,26.4,25.52,44745,134153334.0,3.33,-2.99,-0.79,0.64
250,2016-01-12,25.42,25.29,25.93,24.96,40274,118343032.0,3.78,-1.4,-0.36,0.58
251,2016-01-13,25.46,24.84,25.63,24.81,28225,82636017.0,3.24,-1.78,-0.45,0.41
252,2016-01-14,24.44,25.0,25.12,23.99,40157,114918674.0,4.55,0.64,0.16,0.58
253,2016-01-15,24.9,23.97,24.96,23.86,38694,109542357.0,4.4,-4.12,-1.03,0.56
254,2016-01-18,23.73,23.9,24.11,23.47,23306,64969376.0,2.67,-0.29,-0.07,0.33
255,2016-01-19,23.85,24.66,24.73,23.84,36215,102606076.0,3.72,3.18,0.76,0.52
256,2016-01-20,24.46,24.04,24.66,23.87,26622,75539214.0,3.2,-2.51,-0.62,0.38
257,2016-01-21,23.68,23.71,24.36,23.66,24101,67650985.0,2.91,-1.37,-0.33,0.35
258,2016-01-22,23.93,24.14,24.34,23.77,25414,71457624.0,2.4,1.81,0.43,0.37
259,2016-01-25,24.29,24.16,24.4,23.97,15136,42695197.0,1.78,0.08,0.02,0.22
260,2016-01-26,23.87,22.45,24.09,22.41,27541,75096368.0,6.95,-7.08,-1.71,0.4
261,2016-01-27,22.36,22.55,22.81,21.85,28515,75124949.0,4.28,0.45,0.1,0.41
262,2016-01-28,22.46,22.96,23.36,22.31,36510,98607850.0,4.66,1.82,0.41,0.52
263,2016-01-29,22.97,23.45,23.73,22.79,20521,56211917.0,4.09,2.13,0.49,0.29
264,2016-02-01,23.46,22.9,23.56,22.86,10959,29756104.0,2.99,-2.35,-0.55,0.16
265,2016-02-02,22.9,23.21,23.64,22.81,25945,70883797.0,3.62,1.35,0.31,0.37
266,2016-02-03,23.07,22.73,23.07,22.34,31580,84133562.0,3.15,-2.07,-0.48,0.45
267,2016-02-04,22.82,23.01,23.16,22.76,22082,59608388.0,1.76,1.23,0.28,0.32
268,2016-02-05,23.01,22.85,23.13,22.75,12085,32569982.0,1.65,-0.7,-0.16,0.17
269,2016-02-15,22.11,22.55,22.66,22.0,14015,36974390.0,2.89,-1.31,-0.3,0.2
270,2016-02-16,22.59,23.22,23.43,22.59,27794,75475934.0,3.73,2.97,0.67,0.4
271,2016-02-17,23.16,23.26,23.32,23.09,26534,72230068.0,0.99,0.17,0.04,0.38
272,2016-02-18,23.32,23.29,23.52,23.2,28107,76963986.0,1.38,0.13,0.03,0.4
273,2016-02-19,23.26,23.23,23.38,23.02,19886,54182065.0,1.55,-0.26,-0.06,0.29
274,2016-02-22,23.41,23.79,23.92,23.37,36895,102094378.0,2.37,2.41,0.56,0.53
275,2016-02-23,23.8,23.91,24.22,23.56,35993,100789818.0,2.77,0.5,0.12,0.52
276,2016-02-24,23.82,23.97,24.1,23.56,24787,69121141.0,2.26,0.25,0.06,0.36
277,2016-02-25,23.86,22.51,23.95,22.36,30190,82067175.0,6.63,-6.09,-1.46,0.43
278,2016-02-26,22.66,22.68,22.86,22.07,22110,58642497.0,3.51,0.76,0.17,0.32
279,2016-02-29,23.32,22.5,23.62,22.0,33566,89777542.0,7.14,-0.79,-0.18,0.48
280,2016-03-01,22.36,22.64,22.79,21.98,23224,61171447.0,3.6,0.62,0.14,0.33
281,2016-03-02,22.96,23.75,23.89,22.67,36348,99536667.0,5.39,4.9,1.11,0.52
282,2016-03-03,23.82,23.72,23.82,23.42,43017,119062686.0,1.68,-0.13,-0.03,0.62
283,2016-03-04,23.72,23.52,23.72,22.84,33680,92621684.0,3.71,-0.84,-0.2,0.48
284,2016-03-07,23.54,24.0,24.09,23.54,51158,142610583.0,2.34,2.04,0.48,0.74
285,2016-03-08,23.95,23.77,23.95,23.03,32715,90109103.0,3.83,-0.96,-0.23,0.47
286,2016-03-09,23.34,23.29,23.46,23.08,17935,49004210.0,1.6,-2.02,-0.48,0.26
287,2016-03-10,23.26,23.22,23.62,23.17,26930,73992297.0,1.93,-0.3,-0.07,0.39
288,2016-03-11,22.95,23.09,23.31,22.78,15219,41158719.0,2.28,-0.56,-0.13,0.22
289,2016-03-14,23.26,23.59,23.88,23.21,26751,73981976.0,2.9,2.17,0.5,0.38
290,2016-03-15,23.59,23.9,23.95,23.24,35519,98503508.0,3.01,1.31,0.31,0.51
291,2016-03-16,23.79,23.53,24.05,23.38,22206,61672141.0,2.8,-1.55,-0.37,0.32
292,2016-03-17,23.48,23.95,24.0,23.48,34379,95652866.0,2.21,1.78,0.42,0.49
293,2016-03-18,24.04,24.5,24.62,23.87,62070,175767399.0,3.13,2.3,0.55,0.89
294,2016-03-21,24.61,24.83,24.85,24.34,66501,190429243.0,2.08,1.35,0.33,0.96
295,2016-03-22,24.63,24.67,24.78,24.53,37759,108299341.0,1.01,-0.64,-0.16,0.54
296,2016-03-23,24.65,24.49,24.72,24.27,27190,77582647.0,1.82,-0.73,-0.18,0.39
297,2016-03-24,24.37,24.23,24.46,24.16,23344,66210975.0,1.22,-1.06,-0.26,0.34
298,2016-03-25,24.18,24.3,24.4,24.11,15214,43017864.0,1.2,0.29,0.07,0.22
299,2016-03-28,24.31,24.71,25.13,24.31,53627,154662892.0,3.37,1.69,0.41,0.77
300,2016-03-29,24.54,24.04,24.54,23.95,43666,122829652.0,2.39,-2.71,-0.67,0.63
301,2016-03-30,24.11,24.7,24.76,24.11,37960,108002613.0,2.7,2.75,0.66,0.55
302,2016-03-31,24.66,24.66,24.75,24.51,27678,79362615.0,0.97,-0.16,-0.04,0.4
303,2016-04-01,24.66,24.7,24.71,24.26,22192,63255018.0,1.82,0.16,0.04,0.32
304,2016-04-05,24.6,25.07,25.27,24.45,49549,143623972.0,3.32,1.5,0.37,0.71
305,2016-04-06,25.0,25.11,25.12,24.81,19425,56307174.0,1.24,0.16,0.04,0.28
306,2016-04-07,25.15,24.51,25.22,24.47,30750,88430586.0,2.99,-2.39,-0.6,0.44
307,2016-04-08,24.41,24.11,24.49,24.06,18062,51129733.0,1.75,-1.63,-0.4,0.26
308,2016-04-11,24.17,24.73,24.88,24.17,28526,81912254.0,2.94,2.57,0.62,0.41
309,2016-04-12,24.76,24.8,24.92,24.52,15168,43597458.0,1.62,0.28,0.07,0.22
310,2016-04-13,24.88,24.91,25.18,24.74,27571,80197236.0,1.77,0.44,0.11,0.4
311,2016-04-14,24.99,24.96,25.15,24.84,18016,52240040.0,1.24,0.2,0.05,0.26
312,2016-04-15,24.93,24.87,25.16,24.66,26362,76161210.0,2.0,-0.36,-0.09,0.38
313,2016-04-18,24.84,24.41,24.84,24.37,17984,51328293.0,1.89,-1.85,-0.46,0.26
314,2016-04-19,24.51,24.5,24.62,24.36,17553,49988010.0,1.07,0.37,0.09,0.25
315,2016-04-20,24.61,23.73,24.61,23.17,28756,80458717.0,5.88,-3.14,-0.77,0.41
316,2016-04-21,23.75,23.67,23.99,23.51,12061,33547022.0,2.02,-0.25,-0.06,0.17
317,2016-04-22,23.67,23.84,23.85,23.51,12158,33662576.0,1.44,0.72,0.17,0.17
318,2016-04-25,23.84,23.66,23.84,23.4,9298,25692508.0,1.85,-0.76,-0.18,0.13
319,2016-04-26,23.67,24.05,24.06,23.67,13872,38731515.0,1.65,1.65,0.39,0.2
320,2016-04-27,23.99,24.05,24.28,23.96,15015,42270466.0,1.33,0.0,0.0,0.22
321,2016-04-28,24.06,24.24,24.32,23.86,12338,34644434.0,1.91,0.79,0.19,0.18
322,2016-04-29,24.36,25.01,25.68,24.16,53651,156313234.0,6.27,3.18,0.77,0.77
323,2016-05-03,25.0,26.11,26.26,24.71,117745,351892448.0,6.2,4.4,1.1,1.69
324,2016-05-04,25.91,25.65,26.03,25.51,54105,160872735.0,1.99,-1.76,-0.46,0.78
325,2016-05-05,25.59,25.66,25.76,25.51,29671,88050743.0,0.97,0.04,0.01,0.43
326,2016-05-06,25.66,24.65,25.79,24.61,47142,137149791.0,4.6,-3.94,-1.01,0.68
327,2016-05-09,24.61,24.85,25.26,24.11,50325,145384383.0,4.67,0.81,0.2,0.72
328,2016-05-10,25.24,25.49,25.81,24.63,57279,168389517.0,4.75,2.58,0.64,0.82
329,2016-05-11,25.64,26.58,28.32,25.31,230241,713930176.0,11.81,4.28,1.09,3.31
330,2016-05-12,26.1,26.39,26.43,25.46,84314,252633326.0,3.65,-0.71,-0.19,1.21
331,2016-05-13,26.19,26.12,27.08,25.78,68846,210048823.0,4.93,-1.02,-0.27,0.99
332,2016-05-16,25.81,26.25,26.27,24.98,54421,161358456.0,4.94,0.5,0.13,0.78
333,2016-05-17,26.21,25.67,26.25,25.64,42607,127345371.0,2.32,-2.21,-0.58,0.61
334,2016-05-18,25.46,25.33,25.83,24.81,40383,118936032.0,3.97,-1.32,-0.34,0.58
335,2016-05-19,25.24,25.11,25.51,24.94,38800,113463806.0,2.25,-0.87,-0.22,0.56
336,2016-05-20,24.96,25.19,25.29,24.62,30149,87217361.0,2.67,0.32,0.08,0.43
337,2016-05-23,25.26,25.17,25.32,24.96,45107,131621539.0,1.43,-0.08,-0.02,0.65
338,2016-05-24,25.16,24.82,25.16,24.67,24260,70090507.0,1.95,-1.39,-0.35,0.35
339,2016-05-25,24.92,25.11,25.21,24.68,28781,83405491.0,2.14,1.17,0.29,0.41
340,2016-05-26,25.06,24.59,25.21,24.14,56684,161710140.0,4.26,-2.07,-0.52,0.81
341,2016-05-27,24.47,24.69,24.86,24.26,35430,101327234.0,2.44,0.41,0.1,0.51
342,2016-05-30,24.51,24.33,24.67,24.21,27171,77341710.0,1.86,-1.46,-0.36,0.39
343,2016-05-31,24.33,25.59,25.75,24.33,80161,233631126.0,5.84,5.18,1.26,1.15
344,2016-06-01,25.56,25.44,25.77,25.31,62277,183950081.0,1.8,-0.59,-0.15,0.89
345,2016-06-02,25.44,25.41,25.55,25.17,34132,100223478.0,1.49,-0.12,-0.03,0.49
346,2016-06-03,25.35,25.85,26.16,25.23,96460,287609312.0,3.66,1.73,0.44,1.39
347,2016-06-06,25.82,25.76,25.91,25.53,58304,173247834.0,1.47,-0.35,-0.09,0.84
348,2016-06-07,25.68,25.93,26.15,25.68,63546,190562878.0,1.82,0.66,0.17,0.91
349,2016-06-08,25.95,25.67,25.96,25.48,40709,120863792.0,1.85,-1.0,-0.26,0.58
350,2016-06-13,25.59,25.65,26.65,25.44,97857,295478672.0,4.71,-0.08,-0.02,1.41
351,2016-06-14,25.44,25.17,25.44,24.66,64591,187610543.0,3.04,-1.87,-0.48,0.93
352,2016-06-15,24.76,25.45,25.55,24.64,65002,190524341.0,3.62,1.11,0.28,0.93
353,2016-06-16,25.53,25.1,25.53,24.99,40320,117697356.0,2.12,-1.38,-0.35,0.58
354,2016-06-17,25.03,25.15,25.46,25.02,47661,139483557.0,1.75,0.2,0.05,0.68
355,2016-06-20,25.16,25.04,25.22,24.76,37418,108362228.0,1.83,-0.44,-0.11,0.54
356,2016-06-21,25.09,24.71,25.16,24.64,35907,103958285.0,2.08,-1.32,-0.33,0.52
357,2016-06-22,24.73,24.86,24.87,24.51,28695,82411066.0,1.46,0.61,0.15,0.41
358,2016-06-23,24.91,24.76,24.91,24.66,22679,65351666.0,1.01,-0.4,-0.1,0.33
359,2016-06-24,24.78,24.21,24.93,23.66,38974,110793426.0,5.13,-2.22,-0.55,0.56
360,2016-06-27,24.04,24.93,25.06,23.97,38672,110828999.0,4.5,2.97,0.72,0.56
361,2016-06-28,24.76,24.89,24.92,24.55,60402,173522973.0,1.48,-0.16,-0.04,0.87
362,2016-06-29,24.96,25.05,25.08,24.79,41161,119246743.0,1.17,0.64,0.16,0.59
363,2016-06-30,25.05,25.03,25.27,24.88,31187,90900311.0,1.56,-0.08,-0.02,0.45
364,2016-07-01,25.06,24.87,25.13,24.83,19906,57745285.0,1.2,-0.64,-0.16,0.29
365,2016-07-04,24.77,25.26,25.46,24.68,34650,101237037.0,3.14,1.57,0.39,0.5
366,2016-07-05,25.32,25.56,25.78,25.16,55508,164086514.0,2.45,1.19,0.3,0.8
367,2016-07-06,25.56,26.0,26.03,25.41,63804,190227341.0,2.43,1.72,0.44,0.92
368,2016-07-07,26.0,25.72,26.06,25.66,52990,158045580.0,1.54,-1.08,-0.28,0.76
369,2016-07-08,25.68,25.65,25.92,25.47,34628,102947866.0,1.75,-0.27,-0.07,0.5
370,2016-07-11,25.65,26.23,26.85,25.6,125839,381657440.0,4.87,2.26,0.58,1.81
371,2016-07-12,26.46,26.89,26.93,26.09,109448,329735440.0,3.2,2.52,0.66,1.57
372,2016-07-13,27.0,26.86,27.19,26.46,75085,227828097.0,2.71,-0.11,-0.03,1.08
373,2016-07-14,26.76,26.66,26.86,26.55,44753,135916702.0,1.15,-0.74,-0.2,0.64
374,2016-07-15,26.59,26.59,26.75,26.45,38267,115652601.0,1.13,-0.26,-0.07,0.55
375,2016-07-18,26.61,26.29,26.61,26.25,30582,91858278.0,1.35,-1.13,-0.3,0.44
376,2016-07-19,26.29,26.18,26.34,25.98,27238,81073508.0,1.37,-0.42,-0.11,0.39
377,2016-07-20,26.07,26.17,26.27,26.07,20228,60377946.0,0.76,-0.04,-0.01,0.29
378,2016-07-21,26.17,26.42,26.7,26.09,31466,94670176.0,2.33,0.96,0.25,0.45
379,2016-07-22,26.42,26.0,26.42,25.97,21723,64724395.0,1.7,-1.59,-0.42,0.31
380,2016-07-25,26.15,26.12,26.24,25.97,13927,41449255.0,1.04,0.46,0.12,0.2
381,2016-07-26,26.15,26.44,26.45,26.05,27946,83756175.0,1.53,1.23,0.32,0.4
382,2016-07-27,26.46,26.08,26.62,25.86,70375,210800775.0,2.87,-1.36,-0.36,1.01
383,2016-07-28,26.1,26.91,27.0,26.05,66342,200423886.0,3.64,3.18,0.83,0.95
384,2016-07-29,26.77,26.51,27.3,26.43,56125,171116323.0,3.23,-1.49,-0.4,0.81
385,2016-08-01,26.35,25.58,26.48,25.35,38911,114469821.0,4.26,-3.51,-0.93,0.56
386,2016-08-02,25.53,25.63,25.73,25.4,25030,73028524.0,1.29,0.2,0.05,0.36
387,2016-08-03,25.55,25.61,25.73,25.45,20684,60399975.0,1.09,-0.08,-0.02,0.3
388,2016-08-04,25.65,25.82,25.83,25.37,18060,52800516.0,1.8,0.82,0.21,0.26
389,2016-08-05,25.76,26.02,26.25,25.76,38404,114023522.0,1.9,0.77,0.2,0.55
390,2016-08-08,25.93,26.05,26.2,25.63,17262,51090800.0,2.19,0.12,0.03,0.25
391,2016-08-09,26.13,26.16,26.25,25.93,20290,60329543.0,1.23,0.42,0.11,0.29
392,2016-08-10,26.16,26.01,26.17,25.96,13457,39966341.0,0.8,-0.57,-0.15,0.19
393,2016-08-11,25.95,25.84,26.12,25.82,13935,41211634.0,1.15,-0.65,-0.17,0.2
394,2016-08-12,25.76,26.14,26.55,25.65,24735,73359447.0,3.48,1.16,0.3,0.36
395,2016-08-15,26.19,26.68,26.8,26.11,58510,176519942.0,2.64,2.07,0.54,0.84
396,2016-08-16,26.68,26.56,26.87,26.48,27434,83073820.0,1.46,-0.45,-0.12,0.39
397,2016-08-17,26.7,26.71,26.85,26.57,23668,71812073.0,1.05,0.56,0.15,0.34
398,2016-08-18,26.71,26.53,26.84,26.52,23019,69874222.0,1.2,-0.67,-0.18,0.33
399,2016-08-19,26.6,26.27,26.66,25.82,23921,71520515.0,3.17,-0.98,-0.26,0.34
400,2016-08-22,26.26,26.04,26.39,25.92,23952,71237458.0,1.79,-0.88,-0.23,0.34
401,2016-08-23,26.12,26.16,26.3,26.03,16024,47808298.0,1.04,0.46,0.12,0.23
402,2016-08-24,26.21,26.04,26.35,25.97,12275,36509936.0,1.45,-0.46,-0.12,0.18
403,2016-08-25,25.95,26.05,26.16,25.8,20374,60410834.0,1.38,0.04,0.01,0.29
404,2016-08-26,26.11,25.98,26.2,25.92,13404,39842192.0,1.07,-0.27,-0.07,0.19
405,2016-08-29,25.97,26.05,26.08,25.86,11799,34964265.0,0.85,0.27,0.07,0.17
406,2016-08-30,26.04,26.08,26.12,25.97,8526,25317247.0,0.58,0.12,0.03,0.12
407,2016-08-31,26.02,26.0,26.1,25.85,12768,37843447.0,0.96,-0.31,-0.08,0.18
408,2016-09-01,25.99,25.96,26.08,25.75,20734,61221797.0,1.27,-0.15,-0.04,0.3
409,2016-09-02,25.94,25.81,25.96,25.76,12015,35451675.0,0.77,-0.58,-0.15,0.17
410,2016-09-05,25.92,26.22,26.24,25.85,26844,79806912.0,1.51,1.59,0.41,0.39
411,2016-09-06,26.23,27.1,27.12,26.2,73355,222138938.0,3.51,3.36,0.88,1.05
412,2016-09-07,27.05,27.11,27.26,26.78,41532,127338437.0,1.77,0.04,0.01,0.6
413,2016-09-08,27.3,27.3,27.44,26.96,26837,82674262.0,1.77,0.7,0.19,0.39
414,2016-09-09,27.55,27.09,27.59,27.08,29228,90491669.0,1.87,-0.77,-0.21,0.42
415,2016-09-12,26.62,26.8,26.95,26.41,29000,88119035.0,1.99,-1.07,-0.29,0.42
416,2016-09-13,26.87,27.56,27.59,26.85,36688,113073030.0,2.76,2.84,0.76,0.53
417,2016-09-14,27.48,27.38,27.65,26.97,26650,82872084.0,2.47,-0.65,-0.18,0.38
418,2016-09-19,27.38,28.21,28.31,27.38,37588,119318135.0,3.4,3.03,0.83,0.54
419,2016-09-20,28.15,28.76,29.33,27.87,48325,156793323.0,5.18,1.95,0.55,0.69
420,2016-09-21,28.76,28.58,29.24,28.4,34337,111605677.0,2.92,-0.63,-0.18,0.49
421,2016-09-22,28.41,28.5,28.8,28.38,15426,49639485.0,1.47,-0.28,-0.08,0.22
422,2016-09-23,28.48,28.21,28.68,28.16,10332,33012673.0,1.82,-1.02,-0.29,0.15
423,2016-09-26,28.25,28.16,28.53,27.76,15501,49267913.0,2.73,-0.18,-0.05,0.22
424,2016-09-27,28.13,27.89,28.13,27.58,14148,44451974.0,1.95,-0.96,-0.27,0.2
425,2016-09-28,28.2,28.42,28.51,27.9,16269,52032117.0,2.19,1.9,0.53,0.23
426,2016-09-29,28.32,28.09,28.74,27.9,18508,59249309.0,2.96,-1.16,-0.33,0.27
427,2016-09-30,28.12,28.16,28.63,28.12,13381,42796814.0,1.82,0.25,0.07,0.19
428,2016-10-10,28.21,28.51,28.63,28.13,12009,38500783.0,1.78,1.24,0.35,0.17
429,2016-10-11,28.37,28.61,28.97,28.3,16858,54419378.0,2.35,0.35,0.1,0.24
430,2016-10-12,28.55,28.6,28.95,28.48,9799,31687753.0,1.64,-0.03,-0.01,0.14
431,2016-10-13,28.55,28.91,29.35,28.35,21646,70765027.0,3.5,1.08,0.31,0.31
432,2016-10-14,28.86,28.76,29.1,28.52,12455,40357128.0,2.01,-0.52,-0.15,0.18
433,2016-10-17,28.79,27.99,28.81,27.94,14687,46925952.0,3.03,-2.68,-0.77,0.21
434,2016-10-18,27.99,28.19,28.35,27.75,11848,37620304.0,2.14,0.71,0.2,0.17
435,2016-10-19,28.23,28.56,28.84,27.85,13125,42207292.0,3.51,1.31,0.37,0.19
436,2016-10-20,28.5,28.17,28.6,28.08,7620,24304245.0,1.82,-1.37,-0.39,0.11
437,2016-10-21,28.26,27.94,28.26,27.74,9691,30605246.0,1.85,-0.82,-0.23,0.14
438,2016-10-24,27.91,28.06,28.45,27.85,10030,31890581.0,2.15,0.43,0.12,0.14
439,2016-10-25,28.34,28.03,28.34,28.01,5518,17521737.0,1.18,-0.11,-0.03,0.08
440,2016-10-26,28.03,28.04,28.4,28.03,13536,43106422.0,1.32,0.04,0.01,0.19
441,2016-10-27,28.2,27.55,28.2,27.49,20250,63522362.0,2.53,-1.75,-0.49,0.29
442,2016-10-28,27.64,27.41,27.8,27.39,12871,40134873.0,1.49,-0.51,-0.14,0.18
443,2016-10-31,27.55,27.49,27.63,27.27,12124,37673621.0,1.31,0.29,0.08,0.17
444,2016-11-01,27.47,27.87,28.04,27.47,16385,51535602.0,2.07,1.38,0.38,0.24
445,2016-11-02,27.89,27.69,27.95,27.61,9893,31081645.0,1.22,-0.65,-0.18,0.14
446,2016-11-03,27.74,27.97,28.1,27.66,15212,48088103.0,1.59,1.01,0.28,0.22
447,2016-11-04,27.77,28.01,28.05,27.75,14290,45149273.0,1.07,0.14,0.04,0.21
448,2016-11-07,28.01,27.79,28.16,27.56,19795,62311548.0,2.14,-0.79,-0.22,0.28
449,2016-11-08,27.87,27.82,27.99,27.75,12375,38997301.0,0.86,0.11,0.03,0.18
450,2016-11-09,27.85,27.78,28.01,27.7,17385,54793844.0,1.11,-0.14,-0.04,0.25
451,2016-11-10,27.81,27.92,28.34,27.8,21501,67936880.0,1.94,0.5,0.14,0.31
452,2016-11-11,27.93,27.6,27.96,27.32,43846,136902898.0,2.29,-1.15,-0.32,0.63
453,2016-11-14,27.6,27.49,27.83,27.42,18928,59082571.0,1.49,-0.4,-0.11,0.27
454,2016-11-15,27.47,27.44,27.6,27.35,13265,41250938.0,0.91,-0.18,-0.05,0.19
455,2016-11-16,27.43,27.44,27.57,27.36,14366,44707561.0,0.77,0.0,0.0,0.21
456,2016-11-17,27.43,27.15,27.5,27.1,17549,54124629.0,1.46,-1.06,-0.29,0.25
457,2016-11-18,27.15,27.19,27.32,27.11,11848,36603146.0,0.77,0.15,0.04,0.17
458,2016-11-21,27.21,27.34,27.46,27.11,14554,45065763.0,1.29,0.55,0.15,0.21
459,2016-11-22,27.34,27.26,27.49,27.15,45174,139636082.0,1.24,-0.29,-0.08,0.65
460,2016-11-23,27.31,27.48,27.61,27.15,42761,132751792.0,1.69,0.81,0.22,0.61
461,2016-11-24,27.5,27.45,27.5,27.24,34157,105849449.0,0.95,-0.11,-0.03,0.49
462,2016-11-25,27.39,27.45,27.49,27.17,22030,68233528.0,1.17,0.0,0.0,0.32
463,2016-11-28,27.47,27.63,27.73,27.31,24999,78076082.0,1.53,0.66,0.18,0.36
464,2016-11-29,27.61,27.66,28.28,27.37,61371,193720392.0,3.29,0.11,0.03,0.88
465,2016-11-30,27.67,27.23,27.73,27.19,26890,83485166.0,1.95,-1.55,-0.43,0.39
466,2016-12-01,27.23,27.71,27.73,27.23,38534,120042159.0,1.84,1.76,0.48,0.55
467,2016-12-02,27.66,27.36,27.74,27.32,31328,97499995.0,1.52,-1.26,-0.35,0.45
468,2016-12-05,27.15,27.41,27.65,27.15,23487,73119145.0,1.83,0.18,0.05,0.34
469,2016-12-06,27.55,27.48,27.59,27.23,18294,56753434.0,1.31,0.26,0.07,0.26
470,2016-12-07,27.45,27.24,27.46,26.91,27825,85471163.0,2.0,-0.87,-0.24,0.4
471,2016-12-08,27.2,26.99,27.34,26.97,16952,52230392.0,1.36,-0.92,-0.25,0.24
472,2016-12-09,26.95,26.86,27.24,26.8,28023,85825875.0,1.63,-0.48,-0.13,0.4
473,2016-12-12,26.92,26.06,27.07,25.99,34771,104666583.0,4.02,-2.98,-0.8,0.5
474,2016-12-13,26.09,26.21,26.35,25.71,24578,72714086.0,2.46,0.58,0.15,0.35
475,2016-12-14,26.2,26.13,27.23,26.1,22514,67386644.0,4.31,-0.31,-0.08,0.32
476,2016-12-15,26.06,26.08,26.3,25.85,20901,62099290.0,1.72,-0.19,-0.05,0.3
477,2016-12-16,25.95,26.17,26.27,25.87,10590,31546551.0,1.53,0.35,0.09,0.15
478,2016-12-19,26.25,26.05,26.28,25.93,18698,55634531.0,1.34,-0.46,-0.12,0.27
479,2016-12-20,26.04,25.45,26.04,25.15,30978,90208444.0,3.42,-2.3,-0.6,0.45
480,2016-12-21,25.45,25.43,25.69,25.35,23414,68233758.0,1.34,-0.08,-0.02,0.34
481,2016-12-22,25.48,25.63,25.63,25.4,13456,39254339.0,0.9,0.79,0.2,0.19
482,2016-12-23,25.63,25.32,25.71,25.3,10310,30058306.0,1.6,-1.21,-0.31,0.15
483,2016-12-26,25.35,25.52,25.57,25.16,12816,37170283.0,1.62,0.79,0.2,0.18
484,2016-12-27,25.53,25.56,25.64,25.45,10068,29418648.0,0.74,0.16,0.04,0.14
485,2016-12-28,25.6,25.63,25.69,25.48,9062,26505963.0,0.82,0.27,0.07,0.13
486,2016-12-29,25.63,25.59,25.8,25.44,11439,33452562.0,1.4,-0.16,-0.04,0.16
487,2016-12-30,25.65,25.79,25.97,25.6,16552,48721827.0,1.45,0.78,0.2,0.24
488,2017-01-03,25.85,26.01,26.15,25.63,25375,75191208.0,2.02,0.85,0.22,0.36
489,2017-01-04,26.0,26.03,26.12,25.85,16930,50229123.0,1.04,0.08,0.02,0.24
490,2017-01-05,26.03,25.95,26.18,25.9,25884,76877213.0,1.08,-0.31,-0.08,0.37
491,2017-01-06,25.97,25.78,26.04,25.75,15418,45436037.0,1.12,-0.66,-0.17,0.22
492,2017-01-09,25.82,26.1,26.14,25.82,18905,56081144.0,1.24,1.24,0.32,0.27
493,2017-01-10,26.2,25.89,26.2,25.81,12195,36136204.0,1.49,-0.8,-0.21,0.18
494,2017-01-11,25.85,25.83,26.03,25.77,7462,22047310.0,1.0,-0.23,-0.06,0.11
495,2017-01-12,25.92,25.7,25.92,25.67,7284,21444016.0,0.97,-0.5,-0.13,0.1
496,2017-01-13,25.65,26.19,26.33,25.41,27604,81459633.0,3.58,1.91,0.49,0.4
497,2017-01-16,26.03,26.75,26.82,25.73,80320,240785884.0,4.16,2.14,0.56,1.15
498,2017-01-17,26.43,26.21,26.5,26.03,25883,77181643.0,1.76,-2.02,-0.54,0.37
499,2017-01-18,26.2,26.25,26.5,26.01,20878,62406893.0,1.87,0.15,0.04,0.3
500,2017-01-19,26.15,26.02,26.25,25.98,10953,32580089.0,1.03,-0.88,-0.23,0.16
501,2017-01-20,26.15,26.64,26.71,26.15,23286,70305762.0,2.15,2.38,0.62,0.33
502,2017-01-23,26.51,27.02,27.05,26.47,18239,55645155.0,2.18,1.43,0.38,0.26
503,2017-01-24,27.05,26.99,27.22,26.77,15424,47208500.0,1.67,-0.11,-0.03,0.22
504,2017-01-25,27.05,27.33,27.53,26.81,26059,80668009.0,2.67,1.26,0.34,0.37
505,2017-01-26,27.34,28.34,28.45,27.34,41134,129787583.0,4.06,3.7,1.01,0.59
506,2017-02-03,28.26,28.62,29.1,27.74,37317,119766521.0,4.8,0.99,0.28,0.54
507,2017-02-06,28.58,29.06,29.4,28.45,49772,162495996.0,3.32,1.54,0.44,0.72
508,2017-02-07,29.06,28.86,29.06,28.14,40321,130300543.0,3.17,-0.69,-0.2,0.58
509,2017-02-08,28.7,29.58,29.63,28.47,27488,89947936.0,4.02,2.49,0.72,0.39
510,2017-02-09,29.68,30.0,30.61,29.32,68765,232030194.0,4.36,1.42,0.42,0.99
511,2017-02-10,29.66,29.63,29.89,29.33,26184,86935028.0,1.87,-1.23,-0.37,0.38
512,2017-02-13,29.53,29.23,29.83,29.1,42134,138940475.0,2.46,-1.35,-0.4,0.61
513,2017-02-14,29.18,29.33,29.55,29.1,15964,52667620.0,1.54,0.34,0.1,0.23
514,2017-02-15,29.16,29.12,29.44,28.75,29955,97915095.0,2.35,-0.72,-0.21,0.43
515,2017-02-16,29.0,29.09,29.23,28.79,12791,41824590.0,1.51,-0.1,-0.03,0.18
516,2017-02-17,29.09,29.24,29.29,28.66,15995,52247094.0,2.17,0.52,0.15,0.23
517,2017-02-20,29.24,29.79,29.95,29.13,34014,112645761.0,2.8,1.88,0.55,0.49
518,2017-02-21,29.8,29.77,30.2,29.71,19926,67106792.0,1.64,-0.07,-0.02,0.29
519,2017-02-22,29.79,29.94,30.0,29.34,26078,87173712.0,2.22,0.57,0.17,0.37
520,2017-02-23,30.0,29.93,30.14,29.77,9840,33011804.0,1.24,-0.03,-0.01,0.14
521,2017-02-24,29.83,29.43,29.92,29.22,18891,62562502.0,2.34,-1.67,-0.5,0.27
522,2017-02-27,29.45,29.26,29.59,29.15,11945,39454112.0,1.5,-0.58,-0.17,0.17
523,2017-02-28,29.26,29.44,29.54,29.15,10253,33894155.0,1.33,0.62,0.18,0.15
524,2017-03-01,29.28,29.63,29.89,29.28,29385,97832094.0,2.07,0.65,0.19,0.42
525,2017-03-02,29.66,29.25,29.7,29.17,9142,30162424.0,1.79,-1.28,-0.38,0.13
526,2017-03-03,29.24,29.29,29.49,29.05,10936,35976771.0,1.5,0.14,0.04,0.16
527,2017-03-06,29.28,29.24,30.05,29.03,20923,69174206.0,3.48,-0.17,-0.05,0.3
528,2017-03-07,29.15,29.22,29.32,28.89,12483,40870151.0,1.47,-0.07,-0.02,0.18
529,2017-03-08,29.2,29.39,29.43,28.98,13027,42775071.0,1.54,0.58,0.17,0.19
530,2017-03-09,29.34,29.1,29.34,28.86,15092,49413195.0,1.63,-0.99,-0.29,0.22
531,2017-03-10,29.03,29.54,29.7,28.91,14575,48198820.0,2.71,1.51,0.44,0.21
532,2017-03-13,29.7,29.79,30.0,29.52,26086,87235199.0,1.62,0.85,0.25,0.37
533,2017-03-14,29.76,29.36,29.94,29.13,17088,56652142.0,2.72,-1.44,-0.43,0.25
534,2017-03-15,29.35,29.15,29.43,28.75,26753,87481625.0,2.32,-0.72,-0.21,0.38
535,2017-03-16,29.17,29.01,29.35,28.94,23520,76872424.0,1.41,-0.48,-0.14,0.34
536,2017-03-17,29.1,28.92,29.17,28.86,21472,70042736.0,1.07,-0.31,-0.09,0.31
537,2017-03-20,28.87,29.08,29.23,28.85,17808,58118442.0,1.31,0.55,0.16,0.26
538,2017-03-21,29.09,30.05,30.21,29.01,35727,118892707.0,4.13,3.34,0.97,0.51
539,2017-03-22,29.15,29.81,29.84,29.15,35033,116275053.0,2.3,-0.8,-0.24,0.5
540,2017-03-23,29.63,29.64,29.8,29.43,20977,69680251.0,1.24,-0.57,-0.17,0.3
541,2017-03-24,29.71,30.39,30.47,29.3,38947,131393396.0,3.95,2.53,0.75,0.56
542,2017-03-27,30.36,30.65,31.01,30.16,52627,181103269.0,2.8,0.86,0.26,0.76
543,2017-03-28,30.55,30.34,30.65,30.2,15378,52260468.0,1.47,-1.01,-0.31,0.22
544,2017-03-29,30.29,29.91,30.37,29.85,12605,42498715.0,1.71,-1.42,-0.43,0.18
545,2017-03-30,29.94,29.18,30.05,28.99,15944,52582422.0,3.54,-2.44,-0.73,0.23
546,2017-03-31,29.05,29.11,29.51,29.05,12982,42754411.0,1.58,-0.24,-0.07,0.19
547,2017-04-05,29.1,29.24,29.46,28.88,17309,56807383.0,1.99,0.45,0.13,0.25
548,2017-04-06,29.05,28.85,29.24,28.79,16113,52570128.0,1.54,-1.33,-0.39,0.23
549,2017-04-07,28.8,28.91,29.04,28.66,19617,63814093.0,1.32,0.21,0.06,0.28
550,2017-04-10,28.93,28.32,28.93,28.31,16716,53618587.0,2.14,-2.04,-0.59,0.24
551,2017-04-11,28.32,28.44,28.55,27.86,15540,49348688.0,2.44,0.42,0.12,0.22
552,2017-04-12,28.35,28.55,28.6,27.99,16336,52360534.0,2.14,0.39,0.11,0.23
553,2017-04-13,28.55,29.2,29.27,28.46,20299,66097536.0,2.84,2.28,0.65,0.29
554,2017-04-14,29.21,29.07,29.25,28.78,10126,33154015.0,1.61,-0.45,-0.13,0.15
555,2017-04-17,29.07,28.98,29.32,28.77,7451,24347445.0,1.89,-0.31,-0.09,0.11
556,2017-04-18,29.08,29.35,29.47,28.86,17994,59257005.0,2.1,1.28,0.37,0.26
557,2017-04-19,29.32,29.05,29.35,28.25,12938,42112550.0,3.75,-1.02,-0.3,0.19
558,2017-04-20,28.95,29.51,29.68,28.85,24899,82148059.0,2.86,1.58,0.46,0.36
559,2017-04-21,29.45,29.89,29.9,29.06,27821,92682772.0,2.85,1.29,0.38,0.4
560,2017-04-24,29.89,29.34,29.93,28.57,19194,62779534.0,4.55,-1.84,-0.55,0.28
561,2017-04-25,29.14,29.81,29.84,28.77,22411,74431226.0,3.65,1.6,0.47,0.32
562,2017-04-26,29.7,29.1,29.95,28.85,21019,69154552.0,3.69,-2.38,-0.71,0.3
563,2017-04-27,28.87,28.57,28.96,28.06,24211,77512214.0,3.09,-1.82,-0.53,0.35
564,2017-04-28,28.44,28.34,28.67,28.1,20493,65440830.0,2.0,-0.81,-0.23,0.29
565,2017-05-02,28.38,28.37,28.55,28.15,10099,32317365.0,1.41,0.11,0.03,0.15
566,2017-05-03,28.26,27.52,28.35,27.48,19309,60698338.0,3.07,-3.0,-0.85,0.28
567,2017-05-04,27.59,27.72,28.1,27.44,21193,66723352.0,2.4,0.73,0.2,0.3
568,2017-05-05,27.68,27.8,28.1,27.68,14520,45794633.0,1.52,0.29,0.08,0.21
569,2017-05-08,27.8,27.76,28.0,27.63,8038,25250471.0,1.33,-0.14,-0.04,0.12
570,2017-05-09,27.76,27.54,27.92,27.25,5920,18455168.0,2.41,-0.79,-0.22,0.09
571,2017-05-10,27.6,27.62,27.91,27.51,7564,23742900.0,1.45,0.29,0.08,0.11
572,2017-05-11,27.61,27.76,27.81,27.3,11727,36589751.0,1.85,0.51,0.14,0.17
573,2017-05-12,27.75,27.85,27.9,27.5,5659,17768896.0,1.44,0.32,0.09,0.08
574,2017-05-15,27.88,28.21,28.27,27.75,9210,29296395.0,1.87,1.29,0.36,0.13
575,2017-05-16,28.21,28.21,28.3,27.93,12819,40775355.0,1.31,0.0,0.0,0.18
576,2017-05-17,28.24,28.23,28.41,28.0,8194,26111311.0,1.45,0.07,0.02,0.12
577,2017-05-18,28.14,28.42,28.75,27.86,10440,33411976.0,3.15,0.67,0.19,0.15
578,2017-05-19,28.21,28.57,28.68,28.21,7705,24763493.0,1.65,0.53,0.15,0.11
579,2017-05-22,28.5,29.03,29.48,28.36,21923,71640961.0,3.92,1.61,0.46,0.32
580,2017-05-23,29.15,28.78,29.25,28.75,18289,59743588.0,1.72,-0.86,-0.25,0.26
581,2017-05-24,28.65,28.24,28.74,27.67,10275,32600765.0,3.72,-1.88,-0.54,0.15
582,2017-05-25,28.09,30.73,30.75,28.07,42944,143287461.0,9.49,8.82,2.49,0.62
583,2017-05-26,30.65,29.93,30.66,29.87,30738,103852894.0,2.57,-2.6,-0.8,0.44
584,2017-05-31,30.21,29.52,30.21,29.03,33897,112528047.0,3.94,-1.37,-0.41,0.49
585,2017-06-01,29.35,29.49,29.84,29.1,22742,75365505.0,2.51,-0.1,-0.03,0.33
586,2017-06-02,29.26,29.31,29.74,29.1,21926,72464148.0,2.17,-0.61,-0.18,0.32
587,2017-06-05,29.31,30.0,30.16,29.26,25023,83888083.0,3.07,2.35,0.69,0.36
588,2017-06-06,29.85,29.49,29.9,29.11,18782,62074859.0,2.63,-1.7,-0.51,0.27
589,2017-06-07,29.37,29.79,29.8,29.33,22643,75194997.0,1.59,1.02,0.3,0.33
590,2017-06-08,29.8,30.63,30.65,29.58,40413,136511030.0,3.59,2.82,0.84,0.58
591,2017-06-09,30.47,31.52,31.64,30.36,80962,282320048.0,4.18,2.91,0.89,1.16
592,2017-06-12,31.33,31.15,32.15,31.02,57794,203288318.0,3.59,-1.17,-0.37,0.83
593,2017-06-13,31.04,30.94,31.3,30.7,36092,124621176.0,1.93,-0.67,-0.21,0.52
594,2017-06-14,30.96,30.66,31.24,30.53,26468,91379503.0,2.29,-0.9,-0.28,0.38
595,2017-06-15,30.51,30.95,30.98,30.51,15380,52968506.0,1.53,0.95,0.29,0.22
596,2017-06-16,30.95,30.33,31.0,30.15,20522,69952108.0,2.75,-2.0,-0.62,0.29
597,2017-06-19,30.35,30.26,30.53,30.07,29002,98194948.0,1.52,-0.23,-0.07,0.42
598,2017-06-20,30.33,30.31,30.48,30.14,18596,63158275.0,1.12,0.17,0.05,0.27
599,2017-06-21,30.45,31.01,31.03,29.93,33973,115913434.0,3.63,2.31,0.7,0.49
600,2017-06-22,30.86,30.29,30.9,30.21,35747,122622970.0,2.23,-2.32,-0.72,0.51
601,2017-06-23,30.32,30.55,30.65,29.83,29394,99443968.0,2.71,0.86,0.26,0.42
602,2017-06-26,30.55,31.1,31.53,30.55,52987,184535874.0,3.21,1.8,0.55,0.76
603,2017-06-27,31.04,31.24,31.3,30.83,40231,139986122.0,1.51,0.45,0.14,0.58
604,2017-06-28,31.15,30.77,31.23,30.62,21312,73473442.0,1.95,-1.5,-0.47,0.31
605,2017-06-29,30.77,31.34,31.5,30.75,34635,120774755.0,2.44,1.85,0.57,0.5
606,2017-06-30,31.27,31.45,31.64,30.86,34045,119096203.0,2.49,0.35,0.11,0.49
607,2017-07-03,31.47,31.14,31.49,30.9,30569,106106075.0,1.88,-0.99,-0.31,0.44
608,2017-07-04,31.07,30.31,31.07,30.26,35904,122651179.0,2.6,-2.67,-0.83,0.52
609,2017-07-05,30.08,30.31,30.42,29.98,24509,83044251.0,1.45,0.0,0.0,0.35
610,2017-07-06,30.33,29.91,30.36,29.65,33206,111538725.0,2.34,-1.32,-0.4,0.48
611,2017-07-07,29.9,29.95,30.03,29.69,16865,56566825.0,1.14,0.13,0.04,0.24
612,2017-07-10,30.02,30.03,30.09,29.73,17934,60203625.0,1.2,0.27,0.08,0.26
613,2017-07-11,30.03,30.1,30.44,29.93,26893,91018346.0,1.7,0.23,0.07,0.39
614,2017-07-12,30.22,29.73,30.22,29.46,24479,81732009.0,2.52,-1.23,-0.37,0.35
615,2017-07-13,29.73,29.62,29.84,29.55,19096,63626090.0,0.98,-0.37,-0.11,0.27
616,2017-07-14,29.66,29.72,29.93,29.5,23453,78036099.0,1.45,0.34,0.1,0.34
617,2017-07-17,29.62,28.47,29.69,28.46,32673,106297591.0,4.14,-4.21,-1.25,0.47
618,2017-07-18,28.45,28.69,28.75,28.35,22298,71798771.0,1.4,0.77,0.22,0.32
619,2017-07-19,28.75,29.44,29.49,28.71,40631,133244459.0,2.72,2.61,0.75,0.58
620,2017-07-20,29.34,29.29,29.54,29.15,24507,80742977.0,1.32,-0.51,-0.15,0.35
621,2017-07-21,29.23,29.19,29.28,29.01,16418,53882883.0,0.92,-0.34,-0.1,0.24
622,2017-07-24,29.06,29.44,29.7,29.06,23708,78425322.0,2.19,0.86,0.25,0.34
623,2017-07-25,29.85,29.45,29.85,29.31,22719,75283869.0,1.83,0.03,0.01,0.33
624,2017-07-26,29.54,29.66,29.7,29.37,25978,86441366.0,1.12,0.71,0.21,0.37
625,2017-07-27,29.6,29.87,29.92,29.53,19854,66395593.0,1.31,0.71,0.21,0.29
626,2017-07-28,29.7,29.81,30.12,29.6,16149,53474952.0,1.74,-0.2,-0.06,0.23
627,2017-07-31,29.85,30.09,30.14,29.47,31978,105979570.0,2.25,0.94,0.28,0.46
628,2017-08-01,30.05,29.97,30.05,29.72,23291,77207818.0,1.1,-0.4,-0.12,0.33
629,2017-08-02,30.0,29.47,30.03,29.46,22044,72882304.0,1.9,-1.67,-0.5,0.32
630,2017-08-03,29.41,29.26,29.63,29.15,10750,35065658.0,1.63,-0.71,-0.21,0.15
631,2017-08-04,29.28,29.23,29.52,29.21,8161,26639207.0,1.06,-0.1,-0.03,0.12
632,2017-08-07,29.25,29.46,29.46,28.96,11544,37514579.0,1.71,0.79,0.23,0.17
633,2017-08-08,29.43,29.27,29.49,29.19,10758,35064437.0,1.02,-0.64,-0.19,0.15
634,2017-08-09,29.28,29.72,29.78,29.11,22258,73272101.0,2.29,1.54,0.45,0.32
635,2017-08-10,29.7,29.35,30.28,29.27,38040,126046353.0,3.4,-1.24,-0.37,0.55
636,2017-08-11,29.25,28.57,29.25,28.54,22703,72915577.0,2.42,-2.66,-0.78,0.33
637,2017-08-14,28.56,28.78,29.02,28.55,13276,42720979.0,1.65,0.74,0.21,0.19
638,2017-08-15,28.99,28.74,29.1,28.65,11712,37671932.0,1.56,-0.14,-0.04,0.17
639,2017-08-16,28.62,28.84,28.93,28.62,9233,29659504.0,1.08,0.35,0.1,0.13
640,2017-08-17,28.9,28.98,29.01,28.8,10444,33641277.0,0.73,0.49,0.14,0.15
641,2017-08-18,28.97,29.12,29.18,28.8,11244,36300141.0,1.31,0.48,0.14,0.16
642,2017-08-21,29.01,29.05,29.19,29.0,11124,36017806.0,0.65,-0.24,-0.07,0.16
643,2017-08-22,29.05,29.15,29.16,28.71,16744,53985269.0,1.55,0.34,0.1,0.24
644,2017-08-23,28.98,28.8,29.13,28.75,10100,32479640.0,1.3,-1.2,-0.35,0.15
645,2017-08-24,28.79,28.63,28.87,28.61,7407,23726982.0,0.9,-0.59,-0.17,0.11
646,2017-08-25,28.7,28.87,28.97,28.62,11014,35433561.0,1.22,0.84,0.24,0.16
647,2017-08-28,28.9,29.05,29.11,28.79,14727,47555183.0,1.11,0.62,0.18,0.21
648,2017-08-29,28.97,29.04,29.28,28.95,11297,36640641.0,1.14,-0.03,-0.01,0.16
649,2017-08-30,29.0,29.04,29.19,28.99,9242,29924813.0,0.69,0.0,0.0,0.13
650,2017-08-31,29.2,28.76,29.2,28.61,18035,57861636.0,2.03,-0.96,-0.28,0.26
651,2017-09-01,28.75,28.8,28.86,28.63,13362,42796647.0,0.8,0.14,0.04,0.19
652,2017-09-04,28.81,28.71,28.82,28.61,14530,46480205.0,0.73,-0.31,-0.09,0.21
653,2017-09-05,28.71,28.73,28.81,28.5,16354,52225389.0,1.08,0.07,0.02,0.24
654,2017-09-06,28.73,28.78,28.8,28.59,8183,26207530.0,0.73,0.17,0.05,0.12
655,2017-09-07,28.78,28.59,28.86,28.54,11481,36711421.0,1.11,-0.66,-0.19,0.16
656,2017-09-08,28.62,28.52,28.67,28.47,10356,32977190.0,0.7,-0.24,-0.07,0.15
657,2017-09-11,28.55,28.37,28.58,28.3,15758,49967816.0,0.98,-0.53,-0.15,0.23
658,2017-09-12,28.13,28.19,28.33,28.12,14078,44330630.0,0.74,-0.63,-0.18,0.2
659,2017-09-13,28.19,28.3,28.44,28.15,13685,43244598.0,1.03,0.39,0.11,0.2
660,2017-09-14,28.3,28.1,28.31,28.07,14133,44456958.0,0.85,-0.71,-0.2,0.2
661,2017-09-15,28.2,27.97,28.2,27.9,16153,50512766.0,1.07,-0.46,-0.13,0.23
662,2017-09-18,27.93,28.33,28.33,27.9,20783,65387099.0,1.54,1.29,0.36,0.3
663,2017-09-19,28.29,28.0,28.33,27.98,21054,66073710.0,1.24,-1.16,-0.33,0.3
664,2017-09-20,27.99,28.17,28.3,27.98,30891,97167002.0,1.14,0.61,0.17,0.44
665,2017-09-21,28.19,27.68,28.19,27.66,27430,85597079.0,1.88,-1.74,-0.49,0.39
666,2017-09-22,27.69,27.49,27.77,27.3,22219,68389840.0,1.7,-0.69,-0.19,0.32
667,2017-09-25,27.47,27.29,27.47,27.26,20347,62316075.0,0.76,-0.73,-0.2,0.29
668,2017-09-26,27.29,27.21,27.39,27.11,12630,38575033.0,1.03,-0.29,-0.08,0.18
669,2017-09-27,27.15,27.26,27.34,27.07,13582,41402058.0,0.99,0.18,0.05,0.2
670,2017-09-28,27.26,27.29,27.4,27.1,15875,48470717.0,1.1,0.11,0.03,0.23
671,2017-09-29,27.29,27.51,27.55,27.21,14810,45567692.0,1.25,0.81,0.22,0.21
672,2017-10-09,27.61,27.8,27.96,27.61,33488,104215261.0,1.27,1.05,0.29,0.48
673,2017-10-10,27.87,27.89,27.98,27.8,25154,78480397.0,0.65,0.32,0.09,0.36
674,2017-10-11,27.88,28.14,28.4,27.82,35227,110875078.0,2.08,0.9,0.25,0.51
675,2017-10-12,27.95,27.99,28.35,27.86,28989,90959385.0,1.74,-0.53,-0.15,0.42
676,2017-10-13,28.7,29.55,30.3,28.7,145282,478217696.0,5.72,5.57,1.56,2.09
677,2017-10-16,29.38,29.3,29.69,28.9,50134,163497544.0,2.67,-0.85,-0.25,0.72
678,2017-10-17,29.28,28.8,29.28,28.71,25968,83667277.0,1.95,-1.71,-0.5,0.37
679,2017-10-18,28.84,28.73,29.05,28.63,23289,74689235.0,1.46,-0.24,-0.07,0.33
680,2017-10-19,28.79,29.35,29.73,28.4,44562,144249087.0,4.63,2.16,0.62,0.64
681,2017-10-20,29.16,28.92,29.26,28.58,20419,65806256.0,2.32,-1.47,-0.43,0.29
682,2017-10-23,28.81,29.12,29.24,28.78,20850,67458898.0,1.59,0.69,0.2,0.3
683,2017-10-24,29.25,29.18,29.5,28.86,19180,62321167.0,2.2,0.21,0.06,0.28
684,2017-10-25,29.18,28.99,29.26,28.74,21942,70762426.0,1.78,-0.65,-0.19,0.32
685,2017-10-26,29.05,29.14,29.6,29.05,29001,94638684.0,1.9,0.52,0.15,0.42
686,2017-10-27,29.2,29.5,29.55,28.95,33119,108045116.0,2.06,1.24,0.36,0.48
687,2017-10-30,29.49,30.21,30.28,28.95,57512,190196873.0,4.51,2.41,0.71,0.83
688,2017-10-31,29.85,31.27,31.46,29.71,77727,264640900.0,5.79,3.51,1.06,1.12
689,2017-11-01,31.08,30.83,31.58,30.5,57610,197078708.0,3.45,-1.41,-0.44,0.83
690,2017-11-02,30.57,30.64,30.88,30.38,20040,67989041.0,1.62,-0.62,-0.19,0.29
691,2017-11-03,30.69,30.15,31.16,30.03,28897,97691051.0,3.69,-1.6,-0.49,0.42
692,2017-11-06,30.23,30.65,30.68,29.59,53678,179345928.0,3.62,1.66,0.5,0.77
693,2017-11-07,30.4,31.78,32.0,30.4,73750,256866832.0,5.22,3.69,1.13,1.06
694,2017-11-08,31.58,31.17,31.76,31.0,36570,126923606.0,2.39,-1.92,-0.61,0.53
695,2017-11-09,31.17,31.49,31.58,30.61,31938,109774456.0,3.11,1.03,0.32,0.46
696,2017-11-10,31.32,32.26,32.3,31.1,73625,258923997.0,3.81,2.45,0.77,1.06
697,2017-11-13,32.1,31.94,32.5,31.8,38513,136277504.0,2.17,-0.99,-0.32,0.55
698,2017-11-14,31.96,31.37,32.0,31.2,32342,112403788.0,2.5,-1.78,-0.57,0.46
699,2017-11-15,31.21,30.9,31.48,30.51,31475,107661606.0,3.09,-1.5,-0.47,0.45
700,2017-11-16,30.87,31.39,31.56,30.7,31586,109180275.0,2.78,1.59,0.49,0.45
701,2017-11-17,31.29,29.47,31.29,28.63,45343,152112728.0,8.47,-6.12,-1.92,0.65
702,2017-11-20,29.65,29.89,30.29,29.0,49369,163268282.0,4.38,1.43,0.42,0.71
703,2017-11-21,29.79,30.34,30.57,29.74,41358,139075605.0,2.78,1.51,0.45,0.59
704,2017-11-22,30.55,30.05,30.75,29.9,36596,122968651.0,2.8,-0.96,-0.29,0.53
705,2017-11-23,30.01,28.95,30.2,28.89,34303,112439090.0,4.36,-3.66,-1.1,0.49
706,2017-11-24,28.86,28.72,29.05,28.45,19881,63703973.0,2.07,-0.79,-0.23,0.29
707,2017-11-27,28.6,27.87,28.87,27.7,39382,123183853.0,4.07,-2.96,-0.85,0.57
708,2017-11-28,27.85,27.91,28.0,27.59,34838,108378130.0,1.47,0.14,0.04,0.5
709,2017-11-29,27.82,27.59,28.0,27.38,35243,108731337.0,2.22,-1.15,-0.32,0.51
710,2017-11-30,27.59,27.38,27.74,27.3,21162,65266238.0,1.59,-0.76,-0.21,0.3
711,2017-12-01,27.41,27.48,27.66,27.41,26005,80210482.0,0.91,0.37,0.1,0.37
712,2017-12-04,27.65,27.95,28.23,27.65,37164,116333983.0,2.11,1.71,0.47,0.53
713,2017-12-05,28.0,27.6,28.27,27.55,35466,110948886.0,2.58,-1.25,-0.35,0.51
714,2017-12-06,27.64,27.91,27.93,27.45,22166,68554657.0,1.74,1.12,0.31,0.32
715,2017-12-07,27.8,27.9,28.08,27.71,26062,81340417.0,1.33,-0.04,-0.01,0.37
716,2017-12-08,27.99,28.31,28.34,27.93,28499,89670051.0,1.47,1.47,0.41,0.41
717,2017-12-11,28.32,28.85,28.88,28.28,40305,128905451.0,2.12,1.91,0.54,0.58
718,2017-12-12,28.85,28.69,29.12,28.51,29395,94493786.0,2.11,-0.55,-0.16,0.42
719,2017-12-13,28.67,31.08,31.38,28.67,96623,326283200.0,9.45,8.33,2.39,1.39
720,2017-12-14,31.3,31.92,32.69,31.13,130364,459220768.0,5.02,2.7,0.84,1.87
721,2017-12-15,32.11,32.41,32.87,31.81,111128,395526848.0,3.32,1.54,0.49,1.6
722,2017-12-18,32.38,32.3,32.76,31.56,55471,196326668.0,3.7,-0.34,-0.11,0.8
723,2017-12-19,32.25,32.3,32.44,32.02,57055,202891027.0,1.3,0.0,0.0,0.82
724,2017-12-20,32.43,33.25,33.86,32.07,121928,442836624.0,5.54,2.94,0.95,1.75
725,2017-12-21,32.19,32.7,33.05,31.81,110386,396329712.0,3.73,-1.65,-0.55,1.59
726,2017-12-22,32.45,35.49,36.2,32.29,127599,481571984.0,11.96,8.53,2.79,1.83
727,2017-12-25,35.48,37.48,38.9,35.48,129841,529353904.0,9.64,5.61,1.99,1.87
728,2017-12-26,37.79,37.7,38.1,36.38,102944,414766240.0,4.59,0.59,0.22,1.48
729,2017-12-27,37.21,36.51,37.6,36.11,88433,354798832.0,3.95,-3.16,-1.19,1.27
730,2017-12-28,36.27,36.45,37.2,36.1,79964,317747104.0,3.01,-0.16,-0.06,1.15
731,2017-12-29,36.48,36.03,36.87,35.76,66282,261838234.0,3.05,-1.15,-0.42,0.95
732,2018-01-02,36.2,36.34,36.6,35.64,62567,247146470.0,2.66,0.86,0.31,0.9
733,2018-01-03,36.42,36.09,36.45,35.35,94273,368201152.0,3.03,-0.69,-0.25,1.35
734,2018-01-04,35.94,36.55,36.75,35.6,116359,460960048.0,3.19,1.27,0.46,1.67
735,2018-01-05,39.05,40.54,40.54,39.05,221757,962386224.0,4.08,10.92,3.99,3.19
736,2018-01-08,39.45,38.72,39.9,38.2,142886,602651856.0,4.19,-4.49,-1.82,2.05
737,2018-01-09,38.69,39.27,40.2,38.31,107862,461103312.0,4.88,1.42,0.55,1.55
738,2018-01-10,38.9,39.51,40.2,38.1,84914,359969008.0,5.35,0.61,0.24,1.22
739,2018-01-11,39.1,39.23,39.88,38.55,52261,221385673.0,3.37,-0.71,-0.28,0.75
740,2018-01-12,39.09,38.92,39.09,38.23,47475,199393796.0,2.19,-0.79,-0.31,0.68
741,2018-01-15,38.82,39.5,40.5,38.82,85987,370232992.0,4.32,1.49,0.58,1.24
742,2018-01-16,39.9,40.93,42.92,39.9,138010,614447664.0,7.65,3.62,1.43,1.98
743,2018-01-17,40.7,39.89,40.8,39.0,83611,361452048.0,4.4,-2.54,-1.04,1.2
744,2018-01-18,39.67,39.78,40.35,39.0,71230,306052240.0,3.38,-0.28,-0.11,1.02
745,2018-01-19,39.33,38.35,39.67,37.15,130772,544013776.0,6.33,-3.59,-1.43,1.88
746,2018-01-22,37.95,38.19,38.34,37.57,98481,405977920.0,2.01,-0.42,-0.16,1.42
747,2018-01-23,38.23,37.7,38.58,37.2,101434,416787120.0,3.61,-1.28,-0.49,1.46
748,2018-01-24,37.59,37.77,38.3,37.26,85799,352954816.0,2.76,0.19,0.07,1.23
749,2018-01-25,37.6,37.5,37.97,37.0,61714,251197585.0,2.57,-0.71,-0.27,0.89
750,2018-01-26,37.59,37.78,38.67,37.36,96532,399506784.0,3.49,0.75,0.28,1.39
751,2018-01-29,37.81,35.96,38.14,35.53,89923,358227696.0,6.91,-4.82,-1.82,1.29
752,2018-01-30,35.65,35.64,36.07,35.3,50733,197946627.0,2.14,-0.89,-0.32,0.73
753,2018-01-31,35.72,36.59,36.8,35.64,64465,255220512.0,3.25,2.67,0.95,0.93
754,2018-02-01,36.25,35.0,36.55,34.2,70534,271702544.0,6.42,-4.35,-1.59,1.01
755,2018-02-02,34.98,36.86,37.17,34.35,61044,238705631.0,8.06,5.31,1.86,0.88
756,2018-02-05,35.85,36.33,36.45,35.0,87597,341256320.0,3.93,-1.44,-0.53,1.26
757,2018-02-06,35.22,34.72,35.58,33.7,77641,295921616.0,5.17,-4.43,-1.61,1.12
758,2018-02-07,35.36,34.11,35.5,34.03,57815,219454072.0,4.23,-1.76,-0.61,0.83
759,2018-02-08,33.7,34.18,34.5,33.34,44385,165878398.0,3.4,0.21,0.07,0.64
760,2018-02-09,33.09,32.44,33.34,31.78,61051,219703479.0,4.56,-5.09,-1.74,0.88
761,2018-02-12,32.69,33.45,33.67,32.56,32956,120567160.0,3.42,3.11,1.01,0.47
762,2018-02-13,33.73,34.02,34.8,33.73,35057,131683601.0,3.2,1.7,0.57,0.5
763,2018-02-14,34.04,34.52,34.65,33.79,17326,65261501.0,2.53,1.47,0.5,0.25
764,2018-02-22,35.07,35.13,35.47,34.74,47642,182880260.0,2.11,1.77,0.61,0.68
765,2018-02-23,35.15,35.33,35.38,34.76,26643,102496237.0,1.76,0.57,0.2,0.38
766,2018-02-26,35.44,35.73,35.93,34.95,37220,144870738.0,2.77,1.13,0.4,0.53
767,2018-02-27,35.64,34.83,35.69,34.4,41037,157069171.0,3.61,-2.52,-0.9,0.59
768,2018-02-28,34.51,34.83,34.86,33.4,44201,164858494.0,4.19,0.0,0.0,0.64
769,2018-03-01,34.46,34.95,35.17,34.21,33868,129112233.0,2.76,0.34,0.12,0.49
770,2018-03-02,34.38,34.2,34.92,34.09,31289,117976912.0,2.37,-2.15,-0.75,0.45
771,2018-03-05,34.2,33.66,34.58,33.48,35804,133203155.0,3.22,-1.58,-0.54,0.51
772,2018-03-06,33.82,34.13,34.34,33.5,41222,153413439.0,2.5,1.4,0.47,0.59
773,2018-03-07,34.2,33.69,34.78,33.45,51427,192943281.0,3.9,-1.29,-0.44,0.74
774,2018-03-08,33.55,34.09,34.19,33.29,32875,122105701.0,2.67,1.19,0.4,0.47
775,2018-03-09,34.7,35.61,36.09,34.7,95225,369908304.0,4.08,4.46,1.52,1.37
776,2018-03-12,36.4,37.61,37.85,36.4,112010,453464272.0,4.07,5.62,2.0,1.61
777,2018-03-13,37.5,37.48,38.16,36.91,77822,317757632.0,3.32,-0.35,-0.13,1.12
778,2018-03-14,37.26,37.53,37.77,37.01,44794,182440394.0,2.03,0.13,0.05,0.64
779,2018-03-15,37.38,37.92,38.91,37.2,79757,330926160.0,4.56,1.04,0.39,1.15
780,2018-03-16,37.93,36.96,38.41,36.72,68515,278917968.0,4.46,-2.53,-0.96,0.98
781,2018-03-19,36.95,37.19,37.56,36.29,45130,181920744.0,3.44,0.62,0.23,0.65
782,2018-03-20,36.7,36.96,37.19,36.43,37338,149736615.0,2.04,-0.62,-0.23,0.54
783,2018-03-21,37.05,36.38,37.89,36.16,50396,204363097.0,4.68,-1.57,-0.58,0.72
784,2018-03-22,36.38,36.13,37.05,35.74,49750,196842556.0,3.6,-0.69,-0.25,0.71
785,2018-03-23,34.37,34.74,35.51,33.75,69389,263480912.0,4.87,-3.85,-1.39,1.0
786,2018-03-26,34.39,36.91,37.04,34.2,58624,227846463.0,8.18,6.25,2.17,0.84
787,2018-03-27,37.05,37.34,37.49,36.44,62886,253193642.0,2.84,1.16,0.43,0.9
788,2018-03-28,36.5,35.86,36.58,35.42,65720,258895658.0,3.11,-3.96,-1.48,0.94
789,2018-03-29,35.87,36.69,36.79,34.73,57586,225764879.0,5.74,2.31,0.83,0.83
790,2018-03-30,36.7,37.13,37.55,36.46,54696,221043758.0,2.97,1.2,0.44,0.79
791,2018-04-02,36.9,37.53,38.69,36.9,59556,246031892.0,4.82,1.08,0.4,0.86
792,2018-04-03,37.05,38.77,38.92,36.95,78315,325825376.0,5.25,3.3,1.24,1.13
793,2018-04-04,39.22,39.19,40.17,38.39,82143,350153936.0,4.59,1.08,0.42,1.18
794,2018-04-09,38.4,38.68,39.7,37.78,61829,259803784.0,4.9,-1.3,-0.51,0.89
795,2018-04-10,38.68,39.79,39.94,37.96,66962,284381440.0,5.12,2.87,1.11,0.96
796,2018-04-11,39.74,40.44,41.15,39.45,85916,377261568.0,4.27,1.63,0.65,1.23
797,2018-04-12,40.42,40.31,41.35,40.08,49303,217233927.0,3.14,-0.32,-0.13,0.71
798,2018-04-13,40.31,39.24,40.95,38.98,52058,223811510.0,4.89,-2.65,-1.07,0.75
799,2018-04-16,39.5,40.41,41.4,39.29,81932,358619552.0,5.38,2.98,1.17,1.18
800,2018-04-17,40.44,39.43,40.65,38.99,50102,216455565.0,4.11,-2.43,-0.98,0.72
801,2018-04-18,39.52,38.6,39.94,37.7,66579,277915632.0,5.68,-2.1,-0.83,0.96
802,2018-04-19,38.58,39.63,39.88,38.07,66165,281453120.0,4.69,2.67,1.03,0.95
803,2018-04-20,39.63,38.46,40.35,38.41,49624,211872844.0,4.9,-2.95,-1.17,0.71
804,2018-04-23,38.46,39.44,40.2,38.2,61933,264218173.0,5.2,2.55,0.98,0.89
805,2018-04-24,39.69,40.04,40.89,39.4,67215,293191824.0,3.78,1.52,0.6,0.97
806,2018-04-25,40.69,39.89,40.69,39.36,53090,228611857.0,3.32,-0.37,-0.15,0.76
807,2018-04-26,39.57,37.62,39.87,37.22,86250,358128240.0,6.64,-5.69,-2.27,1.24
808,2018-04-27,37.62,37.39,38.3,36.16,64870,262114591.0,5.69,-0.61,-0.23,0.93
809,2018-05-02,37.69,38.75,38.79,37.32,65264,269788160.0,3.93,3.64,1.36,0.94
810,2018-05-03,38.65,38.67,39.03,37.97,45609,190788897.0,2.74,-0.21,-0.08,0.66
811,2018-05-04,38.1,39.65,39.88,38.1,71616,305683824.0,4.6,2.53,0.98,1.03
812,2018-05-07,39.6,43.95,43.95,39.58,151911,693700112.0,11.02,10.84,4.3,2.18
813,2018-05-08,44.68,45.44,45.72,44.21,128448,621078512.0,3.44,3.39,1.49,1.85
814,2018-05-09,45.4,45.71,45.97,44.88,83546,406356976.0,2.4,0.59,0.27,1.2
815,2018-05-10,45.8,45.83,47.5,44.9,94854,467953488.0,5.69,0.26,0.12,1.36
816,2018-05-11,45.64,45.69,46.2,44.84,63251,308528112.0,2.97,-0.31,-0.14,0.91
817,2018-05-14,45.64,46.2,47.43,45.1,80250,398698128.0,5.1,1.12,0.51,1.15
818,2018-05-15,46.0,48.21,48.58,45.25,98081,492816736.0,7.21,4.35,2.01,1.41
819,2018-05-16,47.65,48.83,50.28,47.15,138351,722356096.0,6.49,1.29,0.62,1.99
820,2018-05-17,48.7,48.09,48.7,47.46,65192,334105504.0,2.54,-1.52,-0.74,0.94
821,2018-05-18,47.71,48.56,48.89,47.07,65558,337527520.0,3.78,0.98,0.47,0.94
822,2018-05-21,48.57,49.12,49.18,47.5,66475,343654288.0,3.46,1.15,0.56,0.96
823,2018-05-22,48.7,49.21,49.92,48.34,50334,263808788.0,3.22,0.18,0.09,0.72
824,2018-05-23,49.02,48.02,49.45,47.85,54156,281171248.0,3.25,-2.42,-1.19,0.78
825,2018-05-24,48.01,47.2,48.3,46.71,70025,354872176.0,3.31,-1.71,-0.82,1.01
826,2018-05-25,47.96,49.1,49.88,47.45,115940,605419072.0,5.15,4.03,1.9,1.67
827,2018-05-28,49.15,53.09,53.68,49.15,136582,748215152.0,9.23,8.13,3.99,1.96
828,2018-05-29,50.7,50.55,53.58,50.23,133889,738119072.0,6.31,-4.78,-2.54,1.92
829,2018-05-30,49.71,49.92,51.07,47.2,94299,500042448.0,7.66,-1.25,-0.63,1.36
830,2018-05-31,50.29,49.67,51.65,49.33,134953,723587568.0,4.65,-0.5,-0.25,1.94
831,2018-06-01,49.58,47.16,50.29,45.8,130359,663630448.0,9.04,-5.05,-2.51,1.87
832,2018-06-04,47.16,47.43,48.31,46.58,96483,488644432.0,3.67,0.57,0.27,1.39
833,2018-06-05,47.56,47.95,48.02,46.92,83956,427476032.0,2.32,1.1,0.52,1.21
834,2018-06-06,47.7,47.71,48.21,46.7,115470,586174784.0,3.15,-0.5,-0.24,1.66
835,2018-06-07,47.6,46.62,47.61,46.26,92997,465790432.0,2.83,-2.28,-1.09,1.34
836,2018-06-08,46.58,45.89,47.14,44.78,102026,500124816.0,5.06,-1.57,-0.73,1.47
837,2018-06-11,45.87,44.59,46.4,43.64,125443,601673824.0,6.01,-2.83,-1.3,1.8
838,2018-06-12,44.67,45.43,45.67,44.2,114772,555943072.0,3.3,1.88,0.84,1.65
839,2018-06-13,45.64,44.3,45.66,44.26,78884,379805328.0,3.08,-2.49,-1.13,1.13
840,2018-06-14,44.56,45.26,46.23,44.56,109704,533446448.0,3.77,2.17,0.96,1.58
841,2018-06-15,45.25,43.18,45.47,42.5,112883,526705120.0,6.56,-4.6,-2.08,1.62
842,2018-06-19,42.7,41.0,43.18,39.7,92091,413736928.0,8.06,-5.05,-2.18,1.32
843,2018-06-20,41.0,42.17,42.54,40.7,83910,378599520.0,4.49,2.85,1.17,1.21
844,2018-06-21,42.48,41.67,43.34,41.45,74330,340445232.0,4.48,-1.19,-0.5,1.07
845,2018-06-22,41.2,42.68,42.86,41.03,58544,266374080.0,4.39,2.42,1.01,0.84
846,2018-06-25,43.1,43.44,44.02,42.72,76003,355415424.0,3.05,1.78,0.76,1.09
847,2018-06-26,42.8,42.1,43.35,41.68,65390,297561440.0,3.84,-3.08,-1.34,0.94
848,2018-06-27,42.1,40.89,42.64,40.2,75063,332458704.0,5.8,-2.87,-1.21,1.08
849,2018-06-28,40.3,38.72,40.72,38.26,64720,276423056.0,6.02,-5.31,-2.17,0.93
850,2018-06-29,39.29,40.53,41.25,38.9,88676,382943216.0,6.07,4.67,1.81,1.27
851,2018-07-02,40.95,41.11,42.19,40.46,69050,308716704.0,4.27,1.43,0.58,0.99
852,2018-07-03,41.1,41.08,41.69,40.05,46834,206589669.0,3.99,-0.07,-0.03,0.67
853,2018-07-04,40.9,40.25,41.0,39.7,39316,172514816.0,3.16,-2.02,-0.83,0.56
854,2018-07-05,39.98,40.36,41.05,39.22,50333,218337910.0,4.55,0.27,0.11,0.72
855,2018-07-06,40.49,38.89,40.49,37.4,76003,320706912.0,7.66,-3.64,-1.47,1.09
856,2018-07-09,38.53,41.05,41.18,38.5,70452,307446832.0,6.89,5.55,2.16,1.01
857,2018-07-10,41.16,41.36,41.7,40.5,41936,186630878.0,2.92,0.76,0.31,0.6
858,2018-07-11,40.59,41.21,41.57,39.78,38977,171999589.0,4.33,-0.36,-0.15,0.56
859,2018-07-12,40.91,42.89,42.92,40.91,58259,266491242.0,4.88,4.08,1.68,0.84
860,2018-07-13,43.12,43.22,43.5,42.3,38548,178798134.0,2.8,0.77,0.33,0.55
861,2018-07-16,43.37,42.52,43.79,41.7,39891,182562710.0,4.84,-1.62,-0.7,0.57
862,2018-07-17,42.65,42.3,42.65,41.09,35098,158257750.0,3.67,-0.52,-0.22,0.5
863,2018-07-18,42.36,44.35,44.7,42.11,88070,414711808.0,6.12,4.85,2.05,1.27
864,2018-07-19,44.46,43.47,44.5,43.21,36548,171756940.0,2.91,-1.98,-0.88,0.53
865,2018-07-20,43.31,44.24,44.75,43.1,50407,239122868.0,3.8,1.77,0.77,0.72
866,2018-07-23,44.13,43.12,44.14,42.72,38922,181020357.0,3.21,-2.53,-1.12,0.56
867,2018-07-24,43.12,43.2,43.6,42.22,49921,230625431.0,3.2,0.19,0.08,0.72
868,2018-07-25,43.39,42.72,43.39,42.5,29909,137869475.0,2.06,-1.11,-0.48,0.43
869,2018-07-26,42.55,42.82,43.59,42.54,38542,179207640.0,2.46,0.23,0.1,0.55
870,2018-07-27,43.15,41.89,43.25,41.4,31610,143065232.0,4.32,-2.17,-0.93,0.45
871,2018-07-30,42.21,41.86,42.45,41.1,27688,124382596.0,3.22,-0.07,-0.03,0.4
872,2018-07-31,42.0,41.06,42.07,40.8,26046,116421823.0,3.03,-1.91,-0.8,0.37
873,2018-08-01,41.06,39.9,41.6,39.58,41520,181268369.0,4.92,-2.83,-1.16,0.6
874,2018-08-02,39.9,39.23,39.9,37.56,44353,186218613.0,5.86,-1.68,-0.67,0.64
875,2018-08-03,39.72,36.33,39.82,36.13,67387,270650064.0,9.41,-7.39,-2.9,0.97
876,2018-08-06,36.31,35.12,36.42,34.32,70895,272169664.0,5.78,-3.33,-1.21,1.02
877,2018-08-07,35.2,35.96,36.01,34.59,67214,256603247.0,4.04,2.39,0.84,0.97
878,2018-08-08,35.92,34.71,36.0,34.69,52066,198667414.0,3.64,-3.48,-1.25,0.75
879,2018-08-09,34.43,35.86,36.38,34.43,52009,200843916.0,5.62,3.31,1.15,0.75
880,2018-08-10,35.82,36.27,36.82,35.82,29923,117497557.0,2.79,1.14,0.41,0.43
881,2018-08-13,36.02,35.82,36.02,34.92,38385,147278979.0,3.03,-1.24,-0.45,0.55
882,2018-08-14,35.83,35.79,36.61,35.6,26680,103649051.0,2.82,-0.08,-0.03,0.38
883,2018-08-15,35.92,34.23,36.02,34.12,43643,164323483.0,5.31,-4.36,-1.56,0.63
884,2018-08-16,33.47,33.35,34.08,32.96,54996,200148997.0,3.27,-2.57,-0.88,0.79
885,2018-08-17,33.57,33.25,33.77,32.92,34693,125577934.0,2.55,-0.3,-0.1,0.5
886,2018-08-20,33.1,32.19,33.22,31.46,52276,183071867.0,5.29,-3.19,-1.06,0.75
887,2018-08-21,32.41,32.62,32.96,32.16,66057,234425091.0,2.49,1.34,0.43,0.95
888,2018-08-22,32.62,31.78,32.92,31.7,39317,137618153.0,3.74,-2.58,-0.84,0.56
889,2018-08-23,31.91,32.32,32.78,31.82,41380,145694769.0,3.02,1.7,0.54,0.59
890,2018-08-24,32.59,32.81,33.12,32.17,37999,135053503.0,2.94,1.52,0.49,0.55
891,2018-08-27,33.22,33.62,33.91,32.53,63197,228019070.0,4.21,2.47,0.81,0.91
892,2018-08-28,33.7,33.43,33.8,33.14,38253,138590551.0,1.96,-0.57,-0.19,0.55
893,2018-08-29,32.97,32.11,32.97,31.72,71569,250232355.0,3.74,-3.95,-1.32,1.03
894,2018-08-30,32.16,32.11,32.33,31.88,40471,141544267.0,1.4,0.0,0.0,0.58
895,2018-08-31,32.0,31.32,32.0,31.13,36428,124979760.0,2.71,-2.46,-0.79,0.52
896,2018-09-03,31.32,31.49,31.57,30.98,27091,92554506.0,1.88,0.54,0.17,0.39
897,2018-09-04,31.4,31.53,31.61,30.79,28564,97583080.0,2.6,0.13,0.04,0.41
898,2018-09-05,31.52,31.19,31.53,31.04,26047,88822320.0,1.55,-1.08,-0.34,0.37
899,2018-09-06,30.89,30.22,31.11,29.72,46287,153864948.0,4.46,-3.11,-0.97,0.67
900,2018-09-07,30.06,30.3,30.62,29.78,35037,115979195.0,2.78,0.26,0.08,0.5
901,2018-09-10,30.36,30.18,30.41,29.71,20356,67057856.0,2.31,-0.4,-0.12,0.29
902,2018-09-11,30.19,29.24,30.21,29.13,46414,150333881.0,3.58,-3.11,-0.94,0.67
903,2018-09-12,29.14,29.02,29.52,28.95,35923,115334535.0,1.95,-0.75,-0.22,0.52
904,2018-09-13,29.32,29.12,29.6,28.44,34753,110575411.0,4.0,0.34,0.1,0.5
905,2018-09-14,29.3,29.35,29.52,28.62,44939,143803588.0,3.09,0.79,0.23,0.65
906,2018-09-17,28.74,28.27,28.91,28.2,47572,149189543.0,2.42,-3.68,-1.08,0.68
907,2018-09-18,28.2,29.41,29.63,28.0,56509,179006688.0,5.77,4.03,1.14,0.81
908,2018-09-19,29.32,30.98,31.28,29.14,87542,291828496.0,7.28,5.34,1.57,1.26
909,2018-09-20,30.91,30.57,31.08,30.33,44840,150166057.0,2.42,-1.32,-0.41,0.64
910,2018-09-21,30.77,31.37,31.57,30.58,60324,204728744.0,3.24,2.62,0.8,0.87
911,2018-09-25,30.84,31.51,31.52,30.72,31999,109124288.0,2.55,0.45,0.14,0.46
912,2018-09-26,31.4,32.47,32.92,31.32,67346,237052333.0,5.08,3.05,0.96,0.97
913,2018-09-27,32.42,31.82,32.42,31.72,36335,126602788.0,2.16,-2.0,-0.65,0.52
914,2018-09-28,31.85,31.89,32.39,31.58,41909,146291869.0,2.55,0.22,0.07,0.6
915,2018-10-08,31.02,30.94,31.52,30.78,40212,136269118.0,2.32,-2.98,-0.95,0.58
916,2018-10-09,30.77,30.1,31.07,29.58,41743,138783628.0,4.82,-2.71,-0.84,0.6
917,2018-10-10,30.2,30.81,30.87,30.2,42203,141508137.0,2.23,2.36,0.71,0.61
918,2018-10-11,29.62,29.88,31.39,29.42,60610,200297703.0,6.39,-3.02,-0.93,0.87
919,2018-10-12,29.72,29.17,30.02,28.42,42852,137093464.0,5.35,-2.38,-0.71,0.62
920,2018-10-15,29.17,29.17,30.08,28.64,37562,121347802.0,4.94,0.0,0.0,0.54
921,2018-10-16,28.72,28.47,29.47,28.32,29205,92263544.0,3.94,-2.4,-0.7,0.42
922,2018-10-17,28.74,28.47,29.02,27.64,26014,81215737.0,4.85,0.0,0.0,0.37
923,2018-10-18,28.43,27.75,28.43,27.17,42324,128955824.0,4.43,-2.53,-0.72,0.61
924,2018-10-19,27.3,29.02,29.11,27.17,36833,114696841.0,6.99,4.58,1.27,0.53
925,2018-10-22,29.47,30.12,31.12,29.4,66592,221838371.0,5.93,3.79,1.1,0.96
926,2018-10-23,30.41,29.02,30.41,28.81,41520,134094948.0,5.31,-3.65,-1.1,0.6
927,2018-10-24,29.02,28.5,29.2,28.03,30387,95719534.0,4.03,-1.79,-0.52,0.44
928,2018-10-25,27.72,27.82,27.91,27.22,35295,107519277.0,2.42,-2.39,-0.68,0.51
929,2018-10-26,28.11,27.32,28.48,27.14,31650,96168482.0,4.82,-1.8,-0.5,0.45
930,2018-10-29,27.05,25.81,27.05,25.64,61152,178915894.0,5.16,-5.53,-1.51,0.88
931,2018-10-30,25.91,26.21,26.6,25.52,61668,179010017.0,4.18,1.55,0.4,0.89
932,2018-10-31,26.19,27.32,27.47,26.19,63345,190334853.0,4.88,4.24,1.11,0.91
933,2018-11-01,27.88,28.35,28.79,27.52,60842,190173920.0,4.65,3.77,1.03,0.87
934,2018-11-02,28.79,29.87,30.09,28.74,54533,176402525.0,4.76,5.36,1.52,0.78
935,2018-11-05,29.67,30.04,30.33,29.6,36554,120237711.0,2.44,0.57,0.17,0.53
936,2018-11-06,30.04,30.0,30.27,29.41,19293,63202946.0,2.86,-0.13,-0.04,0.28
937,2018-11-07,30.16,30.07,30.47,29.92,25589,84768413.0,1.83,0.23,0.07,0.37
938,2018-11-08,30.37,29.79,30.49,29.64,25943,85205555.0,2.83,-0.93,-0.28,0.37
939,2018-11-09,30.02,29.81,30.02,29.16,25853,84112458.0,2.89,0.07,0.02,0.37
940,2018-11-12,29.81,30.09,30.4,29.58,25050,82320142.0,2.75,0.94,0.28,0.36
941,2018-11-13,29.54,30.07,30.28,29.34,30005,98022077.0,3.12,-0.07,-0.02,0.43
942,2018-11-14,29.92,29.4,30.02,29.29,27216,88103373.0,2.43,-2.23,-0.67,0.39
943,2018-11-15,29.42,29.51,29.73,29.25,21718,70258595.0,1.63,0.37,0.11,0.31
944,2018-11-16,29.6,29.99,30.02,29.1,30861,100204505.0,3.12,1.63,0.48,0.44
945,2018-11-19,29.97,29.47,29.97,29.32,40606,131387499.0,2.17,-1.73,-0.52,0.58
946,2018-11-20,29.38,28.15,29.38,27.99,47462,148874980.0,4.72,-4.48,-1.32,0.68
947,2018-11-21,27.47,27.97,28.11,27.47,21340,65613726.0,2.27,-0.64,-0.18,0.31
948,2018-11-22,28.0,27.97,28.37,27.7,22366,68908462.0,2.4,0.0,0.0,0.32
949,2018-11-23,28.0,27.09,28.02,26.89,32455,98047006.0,4.04,-3.15,-0.88,0.47
950,2018-11-26,27.12,27.27,27.51,27.12,19070,57558661.0,1.44,0.66,0.18,0.27
951,2018-11-27,27.4,27.3,27.49,27.15,12471,37639006.0,1.25,0.11,0.03,0.18
952,2018-11-28,27.22,27.77,27.82,27.19,18684,56753190.0,2.31,1.72,0.47,0.27
953,2018-11-29,27.84,27.47,28.17,27.39,21372,65660578.0,2.81,-1.08,-0.3,0.31
954,2018-11-30,27.47,27.95,27.95,27.35,16680,50851172.0,2.18,1.75,0.48,0.24
955,2018-12-03,28.72,28.82,29.29,28.27,55777,177175466.0,3.65,3.11,0.87,0.8
956,2018-12-04,28.69,29.04,29.1,28.51,30502,96799845.0,2.05,0.76,0.22,0.44
957,2018-12-05,28.43,28.9,29.19,28.43,29633,94190428.0,2.62,-0.48,-0.14,0.43
958,2018-12-06,28.82,28.21,28.89,28.17,24869,77934510.0,2.49,-2.39,-0.69,0.36
959,2018-12-07,28.3,29.0,29.21,28.3,41577,132383655.0,3.23,2.8,0.79,0.6
960,2018-12-10,28.8,29.29,29.52,28.68,44713,143504154.0,2.9,1.0,0.29,0.64
961,2018-12-11,29.12,30.45,30.62,28.84,65558,215327800.0,6.08,3.96,1.16,0.94
962,2018-12-12,30.62,32.36,32.44,30.57,93282,324820896.0,6.14,6.27,1.91,1.34
963,2018-12-13,32.38,32.75,33.6,32.12,68682,244848379.0,4.57,1.21,0.39,0.99
964,2018-12-14,32.62,33.11,33.8,32.43,76094,274450320.0,4.18,1.1,0.36,1.09
965,2018-12-17,33.12,32.48,33.22,31.97,53466,188546571.0,3.78,-1.9,-0.63,0.77
966,2018-12-18,32.31,32.39,32.97,31.93,49530,174356616.0,3.2,-0.28,-0.09,0.71
967,2018-12-19,32.69,32.46,33.52,32.0,56076,200330672.0,4.69,0.22,0.07,0.81
968,2018-12-20,32.22,32.74,33.07,31.32,49469,175410635.0,5.39,0.86,0.28,0.71
969,2018-12-21,32.96,32.22,33.3,31.67,39813,139905084.0,4.98,-1.59,-0.52,0.57
970,2018-12-24,32.32,34.02,34.08,31.77,46533,167366178.0,7.17,5.59,1.8,0.67
971,2018-12-25,33.3,33.25,33.48,32.12,49639,176793097.0,4.0,-2.26,-0.77,0.71
972,2018-12-26,33.18,32.23,33.22,31.94,30450,107559714.0,3.85,-3.07,-1.02,0.44
973,2018-12-27,32.56,32.17,32.78,32.12,29471,103858700.0,2.05,-0.19,-0.06,0.42
974,2018-12-28,32.17,31.98,32.48,31.62,26621,92973696.0,2.67,-0.59,-0.19,0.38
975,2019-01-02,32.03,31.62,32.8,31.24,28668,99933056.0,4.88,-1.13,-0.36,0.41
976,2019-01-03,31.92,30.42,32.01,30.05,31378,105810406.0,6.2,-3.8,-1.2,0.45
977,2019-01-04,29.31,30.52,31.05,29.31,28169,93893476.0,5.72,0.33,0.1,0.4
978,2019-01-07,30.61,31.98,32.3,30.22,41652,143595355.0,6.82,4.78,1.46,0.6
979,2019-01-08,31.84,30.61,31.84,30.32,44656,150256889.0,4.75,-4.28,-1.37,0.64
980,2019-01-09,30.63,30.87,31.8,30.4,45918,156440503.0,4.57,0.85,0.26,0.66
981,2019-01-10,30.85,30.3,30.85,29.99,43423,143615054.0,2.79,-1.85,-0.57,0.62
982,2019-01-11,30.32,30.33,30.72,30.02,30274,100415973.0,2.31,0.1,0.03,0.44
983,2019-01-14,30.38,30.21,30.4,29.77,25029,82339611.0,2.08,-0.4,-0.12,0.36
984,2019-01-15,30.1,33.52,33.52,29.95,108101,378485984.0,11.82,10.96,3.31,1.55
985,2019-01-16,33.12,33.22,33.99,32.98,65968,238810510.0,3.01,-0.89,-0.3,0.95
986,2019-01-17,33.62,32.92,33.62,32.92,43305,156437270.0,2.11,-0.9,-0.3,0.62
987,2019-01-18,33.12,33.31,33.59,32.88,46856,169538086.0,2.16,1.18,0.39,0.67
988,2019-01-21,33.29,33.9,35.88,33.21,74393,277172464.0,8.02,1.77,0.59,1.07
989,2019-01-22,33.62,33.29,33.86,32.92,28249,102189125.0,2.77,-1.8,-0.61,0.41
990,2019-01-23,33.12,33.42,33.8,32.93,28632,104051295.0,2.61,0.39,0.13,0.41
991,2019-01-24,33.34,33.7,33.93,33.16,23337,85021558.0,2.3,0.84,0.28,0.34
992,2019-01-25,33.69,33.95,34.68,33.28,31766,116864251.0,4.15,0.74,0.25,0.46
993,2019-01-28,34.12,34.08,35.06,33.72,43638,162558748.0,3.95,0.38,0.13,0.63
994,2019-01-29,33.92,35.25,35.5,33.22,49570,185960075.0,6.69,3.43,1.17,0.71
995,2019-01-30,34.66,34.31,35.8,34.28,39851,150941078.0,4.31,-2.67,-0.94,0.57
996,2019-01-31,34.17,34.85,35.24,34.17,25564,96315779.0,3.12,1.57,0.54,0.37
997,2019-02-01,34.89,35.22,35.32,34.62,31936,121164335.0,2.01,1.06,0.37,0.46
998,2019-02-11,35.22,35.82,36.12,34.62,44177,169038904.0,4.26,1.7,0.6,0.63
999,2019-02-12,35.79,35.57,35.82,35.22,42493,162797256.0,1.68,-0.7,-0.25,0.61
1000,2019-02-13,35.52,35.67,35.82,35.37,38042,146387181.0,1.27,0.28,0.1,0.55
1001,2019-02-14,35.6,36.58,37.36,35.5,43018,169979248.0,5.21,2.55,0.91,0.62
1002,2019-02-15,36.51,35.45,36.51,35.32,34454,133628747.0,3.25,-3.09,-1.13,0.5
1003,2019-02-18,35.5,36.18,36.63,35.47,34493,134124332.0,3.27,2.06,0.73,0.5
1004,2019-02-19,36.26,35.32,36.49,34.67,59709,228547401.0,5.03,-2.38,-0.86,0.86
1005,2019-02-20,35.33,35.03,35.69,34.83,35017,133493067.0,2.43,-0.82,-0.29,0.5
1006,2019-02-21,35.32,35.12,35.6,34.74,40594,154594246.0,2.46,0.26,0.09,0.58
1007,2019-02-22,34.93,35.03,35.11,34.42,58639,219844137.0,1.96,-0.26,-0.09,0.84
1008,2019-02-25,35.11,36.22,36.3,34.9,81455,313496512.0,4.0,3.4,1.19,1.17
1009,2019-02-26,36.12,36.82,37.86,35.51,88440,348611312.0,6.49,1.66,0.6,1.27
1010,2019-02-27,36.62,36.06,37.97,35.6,96333,383596720.0,6.44,-2.06,-0.76,1.38
1011,2019-02-28,35.52,35.4,35.87,35.14,48239,185096526.0,2.02,-1.83,-0.66,0.69
1012,2019-03-01,35.49,36.35,36.41,35.49,81744,317295488.0,2.6,2.68,0.95,1.17
1013,2019-03-04,36.42,37.41,37.7,35.77,94150,375087536.0,5.31,2.92,1.06,1.35
1014,2019-03-05,37.62,37.07,37.92,36.67,77316,309764992.0,3.34,-0.91,-0.34,1.11
1015,2019-03-06,37.12,36.89,37.27,36.29,73329,289999456.0,2.64,-0.49,-0.18,1.05
1016,2019-03-07,36.86,36.4,37.61,36.07,72905,287038192.0,4.17,-1.33,-0.49,1.05
1017,2019-03-08,36.01,34.63,36.06,34.52,80721,307357136.0,4.23,-4.86,-1.77,1.16
1018,2019-03-11,34.63,35.06,35.21,34.62,50234,189899270.0,1.7,1.24,0.43,0.72
1019,2019-03-12,35.27,35.31,35.7,34.93,55944,213525945.0,2.2,0.71,0.25,0.8
1020,2019-03-13,35.12,34.7,35.5,34.63,46253,174532228.0,2.46,-1.73,-0.61,0.66
1021,2019-03-14,34.72,36.05,36.07,34.62,85146,326688048.0,4.18,3.89,1.35,1.22
1022,2019-03-15,36.11,36.06,36.92,35.64,99207,388936160.0,3.55,0.03,0.01,1.43
1023,2019-03-18,36.43,38.67,39.4,36.12,174804,716186768.0,9.1,7.24,2.61,2.51
1024,2019-03-19,38.81,38.1,39.31,37.88,96601,398393216.0,3.7,-1.47,-0.57,1.39
1025,2019-03-20,38.11,37.93,38.92,37.52,81243,333870032.0,3.67,-0.45,-0.17,1.17
1026,2019-03-21,38.02,37.42,38.18,37.17,81570,329198528.0,2.66,-1.34,-0.51,1.17
1027,2019-03-22,37.46,37.31,37.97,36.92,84799,341251408.0,2.81,-0.29,-0.11,1.22
1028,2019-03-25,36.32,36.27,37.11,35.9,76054,299882704.0,3.24,-2.79,-1.04,1.09
1029,2019-03-26,36.38,35.34,36.55,35.0,83488,321733888.0,4.27,-2.56,-0.93,1.2
1030,2019-03-27,35.42,37.67,38.41,35.42,171534,686532816.0,8.46,6.59,2.33,2.46
1031,2019-03-28,37.62,38.25,38.51,37.28,97629,398557040.0,3.27,1.54,0.58,1.4
1032,2019-03-29,37.5,40.29,41.32,37.42,184436,789433376.0,10.2,5.33,2.04,2.65
1033,2019-04-01,40.13,43.27,43.62,40.13,161497,734712784.0,8.66,7.4,2.98,2.32
1034,2019-04-02,43.27,43.28,44.37,42.25,91798,424524192.0,4.9,0.02,0.01,1.32
1035,2019-04-03,43.62,45.72,47.58,43.37,126685,618031216.0,9.73,5.64,2.44,1.82
1036,2019-04-04,46.26,46.22,47.31,45.29,102945,505700576.0,4.42,1.09,0.5,1.48
1037,2019-04-08,46.27,45.62,47.62,45.03,90162,440374032.0,5.6,-1.3,-0.6,1.3
1038,2019-04-09,45.42,45.52,45.89,43.84,72620,347544256.0,4.49,-0.22,-0.1,1.04
1039,2019-04-10,45.58,45.68,46.36,44.63,76825,371874288.0,3.8,0.35,0.16,1.1
1040,2019-04-11,46.0,44.92,46.06,44.52,74286,355926752.0,3.37,-1.66,-0.76,1.07
1041,2019-04-12,44.72,45.92,47.8,44.72,96569,471910224.0,6.86,2.23,1.0,1.39
1042,2019-04-15,46.6,44.3,47.12,44.13,99794,482005824.0,6.51,-3.53,-1.62,1.43
1043,2019-04-16,44.3,44.91,45.04,43.92,56528,268608960.0,2.53,1.38,0.61,0.81
1044,2019-04-17,45.22,44.97,45.43,44.42,46967,224613476.0,2.25,0.13,0.06,0.67
1045,2019-04-18,44.97,47.92,49.08,44.72,133873,673860928.0,9.7,6.56,2.95,1.92
1046,2019-04-19,47.32,47.12,47.79,46.32,62644,312760160.0,3.07,-1.67,-0.8,0.9
1047,2019-04-22,47.12,46.57,47.92,46.17,44589,222711010.0,3.71,-1.17,-0.55,0.64
1048,2019-04-23,46.62,46.49,47.63,45.78,58563,290391872.0,3.97,-0.17,-0.08,0.84
1049,2019-04-24,46.61,46.42,46.97,45.45,59342,290447984.0,3.27,-0.15,-0.07,0.85
1050,2019-04-25,46.32,45.21,46.6,45.21,41892,204108365.0,2.99,-2.61,-1.21,0.6
1051,2019-04-26,45.21,45.71,45.86,44.8,44696,215574299.0,2.34,1.11,0.5,0.64
1052,2019-04-29,45.27,44.22,45.52,43.62,67795,321094064.0,4.16,-3.26,-1.49,0.97
1053,2019-04-30,45.43,48.12,48.53,45.43,109764,551107872.0,7.01,8.82,3.9,1.58
1054,2019-05-06,47.12,47.12,49.67,46.12,149151,751433184.0,7.38,-2.08,-1.0,2.14
1055,2019-05-07,47.52,49.27,49.65,47.52,111574,573330688.0,4.52,4.56,2.15,1.6
1056,2019-05-08,47.92,47.83,50.37,47.42,90211,467161872.0,5.99,-2.92,-1.44,1.3
1057,2019-05-09,46.81,45.0,46.82,44.24,105191,508212368.0,5.39,-5.92,-2.83,1.51
1058,2019-05-10,45.46,48.23,48.24,45.46,93501,468070368.0,6.18,7.18,3.23,1.34
1059,2019-05-13,48.12,49.78,50.75,47.33,101396,531400672.0,7.09,3.21,1.55,1.46
1060,2019-05-14,48.72,49.31,49.92,48.48,56678,294815440.0,2.89,-0.94,-0.47,0.81
1061,2019-05-15,49.47,51.04,51.13,48.77,88128,466350928.0,4.79,3.51,1.73,1.27
1062,2019-05-16,50.47,51.42,51.59,50.12,72683,391343200.0,2.88,0.74,0.38,1.04
1063,2019-05-17,51.62,49.4,52.06,48.95,91753,489888432.0,6.05,-3.93,-2.02,1.32
1064,2019-05-20,49.12,49.11,49.4,46.85,76519,389530944.0,5.16,-0.59,-0.29,1.1
1065,2019-05-21,48.52,48.77,49.3,47.12,50228,258587184.0,4.44,-0.69,-0.34,0.72
1066,2019-05-22,48.78,47.97,49.47,47.45,43455,221955890.0,4.14,-1.64,-0.8,0.62
1067,2019-05-23,47.72,46.06,48.02,45.95,57544,285465840.0,4.32,-3.98,-1.91,0.83
1068,2019-05-24,46.36,46.62,47.11,45.32,55997,274085904.0,3.89,1.22,0.56,0.8
1069,2019-05-27,46.32,46.52,46.8,45.3,69992,342466432.0,3.22,-0.21,-0.1,1.01
1070,2019-05-28,46.42,46.62,46.8,45.29,101587,495608640.0,3.25,0.21,0.1,1.46
1071,2019-05-29,45.9,45.77,46.77,45.5,81610,398162832.0,2.72,-1.82,-0.85,1.17
1072,2019-05-30,45.32,46.01,46.13,45.32,49247,239150691.0,1.77,0.52,0.24,0.71
1073,2019-05-31,46.0,45.73,46.32,45.23,49668,241714697.0,2.37,-0.61,-0.28,0.71
1074,2019-06-03,45.9,44.44,46.07,43.92,83488,398213376.0,4.7,-2.82,-1.29,1.2
1075,2019-06-04,44.57,43.02,44.65,42.68,82558,383075936.0,4.43,-3.2,-1.42,1.19
1076,2019-06-05,43.82,42.26,43.84,41.82,97663,445871152.0,4.7,-1.77,-0.76,1.4
1077,2019-06-06,42.66,42.22,43.62,42.02,95574,436148512.0,3.79,-0.09,-0.04,1.37
1078,2019-06-10,42.54,43.42,43.91,41.92,84324,388721520.0,4.71,2.84,1.2,1.21
1079,2019-06-11,43.6,45.93,46.01,43.6,103623,496852144.0,5.55,5.78,2.51,1.49
1080,2019-06-12,45.6,44.94,45.71,44.52,75147,359764960.0,2.59,-2.16,-0.99,1.08
1081,2019-06-13,44.94,44.54,45.21,44.17,51679,244906018.0,2.31,-0.89,-0.4,0.74
1082,2019-06-14,44.66,44.32,45.0,43.41,74712,350775584.0,3.57,-0.49,-0.22,1.07
1083,2019-06-17,44.1,42.62,44.1,41.99,98051,448596224.0,4.76,-3.84,-1.7,1.41
1084,2019-06-18,42.56,43.13,43.37,41.87,82475,375503984.0,3.52,1.2,0.51,1.19
1085,2019-06-19,44.6,44.31,44.71,43.87,91676,433105824.0,1.95,2.74,1.18,1.32
1086,2019-06-20,44.31,45.77,45.9,44.01,94757,456925968.0,4.27,3.29,1.46,1.36
1087,2019-06-21,45.7,44.82,46.11,44.54,124266,594648176.0,3.43,-2.08,-0.95,1.79
1088,2019-06-24,44.84,45.23,45.86,44.49,83715,403720416.0,3.06,0.91,0.41,1.2
1089,2019-06-25,45.2,44.9,45.47,44.23,57300,272935664.0,2.74,-0.73,-0.33,0.82
1090,2019-06-26,44.44,44.93,45.12,44.44,39061,186266456.0,1.51,0.07,0.03,0.56
1091,2019-06-27,45.02,47.17,47.46,44.9,139662,685290416.0,5.7,4.99,2.24,2.01
1092,2019-06-28,47.07,47.05,47.07,46.0,72822,359991952.0,2.27,-0.25,-0.12,1.05
1093,2019-07-01,47.5,47.9,49.1,47.16,119746,610052080.0,4.12,1.81,0.85,1.72
1094,2019-07-02,48.14,47.57,48.44,47.12,74807,377977808.0,2.76,-0.69,-0.33,1.07
1095,2019-07-03,47.52,46.46,48.12,45.62,129344,646865952.0,5.26,-2.33,-1.11,1.86
1096,2019-07-04,46.31,45.01,46.56,44.72,97478,468780528.0,3.96,-3.12,-1.45,1.4
1097,2019-07-05,45.17,45.43,45.58,44.72,63776,307156352.0,1.91,0.93,0.42,0.92
1098,2019-07-08,45.41,44.7,45.64,44.15,58758,281281584.0,3.28,-1.61,-0.73,0.84
1099,2019-07-09,44.96,44.95,45.22,44.12,50965,242615990.0,2.46,0.56,0.25,0.73
1100,2019-07-10,44.84,44.66,45.19,44.52,29648,141431249.0,1.49,-0.65,-0.29,0.43
1101,2019-07-11,44.99,43.88,45.08,43.35,75170,353467184.0,3.87,-1.75,-0.78,1.08
1102,2019-07-12,44.02,44.06,44.19,43.42,54678,255672677.0,1.75,0.41,0.18,0.79
1103,2019-07-15,44.06,44.11,44.32,42.91,55690,259076232.0,3.2,0.11,0.05,0.8
1104,2019-07-16,44.01,43.36,44.17,43.12,50429,233802750.0,2.38,-1.7,-0.75,0.72
1105,2019-07-17,43.36,44.18,44.25,43.02,61378,286506624.0,2.84,1.89,0.82,0.88
1106,2019-07-18,44.1,44.36,44.77,43.66,49941,235575663.0,2.51,0.41,0.18,0.72
1107,2019-07-19,44.42,44.22,44.7,44.02,34489,162860294.0,1.53,-0.32,-0.14,0.5
1108,2019-07-22,44.12,43.7,44.12,43.02,35802,166103775.0,2.49,-1.18,-0.52,0.51
1109,2019-07-23,43.62,44.63,44.68,43.46,53349,251542168.0,2.79,2.13,0.93,0.77
1110,2019-07-24,44.71,44.37,45.15,44.23,49531,235139750.0,2.06,-0.58,-0.26,0.71
1111,2019-07-25,44.2,43.73,44.37,43.37,62228,289371824.0,2.25,-1.44,-0.64,0.89
1112,2019-07-26,43.7,43.22,43.72,43.04,64697,298554336.0,1.55,-1.17,-0.51,0.93
1113,2019-07-29,43.49,43.52,43.6,43.21,64149,296982864.0,0.9,0.69,0.3,0.92
1114,2019-07-30,43.66,43.23,43.7,43.04,56825,262272714.0,1.52,-0.67,-0.29,0.82
1115,2019-07-31,43.17,42.43,43.42,42.32,66871,304311568.0,2.54,-1.85,-0.8,0.96
1116,2019-08-01,42.57,41.63,42.57,41.13,78003,347411760.0,3.39,-1.89,-0.8,1.12
1117,2019-08-02,40.52,40.65,40.89,40.37,52804,229688016.0,1.25,-2.35,-0.98,0.76
1118,2019-08-05,40.6,40.0,40.7,39.69,45856,194656515.0,2.48,-1.6,-0.65,0.66
1119,2019-08-06,39.5,39.69,39.89,38.14,86482,357522432.0,4.38,-0.78,-0.31,1.24
1120,2019-08-07,39.72,39.84,40.57,39.69,37770,160565418.0,2.22,0.38,0.15,0.54
1121,2019-08-08,40.02,41.86,42.02,40.0,88951,389520192.0,5.07,5.07,2.02,1.28
1122,2019-08-09,42.05,42.21,42.6,41.4,62682,278944336.0,2.87,0.84,0.35,0.9
1123,2019-08-12,42.1,43.3,43.4,42.1,69068,313813792.0,3.08,2.58,1.09,0.99
1124,2019-08-13,42.92,43.7,43.77,42.7,60440,276924288.0,2.47,0.92,0.4,0.87
1125,2019-08-14,44.2,43.86,44.23,43.71,49357,228853651.0,1.19,0.37,0.16,0.71
1126,2019-08-15,43.34,43.65,44.1,42.81,62361,288123664.0,2.94,-0.48,-0.21,0.9
1127,2019-08-16,46.12,48.26,48.26,45.95,194819,966721040.0,5.29,10.56,4.61,2.8
1128,2019-08-19,48.6,49.25,50.31,48.6,210918,1094479776.0,3.54,2.05,0.99,3.03
1129,2019-08-20,48.7,49.3,49.98,48.7,96454,499023568.0,2.6,0.1,0.05,1.39
1130,2019-08-21,49.42,49.18,49.98,48.8,56253,290645968.0,2.39,-0.24,-0.12,0.81
1131,2019-08-22,49.42,50.18,51.23,49.42,106784,563607872.0,3.68,2.03,1.0,1.53
1132,2019-08-23,50.2,50.3,50.5,49.8,49808,261996581.0,1.39,0.24,0.12,0.72
1133,2019-08-26,49.7,49.7,50.1,48.62,59532,309419584.0,2.94,-1.19,-0.6,0.86
1134,2019-08-27,49.99,49.68,50.48,49.4,57470,300436528.0,2.17,-0.04,-0.02,0.83
1135,2019-08-28,49.71,49.8,50.45,49.15,47581,248451039.0,2.62,0.24,0.12,0.68
1136,2019-08-29,50.02,51.9,52.14,49.51,103378,551643584.0,5.28,4.22,2.1,1.49
1137,2019-08-30,51.9,50.42,51.91,50.15,86469,459553488.0,3.39,-2.85,-1.48,1.24
1138,2019-09-02,50.39,50.48,51.1,49.7,58427,308227504.0,2.78,0.12,0.06,0.84
1139,2019-09-03,50.46,49.81,50.8,49.4,55642,291213552.0,2.77,-1.33,-0.67,0.8
1140,2019-09-04,49.7,49.6,50.3,48.78,75260,389651792.0,3.05,-0.42,-0.21,1.08
1141,2019-09-05,49.9,48.71,50.05,48.6,85273,438777296.0,2.92,-1.79,-0.89,1.23
1142,2019-09-06,48.86,48.31,49.05,47.9,71980,364601376.0,2.36,-0.82,-0.4,1.03
1143,2019-09-09,48.59,47.61,48.9,47.26,104179,522829968.0,3.39,-1.45,-0.7,1.5
1144,2019-09-10,48.0,47.57,48.09,47.32,89699,448535312.0,1.62,-0.08,-0.04,1.29
1145,2019-09-11,47.5,47.06,47.57,45.9,93919,463466752.0,3.51,-1.07,-0.51,1.35
1146,2019-09-12,47.07,47.3,47.68,46.62,73471,363701424.0,2.25,0.51,0.24,1.06
1147,2019-09-16,47.26,47.99,48.37,46.91,105627,530150016.0,3.09,1.46,0.69,1.52
1148,2019-09-17,47.9,46.57,47.9,46.45,78259,386962944.0,3.02,-2.96,-1.42,1.12
1149,2019-09-18,46.6,47.98,48.8,46.6,99506,501613072.0,4.72,3.03,1.41,1.43
1150,2019-09-19,48.1,47.39,48.24,46.93,53597,266712560.0,2.73,-1.23,-0.59,0.77
1151,2019-09-20,47.5,47.64,48.1,47.1,64519,322533424.0,2.11,0.53,0.25,0.93
1152,2019-09-23,47.64,47.18,47.78,46.48,45877,226828353.0,2.73,-0.97,-0.46,0.66
1153,2019-09-24,47.48,46.7,47.57,46.5,53036,261791789.0,2.27,-1.02,-0.48,0.76
1154,2019-09-25,47.05,46.73,47.09,46.35,47788,235190388.0,1.58,0.06,0.03,0.69
1155,2019-09-26,47.04,46.46,47.93,45.96,54686,269958320.0,4.22,-0.58,-0.27,0.79
1156,2019-09-27,46.63,46.35,46.83,44.6,45843,221507930.0,4.8,-0.24,-0.11,0.66
1157,2019-09-30,46.6,46.1,46.6,45.62,23527,114305834.0,2.11,-0.54,-0.25,0.34
1158,2019-10-08,46.22,46.97,47.51,45.81,44907,222173460.0,3.69,1.89,0.87,0.65
1159,2019-10-09,47.01,47.03,47.15,46.0,31179,153025331.0,2.45,0.13,0.06,0.45
1160,2019-10-10,46.65,47.85,48.22,46.45,52927,264390457.0,3.76,1.74,0.82,0.76
1161,2019-10-11,47.97,47.11,49.0,46.95,60499,301617968.0,4.28,-1.55,-0.74,0.87
1162,2019-10-14,47.44,45.92,47.44,45.7,106997,519369168.0,3.69,-2.53,-1.19,1.54
1163,2019-10-15,45.78,45.32,46.09,45.26,48858,234381450.0,1.81,-1.31,-0.6,0.7
1164,2019-10-16,45.5,45.4,45.52,44.79,36658,174315517.0,1.61,0.18,0.08,0.53
1165,2019-10-17,45.42,45.1,45.42,44.91,28155,133605428.0,1.12,-0.66,-0.3,0.4
1166,2019-10-18,45.2,44.98,45.55,44.6,29449,140032182.0,2.11,-0.27,-0.12,0.42
1167,2019-10-21,44.72,44.74,45.15,44.31,32882,154443142.0,1.87,-0.53,-0.24,0.47
1168,2019-10-22,44.98,44.5,44.98,44.34,40170,188567787.0,1.43,-0.54,-0.24,0.58
1169,2019-10-23,44.4,44.1,44.74,43.7,37867,176057750.0,2.34,-0.9,-0.4,0.54
1170,2019-10-24,43.89,43.67,44.17,43.61,29597,136786875.0,1.27,-0.98,-0.43,0.43
1171,2019-10-25,43.61,44.45,44.7,43.33,36286,169042383.0,3.14,1.79,0.78,0.52
1172,2019-10-28,44.29,45.5,45.6,44.11,51138,243511961.0,3.35,2.36,1.05,0.73
1173,2019-10-29,45.75,46.4,47.23,45.11,91944,448919072.0,4.66,1.98,0.9,1.32
1174,2019-10-30,45.99,45.3,46.21,45.1,55822,267129028.0,2.39,-2.37,-1.1,0.8
1175,2019-10-31,45.39,44.6,45.4,44.15,47238,222214744.0,2.76,-1.55,-0.7,0.68
1176,2019-11-01,44.55,45.43,45.91,44.23,48480,230994498.0,3.77,1.86,0.83,0.7
1177,2019-11-04,45.47,45.92,46.47,45.4,47877,231934736.0,2.36,1.08,0.49,0.69
1178,2019-11-05,46.1,46.0,46.5,45.41,51003,247507264.0,2.37,0.17,0.08,0.73
1179,2019-11-06,46.29,45.37,46.8,45.12,44447,213449462.0,3.65,-1.37,-0.63,0.64
1180,2019-11-07,45.42,45.07,45.6,44.82,52641,250272344.0,1.72,-0.66,-0.3,0.76
1181,2019-11-08,45.46,46.52,47.39,45.37,120409,591116800.0,4.48,3.22,1.45,1.73
1182,2019-11-11,46.8,46.8,48.1,45.75,80804,400692320.0,5.05,0.6,0.28,1.16
1183,2019-11-12,46.96,48.88,49.09,46.96,143301,728286288.0,4.55,4.44,2.08,2.06
1184,2019-11-13,50.6,52.65,53.11,50.1,200687,1084765216.0,6.16,7.71,3.77,2.88
1185,2019-11-14,52.51,52.79,54.0,51.46,98339,542247616.0,4.82,0.27,0.14,1.41
1186,2019-11-15,51.96,52.62,53.9,51.96,84740,468194064.0,3.67,-0.32,-0.17,1.22
1187,2019-11-18,52.72,52.1,53.1,51.25,76021,412000832.0,3.52,-0.99,-0.52,1.09
1188,2019-11-19,52.7,51.44,52.83,50.6,101579,545722640.0,4.28,-1.27,-0.66,1.46
1189,2019-11-20,51.61,50.67,52.07,50.55,65836,352587120.0,2.95,-1.5,-0.77,0.95
1190,2019-11-21,50.97,50.46,50.99,50.15,46937,248364719.0,1.66,-0.41,-0.21,0.67
1191,2019-11-22,50.76,49.55,50.8,48.88,71063,369530880.0,3.8,-1.8,-0.91,1.02
1192,2019-11-25,49.6,49.55,49.75,48.6,48562,250764528.0,2.32,0.0,0.0,0.7
1193,2019-11-26,49.6,50.0,50.06,48.92,42498,220519670.0,2.3,0.91,0.45,0.61
1194,2019-11-27,49.4,48.71,49.4,48.26,57392,293096192.0,2.28,-2.58,-1.29,0.82
1195,2019-11-28,48.78,48.95,49.38,48.51,41598,213365017.0,1.79,0.49,0.24,0.6
1196,2019-11-29,48.8,48.29,48.8,47.56,43935,221457959.0,2.53,-1.35,-0.66,0.63
1197,2019-12-02,48.2,48.2,48.61,47.8,27276,138153314.0,1.68,-0.19,-0.09,0.39
1198,2019-12-03,48.28,48.53,48.85,47.53,35011,177853394.0,2.74,0.68,0.33,0.5
1199,2019-12-04,48.7,48.53,48.81,48.1,26522,135046708.0,1.46,0.0,0.0,0.38
1200,2019-12-05,48.66,49.46,49.58,48.2,42175,217807566.0,2.84,1.92,0.93,0.61
1201,2019-12-06,49.48,49.7,49.88,49.1,41057,213184679.0,1.58,0.49,0.24,0.59
1202,2019-12-09,49.59,48.96,50.17,48.95,39247,202898140.0,2.45,-1.49,-0.74,0.56
1203,2019-12-10,48.95,48.38,48.95,48.21,37251,189481075.0,1.51,-1.18,-0.58,0.54
1204,2019-12-11,48.45,48.14,48.99,47.93,36249,183804366.0,2.19,-0.5,-0.24,0.52
1205,2019-12-12,48.15,49.34,49.55,47.8,57563,296180304.0,3.64,2.49,1.2,0.83
1206,2019-12-13,50.0,50.72,50.99,49.25,66131,348470832.0,3.53,2.8,1.38,0.95
1207,2019-12-16,50.75,49.6,51.14,48.95,86059,446242400.0,4.32,-2.21,-1.12,1.24
1208,2019-12-17,49.6,49.28,49.6,48.48,83607,428636880.0,2.26,-0.65,-0.32,1.2
1209,2019-12-18,49.12,48.82,49.25,48.7,39995,205066562.0,1.12,-0.93,-0.46,0.57
1210,2019-12-19,48.82,48.5,48.91,48.2,39103,198938003.0,1.45,-0.66,-0.32,0.56
1211,2019-12-20,48.45,48.54,48.98,48.2,37505,190858049.0,1.61,0.08,0.04,0.54
1212,2019-12-23,48.5,47.77,48.54,47.64,39277,198028713.0,1.85,-1.59,-0.77,0.56
1213,2019-12-24,47.89,47.9,48.06,46.9,46833,233374345.0,2.43,0.27,0.13,0.67
1214,2019-12-25,47.78,47.44,47.83,47.2,27754,138288179.0,1.32,-0.96,-0.46,0.4
1215,2019-12-26,47.58,47.97,48.05,47.28,25725,129046025.0,1.62,1.12,0.53,0.37
1216,2019-12-27,47.86,48.05,48.79,47.86,46257,235205727.0,1.94,0.17,0.08,0.66
1217,2019-12-30,48.12,48.69,48.77,47.71,49767,252907123.0,2.21,1.33,0.64,0.72
1218,2019-12-31,48.69,48.6,49.0,48.37,37562,191921212.0,1.29,-0.18,-0.09,0.54
1219,2020-01-02,49.1,48.71,49.15,48.43,51941,265664608.0,1.48,0.23,0.11,0.75
1220,2020-01-03,48.92,48.85,48.99,48.63,41112,210485096.0,0.74,0.29,0.14,0.59
1221,2020-01-06,48.43,47.61,48.45,47.43,59694,299244528.0,2.09,-2.54,-1.24,0.86
1222,2020-01-07,47.8,47.9,48.0,47.1,40811,204547012.0,1.89,0.61,0.29,0.59
1223,2020-01-08,47.64,47.62,47.92,47.39,29076,145347348.0,1.11,-0.58,-0.28,0.42
1224,2020-01-09,47.87,48.45,48.62,47.7,57661,292882112.0,1.93,1.74,0.83,0.83
1225,2020-01-10,48.54,48.92,49.21,47.93,64474,329002320.0,2.64,0.97,0.47,0.93
1226,2020-01-13,49.22,48.55,49.22,48.3,68517,349361920.0,1.88,-0.76,-0.37,0.98
1227,2020-01-14,48.62,47.96,48.62,47.7,79957,402925600.0,1.89,-1.22,-0.59,1.15
1228,2020-01-15,47.71,48.1,48.29,47.59,42965,216470507.0,1.46,0.29,0.14,0.62
1229,2020-01-16,48.18,48.3,48.56,47.9,44914,227640891.0,1.37,0.42,0.2,0.65
1230,2020-01-17,48.53,48.85,48.87,48.3,50379,257408591.0,1.18,1.14,0.55,0.72
1231,2020-01-20,48.77,49.5,50.06,48.62,73985,385077360.0,2.95,1.33,0.65,1.06
1232,2020-01-21,49.53,47.4,49.53,46.95,102847,513791344.0,5.21,-4.24,-2.1,1.48
1233,2020-01-22,46.7,47.33,47.45,45.4,80205,392580848.0,4.32,-0.15,-0.07,1.15
1234,2020-01-23,46.0,45.93,46.78,45.45,64161,310444688.0,2.81,-2.96,-1.4,0.92
1235,2020-02-03,41.1,41.1,41.57,41.1,65808,286359152.0,1.02,-10.52,-4.83,0.95
1236,2020-02-04,40.3,42.65,42.97,40.1,95196,419588704.0,6.98,3.77,1.55,1.37
1237,2020-02-05,42.65,42.41,43.17,42.16,61698,277634352.0,2.37,-0.56,-0.24,0.89
1238,2020-02-06,42.42,42.68,42.8,41.8,47978,215268873.0,2.36,0.64,0.27,0.69
1239,2020-02-07,42.3,43.21,44.07,42.22,67522,304497664.0,4.33,1.24,0.53,0.97
1240,2020-02-10,42.9,42.71,43.1,42.4,64730,291697920.0,1.62,-1.16,-0.5,0.93
1241,2020-02-11,42.78,43.15,43.58,42.59,74872,341085552.0,2.32,1.03,0.44,1.08
1242,2020-02-12,43.1,43.33,43.65,42.91,45987,210495268.0,1.71,0.42,0.18,0.66
1243,2020-02-13,43.32,42.58,43.48,42.58,43483,196782894.0,2.08,-1.73,-0.75,0.62
1244,2020-02-14,42.56,42.6,42.94,42.42,39013,175561191.0,1.22,0.05,0.02,0.56
1245,2020-02-17,42.6,43.1,43.16,42.5,60915,276080640.0,1.55,1.17,0.5,0.88
1246,2020-02-18,43.08,43.1,43.2,42.63,54130,245403625.0,1.32,0.0,0.0,0.78
1247,2020-02-19,43.15,43.14,43.78,43.0,87234,398592192.0,1.81,0.09,0.04,1.25
1248,2020-02-20,43.12,44.1,44.66,43.11,132903,617856576.0,3.59,2.23,0.96,1.91
1249,2020-02-21,44.1,43.82,44.3,43.69,80567,372625856.0,1.38,-0.63,-0.28,1.16
1250,2020-02-24,43.6,42.8,43.6,42.7,102270,463429104.0,2.05,-2.33,-1.02,1.47
1251,2020-02-25,42.08,41.84,42.39,41.48,92456,410042016.0,2.13,-2.24,-0.96,1.33
1252,2020-02-26,41.46,40.62,42.39,40.6,129634,568399328.0,4.28,-2.92,-1.22,1.86
1253,2020-02-27,40.97,41.34,41.75,40.85,71860,314239104.0,2.22,1.77,0.72,1.03
1254,2020-02-28,40.64,40.3,40.98,39.66,143272,611294560.0,3.19,-2.52,-1.04,2.06
1255,2020-03-02,40.2,40.9,41.55,40.2,110009,478748624.0,3.35,1.49,0.6,1.58
1256,2020-03-03,41.48,40.8,41.53,40.66,90621,394684384.0,2.13,-0.24,-0.1,1.3
1257,2020-03-04,40.76,41.85,41.85,40.33,87268,381284480.0,3.73,2.57,1.05,1.25
1258,2020-03-05,41.95,43.39,43.62,41.93,152438,693089808.0,4.04,3.68,1.54,2.19
1259,2020-03-06,42.6,42.9,43.65,42.4,77752,353132096.0,2.88,-1.13,-0.49,1.12
1260,2020-03-09,42.22,41.27,42.23,40.6,99555,435259888.0,3.8,-3.8,-1.63,1.43
1261,2020-03-10,40.61,42.06,42.3,40.6,78369,344160736.0,4.12,1.91,0.79,1.13
1262,2020-03-11,42.05,42.32,43.1,41.9,80812,362977888.0,2.85,0.62,0.26,1.16
1263,2020-03-12,42.25,41.28,42.25,40.91,58648,256238179.0,3.17,-2.46,-1.04,0.84
1264,2020-03-13,38.62,40.6,40.9,38.61,53068,224160932.0,5.55,-1.65,-0.68,0.76
1265,2020-03-16,40.66,37.7,40.87,37.59,80239,331604736.0,8.08,-7.14,-2.9,1.15
1266,2020-03-17,37.48,35.85,38.34,35.53,108840,420450016.0,7.45,-4.91,-1.85,1.56
1267,2020-03-18,36.2,35.71,36.82,35.71,86973,335665872.0,3.1,-0.39,-0.14,1.25
1268,2020-03-19,35.71,35.28,35.84,34.0,89213,332125792.0,5.15,-1.2,-0.43,1.28
1269,2020-03-20,35.28,36.8,36.8,35.28,69403,266990446.0,4.31,4.31,1.52,1.0
1270,2020-03-23,35.76,36.94,37.55,35.6,73678,286754928.0,5.3,0.38,0.14,1.06
1271,2020-03-24,38.9,40.87,40.87,38.61,205310,881304240.0,6.12,10.64,3.93,2.95
1272,2020-03-25,42.08,42.48,42.88,40.8,156319,692166688.0,5.09,3.94,1.61,2.25
1273,2020-03-26,42.08,41.71,42.98,41.5,88249,392151120.0,3.48,-1.81,-0.77,1.27
1274,2020-03-27,42.1,42.05,43.3,41.85,86525,388293456.0,3.48,0.82,0.34,1.24
1275,2020-03-30,41.94,43.7,44.26,41.35,136794,627704816.0,6.92,3.92,1.65,1.97
1276,2020-03-31,43.65,43.31,44.08,42.96,73562,337361632.0,2.56,-0.89,-0.39,1.06
1277,2020-04-01,43.32,42.95,43.8,42.17,60648,275178480.0,3.76,-0.83,-0.36,0.87
1278,2020-04-02,42.44,42.61,42.61,41.56,68053,302375552.0,2.44,-0.79,-0.34,0.98
1279,2020-04-03,42.41,42.97,43.78,42.38,72311,328955856.0,3.29,0.84,0.36,1.04
1280,2020-04-07,43.1,44.14,44.55,43.1,73037,338596528.0,3.37,2.72,1.17,1.05
1281,2020-04-08,43.86,43.41,44.38,43.22,40283,185273052.0,2.63,-1.65,-0.73,0.58
1282,2020-04-09,43.71,44.32,44.49,43.01,62921,291276800.0,3.41,2.1,0.91,0.9
1283,2020-04-10,44.34,44.65,46.23,44.1,100537,477210944.0,4.81,0.74,0.33,1.44
1284,2020-04-13,44.53,45.5,46.4,43.8,83308,397346656.0,5.82,1.9,0.85,1.2
1285,2020-04-14,45.4,44.85,45.44,44.4,65358,308272848.0,2.29,-1.43,-0.65,0.94
1286,2020-04-15,44.84,43.73,45.26,43.71,56092,260979423.0,3.46,-2.5,-1.12,0.81
1287,2020-04-16,43.58,44.15,44.35,42.6,57873,266201086.0,4.0,0.96,0.42,0.83
1288,2020-04-17,44.39,44.15,44.9,43.52,55417,258819327.0,3.13,0.0,0.0,0.8
1289,2020-04-20,44.43,44.49,44.61,43.52,51555,239665529.0,2.47,0.77,0.34,0.74
1290,2020-04-21,44.27,43.27,44.45,42.9,41253,189151867.0,3.48,-2.74,-1.22,0.59
1291,2020-04-22,42.97,44.39,44.53,42.72,51842,240790777.0,4.18,2.59,1.12,0.74
1292,2020-04-23,44.39,44.88,45.36,44.32,49206,232780582.0,2.34,1.1,0.49,0.71
1293,2020-04-24,44.94,46.42,47.07,44.5,122804,599237024.0,5.73,3.43,1.54,1.76
1294,2020-04-27,46.43,47.24,47.7,45.95,79409,392227520.0,3.77,1.77,0.82,1.14
1295,2020-04-28,47.13,47.6,48.6,46.48,82732,414344048.0,4.49,0.76,0.36,1.19
1296,2020-04-29,47.5,48.65,48.68,46.48,101534,508230464.0,4.62,2.21,1.05,1.46
1297,2020-04-30,50.2,50.35,52.1,48.88,141101,746117408.0,6.62,3.49,1.7,2.03
1298,2020-05-06,50.78,52.86,52.86,50.78,145779,794288528.0,4.13,4.99,2.51,2.09
1299,2020-05-07,52.96,53.1,53.47,51.72,86617,477288752.0,3.31,0.45,0.24,1.24
1300,2020-05-08,52.98,52.96,54.6,52.3,111773,622263344.0,4.33,-0.26,-0.14,1.61
1301,2020-05-11,52.4,52.39,53.26,52.25,69488,382484080.0,1.91,-1.08,-0.57,1.0
1302,2020-05-12,52.93,53.53,54.37,52.22,65161,362911856.0,4.1,2.18,1.14,0.94
1303,2020-05-13,53.52,57.06,57.57,53.15,101294,593161584.0,8.26,6.59,3.53,1.46
1304,2020-05-14,56.8,57.92,59.97,56.05,137730,835205568.0,6.87,1.51,0.86,1.98
1305,2020-05-15,58.59,58.28,59.1,57.62,59042,357981312.0,2.56,0.62,0.36,0.85
1306,2020-05-18,57.9,58.85,59.27,57.2,54424,330704048.0,3.55,0.98,0.57,0.78
1307,2020-05-19,58.6,58.3,58.69,56.11,80745,483689616.0,4.38,-0.93,-0.55,1.16
1308,2020-05-20,57.6,58.41,58.9,56.8,64117,387250480.0,3.6,0.19,0.11,0.92
1309,2020-05-21,58.4,57.48,58.78,57.01,77755,467186496.0,3.03,-1.59,-0.93,1.12
1310,2020-05-22,57.96,56.18,57.96,55.8,76077,447816528.0,3.76,-2.26,-1.3,1.09
1311,2020-05-25,56.28,57.18,57.9,54.16,70432,417662064.0,6.66,1.78,1.0,1.01
1312,2020-05-26,57.77,58.65,59.57,57.77,60400,369037648.0,3.15,2.57,1.47,0.87
1313,2020-05-27,58.65,58.65,60.87,58.23,51952,321717296.0,4.5,0.0,0.0,0.75
1314,2020-05-28,58.42,59.5,59.71,57.78,47529,291311520.0,3.29,1.45,0.85,0.68
1315,2020-05-29,59.5,60.89,61.28,58.88,50114,314664128.0,4.03,2.34,1.39,0.72
1316,2020-06-01,61.1,61.96,62.6,60.49,75315,481113280.0,3.47,1.76,1.07,1.08
1317,2020-06-02,61.7,59.36,61.7,58.8,91919,569944224.0,4.68,-4.2,-2.6,1.32
1318,2020-06-03,59.89,60.9,61.1,58.37,65581,408065008.0,4.6,2.59,1.54,0.94
1319,2020-06-04,61.13,64.9,64.9,61.13,125063,823605200.0,6.19,6.57,4.0,1.8
1320,2020-06-05,65.0,63.14,65.0,61.18,136080,883555120.0,5.89,-2.71,-1.76,1.96
1321,2020-06-08,62.57,62.09,62.74,60.63,78022,499763968.0,3.34,-1.66,-1.05,1.12
1322,2020-06-09,62.09,62.05,62.45,61.58,43458,279964656.0,1.4,-0.06,-0.04,0.62
1323,2020-06-10,61.84,62.59,62.85,61.7,45654,295140480.0,1.85,0.87,0.54,0.66
1324,2020-06-11,62.54,60.35,62.57,60.11,77550,489534736.0,3.93,-3.58,-2.24,1.11
1325,2020-06-12,58.8,61.95,62.66,58.59,68463,434227664.0,6.74,2.65,1.6,0.98
1326,2020-06-15,61.95,61.35,63.6,61.33,64802,419935504.0,3.66,-0.97,-0.6,0.93
1327,2020-06-16,62.34,62.38,63.1,61.5,53977,350082368.0,2.61,1.68,1.03,0.78
1328,2020-06-17,62.36,62.1,62.55,61.5,37828,243469938.0,1.68,-0.45,-0.28,0.54
1329,2020-06-18,61.74,63.58,64.9,61.5,59503,392597600.0,5.48,2.38,1.48,0.86
1330,2020-06-19,63.91,67.9,68.27,63.91,80497,559192144.0,6.86,6.79,4.32,1.16
1331,2020-06-22,67.8,66.47,67.9,65.8,83624,576355104.0,3.09,-2.11,-1.43,1.2
1332,2020-06-23,66.52,70.3,71.16,66.29,93602,668911824.0,7.33,5.76,3.83,1.35
1333,2020-06-24,70.27,70.35,70.65,67.43,89072,628418640.0,4.58,0.07,0.05,1.28
1334,2020-06-29,68.65,70.09,71.65,67.75,58119,417500768.0,5.54,-0.37,-0.26,0.84
1335,2020-06-30,70.09,74.65,77.01,70.09,84884,643908704.0,9.87,6.51,4.56,1.22
1336,2020-07-01,74.16,78.51,80.1,73.35,83511,665903280.0,9.04,5.17,3.86,1.2
1337,2020-07-02,78.15,76.97,79.33,76.15,85176,673128976.0,4.05,-1.96,-1.54,1.22
1338,2020-07-03,76.03,76.69,76.83,72.85,85569,654998304.0,5.17,-0.36,-0.28,1.23
1339,2020-07-06,76.12,75.41,76.22,74.22,108258,834247600.0,2.61,-1.67,-1.28,1.56
1340,2020-07-07,75.42,77.78,78.37,73.66,102606,809412096.0,6.25,3.14,2.37,1.47
1341,2020-07-08,76.95,76.54,77.2,75.15,79402,618845648.0,2.64,-1.59,-1.24,1.14
1342,2020-07-09,76.15,76.15,76.47,75.16,90245,700446672.0,1.71,-0.51,-0.39,1.3
1343,2020-07-10,76.15,76.4,78.68,75.32,78559,621813040.0,4.41,0.33,0.25,1.13
1344,2020-07-13,76.15,79.0,80.0,75.13,97709,772744752.0,6.37,3.4,2.6,1.4
1345,2020-07-14,79.0,81.09,82.99,78.15,86531,718481984.0,6.13,2.65,2.09,1.24
1346,2020-07-15,81.09,84.75,87.52,81.09,101988,882864576.0,7.93,4.51,3.66,1.47
1347,2020-07-16,84.74,76.46,84.75,76.26,114187,926959920.0,10.02,-9.78,-8.29,1.64
1348,2020-07-17,75.15,79.66,81.34,74.65,71562,576713232.0,8.75,4.19,3.2,1.03
1349,2020-07-20,79.66,78.24,81.14,76.16,85033,676613824.0,6.25,-1.78,-1.42,1.22
1350,2020-07-21,78.14,79.92,81.56,76.7,54425,443442592.0,6.21,2.15,1.68,0.78
1351,2020-07-22,78.84,81.74,84.81,78.61,74815,632013072.0,7.76,2.28,1.82,1.08
1352,2020-07-23,81.15,83.19,83.65,79.57,63953,535481616.0,4.99,1.77,1.45,0.92
1353,2020-07-24,82.9,78.48,83.62,77.15,73236,595531696.0,7.78,-5.66,-4.71,1.05
1354,2020-07-27,78.38,78.63,80.52,76.93,45690,367358096.0,4.57,0.19,0.15,0.66
1355,2020-07-28,79.15,81.5,82.75,78.4,68484,566282544.0,5.53,3.65,2.87,0.98
1356,2020-07-29,81.37,82.2,82.24,79.65,56341,467634336.0,3.18,0.86,0.7,0.81
1357,2020-07-30,82.14,82.73,85.15,80.76,72192,614018512.0,5.34,0.64,0.53,1.04
1358,2020-07-31,82.72,81.15,83.15,79.86,89232,740653424.0,3.98,-1.91,-1.58,1.28
1359,2020-08-03,81.15,80.5,81.5,78.35,102815,835178576.0,3.88,-0.8,-0.65,1.48
1360,2020-08-04,80.15,79.18,81.17,78.55,76651,623220944.0,3.25,-1.64,-1.32,1.1
1361,2020-08-05,78.27,79.26,79.84,77.41,61229,495555008.0,3.07,0.1,0.08,0.88
1362,2020-08-06,79.26,76.95,79.5,76.34,86453,685202208.0,3.99,-2.91,-2.31,1.24
1363,2020-08-07,77.35,75.1,77.64,72.66,89969,691061632.0,6.47,-2.4,-1.85,1.29
1364,2020-08-10,76.65,74.98,76.65,73.25,53583,410439728.0,4.53,-0.16,-0.12,0.77
1365,2020-08-11,75.65,74.59,76.8,74.59,59459,462395920.0,2.95,-0.52,-0.39,0.85
1366,2020-08-12,75.15,72.85,75.29,71.81,53380,398510480.0,4.67,-2.33,-1.74,0.77
1367,2020-08-13,72.91,72.76,73.55,72.16,27091,202198466.0,1.91,-0.12,-0.09,0.39
1368,2020-08-14,72.73,73.05,73.35,71.85,38990,290887936.0,2.06,0.4,0.29,0.56
1369,2020-08-17,74.93,75.35,77.12,73.73,95076,736736208.0,4.64,3.15,2.3,1.37
1370,2020-08-18,74.35,77.6,78.73,74.16,84709,667115376.0,6.07,2.99,2.25,1.22
1371,2020-08-19,78.11,78.75,80.15,76.48,102608,830645120.0,4.73,1.48,1.15,1.47
1372,2020-08-20,78.15,75.54,78.15,75.26,57993,452053424.0,3.67,-4.08,-3.21,0.83
1373,2020-08-21,76.43,80.15,80.96,75.96,103342,837955872.0,6.62,6.1,4.61,1.48
1374,2020-08-24,80.3,80.15,82.02,79.3,71416,589508352.0,3.39,0.0,0.0,1.03
1375,2020-08-25,80.17,80.34,82.17,79.65,51316,424854656.0,3.14,0.24,0.19,0.74
1376,2020-08-26,80.18,80.74,82.15,79.31,62641,517856048.0,3.53,0.5,0.4,0.9
1377,2020-08-27,80.86,85.77,87.25,80.75,119650,1026518448.0,8.05,6.23,5.03,1.72
1378,2020-08-28,85.24,89.15,90.14,82.62,113471,1013804400.0,8.77,3.94,3.38,1.63
1379,2020-08-31,93.59,85.51,97.65,85.51,163364,1485624064.0,13.62,-4.08,-3.64,2.35
1380,2020-09-01,85.51,84.45,85.81,80.65,126507,1073643776.0,6.03,-1.24,-1.06,1.82
1381,2020-09-02,83.43,82.6,84.78,81.9,72353,614991184.0,3.41,-2.19,-1.85,1.04
1382,2020-09-03,82.6,83.49,85.01,81.7,69672,596244752.0,4.01,1.08,0.89,1.0
1383,2020-09-04,81.65,79.65,81.71,77.76,95952,774520080.0,4.73,-4.6,-3.84,1.38
1384,2020-09-07,78.72,76.55,79.45,75.55,71196,566355008.0,4.9,-3.89,-3.1,1.02
1385,2020-09-08,77.03,75.16,77.44,72.7,80629,614177872.0,6.19,-1.82,-1.39,1.16
1386,2020-09-09,74.03,73.13,74.34,71.85,47121,352089600.0,3.31,-2.7,-2.03,0.68
1387,2020-09-10,74.15,73.39,75.14,72.92,51881,392676640.0,3.04,0.36,0.26,0.75
1388,2020-09-11,72.83,74.92,75.26,71.97,41466,314526336.0,4.48,2.08,1.53,0.6
1389,2020-09-14,75.65,76.1,78.23,75.03,71926,567046880.0,4.27,1.58,1.18,1.03
1390,2020-09-15,75.92,77.0,77.65,74.38,41274,323118576.0,4.3,1.18,0.9,0.59
1391,2020-09-16,76.8,76.8,78.32,75.82,33997,267620257.0,3.25,-0.26,-0.2,0.49
1392,2020-09-17,76.15,74.05,76.15,73.64,50785,386573104.0,3.27,-3.58,-2.75,0.73
1393,2020-09-18,73.92,74.36,74.36,72.41,49667,373907808.0,2.63,0.42,0.31,0.71
1394,2020-09-21,74.35,73.07,74.35,72.43,47892,357987392.0,2.58,-1.73,-1.29,0.69
1395,2020-09-22,72.15,72.45,73.14,71.65,36669,272950656.0,2.04,-0.85,-0.62,0.53
1396,2020-09-23,72.45,72.3,72.79,71.51,38524,285487648.0,1.77,-0.21,-0.15,0.55
1397,2020-09-24,72.3,70.56,72.5,69.55,59489,431754928.0,4.08,-2.41,-1.74,0.85
1398,2020-09-25,70.56,71.66,71.82,68.15,62159,450274752.0,5.2,1.56,1.1,0.89
1399,2020-09-28,71.15,69.64,71.65,69.32,50888,365753680.0,3.25,-2.82,-2.02,0.73
1400,2020-09-29,70.13,70.23,70.65,69.32,46406,334363808.0,1.91,0.85,0.59,0.67
1401,2020-09-30,70.65,73.26,74.23,70.36,84492,631976752.0,5.51,4.31,3.03,1.21
1402,2020-10-09,73.98,72.77,74.96,72.52,69833,523009104.0,3.33,-0.67,-0.49,1.0
1403,2020-10-12,72.65,73.25,73.34,71.32,89512,666309184.0,2.78,0.66,0.48,1.29
1404,2020-10-13,73.0,74.64,74.85,72.23,70754,537665920.0,3.58,1.9,1.39,1.02
1405,2020-10-14,73.54,72.3,74.6,71.11,94071,697428672.0,4.68,-3.14,-2.34,1.35
1406,2020-10-15,72.3,74.15,74.75,71.52,67414,508286720.0,4.47,2.56,1.85,0.97
1407,2020-10-16,73.59,73.55,75.03,73.17,48239,366267856.0,2.51,-0.81,-0.6,0.69
1408,2020-10-19,74.31,72.68,74.31,72.15,36303,271226944.0,2.94,-1.18,-0.87,0.52
1409,2020-10-20,72.25,73.85,74.65,71.94,36141,272701120.0,3.73,1.61,1.17,0.52
1410,2020-10-21,74.15,76.05,77.41,73.54,83187,649431984.0,5.24,2.98,2.2,1.2
1411,2020-10-22,75.85,76.85,77.36,74.16,57386,446839376.0,4.21,1.05,0.8,0.82
1412,2020-10-23,76.15,79.12,80.97,75.96,98451,798149216.0,6.52,2.95,2.27,1.41
1413,2020-10-26,78.15,77.15,79.45,75.85,62532,494144896.0,4.55,-2.49,-1.97,0.9
1414,2020-10-27,76.36,77.74,77.74,75.32,44224,348270096.0,3.14,0.76,0.59,0.64
1415,2020-10-28,77.26,81.35,82.43,76.95,89600,740299104.0,7.05,4.64,3.61,1.29
1416,2020-10-29,80.65,85.65,86.3,79.85,104485,897951744.0,7.93,5.29,4.3,1.5
1417,2020-10-30,83.15,77.37,83.15,76.9,171211,1372477424.0,7.3,-9.67,-8.28,2.46
1418,2020-11-02,77.15,78.26,79.43,76.35,62265,500193200.0,3.98,1.15,0.89,0.89
1419,2020-11-03,79.01,77.59,79.05,75.89,69837,551162288.0,4.04,-0.86,-0.67,1.0
1420,2020-11-04,76.65,78.7,79.74,75.31,75734,602336320.0,5.71,1.43,1.11,1.09
1421,2020-11-05,79.12,79.85,80.7,78.16,64023,522157232.0,3.23,1.46,1.15,0.92
1422,2020-11-06,79.15,78.76,79.8,77.66,52489,420349280.0,2.68,-1.37,-1.09,0.75
1423,2020-11-09,78.61,79.58,80.33,77.16,75772,613123296.0,4.02,1.04,0.82,1.09
1424,2020-11-10,79.52,82.05,83.67,79.16,89239,749776944.0,5.67,3.1,2.47,1.28
1425,2020-11-11,81.98,82.09,84.81,81.26,67341,571346592.0,4.33,0.05,0.04,0.97
1426,2020-11-12,80.47,84.7,85.75,79.65,76063,651028736.0,7.43,3.18,2.61,1.09
1427,2020-11-13,83.43,83.1,84.15,81.15,54505,458612096.0,3.54,-1.89,-1.6,0.78
1428,2020-11-16,83.04,84.77,84.79,81.55,58175,496977088.0,3.9,2.01,1.67,0.84
1429,2020-11-17,84.86,83.82,85.15,82.98,49520,424219184.0,2.56,-1.12,-0.95,0.71
1430,2020-11-18,82.84,82.92,84.15,82.17,46306,393016000.0,2.36,-1.07,-0.9,0.67
1431,2020-11-19,81.96,85.18,86.65,81.16,72481,624204608.0,6.62,2.73,2.26,1.04
1432,2020-11-20,85.1,89.3,91.08,84.92,98079,888743264.0,7.23,4.84,4.12,1.41
1433,2020-11-23,88.24,91.25,93.15,87.45,88069,819287856.0,6.38,2.18,1.95,1.27
1434,2020-11-24,91.2,92.15,93.15,88.95,49537,461014064.0,4.6,0.99,0.9,0.71
1435,2020-11-25,94.65,85.94,94.95,84.3,111093,987591392.0,11.56,-6.74,-6.21,1.6
1436,2020-11-26,85.4,86.08,87.55,82.1,73266,635534112.0,6.34,0.16,0.14,1.05
1437,2020-11-27,86.47,87.34,88.53,84.26,45043,401888960.0,4.96,1.46,1.26,0.65
1438,2020-11-30,88.15,89.15,89.25,85.48,59783,533580112.0,4.32,2.07,1.81,0.86
1439,2020-12-01,87.15,89.25,89.39,86.66,61112,553399088.0,3.06,0.11,0.1,0.88
1440,2020-12-02,88.78,89.13,90.13,88.03,35798,325581552.0,2.35,-0.13,-0.12,0.51
1441,2020-12-03,88.76,91.36,92.48,88.23,36475,338766288.0,4.77,2.5,2.23,0.52
1442,2020-12-04,91.47,94.38,95.19,90.59,55128,526145872.0,5.04,3.31,3.02,0.79
1443,2020-12-07,94.15,96.67,97.6,94.01,61357,600276016.0,3.8,2.43,2.29,0.88
1444,2020-12-08,96.33,96.35,97.51,93.17,49337,482586688.0,4.49,-0.33,-0.32,0.71
1445,2020-12-09,95.72,96.24,97.58,95.7,48780,480804480.0,1.95,-0.11,-0.11,0.7
1446,2020-12-10,96.14,96.83,97.12,94.61,40661,399118704.0,2.61,0.61,0.59,0.58
1447,2020-12-11,96.65,99.29,102.65,96.25,95331,971104160.0,6.61,2.54,2.46,1.37
1448,2020-12-14,99.94,105.67,105.89,95.75,74252,762344000.0,10.21,6.43,6.38,1.07
1449,2020-12-15,103.7,104.92,106.15,101.52,50831,540590016.0,4.38,-0.71,-0.75,0.73
1450,2020-12-16,104.22,105.2,107.0,103.6,39207,419775888.0,3.24,0.27,0.28,0.56
1451,2020-12-17,104.15,102.05,105.15,100.45,70346,734042048.0,4.47,-2.99,-3.15,1.01
1452,2020-12-18,102.11,99.15,102.98,97.65,91443,931508272.0,5.22,-2.84,-2.9,1.31
1453,2020-12-21,99.05,97.97,100.51,96.62,86414,862228640.0,3.92,-1.19,-1.18,1.24
1454,2020-12-22,96.98,98.75,101.15,96.97,77312,781785488.0,4.27,0.8,0.78,1.11
1455,2020-12-23,98.75,97.95,101.46,95.47,98837,994856176.0,6.07,-0.81,-0.8,1.42
1456,2020-12-24,97.0,96.07,98.45,94.15,58343,573499040.0,4.39,-1.92,-1.88,0.84
1457,2020-12-25,95.15,96.15,97.46,93.05,50551,493045024.0,4.59,0.08,0.08,0.73
1458,2020-12-28,97.05,96.25,98.15,94.43,65891,646107440.0,3.87,0.1,0.1,0.95
1459,2020-12-29,96.55,97.27,97.73,93.25,67478,659227792.0,4.65,1.06,1.02,0.97
1460,2020-12-30,96.65,97.81,98.53,96.13,64585,640924336.0,2.47,0.56,0.54,0.93
1461,2020-12-31,96.76,97.55,98.86,96.65,70504,700765456.0,2.26,-0.27,-0.26,1.01
1462,2021-01-04,97.52,100.63,103.02,96.85,83669,856831952.0,6.32,3.16,3.08,1.2
1463,2021-01-05,100.63,106.15,106.94,99.96,78578,837899856.0,6.94,5.49,5.52,1.13
1464,2021-01-06,105.75,107.1,107.21,102.95,72233,773477904.0,4.01,0.89,0.95,1.04
1465,2021-01-07,107.11,107.76,108.85,105.16,66235,719782816.0,3.45,0.62,0.66,0.95
1466,2021-01-08,107.18,104.65,108.45,102.05,82378,875464064.0,5.94,-2.89,-3.11,1.18
1467,2021-01-11,104.25,102.65,104.7,100.05,67829,710382656.0,4.44,-1.91,-2.0,0.97
1468,2021-01-12,102.08,102.63,105.79,101.86,63452,666809648.0,3.83,-0.02,-0.02,0.91
1469,2021-01-13,104.62,98.65,104.65,98.13,83290,855622864.0,6.35,-3.88,-3.98,1.2
1470,2021-01-14,99.49,95.12,99.64,93.95,79097,768945648.0,5.77,-3.58,-3.53,1.14
1471,2021-01-15,93.66,91.28,93.7,89.15,106162,986247040.0,4.78,-4.04,-3.84,1.53
1472,2021-01-18,91.15,90.1,92.62,88.96,81054,747887184.0,4.01,-1.29,-1.18,1.16
1473,2021-01-19,90.09,86.15,91.1,85.83,120865,1080742816.0,5.85,-4.38,-3.95,1.74
1474,2021-01-20,86.15,88.82,90.15,84.65,146677,1310741056.0,6.38,3.1,2.67,2.11
1475,2021-01-21,88.82,88.83,89.51,86.48,134861,1214141264.0,3.41,0.01,0.01,1.94
1476,2021-01-22,88.83,91.59,93.55,88.81,102726,959855808.0,5.34,3.11,2.76,1.48
1477,2021-01-25,91.59,95.15,95.71,91.15,86845,835412304.0,4.98,3.89,3.56,1.25
1478,2021-01-26,95.16,94.31,95.6,91.8,66119,632256176.0,3.99,-0.88,-0.84,0.95
1479,2021-01-27,92.92,90.98,93.54,88.55,92432,854299936.0,5.29,-3.53,-3.33,1.33
1480,2021-01-28,89.13,86.67,90.16,86.32,90468,809878160.0,4.22,-4.74,-4.31,1.3
1481,2021-01-29,87.22,86.94,89.93,86.15,78098,699855456.0,4.36,0.31,0.27,1.12
1482,2021-02-01,87.38,92.66,92.75,87.38,86487,805173456.0,6.18,6.58,5.72,1.24
1483,2021-02-02,93.03,95.05,95.5,91.65,69473,666600528.0,4.15,2.58,2.39,1.0
1484,2021-02-03,94.55,95.15,97.86,94.26,63494,620436928.0,3.79,0.11,0.1,0.91
1485,2021-02-04,93.75,93.18,96.54,91.83,74786,715760144.0,4.95,-2.07,-1.97,1.07
1486,2021-02-05,93.48,95.89,97.95,91.35,98401,960930448.0,7.08,2.91,2.71,1.41
1487,2021-02-08,95.85,92.33,96.4,90.84,115098,1083797680.0,5.8,-3.71,-3.56,1.65
1488,2021-02-09,91.15,95.21,96.57,90.5,76838,740717152.0,6.57,3.12,2.88,1.1
1489,2021-02-10,95.48,93.93,96.01,93.13,102143,980713184.0,3.02,-1.34,-1.28,1.47
1490,2021-02-18,94.93,90.08,94.93,89.45,93244,867010160.0,5.83,-4.1,-3.85,1.34
1491,2021-02-19,90.17,89.15,91.03,86.21,81991,739870384.0,5.35,-1.03,-0.93,1.18
1492,2021-02-22,89.25,87.35,89.35,86.26,98064,872921936.0,3.47,-2.02,-1.8,1.41
1493,2021-02-23,86.15,85.35,86.43,83.52,108428,941639440.0,3.33,-2.29,-2.0,1.56
1494,2021-02-24,85.75,82.43,86.02,80.25,139007,1169414848.0,6.76,-3.42,-2.92,2.0
1495,2021-02-25,82.05,80.03,82.99,79.93,90947,753069824.0,3.71,-2.91,-2.4,1.31
1496,2021-02-26,78.93,77.78,78.93,75.55,102861,817279248.0,4.22,-2.81,-2.25,1.48
1497,2021-03-01,78.13,77.34,78.45,75.95,107705,853232176.0,3.21,-0.57,-0.44,1.55
1498,2021-03-02,78.14,76.22,79.55,75.85,115464,917975888.0,4.78,-1.45,-1.12,1.66
1499,2021-03-03,76.11,76.85,77.0,75.25,97601,762978192.0,2.3,0.83,0.63,1.4
1500,2021-03-04,76.15,74.12,76.15,73.63,95964,732377728.0,3.28,-3.55,-2.73,1.38
1501,2021-03-05,72.9,75.05,75.91,71.15,70259,535343280.0,6.42,1.25,0.93,1.01
1502,2021-03-08,76.63,74.29,78.31,74.15,128708,1007282384.0,5.54,-1.01,-0.76,1.85
1503,2021-03-09,74.35,73.17,75.43,70.61,93835,705429392.0,6.49,-1.51,-1.12,1.35
1504,2021-03-10,75.66,72.9,75.75,72.19,78927,594819664.0,4.87,-0.37,-0.27,1.13
1505,2021-03-11,72.62,76.61,77.13,71.65,100923,778267312.0,7.52,5.09,3.71,1.45
1506,2021-03-12,76.75,75.15,77.05,73.15,66712,511977040.0,5.09,-1.91,-1.46,0.96
1507,2021-03-15,74.81,72.27,74.89,71.43,73619,547703776.0,4.6,-3.83,-2.88,1.06
1508,2021-03-16,72.48,73.31,73.84,71.83,63631,475568880.0,2.78,1.44,1.04,0.91
1509,2021-03-17,73.25,76.35,76.62,72.25,90583,700324304.0,5.96,4.15,3.04,1.3
1510,2021-03-18,76.03,78.9,80.15,75.75,105986,854458912.0,5.76,3.34,2.55,1.52
1511,2021-03-19,77.34,77.87,79.95,77.19,59028,474943968.0,3.5,-1.31,-1.03,0.85
1512,2021-03-22,77.83,76.96,79.15,75.91,51271,404981904.0,4.16,-1.17,-0.91,0.74
1513,2021-03-23,76.71,77.95,78.93,75.82,62076,493495328.0,4.04,1.29,0.99,0.89
1514,2021-03-24,77.65,77.1,79.23,76.62,67690,540092688.0,3.35,-1.09,-0.85,0.97
1515,2021-03-25,76.1,78.1,78.9,74.83,50567,400843536.0,5.28,1.3,1.0,0.73
1516,2021-03-26,78.15,79.65,81.03,77.84,85457,695444896.0,4.08,1.98,1.55,1.23
1517,2021-03-29,79.95,81.95,83.66,79.15,104733,876281744.0,5.66,2.89,2.3,1.5
1518,2021-03-30,81.85,81.95,83.82,81.04,63248,532739376.0,3.39,0.0,0.0,0.91
1519,2021-03-31,81.55,82.79,82.92,80.16,56823,475923200.0,3.37,1.03,0.84,0.82
1520,2021-04-01,82.79,82.58,83.01,81.52,34396,288911296.0,1.8,-0.25,-0.21,0.49
1521,2021-04-02,83.05,82.58,83.73,82.05,38895,329471232.0,2.03,0.0,0.0,0.56
1522,2021-04-06,82.8,82.1,83.28,80.8,45061,377368096.0,3.0,-0.58,-0.48,0.65
1523,2021-04-07,81.98,80.79,82.52,79.09,57349,471877920.0,4.18,-1.6,-1.31,0.82
1524,2021-04-08,80.56,83.82,84.66,79.66,97805,831961552.0,6.19,3.75,3.03,1.41
1525,2021-04-09,83.6,84.15,85.15,82.53,46764,401428272.0,3.13,0.39,0.33,0.67
1526,2021-04-12,84.15,83.66,86.23,82.75,55466,479223296.0,4.14,-0.58,-0.49,0.8
1527,2021-04-13,83.66,85.16,86.23,83.45,54109,471738592.0,3.32,1.79,1.5,0.78
1528,2021-04-14,85.39,86.51,88.19,84.75,54259,480534704.0,4.04,1.59,1.35,0.78
1529,2021-04-15,86.01,85.1,86.74,84.2,44634,389442736.0,2.94,-1.63,-1.41,0.64
1530,2021-04-16,85.11,86.05,86.57,84.33,44562,390276832.0,2.63,1.12,0.95,0.64
1531,2021-04-19,86.04,86.24,88.15,84.65,63142,558974112.0,4.07,0.22,0.19,0.91
1532,2021-04-20,84.65,88.15,88.95,84.65,78841,705932048.0,4.99,2.21,1.91,1.13
1533,2021-04-21,87.65,91.43,91.45,87.35,98313,906225264.0,4.65,3.72,3.28,1.41
1534,2021-04-22,91.05,92.45,92.53,89.65,67312,626542608.0,3.15,1.12,1.02,0.97
1535,2021-04-23,94.45,90.75,96.54,89.85,140122,1322408864.0,7.24,-1.84,-1.7,2.01
1536,2021-04-26,91.65,90.15,93.66,89.86,107490,1009926576.0,4.19,-0.66,-0.6,1.54
1537,2021-04-27,88.42,90.97,91.28,88.3,84638,775923376.0,3.31,0.91,0.82,1.22
1538,2021-04-28,91.34,91.06,92.12,90.18,57606,536164816.0,2.13,0.1,0.09,0.83
1539,2021-04-29,90.8,90.66,91.84,88.47,58924,542487328.0,3.7,-0.44,-0.4,0.85
1540,2021-04-30,89.73,89.16,90.04,87.03,97060,872433600.0,3.32,-1.65,-1.5,1.39
1541,2021-05-06,88.15,88.6,89.53,87.17,55341,500937088.0,2.65,-0.63,-0.56,0.8
1542,2021-05-07,87.45,89.35,90.76,87.03,70365,641759072.0,4.21,0.85,0.75,1.01
1543,2021-05-10,89.15,91.14,94.75,88.86,125690,1183094080.0,6.59,2.0,1.79,1.81
1544,2021-05-11,91.14,92.55,94.0,90.76,71077,670352464.0,3.55,1.55,1.41,1.02
1545,2021-05-12,92.27,92.75,93.56,91.32,48670,459055936.0,2.42,0.22,0.2,0.7
1546,2021-05-13,92.65,97.51,97.51,91.96,118454,1155701744.0,5.98,5.13,4.76,1.7
1547,2021-05-14,97.49,100.04,103.01,95.34,154065,1568755856.0,7.87,2.59,2.53,2.21
1548,2021-05-17,100.04,100.05,101.65,98.2,88363,901819168.0,3.45,0.01,0.01,1.27
1549,2021-05-18,100.03,101.15,103.59,99.51,67877,701785088.0,4.08,1.1,1.1,0.98
1550,2021-05-19,99.15,98.24,101.15,97.49,68159,683027760.0,3.62,-2.88,-2.91,0.98
1551,2021-05-20,98.15,99.56,100.21,98.15,63725,644105760.0,2.1,1.34,1.32,0.92
1552,2021-05-21,99.14,99.96,101.12,97.77,70593,714708608.0,3.36,0.4,0.4,1.01
1553,2021-05-24,100.03,102.68,102.68,98.7,107675,1112004864.0,3.98,2.72,2.72,1.55
1554,2021-05-25,101.73,103.15,103.74,100.37,79821,833195008.0,3.28,0.46,0.47,1.15
1555,2021-05-26,102.66,102.41,103.65,100.4,61672,640291232.0,3.15,-0.72,-0.74,0.89
1556,2021-05-27,102.15,101.85,102.95,100.55,62244,645439216.0,2.34,-0.55,-0.56,0.89
1557,2021-05-28,102.08,103.02,103.7,100.87,54463,568830560.0,2.78,1.15,1.17,0.78
1558,2021-05-31,103.15,103.09,104.35,99.95,72372,751025088.0,4.27,0.07,0.07,1.04
1559,2021-06-01,103.05,99.91,103.05,97.83,120975,1228038816.0,5.06,-3.08,-3.18,1.74
1560,2021-06-02,99.75,100.19,101.03,98.95,74211,756750224.0,2.08,0.28,0.28,1.07
1561,2021-06-03,100.33,98.55,100.73,98.05,78378,791830992.0,2.67,-1.64,-1.64,1.13
1562,2021-06-04,98.15,101.0,101.81,97.95,81388,831924240.0,3.92,2.49,2.45,1.17
1563,2021-06-07,101.66,109.25,111.29,101.66,207712,2295371040.0,9.53,8.17,8.25,2.98
1564,2021-06-08,109.3,108.34,115.73,107.12,171496,1936961344.0,7.88,-0.83,-0.91,2.46
1565,2021-06-09,111.31,109.0,111.65,105.62,90945,1002133792.0,5.57,0.61,0.66,1.31
1566,2021-06-10,108.78,107.72,111.03,107.0,76920,846286816.0,3.7,-1.17,-1.28,1.11
1567,2021-06-11,108.11,105.73,108.34,103.27,64585,694988960.0,4.71,-1.85,-1.99,0.93
1568,2021-06-15,105.84,106.32,108.15,105.24,59339,643597984.0,2.75,0.56,0.59,0.85
1569,2021-06-16,106.15,103.15,106.32,101.16,69918,733662448.0,4.85,-2.98,-3.17,1.0
1570,2021-06-17,103.26,106.03,108.15,103.26,89304,964412016.0,4.74,2.79,2.88,1.28
1571,2021-06-18,106.37,107.18,110.69,105.15,104157,1140831104.0,5.22,1.08,1.15,1.5
1572,2021-06-21,105.15,104.45,106.05,102.24,84844,897575024.0,3.55,-2.55,-2.73,1.22
1573,2021-06-22,104.03,106.45,106.7,102.65,65908,702985248.0,3.88,1.91,2.0,0.95
1574,2021-06-23,106.39,105.84,107.48,104.17,54494,586373200.0,3.11,-0.57,-0.61,0.78
1575,2021-06-24,105.15,103.45,105.83,102.47,48944,517039248.0,3.17,-2.26,-2.39,0.7
1576,2021-06-25,103.34,108.83,109.0,102.63,77209,840936240.0,6.16,5.2,5.38,1.11
1577,2021-06-28,107.98,110.4,112.03,106.84,68537,765282064.0,4.77,1.44,1.57,0.98
1578,2021-06-29,110.83,113.96,114.83,109.66,75295,866698784.0,4.68,3.22,3.56,1.08
1579,2021-06-30,113.96,113.8,116.26,111.31,49364,574080320.0,4.34,-0.14,-0.16,0.71
1580,2021-07-01,115.74,113.15,115.74,110.43,34709,395726176.0,4.67,-0.57,-0.65,0.5
1581,2021-07-02,112.49,106.85,112.49,105.98,63316,696197952.0,5.75,-5.57,-6.3,0.91
1582,2021-07-05,106.65,107.24,108.03,103.34,66027,711697296.0,4.39,0.36,0.39,0.95
1583,2021-07-06,107.14,104.26,107.14,100.14,91341,959758656.0,6.53,-2.78,-2.98,1.31
1584,2021-07-07,103.36,104.63,105.15,101.15,59148,622171664.0,3.84,0.35,0.37,0.85
1585,2021-07-08,104.42,97.63,104.42,96.29,133269,1344142576.0,7.77,-6.69,-7.0,1.92
1586,2021-07-09,97.64,94.8,98.1,92.79,121205,1166778672.0,5.44,-2.9,-2.83,1.74
1587,2021-07-12,94.8,95.49,95.78,90.84,145846,1388006240.0,5.21,0.73,0.69,2.1
1588,2021-07-13,95.49,98.14,99.52,94.82,97979,975579968.0,4.92,2.78,2.65,1.41
1589,2021-07-14,97.49,96.29,97.49,94.57,71859,701592592.0,2.98,-1.89,-1.85,1.03
1590,2021-07-15,96.33,99.76,101.7,95.23,102731,1039314896.0,6.72,3.6,3.47,1.48
1591,2021-07-16,99.23,96.56,99.76,95.55,105466,1036774400.0,4.22,-3.21,-3.2,1.52
1592,2021-07-19,96.15,97.9,98.55,94.51,86519,850769872.0,4.18,1.39,1.34,1.24
1593,2021-07-20,96.46,99.95,101.07,96.46,78499,794772240.0,4.71,2.09,2.05,1.13
1594,2021-07-21,99.55,99.93,101.16,98.65,74614,760093984.0,2.51,-0.02,-0.02,1.07
1595,2021-07-22,99.45,97.49,99.75,97.35,75472,754033104.0,2.4,-2.44,-2.44,1.08
1596,2021-07-23,97.03,95.23,97.49,94.53,59093,575317808.0,3.04,-2.32,-2.26,0.85
1597,2021-07-26,94.15,90.87,94.15,88.84,112009,1044557280.0,5.58,-4.58,-4.36,1.61
1598,2021-07-27,90.38,88.22,93.94,88.18,78720,731788576.0,6.34,-2.92,-2.65,1.13
1599,2021-07-28,85.01,88.59,88.84,84.53,83796,741371216.0,4.89,0.42,0.37,1.2
1600,2021-07-29,90.17,86.15,90.65,84.89,100427,888226224.0,6.5,-2.75,-2.44,1.44
1601,2021-07-30,84.65,78.43,84.65,78.15,154140,1264985120.0,7.54,-8.96,-7.72,2.21
1602,2021-08-02,77.15,81.83,82.79,75.46,174702,1417476032.0,9.35,4.34,3.4,2.51
1603,2021-08-03,81.79,85.05,87.03,79.2,174286,1500547600.0,9.57,3.93,3.22,2.5
1604,2021-08-04,85.05,82.68,86.45,82.13,98674,844921456.0,5.08,-2.79,-2.37,1.42
1605,2021-08-05,81.09,82.11,84.15,80.43,74580,631738336.0,4.5,-0.69,-0.57,1.07
1606,2021-08-06,81.86,80.23,81.94,79.75,62867,517797616.0,2.67,-2.29,-1.88,0.9
1607,2021-08-09,81.1,85.35,86.84,81.1,128869,1118478224.0,7.15,6.38,5.12,1.85
1608,2021-08-10,85.4,88.59,89.19,84.93,143434,1268920080.0,4.99,3.8,3.24,2.06
1609,2021-08-11,88.76,86.09,88.98,85.62,78509,687986912.0,3.79,-2.82,-2.5,1.13
1610,2021-08-12,85.58,85.45,87.02,84.6,50946,442803488.0,2.81,-0.74,-0.64,0.73
1611,2021-08-13,85.4,85.88,86.49,84.7,41064,356166784.0,2.09,0.5,0.43,0.59
1612,2021-08-16,85.4,87.57,88.46,85.19,56385,499406592.0,3.81,1.97,1.69,0.81
1613,2021-08-17,87.8,85.78,88.28,85.5,56143,493452464.0,3.17,-2.04,-1.79,0.81
1614,2021-08-18,85.76,94.47,94.47,85.55,165203,1543805024.0,10.4,10.13,8.69,2.37
1615,2021-08-19,92.5,89.2,95.4,87.48,145502,1317666720.0,8.38,-5.58,-5.27,2.09
1616,2021-08-20,87.88,84.38,88.78,83.07,84573,732104256.0,6.4,-5.4,-4.82,1.22
1617,2021-08-23,84.3,85.6,86.79,83.94,60726,526637840.0,3.38,1.45,1.22,0.87
1618,2021-08-24,85.54,88.6,90.3,84.91,75048,671386592.0,6.3,3.5,3.0,1.08
1619,2021-08-25,87.99,88.02,90.05,86.7,63122,561549072.0,3.78,-0.65,-0.58,0.91
1620,2021-08-26,89.18,88.59,91.77,87.78,65474,594268400.0,4.53,0.65,0.57,0.94
1621,2021-08-27,88.63,86.85,91.45,86.61,81973,740146768.0,5.46,-1.96,-1.74,1.18
1622,2021-08-30,87.78,83.45,87.78,82.24,91754,775821344.0,6.38,-3.91,-3.4,1.32
1623,2021-08-31,84.32,85.22,87.16,83.46,81610,706498656.0,4.43,2.12,1.77,1.17
1624,2021-09-01,85.25,85.99,87.92,82.41,94434,818733600.0,6.47,0.9,0.77,1.36
1625,2021-09-02,85.56,84.93,88.73,84.11,74464,647357856.0,5.37,-1.23,-1.06,1.07
1626,2021-09-03,84.13,85.06,85.87,82.65,63358,540653008.0,3.79,0.15,0.13,0.91
1627,2021-09-06,84.87,89.1,91.1,83.9,103544,926527664.0,8.46,4.75,4.04,1.49
1628,2021-09-07,88.69,88.59,89.48,87.14,52788,473128320.0,2.63,-0.57,-0.51,0.76
1629,2021-09-08,88.9,87.4,88.9,86.78,47107,416739904.0,2.39,-1.34,-1.19,0.68
1630,2021-09-09,86.89,86.9,87.7,86.3,35097,308916240.0,1.6,-0.57,-0.5,0.5
1631,2021-09-10,86.79,86.5,88.45,85.91,50231,444755104.0,2.92,-0.46,-0.4,0.72
1632,2021-09-13,85.9,85.41,87.9,85.0,46395,405014768.0,3.35,-1.26,-1.09,0.67
1633,2021-09-14,85.95,84.67,86.29,84.29,47081,405212928.0,2.34,-0.87,-0.74,0.68
1634,2021-09-15,83.9,81.3,84.13,80.7,78818,654411840.0,4.05,-3.98,-3.37,1.13
1635,2021-09-16,81.3,79.4,82.4,78.1,86862,703642768.0,5.29,-2.34,-1.9,1.25
1636,2021-09-17,79.5,80.84,81.56,77.2,68312,548429520.0,5.49,1.81,1.44,0.98
1637,2021-09-22,79.26,78.1,79.26,77.12,70175,554933872.0,2.65,-3.39,-2.74,1.01
1638,2021-09-23,78.2,77.88,79.12,77.29,73907,583584912.0,2.34,-0.28,-0.22,1.06
1639,2021-09-24,77.8,77.95,79.12,76.98,83875,664690688.0,2.75,0.09,0.07,1.21
1640,2021-09-27,78.48,82.13,83.85,78.43,125694,1042600816.0,6.95,5.36,4.18,1.81
1641,2021-09-28,80.99,80.8,82.02,77.9,78938,643334624.0,5.02,-1.62,-1.33,1.13
1642,2021-09-29,79.91,79.1,81.4,78.81,46134,372497984.0,3.21,-2.1,-1.7,0.66
1643,2021-09-30,78.89,79.43,80.7,78.56,46929,378872416.0,2.71,0.42,0.33,0.67
1644,2021-10-08,79.9,82.7,83.66,78.9,88900,741239872.0,5.99,4.12,3.27,1.28
1645,2021-10-11,82.69,82.2,84.9,81.83,57912,486870544.0,3.71,-0.6,-0.5,0.83
1646,2021-10-12,81.9,81.75,82.68,80.5,45691,376707152.0,2.65,-0.55,-0.45,0.66
1647,2021-10-13,81.9,85.89,86.94,81.9,96126,823606608.0,6.17,5.06,4.14,1.38
1648,2021-10-14,85.77,83.9,86.89,83.41,62736,538627600.0,4.05,-2.32,-1.99,0.9
1649,2021-10-15,83.6,83.0,84.71,81.87,46422,389776064.0,3.38,-1.07,-0.9,0.67
1650,2021-10-18,82.48,79.2,82.86,78.65,76119,613102176.0,5.07,-4.58,-3.8,1.09
1651,2021-10-19,79.2,79.66,80.02,78.69,50290,403918896.0,1.68,0.58,0.46,0.72
1652,2021-10-20,79.9,78.22,80.27,78.04,51227,407732576.0,2.8,-1.81,-1.44,0.74
1653,2021-10-21,78.22,77.29,78.54,76.66,59973,470662000.0,2.4,-1.19,-0.93,0.86
1654,2021-10-22,77.3,78.95,79.56,76.42,72524,575403376.0,4.06,2.15,1.66,1.04
1655,2021-10-25,78.85,82.41,83.0,77.7,119462,978795936.0,6.71,4.38,3.46,1.72
1656,2021-10-26,84.5,90.76,90.76,84.5,239000,2183208128.0,7.6,10.13,8.35,3.43
1657,2021-10-27,90.2,90.9,91.58,88.42,158432,1449393856.0,3.48,0.15,0.14,2.28
1658,2021-10-28,90.9,93.7,94.11,90.56,140255,1316630080.0,3.91,3.08,2.8,2.02
1659,2021-10-29,93.7,103.18,103.18,93.7,192961,1974119216.0,10.12,10.12,9.48,2.77
1660,2021-11-01,102.86,93.53,102.86,93.23,152916,1493456384.0,9.33,-9.35,-9.65,2.2
1661,2021-11-02,93.93,96.97,98.6,92.23,115370,1122799584.0,6.81,3.68,3.44,1.66
1662,2021-11-03,96.58,96.25,98.92,94.91,51447,505780320.0,4.14,-0.74,-0.72,0.74
1663,2021-11-04,97.12,98.09,99.15,93.97,78383,772795744.0,5.38,1.91,1.84,1.13
1664,2021-11-05,96.2,96.56,98.75,96.06,53996,530697712.0,2.74,-1.56,-1.53,0.78
1665,2021-11-08,96.57,95.42,97.89,94.3,36619,353405920.0,3.72,-1.18,-1.14,0.53
1666,2021-11-09,96.09,94.56,96.81,93.1,50872,486840784.0,3.89,-0.9,-0.86,0.73
1667,2021-11-10,95.9,92.6,95.9,91.78,38138,358567472.0,4.36,-2.07,-1.96,0.55
1668,2021-11-11,92.6,91.71,93.61,90.44,47902,444143824.0,3.42,-0.96,-0.89,0.69
1669,2021-11-12,91.66,92.61,94.07,90.0,67362,631165008.0,4.44,0.98,0.9,0.97
1670,2021-11-15,93.15,96.49,99.48,92.9,81618,798583248.0,7.11,4.19,3.88,1.17
1671,2021-11-16,97.46,96.78,98.74,95.28,39249,384264656.0,3.59,0.3,0.29,0.56
1672,2021-11-17,95.61,96.51,97.13,94.6,36011,349881600.0,2.61,-0.28,-0.27,0.52
1673,2021-11-18,96.54,97.33,97.78,95.3,29285,286567440.0,2.57,0.85,0.82,0.42
1674,2021-11-19,98.4,97.42,98.4,95.7,30537,299197760.0,2.77,0.09,0.09,0.44
1675,2021-11-22,97.27,95.7,98.4,95.48,57168,557833456.0,3.0,-1.77,-1.72,0.82
1676,2021-11-23,94.95,98.84,99.57,94.9,60505,595267600.0,4.88,3.28,3.14,0.87
1677,2021-11-24,98.5,101.4,103.78,97.33,71818,733745792.0,6.53,2.59,2.56,1.03
1678,2021-11-25,101.9,102.7,103.84,98.5,55285,567811760.0,5.27,1.28,1.3,0.79
1679,2021-11-26,101.43,101.2,102.69,99.7,30831,315562208.0,2.91,-1.46,-1.5,0.44
1680,2021-11-29,98.9,99.8,101.15,98.11,29898,300273104.0,3.0,-1.38,-1.4,0.43
1681,2021-11-30,99.7,97.67,100.0,96.6,34058,337537696.0,3.41,-2.13,-2.13,0.49
1682,2021-12-01,98.9,97.5,99.12,95.9,25559,251447825.0,3.3,-0.17,-0.17,0.37
1683,2021-12-02,97.5,96.17,97.7,95.13,24010,233724265.0,2.64,-1.36,-1.33,0.35
1684,2021-12-03,96.41,99.69,101.47,95.6,57846,578643344.0,6.1,3.66,3.52,0.83
1685,2021-12-06,99.58,100.0,103.23,97.41,61609,627469136.0,5.84,0.31,0.31,0.89
1686,2021-12-07,101.58,101.31,104.28,99.92,53515,549720704.0,4.36,1.31,1.31,0.77
1687,2021-12-08,101.25,104.6,105.35,100.55,59094,618145328.0,4.74,3.25,3.29,0.85
1688,2021-12-09,106.6,104.77,107.23,103.9,65164,692818832.0,3.18,0.16,0.17,0.94
1689,2021-12-10,103.64,104.84,105.9,102.91,39936,421379424.0,2.85,0.07,0.07,0.57
1690,2021-12-13,103.9,104.1,107.4,103.4,50245,531995312.0,3.82,-0.71,-0.74,0.72
1691,2021-12-14,103.38,102.67,104.5,101.89,45093,468869152.0,2.51,-1.37,-1.43,0.65
1692,2021-12-15,102.9,100.77,104.15,99.78,50176,515210960.0,4.26,-1.85,-1.9,0.72
1693,2021-12-16,100.8,100.67,101.23,98.1,42934,433155664.0,3.11,-0.1,-0.1,0.62
1694,2021-12-17,100.3,98.6,100.62,96.9,45225,450543280.0,3.7,-2.06,-2.07,0.65
1695,2021-12-20,98.6,97.95,99.78,97.62,25032,249117156.0,2.19,-0.66,-0.65,0.36
1696,2021-12-21,98.2,101.17,102.16,97.9,42664,435398352.0,4.35,3.29,3.22,0.61
1697,2021-12-22,101.17,100.95,102.49,100.22,22227,227414947.0,2.24,-0.22,-0.22,0.32
1698,2021-12-23,100.9,100.34,103.1,98.7,35658,361481584.0,4.36,-0.6,-0.61,0.51
1699,2021-12-24,101.33,103.99,104.85,100.21,45031,467350752.0,4.62,3.64,3.65,0.65
1700,2021-12-27,103.78,101.05,105.4,99.9,41234,426945808.0,5.29,-2.83,-2.94,0.59
1701,2021-12-28,100.9,102.9,103.73,100.17,31418,324634912.0,3.52,1.83,1.85,0.45
1702,2021-12-29,103.5,99.4,104.3,98.71,50642,512993296.0,5.43,-3.4,-3.5,0.73
1703,2021-12-30,98.9,99.41,99.8,98.3,47371,474335024.0,1.51,0.01,0.01,0.68
1704,2021-12-31,99.57,97.9,100.4,97.08,50779,503072016.0,3.34,-1.52,-1.51,0.73
1705,2022-01-04,97.9,98.56,98.96,95.22,52001,510503552.0,3.82,0.67,0.66,0.75
1706,2022-01-05,97.94,99.9,101.9,97.41,54845,555944112.0,4.56,1.36,1.34,0.79
1707,2022-01-06,99.48,96.77,100.49,95.4,53853,530817952.0,5.1,-3.13,-3.13,0.77
1708,2022-01-07,96.19,95.6,97.56,95.4,30610,298125376.0,2.23,-1.21,-1.17,0.44
1709,2022-01-10,94.56,94.04,94.78,90.27,116609,1092109408.0,4.72,-1.63,-1.56,1.68
1710,2022-01-11,93.71,88.82,93.71,88.4,104720,949621808.0,5.65,-5.55,-5.22,1.5
1711,2022-01-12,88.82,89.64,90.17,86.98,83571,751774464.0,3.59,0.92,0.82,1.2
1712,2022-01-13,89.01,88.13,90.28,87.67,43696,392523456.0,2.91,-1.68,-1.51,0.63
1713,2022-01-14,87.1,89.13,90.7,87.1,76944,698592848.0,4.08,1.13,1.0,1.11
1714,2022-01-17,89.9,88.08,89.9,87.53,46715,416637456.0,2.66,-1.18,-1.05,0.67
1715,2022-01-18,88.03,88.35,89.21,87.38,48130,430608256.0,2.08,0.31,0.27,0.69
1716,2022-01-19,87.9,87.61,88.7,85.93,42616,375902960.0,3.14,-0.84,-0.74,0.61
1717,2022-01-20,88.15,89.84,90.43,87.62,60908,550560112.0,3.21,2.55,2.23,0.88
1718,2022-01-21,90.12,92.03,94.53,89.08,80151,749633056.0,6.07,2.44,2.19,1.15
1719,2022-01-24,91.65,94.26,95.28,90.97,68335,649341552.0,4.68,2.42,2.23,0.98
1720,2022-01-25,94.26,92.9,95.02,92.41,37461,354641472.0,2.77,-1.44,-1.36,0.54
1721,2022-01-26,92.56,92.88,94.05,91.37,33589,314958208.0,2.88,-0.02,-0.02,0.48
1722,2022-01-27,92.74,91.87,93.2,91.23,23616,220479890.0,2.12,-1.09,-1.01,0.34
1723,2022-01-28,92.08,91.11,94.56,90.4,32340,302819248.0,4.53,-0.83,-0.76,0.46
1724,2022-02-07,91.83,90.54,94.4,89.78,44434,412104848.0,5.07,-0.63,-0.57,0.64
1725,2022-02-08,90.54,88.48,90.65,87.26,47804,426836896.0,3.74,-2.28,-2.06,0.69
1726,2022-02-09,88.1,90.17,91.74,88.03,60543,550669440.0,4.19,1.91,1.69,0.87
1727,2022-02-10,90.1,88.4,90.1,87.11,71076,632487200.0,3.32,-1.96,-1.77,1.02
1728,2022-02-11,87.9,88.91,90.58,87.68,42010,380305824.0,3.28,0.58,0.51,0.6
1729,2022-02-14,88.99,93.79,94.01,88.91,86567,810424704.0,5.74,5.49,4.88,1.24
1730,2022-02-15,93.2,94.53,95.85,93.18,48857,466523648.0,2.85,0.79,0.74,0.7
1731,2022-02-16,94.53,95.51,96.39,93.64,39810,384141376.0,2.91,1.04,0.98,0.57
1732,2022-02-17,96.4,95.29,96.4,94.16,31959,307917648.0,2.35,-0.23,-0.22,0.46
1733,2022-02-18,94.78,95.2,96.42,93.5,29747,286156224.0,3.06,-0.09,-0.09,0.43
1734,2022-02-21,95.91,94.12,96.1,93.45,23664,225577086.0,2.78,-1.13,-1.08,0.34
1735,2022-02-22,93.9,93.9,94.33,92.36,23238,219440992.0,2.09,-0.23,-0.22,0.33
1736,2022-02-23,93.55,93.5,94.4,91.6,27012,254473186.0,2.98,-0.43,-0.4,0.39
1737,2022-02-24,92.99,92.1,93.79,90.96,35182,327433152.0,3.03,-1.5,-1.4,0.51
1738,2022-02-25,92.02,92.49,92.78,91.44,27969,261068687.0,1.45,0.42,0.39,0.4
1739,2022-02-28,91.61,92.69,92.87,91.47,31835,297078736.0,1.51,0.22,0.2,0.46
1740,2022-03-01,95.86,100.48,102.07,95.5,130208,1319036624.0,7.09,8.4,7.79,1.87
1741,2022-03-02,99.48,98.39,100.1,96.71,74540,741057008.0,3.37,-2.08,-2.09,1.07
1742,2022-03-03,98.4,98.19,100.09,96.91,55818,555510336.0,3.23,-0.2,-0.2,0.8
1743,2022-03-04,97.03,96.92,98.79,96.25,50405,496703888.0,2.59,-1.29,-1.27,0.72
1744,2022-03-07,95.65,90.2,95.65,89.81,88314,814872912.0,6.03,-6.93,-6.72,1.27
1745,2022-03-08,90.2,89.41,92.4,88.49,58535,536746512.0,4.33,-0.88,-0.79,0.84
1746,2022-03-09,89.47,87.74,90.1,83.7,78617,692626816.0,7.16,-1.87,-1.67,1.13
1747,2022-03-10,89.4,93.2,93.78,88.16,96165,895430576.0,6.41,6.22,5.46,1.38
1748,2022-03-11,91.7,91.86,93.15,89.35,50569,466041488.0,4.08,-1.44,-1.34,0.73
1749,2022-03-14,88.9,84.9,89.9,84.75,93028,810321328.0,5.61,-7.58,-6.96,1.34
1750,2022-03-15,83.9,81.29,83.9,79.9,70645,584810448.0,4.71,-4.25,-3.61,1.02
1751,2022-03-16,83.2,85.32,85.9,81.6,66340,563874032.0,5.29,4.96,4.03,0.95
1752,2022-03-17,86.72,85.62,87.49,84.03,65993,574619632.0,4.06,0.35,0.3,0.95
1753,2022-03-18,84.97,84.79,85.58,83.7,64658,555004816.0,2.2,-0.97,-0.83,0.93
1754,2022-03-21,84.15,84.9,85.11,83.08,51578,438567360.0,2.39,0.13,0.11,0.74
1755,2022-03-22,83.97,82.95,84.5,82.4,59004,496780416.0,2.47,-2.3,-1.95,0.85
1756,2022-03-23,83.02,83.42,83.91,81.71,53188,447196800.0,2.65,0.57,0.47,0.76
1757,2022-03-24,82.8,81.24,82.8,80.71,65465,538142176.0,2.51,-2.61,-2.18,0.94
1758,2022-03-25,80.99,78.99,81.1,78.27,75549,608680640.0,3.48,-2.77,-2.25,1.09
1759,2022-03-28,77.7,76.9,78.23,75.3,79482,617061472.0,3.71,-2.65,-2.09,1.14
1760,2022-03-29,77.25,75.3,78.13,74.95,77733,599063600.0,4.14,-2.08,-1.6,1.12
1761,2022-03-30,75.7,78.48,79.26,75.6,115867,910133872.0,4.86,4.22,3.18,1.66
1762,2022-03-31,77.83,77.91,78.6,77.1,51051,402574736.0,1.91,-0.73,-0.57,0.73
1763,2022-04-01,77.27,80.6,81.3,76.96,100474,816398880.0,5.57,3.45,2.69,1.44
1764,2022-04-06,79.8,78.63,79.8,78.03,84094,670730144.0,2.2,-2.44,-1.97,1.21
1765,2022-04-07,78.91,77.61,79.85,77.2,57559,456474576.0,3.37,-1.3,-1.02,0.83
1766,2022-04-08,77.16,76.7,78.0,76.16,46631,363188368.0,2.37,-1.17,-0.91,0.67
1767,2022-04-11,76.19,72.56,76.21,71.9,99497,737151696.0,5.62,-5.4,-4.14,1.43
1768,2022-04-12,72.5,79.58,79.93,72.11,132223,1024204704.0,10.78,9.67,7.02,1.9
1769,2022-04-13,78.2,80.68,82.58,76.65,160521,1307382624.0,7.45,1.38,1.1,2.31
1770,2022-04-14,81.2,83.83,85.26,81.2,123644,1051743232.0,5.03,3.9,3.15,1.78
1771,2022-04-15,82.39,82.97,85.2,81.91,81902,692673552.0,3.92,-1.03,-0.86,1.18
1772,2022-04-18,82.2,83.34,83.62,80.9,54414,455156848.0,3.28,0.45,0.37,0.78
1773,2022-04-19,83.44,83.45,84.85,82.71,45745,385855728.0,2.57,0.13,0.11,0.66
1774,2022-04-20,82.9,84.68,86.9,81.4,84412,722166080.0,6.59,1.47,1.23,1.21
1775,2022-04-21,83.96,82.88,84.8,81.88,60106,506054800.0,3.45,-2.13,-1.8,0.86
1776,2022-04-22,82.18,83.58,83.85,81.0,48337,406464064.0,3.44,0.84,0.7,0.69
1777,2022-04-25,81.7,80.3,83.16,78.89,83354,683487120.0,5.11,-3.92,-3.28,1.2
1778,2022-04-26,80.51,81.47,83.3,80.42,77155,639837984.0,3.59,1.46,1.17,1.11
1779,2022-04-27,80.9,82.59,83.0,79.65,70865,586015840.0,4.11,1.37,1.12,1.02
1780,2022-04-28,81.4,81.8,84.05,81.11,62250,518840720.0,3.56,-0.96,-0.79,0.89
1781,2022-04-29,82.38,85.2,86.4,82.38,135490,1165322800.0,4.91,4.16,3.4,1.95
1782,2022-05-05,85.9,85.14,86.76,84.18,78024,674062528.0,3.03,-0.07,-0.06,1.12
1783,2022-05-06,83.5,79.9,83.5,79.4,99311,811701184.0,4.82,-6.15,-5.24,1.43
1784,2022-05-09,77.58,78.6,79.75,75.5,56117,444524560.0,5.32,-1.63,-1.3,0.81
1785,2022-05-10,76.9,81.33,81.75,76.4,76302,616261536.0,6.81,3.47,2.73,1.1
1786,2022-05-11,81.34,83.8,85.82,81.33,110313,944747328.0,5.52,3.04,2.47,1.59
1787,2022-05-12,83.0,84.5,86.01,83.0,56875,488633744.0,3.59,0.84,0.7,0.82
1788,2022-05-13,84.49,84.01,85.4,83.5,35552,302728480.0,2.25,-0.58,-0.49,0.51
1789,2022-05-16,85.2,84.66,87.4,83.4,62331,538359248.0,4.76,0.77,0.65,0.9
1790,2022-05-17,84.87,84.89,85.4,83.93,33435,287206144.0,1.74,0.27,0.23,0.48
1791,2022-05-18,84.89,83.75,85.08,83.4,40400,343456016.0,1.98,-1.34,-1.14,0.58
1792,2022-05-19,82.3,82.8,84.26,81.9,37018,310530832.0,2.82,-1.13,-0.95,0.53
1793,2022-05-20,83.36,84.87,85.79,82.86,68282,587493472.0,3.54,2.5,2.07,0.98
1794,2022-05-23,85.12,84.27,85.14,83.29,49795,424636016.0,2.18,-0.71,-0.6,0.72
1795,2022-05-24,84.3,82.94,84.62,82.71,42077,355569232.0,2.27,-1.58,-1.33,0.6
1796,2022-05-25,82.76,82.93,83.64,82.5,41152,345495296.0,1.37,-0.01,-0.01,0.59
1797,2022-05-26,83.5,84.92,86.0,82.28,74856,640186832.0,4.49,2.4,1.99,1.08
1798,2022-05-27,85.28,84.08,86.0,83.6,50971,438268384.0,2.83,-0.99,-0.84,0.73
1799,2022-05-30,87.5,89.8,92.6,87.5,160273,1470394928.0,6.07,6.8,5.72,2.3
1800,2022-05-31,89.9,91.65,92.4,89.27,109556,1014980272.0,3.49,2.06,1.85,1.57
1801,2022-06-01,90.8,90.52,92.2,89.76,69222,634534512.0,2.66,-1.23,-1.13,0.99
1802,2022-06-02,89.02,88.85,90.2,88.39,55602,501422176.0,2.0,-1.84,-1.67,0.8
1803,2022-06-06,89.45,91.9,92.55,87.67,77518,713891808.0,5.49,3.43,3.05,1.11
1804,2022-06-07,91.8,91.96,93.4,90.13,64436,599018576.0,3.56,0.07,0.06,0.93
1805,2022-06-08,91.4,93.36,94.7,90.96,71883,676382320.0,4.07,1.52,1.4,1.03
1806,2022-06-09,92.9,90.9,93.4,90.36,50503,467761344.0,3.26,-2.63,-2.46,0.73
1807,2022-06-10,90.4,91.0,91.0,88.93,51769,472773008.0,2.28,0.11,0.1,0.74
1808,2022-06-13,89.9,89.45,90.4,87.21,85216,764475584.0,3.51,-1.7,-1.55,1.22
1809,2022-06-14,87.9,90.85,91.9,87.78,64610,589919536.0,4.61,1.57,1.4,0.93
1810,2022-06-15,90.72,90.44,91.78,89.31,80035,733729456.0,2.72,-0.45,-0.41,1.15
1811,2022-06-16,90.5,89.05,91.55,87.91,73476,665215136.0,4.02,-1.54,-1.39,1.06
1812,2022-06-17,88.09,90.46,90.85,87.97,65681,598605776.0,3.23,1.58,1.41,0.94
1813,2022-06-20,91.04,92.88,93.9,91.04,84963,796222720.0,3.16,2.68,2.42,1.22
1814,2022-06-21,92.9,92.7,94.11,91.28,57950,543839984.0,3.05,-0.19,-0.18,0.83
1815,2022-06-22,92.7,91.77,93.8,91.73,43034,402484432.0,2.23,-1.0,-0.93,0.62
1816,2022-06-23,91.77,92.17,92.4,91.16,46850,435749856.0,1.35,0.44,0.4,0.67
1817,2022-06-24,92.2,94.49,95.9,91.9,74704,707381392.0,4.34,2.52,2.32,1.07
1818,2022-06-27,95.9,98.55,100.8,95.9,102070,1016757856.0,5.19,4.3,4.06,1.47
1819,2022-06-28,97.7,98.9,99.96,95.9,60452,597073696.0,4.12,0.36,0.35,0.87
1820,2022-06-29,98.78,101.19,102.88,98.6,89780,916879984.0,4.33,2.32,2.29,1.29
1821,2022-06-30,101.9,102.82,106.27,101.9,89774,941861008.0,4.32,1.61,1.63,1.29
1822,2022-07-01,102.28,101.48,103.39,99.9,44830,459807024.0,3.39,-1.3,-1.34,0.64
1823,2022-07-04,100.48,103.07,103.78,100.25,47832,496259472.0,3.48,1.57,1.59,0.69
1824,2022-07-05,103.07,100.42,103.39,97.9,69829,704275200.0,5.33,-2.57,-2.65,1.0
1825,2022-07-06,99.58,97.08,100.1,95.9,72921,719158928.0,4.18,-3.33,-3.34,1.05
1826,2022-07-07,96.9,97.83,98.7,93.94,60906,594177488.0,4.9,0.77,0.75,0.88
1827,2022-07-08,97.82,97.62,98.76,96.9,31510,311439015.0,1.9,-0.21,-0.21,0.45
1828,2022-07-11,95.9,95.59,96.9,94.51,43573,419821154.0,2.45,-2.08,-2.03,0.63
1829,2022-07-12,95.4,94.57,96.15,94.01,27791,266723465.0,2.24,-1.07,-1.02,0.4
1830,2022-07-13,94.88,95.79,97.78,94.7,57804,562653069.0,3.26,1.29,1.22,0.83
1831,2022-07-14,95.32,94.9,95.72,93.3,51332,491721313.0,2.53,-0.93,-0.89,0.74
1832,2022-07-15,94.75,95.74,98.88,94.3,56293,552926516.0,4.83,0.89,0.84,0.81
1833,2022-07-18,95.74,95.22,96.4,91.56,66048,629404594.0,5.06,-0.54,-0.52,0.95
1834,2022-07-19,94.71,95.11,95.98,93.26,44109,416518505.0,2.86,-0.12,-0.11,0.63
1835,2022-07-20,95.2,95.56,97.2,94.58,42873,411138817.0,2.75,0.47,0.45,0.62
1836,2022-07-21,94.5,97.01,97.76,94.5,60475,586249376.0,3.41,1.52,1.45,0.87
1837,2022-07-22,97.01,96.21,97.49,95.7,35997,346988215.0,1.85,-0.82,-0.8,0.52
1838,2022-07-25,95.3,100.19,101.0,94.0,82791,819050501.0,7.28,4.14,3.98,1.18
1839,2022-07-26,99.97,100.49,102.5,99.52,46580,469445972.0,2.97,0.3,0.3,0.67
1840,2022-07-27,101.52,100.0,103.87,99.9,42182,426971484.0,3.95,-0.49,-0.49,0.6
1841,2022-07-28,100.1,100.48,102.99,98.66,47829,483630368.0,4.33,0.48,0.48,0.68
1842,2022-07-29,100.09,98.51,100.48,98.02,70879,701333994.0,2.45,-1.96,-1.97,1.01
1843,2022-08-01,100.0,108.06,108.36,99.25,157063,1674145982.0,9.25,9.69,9.55,2.24
1844,2022-08-02,107.43,106.28,108.92,105.8,72443,776067702.0,2.89,-1.65,-1.78,1.03
1845,2022-08-03,106.18,102.97,106.99,102.5,54493,567777010.0,4.22,-3.11,-3.31,0.78
1846,2022-08-04,103.88,103.58,104.13,101.76,43476,447457091.0,2.3,0.59,0.61,0.62
1847,2022-08-05,103.5,103.04,105.18,102.8,44077,456740285.0,2.3,-0.52,-0.54,0.63
1848,2022-08-08,101.02,103.99,105.85,100.12,64926,674306501.0,5.56,0.92,0.95,0.93
1849,2022-08-09,104.02,109.5,110.0,103.12,66662,712374162.0,6.62,5.3,5.51,0.95
1850,2022-08-10,109.3,105.04,109.3,103.53,69396,732630496.0,5.27,-4.07,-4.46,0.99
1851,2022-08-11,105.1,106.48,106.96,102.77,42801,449922530.0,3.99,1.37,1.44,0.61
1852,2022-08-12,105.99,104.5,106.88,103.67,29932,312710781.0,3.01,-1.86,-1.98,0.43
1853,2022-08-15,103.66,103.66,105.13,103.0,27755,287850325.0,2.04,-0.8,-0.84,0.4
1854,2022-08-16,103.67,102.96,104.0,101.88,31983,328686566.0,2.05,-0.68,-0.7,0.46
1855,2022-08-17,102.5,104.72,106.0,100.2,49825,517077447.0,5.63,1.71,1.76,0.71
1856,2022-08-18,104.44,104.97,106.6,103.72,49005,516108473.0,2.75,0.24,0.25,0.7
1857,2022-08-19,104.96,103.52,106.6,103.1,26382,275250826.0,3.33,-1.38,-1.45,0.38
1858,2022-08-22,103.36,102.97,104.47,101.8,28483,293711908.0,2.58,-0.53,-0.55,0.41
1859,2022-08-23,102.19,100.57,102.79,99.99,49819,502102043.0,2.72,-2.33,-2.4,0.71
1860,2022-08-24,100.13,98.97,100.49,98.5,36177,359329480.0,1.98,-1.59,-1.6,0.52
1861,2022-08-25,99.0,100.52,102.0,98.98,37515,376888570.0,3.05,1.57,1.55,0.54
1862,2022-08-26,104.0,108.0,110.2,104.0,144820,1556687503.0,6.17,7.44,7.48,2.07
1863,2022-08-29,107.96,108.5,109.5,105.43,66880,719472598.0,3.77,0.46,0.5,0.96
1864,2022-08-30,108.39,108.48,110.32,107.0,52311,566640223.0,3.06,-0.02,-0.02,0.75
1865,2022-08-31,107.69,108.0,109.65,107.33,41334,448735348.0,2.14,-0.44,-0.48,0.59
1866,2022-09-01,107.35,105.97,107.99,105.6,46414,494734648.0,2.21,-1.88,-2.03,0.66
1867,2022-09-02,105.7,102.0,106.5,101.05,68605,705449486.0,5.14,-3.75,-3.97,0.98
1868,2022-09-05,101.8,99.0,101.8,97.0,79683,785745762.0,4.71,-2.94,-3.0,1.14
1869,2022-09-06,99.09,98.67,100.33,96.89,56323,552975410.0,3.47,-0.33,-0.33,0.8
1870,2022-09-07,98.51,97.29,98.6,96.82,47800,465465475.0,1.8,-1.4,-1.38,0.68
1871,2022-09-08,97.99,97.2,98.87,97.0,42168,411477791.0,1.92,-0.09,-0.09,0.6
1872,2022-09-09,97.22,96.67,97.53,96.0,44806,433555231.0,1.57,-0.55,-0.53,0.64
1873,2022-09-13,97.27,100.05,101.15,96.85,75736,753519105.0,4.45,3.5,3.38,1.08
1874,2022-09-14,98.52,100.25,101.0,98.3,40835,407879836.0,2.7,0.2,0.2,0.58
1875,2022-09-15,99.79,102.29,104.55,99.79,57713,592374453.0,4.75,2.03,2.04,0.82
1876,2022-09-16,101.58,101.12,104.0,100.25,43688,444426411.0,3.67,-1.14,-1.17,0.62
1877,2022-09-19,101.57,101.9,102.5,98.5,56378,571902740.0,3.96,0.77,0.78,0.81
1878,2022-09-20,102.39,102.4,103.2,100.13,30663,312055750.0,3.01,0.49,0.5,0.44
1879,2022-09-21,102.06,101.88,103.92,101.16,37873,387694056.0,2.7,-0.51,-0.52,0.54
1880,2022-09-22,101.44,99.94,101.44,98.63,46290,461881975.0,2.76,-1.9,-1.94,0.66
1881,2022-09-23,100.37,102.3,103.78,100.08,59392,605491795.0,3.7,2.36,2.36,0.85
1882,2022-09-26,101.0,103.85,105.5,101.0,49123,511521719.0,4.4,1.52,1.55,0.7
1883,2022-09-27,104.14,106.95,107.04,102.22,67674,711708250.0,4.64,2.99,3.1,0.97
1884,2022-09-28,106.22,106.08,107.8,105.4,39409,419569705.0,2.24,-0.81,-0.87,0.56
1885,2022-09-29,106.97,105.25,107.97,104.21,49333,520543497.0,3.54,-0.78,-0.83,0.7
1886,2022-09-30,105.56,106.2,108.3,105.25,53363,568027932.0,2.9,0.9,0.95,0.76
1887,2022-10-10,106.0,102.46,106.0,102.0,59068,612836619.0,3.77,-3.52,-3.74,0.84
1888,2022-10-11,102.56,104.06,104.98,101.89,41332,428823374.0,3.02,1.56,1.6,0.59
1889,2022-10-12,104.0,103.77,104.5,100.3,51656,526539543.0,4.04,-0.28,-0.29,0.74
1890,2022-10-13,103.76,100.52,103.76,100.0,47280,477852345.0,3.62,-3.13,-3.25,0.68
1891,2022-10-14,101.05,103.26,104.44,100.4,49033,506337535.0,4.02,2.73,2.74,0.7
1892,2022-10-17,102.5,101.2,103.29,100.3,39535,399907086.0,2.9,-1.99,-2.06,0.56
1893,2022-10-18,101.56,99.44,102.48,98.9,46890,469466441.0,3.54,-1.74,-1.76,0.67
1894,2022-10-19,99.7,97.38,99.7,96.67,60046,585456021.0,3.05,-2.07,-2.06,0.86
1895,2022-10-20,97.4,96.96,99.0,95.28,44387,429413583.0,3.82,-0.43,-0.42,0.63
1896,2022-10-21,96.98,96.67,97.3,94.7,42090,404148830.0,2.68,-0.3,-0.29,0.6
1897,2022-10-24,96.36,92.4,96.36,92.2,44759,418562615.0,4.3,-4.42,-4.27,0.64
1898,2022-10-25,91.01,93.3,93.88,90.38,45735,424207132.0,3.79,0.97,0.9,0.65
1899,2022-10-26,94.09,94.79,96.0,92.7,51047,484371560.0,3.54,1.6,1.49,0.73
1900,2022-10-27,92.8,86.5,92.8,86.0,131943,1161755575.0,7.17,-8.75,-8.29,1.88
1901,2022-10-28,86.0,84.4,86.76,83.73,77676,660516575.0,3.5,-2.43,-2.1,1.11
1902,2022-10-31,84.03,81.8,84.03,80.88,96346,788180053.0,3.73,-3.08,-2.6,1.38
1903,2022-11-01,82.03,87.83,87.84,82.03,106641,915330289.0,7.1,7.37,6.03,1.52
1904,2022-11-02,87.55,93.41,95.38,86.97,121606,1117731387.0,9.58,6.35,5.58,1.74
1905,2022-11-03,92.08,92.11,92.75,90.7,55291,507941884.0,2.19,-1.39,-1.3,0.79
1906,2022-11-04,92.11,99.2,101.2,91.66,104252,1018162804.0,10.36,7.7,7.09,1.49
1907,2022-11-07,98.67,100.01,101.0,97.41,67228,669298293.0,3.62,0.82,0.81,0.96
1908,2022-11-08,99.6,99.07,101.81,98.0,41175,408498033.0,3.81,-0.94,-0.94,0.59
1909,2022-11-09,98.53,96.8,99.5,96.57,41393,403008208.0,2.96,-2.29,-2.27,0.59
1910,2022-11-10,96.85,98.35,99.28,96.18,43649,427312555.0,3.2,1.6,1.55,0.62
1911,2022-11-11,102.0,101.34,103.75,99.0,80437,815301385.0,4.83,3.04,2.99,1.15
1912,2022-11-14,101.99,97.6,103.49,96.9,68787,680263223.0,6.5,-3.69,-3.74,0.98
1913,2022-11-15,97.82,99.22,100.04,97.24,38636,381897541.0,2.87,1.66,1.62,0.55
1914,2022-11-16,99.8,101.11,102.48,98.88,41489,418835138.0,3.63,1.9,1.89,0.59
1915,2022-11-17,100.76,98.76,101.5,97.88,46563,459539369.0,3.58,-2.32,-2.35,0.66
1916,2022-11-18,98.76,98.8,100.26,98.1,44033,436681934.0,2.19,0.04,0.04,0.63
1917,2022-11-21,98.38,95.81,98.38,94.0,52056,495912820.0,4.43,-3.03,-2.99,0.74
1918,2022-11-22,95.58,96.14,96.96,94.79,37055,355105186.0,2.26,0.34,0.33,0.53
1919,2022-11-23,95.69,94.03,95.8,93.21,55081,517076385.0,2.69,-2.19,-2.11,0.79
1920,2022-11-24,93.98,94.08,94.97,92.03,37386,351364089.0,3.13,0.05,0.05,0.53
1921,2022-11-25,94.14,93.4,94.39,92.67,30356,283848341.0,1.83,-0.72,-0.68,0.43
1922,2022-11-28,91.2,95.21,96.0,89.61,58148,543809785.0,6.84,1.94,1.81,0.83
1923,2022-11-29,96.21,100.61,101.08,95.85,95171,946849754.0,5.49,5.67,5.4,1.36
1924,2022-11-30,99.58,101.3,103.0,99.58,61891,628297893.0,3.4,0.69,0.69,0.88
1925,2022-12-01,104.06,104.6,109.0,103.78,90437,953879023.0,5.15,3.26,3.3,1.29
1926,2022-12-02,104.03,103.0,105.57,102.2,47734,494085015.0,3.22,-1.53,-1.6,0.68
1927,2022-12-05,103.97,104.64,106.0,103.2,53037,556067786.0,2.72,1.59,1.64,0.76
1928,2022-12-06,104.01,111.34,112.59,104.01,89456,987638736.0,8.2,6.4,6.7,1.28
1929,2022-12-07,110.57,108.65,110.98,107.51,63433,690955077.0,3.12,-2.42,-2.69,0.91
1930,2022-12-08,108.65,109.19,109.99,105.73,44430,481544637.0,3.92,0.5,0.54,0.63
1931,2022-12-09,109.24,110.96,111.3,108.28,54432,599338182.0,2.77,1.62,1.77,0.78
1932,2022-12-12,108.66,108.33,110.66,107.96,37200,404601696.0,2.43,-2.37,-2.63,0.53
1933,2022-12-13,108.8,108.4,109.56,107.45,39784,431960222.0,1.95,0.06,0.07,0.57
1934,2022-12-14,109.1,108.5,110.02,106.9,41702,453185332.0,2.88,0.09,0.1,0.6
1935,2022-12-15,108.68,106.48,109.58,106.0,41989,449284538.0,3.3,-1.86,-2.02,0.6
1936,2022-12-16,105.94,108.02,108.3,105.81,37251,401152099.0,2.34,1.45,1.54,0.53
1937,2022-12-19,107.84,106.91,108.88,105.55,24741,264493555.0,3.08,-1.03,-1.11,0.35
1938,2022-12-20,105.95,103.91,106.8,103.2,37545,391112128.0,3.37,-2.81,-3.0,0.54
1939,2022-12-21,104.97,105.45,107.0,104.01,30095,318420207.0,2.88,1.48,1.54,0.43
1940,2022-12-22,105.95,106.66,107.69,104.17,29372,312447117.0,3.34,1.15,1.21,0.42
1941,2022-12-23,105.66,109.61,109.61,104.5,37593,407299278.0,4.79,2.77,2.95,0.54
1942,2022-12-26,107.9,106.38,108.98,106.2,36566,392129800.0,2.54,-2.95,-3.23,0.52
1943,2022-12-27,107.5,108.83,111.11,106.65,35142,382927477.0,4.19,2.3,2.45,0.5
1944,2022-12-28,108.63,108.76,109.88,107.7,21625,234906577.0,2.0,-0.06,-0.07,0.31
1945,2022-12-29,107.85,107.15,108.2,106.39,31139,333815976.0,1.66,-1.48,-1.61,0.44
1946,2022-12-30,108.24,107.5,108.49,105.4,38566,412610799.0,2.88,0.33,0.35,0.55
