,日期,开盘,收盘,最高,最低,成交量,成交额,振幅,涨跌幅,涨跌额,换手率
0,2015-01-05,5.6,6.35,6.53,5.58,642813,827333984.0,17.3,15.66,0.86,3.21
1,2015-01-06,6.35,6.53,7.11,6.17,573407,764406576.0,14.8,2.83,0.18,2.86
2,2015-01-07,6.55,6.26,6.6,6.13,264065,341243968.0,7.2,-4.13,-0.27,1.32
3,2015-01-08,6.18,6.32,6.55,6.05,301591,391543872.0,7.99,0.96,0.06,1.51
4,2015-01-09,6.16,6.08,6.56,5.93,369143,480551104.0,9.97,-3.8,-0.24,1.84
5,2015-01-12,5.94,6.13,6.3,5.87,238083,303719888.0,7.07,0.82,0.05,1.19
6,2015-01-13,6.1,6.81,6.84,6.08,475262,630455184.0,12.4,11.09,0.68,2.37
7,2015-01-14,6.81,6.65,7.0,6.46,275532,368721808.0,7.93,-2.35,-0.16,1.38
8,2015-01-15,6.7,6.83,6.9,6.56,210639,282094192.0,5.11,2.71,0.18,1.05
9,2015-01-16,6.87,6.69,6.93,6.6,239677,320623488.0,4.83,-2.05,-0.14,1.2
10,2015-01-19,6.22,5.76,6.43,5.53,350998,447795488.0,13.45,-13.9,-0.93,1.75
11,2015-01-20,5.95,6.64,6.65,5.95,452747,590904640.0,12.15,15.28,0.88,2.26
12,2015-01-21,6.65,7.21,7.22,6.53,458197,628584816.0,10.39,8.58,0.57,2.29
13,2015-01-22,7.18,7.14,7.32,6.95,270654,372982224.0,5.13,-0.97,-0.07,1.35
14,2015-01-23,7.15,7.05,7.42,6.95,216125,297360672.0,6.58,-1.26,-0.09,1.08
15,2015-01-26,7.06,7.3,7.42,7.06,203120,283003776.0,5.11,3.55,0.25,1.01
16,2015-01-27,7.3,7.49,7.52,6.86,329779,459160112.0,9.04,2.6,0.19,1.65
17,2015-01-28,7.49,7.19,7.5,7.15,234916,328532928.0,4.67,-4.01,-0.3,1.17
18,2015-01-29,7.12,7.01,7.2,6.92,173173,236920494.0,3.89,-2.5,-0.18,0.86
19,2015-01-30,7.05,6.59,7.2,6.59,215000,289676544.0,8.7,-5.99,-0.42,1.07
20,2015-02-02,6.47,6.46,6.71,6.31,182930,240360299.0,6.07,-1.97,-0.13,0.91
21,2015-02-03,6.71,6.61,6.8,6.51,207840,276313472.0,4.49,2.32,0.15,1.04
22,2015-02-04,6.8,6.53,6.82,6.45,159715,211150064.0,5.6,-1.21,-0.08,0.8
23,2015-02-05,6.65,6.26,6.74,6.2,236430,311418768.0,8.27,-4.13,-0.27,1.18
24,2015-02-06,6.28,5.9,6.34,5.83,286408,362276624.0,8.15,-5.75,-0.36,1.43
25,2015-02-09,5.9,6.08,6.44,5.88,267827,343580528.0,9.49,3.05,0.18,1.34
26,2015-02-10,6.09,6.6,6.68,6.08,236750,309180240.0,9.87,8.55,0.52,1.18
27,2015-02-11,6.62,6.61,6.92,6.54,186603,249373597.0,5.76,0.15,0.01,0.93
28,2015-02-12,6.69,6.96,7.12,6.65,262647,356847408.0,7.11,5.3,0.35,1.31
29,2015-02-13,7.03,6.98,7.2,6.81,228766,311309632.0,5.6,0.29,0.02,1.14
30,2015-02-16,7.03,6.99,7.1,6.75,256725,348206384.0,5.01,0.14,0.01,1.28
31,2015-02-17,7.27,7.95,8.22,7.07,589428,846479264.0,16.45,13.73,0.96,2.94
32,2015-02-25,8.13,8.0,8.54,7.87,434072,642945232.0,8.43,0.63,0.05,2.17
33,2015-02-26,8.0,8.41,8.46,7.91,333856,498560448.0,6.88,5.13,0.41,1.67
34,2015-02-27,8.41,8.24,8.62,8.05,265123,394999392.0,6.78,-2.02,-0.17,1.32
35,2015-03-02,8.36,8.31,8.45,8.09,315443,471185168.0,4.37,0.85,0.07,1.57
36,2015-03-03,8.32,7.82,8.32,7.76,288170,421042544.0,6.74,-5.9,-0.49,1.44
37,2015-03-04,7.82,8.23,8.35,7.82,289386,427371264.0,6.78,5.24,0.41,1.44
38,2015-03-05,8.26,8.12,8.44,7.91,204025,301772096.0,6.44,-1.34,-0.11,1.02
39,2015-03-06,8.15,7.81,8.19,7.77,160866,234359710.0,5.17,-3.82,-0.31,0.8
40,2015-03-09,7.78,8.12,8.13,7.53,226282,326236064.0,7.68,3.97,0.31,1.13
41,2015-03-10,8.09,8.08,8.12,7.91,160108,234849322.0,2.59,-0.49,-0.04,0.8
42,2015-03-11,8.08,8.06,8.27,8.01,173226,256121257.0,3.22,-0.25,-0.02,0.86
43,2015-03-12,8.04,8.29,8.31,7.86,249867,367956352.0,5.58,2.85,0.23,1.25
44,2015-03-13,8.34,8.29,8.61,8.13,332356,500011632.0,5.79,0.0,0.0,1.66
45,2015-03-16,7.93,8.37,8.38,7.93,409411,610750848.0,5.43,0.97,0.08,2.04
46,2015-03-17,8.37,8.43,8.49,8.25,333702,500313008.0,2.87,0.72,0.06,1.67
47,2015-03-18,8.48,9.08,9.09,8.33,599704,918420368.0,9.02,7.71,0.65,2.99
48,2015-03-19,9.14,8.98,9.19,8.85,365851,572614992.0,3.74,-1.1,-0.1,1.83
49,2015-03-20,9.04,8.89,9.08,8.72,349131,541658224.0,4.01,-1.0,-0.09,1.74
50,2015-03-23,8.93,9.01,9.21,8.9,382789,599573360.0,3.49,1.35,0.12,1.91
51,2015-03-24,9.02,9.58,9.74,9.0,571836,919408128.0,8.21,6.33,0.57,2.85
52,2015-03-25,9.66,10.17,10.54,9.58,614638,1030370224.0,10.02,6.16,0.59,3.07
53,2015-03-26,10.15,10.01,10.32,9.77,394631,656307552.0,5.41,-1.57,-0.16,1.97
54,2015-03-27,10.15,10.72,10.84,10.0,418143,719687408.0,8.39,7.09,0.71,2.09
55,2015-03-30,10.8,10.79,11.2,10.47,549461,955985776.0,6.81,0.65,0.07,2.74
56,2015-03-31,10.95,10.08,11.19,9.85,821586,1389082640.0,12.42,-6.58,-0.71,4.1
57,2015-04-01,10.1,10.1,10.23,9.89,437761,732023456.0,3.37,0.2,0.02,2.19
58,2015-04-02,10.11,10.17,10.4,10.0,512049,859966192.0,3.96,0.69,0.07,2.56
59,2015-04-03,10.12,10.12,10.16,9.9,385274,642655824.0,2.56,-0.49,-0.05,1.92
60,2015-04-07,10.13,10.26,10.28,10.05,683090,1148435008.0,2.27,1.38,0.14,3.41
61,2015-04-08,10.43,10.34,10.7,10.17,666243,1136582128.0,5.17,0.78,0.08,3.33
62,2015-04-09,10.35,9.88,10.47,9.53,579540,957412656.0,9.09,-4.45,-0.46,2.89
63,2015-04-10,9.81,10.17,10.24,9.76,424380,710088256.0,4.86,2.94,0.29,2.12
64,2015-04-13,10.56,10.46,10.65,10.15,679363,1159922064.0,4.92,2.85,0.29,3.39
65,2015-04-14,10.53,11.5,11.7,10.4,864156,1517567264.0,12.43,9.94,1.04,4.31
66,2015-04-15,11.3,10.21,11.3,10.16,746646,1230480768.0,9.91,-11.22,-1.29,3.73
67,2015-04-16,10.1,10.32,10.45,9.3,439912,706086624.0,11.26,1.08,0.11,2.2
68,2015-04-17,10.36,10.26,10.4,10.15,515091,833625312.0,2.42,-0.58,-0.06,2.57
69,2015-04-20,10.19,9.57,10.19,9.5,636277,998513104.0,6.73,-6.73,-0.69,3.18
70,2015-04-21,9.57,10.08,10.16,9.56,467753,740947456.0,6.27,5.33,0.51,2.34
71,2015-04-22,10.2,10.72,10.75,10.2,633124,1038115392.0,5.46,6.35,0.64,3.16
72,2015-04-23,10.79,10.58,10.88,10.35,542268,893240928.0,4.94,-1.31,-0.14,2.71
73,2015-04-24,10.3,10.3,10.5,9.8,586570,940598416.0,6.62,-2.65,-0.28,2.93
74,2015-04-27,10.29,10.28,10.76,10.17,638969,1040414880.0,5.73,-0.19,-0.02,3.19
75,2015-04-28,10.26,9.84,10.3,9.7,516674,818847488.0,5.84,-4.28,-0.44,2.58
76,2015-04-29,9.8,9.98,10.14,9.6,344496,545814416.0,5.49,1.42,0.14,1.72
77,2015-04-30,9.99,9.74,10.13,9.71,298720,472630768.0,4.21,-2.4,-0.24,1.49
78,2015-05-04,9.79,9.93,10.01,9.56,364535,572253280.0,4.62,1.95,0.19,1.82
79,2015-05-05,9.96,9.63,10.05,9.6,390252,614563264.0,4.53,-3.02,-0.3,1.95
80,2015-05-06,9.73,9.34,10.05,9.3,404700,630912800.0,7.79,-3.01,-0.29,2.02
81,2015-05-07,9.3,9.42,9.69,9.23,306498,468350992.0,4.93,0.86,0.08,1.53
82,2015-05-08,9.51,9.65,9.75,9.35,303503,468354960.0,4.25,2.44,0.23,1.52
83,2015-05-11,9.7,9.95,9.95,9.48,472543,737716992.0,4.87,3.11,0.3,2.36
84,2015-05-12,9.94,9.9,9.99,9.79,372193,586997184.0,2.01,-0.5,-0.05,1.86
85,2015-05-13,9.95,10.35,10.54,9.9,743818,1208211184.0,6.46,4.55,0.45,3.71
86,2015-05-14,10.36,10.11,10.44,9.95,390130,624232192.0,4.73,-2.32,-0.24,1.95
87,2015-05-15,10.11,9.65,10.11,9.52,331926,518785536.0,5.84,-4.55,-0.46,1.66
88,2015-05-18,9.52,9.44,9.6,9.35,283826,435937408.0,2.59,-2.18,-0.21,1.42
89,2015-05-19,9.5,10.01,10.02,9.42,423756,665887040.0,6.36,6.04,0.57,2.12
90,2015-05-20,10.08,10.01,10.35,9.92,546182,874822560.0,4.3,0.0,0.0,2.73
91,2015-05-21,10.08,10.28,10.29,9.91,484650,776474720.0,3.8,2.7,0.27,2.42
92,2015-05-22,10.41,10.64,10.75,10.41,620488,1023781968.0,3.31,3.5,0.36,3.1
93,2015-05-25,10.68,10.92,11.05,10.68,737322,1236850336.0,3.48,2.63,0.28,3.68
94,2015-05-26,10.96,11.14,11.19,10.6,858677,1445260864.0,5.4,2.01,0.22,4.29
95,2015-05-27,11.51,12.0,12.16,11.08,1102810,1921900640.0,9.69,7.72,0.86,5.51
96,2015-05-28,12.0,10.47,12.0,10.41,866554,1488807904.0,13.25,-12.75,-1.53,4.33
97,2015-05-29,10.47,10.53,10.99,9.9,605098,991811584.0,10.41,0.57,0.06,3.02
98,2015-06-01,10.53,11.35,11.37,10.39,642544,1087788896.0,9.31,7.79,0.82,3.21
99,2015-06-02,11.37,11.38,11.41,10.92,586038,1001540208.0,4.32,0.26,0.03,2.93
100,2015-06-03,11.37,11.01,11.37,10.75,474153,802435616.0,5.45,-3.25,-0.37,2.37
101,2015-06-04,11.01,10.75,11.06,9.5,546500,891399584.0,14.17,-2.36,-0.26,2.73
102,2015-06-05,10.95,11.21,11.38,10.82,721051,1226127072.0,5.21,4.28,0.46,3.6
103,2015-06-08,11.21,11.82,11.9,11.06,915685,1594605904.0,7.49,5.44,0.61,4.57
104,2015-06-09,11.8,11.3,11.8,11.07,626404,1083636848.0,6.18,-4.4,-0.52,3.13
105,2015-06-10,11.12,11.08,11.3,10.81,518091,879786736.0,4.34,-1.95,-0.22,2.59
106,2015-06-11,11.1,10.99,11.21,10.82,431928,727566048.0,3.52,-0.81,-0.09,2.16
107,2015-06-12,11.0,11.16,11.2,10.92,594809,1007957744.0,2.55,1.55,0.17,2.97
108,2015-06-15,11.21,11.29,11.73,11.15,976501,1692545872.0,5.2,1.16,0.13,4.88
109,2015-06-16,11.1,10.45,11.1,10.38,576942,957335520.0,6.38,-7.44,-0.84,2.88
110,2015-06-17,10.45,10.63,10.7,10.0,444106,720814016.0,6.7,1.72,0.18,2.22
111,2015-06-18,10.52,9.9,10.6,9.9,463414,747994272.0,6.59,-6.87,-0.73,2.31
112,2015-06-19,9.78,9.43,10.22,9.4,489280,766341408.0,8.28,-4.75,-0.47,2.44
113,2015-06-23,9.63,9.58,9.64,8.6,507913,768272128.0,11.03,1.59,0.15,2.54
114,2015-06-24,9.65,9.82,9.91,9.42,485118,756068528.0,5.11,2.51,0.24,2.42
115,2015-06-25,9.71,9.14,9.81,9.07,496299,760100672.0,7.54,-6.92,-0.68,2.48
116,2015-06-26,8.85,7.69,8.94,7.64,684886,966020624.0,14.22,-15.86,-1.45,3.42
117,2015-06-29,8.15,7.34,8.25,6.66,646577,863099408.0,20.68,-4.55,-0.35,3.23
118,2015-06-30,7.29,8.38,8.43,7.27,580759,801198000.0,15.8,14.17,1.04,2.9
119,2015-07-01,8.22,7.8,8.65,7.76,438522,622935664.0,10.62,-6.92,-0.58,2.19
120,2015-07-02,8.0,7.45,8.09,7.15,445047,603615920.0,12.05,-4.49,-0.35,2.22
121,2015-07-03,7.6,7.17,7.93,6.5,548482,723933168.0,19.19,-3.76,-0.28,2.74
122,2015-07-06,8.45,7.73,8.46,6.78,585623,792132352.0,23.43,7.81,0.56,2.92
123,2015-07-07,7.44,7.82,7.94,7.0,813511,1096635584.0,12.16,1.16,0.09,4.06
124,2015-07-08,6.9,6.45,7.56,6.45,772492,971693152.0,14.19,-17.52,-1.37,3.86
125,2015-07-09,6.45,7.69,7.69,5.8,625869,815856720.0,29.3,19.22,1.24,3.12
126,2015-07-10,8.12,9.05,9.05,7.91,750020,1107031216.0,14.82,17.69,1.36,3.74
127,2015-07-13,9.1,9.59,10.07,8.71,874609,1341143104.0,15.03,5.97,0.54,4.37
128,2015-07-14,9.1,8.9,9.25,8.75,547493,814751872.0,5.21,-7.19,-0.69,2.73
129,2015-07-15,8.7,8.23,8.7,8.11,377675,538814224.0,6.63,-7.53,-0.67,1.89
130,2015-07-16,8.23,8.37,8.78,8.23,252992,363240816.0,6.68,1.7,0.14,1.26
131,2015-07-17,8.37,8.78,8.97,8.37,317552,463517616.0,7.17,4.9,0.41,1.59
132,2015-07-20,8.58,8.49,8.86,8.36,328586,475462608.0,5.69,-3.3,-0.29,1.64
133,2015-07-21,8.4,8.44,8.6,8.3,193853,278192336.0,3.53,-0.59,-0.05,0.97
134,2015-07-22,8.42,8.19,8.42,7.99,234219,330088128.0,5.09,-2.96,-0.25,1.17
135,2015-07-23,8.15,8.49,8.57,8.13,317568,453412032.0,5.37,3.66,0.3,1.59
136,2015-07-24,8.51,8.21,8.61,8.15,291077,416297008.0,5.42,-3.3,-0.28,1.45
137,2015-07-27,8.01,6.8,8.09,6.8,369924,497083984.0,15.71,-17.17,-1.41,1.85
138,2015-07-28,6.54,7.21,7.3,6.54,402303,514684080.0,11.18,6.03,0.41,2.01
139,2015-07-29,7.21,7.47,7.54,6.94,223662,292136320.0,8.32,3.61,0.26,1.12
140,2015-07-30,7.31,7.14,7.55,7.11,202618,269384864.0,5.89,-4.42,-0.33,1.01
141,2015-07-31,7.04,7.37,7.39,6.93,151368,197737711.0,6.44,3.22,0.23,0.76
142,2015-08-03,7.2,7.82,7.83,7.14,220668,294184768.0,9.36,6.11,0.45,1.1
143,2015-08-04,7.75,8.04,8.07,7.5,228091,314207824.0,7.29,2.81,0.22,1.14
144,2015-08-05,8.0,7.48,8.0,7.46,221400,301051648.0,6.72,-6.97,-0.56,1.11
145,2015-08-06,7.44,7.28,7.5,7.2,106741,141304576.0,4.01,-2.67,-0.2,0.53
146,2015-08-07,7.32,7.45,7.6,7.29,189601,252856539.0,4.26,2.34,0.17,0.95
147,2015-08-10,7.46,7.87,7.98,7.45,334290,456566320.0,7.11,5.64,0.42,1.67
148,2015-08-11,7.82,7.91,8.26,7.7,325055,449868192.0,7.12,0.51,0.04,1.62
149,2015-08-12,7.8,7.62,7.98,7.61,179812,245818382.0,4.68,-3.67,-0.29,0.9
150,2015-08-13,7.63,7.74,7.82,7.45,216026,292148144.0,4.86,1.57,0.12,1.08
151,2015-08-14,7.79,7.83,8.13,7.7,332253,458975568.0,5.56,1.16,0.09,1.66
152,2015-08-17,7.73,7.83,7.89,7.63,214588,293266608.0,3.32,0.0,0.0,1.07
153,2015-08-18,7.83,7.12,7.97,7.01,309471,416615264.0,12.26,-9.07,-0.71,1.55
154,2015-08-19,6.92,7.86,8.02,6.76,308550,407244224.0,17.7,10.39,0.74,1.54
155,2015-08-20,7.91,7.71,8.29,7.69,440898,613190032.0,7.63,-1.91,-0.15,2.2
156,2015-08-21,7.46,6.9,7.46,6.75,288348,375582048.0,9.21,-10.51,-0.81,1.44
157,2015-08-24,6.53,5.62,6.53,5.62,459447,536573440.0,13.19,-18.55,-1.28,2.29
158,2015-08-25,5.34,4.8,5.92,4.68,405284,452102240.0,22.06,-14.59,-0.82,2.02
159,2015-08-26,5.11,5.27,5.67,4.75,358073,398533360.0,19.17,9.79,0.47,1.79
160,2015-08-27,5.5,5.77,5.79,5.2,246134,280482800.0,11.2,9.49,0.5,1.23
161,2015-08-28,6.1,6.12,6.32,5.75,325218,386458096.0,9.88,6.07,0.35,1.62
162,2015-08-31,5.98,6.25,6.27,5.56,290129,343151152.0,11.6,2.12,0.13,1.45
163,2015-09-01,6.03,6.35,6.43,5.69,378957,456841536.0,11.84,1.6,0.1,1.89
164,2015-09-02,5.94,6.66,6.86,5.81,430600,532053664.0,16.54,4.88,0.31,2.15
165,2015-09-07,6.58,6.12,7.03,6.01,261379,323637088.0,15.32,-8.11,-0.54,1.3
166,2015-09-08,6.0,6.41,6.51,5.96,156602,190804330.0,8.99,4.74,0.29,0.78
167,2015-09-09,6.38,6.58,6.69,6.38,170993,212920567.0,4.84,2.65,0.17,0.85
168,2015-09-10,6.4,6.42,6.55,6.28,99911,123312112.0,4.1,-2.43,-0.16,0.5
169,2015-09-11,6.36,6.28,6.49,6.23,59686,73124926.0,4.05,-2.18,-0.14,0.3
170,2015-09-14,6.29,6.3,6.37,5.71,203031,242954260.0,10.51,0.32,0.02,1.01
171,2015-09-15,6.16,5.94,6.24,5.82,102272,121602385.0,6.67,-5.71,-0.36,0.51
172,2015-09-16,5.92,6.53,6.85,5.83,165843,201924342.0,17.17,9.93,0.59,0.83
173,2015-09-17,6.38,6.15,6.58,6.12,173354,212501608.0,7.04,-5.82,-0.38,0.87
174,2015-09-18,6.24,6.19,6.43,6.1,76747,93073636.0,5.37,0.65,0.04,0.38
175,2015-09-21,6.11,6.34,6.4,6.1,83187,101196718.0,4.85,2.42,0.15,0.42
176,2015-09-22,6.35,6.3,6.46,6.26,84603,103699261.0,3.15,-0.63,-0.04,0.42
177,2015-09-23,6.16,6.01,6.22,5.97,106117,127179091.0,3.97,-4.6,-0.29,0.53
178,2015-09-24,5.98,6.05,6.16,5.96,50834,60861969.0,3.33,0.67,0.04,0.25
179,2015-09-25,6.05,5.8,6.12,5.75,56911,67277153.0,6.12,-4.13,-0.25,0.28
180,2015-09-28,5.8,5.88,5.94,5.73,44895,52724713.0,3.62,1.38,0.08,0.22
181,2015-09-29,5.75,5.77,5.87,5.71,58032,67775398.0,2.72,-1.87,-0.11,0.29
182,2015-09-30,5.88,5.95,6.08,5.88,92861,110656424.0,3.47,3.12,0.18,0.46
183,2015-10-08,6.79,6.61,6.84,6.55,222601,279739072.0,4.87,11.09,0.66,1.11
184,2015-10-09,6.77,6.64,6.77,6.56,93473,117152977.0,3.18,0.45,0.03,0.47
185,2015-10-12,6.65,7.03,7.15,6.6,217594,279742224.0,8.28,5.87,0.39,1.09
186,2015-10-13,6.91,7.02,7.05,6.81,162246,207744468.0,3.41,-0.14,-0.01,0.81
187,2015-10-14,6.93,6.81,7.1,6.8,109837,140955842.0,4.27,-2.99,-0.21,0.55
188,2015-10-15,6.7,7.01,7.05,6.65,112270,144271986.0,5.87,2.94,0.2,0.56
189,2015-10-16,7.07,7.31,7.45,7.05,209427,275257568.0,5.71,4.28,0.3,1.05
190,2015-10-19,7.38,7.1,7.43,7.03,129872,170005508.0,5.47,-2.87,-0.21,0.65
191,2015-10-20,7.2,7.12,7.2,6.9,96596,125062819.0,4.23,0.28,0.02,0.48
192,2015-10-21,7.1,6.72,7.19,6.68,161948,208259155.0,7.16,-5.62,-0.4,0.81
193,2015-10-22,6.9,7.05,7.1,6.74,108176,138475198.0,5.36,4.91,0.33,0.54
194,2015-10-23,7.07,7.18,7.24,7.03,116271,151486383.0,2.98,1.84,0.13,0.58
195,2015-10-26,7.3,7.23,7.4,7.16,142589,187930864.0,3.34,0.7,0.05,0.71
196,2015-10-27,7.23,7.53,7.6,7.1,189809,251447969.0,6.92,4.15,0.3,0.95
197,2015-10-28,7.49,7.63,7.9,7.39,296170,403522704.0,6.77,1.33,0.1,1.48
198,2015-10-29,7.62,7.57,7.74,7.5,80456,108488058.0,3.15,-0.79,-0.06,0.4
199,2015-10-30,7.58,7.53,7.65,7.38,97033,130346161.0,3.57,-0.53,-0.04,0.48
200,2015-11-02,7.4,7.4,7.63,7.29,62068,83074793.0,4.52,-1.73,-0.13,0.31
201,2015-11-03,7.4,7.5,7.62,7.4,68243,91448206.0,2.97,1.35,0.1,0.34
202,2015-11-04,7.55,7.97,8.07,7.53,199144,274064000.0,7.2,6.27,0.47,0.99
203,2015-11-05,7.97,8.01,8.56,7.81,282368,397612848.0,9.41,0.5,0.04,1.41
204,2015-11-06,8.0,8.18,8.28,8.0,107237,150873187.0,3.5,2.12,0.17,0.54
205,2015-11-09,8.13,8.67,8.95,8.13,297818,432822656.0,10.02,5.99,0.49,1.49
206,2015-11-10,8.63,8.39,8.95,8.25,228167,329195776.0,8.07,-3.23,-0.28,1.14
207,2015-11-11,8.36,8.25,8.38,8.13,115107,162410956.0,2.98,-1.67,-0.14,0.57
208,2015-11-12,8.3,8.27,8.31,8.1,74608,105096527.0,2.55,0.24,0.02,0.37
209,2015-11-13,8.24,8.24,8.33,8.05,86144,121312962.0,3.39,-0.36,-0.03,0.43
210,2015-11-16,8.23,8.39,8.44,8.08,105350,149769938.0,4.37,1.82,0.15,0.53
211,2015-11-17,8.45,8.28,8.51,8.26,120198,171693146.0,2.98,-1.31,-0.11,0.6
212,2015-11-18,8.28,8.14,8.3,8.09,73940,104255243.0,2.54,-1.69,-0.14,0.37
213,2015-11-19,8.3,8.67,8.69,8.29,237601,343024352.0,4.91,6.51,0.53,1.19
214,2015-11-20,8.58,8.49,8.8,8.39,141917,204360714.0,4.73,-2.08,-0.18,0.71
215,2015-11-23,8.48,8.32,8.56,8.31,89402,128249075.0,2.94,-2.0,-0.17,0.45
216,2015-11-24,8.26,8.24,8.41,8.11,99125,139830518.0,3.61,-0.96,-0.08,0.49
217,2015-11-25,8.23,8.3,8.3,8.16,65647,92780615.0,1.7,0.73,0.06,0.33
218,2015-11-26,8.33,8.42,8.44,8.24,98485,140306042.0,2.41,1.45,0.12,0.49
219,2015-11-27,8.41,7.93,8.41,7.8,139687,195360574.0,7.24,-5.82,-0.49,0.7
220,2015-11-30,7.91,8.11,8.17,7.82,115317,160206132.0,4.41,2.27,0.18,0.58
221,2015-12-01,8.04,8.75,8.84,7.9,179955,258782217.0,11.59,7.89,0.64,0.9
222,2015-12-02,8.7,9.08,9.49,8.51,274090,411330096.0,11.2,3.77,0.33,1.37
223,2015-12-03,9.11,9.09,9.17,8.81,121671,181016399.0,3.96,0.11,0.01,0.61
224,2015-12-04,9.08,9.2,9.45,8.81,187670,283892144.0,7.04,1.21,0.11,0.94
225,2015-12-07,9.13,9.11,9.41,8.98,94116,141998743.0,4.67,-0.98,-0.09,0.47
226,2015-12-08,9.1,8.76,9.1,8.75,86921,128288047.0,3.84,-3.84,-0.35,0.43
227,2015-12-09,8.9,9.14,9.46,8.88,152416,230564984.0,6.62,4.34,0.38,0.76
228,2015-12-10,9.11,9.28,9.6,9.1,120559,184235913.0,5.47,1.53,0.14,0.6
229,2015-12-11,9.17,9.11,9.27,9.09,111578,167583760.0,1.94,-1.83,-0.17,0.56
230,2015-12-14,9.0,9.11,9.21,8.75,106967,159576138.0,5.05,0.0,0.0,0.53
231,2015-12-15,9.05,9.17,9.18,9.04,84525,126923959.0,1.54,0.66,0.06,0.42
232,2015-12-16,9.18,9.03,9.23,9.02,65928,98964717.0,2.29,-1.53,-0.14,0.33
233,2015-12-17,9.09,9.48,9.55,9.09,141099,215111100.0,5.09,4.98,0.45,0.7
234,2015-12-18,9.4,9.23,9.43,9.18,89604,135804285.0,2.64,-2.64,-0.25,0.45
235,2015-12-21,9.26,9.99,10.19,9.25,235569,373174016.0,10.18,8.23,0.76,1.18
236,2015-12-22,9.95,9.95,10.25,9.81,121170,192467061.0,4.4,-0.4,-0.04,0.6
237,2015-12-23,9.95,9.98,10.4,9.92,138016,221821854.0,4.82,0.3,0.03,0.69
238,2015-12-24,9.95,9.89,10.25,9.73,112030,177484931.0,5.21,-0.9,-0.09,0.56
239,2015-12-25,9.98,9.81,10.06,9.58,95305,149357007.0,4.85,-0.81,-0.08,0.48
240,2015-12-28,9.95,9.24,9.97,9.2,131538,202891149.0,7.85,-5.81,-0.57,0.66
241,2015-12-29,9.3,9.34,9.45,9.19,86541,131385256.0,2.81,1.08,0.1,0.43
242,2015-12-30,9.38,9.38,9.44,9.21,59704,90914646.0,2.46,0.43,0.04,0.3
243,2015-12-31,9.44,9.29,9.47,9.2,55309,84029567.0,2.88,-0.96,-0.09,0.28
244,2016-01-04,9.34,8.51,9.35,8.4,97713,145614570.0,10.23,-8.4,-0.78,0.49
245,2016-01-05,8.3,8.47,8.94,8.05,195222,281593120.0,10.46,-0.47,-0.04,0.97
246,2016-01-06,8.61,8.83,8.9,8.47,116906,171079092.0,5.08,4.25,0.36,0.58
247,2016-01-07,8.61,7.96,8.65,7.81,30317,42782088.0,9.51,-9.85,-0.87,0.15
248,2016-01-08,8.4,8.72,8.96,7.98,167709,242975550.0,12.31,9.55,0.76,0.84
249,2016-01-11,8.59,8.23,8.72,8.09,119206,170843733.0,7.22,-5.62,-0.49,0.6
250,2016-01-12,8.3,8.36,8.6,8.21,76328,109389661.0,4.74,1.58,0.13,0.38
251,2016-01-13,8.57,8.08,8.64,8.02,73839,105468677.0,7.42,-3.35,-0.28,0.37
252,2016-01-14,7.8,8.33,8.47,7.75,97468,137311494.0,8.91,3.09,0.25,0.49
253,2016-01-15,8.4,8.04,8.43,7.93,81112,113889119.0,6.0,-3.48,-0.29,0.4
254,2016-01-18,7.8,8.12,8.29,7.78,60377,84746190.0,6.34,1.0,0.08,0.3
255,2016-01-19,8.12,8.5,8.55,8.01,106520,150496974.0,6.65,4.68,0.38,0.53
256,2016-01-20,8.4,8.21,8.41,8.01,87970,123948961.0,4.71,-3.41,-0.29,0.44
257,2016-01-21,8.01,8.0,8.33,7.93,85343,119680104.0,4.87,-2.56,-0.21,0.43
258,2016-01-22,8.05,8.1,8.23,7.99,47991,67058247.0,3.0,1.25,0.1,0.24
259,2016-01-25,8.15,8.02,8.18,7.98,57937,80824740.0,2.47,-0.99,-0.08,0.29
260,2016-01-26,7.98,7.44,7.98,7.21,102791,138175062.0,9.6,-7.23,-0.58,0.51
261,2016-01-27,7.4,7.17,7.52,6.9,82413,107377131.0,8.33,-3.63,-0.27,0.41
262,2016-01-28,7.16,6.63,7.37,6.58,104956,135063864.0,11.02,-7.53,-0.54,0.52
263,2016-01-29,6.68,7.0,7.05,6.63,85734,109705990.0,6.33,5.58,0.37,0.43
264,2016-02-01,7.1,7.16,7.38,7.0,97155,126929290.0,5.43,2.29,0.16,0.49
265,2016-02-02,7.09,7.36,7.5,6.99,95552,126214761.0,7.12,2.79,0.2,0.48
266,2016-02-03,7.18,7.36,7.5,7.09,49429,64842041.0,5.57,0.0,0.0,0.25
267,2016-02-04,7.32,7.5,7.54,7.32,54429,72662895.0,2.99,1.9,0.14,0.27
268,2016-02-05,7.6,7.48,7.6,7.42,31105,41679599.0,2.4,-0.27,-0.02,0.16
269,2016-02-15,7.12,7.3,7.37,7.11,53775,70693496.0,3.48,-2.41,-0.18,0.27
270,2016-02-16,7.36,7.78,7.79,7.36,74478,100894425.0,5.89,6.58,0.48,0.37
271,2016-02-17,7.71,7.86,8.05,7.7,68662,94773865.0,4.5,1.03,0.08,0.34
272,2016-02-18,7.92,8.05,8.14,7.92,86182,120072836.0,2.8,2.42,0.19,0.43
273,2016-02-19,7.97,8.03,8.21,7.91,56130,78466178.0,3.73,-0.25,-0.02,0.28
274,2016-02-22,8.16,8.21,8.31,7.98,86836,122033082.0,4.11,2.24,0.18,0.43
275,2016-02-23,8.23,8.01,8.25,7.81,71480,99120107.0,5.36,-2.44,-0.2,0.36
276,2016-02-24,7.92,7.9,8.05,7.6,68096,93321997.0,5.62,-1.37,-0.11,0.34
277,2016-02-25,7.87,7.31,7.87,7.23,77580,104399970.0,8.1,-7.47,-0.59,0.39
278,2016-02-26,7.45,7.43,7.55,7.26,52957,70577933.0,3.97,1.64,0.12,0.26
279,2016-02-29,7.5,7.21,7.52,6.81,115835,149536233.0,9.56,-2.96,-0.22,0.58
280,2016-03-01,7.21,7.32,7.4,6.96,63721,83666348.0,6.1,1.53,0.11,0.32
281,2016-03-02,7.38,8.02,8.04,7.3,131912,180342148.0,10.11,9.56,0.7,0.66
282,2016-03-03,7.98,7.94,8.05,7.71,121638,167090661.0,4.24,-1.0,-0.08,0.61
283,2016-03-04,7.9,8.22,8.32,7.76,178669,249871774.0,7.05,3.53,0.28,0.89
284,2016-03-07,8.22,8.15,8.43,8.04,67546,95269345.0,4.74,-0.85,-0.07,0.34
285,2016-03-08,8.29,8.32,8.45,7.91,114316,161193793.0,6.63,2.09,0.17,0.57
286,2016-03-09,8.1,8.15,8.16,7.8,112686,155995844.0,4.33,-2.04,-0.17,0.56
287,2016-03-10,8.05,7.94,8.1,7.89,42494,59051854.0,2.58,-2.58,-0.21,0.21
288,2016-03-11,7.94,8.01,8.02,7.72,55359,76138820.0,3.78,0.88,0.07,0.28
289,2016-03-14,8.03,8.19,8.38,8.02,129311,182891671.0,4.49,2.25,0.18,0.65
290,2016-03-15,8.11,8.18,8.22,7.98,65318,91393372.0,2.93,-0.12,-0.01,0.33
291,2016-03-16,8.14,8.52,8.6,8.08,203406,292377072.0,6.36,4.16,0.34,1.02
292,2016-03-17,8.49,8.56,8.75,8.4,151472,219070831.0,4.11,0.47,0.04,0.76
293,2016-03-18,8.6,8.39,8.74,8.31,291961,419884992.0,5.02,-1.99,-0.17,1.46
294,2016-03-21,8.69,8.5,8.69,8.4,285933,412269328.0,3.46,1.31,0.11,1.43
295,2016-03-22,8.45,9.02,9.05,8.32,300574,438180960.0,8.59,6.12,0.52,1.5
296,2016-03-23,8.95,8.87,9.02,8.77,153433,226623878.0,2.77,-1.66,-0.15,0.77
297,2016-03-24,8.77,8.84,9.02,8.71,126412,186774223.0,3.49,-0.34,-0.03,0.63
298,2016-03-25,8.8,8.88,8.89,8.74,80581,118613805.0,1.7,0.45,0.04,0.4
299,2016-03-28,8.93,8.7,8.94,8.58,94880,139504252.0,4.05,-2.03,-0.18,0.47
300,2016-03-29,8.7,8.57,8.75,8.42,103164,149270830.0,3.79,-1.49,-0.13,0.52
301,2016-03-30,8.65,8.98,9.0,8.65,126651,187439462.0,4.08,4.78,0.41,0.63
302,2016-03-31,9.05,8.99,9.23,8.97,151405,226770066.0,2.9,0.11,0.01,0.76
303,2016-04-01,9.03,9.07,9.08,8.83,92041,136897767.0,2.78,0.89,0.08,0.46
304,2016-04-05,9.01,9.15,9.18,8.96,100681,151054059.0,2.43,0.88,0.08,0.5
305,2016-04-06,9.1,9.2,9.27,9.02,105353,158725168.0,2.73,0.55,0.05,0.53
306,2016-04-07,9.25,9.17,9.35,9.15,134647,203870497.0,2.17,-0.33,-0.03,0.67
307,2016-04-08,9.07,9.0,9.16,8.97,67420,100792917.0,2.07,-1.85,-0.17,0.34
308,2016-04-11,9.09,9.01,9.16,8.83,296994,440850912.0,3.67,0.11,0.01,1.48
309,2016-04-12,8.93,8.97,8.98,8.82,109674,162396743.0,1.78,-0.44,-0.04,0.55
310,2016-04-13,8.99,8.96,9.14,8.9,274171,408933680.0,2.68,-0.11,-0.01,1.37
311,2016-04-14,9.0,8.94,9.02,8.78,164362,242786007.0,2.68,-0.22,-0.02,0.82
312,2016-04-15,8.9,8.92,8.96,8.87,67124,99441725.0,1.01,-0.22,-0.02,0.34
313,2016-04-18,8.93,8.84,8.93,8.78,60813,89617292.0,1.68,-0.9,-0.08,0.3
314,2016-04-19,8.75,8.77,8.85,8.7,93329,136905968.0,1.7,-0.79,-0.07,0.47
315,2016-04-20,8.78,8.68,8.81,8.32,124352,179877657.0,5.59,-1.03,-0.09,0.62
316,2016-04-21,8.58,8.51,8.63,8.48,51945,75067739.0,1.73,-1.96,-0.17,0.26
317,2016-04-22,8.5,8.46,8.53,8.38,68631,98473416.0,1.76,-0.59,-0.05,0.34
318,2016-04-25,8.45,8.54,8.59,8.45,63128,91102431.0,1.65,0.95,0.08,0.32
319,2016-04-26,8.55,8.48,8.59,8.35,65793,94352860.0,2.81,-0.7,-0.06,0.33
320,2016-04-27,8.46,8.42,8.55,8.4,68457,98360685.0,1.77,-0.71,-0.06,0.34
321,2016-04-28,8.4,8.36,8.45,8.28,47635,67920825.0,2.02,-0.71,-0.06,0.24
322,2016-04-29,8.35,8.45,8.46,8.3,65972,94295602.0,1.91,1.08,0.09,0.33
323,2016-05-03,8.46,8.57,8.67,8.37,135632,196085875.0,3.55,1.42,0.12,0.68
324,2016-05-04,8.54,8.44,8.58,8.38,98700,141641349.0,2.33,-1.52,-0.13,0.49
325,2016-05-05,8.45,8.48,8.51,8.42,63139,90736564.0,1.07,0.47,0.04,0.32
326,2016-05-06,8.48,8.22,8.52,8.2,88120,125571340.0,3.77,-3.07,-0.26,0.44
327,2016-05-09,8.23,7.97,8.23,7.93,75782,105379714.0,3.65,-3.04,-0.25,0.38
328,2016-05-10,7.97,8.02,8.04,7.93,36325,50468669.0,1.38,0.63,0.05,0.18
329,2016-05-11,8.07,8.22,8.32,7.83,122466,172398826.0,6.11,2.49,0.2,0.61
330,2016-05-12,8.1,8.19,8.21,7.98,55080,77065278.0,2.8,-0.36,-0.03,0.27
331,2016-05-13,8.15,8.11,8.24,8.03,50733,71106732.0,2.56,-0.98,-0.08,0.25
332,2016-05-16,8.07,8.11,8.14,8.02,45306,63366467.0,1.48,0.0,0.0,0.23
333,2016-05-17,8.1,8.02,8.15,7.92,63827,88724334.0,2.84,-1.11,-0.09,0.32
334,2016-05-18,7.91,7.9,7.99,7.75,82814,113790099.0,2.99,-1.5,-0.12,0.41
335,2016-05-19,7.89,7.87,7.95,7.81,45246,62348127.0,1.77,-0.38,-0.03,0.23
336,2016-05-20,7.8,7.77,7.82,7.68,81842,111659396.0,1.78,-1.27,-0.1,0.41
337,2016-05-23,7.79,7.96,7.99,7.78,70227,97174060.0,2.7,2.45,0.19,0.35
338,2016-05-24,7.98,8.0,8.07,7.83,108953,151442846.0,3.02,0.5,0.04,0.54
339,2016-05-25,8.04,8.31,8.39,8.04,145668,205881601.0,4.38,3.88,0.31,0.73
340,2016-05-26,8.35,8.32,8.43,8.18,107135,152610896.0,3.01,0.12,0.01,0.53
341,2016-05-27,8.36,8.36,8.41,8.28,53691,76550844.0,1.56,0.48,0.04,0.27
342,2016-05-30,8.3,8.59,8.68,8.3,100287,144977145.0,4.55,2.75,0.23,0.5
343,2016-05-31,8.53,8.78,8.91,8.53,190701,280074352.0,4.42,2.21,0.19,0.95
344,2016-06-01,8.8,8.8,8.94,8.78,106584,157034074.0,1.82,0.23,0.02,0.53
345,2016-06-02,8.81,8.94,8.95,8.74,107009,157940254.0,2.39,1.59,0.14,0.53
346,2016-06-03,8.86,8.85,8.92,8.77,142021,209205482.0,1.68,-1.01,-0.09,0.71
347,2016-06-06,8.87,8.92,9.05,8.84,129592,192256765.0,2.37,0.79,0.07,0.65
348,2016-06-07,8.95,8.88,9.0,8.85,150758,223361065.0,1.68,-0.45,-0.04,0.75
349,2016-06-08,8.67,8.8,8.85,8.42,157148,216689107.0,4.84,-0.9,-0.08,0.78
350,2016-06-13,8.65,8.49,8.77,8.48,89326,122843306.0,3.3,-3.52,-0.31,0.45
351,2016-06-14,8.56,8.48,8.58,8.42,74929,102258717.0,1.88,-0.12,-0.01,0.37
352,2016-06-15,8.39,8.81,8.84,8.37,119255,164994252.0,5.54,3.89,0.33,0.6
353,2016-06-16,8.75,8.64,8.84,8.54,60724,84101297.0,3.41,-1.93,-0.17,0.3
354,2016-06-17,8.68,8.75,8.77,8.55,93165,129331462.0,2.55,1.27,0.11,0.47
355,2016-06-20,8.76,8.74,8.8,8.65,59146,82122074.0,1.71,-0.11,-0.01,0.3
356,2016-06-21,8.79,8.85,8.85,8.75,76927,107483898.0,1.14,1.26,0.11,0.38
357,2016-06-22,8.83,8.96,8.97,8.81,57867,81543248.0,1.81,1.24,0.11,0.29
358,2016-06-23,8.96,8.83,8.96,8.76,40505,56695739.0,2.23,-1.45,-0.13,0.2
359,2016-06-24,8.82,8.61,8.92,8.5,79687,109761874.0,4.76,-2.49,-0.22,0.4
360,2016-06-27,8.55,8.69,8.78,8.54,55131,76119941.0,2.79,0.93,0.08,0.28
361,2016-06-28,8.65,8.67,8.69,8.57,54478,75044353.0,1.38,-0.23,-0.02,0.27
362,2016-06-29,8.72,8.65,8.72,8.62,57571,79448562.0,1.15,-0.23,-0.02,0.29
363,2016-06-30,8.7,8.85,8.93,8.69,90057,125971719.0,2.77,2.31,0.2,0.45
364,2016-07-01,8.92,8.79,8.92,8.77,43439,60716761.0,1.69,-0.68,-0.06,0.22
365,2016-07-04,8.8,9.18,9.24,8.76,137613,195706626.0,5.46,4.44,0.39,0.69
366,2016-07-05,9.19,9.09,9.21,9.0,77731,110825064.0,2.29,-0.98,-0.09,0.39
367,2016-07-06,9.06,9.06,9.17,9.01,57238,81409832.0,1.76,-0.33,-0.03,0.29
368,2016-07-07,9.15,9.1,9.15,8.99,66746,94849676.0,1.77,0.44,0.04,0.33
369,2016-07-08,9.09,9.34,9.4,8.98,145753,210293953.0,4.62,2.64,0.24,0.73
370,2016-07-11,9.36,9.81,9.87,9.36,234936,349349088.0,5.46,5.03,0.47,1.17
371,2016-07-12,9.75,10.13,10.14,9.69,192446,290899792.0,4.59,3.26,0.32,0.96
372,2016-07-13,10.11,10.21,10.27,10.11,203013,311240176.0,1.58,0.79,0.08,1.01
373,2016-07-14,10.35,10.08,10.43,10.07,128599,197767327.0,3.53,-1.27,-0.13,0.64
374,2016-07-15,10.13,10.24,10.33,10.03,98955,151435220.0,2.98,1.59,0.16,0.49
375,2016-07-18,10.25,10.55,10.63,10.2,134295,209664132.0,4.2,3.03,0.31,0.67
376,2016-07-19,10.57,10.21,10.64,10.05,101267,156157050.0,5.59,-3.22,-0.34,0.51
377,2016-07-20,10.25,10.34,10.44,10.1,63809,98684255.0,3.33,1.27,0.13,0.32
378,2016-07-21,10.34,10.35,10.63,10.32,113748,177664798.0,3.0,0.1,0.01,0.57
379,2016-07-22,10.34,10.23,10.35,10.17,71984,110805000.0,1.74,-1.16,-0.12,0.36
380,2016-07-25,10.27,10.57,10.62,10.23,98191,153733155.0,3.81,3.32,0.34,0.49
381,2016-07-26,10.49,10.7,10.73,10.45,76836,121209720.0,2.65,1.23,0.13,0.38
382,2016-07-27,10.55,10.62,10.86,10.37,146571,231813998.0,4.58,-0.75,-0.08,0.73
383,2016-07-28,10.55,11.38,11.64,10.44,321712,526051648.0,11.3,7.16,0.76,1.61
384,2016-07-29,11.34,11.28,11.75,11.18,162642,270382144.0,5.01,-0.88,-0.1,0.81
385,2016-08-01,11.28,10.86,11.28,10.76,138128,223201735.0,4.61,-3.72,-0.42,0.69
386,2016-08-02,10.86,10.99,11.11,10.81,69094,111164229.0,2.76,1.2,0.13,0.34
387,2016-08-03,10.93,11.39,11.63,10.85,142943,235608089.0,7.1,3.64,0.4,0.71
388,2016-08-04,11.35,11.35,11.51,11.24,51655,85228081.0,2.37,-0.35,-0.04,0.26
389,2016-08-05,11.42,11.25,11.42,11.18,78292,128412070.0,2.11,-0.88,-0.1,0.39
390,2016-08-08,11.29,11.48,11.6,11.16,123827,205969606.0,3.91,2.04,0.23,0.62
391,2016-08-09,11.52,11.53,11.54,11.43,97263,161693889.0,0.96,0.44,0.05,0.49
392,2016-08-10,11.55,11.27,11.73,11.11,111458,183518815.0,5.38,-2.25,-0.26,0.56
393,2016-08-11,11.21,11.03,11.3,10.96,107176,173799141.0,3.02,-2.13,-0.24,0.54
394,2016-08-12,11.09,11.22,11.27,10.95,77105,124939718.0,2.9,1.72,0.19,0.38
395,2016-08-15,11.15,11.74,11.78,11.15,179131,300747360.0,5.61,4.63,0.52,0.89
396,2016-08-16,11.82,11.43,11.98,11.03,387587,639559744.0,8.09,-2.64,-0.31,1.94
397,2016-08-17,11.35,12.24,12.4,11.22,296473,509956608.0,10.32,7.09,0.81,1.48
398,2016-08-18,12.07,12.0,12.14,11.81,99002,169460911.0,2.7,-1.96,-0.24,0.49
399,2016-08-19,12.09,11.83,12.09,11.66,81592,138624308.0,3.58,-1.42,-0.17,0.41
400,2016-08-22,11.87,11.94,12.14,11.84,77995,133424698.0,2.54,0.93,0.11,0.39
401,2016-08-23,11.92,11.75,12.0,11.7,57898,98341733.0,2.51,-1.59,-0.19,0.29
402,2016-08-24,11.78,11.71,11.83,11.59,58027,97606343.0,2.04,-0.34,-0.04,0.29
403,2016-08-25,11.8,11.66,12.03,11.59,126467,214152030.0,3.76,-0.43,-0.05,0.63
404,2016-08-26,11.67,11.86,11.93,11.67,84177,143010290.0,2.23,1.72,0.2,0.42
405,2016-08-29,12.02,11.74,12.23,11.61,110167,187480912.0,5.23,-1.01,-0.12,0.55
406,2016-08-30,11.7,11.49,11.73,11.41,114785,191531196.0,2.73,-2.13,-0.25,0.57
407,2016-08-31,11.4,11.32,11.46,11.13,119686,196242854.0,2.87,-1.48,-0.17,0.6
408,2016-09-01,11.28,11.19,11.37,11.12,93049,152255553.0,2.21,-1.15,-0.13,0.46
409,2016-09-02,11.14,11.14,11.16,10.94,110974,179740062.0,1.97,-0.45,-0.05,0.55
410,2016-09-05,11.16,11.22,11.3,11.12,70701,115562160.0,1.62,0.72,0.08,0.35
411,2016-09-06,11.16,11.56,11.61,11.16,101394,168189292.0,4.01,3.03,0.34,0.51
412,2016-09-07,11.58,11.64,11.81,11.57,116990,197377560.0,2.08,0.69,0.08,0.58
413,2016-09-08,11.6,11.66,11.83,11.56,40150,67620844.0,2.32,0.17,0.02,0.2
414,2016-09-09,11.6,11.41,11.72,11.36,96617,161016173.0,3.09,-2.14,-0.25,0.48
415,2016-09-12,11.2,11.06,11.2,10.85,109348,176623534.0,3.07,-3.07,-0.35,0.55
416,2016-09-13,11.06,11.04,11.12,10.94,42407,68675847.0,1.63,-0.18,-0.02,0.21
417,2016-09-14,10.86,10.88,10.95,10.73,115282,184188752.0,1.99,-1.45,-0.16,0.58
418,2016-09-19,11.17,11.11,11.29,11.07,82141,134140416.0,2.02,2.11,0.23,0.41
419,2016-09-20,11.05,11.04,11.14,10.98,34591,56149756.0,1.44,-0.63,-0.07,0.17
420,2016-09-21,11.04,11.06,11.19,11.03,50916,82668330.0,1.45,0.18,0.02,0.25
421,2016-09-22,11.14,11.3,11.31,11.1,69633,114082560.0,1.9,2.17,0.24,0.35
422,2016-09-23,11.32,11.2,11.34,11.13,31511,51524814.0,1.86,-0.88,-0.1,0.16
423,2016-09-26,11.1,11.02,11.26,10.95,59087,96107035.0,2.77,-1.61,-0.18,0.29
424,2016-09-27,11.0,11.31,11.32,11.0,46836,76459461.0,2.9,2.63,0.29,0.23
425,2016-09-28,11.35,11.37,11.43,11.21,35506,58518074.0,1.95,0.53,0.06,0.18
426,2016-09-29,11.37,11.66,11.72,11.36,71209,119312154.0,3.17,2.55,0.29,0.36
427,2016-09-30,11.65,11.74,11.81,11.6,42719,72259520.0,1.8,0.69,0.08,0.21
428,2016-10-10,12.45,13.24,13.43,12.23,285984,517634432.0,10.22,12.78,1.5,1.43
429,2016-10-11,13.24,13.19,13.52,12.97,181708,332525280.0,4.15,-0.38,-0.05,0.91
430,2016-10-12,13.09,12.99,13.1,12.73,114906,206928474.0,2.81,-1.52,-0.2,0.57
431,2016-10-13,12.99,12.73,13.04,12.66,131810,236453205.0,2.93,-2.0,-0.26,0.66
432,2016-10-14,12.6,12.54,12.64,12.38,134318,237078266.0,2.04,-1.49,-0.19,0.67
433,2016-10-17,12.6,12.51,12.79,12.41,116820,207530914.0,3.03,-0.24,-0.03,0.58
434,2016-10-18,12.62,12.77,12.79,12.46,115394,204943570.0,2.64,2.08,0.26,0.58
435,2016-10-19,12.81,12.64,12.9,12.54,95629,170757769.0,2.82,-1.02,-0.13,0.48
436,2016-10-20,12.6,12.53,12.67,12.38,81847,144375589.0,2.29,-0.87,-0.11,0.41
437,2016-10-21,12.54,12.6,12.63,12.45,45162,79941558.0,1.44,0.56,0.07,0.23
438,2016-10-24,12.77,12.92,13.14,12.77,177651,322048656.0,2.94,2.54,0.32,0.89
439,2016-10-25,13.03,12.96,13.24,12.91,122306,222409884.0,2.55,0.31,0.04,0.61
440,2016-10-26,12.96,12.58,12.97,12.46,130545,233068476.0,3.94,-2.93,-0.38,0.65
441,2016-10-27,12.63,12.48,12.63,12.35,98381,173088953.0,2.23,-0.79,-0.1,0.49
442,2016-10-28,12.46,12.33,12.54,12.31,95510,167786468.0,1.84,-1.2,-0.15,0.48
443,2016-10-31,12.34,12.59,12.61,12.02,76113,133961346.0,4.79,2.11,0.26,0.38
444,2016-11-01,12.62,12.9,12.91,12.51,100077,179298334.0,3.18,2.46,0.31,0.5
445,2016-11-02,12.85,12.55,12.85,12.5,72527,128971066.0,2.71,-2.71,-0.35,0.36
446,2016-11-03,12.56,12.63,12.75,12.44,68676,121980577.0,2.47,0.64,0.08,0.34
447,2016-11-04,12.59,12.41,12.62,12.36,85896,151149168.0,2.06,-1.74,-0.22,0.43
448,2016-11-07,12.43,12.54,12.62,12.43,61186,108139573.0,1.53,1.05,0.13,0.31
449,2016-11-08,12.63,12.57,12.69,12.52,54523,96669389.0,1.36,0.24,0.03,0.27
450,2016-11-09,12.57,12.24,12.58,12.08,93859,163969077.0,3.98,-2.63,-0.33,0.47
451,2016-11-10,12.41,12.65,12.89,12.4,124277,221689689.0,4.0,3.35,0.41,0.62
452,2016-11-11,12.73,12.53,12.74,12.48,84660,149750978.0,2.06,-0.95,-0.12,0.42
453,2016-11-14,12.47,12.63,12.81,12.46,106111,188149198.0,2.79,0.8,0.1,0.53
454,2016-11-15,12.65,12.84,12.9,12.53,116855,209116687.0,2.93,1.66,0.21,0.58
455,2016-11-16,12.84,12.86,12.97,12.78,84468,152236396.0,1.48,0.16,0.02,0.42
456,2016-11-17,12.86,13.26,13.31,12.86,135876,248273835.0,3.5,3.11,0.4,0.68
457,2016-11-18,13.31,12.96,13.41,12.9,143453,261225243.0,3.85,-2.26,-0.3,0.72
458,2016-11-21,12.95,12.83,13.13,12.74,133045,240532196.0,3.01,-1.0,-0.13,0.66
459,2016-11-22,12.84,12.73,12.95,12.61,163245,291727488.0,2.65,-0.78,-0.1,0.82
460,2016-11-23,12.8,12.78,12.86,12.6,113411,203112835.0,2.04,0.39,0.05,0.57
461,2016-11-24,12.82,13.11,13.12,12.7,194016,349824544.0,3.29,2.58,0.33,0.97
462,2016-11-25,13.15,13.26,13.28,12.85,166079,303381344.0,3.28,1.14,0.15,0.83
463,2016-11-28,13.32,13.6,13.96,13.32,285836,538405136.0,4.83,2.56,0.34,1.43
464,2016-11-29,13.6,14.25,14.73,13.46,379724,735282160.0,9.34,4.78,0.65,1.9
465,2016-11-30,14.23,13.74,14.31,13.55,190545,361503584.0,5.33,-3.58,-0.51,0.95
466,2016-12-01,13.82,14.37,14.61,13.7,203138,394111808.0,6.62,4.59,0.63,1.01
467,2016-12-02,14.35,13.53,14.36,13.5,221601,420452704.0,5.98,-5.85,-0.84,1.11
468,2016-12-05,13.25,12.87,13.49,12.77,230148,419628592.0,5.32,-4.88,-0.66,1.15
469,2016-12-06,12.87,13.14,13.37,12.87,133464,244526022.0,3.89,2.1,0.27,0.67
470,2016-12-07,13.05,13.18,13.21,13.0,106896,194834366.0,1.6,0.3,0.04,0.53
471,2016-12-08,13.23,13.45,13.58,13.23,127501,237015287.0,2.66,2.05,0.27,0.64
472,2016-12-09,13.4,13.46,13.55,13.3,82757,153650552.0,1.86,0.07,0.01,0.41
473,2016-12-12,13.54,12.86,13.56,12.73,204268,370886704.0,6.17,-4.46,-0.6,1.02
474,2016-12-13,12.9,12.69,12.9,12.59,188238,336286816.0,2.41,-1.32,-0.17,0.94
475,2016-12-14,12.79,12.73,13.2,12.66,145402,262030682.0,4.26,0.32,0.04,0.73
476,2016-12-15,12.65,12.3,12.73,12.11,190636,334058768.0,4.87,-3.38,-0.43,0.95
477,2016-12-16,12.26,12.49,12.54,12.26,90812,159595508.0,2.28,1.54,0.19,0.45
478,2016-12-19,12.55,12.77,13.0,12.47,153529,275281968.0,4.24,2.24,0.28,0.77
479,2016-12-20,12.86,12.84,12.9,12.51,113046,201443354.0,3.05,0.55,0.07,0.56
480,2016-12-21,12.95,13.4,13.73,12.94,192594,357165104.0,6.15,4.36,0.56,0.96
481,2016-12-22,13.35,13.46,13.54,13.16,92275,170894183.0,2.84,0.45,0.06,0.46
482,2016-12-23,13.47,13.01,13.51,12.98,86175,157347356.0,3.94,-3.34,-0.45,0.43
483,2016-12-26,13.03,12.96,13.06,12.61,71401,128018510.0,3.46,-0.38,-0.05,0.36
484,2016-12-27,13.06,13.27,13.35,13.01,89679,164708886.0,2.62,2.39,0.31,0.45
485,2016-12-28,13.32,13.18,13.35,13.11,60658,111369062.0,1.81,-0.68,-0.09,0.3
486,2016-12-29,13.14,13.36,13.5,13.11,90329,167364704.0,2.96,1.37,0.18,0.45
487,2016-12-30,13.45,13.48,13.57,13.26,83391,154981656.0,2.32,0.9,0.12,0.42
488,2017-01-03,13.53,13.52,13.7,13.4,105583,197280919.0,2.23,0.3,0.04,0.53
489,2017-01-04,13.53,13.51,13.54,13.33,91646,170512783.0,1.55,-0.07,-0.01,0.46
490,2017-01-05,13.43,13.27,13.49,13.27,89614,165711978.0,1.63,-1.78,-0.24,0.45
491,2017-01-06,13.3,13.19,13.35,13.08,91266,167237520.0,2.03,-0.6,-0.08,0.46
492,2017-01-09,13.18,13.2,13.33,13.08,138678,254494631.0,1.9,0.08,0.01,0.69
493,2017-01-10,13.19,13.22,13.27,13.13,86236,158277819.0,1.06,0.15,0.02,0.43
494,2017-01-11,13.22,12.97,13.24,12.89,84837,154411621.0,2.65,-1.89,-0.25,0.42
495,2017-01-12,12.97,12.87,13.09,12.84,57449,103883652.0,1.93,-0.77,-0.1,0.29
496,2017-01-13,12.77,12.88,12.99,12.63,93320,167359114.0,2.8,0.08,0.01,0.47
497,2017-01-16,12.87,13.09,13.29,12.68,160694,292584160.0,4.74,1.63,0.21,0.8
498,2017-01-17,13.09,13.14,13.25,12.96,52241,95374390.0,2.22,0.38,0.05,0.26
499,2017-01-18,13.14,13.14,13.31,13.1,68244,125253401.0,1.6,0.0,0.0,0.34
500,2017-01-19,13.11,12.98,13.23,12.95,95384,173799993.0,2.13,-1.22,-0.16,0.48
501,2017-01-20,13.03,13.28,13.29,12.96,76894,141236707.0,2.54,2.31,0.3,0.38
502,2017-01-23,13.27,13.46,13.57,13.18,112122,208562547.0,2.94,1.36,0.18,0.56
503,2017-01-24,13.46,13.49,13.65,13.42,88288,164789103.0,1.71,0.22,0.03,0.44
504,2017-01-25,13.53,13.6,13.65,13.41,74963,140302431.0,1.78,0.82,0.11,0.37
505,2017-01-26,13.68,13.65,13.8,13.61,79922,150768621.0,1.4,0.37,0.05,0.4
506,2017-02-03,13.52,13.38,13.53,13.38,91594,170145280.0,1.1,-1.98,-0.27,0.46
507,2017-02-06,13.38,13.36,13.48,13.32,85063,157733140.0,1.2,-0.15,-0.02,0.42
508,2017-02-07,13.4,13.67,13.69,13.37,151021,283028960.0,2.4,2.32,0.31,0.75
509,2017-02-08,13.67,13.6,13.68,13.52,88638,166250552.0,1.17,-0.51,-0.07,0.44
510,2017-02-09,13.63,13.63,13.88,13.55,168491,317761952.0,2.43,0.22,0.03,0.84
511,2017-02-10,13.69,14.0,14.11,13.6,194712,370645600.0,3.74,2.71,0.37,0.97
512,2017-02-13,14.04,13.91,14.04,13.75,155122,294866976.0,2.07,-0.64,-0.09,0.77
513,2017-02-14,13.92,13.67,13.92,13.61,140692,265742206.0,2.23,-1.73,-0.24,0.7
514,2017-02-15,13.67,13.57,13.8,13.48,123984,233437792.0,2.34,-0.73,-0.1,0.62
515,2017-02-16,13.54,13.79,13.86,13.54,103580,195633079.0,2.36,1.62,0.22,0.52
516,2017-02-17,13.79,13.55,13.83,13.5,122481,229608471.0,2.39,-1.74,-0.24,0.61
517,2017-02-20,13.55,13.88,13.9,13.55,169216,319181520.0,2.58,2.44,0.33,0.84
518,2017-02-21,13.91,13.72,13.95,13.64,139070,263153364.0,2.23,-1.15,-0.16,0.69
519,2017-02-22,13.72,13.98,14.0,13.65,155542,295097392.0,2.55,1.9,0.26,0.78
520,2017-02-23,14.0,14.22,14.25,13.86,196883,378422768.0,2.79,1.72,0.24,0.98
521,2017-02-24,14.21,14.17,14.33,14.04,122158,235900154.0,2.04,-0.35,-0.05,0.61
522,2017-02-27,14.25,14.49,15.14,14.18,461465,915840448.0,6.77,2.26,0.32,2.3
523,2017-02-28,14.56,14.39,14.73,14.23,203164,396771312.0,3.45,-0.69,-0.1,1.01
524,2017-03-01,14.35,14.24,14.49,14.17,129332,251777871.0,2.22,-1.04,-0.15,0.65
525,2017-03-02,14.32,14.17,14.42,14.17,122630,237923923.0,1.76,-0.49,-0.07,0.61
526,2017-03-03,14.17,14.45,14.51,14.15,158612,310277216.0,2.54,1.98,0.28,0.79
527,2017-03-06,14.53,14.58,14.72,14.41,132250,260913161.0,2.15,0.9,0.13,0.66
528,2017-03-07,14.56,14.39,14.71,14.34,167757,329295904.0,2.54,-1.3,-0.19,0.84
529,2017-03-08,14.45,14.61,14.71,14.41,162643,321379408.0,2.08,1.53,0.22,0.81
530,2017-03-09,14.69,14.57,14.69,14.47,103531,204095854.0,1.51,-0.27,-0.04,0.52
531,2017-03-10,14.49,14.97,15.03,14.49,174562,347966912.0,3.71,2.75,0.4,0.87
532,2017-03-13,15.0,15.47,15.79,14.9,248178,510976880.0,5.95,3.34,0.5,1.24
533,2017-03-14,15.45,15.52,15.74,15.37,145512,300493840.0,2.39,0.32,0.05,0.73
534,2017-03-15,15.54,15.68,15.85,15.46,164536,342360960.0,2.51,1.03,0.16,0.82
535,2017-03-16,15.68,16.1,16.32,15.59,195114,412124464.0,4.66,2.68,0.42,0.97
536,2017-03-17,16.05,15.4,16.07,15.36,278654,580026992.0,4.41,-4.35,-0.7,1.39
537,2017-03-20,15.35,15.52,15.69,15.34,150206,310374928.0,2.27,0.78,0.12,0.75
538,2017-03-21,15.52,16.29,16.35,15.52,230517,488961088.0,5.35,4.96,0.77,1.15
539,2017-03-22,16.16,16.8,16.85,16.06,261319,568874288.0,4.85,3.13,0.51,1.3
540,2017-03-23,16.75,16.69,17.02,16.35,210930,460635984.0,3.99,-0.65,-0.11,1.05
541,2017-03-24,16.65,17.51,17.68,16.63,306427,689513040.0,6.29,4.91,0.82,1.53
542,2017-03-27,17.57,17.33,18.33,17.03,355346,810121344.0,7.42,-1.03,-0.18,1.77
543,2017-03-28,17.24,17.78,17.88,17.11,196850,447102432.0,4.44,2.6,0.45,0.98
544,2017-03-29,17.9,17.66,17.9,17.37,144306,328731120.0,2.98,-0.67,-0.12,0.72
545,2017-03-30,17.64,17.14,17.65,16.76,210724,469569616.0,5.04,-2.94,-0.52,1.05
546,2017-03-31,17.15,17.46,17.5,17.05,127178,286054416.0,2.63,1.87,0.32,0.63
547,2017-04-05,17.37,17.49,17.71,17.24,172696,390134352.0,2.69,0.17,0.03,0.86
548,2017-04-06,17.5,17.29,17.54,17.05,151853,340238944.0,2.8,-1.14,-0.2,0.76
549,2017-04-07,17.15,16.96,17.17,16.81,177188,391870416.0,2.08,-1.91,-0.33,0.88
550,2017-04-10,17.07,16.92,17.08,16.85,137478,303797888.0,1.36,-0.24,-0.04,0.69
551,2017-04-11,16.85,16.53,16.92,16.18,236369,512958896.0,4.37,-2.3,-0.39,1.18
552,2017-04-12,16.35,16.64,16.81,16.15,155397,337346320.0,3.99,0.67,0.11,0.78
553,2017-04-13,16.6,16.94,17.08,16.51,109290,241663636.0,3.43,1.8,0.3,0.55
554,2017-04-14,16.94,16.72,17.09,16.65,66402,145825536.0,2.6,-1.3,-0.22,0.33
555,2017-04-17,16.7,16.89,17.08,16.42,87199,191667539.0,3.95,1.02,0.17,0.44
556,2017-04-18,16.9,17.42,17.63,16.9,168036,378207728.0,4.32,3.14,0.53,0.84
557,2017-04-19,17.43,17.6,17.61,17.15,133850,301663904.0,2.64,1.03,0.18,0.67
558,2017-04-20,17.7,18.1,18.3,17.51,219541,508492960.0,4.49,2.84,0.5,1.1
559,2017-04-21,17.87,17.63,18.26,17.52,157899,361938608.0,4.09,-2.6,-0.47,0.79
560,2017-04-24,17.55,17.43,17.55,16.75,137219,307102768.0,4.54,-1.13,-0.2,0.69
561,2017-04-25,17.36,17.65,17.83,17.18,115549,262129554.0,3.73,1.26,0.22,0.58
562,2017-04-26,17.69,18.0,18.43,17.69,168178,392086352.0,4.19,1.98,0.35,0.84
563,2017-04-27,17.74,17.59,17.86,17.45,174683,397628432.0,2.28,-2.28,-0.41,0.87
564,2017-04-28,17.54,17.35,17.8,17.07,129709,294640016.0,4.15,-1.36,-0.24,0.65
565,2017-05-02,17.05,16.9,17.3,16.73,157465,347652752.0,3.29,-2.59,-0.45,0.79
566,2017-05-03,16.81,17.32,17.35,16.81,121391,270297664.0,3.2,2.49,0.42,0.61
567,2017-05-04,17.25,16.99,17.33,16.95,69336,154318773.0,2.19,-1.91,-0.33,0.35
568,2017-05-05,17.0,17.28,17.41,16.9,121201,272093248.0,3.0,1.71,0.29,0.61
569,2017-05-08,17.3,17.13,17.6,16.86,131735,296177776.0,4.28,-0.87,-0.15,0.66
570,2017-05-09,17.15,16.96,17.32,16.32,147849,323251136.0,5.84,-0.99,-0.17,0.74
571,2017-05-10,16.86,16.98,17.11,16.8,88892,196519486.0,1.83,0.12,0.02,0.44
572,2017-05-11,16.88,17.0,17.03,16.7,81470,179341225.0,1.94,0.12,0.02,0.41
573,2017-05-12,17.02,17.93,17.99,17.0,221993,506117280.0,5.82,5.47,0.93,1.11
574,2017-05-15,17.78,17.83,17.9,17.56,139743,309447776.0,1.9,-0.56,-0.1,0.7
575,2017-05-16,17.85,18.63,18.66,17.72,198559,450878640.0,5.27,4.49,0.8,0.99
576,2017-05-17,18.65,18.47,19.45,18.25,189659,440312144.0,6.44,-0.86,-0.16,0.95
577,2017-05-18,18.26,18.49,18.58,18.22,78385,179063133.0,1.95,0.11,0.02,0.39
578,2017-05-19,18.49,18.33,18.53,18.1,95020,215323395.0,2.33,-0.87,-0.16,0.47
579,2017-05-22,18.31,18.76,18.97,18.24,123005,284627680.0,3.98,2.35,0.43,0.61
580,2017-05-23,18.82,20.22,20.28,18.8,353282,850209088.0,7.89,7.78,1.46,1.76
581,2017-05-24,20.0,19.89,20.09,19.51,175210,423068208.0,2.87,-1.63,-0.33,0.87
582,2017-05-25,19.78,19.88,20.25,19.51,175814,425248336.0,3.72,-0.05,-0.01,0.88
583,2017-05-26,19.8,19.6,19.93,19.44,106531,255853250.0,2.46,-1.41,-0.28,0.53
584,2017-05-31,19.8,19.52,19.93,19.2,154239,367908240.0,3.72,-0.41,-0.08,0.77
585,2017-06-01,19.45,20.03,20.05,19.32,164858,397186016.0,3.74,2.61,0.51,0.82
586,2017-06-02,19.88,19.91,20.14,19.76,134677,328076368.0,1.9,-0.6,-0.12,0.67
587,2017-06-05,19.9,19.73,19.95,19.58,90630,218431672.0,1.86,-0.9,-0.18,0.45
588,2017-06-06,19.72,20.45,20.49,19.44,155603,381944720.0,5.32,3.65,0.72,0.78
589,2017-06-07,20.4,20.47,20.64,20.35,235846,587142624.0,1.42,0.1,0.02,1.18
590,2017-06-08,20.46,21.39,21.55,20.44,195086,496948128.0,5.42,4.49,0.92,0.97
591,2017-06-09,21.39,21.7,22.28,21.13,181599,476222416.0,5.38,1.45,0.31,0.91
592,2017-06-12,21.53,21.93,22.41,21.4,155041,408297008.0,4.65,1.06,0.23,0.77
593,2017-06-13,21.79,21.87,22.25,21.5,126875,331695296.0,3.42,-0.27,-0.06,0.63
594,2017-06-14,21.77,20.91,21.77,20.9,220586,564649472.0,3.98,-4.39,-0.96,1.1
595,2017-06-15,21.04,20.83,21.12,20.12,238743,594141184.0,4.78,-0.38,-0.08,1.19
596,2017-06-16,20.59,20.68,21.0,20.42,179787,452914944.0,2.78,-0.72,-0.15,0.9
597,2017-06-19,20.37,20.68,20.89,20.13,170371,425820992.0,3.68,0.0,0.0,0.85
598,2017-06-20,20.7,20.68,21.1,20.47,135953,341563392.0,3.05,0.0,0.0,0.68
599,2017-06-21,20.82,22.06,22.1,20.82,238075,615330720.0,6.19,6.67,1.38,1.19
600,2017-06-22,22.05,21.37,22.2,21.22,255524,669447104.0,4.44,-3.13,-0.69,1.28
601,2017-06-23,21.39,21.83,21.85,21.1,166168,429945344.0,3.51,2.15,0.46,0.83
602,2017-06-26,21.74,22.17,22.3,21.59,212498,560464128.0,3.25,1.56,0.34,1.06
603,2017-06-27,22.12,22.04,22.18,21.77,149370,393288112.0,1.85,-0.59,-0.13,0.75
604,2017-06-28,21.95,21.38,21.95,21.3,166387,431028336.0,2.95,-2.99,-0.66,0.83
605,2017-06-29,21.38,21.58,21.69,21.25,95213,246331911.0,2.06,0.94,0.2,0.48
606,2017-06-30,21.5,21.64,21.72,21.35,87171,226569552.0,1.71,0.28,0.06,0.44
607,2017-07-03,21.65,21.12,21.71,20.91,161380,413136768.0,3.7,-2.4,-0.52,0.81
608,2017-07-04,21.11,20.48,21.11,20.33,197922,493657632.0,3.69,-3.03,-0.64,0.99
609,2017-07-05,20.36,20.91,20.94,20.28,138983,347616496.0,3.22,2.1,0.43,0.69
610,2017-07-06,20.8,20.69,21.05,20.4,115782,290142800.0,3.11,-1.05,-0.22,0.58
611,2017-07-07,20.67,20.2,20.67,20.18,125233,309467216.0,2.37,-2.37,-0.49,0.63
612,2017-07-10,20.15,19.98,20.44,19.9,148404,363242336.0,2.67,-1.09,-0.22,0.74
613,2017-07-11,19.91,20.6,20.78,19.91,184492,459894560.0,4.35,3.1,0.62,0.92
614,2017-07-12,20.6,20.19,20.66,19.96,181806,446413136.0,3.4,-1.99,-0.41,0.91
615,2017-07-13,20.21,19.72,20.25,19.6,256035,620088080.0,3.22,-2.33,-0.47,1.28
616,2017-07-14,19.63,19.8,19.97,19.5,143310,345878080.0,2.38,0.41,0.08,0.72
617,2017-07-17,19.84,19.77,20.15,19.07,192602,466633232.0,5.45,-0.15,-0.03,0.96
618,2017-07-18,19.64,19.74,19.85,19.41,101949,244591415.0,2.23,-0.15,-0.03,0.51
619,2017-07-19,19.81,20.49,20.66,19.81,214675,532194656.0,4.31,3.8,0.75,1.07
620,2017-07-20,20.49,20.51,20.57,20.2,128889,319655904.0,1.81,0.1,0.02,0.64
621,2017-07-21,20.47,20.35,20.47,20.29,87394,216429410.0,0.88,-0.78,-0.16,0.44
622,2017-07-24,20.4,20.05,20.4,19.85,181380,442567632.0,2.7,-1.47,-0.3,0.91
623,2017-07-25,19.95,20.0,20.17,19.92,72449,176920597.0,1.25,-0.25,-0.05,0.36
624,2017-07-26,20.0,19.33,20.06,19.15,186342,444638832.0,4.55,-3.35,-0.67,0.93
625,2017-07-27,19.31,19.05,19.34,18.85,116449,272937616.0,2.53,-1.45,-0.28,0.58
626,2017-07-28,19.03,19.01,19.15,18.79,104120,243224408.0,1.89,-0.21,-0.04,0.52
627,2017-07-31,19.01,18.85,19.05,18.65,128397,297795408.0,2.1,-0.84,-0.16,0.64
628,2017-08-01,18.92,19.31,19.44,18.91,160025,377789696.0,2.81,2.44,0.46,0.8
629,2017-08-02,19.24,19.02,19.45,18.98,139066,328309008.0,2.43,-1.5,-0.29,0.69
630,2017-08-03,19.08,18.67,19.23,18.48,195921,451935776.0,3.94,-1.84,-0.35,0.98
631,2017-08-04,18.66,18.43,18.68,18.21,160103,365698128.0,2.52,-1.29,-0.24,0.8
632,2017-08-07,17.8,18.73,18.85,17.6,311945,703476704.0,6.78,1.63,0.3,1.56
633,2017-08-08,18.6,18.44,18.62,18.28,141021,321849152.0,1.82,-1.55,-0.29,0.7
634,2017-08-09,18.44,18.69,18.99,18.26,182297,421023984.0,3.96,1.36,0.25,0.91
635,2017-08-10,18.66,18.57,18.97,18.38,122906,283586192.0,3.16,-0.64,-0.12,0.61
636,2017-08-11,18.23,17.91,18.56,17.78,180090,405700864.0,4.2,-3.55,-0.66,0.9
637,2017-08-14,17.93,18.35,18.52,17.93,134028,304979824.0,3.29,2.46,0.44,0.67
638,2017-08-15,18.38,18.91,18.99,18.38,181278,420612128.0,3.32,3.05,0.56,0.91
639,2017-08-16,18.98,18.84,19.22,18.76,116172,271578208.0,2.43,-0.37,-0.07,0.58
640,2017-08-17,18.84,19.17,19.17,18.7,123487,288847104.0,2.49,1.75,0.33,0.62
641,2017-08-18,19.02,19.31,19.47,18.96,122948,291455728.0,2.66,0.73,0.14,0.61
642,2017-08-21,19.29,19.31,19.44,19.15,65851,156007739.0,1.5,0.0,0.0,0.33
643,2017-08-22,19.32,19.28,19.38,19.03,90862,214048925.0,1.81,-0.16,-0.03,0.45
644,2017-08-23,19.27,19.2,19.59,19.16,96140,228909566.0,2.23,-0.41,-0.08,0.48
645,2017-08-24,19.21,19.3,19.48,18.98,83615,197419290.0,2.6,0.52,0.1,0.42
646,2017-08-25,19.28,19.21,19.39,19.1,68254,161160908.0,1.5,-0.47,-0.09,0.34
647,2017-08-28,19.18,19.01,19.2,18.9,143812,337054992.0,1.56,-1.04,-0.2,0.72
648,2017-08-29,19.0,18.54,19.01,18.5,138560,318755328.0,2.68,-2.47,-0.47,0.69
649,2017-08-30,18.6,18.5,18.75,18.48,90184,207104103.0,1.46,-0.22,-0.04,0.45
650,2017-08-31,18.55,18.57,18.7,18.35,87631,200851057.0,1.89,0.38,0.07,0.44
651,2017-09-01,18.56,18.36,18.58,18.18,138276,314360208.0,2.15,-1.13,-0.21,0.69
652,2017-09-04,18.28,18.34,18.35,18.11,85273,192912113.0,1.31,-0.11,-0.02,0.43
653,2017-09-05,18.24,18.34,18.51,18.24,90691,206742996.0,1.47,0.0,0.0,0.45
654,2017-09-06,18.34,18.24,18.46,18.14,73412,166196027.0,1.74,-0.55,-0.1,0.37
655,2017-09-07,18.3,18.91,19.05,18.25,246638,572116816.0,4.39,3.67,0.67,1.23
656,2017-09-08,18.97,18.88,19.04,18.7,108430,251601858.0,1.8,-0.16,-0.03,0.54
657,2017-09-11,18.89,19.03,19.18,18.67,126787,296905968.0,2.7,0.79,0.15,0.63
658,2017-09-12,18.98,19.2,19.39,18.97,144397,340579296.0,2.21,0.89,0.17,0.72
659,2017-09-13,19.25,19.88,20.0,19.11,215715,518445920.0,4.64,3.54,0.68,1.08
660,2017-09-14,20.02,19.79,20.06,19.63,110282,266894878.0,2.16,-0.45,-0.09,0.55
661,2017-09-15,19.88,19.64,19.9,19.5,78727,188927252.0,2.02,-0.76,-0.15,0.39
662,2017-09-18,19.66,19.65,19.83,19.52,76280,183671230.0,1.58,0.05,0.01,0.38
663,2017-09-19,19.64,19.66,19.84,19.46,83922,202362030.0,1.93,0.05,0.01,0.42
664,2017-09-20,19.66,19.69,19.79,19.53,63843,153634511.0,1.32,0.15,0.03,0.32
665,2017-09-21,19.74,20.09,20.1,19.59,147136,357073488.0,2.59,2.03,0.4,0.73
666,2017-09-22,20.11,20.46,20.6,20.1,144341,358433696.0,2.49,1.84,0.37,0.72
667,2017-09-25,20.46,20.57,20.81,20.22,147350,368698976.0,2.88,0.54,0.11,0.74
668,2017-09-26,20.45,20.6,20.63,20.32,82600,205929719.0,1.51,0.15,0.03,0.41
669,2017-09-27,20.66,20.94,21.16,20.58,97709,247639707.0,2.82,1.65,0.34,0.49
670,2017-09-28,20.94,21.29,21.39,20.94,123347,315927648.0,2.15,1.67,0.35,0.62
671,2017-09-29,21.23,21.09,21.35,20.9,87654,223297416.0,2.11,-0.94,-0.2,0.44
672,2017-10-09,20.9,21.64,21.69,20.9,142307,368038768.0,3.75,2.61,0.55,0.71
673,2017-10-10,21.6,21.47,21.6,21.25,123275,318369952.0,1.62,-0.79,-0.17,0.62
674,2017-10-11,21.47,21.02,21.47,21.0,118089,302507088.0,2.19,-2.1,-0.45,0.59
675,2017-10-12,21.07,21.05,21.18,20.6,115670,292349472.0,2.76,0.14,0.03,0.58
676,2017-10-13,21.06,21.85,22.03,20.93,148104,387570208.0,5.23,3.8,0.8,0.74
677,2017-10-16,21.9,21.5,22.24,21.45,99706,260871620.0,3.62,-1.6,-0.35,0.5
678,2017-10-17,21.5,21.6,21.67,21.2,67157,173822440.0,2.19,0.47,0.1,0.34
679,2017-10-18,21.7,21.85,21.87,21.5,68047,177497871.0,1.71,1.16,0.25,0.34
680,2017-10-19,21.95,21.26,21.95,21.03,114295,294470096.0,4.21,-2.7,-0.59,0.57
681,2017-10-20,21.1,21.17,21.34,21.08,49356,126181968.0,1.22,-0.42,-0.09,0.25
682,2017-10-23,21.18,22.09,22.16,21.18,142049,372795856.0,4.63,4.35,0.92,0.71
683,2017-10-24,21.98,21.82,22.08,21.62,103413,270084496.0,2.08,-1.22,-0.27,0.52
684,2017-10-25,22.1,22.15,22.41,21.79,132931,353456512.0,2.84,1.51,0.33,0.66
685,2017-10-26,21.98,23.11,23.32,21.81,218801,598441856.0,6.82,4.33,0.96,1.09
686,2017-10-27,23.11,23.11,23.15,22.68,94433,258289741.0,2.03,0.0,0.0,0.47
687,2017-10-30,23.13,23.05,23.49,22.8,128450,353312688.0,2.99,-0.26,-0.06,0.64
688,2017-10-31,23.05,22.72,23.06,22.42,106221,287280416.0,2.78,-1.43,-0.33,0.53
689,2017-11-01,22.73,22.59,23.29,22.45,110857,301994432.0,3.7,-0.57,-0.13,0.55
690,2017-11-02,22.66,22.49,22.78,22.11,86811,232663539.0,2.97,-0.44,-0.1,0.43
691,2017-11-03,22.43,22.69,23.06,22.43,88904,241397246.0,2.8,0.89,0.2,0.44
692,2017-11-06,22.77,23.4,23.44,22.77,141285,389285920.0,2.95,3.13,0.71,0.71
693,2017-11-07,23.28,23.18,23.57,23.03,138109,381339184.0,2.31,-0.94,-0.22,0.69
694,2017-11-08,23.1,22.57,23.6,22.5,144561,396371744.0,4.75,-2.63,-0.61,0.72
695,2017-11-09,22.39,23.19,23.25,22.37,112870,307477488.0,3.9,2.75,0.62,0.56
696,2017-11-10,23.2,23.65,23.7,23.05,182150,506881536.0,2.8,1.98,0.46,0.91
697,2017-11-13,23.86,24.35,24.5,23.86,179614,513552704.0,2.71,2.96,0.7,0.9
698,2017-11-14,24.4,24.43,25.2,24.05,168452,487086512.0,4.72,0.33,0.08,0.84
699,2017-11-15,24.41,24.25,25.18,24.04,145839,422250720.0,4.67,-0.74,-0.18,0.73
700,2017-11-16,24.26,24.15,24.3,23.7,129015,365711776.0,2.47,-0.41,-0.1,0.64
701,2017-11-17,24.2,24.26,24.71,23.9,217442,623923440.0,3.35,0.46,0.11,1.09
702,2017-11-20,24.16,23.97,24.16,23.27,154176,433433776.0,3.67,-1.2,-0.29,0.77
703,2017-11-21,23.9,24.88,25.26,23.9,219024,639009632.0,5.67,3.8,0.91,1.09
704,2017-11-22,24.98,24.46,25.02,24.11,173027,501140336.0,3.66,-1.69,-0.42,0.86
705,2017-11-23,24.45,23.27,24.48,23.2,194371,546835152.0,5.23,-4.87,-1.19,0.97
706,2017-11-24,23.15,22.86,23.17,22.11,213596,576471504.0,4.56,-1.76,-0.41,1.07
707,2017-11-27,22.73,22.46,22.96,22.22,106155,286175472.0,3.24,-1.75,-0.4,0.53
708,2017-11-28,22.24,22.56,22.71,22.2,88646,238302569.0,2.27,0.45,0.1,0.44
709,2017-11-29,22.74,22.64,23.02,22.36,92815,251372727.0,2.93,0.35,0.08,0.46
710,2017-11-30,22.64,21.93,22.64,21.91,86121,229208647.0,3.22,-3.14,-0.71,0.43
711,2017-12-01,21.86,22.09,22.19,21.4,83240,218906903.0,3.6,0.73,0.16,0.42
712,2017-12-04,23.1,22.43,23.33,22.19,133178,360212992.0,5.16,1.54,0.34,0.66
713,2017-12-05,22.45,22.39,22.58,22.11,70380,188088708.0,2.1,-0.18,-0.04,0.35
714,2017-12-06,22.3,22.23,22.46,21.91,69391,184562994.0,2.46,-0.71,-0.16,0.35
715,2017-12-07,22.29,22.45,22.76,22.24,97097,261552715.0,2.34,0.99,0.22,0.48
716,2017-12-08,22.39,22.68,22.8,22.12,99834,268687392.0,3.03,1.02,0.23,0.5
717,2017-12-11,22.68,23.02,23.18,22.42,90684,247847502.0,3.35,1.5,0.34,0.45
718,2017-12-12,23.05,23.07,23.32,23.02,76825,211592796.0,1.3,0.22,0.05,0.38
719,2017-12-13,23.07,23.82,23.84,23.07,128688,359629488.0,3.34,3.25,0.75,0.64
720,2017-12-14,23.82,23.65,23.85,23.4,73325,204879513.0,1.89,-0.71,-0.17,0.37
721,2017-12-15,23.41,23.12,23.55,23.08,59335,164034648.0,1.99,-2.24,-0.53,0.3
722,2017-12-18,23.11,23.25,23.39,22.88,76269,209954683.0,2.21,0.56,0.13,0.38
723,2017-12-19,23.26,23.5,23.56,23.11,69578,193312945.0,1.94,1.08,0.25,0.35
724,2017-12-20,23.47,23.48,23.59,23.32,71413,199052283.0,1.15,-0.09,-0.02,0.36
725,2017-12-21,23.48,24.03,24.23,23.38,134946,382224992.0,3.62,2.34,0.55,0.67
726,2017-12-22,24.03,24.19,24.58,23.92,98706,283055888.0,2.75,0.67,0.16,0.49
727,2017-12-25,24.18,24.43,24.47,23.93,88986,255142919.0,2.23,0.99,0.24,0.44
728,2017-12-26,24.45,24.75,24.75,24.25,116337,336424400.0,2.05,1.31,0.32,0.58
729,2017-12-27,24.6,24.07,24.75,23.8,114736,329286176.0,3.84,-2.75,-0.68,0.57
730,2017-12-28,24.04,24.28,24.6,23.83,102427,293367440.0,3.2,0.87,0.21,0.51
731,2017-12-29,24.57,24.6,24.99,24.4,107262,312297936.0,2.43,1.32,0.32,0.54
732,2018-01-02,24.7,25.49,25.5,24.7,153338,454916096.0,3.25,3.62,0.89,0.77
733,2018-01-03,25.5,25.14,25.6,24.97,129270,383838656.0,2.47,-1.37,-0.35,0.65
734,2018-01-04,25.13,25.22,25.37,24.87,102791,303831488.0,1.99,0.32,0.08,0.51
735,2018-01-05,25.19,24.96,25.2,24.71,136924,401169792.0,1.94,-1.03,-0.26,0.68
736,2018-01-08,24.91,25.39,25.58,24.41,188205,556424528.0,4.69,1.72,0.43,0.94
737,2018-01-09,25.4,25.24,25.48,25.1,98384,291454160.0,1.5,-0.59,-0.15,0.49
738,2018-01-10,25.18,25.6,25.6,25.0,107345,318944912.0,2.38,1.43,0.36,0.54
739,2018-01-11,25.6,25.39,25.82,25.2,82718,247124153.0,2.42,-0.82,-0.21,0.41
740,2018-01-12,25.46,24.99,25.55,24.8,99722,293242192.0,2.95,-1.58,-0.4,0.5
741,2018-01-15,24.98,24.09,24.98,24.05,170222,490699696.0,3.72,-3.6,-0.9,0.85
742,2018-01-16,24.02,24.48,24.55,23.78,129036,370394896.0,3.2,1.62,0.39,0.64
743,2018-01-17,24.35,23.75,24.35,23.4,194122,546774368.0,3.88,-2.98,-0.73,0.97
744,2018-01-18,23.78,23.89,23.95,23.65,102734,289456912.0,1.26,0.59,0.14,0.51
745,2018-01-19,23.88,24.01,24.28,23.81,90232,257042293.0,1.97,0.5,0.12,0.45
746,2018-01-22,24.01,24.58,24.59,23.8,135011,389289520.0,3.29,2.37,0.57,0.67
747,2018-01-23,24.6,24.42,24.88,24.26,111347,322099328.0,2.52,-0.65,-0.16,0.56
748,2018-01-24,24.37,23.98,24.37,23.76,157592,445613968.0,2.5,-1.8,-0.44,0.79
749,2018-01-25,23.79,23.29,23.95,23.06,209173,581092160.0,3.71,-2.88,-0.69,1.04
750,2018-01-26,23.28,23.42,23.53,23.2,114011,316881072.0,1.42,0.56,0.13,0.57
751,2018-01-29,23.55,22.14,23.58,22.08,262549,710587616.0,6.4,-5.47,-1.28,1.31
752,2018-01-30,22.08,22.45,22.46,22.0,143450,382477696.0,2.08,1.4,0.31,0.72
753,2018-01-31,22.44,22.69,22.75,22.2,119775,323633184.0,2.45,1.07,0.24,0.6
754,2018-02-01,22.69,22.35,22.81,22.01,116099,309121056.0,3.53,-1.5,-0.34,0.58
755,2018-02-02,22.26,22.56,22.69,21.9,106800,286785216.0,3.53,0.94,0.21,0.53
756,2018-02-05,22.05,22.37,22.64,21.98,113646,304315856.0,2.93,-0.84,-0.19,0.57
757,2018-02-06,21.85,21.32,22.05,21.3,172112,448997552.0,3.35,-4.69,-1.05,0.86
758,2018-02-07,21.72,21.47,22.18,21.37,143125,375211952.0,3.8,0.7,0.15,0.71
759,2018-02-08,21.48,21.89,21.96,21.28,135379,352576112.0,3.17,1.96,0.42,0.68
760,2018-02-09,21.3,20.95,21.3,20.3,145778,368813424.0,4.57,-4.29,-0.94,0.73
761,2018-02-12,20.96,21.25,21.47,20.96,95685,245929842.0,2.43,1.43,0.3,0.48
762,2018-02-13,21.56,21.87,22.13,21.56,74881,197097982.0,2.68,2.92,0.62,0.37
763,2018-02-14,21.87,21.8,22.12,21.65,64069,168445513.0,2.15,-0.32,-0.07,0.32
764,2018-02-22,22.3,22.49,22.5,22.02,83186,222575791.0,2.2,3.17,0.69,0.42
765,2018-02-23,22.62,22.55,22.8,22.32,71938,194035807.0,2.13,0.27,0.06,0.36
766,2018-02-26,22.6,22.9,22.95,22.3,93331,253227962.0,2.88,1.55,0.35,0.47
767,2018-02-27,23.0,22.33,23.04,22.28,92410,248553107.0,3.32,-2.49,-0.57,0.46
768,2018-02-28,22.25,21.78,22.25,21.72,112504,295586464.0,2.37,-2.46,-0.55,0.56
769,2018-03-01,21.67,21.88,22.03,21.54,85274,223659158.0,2.25,0.46,0.1,0.43
770,2018-03-02,21.76,21.6,21.8,21.4,101545,263298559.0,1.83,-1.28,-0.28,0.51
771,2018-03-05,21.65,21.46,21.88,21.3,78576,203723850.0,2.69,-0.65,-0.14,0.39
772,2018-03-06,21.63,22.09,22.09,21.37,82999,216817394.0,3.36,2.94,0.63,0.41
773,2018-03-07,22.09,21.87,22.23,21.71,81733,215729521.0,2.35,-1.0,-0.22,0.41
774,2018-03-08,21.78,21.92,21.97,21.54,73008,191100331.0,1.97,0.23,0.05,0.36
775,2018-03-09,22.0,22.22,22.35,21.91,108248,287342272.0,2.01,1.37,0.3,0.54
776,2018-03-12,22.27,22.54,22.59,22.03,126574,338597584.0,2.52,1.44,0.32,0.63
777,2018-03-13,22.4,22.17,22.58,22.13,81403,217601121.0,2.0,-1.64,-0.37,0.41
778,2018-03-14,22.27,22.28,22.46,22.02,81028,215326652.0,1.98,0.5,0.11,0.4
779,2018-03-15,22.2,22.54,22.6,22.16,105833,284187520.0,1.97,1.17,0.26,0.53
780,2018-03-16,22.59,22.3,22.73,22.22,81014,216984774.0,2.26,-1.06,-0.24,0.4
781,2018-03-19,22.2,21.62,22.2,21.41,182872,475455024.0,3.54,-3.05,-0.68,0.91
782,2018-03-20,21.3,21.8,21.89,21.25,67086,174731689.0,2.96,0.83,0.18,0.33
783,2018-03-21,21.8,21.62,21.8,21.38,112070,291001312.0,1.93,-0.83,-0.18,0.56
784,2018-03-22,21.5,21.5,21.59,21.16,74547,192191986.0,1.99,-0.56,-0.12,0.37
785,2018-03-23,20.61,21.44,21.5,20.1,210991,532443792.0,6.51,-0.28,-0.06,1.05
786,2018-03-26,21.01,21.05,21.25,20.56,80052,202800552.0,3.22,-1.82,-0.39,0.4
787,2018-03-27,21.18,20.83,21.4,20.61,105511,267246557.0,3.75,-1.05,-0.22,0.53
788,2018-03-28,20.58,20.02,20.58,19.91,145510,357873904.0,3.22,-3.89,-0.81,0.73
789,2018-03-29,20.01,19.59,20.2,18.95,181555,434035280.0,6.24,-2.15,-0.43,0.91
790,2018-03-30,19.67,20.37,20.38,19.6,127562,312330944.0,3.98,3.98,0.78,0.64
791,2018-04-02,20.37,19.94,20.56,19.9,103113,253157725.0,3.24,-2.11,-0.43,0.51
792,2018-04-03,19.6,19.7,19.9,19.33,96750,232130410.0,2.86,-1.2,-0.24,0.48
793,2018-04-04,19.9,19.87,20.19,19.75,113092,275538128.0,2.23,0.86,0.17,0.56
794,2018-04-09,19.7,19.45,19.81,19.22,98460,235371088.0,2.97,-2.11,-0.42,0.49
795,2018-04-10,19.58,20.04,20.06,19.49,104495,252438543.0,2.93,3.03,0.59,0.52
796,2018-04-11,20.18,19.91,20.19,19.72,108777,264755783.0,2.35,-0.65,-0.13,0.54
797,2018-04-12,19.97,19.67,19.97,19.64,64776,156460494.0,1.66,-1.21,-0.24,0.32
798,2018-04-13,19.85,19.31,19.85,19.29,100167,238860304.0,2.85,-1.83,-0.36,0.5
799,2018-04-16,19.3,19.04,19.52,18.92,110672,260518814.0,3.11,-1.4,-0.27,0.55
800,2018-04-17,19.09,18.51,19.22,18.48,117337,271410400.0,3.89,-2.78,-0.53,0.59
801,2018-04-18,18.72,18.38,18.82,18.05,130726,299014032.0,4.16,-0.7,-0.13,0.65
802,2018-04-19,18.15,18.46,18.68,18.13,115430,263960457.0,2.99,0.44,0.08,0.58
803,2018-04-20,18.48,18.38,18.55,18.0,142503,323403008.0,2.98,-0.43,-0.08,0.71
804,2018-04-23,18.37,18.5,18.64,18.17,107398,245520952.0,2.56,0.65,0.12,0.54
805,2018-04-24,18.61,19.23,19.75,18.61,236149,560200896.0,6.16,3.95,0.73,1.18
806,2018-04-25,19.25,19.3,19.55,19.16,123845,294413536.0,2.03,0.36,0.07,0.62
807,2018-04-26,19.49,19.29,19.6,19.12,103678,246394276.0,2.49,-0.05,-0.01,0.52
808,2018-04-27,18.45,18.07,18.76,16.95,378793,843231600.0,9.38,-6.32,-1.22,1.89
809,2018-05-02,18.0,18.69,18.77,17.75,135750,310448736.0,5.64,3.43,0.62,0.68
810,2018-05-03,18.89,19.32,19.36,18.72,133044,313601072.0,3.42,3.37,0.63,0.66
811,2018-05-04,19.25,19.15,19.54,19.05,80071,189444381.0,2.54,-0.88,-0.17,0.4
812,2018-05-07,19.1,19.62,19.7,19.07,88772,212848422.0,3.29,2.45,0.47,0.44
813,2018-05-08,19.68,19.96,20.12,19.51,111229,270492224.0,3.11,1.73,0.34,0.56
814,2018-05-09,20.1,20.03,20.2,19.78,108169,264028694.0,2.1,0.35,0.07,0.54
815,2018-05-10,20.11,20.41,20.53,20.11,108673,269249568.0,2.1,1.9,0.38,0.54
816,2018-05-11,20.4,20.35,20.58,20.13,73636,182096923.0,2.2,-0.29,-0.06,0.37
817,2018-05-14,20.36,20.78,20.84,20.26,103715,259825690.0,2.85,2.11,0.43,0.52
818,2018-05-15,20.9,21.27,21.38,20.61,174455,443334048.0,3.71,2.36,0.49,0.87
819,2018-05-16,21.12,20.97,21.73,20.86,172168,440807680.0,4.09,-1.41,-0.3,0.86
820,2018-05-17,20.94,20.84,21.26,20.76,86021,218420914.0,2.38,-0.62,-0.13,0.43
821,2018-05-18,20.84,20.84,20.99,20.47,71779,180240924.0,2.5,0.0,0.0,0.36
822,2018-05-21,21.1,21.08,21.5,21.0,71136,182660611.0,2.4,1.15,0.24,0.36
823,2018-05-22,21.28,21.25,21.4,21.06,64181,164594788.0,1.61,0.81,0.17,0.32
824,2018-05-23,21.29,20.64,21.3,20.6,92208,232568904.0,3.29,-2.87,-0.61,0.46
825,2018-05-24,20.48,20.69,20.88,20.45,66063,165680187.0,2.08,0.24,0.05,0.33
826,2018-05-25,20.65,20.9,20.98,20.61,57882,146107555.0,1.79,1.01,0.21,0.29
827,2018-05-28,21.06,20.98,21.24,20.73,91633,232686008.0,2.44,0.38,0.08,0.46
828,2018-05-29,20.85,21.09,21.11,20.5,78245,191866452.0,2.91,0.52,0.11,0.39
829,2018-05-30,20.78,20.82,21.4,20.2,102199,251151768.0,5.69,-1.28,-0.27,0.51
830,2018-05-31,20.85,21.27,21.51,20.85,98881,245459764.0,3.17,2.16,0.45,0.49
831,2018-06-01,21.27,21.44,21.55,20.95,90966,227386858.0,2.82,0.8,0.17,0.45
832,2018-06-04,21.47,21.28,21.62,21.2,79821,199886755.0,1.96,-0.75,-0.16,0.4
833,2018-06-05,21.2,21.29,21.37,20.86,88878,219944030.0,2.4,0.05,0.01,0.44
834,2018-06-06,21.22,20.83,21.22,20.78,73903,181611078.0,2.07,-2.16,-0.46,0.37
835,2018-06-07,20.78,20.59,21.1,20.55,93140,227856522.0,2.64,-1.15,-0.24,0.47
836,2018-06-08,20.59,20.84,20.85,20.44,77553,188623567.0,1.99,1.21,0.25,0.39
837,2018-06-11,20.82,21.13,21.25,20.6,120137,296697552.0,3.12,1.39,0.29,0.6
838,2018-06-12,21.35,21.54,21.71,21.25,150458,378814192.0,2.18,1.94,0.41,0.75
839,2018-06-13,21.64,21.57,22.14,21.5,167788,428426000.0,2.97,0.14,0.03,0.84
840,2018-06-14,21.79,21.92,22.1,21.64,129009,329687392.0,2.13,1.62,0.35,0.64
841,2018-06-15,22.1,22.03,22.13,21.47,108837,277047440.0,3.01,0.5,0.11,0.54
842,2018-06-19,21.91,22.16,22.28,21.46,305198,782429856.0,3.72,0.59,0.13,1.52
843,2018-06-20,21.91,22.71,22.79,21.5,203465,527229936.0,5.82,2.48,0.55,1.02
844,2018-06-21,22.73,22.59,23.15,22.36,227001,599185760.0,3.48,-0.53,-0.12,1.13
845,2018-06-22,22.41,22.52,22.8,22.15,102344,268284191.0,2.88,-0.31,-0.07,0.51
846,2018-06-25,22.4,22.3,22.66,22.23,90756,236076450.0,1.91,-0.98,-0.22,0.45
847,2018-06-26,22.04,21.89,22.23,21.05,129292,327833760.0,5.29,-1.84,-0.41,0.65
848,2018-06-27,21.88,21.91,22.4,21.54,90431,231971724.0,3.93,0.09,0.02,0.45
849,2018-06-28,21.36,21.8,22.33,21.36,72706,186190698.0,4.43,-0.5,-0.11,0.36
850,2018-06-29,21.8,22.06,22.32,21.8,64590,166052963.0,2.39,1.19,0.26,0.32
851,2018-07-02,22.15,21.36,22.2,21.15,83186,209050190.0,4.76,-3.17,-0.7,0.42
852,2018-07-03,21.2,21.74,22.05,20.39,160620,396974432.0,7.77,1.78,0.38,0.8
853,2018-07-04,21.64,21.53,21.93,21.48,90585,229830511.0,2.07,-0.97,-0.21,0.45
854,2018-07-05,21.48,21.93,21.94,21.4,77017,194988348.0,2.51,1.86,0.4,0.38
855,2018-07-06,21.93,21.7,22.13,21.19,100149,254575978.0,4.29,-1.05,-0.23,0.5
856,2018-07-09,21.8,21.74,21.99,21.53,78440,199400898.0,2.12,0.18,0.04,0.39
857,2018-07-10,21.81,21.62,21.84,21.45,54614,138194428.0,1.79,-0.55,-0.12,0.27
858,2018-07-11,21.31,21.48,21.66,21.16,52210,130834859.0,2.31,-0.65,-0.14,0.26
859,2018-07-12,21.15,21.51,21.65,21.15,94477,236316845.0,2.33,0.14,0.03,0.47
860,2018-07-13,21.45,21.45,21.54,21.34,44562,111680304.0,0.93,-0.28,-0.06,0.22
861,2018-07-16,21.44,22.12,22.13,21.36,93881,239135507.0,3.59,3.12,0.67,0.47
862,2018-07-17,22.05,21.92,22.19,21.78,43620,111630536.0,1.85,-0.9,-0.2,0.22
863,2018-07-18,21.82,22.28,22.51,21.8,74050,191990263.0,3.24,1.64,0.36,0.37
864,2018-07-19,22.28,22.26,22.54,22.01,44791,115901720.0,2.38,-0.09,-0.02,0.22
865,2018-07-20,22.32,22.17,22.45,21.92,46343,119708175.0,2.38,-0.4,-0.09,0.23
866,2018-07-23,22.13,22.13,22.25,21.86,43481,111698438.0,1.76,-0.18,-0.04,0.22
867,2018-07-24,22.14,22.63,22.65,22.06,99176,258671681.0,2.67,2.26,0.5,0.5
868,2018-07-25,22.63,22.49,22.84,22.4,77379,202936660.0,1.94,-0.62,-0.14,0.39
869,2018-07-26,22.58,21.96,22.58,21.95,50953,131293555.0,2.8,-2.36,-0.53,0.25
870,2018-07-27,21.94,21.66,21.94,21.65,40241,102150770.0,1.32,-1.37,-0.3,0.2
871,2018-07-30,21.65,21.54,21.83,21.48,40595,102536802.0,1.62,-0.55,-0.12,0.2
872,2018-07-31,21.63,21.56,21.78,21.38,52072,131455838.0,1.86,0.09,0.02,0.26
873,2018-08-01,21.58,21.21,21.77,21.2,68556,172342055.0,2.64,-1.62,-0.35,0.34
874,2018-08-02,21.18,20.94,21.31,20.4,79809,194579171.0,4.29,-1.27,-0.27,0.4
875,2018-08-03,21.03,20.68,21.29,20.55,68643,168967649.0,3.53,-1.24,-0.26,0.34
876,2018-08-06,20.73,19.3,20.79,18.84,134618,313604112.0,9.43,-6.67,-1.38,0.67
877,2018-08-07,19.53,20.62,20.7,19.45,96189,228497240.0,6.48,6.84,1.32,0.48
878,2018-08-08,20.6,20.21,20.77,20.01,53660,128520837.0,3.69,-1.99,-0.41,0.27
879,2018-08-09,20.15,20.51,20.7,19.95,76810,184694312.0,3.71,1.48,0.3,0.38
880,2018-08-10,20.41,19.98,20.56,19.75,96905,230028125.0,3.95,-2.58,-0.53,0.48
881,2018-08-13,19.93,20.09,20.2,19.65,66690,157595570.0,2.75,0.55,0.11,0.33
882,2018-08-14,19.88,20.47,20.53,19.88,85724,205861318.0,3.24,1.89,0.38,0.43
883,2018-08-15,20.5,19.91,20.53,19.74,74200,176780941.0,3.86,-2.74,-0.56,0.37
884,2018-08-16,19.64,19.42,20.15,19.38,84208,196517406.0,3.87,-2.46,-0.49,0.42
885,2018-08-17,19.51,18.66,19.77,18.55,96896,219050823.0,6.28,-3.91,-0.76,0.48
886,2018-08-20,18.85,18.75,19.12,18.44,96806,216906815.0,3.64,0.48,0.09,0.48
887,2018-08-21,20.05,20.46,20.85,19.97,236501,569686368.0,4.69,9.12,1.71,1.18
888,2018-08-22,20.59,20.52,20.81,20.28,132262,320128624.0,2.59,0.29,0.06,0.66
889,2018-08-23,20.95,20.69,21.28,20.67,126689,311696400.0,2.97,0.83,0.17,0.63
890,2018-08-24,20.9,20.85,21.22,20.7,105891,260573917.0,2.51,0.77,0.16,0.53
891,2018-08-27,20.85,21.76,21.79,20.81,117910,296363824.0,4.7,4.36,0.91,0.59
892,2018-08-28,21.8,22.3,22.34,21.76,136148,350619856.0,2.67,2.48,0.54,0.68
893,2018-08-29,22.2,22.28,22.75,21.8,100070,260594033.0,4.26,-0.09,-0.02,0.5
894,2018-08-30,22.28,22.57,22.84,22.25,151915,399611504.0,2.65,1.3,0.29,0.76
895,2018-08-31,22.63,21.77,22.63,21.66,156126,400567696.0,4.3,-3.54,-0.8,0.78
896,2018-09-03,22.15,22.13,22.33,21.89,114358,294714656.0,2.02,1.65,0.36,0.57
897,2018-09-04,22.35,22.06,22.5,22.0,112968,292106800.0,2.26,-0.32,-0.07,0.56
898,2018-09-05,22.13,21.9,22.46,21.86,98103,254020329.0,2.72,-0.73,-0.16,0.49
899,2018-09-06,21.95,21.53,22.12,21.39,75898,192447135.0,3.33,-1.69,-0.37,0.38
900,2018-09-07,21.78,21.42,21.95,21.23,60470,152676596.0,3.34,-0.51,-0.11,0.3
901,2018-09-10,21.43,20.99,21.63,20.82,71596,176996827.0,3.78,-2.01,-0.43,0.36
902,2018-09-11,20.92,20.68,21.05,20.3,93505,226334836.0,3.57,-1.48,-0.31,0.47
903,2018-09-12,20.62,20.37,20.66,20.2,55916,134427911.0,2.22,-1.5,-0.31,0.28
904,2018-09-13,20.45,20.25,20.61,20.05,118160,282544576.0,2.75,-0.59,-0.12,0.59
905,2018-09-14,20.42,20.55,20.7,20.16,96861,233641364.0,2.67,1.48,0.3,0.48
906,2018-09-17,20.35,19.8,20.38,19.76,98046,231375361.0,3.02,-3.65,-0.75,0.49
907,2018-09-18,19.72,19.83,19.86,19.17,128500,298413376.0,3.48,0.15,0.03,0.64
908,2018-09-19,19.79,20.39,20.53,19.6,129627,309297280.0,4.69,2.82,0.56,0.65
909,2018-09-20,20.35,20.29,20.49,20.13,86848,208143666.0,1.77,-0.49,-0.1,0.43
910,2018-09-21,20.43,21.45,21.6,20.31,127407,314170656.0,6.36,5.72,1.16,0.64
911,2018-09-25,21.18,21.3,21.51,20.95,66565,165395204.0,2.61,-0.7,-0.15,0.33
912,2018-09-26,21.24,21.41,21.76,21.15,97540,245338762.0,2.86,0.52,0.11,0.49
913,2018-09-27,21.42,21.6,21.69,21.17,75015,188619051.0,2.43,0.89,0.19,0.37
914,2018-09-28,21.55,21.8,21.87,21.31,98267,248855422.0,2.59,0.93,0.2,0.49
915,2018-10-08,21.35,21.2,21.61,20.85,116721,289789312.0,3.49,-2.75,-0.6,0.58
916,2018-10-09,21.16,21.03,21.43,21.01,59552,147886210.0,1.98,-0.8,-0.17,0.3
917,2018-10-10,21.03,21.28,21.53,21.0,80694,201097629.0,2.52,1.19,0.25,0.4
918,2018-10-11,20.55,20.32,20.75,20.02,109473,262499599.0,3.43,-4.51,-0.96,0.55
919,2018-10-12,20.28,20.8,21.1,19.92,83391,201896072.0,5.81,2.36,0.48,0.42
920,2018-10-15,20.6,20.09,20.94,20.0,77643,186886558.0,4.52,-3.41,-0.71,0.39
921,2018-10-16,20.22,20.05,20.35,19.73,92182,218683115.0,3.09,-0.2,-0.04,0.46
922,2018-10-17,20.34,20.25,20.49,19.76,59947,142535880.0,3.64,1.0,0.2,0.3
923,2018-10-18,20.04,19.61,20.16,19.61,74551,174585776.0,2.72,-3.16,-0.64,0.37
924,2018-10-19,19.4,20.11,20.15,19.25,86563,202734040.0,4.59,2.55,0.5,0.43
925,2018-10-22,20.15,21.33,21.47,20.15,111963,275329344.0,6.56,6.07,1.22,0.56
926,2018-10-23,21.33,20.57,21.35,20.36,99179,241672624.0,4.64,-3.56,-0.76,0.5
927,2018-10-24,20.63,19.84,20.63,19.65,112409,260709265.0,4.76,-3.55,-0.73,0.56
928,2018-10-25,19.27,19.55,19.73,19.25,77768,176428709.0,2.42,-1.46,-0.29,0.39
929,2018-10-26,19.91,18.72,19.93,18.35,218901,484802832.0,8.08,-4.25,-0.83,1.09
930,2018-10-29,18.55,17.44,18.55,17.16,186156,389882784.0,7.43,-6.84,-1.28,0.93
931,2018-10-30,17.75,17.96,18.0,17.51,113552,239274323.0,2.81,2.98,0.52,0.57
932,2018-10-31,17.99,18.42,18.63,17.99,98173,211875004.0,3.56,2.56,0.46,0.49
933,2018-11-01,18.6,18.93,19.13,18.58,144710,320876752.0,2.99,2.77,0.51,0.72
934,2018-11-02,19.54,19.66,19.73,19.18,166624,379220432.0,2.91,3.86,0.73,0.83
935,2018-11-05,19.6,19.55,20.03,19.33,110318,252390094.0,3.56,-0.56,-0.11,0.55
936,2018-11-06,19.55,19.59,19.73,19.41,57868,132224728.0,1.64,0.2,0.04,0.29
937,2018-11-07,19.57,19.55,19.81,19.48,66849,153149582.0,1.68,-0.2,-0.04,0.33
938,2018-11-08,19.71,19.33,19.77,19.1,91381,206891036.0,3.43,-1.13,-0.22,0.46
939,2018-11-09,19.14,19.02,19.31,19.0,78316,175074173.0,1.6,-1.6,-0.31,0.39
940,2018-11-12,19.01,19.31,19.42,18.86,69330,155697342.0,2.94,1.52,0.29,0.35
941,2018-11-13,19.11,19.66,19.8,19.0,96888,221129003.0,4.14,1.81,0.35,0.48
942,2018-11-14,19.5,19.55,19.71,19.31,62873,143441769.0,2.03,-0.56,-0.11,0.31
943,2018-11-15,19.42,19.41,19.57,19.18,89476,201936883.0,1.99,-0.72,-0.14,0.45
944,2018-11-16,19.5,19.47,19.51,19.33,76067,172488744.0,0.93,0.31,0.06,0.38
945,2018-11-19,19.46,19.51,19.65,19.1,98933,222927159.0,2.82,0.21,0.04,0.49
946,2018-11-20,19.1,19.08,19.28,18.85,95183,212326833.0,2.2,-2.2,-0.43,0.48
947,2018-11-21,18.81,18.9,19.1,18.79,65544,145187687.0,1.62,-0.94,-0.18,0.33
948,2018-11-22,18.92,19.04,19.08,18.85,60195,133806489.0,1.22,0.74,0.14,0.3
949,2018-11-23,18.95,18.57,19.04,18.45,57182,125413712.0,3.1,-2.47,-0.47,0.29
950,2018-11-26,18.63,18.49,18.74,18.26,45932,99974743.0,2.58,-0.43,-0.08,0.23
951,2018-11-27,18.49,18.36,18.62,18.33,37073,80399081.0,1.57,-0.7,-0.13,0.19
952,2018-11-28,18.36,18.27,18.41,18.0,59325,127322309.0,2.23,-0.49,-0.09,0.3
953,2018-11-29,18.44,18.15,18.62,18.13,60946,131922426.0,2.68,-0.66,-0.12,0.3
954,2018-11-30,18.27,18.57,18.7,17.82,72060,154832662.0,4.85,2.31,0.42,0.36
955,2018-12-03,18.9,19.14,19.24,18.9,143389,320942032.0,1.83,3.07,0.57,0.72
956,2018-12-04,19.15,19.07,19.25,18.93,67748,151234234.0,1.67,-0.37,-0.07,0.34
957,2018-12-05,18.75,19.05,19.19,18.65,56661,126076755.0,2.83,-0.1,-0.02,0.28
958,2018-12-06,18.85,18.71,19.07,18.65,63642,140374043.0,2.2,-1.78,-0.34,0.32
959,2018-12-07,18.7,18.71,18.84,18.65,37645,82763898.0,1.02,0.0,0.0,0.19
960,2018-12-10,18.59,18.23,18.59,18.2,58636,126393819.0,2.08,-2.57,-0.48,0.29
961,2018-12-11,18.35,18.19,18.43,18.08,51897,111486567.0,1.92,-0.22,-0.04,0.26
962,2018-12-12,18.26,18.3,18.41,18.23,46317,99902160.0,0.99,0.6,0.11,0.23
963,2018-12-13,18.35,18.83,18.89,18.35,78730,173048169.0,2.95,2.9,0.53,0.39
964,2018-12-14,18.84,18.84,19.04,18.65,74272,164574173.0,2.07,0.05,0.01,0.37
965,2018-12-17,18.8,18.94,19.06,18.56,52864,116818749.0,2.65,0.53,0.1,0.26
966,2018-12-18,18.84,19.12,19.18,18.72,83730,186703042.0,2.43,0.95,0.18,0.42
967,2018-12-19,19.19,19.07,19.34,18.85,80950,181680669.0,2.56,-0.26,-0.05,0.4
968,2018-12-20,19.03,19.03,19.25,18.95,54279,121208791.0,1.57,-0.21,-0.04,0.27
969,2018-12-21,18.99,19.11,19.22,18.67,73462,163717777.0,2.89,0.42,0.08,0.37
970,2018-12-24,18.95,19.37,19.41,18.95,62703,141137022.0,2.41,1.36,0.26,0.31
971,2018-12-25,19.12,19.42,19.5,19.11,63155,142542553.0,2.01,0.26,0.05,0.32
972,2018-12-26,19.31,19.96,20.0,19.3,82574,189787381.0,3.6,2.78,0.54,0.41
973,2018-12-27,20.15,19.19,20.22,19.01,107982,245241459.0,6.06,-3.86,-0.77,0.54
974,2018-12-28,19.17,19.53,19.62,19.12,59652,135427600.0,2.61,1.77,0.34,0.3
975,2019-01-02,19.53,19.19,19.6,18.65,75127,167957743.0,4.86,-1.74,-0.34,0.38
976,2019-01-03,19.12,18.39,19.12,18.22,106214,230994517.0,4.69,-4.17,-0.8,0.53
977,2019-01-04,18.25,18.48,18.56,17.96,72862,156882396.0,3.26,0.49,0.09,0.36
978,2019-01-07,18.57,18.73,18.83,18.36,77938,170478909.0,2.54,1.35,0.25,0.39
979,2019-01-08,18.56,18.49,18.63,18.43,40346,87689045.0,1.07,-1.28,-0.24,0.2
980,2019-01-09,18.55,19.22,19.82,18.55,147069,331865440.0,6.87,3.95,0.73,0.73
981,2019-01-10,19.16,19.17,19.37,18.97,59737,133978159.0,2.08,-0.26,-0.05,0.3
982,2019-01-11,19.16,19.3,19.32,19.07,45218,101634060.0,1.3,0.68,0.13,0.23
983,2019-01-14,19.3,19.08,19.38,18.99,48197,108185527.0,2.02,-1.14,-0.22,0.24
984,2019-01-15,19.1,19.28,19.28,18.95,60206,134672416.0,1.73,1.05,0.2,0.3
985,2019-01-16,19.38,19.36,19.4,19.1,51089,115163165.0,1.56,0.41,0.08,0.26
986,2019-01-17,19.27,19.59,19.71,19.26,78258,178421677.0,2.32,1.19,0.23,0.39
987,2019-01-18,19.58,19.71,19.75,19.47,60411,138464664.0,1.43,0.61,0.12,0.3
988,2019-01-21,19.75,19.51,19.97,19.42,103346,236780100.0,2.79,-1.01,-0.2,0.52
989,2019-01-22,19.53,19.29,19.62,19.25,58820,133135563.0,1.9,-1.13,-0.22,0.29
990,2019-01-23,19.23,19.7,19.7,19.2,79910,182055346.0,2.59,2.13,0.41,0.4
991,2019-01-24,19.51,19.72,19.9,19.37,76507,175776087.0,2.69,0.1,0.02,0.38
992,2019-01-25,19.66,19.75,20.07,19.66,86684,200402274.0,2.08,0.15,0.03,0.43
993,2019-01-28,19.88,19.8,20.32,19.75,75117,174756767.0,2.89,0.25,0.05,0.38
994,2019-01-29,19.76,20.1,20.13,19.71,60250,139895442.0,2.12,1.52,0.3,0.3
995,2019-01-30,20.05,19.81,20.05,19.67,54710,126093501.0,1.89,-1.44,-0.29,0.27
996,2019-01-31,19.75,20.01,20.08,19.65,73961,171070065.0,2.17,1.01,0.2,0.37
997,2019-02-01,19.98,20.22,20.24,19.75,80908,188153533.0,2.45,1.05,0.21,0.4
998,2019-02-11,20.35,20.8,20.9,20.21,113616,271114512.0,3.41,2.87,0.58,0.57
999,2019-02-12,20.82,21.37,21.55,20.82,106261,260075739.0,3.51,2.74,0.57,0.53
1000,2019-02-13,21.38,21.65,21.73,21.24,106418,264097985.0,2.29,1.31,0.28,0.53
1001,2019-02-14,21.65,21.66,21.83,21.37,85674,213019769.0,2.12,0.05,0.01,0.43
1002,2019-02-15,21.62,21.05,21.74,21.05,105778,259183105.0,3.19,-2.82,-0.61,0.53
1003,2019-02-18,21.3,21.54,21.71,21.26,114304,282969968.0,2.14,2.33,0.49,0.57
1004,2019-02-19,21.54,21.38,21.75,21.13,119742,295591424.0,2.88,-0.74,-0.16,0.6
1005,2019-02-20,21.3,21.17,21.41,20.95,102574,250036344.0,2.15,-0.98,-0.21,0.51
1006,2019-02-21,21.21,21.26,21.59,21.12,98781,242663518.0,2.22,0.43,0.09,0.49
1007,2019-02-22,21.02,21.11,21.29,20.64,102725,247972004.0,3.06,-0.71,-0.15,0.51
1008,2019-02-25,21.18,21.74,21.83,21.18,223394,552774960.0,3.08,2.98,0.63,1.12
1009,2019-02-26,21.81,21.51,21.85,21.41,182325,454454624.0,2.02,-1.06,-0.23,0.91
1010,2019-02-27,21.46,21.06,21.7,20.92,157688,387072432.0,3.63,-2.09,-0.45,0.79
1011,2019-02-28,21.15,21.0,21.25,20.83,103440,251694943.0,1.99,-0.28,-0.06,0.52
1012,2019-03-01,21.1,21.52,21.53,21.02,164599,404405840.0,2.43,2.48,0.52,0.82
1013,2019-03-04,21.53,21.77,22.22,21.47,295268,740347760.0,3.49,1.16,0.25,1.47
1014,2019-03-05,21.77,21.64,21.77,21.32,218411,540142384.0,2.07,-0.6,-0.13,1.09
1015,2019-03-06,21.7,21.9,21.97,21.43,207268,516774304.0,2.5,1.2,0.26,1.03
1016,2019-03-07,21.9,21.46,21.9,21.41,193096,478999424.0,2.24,-2.01,-0.44,0.96
1017,2019-03-08,21.2,20.61,21.22,20.59,208648,504743152.0,2.94,-3.96,-0.85,1.04
1018,2019-03-11,20.62,20.91,21.07,20.62,139472,336404736.0,2.18,1.46,0.3,0.7
1019,2019-03-12,20.98,20.97,21.13,20.84,168294,408178992.0,1.39,0.29,0.06,0.84
1020,2019-03-13,20.99,20.76,21.02,20.44,194882,466668640.0,2.77,-1.0,-0.21,0.97
1021,2019-03-14,20.69,20.97,21.21,20.55,154860,374347632.0,3.18,1.01,0.21,0.77
1022,2019-03-15,20.96,21.0,21.18,20.78,180792,439092176.0,1.91,0.14,0.03,0.9
1023,2019-03-18,21.25,21.2,21.25,20.71,474552,1148245216.0,2.57,0.95,0.2,2.37
1024,2019-03-19,21.24,21.53,21.63,21.04,317675,778639168.0,2.78,1.56,0.33,1.59
1025,2019-03-20,21.45,21.25,21.45,21.13,199725,489968768.0,1.49,-1.3,-0.28,1.0
1026,2019-03-21,21.26,21.1,21.32,21.03,184152,448708544.0,1.36,-0.71,-0.15,0.92
1027,2019-03-22,21.1,20.98,21.12,20.88,144674,350655680.0,1.14,-0.57,-0.12,0.72
1028,2019-03-25,20.75,20.7,20.89,20.57,131229,315020848.0,1.53,-1.33,-0.28,0.66
1029,2019-03-26,20.71,20.77,20.85,20.63,119425,286090960.0,1.06,0.34,0.07,0.6
1030,2019-03-27,20.75,20.95,20.95,20.62,97227,233792452.0,1.59,0.87,0.18,0.49
1031,2019-03-28,20.94,20.71,20.94,20.65,98756,236887632.0,1.38,-1.15,-0.24,0.49
1032,2019-03-29,20.71,21.08,21.21,20.63,192213,466282336.0,2.8,1.79,0.37,0.96
1033,2019-04-01,21.2,21.5,21.6,21.19,279061,687841104.0,1.94,1.99,0.42,1.39
1034,2019-04-02,21.7,21.38,21.75,21.26,216686,533691120.0,2.28,-0.56,-0.12,1.08
1035,2019-04-03,21.29,21.82,21.86,21.21,332231,827605392.0,3.04,2.06,0.44,1.66
1036,2019-04-04,21.95,21.84,22.29,21.75,286623,723970640.0,2.47,0.09,0.02,1.43
1037,2019-04-08,22.01,21.63,22.19,21.38,242011,604471856.0,3.71,-0.96,-0.21,1.21
1038,2019-04-09,21.66,22.21,22.22,21.55,260284,653801152.0,3.1,2.68,0.58,1.3
1039,2019-04-10,21.98,23.75,24.63,21.93,573179,1522367216.0,12.16,6.93,1.54,2.86
1040,2019-04-11,23.75,23.07,24.38,22.96,301287,808931008.0,5.98,-2.86,-0.68,1.5
1041,2019-04-12,23.17,23.07,23.59,22.81,171281,451503808.0,3.38,0.0,0.0,0.86
1042,2019-04-15,23.36,22.8,23.57,22.75,200122,529509200.0,3.55,-1.17,-0.27,1.0
1043,2019-04-16,22.65,23.2,23.2,22.42,162861,424384928.0,3.42,1.75,0.4,0.81
1044,2019-04-17,23.18,23.74,23.91,22.91,262443,702247584.0,4.31,2.33,0.54,1.31
1045,2019-04-18,24.04,23.71,24.26,23.59,163036,442784512.0,2.82,-0.13,-0.03,0.81
1046,2019-04-19,23.65,23.95,24.01,23.5,114585,309622448.0,2.15,1.01,0.24,0.57
1047,2019-04-22,24.09,23.2,24.15,23.05,155885,418249568.0,4.59,-3.13,-0.75,0.78
1048,2019-04-23,23.25,23.07,23.83,22.85,156181,415528528.0,4.22,-0.56,-0.13,0.78
1049,2019-04-24,23.13,23.3,23.57,23.03,107291,284796976.0,2.34,1.0,0.23,0.54
1050,2019-04-25,23.31,22.65,23.36,22.6,145743,381033888.0,3.26,-2.79,-0.65,0.73
1051,2019-04-26,22.65,22.09,22.89,22.05,140589,361554160.0,3.71,-2.47,-0.56,0.7
1052,2019-04-29,21.74,21.85,22.5,21.56,184701,467118592.0,4.26,-1.09,-0.24,0.92
1053,2019-04-30,21.78,21.87,22.07,21.65,131128,329135152.0,1.92,0.09,0.02,0.65
1054,2019-05-06,20.95,20.59,21.05,20.0,304914,720389472.0,4.8,-5.85,-1.28,1.52
1055,2019-05-07,20.4,20.45,20.83,20.2,206666,490544032.0,3.06,-0.68,-0.14,1.03
1056,2019-05-08,20.14,20.05,20.35,19.79,133296,310700128.0,2.74,-1.96,-0.4,0.67
1057,2019-05-09,19.85,19.6,19.95,19.5,138699,318292624.0,2.24,-2.24,-0.45,0.69
1058,2019-05-10,19.82,20.29,20.49,19.53,146091,340635600.0,4.9,3.52,0.69,0.73
1059,2019-05-13,20.03,19.92,20.2,19.77,64376,149308862.0,2.12,-1.82,-0.37,0.32
1060,2019-05-14,19.66,19.76,19.87,19.35,124451,284552928.0,2.61,-0.8,-0.16,0.62
1061,2019-05-15,19.88,20.15,20.27,19.88,120021,280570112.0,1.97,1.97,0.39,0.6
1062,2019-05-16,20.16,20.48,20.53,20.06,87216,206154785.0,2.33,1.64,0.33,0.44
1063,2019-05-17,20.55,20.0,20.55,19.9,86531,201906417.0,3.17,-2.34,-0.48,0.43
1064,2019-05-20,19.75,19.49,19.9,19.32,126721,287686192.0,2.9,-2.55,-0.51,0.63
1065,2019-05-21,19.45,19.76,19.85,19.43,102412,235107694.0,2.15,1.39,0.27,0.51
1066,2019-05-22,19.87,19.61,19.93,19.55,117402,269219616.0,1.92,-0.76,-0.15,0.59
1067,2019-05-23,19.62,19.09,19.69,18.9,158401,356258464.0,4.03,-2.65,-0.52,0.79
1068,2019-05-24,19.04,19.24,19.4,18.98,107331,240652259.0,2.2,0.79,0.15,0.54
1069,2019-05-27,19.33,19.35,19.39,19.0,155309,349465504.0,2.03,0.57,0.11,0.78
1070,2019-05-28,19.4,19.62,19.7,19.17,193359,438665360.0,2.74,1.4,0.27,0.97
1071,2019-05-29,19.6,19.33,19.6,19.09,126661,276295328.0,2.6,-1.48,-0.29,0.63
1072,2019-05-30,19.3,19.33,19.4,19.13,88187,191868026.0,1.4,0.0,0.0,0.44
1073,2019-05-31,19.3,19.33,19.56,19.14,95436,208902819.0,2.17,0.0,0.0,0.48
1074,2019-06-03,19.33,19.05,19.48,19.03,100894,218710319.0,2.33,-1.45,-0.28,0.5
1075,2019-06-04,19.07,18.77,19.16,18.6,108315,229763981.0,2.94,-1.47,-0.28,0.54
1076,2019-06-05,18.91,18.75,19.14,18.7,126231,271195040.0,2.34,-0.11,-0.02,0.63
1077,2019-06-06,18.85,18.95,19.09,18.61,109068,233107148.0,2.56,1.07,0.2,0.54
1078,2019-06-10,19.04,19.37,19.45,19.04,97607,212855165.0,2.16,2.22,0.42,0.49
1079,2019-06-11,19.72,19.86,19.97,19.61,152334,339613728.0,1.86,2.53,0.49,0.76
1080,2019-06-12,19.67,19.43,19.67,19.32,131469,288406768.0,1.76,-2.17,-0.43,0.66
1081,2019-06-13,19.42,19.13,19.42,18.9,141842,305762288.0,2.68,-1.54,-0.3,0.71
1082,2019-06-14,19.07,19.1,19.32,18.94,102475,220848328.0,1.99,-0.16,-0.03,0.51
1083,2019-06-17,19.04,18.97,19.2,18.92,78196,168251989.0,1.47,-0.68,-0.13,0.39
1084,2019-06-18,18.98,18.97,19.06,18.88,65215,140102239.0,0.95,0.0,0.0,0.33
1085,2019-06-19,19.34,19.11,19.45,19.0,161214,350335856.0,2.37,0.74,0.14,0.8
1086,2019-06-20,19.15,19.4,19.48,19.05,194984,425554656.0,2.25,1.52,0.29,0.97
1087,2019-06-21,19.41,19.53,19.76,19.39,197019,435260880.0,1.91,0.67,0.13,0.98
1088,2019-06-24,19.54,19.5,19.59,19.35,150138,329641168.0,1.23,-0.15,-0.03,0.75
1089,2019-06-25,19.5,19.16,19.54,19.0,160483,348069840.0,2.77,-1.74,-0.34,0.8
1090,2019-06-26,19.15,19.48,19.55,19.02,125846,274377728.0,2.77,1.67,0.32,0.63
1091,2019-06-27,19.54,19.72,19.82,19.53,143916,319377456.0,1.49,1.23,0.24,0.72
1092,2019-06-28,19.76,20.23,20.27,19.73,211554,478194368.0,2.74,2.59,0.51,1.06
1093,2019-07-01,20.7,20.55,20.82,20.3,289067,664885888.0,2.57,1.58,0.32,1.44
1094,2019-07-02,20.41,21.13,21.22,20.4,312355,732799552.0,3.99,2.82,0.58,1.56
1095,2019-07-03,21.15,20.88,21.18,20.8,169511,398679888.0,1.8,-1.18,-0.25,0.85
1096,2019-07-04,21.02,20.65,21.08,20.51,135955,315605200.0,2.73,-1.1,-0.23,0.68
1097,2019-07-05,20.73,20.97,21.1,20.67,118522,277514144.0,2.08,1.55,0.32,0.59
1098,2019-07-08,20.85,20.5,20.85,20.2,103943,239168601.0,3.1,-2.24,-0.47,0.52
1099,2019-07-09,20.5,20.4,20.66,20.22,85665,196713984.0,2.15,-0.49,-0.1,0.43
1100,2019-07-10,20.53,20.27,20.57,20.15,66391,151441616.0,2.06,-0.64,-0.13,0.33
1101,2019-07-11,20.34,20.35,20.42,20.14,74150,168892776.0,1.38,0.39,0.08,0.37
1102,2019-07-12,20.34,20.35,20.5,20.2,62172,142178221.0,1.47,0.0,0.0,0.31
1103,2019-07-15,20.2,20.22,20.39,19.65,100014,226062414.0,3.64,-0.64,-0.13,0.5
1104,2019-07-16,20.16,19.89,20.2,19.81,100767,226144915.0,1.93,-1.63,-0.33,0.5
1105,2019-07-17,19.96,19.91,20.01,19.77,58803,131765298.0,1.21,0.1,0.02,0.29
1106,2019-07-18,19.8,19.6,19.8,19.6,61764,136925789.0,1.0,-1.56,-0.31,0.31
1107,2019-07-19,19.65,19.75,19.84,19.6,52687,117175601.0,1.22,0.77,0.15,0.26
1108,2019-07-22,19.75,19.58,19.75,19.38,76352,168789342.0,1.87,-0.86,-0.17,0.38
1109,2019-07-23,19.58,20.02,20.04,19.53,101087,225425916.0,2.6,2.25,0.44,0.5
1110,2019-07-24,20.09,20.15,20.32,20.02,74790,169730069.0,1.5,0.65,0.13,0.37
1111,2019-07-25,20.15,20.24,20.25,19.96,68351,154530226.0,1.44,0.45,0.09,0.34
1112,2019-07-26,20.1,20.13,20.29,19.93,78527,177697969.0,1.78,-0.54,-0.11,0.39
1113,2019-07-29,20.04,20.09,20.27,20.01,76389,172773099.0,1.29,-0.2,-0.04,0.38
1114,2019-07-30,20.09,20.28,20.42,20.0,109352,249175247.0,2.09,0.95,0.19,0.55
1115,2019-07-31,20.18,20.03,20.28,20.01,69392,157020599.0,1.33,-1.23,-0.25,0.35
1116,2019-08-01,20.0,19.76,20.0,19.7,83715,186647786.0,1.5,-1.35,-0.27,0.42
1117,2019-08-02,19.4,19.5,19.66,19.3,100645,220755251.0,1.82,-1.32,-0.26,0.5
1118,2019-08-05,19.48,18.98,19.48,18.98,95454,207064537.0,2.56,-2.67,-0.52,0.48
1119,2019-08-06,18.65,18.49,18.66,18.13,171584,358221184.0,2.79,-2.58,-0.49,0.86
1120,2019-08-07,18.6,18.48,18.7,18.32,63123,132601520.0,2.06,-0.05,-0.01,0.32
1121,2019-08-08,18.45,18.77,18.92,18.4,68293,144713338.0,2.81,1.57,0.29,0.34
1122,2019-08-09,18.8,18.46,18.91,18.4,69119,145894286.0,2.72,-1.65,-0.31,0.35
1123,2019-08-12,18.45,18.78,18.79,18.38,47375,99801009.0,2.22,1.73,0.32,0.24
1124,2019-08-13,18.57,18.51,18.6,18.42,52288,109826559.0,0.96,-1.44,-0.27,0.26
1125,2019-08-14,18.75,18.6,18.83,18.42,97234,205090544.0,2.22,0.49,0.09,0.49
1126,2019-08-15,18.35,18.57,18.61,18.23,72982,153091125.0,2.04,-0.16,-0.03,0.36
1127,2019-08-16,18.62,18.63,18.69,18.51,54357,114845294.0,0.97,0.32,0.06,0.27
1128,2019-08-19,18.7,19.06,19.09,18.7,95047,203579837.0,2.09,2.31,0.43,0.47
1129,2019-08-20,19.0,19.06,19.21,18.95,73124,157822531.0,1.36,0.0,0.0,0.37
1130,2019-08-21,19.1,18.85,19.15,18.81,69372,148307639.0,1.78,-1.1,-0.21,0.35
1131,2019-08-22,18.8,19.35,19.36,18.8,98449,213223271.0,2.97,2.65,0.5,0.49
1132,2019-08-23,19.3,19.13,19.34,18.93,98268,212645000.0,2.12,-1.14,-0.22,0.49
1133,2019-08-26,18.85,19.43,19.53,18.68,170215,371005184.0,4.44,1.57,0.3,0.85
1134,2019-08-27,19.62,20.4,20.99,19.62,347760,795444624.0,7.05,4.99,0.97,1.74
1135,2019-08-28,20.49,20.22,20.78,20.15,122120,278934208.0,3.09,-0.88,-0.18,0.61
1136,2019-08-29,19.6,19.63,20.1,19.52,236647,526781136.0,2.87,-2.92,-0.59,1.18
1137,2019-08-30,19.83,19.43,19.88,19.37,138342,306234656.0,2.6,-1.02,-0.2,0.69
1138,2019-09-02,19.56,19.52,19.82,19.4,118420,261091728.0,2.16,0.46,0.09,0.59
1139,2019-09-03,19.57,19.4,19.63,19.3,103058,225906026.0,1.69,-0.61,-0.12,0.51
1140,2019-09-04,19.31,19.66,19.66,19.15,130100,285282416.0,2.63,1.34,0.26,0.65
1141,2019-09-05,19.66,19.75,20.08,19.66,138510,309977200.0,2.14,0.46,0.09,0.69
1142,2019-09-06,19.86,20.47,20.52,19.85,221183,504636416.0,3.39,3.65,0.72,1.1
1143,2019-09-09,20.52,20.5,20.72,20.32,138293,318238704.0,1.95,0.15,0.03,0.69
1144,2019-09-10,20.34,20.34,20.44,20.13,85591,194880231.0,1.51,-0.78,-0.16,0.43
1145,2019-09-11,20.4,20.01,20.5,19.96,86978,197256246.0,2.65,-1.62,-0.33,0.43
1146,2019-09-12,20.1,20.61,20.62,20.1,143995,330773792.0,2.6,3.0,0.6,0.72
1147,2019-09-16,20.94,20.5,20.94,20.41,86309,199187034.0,2.57,-0.53,-0.11,0.43
1148,2019-09-17,20.5,19.99,20.55,19.9,83142,188051125.0,3.17,-2.49,-0.51,0.42
1149,2019-09-18,20.01,20.04,20.13,19.86,91919,206704748.0,1.35,0.25,0.05,0.46
1150,2019-09-19,20.15,20.0,20.18,19.9,79725,179457563.0,1.4,-0.2,-0.04,0.4
1151,2019-09-20,20.13,19.85,20.13,19.8,83928,187922863.0,1.65,-0.75,-0.15,0.42
1152,2019-09-23,19.85,19.48,19.85,19.37,97517,214447988.0,2.42,-1.86,-0.37,0.49
1153,2019-09-24,19.49,19.41,19.65,19.31,71758,157558388.0,1.75,-0.36,-0.07,0.36
1154,2019-09-25,19.34,19.23,19.39,19.11,58632,127470603.0,1.44,-0.93,-0.18,0.29
1155,2019-09-26,19.3,19.19,19.38,19.12,57612,125063747.0,1.35,-0.21,-0.04,0.29
1156,2019-09-27,19.2,19.18,19.28,19.06,57424,124236219.0,1.15,-0.05,-0.01,0.29
1157,2019-09-30,19.18,18.98,19.2,18.97,87396,188178249.0,1.2,-1.04,-0.2,0.44
1158,2019-10-08,19.06,19.12,19.19,19.0,69713,150351976.0,1.0,0.74,0.14,0.35
1159,2019-10-09,19.06,18.88,19.06,18.69,81369,173500627.0,1.94,-1.26,-0.24,0.41
1160,2019-10-10,18.92,18.99,19.05,18.81,58928,126294466.0,1.27,0.58,0.11,0.29
1161,2019-10-11,18.99,19.35,19.4,18.9,106670,231472339.0,2.63,1.9,0.36,0.53
1162,2019-10-14,19.49,19.54,19.7,19.3,105745,232432687.0,2.07,0.98,0.19,0.53
1163,2019-10-15,19.54,19.29,19.54,19.09,77340,168219762.0,2.3,-1.28,-0.25,0.39
1164,2019-10-16,19.29,19.2,19.37,19.15,53558,116397322.0,1.14,-0.47,-0.09,0.27
1165,2019-10-17,19.24,19.05,19.27,18.95,61235,131952546.0,1.67,-0.78,-0.15,0.31
1166,2019-10-18,19.06,19.04,19.22,18.91,58274,125716976.0,1.63,-0.05,-0.01,0.29
1167,2019-10-21,19.0,19.05,19.06,18.75,80517,171946516.0,1.63,0.05,0.01,0.4
1168,2019-10-22,19.06,19.28,19.35,18.92,57583,124668188.0,2.26,1.21,0.23,0.29
1169,2019-10-23,19.28,19.05,19.38,19.02,55754,120988158.0,1.87,-1.19,-0.23,0.28
1170,2019-10-24,19.0,19.2,19.35,18.98,66087,143110676.0,1.94,0.79,0.15,0.33
1171,2019-10-25,19.2,19.31,19.38,19.2,55481,120910727.0,0.94,0.57,0.11,0.28
1172,2019-10-28,19.28,19.39,19.43,19.23,68465,149473949.0,1.04,0.41,0.08,0.34
1173,2019-10-29,19.45,19.39,19.45,19.28,81688,178476235.0,0.88,0.0,0.0,0.41
1174,2019-10-30,19.38,19.04,19.38,18.99,58751,126972053.0,2.01,-1.81,-0.35,0.29
1175,2019-10-31,18.9,18.75,18.92,18.7,114196,243328256.0,1.16,-1.52,-0.29,0.57
1176,2019-11-01,18.88,19.05,19.22,18.7,105998,227618389.0,2.77,1.6,0.3,0.53
1177,2019-11-04,19.13,19.71,19.78,19.1,200088,441655296.0,3.57,3.46,0.66,1.0
1178,2019-11-05,19.75,19.95,19.99,19.51,158149,352734272.0,2.44,1.22,0.24,0.79
1179,2019-11-06,20.06,19.61,20.08,19.54,93061,206876436.0,2.71,-1.7,-0.34,0.46
1180,2019-11-07,19.78,19.89,19.98,19.62,85840,191868208.0,1.84,1.43,0.28,0.43
1181,2019-11-08,20.07,20.22,20.37,19.91,167614,379813872.0,2.31,1.66,0.33,0.84
1182,2019-11-11,20.21,20.0,20.21,19.74,84640,189783649.0,2.32,-1.09,-0.22,0.42
1183,2019-11-12,19.93,19.76,20.09,19.67,69590,155301373.0,2.1,-1.2,-0.24,0.35
1184,2019-11-13,19.94,19.94,20.03,19.62,68317,152785173.0,2.07,0.91,0.18,0.34
1185,2019-11-14,19.93,19.78,20.03,19.73,44493,99333400.0,1.5,-0.8,-0.16,0.22
1186,2019-11-15,19.78,19.62,19.94,19.56,56458,125328467.0,1.92,-0.81,-0.16,0.28
1187,2019-11-18,19.55,19.28,19.62,19.06,103813,226051756.0,2.85,-1.73,-0.34,0.52
1188,2019-11-19,19.35,19.4,19.45,19.27,58151,127183804.0,0.93,0.62,0.12,0.29
1189,2019-11-20,19.4,19.31,19.57,19.3,61192,134025365.0,1.39,-0.46,-0.09,0.31
1190,2019-11-21,19.25,19.27,19.35,19.07,53605,116247684.0,1.45,-0.21,-0.04,0.27
1191,2019-11-22,19.27,19.23,19.47,19.1,60718,132300879.0,1.92,-0.21,-0.04,0.3
1192,2019-11-25,19.23,19.79,19.96,19.16,125254,278072128.0,4.16,2.91,0.56,0.63
1193,2019-11-26,19.85,19.88,20.06,19.69,84205,188098095.0,1.87,0.45,0.09,0.42
1194,2019-11-27,19.89,19.57,19.95,19.52,68649,151957234.0,2.16,-1.56,-0.31,0.34
1195,2019-11-28,19.57,19.8,19.8,19.5,64069,142029943.0,1.53,1.18,0.23,0.32
1196,2019-11-29,19.78,19.73,19.82,19.47,55409,122774395.0,1.77,-0.35,-0.07,0.28
1197,2019-12-02,19.69,19.63,19.84,19.56,59342,131690526.0,1.42,-0.51,-0.1,0.3
1198,2019-12-03,19.49,19.37,19.52,19.21,104069,226623176.0,1.58,-1.32,-0.26,0.52
1199,2019-12-04,19.29,19.35,19.36,19.22,35584,77563228.0,0.72,-0.1,-0.02,0.18
1200,2019-12-05,19.4,19.45,19.58,19.36,47104,103409884.0,1.14,0.52,0.1,0.24
1201,2019-12-06,19.59,19.58,19.68,19.46,58185,128458494.0,1.13,0.67,0.13,0.29
1202,2019-12-09,19.56,19.74,19.88,19.5,69377,154099529.0,1.94,0.82,0.16,0.35
1203,2019-12-10,19.73,19.78,19.83,19.63,46852,104306608.0,1.01,0.2,0.04,0.23
1204,2019-12-11,19.9,20.14,20.33,19.71,143957,324855792.0,3.13,1.82,0.36,0.72
1205,2019-12-12,20.27,20.0,20.3,19.99,62470,140979335.0,1.54,-0.7,-0.14,0.31
1206,2019-12-13,20.3,20.43,20.58,20.11,142659,326424528.0,2.35,2.15,0.43,0.71
1207,2019-12-16,20.5,20.67,20.91,20.5,142563,330357104.0,2.01,1.17,0.24,0.71
1208,2019-12-17,20.67,20.67,20.75,20.47,99882,230865097.0,1.35,0.0,0.0,0.5
1209,2019-12-18,20.65,20.48,20.73,20.29,103811,238265152.0,2.13,-0.92,-0.19,0.52
1210,2019-12-19,20.48,20.4,20.58,20.24,77414,177126098.0,1.66,-0.39,-0.08,0.39
1211,2019-12-20,20.45,20.58,20.65,20.31,91146,209535817.0,1.67,0.88,0.18,0.46
1212,2019-12-23,20.58,20.52,20.83,20.41,103848,239948318.0,2.04,-0.29,-0.06,0.52
1213,2019-12-24,20.51,20.55,20.79,20.38,99594,229504685.0,2.0,0.15,0.03,0.5
1214,2019-12-25,20.6,20.33,20.75,20.17,95709,219530516.0,2.82,-1.07,-0.22,0.48
1215,2019-12-26,20.31,20.33,20.46,20.15,68099,155180697.0,1.52,0.0,0.0,0.34
1216,2019-12-27,20.32,20.24,20.55,20.19,101252,231496045.0,1.77,-0.44,-0.09,0.51
1217,2019-12-30,20.25,20.79,20.82,20.0,211483,484892464.0,4.05,2.72,0.55,1.06
1218,2019-12-31,20.63,21.49,21.76,20.53,249287,589727072.0,5.92,3.37,0.7,1.24
1219,2020-01-02,21.5,22.06,22.21,21.49,201668,492991376.0,3.35,2.65,0.57,1.01
1220,2020-01-03,22.08,22.02,22.18,21.84,140297,343939376.0,1.54,-0.18,-0.04,0.7
1221,2020-01-06,21.91,22.37,22.93,21.71,225167,563799408.0,5.54,1.59,0.35,1.12
1222,2020-01-07,22.56,22.41,22.75,22.31,128120,319893728.0,1.97,0.18,0.04,0.64
1223,2020-01-08,22.43,22.51,22.96,22.22,165290,414499904.0,3.3,0.45,0.1,0.83
1224,2020-01-09,22.76,22.59,22.98,22.35,125053,313396640.0,2.8,0.36,0.08,0.62
1225,2020-01-10,22.7,22.57,22.79,22.47,88472,222065662.0,1.42,-0.09,-0.02,0.44
1226,2020-01-13,22.48,22.74,22.74,22.26,133879,335526384.0,2.13,0.75,0.17,0.67
1227,2020-01-14,22.85,23.69,23.75,22.85,237856,618321584.0,3.96,4.18,0.95,1.19
1228,2020-01-15,23.51,23.29,23.61,23.03,155725,401215392.0,2.45,-1.69,-0.4,0.78
1229,2020-01-16,23.4,23.32,23.58,23.18,106798,276053408.0,1.72,0.13,0.03,0.53
1230,2020-01-17,23.32,23.14,23.45,22.58,173313,440546224.0,3.73,-0.77,-0.18,0.87
1231,2020-01-20,22.95,22.52,23.03,22.38,169168,423759040.0,2.81,-2.68,-0.62,0.84
1232,2020-01-21,22.65,22.25,22.65,22.06,134686,333375344.0,2.62,-1.2,-0.27,0.67
1233,2020-01-22,22.24,22.5,22.65,21.75,127453,317457456.0,4.04,1.12,0.25,0.64
1234,2020-01-23,22.55,22.09,22.59,21.5,187594,461963216.0,4.84,-1.82,-0.41,0.94
1235,2020-02-03,19.63,20.18,20.98,19.63,259003,587320000.0,6.11,-8.65,-1.91,1.29
1236,2020-02-04,20.29,21.36,21.88,20.29,172525,408530160.0,7.88,5.85,1.18,0.86
1237,2020-02-05,21.45,21.4,21.86,21.16,146848,352967216.0,3.28,0.19,0.04,0.73
1238,2020-02-06,21.2,21.45,21.8,20.83,207038,493596000.0,4.53,0.23,0.05,1.03
1239,2020-02-07,21.45,21.33,21.45,20.91,127394,300876592.0,2.52,-0.56,-0.12,0.64
1240,2020-02-10,21.25,21.63,21.65,21.0,135867,324926896.0,3.05,1.41,0.3,0.68
1241,2020-02-11,21.79,21.97,22.23,21.51,137116,335346912.0,3.33,1.57,0.34,0.68
1242,2020-02-12,22.01,22.01,22.21,21.7,133106,324939296.0,2.32,0.18,0.04,0.66
1243,2020-02-13,22.1,21.63,22.15,21.57,96002,233776223.0,2.64,-1.73,-0.38,0.48
1244,2020-02-14,21.51,21.89,22.0,21.46,83038,202168728.0,2.5,1.2,0.26,0.41
1245,2020-02-17,22.0,22.78,22.92,22.0,151300,379528544.0,4.2,4.07,0.89,0.76
1246,2020-02-18,22.78,22.41,22.9,22.29,118287,295130672.0,2.68,-1.62,-0.37,0.59
1247,2020-02-19,22.49,22.14,22.55,22.1,97274,240941382.0,2.01,-1.2,-0.27,0.49
1248,2020-02-20,22.2,22.59,22.65,22.1,151720,378781648.0,2.48,2.03,0.45,0.76
1249,2020-02-21,22.65,22.51,22.88,22.16,187124,466955040.0,3.19,-0.35,-0.08,0.93
1250,2020-02-24,22.47,22.66,22.72,22.27,197881,494330912.0,2.0,0.67,0.15,0.99
1251,2020-02-25,22.3,22.47,22.6,22.0,138742,344636368.0,2.65,-0.84,-0.19,0.69
1252,2020-02-26,22.21,22.0,22.48,22.0,129544,320262192.0,2.14,-2.09,-0.47,0.65
1253,2020-02-27,22.09,21.8,22.31,21.7,124171,303547568.0,2.77,-0.91,-0.2,0.62
1254,2020-02-28,21.3,20.67,21.3,20.52,204695,477055344.0,3.58,-5.18,-1.13,1.02
1255,2020-03-02,20.5,21.19,21.28,20.5,142260,334330192.0,3.77,2.52,0.52,0.71
1256,2020-03-03,21.35,20.98,21.61,20.79,169724,401907408.0,3.87,-0.99,-0.21,0.85
1257,2020-03-04,20.83,21.03,21.1,20.81,130595,305932720.0,1.38,0.24,0.05,0.65
1258,2020-03-05,21.3,21.43,21.43,20.84,230043,543810544.0,2.81,1.9,0.4,1.15
1259,2020-03-06,21.13,21.06,21.24,20.93,142066,334867744.0,1.45,-1.73,-0.37,0.71
1260,2020-03-09,20.7,20.49,20.71,20.35,185356,426918816.0,1.71,-2.71,-0.57,0.93
1261,2020-03-10,20.02,20.77,20.82,18.5,239648,543694496.0,11.32,1.37,0.28,1.2
1262,2020-03-11,20.6,20.46,20.79,20.43,162448,375695376.0,1.73,-1.49,-0.31,0.81
1263,2020-03-12,20.3,19.91,20.4,19.78,158310,356176384.0,3.03,-2.69,-0.55,0.79
1264,2020-03-13,18.5,19.3,19.41,18.5,269400,579857984.0,4.57,-3.06,-0.61,1.34
1265,2020-03-16,19.3,18.57,19.35,18.4,331966,703605088.0,4.92,-3.78,-0.73,1.66
1266,2020-03-17,18.5,17.74,18.78,17.37,297408,604586256.0,7.59,-4.47,-0.83,1.48
1267,2020-03-18,17.97,17.53,18.18,17.53,148164,301652496.0,3.66,-1.18,-0.21,0.74
1268,2020-03-19,17.43,16.81,17.5,16.28,282093,542805696.0,6.96,-4.11,-0.72,1.41
1269,2020-03-20,16.92,16.83,17.05,16.58,217200,418337808.0,2.8,0.12,0.02,1.08
1270,2020-03-23,16.35,15.43,16.35,15.36,358490,648838016.0,5.88,-8.32,-1.4,1.79
1271,2020-03-24,15.69,16.25,16.5,15.44,252772,462678464.0,6.87,5.31,0.82,1.26
1272,2020-03-25,16.68,18.01,18.05,16.63,368771,735619408.0,8.74,10.83,1.76,1.84
1273,2020-03-26,17.89,17.22,17.89,17.15,208685,413462832.0,4.11,-4.39,-0.79,1.04
1274,2020-03-27,17.3,17.05,17.6,16.92,177175,348551824.0,3.95,-0.99,-0.17,0.88
1275,2020-03-30,16.58,16.41,16.64,16.06,151192,284551120.0,3.4,-3.75,-0.64,0.75
1276,2020-03-31,16.6,16.68,16.78,16.37,121092,231408485.0,2.5,1.65,0.27,0.6
1277,2020-04-01,16.5,16.36,16.86,16.3,128114,244202439.0,3.36,-1.92,-0.32,0.64
1278,2020-04-02,16.36,16.36,16.38,15.99,144042,269019808.0,2.38,0.0,0.0,0.72
1279,2020-04-03,16.4,16.26,16.47,16.15,143623,270129216.0,1.96,-0.61,-0.1,0.72
1280,2020-04-07,16.5,16.52,16.65,16.28,226060,428082096.0,2.28,1.6,0.26,1.13
1281,2020-04-08,16.3,16.35,16.46,16.08,140681,264548037.0,2.3,-1.03,-0.17,0.7
1282,2020-04-09,16.41,16.37,16.48,16.3,96801,182692175.0,1.1,0.12,0.02,0.48
1283,2020-04-10,16.48,16.35,16.58,16.3,118311,223645495.0,1.71,-0.12,-0.02,0.59
1284,2020-04-13,16.36,16.27,16.45,16.18,77798,146106892.0,1.65,-0.49,-0.08,0.39
1285,2020-04-14,16.3,16.38,16.4,16.15,106696,200769680.0,1.54,0.68,0.11,0.53
1286,2020-04-15,16.41,16.46,16.59,16.34,128356,243231198.0,1.53,0.49,0.08,0.64
1287,2020-04-16,16.35,16.26,16.36,16.2,106982,200725346.0,0.97,-1.22,-0.2,0.53
1288,2020-04-17,16.36,16.73,16.99,16.28,256714,492681280.0,4.37,2.89,0.47,1.28
1289,2020-04-20,16.77,16.74,16.85,16.44,121121,231917021.0,2.45,0.06,0.01,0.6
1290,2020-04-21,16.69,16.42,16.7,16.3,130506,247017674.0,2.39,-1.91,-0.32,0.65
1291,2020-04-22,16.42,16.31,16.42,16.21,86578,162753081.0,1.28,-0.67,-0.11,0.43
1292,2020-04-23,16.37,16.43,16.58,16.33,88570,167900118.0,1.53,0.74,0.12,0.44
1293,2020-04-24,16.44,16.3,16.52,16.22,88059,165709906.0,1.83,-0.79,-0.13,0.44
1294,2020-04-27,16.3,16.33,16.44,16.19,60302,113662786.0,1.53,0.18,0.03,0.3
1295,2020-04-28,16.45,16.36,16.5,15.88,106366,200010421.0,3.8,0.18,0.03,0.53
1296,2020-04-29,16.4,16.63,16.69,16.35,99971,190665274.0,2.08,1.65,0.27,0.5
1297,2020-04-30,16.73,17.29,17.4,16.73,176337,347204160.0,4.03,3.97,0.66,0.88
1298,2020-05-06,16.98,17.28,17.38,16.82,141873,278951120.0,3.24,-0.06,-0.01,0.71
1299,2020-05-07,17.27,18.12,18.25,17.08,234583,475658512.0,6.77,4.86,0.84,1.17
1300,2020-05-08,18.36,18.16,18.56,17.95,204983,425699504.0,3.37,0.22,0.04,1.02
1301,2020-05-11,18.18,18.45,18.6,18.17,150473,315134640.0,2.37,1.6,0.29,0.75
1302,2020-05-12,18.45,18.25,18.5,17.84,104416,215040664.0,3.58,-1.08,-0.2,0.52
1303,2020-05-13,18.2,17.98,18.2,17.86,70679,144740630.0,1.86,-1.48,-0.27,0.35
1304,2020-05-14,17.9,17.62,17.97,17.58,85519,173123693.0,2.17,-2.0,-0.36,0.43
1305,2020-05-15,17.73,17.42,17.85,17.37,83900,167946935.0,2.72,-1.14,-0.2,0.42
1306,2020-05-18,17.39,17.49,17.69,17.12,69929,139442675.0,3.27,0.4,0.07,0.35
1307,2020-05-19,17.69,18.0,18.17,17.69,90163,184196018.0,2.74,2.92,0.51,0.45
1308,2020-05-20,18.01,17.72,18.01,17.69,62230,126272739.0,1.78,-1.56,-0.28,0.31
1309,2020-05-21,17.86,17.49,17.89,17.43,57212,115089658.0,2.6,-1.3,-0.23,0.29
1310,2020-05-22,17.47,17.18,17.47,17.01,61648,121805585.0,2.63,-1.77,-0.31,0.31
1311,2020-05-25,17.18,17.08,17.35,16.96,68007,133404015.0,2.27,-0.58,-0.1,0.34
1312,2020-05-26,17.29,17.28,17.34,17.13,52919,104391035.0,1.23,1.17,0.2,0.26
1313,2020-05-27,17.5,17.49,17.7,17.3,76917,153711787.0,2.31,1.22,0.21,0.38
1314,2020-05-28,17.45,17.1,17.49,16.99,86979,171169073.0,2.86,-2.23,-0.39,0.43
1315,2020-05-29,16.95,17.14,17.19,16.95,69933,136750525.0,1.4,0.23,0.04,0.35
1316,2020-06-01,17.02,17.67,17.71,17.02,128710,257122698.0,4.03,3.09,0.53,0.64
1317,2020-06-02,17.68,17.59,17.82,17.48,98198,197058091.0,1.92,-0.45,-0.08,0.49
1318,2020-06-03,17.79,18.27,18.48,17.78,259207,537828368.0,3.98,3.87,0.68,1.29
1319,2020-06-04,18.35,18.39,18.5,18.13,141230,294499904.0,2.03,0.66,0.12,0.71
1320,2020-06-05,18.4,18.87,18.94,18.21,168451,356968992.0,3.97,2.61,0.48,0.84
1321,2020-06-08,19.04,19.21,19.48,18.88,189671,412161056.0,3.18,1.8,0.34,0.95
1322,2020-06-09,19.18,19.54,19.63,18.94,148517,325213248.0,3.59,1.72,0.33,0.74
1323,2020-06-10,19.53,18.82,19.53,18.7,188622,403940480.0,4.25,-3.68,-0.72,0.94
1324,2020-06-11,18.9,18.6,18.99,18.53,105118,223257066.0,2.44,-1.17,-0.22,0.52
1325,2020-06-12,18.12,19.03,19.13,18.01,128742,272185520.0,6.02,2.31,0.43,0.64
1326,2020-06-15,18.85,18.45,18.9,18.41,98934,208827183.0,2.57,-3.05,-0.58,0.49
1327,2020-06-16,18.7,18.5,18.77,18.33,96709,203112328.0,2.38,0.27,0.05,0.48
1328,2020-06-17,18.5,18.42,18.58,18.14,107063,222629051.0,2.38,-0.43,-0.08,0.53
1329,2020-06-18,18.33,18.62,18.7,18.25,97444,204138157.0,2.44,1.09,0.2,0.49
1330,2020-06-19,18.5,18.95,19.13,18.46,181717,386923904.0,3.6,1.77,0.33,0.91
1331,2020-06-22,18.85,18.53,18.93,18.47,172629,364910544.0,2.43,-2.22,-0.42,0.86
1332,2020-06-23,18.55,18.54,18.71,18.21,98932,207810769.0,2.7,0.05,0.01,0.49
1333,2020-06-24,18.6,18.74,18.83,18.58,98823,209802571.0,1.35,1.08,0.2,0.49
1334,2020-06-29,18.7,18.34,18.7,17.93,213164,440891600.0,4.11,-2.13,-0.4,1.06
1335,2020-06-30,18.34,18.37,18.43,18.28,82621,172186072.0,0.82,0.16,0.03,0.41
1336,2020-07-01,18.38,18.47,18.48,18.21,100869,210227261.0,1.47,0.54,0.1,0.5
1337,2020-07-02,18.44,19.06,19.1,18.29,205559,439905344.0,4.39,3.19,0.59,1.03
1338,2020-07-03,19.2,19.51,19.53,19.09,211825,463208544.0,2.31,2.36,0.45,1.06
1339,2020-07-06,19.59,20.5,20.7,19.46,405653,917615968.0,6.36,5.07,0.99,2.03
1340,2020-07-07,20.68,20.1,20.96,20.08,376364,863440784.0,4.29,-1.95,-0.4,1.88
1341,2020-07-08,20.0,20.33,20.5,19.83,206676,467176176.0,3.33,1.14,0.23,1.03
1342,2020-07-09,20.3,19.9,20.3,19.79,409453,921908800.0,2.51,-2.12,-0.43,2.04
1343,2020-07-10,19.9,19.4,19.9,19.37,371825,820518640.0,2.66,-2.51,-0.5,1.86
1344,2020-07-13,19.4,20.55,20.86,19.35,532788,1211699376.0,7.78,5.93,1.15,2.66
1345,2020-07-14,20.55,21.6,21.63,20.25,604174,1437357312.0,6.72,5.11,1.05,3.02
1346,2020-07-15,21.76,20.97,21.91,20.86,424771,1011698128.0,4.86,-2.92,-0.63,2.12
1347,2020-07-16,21.17,20.02,21.37,19.86,324447,748550192.0,7.2,-4.53,-0.95,1.62
1348,2020-07-17,20.04,21.52,21.7,20.04,575568,1367000672.0,8.29,7.49,1.5,2.87
1349,2020-07-20,22.0,23.39,23.56,21.52,635563,1611643760.0,9.48,8.69,1.87,3.17
1350,2020-07-21,23.19,23.63,24.78,23.1,504040,1329708304.0,7.18,1.03,0.24,2.52
1351,2020-07-22,23.7,23.5,24.0,23.21,358866,936983040.0,3.34,-0.55,-0.13,1.79
1352,2020-07-23,23.13,22.83,23.13,22.25,340344,831366128.0,3.74,-2.85,-0.67,1.7
1353,2020-07-24,22.75,21.57,22.75,21.28,340590,807187056.0,6.44,-5.52,-1.26,1.7
1354,2020-07-27,21.66,22.45,22.45,21.55,335764,803430432.0,4.17,4.08,0.88,1.68
1355,2020-07-28,22.55,22.51,23.27,22.36,215527,530068224.0,4.05,0.27,0.06,1.08
1356,2020-07-29,22.63,23.16,23.2,22.28,227356,557784192.0,4.09,2.89,0.65,1.14
1357,2020-07-30,23.16,22.65,23.44,22.58,181759,447941424.0,3.71,-2.2,-0.51,0.91
1358,2020-07-31,22.7,22.65,23.09,22.1,215929,524948288.0,4.37,0.0,0.0,1.08
1359,2020-08-03,22.82,25.06,25.09,22.82,525983,1370102976.0,10.02,10.64,2.41,2.63
1360,2020-08-04,25.07,25.18,25.7,24.82,379385,1025958880.0,3.51,0.48,0.12,1.89
1361,2020-08-05,25.18,25.44,25.46,24.41,325092,868236960.0,4.17,1.03,0.26,1.62
1362,2020-08-06,25.5,26.25,27.25,25.5,430856,1216294736.0,6.88,3.18,0.81,2.15
1363,2020-08-07,25.81,27.07,28.13,25.5,451672,1304309280.0,10.02,3.12,0.82,2.25
1364,2020-08-10,27.07,27.44,27.45,25.92,313174,888433200.0,5.65,1.37,0.37,1.56
1365,2020-08-11,27.39,27.56,28.45,27.38,336479,1001027760.0,3.9,0.44,0.12,1.68
1366,2020-08-12,27.25,26.25,27.59,25.81,357963,1005487040.0,6.46,-4.75,-1.31,1.79
1367,2020-08-13,26.31,26.33,27.02,25.97,199871,563051136.0,4.0,0.3,0.08,1.0
1368,2020-08-14,26.19,26.79,26.89,25.85,221869,628399584.0,3.95,1.75,0.46,1.11
1369,2020-08-17,27.08,28.42,28.6,26.65,296786,881140384.0,7.28,6.08,1.63,1.48
1370,2020-08-18,28.42,28.15,28.62,27.65,151937,451854144.0,3.41,-0.95,-0.27,0.76
1371,2020-08-19,28.15,26.81,28.15,26.8,294453,850494944.0,4.8,-4.76,-1.34,1.47
1372,2020-08-20,26.53,26.76,27.25,26.11,159659,455532000.0,4.25,-0.19,-0.05,0.8
1373,2020-08-21,26.67,26.69,27.35,26.25,185113,527605856.0,4.11,-0.26,-0.07,0.92
1374,2020-08-24,25.85,26.67,26.97,25.32,287614,807653584.0,6.18,-0.07,-0.02,1.44
1375,2020-08-25,26.71,27.05,27.6,26.65,184858,534864720.0,3.56,1.42,0.38,0.92
1376,2020-08-26,27.1,26.21,27.14,25.85,210013,590205664.0,4.77,-3.11,-0.84,1.05
1377,2020-08-27,26.33,26.47,26.6,25.65,175643,491261120.0,3.62,0.99,0.26,0.88
1378,2020-08-28,26.57,26.87,27.23,26.12,174817,494412544.0,4.19,1.51,0.4,0.87
1379,2020-08-31,26.89,27.23,28.08,26.89,288210,844062304.0,4.43,1.34,0.36,1.44
1380,2020-09-01,27.25,28.49,29.02,27.24,347726,1036729584.0,6.54,4.63,1.26,1.74
1381,2020-09-02,28.49,29.7,30.06,27.95,317990,979070080.0,7.41,4.25,1.21,1.59
1382,2020-09-03,29.69,29.56,29.69,28.37,275151,846222576.0,4.44,-0.47,-0.14,1.37
1383,2020-09-04,28.45,29.04,29.56,28.11,195648,602174912.0,4.91,-1.76,-0.52,0.98
1384,2020-09-07,29.13,28.94,29.9,28.63,237682,736064656.0,4.37,-0.34,-0.1,1.19
1385,2020-09-08,28.93,28.96,29.18,28.09,172408,525632608.0,3.77,0.07,0.02,0.86
1386,2020-09-09,28.55,27.43,28.72,27.4,256655,764988304.0,4.56,-5.28,-1.53,1.28
1387,2020-09-10,27.67,28.39,29.34,27.67,314396,953972000.0,6.09,3.5,0.96,1.57
1388,2020-09-11,28.39,29.42,29.57,28.04,218102,670472928.0,5.39,3.63,1.03,1.09
1389,2020-09-14,29.4,30.12,30.25,28.8,218453,685835632.0,4.93,2.38,0.7,1.09
1390,2020-09-15,29.85,30.24,30.68,29.12,197917,628445136.0,5.18,0.4,0.12,0.99
1391,2020-09-16,30.13,31.54,32.35,30.09,298763,989361824.0,7.47,4.3,1.3,1.49
1392,2020-09-17,31.35,34.05,34.43,31.05,426309,1494228368.0,10.72,7.96,2.51,2.13
1393,2020-09-18,33.51,33.18,33.9,31.93,340184,1179282640.0,5.79,-2.56,-0.87,1.7
1394,2020-09-21,33.09,32.51,33.36,32.25,242591,837202848.0,3.35,-2.02,-0.67,1.21
1395,2020-09-22,32.25,31.92,32.82,31.65,228734,776277632.0,3.6,-1.81,-0.59,1.14
1396,2020-09-23,31.92,32.29,32.53,31.75,181720,616380000.0,2.44,1.16,0.37,0.91
1397,2020-09-24,31.78,31.14,32.06,30.93,217325,721036208.0,3.5,-3.56,-1.15,1.09
1398,2020-09-25,31.43,30.61,31.52,30.33,186510,605306480.0,3.82,-1.7,-0.53,0.93
1399,2020-09-28,31.13,30.46,31.23,30.08,161366,520269824.0,3.76,-0.49,-0.15,0.81
1400,2020-09-29,30.75,29.97,30.81,29.8,195728,624580080.0,3.32,-1.61,-0.49,0.98
1401,2020-09-30,30.13,30.64,31.3,29.88,271921,886102720.0,4.74,2.24,0.67,1.36
1402,2020-10-09,31.9,30.94,32.25,30.59,281290,927275536.0,5.42,0.98,0.3,1.4
1403,2020-10-12,31.05,31.6,31.74,30.31,332225,1087180176.0,4.62,2.13,0.66,1.66
1404,2020-10-13,31.59,30.81,31.6,30.51,335151,1090641136.0,3.45,-2.5,-0.79,1.67
1405,2020-10-14,30.75,30.76,31.11,30.26,249125,809794096.0,2.76,-0.16,-0.05,1.24
1406,2020-10-15,30.85,30.07,31.09,29.99,269504,865588256.0,3.58,-2.24,-0.69,1.35
1407,2020-10-16,29.84,28.39,29.85,28.25,491720,1497154144.0,5.32,-5.59,-1.68,2.45
1408,2020-10-19,28.57,28.01,28.68,27.93,277283,830483216.0,2.64,-1.34,-0.38,1.38
1409,2020-10-20,28.01,29.27,29.49,27.9,300748,913831360.0,5.68,4.5,1.26,1.5
1410,2020-10-21,29.27,29.45,29.65,28.75,202092,629086496.0,3.07,0.61,0.18,1.01
1411,2020-10-22,29.69,28.91,29.69,28.68,151682,466382656.0,3.43,-1.83,-0.54,0.76
1412,2020-10-23,29.12,29.85,30.6,28.95,286420,907503216.0,5.71,3.25,0.94,1.43
1413,2020-10-26,29.36,30.85,31.08,28.61,316693,1021891584.0,8.27,3.35,1.0,1.58
1414,2020-10-27,30.75,30.09,30.78,29.28,300546,954066816.0,4.86,-2.46,-0.76,1.5
1415,2020-10-28,29.9,31.82,32.27,29.6,509671,1693133680.0,8.87,5.75,1.73,2.54
1416,2020-10-29,31.13,33.02,34.48,30.86,419340,1428885888.0,11.38,3.77,1.2,2.09
1417,2020-10-30,33.9,35.73,36.5,33.9,725403,2711190400.0,7.87,8.21,2.71,3.62
1418,2020-11-02,36.25,36.95,37.75,35.26,390674,1502145200.0,6.97,3.41,1.22,1.95
1419,2020-11-03,37.03,36.01,37.23,35.48,323770,1227220688.0,4.74,-2.54,-0.94,1.62
1420,2020-11-04,36.43,39.12,39.79,36.01,468970,1866999344.0,10.5,8.64,3.11,2.34
1421,2020-11-05,39.42,41.31,42.58,38.83,530288,2255978336.0,9.59,5.6,2.19,2.65
1422,2020-11-06,41.32,41.6,42.1,39.58,376733,1604365872.0,6.1,0.7,0.29,1.88
1423,2020-11-09,40.85,40.25,41.21,39.32,447615,1869063328.0,4.54,-3.25,-1.35,2.23
1424,2020-11-10,39.75,39.67,40.51,38.65,307166,1269733216.0,4.62,-1.44,-0.58,1.53
1425,2020-11-11,39.67,39.03,40.35,38.93,226749,936749904.0,3.58,-1.61,-0.64,1.13
1426,2020-11-12,39.22,39.8,40.84,39.06,235128,980445008.0,4.56,1.97,0.77,1.17
1427,2020-11-13,40.1,39.49,40.79,38.93,175566,723484624.0,4.67,-0.78,-0.31,0.88
1428,2020-11-16,40.03,39.23,41.2,38.87,281424,1161245168.0,5.9,-0.66,-0.26,1.41
1429,2020-11-17,39.67,39.57,40.25,38.94,248596,1027737472.0,3.34,0.87,0.34,1.24
1430,2020-11-18,39.04,39.25,39.81,38.26,232913,948424752.0,3.92,-0.81,-0.32,1.16
1431,2020-11-19,39.42,38.5,39.54,37.9,263306,1057293904.0,4.18,-1.91,-0.75,1.31
1432,2020-11-20,38.72,39.18,39.46,38.25,207224,844564816.0,3.14,1.77,0.68,1.03
1433,2020-11-23,39.59,40.13,40.75,39.51,338900,1423966064.0,3.16,2.42,0.95,1.69
1434,2020-11-24,40.46,39.27,40.9,38.85,229074,945888720.0,5.11,-2.14,-0.86,1.14
1435,2020-11-25,39.27,38.88,40.1,38.57,169931,696919248.0,3.9,-0.99,-0.39,0.85
1436,2020-11-26,38.25,38.42,38.87,36.73,298071,1173352336.0,5.5,-1.18,-0.46,1.49
1437,2020-11-27,38.25,38.17,38.39,37.63,153679,610064320.0,1.98,-0.65,-0.25,0.77
1438,2020-11-30,38.35,38.35,38.7,36.9,245575,966472576.0,4.72,0.47,0.18,1.23
1439,2020-12-01,37.9,38.09,38.14,37.53,156956,622483712.0,1.59,-0.68,-0.26,0.78
1440,2020-12-02,38.09,37.45,38.09,37.23,144969,568547328.0,2.26,-1.68,-0.64,0.72
1441,2020-12-03,37.44,37.45,37.85,37.13,131006,514327888.0,1.92,0.0,0.0,0.65
1442,2020-12-04,37.65,37.32,38.21,36.95,184016,720945440.0,3.36,-0.35,-0.13,0.92
1443,2020-12-07,37.55,36.99,37.67,36.84,165724,643877936.0,2.22,-0.88,-0.33,0.83
1444,2020-12-08,37.01,36.99,37.55,36.76,137120,532485168.0,2.14,0.0,0.0,0.68
1445,2020-12-09,37.37,36.01,37.38,35.84,179540,684692432.0,4.16,-2.65,-0.98,0.9
1446,2020-12-10,36.21,36.67,37.13,35.33,164971,629522512.0,5.0,1.83,0.66,0.82
1447,2020-12-11,36.81,36.25,36.82,34.83,263434,981482368.0,5.43,-1.15,-0.42,1.32
1448,2020-12-14,35.55,36.05,36.21,35.24,177161,665929472.0,2.68,-0.55,-0.2,0.88
1449,2020-12-15,36.2,38.12,38.85,35.95,403633,1585682544.0,8.04,5.74,2.07,2.02
1450,2020-12-16,38.22,38.01,38.69,37.5,299815,1194232192.0,3.12,-0.29,-0.11,1.5
1451,2020-12-17,37.51,37.38,37.72,36.26,299417,1163101984.0,3.84,-1.66,-0.63,1.49
1452,2020-12-18,36.89,38.45,38.6,36.76,265014,1052725456.0,4.92,2.86,1.07,1.32
1453,2020-12-21,38.45,40.85,40.85,38.06,440493,1832373872.0,7.26,6.24,2.4,2.2
1454,2020-12-22,40.59,40.25,40.94,39.59,232305,977053072.0,3.3,-1.47,-0.6,1.16
1455,2020-12-23,40.21,42.55,43.25,39.86,333837,1464464688.0,8.42,5.71,2.3,1.67
1456,2020-12-24,42.57,44.76,46.73,41.85,378097,1736779808.0,11.47,5.19,2.21,1.89
1457,2020-12-25,44.76,44.76,46.65,43.85,275794,1296151856.0,6.26,0.0,0.0,1.38
1458,2020-12-28,44.76,45.35,46.51,44.32,235611,1112071520.0,4.89,1.32,0.59,1.18
1459,2020-12-29,45.35,44.18,47.28,43.83,313852,1482360464.0,7.61,-2.58,-1.17,1.57
1460,2020-12-30,44.8,46.15,46.72,44.29,255507,1217119664.0,5.5,4.46,1.97,1.28
1461,2020-12-31,45.85,46.3,46.85,45.24,210947,1012055472.0,3.49,0.33,0.15,1.05
1462,2021-01-04,49.05,49.2,50.75,48.33,315048,1614806192.0,5.23,6.26,2.9,1.57
1463,2021-01-05,50.25,49.25,50.25,48.3,300168,1527886064.0,3.96,0.1,0.05,1.5
1464,2021-01-06,49.24,49.15,50.5,48.25,230387,1172876320.0,4.57,-0.2,-0.1,1.15
1465,2021-01-07,48.47,49.2,49.78,48.47,253609,1291825104.0,2.67,0.1,0.05,1.27
1466,2021-01-08,49.56,49.73,51.25,48.97,218878,1132491744.0,4.63,1.08,0.53,1.09
1467,2021-01-11,51.03,54.88,54.88,51.02,505764,2828960864.0,7.76,10.36,5.15,2.53
1468,2021-01-12,54.26,54.47,54.85,51.5,394544,2184960832.0,6.1,-0.75,-0.41,1.97
1469,2021-01-13,54.95,54.86,57.32,53.41,396257,2275809056.0,7.18,0.72,0.39,1.98
1470,2021-01-14,54.75,52.68,54.75,50.84,337652,1827985168.0,7.13,-3.97,-2.18,1.69
1471,2021-01-15,53.25,50.97,53.28,48.35,377512,1970223264.0,9.36,-3.25,-1.71,1.88
1472,2021-01-18,51.34,52.74,53.45,51.12,292008,1585907344.0,4.57,3.47,1.77,1.46
1473,2021-01-19,52.73,51.79,54.41,51.52,214530,1171292480.0,5.48,-1.8,-0.95,1.07
1474,2021-01-20,52.47,54.37,55.01,52.05,266800,1489598112.0,5.72,4.98,2.58,1.33
1475,2021-01-21,54.38,58.5,58.56,54.05,416693,2457191168.0,8.3,7.6,4.13,2.08
1476,2021-01-22,58.5,60.81,61.58,57.45,380597,2356226304.0,7.06,3.95,2.31,1.9
1477,2021-01-25,60.8,62.03,64.06,58.66,415531,2634920288.0,8.88,2.01,1.22,2.07
1478,2021-01-26,61.85,57.75,61.85,57.65,356558,2164517264.0,6.77,-6.9,-4.28,1.78
1479,2021-01-27,58.55,60.86,60.87,57.23,352148,2165092816.0,6.3,5.39,3.11,1.76
1480,2021-01-28,59.25,57.45,60.2,57.05,318127,1909814736.0,5.18,-5.6,-3.41,1.59
1481,2021-01-29,58.63,57.25,58.88,55.55,259375,1529177632.0,5.8,-0.35,-0.2,1.29
1482,2021-02-01,56.3,57.26,57.8,55.43,230498,1353199040.0,4.14,0.02,0.01,1.15
1483,2021-02-02,57.26,59.9,60.35,57.26,325253,1985380320.0,5.4,4.61,2.64,1.62
1484,2021-02-03,59.85,58.76,60.05,58.25,198365,1207835728.0,3.01,-1.9,-1.14,0.99
1485,2021-02-04,58.25,57.24,58.25,55.75,255945,1503443776.0,4.25,-2.59,-1.52,1.28
1486,2021-02-05,57.26,55.7,57.64,54.25,286237,1643453568.0,5.92,-2.69,-1.54,1.43
1487,2021-02-08,56.26,56.25,57.22,54.5,225375,1302309456.0,4.88,0.99,0.55,1.13
1488,2021-02-09,56.65,58.25,59.25,55.85,280952,1673953056.0,6.04,3.56,2.0,1.4
1489,2021-02-10,58.75,58.23,58.98,56.25,289980,1727084592.0,4.69,-0.03,-0.02,1.45
1490,2021-02-18,59.83,56.56,60.25,56.35,282462,1674771584.0,6.7,-2.87,-1.67,1.41
1491,2021-02-19,56.67,54.24,56.67,52.75,381896,2126290672.0,6.93,-4.1,-2.32,1.91
1492,2021-02-22,55.75,50.46,55.82,50.38,450576,2427352896.0,10.03,-6.97,-3.78,2.25
1493,2021-02-23,49.25,50.13,51.1,48.18,367320,1895815184.0,5.79,-0.65,-0.33,1.83
1494,2021-02-24,50.13,47.38,50.56,46.89,369791,1851696144.0,7.32,-5.49,-2.75,1.85
1495,2021-02-25,48.23,48.31,49.18,47.39,307405,1536161008.0,3.78,1.96,0.93,1.53
1496,2021-02-26,46.84,45.6,47.09,45.32,362658,1728719312.0,3.66,-5.61,-2.71,1.81
1497,2021-03-01,46.05,47.82,47.82,45.63,349271,1701140704.0,4.8,4.87,2.22,1.74
1498,2021-03-02,48.3,48.43,49.04,47.5,304381,1523443328.0,3.22,1.28,0.61,1.52
1499,2021-03-03,48.35,50.35,51.0,47.94,381614,1981756112.0,6.32,3.96,1.92,1.91
1500,2021-03-04,50.03,47.55,50.05,47.05,323128,1615527616.0,5.96,-5.56,-2.8,1.61
1501,2021-03-05,46.12,47.34,47.74,44.51,249028,1202710064.0,6.79,-0.44,-0.21,1.24
1502,2021-03-08,47.25,44.08,48.23,43.79,367733,1737017968.0,9.38,-6.89,-3.26,1.84
1503,2021-03-09,43.5,42.93,44.73,41.85,300237,1352811712.0,6.53,-2.61,-1.15,1.5
1504,2021-03-10,44.45,45.33,45.83,44.05,324295,1513781152.0,4.15,5.59,2.4,1.62
1505,2021-03-11,45.7,47.29,47.69,45.07,228326,1109130288.0,5.78,4.32,1.96,1.14
1506,2021-03-12,47.67,46.99,48.07,46.02,161102,786330832.0,4.33,-0.63,-0.3,0.8
1507,2021-03-15,46.97,45.1,46.97,44.35,177917,837542992.0,5.58,-4.02,-1.89,0.89
1508,2021-03-16,45.82,45.45,46.15,44.77,118454,558538368.0,3.06,0.78,0.35,0.59
1509,2021-03-17,44.71,45.51,46.45,44.1,147603,697143440.0,5.17,0.13,0.06,0.74
1510,2021-03-18,45.81,46.13,46.55,45.53,132780,634643360.0,2.24,1.36,0.62,0.66
1511,2021-03-19,44.75,44.25,45.24,44.06,155273,719544736.0,2.56,-4.08,-1.88,0.78
1512,2021-03-22,44.47,44.5,44.96,43.89,123524,570966848.0,2.42,0.56,0.25,0.62
1513,2021-03-23,44.5,42.83,44.51,42.35,239381,1071807952.0,4.85,-3.75,-1.67,1.2
1514,2021-03-24,42.83,39.95,43.24,39.07,482712,2030678976.0,9.74,-6.72,-2.88,2.41
1515,2021-03-25,39.64,39.49,39.84,38.72,217792,892486624.0,2.8,-1.15,-0.46,1.09
1516,2021-03-26,40.15,41.23,41.6,39.95,221541,944965536.0,4.18,4.41,1.74,1.11
1517,2021-03-29,41.83,40.89,42.0,40.27,231252,987083808.0,4.2,-0.82,-0.34,1.15
1518,2021-03-30,40.75,45.15,45.15,40.56,365423,1660326016.0,11.23,10.42,4.26,1.82
1519,2021-03-31,45.75,44.33,45.85,43.25,302006,1391849680.0,5.76,-1.82,-0.82,1.51
1520,2021-04-01,44.35,45.39,45.64,44.35,165624,779403472.0,2.91,2.39,1.06,0.83
1521,2021-04-02,45.44,46.36,46.75,44.66,177806,851096976.0,4.6,2.14,0.97,0.89
1522,2021-04-06,46.37,46.11,46.94,45.15,191331,911792752.0,3.86,-0.54,-0.25,0.96
1523,2021-04-07,46.69,44.45,46.73,44.07,234398,1089110240.0,5.77,-3.6,-1.66,1.17
1524,2021-04-08,44.25,44.57,44.75,43.46,196218,901329792.0,2.9,0.27,0.12,0.98
1525,2021-04-09,44.72,42.61,44.74,42.07,303706,1345417424.0,5.99,-4.4,-1.96,1.52
1526,2021-04-12,42.85,41.42,42.94,41.01,200265,867066384.0,4.53,-2.79,-1.19,1.0
1527,2021-04-13,41.72,41.5,42.14,41.16,132806,576663312.0,2.37,0.19,0.08,0.66
1528,2021-04-14,41.71,42.49,42.69,41.61,146812,646703328.0,2.6,2.39,0.99,0.73
1529,2021-04-15,42.24,42.55,43.15,41.8,123637,545500416.0,3.18,0.14,0.06,0.62
1530,2021-04-16,43.44,43.32,43.95,41.81,249428,1116335072.0,5.03,1.81,0.77,1.25
1531,2021-04-19,43.3,47.83,47.83,42.53,469150,2272821328.0,12.23,10.41,4.51,2.34
1532,2021-04-20,46.76,47.41,48.22,46.45,334614,1649298224.0,3.7,-0.88,-0.42,1.67
1533,2021-04-21,47.71,46.55,47.75,45.94,198438,963865456.0,3.82,-1.81,-0.86,0.99
1534,2021-04-22,47.23,46.98,47.24,45.88,171747,831294288.0,2.92,0.92,0.43,0.86
1535,2021-04-23,46.85,46.91,47.8,46.13,212789,1040879632.0,3.55,-0.15,-0.07,1.06
1536,2021-04-26,46.95,48.81,50.25,46.95,351670,1785520064.0,7.03,4.05,1.9,1.76
1537,2021-04-27,49.1,49.07,49.75,48.11,196120,995680320.0,3.36,0.53,0.26,0.98
1538,2021-04-28,49.05,49.35,49.6,47.67,174431,885962560.0,3.93,0.57,0.28,0.87
1539,2021-04-29,49.33,49.46,49.74,48.55,165189,839313920.0,2.41,0.22,0.11,0.82
1540,2021-04-30,49.5,49.58,51.25,48.66,181870,936724256.0,5.24,0.24,0.12,0.91
1541,2021-05-06,49.25,47.65,49.3,47.02,223585,1108189280.0,4.6,-3.89,-1.93,1.12
1542,2021-05-07,47.55,46.74,48.25,46.65,156678,767400432.0,3.36,-1.91,-0.91,0.78
1543,2021-05-10,46.74,47.22,47.38,45.63,146861,711949552.0,3.74,1.03,0.48,0.73
1544,2021-05-11,46.71,45.9,46.72,43.75,228833,1072244864.0,6.29,-2.8,-1.32,1.14
1545,2021-05-12,45.68,47.04,47.53,45.45,157366,762903344.0,4.53,2.48,1.14,0.79
1546,2021-05-13,46.68,45.69,46.93,45.56,115919,554178224.0,2.91,-2.87,-1.35,0.58
1547,2021-05-14,46.22,47.21,47.42,45.63,153782,743496848.0,3.92,3.33,1.52,0.77
1548,2021-05-17,47.22,49.15,49.53,47.21,210513,1069030592.0,4.91,4.11,1.94,1.05
1549,2021-05-18,49.16,48.85,49.25,47.86,132164,663564976.0,2.83,-0.61,-0.3,0.66
1550,2021-05-19,48.42,49.51,49.75,47.71,175961,893445936.0,4.18,1.35,0.66,0.88
1551,2021-05-20,49.16,48.5,49.95,48.43,155088,785811728.0,3.07,-2.04,-1.01,0.77
1552,2021-05-21,48.96,48.03,49.51,47.66,135947,679240448.0,3.81,-0.97,-0.47,0.68
1553,2021-05-24,48.03,48.15,48.29,47.03,138632,684376560.0,2.62,0.25,0.12,0.69
1554,2021-05-25,48.33,49.15,49.43,48.05,222810,1125676480.0,2.87,2.08,1.0,1.11
1555,2021-05-26,49.26,48.7,50.83,48.25,244087,1251909744.0,5.25,-0.92,-0.45,1.22
1556,2021-05-27,48.88,49.16,49.43,47.75,200560,1017349104.0,3.45,0.94,0.46,1.0
1557,2021-05-28,49.37,49.75,50.41,48.84,237406,1221089568.0,3.19,1.2,0.59,1.19
1558,2021-05-31,49.89,50.54,50.63,48.19,214097,1099246272.0,4.9,1.59,0.79,1.07
1559,2021-06-01,49.85,49.35,50.35,48.71,206143,1054301952.0,3.24,-2.35,-1.19,1.03
1560,2021-06-02,49.53,48.48,50.6,48.38,221070,1130174624.0,4.5,-1.76,-0.87,1.1
1561,2021-06-03,48.65,48.88,50.55,47.85,276004,1409319664.0,5.57,0.83,0.4,1.38
1562,2021-06-04,48.68,52.13,52.75,48.08,389190,2060211776.0,9.55,6.65,3.25,1.94
1563,2021-06-07,52.13,51.45,53.12,50.66,225399,1202150160.0,4.72,-1.3,-0.68,1.13
1564,2021-06-08,51.25,51.98,52.98,50.75,259891,1394519232.0,4.33,1.03,0.53,1.3
1565,2021-06-09,51.26,54.4,54.55,51.25,329296,1825570176.0,6.35,4.66,2.42,1.64
1566,2021-06-10,53.55,54.46,55.1,53.53,270402,1520010976.0,2.89,0.11,0.06,1.35
1567,2021-06-11,54.75,56.24,57.11,54.05,274947,1579377248.0,5.62,3.27,1.78,1.37
1568,2021-06-15,56.25,55.91,58.17,55.14,225165,1310568624.0,5.39,-0.59,-0.33,1.12
1569,2021-06-16,55.85,52.49,55.85,52.13,301596,1661136768.0,6.65,-6.12,-3.42,1.51
1570,2021-06-17,52.49,53.16,53.96,52.47,170131,936430368.0,2.84,1.28,0.67,0.85
1571,2021-06-18,53.88,54.24,54.68,52.85,194990,1085675824.0,3.44,2.03,1.08,0.97
1572,2021-06-21,54.19,57.17,57.38,52.85,301003,1746464304.0,8.35,5.4,2.93,1.5
1573,2021-06-22,57.64,57.04,57.76,55.45,218295,1273678672.0,4.04,-0.23,-0.13,1.09
1574,2021-06-23,56.64,58.21,58.79,56.25,222037,1331226928.0,4.45,2.05,1.17,1.11
1575,2021-06-24,58.22,56.53,58.45,55.95,209781,1228586976.0,4.29,-2.89,-1.68,1.05
1576,2021-06-25,56.85,55.57,56.85,54.75,246203,1411425680.0,3.71,-1.7,-0.96,1.23
1577,2021-06-28,55.58,55.87,56.56,54.95,258472,1487423936.0,2.9,0.54,0.3,1.29
1578,2021-06-29,55.87,54.95,55.87,54.05,209766,1181981600.0,3.26,-1.65,-0.92,1.05
1579,2021-06-30,54.95,54.1,55.16,53.75,170181,952698560.0,2.57,-1.55,-0.85,0.85
1580,2021-07-01,54.17,53.25,54.72,53.06,158002,863815280.0,3.07,-1.57,-0.85,0.79
1581,2021-07-02,53.5,53.4,53.83,52.66,162963,886991952.0,2.2,0.28,0.15,0.81
1582,2021-07-05,53.4,52.0,53.41,51.54,233024,1236844608.0,3.5,-2.62,-1.4,1.16
1583,2021-07-06,51.79,51.64,52.6,51.0,182711,963617392.0,3.08,-0.69,-0.36,0.91
1584,2021-07-07,51.64,53.94,54.24,50.86,229506,1247374640.0,6.55,4.45,2.3,1.15
1585,2021-07-08,53.6,52.64,54.14,52.36,182326,981799680.0,3.3,-2.41,-1.3,0.91
1586,2021-07-09,52.09,52.95,53.0,48.67,308120,1601031776.0,8.23,0.59,0.31,1.54
1587,2021-07-12,52.88,53.5,54.0,51.7,247754,1347601744.0,4.34,1.04,0.55,1.24
1588,2021-07-13,54.1,52.95,54.42,52.71,188307,1023472992.0,3.2,-1.03,-0.55,0.94
1589,2021-07-14,53.19,50.06,53.19,50.0,396244,2045220400.0,6.02,-5.46,-2.89,1.98
1590,2021-07-15,50.31,50.02,50.69,48.88,229009,1161811104.0,3.62,-0.08,-0.04,1.14
1591,2021-07-16,50.29,50.7,51.52,49.03,206228,1065560000.0,4.98,1.36,0.68,1.03
1592,2021-07-19,51.11,50.5,51.32,50.09,127479,657161904.0,2.43,-0.39,-0.2,0.64
1593,2021-07-20,50.5,50.2,50.86,49.67,118952,608563168.0,2.36,-0.59,-0.3,0.59
1594,2021-07-21,50.33,50.64,51.19,49.95,225788,1161548000.0,2.47,0.88,0.44,1.13
1595,2021-07-22,50.99,49.71,51.0,49.2,249071,1264799296.0,3.55,-1.84,-0.93,1.24
1596,2021-07-23,50.13,48.18,50.15,47.58,333334,1651947824.0,5.17,-3.08,-1.53,1.66
1597,2021-07-26,48.19,47.01,48.2,45.0,235685,1128391696.0,6.64,-2.43,-1.17,1.18
1598,2021-07-27,47.1,45.12,47.54,45.0,246368,1161837296.0,5.4,-4.02,-1.89,1.23
1599,2021-07-28,43.7,46.46,46.95,43.7,316439,1467837472.0,7.2,2.97,1.34,1.58
1600,2021-07-29,46.8,48.97,49.25,46.8,328247,1617106528.0,5.27,5.4,2.51,1.64
1601,2021-07-30,48.9,47.3,48.9,47.18,152366,740664480.0,3.51,-3.41,-1.67,0.76
1602,2021-08-02,47.18,49.73,50.0,47.1,305634,1524539744.0,6.13,5.14,2.43,1.53
1603,2021-08-03,49.73,50.75,51.0,48.57,280071,1425303360.0,4.89,2.05,1.02,1.4
1604,2021-08-04,50.8,52.8,53.45,50.8,288148,1545699136.0,5.22,4.04,2.05,1.44
1605,2021-08-05,52.58,52.99,53.78,51.57,220062,1185950368.0,4.19,0.36,0.19,1.1
1606,2021-08-06,54.71,52.52,55.66,52.44,370712,2034597776.0,6.08,-0.89,-0.47,1.85
1607,2021-08-09,52.46,53.4,54.58,51.83,308674,1692936128.0,5.24,1.68,0.88,1.54
1608,2021-08-10,53.5,51.72,53.9,51.14,250105,1318874368.0,5.17,-3.15,-1.68,1.25
1609,2021-08-11,51.42,50.09,51.7,49.5,250941,1284771840.0,4.25,-3.15,-1.63,1.25
1610,2021-08-12,50.29,50.92,51.14,49.05,229332,1172602912.0,4.17,1.66,0.83,1.14
1611,2021-08-13,50.48,49.89,51.42,49.76,150369,772008976.0,3.26,-2.02,-1.03,0.75
1612,2021-08-16,49.7,50.0,50.26,48.9,137074,693230512.0,2.73,0.22,0.11,0.68
1613,2021-08-17,49.4,47.92,50.28,47.58,208923,1036191824.0,5.4,-4.16,-2.08,1.04
1614,2021-08-18,48.3,46.66,48.48,46.0,255797,1218940368.0,5.18,-2.63,-1.26,1.28
1615,2021-08-19,46.35,47.39,47.8,46.0,187947,906357808.0,3.86,1.56,0.73,0.94
1616,2021-08-20,46.99,46.16,47.23,45.48,194556,915921584.0,3.69,-2.6,-1.23,0.97
1617,2021-08-23,46.2,46.9,46.92,45.6,244043,1156846224.0,2.86,1.6,0.74,1.22
1618,2021-08-24,46.91,47.43,47.88,46.71,235836,1140618352.0,2.49,1.13,0.53,1.18
1619,2021-08-25,47.44,46.66,47.5,46.17,201370,958249488.0,2.8,-1.62,-0.77,1.01
1620,2021-08-26,46.66,45.84,46.66,45.8,137039,644737104.0,1.84,-1.76,-0.82,0.68
1621,2021-08-27,45.7,45.71,46.41,45.15,168115,784819376.0,2.75,-0.28,-0.13,0.84
1622,2021-08-30,45.98,47.33,47.38,45.24,251286,1200431152.0,4.68,3.54,1.62,1.25
1623,2021-08-31,47.85,46.9,47.85,46.01,192874,920770896.0,3.89,-0.91,-0.43,0.96
1624,2021-09-01,46.79,47.12,47.4,45.61,209707,998427568.0,3.82,0.47,0.22,1.05
1625,2021-09-02,46.92,46.15,47.0,45.4,261035,1228576400.0,3.4,-2.06,-0.97,1.3
1626,2021-09-03,45.52,45.19,45.8,44.9,167624,775642528.0,1.95,-2.08,-0.96,0.84
1627,2021-09-06,45.2,45.54,45.92,44.48,179485,833391936.0,3.19,0.77,0.35,0.9
1628,2021-09-07,45.59,46.31,46.46,45.25,213924,1002705120.0,2.66,1.69,0.77,1.07
1629,2021-09-08,46.18,45.64,46.33,45.49,182900,854790800.0,1.81,-1.45,-0.67,0.91
1630,2021-09-09,45.64,45.29,45.81,44.8,173312,800297968.0,2.21,-0.77,-0.35,0.87
1631,2021-09-10,45.26,45.13,45.8,44.9,216230,998609616.0,1.99,-0.35,-0.16,1.08
1632,2021-09-13,45.1,44.13,45.1,43.49,335795,1512661616.0,3.57,-2.22,-1.0,1.68
1633,2021-09-14,44.08,45.9,46.98,43.7,423201,1966443184.0,7.43,4.01,1.77,2.11
1634,2021-09-15,45.99,45.19,45.99,44.51,187777,862533824.0,3.22,-1.55,-0.71,0.94
1635,2021-09-16,45.18,43.77,45.18,43.77,198826,896644480.0,3.12,-3.14,-1.42,0.99
1636,2021-09-17,43.77,43.58,44.19,42.72,247225,1096861872.0,3.36,-0.43,-0.19,1.23
1637,2021-09-22,42.92,42.51,43.0,41.93,183222,794759280.0,2.46,-2.46,-1.07,0.91
1638,2021-09-23,42.63,43.19,44.0,42.63,226169,1004178704.0,3.22,1.6,0.68,1.13
1639,2021-09-24,43.2,44.02,44.52,42.8,302132,1361080144.0,3.98,1.92,0.83,1.51
1640,2021-09-27,43.87,44.03,44.42,43.5,155439,700162544.0,2.09,0.02,0.01,0.78
1641,2021-09-28,43.85,42.88,43.95,42.75,147027,648440944.0,2.73,-2.61,-1.15,0.73
1642,2021-09-29,42.51,40.83,42.52,40.78,268753,1134795152.0,4.06,-4.78,-2.05,1.34
1643,2021-09-30,40.83,41.25,41.38,40.3,154545,650020160.0,2.65,1.03,0.42,0.77
1644,2021-10-08,40.84,42.1,42.95,40.8,218180,940085184.0,5.21,2.06,0.85,1.09
1645,2021-10-11,42.1,44.85,45.0,41.88,384660,1745051264.0,7.41,6.53,2.75,1.92
1646,2021-10-12,44.86,45.28,46.57,44.2,323343,1508174576.0,5.28,0.96,0.43,1.61
1647,2021-10-13,45.28,46.44,47.05,44.68,270939,1286522848.0,5.23,2.56,1.16,1.35
1648,2021-10-14,46.2,48.3,48.63,46.17,361844,1769248192.0,5.3,4.01,1.86,1.81
1649,2021-10-15,48.22,48.27,48.8,47.14,259436,1272790304.0,3.44,-0.06,-0.03,1.3
1650,2021-10-18,48.13,48.12,48.48,47.36,216465,1059478544.0,2.32,-0.31,-0.15,1.08
1651,2021-10-19,48.08,48.3,48.75,47.49,185159,908862496.0,2.62,0.37,0.18,0.92
1652,2021-10-20,48.3,48.36,49.5,47.89,189282,937135120.0,3.33,0.12,0.06,0.95
1653,2021-10-21,48.34,48.4,49.05,47.98,151923,752993408.0,2.21,0.08,0.04,0.76
1654,2021-10-22,48.4,48.55,49.08,47.78,154517,765187440.0,2.69,0.31,0.15,0.77
1655,2021-10-25,48.55,49.2,50.1,47.69,262994,1318574176.0,4.96,1.34,0.65,1.31
1656,2021-10-26,49.58,50.75,51.73,49.1,401229,2069861904.0,5.35,3.15,1.55,2.0
1657,2021-10-27,50.54,49.6,50.65,49.2,146985,745558128.0,2.86,-2.27,-1.15,0.73
1658,2021-10-28,48.97,49.0,49.9,48.41,139527,698783712.0,3.0,-1.21,-0.6,0.7
1659,2021-10-29,48.1,48.4,49.0,47.0,212223,1043561664.0,4.08,-1.22,-0.6,1.06
1660,2021-11-01,48.04,47.35,48.46,46.2,276047,1332552816.0,4.67,-2.17,-1.05,1.38
1661,2021-11-02,47.01,49.5,50.0,46.6,354988,1780458256.0,7.18,4.54,2.15,1.77
1662,2021-11-03,49.02,48.4,50.2,47.73,216328,1077231360.0,4.99,-2.22,-1.1,1.08
1663,2021-11-04,48.51,49.8,50.5,48.03,226696,1147300128.0,5.1,2.89,1.4,1.13
1664,2021-11-05,50.5,50.0,50.77,49.3,175759,897770928.0,2.95,0.4,0.2,0.88
1665,2021-11-08,49.99,48.26,50.33,48.08,225554,1124098592.0,4.5,-3.48,-1.74,1.13
1666,2021-11-09,48.45,46.17,48.45,45.37,361357,1719691248.0,6.38,-4.33,-2.09,1.8
1667,2021-11-10,45.88,45.37,46.75,44.75,257979,1197827104.0,4.33,-1.73,-0.8,1.29
1668,2021-11-11,45.37,46.07,47.39,44.96,223479,1052148720.0,5.36,1.54,0.7,1.12
1669,2021-11-12,46.32,46.31,46.54,45.5,134229,632705504.0,2.26,0.52,0.24,0.67
1670,2021-11-15,46.59,46.82,49.18,46.48,286172,1389418912.0,5.83,1.1,0.51,1.43
1671,2021-11-16,46.83,46.7,47.19,45.82,175868,835000416.0,2.93,-0.26,-0.12,0.88
1672,2021-11-17,46.7,46.88,47.01,45.65,139664,660818912.0,2.91,0.39,0.18,0.7
1673,2021-11-18,46.7,45.41,46.7,45.31,170734,798922512.0,2.97,-3.14,-1.47,0.85
1674,2021-11-19,45.4,45.6,45.86,45.06,99162,460936288.0,1.76,0.42,0.19,0.5
1675,2021-11-22,45.81,47.55,48.11,45.66,256983,1237009728.0,5.37,4.28,1.95,1.28
1676,2021-11-23,47.55,47.28,47.8,46.78,149699,723789936.0,2.15,-0.57,-0.27,0.75
1677,2021-11-24,47.27,46.29,47.49,46.07,118520,562412976.0,3.0,-2.09,-0.99,0.59
1678,2021-11-25,46.15,45.8,46.26,45.4,114601,535018400.0,1.86,-1.06,-0.49,0.57
1679,2021-11-26,45.8,45.15,45.8,44.83,174407,802900496.0,2.12,-1.42,-0.65,0.87
1680,2021-11-29,44.74,44.85,45.4,44.25,140154,640198992.0,2.55,-0.66,-0.3,0.7
1681,2021-11-30,44.61,44.99,45.44,44.35,181265,834055712.0,2.43,0.31,0.14,0.9
1682,2021-12-01,45.0,44.33,45.4,44.18,131793,597521552.0,2.71,-1.47,-0.66,0.66
1683,2021-12-02,44.13,44.52,45.07,44.1,126641,578304336.0,2.19,0.43,0.19,0.63
1684,2021-12-03,44.52,44.3,44.75,44.0,132759,599227824.0,1.68,-0.49,-0.22,0.66
1685,2021-12-06,44.15,44.64,45.25,44.0,142777,653005440.0,2.82,0.77,0.34,0.71
1686,2021-12-07,44.75,44.1,45.05,43.62,189612,853703424.0,3.2,-1.21,-0.54,0.95
1687,2021-12-08,44.45,44.03,44.45,43.44,208550,932597808.0,2.29,-0.16,-0.07,1.04
1688,2021-12-09,44.04,45.86,46.35,44.02,364517,1694216656.0,5.29,4.16,1.83,1.82
1689,2021-12-10,45.67,45.2,45.68,44.39,296534,1358782016.0,2.81,-1.44,-0.66,1.48
1690,2021-12-13,44.97,45.27,45.8,44.88,229681,1065542848.0,2.04,0.15,0.07,1.15
1691,2021-12-14,45.0,44.54,45.2,44.39,188761,861429984.0,1.79,-1.61,-0.73,0.94
1692,2021-12-15,44.3,44.65,45.35,44.29,162713,747351296.0,2.38,0.25,0.11,0.81
1693,2021-12-16,44.49,45.11,45.15,43.78,238030,1077502400.0,3.07,1.03,0.46,1.19
1694,2021-12-17,44.9,44.14,44.98,43.94,187515,849668064.0,2.31,-2.15,-0.97,0.94
1695,2021-12-20,44.33,43.52,44.33,43.51,114486,511959184.0,1.86,-1.4,-0.62,0.57
1696,2021-12-21,43.5,43.78,43.98,43.45,87637,391815952.0,1.22,0.6,0.26,0.44
1697,2021-12-22,43.9,44.61,44.98,43.9,225069,1026401856.0,2.47,1.9,0.83,1.12
1698,2021-12-23,44.61,46.53,46.88,44.45,452513,2129473792.0,5.45,4.3,1.92,2.26
1699,2021-12-24,47.0,48.07,48.88,46.56,373944,1830449392.0,4.99,3.31,1.54,1.87
1700,2021-12-27,48.04,47.71,48.8,47.04,167839,817109440.0,3.66,-0.75,-0.36,0.84
1701,2021-12-28,47.34,47.07,47.82,46.89,159331,768379472.0,1.95,-1.34,-0.64,0.8
1702,2021-12-29,46.95,46.77,47.15,46.08,137081,653703632.0,2.27,-0.64,-0.3,0.68
1703,2021-12-30,46.77,46.5,47.38,46.14,127885,609196352.0,2.65,-0.58,-0.27,0.64
1704,2021-12-31,46.55,46.14,46.75,45.85,151364,712817936.0,1.94,-0.77,-0.36,0.76
1705,2022-01-04,46.47,45.9,47.33,45.7,166589,787375408.0,3.53,-0.52,-0.24,0.83
1706,2022-01-05,45.9,46.1,46.35,45.6,172737,810806896.0,1.63,0.44,0.2,0.86
1707,2022-01-06,45.6,45.04,46.0,44.5,219101,1009589136.0,3.25,-2.3,-1.06,1.09
1708,2022-01-07,45.1,45.97,46.33,45.07,160296,750619952.0,2.8,2.06,0.93,0.8
1709,2022-01-10,45.67,47.3,47.43,44.83,180527,859362544.0,5.66,2.89,1.33,0.9
1710,2022-01-11,47.15,46.1,47.28,45.73,131101,619972016.0,3.28,-2.54,-1.2,0.65
1711,2022-01-12,46.08,46.15,46.31,45.62,104431,490559664.0,1.5,0.11,0.05,0.52
1712,2022-01-13,46.13,45.66,46.48,45.34,89393,417729536.0,2.47,-1.06,-0.49,0.45
1713,2022-01-14,45.5,47.03,47.4,45.3,271082,1296402560.0,4.6,3.0,1.37,1.35
1714,2022-01-17,47.02,47.75,48.6,47.02,209546,1025738976.0,3.36,1.53,0.72,1.05
1715,2022-01-18,47.8,48.18,48.6,47.5,174116,855084624.0,2.3,0.9,0.43,0.87
1716,2022-01-19,47.57,46.87,47.9,46.5,114459,550329456.0,2.91,-2.72,-1.31,0.57
1717,2022-01-20,46.7,48.15,48.6,46.39,177664,868007280.0,4.72,2.73,1.28,0.89
1718,2022-01-21,47.89,47.61,48.01,47.07,110267,535293360.0,1.95,-1.12,-0.54,0.55
1719,2022-01-24,47.61,48.04,48.45,47.25,115402,566057280.0,2.52,0.9,0.43,0.58
1720,2022-01-25,47.6,47.61,48.58,47.3,157946,777167232.0,2.66,-0.9,-0.43,0.79
1721,2022-01-26,47.61,49.1,49.3,47.35,280969,1395724240.0,4.1,3.13,1.49,1.4
1722,2022-01-27,49.0,48.2,49.37,47.01,214445,1057449024.0,4.81,-1.83,-0.9,1.07
1723,2022-01-28,47.76,46.58,48.1,45.5,166836,793730384.0,5.39,-3.36,-1.62,0.83
1724,2022-02-07,46.65,47.27,47.78,46.65,65704,317142256.0,2.43,1.48,0.69,0.33
1725,2022-02-08,47.0,46.48,47.14,45.65,106205,500757072.0,3.15,-1.67,-0.79,0.53
1726,2022-02-09,46.1,47.48,47.68,46.05,136070,650643776.0,3.51,2.15,1.0,0.68
1727,2022-02-10,47.48,47.38,47.48,46.3,112262,537352320.0,2.49,-0.21,-0.1,0.56
1728,2022-02-11,46.54,45.79,46.85,45.6,142318,670432288.0,2.64,-3.36,-1.59,0.71
1729,2022-02-14,45.68,45.06,45.8,44.82,98000,452262960.0,2.14,-1.59,-0.73,0.49
1730,2022-02-15,45.06,45.12,45.31,44.54,93500,428543760.0,1.71,0.13,0.06,0.47
1731,2022-02-16,45.3,45.72,45.89,45.3,80261,374331120.0,1.31,1.33,0.6,0.4
1732,2022-02-17,45.51,45.94,45.95,45.09,73728,344168368.0,1.88,0.48,0.22,0.37
1733,2022-02-18,45.5,45.54,45.67,45.22,44569,206891102.0,0.98,-0.87,-0.4,0.22
1734,2022-02-21,45.55,45.35,45.58,45.1,54591,252193488.0,1.05,-0.42,-0.19,0.27
1735,2022-02-22,44.88,44.3,45.15,44.25,105802,480910208.0,1.98,-2.32,-1.05,0.53
1736,2022-02-23,44.3,45.0,45.0,44.3,92102,421494240.0,1.58,1.58,0.7,0.46
1737,2022-02-24,44.78,43.44,44.78,43.0,198524,886931120.0,3.96,-3.47,-1.56,0.99
1738,2022-02-25,43.49,43.85,44.08,43.49,108137,484908992.0,1.36,0.94,0.41,0.54
1739,2022-02-28,43.86,43.0,43.88,42.78,147011,646819968.0,2.51,-1.94,-0.85,0.73
1740,2022-03-01,43.09,43.4,43.51,42.92,114893,508688048.0,1.37,0.93,0.4,0.57
1741,2022-03-02,43.11,42.9,43.4,42.81,102128,449027456.0,1.36,-1.15,-0.5,0.51
1742,2022-03-03,43.1,41.02,43.19,40.34,319276,1351057536.0,6.64,-4.38,-1.88,1.59
1743,2022-03-04,40.6,39.86,40.65,39.55,185392,758892480.0,2.68,-2.83,-1.16,0.93
1744,2022-03-07,39.86,37.67,39.86,37.2,238371,928950032.0,6.67,-5.49,-2.19,1.19
1745,2022-03-08,37.55,35.71,37.66,35.4,266176,991622016.0,6.0,-5.2,-1.96,1.33
1746,2022-03-09,35.6,36.45,36.6,33.0,288966,1042488832.0,10.08,2.07,0.74,1.44
1747,2022-03-10,37.45,37.29,38.0,36.68,267275,1023263392.0,3.62,2.3,0.84,1.33
1748,2022-03-11,36.78,36.47,36.89,35.76,159194,593259024.0,3.03,-2.2,-0.82,0.79
1749,2022-03-14,35.9,35.3,36.2,35.3,130625,479971184.0,2.47,-3.21,-1.17,0.65
1750,2022-03-15,35.0,33.69,35.75,33.66,179027,637250928.0,5.92,-4.56,-1.61,0.89
1751,2022-03-16,34.2,35.14,35.19,33.0,220310,776810720.0,6.5,4.3,1.45,1.1
1752,2022-03-17,36.0,36.93,37.14,35.41,280081,1047191536.0,4.92,5.09,1.79,1.4
1753,2022-03-18,36.6,34.71,36.6,34.34,529973,1894676400.0,6.12,-6.01,-2.22,2.65
1754,2022-03-21,34.65,34.31,34.96,33.9,280018,990369936.0,3.05,-1.15,-0.4,1.4
1755,2022-03-22,34.16,34.51,34.82,33.98,178067,630450032.0,2.45,0.58,0.2,0.89
1756,2022-03-23,34.58,34.51,35.2,34.3,157989,561025408.0,2.61,0.0,0.0,0.79
1757,2022-03-24,34.4,34.1,34.4,33.94,146098,512537664.0,1.33,-1.19,-0.41,0.73
1758,2022-03-25,34.11,33.9,34.6,33.82,174786,614012832.0,2.29,-0.59,-0.2,0.87
1759,2022-03-28,33.54,34.15,34.45,33.2,158754,554222672.0,3.69,0.74,0.25,0.79
1760,2022-03-29,34.25,34.12,34.39,34.01,102086,358968704.0,1.11,-0.09,-0.03,0.51
1761,2022-03-30,34.2,35.15,35.17,34.2,246788,883829040.0,2.84,3.02,1.03,1.23
1762,2022-03-31,35.14,34.58,35.42,34.45,165075,591799872.0,2.76,-1.62,-0.57,0.82
1763,2022-04-01,34.21,34.32,34.79,34.1,156303,552698656.0,2.0,-0.75,-0.26,0.78
1764,2022-04-06,34.32,33.58,34.32,33.44,187886,651263440.0,2.56,-2.16,-0.74,0.94
1765,2022-04-07,33.55,32.0,33.59,31.95,299487,1004847136.0,4.88,-4.71,-1.58,1.5
1766,2022-04-08,32.0,31.45,32.03,30.46,339745,1092628800.0,4.91,-1.72,-0.55,1.7
1767,2022-04-11,31.0,29.4,31.01,29.3,304672,940272768.0,5.44,-6.52,-2.05,1.52
1768,2022-04-12,29.27,30.18,30.23,29.23,194597,598580320.0,3.4,2.65,0.78,0.97
1769,2022-04-13,30.13,29.82,30.15,29.71,114947,356022832.0,1.46,-1.19,-0.36,0.57
1770,2022-04-14,30.05,30.89,31.08,30.0,207043,656839072.0,3.62,3.59,1.07,1.03
1771,2022-04-15,31.1,34.08,34.08,31.1,536152,1839350704.0,9.65,10.33,3.19,2.68
1772,2022-04-18,34.9,34.66,35.0,32.69,408007,1438043936.0,6.78,1.7,0.58,2.04
1773,2022-04-19,34.6,33.85,34.64,33.51,253782,887798960.0,3.26,-2.34,-0.81,1.27
1774,2022-04-20,33.57,33.79,34.38,33.57,195414,684026272.0,2.39,-0.18,-0.06,0.98
1775,2022-04-21,33.63,33.2,33.97,32.97,183204,631318288.0,2.96,-1.75,-0.59,0.91
1776,2022-04-22,32.98,32.86,33.27,32.3,159212,537852576.0,2.92,-1.02,-0.34,0.79
1777,2022-04-25,32.39,31.35,33.08,31.28,205140,677927616.0,5.48,-4.6,-1.51,1.02
1778,2022-04-26,31.35,31.88,33.05,30.9,235868,779744592.0,6.86,1.69,0.53,1.18
1779,2022-04-27,31.38,33.45,33.55,31.25,268718,902811808.0,7.21,4.92,1.57,1.34
1780,2022-04-28,33.0,33.19,33.68,32.86,175928,602293792.0,2.45,-0.78,-0.26,0.88
1781,2022-04-29,33.51,34.55,34.8,32.91,284168,994497664.0,5.69,4.1,1.36,1.42
1782,2022-05-05,34.59,34.95,35.45,34.5,220391,796149520.0,2.75,1.16,0.4,1.1
1783,2022-05-06,34.08,35.01,35.36,33.73,154591,550385392.0,4.66,0.17,0.06,0.77
1784,2022-05-09,34.8,34.02,34.86,33.68,139329,489301440.0,3.37,-2.83,-0.99,0.7
1785,2022-05-10,33.49,34.37,34.76,33.0,178622,627067568.0,5.17,1.03,0.35,0.89
1786,2022-05-11,34.54,35.77,36.75,34.42,347437,1284935200.0,6.78,4.07,1.4,1.73
1787,2022-05-12,36.01,35.92,36.49,35.6,147716,546269760.0,2.49,0.42,0.15,0.74
1788,2022-05-13,35.92,36.65,36.75,35.78,156386,585728768.0,2.7,2.03,0.73,0.78
1789,2022-05-16,36.95,36.6,37.1,36.33,142090,535789840.0,2.1,-0.14,-0.05,0.71
1790,2022-05-17,36.63,37.25,37.44,36.4,152925,582403088.0,2.84,1.78,0.65,0.76
1791,2022-05-18,37.27,37.0,37.46,36.8,111759,425389504.0,1.77,-0.67,-0.25,0.56
1792,2022-05-19,36.88,36.5,36.88,35.77,150204,544292000.0,3.0,-1.35,-0.5,0.75
1793,2022-05-20,36.67,36.88,37.49,36.53,133542,493103136.0,2.63,1.04,0.38,0.67
1794,2022-05-23,36.98,36.86,37.09,35.93,182415,666241280.0,3.15,-0.05,-0.02,0.91
1795,2022-05-24,39.7,38.68,40.55,38.65,630578,2510652880.0,5.15,4.94,1.82,3.15
1796,2022-05-25,37.5,39.0,39.24,37.44,258892,996044848.0,4.65,0.83,0.32,1.29
1797,2022-05-26,39.0,38.7,39.24,38.4,108799,422550336.0,2.15,-0.77,-0.3,0.54
1798,2022-05-27,38.78,37.99,39.16,37.81,131831,505161264.0,3.49,-1.83,-0.71,0.66
1799,2022-05-30,38.4,39.89,39.98,38.16,245843,969861792.0,4.79,5.0,1.9,1.23
1800,2022-05-31,39.88,40.14,40.4,39.5,183269,734205728.0,2.26,0.63,0.25,0.91
1801,2022-06-01,40.94,41.15,41.66,40.51,230986,952332512.0,2.86,2.52,1.01,1.15
1802,2022-06-02,41.1,41.84,41.99,40.66,154149,638215472.0,3.23,1.68,0.69,0.77
1803,2022-06-06,41.84,42.99,43.52,41.52,234846,1006120816.0,4.78,2.75,1.15,1.17
1804,2022-06-07,43.0,41.45,43.22,41.16,202499,844582096.0,4.79,-3.58,-1.54,1.01
1805,2022-06-08,41.35,41.86,41.92,40.74,183221,756104752.0,2.85,0.99,0.41,0.91
1806,2022-06-09,41.86,40.38,41.86,40.03,239007,968435072.0,4.37,-3.54,-1.48,1.19
1807,2022-06-10,40.35,42.4,42.5,39.83,345120,1434286320.0,6.61,5.0,2.02,1.72
1808,2022-06-13,42.2,43.12,43.4,42.02,196426,845552272.0,3.25,1.7,0.72,0.98
1809,2022-06-14,43.05,43.38,43.55,41.55,186436,794754912.0,4.64,0.6,0.26,0.93
1810,2022-06-15,43.05,42.99,44.0,42.9,147152,638947376.0,2.54,-0.9,-0.39,0.73
1811,2022-06-16,43.1,42.55,43.39,42.38,150894,643468000.0,2.35,-1.02,-0.44,0.75
1812,2022-06-17,42.03,42.45,42.85,41.9,138732,588512288.0,2.23,-0.24,-0.1,0.69
1813,2022-06-20,42.5,42.76,42.99,42.31,120249,512723680.0,1.6,0.73,0.31,0.6
1814,2022-06-21,42.76,42.15,43.0,41.66,138160,582288288.0,3.13,-1.43,-0.61,0.69
1815,2022-06-22,42.35,41.81,42.49,41.76,122346,515198480.0,1.73,-0.81,-0.34,0.61
1816,2022-06-23,41.97,43.91,44.1,41.97,291108,1265998944.0,5.09,5.02,2.1,1.45
1817,2022-06-24,43.82,44.09,44.43,43.46,150267,660950896.0,2.21,0.41,0.18,0.75
1818,2022-06-27,44.16,43.28,44.32,42.62,198639,858507408.0,3.86,-1.84,-0.81,0.99
1819,2022-06-28,43.48,43.4,43.53,42.65,126106,544553264.0,2.03,0.28,0.12,0.63
1820,2022-06-29,43.51,41.46,43.51,41.24,239424,1005345952.0,5.23,-4.47,-1.94,1.2
1821,2022-06-30,41.58,41.81,42.31,41.48,133327,557336976.0,2.0,0.84,0.35,0.67
1822,2022-07-01,41.87,40.84,41.99,40.38,208329,850845360.0,3.85,-2.32,-0.97,1.04
1823,2022-07-04,40.94,41.8,42.18,40.25,183882,761923328.0,4.73,2.35,0.96,0.92
1824,2022-07-05,41.8,41.1,41.98,40.33,206591,845068240.0,3.95,-1.67,-0.7,1.03
1825,2022-07-06,41.1,41.45,41.92,40.76,134543,556526480.0,2.82,0.85,0.35,0.67
1826,2022-07-07,41.45,43.03,43.7,41.25,238342,1022605360.0,5.91,3.81,1.58,1.19
1827,2022-07-08,43.01,42.15,43.68,42.12,124440,530717394.0,3.63,-2.05,-0.88,0.62
1828,2022-07-11,42.15,41.3,42.15,40.58,127201,521790166.0,3.72,-2.02,-0.85,0.64
1829,2022-07-12,42.0,41.48,43.2,40.81,191624,807241597.0,5.79,0.44,0.18,0.96
1830,2022-07-13,41.37,40.9,41.59,40.4,133493,545481199.0,2.87,-1.4,-0.58,0.67
1831,2022-07-14,40.9,41.5,42.8,40.85,160485,671302492.0,4.77,1.47,0.6,0.8
1832,2022-07-15,41.65,41.81,42.9,41.5,156353,663016651.0,3.37,0.75,0.31,0.78
1833,2022-07-18,41.8,41.85,42.3,40.91,126599,525874017.0,3.32,0.1,0.04,0.63
1834,2022-07-19,41.87,42.43,43.1,40.91,174114,737948056.0,5.23,1.39,0.58,0.87
1835,2022-07-20,42.45,41.8,42.45,41.52,91326,381791016.0,2.19,-1.48,-0.63,0.46
1836,2022-07-21,41.5,41.71,42.83,41.4,113467,477859613.0,3.42,-0.22,-0.09,0.57
1837,2022-07-22,41.7,42.1,42.72,41.7,122593,516619077.0,2.45,0.94,0.39,0.61
1838,2022-07-25,42.09,40.98,42.09,40.75,171235,703034342.0,3.18,-2.66,-1.12,0.85
1839,2022-07-26,40.9,41.29,41.4,40.65,68597,281693135.0,1.83,0.76,0.31,0.34
1840,2022-07-27,41.1,41.77,42.18,40.95,107616,449362044.0,2.98,1.16,0.48,0.54
1841,2022-07-28,41.8,41.8,42.05,41.33,92423,385845972.0,1.72,0.07,0.03,0.46
1842,2022-07-29,41.51,41.02,41.99,40.82,124816,514310626.0,2.8,-1.87,-0.78,0.62
1843,2022-08-01,41.02,41.14,41.44,40.21,134381,548135822.0,3.0,0.29,0.12,0.67
1844,2022-08-02,40.32,40.05,40.5,39.51,152795,612030283.0,2.41,-2.65,-1.09,0.76
1845,2022-08-03,40.05,39.37,40.91,39.07,151895,610175830.0,4.59,-1.7,-0.68,0.76
1846,2022-08-04,39.49,38.93,39.65,38.31,135394,526008188.0,3.4,-1.12,-0.44,0.68
1847,2022-08-05,39.07,39.18,39.47,38.53,117368,457710320.0,2.41,0.64,0.25,0.59
1848,2022-08-08,39.18,39.04,39.56,38.83,93337,364659426.0,1.86,-0.36,-0.14,0.47
1849,2022-08-09,39.06,38.6,39.34,38.51,121151,469358088.0,2.13,-1.13,-0.44,0.6
1850,2022-08-10,38.5,37.68,38.66,37.36,190806,720743462.0,3.37,-2.38,-0.92,0.95
1851,2022-08-11,37.7,39.16,39.4,37.54,208269,801896490.0,4.94,3.93,1.48,1.04
1852,2022-08-12,38.99,39.04,39.29,38.75,80708,315156591.0,1.38,-0.31,-0.12,0.4
1853,2022-08-15,39.04,39.13,39.59,38.83,119604,469395290.0,1.95,0.23,0.09,0.6
1854,2022-08-16,39.37,39.1,39.55,39.01,78494,307769530.0,1.38,-0.08,-0.03,0.39
1855,2022-08-17,39.11,39.27,39.39,38.82,111184,434900612.0,1.46,0.43,0.17,0.56
1856,2022-08-18,39.07,39.32,39.55,39.05,71476,281380734.0,1.27,0.13,0.05,0.36
1857,2022-08-19,39.33,38.99,39.88,38.91,120183,472103610.0,2.47,-0.84,-0.33,0.6
1858,2022-08-22,38.6,39.74,40.2,38.5,121453,481295209.0,4.36,1.92,0.75,0.61
1859,2022-08-23,39.52,39.12,39.97,39.0,99423,390415044.0,2.44,-1.56,-0.62,0.5
1860,2022-08-24,39.05,38.32,39.35,38.18,92525,356862768.0,2.99,-2.04,-0.8,0.46
1861,2022-08-25,38.36,38.56,38.64,38.01,65041,249565120.0,1.64,0.63,0.24,0.32
1862,2022-08-26,38.61,38.12,38.94,37.9,147015,562579844.0,2.7,-1.14,-0.44,0.73
1863,2022-08-29,37.99,38.48,38.65,37.68,118728,453677032.0,2.54,0.94,0.36,0.59
1864,2022-08-30,38.61,38.7,39.4,38.29,106880,415667850.0,2.88,0.57,0.22,0.53
1865,2022-08-31,39.53,39.06,40.12,38.7,283848,1116340184.0,3.67,0.93,0.36,1.42
1866,2022-09-01,38.81,39.45,39.51,38.51,171890,673359941.0,2.56,1.0,0.39,0.86
1867,2022-09-02,39.37,39.78,40.1,39.12,143501,570196464.0,2.48,0.84,0.33,0.72
1868,2022-09-05,39.78,38.97,39.79,38.58,167216,651236660.0,3.04,-2.04,-0.81,0.83
1869,2022-09-06,39.08,40.3,40.38,38.94,280672,1122666717.0,3.7,3.41,1.33,1.4
1870,2022-09-07,40.2,40.54,40.7,39.74,113641,458897733.0,2.38,0.6,0.24,0.57
1871,2022-09-08,40.55,41.24,41.58,40.3,144633,597156433.0,3.16,1.73,0.7,0.72
1872,2022-09-09,41.5,40.89,41.5,40.7,105339,431826942.0,1.94,-0.85,-0.35,0.53
1873,2022-09-13,41.0,41.28,41.42,40.93,92721,382189216.0,1.2,0.95,0.39,0.46
1874,2022-09-14,40.9,40.07,41.19,40.0,124649,503799882.0,2.88,-2.93,-1.21,0.62
1875,2022-09-15,40.16,39.49,40.35,39.2,89869,356649566.0,2.87,-1.45,-0.58,0.45
1876,2022-09-16,39.3,38.88,39.55,38.8,78833,308644544.0,1.9,-1.54,-0.61,0.39
1877,2022-09-19,38.89,39.02,39.5,38.61,89170,347099471.0,2.29,0.36,0.14,0.45
1878,2022-09-20,39.03,39.41,39.72,38.95,90230,355686489.0,1.97,1.0,0.39,0.45
1879,2022-09-21,39.17,38.7,39.3,38.53,88734,344436574.0,1.95,-1.8,-0.71,0.44
1880,2022-09-22,38.5,37.69,38.57,37.23,132515,499421081.0,3.46,-2.61,-1.01,0.66
1881,2022-09-23,37.69,37.56,37.95,36.8,117570,439781690.0,3.05,-0.34,-0.13,0.59
1882,2022-09-26,37.2,37.55,37.98,37.16,83750,315728817.0,2.18,-0.03,-0.01,0.42
1883,2022-09-27,37.48,37.47,37.6,36.4,129620,480665905.0,3.2,-0.21,-0.08,0.65
1884,2022-09-28,37.42,36.73,37.44,36.63,81095,300016599.0,2.16,-1.97,-0.74,0.4
1885,2022-09-29,37.0,36.55,37.05,36.15,88233,322697265.0,2.45,-0.49,-0.18,0.44
1886,2022-09-30,36.51,35.81,36.7,35.76,88924,321810040.0,2.57,-2.02,-0.74,0.44
1887,2022-10-10,35.8,35.24,35.9,35.17,96221,341492134.0,2.04,-1.59,-0.57,0.48
1888,2022-10-11,35.23,34.88,35.45,34.78,83723,293115205.0,1.9,-1.02,-0.36,0.42
1889,2022-10-12,34.9,35.89,35.9,34.37,92679,325821906.0,4.39,2.9,1.01,0.46
1890,2022-10-13,35.71,35.76,36.37,35.57,84519,303462513.0,2.23,-0.36,-0.13,0.42
1891,2022-10-14,35.81,37.33,37.95,35.81,159223,591897622.0,5.98,4.39,1.57,0.79
1892,2022-10-17,37.16,37.32,37.39,36.75,84841,314773963.0,1.71,-0.03,-0.01,0.42
1893,2022-10-18,37.53,36.85,37.82,36.83,104596,387581497.0,2.65,-1.26,-0.47,0.52
1894,2022-10-19,36.85,36.61,37.3,36.56,63520,234160733.0,2.01,-0.65,-0.24,0.32
1895,2022-10-20,36.2,36.1,36.47,35.73,90507,326006753.0,2.02,-1.39,-0.51,0.45
1896,2022-10-21,36.06,35.5,36.61,35.31,152924,547186579.0,3.6,-1.66,-0.6,0.76
1897,2022-10-24,35.66,34.57,35.94,34.37,165118,575997483.0,4.42,-2.62,-0.93,0.82
1898,2022-10-25,34.54,34.52,35.22,33.65,133504,458133649.0,4.54,-0.14,-0.05,0.67
1899,2022-10-26,34.53,34.78,35.24,34.48,142079,493905837.0,2.2,0.75,0.26,0.71
1900,2022-10-27,35.05,34.57,35.35,34.54,108415,377930620.0,2.33,-0.6,-0.21,0.54
1901,2022-10-28,34.34,33.31,34.64,33.2,118318,399731119.0,4.17,-3.64,-1.26,0.59
1902,2022-10-31,33.29,33.43,33.79,33.1,113057,378190197.0,2.07,0.36,0.12,0.56
1903,2022-11-01,33.58,35.74,35.77,33.58,210309,731586182.0,6.55,6.91,2.31,1.05
1904,2022-11-02,35.74,36.52,37.0,35.16,218033,794416646.0,5.15,2.18,0.78,1.09
1905,2022-11-03,36.2,36.7,36.76,36.11,122942,449369652.0,1.78,0.49,0.18,0.61
1906,2022-11-04,36.6,38.07,38.3,36.6,169713,642517006.0,4.63,3.73,1.37,0.85
1907,2022-11-07,37.98,38.14,38.3,37.53,128877,489995114.0,2.02,0.18,0.07,0.64
1908,2022-11-08,38.13,38.1,38.13,37.51,107050,405038154.0,1.63,-0.1,-0.04,0.53
1909,2022-11-09,37.95,37.31,37.98,37.3,94914,355898412.0,1.78,-2.07,-0.79,0.47
1910,2022-11-10,37.29,37.09,37.52,36.62,89453,330418994.0,2.41,-0.59,-0.22,0.45
1911,2022-11-11,37.81,37.3,37.98,37.07,125560,469772902.0,2.45,0.57,0.21,0.63
1912,2022-11-14,37.3,37.39,37.86,37.09,115064,430455410.0,2.06,0.24,0.09,0.57
1913,2022-11-15,37.42,37.81,37.98,36.88,101932,383294783.0,2.94,1.12,0.42,0.51
1914,2022-11-16,37.81,37.26,38.1,37.15,95292,358216521.0,2.51,-1.45,-0.55,0.48
1915,2022-11-17,37.3,36.9,37.3,36.62,62314,229473619.0,1.83,-0.97,-0.36,0.31
1916,2022-11-18,37.05,36.68,37.23,36.65,69527,256360953.0,1.57,-0.6,-0.22,0.35
1917,2022-11-21,36.57,36.1,36.57,35.8,112817,405760183.0,2.1,-1.58,-0.58,0.56
1918,2022-11-22,36.14,36.23,36.3,35.9,94892,342684267.0,1.11,0.36,0.13,0.47
1919,2022-11-23,36.14,36.34,36.49,36.03,59695,216700752.0,1.27,0.3,0.11,0.3
1920,2022-11-24,36.1,35.87,36.67,35.8,60095,216415176.0,2.39,-1.29,-0.47,0.3
1921,2022-11-25,36.0,35.81,36.21,35.67,47697,171321400.0,1.51,-0.17,-0.06,0.24
1922,2022-11-28,35.1,35.5,35.55,34.83,76297,268541092.0,2.01,-0.87,-0.31,0.38
1923,2022-11-29,35.49,36.2,36.2,35.45,77964,280324580.0,2.11,1.97,0.7,0.39
1924,2022-11-30,36.37,37.13,37.39,36.2,167393,617346784.0,3.29,2.57,0.93,0.84
1925,2022-12-01,37.53,37.45,37.79,37.17,103171,386160619.0,1.67,0.86,0.32,0.52
1926,2022-12-02,37.45,36.8,37.45,36.69,71948,265888674.0,2.03,-1.74,-0.65,0.36
1927,2022-12-05,37.17,37.2,37.4,36.94,74441,276511406.0,1.25,1.09,0.4,0.37
1928,2022-12-06,37.19,37.14,37.45,36.81,74822,277296920.0,1.72,-0.16,-0.06,0.37
1929,2022-12-07,37.01,37.43,37.66,36.88,96159,360007020.0,2.1,0.78,0.29,0.48
1930,2022-12-08,37.19,37.27,37.5,37.0,82846,308607356.0,1.34,-0.43,-0.16,0.41
1931,2022-12-09,37.36,37.79,37.81,37.19,107244,401862871.0,1.66,1.4,0.52,0.54
1932,2022-12-12,37.8,36.45,37.8,36.4,140523,518172007.0,3.7,-3.55,-1.34,0.7
1933,2022-12-13,36.45,36.23,36.5,36.01,82710,299507180.0,1.34,-0.6,-0.22,0.41
1934,2022-12-14,36.01,36.13,36.25,35.8,96751,348447309.0,1.24,-0.28,-0.1,0.48
1935,2022-12-15,36.11,36.92,36.94,36.0,102015,373349558.0,2.6,2.19,0.79,0.51
1936,2022-12-16,36.8,36.64,36.89,36.37,78315,286309803.0,1.41,-0.76,-0.28,0.39
1937,2022-12-19,36.8,36.13,37.1,36.0,79777,290308382.0,3.0,-1.39,-0.51,0.4
1938,2022-12-20,36.12,35.56,36.12,35.5,88911,317499238.0,1.72,-1.58,-0.57,0.44
1939,2022-12-21,35.72,35.68,35.83,35.35,62270,221824642.0,1.35,0.34,0.12,0.31
1940,2022-12-22,35.61,35.49,35.9,35.21,71264,252923861.0,1.93,-0.53,-0.19,0.36
1941,2022-12-23,35.18,35.08,35.36,34.93,56344,197745680.0,1.21,-1.16,-0.41,0.28
1942,2022-12-26,35.03,35.28,35.31,34.86,80356,281788393.0,1.28,0.57,0.2,0.4
1943,2022-12-27,35.3,35.52,35.75,35.17,63411,225048694.0,1.64,0.68,0.24,0.32
1944,2022-12-28,35.43,35.03,35.45,34.89,64186,224774543.0,1.58,-1.38,-0.49,0.32
1945,2022-12-29,34.89,35.02,35.24,34.77,59226,207287822.0,1.34,-0.03,-0.01,0.3
1946,2022-12-30,35.08,35.07,35.43,35.01,76234,268114619.0,1.2,0.14,0.05,0.38
