,日期,开盘,收盘,最高,最低,成交量,成交额,振幅,涨跌幅,涨跌额,换手率
0,2015-01-12,6.23,6.07,6.37,5.91,23832,84223929.0,8.13,7.24,0.41,1.05
1,2015-01-13,6.0,6.29,6.56,5.62,28629,103803118.0,15.49,3.62,0.22,1.26
2,2015-01-14,6.26,5.88,6.27,5.85,12956,45609703.0,6.68,-6.52,-0.41,0.57
3,2015-01-15,5.9,5.79,5.95,5.68,10444,35563874.0,4.59,-1.53,-0.09,0.46
4,2015-01-16,5.79,6.21,6.23,5.77,20060,70618218.0,7.94,7.25,0.42,0.89
5,2015-01-19,6.2,6.31,6.6,6.07,42334,156050940.0,8.53,1.61,0.1,1.87
6,2015-01-20,6.41,6.74,6.81,6.24,34145,129214322.0,9.03,6.81,0.43,1.51
7,2015-01-21,6.7,6.68,6.75,6.54,26244,99265946.0,3.12,-0.89,-0.06,1.16
8,2015-01-22,6.66,6.72,6.84,6.59,16758,63835677.0,3.74,0.6,0.04,0.74
9,2015-01-23,6.78,6.42,6.79,6.42,15893,59412208.0,5.51,-4.46,-0.3,0.7
10,2015-01-26,6.51,6.59,6.68,6.43,14021,52574046.0,3.89,2.65,0.17,0.62
11,2015-01-27,6.46,6.68,6.73,6.37,16215,60730412.0,5.46,1.37,0.09,0.72
12,2015-01-28,6.64,6.83,7.14,6.61,27226,106057833.0,7.93,2.25,0.15,1.2
13,2015-01-29,6.68,6.72,6.95,6.61,13341,51133621.0,4.98,-1.61,-0.11,0.59
14,2015-01-30,6.79,6.41,6.86,6.39,13613,51720210.0,6.99,-4.61,-0.31,0.6
15,2015-02-02,6.23,6.52,6.65,6.23,8699,32420258.0,6.55,1.72,0.11,0.38
16,2015-02-03,6.54,6.82,7.03,6.49,19429,74894024.0,8.28,4.6,0.3,0.86
17,2015-02-04,6.84,6.91,7.26,6.79,23621,93363487.0,6.89,1.32,0.09,1.04
18,2015-02-05,6.91,7.78,7.79,6.69,46705,190701394.0,15.92,12.59,0.87,2.06
19,2015-02-06,7.59,7.26,7.64,7.13,23220,95800981.0,6.56,-6.68,-0.52,1.03
20,2015-02-09,7.55,7.39,7.86,7.36,30285,127657210.0,6.89,1.79,0.13,1.34
21,2015-02-10,7.26,7.58,7.68,6.86,29459,118323446.0,11.1,2.57,0.19,1.3
22,2015-02-11,7.48,8.09,8.27,7.36,32601,141612573.0,12.01,6.73,0.51,1.44
23,2015-02-12,7.98,8.74,9.1,7.98,56468,268206509.0,13.84,8.03,0.65,2.49
24,2015-02-13,8.93,9.1,9.18,8.51,36808,174863036.0,7.67,4.12,0.36,1.62
25,2015-02-16,8.94,9.02,9.18,8.75,30821,147153958.0,4.73,-0.88,-0.08,1.36
26,2015-02-17,9.0,8.89,9.18,8.75,18650,89010082.0,4.77,-1.44,-0.13,0.82
27,2015-02-25,8.89,8.61,8.89,8.27,14185,65522370.0,6.97,-3.15,-0.28,0.63
28,2015-02-26,8.47,8.43,8.8,8.25,16469,75287442.0,6.39,-2.09,-0.18,0.73
29,2015-02-27,8.5,8.91,9.19,8.43,19993,95430018.0,9.02,5.69,0.48,0.88
30,2015-03-02,8.96,9.39,9.41,8.79,17679,86872340.0,6.96,5.39,0.48,0.78
31,2015-03-03,9.23,8.74,9.23,8.61,27094,128891245.0,6.6,-6.92,-0.65,1.2
32,2015-03-04,8.58,8.75,8.77,8.3,29204,134003587.0,5.38,0.11,0.01,1.29
33,2015-03-05,8.62,8.67,8.82,8.47,17798,82888816.0,4.0,-0.91,-0.08,0.79
34,2015-03-06,8.67,8.67,8.92,8.39,34087,158862784.0,6.11,0.0,0.0,1.5
35,2015-03-09,8.72,9.49,9.62,8.63,54028,264270269.0,11.42,9.46,0.82,2.28
36,2015-03-10,9.48,9.56,9.76,9.16,22902,114954433.0,6.32,0.74,0.07,0.97
37,2015-03-11,9.57,8.98,9.64,8.96,42537,208239398.0,7.11,-6.07,-0.58,1.8
38,2015-03-12,8.94,8.74,9.07,8.68,17191,81530408.0,4.34,-2.67,-0.24,0.73
39,2015-03-13,8.74,9.0,9.08,8.74,16162,77659783.0,3.89,2.97,0.26,0.68
40,2015-03-16,9.17,9.24,9.39,9.02,18902,93094830.0,4.11,2.67,0.24,0.8
41,2015-03-17,9.3,9.14,9.41,9.03,19848,97292094.0,4.11,-1.08,-0.1,0.84
42,2015-03-18,9.07,9.36,9.37,8.99,24193,118880304.0,4.16,2.41,0.22,1.02
43,2015-03-19,9.36,9.64,9.87,9.3,32888,167525956.0,6.09,2.99,0.28,1.39
44,2015-03-20,9.62,9.8,10.37,9.57,51282,266328246.0,8.3,1.66,0.16,2.17
45,2015-03-23,9.77,10.98,10.98,9.57,62011,338907040.0,14.39,12.04,1.18,2.62
46,2015-03-24,11.54,11.98,12.27,10.55,73694,433724464.0,15.66,9.11,1.0,3.11
47,2015-03-25,11.99,12.5,13.2,11.46,46445,292340048.0,14.52,4.34,0.52,1.96
48,2015-03-26,12.6,11.4,13.04,11.23,49750,307398288.0,14.48,-8.8,-1.1,2.1
49,2015-03-27,11.41,11.22,11.64,10.98,26117,151403813.0,5.79,-1.58,-0.18,1.1
50,2015-03-30,11.3,11.0,11.32,10.66,31755,180204968.0,5.88,-1.96,-0.22,1.34
51,2015-03-31,10.98,11.46,11.61,10.92,29217,170626619.0,6.27,4.18,0.46,1.23
52,2015-04-01,11.44,11.7,11.72,11.24,30653,181522887.0,4.19,2.09,0.24,1.29
53,2015-04-02,12.1,12.64,13.03,11.9,37522,239428365.0,9.66,8.03,0.94,1.58
54,2015-04-03,12.37,12.64,13.05,12.26,23263,149042820.0,6.25,0.0,0.0,0.98
55,2015-04-07,12.73,12.43,12.73,12.1,33269,208978566.0,4.98,-1.66,-0.21,1.4
56,2015-04-08,12.37,11.41,12.37,11.1,54380,322316368.0,10.22,-8.21,-1.02,2.3
57,2015-04-09,11.34,11.23,11.35,10.58,38336,217088398.0,6.75,-1.58,-0.18,1.62
58,2015-04-10,11.1,11.38,11.45,10.93,27563,160312335.0,4.63,1.34,0.15,1.16
59,2015-04-13,11.3,11.35,11.5,11.01,25522,148658804.0,4.31,-0.26,-0.03,1.08
60,2015-04-14,11.23,10.88,11.35,10.57,36936,207888589.0,6.87,-4.14,-0.47,1.56
61,2015-04-15,10.78,10.43,10.8,10.39,21468,117972449.0,3.77,-4.14,-0.45,0.91
62,2015-04-16,10.21,10.61,10.72,9.82,19017,103521898.0,8.63,1.73,0.18,0.8
63,2015-04-17,10.57,10.31,10.7,10.12,28570,154515499.0,5.47,-2.83,-0.3,1.21
64,2015-04-20,10.19,10.3,10.7,9.87,22292,120722647.0,8.05,-0.1,-0.01,0.94
65,2015-04-21,10.29,10.95,10.96,10.23,24294,135191924.0,7.09,6.31,0.65,1.03
66,2015-04-22,11.03,11.2,11.45,11.03,29517,171216134.0,3.84,2.28,0.25,1.25
67,2015-04-23,11.2,10.78,11.2,10.74,29218,164761013.0,4.11,-3.75,-0.42,1.23
68,2015-04-24,10.39,11.0,11.07,10.29,30366,168912274.0,7.24,2.04,0.22,1.28
69,2015-04-27,11.23,11.3,11.57,11.08,44179,258801972.0,4.45,2.73,0.3,1.87
70,2015-04-28,11.44,10.59,11.44,10.55,24918,140264366.0,7.88,-6.28,-0.71,1.05
71,2015-04-29,10.55,10.93,11.11,10.3,19864,111327724.0,7.65,3.21,0.34,0.84
72,2015-04-30,10.78,11.61,11.69,10.78,42264,250060858.0,8.33,6.22,0.68,1.78
73,2015-05-04,11.69,11.27,11.81,11.26,26691,156922443.0,4.74,-2.93,-0.34,1.13
74,2015-05-05,11.23,10.55,11.41,10.49,23035,129575921.0,8.16,-6.39,-0.72,0.97
75,2015-05-06,10.48,10.5,10.95,10.46,16818,93641452.0,4.64,-0.47,-0.05,0.71
76,2015-05-07,10.32,10.64,10.71,10.21,18157,99555550.0,4.76,1.33,0.14,0.77
77,2015-05-08,10.89,11.56,11.57,10.69,36488,212039306.0,8.27,8.65,0.92,1.54
78,2015-05-11,11.63,12.57,12.91,11.29,56135,347115040.0,14.01,8.74,1.01,2.37
79,2015-05-12,12.57,12.25,12.57,11.82,40630,251147111.0,5.97,-2.55,-0.32,1.72
80,2015-05-13,12.04,12.58,13.0,11.77,42761,270088304.0,10.04,2.69,0.33,1.81
81,2015-05-14,12.43,12.14,12.78,12.13,26134,164085226.0,5.17,-3.5,-0.44,1.1
82,2015-05-15,12.08,12.61,12.66,11.64,33996,210315711.0,8.4,3.87,0.47,1.44
83,2015-05-18,12.48,13.12,13.46,12.46,37227,246232705.0,7.93,4.04,0.51,1.57
84,2015-05-19,13.34,14.12,14.55,12.81,48167,328703376.0,13.26,7.62,1.0,2.03
85,2015-05-20,14.72,14.13,15.72,14.03,69843,521341888.0,11.97,0.07,0.01,2.95
86,2015-05-21,14.07,15.21,15.49,14.07,59175,434565120.0,10.05,7.64,1.08,2.5
87,2015-05-22,15.14,15.03,15.79,14.48,35290,262473589.0,8.61,-1.18,-0.18,1.49
88,2015-05-25,14.79,14.8,15.2,14.14,30629,223824784.0,7.05,-1.53,-0.23,1.29
89,2015-05-26,14.81,15.42,15.65,14.81,29951,227092777.0,5.68,4.19,0.62,1.26
90,2015-05-27,15.63,15.99,16.35,14.91,32363,248660378.0,9.34,3.7,0.57,1.37
91,2015-05-28,15.85,14.75,17.01,14.71,42623,333592864.0,14.38,-7.75,-1.24,1.8
92,2015-05-29,14.5,15.59,15.66,14.07,34926,261593062.0,10.78,5.69,0.84,1.47
93,2015-06-01,15.82,17.06,17.18,15.82,39553,321389520.0,8.72,9.43,1.47,1.67
94,2015-06-02,17.11,17.56,18.75,17.11,43870,380564992.0,9.61,2.93,0.5,1.85
95,2015-06-03,18.0,17.2,18.01,16.83,16901,142511947.0,6.72,-2.05,-0.36,0.71
96,2015-06-04,17.39,17.17,17.44,15.39,22881,186639333.0,11.92,-0.17,-0.03,0.97
97,2015-06-05,17.32,18.1,18.74,17.32,38461,337348272.0,8.27,5.42,0.93,1.62
98,2015-06-08,18.03,17.26,18.12,16.1,40450,330450176.0,11.16,-4.64,-0.84,1.71
99,2015-06-09,16.98,16.71,16.99,16.2,22119,179501840.0,4.58,-3.19,-0.55,0.93
100,2015-06-10,16.49,16.91,17.22,16.28,16650,137185246.0,5.63,1.2,0.2,0.7
101,2015-06-11,16.89,16.68,16.97,16.07,24422,198757758.0,5.32,-1.36,-0.23,1.03
102,2015-06-12,16.66,16.88,16.98,16.3,23997,196563642.0,4.08,1.2,0.2,1.01
103,2015-06-15,16.76,15.72,16.87,15.39,21228,167977469.0,8.77,-6.87,-1.16,0.9
104,2015-06-16,15.18,15.91,16.16,15.06,19531,151322946.0,7.0,1.21,0.19,0.82
105,2015-06-17,15.94,15.97,16.16,15.28,13336,103486895.0,5.53,0.38,0.06,0.56
106,2015-06-18,16.04,17.11,17.21,15.73,24329,199296507.0,9.27,7.14,1.14,1.03
107,2015-06-19,16.73,16.18,16.92,15.34,18573,146815828.0,9.23,-5.44,-0.93,0.78
108,2015-06-23,15.41,16.6,16.64,14.48,21441,166008607.0,13.35,2.6,0.42,0.91
109,2015-06-24,16.84,16.75,17.14,16.07,19915,161630131.0,6.45,0.9,0.15,0.84
110,2015-06-25,16.67,16.39,17.18,15.41,25280,203729982.0,10.57,-2.15,-0.36,1.07
111,2015-06-26,15.62,14.56,15.8,14.56,14939,109196732.0,7.57,-11.17,-1.83,0.63
112,2015-06-29,14.71,12.91,14.89,12.91,21642,142776487.0,13.6,-11.33,-1.65,0.91
113,2015-06-30,12.11,14.3,14.38,11.43,29427,192250193.0,22.85,10.77,1.39,1.24
114,2015-07-01,14.03,13.95,14.62,12.89,26305,183721336.0,12.1,-2.45,-0.35,1.11
115,2015-07-02,13.57,12.36,13.57,12.36,10862,70507157.0,8.67,-11.4,-1.59,0.46
116,2015-07-03,10.94,12.53,13.2,10.94,42500,245363467.0,18.28,1.38,0.17,1.79
117,2015-07-06,13.91,11.61,13.91,11.08,20170,122385777.0,22.59,-7.34,-0.92,0.85
118,2015-07-07,11.07,10.68,11.61,10.25,20673,112684685.0,11.71,-8.01,-0.93,0.87
119,2015-07-13,11.94,11.94,11.94,11.42,21709,131917106.0,4.87,11.8,1.26,0.92
120,2015-07-14,12.32,13.32,13.32,12.32,27254,178680724.0,8.38,11.56,1.38,1.15
121,2015-07-15,12.75,11.8,13.14,11.8,17142,106279248.0,10.06,-11.41,-1.52,0.72
122,2015-07-16,10.43,12.0,12.2,10.43,15788,92229212.0,15.0,1.69,0.2,0.67
123,2015-07-17,11.86,12.84,13.19,11.55,17681,111804957.0,13.67,7.0,0.84,0.75
124,2015-07-20,12.66,12.82,13.17,12.21,11987,77580404.0,7.48,-0.16,-0.02,0.51
125,2015-07-21,12.44,13.57,13.97,12.32,19826,131697693.0,12.87,5.85,0.75,0.84
126,2015-07-22,13.34,13.15,13.73,12.86,14600,97043425.0,6.41,-3.1,-0.42,0.62
127,2015-07-23,13.11,13.62,13.82,12.75,14020,93783814.0,8.14,3.57,0.47,0.59
128,2015-07-24,13.34,13.46,14.02,12.8,13491,92588262.0,8.96,-1.17,-0.16,0.57
129,2015-07-27,12.89,12.35,13.48,11.92,15712,100225170.0,11.59,-8.25,-1.11,0.66
130,2015-07-28,11.02,11.97,12.87,11.02,15263,92260890.0,14.98,-3.08,-0.38,0.64
131,2015-07-29,11.98,12.46,12.48,11.18,9481,57071128.0,10.86,4.09,0.49,0.4
132,2015-07-30,12.21,11.56,12.66,11.07,11222,69166736.0,12.76,-7.22,-0.9,0.47
133,2015-07-31,11.29,11.19,11.29,10.46,20192,112915313.0,7.18,-3.2,-0.37,0.85
134,2015-08-03,10.74,10.58,11.06,10.17,10050,55244514.0,7.95,-5.45,-0.61,0.42
135,2015-08-04,10.25,11.34,11.4,10.25,12738,71411592.0,10.87,7.18,0.76,0.54
136,2015-08-05,11.19,11.16,11.43,11.01,9579,55045950.0,3.7,-1.59,-0.18,0.4
137,2015-08-06,10.73,10.93,11.2,10.73,6159,34800463.0,4.21,-2.06,-0.23,0.26
138,2015-08-07,10.99,11.47,11.57,10.99,14384,83801197.0,5.31,4.94,0.54,0.61
139,2015-08-10,11.54,12.3,12.43,11.54,11932,73003450.0,7.76,7.24,0.83,0.5
140,2015-08-11,12.39,12.24,12.45,11.99,10040,62252228.0,3.74,-0.49,-0.06,0.42
141,2015-08-12,12.18,12.65,12.86,11.96,9595,60593157.0,7.35,3.35,0.41,0.41
142,2015-08-13,12.65,12.66,12.94,12.45,8957,57245182.0,3.87,0.08,0.01,0.38
143,2015-08-14,13.0,13.29,13.48,12.66,13210,87630294.0,6.48,4.98,0.63,0.56
144,2015-08-17,13.14,12.86,13.26,12.65,9829,63794340.0,4.59,-3.24,-0.43,0.41
145,2015-08-18,12.95,11.61,13.07,11.43,11544,72531548.0,12.75,-9.72,-1.25,0.49
146,2015-08-19,11.34,12.32,12.32,11.07,7410,44459336.0,10.77,6.12,0.71,0.31
147,2015-08-20,12.08,11.83,12.52,11.75,4396,27070886.0,6.25,-3.98,-0.49,0.19
148,2015-08-21,11.48,11.64,11.75,10.62,6409,37035245.0,9.55,-1.61,-0.19,0.27
149,2015-08-24,10.86,10.28,11.49,10.28,9250,50073261.0,10.4,-11.68,-1.36,0.39
150,2015-08-25,9.25,9.8,10.16,9.06,7093,34979453.0,10.7,-4.67,-0.48,0.3
151,2015-08-26,10.02,9.88,10.03,8.81,11807,58907895.0,12.45,0.82,0.08,0.5
152,2015-08-27,9.47,9.74,10.39,9.06,24900,125052435.0,13.46,-1.42,-0.14,1.05
153,2015-08-28,9.67,10.25,10.34,9.39,13227,68404011.0,9.75,5.24,0.51,0.56
154,2015-08-31,10.21,9.5,10.21,9.38,5477,27733430.0,8.1,-7.32,-0.75,0.23
155,2015-09-01,9.43,8.84,9.43,8.36,6030,28195377.0,11.26,-6.95,-0.66,0.25
156,2015-09-02,8.06,8.0,8.78,7.76,9625,42163771.0,11.54,-9.5,-0.84,0.41
157,2015-09-07,7.81,8.5,8.63,7.81,12956,58031300.0,10.25,6.25,0.5,0.55
158,2015-09-08,8.32,8.89,9.0,7.88,5505,24989728.0,13.18,4.59,0.39,0.23
159,2015-09-09,8.9,9.32,9.59,8.71,12155,59747473.0,9.9,4.84,0.43,0.51
160,2015-09-10,9.03,9.02,9.33,8.83,3583,17283005.0,5.36,-3.22,-0.3,0.15
161,2015-09-11,9.02,9.05,9.36,8.61,5019,24310465.0,8.31,0.33,0.03,0.21
162,2015-09-14,9.08,8.68,9.32,8.13,6884,32613727.0,13.15,-4.09,-0.37,0.29
163,2015-09-15,8.21,7.63,8.54,7.63,6220,26869363.0,10.48,-12.1,-1.05,0.26
164,2015-09-16,7.64,8.43,8.58,7.25,16294,69594863.0,17.43,10.48,0.8,0.69
165,2015-09-17,8.11,7.95,8.85,7.93,14783,66873824.0,10.91,-5.69,-0.48,0.62
166,2015-09-18,7.93,7.81,8.19,7.44,9300,39511956.0,9.43,-1.76,-0.14,0.39
167,2015-09-21,7.65,8.44,8.47,7.65,11839,52521546.0,10.5,8.07,0.63,0.5
168,2015-09-22,8.74,8.95,9.12,8.43,22237,105191674.0,8.18,6.04,0.51,0.94
169,2015-09-23,8.66,8.76,8.99,8.58,6058,28369054.0,4.58,-2.12,-0.19,0.26
170,2015-09-24,8.63,8.97,8.98,8.54,9589,45050840.0,5.02,2.4,0.21,0.4
171,2015-09-25,8.98,8.77,9.05,8.44,6857,32243729.0,6.8,-2.23,-0.2,0.29
172,2015-09-28,8.79,9.37,9.43,8.45,7890,37867830.0,11.17,6.84,0.6,0.33
173,2015-09-29,9.02,9.38,9.59,8.97,7562,37408723.0,6.62,0.11,0.01,0.32
174,2015-09-30,9.13,9.35,9.61,9.13,4883,24205579.0,5.12,-0.32,-0.03,0.21
175,2015-10-08,9.51,9.96,10.11,9.51,4466,23190013.0,6.42,6.52,0.61,0.19
176,2015-10-09,10.04,10.02,10.04,9.71,3058,15882551.0,3.31,0.6,0.06,0.13
177,2015-10-12,10.38,10.19,11.14,10.16,10675,58929895.0,9.78,1.7,0.17,0.45
178,2015-10-13,10.2,10.3,10.56,10.16,7992,43096376.0,3.93,1.08,0.11,0.34
179,2015-10-14,10.2,10.16,10.42,9.97,8407,44780610.0,4.37,-1.36,-0.14,0.35
180,2015-10-15,10.04,10.4,10.44,9.97,15524,83194805.0,4.63,2.36,0.24,0.66
181,2015-10-16,10.42,10.51,10.59,10.17,9573,51801942.0,4.04,1.06,0.11,0.4
182,2015-10-19,10.61,11.75,11.75,10.39,18998,109882067.0,12.94,11.8,1.24,0.8
183,2015-10-20,11.76,12.36,12.77,11.29,16604,102035423.0,12.6,5.19,0.61,0.7
184,2015-10-21,12.86,12.0,12.93,11.52,26280,163286550.0,11.41,-2.91,-0.36,1.11
185,2015-10-22,11.88,12.4,12.65,11.54,15940,98154450.0,9.25,3.33,0.4,0.67
186,2015-10-23,12.56,12.22,12.56,11.75,12679,78007734.0,6.53,-1.45,-0.18,0.54
187,2015-10-26,12.21,11.96,12.42,11.77,10224,62415092.0,5.32,-2.13,-0.26,0.43
188,2015-10-27,11.75,11.85,12.11,11.11,7803,46584575.0,8.36,-0.92,-0.11,0.33
189,2015-10-28,11.7,12.16,12.89,11.7,12182,74718961.0,10.04,2.62,0.31,0.51
190,2015-10-29,12.33,11.88,12.42,11.51,5476,33211532.0,7.48,-2.3,-0.28,0.23
191,2015-10-30,11.75,11.92,12.4,11.49,6682,41044106.0,7.66,0.34,0.04,0.28
192,2015-11-02,11.85,12.37,12.84,11.65,14558,91523042.0,9.98,3.78,0.45,0.61
193,2015-11-03,12.34,12.43,12.83,12.18,16135,101646588.0,5.25,0.49,0.06,0.68
194,2015-11-04,12.23,13.56,13.57,12.18,26481,172276059.0,11.18,9.09,1.13,1.12
195,2015-11-05,13.52,13.12,13.93,12.96,17661,118740080.0,7.15,-3.24,-0.44,0.75
196,2015-11-06,13.13,13.5,13.81,12.96,9335,63202313.0,6.48,2.9,0.38,0.39
197,2015-11-09,13.34,13.72,14.25,13.34,20039,136556652.0,6.74,1.63,0.22,0.85
198,2015-11-10,14.03,13.72,14.4,13.35,20255,141583830.0,7.65,0.0,0.0,0.86
199,2015-11-11,13.57,14.19,14.39,13.34,15949,110620827.0,7.65,3.43,0.47,0.67
200,2015-11-12,14.06,13.72,14.25,13.32,12704,86473355.0,6.55,-3.31,-0.47,0.54
201,2015-11-13,13.34,13.11,13.55,12.9,9283,61627477.0,4.74,-4.45,-0.61,0.39
202,2015-11-16,12.71,13.46,13.48,12.58,12314,80461639.0,6.86,2.67,0.35,0.52
203,2015-11-17,13.46,13.44,13.83,13.04,13419,90701119.0,5.87,-0.15,-0.02,0.57
204,2015-11-18,13.53,13.05,13.53,13.01,5046,33529536.0,3.87,-2.9,-0.39,0.21
205,2015-11-19,13.13,13.83,14.34,13.05,4986,33664700.0,9.89,5.98,0.78,0.21
206,2015-11-20,13.8,13.86,14.18,13.57,7663,53219513.0,4.41,0.22,0.03,0.32
207,2015-11-23,13.8,13.45,13.9,13.34,4459,30577903.0,4.04,-2.96,-0.41,0.19
208,2015-11-24,13.27,13.66,13.75,13.05,4463,29894506.0,5.2,1.56,0.21,0.19
209,2015-11-25,15.05,14.07,15.05,13.92,9476,67464575.0,8.27,3.0,0.41,0.4
210,2015-11-26,14.32,13.63,14.32,13.6,6119,42038952.0,5.12,-3.13,-0.44,0.26
211,2015-11-27,13.57,12.64,13.57,12.43,7532,49171571.0,8.36,-7.26,-0.99,0.32
212,2015-11-30,12.64,12.35,12.89,11.75,7767,48962194.0,9.02,-2.29,-0.29,0.33
213,2015-12-01,12.52,12.25,12.77,11.64,12130,75609986.0,9.15,-0.81,-0.1,0.51
214,2015-12-02,12.09,11.98,12.2,11.07,14855,88463013.0,9.22,-2.2,-0.27,0.63
215,2015-12-03,11.84,12.74,12.88,11.79,10978,68366972.0,9.1,6.34,0.76,0.46
216,2015-12-04,12.66,12.53,13.11,12.27,8988,57631473.0,6.59,-1.65,-0.21,0.38
217,2015-12-07,12.39,12.81,12.88,12.39,4174,26597756.0,3.91,2.23,0.28,0.18
218,2015-12-08,12.73,12.77,12.88,12.23,6962,44627873.0,5.07,-0.31,-0.04,0.29
219,2015-12-09,12.66,12.79,13.0,12.53,3675,23688034.0,3.68,0.16,0.02,0.16
220,2015-12-10,12.82,12.91,13.27,12.66,7963,52292986.0,4.77,0.94,0.12,0.34
221,2015-12-11,12.73,12.53,13.0,12.39,3829,24516132.0,4.73,-2.94,-0.38,0.16
222,2015-12-14,12.39,12.39,12.65,11.98,5022,31173610.0,5.35,-1.12,-0.14,0.21
223,2015-12-15,12.25,12.42,12.61,12.25,5120,32230222.0,2.91,0.24,0.03,0.22
224,2015-12-16,12.36,12.35,12.5,12.14,5863,36609140.0,2.9,-0.56,-0.07,0.25
225,2015-12-17,12.35,13.11,13.11,12.3,11503,74065193.0,6.56,6.15,0.76,0.49
226,2015-12-18,13.11,12.88,13.11,11.61,9325,60417023.0,11.44,-1.75,-0.23,0.39
227,2015-12-21,12.63,12.66,12.86,12.57,7169,45971115.0,2.25,-1.71,-0.22,0.3
228,2015-12-22,12.63,12.83,13.02,12.62,10863,70122514.0,3.16,1.34,0.17,0.46
229,2015-12-23,12.89,12.31,12.93,12.27,8849,56226193.0,5.14,-4.05,-0.52,0.37
230,2015-12-24,12.25,12.1,12.35,11.77,6705,40945532.0,4.71,-1.71,-0.21,0.28
231,2015-12-25,12.1,12.22,12.38,11.99,3871,24051609.0,3.22,0.99,0.12,0.16
232,2015-12-28,12.16,11.77,12.43,11.7,5002,30831673.0,5.97,-3.68,-0.45,0.21
233,2015-12-29,11.81,11.47,12.14,11.22,14414,84331683.0,7.82,-2.55,-0.3,0.61
234,2015-12-30,11.5,11.3,11.62,11.12,24254,141277842.0,4.36,-1.48,-0.17,1.02
235,2015-12-31,11.31,11.25,11.49,11.1,16733,96991534.0,3.45,-0.44,-0.05,0.71
236,2016-01-04,11.18,9.98,11.28,9.95,9584,51785724.0,11.82,-11.29,-1.27,0.4
237,2016-01-05,9.33,9.48,10.02,9.06,11195,56728619.0,9.62,-5.01,-0.5,0.47
238,2016-01-06,9.59,9.86,9.92,9.41,11557,58754859.0,5.38,4.01,0.38,0.49
239,2016-01-07,9.64,8.69,9.64,8.69,2031,9792476.0,9.63,-11.87,-1.17,0.09
240,2016-01-08,9.0,8.82,9.04,8.11,8459,39704279.0,10.7,1.5,0.13,0.36
241,2016-01-11,8.49,7.94,8.84,7.85,10619,48059529.0,11.22,-9.98,-0.88,0.45
242,2016-01-12,7.98,8.08,8.54,7.61,15341,66775217.0,11.71,1.76,0.14,0.65
243,2016-01-13,8.18,7.64,8.18,7.62,11253,48444022.0,6.93,-5.45,-0.44,0.48
244,2016-01-14,7.31,8.18,8.22,7.17,17149,71857079.0,13.74,7.07,0.54,0.72
245,2016-01-15,8.06,7.31,8.06,7.19,16383,68248648.0,10.64,-10.64,-0.87,0.69
246,2016-01-18,6.97,7.54,7.87,6.95,23932,99371181.0,12.59,3.15,0.23,1.01
247,2016-01-19,7.57,8.03,8.06,7.34,19370,81472148.0,9.55,6.5,0.49,0.82
248,2016-01-20,7.97,7.88,8.09,7.77,14952,64727862.0,3.99,-1.87,-0.15,0.63
249,2016-01-21,7.71,7.69,8.22,7.54,15308,65863859.0,8.63,-2.41,-0.19,0.65
250,2016-01-22,7.81,7.91,7.92,7.54,9730,41169106.0,4.94,2.86,0.22,0.41
251,2016-01-25,7.92,7.77,8.11,7.65,12846,55069182.0,5.82,-1.77,-0.14,0.54
252,2016-01-26,7.57,7.2,7.74,6.8,14347,57536237.0,12.1,-7.34,-0.57,0.61
253,2016-01-27,7.08,7.4,7.87,6.53,20049,76643036.0,18.61,2.78,0.2,0.85
254,2016-01-28,7.08,6.95,7.2,6.83,6157,24130841.0,5.0,-6.08,-0.45,0.26
255,2016-01-29,6.81,7.36,7.47,6.69,17878,70807774.0,11.22,5.9,0.41,0.75
256,2016-02-01,7.26,7.01,7.33,6.86,12951,51204788.0,6.39,-4.76,-0.35,0.55
257,2016-02-02,6.99,7.46,7.57,6.99,18252,74472931.0,8.27,6.42,0.45,0.77
258,2016-02-03,7.28,7.47,7.48,7.13,12395,50180551.0,4.69,0.13,0.01,0.52
259,2016-02-04,7.47,7.9,7.99,7.47,17514,74814168.0,6.96,5.76,0.43,0.74
260,2016-02-05,7.77,7.81,7.94,7.69,7109,30348418.0,3.16,-1.14,-0.09,0.3
261,2016-02-15,7.58,7.77,7.85,7.23,5473,22831833.0,7.94,-0.51,-0.04,0.23
262,2016-02-16,7.81,8.17,8.22,7.81,14022,61797282.0,5.28,5.15,0.4,0.59
263,2016-02-17,8.19,8.26,8.28,8.0,12468,54904861.0,3.43,1.1,0.09,0.53
264,2016-02-18,8.36,8.05,8.54,7.99,14908,66565733.0,6.66,-2.54,-0.21,0.63
265,2016-02-19,8.06,8.3,8.47,7.85,12925,57270375.0,7.7,3.11,0.25,0.55
266,2016-02-22,8.52,8.41,8.59,8.18,11193,50353443.0,4.94,1.33,0.11,0.47
267,2016-02-23,8.47,8.11,8.54,7.99,10050,44562485.0,6.54,-3.57,-0.3,0.42
268,2016-02-24,8.07,7.97,8.15,7.74,11194,48261709.0,5.06,-1.73,-0.14,0.47
269,2016-02-25,7.95,6.98,7.96,6.98,15700,63465292.0,12.3,-12.42,-0.99,0.66
270,2016-02-26,6.98,6.68,7.08,6.53,19636,74390654.0,7.88,-4.3,-0.3,0.83
271,2016-02-29,6.63,6.0,6.63,5.83,13786,48286527.0,11.98,-10.18,-0.68,0.58
272,2016-03-01,5.97,6.0,6.08,5.44,29980,100859248.0,10.67,0.0,0.0,1.27
273,2016-03-02,5.83,6.41,6.51,5.79,24003,84637129.0,12.0,6.83,0.41,1.01
274,2016-03-03,6.33,6.4,6.74,6.29,32181,119629425.0,7.02,-0.16,-0.01,1.36
275,2016-03-04,6.36,5.84,6.4,5.64,21775,75686872.0,11.88,-8.75,-0.56,0.92
276,2016-03-07,5.88,5.98,6.21,5.88,16591,57962161.0,5.65,2.4,0.14,0.7
277,2016-03-08,5.97,6.1,6.17,5.54,17010,58141605.0,10.54,2.01,0.12,0.72
278,2016-03-09,6.01,5.92,6.1,5.84,9281,32098101.0,4.26,-2.95,-0.18,0.39
279,2016-03-10,6.0,5.79,6.05,5.67,9624,32831573.0,6.42,-2.2,-0.13,0.41
280,2016-03-11,5.61,5.79,5.83,5.58,7930,26663525.0,4.32,0.0,0.0,0.33
281,2016-03-14,5.85,6.36,6.37,5.85,23616,84487444.0,8.98,9.84,0.57,1.0
282,2016-03-15,6.3,6.21,6.35,6.15,13945,49877302.0,3.14,-2.36,-0.15,0.59
283,2016-03-16,6.28,6.01,6.33,5.95,14111,49658076.0,6.12,-3.22,-0.2,0.6
284,2016-03-17,6.07,6.49,6.56,5.97,23480,85142764.0,9.82,7.99,0.48,0.99
285,2016-03-18,6.51,6.97,7.19,6.48,31673,122246957.0,10.94,7.4,0.48,1.34
286,2016-03-21,7.11,7.51,7.52,7.02,36486,146313093.0,7.17,7.75,0.54,1.54
287,2016-03-22,7.2,7.4,7.58,7.17,22073,89747333.0,5.46,-1.46,-0.11,0.93
288,2016-03-23,7.31,8.06,8.08,7.3,36585,155388057.0,10.54,8.92,0.66,1.54
289,2016-03-24,8.31,8.21,8.56,8.03,90403,405560752.0,6.58,1.86,0.15,3.82
290,2016-03-25,7.96,7.73,8.1,7.61,35747,153207211.0,5.97,-5.85,-0.48,1.51
291,2016-03-28,7.7,7.41,7.9,7.36,25825,108622301.0,6.99,-4.14,-0.32,1.09
292,2016-03-29,7.47,7.14,7.51,6.97,32715,131038378.0,7.29,-3.64,-0.27,1.38
293,2016-03-30,7.21,7.67,7.71,7.2,39754,162861026.0,7.14,7.42,0.53,1.68
294,2016-03-31,7.86,7.65,7.86,7.63,38114,161468426.0,3.0,-0.26,-0.02,1.61
295,2016-04-01,7.62,7.43,7.62,7.26,26831,109610428.0,4.71,-2.88,-0.22,1.13
296,2016-04-05,7.37,7.79,7.81,7.31,38766,161871668.0,6.73,4.85,0.36,1.64
297,2016-04-06,7.65,7.96,8.02,7.64,38130,163841241.0,4.88,2.18,0.17,1.61
298,2016-04-07,8.0,7.73,8.05,7.73,35883,154367981.0,4.02,-2.89,-0.23,1.52
299,2016-04-08,7.65,7.53,7.72,7.39,23510,97122173.0,4.27,-2.59,-0.2,0.99
300,2016-04-11,7.63,7.76,7.81,7.56,22984,97052382.0,3.32,3.05,0.23,0.97
301,2016-04-12,7.76,7.56,7.76,7.46,23496,97736796.0,3.87,-2.58,-0.2,0.99
302,2016-04-13,7.65,7.71,7.91,7.56,29066,123824564.0,4.63,1.98,0.15,1.23
303,2016-04-14,7.82,7.78,7.82,7.6,23726,100225433.0,2.85,0.91,0.07,1.0
304,2016-04-15,7.78,7.8,8.03,7.75,31794,136570623.0,3.6,0.26,0.02,1.34
305,2016-04-18,7.66,7.64,7.7,7.52,16807,70160311.0,2.31,-2.05,-0.16,0.71
306,2016-04-19,7.65,7.47,7.73,7.45,22771,94500685.0,3.66,-2.23,-0.17,0.96
307,2016-04-20,7.53,6.71,7.55,6.54,37264,144894871.0,13.52,-10.17,-0.76,1.57
308,2016-04-21,6.72,6.54,6.76,6.53,19438,73083595.0,3.43,-2.53,-0.17,0.82
309,2016-04-22,6.47,6.65,6.69,6.43,11951,44716991.0,3.98,1.68,0.11,0.5
310,2016-04-25,6.61,6.97,6.99,6.52,20632,78827525.0,7.07,4.81,0.32,0.87
311,2016-04-26,6.88,6.97,7.07,6.84,13421,51910066.0,3.3,0.0,0.0,0.57
312,2016-04-27,6.97,6.86,7.04,6.82,10109,39071319.0,3.16,-1.58,-0.11,0.43
313,2016-04-28,6.95,6.82,6.96,6.58,11708,44634895.0,5.54,-0.58,-0.04,0.49
314,2016-04-29,6.82,6.95,7.03,6.81,13185,51201788.0,3.23,1.91,0.13,0.56
315,2016-05-03,6.99,7.4,7.43,6.99,21105,84879629.0,6.33,6.47,0.45,0.89
316,2016-05-04,7.53,7.72,7.77,7.45,28061,117381788.0,4.32,4.32,0.32,1.18
317,2016-05-05,7.7,8.11,8.19,7.55,50461,217335658.0,8.29,5.05,0.39,2.13
318,2016-05-06,8.19,7.38,8.19,7.34,54237,229516549.0,10.48,-9.0,-0.73,2.29
319,2016-05-09,7.48,7.82,8.31,7.39,93435,202412380.0,12.47,5.96,0.44,1.97
320,2016-05-10,7.03,6.85,7.14,6.85,107506,206798814.0,3.71,-12.4,-0.97,2.27
321,2016-05-11,6.71,6.28,6.78,6.25,73490,134566613.0,7.74,-8.32,-0.57,1.55
322,2016-05-12,6.05,6.05,6.16,5.71,56125,95869943.0,7.17,-3.66,-0.23,1.18
323,2016-05-13,5.97,6.1,6.32,5.97,47959,84650673.0,5.79,0.83,0.05,1.01
324,2016-05-16,5.89,6.22,6.28,5.84,34985,61439546.0,7.21,1.97,0.12,0.74
325,2016-05-17,6.21,6.28,6.52,6.02,45180,80514105.0,8.04,0.96,0.06,0.95
326,2016-05-18,6.13,5.88,6.22,5.68,42881,73242428.0,8.6,-6.37,-0.4,0.91
327,2016-05-19,5.86,5.96,6.33,5.86,46941,82175305.0,7.99,1.36,0.08,0.99
328,2016-05-20,5.84,6.08,6.09,5.71,26610,45688021.0,6.38,2.01,0.12,0.56
329,2016-05-23,6.12,6.16,6.3,6.12,33383,59015240.0,2.96,1.32,0.08,0.7
330,2016-05-24,6.18,6.18,6.28,6.07,33493,59115042.0,3.41,0.32,0.02,0.71
331,2016-05-25,6.28,6.21,6.6,6.18,64618,116669716.0,6.8,0.49,0.03,1.36
332,2016-05-26,6.14,6.28,6.28,5.83,43197,75145792.0,7.25,1.13,0.07,0.91
333,2016-05-27,6.24,6.14,6.28,5.93,29505,52029694.0,5.57,-2.23,-0.14,0.62
334,2016-05-30,6.07,6.12,6.28,6.05,26310,46438881.0,3.75,-0.33,-0.02,0.56
335,2016-05-31,6.13,6.76,6.91,6.13,80750,148896828.0,12.75,10.46,0.64,1.7
336,2016-06-01,6.81,6.81,7.14,6.77,80561,155559537.0,5.47,0.74,0.05,1.7
337,2016-06-02,6.86,6.99,6.99,6.73,47750,91712534.0,3.82,2.64,0.18,1.01
338,2016-06-03,7.1,6.9,7.11,6.84,45411,87836152.0,3.86,-1.29,-0.09,0.96
339,2016-06-06,6.9,6.8,7.0,6.74,34043,65152098.0,3.77,-1.45,-0.1,0.72
340,2016-06-07,6.8,6.76,6.84,6.66,28769,54237555.0,2.65,-0.59,-0.04,0.61
341,2016-06-08,6.78,6.78,6.84,6.71,28835,54696976.0,1.92,0.3,0.02,0.61
342,2016-06-13,6.51,5.99,6.64,5.96,38420,69666710.0,10.03,-11.65,-0.79,0.81
343,2016-06-14,5.99,5.98,6.1,5.89,31272,53714214.0,3.51,-0.17,-0.01,0.66
344,2016-06-15,5.91,6.26,6.33,5.84,32962,58085348.0,8.19,4.68,0.28,0.7
345,2016-06-16,6.25,6.07,6.25,6.05,30041,52617765.0,3.19,-3.04,-0.19,0.63
346,2016-06-17,6.11,6.16,6.28,6.08,26601,46939494.0,3.29,1.48,0.09,0.56
347,2016-06-20,6.54,6.34,6.55,6.24,32300,58259020.0,5.03,2.92,0.18,0.68
348,2016-06-21,6.38,6.24,6.62,6.15,37088,67421396.0,7.41,-1.58,-0.1,0.78
349,2016-06-22,6.25,6.44,6.46,6.09,33639,60352151.0,5.93,3.21,0.2,0.71
350,2016-06-23,6.38,6.53,6.64,6.35,38780,71270929.0,4.5,1.4,0.09,0.82
351,2016-06-24,6.53,6.3,6.62,6.1,46579,83943510.0,7.96,-3.52,-0.23,0.98
352,2016-06-27,6.63,7.12,7.12,6.63,81271,158011897.0,7.78,13.02,0.82,1.72
353,2016-06-28,7.39,8.01,8.01,7.35,184693,394662624.0,9.27,12.5,0.89,3.9
354,2016-06-29,8.07,7.88,8.13,7.71,175188,374793456.0,5.24,-1.62,-0.13,3.7
355,2016-06-30,7.73,8.31,8.6,7.63,190444,417684576.0,12.31,5.46,0.43,4.02
356,2016-07-01,8.35,9.02,9.32,8.19,190337,450418912.0,13.6,8.54,0.71,4.02
357,2016-07-04,8.96,9.23,9.28,8.77,158449,377825280.0,5.65,2.33,0.21,3.34
358,2016-07-05,9.08,8.89,9.08,8.8,127798,301527600.0,3.03,-3.68,-0.34,2.7
359,2016-07-06,8.89,8.83,9.12,8.72,83665,197441923.0,4.5,-0.67,-0.06,1.77
360,2016-07-07,8.72,8.69,8.89,8.51,95414,219832857.0,4.3,-1.59,-0.14,2.01
361,2016-07-08,8.67,8.68,8.78,8.57,67064,155317353.0,2.42,-0.12,-0.01,1.42
362,2016-07-11,8.74,8.37,8.77,8.31,99208,225488920.0,5.3,-3.57,-0.31,2.09
363,2016-07-12,8.42,8.88,8.89,8.12,136096,309975600.0,9.2,6.09,0.51,2.87
364,2016-07-13,8.83,8.71,9.03,8.63,89397,208276059.0,4.5,-1.91,-0.17,1.89
365,2016-07-14,8.68,8.68,8.78,8.52,52888,121664194.0,2.99,-0.34,-0.03,1.12
366,2016-07-15,8.76,8.38,8.84,8.33,52878,121007354.0,5.88,-3.46,-0.3,1.12
367,2016-07-18,8.31,8.4,8.53,8.22,33560,75661049.0,3.7,0.24,0.02,0.71
368,2016-07-19,8.4,9.02,9.05,8.28,89684,206692642.0,9.17,7.38,0.62,1.89
369,2016-07-20,8.92,9.43,9.89,8.87,187019,460330848.0,11.31,4.55,0.41,3.95
370,2016-07-21,9.31,9.32,9.64,9.22,111654,276210864.0,4.45,-1.17,-0.11,2.36
371,2016-07-22,9.26,9.96,10.06,9.18,153779,390342368.0,9.44,6.87,0.64,3.25
372,2016-07-25,10.09,9.89,10.39,9.71,136044,354245248.0,6.83,-0.7,-0.07,2.87
373,2016-07-26,9.74,9.72,9.89,9.44,85594,216647004.0,4.55,-1.72,-0.17,1.81
374,2016-07-27,9.74,8.56,9.8,8.56,120490,288926496.0,12.76,-11.93,-1.16,2.54
375,2016-07-28,8.57,8.4,8.67,7.82,96897,215425654.0,9.93,-1.87,-0.16,2.05
376,2016-07-29,8.56,8.07,8.61,8.03,68324,150971939.0,6.9,-3.93,-0.33,1.44
377,2016-08-01,8.11,8.14,8.16,7.71,54330,116723033.0,5.58,0.87,0.07,1.15
378,2016-08-02,8.15,8.21,8.24,8.04,47340,104048811.0,2.46,0.86,0.07,1.0
379,2016-08-03,8.17,8.17,8.21,7.99,44849,98098717.0,2.68,-0.49,-0.04,0.95
380,2016-08-04,8.14,8.51,8.6,8.01,74421,167150983.0,7.22,4.16,0.34,1.57
381,2016-08-05,8.52,8.22,8.52,8.21,47407,106130578.0,3.64,-3.41,-0.29,1.0
382,2016-08-08,8.17,8.26,8.28,7.94,33219,72660594.0,4.14,0.49,0.04,0.7
383,2016-08-09,8.27,8.42,8.46,8.22,39203,87764650.0,2.91,1.94,0.16,0.83
384,2016-08-10,8.44,8.3,8.52,8.28,39468,88925770.0,2.85,-1.43,-0.12,0.83
385,2016-08-11,8.29,8.03,8.37,8.02,35045,77055813.0,4.22,-3.25,-0.27,0.74
386,2016-08-12,7.95,8.17,8.21,7.95,29775,64975263.0,3.24,1.74,0.14,0.63
387,2016-08-15,8.17,8.62,8.78,8.04,74159,168746426.0,9.06,5.51,0.45,1.57
388,2016-08-16,8.75,8.57,8.75,8.53,50670,116700371.0,2.55,-0.58,-0.05,1.07
389,2016-08-17,8.53,8.59,8.66,8.43,37008,84453651.0,2.68,0.23,0.02,0.78
390,2016-08-18,8.59,9.04,9.37,8.53,98476,233226996.0,9.78,5.24,0.45,2.08
391,2016-08-19,8.98,9.62,9.64,8.9,140445,344560976.0,8.19,6.42,0.58,2.96
392,2016-08-22,9.48,8.83,9.48,8.74,129284,311216976.0,7.69,-8.21,-0.79,2.73
393,2016-08-23,8.77,8.59,8.93,8.47,72776,168019524.0,5.21,-2.72,-0.24,1.54
394,2016-08-24,8.62,8.8,8.99,8.6,56357,132336297.0,4.54,2.44,0.21,1.19
395,2016-08-25,8.62,8.68,8.71,8.47,44922,102929371.0,2.73,-1.36,-0.12,0.95
396,2016-08-26,8.68,9.08,9.14,8.68,83924,200220591.0,5.3,4.61,0.4,1.77
397,2016-08-29,9.03,9.1,9.17,8.91,52862,126225070.0,2.86,0.22,0.02,1.12
398,2016-08-30,9.19,8.82,9.44,8.76,74788,178360510.0,7.47,-3.08,-0.28,1.58
399,2016-08-31,8.83,8.94,9.02,8.67,41263,97140419.0,3.97,1.36,0.12,0.87
400,2016-09-01,8.94,8.95,9.2,8.8,77762,186758716.0,4.47,0.11,0.01,1.64
401,2016-09-02,8.78,8.71,8.98,8.7,44092,103221711.0,3.13,-2.68,-0.24,0.93
402,2016-09-05,8.79,8.67,8.94,8.62,29808,69362194.0,3.67,-0.46,-0.04,0.63
403,2016-09-06,8.67,8.76,8.82,8.47,54625,125497986.0,4.04,1.04,0.09,1.15
404,2016-09-07,8.76,8.87,9.07,8.67,68544,161821988.0,4.57,1.26,0.11,1.45
405,2016-09-08,8.82,8.82,8.95,8.76,30109,70681015.0,2.14,-0.56,-0.05,0.64
406,2016-09-09,8.84,8.66,8.92,8.66,41125,96156520.0,2.95,-1.81,-0.16,0.87
407,2016-09-12,8.39,8.14,8.47,8.13,56232,124987557.0,3.93,-6.0,-0.52,1.19
408,2016-09-13,8.23,8.21,8.27,8.15,24303,53622109.0,1.47,0.86,0.07,0.51
409,2016-09-14,8.13,8.23,8.57,7.98,32958,73989983.0,7.19,0.24,0.02,0.7
410,2016-09-19,8.48,8.54,8.84,8.48,60779,139766105.0,4.37,3.77,0.31,1.28
411,2016-09-20,8.49,8.76,8.77,8.49,47865,110293281.0,3.28,2.58,0.22,1.01
412,2016-09-21,8.65,8.6,8.76,8.53,44623,102659274.0,2.63,-1.83,-0.16,0.94
413,2016-09-22,8.76,8.63,8.8,8.61,31384,72686854.0,2.21,0.35,0.03,0.66
414,2016-09-23,8.72,8.65,8.79,8.63,30291,70150390.0,1.85,0.23,0.02,0.64
415,2016-09-26,8.62,8.22,8.66,8.21,36389,81858581.0,5.2,-4.97,-0.43,0.77
416,2016-09-27,8.19,8.31,8.32,8.12,24168,53432925.0,2.43,1.09,0.09,0.51
417,2016-09-28,8.26,8.28,8.39,8.26,15220,33996665.0,1.56,-0.36,-0.03,0.32
418,2016-09-29,8.31,8.28,8.37,8.26,13022,29080296.0,1.33,0.0,0.0,0.27
419,2016-09-30,8.3,8.28,8.3,8.23,13109,29123878.0,0.85,0.0,0.0,0.28
420,2016-10-10,8.51,8.66,8.77,8.51,47399,109256917.0,3.14,4.59,0.38,1.0
421,2016-10-11,8.62,8.82,8.98,8.51,65796,153211732.0,5.43,1.85,0.16,1.39
422,2016-10-12,8.64,8.69,8.79,8.57,36606,84740941.0,2.49,-1.47,-0.13,0.77
423,2016-10-13,8.68,8.71,8.78,8.62,26194,60713662.0,1.84,0.23,0.02,0.55
424,2016-10-14,8.71,8.56,8.71,8.5,26094,59713687.0,2.41,-1.72,-0.15,0.55
425,2016-10-17,8.54,8.4,8.67,8.32,20340,46187330.0,4.09,-1.87,-0.16,0.43
426,2016-10-18,8.4,8.47,8.52,8.32,29469,66573422.0,2.38,0.83,0.07,0.62
427,2016-10-19,8.51,8.33,8.57,8.32,32784,73944862.0,2.95,-1.65,-0.14,0.69
428,2016-10-20,8.33,8.32,8.44,8.26,23738,53066501.0,2.16,-0.12,-0.01,0.5
429,2016-10-21,8.35,8.1,8.37,7.98,70865,155429198.0,4.69,-2.64,-0.22,1.42
430,2016-10-24,8.12,8.16,8.27,8.08,48129,106038624.0,2.35,0.74,0.06,0.97
431,2016-10-25,8.17,8.15,8.28,8.09,36248,79754563.0,2.33,-0.12,-0.01,0.73
432,2016-10-26,8.16,8.27,8.28,8.11,40359,89030474.0,2.09,1.47,0.12,0.81
433,2016-10-27,8.26,8.17,8.26,8.16,24131,53239988.0,1.21,-1.21,-0.1,0.48
434,2016-10-28,8.19,7.87,8.21,7.86,39302,85324719.0,4.28,-3.67,-0.3,0.79
435,2016-10-31,7.85,7.57,7.85,7.46,56437,116806513.0,4.96,-3.81,-0.3,1.13
436,2016-11-01,7.62,7.69,7.73,7.57,25163,52642003.0,2.11,1.59,0.12,0.51
437,2016-11-02,7.69,7.6,7.69,7.54,20220,42007077.0,1.95,-1.17,-0.09,0.41
438,2016-11-03,7.54,7.58,7.71,7.51,23471,48759075.0,2.63,-0.26,-0.02,0.47
439,2016-11-04,7.58,7.49,7.65,7.47,24808,51107827.0,2.37,-1.19,-0.09,0.5
440,2016-11-07,7.49,7.66,7.7,7.48,23890,49770715.0,2.94,2.27,0.17,0.48
441,2016-11-08,7.66,7.65,7.71,7.62,17373,36302723.0,1.17,-0.13,-0.01,0.35
442,2016-11-09,7.69,7.51,7.7,7.38,27951,57764446.0,4.18,-1.83,-0.14,0.56
443,2016-11-10,7.61,7.63,7.68,7.6,20053,41796984.0,1.07,1.6,0.12,0.4
444,2016-11-11,7.64,7.61,7.66,7.58,27018,56228638.0,1.05,-0.26,-0.02,0.54
445,2016-11-14,7.64,7.75,7.81,7.57,31640,66516589.0,3.15,1.84,0.14,0.64
446,2016-11-15,7.71,7.73,7.76,7.53,26956,56288721.0,2.97,-0.26,-0.02,0.54
447,2016-11-16,7.78,7.75,7.84,7.73,29692,62752851.0,1.42,0.26,0.02,0.6
448,2016-11-17,7.72,7.62,7.73,7.55,24943,51789185.0,2.32,-1.68,-0.13,0.5
449,2016-11-18,7.62,7.62,7.65,7.57,16502,34329302.0,1.05,0.0,0.0,0.33
450,2016-11-21,7.71,7.65,7.71,7.54,15824,32996583.0,2.23,0.39,0.03,0.32
451,2016-11-22,7.6,7.73,7.82,7.58,23019,48334448.0,3.14,1.05,0.08,0.46
452,2016-11-23,7.73,7.65,7.8,7.65,29328,61591938.0,1.94,-1.03,-0.08,0.59
453,2016-11-24,7.61,7.4,7.67,7.33,38506,79051546.0,4.44,-3.27,-0.25,0.77
454,2016-11-25,7.32,7.78,7.79,7.32,58170,120885548.0,6.35,5.14,0.38,1.17
455,2016-11-28,7.81,7.73,7.97,7.71,41353,87654078.0,3.34,-0.64,-0.05,0.83
456,2016-11-29,7.73,7.52,7.73,7.51,25470,52965315.0,2.85,-2.72,-0.21,0.51
457,2016-11-30,7.48,7.54,7.7,7.44,23436,48358704.0,3.46,0.27,0.02,0.47
458,2016-12-01,7.54,7.57,7.63,7.51,22970,47508801.0,1.59,0.4,0.03,0.46
459,2016-12-02,7.52,7.3,7.59,7.28,28975,58794991.0,4.1,-3.57,-0.27,0.58
460,2016-12-05,7.25,7.31,7.4,7.21,15813,31857182.0,2.6,0.14,0.01,0.32
461,2016-12-06,7.32,7.35,7.41,7.32,12893,26111604.0,1.23,0.55,0.04,0.26
462,2016-12-07,7.36,7.45,7.45,7.35,13711,27880014.0,1.36,1.36,0.1,0.28
463,2016-12-08,7.52,7.31,7.53,7.3,19816,40038320.0,3.09,-1.88,-0.14,0.4
464,2016-12-09,7.31,7.26,7.37,7.22,19986,40102633.0,2.05,-0.68,-0.05,0.4
465,2016-12-12,7.26,6.74,7.26,6.74,33594,65190984.0,7.16,-7.16,-0.52,0.67
466,2016-12-13,6.74,6.64,6.75,6.31,34158,62905301.0,6.53,-1.48,-0.1,0.69
467,2016-12-14,6.64,6.53,6.64,6.37,23856,43851401.0,4.07,-1.66,-0.11,0.48
468,2016-12-15,6.53,6.58,6.69,6.44,12853,23869288.0,3.83,0.77,0.05,0.26
469,2016-12-16,6.58,6.64,6.69,6.55,11000,20489980.0,2.13,0.91,0.06,0.22
470,2016-12-19,6.66,6.63,6.67,6.51,11619,21537293.0,2.41,-0.15,-0.01,0.23
471,2016-12-20,6.6,6.48,6.62,6.46,13483,24816730.0,2.41,-2.26,-0.15,0.27
472,2016-12-21,6.49,6.52,6.59,6.47,23252,42830670.0,1.85,0.62,0.04,0.47
473,2016-12-22,6.53,6.47,6.57,6.46,26222,48099790.0,1.69,-0.77,-0.05,0.53
474,2016-12-23,6.47,6.41,6.53,6.41,16933,30972811.0,1.85,-0.93,-0.06,0.34
475,2016-12-26,6.29,6.45,6.47,6.25,13278,23917203.0,3.43,0.62,0.04,0.27
476,2016-12-27,6.45,6.5,6.6,6.4,13827,25419804.0,3.1,0.78,0.05,0.28
477,2016-12-28,6.48,6.37,6.54,6.36,18531,33628670.0,2.77,-2.0,-0.13,0.37
478,2016-12-29,6.36,6.34,6.48,6.33,16900,30508964.0,2.35,-0.47,-0.03,0.34
479,2016-12-30,6.3,6.18,6.37,6.14,27645,48989867.0,3.63,-2.52,-0.16,0.55
480,2017-01-03,6.18,6.43,6.44,6.18,27013,48679676.0,4.21,4.05,0.25,0.54
481,2017-01-04,6.49,6.6,6.62,6.41,24610,45380346.0,3.27,2.64,0.17,0.49
482,2017-01-05,6.6,6.66,6.74,6.54,23117,43211489.0,3.03,0.91,0.06,0.46
483,2017-01-06,6.71,6.58,6.71,6.56,13008,24135241.0,2.25,-1.2,-0.08,0.26
484,2017-01-09,6.58,6.57,6.58,6.46,14229,26153230.0,1.82,-0.15,-0.01,0.29
485,2017-01-10,6.56,6.5,6.62,6.49,10100,18559432.0,1.98,-1.07,-0.07,0.2
486,2017-01-11,6.51,6.51,6.59,6.44,9187,16867064.0,2.31,0.15,0.01,0.18
487,2017-01-12,6.47,6.28,6.52,6.28,15705,28334402.0,3.69,-3.53,-0.23,0.32
488,2017-01-13,6.23,6.1,6.34,6.08,22162,39062562.0,4.14,-2.87,-0.18,0.44
489,2017-01-16,6.03,6.04,6.14,5.52,25825,43970392.0,10.16,-0.98,-0.06,0.52
490,2017-01-17,5.97,6.27,6.7,5.79,52358,93069992.0,15.07,3.81,0.23,1.05
491,2017-01-18,6.08,6.06,6.23,6.03,25199,43956465.0,3.19,-3.35,-0.21,0.51
492,2017-01-19,6.02,5.88,6.03,5.86,18145,30943545.0,2.81,-2.97,-0.18,0.36
493,2017-01-20,5.88,6.04,6.11,5.88,19739,34197824.0,3.91,2.72,0.16,0.4
494,2017-01-23,6.05,6.13,6.2,6.02,19473,34145114.0,2.98,1.49,0.09,0.39
495,2017-01-24,6.11,6.0,6.18,5.98,12751,22090003.0,3.26,-2.12,-0.13,0.26
496,2017-01-25,6.01,6.07,6.14,6.0,12522,21778607.0,2.33,1.17,0.07,0.25
497,2017-01-26,6.06,6.13,6.15,6.06,9104,15939726.0,1.48,0.99,0.06,0.18
498,2017-02-03,6.15,6.09,6.25,5.98,14063,24510248.0,4.4,-0.65,-0.04,0.28
499,2017-02-06,6.07,6.13,6.16,6.03,14895,26013905.0,2.13,0.66,0.04,0.3
500,2017-02-07,6.13,6.0,6.14,5.95,20545,35579707.0,3.1,-2.12,-0.13,0.41
501,2017-02-08,6.0,6.04,6.05,5.9,17624,30298809.0,2.5,0.67,0.04,0.35
502,2017-02-09,6.04,6.14,6.16,6.03,22925,40054170.0,2.15,1.66,0.1,0.46
503,2017-02-10,6.14,6.11,6.16,6.08,16777,29347218.0,1.3,-0.49,-0.03,0.34
504,2017-02-13,6.11,6.27,6.28,6.07,28062,49479045.0,3.44,2.62,0.16,0.56
505,2017-02-14,6.91,7.08,7.08,6.79,201394,390369088.0,4.63,12.92,0.81,4.04
506,2017-02-15,6.87,7.51,7.91,6.82,209699,419462640.0,15.4,6.07,0.43,4.21
507,2017-02-16,7.25,7.3,7.48,7.16,132838,267022584.0,4.26,-2.8,-0.21,2.67
508,2017-02-17,7.39,7.0,7.39,6.94,94604,186117024.0,6.16,-4.11,-0.3,1.9
509,2017-02-20,7.01,7.1,7.16,6.88,61470,119739876.0,4.0,1.43,0.1,1.23
510,2017-02-21,7.04,7.09,7.23,7.02,71060,140089652.0,2.96,-0.14,-0.01,1.43
511,2017-02-22,7.03,7.01,7.05,6.9,48074,93062936.0,2.12,-1.13,-0.08,0.97
512,2017-02-23,7.0,7.16,7.2,6.97,68062,133951941.0,3.28,2.14,0.15,1.37
513,2017-02-24,7.14,7.09,7.19,6.99,41444,81192764.0,2.79,-0.98,-0.07,0.83
514,2017-02-27,7.1,6.88,7.12,6.84,37866,73231781.0,3.95,-2.96,-0.21,0.76
515,2017-02-28,6.92,6.87,6.93,6.72,33447,63739396.0,3.05,-0.15,-0.01,0.67
516,2017-03-01,6.89,6.8,6.92,6.79,37305,71229761.0,1.89,-1.02,-0.07,0.75
517,2017-03-02,6.8,6.55,6.83,6.52,61824,115183812.0,4.56,-3.68,-0.25,1.24
518,2017-03-03,6.55,6.64,6.65,6.5,26875,49852842.0,2.29,1.37,0.09,0.54
519,2017-03-06,6.59,6.79,6.83,6.57,34236,64547244.0,3.92,2.26,0.15,0.69
520,2017-03-07,6.73,6.73,6.79,6.6,38665,72384888.0,2.8,-0.88,-0.06,0.74
521,2017-03-08,6.7,6.69,6.81,6.65,35722,67362347.0,2.38,-0.59,-0.04,0.68
522,2017-03-09,6.7,6.54,6.73,6.53,24079,44604141.0,2.99,-2.24,-0.15,0.46
523,2017-03-10,6.55,6.63,6.69,6.55,20433,38077998.0,2.14,1.38,0.09,0.39
524,2017-03-13,6.63,6.75,6.77,6.54,28534,53548861.0,3.47,1.81,0.12,0.54
525,2017-03-14,6.75,6.71,6.82,6.67,20669,38969101.0,2.22,-0.59,-0.04,0.39
526,2017-03-15,6.69,6.69,6.74,6.55,22459,41769714.0,2.83,-0.3,-0.02,0.43
527,2017-03-16,6.69,6.78,6.81,6.69,34115,64541561.0,1.79,1.35,0.09,0.65
528,2017-03-17,6.71,6.71,6.78,6.64,36419,68447758.0,2.06,-1.03,-0.07,0.7
529,2017-03-20,6.71,6.63,6.72,6.54,20522,38115942.0,2.68,-1.19,-0.08,0.39
530,2017-03-21,6.59,6.6,6.68,6.57,16553,30776436.0,1.66,-0.45,-0.03,0.32
531,2017-03-22,6.57,6.39,6.57,6.38,33892,61754018.0,2.88,-3.18,-0.21,0.65
532,2017-03-23,6.34,6.41,6.49,6.3,27212,49292040.0,2.97,0.31,0.02,0.52
533,2017-03-24,6.41,6.39,6.43,6.32,20608,37286846.0,1.72,-0.31,-0.02,0.39
534,2017-03-27,6.39,6.4,6.46,6.34,20075,36350799.0,1.88,0.16,0.01,0.38
535,2017-03-28,6.42,6.4,6.42,6.33,13160,23762474.0,1.41,0.0,0.0,0.25
536,2017-03-29,6.41,6.37,6.44,6.28,22126,39835799.0,2.5,-0.47,-0.03,0.42
537,2017-03-30,6.38,6.16,6.38,6.05,33140,58460186.0,5.18,-3.3,-0.21,0.63
538,2017-03-31,6.16,6.24,6.24,6.12,17212,30357128.0,1.95,1.3,0.08,0.33
539,2017-04-05,6.24,6.47,6.49,6.24,24545,44497077.0,4.01,3.69,0.23,0.47
540,2017-04-06,6.46,6.44,6.5,6.37,19629,35782771.0,2.01,-0.46,-0.03,0.37
541,2017-04-07,6.43,6.37,6.47,6.37,14849,26907788.0,1.55,-1.09,-0.07,0.28
542,2017-04-10,6.37,6.26,6.41,6.25,17613,31461054.0,2.51,-1.73,-0.11,0.34
543,2017-04-11,6.23,6.43,6.48,6.21,22039,39838750.0,4.31,2.72,0.17,0.42
544,2017-04-12,6.44,6.44,6.48,6.3,18136,32898527.0,2.8,0.16,0.01,0.35
545,2017-04-13,6.43,6.49,6.49,6.37,23007,41888453.0,1.86,0.78,0.05,0.44
546,2017-04-14,6.44,6.27,6.48,6.26,17374,31343238.0,3.39,-3.39,-0.22,0.33
547,2017-04-17,6.29,6.44,6.48,6.18,17274,31103604.0,4.78,2.71,0.17,0.33
548,2017-04-18,6.39,6.22,6.46,6.19,16219,29127978.0,4.19,-3.42,-0.22,0.31
549,2017-04-19,6.25,5.91,6.32,5.79,34516,59147782.0,8.52,-4.98,-0.31,0.66
550,2017-04-20,5.97,5.71,5.98,5.67,32229,53888171.0,5.25,-3.38,-0.2,0.62
551,2017-04-21,5.77,5.73,5.78,5.66,15059,25014251.0,2.1,0.35,0.02,0.29
552,2017-04-24,5.73,5.5,5.73,5.48,21011,34103378.0,4.36,-4.01,-0.23,0.4
553,2017-04-25,5.57,5.59,5.65,5.51,11278,18428994.0,2.55,1.64,0.09,0.22
554,2017-04-26,5.62,5.61,5.69,5.55,13150,21588675.0,2.5,0.36,0.02,0.25
555,2017-04-27,5.6,5.68,5.69,5.44,15259,24879905.0,4.46,1.25,0.07,0.29
556,2017-04-28,5.7,5.75,5.86,5.64,11649,19488275.0,3.87,1.23,0.07,0.22
557,2017-05-02,5.73,5.81,5.93,5.71,13539,22914926.0,3.83,1.04,0.06,0.26
558,2017-05-03,5.82,5.89,5.97,5.79,15180,25805813.0,3.1,1.38,0.08,0.29
559,2017-05-04,5.88,5.83,5.91,5.81,9998,16909228.0,1.7,-1.02,-0.06,0.19
560,2017-05-05,5.8,5.78,5.88,5.76,7906,13332791.0,2.06,-0.86,-0.05,0.15
561,2017-05-08,5.79,5.61,5.84,5.53,8479,14079548.0,5.36,-2.94,-0.17,0.16
562,2017-05-09,5.57,5.72,5.74,5.56,11132,18140531.0,3.21,1.96,0.11,0.21
563,2017-05-10,5.71,5.55,5.76,5.55,9415,15390208.0,3.67,-2.97,-0.17,0.18
564,2017-05-11,5.54,5.31,5.54,5.0,18553,28893503.0,9.73,-4.32,-0.24,0.35
565,2017-05-12,5.31,5.17,5.33,5.1,14402,22156817.0,4.33,-2.64,-0.14,0.27
566,2017-05-15,5.24,5.36,5.44,5.24,13778,21674477.0,3.87,3.68,0.19,0.26
567,2017-05-16,5.32,5.43,5.45,5.07,24507,37756949.0,7.09,1.31,0.07,0.47
568,2017-05-17,5.43,5.44,5.49,5.34,16303,25899976.0,2.76,0.18,0.01,0.31
569,2017-05-18,5.36,5.27,5.46,5.26,13226,20691971.0,3.68,-3.13,-0.17,0.25
570,2017-05-19,5.28,5.63,5.85,5.21,34438,55679844.0,12.14,6.83,0.36,0.66
571,2017-05-22,5.53,5.35,5.63,5.27,28402,45097446.0,6.39,-4.97,-0.28,0.54
572,2017-05-23,5.35,5.03,5.35,5.01,15151,23224973.0,6.36,-5.98,-0.32,0.29
573,2017-05-24,5.0,5.09,5.24,4.95,14607,22012644.0,5.77,1.19,0.06,0.28
574,2017-05-25,5.09,5.12,5.17,4.97,17877,26961540.0,3.93,0.59,0.03,0.34
575,2017-05-26,5.12,5.09,5.17,5.06,13215,20012107.0,2.15,-0.59,-0.03,0.25
576,2017-05-31,5.17,5.04,5.22,5.04,14861,22512236.0,3.54,-0.98,-0.05,0.28
577,2017-06-01,5.05,4.84,5.1,4.83,21866,32345029.0,5.36,-3.97,-0.2,0.42
578,2017-06-02,4.85,4.96,5.03,4.77,16852,24759306.0,5.37,2.48,0.12,0.32
579,2017-06-05,4.99,5.02,5.07,4.94,15014,22492543.0,2.62,1.21,0.06,0.29
580,2017-06-06,5.02,5.08,5.09,4.98,15701,23610071.0,2.19,1.2,0.06,0.3
581,2017-06-07,5.08,5.23,5.27,5.05,26581,40754103.0,4.33,2.95,0.15,0.51
582,2017-06-08,5.2,5.18,5.27,5.17,14256,21936256.0,1.91,-0.96,-0.05,0.27
583,2017-06-09,5.23,5.39,5.42,5.17,27873,43449907.0,4.83,4.05,0.21,0.53
584,2017-06-13,6.11,6.11,6.11,5.95,59466,102881166.0,2.97,13.36,0.72,1.13
585,2017-06-14,6.49,5.99,6.49,5.89,122494,214753575.0,9.82,-1.96,-0.12,2.34
586,2017-06-15,5.97,6.2,6.31,5.7,103088,176222537.0,10.18,3.51,0.21,1.97
587,2017-06-16,6.03,5.83,6.11,5.82,70311,119473161.0,4.68,-5.97,-0.37,1.34
588,2017-06-19,5.77,5.82,5.92,5.68,38920,64617299.0,4.12,-0.17,-0.01,0.74
589,2017-06-20,5.85,5.71,5.88,5.69,29274,48712723.0,3.26,-1.89,-0.11,0.56
590,2017-06-21,5.72,5.76,5.81,5.68,24702,40967735.0,2.28,0.88,0.05,0.47
591,2017-06-22,5.75,5.49,5.81,5.49,33042,54116026.0,5.56,-4.69,-0.27,0.63
592,2017-06-23,5.49,5.59,5.64,5.42,28790,46360317.0,4.01,1.82,0.1,0.55
593,2017-06-26,5.54,5.77,5.78,5.47,30863,50826215.0,5.55,3.22,0.18,0.59
594,2017-06-27,5.74,5.72,5.78,5.68,14413,23783505.0,1.73,-0.87,-0.05,0.28
595,2017-06-28,5.72,5.77,5.78,5.59,22226,36542817.0,3.32,0.87,0.05,0.42
596,2017-06-29,6.13,5.95,6.3,5.92,71567,123650063.0,6.59,3.12,0.18,1.37
597,2017-06-30,5.86,5.88,5.95,5.82,31845,53471393.0,2.18,-1.18,-0.07,0.61
598,2017-07-03,5.82,5.83,5.88,5.78,28456,47637678.0,1.7,-0.85,-0.05,0.54
599,2017-07-04,5.88,5.69,5.89,5.68,26378,43682804.0,3.6,-2.4,-0.14,0.5
600,2017-07-05,5.68,5.73,5.76,5.64,20307,33409900.0,2.11,0.7,0.04,0.39
601,2017-07-06,5.73,5.68,5.73,5.65,17233,28311668.0,1.4,-0.87,-0.05,0.33
602,2017-07-07,5.68,5.77,5.78,5.64,19373,32049394.0,2.46,1.58,0.09,0.37
603,2017-07-10,5.74,5.73,5.78,5.71,13573,22431837.0,1.21,-0.69,-0.04,0.26
604,2017-07-11,5.73,5.64,5.79,5.63,13095,21520688.0,2.79,-1.57,-0.09,0.25
605,2017-07-12,5.62,5.48,5.67,5.45,21118,33874984.0,3.9,-2.84,-0.16,0.4
606,2017-07-13,5.49,5.52,5.56,5.45,10668,17097565.0,2.01,0.73,0.04,0.2
607,2017-07-14,5.52,5.5,5.57,5.46,12965,20816516.0,1.99,-0.36,-0.02,0.25
608,2017-07-17,5.46,5.08,5.49,5.04,29288,45225978.0,8.18,-7.64,-0.42,0.56
609,2017-07-18,5.08,5.2,5.22,5.0,15594,23692905.0,4.33,2.36,0.12,0.3
610,2017-07-19,5.22,5.28,5.3,5.07,17078,26368604.0,4.42,1.54,0.08,0.33
611,2017-07-20,5.3,5.28,5.38,5.27,11723,18353341.0,2.08,0.0,0.0,0.22
612,2017-07-21,5.27,5.3,5.38,5.25,10371,16223891.0,2.46,0.38,0.02,0.2
613,2017-07-24,5.35,5.31,5.37,5.27,10988,17168761.0,1.89,0.19,0.01,0.21
614,2017-07-25,5.32,5.5,5.55,5.28,24464,38918656.0,5.08,3.58,0.19,0.47
615,2017-07-26,5.49,5.43,5.53,5.37,14621,23163067.0,2.91,-1.27,-0.07,0.28
616,2017-07-27,5.42,5.65,5.67,5.39,30139,48726033.0,5.16,4.05,0.22,0.58
617,2017-07-28,5.66,5.59,5.66,5.52,17338,28032344.0,2.48,-1.06,-0.06,0.33
618,2017-07-31,5.52,5.46,5.54,5.44,18319,29295718.0,1.79,-2.33,-0.13,0.35
619,2017-08-01,5.45,5.53,5.57,5.45,20550,33000084.0,2.2,1.28,0.07,0.39
620,2017-08-02,5.51,5.42,5.54,5.42,14451,23134088.0,2.17,-1.99,-0.11,0.28
621,2017-08-03,5.41,5.49,5.56,5.37,12731,20362984.0,3.51,1.29,0.07,0.24
622,2017-08-04,5.53,5.32,5.53,5.27,17565,27741037.0,4.74,-3.1,-0.17,0.34
623,2017-08-07,5.29,5.48,5.48,5.29,13879,22001126.0,3.57,3.01,0.16,0.26
624,2017-08-08,5.48,5.54,5.6,5.45,12856,20726576.0,2.74,1.09,0.06,0.25
625,2017-08-09,5.54,5.66,5.7,5.52,19891,32477065.0,3.25,2.17,0.12,0.38
626,2017-08-10,5.66,5.58,5.75,5.57,24503,40144025.0,3.18,-1.41,-0.08,0.47
627,2017-08-11,5.57,5.53,5.63,5.51,16331,26442195.0,2.15,-0.9,-0.05,0.31
628,2017-08-14,5.53,5.78,5.81,5.49,36872,60856178.0,5.79,4.52,0.25,0.7
629,2017-08-15,5.79,5.75,5.82,5.7,19050,31480185.0,2.08,-0.52,-0.03,0.36
630,2017-08-16,5.72,5.85,5.94,5.72,30095,50288690.0,3.83,1.74,0.1,0.57
631,2017-08-17,5.81,6.09,6.34,5.79,61587,106551293.0,9.4,4.1,0.24,1.18
632,2017-08-18,6.1,6.02,6.2,5.98,29059,50124525.0,3.61,-1.15,-0.07,0.55
633,2017-08-21,6.0,6.04,6.26,5.95,31009,53662782.0,5.15,0.33,0.02,0.59
634,2017-08-22,6.03,5.85,6.08,5.81,25560,43091640.0,4.47,-3.15,-0.19,0.49
635,2017-08-23,5.84,5.88,5.95,5.83,18289,30865876.0,2.05,0.51,0.03,0.35
636,2017-08-24,5.88,5.65,5.92,5.62,31238,51515010.0,5.1,-3.91,-0.23,0.6
637,2017-08-25,5.68,5.76,5.79,5.67,18027,29845633.0,2.12,1.95,0.11,0.34
638,2017-08-28,5.77,5.93,6.03,5.77,34703,59065694.0,4.51,2.95,0.17,0.66
639,2017-08-29,5.99,5.9,6.03,5.86,16511,27977242.0,2.87,-0.51,-0.03,0.32
640,2017-08-30,5.93,5.89,5.94,5.83,16193,27336253.0,1.86,-0.17,-0.01,0.31
641,2017-08-31,5.88,5.89,5.93,5.83,13198,22197323.0,1.7,0.0,0.0,0.25
642,2017-09-01,5.9,6.04,6.07,5.82,34970,59519124.0,4.24,2.55,0.15,0.67
643,2017-09-04,6.08,6.21,6.3,5.99,60130,105189143.0,5.13,2.81,0.17,1.15
644,2017-09-05,6.21,6.06,6.21,6.04,28165,48775897.0,2.74,-2.42,-0.15,0.54
645,2017-09-06,6.05,6.43,6.44,5.98,72333,128327394.0,7.59,6.11,0.37,1.38
646,2017-09-07,6.4,6.31,6.53,6.3,59311,106673518.0,3.58,-1.87,-0.12,1.13
647,2017-09-08,6.3,6.39,6.5,6.24,49231,88121654.0,4.12,1.27,0.08,0.94
648,2017-09-11,6.4,6.23,6.4,6.16,41633,73285650.0,3.76,-2.5,-0.16,0.79
649,2017-09-12,6.23,6.14,6.26,6.07,47627,83067010.0,3.05,-1.44,-0.09,0.91
650,2017-09-13,6.13,6.12,6.2,6.04,23481,40666515.0,2.61,-0.33,-0.02,0.45
651,2017-09-14,6.1,6.01,6.18,5.99,28799,49760148.0,3.1,-1.8,-0.11,0.55
652,2017-09-15,6.01,5.89,6.02,5.83,32366,54861815.0,3.16,-2.0,-0.12,0.62
653,2017-09-18,5.86,6.03,6.03,5.86,19243,32753552.0,2.89,2.38,0.14,0.37
654,2017-09-19,6.03,5.94,6.05,5.87,20791,35312532.0,2.99,-1.49,-0.09,0.4
655,2017-09-20,5.94,5.98,6.02,5.88,16823,28690900.0,2.36,0.67,0.04,0.32
656,2017-09-21,6.0,6.08,6.1,5.9,30799,52673523.0,3.34,1.67,0.1,0.59
657,2017-09-22,6.03,6.01,6.08,5.91,26884,45909022.0,2.8,-1.15,-0.07,0.51
658,2017-09-25,5.96,5.87,6.04,5.86,16425,27895783.0,3.0,-2.33,-0.14,0.31
659,2017-09-26,5.9,5.9,5.92,5.79,12219,20500049.0,2.21,0.51,0.03,0.23
660,2017-09-27,5.93,5.95,5.98,5.82,18032,30511022.0,2.71,0.85,0.05,0.34
661,2017-09-28,5.97,5.95,6.02,5.89,20534,34923168.0,2.18,0.0,0.0,0.39
662,2017-09-29,5.97,5.96,5.99,5.93,17805,30301489.0,1.01,0.17,0.01,0.34
663,2017-10-09,5.99,6.15,6.18,5.99,27148,46953432.0,3.19,3.19,0.19,0.52
664,2017-10-10,6.14,6.23,6.35,6.09,44011,77549489.0,4.23,1.3,0.08,0.84
665,2017-10-11,6.23,6.23,6.29,6.13,35328,62168213.0,2.57,0.0,0.0,0.67
666,2017-10-12,6.26,6.28,6.34,6.23,43246,76854747.0,1.77,0.8,0.05,0.83
667,2017-10-13,6.28,6.16,6.28,6.09,30008,52336227.0,3.03,-1.91,-0.12,0.57
668,2017-10-16,6.15,5.99,6.18,5.89,36176,62022509.0,4.71,-2.76,-0.17,0.69
669,2017-10-17,5.99,5.96,6.05,5.92,10949,18687773.0,2.17,-0.5,-0.03,0.21
670,2017-10-18,6.02,5.95,6.02,5.86,11740,19937180.0,2.68,-0.17,-0.01,0.22
671,2017-10-19,5.95,5.86,5.98,5.85,13751,23210742.0,2.18,-1.51,-0.09,0.26
672,2017-10-20,5.82,5.96,5.97,5.79,12466,21122065.0,3.07,1.71,0.1,0.24
673,2017-10-23,5.96,5.98,6.06,5.95,15010,25746446.0,1.85,0.34,0.02,0.29
674,2017-10-24,6.0,5.96,6.01,5.88,12597,21386058.0,2.17,-0.33,-0.02,0.24
675,2017-10-25,5.96,6.01,6.03,5.95,12312,21078485.0,1.34,0.84,0.05,0.24
676,2017-10-26,6.01,6.08,6.1,5.96,14852,25584032.0,2.33,1.16,0.07,0.28
677,2017-10-27,6.05,6.08,6.12,6.04,11956,20665002.0,1.32,0.0,0.0,0.23
678,2017-10-30,6.13,6.02,6.16,5.95,22094,38077120.0,3.45,-0.99,-0.06,0.42
679,2017-10-31,6.03,6.31,6.38,6.03,54852,96877660.0,5.81,4.82,0.29,1.05
680,2017-11-01,6.31,6.29,6.31,6.2,33840,59859837.0,1.74,-0.32,-0.02,0.65
681,2017-11-02,6.28,6.1,6.3,6.09,33075,58062323.0,3.34,-3.02,-0.19,0.63
682,2017-11-03,6.05,5.8,6.16,5.73,50145,84668947.0,7.05,-4.92,-0.3,0.96
683,2017-11-06,5.68,5.92,5.95,5.68,19642,32936042.0,4.66,2.07,0.12,0.37
684,2017-11-07,5.94,5.89,5.94,5.83,20899,35148900.0,1.86,-0.51,-0.03,0.4
685,2017-11-08,5.91,5.99,6.04,5.89,23150,39568959.0,2.55,1.7,0.1,0.44
686,2017-11-09,5.99,6.11,6.13,5.96,25451,44008885.0,2.84,2.0,0.12,0.49
687,2017-11-10,6.11,6.28,6.3,6.06,52321,91780784.0,3.93,2.78,0.17,1.0
688,2017-11-13,6.27,6.39,6.4,6.23,56478,100801090.0,2.71,1.75,0.11,1.08
689,2017-11-14,6.42,6.7,6.79,6.34,87563,161584851.0,7.04,4.85,0.31,1.67
690,2017-11-15,6.88,6.76,7.02,6.69,133045,252535384.0,4.93,0.9,0.06,2.54
691,2017-11-16,6.7,6.84,6.88,6.56,106888,200243938.0,4.73,1.18,0.08,2.04
692,2017-11-17,6.54,6.2,6.67,6.17,108164,196932842.0,7.31,-9.36,-0.64,2.06
693,2017-11-20,6.22,6.32,6.38,5.95,42723,75251005.0,6.94,1.94,0.12,0.82
694,2017-11-21,6.31,6.11,6.33,6.08,55226,96412304.0,3.96,-3.32,-0.21,1.05
695,2017-11-22,6.09,6.31,6.32,6.07,54959,97010343.0,4.09,3.27,0.2,1.05
696,2017-11-23,6.26,5.97,6.3,5.95,39250,68366135.0,5.55,-5.39,-0.34,0.75
697,2017-11-24,5.93,6.08,6.12,5.88,30204,51826431.0,4.02,1.84,0.11,0.58
698,2017-11-27,6.03,5.87,6.07,5.86,20496,35005656.0,3.45,-3.45,-0.21,0.39
699,2017-11-28,5.94,6.04,6.08,5.87,24155,41281268.0,3.58,2.9,0.17,0.46
700,2017-11-29,6.02,5.9,6.08,5.77,28455,48195833.0,5.13,-2.32,-0.14,0.54
701,2017-11-30,5.89,6.11,6.17,5.86,44326,76389690.0,5.25,3.56,0.21,0.85
702,2017-12-01,6.1,6.13,6.19,6.02,37593,65235427.0,2.78,0.33,0.02,0.72
703,2017-12-04,6.13,5.95,6.14,5.88,22785,38924457.0,4.24,-2.94,-0.18,0.43
704,2017-12-05,5.9,5.52,5.96,5.5,42609,69657706.0,7.73,-7.23,-0.43,0.81
705,2017-12-06,5.5,5.61,5.61,5.4,22027,35370573.0,3.8,1.63,0.09,0.42
706,2017-12-07,5.58,5.71,5.75,5.55,15655,25603029.0,3.57,1.78,0.1,0.3
707,2017-12-08,5.77,5.85,5.97,5.71,28638,48125496.0,4.55,2.45,0.14,0.55
708,2017-12-11,6.03,6.18,6.51,6.03,65948,116618401.0,8.21,5.64,0.33,1.26
709,2017-12-12,6.22,6.18,6.25,6.02,60111,105076371.0,3.72,0.0,0.0,1.15
710,2017-12-13,6.07,6.16,6.25,6.05,27127,47333627.0,3.24,-0.32,-0.02,0.52
711,2017-12-14,6.15,6.23,6.36,6.13,44549,78970159.0,3.73,1.14,0.07,0.85
712,2017-12-15,6.25,6.34,6.37,6.18,41357,73441536.0,3.05,1.77,0.11,0.79
713,2017-12-18,6.34,6.3,6.54,6.27,50905,92059617.0,4.26,-0.63,-0.04,0.97
714,2017-12-19,6.27,6.61,6.67,6.18,76993,140453422.0,7.78,4.92,0.31,1.47
715,2017-12-20,6.51,6.5,6.75,6.41,75960,139690020.0,5.14,-1.66,-0.11,1.45
716,2017-12-21,6.59,6.57,6.72,6.39,62156,113643859.0,5.08,1.08,0.07,1.19
717,2017-12-22,6.52,6.5,6.54,6.37,40222,73029938.0,2.59,-1.07,-0.07,0.77
718,2017-12-25,6.46,6.58,6.71,6.41,39668,72948525.0,4.62,1.23,0.08,0.76
719,2017-12-26,6.54,6.63,6.63,6.44,32227,58857565.0,2.89,0.76,0.05,0.62
720,2017-12-27,6.62,6.5,6.7,6.49,24344,44818452.0,3.17,-1.96,-0.13,0.46
721,2017-12-28,6.44,6.5,6.57,6.31,29677,53769721.0,4.0,0.0,0.0,0.57
722,2017-12-29,6.5,6.65,6.68,6.44,21426,39369619.0,3.69,2.31,0.15,0.41
723,2018-01-02,6.67,6.74,6.76,6.52,39754,73543949.0,3.61,1.35,0.09,0.76
724,2018-01-03,6.74,6.66,6.74,6.59,29552,54795472.0,2.23,-1.19,-0.08,0.56
725,2018-01-04,6.61,6.84,6.96,6.58,48498,91430073.0,5.71,2.7,0.18,0.93
726,2018-01-05,6.81,7.04,7.18,6.78,57028,110386350.0,5.85,2.92,0.2,1.09
727,2018-01-08,7.03,6.84,7.11,6.77,43034,82402572.0,4.83,-2.84,-0.2,0.82
728,2018-01-09,6.85,6.74,6.93,6.65,36367,68341173.0,4.09,-1.46,-0.1,0.69
729,2018-01-10,6.65,6.86,6.95,6.65,43011,81384295.0,4.45,1.78,0.12,0.82
730,2018-01-11,6.83,7.55,7.68,6.78,89817,178228295.0,13.12,10.06,0.69,1.71
731,2018-01-12,7.58,7.21,7.67,7.18,46611,93566452.0,6.49,-4.5,-0.34,0.89
732,2018-01-15,7.23,6.96,7.26,6.91,38958,75450085.0,4.85,-3.47,-0.25,0.74
733,2018-01-16,6.98,7.03,7.19,6.82,41941,81380528.0,5.32,1.01,0.07,0.8
734,2018-01-17,6.89,6.83,6.94,6.47,36138,67631559.0,6.69,-2.84,-0.2,0.69
735,2018-01-18,6.74,6.72,7.01,6.68,36388,68860923.0,4.83,-1.61,-0.11,0.69
736,2018-01-19,6.7,6.91,6.96,6.7,25170,47681362.0,3.87,2.83,0.19,0.48
737,2018-01-22,6.88,7.25,7.4,6.8,65755,130017090.0,8.68,4.92,0.34,1.26
738,2018-01-23,7.27,6.82,7.34,6.77,57953,111998912.0,7.86,-5.93,-0.43,1.11
739,2018-01-24,6.77,7.48,7.61,6.56,120041,234137760.0,15.4,9.68,0.66,2.29
740,2018-01-25,7.35,7.28,7.76,7.2,95684,193333698.0,7.49,-2.67,-0.2,1.83
741,2018-01-26,7.3,7.3,7.31,6.97,59256,116281565.0,4.67,0.27,0.02,1.13
742,2018-01-29,7.22,6.86,7.3,6.86,61894,119737339.0,6.03,-6.03,-0.44,1.18
743,2018-01-30,6.85,6.95,7.06,6.79,47015,90057496.0,3.94,1.31,0.09,0.9
744,2018-01-31,6.87,7.02,7.25,6.86,59481,115994363.0,5.61,1.01,0.07,1.14
745,2018-02-01,6.86,6.76,6.98,6.6,36140,68052938.0,5.41,-3.7,-0.26,0.69
746,2018-02-02,6.69,7.06,7.07,6.64,31037,59472061.0,6.36,4.44,0.3,0.59
747,2018-02-05,6.91,7.22,7.35,6.89,47205,93620669.0,6.52,2.27,0.16,0.9
748,2018-02-06,7.06,7.1,7.3,6.99,48834,96007084.0,4.29,-1.66,-0.12,0.93
749,2018-02-07,7.24,7.04,7.3,6.67,53382,103619780.0,8.87,-0.85,-0.06,1.02
750,2018-02-08,6.89,7.37,7.38,6.82,60282,118780039.0,7.95,4.69,0.33,1.15
751,2018-02-09,7.15,7.21,7.34,6.87,72476,141944645.0,6.38,-2.17,-0.16,1.38
752,2018-02-12,7.12,7.97,7.99,7.12,130100,272253024.0,12.07,10.54,0.76,2.48
753,2018-02-13,7.95,8.22,8.65,7.91,186104,411084544.0,9.28,3.14,0.25,3.55
754,2018-02-14,8.2,8.13,8.21,8.02,51262,111493139.0,2.31,-1.09,-0.09,0.98
755,2018-02-22,8.19,8.35,8.58,8.1,86716,193296387.0,5.9,2.71,0.22,1.66
756,2018-02-23,8.27,8.05,8.31,7.97,68288,148234915.0,4.07,-3.59,-0.3,1.3
757,2018-02-26,8.26,8.42,8.61,8.25,98091,220367922.0,4.47,4.6,0.37,1.87
758,2018-02-27,8.47,9.1,9.44,8.42,133479,317192992.0,12.11,8.08,0.68,2.55
759,2018-02-28,9.0,9.41,9.85,8.69,173704,425102064.0,12.75,3.41,0.31,3.32
760,2018-03-01,9.24,10.53,10.53,9.16,207357,541779008.0,14.56,11.9,1.12,3.96
761,2018-03-02,10.53,9.99,10.82,9.84,214534,567461664.0,9.31,-5.13,-0.54,4.09
762,2018-03-05,10.02,10.3,10.5,9.72,195359,509168800.0,7.81,3.1,0.31,3.73
763,2018-03-06,10.09,9.84,10.12,9.59,153675,389992144.0,5.15,-4.47,-0.46,2.93
764,2018-03-07,9.79,9.86,10.04,9.66,112996,289080544.0,3.86,0.2,0.02,2.16
765,2018-03-08,9.79,9.91,10.12,9.73,112042,288164368.0,3.96,0.51,0.05,2.14
766,2018-03-09,9.87,10.31,10.5,9.36,219178,570965648.0,11.5,4.04,0.4,4.18
767,2018-03-12,10.29,10.21,10.39,9.98,153718,403377920.0,3.98,-0.97,-0.1,2.93
768,2018-03-13,10.1,9.6,10.1,9.59,109936,279784592.0,5.0,-5.97,-0.61,2.1
769,2018-03-14,9.49,9.28,9.89,9.14,137308,340199472.0,7.81,-3.33,-0.32,2.62
770,2018-03-15,9.29,9.54,9.59,9.08,110207,269181168.0,5.5,2.8,0.26,2.1
771,2018-03-16,9.53,9.49,9.68,9.38,81690,203028843.0,3.14,-0.52,-0.05,1.56
772,2018-03-19,9.4,9.9,10.03,9.36,106128,270630640.0,7.06,4.32,0.41,2.03
773,2018-03-20,9.59,9.89,10.04,9.53,88722,227299584.0,5.15,-0.1,-0.01,1.69
774,2018-03-21,9.98,9.14,9.98,9.13,102765,256439887.0,8.59,-7.58,-0.75,1.96
775,2018-03-22,9.09,9.15,9.45,9.07,68969,166782608.0,4.16,0.11,0.01,1.32
776,2018-03-23,8.5,8.81,9.39,8.48,90305,214257870.0,9.95,-3.72,-0.34,1.72
777,2018-03-26,8.68,9.38,9.4,8.62,92932,223769807.0,8.85,6.47,0.57,1.77
778,2018-03-27,9.52,10.19,10.45,9.52,149220,388694240.0,9.91,8.64,0.81,2.85
779,2018-03-28,10.11,10.15,10.3,9.98,89075,234623605.0,3.14,-0.39,-0.04,1.7
780,2018-03-29,10.13,10.04,10.75,9.84,113491,304507488.0,8.97,-1.08,-0.11,2.17
781,2018-03-30,10.21,10.81,11.18,10.21,129461,354285808.0,9.66,7.67,0.77,2.47
782,2018-04-02,10.88,11.03,11.39,10.53,122806,344106640.0,7.96,2.04,0.22,2.34
783,2018-04-03,10.77,10.71,10.86,10.29,89167,242706049.0,5.17,-2.9,-0.32,1.7
784,2018-04-04,10.72,10.32,11.07,10.29,55846,150519968.0,7.28,-3.64,-0.39,1.07
785,2018-04-09,10.32,10.55,10.8,9.96,65743,177080781.0,8.14,2.23,0.23,1.25
786,2018-04-10,10.55,10.24,10.55,10.07,45923,121214668.0,4.55,-2.94,-0.31,0.88
787,2018-04-11,10.59,10.87,11.36,10.56,132406,370387584.0,7.81,6.15,0.63,2.53
788,2018-04-12,11.0,10.67,11.08,10.57,61324,169583070.0,4.69,-1.84,-0.2,1.17
789,2018-04-13,10.84,11.11,11.22,10.53,85400,238401133.0,6.47,4.12,0.44,1.63
790,2018-04-16,10.94,12.35,12.4,10.87,119631,360444592.0,13.77,11.16,1.24,2.28
791,2018-04-17,12.27,11.99,12.32,11.66,85538,258181941.0,5.34,-2.91,-0.36,1.63
792,2018-04-18,11.87,12.92,13.16,11.46,100578,311964016.0,14.18,7.76,0.93,1.92
793,2018-04-19,12.8,12.48,13.22,12.14,110026,350555072.0,8.36,-3.41,-0.44,2.1
794,2018-04-20,12.15,11.83,12.67,11.68,71733,217577151.0,7.93,-5.21,-0.65,1.37
795,2018-04-23,12.0,11.04,12.0,10.79,87615,251797370.0,10.23,-6.68,-0.79,1.67
796,2018-04-24,11.23,11.84,11.9,10.97,72242,210121221.0,8.42,7.25,0.8,1.38
797,2018-04-25,11.52,11.93,12.37,11.51,90883,276773632.0,7.26,0.76,0.09,1.73
798,2018-04-26,11.89,11.61,12.16,11.49,58482,174188637.0,5.62,-2.68,-0.32,1.12
799,2018-04-27,11.81,11.46,11.86,10.95,53228,153568234.0,7.84,-1.29,-0.15,1.02
800,2018-05-02,11.46,11.14,11.58,10.83,64939,183902042.0,6.54,-2.79,-0.32,1.24
801,2018-05-03,10.99,11.78,11.83,10.43,93912,267036922.0,12.57,5.75,0.64,1.79
802,2018-05-04,11.55,11.58,11.84,11.41,57606,169547943.0,3.65,-1.7,-0.2,1.1
803,2018-05-07,11.59,12.48,12.58,11.59,93606,288209808.0,8.55,7.77,0.9,1.79
804,2018-05-08,12.49,12.1,12.49,11.95,68408,207747563.0,4.33,-3.04,-0.38,1.31
805,2018-05-09,12.16,12.32,12.4,12.02,49991,152886967.0,3.14,1.82,0.22,0.95
806,2018-05-10,12.32,11.57,12.35,11.51,74259,220205512.0,6.82,-6.09,-0.75,1.42
807,2018-05-11,11.49,11.23,11.6,11.16,52812,151389262.0,3.8,-2.94,-0.34,1.01
808,2018-05-14,11.16,10.85,11.39,10.58,81474,225299793.0,7.21,-3.38,-0.38,1.56
809,2018-05-15,10.85,11.16,11.2,10.73,56147,156458574.0,4.33,2.86,0.31,1.07
810,2018-05-16,11.13,10.78,11.28,10.65,59686,166326091.0,5.65,-3.41,-0.38,1.14
811,2018-05-17,10.61,10.64,10.84,10.53,44813,121733809.0,2.88,-1.3,-0.14,0.86
812,2018-05-18,10.65,10.98,11.01,10.49,57061,156716936.0,4.89,3.2,0.34,1.09
813,2018-05-21,11.03,11.44,11.76,11.03,94796,273583712.0,6.65,4.19,0.46,1.81
814,2018-05-22,11.35,11.2,11.36,10.91,78451,220886150.0,3.93,-2.1,-0.24,1.5
815,2018-05-23,11.17,10.94,11.34,10.9,64179,180080651.0,3.93,-2.32,-0.26,1.22
816,2018-05-24,10.62,10.07,10.68,9.8,185432,486532224.0,8.04,-7.95,-0.87,3.54
817,2018-05-25,10.03,9.63,10.06,9.62,106286,269808448.0,4.37,-4.37,-0.44,2.03
818,2018-05-28,9.69,9.16,9.75,9.13,137026,332846304.0,6.44,-4.88,-0.47,2.62
819,2018-05-29,9.33,9.45,9.61,9.24,98494,241748237.0,4.04,3.17,0.29,1.88
820,2018-05-30,9.21,9.47,9.71,9.06,86470,212233236.0,6.88,0.21,0.02,1.65
821,2018-05-31,9.66,9.58,9.7,9.22,62265,152997736.0,5.07,1.16,0.11,1.19
822,2018-06-01,9.56,9.63,9.91,9.39,82436,206002562.0,5.43,0.52,0.05,1.57
823,2018-06-04,9.61,9.87,10.01,9.54,81646,206352314.0,4.88,2.49,0.24,1.56
824,2018-06-05,9.88,10.12,10.21,9.81,64059,165578987.0,4.05,2.53,0.25,1.22
825,2018-06-06,10.02,10.08,10.29,9.97,68907,179941480.0,3.16,-0.4,-0.04,1.32
826,2018-06-07,10.08,9.71,10.16,9.63,69425,175390826.0,5.26,-3.67,-0.37,1.33
827,2018-06-08,9.79,9.76,10.06,9.71,80508,205198026.0,3.6,0.51,0.05,1.54
828,2018-06-11,9.78,9.91,10.1,9.78,63738,163429497.0,3.28,1.54,0.15,1.22
829,2018-06-12,9.9,9.74,10.02,9.31,54625,136530164.0,7.16,-1.72,-0.17,1.04
830,2018-06-13,9.89,9.51,9.89,9.5,48091,120355213.0,4.0,-2.36,-0.23,0.92
831,2018-06-14,9.44,9.17,9.64,9.11,53179,129764220.0,5.57,-3.58,-0.34,1.02
832,2018-06-15,9.18,8.83,9.28,8.62,72707,169466766.0,7.2,-3.71,-0.34,1.39
833,2018-06-19,8.57,8.06,8.76,7.84,92083,202616383.0,10.42,-8.72,-0.77,1.76
834,2018-06-20,7.82,8.46,8.64,7.78,92043,201970748.0,10.67,4.96,0.4,1.76
835,2018-06-21,8.49,8.18,8.57,8.06,62571,137580595.0,6.03,-3.31,-0.28,1.19
836,2018-06-22,8.17,8.71,8.72,7.87,98727,220298951.0,10.39,6.48,0.53,1.88
837,2018-06-25,8.74,8.7,9.03,8.67,89171,207117481.0,4.13,-0.11,-0.01,1.7
838,2018-06-26,8.52,9.05,9.28,8.42,130698,309422608.0,9.89,4.02,0.35,2.49
839,2018-06-27,9.08,9.1,9.35,8.93,106454,253907181.0,4.64,0.55,0.05,2.03
840,2018-06-28,9.04,9.33,9.64,9.04,105493,257313402.0,6.59,2.53,0.23,2.01
841,2018-06-29,9.36,10.28,10.38,9.27,132880,339110272.0,11.9,10.18,0.95,2.54
842,2018-07-02,10.26,10.14,10.46,9.92,106244,278100320.0,5.25,-1.36,-0.14,1.78
843,2018-07-03,10.11,10.49,10.8,9.9,139776,371363376.0,8.88,3.45,0.35,2.31
844,2018-07-04,10.35,9.85,10.43,9.65,100117,259425910.0,7.44,-6.1,-0.64,1.66
845,2018-07-05,9.79,10.09,10.35,9.73,115645,299772160.0,6.29,2.44,0.24,1.91
846,2018-07-06,10.06,10.15,10.85,9.76,126034,332483856.0,10.8,0.59,0.06,2.07
847,2018-07-09,10.04,10.56,10.63,10.03,88292,235187338.0,5.91,4.04,0.41,1.45
848,2018-07-10,10.49,10.42,10.55,10.05,100909,265083794.0,4.73,-1.33,-0.14,1.65
849,2018-07-11,10.12,9.84,10.12,9.48,111139,280807376.0,6.14,-5.57,-0.58,1.82
850,2018-07-12,9.87,10.32,10.72,9.83,118452,312854752.0,9.04,4.88,0.48,1.94
851,2018-07-13,10.35,10.17,10.44,9.86,114642,298484320.0,5.62,-1.45,-0.15,1.88
852,2018-07-16,10.17,10.32,10.58,10.12,110495,292339968.0,4.52,1.47,0.15,1.81
853,2018-07-17,10.2,10.51,10.57,9.9,89229,233350941.0,6.49,1.84,0.19,1.46
854,2018-07-18,10.58,10.95,11.36,10.49,172577,478407664.0,8.28,4.19,0.44,2.83
855,2018-07-19,10.8,10.93,11.16,10.59,99381,274759968.0,5.21,-0.18,-0.02,1.63
856,2018-07-20,10.96,11.4,11.7,10.7,152663,435101936.0,9.15,4.3,0.47,2.5
857,2018-07-23,11.41,11.35,11.77,11.11,116510,336423552.0,5.79,-0.44,-0.05,1.91
858,2018-07-24,11.36,11.01,11.36,10.84,149907,418284256.0,4.58,-3.0,-0.34,2.46
859,2018-07-25,10.94,11.14,11.5,10.93,151296,429420032.0,5.18,1.18,0.13,2.48
860,2018-07-26,10.97,10.62,11.08,10.48,105786,288542528.0,5.39,-4.67,-0.52,1.73
861,2018-07-27,10.56,10.22,10.58,10.1,120247,316184048.0,4.52,-3.77,-0.4,1.97
862,2018-07-30,10.25,10.21,10.3,10.04,61898,161588516.0,2.54,-0.1,-0.01,1.01
863,2018-07-31,10.28,10.21,10.38,10.08,74338,194995876.0,2.94,0.0,0.0,1.22
864,2018-08-01,10.18,10.16,10.54,10.14,75012,198496402.0,3.92,-0.49,-0.05,1.23
865,2018-08-02,10.07,9.31,10.07,8.97,131536,321532576.0,10.83,-8.37,-0.85,2.16
866,2018-08-03,9.3,9.12,9.48,9.05,54834,132276002.0,4.62,-2.04,-0.19,0.9
867,2018-08-06,9.1,8.67,9.32,8.53,81831,191535487.0,8.66,-4.93,-0.45,1.34
868,2018-08-07,8.77,9.38,9.51,8.76,101440,240914455.0,8.65,8.19,0.71,1.66
869,2018-08-08,9.29,9.18,9.62,9.17,73586,179789068.0,4.8,-2.13,-0.2,1.21
870,2018-08-09,9.24,10.26,10.27,9.2,142558,365675328.0,11.66,11.76,1.08,2.34
871,2018-08-10,10.13,10.22,10.26,10.04,93442,243142344.0,2.14,-0.39,-0.04,1.53
872,2018-08-13,10.08,10.67,10.91,10.04,164752,443749136.0,8.51,4.4,0.45,2.7
873,2018-08-14,10.61,10.5,10.61,10.21,86572,230800312.0,3.75,-1.59,-0.17,1.42
874,2018-08-15,10.35,10.18,10.66,9.99,86443,229024824.0,6.38,-3.05,-0.32,1.42
875,2018-08-16,9.99,10.1,10.45,9.7,92948,241387524.0,7.37,-0.79,-0.08,1.52
876,2018-08-17,10.39,9.05,10.45,8.92,186884,459483680.0,15.15,-10.4,-1.05,3.06
877,2018-08-20,8.88,9.38,9.38,8.59,133493,313281024.0,8.73,3.65,0.33,2.19
878,2018-08-21,9.28,9.41,9.62,9.14,93778,228436592.0,5.12,0.32,0.03,1.54
879,2018-08-22,9.36,9.38,9.62,9.31,58554,143468697.0,3.29,-0.32,-0.03,0.96
880,2018-08-23,9.38,9.68,9.78,9.35,78141,194998590.0,4.58,3.2,0.3,1.28
881,2018-08-24,9.69,9.48,9.76,9.44,51041,126495350.0,3.31,-2.07,-0.2,0.84
882,2018-08-27,9.44,9.98,10.12,9.34,95785,242193785.0,8.23,5.27,0.5,1.57
883,2018-08-28,9.98,10.09,10.25,9.95,67614,175288932.0,3.01,1.1,0.11,1.11
884,2018-08-29,10.02,9.88,10.21,9.74,51413,131141615.0,4.66,-2.08,-0.21,0.84
885,2018-08-30,9.88,9.45,9.99,9.42,53031,132017699.0,5.77,-4.35,-0.43,0.87
886,2018-08-31,9.43,9.36,9.76,9.35,46082,113697395.0,4.34,-0.95,-0.09,0.76
887,2018-09-03,9.33,9.78,9.79,9.17,55478,136971971.0,6.62,4.49,0.42,0.91
888,2018-09-04,9.8,10.19,10.35,9.71,107053,277048080.0,6.54,4.19,0.41,1.75
889,2018-09-05,10.12,10.14,10.45,10.07,74843,196516601.0,3.73,-0.49,-0.05,1.23
890,2018-09-06,10.13,10.33,10.51,10.08,70246,185550528.0,4.24,1.87,0.19,1.15
891,2018-09-07,10.35,9.62,10.54,9.21,122661,314452928.0,12.88,-6.87,-0.71,2.01
892,2018-09-10,9.48,9.05,9.62,9.05,88444,213327819.0,5.93,-5.93,-0.57,1.45
893,2018-09-11,9.12,9.38,9.42,8.99,49006,117871129.0,4.75,3.65,0.33,0.8
894,2018-09-12,9.35,8.95,9.43,8.62,76433,180365644.0,8.64,-4.58,-0.43,1.25
895,2018-09-13,9.12,9.28,9.31,8.91,80940,192964610.0,4.47,3.69,0.33,1.33
896,2018-09-14,9.28,8.86,9.33,8.77,91111,214468721.0,6.03,-4.53,-0.42,1.49
897,2018-09-17,8.8,8.68,8.89,8.57,48363,110335323.0,3.61,-2.03,-0.18,0.79
898,2018-09-18,8.72,8.95,8.97,8.58,47714,110010956.0,4.49,3.11,0.27,0.78
899,2018-09-19,8.92,9.13,9.3,8.9,69176,164891896.0,4.47,2.01,0.18,1.13
900,2018-09-20,9.16,9.19,9.28,9.08,40974,98156966.0,2.19,0.66,0.06,0.67
901,2018-09-21,9.16,9.03,9.23,8.67,105598,246260387.0,6.09,-1.74,-0.16,1.73
902,2018-09-25,8.96,9.08,9.28,8.91,61763,147297210.0,4.1,0.55,0.05,1.01
903,2018-09-26,9.03,9.23,9.27,8.93,59353,141720763.0,3.74,1.65,0.15,0.97
904,2018-09-27,9.26,9.14,9.39,9.04,50437,121254391.0,3.79,-0.98,-0.09,0.83
905,2018-09-28,9.14,9.44,9.47,8.82,86725,207222751.0,7.11,3.28,0.3,1.42
906,2018-10-08,9.16,9.09,9.3,8.9,57469,136840303.0,4.24,-3.71,-0.35,0.94
907,2018-10-09,9.14,8.76,9.3,8.71,66371,155153283.0,6.49,-3.63,-0.33,1.09
908,2018-10-10,8.76,8.07,8.86,7.91,118795,260461206.0,10.84,-7.88,-0.69,1.95
909,2018-10-11,7.39,7.2,7.76,7.1,96927,192810890.0,8.18,-10.78,-0.87,1.59
910,2018-10-12,7.15,6.99,7.36,6.61,93229,179344352.0,10.42,-2.92,-0.21,1.53
911,2018-10-15,7.03,6.79,7.25,6.74,62363,119735026.0,7.3,-2.86,-0.2,1.02
912,2018-10-16,6.77,6.21,6.91,6.1,115589,205659249.0,11.93,-8.54,-0.58,1.89
913,2018-10-17,6.89,7.0,7.0,6.74,189073,358232400.0,4.19,12.72,0.79,3.1
914,2018-10-18,7.03,7.3,7.61,6.94,194911,383804768.0,9.57,4.29,0.3,3.19
915,2018-10-19,7.11,8.12,8.2,7.1,205238,428422864.0,15.07,11.23,0.82,3.36
916,2018-10-22,8.39,8.61,8.89,8.16,197864,443320304.0,8.99,6.03,0.49,3.09
917,2018-10-23,8.47,8.52,8.73,8.37,152049,342153616.0,4.18,-1.05,-0.09,2.37
918,2018-10-24,8.48,8.4,8.65,8.16,105263,233753479.0,5.75,-1.41,-0.12,1.64
919,2018-10-25,8.0,8.25,8.35,7.73,149954,320056384.0,7.38,-1.79,-0.15,2.34
920,2018-10-26,8.37,8.11,8.47,7.87,129271,281413328.0,7.27,-1.7,-0.14,2.02
921,2018-10-29,8.02,8.11,8.38,7.86,126825,276529520.0,6.41,0.0,0.0,1.98
922,2018-10-30,8.07,8.12,8.39,7.58,120998,258782041.0,9.99,0.12,0.01,1.89
923,2018-10-31,8.21,8.4,8.64,7.96,111325,245010191.0,8.37,3.45,0.28,1.74
924,2018-11-01,8.6,8.44,8.94,8.36,138074,312542384.0,6.9,0.48,0.04,2.15
925,2018-11-02,8.7,8.68,8.8,8.47,137581,312462384.0,3.91,2.84,0.24,2.15
926,2018-11-05,8.6,8.46,8.71,8.11,116714,259766443.0,6.91,-2.53,-0.22,1.82
927,2018-11-06,8.37,8.26,8.39,8.13,58920,128820319.0,3.07,-2.36,-0.2,0.92
928,2018-11-07,8.27,8.26,8.57,8.21,98902,219234357.0,4.36,0.0,0.0,1.54
929,2018-11-08,8.37,7.95,8.41,7.89,88308,190259713.0,6.3,-3.75,-0.31,1.38
930,2018-11-09,7.86,8.07,8.16,7.79,63658,136639044.0,4.65,1.51,0.12,0.99
931,2018-11-12,8.0,8.85,8.93,8.0,157685,356322608.0,11.52,9.67,0.78,2.46
932,2018-11-13,8.67,8.81,8.93,8.6,108656,250774981.0,3.73,-0.45,-0.04,1.7
933,2018-11-14,8.8,8.73,8.89,8.63,56597,130185270.0,2.95,-0.91,-0.08,0.88
934,2018-11-15,8.67,9.0,9.02,8.53,99844,231520685.0,5.61,3.09,0.27,1.56
935,2018-11-16,8.97,9.0,9.32,8.89,100867,239395352.0,4.78,0.0,0.0,1.57
936,2018-11-19,8.92,8.81,9.04,8.64,59148,136166677.0,4.44,-2.11,-0.19,0.92
937,2018-11-20,8.67,8.31,8.9,8.28,84282,189654746.0,7.04,-5.68,-0.5,1.32
938,2018-11-21,8.19,8.74,8.8,8.13,104039,234721457.0,8.06,5.17,0.43,1.62
939,2018-11-22,8.6,8.53,8.78,8.46,56515,127748405.0,3.66,-2.4,-0.21,0.88
940,2018-11-23,8.53,8.29,8.53,8.19,50693,111729678.0,3.99,-2.81,-0.24,0.79
941,2018-11-26,8.22,7.85,8.26,7.71,89388,188897149.0,6.63,-5.31,-0.44,1.39
942,2018-11-27,7.94,7.77,7.99,7.7,57891,121885664.0,3.69,-1.02,-0.08,0.9
943,2018-11-28,7.79,7.85,7.88,7.46,69819,144244280.0,5.41,1.03,0.08,1.09
944,2018-11-29,8.01,7.47,8.07,7.42,86184,179185103.0,8.28,-4.84,-0.38,1.34
945,2018-11-30,7.47,7.8,7.89,7.24,100026,203022105.0,8.7,4.42,0.33,1.56
946,2018-12-03,8.12,8.26,8.42,7.97,103093,225219014.0,5.77,5.9,0.46,1.61
947,2018-12-04,8.26,8.25,8.28,8.09,53353,115972626.0,2.3,-0.12,-0.01,0.83
948,2018-12-05,8.03,8.09,8.19,8.03,35137,75970416.0,1.94,-1.94,-0.16,0.55
949,2018-12-06,7.94,7.97,8.09,7.71,52670,111345528.0,4.7,-1.48,-0.12,0.82
950,2018-12-07,7.98,8.21,8.28,7.96,59814,129749783.0,4.02,3.01,0.24,0.93
951,2018-12-10,8.1,7.95,8.15,7.92,37191,79388322.0,2.8,-3.17,-0.26,0.58
952,2018-12-11,8.04,8.07,8.09,7.94,28264,60425855.0,1.89,1.51,0.12,0.44
953,2018-12-12,8.15,8.09,8.18,8.0,26452,56897965.0,2.23,0.25,0.02,0.41
954,2018-12-13,8.08,8.22,8.37,8.0,43517,94878464.0,4.57,1.61,0.13,0.68
955,2018-12-14,8.22,8.04,8.31,8.03,31583,68721847.0,3.41,-2.19,-0.18,0.49
956,2018-12-17,7.98,7.93,8.02,7.69,41302,86942156.0,4.1,-1.37,-0.11,0.64
957,2018-12-18,7.78,7.89,8.01,7.7,33962,71449805.0,3.91,-0.5,-0.04,0.53
958,2018-12-19,7.91,7.62,7.97,7.61,38926,80807198.0,4.56,-3.42,-0.27,0.61
959,2018-12-20,7.62,7.73,7.8,7.53,31275,64632580.0,3.54,1.44,0.11,0.49
960,2018-12-21,7.68,7.81,7.92,7.62,29588,61895069.0,3.88,1.03,0.08,0.46
961,2018-12-24,7.83,8.03,8.14,7.71,48492,103229246.0,5.51,2.82,0.22,0.76
962,2018-12-25,7.93,8.31,8.34,7.93,68729,148383949.0,5.11,3.49,0.28,1.07
963,2018-12-26,8.26,8.15,8.34,8.15,41060,89607431.0,2.29,-1.93,-0.16,0.64
964,2018-12-27,8.28,7.94,8.32,7.94,48033,104443514.0,4.66,-2.58,-0.21,0.75
965,2018-12-28,8.02,7.78,8.1,7.74,45865,96786242.0,4.53,-2.02,-0.16,0.72
966,2019-01-02,7.78,8.02,8.14,7.73,53080,112878111.0,5.27,3.08,0.24,0.83
967,2019-01-03,8.0,8.34,8.45,7.98,75613,166825699.0,5.86,3.99,0.32,1.18
968,2019-01-04,8.29,8.71,8.74,8.21,80385,180845139.0,6.35,4.44,0.37,1.25
969,2019-01-07,8.76,8.79,8.91,8.65,92162,212386406.0,2.99,0.92,0.08,1.44
970,2019-01-08,8.73,8.67,8.82,8.58,46781,106855560.0,2.73,-1.37,-0.12,0.73
971,2019-01-09,8.66,8.67,9.08,8.66,53850,125124006.0,4.84,0.0,0.0,0.84
972,2019-01-10,8.76,9.03,9.21,8.73,69486,164032525.0,5.54,4.15,0.36,1.08
973,2019-01-11,9.01,8.85,9.26,8.78,52574,123462541.0,5.32,-1.99,-0.18,0.82
974,2019-01-14,8.87,8.74,8.97,8.62,45607,104611423.0,3.95,-1.24,-0.11,0.71
975,2019-01-15,8.98,9.19,9.48,8.98,106314,255776410.0,5.72,5.15,0.45,1.66
976,2019-01-16,9.14,9.53,9.89,9.13,109103,271648944.0,8.27,3.7,0.34,1.7
977,2019-01-17,9.54,9.46,9.66,9.36,65001,159966538.0,3.15,-0.73,-0.07,1.01
978,2019-01-18,9.43,9.63,9.67,9.23,88629,216685036.0,4.65,1.8,0.17,1.38
979,2019-01-21,9.63,9.56,9.63,9.45,62879,155477787.0,1.87,-0.73,-0.07,0.98
980,2019-01-22,9.56,9.43,9.75,9.36,73638,182221897.0,4.08,-1.36,-0.13,1.15
981,2019-01-23,9.39,9.62,9.66,9.39,68199,168913554.0,2.86,2.01,0.19,1.06
982,2019-01-24,9.69,9.87,9.92,9.58,55479,140594050.0,3.53,2.6,0.25,0.87
983,2019-01-25,9.84,9.69,9.87,9.62,60297,151748734.0,2.53,-1.82,-0.18,0.94
984,2019-01-28,9.74,9.63,9.81,9.53,50238,125324205.0,2.89,-0.62,-0.06,0.78
985,2019-01-29,9.61,9.53,9.76,9.29,52047,128853756.0,4.88,-1.04,-0.1,0.81
986,2019-01-30,9.6,9.64,9.84,9.51,43822,109933202.0,3.46,1.15,0.11,0.68
987,2019-01-31,9.62,9.76,9.85,9.34,65299,163069462.0,5.29,1.24,0.12,1.02
988,2019-02-01,9.8,10.35,10.4,9.71,68260,177210705.0,7.07,6.05,0.59,1.07
989,2019-02-11,10.26,10.49,10.62,10.26,74654,198615798.0,3.48,1.35,0.14,1.16
990,2019-02-12,10.42,10.24,10.42,10.19,67188,176830515.0,2.19,-2.38,-0.25,1.05
991,2019-02-13,10.21,10.36,10.49,10.21,81685,216400048.0,2.73,1.17,0.12,1.27
992,2019-02-14,10.34,10.37,10.45,10.17,73552,194614842.0,2.7,0.1,0.01,1.15
993,2019-02-15,10.35,10.32,10.61,10.28,64453,172073841.0,3.18,-0.48,-0.05,1.01
994,2019-02-18,10.32,10.67,10.83,10.32,78036,211437428.0,4.94,3.39,0.35,1.22
995,2019-02-19,10.65,10.8,11.33,10.59,82790,228743391.0,6.94,1.22,0.13,1.29
996,2019-02-20,10.71,10.58,10.79,10.42,46244,124947464.0,3.43,-2.04,-0.22,0.72
997,2019-02-21,10.65,10.62,11.01,10.49,67754,186333314.0,4.91,0.38,0.04,1.06
998,2019-02-22,10.6,10.83,10.94,10.29,79170,213881994.0,6.12,1.98,0.21,1.24
999,2019-02-25,10.94,11.89,12.04,10.88,118188,341422576.0,10.71,9.79,1.06,1.84
1000,2019-02-26,11.87,11.71,12.16,11.35,95429,284273728.0,6.81,-1.51,-0.18,1.49
1001,2019-02-27,11.58,11.33,12.03,10.99,97599,282999744.0,8.88,-3.25,-0.38,1.52
1002,2019-02-28,11.31,11.28,11.52,11.15,42532,121727665.0,3.27,-0.44,-0.05,0.66
1003,2019-03-01,11.3,11.49,11.49,11.13,39403,112951392.0,3.19,1.86,0.21,0.61
1004,2019-03-04,11.72,12.02,12.4,11.72,108154,327332320.0,5.92,4.61,0.53,1.69
1005,2019-03-05,11.92,12.59,12.61,11.87,95718,292080016.0,6.16,4.74,0.57,1.49
1006,2019-03-06,12.9,13.49,14.02,12.63,134361,448359984.0,11.04,7.15,0.9,2.1
1007,2019-03-07,13.17,13.85,14.9,13.14,135249,458294512.0,13.05,2.67,0.36,2.11
1008,2019-03-08,13.31,13.31,14.97,12.75,152167,521887936.0,16.03,-3.9,-0.54,2.37
1009,2019-03-11,13.44,14.0,14.2,12.67,125523,421056944.0,11.5,5.18,0.69,1.96
1010,2019-03-12,13.78,14.44,14.7,13.78,95193,334653536.0,6.57,3.14,0.44,1.49
1011,2019-03-13,14.44,13.47,14.56,13.31,116547,396427968.0,8.66,-6.72,-0.97,1.82
1012,2019-03-14,13.29,12.56,13.29,12.3,104712,330473360.0,7.35,-6.76,-0.91,1.63
1013,2019-03-15,12.68,12.56,12.84,12.47,62698,197810422.0,2.95,0.0,0.0,0.98
1014,2019-03-18,12.56,12.99,13.15,12.43,67371,215415040.0,5.73,3.42,0.43,1.05
1015,2019-03-19,12.98,13.55,13.73,12.9,80394,268115273.0,6.39,4.31,0.56,1.25
1016,2019-03-20,13.54,13.17,13.65,12.81,67063,218266761.0,6.2,-2.8,-0.38,1.05
1017,2019-03-21,13.17,13.52,13.67,12.9,73587,244977469.0,5.85,2.66,0.35,1.15
1018,2019-03-22,13.31,13.32,13.52,13.04,55883,183824852.0,3.55,-1.48,-0.2,0.87
1019,2019-03-25,13.04,12.8,13.42,12.77,76848,249096800.0,4.88,-3.9,-0.52,1.2
1020,2019-03-26,12.96,12.62,13.1,12.58,57310,183596027.0,4.06,-1.41,-0.18,0.89
1021,2019-03-27,12.78,12.33,12.84,12.03,71220,219373058.0,6.42,-2.3,-0.29,1.11
1022,2019-03-28,12.43,12.36,12.81,12.33,51648,161988277.0,3.89,0.24,0.03,0.81
1023,2019-03-29,12.63,13.24,13.32,12.43,74141,238417089.0,7.2,7.12,0.88,1.16
1024,2019-04-01,13.46,13.76,13.8,13.32,70021,236417002.0,3.63,3.93,0.52,1.09
1025,2019-04-02,13.85,13.44,13.9,13.37,75778,255854698.0,3.85,-2.33,-0.32,1.18
1026,2019-04-03,13.56,13.32,13.76,13.1,64087,212150174.0,4.91,-0.89,-0.12,1.0
1027,2019-04-04,13.4,13.27,13.57,13.08,65993,218598989.0,3.68,-0.38,-0.05,1.03
1028,2019-04-08,13.29,12.85,13.34,12.73,70961,229344246.0,4.6,-3.17,-0.42,1.11
1029,2019-04-09,12.92,13.06,13.12,12.74,51154,164856358.0,2.96,1.63,0.21,0.8
1030,2019-04-10,12.95,12.65,12.95,12.34,88417,277271440.0,4.67,-3.14,-0.41,1.38
1031,2019-04-11,12.65,12.73,13.06,12.54,77809,248517014.0,4.11,0.63,0.08,1.21
1032,2019-04-12,12.66,12.7,12.91,12.44,38669,122112959.0,3.69,-0.24,-0.03,0.6
1033,2019-04-15,13.08,13.29,13.65,12.99,125488,415741920.0,5.2,4.65,0.59,1.96
1034,2019-04-16,13.23,14.62,14.79,13.23,162372,563458144.0,11.74,10.01,1.33,2.53
1035,2019-04-17,14.79,14.25,14.81,14.17,91824,325000832.0,4.38,-2.53,-0.37,1.43
1036,2019-04-18,14.22,14.04,14.4,13.83,51705,179321034.0,4.0,-1.47,-0.21,0.81
1037,2019-04-19,14.1,14.19,14.58,13.82,62256,216880369.0,5.41,1.07,0.15,0.97
1038,2019-04-22,14.21,13.61,14.21,13.51,62553,211699193.0,4.93,-4.09,-0.58,0.98
1039,2019-04-23,13.6,13.36,13.76,13.26,36025,120199059.0,3.67,-1.84,-0.25,0.56
1040,2019-04-24,13.48,14.02,14.13,13.03,78190,264074285.0,8.23,4.94,0.66,1.22
1041,2019-04-25,14.04,13.76,14.62,13.58,95442,335708288.0,7.42,-1.85,-0.26,1.49
1042,2019-04-26,13.37,14.38,14.66,13.37,110473,389818624.0,9.38,4.51,0.62,1.72
1043,2019-04-29,14.47,13.74,14.71,13.56,73345,254708584.0,8.0,-4.45,-0.64,1.14
1044,2019-04-30,13.74,13.96,14.42,13.58,48400,167818923.0,6.11,1.6,0.22,0.76
1045,2019-05-06,12.81,12.39,13.08,12.39,87196,274573824.0,4.94,-11.25,-1.57,1.36
1046,2019-05-07,12.42,11.94,12.6,11.67,111968,340391952.0,7.51,-3.63,-0.45,1.75
1047,2019-05-08,11.34,11.91,12.39,11.33,66250,198009175.0,8.88,-0.25,-0.03,1.03
1048,2019-05-09,11.72,11.9,12.13,11.6,40687,122523506.0,4.45,-0.08,-0.01,0.63
1049,2019-05-10,12.15,12.81,12.98,11.77,67358,209709162.0,10.17,7.65,0.91,1.05
1050,2019-05-13,12.49,12.88,13.04,12.38,59259,189568540.0,5.15,0.55,0.07,0.92
1051,2019-05-14,12.78,12.57,12.94,12.55,29568,93758864.0,3.03,-2.41,-0.31,0.46
1052,2019-05-15,12.78,13.08,13.12,12.56,53721,171543411.0,4.46,4.06,0.51,0.84
1053,2019-05-16,12.99,12.73,12.99,12.63,38949,123792865.0,2.75,-2.68,-0.35,0.61
1054,2019-05-17,12.78,12.23,13.03,12.12,39085,122589380.0,7.15,-3.93,-0.5,0.61
1055,2019-05-20,12.15,12.06,12.38,11.96,52680,160161965.0,3.43,-1.39,-0.17,0.82
1056,2019-05-21,12.16,12.19,12.38,11.87,40718,124132379.0,4.23,1.08,0.13,0.64
1057,2019-05-22,12.22,12.47,12.47,12.03,50301,154349335.0,3.61,2.3,0.28,0.78
1058,2019-05-23,12.62,12.03,12.62,11.9,50232,153295290.0,5.77,-3.53,-0.44,0.78
1059,2019-05-24,11.95,11.68,12.08,11.67,30750,91333410.0,3.41,-2.91,-0.35,0.48
1060,2019-05-27,11.71,12.22,12.38,11.62,48644,146885383.0,6.51,4.62,0.54,0.76
1061,2019-05-28,12.25,12.3,12.48,12.16,38869,119910748.0,2.62,0.65,0.08,0.61
1062,2019-05-29,12.31,12.21,12.38,12.12,23657,72649537.0,2.11,-0.73,-0.09,0.37
1063,2019-05-30,12.13,12.01,12.17,11.77,25420,76273179.0,3.28,-1.64,-0.2,0.4
1064,2019-05-31,11.95,12.1,12.26,11.95,20874,63412170.0,2.58,0.75,0.09,0.33
1065,2019-06-03,12.49,12.63,12.98,12.43,72258,229228482.0,4.55,4.38,0.53,1.13
1066,2019-06-04,12.61,12.55,12.85,12.38,30010,94714562.0,3.72,-0.63,-0.08,0.47
1067,2019-06-05,12.63,12.84,12.94,12.59,40857,130351732.0,2.79,2.31,0.29,0.64
1068,2019-06-06,12.84,12.64,12.93,12.33,42775,134961820.0,4.67,-1.56,-0.2,0.67
1069,2019-06-10,12.58,12.79,12.89,12.56,29391,93318570.0,2.61,1.19,0.15,0.46
1070,2019-06-11,12.77,13.42,13.47,12.67,49017,160196715.0,6.25,4.93,0.63,0.76
1071,2019-06-12,13.39,13.52,13.69,13.26,37028,123515096.0,3.2,0.75,0.1,0.58
1072,2019-06-13,13.54,13.92,14.1,13.44,47560,163187892.0,4.88,2.96,0.4,0.74
1073,2019-06-14,13.91,13.37,14.17,13.27,55950,188331878.0,6.47,-3.95,-0.55,0.87
1074,2019-06-17,13.31,13.67,13.86,13.22,47486,159327568.0,4.79,2.24,0.3,0.74
1075,2019-06-18,13.75,13.4,13.81,13.37,30993,103388566.0,3.22,-1.98,-0.27,0.48
1076,2019-06-19,13.98,13.62,14.07,13.58,40890,138974041.0,3.66,1.64,0.22,0.64
1077,2019-06-20,13.54,14.43,14.62,13.54,72742,254418738.0,7.93,5.95,0.81,1.14
1078,2019-06-21,14.63,14.93,15.13,14.56,65721,240024278.0,3.95,3.47,0.5,1.03
1079,2019-06-24,14.98,15.01,15.14,14.67,55345,201720278.0,3.15,0.54,0.08,0.86
1080,2019-06-25,14.76,14.55,14.76,14.03,83975,295720848.0,4.86,-3.06,-0.46,1.31
1081,2019-06-26,14.43,14.79,15.03,14.3,45048,163404990.0,5.02,1.65,0.24,0.7
1082,2019-06-27,14.81,15.39,15.57,14.67,63717,237078155.0,6.09,4.06,0.6,0.99
1083,2019-06-28,15.37,15.31,15.81,14.98,59333,168747583.0,5.39,-0.52,-0.08,0.71
1084,2019-07-01,15.83,15.74,16.09,15.14,108637,316303136.0,6.21,2.81,0.43,1.3
1085,2019-07-02,15.56,15.73,16.01,15.49,61012,178118251.0,3.3,-0.06,-0.01,0.73
1086,2019-07-03,15.55,15.56,15.73,15.31,49215,141573235.0,2.67,-1.08,-0.17,0.59
1087,2019-07-04,15.56,15.36,15.62,15.2,41717,119401413.0,2.7,-1.29,-0.2,0.5
1088,2019-07-05,15.41,15.62,15.76,15.41,49410,142987017.0,2.28,1.69,0.26,0.59
1089,2019-07-08,15.53,15.21,15.59,15.18,49555,141349183.0,2.62,-2.62,-0.41,0.59
1090,2019-07-09,15.41,15.25,15.56,15.12,51927,147866873.0,2.89,0.26,0.04,0.62
1091,2019-07-10,15.49,15.27,15.49,15.2,34201,97652020.0,1.9,0.13,0.02,0.41
1092,2019-07-11,15.42,15.07,15.51,14.93,43561,123141187.0,3.8,-1.31,-0.2,0.52
1093,2019-07-12,15.19,15.63,15.71,14.95,64980,186472014.0,5.04,3.72,0.56,0.78
1094,2019-07-15,15.53,15.83,16.43,15.36,99335,293358224.0,6.85,1.28,0.2,1.19
1095,2019-07-16,15.8,15.57,15.91,15.44,62029,180212159.0,2.97,-1.64,-0.26,0.74
1096,2019-07-17,15.62,15.39,15.67,15.37,35080,100986980.0,1.93,-1.16,-0.18,0.42
1097,2019-07-18,15.33,15.33,15.53,15.03,43592,124101428.0,3.25,-0.39,-0.06,0.52
1098,2019-07-19,15.3,14.91,15.49,14.79,85262,239391965.0,4.57,-2.74,-0.42,1.02
1099,2019-07-22,15.02,14.94,15.47,14.7,73487,207159794.0,5.16,0.2,0.03,0.88
1100,2019-07-23,14.94,15.04,15.21,14.83,57955,162244633.0,2.54,0.67,0.1,0.7
1101,2019-07-24,15.1,15.73,15.96,15.1,91444,266180872.0,5.72,4.59,0.69,1.1
1102,2019-07-25,15.72,16.05,16.08,15.64,66752,196425357.0,2.8,2.03,0.32,0.8
1103,2019-07-26,16.09,16.12,16.14,15.81,66279,196520788.0,2.06,0.44,0.07,0.8
1104,2019-07-29,16.11,16.12,16.48,15.86,45265,135322854.0,3.85,0.0,0.0,0.54
1105,2019-07-30,16.15,16.51,16.72,16.15,75342,229275848.0,3.54,2.42,0.39,0.9
1106,2019-07-31,16.49,16.5,16.67,16.34,47425,144637947.0,2.0,-0.06,-0.01,0.57
1107,2019-08-01,16.5,16.28,16.65,16.1,62234,188268070.0,3.33,-1.33,-0.22,0.75
1108,2019-08-02,15.82,16.69,16.72,15.82,72008,218841921.0,5.53,2.52,0.41,0.86
1109,2019-08-05,16.5,15.98,16.56,15.89,71594,214180107.0,4.01,-4.25,-0.71,0.86
1110,2019-08-06,15.62,16.08,16.26,15.41,75703,223919290.0,5.32,0.63,0.1,0.91
1111,2019-08-07,16.2,15.72,16.27,15.69,43694,128880562.0,3.61,-2.24,-0.36,0.52
1112,2019-08-08,15.82,15.93,16.27,15.82,43682,129511652.0,2.86,1.34,0.21,0.52
1113,2019-08-09,16.21,15.82,16.4,15.63,52948,156800402.0,4.83,-0.69,-0.11,0.64
1114,2019-08-12,15.82,16.07,16.07,15.45,72599,211655780.0,3.92,1.58,0.25,0.87
1115,2019-08-13,15.8,15.49,15.88,15.33,70278,203069115.0,3.42,-3.61,-0.58,0.84
1116,2019-08-14,15.73,16.21,16.47,15.72,100953,302311696.0,4.84,4.65,0.72,1.21
1117,2019-08-15,15.89,17.13,17.14,15.76,109472,332944368.0,8.51,5.68,0.92,1.31
1118,2019-08-16,16.92,16.89,17.13,16.7,91452,285061600.0,2.51,-1.4,-0.24,1.1
1119,2019-08-19,17.09,17.61,17.76,16.85,100257,320090224.0,5.39,4.26,0.72,1.2
1120,2019-08-20,17.71,17.22,17.83,17.14,84767,271302064.0,3.92,-2.21,-0.39,1.02
1121,2019-08-21,17.21,17.32,17.53,17.14,66677,212817541.0,2.26,0.58,0.1,0.8
1122,2019-08-22,17.4,17.09,17.5,16.92,64045,201599234.0,3.35,-1.33,-0.23,0.77
1123,2019-08-23,17.2,17.21,17.38,16.99,51710,164025594.0,2.28,0.7,0.12,0.62
1124,2019-08-26,16.93,16.98,17.19,16.79,46951,146741908.0,2.32,-1.34,-0.23,0.56
1125,2019-08-27,17.08,17.34,17.56,17.07,59936,191238790.0,2.89,2.12,0.36,0.72
1126,2019-08-28,17.24,18.09,18.34,17.24,90866,298788880.0,6.34,4.33,0.75,1.09
1127,2019-08-29,18.09,18.58,18.64,17.9,72627,244158273.0,4.09,2.71,0.49,0.87
1128,2019-08-30,18.47,18.08,18.85,17.85,65817,221171535.0,5.38,-2.69,-0.5,0.79
1129,2019-09-02,18.01,19.35,19.46,18.01,87089,300599568.0,8.02,7.02,1.27,1.05
1130,2019-09-03,19.32,19.79,19.85,19.05,67482,239381915.0,4.13,2.27,0.44,0.81
1131,2019-09-04,19.7,19.86,20.64,19.29,96975,351817392.0,6.82,0.35,0.07,1.16
1132,2019-09-05,19.79,20.3,20.95,19.67,98403,363849248.0,6.45,2.22,0.44,1.18
1133,2019-09-06,20.35,19.83,20.6,19.56,90657,329715168.0,5.12,-2.32,-0.47,1.09
1134,2019-09-09,19.93,20.3,20.37,19.69,70366,257430434.0,3.43,2.37,0.47,0.84
1135,2019-09-10,20.28,19.95,20.64,19.7,73516,268625040.0,4.63,-1.72,-0.35,0.88
1136,2019-09-11,20.13,19.86,20.34,19.63,57248,207479609.0,3.56,-0.45,-0.09,0.69
1137,2019-09-12,20.0,19.65,20.06,19.07,85404,304298064.0,4.98,-1.06,-0.21,1.03
1138,2019-09-16,19.87,19.63,20.41,19.48,92574,333378096.0,4.73,-0.1,-0.02,1.11
1139,2019-09-17,19.7,19.19,19.71,19.11,54007,190131317.0,3.06,-2.24,-0.44,0.65
1140,2019-09-18,19.22,19.53,19.62,19.06,53188,188291466.0,2.92,1.77,0.34,0.64
1141,2019-09-19,19.63,19.79,19.83,19.29,51149,182901896.0,2.76,1.33,0.26,0.61
1142,2019-09-20,19.82,19.69,19.89,19.36,60664,216388649.0,2.68,-0.51,-0.1,0.73
1143,2019-09-23,20.14,19.69,20.14,19.34,75381,270234896.0,4.06,0.0,0.0,0.9
1144,2019-09-24,19.54,19.84,20.24,19.5,68800,249599421.0,3.76,0.76,0.15,0.83
1145,2019-09-25,19.76,20.08,20.25,19.3,76676,277741424.0,4.79,1.21,0.24,0.92
1146,2019-09-26,20.05,19.31,20.32,19.21,60753,218230092.0,5.53,-3.83,-0.77,0.73
1147,2019-09-27,19.49,19.43,19.67,19.04,52507,185760603.0,3.26,0.62,0.12,0.63
1148,2019-09-30,19.44,19.62,19.9,19.15,55236,197374052.0,3.86,0.98,0.19,0.66
1149,2019-10-08,19.54,18.7,19.74,18.35,93831,325171552.0,7.08,-4.69,-0.92,1.13
1150,2019-10-09,18.76,19.16,19.24,18.6,68594,238045488.0,3.42,2.46,0.46,0.82
1151,2019-10-10,19.43,21.23,21.23,19.24,144813,538834976.0,10.39,10.8,2.07,1.74
1152,2019-10-11,21.18,20.68,21.18,20.53,101196,381362848.0,3.06,-2.59,-0.55,1.21
1153,2019-10-14,20.89,20.49,20.95,20.33,78946,295129696.0,3.0,-0.92,-0.19,0.95
1154,2019-10-15,20.4,20.04,20.59,19.79,60645,221170454.0,3.9,-2.2,-0.45,0.73
1155,2019-10-16,19.93,20.05,20.41,19.8,48837,178734958.0,3.04,0.05,0.01,0.59
1156,2019-10-17,20.15,20.06,20.23,19.82,39601,144470972.0,2.04,0.05,0.01,0.48
1157,2019-10-18,20.07,19.48,20.29,19.47,56258,203036532.0,4.09,-2.89,-0.58,0.68
1158,2019-10-21,19.5,19.26,19.61,18.95,60312,211686840.0,3.39,-1.13,-0.22,0.72
1159,2019-10-22,19.36,19.87,20.06,19.35,65865,237214403.0,3.69,3.17,0.61,0.79
1160,2019-10-23,19.87,19.42,20.0,19.31,42846,152918854.0,3.47,-2.26,-0.45,0.51
1161,2019-10-24,19.35,19.17,19.42,18.51,64624,223525316.0,4.69,-1.29,-0.25,0.78
1162,2019-10-25,18.45,17.1,18.46,17.09,276426,883940080.0,7.15,-10.8,-2.07,3.32
1163,2019-10-28,17.4,18.25,18.57,17.28,189527,624727616.0,7.54,6.73,1.15,2.28
1164,2019-10-29,18.2,17.43,18.2,17.43,135553,439853952.0,4.22,-4.49,-0.82,1.63
1165,2019-10-30,17.34,17.28,17.71,17.19,69444,222473923.0,2.98,-0.86,-0.15,0.83
1166,2019-10-31,17.25,17.17,17.57,16.92,62642,198035492.0,3.76,-0.64,-0.11,0.75
1167,2019-11-01,17.09,17.1,17.38,16.82,72458,228938333.0,3.26,-0.41,-0.07,0.87
1168,2019-11-04,17.28,17.67,17.82,17.01,122204,392761040.0,4.74,3.33,0.57,1.47
1169,2019-11-05,17.44,17.71,17.83,17.33,74317,240199534.0,2.83,0.23,0.04,0.89
1170,2019-11-06,17.64,17.46,17.86,17.34,53052,171257298.0,2.94,-1.41,-0.25,0.64
1171,2019-11-07,17.45,17.83,17.96,17.43,59628,194802727.0,3.04,2.12,0.37,0.72
1172,2019-11-08,18.1,18.12,18.51,17.92,71154,238198138.0,3.31,1.63,0.29,0.85
1173,2019-11-11,17.99,18.24,18.64,17.71,73262,244666814.0,5.13,0.66,0.12,0.88
1174,2019-11-12,18.58,18.34,18.64,18.15,49922,167630831.0,2.69,0.55,0.1,0.6
1175,2019-11-13,18.38,18.61,18.76,18.29,57804,196456803.0,2.56,1.47,0.27,0.69
1176,2019-11-14,18.46,19.03,19.2,18.46,55272,191091339.0,3.98,2.26,0.42,0.66
1177,2019-11-15,19.07,18.6,19.25,18.56,61922,212622464.0,3.63,-2.26,-0.43,0.74
1178,2019-11-18,18.66,18.57,18.74,18.24,52028,176189780.0,2.69,-0.16,-0.03,0.62
1179,2019-11-19,18.47,18.83,19.02,18.27,54721,186688840.0,4.04,1.4,0.26,0.66
1180,2019-11-20,18.76,19.22,19.69,18.75,75097,264900922.0,4.99,2.07,0.39,0.9
1181,2019-11-21,19.17,19.23,19.49,18.99,46304,162582865.0,2.6,0.05,0.01,0.56
1182,2019-11-22,19.39,19.06,19.73,18.88,67457,237967204.0,4.42,-0.88,-0.17,0.81
1183,2019-11-25,19.07,18.64,19.17,18.15,54646,186976615.0,5.35,-2.2,-0.42,0.66
1184,2019-11-26,18.89,19.35,19.35,18.7,87722,307477312.0,3.49,3.81,0.71,1.05
1185,2019-11-27,19.1,19.07,19.48,18.91,49938,174775047.0,2.95,-1.45,-0.28,0.6
1186,2019-11-28,18.96,18.99,19.23,18.77,29859,103595479.0,2.41,-0.42,-0.08,0.36
1187,2019-11-29,18.96,18.9,19.09,18.53,39753,136655435.0,2.95,-0.47,-0.09,0.48
1188,2019-12-02,18.89,18.47,18.93,18.44,42163,143683121.0,2.59,-2.28,-0.43,0.51
1189,2019-12-03,18.51,18.58,18.69,18.34,25459,86337366.0,1.89,0.6,0.11,0.31
1190,2019-12-04,18.46,18.38,18.62,18.24,33300,112047483.0,2.05,-1.08,-0.2,0.4
1191,2019-12-05,18.39,18.86,19.02,18.35,48433,166231965.0,3.65,2.61,0.48,0.58
1192,2019-12-06,18.99,18.68,18.99,18.46,47388,161279486.0,2.81,-0.95,-0.18,0.57
1193,2019-12-09,18.71,19.29,19.4,18.51,70955,247545867.0,4.76,3.27,0.61,0.85
1194,2019-12-10,19.11,19.3,19.32,18.79,61702,214959258.0,2.75,0.05,0.01,0.74
1195,2019-12-11,19.28,19.01,19.28,18.89,34819,120960774.0,2.02,-1.5,-0.29,0.42
1196,2019-12-12,18.99,18.7,18.99,18.59,40099,137415185.0,2.1,-1.63,-0.31,0.48
1197,2019-12-13,18.85,18.99,19.08,18.64,48527,167305207.0,2.35,1.55,0.29,0.58
1198,2019-12-16,19.01,19.3,19.43,18.88,69018,241522380.0,2.9,1.63,0.31,0.83
1199,2019-12-17,19.34,19.43,19.55,19.12,82790,292051360.0,2.23,0.67,0.13,0.99
1200,2019-12-18,19.36,19.14,19.51,19.11,72164,253781375.0,2.06,-1.49,-0.29,0.87
1201,2019-12-19,19.11,19.05,19.33,18.86,49274,171255400.0,2.46,-0.47,-0.09,0.59
1202,2019-12-20,18.98,18.01,19.06,17.93,125716,420458560.0,5.93,-5.46,-1.04,1.51
1203,2019-12-23,17.89,17.99,18.18,17.46,95389,313674928.0,4.0,-0.11,-0.02,1.15
1204,2019-12-24,17.96,18.08,18.38,17.83,45797,152452273.0,3.06,0.5,0.09,0.55
1205,2019-12-25,18.08,18.47,18.5,18.08,56635,190898292.0,2.32,2.16,0.39,0.68
1206,2019-12-26,18.39,18.09,18.63,17.98,50653,169333104.0,3.52,-2.06,-0.38,0.61
1207,2019-12-27,18.21,17.96,18.27,17.84,53569,177151875.0,2.38,-0.72,-0.13,0.64
1208,2019-12-30,17.82,17.99,18.08,17.48,45090,147649331.0,3.34,0.17,0.03,0.54
1209,2019-12-31,17.78,17.93,18.08,17.67,51122,167611001.0,2.28,-0.33,-0.06,0.61
1210,2020-01-02,17.99,18.29,18.44,17.82,62618,209635422.0,3.46,2.01,0.36,0.75
1211,2020-01-03,18.39,18.19,18.4,18.14,43110,144134355.0,1.42,-0.55,-0.1,0.52
1212,2020-01-06,17.92,17.97,18.26,17.81,68558,226501858.0,2.47,-1.21,-0.22,0.82
1213,2020-01-07,17.99,18.34,18.34,17.87,59222,197149906.0,2.62,2.06,0.37,0.71
1214,2020-01-08,18.19,17.87,18.25,17.81,46524,153662953.0,2.4,-2.56,-0.47,0.56
1215,2020-01-09,18.05,18.43,18.51,17.99,80599,270348528.0,2.91,3.13,0.56,0.97
1216,2020-01-10,18.58,18.5,18.97,18.46,81908,280160848.0,2.77,0.38,0.07,0.98
1217,2020-01-13,18.4,18.97,18.99,18.36,75343,258903161.0,3.41,2.54,0.47,0.9
1218,2020-01-14,19.1,18.72,19.27,18.67,59274,204050376.0,3.16,-1.32,-0.25,0.71
1219,2020-01-15,18.66,19.06,19.08,18.66,53895,186554409.0,2.24,1.82,0.34,0.65
1220,2020-01-16,19.06,20.62,20.79,19.0,163519,603722336.0,9.39,8.18,1.56,1.96
1221,2020-01-17,20.62,20.74,20.94,20.41,87030,327840080.0,2.57,0.58,0.12,1.04
1222,2020-01-20,20.74,21.18,21.24,20.36,72140,274421648.0,4.24,2.12,0.44,0.87
1223,2020-01-21,21.18,21.08,21.39,20.57,57837,220649950.0,3.87,-0.47,-0.1,0.69
1224,2020-01-22,20.62,21.39,21.59,20.25,59220,226798161.0,6.36,1.47,0.31,0.71
1225,2020-01-23,21.36,20.72,21.7,20.24,68290,258844733.0,6.83,-3.13,-0.67,0.82
1226,2020-02-03,18.5,19.64,20.47,18.5,110129,397749712.0,9.51,-5.21,-1.08,1.32
1227,2020-02-04,20.31,21.76,21.76,20.14,122638,470203008.0,8.25,10.79,2.12,1.47
1228,2020-02-05,22.41,23.14,23.83,21.54,159532,652254832.0,10.52,6.34,1.38,1.91
1229,2020-02-06,22.76,25.61,25.61,22.54,147811,655776736.0,13.27,10.67,2.47,1.77
1230,2020-02-07,26.3,28.33,28.33,25.68,202142,1002429152.0,10.35,10.62,2.72,2.42
1231,2020-02-10,28.56,27.2,28.99,25.79,220932,1075798720.0,11.3,-3.99,-1.13,2.64
1232,2020-02-11,26.92,26.19,27.12,25.98,157230,740553248.0,4.19,-3.71,-1.01,1.88
1233,2020-02-12,25.89,28.43,28.46,25.89,198692,964994192.0,9.81,8.55,2.24,2.38
1234,2020-02-13,27.4,26.48,28.04,26.27,176125,848070560.0,6.23,-6.86,-1.95,2.11
1235,2020-02-14,25.89,25.86,26.96,25.5,163385,764533120.0,5.51,-2.34,-0.62,1.95
1236,2020-02-17,25.89,26.85,27.13,25.88,135766,646509120.0,4.83,3.83,0.99,1.62
1237,2020-02-18,27.07,27.56,27.81,26.69,120200,585641472.0,4.17,2.64,0.71,1.44
1238,2020-02-19,27.28,26.25,27.36,26.17,123949,588441008.0,4.32,-4.75,-1.31,1.48
1239,2020-02-20,26.45,26.14,26.49,25.33,159712,738998528.0,4.42,-0.42,-0.11,1.91
1240,2020-02-21,26.16,26.43,26.98,26.15,181469,862537504.0,3.18,1.11,0.29,2.17
1241,2020-02-24,26.8,27.28,27.67,26.45,187080,907836960.0,4.62,3.22,0.85,2.24
1242,2020-02-25,26.68,29.06,29.51,26.07,244470,1215449792.0,12.61,6.52,1.78,2.92
1243,2020-02-26,28.46,26.69,28.93,26.28,177974,871313488.0,9.12,-8.16,-2.37,2.13
1244,2020-02-27,26.67,27.52,28.73,25.84,179822,876841472.0,10.83,3.11,0.83,2.15
1245,2020-02-28,25.92,25.32,26.86,24.78,148678,685252432.0,7.56,-7.99,-2.2,1.78
1246,2020-03-02,25.8,26.28,26.95,24.55,164022,757826624.0,9.48,3.79,0.96,1.96
1247,2020-03-03,26.94,27.18,28.57,26.64,175748,865646912.0,7.34,3.42,0.9,2.1
1248,2020-03-04,26.75,27.72,28.34,26.6,139349,688319376.0,6.4,1.99,0.54,1.67
1249,2020-03-05,29.88,27.13,29.93,27.03,186031,936148880.0,10.46,-2.13,-0.59,2.22
1250,2020-03-06,26.3,26.93,27.67,25.99,91442,438243792.0,6.19,-0.74,-0.2,1.09
1251,2020-03-09,26.39,25.67,26.79,25.05,138901,638805200.0,6.46,-4.68,-1.26,1.66
1252,2020-03-10,25.25,26.99,27.57,25.25,137298,646949312.0,9.04,5.14,1.32,1.64
1253,2020-03-11,27.05,27.09,27.92,26.87,104684,510168672.0,3.89,0.37,0.1,1.25
1254,2020-03-12,26.27,25.88,26.54,25.51,84792,394238464.0,3.8,-4.47,-1.21,1.01
1255,2020-03-13,24.5,26.51,26.85,24.5,109499,509910992.0,9.08,2.43,0.63,1.31
1256,2020-03-16,26.96,24.64,27.1,23.89,118102,539871008.0,12.11,-7.05,-1.87,1.41
1257,2020-03-17,25.09,24.86,25.48,23.4,104768,462658144.0,8.44,0.89,0.22,1.25
1258,2020-03-18,25.27,24.27,25.91,24.24,76780,345440192.0,6.72,-2.37,-0.59,0.92
1259,2020-03-19,24.39,24.67,24.96,23.64,85512,374579744.0,5.44,1.65,0.4,1.02
1260,2020-03-20,25.04,25.99,26.21,24.85,109514,500252832.0,5.51,5.35,1.32,1.31
1261,2020-03-23,25.09,25.24,26.12,24.7,84707,384140576.0,5.46,-2.89,-0.75,1.01
1262,2020-03-24,25.68,24.82,26.14,23.73,156044,702892784.0,9.55,-1.66,-0.42,1.87
1263,2020-03-25,25.38,24.89,25.38,24.21,99400,442321664.0,4.71,0.28,0.07,1.19
1264,2020-03-26,24.5,24.09,25.24,23.91,81884,359286304.0,5.34,-3.21,-0.8,0.98
1265,2020-03-27,24.37,22.86,24.48,22.72,145146,607000544.0,7.31,-5.11,-1.23,1.74
1266,2020-03-30,22.68,21.44,22.68,21.27,104508,409541408.0,6.17,-6.21,-1.42,1.25
1267,2020-03-31,21.81,21.98,22.51,21.81,88938,356115440.0,3.26,2.52,0.54,1.06
1268,2020-04-01,22.12,21.9,22.51,21.64,53815,215203872.0,3.96,-0.36,-0.08,0.64
1269,2020-04-02,22.11,22.73,22.78,21.72,69430,280294320.0,4.84,3.79,0.83,0.83
1270,2020-04-03,22.81,22.29,23.17,22.2,54527,222470546.0,4.27,-1.94,-0.44,0.65
1271,2020-04-07,22.84,22.99,23.18,22.72,68031,281954976.0,2.06,3.14,0.7,0.81
1272,2020-04-08,22.87,23.07,23.27,22.84,45333,188348018.0,1.87,0.35,0.08,0.54
1273,2020-04-09,23.3,23.49,23.56,23.12,48746,204945171.0,1.91,1.82,0.42,0.58
1274,2020-04-10,23.37,22.59,23.64,22.27,68637,283164192.0,5.83,-3.83,-0.9,0.82
1275,2020-04-13,22.59,22.96,23.08,22.17,49117,200851308.0,4.03,1.64,0.37,0.59
1276,2020-04-14,23.48,25.41,25.41,23.48,160738,723689808.0,8.41,10.67,2.45,1.92
1277,2020-04-15,25.12,25.43,25.7,24.83,123825,561940064.0,3.42,0.08,0.02,1.48
1278,2020-04-16,25.37,25.95,26.24,24.98,107684,496995296.0,4.95,2.04,0.52,1.29
1279,2020-04-17,26.26,25.93,26.54,25.86,85228,399065632.0,2.62,-0.08,-0.02,1.02
1280,2020-04-20,26.09,26.75,27.4,26.09,113585,543342800.0,5.05,3.16,0.82,1.36
1281,2020-04-21,26.92,27.11,27.34,26.49,75670,364877568.0,3.18,1.35,0.36,0.9
1282,2020-04-22,27.1,27.18,27.68,26.44,89672,433564448.0,4.57,0.26,0.07,1.07
1283,2020-04-23,27.18,26.63,27.41,26.4,66911,319941664.0,3.72,-2.02,-0.55,0.8
1284,2020-04-24,26.59,26.71,27.26,26.44,51446,246563392.0,3.08,0.3,0.08,0.62
1285,2020-04-27,26.75,26.41,27.01,26.28,53747,255238167.0,2.73,-1.12,-0.3,0.64
1286,2020-04-28,26.47,26.82,27.41,25.83,70007,334747504.0,5.98,1.55,0.41,0.84
1287,2020-04-29,27.04,28.05,28.32,26.82,84595,417564992.0,5.59,4.59,1.23,1.01
1288,2020-04-30,28.2,28.46,29.53,28.2,113800,585589712.0,4.74,1.46,0.41,1.36
1289,2020-05-06,28.76,29.49,29.93,28.63,105108,550613840.0,4.57,3.62,1.03,1.26
1290,2020-05-07,29.35,30.12,30.52,28.51,114945,605105840.0,6.82,2.14,0.63,1.37
1291,2020-05-08,29.93,30.25,31.16,29.93,74907,404809680.0,4.08,0.43,0.13,0.9
1292,2020-05-11,30.4,30.18,30.63,29.91,59515,319612784.0,2.38,-0.23,-0.07,0.71
1293,2020-05-12,30.11,30.57,30.74,29.41,56968,306452384.0,4.41,1.29,0.39,0.68
1294,2020-05-13,30.57,30.93,31.18,30.27,44326,241681044.0,2.98,1.18,0.36,0.53
1295,2020-05-14,30.93,30.41,31.09,30.41,39695,216134364.0,2.2,-1.68,-0.52,0.47
1296,2020-05-15,30.49,31.42,31.91,30.49,72462,403433488.0,4.67,3.32,1.01,0.87
1297,2020-05-18,31.53,31.48,32.34,30.42,68951,384731456.0,6.11,0.19,0.06,0.82
1298,2020-05-19,31.51,32.14,32.51,31.2,46002,260735195.0,4.16,2.1,0.66,0.55
1299,2020-05-20,32.06,30.98,32.4,30.75,64777,360994224.0,5.13,-3.61,-1.16,0.77
1300,2020-05-21,31.22,30.95,31.83,30.9,52108,289553520.0,3.0,-0.1,-0.03,0.62
1301,2020-05-22,31.09,30.46,31.56,30.18,71224,388877648.0,4.46,-1.58,-0.49,0.85
1302,2020-05-25,30.62,30.63,31.78,30.3,59170,322752784.0,4.86,0.56,0.17,0.71
1303,2020-05-26,31.04,31.99,32.43,30.68,56647,319713760.0,5.71,4.44,1.36,0.68
1304,2020-05-27,31.99,30.72,32.27,30.6,63303,351275248.0,5.22,-3.97,-1.27,0.76
1305,2020-05-28,31.25,31.47,31.98,30.86,58500,326144864.0,3.65,2.44,0.75,0.7
1306,2020-05-29,31.34,31.95,31.95,31.04,56256,314564256.0,2.89,1.53,0.48,0.67
1307,2020-06-01,31.94,32.4,32.95,31.8,80443,461737360.0,3.6,1.41,0.45,0.96
1308,2020-06-02,32.44,30.68,32.54,30.47,109113,601595408.0,6.39,-5.31,-1.72,1.3
1309,2020-06-03,30.95,31.4,31.48,30.3,67000,369001728.0,3.85,2.35,0.72,0.8
1310,2020-06-04,31.12,31.19,31.71,31.01,36549,202616826.0,2.23,-0.67,-0.21,0.44
1311,2020-06-05,31.4,31.38,31.89,30.96,43618,243090746.0,2.98,0.61,0.19,0.52
1312,2020-06-08,31.83,30.32,31.85,30.15,72838,395935344.0,5.42,-3.38,-1.06,0.87
1313,2020-06-09,30.43,31.21,31.65,29.59,71074,390417904.0,6.79,2.94,0.89,0.85
1314,2020-06-10,31.25,30.99,31.59,30.78,46775,257636598.0,2.6,-0.7,-0.22,0.56
1315,2020-06-11,31.36,31.08,31.73,30.77,50970,282196768.0,3.1,0.29,0.09,0.61
1316,2020-06-12,30.53,30.68,30.98,30.06,93687,501841056.0,2.96,-1.29,-0.4,1.12
1317,2020-06-15,30.59,29.8,31.08,29.8,68659,367202960.0,4.17,-2.87,-0.88,0.82
1318,2020-06-16,30.16,30.96,31.35,30.06,74284,404178848.0,4.33,3.89,1.16,0.89
1319,2020-06-17,31.24,30.46,31.39,30.2,45926,247964540.0,3.84,-1.61,-0.5,0.55
1320,2020-06-18,30.62,30.38,30.86,29.68,71383,379737312.0,3.87,-0.26,-0.08,0.85
1321,2020-06-19,30.53,31.36,31.83,30.48,73533,404985920.0,4.44,3.23,0.98,0.88
1322,2020-06-22,31.64,31.78,32.27,31.25,67688,378634672.0,3.25,1.34,0.42,0.81
1323,2020-06-23,31.79,34.44,34.66,31.63,122967,726026400.0,9.53,8.37,2.66,1.47
1324,2020-06-24,34.2,33.36,34.6,33.09,103192,607558448.0,4.38,-3.14,-1.08,1.23
1325,2020-06-29,33.17,32.98,33.47,32.72,66098,382640688.0,2.25,-1.14,-0.38,0.79
1326,2020-06-30,33.36,33.66,33.8,33.17,83074,488629696.0,1.91,2.06,0.68,0.99
1327,2020-07-01,33.78,32.55,33.96,31.84,106968,614137024.0,6.3,-3.3,-1.11,1.28
1328,2020-07-02,32.42,32.04,32.71,31.88,97072,548932032.0,2.55,-1.57,-0.51,1.16
1329,2020-07-03,32.07,31.88,32.22,31.12,84483,472054512.0,3.43,-0.5,-0.16,1.01
1330,2020-07-06,32.18,32.9,33.05,31.59,115451,657909536.0,4.58,3.2,1.02,1.38
1331,2020-07-07,32.99,34.25,35.07,32.53,147671,880265376.0,7.72,4.1,1.35,1.77
1332,2020-07-08,37.56,37.81,37.81,35.98,188802,1230978976.0,5.34,10.39,3.56,2.26
1333,2020-07-09,38.52,39.11,39.7,38.3,164159,1119553168.0,3.7,3.44,1.3,1.96
1334,2020-07-10,38.73,41.31,42.64,38.35,138343,987207232.0,10.97,5.63,2.2,1.65
1335,2020-07-13,40.69,41.74,42.12,40.12,120563,865173344.0,4.84,1.04,0.43,1.44
1336,2020-07-14,41.24,41.27,41.6,40.52,93069,665285264.0,2.59,-1.13,-0.47,1.11
1337,2020-07-15,41.05,40.16,41.69,39.62,96615,683317936.0,5.02,-2.69,-1.11,1.16
1338,2020-07-16,40.61,38.82,41.89,38.44,115829,814676784.0,8.59,-3.34,-1.34,1.38
1339,2020-07-17,39.7,39.9,40.96,39.3,108142,757014224.0,4.28,2.78,1.08,1.29
1340,2020-07-20,40.41,40.24,40.8,37.44,104497,721390208.0,8.42,0.85,0.34,1.25
1341,2020-07-21,40.05,40.71,41.19,39.53,74676,526273280.0,4.13,1.17,0.47,0.89
1342,2020-07-22,40.28,41.17,42.34,40.28,91523,662108256.0,5.06,1.13,0.46,1.09
1343,2020-07-23,40.83,41.53,41.83,40.18,71603,513257296.0,4.01,0.87,0.36,0.86
1344,2020-07-24,41.53,40.41,42.41,39.94,80723,576992320.0,5.95,-2.7,-1.12,0.97
1345,2020-07-27,40.42,39.41,41.53,38.93,79522,554472208.0,6.43,-2.47,-1.0,0.95
1346,2020-07-28,39.53,40.24,41.12,39.53,66183,466714544.0,4.03,2.11,0.83,0.79
1347,2020-07-29,40.7,42.12,42.16,40.43,89685,650434080.0,4.3,4.67,1.88,1.07
1348,2020-07-30,42.66,40.21,42.69,39.82,103582,732429600.0,6.81,-4.53,-1.91,1.24
1349,2020-07-31,40.12,40.86,41.7,39.94,71130,508043456.0,4.38,1.62,0.65,0.85
1350,2020-08-03,41.11,41.18,41.72,40.73,64516,462611616.0,2.42,0.78,0.32,0.77
1351,2020-08-04,41.3,40.67,42.01,40.33,66369,475600128.0,4.08,-1.24,-0.51,0.79
1352,2020-08-05,41.6,44.86,44.86,40.93,111410,832635088.0,9.66,10.3,4.19,1.33
1353,2020-08-06,44.14,42.47,44.25,41.89,143352,1063532192.0,5.26,-5.33,-2.39,1.71
1354,2020-08-07,41.89,41.39,42.82,40.99,78992,575184432.0,4.31,-2.54,-1.08,0.94
1355,2020-08-10,40.91,39.99,40.91,39.28,80307,561261392.0,3.94,-3.38,-1.4,0.96
1356,2020-08-11,40.12,39.1,40.53,38.97,63654,440424112.0,3.9,-2.23,-0.89,0.76
1357,2020-08-12,39.25,38.25,39.46,37.16,67249,445805536.0,5.88,-2.17,-0.85,0.8
1358,2020-08-13,38.4,38.15,39.2,37.75,41214,277103344.0,3.79,-0.26,-0.1,0.49
1359,2020-08-14,38.04,38.83,39.21,37.99,45413,306423488.0,3.2,1.78,0.68,0.54
1360,2020-08-17,39.08,38.58,39.16,37.76,68059,457251136.0,3.61,-0.64,-0.25,0.81
1361,2020-08-18,38.86,39.08,39.18,38.38,42882,291257184.0,2.07,1.3,0.5,0.51
1362,2020-08-19,38.93,38.16,39.46,38.05,55210,373808784.0,3.61,-2.35,-0.92,0.66
1363,2020-08-20,38.31,38.34,38.75,37.55,50913,339142112.0,3.14,0.47,0.18,0.61
1364,2020-08-21,39.23,37.99,39.23,37.75,55976,374088448.0,3.86,-0.91,-0.35,0.67
1365,2020-08-24,38.3,40.05,40.53,38.28,97855,673823216.0,5.92,5.42,2.06,1.17
1366,2020-08-25,40.15,39.38,40.28,39.3,50933,353407200.0,2.45,-1.67,-0.67,0.61
1367,2020-08-26,39.11,39.76,40.11,38.98,46605,322135536.0,2.87,0.96,0.38,0.56
1368,2020-08-27,39.6,40.67,41.24,38.93,66083,464124688.0,5.81,2.29,0.91,0.79
1369,2020-08-28,40.67,41.2,41.21,40.12,49340,350808528.0,2.68,1.3,0.53,0.59
1370,2020-08-31,41.47,39.83,41.59,39.83,74802,524408944.0,4.27,-3.33,-1.37,0.89
1371,2020-09-01,39.73,39.88,40.09,39.16,44370,307487856.0,2.33,0.13,0.05,0.53
1372,2020-09-02,40.0,40.92,41.21,39.56,66238,469029424.0,4.14,2.61,1.04,0.79
1373,2020-09-03,41.18,41.07,41.59,40.73,44339,317761056.0,2.1,0.37,0.15,0.53
1374,2020-09-04,40.53,39.99,41.31,39.63,45082,315797152.0,4.09,-2.63,-1.08,0.54
1375,2020-09-07,40.19,39.62,41.01,39.35,51056,358106352.0,4.15,-0.93,-0.37,0.61
1376,2020-09-08,39.65,38.4,39.78,38.15,52764,357038400.0,4.11,-3.08,-1.22,0.63
1377,2020-09-09,38.05,38.46,38.99,36.46,75381,495696032.0,6.59,0.16,0.06,0.9
1378,2020-09-10,38.34,37.81,39.59,37.65,45930,309711600.0,5.04,-1.69,-0.65,0.55
1379,2020-09-11,37.76,39.3,39.41,37.75,44508,301252320.0,4.39,3.94,1.49,0.53
1380,2020-09-14,39.33,40.36,41.14,39.33,52320,369581856.0,4.61,2.7,1.06,0.63
1381,2020-09-15,40.12,40.41,40.68,40.12,24724,174258738.0,1.39,0.12,0.05,0.3
1382,2020-09-16,40.18,40.21,40.89,39.88,23233,162999913.0,2.5,-0.49,-0.2,0.28
1383,2020-09-17,40.34,39.88,40.65,39.53,37033,258714101.0,2.79,-0.82,-0.33,0.44
1384,2020-09-18,39.97,39.94,40.47,39.51,35582,247957793.0,2.41,0.15,0.06,0.43
1385,2020-09-21,40.39,39.19,40.74,39.09,39732,275004960.0,4.13,-1.88,-0.75,0.48
1386,2020-09-22,39.08,38.59,39.58,38.59,34347,234825634.0,2.53,-1.53,-0.6,0.41
1387,2020-09-23,39.04,39.64,39.82,38.73,33947,233619115.0,2.82,2.72,1.05,0.41
1388,2020-09-24,39.37,39.61,40.22,39.37,41988,291770304.0,2.14,-0.08,-0.03,0.5
1389,2020-09-25,40.03,40.37,41.83,39.41,72586,516916208.0,6.11,1.92,0.76,0.87
1390,2020-09-28,40.71,40.85,41.4,40.25,49647,354856464.0,2.85,1.19,0.48,0.59
1391,2020-09-29,41.0,41.52,42.09,40.64,55446,401670368.0,3.55,1.64,0.67,0.66
1392,2020-09-30,41.73,41.5,42.13,41.05,54660,397140144.0,2.6,-0.05,-0.02,0.65
1393,2020-10-09,42.38,42.78,43.04,41.72,67480,498592080.0,3.18,3.08,1.28,0.81
1394,2020-10-12,43.26,42.87,43.31,42.51,68047,507593632.0,1.87,0.21,0.09,0.81
1395,2020-10-13,42.9,43.4,43.53,41.9,51375,381993584.0,3.8,1.24,0.53,0.61
1396,2020-10-14,42.37,39.47,42.45,38.93,181456,1272527888.0,8.11,-9.06,-3.93,2.17
1397,2020-10-15,39.47,39.49,40.24,38.11,94826,646453392.0,5.4,0.05,0.02,1.13
1398,2020-10-16,39.31,40.26,40.78,39.11,57324,400469552.0,4.23,1.95,0.77,0.69
1399,2020-10-19,40.64,38.36,40.7,38.35,62631,427779040.0,5.84,-4.72,-1.9,0.75
1400,2020-10-20,38.57,39.11,39.13,38.34,32194,218211957.0,2.06,1.96,0.75,0.38
1401,2020-10-21,38.94,38.31,39.11,37.78,43233,289710640.0,3.4,-2.05,-0.8,0.52
1402,2020-10-22,38.21,37.81,38.4,37.46,28747,189866707.0,2.45,-1.31,-0.5,0.34
1403,2020-10-23,37.63,35.35,38.09,35.0,71317,453160640.0,8.17,-6.51,-2.46,0.85
1404,2020-10-26,35.37,35.44,36.53,35.03,64566,404490688.0,4.24,0.25,0.09,0.77
1405,2020-10-27,35.41,35.8,36.04,35.08,58388,364142368.0,2.71,1.02,0.36,0.7
1406,2020-10-28,36.05,37.05,37.54,35.46,58566,375679216.0,5.81,3.49,1.25,0.7
1407,2020-10-29,36.61,36.84,37.15,36.05,38051,243719144.0,2.97,-0.57,-0.21,0.45
1408,2020-10-30,37.14,36.29,37.39,36.1,33183,213076118.0,3.5,-1.49,-0.55,0.4
1409,2020-11-02,36.54,35.36,36.54,35.31,72665,454473488.0,3.39,-2.56,-0.93,0.87
1410,2020-11-03,35.85,35.58,36.02,35.02,59539,370259120.0,2.83,0.62,0.22,0.71
1411,2020-11-04,35.48,35.98,36.19,35.21,35095,219763849.0,2.75,1.12,0.4,0.42
1412,2020-11-05,36.44,37.31,37.57,36.07,54008,348801168.0,4.17,3.7,1.33,0.65
1413,2020-11-06,37.31,36.39,37.31,35.98,38585,246519241.0,3.56,-2.47,-0.92,0.46
1414,2020-11-09,36.6,37.3,38.05,36.4,60452,394310096.0,4.53,2.5,0.91,0.72
1415,2020-11-10,37.43,36.1,37.43,35.98,52037,331004000.0,3.89,-3.22,-1.2,0.62
1416,2020-11-11,35.83,35.17,36.65,35.08,41891,262093413.0,4.35,-2.58,-0.93,0.5
1417,2020-11-12,35.35,34.13,35.96,33.79,62261,375911264.0,6.17,-2.96,-1.04,0.74
1418,2020-11-13,33.95,34.74,34.78,33.38,49232,294684560.0,4.1,1.79,0.61,0.59
1419,2020-11-16,34.49,36.59,36.86,33.96,77031,485252880.0,8.35,5.33,1.85,0.92
1420,2020-11-17,36.67,34.85,36.75,34.2,68020,417595584.0,6.97,-4.76,-1.74,0.81
1421,2020-11-18,34.94,34.44,35.26,34.02,43522,263692203.0,3.56,-1.18,-0.41,0.52
1422,2020-11-19,34.98,35.81,36.1,34.2,47020,291945696.0,5.52,3.98,1.37,0.56
1423,2020-11-20,35.87,35.54,36.27,35.43,29104,182366217.0,2.35,-0.75,-0.27,0.35
1424,2020-11-23,35.82,35.46,35.82,34.92,32317,199781228.0,2.53,-0.23,-0.08,0.39
1425,2020-11-24,35.21,35.3,35.57,34.67,29226,180032015.0,2.54,-0.45,-0.16,0.35
1426,2020-11-25,35.51,34.29,35.51,34.25,30135,182552903.0,3.57,-2.86,-1.01,0.36
1427,2020-11-26,34.44,34.32,34.74,33.92,25931,156135257.0,2.39,0.09,0.03,0.31
1428,2020-11-27,34.34,34.19,34.78,33.98,25638,154335366.0,2.33,-0.38,-0.13,0.31
1429,2020-11-30,34.65,34.49,35.63,33.76,67673,413783808.0,5.47,0.88,0.3,0.81
1430,2020-12-01,34.72,34.44,34.9,34.05,64166,387098496.0,2.46,-0.14,-0.05,0.77
1431,2020-12-02,34.7,34.14,34.73,33.91,49934,299676416.0,2.38,-0.87,-0.3,0.6
1432,2020-12-03,34.2,35.46,35.59,33.8,69097,424352352.0,5.24,3.87,1.32,0.83
1433,2020-12-04,35.38,35.25,35.64,35.07,24695,152531945.0,1.61,-0.59,-0.21,0.3
1434,2020-12-07,35.44,36.56,36.84,35.28,62417,397077792.0,4.43,3.72,1.31,0.75
1435,2020-12-08,36.63,36.6,37.03,36.14,37389,240396122.0,2.43,0.11,0.04,0.45
1436,2020-12-09,36.54,35.64,37.07,35.54,43605,274957088.0,4.18,-2.62,-0.96,0.52
1437,2020-12-10,35.51,36.63,36.71,35.45,48584,309213136.0,3.54,2.78,0.99,0.58
1438,2020-12-11,36.63,36.08,36.97,35.92,72752,462716256.0,2.87,-1.5,-0.55,0.87
1439,2020-12-14,36.39,35.04,36.39,34.79,83127,513542512.0,4.43,-2.88,-1.04,0.99
1440,2020-12-15,35.15,36.38,36.59,34.8,64673,406608976.0,5.11,3.82,1.34,0.77
1441,2020-12-16,36.57,36.41,36.86,36.01,32836,209548295.0,2.34,0.08,0.03,0.39
1442,2020-12-17,36.18,36.04,36.84,35.76,37593,237333854.0,2.97,-1.02,-0.37,0.45
1443,2020-12-18,36.22,35.86,36.42,35.72,27059,170580875.0,1.94,-0.5,-0.18,0.32
1444,2020-12-21,35.89,36.78,37.01,35.63,46240,296021312.0,3.85,2.57,0.92,0.55
1445,2020-12-22,36.51,36.96,38.34,36.41,57454,377392576.0,5.25,0.49,0.18,0.69
1446,2020-12-23,37.25,37.56,37.66,36.57,44536,289578800.0,2.95,1.62,0.6,0.53
1447,2020-12-24,37.56,37.87,38.49,37.44,35839,238398936.0,2.8,0.83,0.31,0.43
1448,2020-12-25,37.56,36.18,37.9,36.03,51527,330392416.0,4.94,-4.46,-1.69,0.62
1449,2020-12-28,36.41,37.44,37.84,36.12,50741,331064160.0,4.75,3.48,1.26,0.61
1450,2020-12-29,37.1,37.38,37.65,36.75,38075,248747789.0,2.4,-0.16,-0.06,0.46
1451,2020-12-30,37.16,37.72,37.86,37.16,38580,253452690.0,1.87,0.91,0.34,0.46
1452,2020-12-31,37.44,39.51,39.82,37.44,78380,534185024.0,6.31,4.75,1.79,0.94
1453,2021-01-04,39.82,40.0,40.56,39.22,70642,491960880.0,3.39,1.24,0.49,0.84
1454,2021-01-05,39.89,39.79,40.28,39.05,78252,543182656.0,3.08,-0.53,-0.21,0.94
1455,2021-01-06,40.14,38.18,40.24,37.79,86003,583773056.0,6.16,-4.05,-1.61,1.03
1456,2021-01-07,38.41,36.56,38.58,35.68,115224,740737856.0,7.6,-4.24,-1.62,1.38
1457,2021-01-08,36.22,36.63,37.1,36.16,68184,437370192.0,2.57,0.19,0.07,0.82
1458,2021-01-11,36.98,35.34,36.98,34.97,91620,575983744.0,5.49,-3.52,-1.29,1.1
1459,2021-01-12,35.66,35.68,35.86,35.21,49329,306365776.0,1.84,0.96,0.34,0.59
1460,2021-01-13,35.68,34.5,35.96,34.24,80476,493430176.0,4.82,-3.31,-1.18,0.96
1461,2021-01-14,35.09,35.92,36.72,34.54,81739,511417232.0,6.32,4.12,1.42,0.98
1462,2021-01-15,35.98,34.96,35.98,34.83,50228,310535584.0,3.2,-2.67,-0.96,0.6
1463,2021-01-18,34.96,35.92,36.24,34.28,59562,371347680.0,5.61,2.75,0.96,0.71
1464,2021-01-19,35.82,36.26,36.68,35.69,58840,373048224.0,2.76,0.95,0.34,0.7
1465,2021-01-20,36.26,37.21,37.31,35.88,66036,425053040.0,3.94,2.62,0.95,0.79
1466,2021-01-21,37.56,37.8,38.22,36.98,58715,386202912.0,3.33,1.59,0.59,0.7
1467,2021-01-22,37.79,35.6,38.21,35.53,98590,629792768.0,7.09,-5.82,-2.2,1.18
1468,2021-01-25,35.6,37.04,37.38,35.54,85127,548033520.0,5.17,4.04,1.44,1.02
1469,2021-01-26,36.96,36.78,37.61,36.27,73409,473626976.0,3.62,-0.7,-0.26,0.87
1470,2021-01-27,36.59,38.05,38.14,36.5,64207,421907632.0,4.46,3.45,1.27,0.76
1471,2021-01-28,37.44,37.57,38.76,37.21,73943,488144256.0,4.07,-1.26,-0.48,0.88
1472,2021-01-29,37.31,38.09,38.36,37.04,75073,495133328.0,3.51,1.38,0.52,0.89
1473,2021-02-01,37.16,36.45,38.04,35.78,105238,677162352.0,5.93,-4.31,-1.64,1.25
1474,2021-02-02,36.28,38.72,38.75,36.28,90405,601573712.0,6.78,6.23,2.27,1.08
1475,2021-02-03,38.73,38.79,39.51,38.17,62986,427732752.0,3.46,0.18,0.07,0.75
1476,2021-02-04,38.59,37.86,38.93,37.17,51770,342388272.0,4.54,-2.4,-0.93,0.62
1477,2021-02-05,37.75,38.55,39.69,37.68,63914,433570336.0,5.31,1.82,0.69,0.76
1478,2021-02-08,38.94,38.12,39.29,37.52,61443,408628160.0,4.59,-1.12,-0.43,0.73
1479,2021-02-09,38.12,39.57,39.62,37.41,72576,491337136.0,5.8,3.8,1.45,0.86
1480,2021-02-10,39.29,38.11,39.32,38.05,68484,460479856.0,3.21,-3.69,-1.46,0.82
1481,2021-02-18,38.53,39.04,39.86,37.75,88600,602996096.0,5.54,2.44,0.93,1.06
1482,2021-02-19,38.83,36.8,38.91,35.37,125152,800933696.0,9.07,-5.74,-2.24,1.49
1483,2021-02-22,36.8,35.74,36.85,35.24,87316,548023696.0,4.38,-2.88,-1.06,1.04
1484,2021-02-23,35.26,34.84,35.59,34.79,53320,329140368.0,2.24,-2.52,-0.9,0.64
1485,2021-02-24,34.97,34.38,35.33,34.24,52353,318223552.0,3.13,-1.32,-0.46,0.62
1486,2021-02-25,34.51,32.47,34.77,32.36,101823,595133904.0,7.01,-5.56,-1.91,1.21
1487,2021-02-26,31.72,32.58,32.69,31.02,83145,462491072.0,5.14,0.34,0.11,0.99
1488,2021-03-01,32.24,33.02,33.43,32.14,48876,283008800.0,3.96,1.35,0.44,0.58
1489,2021-03-02,33.03,32.37,33.31,32.01,39219,224102989.0,3.94,-1.97,-0.65,0.47
1490,2021-03-03,32.43,33.14,33.27,31.81,37898,217373438.0,4.51,2.38,0.77,0.45
1491,2021-03-04,32.76,30.66,32.89,30.53,68649,378936704.0,7.12,-7.48,-2.48,0.82
1492,2021-03-05,30.54,31.01,31.36,30.51,33187,181328308.0,2.77,1.14,0.35,0.4
1493,2021-03-08,31.18,30.2,31.18,29.81,43234,231164813.0,4.42,-2.61,-0.81,0.51
1494,2021-03-09,29.95,29.19,30.41,29.02,67146,352849616.0,4.6,-3.34,-1.01,0.8
1495,2021-03-10,29.63,28.88,30.17,28.73,54964,283650736.0,4.93,-1.06,-0.31,0.65
1496,2021-03-11,28.91,29.15,29.33,28.47,44636,227888728.0,2.98,0.93,0.27,0.53
1497,2021-03-12,29.04,28.92,29.11,28.34,45235,228953446.0,2.64,-0.79,-0.23,0.54
1498,2021-03-15,28.63,28.79,30.16,28.58,53613,278074496.0,5.46,-0.45,-0.13,0.64
1499,2021-03-16,28.99,29.22,29.39,28.61,44086,225925738.0,2.71,1.49,0.43,0.53
1500,2021-03-17,29.34,30.96,31.35,29.07,79229,426333952.0,7.8,5.95,1.74,0.94
1501,2021-03-18,30.96,30.98,31.39,30.66,33762,184484735.0,2.36,0.06,0.02,0.4
1502,2021-03-19,30.37,30.85,31.11,30.36,37925,205517198.0,2.42,-0.42,-0.13,0.45
1503,2021-03-22,31.0,30.78,31.7,30.6,40150,218916792.0,3.57,-0.23,-0.07,0.48
1504,2021-03-23,30.78,31.11,31.36,30.44,30775,167331362.0,2.99,1.07,0.33,0.37
1505,2021-03-24,31.07,31.1,32.11,30.89,50454,279215232.0,3.92,-0.03,-0.01,0.6
1506,2021-03-25,31.23,31.85,31.86,30.95,34584,192070104.0,2.93,2.41,0.75,0.41
1507,2021-03-26,32.07,32.16,32.4,31.6,30915,174453856.0,2.51,0.97,0.31,0.37
1508,2021-03-29,32.17,31.95,32.35,31.49,24694,138702688.0,2.67,-0.65,-0.21,0.29
1509,2021-03-30,31.77,33.2,33.38,31.72,46001,266059780.0,5.2,3.91,1.25,0.55
1510,2021-03-31,33.2,33.27,33.46,32.84,33516,195589610.0,1.87,0.21,0.07,0.4
1511,2021-04-01,33.25,32.94,33.43,32.77,21975,127558324.0,1.98,-0.99,-0.33,0.26
1512,2021-04-02,33.28,32.37,33.66,32.14,46219,265722930.0,4.61,-1.73,-0.57,0.55
1513,2021-04-06,32.4,33.43,33.53,32.38,31993,186525341.0,3.55,3.27,1.06,0.38
1514,2021-04-07,33.43,33.2,33.6,32.9,34057,197913083.0,2.09,-0.69,-0.23,0.41
1515,2021-04-08,33.11,34.08,34.14,33.04,38408,227289229.0,3.31,2.65,0.88,0.46
1516,2021-04-09,34.0,33.38,34.18,32.72,39384,228820650.0,4.28,-2.05,-0.7,0.47
1517,2021-04-12,33.31,32.64,33.31,32.49,20652,119078719.0,2.46,-2.22,-0.74,0.25
1518,2021-04-13,33.12,32.86,33.48,32.46,26851,155153308.0,3.13,0.67,0.22,0.32
1519,2021-04-14,33.12,34.66,34.67,32.84,54123,325518720.0,5.57,5.48,1.8,0.64
1520,2021-04-15,35.09,34.92,35.11,33.72,54668,330930128.0,4.01,0.75,0.26,0.65
1521,2021-04-16,35.14,35.38,35.53,34.81,42481,262989141.0,2.06,1.32,0.46,0.51
1522,2021-04-19,35.3,35.98,36.05,34.79,42366,264784048.0,3.56,1.7,0.6,0.5
1523,2021-04-20,36.69,36.33,37.31,35.47,84755,539346912.0,5.11,0.97,0.35,1.01
1524,2021-04-21,35.78,36.07,36.69,35.78,33410,212256729.0,2.5,-0.72,-0.26,0.4
1525,2021-04-22,36.44,37.44,37.59,36.08,55086,358137872.0,4.19,3.8,1.37,0.66
1526,2021-04-23,37.51,37.15,37.83,36.86,40006,261339219.0,2.59,-0.77,-0.29,0.48
1527,2021-04-26,36.92,35.98,37.46,35.93,56687,362390768.0,4.12,-3.15,-1.17,0.68
1528,2021-04-27,35.97,36.5,36.83,35.91,32674,208716083.0,2.56,1.45,0.52,0.39
1529,2021-04-28,36.56,36.39,37.01,36.2,31537,201355033.0,2.22,-0.3,-0.11,0.38
1530,2021-04-29,36.39,36.31,36.75,36.0,27853,177233216.0,2.06,-0.22,-0.08,0.33
1531,2021-04-30,35.98,36.21,36.64,35.92,19645,124715322.0,1.98,-0.28,-0.1,0.23
1532,2021-05-06,36.25,37.15,37.43,36.22,50227,325861600.0,3.34,2.6,0.94,0.6
1533,2021-05-07,37.31,36.2,37.31,36.2,32762,209501489.0,2.99,-2.56,-0.95,0.39
1534,2021-05-10,36.25,36.11,36.44,35.2,38549,241210216.0,3.43,-0.25,-0.09,0.46
1535,2021-05-11,36.07,36.72,37.1,35.91,36678,235113421.0,3.3,1.69,0.61,0.44
1536,2021-05-13,36.57,35.05,36.57,34.25,51586,315427760.0,6.32,-4.55,-1.67,0.61
1537,2021-05-14,35.27,34.35,35.27,33.79,55388,333255056.0,4.22,-2.0,-0.7,0.66
1538,2021-05-17,34.53,36.3,36.44,34.37,54247,341909552.0,6.03,5.68,1.95,0.65
1539,2021-05-18,36.26,35.99,36.44,35.61,30297,190762397.0,2.29,-0.85,-0.31,0.36
1540,2021-05-19,36.0,35.69,36.38,35.51,21155,132871190.0,2.42,-0.83,-0.3,0.25
1541,2021-05-20,35.86,35.44,35.98,35.34,24156,150507560.0,1.79,-0.7,-0.25,0.29
1542,2021-05-21,35.51,35.31,36.14,34.73,47089,290356224.0,3.98,-0.37,-0.13,0.56
1543,2021-05-24,34.95,37.45,37.63,34.85,79518,511736272.0,7.87,6.06,2.14,0.95
1544,2021-05-25,37.75,38.17,38.28,37.51,40437,268729808.0,2.06,1.92,0.72,0.48
1545,2021-05-26,38.14,37.59,38.47,37.55,23550,155858422.0,2.41,-1.52,-0.58,0.28
1546,2021-05-27,37.62,37.86,38.14,37.22,28720,189207707.0,2.45,0.72,0.27,0.34
1547,2021-05-28,37.85,37.72,38.55,37.51,28844,191401970.0,2.75,-0.37,-0.14,0.34
1548,2021-05-31,38.02,37.99,38.3,37.38,31371,207380172.0,2.44,0.72,0.27,0.37
1549,2021-06-01,38.01,37.74,38.14,37.21,28223,185567981.0,2.45,-0.66,-0.25,0.34
1550,2021-06-02,37.91,36.93,37.91,36.7,32470,210403441.0,3.21,-2.15,-0.81,0.39
1551,2021-06-03,37.04,36.39,37.4,36.3,23140,149132155.0,2.98,-1.46,-0.54,0.28
1552,2021-06-04,36.27,35.82,36.66,35.68,32968,207932679.0,2.69,-1.57,-0.57,0.39
1553,2021-06-07,36.2,37.04,37.15,35.79,30332,194631456.0,3.8,3.41,1.22,0.36
1554,2021-06-08,37.04,36.45,37.21,36.07,30009,191757660.0,3.08,-1.59,-0.59,0.36
1555,2021-06-09,37.25,36.97,37.31,36.23,34808,169626022.0,2.96,1.43,0.52,0.32
1556,2021-06-10,36.45,37.58,37.8,36.45,75070,369173168.0,3.65,1.65,0.61,0.69
1557,2021-06-11,37.58,38.15,38.99,37.05,103766,527557136.0,5.16,1.52,0.57,0.95
1558,2021-06-15,38.46,37.68,39.04,37.59,78673,399461424.0,3.8,-1.23,-0.47,0.72
1559,2021-06-16,38.12,37.52,38.32,37.18,45303,226464119.0,3.03,-0.42,-0.16,0.42
1560,2021-06-17,37.38,37.93,38.08,36.84,38341,191664795.0,3.3,1.09,0.41,0.35
1561,2021-06-18,38.29,37.89,38.35,37.58,39143,196708324.0,2.03,-0.11,-0.04,0.36
1562,2021-06-21,37.69,37.9,38.19,37.38,43101,215883382.0,2.14,0.03,0.01,0.39
1563,2021-06-22,37.6,36.91,38.08,36.83,42047,207219848.0,3.3,-2.61,-0.99,0.39
1564,2021-06-23,36.91,37.01,37.6,36.33,43950,216145891.0,3.44,0.27,0.1,0.4
1565,2021-06-24,36.99,36.83,37.22,36.27,38413,187085123.0,2.57,-0.49,-0.18,0.35
1566,2021-06-25,36.75,36.74,37.17,36.52,39088,190793450.0,1.76,-0.24,-0.09,0.36
1567,2021-06-28,36.8,38.1,38.42,36.68,59095,296483872.0,4.74,3.7,1.36,0.54
1568,2021-06-29,38.1,38.38,38.8,37.85,42887,217937635.0,2.49,0.73,0.28,0.39
1569,2021-06-30,38.38,38.38,38.79,37.82,39284,199915442.0,2.53,0.0,0.0,0.36
1570,2021-07-01,39.84,41.71,42.3,39.81,157039,864742096.0,6.49,8.68,3.33,1.44
1571,2021-07-02,41.38,42.08,43.35,41.15,124659,701139280.0,5.27,0.89,0.37,1.14
1572,2021-07-05,43.09,43.99,44.22,42.46,115490,667228000.0,4.18,4.54,1.91,1.06
1573,2021-07-06,43.99,43.66,44.49,43.08,80697,465395296.0,3.21,-0.75,-0.33,0.74
1574,2021-07-07,44.12,43.45,44.12,42.79,70324,403318384.0,3.05,-0.48,-0.21,0.64
1575,2021-07-08,44.06,42.83,44.06,42.08,71551,404539328.0,4.56,-1.43,-0.62,0.66
1576,2021-07-09,42.92,41.77,42.98,41.06,86570,478846976.0,4.48,-2.47,-1.06,0.79
1577,2021-07-12,42.24,44.0,44.14,41.52,109472,628852864.0,6.27,5.34,2.23,1.0
1578,2021-07-13,44.52,44.54,45.19,43.31,70524,412776272.0,4.27,1.23,0.54,0.65
1579,2021-07-14,44.04,44.03,44.72,43.54,52321,304760800.0,2.65,-1.15,-0.51,0.48
1580,2021-07-15,44.0,44.61,45.08,43.69,75088,440994080.0,3.16,1.32,0.58,0.69
1581,2021-07-16,45.23,45.39,46.36,44.62,79396,476287952.0,3.9,1.75,0.78,0.73
1582,2021-07-19,45.38,45.42,45.45,43.48,85478,505054192.0,4.34,0.07,0.03,0.78
1583,2021-07-20,45.01,45.62,45.69,43.91,81609,482032752.0,3.92,0.44,0.2,0.75
1584,2021-07-21,45.61,46.35,47.27,44.85,64936,397089936.0,5.3,1.6,0.73,0.59
1585,2021-07-22,46.23,46.16,46.6,45.47,48368,293586960.0,2.44,-0.41,-0.19,0.44
1586,2021-07-23,45.82,46.62,47.31,45.45,51822,317171184.0,4.03,1.0,0.46,0.47
1587,2021-07-26,46.96,46.67,47.45,45.38,56330,344640336.0,4.44,0.11,0.05,0.52
1588,2021-07-27,47.75,49.34,51.42,47.69,204454,1363205120.0,7.99,5.72,2.67,1.87
1589,2021-07-28,48.36,51.66,52.55,47.31,160674,1070078400.0,10.62,4.7,2.32,1.47
1590,2021-07-29,52.28,55.19,55.47,50.0,160168,1107673312.0,10.59,6.83,3.53,1.47
1591,2021-07-30,53.85,50.62,54.69,49.6,157819,1066930720.0,9.22,-8.28,-4.57,1.45
1592,2021-08-02,50.62,52.06,53.07,50.0,125398,854844544.0,6.06,2.84,1.44,1.15
1593,2021-08-03,53.08,54.22,55.12,52.52,114286,813941936.0,4.99,4.15,2.16,1.05
1594,2021-08-04,54.16,55.02,55.42,51.96,109907,782856208.0,6.38,1.48,0.8,1.01
1595,2021-08-05,54.42,51.89,54.42,51.54,83886,584243648.0,5.23,-5.69,-3.13,0.77
1596,2021-08-06,52.6,50.81,52.98,50.62,68904,466190768.0,4.55,-2.08,-1.08,0.63
1597,2021-08-09,51.14,52.32,53.21,50.77,71903,496266304.0,4.8,2.97,1.51,0.66
1598,2021-08-10,51.62,52.09,52.68,51.28,47944,328153104.0,2.68,-0.44,-0.23,0.44
1599,2021-08-11,52.08,50.92,52.08,50.0,58892,395781520.0,3.99,-2.25,-1.17,0.54
1600,2021-08-12,51.32,51.23,52.28,50.47,57113,386354000.0,3.55,0.61,0.31,0.52
1601,2021-08-13,51.27,49.46,51.27,49.23,64958,427823536.0,3.98,-3.46,-1.77,0.6
1602,2021-08-16,49.46,49.99,50.61,48.85,44312,291069680.0,3.56,1.07,0.53,0.41
1603,2021-08-17,49.62,48.42,49.79,48.0,65568,421915904.0,3.58,-3.14,-1.57,0.6
1604,2021-08-18,48.41,48.92,49.41,48.01,43191,277788592.0,2.89,1.03,0.5,0.4
1605,2021-08-19,48.77,51.07,51.98,48.46,57329,382861312.0,7.2,4.39,2.15,0.53
1606,2021-08-20,51.13,52.62,52.98,50.38,87776,602011296.0,5.09,3.04,1.55,0.8
1607,2021-08-23,53.24,55.1,55.17,52.86,89902,645051168.0,4.39,4.71,2.48,0.82
1608,2021-08-24,55.85,56.15,57.18,55.46,81852,607012832.0,3.12,1.91,1.05,0.75
1609,2021-08-25,56.58,56.75,57.08,55.02,71254,526717616.0,3.67,1.07,0.6,0.65
1610,2021-08-26,56.25,55.26,57.0,55.12,40917,300428992.0,3.31,-2.63,-1.49,0.37
1611,2021-08-27,55.23,55.01,56.12,54.35,38463,278761296.0,3.2,-0.45,-0.25,0.35
1612,2021-08-30,56.43,53.29,56.45,52.76,60053,427697824.0,6.71,-3.13,-1.72,0.55
1613,2021-08-31,53.38,53.31,53.72,52.15,60430,422534928.0,2.95,0.04,0.02,0.55
1614,2021-09-01,53.2,53.06,53.67,51.78,38450,267244687.0,3.55,-0.47,-0.25,0.35
1615,2021-09-02,52.78,55.26,55.77,52.25,62477,443360800.0,6.63,4.15,2.2,0.57
1616,2021-09-03,55.32,56.02,57.12,54.62,70978,523938576.0,4.52,1.38,0.76,0.65
1617,2021-09-06,55.45,55.85,56.9,55.14,42456,313764976.0,3.14,-0.3,-0.17,0.39
1618,2021-09-07,55.47,55.18,56.22,54.85,35893,261574370.0,2.45,-1.2,-0.67,0.33
1619,2021-09-08,54.85,53.85,55.03,53.54,37173,265494150.0,2.7,-2.41,-1.33,0.34
1620,2021-09-09,53.85,53.97,54.77,53.54,27674,197209511.0,2.28,0.22,0.12,0.25
1621,2021-09-10,53.3,54.19,54.45,53.15,34197,243190808.0,2.41,0.41,0.22,0.31
1622,2021-09-13,54.2,53.03,54.37,51.36,58179,404098528.0,5.55,-2.14,-1.16,0.53
1623,2021-09-14,53.2,52.28,54.8,52.08,47737,335561776.0,5.13,-1.41,-0.75,0.44
1624,2021-09-15,52.23,52.56,52.92,50.98,35437,243540627.0,3.71,0.54,0.28,0.32
1625,2021-09-16,52.72,51.28,53.58,51.24,42662,292110288.0,4.45,-2.44,-1.28,0.39
1626,2021-09-17,51.23,51.28,51.92,50.85,19937,134939456.0,2.09,0.0,0.0,0.18
1627,2021-09-22,50.77,51.92,52.2,50.66,20125,136962930.0,3.0,1.25,0.64,0.18
1628,2021-09-23,51.55,50.61,52.38,50.53,40152,271788000.0,3.56,-2.52,-1.31,0.37
1629,2021-09-24,50.62,52.19,53.95,50.45,51375,355903280.0,6.92,3.12,1.58,0.47
1630,2021-09-27,52.76,50.38,53.43,49.85,53996,364409568.0,6.86,-3.47,-1.81,0.49
1631,2021-09-28,50.32,51.59,51.76,49.85,31116,209896505.0,3.79,2.4,1.21,0.29
1632,2021-09-29,51.12,48.82,51.48,48.31,58680,380744656.0,6.14,-5.37,-2.77,0.54
1633,2021-09-30,48.68,50.0,51.38,48.68,44535,296505472.0,5.53,2.42,1.18,0.41
1634,2021-10-08,50.56,51.64,52.98,49.74,51403,349067472.0,6.48,3.28,1.64,0.47
1635,2021-10-11,51.54,50.0,51.75,49.83,50499,335671664.0,3.72,-3.18,-1.64,0.46
1636,2021-10-12,50.15,49.96,50.67,49.54,28918,191041161.0,2.26,-0.08,-0.04,0.26
1637,2021-10-13,49.85,50.13,50.52,49.4,22909,151034680.0,2.24,0.34,0.17,0.21
1638,2021-10-14,50.12,51.07,51.15,49.62,17555,117258181.0,3.05,1.88,0.94,0.16
1639,2021-10-15,51.28,53.0,53.54,50.32,44900,310442576.0,6.31,3.78,1.93,0.41
1640,2021-10-18,53.02,52.82,53.45,51.37,33713,233026950.0,3.92,-0.34,-0.18,0.31
1641,2021-10-19,52.82,53.66,53.75,52.08,34832,243842631.0,3.16,1.59,0.84,0.32
1642,2021-10-20,53.81,55.62,58.34,53.48,95576,708950864.0,9.06,3.65,1.96,0.88
1643,2021-10-21,55.62,54.77,56.06,54.37,36189,262520515.0,3.04,-1.53,-0.85,0.33
1644,2021-10-22,54.52,54.52,55.76,54.41,26094,188776856.0,2.46,-0.46,-0.25,0.24
1645,2021-10-25,54.62,53.85,54.63,52.92,38749,273685136.0,3.14,-1.23,-0.67,0.36
1646,2021-10-26,53.85,53.0,54.48,52.73,27834,195210360.0,3.25,-1.58,-0.85,0.26
1647,2021-10-27,52.97,52.45,53.38,52.24,24773,172148602.0,2.15,-1.04,-0.55,0.23
1648,2021-10-28,52.58,52.05,53.42,51.7,28733,198327067.0,3.28,-0.76,-0.4,0.26
1649,2021-10-29,52.09,53.08,53.18,51.68,33418,231171899.0,2.88,1.98,1.03,0.31
1650,2021-11-01,51.54,52.95,56.54,51.54,79494,563173232.0,9.42,-0.24,-0.13,0.73
1651,2021-11-02,52.92,53.98,54.98,52.31,60090,424682736.0,5.04,1.95,1.03,0.55
1652,2021-11-03,54.33,55.52,56.26,53.85,57936,423060512.0,4.46,2.85,1.54,0.53
1653,2021-11-04,56.1,55.08,56.1,54.48,45121,328179584.0,2.92,-0.79,-0.44,0.41
1654,2021-11-05,55.08,54.92,56.31,54.72,33928,247331524.0,2.89,-0.29,-0.16,0.31
1655,2021-11-08,54.64,54.75,55.42,54.23,29329,211880981.0,2.17,-0.31,-0.17,0.27
1656,2021-11-09,54.74,56.15,56.92,54.54,38748,284327456.0,4.35,2.56,1.4,0.35
1657,2021-11-10,56.12,56.08,56.75,54.96,26687,196362111.0,3.19,-0.12,-0.07,0.24
1658,2021-11-11,55.86,54.61,56.07,54.28,32052,231302645.0,3.19,-2.62,-1.47,0.29
1659,2021-11-12,55.0,53.97,55.0,53.6,57440,408998464.0,2.56,-1.17,-0.64,0.53
1660,2021-11-15,53.77,55.08,55.72,53.77,72815,529429088.0,3.61,2.06,1.11,0.67
1661,2021-11-16,54.82,55.87,57.14,54.7,49627,366834128.0,4.43,1.43,0.79,0.45
1662,2021-11-17,55.52,55.38,56.62,54.62,36854,268851712.0,3.58,-0.88,-0.49,0.34
1663,2021-11-18,55.57,54.46,55.93,54.06,32307,232374305.0,3.38,-1.66,-0.92,0.3
1664,2021-11-19,54.32,53.47,54.65,53.45,31358,222452153.0,2.2,-1.82,-0.99,0.29
1665,2021-11-22,53.47,52.54,53.8,52.48,52632,368102160.0,2.47,-1.74,-0.93,0.48
1666,2021-11-23,52.72,52.22,52.91,51.36,45338,310546112.0,2.95,-0.61,-0.32,0.42
1667,2021-11-24,52.02,51.68,52.21,51.45,25637,175074104.0,1.46,-1.03,-0.54,0.23
1668,2021-11-25,51.52,51.21,52.14,50.37,35342,239079955.0,3.42,-0.91,-0.47,0.32
1669,2021-11-26,51.18,50.52,51.73,50.17,34371,229669579.0,3.05,-1.35,-0.69,0.31
1670,2021-11-29,50.28,49.68,50.46,48.99,95479,626311408.0,2.91,-1.66,-0.84,0.87
1671,2021-11-30,50.02,50.22,51.02,49.81,61985,410768608.0,2.44,1.09,0.54,0.57
1672,2021-12-01,50.62,50.19,51.12,49.88,54701,363512768.0,2.47,-0.06,-0.03,0.5
1673,2021-12-02,50.19,49.68,50.91,49.58,42265,279687488.0,2.65,-1.02,-0.51,0.39
1674,2021-12-03,49.61,49.08,50.28,48.64,69933,454186752.0,3.3,-1.21,-0.6,0.64
1675,2021-12-06,49.21,48.54,49.5,48.08,50475,324413200.0,2.89,-1.1,-0.54,0.46
1676,2021-12-07,48.54,47.66,48.81,47.2,41860,264575218.0,3.32,-1.81,-0.88,0.38
1677,2021-12-08,47.94,48.36,49.23,47.75,43189,276619808.0,3.11,1.47,0.7,0.4
1678,2021-12-09,48.28,50.22,50.43,48.25,81789,537277216.0,4.51,3.85,1.86,0.75
1679,2021-12-10,49.85,48.75,50.22,47.69,100898,644028800.0,5.04,-2.93,-1.47,0.92
1680,2021-12-13,48.46,46.48,48.46,46.46,117444,728958560.0,4.1,-4.66,-2.27,1.08
1681,2021-12-14,46.18,46.85,47.26,45.85,74466,461464096.0,3.03,0.8,0.37,0.68
1682,2021-12-15,46.85,45.62,47.52,45.62,57786,354054432.0,4.06,-2.63,-1.23,0.53
1683,2021-12-16,45.62,46.07,46.4,45.62,36017,219298923.0,1.71,0.99,0.45,0.33
1684,2021-12-17,46.24,45.12,46.4,44.98,44029,264001054.0,3.08,-2.06,-0.95,0.4
1685,2021-12-20,45.0,44.89,45.85,44.89,55436,332673664.0,2.13,-0.51,-0.23,0.51
1686,2021-12-21,45.15,45.22,45.54,44.63,45913,273653056.0,2.03,0.74,0.33,0.42
1687,2021-12-22,45.41,45.95,46.38,45.22,46254,280966384.0,2.57,1.61,0.73,0.42
1688,2021-12-23,45.97,45.58,46.15,45.23,29290,176231489.0,2.0,-0.81,-0.37,0.27
1689,2021-12-24,45.7,46.92,47.37,45.69,57368,355018800.0,3.69,2.94,1.34,0.53
1690,2021-12-27,46.92,46.6,47.23,46.24,25978,159893084.0,2.11,-0.68,-0.32,0.24
1691,2021-12-28,46.61,45.95,46.75,45.38,34286,208069173.0,2.94,-1.39,-0.65,0.31
1692,2021-12-29,45.96,45.11,46.15,44.92,30513,182271244.0,2.68,-1.83,-0.84,0.28
1693,2021-12-30,45.29,46.53,46.74,44.86,46092,281142480.0,4.17,3.15,1.42,0.42
1694,2021-12-31,45.95,46.02,47.15,45.68,40990,250064153.0,3.16,-1.1,-0.51,0.38
1695,2022-01-04,46.6,47.15,47.37,45.78,52994,327359808.0,3.46,2.46,1.13,0.49
1696,2022-01-05,47.44,45.8,47.67,45.6,62877,387823120.0,4.39,-2.86,-1.35,0.58
1697,2022-01-06,45.42,45.48,46.05,44.82,32420,194546337.0,2.69,-0.7,-0.32,0.3
1698,2022-01-07,45.9,45.1,46.82,45.0,29518,178340327.0,4.0,-0.84,-0.38,0.27
1699,2022-01-10,44.77,45.64,45.77,43.22,68730,406529424.0,5.65,1.2,0.54,0.63
1700,2022-01-11,45.65,43.22,46.1,42.85,57860,337724272.0,7.12,-5.3,-2.42,0.53
1701,2022-01-12,43.32,44.66,45.22,42.99,52270,306895728.0,5.16,3.33,1.44,0.48
1702,2022-01-13,45.92,44.25,46.43,44.05,62778,375218544.0,5.33,-0.92,-0.41,0.58
1703,2022-01-14,43.92,45.12,45.35,43.92,35152,208460757.0,3.23,1.97,0.87,0.32
1704,2022-01-17,46.07,48.22,48.9,45.72,114280,719739280.0,7.05,6.87,3.1,1.05
1705,2022-01-18,48.83,48.69,49.52,48.07,73835,475928768.0,3.01,0.97,0.47,0.68
1706,2022-01-19,48.68,47.95,49.3,47.48,63982,407293136.0,3.74,-1.52,-0.74,0.59
1707,2022-01-20,48.22,47.38,48.42,46.35,54536,340410816.0,4.32,-1.19,-0.57,0.5
1708,2022-01-21,47.3,47.27,48.65,46.63,50552,318414688.0,4.26,-0.23,-0.11,0.46
1709,2022-01-24,46.92,46.82,47.85,46.27,54432,337035696.0,3.34,-0.95,-0.45,0.5
1710,2022-01-25,46.68,45.94,47.38,45.69,45234,277590016.0,3.61,-1.88,-0.88,0.41
1711,2022-01-26,46.41,45.45,46.68,44.45,65514,391595248.0,4.85,-1.07,-0.49,0.6
1712,2022-01-27,45.22,43.12,45.51,43.12,60259,349670416.0,5.26,-5.13,-2.33,0.55
1713,2022-01-28,43.38,40.75,43.72,40.42,73897,408783120.0,7.65,-5.5,-2.37,0.67
1714,2022-02-07,41.52,41.41,42.42,40.75,72635,399917392.0,4.1,1.62,0.66,0.66
1715,2022-02-08,41.32,40.41,41.4,39.62,51888,276468720.0,4.3,-2.41,-1.0,0.47
1716,2022-02-09,40.54,40.83,41.01,39.92,55466,297522944.0,2.7,1.04,0.42,0.51
1717,2022-02-10,40.83,40.15,41.02,39.85,44254,235704490.0,2.87,-1.67,-0.68,0.4
1718,2022-02-11,40.0,39.56,40.38,39.35,34640,183053318.0,2.57,-1.47,-0.59,0.32
1719,2022-02-14,39.4,38.63,39.45,38.46,34894,179697892.0,2.5,-2.35,-0.93,0.32
1720,2022-02-15,39.08,39.82,40.0,38.57,40767,213111957.0,3.7,3.08,1.19,0.37
1721,2022-02-16,40.42,39.35,40.43,38.99,40942,214033816.0,3.62,-1.18,-0.47,0.37
1722,2022-02-17,39.08,39.25,39.74,39.01,29546,154113913.0,1.86,-0.25,-0.1,0.27
1723,2022-02-18,40.46,40.22,41.79,39.3,119305,635802320.0,6.34,2.47,0.97,1.09
1724,2022-02-21,41.46,42.48,43.52,41.4,181472,1016544288.0,5.27,5.62,2.26,1.66
1725,2022-02-22,42.0,40.73,42.0,40.5,111697,607792192.0,3.53,-4.12,-1.75,1.02
1726,2022-02-23,40.62,41.08,41.69,40.08,81094,441773552.0,3.95,0.86,0.35,0.74
1727,2022-02-24,40.77,39.27,40.81,38.92,86615,456731920.0,4.6,-4.41,-1.81,0.79
1728,2022-02-25,39.95,40.03,40.58,39.55,53602,284147360.0,2.62,1.94,0.76,0.49
1729,2022-02-28,40.02,40.55,40.6,39.66,47185,251490836.0,2.35,1.3,0.52,0.43
1730,2022-03-01,40.68,40.33,40.82,40.18,42369,227167790.0,1.58,-0.54,-0.22,0.39
1731,2022-03-02,40.0,39.45,40.2,39.31,40621,213136642.0,2.21,-2.18,-0.88,0.37
1732,2022-03-03,39.6,38.63,39.82,38.58,43531,224887587.0,3.14,-2.08,-0.82,0.4
1733,2022-03-04,38.32,37.98,38.7,37.68,42449,214906542.0,2.64,-1.68,-0.65,0.39
1734,2022-03-07,37.81,36.25,37.81,36.08,66201,321223680.0,4.56,-4.56,-1.73,0.6
1735,2022-03-08,36.54,35.72,37.13,35.46,56073,269357744.0,4.61,-1.46,-0.53,0.51
1736,2022-03-09,36.0,37.39,37.5,35.78,97564,478117776.0,4.82,4.68,1.67,0.89
1737,2022-03-10,38.43,38.68,38.87,37.81,64493,329470032.0,2.83,3.45,1.29,0.59
1738,2022-03-11,38.08,38.0,38.14,36.83,64083,319294352.0,3.39,-1.76,-0.68,0.58
1739,2022-03-14,37.62,36.45,38.06,36.45,44467,218605180.0,4.24,-4.08,-1.55,0.41
1740,2022-03-15,36.23,34.82,36.92,34.79,60557,286536832.0,5.84,-4.47,-1.63,0.55
1741,2022-03-16,35.41,36.58,36.88,34.31,58516,276358048.0,7.38,5.05,1.76,0.53
1742,2022-03-17,37.3,38.89,39.0,36.85,83349,423827824.0,5.88,6.31,2.31,0.76
1743,2022-03-18,38.65,37.35,38.65,37.17,54264,271268400.0,3.81,-3.96,-1.54,0.5
1744,2022-03-21,37.69,36.92,37.83,36.49,44230,217158840.0,3.59,-1.15,-0.43,0.4
1745,2022-03-22,36.85,36.82,37.05,36.5,32745,159486197.0,1.49,-0.27,-0.1,0.3
1746,2022-03-23,36.83,36.14,36.85,36.01,48629,234015810.0,2.28,-1.85,-0.68,0.44
1747,2022-03-24,35.98,35.88,36.1,35.26,33902,160494798.0,2.32,-0.72,-0.26,0.31
1748,2022-03-25,36.06,35.75,36.37,35.38,35627,169526387.0,2.76,-0.36,-0.13,0.33
1749,2022-03-28,35.38,35.46,36.0,34.5,40023,186530154.0,4.2,-0.81,-0.29,0.37
1750,2022-03-29,36.15,35.52,36.3,34.95,40952,194028222.0,3.81,0.17,0.06,0.37
1751,2022-03-30,35.9,37.16,37.26,35.39,54234,263887935.0,5.26,4.62,1.64,0.5
1752,2022-03-31,36.92,36.73,37.09,36.45,28810,140834333.0,1.72,-1.16,-0.43,0.26
1753,2022-04-01,37.08,37.19,38.19,36.58,43990,218268708.0,4.38,1.25,0.46,0.4
1754,2022-04-06,36.88,36.96,37.12,36.19,40647,198288700.0,2.5,-0.62,-0.23,0.37
1755,2022-04-07,36.94,36.98,37.67,36.85,48493,240352790.0,2.22,0.05,0.02,0.44
1756,2022-04-08,36.31,35.12,36.92,34.62,99608,468107488.0,6.22,-5.03,-1.86,0.91
1757,2022-04-11,34.47,32.23,34.92,32.08,96621,420967568.0,8.09,-8.23,-2.89,0.88
1758,2022-04-12,32.11,35.29,35.35,32.11,103611,468323760.0,10.05,9.49,3.06,0.95
1759,2022-04-13,34.35,35.08,35.62,34.06,52314,243178865.0,4.42,-0.6,-0.21,0.48
1760,2022-04-14,36.27,35.92,36.38,34.68,51553,245398634.0,4.85,2.39,0.84,0.47
1761,2022-04-15,35.87,35.61,36.12,35.19,24693,116836701.0,2.59,-0.86,-0.31,0.23
1762,2022-04-18,35.22,35.78,36.09,34.78,21484,101571469.0,3.68,0.48,0.17,0.2
1763,2022-04-19,35.78,35.54,36.14,35.29,28178,133403434.0,2.38,-0.67,-0.24,0.26
1764,2022-04-20,35.62,35.23,36.05,35.04,28324,133366566.0,2.84,-0.87,-0.31,0.26
1765,2022-04-21,34.82,34.19,35.54,33.98,31352,144304166.0,4.43,-2.95,-1.04,0.29
1766,2022-04-22,33.54,33.35,33.99,33.07,39444,175565151.0,2.69,-2.46,-0.84,0.36
1767,2022-04-25,32.81,32.73,33.98,32.15,65072,287507088.0,5.49,-1.86,-0.62,0.59
1768,2022-04-26,32.65,30.33,33.06,30.0,68959,287050368.0,9.35,-7.33,-2.4,0.63
1769,2022-04-27,29.99,33.23,33.24,29.04,83391,348201088.0,13.85,9.56,2.9,0.76
1770,2022-04-28,32.77,34.65,35.44,32.77,90935,416640560.0,8.03,4.27,1.42,0.83
1771,2022-04-29,34.91,35.84,36.27,33.85,64201,299958048.0,6.98,3.43,1.19,0.59
1772,2022-05-05,35.84,36.79,36.92,35.46,52273,253429998.0,4.07,2.65,0.95,0.48
1773,2022-05-06,36.12,36.52,37.32,35.48,38527,188412451.0,5.0,-0.73,-0.27,0.35
1774,2022-05-09,36.16,36.83,37.38,36.16,36722,180027639.0,3.34,0.85,0.31,0.34
1775,2022-05-10,36.64,37.89,38.08,36.24,44676,223257509.0,5.0,2.88,1.06,0.41
1776,2022-05-11,37.89,37.69,38.85,37.45,44628,226259679.0,3.69,-0.53,-0.2,0.41
1777,2022-05-12,37.68,38.21,38.78,37.44,24737,125670956.0,3.56,1.38,0.52,0.23
1778,2022-05-13,38.45,38.05,38.73,37.95,17326,87842049.0,2.04,-0.42,-0.16,0.16
1779,2022-05-16,38.32,37.54,38.32,37.08,32388,161086787.0,3.26,-1.34,-0.51,0.3
1780,2022-05-17,37.77,37.33,37.77,37.12,30041,148788360.0,1.73,-0.56,-0.21,0.27
1781,2022-05-18,37.62,36.9,37.98,36.55,33495,164648362.0,3.83,-1.15,-0.43,0.31
1782,2022-05-19,36.63,36.62,36.88,35.87,25738,124122589.0,2.74,-0.76,-0.28,0.23
1783,2022-05-20,36.69,36.77,37.06,36.33,24685,120494153.0,1.99,0.41,0.15,0.23
1784,2022-05-23,36.85,36.89,37.15,36.39,22371,109226359.0,2.07,0.33,0.12,0.2
1785,2022-05-24,36.98,35.58,36.98,35.52,22975,110540130.0,3.96,-3.55,-1.31,0.21
1786,2022-05-25,35.52,36.48,36.77,34.42,24529,117617507.0,6.6,2.53,0.9,0.22
1787,2022-05-26,36.24,36.28,36.77,35.45,26237,125971615.0,3.62,-0.55,-0.2,0.24
1788,2022-05-27,36.39,36.07,36.92,36.05,20652,100007009.0,2.4,-0.58,-0.21,0.19
1789,2022-05-30,36.53,39.23,39.59,36.3,69905,356287712.0,9.12,8.76,3.16,0.63
1790,2022-05-31,39.23,39.37,39.66,38.71,41723,216832391.0,2.42,0.36,0.14,0.38
1791,2022-06-01,39.55,38.32,39.55,38.02,36508,186654183.0,3.89,-2.67,-1.05,0.33
1792,2022-06-02,38.32,39.88,39.98,38.27,40439,211362658.0,4.46,4.07,1.56,0.37
1793,2022-06-06,39.55,41.4,41.88,39.39,60772,331110416.0,6.24,3.81,1.52,0.55
1794,2022-06-07,41.38,41.35,41.82,40.85,26183,143153713.0,2.34,-0.12,-0.05,0.24
1795,2022-06-08,41.06,41.15,41.65,40.38,31155,168919815.0,3.07,-0.48,-0.2,0.28
1796,2022-06-09,41.15,40.55,41.15,39.88,37103,198339843.0,3.09,-1.46,-0.6,0.34
1797,2022-06-10,40.01,40.75,41.38,40.0,52139,282407488.0,3.4,0.49,0.2,0.47
1798,2022-06-13,40.09,40.46,40.72,39.85,32014,170658417.0,2.13,-0.71,-0.29,0.29
1799,2022-06-14,40.7,40.72,40.82,39.74,30894,165247594.0,2.67,0.64,0.26,0.28
1800,2022-06-15,40.47,41.44,41.86,40.38,40657,222761046.0,3.63,1.77,0.72,0.37
1801,2022-06-16,41.44,41.17,41.69,40.89,24506,133924335.0,1.93,-0.65,-0.27,0.22
1802,2022-06-17,41.25,41.15,41.52,40.34,29748,161120251.0,2.87,-0.05,-0.02,0.27
1803,2022-06-20,41.38,40.78,41.52,40.52,30643,165962367.0,2.43,-0.9,-0.37,0.28
1804,2022-06-21,41.15,41.43,41.62,40.39,21060,114719652.0,3.02,1.59,0.65,0.19
1805,2022-06-22,41.07,40.64,41.52,40.46,21138,114540666.0,2.56,-1.91,-0.79,0.19
1806,2022-06-23,40.55,41.61,41.69,40.47,30454,166867783.0,3.0,2.39,0.97,0.28
1807,2022-06-24,41.77,42.02,42.74,41.25,44279,246372487.0,3.58,0.99,0.41,0.4
1808,2022-06-27,41.92,42.31,42.97,41.76,27987,156908081.0,2.88,0.69,0.29,0.25
1809,2022-06-28,42.08,42.21,42.4,41.42,38999,215765870.0,2.32,-0.24,-0.1,0.35
1810,2022-06-29,42.2,41.7,42.79,41.42,35578,198247294.0,3.25,-1.21,-0.51,0.32
1811,2022-06-30,41.91,41.23,41.95,39.73,87182,468329888.0,5.32,-1.13,-0.47,0.79
1812,2022-07-01,41.23,40.46,41.77,40.19,28377,153034007.0,3.83,-1.87,-0.77,0.26
1813,2022-07-04,40.66,40.95,41.54,40.0,38528,208903937.0,3.81,1.21,0.49,0.35
1814,2022-07-05,40.92,40.28,41.35,39.95,28846,154292828.0,3.42,-1.64,-0.67,0.26
1815,2022-07-06,40.0,40.16,40.63,39.82,29211,155404635.0,2.01,-0.3,-0.12,0.27
1816,2022-07-07,39.85,39.69,40.38,39.69,31665,167545519.0,1.72,-1.17,-0.47,0.29
1817,2022-07-08,40.51,40.45,41.13,40.15,30402,163427795.0,2.47,1.91,0.76,0.28
1818,2022-07-11,40.43,39.43,40.44,38.46,35026,183340534.0,4.89,-2.52,-1.02,0.32
1819,2022-07-12,39.2,39.05,39.77,38.63,19583,101504684.0,2.89,-0.96,-0.38,0.18
1820,2022-07-13,39.49,40.1,40.74,38.8,31902,169603477.0,4.97,2.69,1.05,0.29
1821,2022-07-14,40.1,40.28,40.46,39.68,25830,137567962.0,1.95,0.45,0.18,0.23
1822,2022-07-15,40.4,40.22,42.05,40.1,41478,170158525.0,4.84,-0.15,-0.06,0.29
1823,2022-07-18,40.22,41.5,41.89,39.8,42756,176064769.0,5.2,3.18,1.28,0.3
1824,2022-07-19,41.64,42.81,43.0,41.3,69817,296797429.0,4.1,3.16,1.31,0.49
1825,2022-07-20,42.99,42.45,43.08,42.16,28652,121812246.0,2.15,-0.84,-0.36,0.2
1826,2022-07-21,42.35,42.74,43.39,42.2,45849,196665597.0,2.8,0.68,0.29,0.32
1827,2022-07-22,43.17,42.17,43.49,41.72,51427,217338370.0,4.14,-1.33,-0.57,0.36
1828,2022-07-25,42.0,41.64,42.44,40.89,46170,191902626.0,3.68,-1.26,-0.53,0.32
1829,2022-07-26,41.65,41.57,42.14,41.29,34570,143735149.0,2.04,-0.17,-0.07,0.24
1830,2022-07-27,41.65,41.61,41.93,41.2,25152,104493866.0,1.76,0.1,0.04,0.18
1831,2022-07-28,41.96,41.25,42.05,41.0,43541,180253919.0,2.52,-0.87,-0.36,0.3
1832,2022-07-29,41.02,40.19,41.5,39.96,58782,236924895.0,3.73,-2.57,-1.06,0.41
1833,2022-08-01,39.99,40.39,40.84,39.56,42636,171235290.0,3.18,0.5,0.2,0.3
1834,2022-08-02,40.03,39.55,40.49,38.8,58172,230079235.0,4.18,-2.08,-0.84,0.41
1835,2022-08-03,39.85,40.21,41.22,39.66,54190,219620274.0,3.94,1.67,0.66,0.38
1836,2022-08-04,40.43,40.5,40.75,39.78,28142,113432631.0,2.41,0.72,0.29,0.2
1837,2022-08-05,40.4,41.8,42.11,40.2,55022,227634106.0,4.72,3.21,1.3,0.38
1838,2022-08-08,42.78,42.2,42.86,41.0,39660,165780747.0,4.45,0.96,0.4,0.28
1839,2022-08-09,42.27,41.85,42.42,41.42,43545,182105732.0,2.37,-0.83,-0.35,0.3
1840,2022-08-10,41.76,40.95,41.78,40.71,38089,156495909.0,2.56,-2.15,-0.9,0.27
1841,2022-08-11,41.01,40.91,41.34,40.46,42502,173085080.0,2.15,-0.1,-0.04,0.3
1842,2022-08-12,40.4,40.05,40.79,39.27,68274,273060209.0,3.72,-2.1,-0.86,0.48
1843,2022-08-15,40.07,39.31,40.2,39.23,66968,265018466.0,2.42,-1.85,-0.74,0.47
1844,2022-08-16,39.31,39.43,39.55,38.87,43769,172035569.0,1.73,0.31,0.12,0.31
1845,2022-08-17,39.44,39.1,40.18,38.91,42231,165521072.0,3.22,-0.84,-0.33,0.29
1846,2022-08-18,39.01,38.93,39.3,38.81,26896,104764072.0,1.25,-0.43,-0.17,0.19
1847,2022-08-19,38.94,38.01,39.27,38.0,48242,185528788.0,3.26,-2.36,-0.92,0.34
1848,2022-08-22,37.8,39.19,39.52,37.47,53355,207817328.0,5.39,3.1,1.18,0.37
1849,2022-08-23,39.2,39.41,39.88,38.93,39301,154870318.0,2.42,0.56,0.22,0.27
1850,2022-08-24,39.75,38.46,39.79,38.34,39256,152364811.0,3.68,-2.41,-0.95,0.27
1851,2022-08-25,38.86,37.3,38.89,36.88,44735,167871729.0,5.23,-3.02,-1.16,0.31
1852,2022-08-26,37.11,37.52,38.44,37.11,33266,125738767.0,3.57,0.59,0.22,0.23
1853,2022-08-29,37.0,37.9,38.05,36.75,28321,106413766.0,3.46,1.01,0.38,0.2
1854,2022-08-30,37.58,37.8,38.07,37.2,19758,74389342.0,2.3,-0.26,-0.1,0.14
1855,2022-08-31,37.8,38.01,38.48,37.54,28067,106718558.0,2.49,0.56,0.21,0.2
1856,2022-09-01,37.96,38.41,39.56,37.78,46467,180635912.0,4.68,1.05,0.4,0.32
1857,2022-09-02,38.41,38.13,38.88,37.72,30133,115124662.0,3.02,-0.73,-0.28,0.21
1858,2022-09-05,37.97,38.83,38.96,37.3,42476,163023006.0,4.35,1.84,0.7,0.3
1859,2022-09-06,39.06,39.17,39.48,38.4,46100,180267946.0,2.78,0.88,0.34,0.32
1860,2022-09-07,39.22,40.22,40.98,38.9,81499,326996928.0,5.31,2.68,1.05,0.57
1861,2022-09-08,40.47,41.16,41.3,40.11,53600,219737412.0,2.96,2.34,0.94,0.37
1862,2022-09-09,41.38,41.39,41.85,40.71,57166,236109625.0,2.77,0.56,0.23,0.4
1863,2022-09-13,41.79,41.5,42.37,41.0,55503,231051132.0,3.31,0.27,0.11,0.39
1864,2022-09-14,41.01,41.24,41.95,40.93,40668,168500345.0,2.46,-0.63,-0.26,0.28
1865,2022-09-15,41.48,40.75,41.67,40.39,54805,223733059.0,3.1,-1.19,-0.49,0.38
1866,2022-09-16,40.91,40.67,41.9,40.6,49462,202984170.0,3.19,-0.2,-0.08,0.34
1867,2022-09-19,40.53,40.14,40.89,39.89,37129,149306534.0,2.46,-1.3,-0.53,0.26
1868,2022-09-20,40.38,40.06,40.54,39.82,34277,137432834.0,1.79,-0.2,-0.08,0.24
1869,2022-09-21,39.9,39.42,40.17,39.42,29554,117493424.0,1.87,-1.6,-0.64,0.21
1870,2022-09-22,39.39,39.0,39.61,38.84,49652,194033637.0,1.95,-1.07,-0.42,0.35
1871,2022-09-23,38.87,38.25,39.06,37.65,63689,242710201.0,3.62,-1.92,-0.75,0.44
1872,2022-09-26,37.93,38.07,38.78,37.6,42359,161731675.0,3.08,-0.47,-0.18,0.29
1873,2022-09-27,38.04,38.65,38.75,38.04,20729,79720540.0,1.86,1.52,0.58,0.14
1874,2022-09-28,38.65,37.75,38.65,37.75,19577,74507991.0,2.33,-2.33,-0.9,0.14
1875,2022-09-29,37.75,37.76,38.55,37.62,25202,95599487.0,2.46,0.03,0.01,0.18
1876,2022-09-30,37.61,36.79,37.99,36.58,46116,170827213.0,3.73,-2.57,-0.97,0.32
1877,2022-10-10,36.9,36.4,37.3,36.09,47393,174116627.0,3.29,-1.06,-0.39,0.33
1878,2022-10-11,36.18,35.6,36.64,35.35,48646,174599799.0,3.54,-2.2,-0.8,0.34
1879,2022-10-12,35.65,36.17,36.45,35.22,55653,199394216.0,3.46,1.6,0.57,0.39
1880,2022-10-13,36.14,37.02,37.58,36.01,63756,236038209.0,4.34,2.35,0.85,0.44
1881,2022-10-14,37.1,37.65,37.99,36.92,42743,160465559.0,2.89,1.7,0.63,0.3
1882,2022-10-17,37.62,38.6,39.28,37.58,47288,182865294.0,4.52,2.52,0.95,0.33
1883,2022-10-18,38.6,38.61,38.8,38.1,38678,149240473.0,1.81,0.03,0.01,0.27
1884,2022-10-19,38.54,38.39,38.67,38.1,19760,75874044.0,1.48,-0.57,-0.22,0.14
1885,2022-10-20,38.36,38.69,39.24,38.03,37536,145413780.0,3.15,0.78,0.3,0.26
1886,2022-10-21,38.63,38.83,39.18,38.0,31725,122950073.0,3.05,0.36,0.14,0.22
1887,2022-10-24,38.83,39.04,39.85,38.26,67585,265336363.0,4.09,0.54,0.21,0.47
1888,2022-10-25,38.99,38.85,40.18,38.4,60858,237407256.0,4.56,-0.49,-0.19,0.42
1889,2022-10-26,38.72,40.05,41.01,38.56,87749,350618056.0,6.31,3.09,1.2,0.61
1890,2022-10-27,39.9,41.16,42.0,39.55,84375,347097797.0,6.12,2.77,1.11,0.59
1891,2022-10-28,41.0,41.43,42.5,40.81,98147,411390625.0,4.11,0.66,0.27,0.68
1892,2022-10-31,41.29,42.32,42.76,41.16,75770,318798472.0,3.86,2.15,0.89,0.53
1893,2022-11-01,42.1,42.65,42.96,41.94,52483,222927593.0,2.41,0.78,0.33,0.37
1894,2022-11-02,42.42,42.45,42.74,42.1,38368,162585003.0,1.5,-0.47,-0.2,0.27
1895,2022-11-03,42.17,42.02,42.6,41.43,75126,315064490.0,2.76,-1.01,-0.43,0.52
1896,2022-11-04,42.0,42.04,42.58,41.5,49403,208043582.0,2.57,0.05,0.02,0.34
1897,2022-11-07,41.9,41.98,42.36,41.5,39482,165663869.0,2.05,-0.14,-0.06,0.27
1898,2022-11-08,42.1,41.9,42.24,41.2,39965,166717416.0,2.48,-0.19,-0.08,0.28
1899,2022-11-09,41.5,41.57,42.14,40.88,36167,150511538.0,3.01,-0.79,-0.33,0.25
1900,2022-11-10,41.21,41.5,42.55,41.11,29243,122106149.0,3.46,-0.17,-0.07,0.2
1901,2022-11-11,42.13,40.93,42.65,40.91,47751,197906014.0,4.19,-1.37,-0.57,0.33
1902,2022-11-14,40.98,41.56,41.87,40.83,33951,140737403.0,2.54,1.54,0.63,0.24
1903,2022-11-15,41.64,42.45,43.17,41.27,64868,276524547.0,4.57,2.14,0.89,0.45
1904,2022-11-16,42.5,41.4,42.99,41.3,39260,164411266.0,3.98,-2.47,-1.05,0.27
1905,2022-11-17,41.42,42.55,42.78,41.0,52936,222099641.0,4.3,2.78,1.15,0.37
1906,2022-11-18,42.78,42.05,44.25,41.9,85137,366495366.0,5.52,-1.18,-0.5,0.59
1907,2022-11-21,42.08,42.81,43.29,41.31,53369,226117612.0,4.71,1.81,0.76,0.37
1908,2022-11-22,42.66,41.93,42.8,41.73,39377,165691262.0,2.5,-2.06,-0.88,0.27
1909,2022-11-23,42.06,41.82,43.17,41.51,31363,131987352.0,3.96,-0.26,-0.11,0.22
1910,2022-11-24,41.94,41.14,42.28,41.08,22331,92406878.0,2.87,-1.63,-0.68,0.16
1911,2022-11-25,41.13,40.55,41.34,40.4,43128,175529992.0,2.28,-1.43,-0.59,0.3
1912,2022-11-28,39.79,40.43,40.98,39.61,23386,94410492.0,3.38,-0.3,-0.12,0.16
1913,2022-11-29,40.54,39.33,40.68,38.81,94840,374594372.0,4.63,-2.72,-1.1,0.66
1914,2022-11-30,39.48,39.38,39.59,38.66,71382,278987827.0,2.36,0.13,0.05,0.5
1915,2022-12-01,39.58,40.93,40.98,39.41,58896,238157220.0,3.99,3.94,1.55,0.41
1916,2022-12-02,40.73,40.66,41.28,40.58,27177,111184411.0,1.71,-0.66,-0.27,0.19
1917,2022-12-05,41.0,40.66,41.66,40.49,33836,138238658.0,2.88,0.0,0.0,0.24
1918,2022-12-06,41.0,40.9,41.5,40.41,53445,219370470.0,2.68,0.59,0.24,0.37
1919,2022-12-07,40.91,41.21,41.49,40.7,30912,127239782.0,1.93,0.76,0.31,0.22
1920,2022-12-08,41.19,40.99,41.3,40.42,47907,195883416.0,2.14,-0.53,-0.22,0.33
1921,2022-12-09,40.75,40.77,41.06,40.48,35101,143155550.0,1.41,-0.54,-0.22,0.24
1922,2022-12-12,41.04,41.58,41.7,40.6,42513,175403511.0,2.7,1.99,0.81,0.3
1923,2022-12-13,41.46,40.75,41.77,40.71,28844,118312395.0,2.55,-2.0,-0.83,0.2
1924,2022-12-14,40.6,40.8,41.12,40.45,26468,108203789.0,1.64,0.12,0.05,0.18
1925,2022-12-15,40.76,40.55,41.04,40.47,25487,103758661.0,1.4,-0.61,-0.25,0.18
1926,2022-12-16,40.55,40.56,40.79,40.11,33769,136497098.0,1.68,0.02,0.01,0.23
1927,2022-12-19,40.6,40.08,40.9,39.68,27743,111265232.0,3.01,-1.18,-0.48,0.19
1928,2022-12-20,40.05,39.35,40.29,39.2,24722,98103732.0,2.72,-1.82,-0.73,0.17
1929,2022-12-21,39.14,39.33,39.69,39.07,21916,86358840.0,1.58,-0.05,-0.02,0.15
1930,2022-12-22,39.9,39.33,40.08,39.2,26285,104101231.0,2.24,0.0,0.0,0.18
1931,2022-12-23,39.29,39.69,40.05,39.09,21993,87470421.0,2.44,0.92,0.36,0.15
1932,2022-12-26,39.74,40.46,40.6,39.73,30154,121643925.0,2.19,1.94,0.77,0.21
1933,2022-12-27,40.46,40.9,41.04,40.35,23429,95686371.0,1.71,1.09,0.44,0.16
1934,2022-12-28,41.04,40.48,41.25,40.34,30122,122547351.0,2.22,-1.03,-0.42,0.21
1935,2022-12-29,40.2,41.12,41.23,40.03,39059,159569132.0,2.96,1.58,0.64,0.27
1936,2022-12-30,43.92,44.8,45.23,43.48,199122,892680261.0,4.26,8.95,3.68,1.39
