,日期,开盘,收盘,最高,最低,成交量,成交额,振幅,涨跌幅,涨跌额,换手率
0,2015-01-05,4.39,4.39,4.48,4.18,2111807,2310126064.0,6.91,1.15,0.05,2.35
1,2015-01-06,4.29,4.27,4.5,4.2,1842841,2011730144.0,6.83,-2.73,-0.12,2.05
2,2015-01-07,4.2,4.14,4.25,4.06,1489580,1580696992.0,4.45,-3.04,-0.13,1.66
3,2015-01-08,4.15,3.95,4.23,3.91,1161605,1204975936.0,7.73,-4.59,-0.19,1.3
4,2015-01-09,3.94,4.21,4.54,3.91,3229999,3521087104.0,15.95,6.58,0.26,3.6
5,2015-01-12,4.14,4.34,4.45,4.02,2582314,2778414208.0,10.21,3.09,0.13,2.88
6,2015-01-13,4.31,4.27,4.36,4.19,1139345,1233658304.0,3.92,-1.61,-0.07,1.27
7,2015-01-14,4.32,4.32,4.47,4.22,1352320,1483940368.0,5.85,1.17,0.05,1.51
8,2015-01-15,4.3,4.61,4.64,4.19,1863940,2063766288.0,10.42,6.71,0.29,2.08
9,2015-01-16,4.58,4.68,4.87,4.56,2291035,2658890368.0,6.72,1.52,0.07,2.55
10,2015-01-19,4.23,4.02,4.43,4.02,1820722,1944265504.0,8.76,-14.1,-0.66,2.03
11,2015-01-20,3.97,3.97,4.17,3.8,1960853,2024205424.0,9.2,-1.24,-0.05,2.19
12,2015-01-21,3.98,4.31,4.37,3.92,1722986,1829369504.0,11.34,8.56,0.34,1.92
13,2015-01-22,4.29,4.2,4.3,4.1,1333428,1428434048.0,4.64,-2.55,-0.11,1.49
14,2015-01-23,4.23,4.23,4.38,4.19,1332208,1443678352.0,4.52,0.71,0.03,1.49
15,2015-01-26,4.23,4.21,4.25,4.1,813211,863590208.0,3.55,-0.47,-0.02,0.91
16,2015-01-27,4.22,4.05,4.24,3.97,1068307,1118844880.0,6.41,-3.8,-0.16,1.19
17,2015-01-28,3.99,3.98,4.11,3.93,833887,863442544.0,4.44,-1.73,-0.07,0.93
18,2015-01-29,3.9,3.9,3.95,3.85,654167,665161824.0,2.51,-2.01,-0.08,0.73
19,2015-01-30,3.99,4.01,4.12,3.9,1238440,1286084144.0,5.64,2.82,0.11,1.38
20,2015-02-02,3.86,3.82,3.94,3.8,741256,749874736.0,3.49,-4.74,-0.19,0.83
21,2015-02-03,3.9,3.93,3.94,3.79,794434,803764064.0,3.93,2.88,0.11,0.89
22,2015-02-04,3.94,3.82,3.97,3.81,641470,652572256.0,4.07,-2.8,-0.11,0.72
23,2015-02-05,4.14,3.8,4.18,3.79,1875018,1951200992.0,10.21,-0.52,-0.02,2.09
24,2015-02-06,3.77,3.6,3.84,3.51,1015497,1001271728.0,8.68,-5.26,-0.2,1.13
25,2015-02-09,3.57,3.62,3.7,3.46,746365,719188416.0,6.67,0.56,0.02,0.83
26,2015-02-10,3.61,3.72,3.73,3.59,586899,574996944.0,3.87,2.76,0.1,0.65
27,2015-02-11,3.72,3.71,3.75,3.68,357626,352248032.0,1.88,-0.27,-0.01,0.4
28,2015-02-12,3.86,3.8,3.88,3.75,723153,724668608.0,3.5,2.43,0.09,0.81
29,2015-02-13,3.84,3.84,3.93,3.77,859941,869115072.0,4.21,1.05,0.04,0.96
30,2015-02-16,3.84,3.84,3.86,3.77,485010,486016112.0,2.34,0.0,0.0,0.54
31,2015-02-17,3.85,3.87,3.91,3.85,512825,520061600.0,1.56,0.78,0.03,0.57
32,2015-02-25,3.87,3.86,3.93,3.79,841548,852363232.0,3.62,-0.26,-0.01,0.94
33,2015-02-26,3.81,4.07,4.08,3.81,1145763,1178577136.0,6.99,5.44,0.21,1.28
34,2015-02-27,4.03,4.05,4.23,4.02,868359,916059888.0,5.16,-0.49,-0.02,0.97
35,2015-03-02,4.08,4.06,4.09,4.0,778004,811275600.0,2.22,0.25,0.01,0.87
36,2015-03-03,4.01,3.83,4.03,3.8,816030,828796128.0,5.67,-5.67,-0.23,0.91
37,2015-03-04,3.87,3.81,3.88,3.76,583735,585684112.0,3.13,-0.52,-0.02,0.65
38,2015-03-05,3.74,3.71,3.79,3.66,632353,624080976.0,3.41,-2.62,-0.1,0.71
39,2015-03-06,3.71,3.73,3.8,3.71,482515,479016960.0,2.43,0.54,0.02,0.54
40,2015-03-09,3.74,4.26,4.31,3.73,2690338,2834546864.0,15.55,14.21,0.53,3.0
41,2015-03-10,4.14,4.02,4.21,4.01,1794943,1883588176.0,4.69,-5.63,-0.24,2.0
42,2015-03-11,4.03,4.07,4.24,4.02,1175278,1239885744.0,5.47,1.24,0.05,1.31
43,2015-03-12,4.23,4.42,4.67,4.14,3119257,3462622912.0,13.02,8.6,0.35,3.48
44,2015-03-13,4.43,4.41,4.68,4.3,2210969,2474203152.0,8.6,-0.23,-0.01,2.47
45,2015-03-16,4.49,4.42,4.52,4.32,3052526,3360371824.0,4.54,0.23,0.01,3.4
46,2015-03-17,4.43,4.43,4.47,4.33,2476453,2729321232.0,3.17,0.23,0.01,2.76
47,2015-03-18,4.42,4.49,4.53,4.4,2158388,2404743552.0,2.93,1.35,0.06,2.41
48,2015-03-19,4.49,4.39,4.49,4.38,1414893,1565585184.0,2.45,-2.23,-0.1,1.58
49,2015-03-20,4.39,4.46,4.56,4.34,2025858,2250289280.0,5.01,1.59,0.07,2.26
50,2015-03-23,4.48,4.49,4.53,4.44,1811167,2026820032.0,2.02,0.67,0.03,2.02
51,2015-03-24,4.49,4.48,4.53,4.42,1758110,1960096096.0,2.45,-0.22,-0.01,1.96
52,2015-03-25,4.44,4.3,4.45,4.27,1448752,1588018304.0,4.02,-4.02,-0.18,1.62
53,2015-03-26,4.25,4.31,4.42,4.16,1753899,1904389536.0,6.05,0.23,0.01,1.66
54,2015-03-27,4.26,4.25,4.35,4.18,1532190,1653480304.0,3.94,-1.39,-0.06,1.45
55,2015-03-30,4.31,4.43,4.47,4.26,2550970,2807423184.0,4.94,4.24,0.18,2.42
56,2015-03-31,4.51,4.32,4.59,4.3,2625562,2925659168.0,6.55,-2.48,-0.11,2.49
57,2015-04-01,4.32,4.34,4.39,4.28,2032356,2221289376.0,2.55,0.46,0.02,1.92
58,2015-04-02,4.39,4.31,4.41,4.27,1510416,1648997152.0,3.23,-0.69,-0.03,1.43
59,2015-04-03,4.27,4.42,4.49,4.25,2180930,2395983424.0,5.57,2.55,0.11,2.07
60,2015-04-07,4.54,4.53,4.6,4.46,3651826,4107752320.0,3.17,2.49,0.11,3.46
61,2015-04-08,4.54,4.81,4.82,4.52,4663341,5363244800.0,6.62,6.18,0.28,4.42
62,2015-04-09,4.8,4.73,5.0,4.65,3703168,4332267008.0,7.28,-1.66,-0.08,3.51
63,2015-04-10,4.72,4.94,4.96,4.66,3581257,4217856416.0,6.34,4.44,0.21,3.39
64,2015-04-13,5.12,5.13,5.17,4.92,3345068,4065002784.0,5.06,3.85,0.19,3.17
65,2015-04-14,5.06,4.98,5.08,4.95,2307315,2789156112.0,2.53,-2.92,-0.15,2.18
66,2015-04-15,4.96,5.3,5.48,4.93,4519411,5621636352.0,11.04,6.43,0.32,4.28
67,2015-04-16,5.18,5.35,5.36,5.06,3513808,4361890304.0,5.66,0.94,0.05,3.33
68,2015-04-17,5.49,5.34,5.52,5.26,3244601,4124917472.0,4.86,-0.19,-0.01,3.07
69,2015-04-20,5.36,5.0,5.38,4.98,3753498,4640885504.0,7.49,-6.37,-0.34,3.55
70,2015-04-21,5.0,5.12,5.17,4.96,2127636,2588618656.0,4.2,2.4,0.12,2.01
71,2015-04-22,5.17,5.2,5.22,5.09,2650094,3275148576.0,2.54,1.56,0.08,2.51
72,2015-04-23,5.21,5.09,5.22,5.02,2562587,3145527760.0,3.85,-2.12,-0.11,2.43
73,2015-04-24,4.95,4.91,5.02,4.84,2118071,2531930640.0,3.54,-3.54,-0.18,2.01
74,2015-04-27,4.98,5.48,5.5,4.97,6584708,8224653568.0,10.79,11.61,0.57,6.24
75,2015-04-30,5.53,5.53,6.1,5.42,5725023,7582526464.0,12.41,0.91,0.05,5.42
76,2015-05-04,5.58,5.86,5.87,5.42,3968655,5279684864.0,8.14,5.97,0.33,3.76
77,2015-05-05,5.72,5.41,5.79,5.27,3049483,3963932480.0,8.87,-7.68,-0.45,2.89
78,2015-05-06,5.45,5.64,6.0,5.42,4142685,5487329792.0,10.72,4.25,0.23,3.92
79,2015-05-07,5.53,5.81,5.88,5.48,3362848,4485528832.0,7.09,3.01,0.17,3.18
80,2015-05-08,5.98,5.81,6.04,5.57,2766770,3710739136.0,8.09,0.0,0.0,2.62
81,2015-05-11,5.77,5.9,5.93,5.52,4198340,5568751360.0,7.06,1.55,0.09,3.98
82,2015-05-12,5.85,5.85,5.87,5.68,4472357,5993576704.0,3.22,-0.85,-0.05,4.24
83,2015-05-13,5.9,5.71,5.9,5.56,3719760,4959936768.0,5.81,-2.39,-0.14,3.52
84,2015-05-14,5.74,5.75,5.87,5.6,2894969,3869888896.0,4.73,0.7,0.04,2.74
85,2015-05-15,5.65,5.59,5.74,5.5,2219175,2907561136.0,4.17,-2.78,-0.16,2.1
86,2015-05-18,5.48,5.3,5.58,5.24,2564513,3271629360.0,6.08,-5.19,-0.29,2.43
87,2015-05-19,5.28,5.55,5.63,5.26,2327588,3002384320.0,6.98,4.72,0.25,2.2
88,2015-05-20,5.55,5.55,5.65,5.44,2559249,3329479824.0,3.78,0.0,0.0,2.42
89,2015-05-21,5.53,5.52,5.56,5.45,1615094,2091181024.0,1.98,-0.54,-0.03,1.53
90,2015-05-22,5.59,5.76,5.79,5.54,3341607,4449126400.0,4.53,4.35,0.24,3.16
91,2015-05-25,5.82,5.95,6.02,5.82,3363210,4588777728.0,3.47,3.3,0.19,3.18
92,2015-05-26,5.97,5.93,6.0,5.81,2661469,3623040048.0,3.19,-0.34,-0.02,2.52
93,2015-05-27,5.95,5.86,6.04,5.81,3423585,4663077888.0,3.88,-1.18,-0.07,3.24
94,2015-05-28,5.86,5.52,5.91,5.42,4135588,5540343296.0,8.36,-5.8,-0.34,3.92
95,2015-05-29,5.49,5.38,5.54,5.23,3500707,4453407744.0,5.62,-2.54,-0.14,3.32
96,2015-06-01,5.35,5.7,5.74,5.26,3958343,5117702400.0,8.92,5.95,0.32,3.75
97,2015-06-02,5.62,5.67,5.74,5.52,2643368,3469659600.0,3.86,-0.53,-0.03,2.5
98,2015-06-03,5.65,5.76,5.83,5.51,3904528,5161725184.0,5.64,1.59,0.09,3.7
99,2015-06-04,5.79,6.12,6.21,5.63,6536951,8980154880.0,10.07,6.25,0.36,6.19
100,2015-06-05,6.35,6.11,6.43,5.89,5177469,7278493440.0,8.82,-0.16,-0.01,4.9
101,2015-06-08,6.24,6.92,6.92,6.14,7234859,10786102272.0,12.77,13.26,0.81,6.85
102,2015-06-09,6.89,6.75,7.14,6.56,5227281,7979667200.0,8.38,-2.46,-0.17,4.95
103,2015-06-10,6.59,6.66,6.81,6.53,3244084,4852172800.0,4.15,-1.33,-0.09,3.07
104,2015-06-11,6.74,6.57,6.8,6.41,2806475,4151106496.0,5.86,-1.35,-0.09,2.66
105,2015-06-12,6.57,6.55,6.61,6.38,2709364,3970377248.0,3.5,-0.3,-0.02,2.57
106,2015-06-15,6.59,6.41,6.7,6.39,3046169,4494376704.0,4.73,-2.14,-0.14,2.88
107,2015-06-16,6.34,6.27,6.52,6.15,2441908,3516201232.0,5.77,-2.18,-0.14,2.31
108,2015-06-17,6.45,6.37,6.48,6.26,2580082,3729144032.0,3.51,1.59,0.1,2.44
109,2015-06-18,6.3,6.11,6.31,6.08,2197667,3102078896.0,3.61,-4.08,-0.26,2.08
110,2015-06-19,6.07,5.83,6.2,5.77,2513300,3481946800.0,7.04,-4.58,-0.28,2.38
111,2015-06-23,5.82,6.03,6.04,5.57,2148566,2917830160.0,8.06,3.43,0.2,2.03
112,2015-06-24,6.03,6.08,6.1,5.77,3014852,4123939920.0,5.47,0.83,0.05,2.85
113,2015-06-25,6.37,5.9,6.38,5.78,3761504,5309383680.0,9.87,-2.96,-0.18,3.56
114,2015-06-26,5.7,5.37,5.93,5.12,3887385,5029382656.0,13.73,-8.98,-0.53,3.68
115,2015-06-29,5.5,5.3,5.6,4.73,3750484,4744542464.0,16.2,-1.3,-0.07,3.55
116,2015-06-30,5.23,5.72,5.78,5.16,4150253,5359220736.0,11.7,7.92,0.42,3.93
117,2015-07-01,5.54,5.31,5.66,5.27,2524678,3285141536.0,6.82,-7.17,-0.41,2.39
118,2015-07-02,5.34,5.09,5.47,4.77,3011259,3746199376.0,13.18,-4.14,-0.22,2.85
119,2015-07-03,5.01,4.7,5.27,4.56,3030404,3630658976.0,13.95,-7.66,-0.39,2.87
120,2015-07-06,5.35,5.18,5.35,4.9,5038355,6157409280.0,9.57,10.21,0.48,4.77
121,2015-07-07,5.06,5.3,5.42,4.81,5570119,6880109824.0,11.78,2.32,0.12,5.27
122,2015-07-08,4.84,4.61,5.35,4.57,6535777,7784416000.0,14.72,-13.02,-0.69,6.19
123,2015-07-09,4.61,5.18,5.25,4.23,4446508,5247822336.0,22.13,12.36,0.57,4.21
124,2015-07-10,5.07,5.61,5.82,5.01,4869287,6358262528.0,15.64,8.3,0.43,4.61
125,2015-07-13,5.48,5.55,5.74,5.32,3302573,4293472496.0,7.49,-1.07,-0.06,3.13
126,2015-07-14,5.44,5.34,5.52,5.2,2626696,3341047088.0,5.77,-3.78,-0.21,2.49
127,2015-07-15,5.31,5.49,5.52,5.25,2961306,3792858720.0,5.06,2.81,0.15,2.8
128,2015-07-16,5.49,5.37,5.53,5.28,1797094,2293727456.0,4.55,-2.19,-0.12,1.7
129,2015-07-17,5.48,5.45,5.54,5.33,1557607,1630560880.0,3.91,1.49,0.08,1.23
130,2015-07-20,5.4,5.27,5.41,5.25,1960186,2018328752.0,2.94,-3.3,-0.18,1.55
131,2015-07-21,5.21,5.12,5.22,5.1,1742925,1753569744.0,2.28,-2.85,-0.15,1.38
132,2015-07-22,5.1,5.08,5.19,5.06,1436140,1440457008.0,2.54,-0.78,-0.04,1.13
133,2015-07-23,5.08,5.19,5.23,5.06,1656440,1671531872.0,3.35,2.17,0.11,1.31
134,2015-07-24,5.2,5.06,5.23,5.04,1578311,1590103936.0,3.66,-2.5,-0.13,1.25
135,2015-07-27,5.03,4.37,5.03,4.37,2725392,2582692608.0,13.04,-13.64,-0.69,2.15
136,2015-07-28,4.25,4.37,4.58,4.25,2374769,2126477248.0,7.55,0.0,0.0,1.87
137,2015-07-29,4.41,4.43,4.45,4.29,1470124,1312486736.0,3.66,1.37,0.06,1.16
138,2015-07-30,4.43,4.28,4.46,4.27,1239689,1111394928.0,4.29,-3.39,-0.15,0.98
139,2015-07-31,4.25,4.25,4.32,4.16,1469345,1283190160.0,3.74,-0.7,-0.03,1.16
140,2015-08-03,4.22,4.38,4.39,4.17,1951204,1717091552.0,5.18,3.06,0.13,1.54
141,2015-08-04,4.34,4.44,4.45,4.31,1158474,1040099760.0,3.2,1.37,0.06,0.91
142,2015-08-05,4.41,4.34,4.45,4.34,1016683,912534736.0,2.48,-2.25,-0.1,0.8
143,2015-08-06,4.3,4.36,4.42,4.27,838710,749045056.0,3.46,0.46,0.02,0.66
144,2015-08-07,4.4,4.43,4.51,4.36,1119589,1013141664.0,3.44,1.61,0.07,0.88
145,2015-08-10,4.45,4.59,4.61,4.39,1711772,1566324000.0,4.97,3.61,0.16,1.35
146,2015-08-11,4.54,4.46,4.57,4.4,1563833,1427265120.0,3.7,-2.83,-0.13,1.23
147,2015-08-12,4.39,4.33,4.41,4.33,1230717,1100992544.0,1.79,-2.91,-0.13,0.97
148,2015-08-13,4.3,4.34,4.4,4.26,1071914,950976288.0,3.23,0.23,0.01,0.85
149,2015-08-14,4.34,4.32,4.36,4.31,895899,797611152.0,1.15,-0.46,-0.02,0.71
150,2015-08-17,4.29,4.24,4.3,4.2,1118205,978947136.0,2.31,-1.85,-0.08,0.88
151,2015-08-18,4.24,3.99,4.34,3.97,1655121,1439432880.0,8.73,-5.9,-0.25,1.31
152,2015-08-19,3.95,4.0,4.02,3.8,1504090,1248546208.0,5.51,0.25,0.01,1.19
153,2015-08-20,3.95,3.88,4.0,3.86,1012008,841450112.0,3.5,-3.0,-0.12,0.8
154,2015-08-21,3.82,3.72,3.91,3.72,1334891,1089257600.0,4.9,-4.12,-0.16,1.05
155,2015-08-24,3.59,3.18,3.6,3.17,3533742,2617627376.0,11.56,-14.52,-0.54,2.79
156,2015-08-25,3.02,3.11,3.36,3.02,3480617,2525971024.0,10.69,-2.2,-0.07,2.75
157,2015-08-26,3.23,3.56,3.61,3.22,3683506,2818469504.0,12.54,14.47,0.45,2.91
158,2015-08-27,3.6,4.1,4.1,3.49,3686677,2981051904.0,17.13,15.17,0.54,2.91
159,2015-08-28,4.23,4.21,4.3,4.02,4261689,3689559936.0,6.83,2.68,0.11,3.36
160,2015-08-31,4.02,4.68,4.71,4.02,4265244,3783258144.0,16.39,11.16,0.47,3.37
161,2015-09-01,4.43,4.34,4.6,4.31,3317755,3005528592.0,6.2,-7.26,-0.34,2.62
162,2015-09-02,4.15,4.32,4.46,4.07,4244220,3750899408.0,8.99,-0.46,-0.02,3.35
163,2015-09-07,4.2,4.06,4.29,3.99,1966161,1701699680.0,6.94,-6.02,-0.26,1.55
164,2015-09-08,4.02,4.18,4.27,4.01,1642292,1420407360.0,6.4,2.96,0.12,1.3
165,2015-09-09,4.16,4.22,4.29,4.13,2211473,1925539616.0,3.83,0.96,0.04,1.75
166,2015-09-10,4.16,4.22,4.27,4.13,1698055,1480416592.0,3.32,0.0,0.0,1.34
167,2015-09-11,4.19,4.17,4.26,4.14,967001,841309904.0,2.84,-1.18,-0.05,0.76
168,2015-09-14,4.18,4.29,4.31,3.89,2790261,2414403936.0,10.07,2.88,0.12,2.2
169,2015-09-15,4.18,4.23,4.26,4.1,1666200,1450935856.0,3.73,-1.4,-0.06,1.31
170,2015-09-16,4.21,4.34,4.47,4.13,1281265,1126956128.0,8.04,2.6,0.11,1.01
171,2015-09-17,4.27,4.2,4.37,4.2,1041299,920974944.0,3.92,-3.23,-0.14,0.82
172,2015-09-18,4.23,4.13,4.31,4.08,1337651,1155616752.0,5.48,-1.67,-0.07,1.06
173,2015-09-21,4.08,4.14,4.15,4.04,724540,619689952.0,2.66,0.24,0.01,0.57
174,2015-09-22,4.13,4.22,4.32,4.11,983489,862051472.0,5.07,1.93,0.08,0.78
175,2015-09-23,4.17,4.1,4.2,4.09,656679,566091584.0,2.61,-2.84,-0.12,0.52
176,2015-09-24,4.1,4.13,4.18,4.09,463634,398825424.0,2.2,0.73,0.03,0.37
177,2015-09-25,4.11,4.17,4.2,4.04,653094,560346928.0,3.87,0.97,0.04,0.52
178,2015-09-28,4.13,4.13,4.15,4.07,269899,231553205.0,1.92,-0.96,-0.04,0.21
179,2015-09-29,4.09,4.1,4.14,4.06,405527,347665408.0,1.94,-0.73,-0.03,0.32
180,2015-09-30,4.11,4.13,4.18,4.09,451636,389467616.0,2.2,0.73,0.03,0.36
181,2015-10-08,4.26,4.25,4.33,4.23,688158,605971040.0,2.42,2.91,0.12,0.54
182,2015-11-19,4.86,4.86,4.86,4.86,1094402,1056097504.0,0.0,14.35,0.61,0.86
183,2015-11-20,4.89,5.01,5.11,4.86,3209677,3178027856.0,5.14,3.09,0.15,2.53
184,2015-11-23,5.0,4.95,5.09,4.87,1170128,1150239312.0,4.39,-1.2,-0.06,0.92
185,2015-11-24,4.92,4.86,4.95,4.84,1759615,1704179920.0,2.22,-1.82,-0.09,1.39
186,2015-11-25,4.86,4.82,4.94,4.75,1344987,1296046160.0,3.91,-0.82,-0.04,1.06
187,2015-11-26,4.86,4.77,4.9,4.75,935509,898370368.0,3.11,-1.04,-0.05,0.74
188,2015-11-27,4.77,4.51,4.79,4.47,866904,808490144.0,6.71,-5.45,-0.26,0.68
189,2015-11-30,4.52,4.59,4.66,4.46,906190,833753856.0,4.43,1.77,0.08,0.72
190,2015-12-01,4.61,4.58,4.64,4.5,576836,531430224.0,3.05,-0.22,-0.01,0.46
191,2015-12-02,4.59,5.22,5.22,4.55,3444890,3423588096.0,14.63,13.97,0.64,2.72
192,2015-12-03,5.14,5.26,5.45,5.03,3057771,3123393824.0,8.05,0.77,0.04,2.41
193,2015-12-04,5.15,5.07,5.18,5.04,1339527,1339156512.0,2.66,-3.61,-0.19,1.06
194,2015-12-07,5.06,5.11,5.27,5.04,964585,972449776.0,4.54,0.79,0.04,0.76
195,2015-12-08,5.06,5.03,5.13,4.99,963190,954642848.0,2.74,-1.57,-0.08,0.76
196,2015-12-09,5.06,5.2,5.39,5.06,1684519,1720008704.0,6.56,3.38,0.17,1.33
197,2015-12-10,5.16,5.14,5.43,5.11,1207371,1239569520.0,6.15,-1.15,-0.06,0.95
198,2015-12-11,5.14,5.2,5.29,5.05,887476,897985984.0,4.67,1.17,0.06,0.7
199,2015-12-14,5.16,5.36,5.43,5.08,1227799,1256466784.0,6.73,3.08,0.16,0.97
200,2015-12-15,5.35,5.21,5.36,5.18,1075630,1096337904.0,3.36,-2.8,-0.15,0.85
201,2015-12-16,5.23,5.12,5.25,5.09,821572,826626944.0,3.07,-1.73,-0.09,0.65
202,2015-12-17,5.2,5.22,5.26,5.11,994220,1006480016.0,2.93,1.95,0.1,0.78
203,2015-12-18,5.17,5.26,5.5,5.14,1613355,1667957456.0,6.9,0.77,0.04,1.27
204,2015-12-21,5.18,5.43,5.57,5.15,2329959,2426997856.0,7.98,3.23,0.17,1.84
205,2015-12-22,5.41,5.37,5.5,5.31,1038123,1081191264.0,3.5,-1.1,-0.06,0.82
206,2015-12-23,5.41,5.44,5.62,5.33,1357101,1428147200.0,5.4,1.3,0.07,1.07
207,2015-12-24,5.43,5.79,5.82,5.36,2264336,2431660768.0,8.46,6.43,0.35,1.79
208,2015-12-25,5.75,5.78,5.92,5.63,1305153,1434044816.0,5.01,-0.17,-0.01,1.03
209,2015-12-28,5.72,5.41,5.82,5.36,1518419,1615353536.0,7.96,-6.4,-0.37,1.2
210,2015-12-29,5.4,5.58,5.59,5.34,757044,797862960.0,4.62,3.14,0.17,0.6
211,2015-12-30,5.54,5.54,5.58,5.38,621818,656103504.0,3.58,-0.72,-0.04,0.49
212,2015-12-31,5.52,5.47,5.61,5.45,586576,622358416.0,2.89,-1.26,-0.07,0.46
213,2016-01-04,5.47,5.11,5.47,5.09,803356,820496320.0,6.95,-6.58,-0.36,0.63
214,2016-01-05,5.02,5.16,5.28,5.0,1002792,1011124384.0,5.48,0.98,0.05,0.79
215,2016-01-06,5.18,5.29,5.33,5.12,627466,638805200.0,4.07,2.52,0.13,0.5
216,2016-01-07,5.2,5.0,5.22,4.96,145689,145655507.0,4.91,-5.48,-0.29,0.11
217,2016-01-08,5.11,5.27,5.42,5.0,1001967,1017728896.0,8.4,5.4,0.27,0.79
218,2016-01-11,5.12,5.18,5.36,5.1,1159101,1176317184.0,4.93,-1.71,-0.09,0.91
219,2016-01-12,5.13,5.08,5.17,5.03,1083808,1083154752.0,2.7,-1.93,-0.1,0.86
220,2016-01-13,5.11,5.06,5.18,5.04,817012,816765968.0,2.76,-0.39,-0.02,0.64
221,2016-01-14,4.9,5.1,5.12,4.84,852097,842861504.0,5.53,0.79,0.04,0.67
222,2016-01-15,5.11,5.07,5.13,4.96,872744,868098944.0,3.33,-0.59,-0.03,0.69
223,2016-01-18,4.96,5.04,5.16,4.87,520852,519461056.0,5.72,-0.59,-0.03,0.41
224,2016-01-19,5.04,5.17,5.18,4.97,633523,633832912.0,4.17,2.58,0.13,0.5
225,2016-01-20,5.13,5.02,5.16,4.97,595671,591485184.0,3.68,-2.9,-0.15,0.47
226,2016-01-21,4.93,4.97,5.14,4.93,531216,526004992.0,4.18,-1.0,-0.05,0.42
227,2016-01-22,5.0,5.02,5.07,4.93,389586,384228096.0,2.82,1.01,0.05,0.31
228,2016-01-25,5.06,5.07,5.11,4.99,368097,366653520.0,2.39,1.0,0.05,0.29
229,2016-01-26,5.02,4.8,5.1,4.74,485721,475605632.0,7.1,-5.33,-0.27,0.38
230,2016-01-27,4.76,4.58,4.88,4.43,614522,577276160.0,9.38,-4.58,-0.22,0.48
231,2016-01-28,4.56,4.38,4.66,4.26,720784,650528416.0,8.73,-4.37,-0.2,0.57
232,2016-01-29,4.34,4.63,4.75,4.25,683047,624425040.0,11.42,5.71,0.25,0.54
233,2016-02-01,4.6,4.63,4.68,4.5,500315,464590800.0,3.89,0.0,0.0,0.39
234,2016-02-02,4.59,4.71,4.79,4.58,417145,395123600.0,4.54,1.73,0.08,0.33
235,2016-02-03,4.67,4.7,4.77,4.64,306460,289763472.0,2.76,-0.21,-0.01,0.24
236,2016-02-04,4.71,4.82,4.84,4.71,311874,298366384.0,2.77,2.55,0.12,0.25
237,2016-02-05,4.86,4.79,4.86,4.77,191435,183747154.0,1.87,-0.62,-0.03,0.15
238,2016-02-15,4.61,4.65,4.72,4.58,182612,170874457.0,2.92,-2.92,-0.14,0.14
239,2016-02-16,4.67,4.75,4.79,4.65,326861,309361152.0,3.01,2.15,0.1,0.26
240,2016-02-17,4.75,4.77,4.85,4.7,508349,484895072.0,3.16,0.42,0.02,0.4
241,2016-02-18,4.77,4.75,4.85,4.74,562092,538302176.0,2.31,-0.42,-0.02,0.44
242,2016-02-19,4.72,4.61,4.79,4.58,446328,417098416.0,4.42,-2.95,-0.14,0.35
243,2016-02-22,4.66,4.73,4.77,4.62,356539,336572384.0,3.25,2.6,0.12,0.28
244,2016-02-23,4.73,4.68,4.75,4.62,195276,183315245.0,2.75,-1.06,-0.05,0.15
245,2016-02-24,4.64,4.74,4.77,4.63,250367,235787281.0,2.99,1.28,0.06,0.2
246,2016-02-25,4.77,4.58,4.84,4.5,600507,569411104.0,7.17,-3.38,-0.16,0.47
247,2016-02-26,4.61,4.68,4.79,4.58,387091,362614272.0,4.59,2.18,0.1,0.31
248,2016-02-29,4.63,4.83,4.85,4.58,684865,647489712.0,5.77,3.21,0.15,0.54
249,2016-03-01,4.78,4.86,4.93,4.69,523310,501305632.0,4.97,0.62,0.03,0.41
250,2016-03-02,4.86,4.99,5.0,4.77,838396,815977664.0,4.73,2.67,0.13,0.66
251,2016-03-03,4.95,5.06,5.08,4.91,636968,627147888.0,3.41,1.4,0.07,0.5
252,2016-03-04,5.02,5.4,5.43,5.01,2182433,2239435920.0,8.3,6.72,0.34,1.72
253,2016-03-07,5.31,5.25,5.37,5.14,955115,974515024.0,4.26,-2.78,-0.15,0.75
254,2016-03-08,5.2,5.38,5.43,5.05,749534,761743280.0,7.24,2.48,0.13,0.59
255,2016-03-09,5.25,5.5,5.51,5.16,830311,859501344.0,6.51,2.23,0.12,0.66
256,2016-03-10,5.36,5.2,5.47,5.17,529446,546185840.0,5.45,-5.45,-0.3,0.42
257,2016-03-11,5.17,5.27,5.29,5.11,414590,420656672.0,3.46,1.35,0.07,0.33
258,2016-03-14,5.27,5.09,5.39,5.02,1202166,1215283632.0,7.02,-3.42,-0.18,0.95
259,2016-03-15,5.09,5.33,5.38,5.04,1045153,1064251408.0,6.68,4.72,0.24,0.82
260,2016-03-16,5.24,5.45,5.55,5.21,1840871,1934586272.0,6.38,2.25,0.12,1.45
261,2016-03-17,5.36,5.29,5.47,5.17,950224,977660000.0,5.5,-2.94,-0.16,0.75
262,2016-03-18,5.29,5.27,5.34,5.2,1647230,1687728096.0,2.65,-0.38,-0.02,1.3
263,2016-03-21,5.27,5.32,5.41,5.24,1248273,1289130000.0,3.23,0.95,0.05,0.99
264,2016-03-22,5.3,5.27,5.43,5.24,700115,721730464.0,3.57,-0.94,-0.05,0.55
265,2016-03-23,5.23,5.25,5.32,5.2,413906,422863664.0,2.28,-0.38,-0.02,0.33
266,2016-03-24,5.22,5.16,5.22,5.14,448831,453625040.0,1.52,-1.71,-0.09,0.35
267,2016-03-25,5.16,5.16,5.2,5.13,272368,274767136.0,1.36,0.0,0.0,0.21
268,2016-03-28,5.16,5.08,5.2,5.04,439729,440937472.0,3.1,-1.55,-0.08,0.35
269,2016-03-29,5.1,5.1,5.15,5.08,445156,445811232.0,1.38,0.39,0.02,0.35
270,2016-03-30,5.13,5.2,5.21,5.11,578244,585236944.0,1.96,1.96,0.1,0.46
271,2016-03-31,5.22,5.16,5.22,5.09,502276,505221984.0,2.5,-0.77,-0.04,0.4
272,2016-04-01,5.11,5.12,5.14,5.0,756135,753830256.0,2.71,-0.78,-0.04,0.6
273,2016-04-05,5.04,5.12,5.13,5.02,422113,421325008.0,2.15,0.0,0.0,0.33
274,2016-04-06,5.06,5.08,5.11,5.05,289997,289003168.0,1.17,-0.78,-0.04,0.23
275,2016-04-07,5.1,5.02,5.1,4.97,387265,383643520.0,2.56,-1.18,-0.06,0.31
276,2016-04-08,4.97,5.06,5.11,4.96,458615,455184608.0,2.99,0.8,0.04,0.36
277,2016-04-11,5.05,5.11,5.14,5.05,345723,346084912.0,1.78,0.99,0.05,0.27
278,2016-04-12,5.1,5.11,5.13,5.08,272904,273064256.0,0.98,0.0,0.0,0.22
279,2016-04-13,5.13,5.14,5.26,5.09,1240808,1256937904.0,3.33,0.59,0.03,0.98
280,2016-04-14,5.18,5.25,5.25,5.16,565256,575920720.0,1.75,2.14,0.11,0.45
281,2016-04-15,5.29,5.27,5.3,5.22,342308,350224384.0,1.52,0.38,0.02,0.27
282,2016-04-18,5.21,5.18,5.24,5.18,331637,336465872.0,1.14,-1.71,-0.09,0.26
283,2016-04-19,5.24,5.23,5.25,5.18,262709,266979191.0,1.35,0.97,0.05,0.21
284,2016-04-20,5.22,5.31,5.32,5.09,912391,928422496.0,4.4,1.53,0.08,0.72
285,2016-04-21,5.29,5.23,5.31,5.21,342638,350235136.0,1.88,-1.51,-0.08,0.27
286,2016-04-22,5.23,5.26,5.31,5.22,270321,276668976.0,1.72,0.57,0.03,0.21
287,2016-04-25,5.26,5.43,5.45,5.23,744618,770380352.0,4.18,3.23,0.17,0.59
288,2016-04-26,5.38,5.42,5.49,5.38,472309,494208160.0,2.03,-0.18,-0.01,0.37
289,2016-04-27,5.4,5.44,5.45,5.38,429214,449057968.0,1.29,0.37,0.02,0.34
290,2016-04-28,5.43,5.43,5.5,5.36,538390,562968224.0,2.57,-0.18,-0.01,0.42
291,2016-04-29,5.39,5.31,5.41,5.29,381849,394378496.0,2.21,-2.21,-0.12,0.3
292,2016-05-03,5.29,5.31,5.41,5.27,371614,384384960.0,2.64,0.0,0.0,0.29
293,2016-05-04,5.31,5.32,5.36,5.29,284423,293121520.0,1.32,0.19,0.01,0.22
294,2016-05-05,5.31,5.32,5.33,5.29,168973,174012582.0,0.75,0.0,0.0,0.13
295,2016-05-06,5.31,5.28,5.37,5.27,320195,330022400.0,1.88,-0.75,-0.04,0.25
296,2016-05-09,5.29,5.31,5.31,5.23,513519,526845408.0,1.52,0.57,0.03,0.41
297,2016-05-10,5.27,5.27,5.31,5.24,301148,308831200.0,1.32,-0.75,-0.04,0.24
298,2016-05-11,5.27,5.29,5.34,5.24,300183,308303616.0,1.9,0.38,0.02,0.24
299,2016-05-12,5.26,5.33,5.34,5.24,258318,266019351.0,1.89,0.76,0.04,0.2
300,2016-05-13,5.32,5.31,5.32,5.28,198036,203772048.0,0.75,-0.38,-0.02,0.16
301,2016-05-16,5.32,5.32,5.36,5.29,124276,128116682.0,1.32,0.19,0.01,0.1
302,2016-05-17,5.33,5.33,5.34,5.3,148829,153501768.0,0.75,0.19,0.01,0.12
303,2016-05-18,5.31,5.39,5.42,5.29,501559,519687472.0,2.44,1.13,0.06,0.4
304,2016-05-19,5.36,5.34,5.46,5.32,261715,273311936.0,2.6,-0.93,-0.05,0.21
305,2016-05-20,5.35,5.33,5.38,5.31,120089,124218650.0,1.31,-0.19,-0.01,0.09
306,2016-05-23,5.34,5.31,5.36,5.3,196751,202872259.0,1.13,-0.38,-0.02,0.16
307,2016-05-24,5.31,5.31,5.33,5.29,153618,158125219.0,0.75,0.0,0.0,0.12
308,2016-05-25,5.34,5.31,5.34,5.28,149560,154069324.0,1.13,0.0,0.0,0.12
309,2016-05-26,5.3,5.32,5.33,5.27,215233,221545486.0,1.13,0.19,0.01,0.17
310,2016-05-27,5.31,5.31,5.32,5.29,160188,164915144.0,0.56,-0.19,-0.01,0.13
311,2016-05-30,5.32,5.47,5.54,5.29,418555,438145920.0,4.71,3.01,0.16,0.33
312,2016-05-31,5.47,5.63,5.65,5.45,448234,480256368.0,3.66,2.93,0.16,0.35
313,2016-06-01,5.59,5.54,5.65,5.51,228518,243905359.0,2.49,-1.6,-0.09,0.18
314,2016-06-02,5.54,5.54,5.61,5.51,133266,142103217.0,1.81,0.0,0.0,0.11
315,2016-06-03,5.58,5.59,5.63,5.55,208637,223392354.0,1.44,0.9,0.05,0.16
316,2016-06-06,5.61,5.52,5.64,5.5,166459,177286412.0,2.5,-1.25,-0.07,0.13
317,2016-06-07,5.57,5.52,5.57,5.5,120345,127691407.0,1.27,0.0,0.0,0.09
318,2016-06-08,5.52,5.54,5.63,5.5,165133,176217996.0,2.36,0.36,0.02,0.13
319,2016-06-13,5.5,5.33,5.53,5.31,262437,275128224.0,3.97,-3.79,-0.21,0.21
320,2016-06-14,5.32,5.36,5.38,5.3,198458,205139314.0,1.5,0.56,0.03,0.16
321,2016-06-15,5.27,5.36,5.41,5.26,309280,319898016.0,2.8,0.0,0.0,0.24
322,2016-06-16,5.31,5.31,5.35,5.3,237025,244385046.0,0.93,-0.93,-0.05,0.19
323,2016-06-17,5.31,5.31,5.38,5.31,229731,237794525.0,1.32,0.0,0.0,0.18
324,2016-06-20,5.35,5.32,5.36,5.29,185284,190932988.0,1.32,0.19,0.01,0.15
325,2016-06-21,5.33,5.34,5.35,5.3,238813,246416161.0,0.94,0.38,0.02,0.19
326,2016-06-22,5.31,5.34,5.34,5.31,180705,186400881.0,0.56,0.0,0.0,0.14
327,2016-06-23,5.34,5.34,5.36,5.29,261665,270252256.0,1.31,0.0,0.0,0.21
328,2016-06-24,5.32,5.35,5.35,5.03,451916,464629952.0,5.99,0.19,0.01,0.36
329,2016-06-27,5.3,5.34,5.36,5.29,265637,274010944.0,1.31,-0.19,-0.01,0.21
330,2016-06-28,5.32,5.36,5.36,5.28,351010,362087072.0,1.5,0.37,0.02,0.28
331,2016-06-29,5.34,5.36,5.37,5.3,363531,375383216.0,1.31,0.0,0.0,0.29
332,2016-06-30,5.34,5.36,5.36,5.32,250145,258985697.0,0.75,0.0,0.0,0.2
333,2016-07-01,5.35,5.42,5.44,5.34,378405,394074736.0,1.87,1.12,0.06,0.3
334,2016-07-04,5.38,5.52,5.61,5.38,475050,503592560.0,4.24,1.85,0.1,0.37
335,2016-07-05,5.57,5.51,5.59,5.5,270434,287265296.0,1.63,-0.18,-0.01,0.21
336,2016-07-06,5.5,5.47,5.52,5.45,211600,222862955.0,1.27,-0.73,-0.04,0.17
337,2016-07-07,5.47,5.55,5.64,5.47,480049,512587776.0,3.11,1.46,0.08,0.38
338,2016-07-08,5.56,5.5,5.59,5.5,249466,264451771.0,1.62,-0.9,-0.05,0.2
339,2016-07-11,5.49,5.46,5.55,5.44,253465,217716055.0,2.0,-0.73,-0.04,0.17
340,2016-07-12,5.46,5.51,5.53,5.42,403857,346317312.0,2.01,0.92,0.05,0.27
341,2016-07-13,5.51,5.55,5.65,5.5,492230,428666656.0,2.72,0.73,0.04,0.32
342,2016-07-14,5.52,5.51,5.6,5.5,269435,232721738.0,1.8,-0.72,-0.04,0.18
343,2016-07-15,5.51,5.5,5.55,5.48,262426,225922348.0,1.27,-0.18,-0.01,0.17
344,2016-07-18,5.5,5.54,5.6,5.5,473109,409229344.0,1.82,0.73,0.04,0.31
345,2016-07-19,5.54,5.48,5.55,5.45,343548,294915200.0,1.81,-1.08,-0.06,0.23
346,2016-07-20,5.48,5.42,5.49,5.4,338651,288731504.0,1.64,-1.09,-0.06,0.22
347,2016-07-21,5.43,5.43,5.45,5.4,365426,311248496.0,0.92,0.18,0.01,0.24
348,2016-07-22,5.43,5.35,5.43,5.33,421188,355906480.0,1.84,-1.47,-0.08,0.28
349,2016-07-25,5.36,5.33,5.39,5.31,273338,230206505.0,1.5,-0.37,-0.02,0.18
350,2016-07-26,5.33,5.36,5.38,5.33,372871,314391920.0,0.94,0.56,0.03,0.25
351,2016-07-27,5.37,5.39,5.4,5.29,809610,682766624.0,2.05,0.56,0.03,0.53
352,2016-07-28,5.34,5.33,5.38,5.31,459731,387378624.0,1.3,-1.11,-0.06,0.3
353,2016-07-29,5.33,5.33,5.35,5.32,490650,412056576.0,0.56,0.0,0.0,0.32
354,2016-08-01,5.33,5.34,5.36,5.31,525268,441559152.0,0.94,0.19,0.01,0.35
355,2016-08-02,5.34,5.31,5.35,5.29,287075,240418228.0,1.12,-0.56,-0.03,0.19
356,2016-08-03,5.29,5.29,5.3,5.26,386744,322716768.0,0.75,-0.38,-0.02,0.25
357,2016-08-04,5.3,5.31,5.33,5.28,366952,307004304.0,0.95,0.38,0.02,0.24
358,2016-08-05,5.31,5.39,5.4,5.3,630017,531781136.0,1.88,1.51,0.08,0.41
359,2016-08-08,5.37,5.39,5.41,5.35,450518,381268080.0,1.11,0.0,0.0,0.3
360,2016-08-09,5.4,5.4,5.44,5.36,500066,423891760.0,1.48,0.19,0.01,0.33
361,2016-08-10,5.4,5.4,5.42,5.38,365862,310324768.0,0.74,0.0,0.0,0.24
362,2016-08-11,5.41,5.53,5.62,5.4,1231171,1067191808.0,4.07,2.41,0.13,0.81
363,2016-08-12,5.53,5.65,5.66,5.51,888383,775112928.0,2.71,2.17,0.12,0.58
364,2016-08-15,5.66,5.82,5.9,5.66,1254868,1127729360.0,4.25,3.01,0.17,0.83
365,2016-08-16,5.83,5.74,5.88,5.7,816264,729540800.0,3.09,-1.37,-0.08,0.54
366,2016-08-17,5.75,5.73,5.86,5.69,451286,402665328.0,2.96,-0.17,-0.01,0.3
367,2016-08-18,5.69,5.74,5.8,5.69,306427,272727632.0,1.92,0.17,0.01,0.2
368,2016-08-19,5.73,5.71,5.76,5.67,254006,225273048.0,1.57,-0.52,-0.03,0.17
369,2016-08-22,5.71,5.67,5.74,5.64,253136,222969491.0,1.75,-0.7,-0.04,0.17
370,2016-08-23,5.67,5.69,5.72,5.66,239284,211505860.0,1.06,0.35,0.02,0.16
371,2016-08-24,5.67,5.66,5.71,5.64,163218,143901118.0,1.23,-0.53,-0.03,0.11
372,2016-08-25,5.66,5.71,5.73,5.6,231190,203637142.0,2.3,0.88,0.05,0.15
373,2016-08-26,5.72,5.74,5.8,5.69,241514,214884724.0,1.93,0.53,0.03,0.16
374,2016-08-29,5.71,5.68,5.73,5.64,132692,117078777.0,1.57,-1.05,-0.06,0.09
375,2016-08-30,5.69,5.72,5.75,5.68,291774,258544424.0,1.23,0.7,0.04,0.19
376,2016-08-31,5.74,5.81,5.86,5.71,405269,363967952.0,2.62,1.57,0.09,0.27
377,2016-09-01,5.8,5.82,5.89,5.78,447078,403295104.0,1.89,0.17,0.01,0.29
378,2016-09-02,5.79,5.89,5.9,5.77,479170,433149248.0,2.23,1.2,0.07,0.32
379,2016-09-05,5.89,5.9,5.9,5.86,485252,439512928.0,0.68,0.17,0.01,0.32
380,2016-09-06,5.89,5.92,5.93,5.87,369487,336299072.0,1.02,0.34,0.02,0.24
381,2016-09-07,5.92,5.94,5.95,5.87,362485,330325296.0,1.35,0.34,0.02,0.24
382,2016-09-08,5.94,5.97,5.97,5.9,353014,322992816.0,1.18,0.51,0.03,0.23
383,2016-09-09,5.96,5.97,5.99,5.94,269498,247179085.0,0.84,0.0,0.0,0.18
384,2016-09-12,5.91,5.87,5.94,5.73,762838,690432352.0,3.52,-1.68,-0.1,0.5
385,2016-09-13,5.88,5.9,5.93,5.87,499966,454386976.0,1.02,0.51,0.03,0.33
386,2016-09-14,5.88,5.9,5.92,5.84,469229,426192864.0,1.36,0.0,0.0,0.31
387,2016-09-19,5.9,5.95,6.0,5.9,225220,206052516.0,1.69,0.85,0.05,0.15
388,2016-09-20,5.97,5.9,5.99,5.87,397386,361490176.0,2.02,-0.84,-0.05,0.26
389,2016-09-21,5.91,5.91,5.94,5.86,225872,205513096.0,1.36,0.17,0.01,0.15
390,2016-09-22,5.93,5.94,5.96,5.91,174353,159309196.0,0.85,0.51,0.03,0.11
391,2016-09-23,5.95,5.93,5.96,5.87,442554,402516160.0,1.52,-0.17,-0.01,0.29
392,2016-09-26,5.91,5.9,5.93,5.87,359792,327288608.0,1.01,-0.51,-0.03,0.24
393,2016-09-27,5.87,5.92,5.93,5.85,297570,270838048.0,1.36,0.34,0.02,0.2
394,2016-09-28,5.91,5.92,5.94,5.89,181445,165245409.0,0.84,0.0,0.0,0.12
395,2016-09-29,5.92,5.92,5.95,5.9,137676,125425936.0,0.84,0.0,0.0,0.09
396,2016-09-30,5.92,5.91,5.95,5.91,168998,153873970.0,0.68,-0.17,-0.01,0.11
397,2016-10-10,5.92,5.93,5.95,5.9,198332,180732249.0,0.85,0.34,0.02,0.13
398,2016-10-11,5.94,5.91,5.95,5.9,298785,272018944.0,0.84,-0.34,-0.02,0.2
399,2016-10-12,5.9,5.91,5.92,5.88,172065,156464241.0,0.68,0.0,0.0,0.11
400,2016-10-13,6.04,6.0,6.2,5.98,622832,578148480.0,3.72,1.52,0.09,0.41
401,2016-10-14,6.03,5.98,6.03,5.94,184813,169714450.0,1.5,-0.33,-0.02,0.12
402,2016-10-17,5.97,5.96,5.99,5.94,294178,269419808.0,0.84,-0.33,-0.02,0.19
403,2016-10-18,5.93,6.0,6.03,5.92,213381,196037103.0,1.85,0.67,0.04,0.14
404,2016-10-19,5.99,5.97,6.01,5.96,162274,148975386.0,0.83,-0.5,-0.03,0.11
405,2016-10-20,5.98,6.0,6.03,5.97,196915,181413239.0,1.01,0.5,0.03,0.13
406,2016-10-21,5.99,6.1,6.1,5.99,397051,368092896.0,1.83,1.67,0.1,0.26
407,2016-10-24,6.11,6.16,6.24,6.09,435251,410097088.0,2.46,0.98,0.06,0.29
408,2016-10-25,6.16,6.11,6.22,6.09,205754,192967826.0,2.11,-0.81,-0.05,0.14
409,2016-10-26,6.09,6.1,6.13,6.04,153337,142776445.0,1.47,-0.16,-0.01,0.1
410,2016-10-27,6.1,6.1,6.12,6.06,292748,272479568.0,0.98,0.0,0.0,0.19
411,2016-10-28,6.09,6.14,6.2,6.07,272701,255110879.0,2.13,0.66,0.04,0.18
412,2016-10-31,6.11,6.1,6.13,5.99,434122,403156224.0,2.28,-0.65,-0.04,0.29
413,2016-11-01,6.09,6.11,6.14,6.07,265262,247531172.0,1.15,0.16,0.01,0.17
414,2016-11-02,6.1,6.1,6.13,6.06,294992,275238832.0,1.15,-0.16,-0.01,0.19
415,2016-11-03,6.08,6.17,6.19,6.07,388471,363967328.0,1.97,1.15,0.07,0.26
416,2016-11-04,6.15,6.22,6.35,6.15,392488,371219728.0,3.24,0.81,0.05,0.26
417,2016-11-07,6.29,6.23,6.29,6.19,364722,345374432.0,1.61,0.16,0.01,0.24
418,2016-11-08,6.23,6.28,6.29,6.2,290512,276552704.0,1.44,0.8,0.05,0.19
419,2016-11-09,6.26,6.22,6.3,6.11,400947,379320320.0,3.03,-0.96,-0.06,0.26
420,2016-11-10,6.28,6.31,6.37,6.27,267684,256900322.0,1.61,1.45,0.09,0.18
421,2016-11-11,6.29,6.28,6.37,6.25,317035,304534160.0,1.9,-0.48,-0.03,0.21
422,2016-11-14,6.28,6.32,6.39,6.25,366093,350745584.0,2.23,0.64,0.04,0.24
423,2016-11-15,6.3,6.33,6.35,6.29,191779,183939746.0,0.95,0.16,0.01,0.13
424,2016-11-16,6.35,6.36,6.39,6.3,218321,210308199.0,1.42,0.47,0.03,0.14
425,2016-11-17,6.35,6.37,6.38,6.32,221374,213406635.0,0.94,0.16,0.01,0.15
426,2016-11-18,6.37,6.36,6.39,6.34,172706,166642841.0,0.78,-0.16,-0.01,0.11
427,2016-11-21,6.35,6.45,6.46,6.34,320218,311000816.0,1.89,1.42,0.09,0.21
428,2016-11-22,6.45,6.54,6.55,6.44,464853,456256448.0,1.71,1.4,0.09,0.31
429,2016-11-23,6.54,6.67,6.75,6.51,724271,725803568.0,3.67,1.99,0.13,0.48
430,2016-11-24,6.68,6.65,6.69,6.6,399712,399691360.0,1.35,-0.3,-0.02,0.26
431,2016-11-25,6.65,6.91,6.95,6.65,677127,690653888.0,4.51,3.91,0.26,0.45
432,2016-11-28,6.91,6.86,7.08,6.83,566961,585554352.0,3.62,-0.72,-0.05,0.37
433,2016-11-29,6.86,6.82,6.91,6.7,476443,485057312.0,3.06,-0.58,-0.04,0.31
434,2016-11-30,6.83,6.76,6.85,6.65,478253,485480336.0,2.93,-0.88,-0.06,0.31
435,2016-12-01,6.78,6.86,6.9,6.76,500585,511669776.0,2.07,1.48,0.1,0.33
436,2016-12-02,6.8,6.97,7.01,6.74,503944,517427264.0,3.94,1.6,0.11,0.33
437,2016-12-05,6.75,6.9,6.98,6.69,596381,609211056.0,4.16,-1.0,-0.07,0.39
438,2016-12-06,6.83,6.68,6.87,6.65,630507,633786656.0,3.19,-3.19,-0.22,0.41
439,2016-12-07,6.65,6.7,6.72,6.64,319252,320173088.0,1.2,0.3,0.02,0.21
440,2016-12-08,6.71,6.75,6.8,6.7,270594,273673600.0,1.49,0.75,0.05,0.18
441,2016-12-09,6.75,6.75,6.95,6.71,518757,529404560.0,3.56,0.0,0.0,0.34
442,2016-12-12,6.75,6.91,6.95,6.71,763455,777037968.0,3.56,2.37,0.16,0.5
443,2016-12-13,6.87,6.82,6.9,6.75,293601,299091808.0,2.17,-1.3,-0.09,0.19
444,2016-12-14,6.84,6.8,6.9,6.79,196598,201066420.0,1.61,-0.29,-0.02,0.13
445,2016-12-15,6.75,6.6,6.8,6.44,636333,630432864.0,5.29,-2.94,-0.2,0.42
446,2016-12-16,6.57,6.62,6.66,6.52,422532,419399520.0,2.12,0.3,0.02,0.28
447,2016-12-19,6.6,6.62,6.67,6.57,155702,154980992.0,1.51,0.0,0.0,0.1
448,2016-12-20,6.62,6.61,6.64,6.41,438601,430263920.0,3.47,-0.15,-0.01,0.29
449,2016-12-21,6.58,6.6,6.65,6.56,350994,348580864.0,1.36,-0.15,-0.01,0.23
450,2016-12-22,6.59,6.45,6.62,6.37,463481,450252608.0,3.79,-2.27,-0.15,0.3
451,2016-12-23,6.41,6.41,6.43,6.33,269903,260621823.0,1.55,-0.62,-0.04,0.18
452,2016-12-26,6.36,6.45,6.45,6.35,238036,230359517.0,1.56,0.62,0.04,0.16
453,2016-12-27,6.45,6.45,6.48,6.42,158962,154891203.0,0.93,0.0,0.0,0.1
454,2016-12-28,6.45,6.4,6.47,6.35,184556,178485738.0,1.86,-0.78,-0.05,0.12
455,2016-12-29,6.39,6.39,6.42,6.35,153644,148651723.0,1.09,-0.16,-0.01,0.1
456,2016-12-30,6.37,6.46,6.48,6.37,184239,179110865.0,1.72,1.1,0.07,0.12
457,2017-01-03,6.47,6.56,6.61,6.45,190487,188196613.0,2.48,1.55,0.1,0.13
458,2017-01-04,6.55,6.55,6.62,6.52,184040,181748249.0,1.52,-0.15,-0.01,0.12
459,2017-01-05,6.58,6.56,6.61,6.55,185527,183642066.0,0.92,0.15,0.01,0.12
460,2017-01-06,6.57,6.52,6.58,6.52,104751,103173111.0,0.91,-0.61,-0.04,0.07
461,2017-01-09,6.57,6.55,6.58,6.48,150038,147626549.0,1.53,0.46,0.03,0.1
462,2017-01-10,6.53,6.55,6.56,6.5,120047,118186471.0,0.92,0.0,0.0,0.08
463,2017-01-11,6.58,6.5,6.58,6.46,161543,158563993.0,1.83,-0.76,-0.05,0.11
464,2017-01-12,6.5,6.5,6.54,6.44,102227,100298990.0,1.54,0.0,0.0,0.07
465,2017-01-13,6.47,6.57,6.59,6.47,277086,273627696.0,1.85,1.08,0.07,0.18
466,2017-01-16,6.57,6.71,6.74,6.54,638851,640006656.0,3.04,2.13,0.14,0.42
467,2017-01-17,6.71,6.63,6.73,6.61,252686,252748292.0,1.79,-1.19,-0.08,0.17
468,2017-01-18,6.64,6.69,6.71,6.62,129688,129931204.0,1.36,0.9,0.06,0.09
469,2017-01-19,6.65,6.67,6.76,6.65,149967,150792864.0,1.64,-0.3,-0.02,0.1
470,2017-01-20,6.68,6.69,6.74,6.65,230549,231418839.0,1.35,0.3,0.02,0.15
471,2017-01-23,6.73,6.73,6.74,6.68,127612,128437421.0,0.9,0.6,0.04,0.08
472,2017-01-24,6.74,6.74,6.75,6.68,145505,146440212.0,1.04,0.15,0.01,0.1
473,2017-01-25,6.71,6.72,6.74,6.68,94818,95282866.0,0.89,-0.3,-0.02,0.06
474,2017-01-26,6.72,6.74,6.77,6.7,126422,127667693.0,1.04,0.3,0.02,0.08
475,2017-02-03,6.75,6.68,6.76,6.67,113218,113609153.0,1.34,-0.89,-0.06,0.07
476,2017-02-06,6.7,6.69,6.71,6.66,135058,135607205.0,0.75,0.15,0.01,0.09
477,2017-02-07,6.68,6.69,6.71,6.67,119694,120038628.0,0.6,0.0,0.0,0.08
478,2017-02-08,6.67,6.68,6.7,6.59,161144,160627963.0,1.64,-0.15,-0.01,0.11
479,2017-02-09,6.66,6.62,6.68,6.62,151989,151694550.0,0.9,-0.9,-0.06,0.1
480,2017-02-10,6.65,6.63,6.65,6.6,212668,211767743.0,0.76,0.15,0.01,0.14
481,2017-02-13,6.64,6.7,6.71,6.63,268396,268887296.0,1.21,1.06,0.07,0.18
482,2017-02-14,6.7,6.64,6.71,6.61,209021,208693297.0,1.49,-0.9,-0.06,0.14
483,2017-02-15,6.66,6.73,6.78,6.64,349320,351426480.0,2.11,1.36,0.09,0.23
484,2017-02-16,6.7,6.79,6.8,6.7,268779,272084128.0,1.49,0.89,0.06,0.18
485,2017-02-17,6.78,6.73,6.79,6.72,208700,211049586.0,1.03,-0.88,-0.06,0.14
486,2017-02-20,6.74,6.82,6.86,6.73,659877,672279488.0,1.93,1.34,0.09,0.43
487,2017-02-21,6.8,6.8,6.86,6.79,361821,369040176.0,1.03,-0.29,-0.02,0.24
488,2017-02-22,6.8,6.77,6.83,6.75,226051,229345811.0,1.18,-0.44,-0.03,0.15
489,2017-02-23,6.76,6.78,6.83,6.75,181148,183921760.0,1.18,0.15,0.01,0.12
490,2017-02-24,6.77,6.77,6.79,6.73,126110,127524718.0,0.88,-0.15,-0.01,0.08
491,2017-02-27,6.73,6.73,6.75,6.65,273366,274772656.0,1.48,-0.59,-0.04,0.18
492,2017-02-28,6.71,6.71,6.79,6.7,125153,126469889.0,1.34,-0.3,-0.02,0.08
493,2017-03-01,6.73,6.66,6.75,6.65,296590,297098688.0,1.49,-0.75,-0.05,0.2
494,2017-03-02,6.66,6.55,6.7,6.52,280131,278315504.0,2.7,-1.65,-0.11,0.18
495,2017-03-03,6.54,6.56,6.61,6.5,175945,173741761.0,1.68,0.15,0.01,0.12
496,2017-03-06,6.58,6.54,6.6,6.53,167073,164832930.0,1.07,-0.3,-0.02,0.11
497,2017-03-07,6.55,6.55,6.57,6.5,223485,219757295.0,1.07,0.15,0.01,0.15
498,2017-03-08,6.53,6.53,6.55,6.5,119281,117257088.0,0.76,-0.31,-0.02,0.08
499,2017-03-09,6.52,6.52,6.54,6.46,239667,235329268.0,1.23,-0.15,-0.01,0.16
500,2017-03-10,6.52,6.53,6.54,6.49,142765,140163178.0,0.77,0.15,0.01,0.09
501,2017-03-13,6.52,6.59,6.61,6.5,155818,153973059.0,1.68,0.92,0.06,0.1
502,2017-03-14,6.6,6.55,6.61,6.54,200642,198229544.0,1.06,-0.61,-0.04,0.13
503,2017-03-15,6.53,6.51,6.55,6.49,172946,169652917.0,0.92,-0.61,-0.04,0.11
504,2017-03-16,6.52,6.58,6.58,6.52,186005,183677118.0,0.92,1.08,0.07,0.12
505,2017-03-17,6.59,6.5,6.6,6.47,316285,310216176.0,1.98,-1.22,-0.08,0.21
506,2017-03-20,6.48,6.4,6.5,6.31,437249,423563648.0,2.92,-1.54,-0.1,0.29
507,2017-03-21,6.39,6.45,6.45,6.37,249330,241690949.0,1.25,0.78,0.05,0.16
508,2017-03-22,6.41,6.27,6.41,6.24,362323,348059104.0,2.64,-2.79,-0.18,0.24
509,2017-03-23,6.28,6.3,6.35,6.25,148056,141763046.0,1.59,0.48,0.03,0.1
510,2017-03-24,6.33,6.32,6.35,6.25,172757,165244689.0,1.59,0.32,0.02,0.11
511,2017-03-27,6.33,6.35,6.4,6.28,284841,273344912.0,1.9,0.47,0.03,0.19
512,2017-03-28,6.37,6.33,6.37,6.28,158570,152158273.0,1.42,-0.31,-0.02,0.1
513,2017-03-29,6.34,6.27,6.37,6.24,230355,220083052.0,2.05,-0.95,-0.06,0.15
514,2017-03-30,6.29,6.29,6.32,6.24,193716,184893808.0,1.28,0.32,0.02,0.13
515,2017-03-31,6.31,6.34,6.36,6.26,168149,161379946.0,1.59,0.79,0.05,0.11
516,2017-04-05,6.56,6.59,6.66,6.44,589336,580658608.0,3.47,3.94,0.25,0.39
517,2017-04-06,6.5,6.5,6.58,6.45,347965,341422480.0,1.97,-1.37,-0.09,0.23
518,2017-04-07,6.48,6.45,6.5,6.36,418892,407112112.0,2.15,-0.77,-0.05,0.28
519,2017-04-10,6.45,6.41,6.54,6.38,401180,391248272.0,2.48,-0.62,-0.04,0.26
520,2017-04-11,6.41,6.35,6.48,6.26,361214,347712128.0,3.43,-0.94,-0.06,0.24
521,2017-04-12,6.34,6.3,6.35,6.26,217067,207300141.0,1.42,-0.79,-0.05,0.14
522,2017-04-13,6.3,6.26,6.31,6.24,201902,192223800.0,1.11,-0.63,-0.04,0.13
523,2017-04-26,6.26,5.83,6.29,5.71,1149596,1042821248.0,9.27,-6.87,-0.43,0.76
524,2017-04-27,5.75,5.82,5.87,5.64,552071,491736176.0,3.95,-0.17,-0.01,0.36
525,2017-04-28,5.83,5.82,5.83,5.7,427009,381571392.0,2.23,0.0,0.0,0.28
526,2017-05-02,5.75,5.76,5.81,5.74,273943,244335027.0,1.2,-1.03,-0.06,0.18
527,2017-05-03,5.75,5.65,5.75,5.62,360524,317636752.0,2.26,-1.91,-0.11,0.24
528,2017-05-04,5.6,5.58,5.65,5.5,451726,391228112.0,2.65,-1.24,-0.07,0.3
529,2017-05-05,5.52,5.56,5.58,5.39,462609,395887600.0,3.41,-0.36,-0.02,0.3
530,2017-05-08,5.48,5.49,5.5,5.29,648268,548300288.0,3.78,-1.26,-0.07,0.43
531,2017-05-09,5.38,5.49,5.5,5.35,405117,345686128.0,2.73,0.0,0.0,0.27
532,2017-05-10,5.46,5.52,5.63,5.45,438311,380526352.0,3.28,0.55,0.03,0.29
533,2017-05-11,5.5,5.6,5.64,5.48,393589,342679280.0,2.9,1.45,0.08,0.26
534,2017-05-12,5.6,5.75,5.75,5.57,497146,439366688.0,3.21,2.68,0.15,0.33
535,2017-05-15,5.76,5.69,5.81,5.67,238706,211920793.0,2.43,-1.04,-0.06,0.16
536,2017-05-16,5.68,5.7,5.72,5.62,267967,236378575.0,1.76,0.18,0.01,0.18
537,2017-05-17,5.7,5.64,5.72,5.6,292250,256297142.0,2.11,-1.05,-0.06,0.19
538,2017-05-18,5.62,5.56,5.64,5.5,349905,303250272.0,2.48,-1.42,-0.08,0.23
539,2017-05-19,5.55,5.54,5.57,5.51,218929,189257725.0,1.08,-0.36,-0.02,0.14
540,2017-05-22,5.53,5.5,5.55,5.42,283318,243169720.0,2.35,-0.72,-0.04,0.19
541,2017-05-23,5.48,5.56,5.6,5.41,613791,530079376.0,3.45,1.09,0.06,0.4
542,2017-05-24,5.53,5.54,5.55,5.47,265205,228289910.0,1.44,-0.36,-0.02,0.17
543,2017-05-25,5.51,5.8,5.86,5.5,981363,869677152.0,6.5,4.69,0.26,0.65
544,2017-05-26,5.77,5.76,5.9,5.71,563139,504347376.0,3.28,-0.69,-0.04,0.37
545,2017-05-31,5.78,5.78,5.88,5.75,426345,383073328.0,2.26,0.35,0.02,0.28
546,2017-06-01,5.8,5.81,5.86,5.75,391793,351463632.0,1.9,0.52,0.03,0.26
547,2017-06-02,5.82,5.74,5.85,5.7,575656,514092432.0,2.58,-1.2,-0.07,0.38
548,2017-06-05,5.7,5.65,5.75,5.62,363209,319620448.0,2.26,-1.57,-0.09,0.24
549,2017-06-06,5.65,5.7,5.72,5.64,261188,230234686.0,1.42,0.88,0.05,0.17
550,2017-06-07,5.7,5.75,5.76,5.69,277820,247005490.0,1.23,0.88,0.05,0.18
551,2017-06-08,5.75,5.74,5.75,5.68,276581,244847082.0,1.22,-0.17,-0.01,0.18
552,2017-06-09,5.76,5.77,5.85,5.74,554993,496802304.0,1.92,0.52,0.03,0.36
553,2017-06-12,5.75,5.77,5.85,5.74,436654,391097056.0,1.91,0.0,0.0,0.29
554,2017-06-13,5.75,5.74,5.77,5.69,315171,279374960.0,1.39,-0.52,-0.03,0.21
555,2017-06-14,5.74,5.68,5.75,5.65,311886,275349680.0,1.74,-1.05,-0.06,0.21
556,2017-06-15,5.66,5.68,5.69,5.64,278706,245208639.0,0.88,0.0,0.0,0.18
557,2017-06-16,5.69,5.75,5.77,5.67,396263,352528720.0,1.76,1.23,0.07,0.26
558,2017-06-19,5.77,5.8,5.81,5.75,249815,223747118.0,1.04,0.87,0.05,0.16
559,2017-06-20,5.8,5.74,5.8,5.72,263959,234824504.0,1.38,-1.03,-0.06,0.17
560,2017-06-21,5.77,5.74,5.78,5.71,263180,233906098.0,1.22,0.0,0.0,0.17
561,2017-06-22,5.73,5.82,5.91,5.72,828180,745820176.0,3.31,1.39,0.08,0.54
562,2017-06-23,5.8,5.83,5.85,5.75,449877,402453792.0,1.72,0.17,0.01,0.3
563,2017-06-26,5.81,5.9,5.96,5.81,606403,550690896.0,2.57,1.2,0.07,0.4
564,2017-06-27,5.89,5.9,5.94,5.83,406323,368013952.0,1.86,0.0,0.0,0.27
565,2017-06-28,5.88,6.01,6.05,5.87,547440,502613952.0,3.05,1.86,0.11,0.36
566,2017-06-29,6.02,6.01,6.04,5.97,333151,306730016.0,1.16,0.0,0.0,0.22
567,2017-06-30,5.98,5.97,6.01,5.95,219665,201726648.0,1.0,-0.67,-0.04,0.14
568,2017-07-03,5.96,5.95,5.97,5.9,215646,196769332.0,1.17,-0.34,-0.02,0.14
569,2017-07-04,5.95,5.87,5.96,5.85,283213,257120140.0,1.85,-1.34,-0.08,0.19
570,2017-07-05,5.87,5.94,5.95,5.86,261692,237804890.0,1.53,1.19,0.07,0.17
571,2017-07-06,5.95,5.97,6.02,5.95,300709,276088672.0,1.18,0.51,0.03,0.2
572,2017-07-07,5.98,5.97,5.99,5.94,202408,185386358.0,0.84,0.0,0.0,0.13
573,2017-07-10,5.98,5.95,5.99,5.93,287781,262892150.0,1.01,-0.34,-0.02,0.19
574,2017-07-11,5.95,6.13,6.17,5.93,890500,825766736.0,4.03,3.03,0.18,0.59
575,2017-07-12,6.14,6.19,6.41,6.1,747859,578836720.0,5.06,0.98,0.06,0.41
576,2017-07-13,6.15,6.34,6.35,6.14,635700,490204208.0,3.39,2.42,0.15,0.35
577,2017-07-14,6.34,6.39,6.48,6.29,744926,581732144.0,3.0,0.79,0.05,0.41
578,2017-07-17,6.43,6.46,6.7,6.3,1647897,1312530768.0,6.26,1.1,0.07,0.9
579,2017-07-18,6.46,6.36,6.48,6.26,700157,548583184.0,3.41,-1.55,-0.1,0.38
580,2017-07-19,6.35,6.59,6.62,6.33,969255,770928992.0,4.56,3.62,0.23,0.53
581,2017-07-20,6.54,6.59,6.63,6.51,434632,348583328.0,1.82,0.0,0.0,0.24
582,2017-07-21,6.56,6.48,6.6,6.43,539098,428758224.0,2.58,-1.67,-0.11,0.3
583,2017-07-24,6.46,6.52,6.57,6.43,416639,332428912.0,2.16,0.62,0.04,0.23
584,2017-07-25,6.53,6.56,6.63,6.5,785556,630761696.0,1.99,0.61,0.04,0.43
585,2017-07-26,6.56,6.49,6.66,6.43,649825,519808736.0,3.51,-1.07,-0.07,0.36
586,2017-07-27,6.48,6.34,6.48,6.3,815000,636236768.0,2.77,-2.31,-0.15,0.45
587,2017-07-28,6.32,6.36,6.37,6.3,403389,314627520.0,1.1,0.32,0.02,0.22
588,2017-07-31,6.36,6.34,6.43,6.31,433989,338934256.0,1.89,-0.31,-0.02,0.24
589,2017-08-01,6.36,6.43,6.44,6.31,634968,498738672.0,2.05,1.42,0.09,0.35
590,2017-08-02,6.41,6.47,6.54,6.41,723230,573676560.0,2.02,0.62,0.04,0.4
591,2017-08-03,6.48,6.38,6.5,6.37,471577,371239168.0,2.01,-1.39,-0.09,0.26
592,2017-08-04,6.4,6.29,6.42,6.28,451939,352463712.0,2.19,-1.41,-0.09,0.25
593,2017-08-07,6.29,6.3,6.34,6.26,421246,326034752.0,1.27,0.16,0.01,0.23
594,2017-08-08,6.29,6.2,6.3,6.17,579664,444498160.0,2.06,-1.59,-0.1,0.32
595,2017-08-09,6.19,6.1,6.2,6.09,509604,386374096.0,1.77,-1.61,-0.1,0.28
596,2017-08-10,6.1,6.09,6.16,6.06,499997,378240976.0,1.64,-0.16,-0.01,0.27
597,2017-08-11,6.06,5.9,6.08,5.89,782761,581354992.0,3.12,-3.12,-0.19,0.43
598,2017-08-14,5.92,5.91,5.93,5.87,416155,306255712.0,1.02,0.17,0.01,0.23
599,2017-08-15,5.91,5.97,6.02,5.91,520607,387356976.0,1.86,1.02,0.06,0.29
600,2017-08-16,5.95,5.93,5.97,5.88,387041,285570208.0,1.51,-0.67,-0.04,0.21
601,2017-08-17,5.93,5.98,5.98,5.92,254126,188341515.0,1.01,0.84,0.05,0.14
602,2017-08-18,5.94,6.0,6.02,5.91,332081,247078192.0,1.84,0.33,0.02,0.18
603,2017-08-21,5.97,5.98,6.02,5.94,297908,221472095.0,1.33,-0.33,-0.02,0.16
604,2017-08-22,5.98,5.98,6.01,5.95,227327,169006769.0,1.0,0.0,0.0,0.12
605,2017-08-23,5.98,6.04,6.08,5.96,474102,355384800.0,2.01,1.0,0.06,0.26
606,2017-08-24,6.02,6.02,6.09,6.0,308052,230930114.0,1.49,-0.33,-0.02,0.17
607,2017-08-25,6.02,6.19,6.21,6.0,927225,705619520.0,3.49,2.82,0.17,0.51
608,2017-08-28,6.2,6.24,6.33,6.2,771545,596493024.0,2.1,0.81,0.05,0.42
609,2017-08-29,6.26,6.26,6.29,6.21,364288,280756048.0,1.28,0.32,0.02,0.2
610,2017-08-30,6.28,6.26,6.32,6.22,464320,358890400.0,1.6,0.0,0.0,0.25
611,2017-08-31,6.3,6.18,6.31,6.14,447708,342288400.0,2.72,-1.28,-0.08,0.25
612,2017-09-01,6.19,6.16,6.22,6.11,475850,362619136.0,1.78,-0.32,-0.02,0.26
613,2017-09-04,6.16,6.19,6.2,6.12,265873,202979735.0,1.3,0.49,0.03,0.15
614,2017-09-05,6.18,6.22,6.26,6.14,394343,302828016.0,1.94,0.48,0.03,0.22
615,2017-09-06,6.21,6.17,6.21,6.13,305612,232844034.0,1.29,-0.8,-0.05,0.17
616,2017-09-07,6.19,6.15,6.19,6.14,222478,169550201.0,0.81,-0.32,-0.02,0.12
617,2017-09-08,6.17,6.13,6.17,6.12,280941,213511780.0,0.81,-0.33,-0.02,0.15
618,2017-09-11,6.15,6.14,6.17,6.12,377976,287203072.0,0.82,0.16,0.01,0.21
619,2017-09-12,6.15,6.15,6.15,6.1,383598,290962912.0,0.81,0.16,0.01,0.21
620,2017-09-13,6.14,6.11,6.15,6.1,282071,213779424.0,0.81,-0.65,-0.04,0.15
621,2017-09-14,6.11,6.07,6.12,6.06,358871,271116336.0,0.98,-0.65,-0.04,0.2
622,2017-09-15,6.07,6.07,6.09,6.05,246435,185423652.0,0.66,0.0,0.0,0.14
623,2017-09-18,6.09,6.11,6.12,6.07,224862,170051875.0,0.82,0.66,0.04,0.12
624,2017-09-19,6.11,6.05,6.11,6.04,286197,215611364.0,1.15,-0.98,-0.06,0.16
625,2017-09-20,6.05,6.09,6.09,6.04,262226,197419849.0,0.83,0.66,0.04,0.14
626,2017-09-21,6.08,6.11,6.14,6.07,206998,156711669.0,1.15,0.33,0.02,0.11
627,2017-09-22,6.1,6.04,6.12,6.01,302176,226992262.0,1.8,-1.15,-0.07,0.17
628,2017-09-25,6.0,5.94,6.02,5.94,289212,214842351.0,1.32,-1.66,-0.1,0.16
629,2017-09-26,5.92,5.96,5.97,5.92,146368,108485407.0,0.84,0.34,0.02,0.08
630,2017-09-27,5.94,5.94,5.98,5.93,189370,140469617.0,0.84,-0.34,-0.02,0.1
631,2017-09-28,5.95,5.92,5.97,5.92,179581,132928748.0,0.84,-0.34,-0.02,0.1
632,2017-09-29,5.93,6.0,6.01,5.93,214895,160242074.0,1.35,1.35,0.08,0.12
633,2017-10-09,6.19,6.05,6.21,5.99,604573,457602672.0,3.67,0.83,0.05,0.33
634,2017-10-10,6.05,6.08,6.09,6.02,361427,271808640.0,1.16,0.5,0.03,0.2
635,2017-10-11,6.08,6.07,6.1,6.04,219328,165360157.0,0.99,-0.16,-0.01,0.12
636,2017-10-12,6.07,6.04,6.09,6.01,238932,179274655.0,1.32,-0.49,-0.03,0.13
637,2017-10-13,6.03,6.05,6.06,6.0,216581,162252536.0,0.99,0.17,0.01,0.12
638,2017-10-16,6.05,6.02,6.06,6.0,323569,242539458.0,0.99,-0.5,-0.03,0.18
639,2017-10-17,6.03,6.03,6.05,5.99,209424,156561004.0,1.0,0.17,0.01,0.11
640,2017-10-18,6.03,5.99,6.04,5.99,248484,185530606.0,0.83,-0.66,-0.04,0.14
641,2017-10-19,5.99,5.91,6.0,5.9,384564,284700528.0,1.67,-1.34,-0.08,0.21
642,2017-10-20,5.92,5.95,5.95,5.9,231127,170766054.0,0.85,0.68,0.04,0.13
643,2017-10-23,5.95,5.93,5.95,5.91,259874,191884336.0,0.67,-0.34,-0.02,0.14
644,2017-10-24,5.92,5.93,5.96,5.91,331496,245189606.0,0.84,0.0,0.0,0.18
645,2017-10-25,5.94,5.95,5.97,5.92,226250,167503409.0,0.84,0.34,0.02,0.12
646,2017-10-26,5.95,5.93,5.96,5.91,337209,248993391.0,0.84,-0.34,-0.02,0.18
647,2017-10-27,5.94,5.95,6.0,5.92,469622,348240016.0,1.35,0.34,0.02,0.26
648,2017-10-30,5.95,5.94,5.96,5.88,446949,329808592.0,1.34,-0.17,-0.01,0.24
649,2017-10-31,5.93,5.88,5.93,5.88,324951,239069065.0,0.84,-1.01,-0.06,0.18
650,2017-11-01,5.89,5.89,5.91,5.87,357093,262312005.0,0.68,0.17,0.01,0.2
651,2017-11-02,5.89,5.9,5.92,5.8,567662,414901072.0,2.04,0.17,0.01,0.31
652,2017-11-03,5.88,5.92,5.94,5.84,466691,343019040.0,1.69,0.34,0.02,0.26
653,2017-11-06,5.92,5.84,5.92,5.83,316183,231267534.0,1.52,-1.35,-0.08,0.17
654,2017-11-07,5.86,5.85,5.9,5.8,531721,388594960.0,1.71,0.17,0.01,0.29
655,2017-11-08,5.84,5.88,5.9,5.83,391482,287168064.0,1.2,0.51,0.03,0.21
656,2017-11-09,5.89,5.85,5.91,5.83,352750,258364865.0,1.36,-0.51,-0.03,0.19
657,2017-11-10,5.84,5.82,5.88,5.8,417911,304327664.0,1.37,-0.51,-0.03,0.23
658,2017-11-13,5.82,5.89,5.95,5.82,654021,480617632.0,2.23,1.2,0.07,0.36
659,2017-11-14,5.88,5.87,5.9,5.83,354772,259896838.0,1.19,-0.34,-0.02,0.19
660,2017-11-15,5.85,5.86,5.89,5.85,426660,312895824.0,0.68,-0.17,-0.01,0.23
661,2017-11-16,5.85,5.8,5.87,5.79,349542,254728806.0,1.37,-1.02,-0.06,0.19
662,2017-11-17,5.8,5.99,6.0,5.76,1559056,1144388048.0,4.14,3.28,0.19,0.85
663,2017-11-20,5.9,5.97,6.01,5.88,781999,578733232.0,2.17,-0.33,-0.02,0.43
664,2017-11-21,5.94,6.03,6.08,5.93,902675,675389168.0,2.51,1.01,0.06,0.49
665,2017-11-22,6.06,6.12,6.21,6.03,1143334,866688848.0,2.99,1.49,0.09,0.63
666,2017-11-23,6.1,6.1,6.18,5.99,945501,715486576.0,3.1,-0.33,-0.02,0.52
667,2017-11-24,6.1,6.11,6.16,6.06,521591,394793936.0,1.64,0.16,0.01,0.29
668,2017-11-27,6.1,6.12,6.13,6.01,642386,483940384.0,1.96,0.16,0.01,0.35
669,2017-11-28,6.09,6.05,6.11,6.03,326291,245457867.0,1.31,-1.14,-0.07,0.18
670,2017-11-29,6.04,5.96,6.07,5.91,537585,399440176.0,2.64,-1.49,-0.09,0.29
671,2017-11-30,5.95,5.96,6.0,5.93,330039,244882969.0,1.17,0.0,0.0,0.18
672,2017-12-01,5.98,5.93,5.99,5.86,652773,480624752.0,2.18,-0.5,-0.03,0.36
673,2017-12-04,5.89,5.94,5.95,5.85,571363,420491584.0,1.69,0.17,0.01,0.31
674,2017-12-05,5.93,6.03,6.12,5.91,1217004,911695488.0,3.54,1.52,0.09,0.67
675,2017-12-06,6.03,5.97,6.03,5.95,357482,266344272.0,1.33,-1.0,-0.06,0.2
676,2017-12-07,5.99,5.92,6.01,5.9,254254,188382204.0,1.84,-0.84,-0.05,0.14
677,2017-12-08,5.93,5.92,5.94,5.89,291170,214819191.0,0.84,0.0,0.0,0.16
678,2017-12-11,5.92,5.89,5.94,5.87,440383,323651872.0,1.18,-0.51,-0.03,0.24
679,2017-12-12,5.89,5.85,5.9,5.84,274919,201407148.0,1.02,-0.68,-0.04,0.15
680,2017-12-13,5.85,5.83,5.87,5.83,319123,233160704.0,0.68,-0.34,-0.02,0.17
681,2017-12-14,5.85,5.8,5.86,5.77,368121,267731481.0,1.54,-0.51,-0.03,0.2
682,2017-12-15,5.81,5.71,5.81,5.71,463426,334065952.0,1.72,-1.55,-0.09,0.25
683,2017-12-18,5.73,5.7,5.75,5.69,282814,202862043.0,1.05,-0.18,-0.01,0.15
684,2017-12-19,5.72,5.72,5.75,5.7,363983,261378526.0,0.88,0.35,0.02,0.2
685,2017-12-20,5.73,5.73,5.76,5.71,269722,194025135.0,0.87,0.17,0.01,0.15
686,2017-12-21,5.72,5.84,5.87,5.71,572377,416273296.0,2.79,1.92,0.11,0.31
687,2017-12-22,5.83,5.77,5.86,5.76,270854,196425091.0,1.71,-1.2,-0.07,0.15
688,2017-12-25,5.77,5.73,5.81,5.73,200074,144654586.0,1.39,-0.69,-0.04,0.11
689,2017-12-26,5.73,5.77,5.8,5.72,205153,148068761.0,1.4,0.7,0.04,0.11
690,2017-12-27,5.76,5.61,5.78,5.6,754480,539377584.0,3.12,-2.77,-0.16,0.41
691,2017-12-28,5.62,5.59,5.64,5.57,566705,399835424.0,1.25,-0.36,-0.02,0.31
692,2017-12-29,5.59,5.69,5.74,5.58,326644,231451516.0,2.86,1.79,0.1,0.18
693,2018-01-02,5.67,5.72,5.77,5.66,495009,355910816.0,1.93,0.53,0.03,0.27
694,2018-01-03,5.73,5.8,5.83,5.71,555275,402313648.0,2.1,1.4,0.08,0.3
695,2018-01-04,5.82,5.84,5.85,5.78,429246,312761840.0,1.21,0.69,0.04,0.24
696,2018-01-05,5.84,5.83,5.87,5.8,396930,289792576.0,1.2,-0.17,-0.01,0.22
697,2018-01-08,5.83,5.77,5.85,5.74,707281,511908352.0,1.89,-1.03,-0.06,0.39
698,2018-01-09,5.77,5.78,5.81,5.76,393542,284760000.0,0.87,0.17,0.01,0.22
699,2018-01-10,5.8,5.84,5.87,5.76,586263,427192704.0,1.9,1.04,0.06,0.32
700,2018-01-11,5.83,5.84,5.9,5.82,430328,314852976.0,1.37,0.0,0.0,0.24
701,2018-01-12,5.86,5.83,5.89,5.82,309369,226168115.0,1.2,-0.17,-0.01,0.17
702,2018-01-15,5.84,5.89,5.92,5.81,762772,559879056.0,1.89,1.03,0.06,0.42
703,2018-01-16,5.86,5.89,5.89,5.82,467489,341708512.0,1.19,0.0,0.0,0.26
704,2018-01-17,5.88,5.96,6.06,5.86,1094414,815399280.0,3.4,1.19,0.07,0.6
705,2018-01-18,5.98,6.03,6.05,5.95,679740,506680448.0,1.68,1.17,0.07,0.37
706,2018-01-19,6.09,6.16,6.22,6.09,1322603,1009357280.0,2.16,2.16,0.13,0.72
707,2018-01-22,6.12,6.05,6.14,6.02,973803,733693152.0,1.95,-1.79,-0.11,0.53
708,2018-01-23,6.04,6.19,6.21,6.02,1186667,898769248.0,3.14,2.31,0.14,0.65
709,2018-01-24,6.21,6.26,6.32,6.12,1488599,1143966992.0,3.23,1.13,0.07,0.82
710,2018-01-25,6.23,6.16,6.23,6.1,794582,605752416.0,2.08,-1.6,-0.1,0.44
711,2018-01-26,6.14,6.24,6.3,6.14,859566,660298960.0,2.6,1.3,0.08,0.47
712,2018-01-29,6.24,6.15,6.28,6.12,915330,702054864.0,2.56,-1.44,-0.09,0.5
713,2018-01-30,6.15,6.01,6.17,6.0,683421,514690816.0,2.76,-2.28,-0.14,0.37
714,2018-01-31,5.99,6.05,6.06,5.97,845846,631801104.0,1.5,0.67,0.04,0.46
715,2018-02-01,6.03,6.15,6.17,6.0,1248191,940838496.0,2.81,1.65,0.1,0.68
716,2018-02-02,6.09,6.11,6.14,6.02,623549,469894896.0,1.95,-0.65,-0.04,0.34
717,2018-02-05,6.04,6.34,6.36,6.01,1576357,1215821648.0,5.73,3.76,0.23,0.86
718,2018-02-06,6.24,6.2,6.35,6.17,2013546,1557932160.0,2.84,-2.21,-0.14,1.1
719,2018-02-07,6.3,6.09,6.44,6.09,1608032,1243054880.0,5.65,-1.77,-0.11,0.88
720,2018-02-08,6.08,5.87,6.1,5.81,984949,731761200.0,4.76,-3.61,-0.22,0.54
721,2018-02-09,5.75,5.75,5.8,5.59,1290822,922541680.0,3.58,-2.04,-0.12,0.71
722,2018-02-12,5.72,5.78,5.83,5.69,551131,398866544.0,2.43,0.52,0.03,0.3
723,2018-02-13,5.8,5.86,5.92,5.8,411553,301633952.0,2.08,1.38,0.08,0.23
724,2018-02-14,5.87,5.86,5.89,5.83,263520,192583187.0,1.02,0.0,0.0,0.14
725,2018-02-22,5.93,5.98,5.99,5.89,403522,298887120.0,1.71,2.05,0.12,0.22
726,2018-02-23,5.98,6.0,6.02,5.95,299750,223389341.0,1.17,0.33,0.02,0.16
727,2018-02-26,6.0,6.03,6.06,5.97,345456,258150984.0,1.5,0.5,0.03,0.19
728,2018-02-27,6.06,5.88,6.06,5.88,368820,273343792.0,2.99,-2.49,-0.15,0.2
729,2018-02-28,5.86,5.85,5.9,5.8,480448,351689536.0,1.7,-0.51,-0.03,0.26
730,2018-03-01,5.81,5.9,5.94,5.79,627908,461513888.0,2.56,0.85,0.05,0.34
731,2018-03-02,5.86,5.87,5.92,5.82,341798,250652969.0,1.69,-0.51,-0.03,0.19
732,2018-03-05,5.85,5.86,5.93,5.84,314328,230471160.0,1.53,-0.17,-0.01,0.17
733,2018-03-06,5.9,5.9,5.91,5.84,212899,156175934.0,1.19,0.68,0.04,0.12
734,2018-03-07,5.92,5.85,5.98,5.85,290620,214699061.0,2.2,-0.85,-0.05,0.16
735,2018-03-08,5.9,5.87,5.9,5.84,173965,127453310.0,1.03,0.34,0.02,0.1
736,2018-03-09,5.89,5.87,5.89,5.84,203994,149311150.0,0.85,0.0,0.0,0.11
737,2018-03-12,5.87,5.87,5.89,5.85,245562,180013329.0,0.68,0.0,0.0,0.13
738,2018-03-13,5.88,5.83,5.92,5.82,261232,191493452.0,1.7,-0.68,-0.04,0.14
739,2018-03-14,5.82,5.78,5.84,5.77,176608,128099174.0,1.2,-0.86,-0.05,0.1
740,2018-03-15,5.74,5.76,5.78,5.74,145116,104752080.0,0.69,-0.35,-0.02,0.08
741,2018-03-16,5.74,5.72,5.78,5.7,248050,178586911.0,1.39,-0.69,-0.04,0.14
742,2018-03-19,5.71,5.7,5.74,5.7,152738,109589971.0,0.7,-0.35,-0.02,0.08
743,2018-03-20,5.69,5.72,5.74,5.69,166011,119113574.0,0.88,0.35,0.02,0.09
744,2018-03-21,5.74,5.69,5.76,5.69,216948,155818337.0,1.22,-0.52,-0.03,0.12
745,2018-03-22,5.7,5.65,5.72,5.65,193512,138067527.0,1.23,-0.7,-0.04,0.11
746,2018-03-23,5.59,5.41,5.6,5.34,593951,413207488.0,4.6,-4.25,-0.24,0.33
747,2018-03-26,5.4,5.36,5.41,5.27,386641,262851698.0,2.59,-0.92,-0.05,0.21
748,2018-03-27,5.4,5.37,5.46,5.35,257056,176574201.0,2.05,0.19,0.01,0.14
749,2018-03-28,5.32,5.39,5.46,5.32,227811,156449628.0,2.61,0.37,0.02,0.12
750,2018-03-29,5.39,5.47,5.48,5.37,236254,162586533.0,2.04,1.48,0.08,0.13
751,2018-03-30,5.47,5.42,5.5,5.41,198606,137012643.0,1.65,-0.91,-0.05,0.11
752,2018-04-02,5.44,5.41,5.48,5.41,241528,166780952.0,1.29,-0.18,-0.01,0.13
753,2018-04-03,5.4,5.37,5.42,5.34,162000,110574910.0,1.48,-0.74,-0.04,0.09
754,2018-04-04,5.37,5.35,5.39,5.34,183962,125570596.0,0.93,-0.37,-0.02,0.1
755,2018-04-09,5.35,5.36,5.37,5.33,182620,124343506.0,0.75,0.19,0.01,0.1
756,2018-04-10,5.36,5.48,5.5,5.34,244762,168483728.0,2.99,2.24,0.12,0.13
757,2018-04-11,5.49,5.52,5.59,5.46,262170,183058392.0,2.37,0.73,0.04,0.14
758,2018-04-12,5.54,5.48,5.54,5.45,181094,125828080.0,1.63,-0.72,-0.04,0.1
759,2018-04-13,5.5,5.42,5.51,5.42,128373,88852141.0,1.64,-1.09,-0.06,0.07
760,2018-04-16,5.46,5.36,5.46,5.33,251085,171504501.0,2.4,-1.11,-0.06,0.14
761,2018-04-17,5.36,5.35,5.4,5.3,258862,176423586.0,1.87,-0.19,-0.01,0.14
762,2018-04-18,5.42,5.38,5.44,5.36,255545,175206698.0,1.5,0.56,0.03,0.14
763,2018-04-19,5.42,5.38,5.42,5.36,178903,122606786.0,1.12,0.0,0.0,0.1
764,2018-04-20,5.35,5.26,5.38,5.21,272498,183586981.0,3.16,-2.23,-0.12,0.15
765,2018-04-23,5.22,5.28,5.31,5.22,154493,104006556.0,1.71,0.38,0.02,0.08
766,2018-04-24,5.24,5.38,5.38,5.24,226590,154427721.0,2.65,1.89,0.1,0.12
767,2018-04-25,5.35,5.31,5.39,5.3,181256,123330963.0,1.67,-1.3,-0.07,0.1
768,2018-04-26,5.36,5.28,5.37,5.27,174848,118573108.0,1.88,-0.56,-0.03,0.1
769,2018-04-27,5.33,5.34,5.37,5.3,254849,173138408.0,1.33,1.14,0.06,0.14
770,2018-05-02,5.39,5.35,5.4,5.3,241751,164569353.0,1.87,0.19,0.01,0.13
771,2018-05-03,5.34,5.35,5.37,5.3,213777,145383124.0,1.31,0.0,0.0,0.12
772,2018-05-04,5.36,5.32,5.37,5.29,197328,133975865.0,1.5,-0.56,-0.03,0.11
773,2018-05-07,5.32,5.34,5.35,5.31,253510,172173848.0,0.75,0.38,0.02,0.14
774,2018-05-08,5.33,5.38,5.4,5.33,263900,180291693.0,1.31,0.75,0.04,0.14
775,2018-05-09,5.38,5.37,5.38,5.34,176993,120712034.0,0.74,-0.19,-0.01,0.1
776,2018-05-10,5.38,5.43,5.44,5.37,281781,193340024.0,1.3,1.12,0.06,0.15
777,2018-05-11,5.44,5.42,5.45,5.39,161863,111375250.0,1.1,-0.18,-0.01,0.09
778,2018-05-14,5.44,5.44,5.48,5.41,218884,151087140.0,1.29,0.37,0.02,0.12
779,2018-05-15,5.44,5.43,5.44,5.39,169396,116339764.0,0.92,-0.18,-0.01,0.09
780,2018-05-16,5.42,5.35,5.42,5.34,245262,167412440.0,1.47,-1.47,-0.08,0.13
781,2018-05-17,5.36,5.35,5.39,5.33,158386,108081948.0,1.12,0.0,0.0,0.09
782,2018-05-18,5.35,5.42,5.42,5.33,203675,139301880.0,1.68,1.31,0.07,0.11
783,2018-05-21,5.44,5.44,5.46,5.41,238468,164463708.0,0.92,0.37,0.02,0.13
784,2018-05-22,5.44,5.43,5.45,5.39,191733,131786928.0,1.1,-0.18,-0.01,0.11
785,2018-05-23,5.42,5.36,5.42,5.35,188427,128959082.0,1.29,-1.29,-0.07,0.1
786,2018-05-24,5.38,5.34,5.38,5.32,183538,124951038.0,1.12,-0.37,-0.02,0.1
787,2018-05-25,5.36,5.34,5.37,5.3,225282,153173811.0,1.31,0.0,0.0,0.12
788,2018-05-28,5.34,5.33,5.36,5.28,239524,162432122.0,1.5,-0.19,-0.01,0.13
789,2018-05-29,5.29,5.26,5.32,5.24,235013,158256788.0,1.5,-1.31,-0.07,0.13
790,2018-05-30,5.23,5.13,5.24,5.11,303035,200767807.0,2.47,-2.47,-0.13,0.17
791,2018-05-31,5.19,5.16,5.22,5.11,499046,330458448.0,2.14,0.58,0.03,0.27
792,2018-06-01,5.17,5.19,5.2,5.14,167654,111153398.0,1.16,0.58,0.03,0.09
793,2018-06-04,5.19,5.16,5.21,5.14,290237,192475017.0,1.35,-0.58,-0.03,0.16
794,2018-06-05,5.16,5.03,5.16,4.98,618762,401683936.0,3.49,-2.52,-0.13,0.34
795,2018-06-06,5.02,5.01,5.02,4.93,492475,316415024.0,1.79,-0.4,-0.02,0.27
796,2018-06-07,5.0,5.0,5.02,4.92,810013,520096576.0,2.0,-0.2,-0.01,0.44
797,2018-06-08,4.96,4.85,4.96,4.79,647740,409341472.0,3.4,-3.0,-0.15,0.35
798,2018-06-11,4.82,4.8,4.82,4.75,517038,323166992.0,1.44,-1.03,-0.05,0.28
799,2018-06-12,4.78,4.76,4.79,4.7,569445,352872032.0,1.88,-0.83,-0.04,0.31
800,2018-06-13,4.73,4.67,4.73,4.66,374088,230531136.0,1.47,-1.89,-0.09,0.21
801,2018-06-14,4.64,4.69,4.71,4.62,323897,198651042.0,1.93,0.43,0.02,0.18
802,2018-06-15,4.68,4.74,4.77,4.67,370467,229558090.0,2.13,1.07,0.05,0.2
803,2018-06-19,4.71,4.54,4.71,4.49,603184,365906160.0,4.64,-4.22,-0.2,0.33
804,2018-06-20,4.54,4.57,4.6,4.54,335951,202744892.0,1.32,0.66,0.03,0.18
805,2018-06-21,4.57,4.56,4.62,4.52,322232,194512528.0,2.19,-0.22,-0.01,0.18
806,2018-06-22,4.56,4.59,4.6,4.51,234827,141120853.0,1.97,0.66,0.03,0.13
807,2018-06-25,4.62,4.54,4.63,4.49,340357,204561503.0,3.05,-1.09,-0.05,0.19
808,2018-06-26,4.53,4.51,4.54,4.38,406933,240708169.0,3.52,-0.66,-0.03,0.22
809,2018-06-27,4.46,4.45,4.51,4.42,250239,148065771.0,2.0,-1.33,-0.06,0.14
810,2018-06-28,4.39,4.52,4.53,4.39,334697,198587848.0,3.15,1.57,0.07,0.18
811,2018-06-29,4.53,4.57,4.58,4.5,203576,122188435.0,1.77,1.11,0.05,0.11
812,2018-07-02,4.55,4.48,4.56,4.41,282542,168156551.0,3.28,-1.97,-0.09,0.15
813,2018-07-03,4.46,4.54,4.55,4.45,287884,171704222.0,2.23,1.34,0.06,0.16
814,2018-07-04,4.54,4.56,4.61,4.52,232416,139811616.0,1.98,0.44,0.02,0.13
815,2018-07-05,4.52,4.4,4.54,4.32,880276,516572880.0,4.82,-3.51,-0.16,0.48
816,2018-07-06,4.38,4.4,4.41,4.29,726038,422224688.0,2.73,0.0,0.0,0.4
817,2018-07-09,4.38,4.56,4.58,4.37,522310,311147104.0,4.77,3.64,0.16,0.29
818,2018-07-10,4.56,4.61,4.62,4.54,365119,220435392.0,1.75,1.1,0.05,0.2
819,2018-07-11,4.53,4.6,4.63,4.44,508507,305833952.0,4.12,-0.22,-0.01,0.28
820,2018-07-12,4.56,4.64,4.66,4.52,522698,303213264.0,3.04,0.87,0.04,0.29
821,2018-07-13,4.64,4.57,4.64,4.57,292172,169185685.0,1.51,-1.51,-0.07,0.16
822,2018-07-16,4.59,4.51,4.59,4.5,228887,131148642.0,1.97,-1.31,-0.06,0.13
823,2018-07-17,4.52,4.47,4.53,4.45,232256,131877737.0,1.77,-0.89,-0.04,0.13
824,2018-07-18,4.47,4.44,4.53,4.42,290571,164914188.0,2.46,-0.67,-0.03,0.16
825,2018-07-19,4.45,4.45,4.46,4.4,227517,128069655.0,1.35,0.23,0.01,0.12
826,2018-07-20,4.44,4.6,4.66,4.39,653131,376213216.0,6.07,3.37,0.15,0.36
827,2018-07-23,4.57,4.69,4.71,4.53,567032,330055072.0,3.91,1.96,0.09,0.31
828,2018-07-24,4.67,4.76,4.77,4.66,616273,364476992.0,2.35,1.49,0.07,0.34
829,2018-07-25,4.75,4.75,4.76,4.69,304649,180497552.0,1.47,-0.21,-0.01,0.17
830,2018-07-26,4.75,4.74,4.76,4.71,279514,165886761.0,1.05,-0.21,-0.01,0.15
831,2018-07-27,4.74,4.74,4.75,4.68,207508,122880547.0,1.48,0.0,0.0,0.11
832,2018-07-30,4.72,4.75,4.79,4.7,303970,180614891.0,1.9,0.21,0.01,0.17
833,2018-07-31,4.75,4.75,4.78,4.7,242986,144210812.0,1.68,0.0,0.0,0.13
834,2018-08-01,4.76,4.69,4.79,4.64,378290,223810790.0,3.16,-1.26,-0.06,0.21
835,2018-08-02,4.66,4.59,4.7,4.48,393200,227395016.0,4.69,-2.13,-0.1,0.22
836,2018-08-03,4.56,4.55,4.61,4.53,181687,104837196.0,1.74,-0.87,-0.04,0.1
837,2018-08-06,4.57,4.53,4.63,4.52,231998,133680419.0,2.42,-0.44,-0.02,0.13
838,2018-08-07,4.55,4.61,4.62,4.49,318705,183578070.0,2.87,1.77,0.08,0.17
839,2018-08-08,4.61,4.59,4.63,4.57,205228,118923457.0,1.3,-0.43,-0.02,0.11
840,2018-08-09,4.55,4.64,4.67,4.55,278348,162216336.0,2.61,1.09,0.05,0.15
841,2018-08-10,4.65,4.62,4.65,4.6,268447,156362866.0,1.08,-0.43,-0.02,0.15
842,2018-08-13,4.59,4.58,4.61,4.52,242765,139724196.0,1.95,-0.87,-0.04,0.13
843,2018-08-14,4.57,4.6,4.61,4.55,144361,83527968.0,1.31,0.44,0.02,0.08
844,2018-08-15,4.6,4.51,4.61,4.51,275250,158346895.0,2.17,-1.96,-0.09,0.15
845,2018-08-16,4.49,4.51,4.55,4.43,289178,164782465.0,2.66,0.0,0.0,0.16
846,2018-08-17,4.55,4.47,4.55,4.46,162449,92861875.0,2.0,-0.89,-0.04,0.09
847,2018-08-20,4.51,4.57,4.58,4.49,250215,143404437.0,2.01,2.24,0.1,0.14
848,2018-08-21,4.6,4.56,4.62,4.55,196510,113742813.0,1.53,-0.22,-0.01,0.11
849,2018-08-22,4.56,4.49,4.57,4.47,246366,140616575.0,2.19,-1.54,-0.07,0.14
850,2018-08-23,4.51,4.51,4.54,4.47,243351,138866319.0,1.56,0.45,0.02,0.13
851,2018-08-24,4.5,4.6,4.7,4.47,456039,263209847.0,5.1,2.0,0.09,0.25
852,2018-08-27,4.6,4.61,4.62,4.54,508204,294228448.0,1.74,0.22,0.01,0.28
853,2018-08-28,4.61,4.61,4.64,4.59,235583,137036165.0,1.08,0.0,0.0,0.13
854,2018-08-29,4.61,4.57,4.62,4.55,190234,109988231.0,1.52,-0.87,-0.04,0.1
855,2018-08-30,4.59,4.52,4.62,4.52,231915,133800959.0,2.19,-1.09,-0.05,0.13
856,2018-08-31,4.54,4.63,4.65,4.52,589563,342005712.0,2.88,2.43,0.11,0.32
857,2018-09-03,4.61,4.59,4.64,4.55,300002,173649070.0,1.94,-0.86,-0.04,0.16
858,2018-09-04,4.6,4.64,4.67,4.57,365424,212646631.0,2.18,1.09,0.05,0.2
859,2018-09-05,4.61,4.53,4.65,4.53,338948,196311476.0,2.59,-2.37,-0.11,0.19
860,2018-09-06,4.54,4.53,4.58,4.52,192436,110711402.0,1.32,0.0,0.0,0.11
861,2018-09-07,4.54,4.54,4.58,4.5,191763,110141158.0,1.77,0.22,0.01,0.11
862,2018-09-10,4.51,4.51,4.54,4.48,167490,95613016.0,1.32,-0.66,-0.03,0.09
863,2018-09-11,4.51,4.46,4.53,4.45,203929,116105517.0,1.77,-1.11,-0.05,0.11
864,2018-09-12,4.45,4.46,4.5,4.43,157539,89167369.0,1.57,0.0,0.0,0.09
865,2018-09-13,4.52,4.55,4.55,4.49,265209,151715156.0,1.35,2.02,0.09,0.15
866,2018-09-14,4.56,4.56,4.6,4.53,153544,88317609.0,1.54,0.22,0.01,0.08
867,2018-09-17,4.53,4.5,4.54,4.49,150880,86105705.0,1.1,-1.32,-0.06,0.08
868,2018-09-18,4.49,4.57,4.58,4.48,241383,138337443.0,2.22,1.56,0.07,0.13
869,2018-09-19,4.57,4.58,4.6,4.55,298999,172709029.0,1.09,0.22,0.01,0.16
870,2018-09-20,4.59,4.6,4.62,4.57,277050,160537120.0,1.09,0.44,0.02,0.15
871,2018-09-21,4.61,4.75,4.75,4.58,515430,302511328.0,3.7,3.26,0.15,0.28
872,2018-09-25,4.69,4.72,4.74,4.68,276758,163714488.0,1.26,-0.63,-0.03,0.15
873,2018-09-26,4.74,4.79,4.86,4.72,595225,357478624.0,2.97,1.48,0.07,0.33
874,2018-09-27,4.8,4.82,4.83,4.78,321488,193014578.0,1.04,0.63,0.03,0.18
875,2018-09-28,4.83,4.91,4.95,4.81,490447,298771920.0,2.9,1.87,0.09,0.27
876,2018-10-08,4.79,4.68,4.79,4.63,556067,329422592.0,3.26,-4.68,-0.23,0.3
877,2018-10-09,4.66,4.66,4.73,4.63,303430,178090113.0,2.14,-0.43,-0.02,0.17
878,2018-10-10,4.68,4.72,4.72,4.65,224377,132276083.0,1.5,1.29,0.06,0.12
879,2018-10-11,4.59,4.5,4.66,4.44,504663,290419680.0,4.66,-4.66,-0.22,0.28
880,2018-10-12,4.51,4.55,4.58,4.47,310257,177790302.0,2.44,1.11,0.05,0.17
881,2018-10-15,4.55,4.45,4.58,4.39,539596,305928704.0,4.18,-2.2,-0.1,0.3
882,2018-10-16,4.44,4.47,4.53,4.43,276550,157087080.0,2.25,0.45,0.02,0.15
883,2018-10-17,4.51,4.54,4.58,4.47,355034,203801540.0,2.46,1.57,0.07,0.19
884,2018-10-18,4.55,4.46,4.57,4.44,347504,198610887.0,2.86,-1.76,-0.08,0.19
885,2018-10-19,4.5,4.63,4.63,4.44,533747,307359904.0,4.26,3.81,0.17,0.29
886,2018-10-22,4.64,4.76,4.84,4.63,683511,406937056.0,4.54,2.81,0.13,0.37
887,2018-10-23,4.72,4.67,4.78,4.67,483154,286152224.0,2.31,-1.89,-0.09,0.26
888,2018-10-24,4.7,4.79,4.94,4.67,709561,427590688.0,5.78,2.57,0.12,0.39
889,2018-10-25,4.7,4.84,4.87,4.69,378169,225613638.0,3.76,1.04,0.05,0.21
890,2018-10-26,4.86,4.85,4.88,4.8,430141,260233213.0,1.65,0.21,0.01,0.24
891,2018-10-29,4.9,4.84,4.93,4.78,493996,299742704.0,3.09,-0.21,-0.01,0.27
892,2018-10-30,4.9,4.97,4.98,4.84,628589,385285664.0,2.89,2.69,0.13,0.34
893,2018-10-31,4.97,4.88,4.98,4.85,411741,251228401.0,2.62,-1.81,-0.09,0.23
894,2018-11-01,4.92,4.89,4.96,4.88,458577,280334016.0,1.64,0.2,0.01,0.25
895,2018-11-02,4.96,4.96,5.02,4.89,589892,363345072.0,2.66,1.43,0.07,0.32
896,2018-11-05,4.95,4.94,5.0,4.91,242563,149100492.0,1.81,-0.4,-0.02,0.13
897,2018-11-06,4.94,4.89,4.95,4.88,300817,183587679.0,1.42,-1.01,-0.05,0.16
898,2018-11-07,4.92,4.91,4.99,4.88,303144,185838528.0,2.25,0.41,0.02,0.17
899,2018-11-08,4.95,4.9,4.97,4.88,227040,138769899.0,1.83,-0.2,-0.01,0.12
900,2018-11-09,4.86,4.8,4.9,4.79,324116,195327826.0,2.24,-2.04,-0.1,0.18
901,2018-11-12,4.81,4.84,4.87,4.81,197151,119053181.0,1.25,0.83,0.04,0.11
902,2018-11-13,4.81,4.86,4.9,4.77,246752,148851092.0,2.69,0.41,0.02,0.14
903,2018-11-14,4.88,4.79,4.89,4.78,231823,139936045.0,2.26,-1.44,-0.07,0.13
904,2018-11-15,4.8,4.83,4.86,4.78,189178,113962628.0,1.67,0.84,0.04,0.1
905,2018-11-16,4.84,4.85,4.9,4.82,275991,167351049.0,1.66,0.41,0.02,0.15
906,2018-11-19,4.89,4.93,4.96,4.87,291917,178842273.0,1.86,1.65,0.08,0.16
907,2018-11-20,4.92,4.85,4.95,4.84,245775,149305094.0,2.23,-1.62,-0.08,0.13
908,2018-11-21,4.82,4.82,4.86,4.81,236782,142824484.0,1.03,-0.62,-0.03,0.13
909,2018-11-22,4.85,4.81,4.85,4.78,144306,86638310.0,1.45,-0.21,-0.01,0.08
910,2018-11-23,4.8,4.71,4.83,4.71,213572,127562511.0,2.49,-2.08,-0.1,0.12
911,2018-11-26,4.75,4.71,4.78,4.71,160507,95461112.0,1.49,0.0,0.0,0.09
912,2018-11-27,4.73,4.68,4.77,4.67,152568,90223510.0,2.12,-0.64,-0.03,0.08
913,2018-11-28,4.69,4.72,4.76,4.68,167252,99117028.0,1.71,0.85,0.04,0.09
914,2018-11-29,4.76,4.68,4.76,4.68,150088,88967184.0,1.69,-0.85,-0.04,0.08
915,2018-11-30,4.7,4.73,4.75,4.69,255135,151275124.0,1.28,1.07,0.05,0.14
916,2018-12-03,4.85,4.84,4.88,4.82,382072,231468317.0,1.27,2.33,0.11,0.21
917,2018-12-04,4.87,4.9,4.91,4.84,250477,152195053.0,1.45,1.24,0.06,0.14
918,2018-12-05,4.86,4.9,4.92,4.85,195753,119197632.0,1.43,0.0,0.0,0.11
919,2018-12-06,4.81,4.81,4.84,4.77,266537,159991926.0,1.43,-1.84,-0.09,0.15
920,2018-12-07,4.81,4.8,4.84,4.79,112381,67575049.0,1.04,-0.21,-0.01,0.06
921,2018-12-10,4.76,4.75,4.8,4.72,173795,103332587.0,1.67,-1.04,-0.05,0.1
922,2018-12-11,4.73,4.72,4.77,4.72,147939,87791698.0,1.05,-0.63,-0.03,0.08
923,2018-12-12,4.77,4.73,4.77,4.71,129198,76720815.0,1.27,0.21,0.01,0.07
924,2018-12-13,4.74,4.76,4.79,4.71,190662,113746077.0,1.69,0.63,0.03,0.1
925,2018-12-14,4.75,4.73,4.77,4.69,251126,148742593.0,1.68,-0.63,-0.03,0.14
926,2018-12-17,4.72,4.78,4.78,4.71,255693,152308759.0,1.48,1.06,0.05,0.14
927,2018-12-18,4.73,4.73,4.8,4.72,193410,115292587.0,1.67,-1.05,-0.05,0.11
928,2018-12-19,4.75,4.73,4.79,4.72,186075,110931844.0,1.48,0.0,0.0,0.1
929,2018-12-20,4.72,4.59,4.76,4.53,313206,182053887.0,4.86,-2.96,-0.14,0.17
930,2018-12-21,4.58,4.54,4.59,4.5,224314,128617511.0,1.96,-1.09,-0.05,0.12
931,2018-12-24,4.48,4.5,4.55,4.47,204351,116367058.0,1.76,-0.88,-0.04,0.11
932,2018-12-25,4.45,4.43,4.47,4.33,414609,231584933.0,3.11,-1.56,-0.07,0.23
933,2018-12-26,4.4,4.39,4.43,4.33,293952,164258099.0,2.26,-0.9,-0.04,0.16
934,2018-12-27,4.42,4.39,4.46,4.36,372742,209413821.0,2.28,0.0,0.0,0.2
935,2018-12-28,4.42,4.41,4.5,4.41,327510,185151924.0,2.05,0.46,0.02,0.18
936,2019-01-02,4.42,4.35,4.44,4.29,401460,222384231.0,3.4,-1.36,-0.06,0.22
937,2019-01-03,4.33,4.4,4.4,4.32,285592,159016402.0,1.84,1.15,0.05,0.16
938,2019-01-04,4.35,4.49,4.5,4.35,326427,184186433.0,3.41,2.05,0.09,0.18
939,2019-01-07,4.54,4.47,4.54,4.45,291588,165711903.0,2.0,-0.45,-0.02,0.16
940,2019-01-08,4.49,4.48,4.49,4.45,260054,147410868.0,0.89,0.22,0.01,0.14
941,2019-01-09,4.51,4.48,4.57,4.48,285900,163973296.0,2.01,0.0,0.0,0.16
942,2019-01-10,4.46,4.49,4.52,4.44,304680,173057522.0,1.79,0.22,0.01,0.17
943,2019-01-11,4.5,4.53,4.56,4.48,242080,138706409.0,1.78,0.89,0.04,0.13
944,2019-01-14,4.52,4.48,4.55,4.47,139910,79680628.0,1.77,-1.1,-0.05,0.08
945,2019-01-15,4.5,4.52,4.54,4.47,196121,112126040.0,1.56,0.89,0.04,0.11
946,2019-01-16,4.52,4.53,4.54,4.51,158521,90735604.0,0.66,0.22,0.01,0.09
947,2019-01-17,4.55,4.51,4.56,4.48,239063,136982659.0,1.77,-0.44,-0.02,0.13
948,2019-01-18,4.55,4.59,4.61,4.53,292499,168942729.0,1.77,1.77,0.08,0.16
949,2019-01-21,4.59,4.6,4.62,4.57,194747,112935456.0,1.09,0.22,0.01,0.11
950,2019-01-22,4.61,4.57,4.61,4.56,130149,75289435.0,1.09,-0.65,-0.03,0.07
951,2019-01-23,4.57,4.59,4.62,4.56,159264,92336600.0,1.31,0.44,0.02,0.09
952,2019-01-24,4.62,4.62,4.64,4.57,134129,78069485.0,1.53,0.65,0.03,0.07
953,2019-01-25,4.65,4.67,4.75,4.64,256768,151649275.0,2.38,1.08,0.05,0.14
954,2019-01-28,4.7,4.71,4.77,4.68,230351,136653437.0,1.93,0.86,0.04,0.13
955,2019-01-29,4.67,4.67,4.7,4.6,348551,203973507.0,2.12,-0.85,-0.04,0.19
956,2019-01-30,4.67,4.66,4.72,4.64,190914,112217389.0,1.71,-0.21,-0.01,0.1
957,2019-01-31,4.7,4.77,4.8,4.68,316808,188685795.0,2.58,2.36,0.11,0.17
958,2019-02-01,4.85,4.81,4.85,4.75,180611,108076118.0,2.1,0.84,0.04,0.1
959,2019-02-11,4.75,4.77,4.81,4.72,312706,186494021.0,1.87,-0.83,-0.04,0.17
960,2019-02-12,4.78,4.78,4.81,4.74,389886,232621096.0,1.47,0.21,0.01,0.21
961,2019-02-13,4.78,4.85,4.87,4.74,528515,316670992.0,2.72,1.46,0.07,0.29
962,2019-02-14,4.84,4.81,4.86,4.78,342731,206199338.0,1.65,-0.82,-0.04,0.19
963,2019-02-15,4.79,4.76,4.82,4.76,335729,201128212.0,1.25,-1.04,-0.05,0.18
964,2019-02-18,4.79,4.83,4.85,4.77,346734,208989389.0,1.68,1.47,0.07,0.19
965,2019-02-19,4.84,4.82,4.9,4.8,353789,213890058.0,2.07,-0.21,-0.01,0.19
966,2019-02-20,4.83,4.8,4.86,4.79,284420,171154364.0,1.45,-0.41,-0.02,0.16
967,2019-02-21,4.8,4.77,4.84,4.76,331531,198887167.0,1.67,-0.63,-0.03,0.18
968,2019-02-22,4.77,4.88,4.88,4.74,386973,232138509.0,2.94,2.31,0.11,0.21
969,2019-02-25,4.9,5.28,5.35,4.9,1437883,903381712.0,9.22,8.2,0.4,0.79
970,2019-02-26,5.27,5.16,5.34,5.15,1018371,656035424.0,3.6,-2.27,-0.12,0.56
971,2019-02-27,5.21,5.3,5.44,5.18,1081990,704558288.0,5.04,2.71,0.14,0.59
972,2019-02-28,5.29,5.22,5.32,5.21,524035,338408064.0,2.08,-1.51,-0.08,0.29
973,2019-03-01,5.26,5.36,5.37,5.17,724511,467860336.0,3.83,2.68,0.14,0.4
974,2019-03-04,5.41,5.43,5.59,5.36,1113283,740860592.0,4.29,1.31,0.07,0.61
975,2019-03-05,5.39,5.43,5.46,5.37,493563,326573792.0,1.66,0.0,0.0,0.27
976,2019-03-06,5.41,5.45,5.52,5.4,633762,421220672.0,2.21,0.37,0.02,0.35
977,2019-03-07,5.44,5.36,5.45,5.35,864343,569573856.0,1.83,-1.65,-0.09,0.47
978,2019-03-08,5.31,5.1,5.32,5.08,790459,504603520.0,4.48,-4.85,-0.26,0.43
979,2019-03-11,5.08,5.11,5.15,5.06,596848,375649744.0,1.76,0.2,0.01,0.33
980,2019-03-12,5.15,5.12,5.22,5.1,677385,430805232.0,2.35,0.2,0.01,0.37
981,2019-03-13,5.15,5.12,5.16,5.06,609023,384270592.0,1.95,0.0,0.0,0.33
982,2019-03-14,5.1,5.08,5.17,5.07,425424,268670096.0,1.95,-0.78,-0.04,0.23
983,2019-03-15,5.08,5.06,5.15,5.04,583670,367012272.0,2.17,-0.39,-0.02,0.32
984,2019-03-18,5.07,5.16,5.17,5.04,671591,423221520.0,2.57,1.98,0.1,0.37
985,2019-03-19,5.13,5.12,5.16,5.1,552861,349836464.0,1.16,-0.78,-0.04,0.3
986,2019-03-20,5.1,5.12,5.16,5.07,453526,286263344.0,1.76,0.0,0.0,0.25
987,2019-03-21,5.11,5.08,5.13,5.08,506324,319118256.0,0.98,-0.78,-0.04,0.28
988,2019-03-22,5.12,5.07,5.13,5.05,479114,301372832.0,1.57,-0.2,-0.01,0.26
989,2019-03-25,5.02,4.91,5.03,4.9,709259,437304624.0,2.56,-3.16,-0.16,0.39
990,2019-03-26,4.95,4.88,4.95,4.87,348646,212753258.0,1.63,-0.61,-0.03,0.19
991,2019-03-27,4.91,4.89,4.93,4.87,367091,223963402.0,1.23,0.2,0.01,0.2
992,2019-03-28,4.87,4.85,4.89,4.82,364004,219867548.0,1.43,-0.82,-0.04,0.2
993,2019-03-29,4.84,5.0,5.03,4.84,726380,447312928.0,3.92,3.09,0.15,0.4
994,2019-04-01,5.01,5.08,5.12,5.0,866624,544448960.0,2.4,1.6,0.08,0.47
995,2019-04-02,5.11,5.06,5.12,5.04,710698,446370448.0,1.57,-0.39,-0.02,0.39
996,2019-04-03,5.03,5.09,5.1,5.0,762126,477152160.0,1.98,0.59,0.03,0.42
997,2019-04-04,5.11,5.15,5.19,5.1,971232,616118896.0,1.77,1.18,0.06,0.53
998,2019-04-08,5.18,5.21,5.33,5.16,1373708,884756144.0,3.3,1.17,0.06,0.75
999,2019-04-09,5.21,5.21,5.25,5.18,837749,537295312.0,1.34,0.0,0.0,0.46
1000,2019-04-10,5.19,5.18,5.22,5.15,699337,445771200.0,1.34,-0.58,-0.03,0.38
1001,2019-04-11,5.19,5.11,5.23,5.11,681981,433402272.0,2.32,-1.35,-0.07,0.37
1002,2019-04-12,5.13,5.13,5.16,5.11,482470,305340512.0,0.98,0.39,0.02,0.26
1003,2019-04-15,5.22,5.1,5.26,5.1,968242,620265024.0,3.12,-0.58,-0.03,0.53
1004,2019-04-16,5.09,5.3,5.31,5.08,1376914,885288768.0,4.51,3.92,0.2,0.75
1005,2019-04-17,5.28,5.28,5.35,5.23,936356,607388144.0,2.26,-0.38,-0.02,0.51
1006,2019-04-18,5.28,5.21,5.29,5.2,580047,373315680.0,1.7,-1.33,-0.07,0.32
1007,2019-04-19,5.2,5.2,5.26,5.13,742814,474818672.0,2.5,-0.19,-0.01,0.41
1008,2019-04-22,5.2,5.1,5.22,5.06,749905,474301056.0,3.08,-1.92,-0.1,0.41
1009,2019-04-23,5.09,5.09,5.14,5.06,578176,364468400.0,1.57,-0.2,-0.01,0.32
1010,2019-04-24,5.12,5.09,5.14,5.04,453676,285562704.0,1.96,0.0,0.0,0.25
1011,2019-04-25,5.12,5.1,5.17,5.08,744084,470518272.0,1.77,0.2,0.01,0.41
1012,2019-04-26,5.08,5.05,5.12,5.03,747246,468694288.0,1.76,-0.98,-0.05,0.41
1013,2019-04-29,5.09,5.12,5.17,5.05,944393,598160480.0,2.38,1.39,0.07,0.52
1014,2019-04-30,5.14,5.17,5.21,5.11,738870,470078976.0,1.95,0.98,0.05,0.4
1015,2019-05-06,5.03,5.01,5.13,4.93,1170516,727968944.0,3.87,-3.09,-0.16,0.64
1016,2019-05-07,5.04,5.05,5.1,4.99,690505,431062400.0,2.2,0.8,0.04,0.38
1017,2019-05-08,4.98,4.97,5.07,4.95,642619,397761680.0,2.38,-1.58,-0.08,0.35
1018,2019-05-09,4.92,4.87,4.97,4.81,699766,425818704.0,3.22,-2.01,-0.1,0.38
1019,2019-05-10,4.89,4.93,4.95,4.81,663868,404951744.0,2.87,1.23,0.06,0.36
1020,2019-05-13,4.82,4.78,4.84,4.78,540071,324057200.0,1.22,-3.04,-0.15,0.3
1021,2019-05-14,4.73,4.72,4.82,4.72,518080,308755072.0,2.09,-1.26,-0.06,0.28
1022,2019-05-15,4.75,4.75,4.79,4.72,504295,300179536.0,1.48,0.64,0.03,0.28
1023,2019-05-16,4.73,4.75,4.76,4.7,462429,274278224.0,1.26,0.0,0.0,0.25
1024,2019-05-17,4.74,4.68,4.76,4.66,464096,274030768.0,2.11,-1.47,-0.07,0.25
1025,2019-05-20,4.7,4.71,4.75,4.68,364604,215933922.0,1.5,0.64,0.03,0.2
1026,2019-05-21,4.7,4.71,4.76,4.69,348342,206613688.0,1.49,0.0,0.0,0.19
1027,2019-05-22,4.71,4.67,4.72,4.66,395337,232743863.0,1.27,-0.85,-0.04,0.22
1028,2019-05-23,4.67,4.63,4.67,4.59,393020,228957844.0,1.71,-0.86,-0.04,0.22
1029,2019-05-24,4.64,4.66,4.68,4.63,327899,192042961.0,1.08,0.65,0.03,0.18
1030,2019-05-27,4.64,4.7,4.72,4.6,379210,222616306.0,2.58,0.86,0.04,0.21
1031,2019-05-28,4.71,4.71,4.75,4.65,547535,323357504.0,2.13,0.21,0.01,0.3
1032,2019-05-29,4.68,4.65,4.72,4.65,356595,209375807.0,1.49,-1.27,-0.06,0.2
1033,2019-05-30,4.67,4.65,4.68,4.61,289875,169112875.0,1.51,0.0,0.0,0.16
1034,2019-05-31,4.62,4.6,4.68,4.6,418478,243964679.0,1.72,-1.08,-0.05,0.23
1035,2019-06-03,4.6,4.63,4.66,4.56,613392,355981856.0,2.17,0.65,0.03,0.34
1036,2019-06-04,4.6,4.62,4.63,4.58,419149,242999766.0,1.08,-0.22,-0.01,0.23
1037,2019-06-05,4.65,4.63,4.68,4.63,400447,234282466.0,1.08,0.22,0.01,0.22
1038,2019-06-06,4.63,4.63,4.65,4.6,452452,263572313.0,1.08,0.0,0.0,0.25
1039,2019-06-10,4.64,4.67,4.7,4.62,503037,295238976.0,1.73,0.86,0.04,0.28
1040,2019-06-11,4.67,4.72,4.74,4.65,735307,434137616.0,1.93,1.07,0.05,0.4
1041,2019-06-12,4.71,4.67,4.72,4.66,579257,340726640.0,1.27,-1.06,-0.05,0.32
1042,2019-06-13,4.66,4.64,4.67,4.61,649138,378568528.0,1.28,-0.64,-0.03,0.36
1043,2019-06-14,4.65,4.6,4.66,4.6,1022775,595577024.0,1.29,-0.86,-0.04,0.56
1044,2019-06-17,4.62,4.62,4.63,4.6,514426,299183984.0,0.65,0.43,0.02,0.28
1045,2019-06-18,4.62,4.64,4.64,4.61,298534,173941333.0,0.65,0.43,0.02,0.16
1046,2019-06-19,4.73,4.67,4.74,4.66,692576,408211504.0,1.72,0.65,0.03,0.38
1047,2019-06-20,4.68,4.76,4.81,4.67,926260,551246528.0,3.0,1.93,0.09,0.51
1048,2019-06-21,4.78,4.76,4.81,4.74,700557,418430976.0,1.47,0.0,0.0,0.38
1049,2019-06-24,4.75,4.74,4.77,4.71,593537,352415376.0,1.26,-0.42,-0.02,0.33
1050,2019-06-25,4.74,4.67,4.74,4.64,550941,324107856.0,2.11,-1.48,-0.07,0.3
1051,2019-06-26,4.67,4.68,4.7,4.65,241303,141928400.0,1.07,0.21,0.01,0.13
1052,2019-06-27,4.69,4.69,4.73,4.67,383151,226200772.0,1.28,0.21,0.01,0.21
1053,2019-06-28,4.69,4.71,4.72,4.65,357588,210571418.0,1.49,0.43,0.02,0.2
1054,2019-07-01,4.76,4.76,4.77,4.74,555174,330508208.0,0.64,1.06,0.05,0.3
1055,2019-07-02,4.75,4.77,4.77,4.74,485450,289148208.0,0.63,0.21,0.01,0.27
1056,2019-07-03,4.77,4.79,4.79,4.75,495575,295685472.0,0.84,0.42,0.02,0.27
1057,2019-07-04,4.78,4.8,4.83,4.78,427180,256517689.0,1.04,0.21,0.01,0.23
1058,2019-07-05,4.81,4.79,4.81,4.75,441990,264236497.0,1.25,-0.21,-0.01,0.24
1059,2019-07-08,4.78,4.72,4.78,4.69,473900,280555936.0,1.88,-1.46,-0.07,0.26
1060,2019-07-09,4.72,4.7,4.73,4.68,339650,200384452.0,1.06,-0.42,-0.02,0.19
1061,2019-07-10,4.71,4.68,4.72,4.67,394785,232578059.0,1.06,-0.43,-0.02,0.22
1062,2019-07-11,4.7,4.67,4.72,4.67,370558,207531461.0,1.07,-0.21,-0.01,0.2
1063,2019-07-12,4.68,4.71,4.74,4.67,306459,172201539.0,1.5,0.86,0.04,0.17
1064,2019-07-15,4.7,4.7,4.74,4.62,340161,190424968.0,2.55,-0.21,-0.01,0.19
1065,2019-07-16,4.69,4.72,4.73,4.69,180032,101250816.0,0.85,0.43,0.02,0.1
1066,2019-07-17,4.7,4.72,4.73,4.7,200817,113048007.0,0.64,0.0,0.0,0.11
1067,2019-07-18,4.72,4.69,4.72,4.68,184900,103714268.0,0.85,-0.64,-0.03,0.1
1068,2019-07-19,4.71,4.73,4.75,4.7,244250,137728567.0,1.07,0.85,0.04,0.13
1069,2019-07-22,4.68,4.67,4.72,4.66,366585,205110280.0,1.27,-1.27,-0.06,0.2
1070,2019-07-23,4.68,4.68,4.7,4.67,231931,129775050.0,0.64,0.21,0.01,0.13
1071,2019-07-24,4.7,4.69,4.73,4.68,236390,132808038.0,1.07,0.21,0.01,0.13
1072,2019-07-25,4.69,4.73,4.73,4.68,272149,153041260.0,1.07,0.85,0.04,0.15
1073,2019-07-26,4.71,4.73,4.74,4.7,239515,134947811.0,0.85,0.0,0.0,0.13
1074,2019-07-29,4.73,4.74,4.75,4.72,245851,138711668.0,0.63,0.21,0.01,0.13
1075,2019-07-30,4.74,4.76,4.78,4.73,364636,206776975.0,1.05,0.42,0.02,0.2
1076,2019-07-31,4.75,4.72,4.76,4.7,389417,219291228.0,1.26,-0.84,-0.04,0.21
1077,2019-08-01,4.7,4.67,4.72,4.66,367450,205592827.0,1.27,-1.06,-0.05,0.2
1078,2019-08-02,4.63,4.62,4.63,4.6,488583,269840400.0,0.64,-1.07,-0.05,0.27
1079,2019-08-05,4.6,4.53,4.61,4.53,507763,278020896.0,1.73,-1.95,-0.09,0.28
1080,2019-08-06,4.47,4.42,4.49,4.39,579570,309681280.0,2.21,-2.43,-0.11,0.32
1081,2019-08-07,4.44,4.39,4.45,4.39,313381,166864729.0,1.36,-0.68,-0.03,0.17
1082,2019-08-08,4.41,4.43,4.44,4.39,361301,192544707.0,1.14,0.91,0.04,0.2
1083,2019-08-09,4.44,4.4,4.45,4.39,278314,148275815.0,1.35,-0.68,-0.03,0.15
1084,2019-08-12,4.4,4.43,4.44,4.39,270176,143902614.0,1.14,0.68,0.03,0.15
1085,2019-08-13,4.41,4.38,4.42,4.36,331174,175309432.0,1.35,-1.13,-0.05,0.18
1086,2019-08-14,4.41,4.37,4.42,4.36,302777,160423675.0,1.37,-0.23,-0.01,0.17
1087,2019-08-15,4.31,4.34,4.36,4.3,371265,194273170.0,1.37,-0.69,-0.03,0.2
1088,2019-08-16,4.33,4.32,4.36,4.3,452684,236831557.0,1.38,-0.46,-0.02,0.25
1089,2019-08-19,4.33,4.38,4.38,4.27,645998,338302992.0,2.55,1.39,0.06,0.35
1090,2019-08-20,4.36,4.36,4.39,4.35,362261,191292993.0,0.91,-0.46,-0.02,0.2
1091,2019-08-21,4.35,4.35,4.38,4.33,304711,160183815.0,1.15,-0.23,-0.01,0.17
1092,2019-08-22,4.35,4.34,4.36,4.32,274643,144183318.0,0.92,-0.23,-0.01,0.15
1093,2019-08-23,4.34,4.37,4.39,4.33,357531,188461527.0,1.38,0.69,0.03,0.2
1094,2019-08-26,4.3,4.32,4.34,4.29,373138,195008343.0,1.14,-1.14,-0.05,0.2
1095,2019-08-27,4.34,4.31,4.4,4.31,620098,326915024.0,2.08,-0.23,-0.01,0.34
1096,2019-08-28,4.36,4.35,4.37,4.35,368852,194421678.0,0.46,0.93,0.04,0.2
1097,2019-08-29,4.36,4.32,4.37,4.31,408450,214178782.0,1.38,-0.69,-0.03,0.22
1098,2019-08-30,4.35,4.34,4.38,4.32,390852,205393174.0,1.39,0.46,0.02,0.21
1099,2019-09-02,4.35,4.37,4.39,4.33,497104,262280190.0,1.38,0.69,0.03,0.27
1100,2019-09-03,4.38,4.39,4.39,4.36,365532,193162950.0,0.69,0.46,0.02,0.2
1101,2019-09-04,4.39,4.47,4.47,4.38,657744,352124416.0,2.05,1.82,0.08,0.36
1102,2019-09-05,4.48,4.52,4.58,4.48,845929,460668624.0,2.24,1.12,0.05,0.46
1103,2019-09-06,4.55,4.53,4.56,4.5,408163,221697381.0,1.33,0.22,0.01,0.22
1104,2019-09-09,4.58,4.53,4.59,4.52,604584,329734272.0,1.55,0.0,0.0,0.33
1105,2019-09-10,4.54,4.53,4.55,4.5,304760,165391780.0,1.1,0.0,0.0,0.17
1106,2019-09-11,4.56,4.61,4.65,4.55,803916,443152144.0,2.21,1.77,0.08,0.44
1107,2019-09-12,4.62,4.62,4.64,4.6,476752,263464282.0,0.87,0.22,0.01,0.26
1108,2019-09-16,4.62,4.6,4.63,4.57,508357,279768640.0,1.3,-0.43,-0.02,0.28
1109,2019-09-17,4.58,4.5,4.59,4.49,515026,280481824.0,2.17,-2.17,-0.1,0.28
1110,2019-09-18,4.52,4.5,4.53,4.5,455309,246810576.0,0.67,0.0,0.0,0.25
1111,2019-09-19,4.52,4.51,4.54,4.5,318322,172778852.0,0.89,0.22,0.01,0.17
1112,2019-09-20,4.52,4.51,4.54,4.43,1519991,820583936.0,2.44,0.0,0.0,0.83
1113,2019-09-23,4.48,4.44,4.49,4.43,437864,234589114.0,1.33,-1.55,-0.07,0.24
1114,2019-09-24,4.44,4.44,4.47,4.43,284962,152610949.0,0.9,0.0,0.0,0.16
1115,2019-09-25,4.44,4.44,4.47,4.42,314812,168545595.0,1.13,0.0,0.0,0.17
1116,2019-09-26,4.45,4.48,4.54,4.44,689418,372588208.0,2.25,0.9,0.04,0.38
1117,2019-09-27,4.48,4.48,4.51,4.45,313689,168862834.0,1.34,0.0,0.0,0.17
1118,2019-09-30,4.48,4.45,4.52,4.45,312536,168438122.0,1.56,-0.67,-0.03,0.17
1119,2019-10-08,4.44,4.48,4.52,4.43,442691,238424839.0,2.02,0.67,0.03,0.24
1120,2019-10-09,4.45,4.54,4.6,4.45,678445,369726160.0,3.35,1.34,0.06,0.37
1121,2019-10-10,4.56,4.56,4.58,4.53,401741,219400204.0,1.1,0.44,0.02,0.22
1122,2019-10-11,4.56,4.63,4.63,4.55,820613,452349488.0,1.75,1.54,0.07,0.45
1123,2019-10-14,4.66,4.73,4.84,4.65,1570505,889452752.0,4.1,2.16,0.1,0.86
1124,2019-10-15,4.73,4.76,4.78,4.71,701266,396575616.0,1.48,0.63,0.03,0.38
1125,2019-10-16,4.79,4.71,4.84,4.7,798300,452236256.0,2.94,-1.05,-0.05,0.44
1126,2019-10-17,4.72,4.68,4.73,4.67,434345,243355822.0,1.27,-0.64,-0.03,0.24
1127,2019-10-18,4.7,4.62,4.76,4.62,639465,356824272.0,2.99,-1.28,-0.06,0.35
1128,2019-10-21,4.62,4.67,4.69,4.59,448174,249263986.0,2.16,1.08,0.05,0.25
1129,2019-10-22,4.68,4.65,4.68,4.62,406623,225963075.0,1.28,-0.43,-0.02,0.22
1130,2019-10-23,4.66,4.63,4.68,4.62,418184,232416909.0,1.29,-0.43,-0.02,0.23
1131,2019-10-24,4.64,4.69,4.73,4.63,438178,245282493.0,2.16,1.3,0.06,0.24
1132,2019-10-25,4.69,4.62,4.69,4.6,846403,469466672.0,1.92,-1.49,-0.07,0.46
1133,2019-10-28,4.62,4.63,4.65,4.59,608939,337282560.0,1.3,0.22,0.01,0.33
1134,2019-10-29,4.62,4.6,4.64,4.6,379004,209661715.0,0.86,-0.65,-0.03,0.21
1135,2019-10-30,4.62,4.63,4.65,4.61,452753,250886030.0,0.87,0.65,0.03,0.25
1136,2019-10-31,4.64,4.63,4.65,4.6,477765,264257512.0,1.08,0.0,0.0,0.26
1137,2019-11-01,4.63,4.72,4.73,4.6,778781,435610880.0,2.81,1.94,0.09,0.43
1138,2019-11-04,4.72,4.75,4.76,4.72,603375,341336240.0,0.85,0.64,0.03,0.33
1139,2019-11-05,4.74,4.83,4.87,4.73,1006900,576912240.0,2.95,1.68,0.08,0.55
1140,2019-11-06,4.82,4.83,4.87,4.8,656353,377330960.0,1.45,0.0,0.0,0.36
1141,2019-11-07,4.84,4.8,4.86,4.78,522333,299129872.0,1.66,-0.62,-0.03,0.29
1142,2019-11-08,4.83,4.73,4.84,4.73,536570,304697216.0,2.29,-1.46,-0.07,0.29
1143,2019-11-11,4.72,4.65,4.72,4.64,458532,256046285.0,1.69,-1.69,-0.08,0.25
1144,2019-11-12,4.65,4.68,4.69,4.65,426816,238155150.0,0.86,0.65,0.03,0.23
1145,2019-11-13,4.67,4.66,4.68,4.64,318622,177430960.0,0.85,-0.43,-0.02,0.17
1146,2019-11-14,4.68,4.67,4.69,4.65,378939,211514125.0,0.86,0.21,0.01,0.21
1147,2019-11-15,4.68,4.67,4.72,4.66,291856,163334802.0,1.28,0.0,0.0,0.16
1148,2019-11-18,4.66,4.7,4.71,4.64,330935,184966356.0,1.5,0.64,0.03,0.18
1149,2019-11-19,4.69,4.7,4.71,4.67,338821,189786404.0,0.85,0.0,0.0,0.19
1150,2019-11-20,4.69,4.63,4.7,4.63,304911,169756283.0,1.49,-1.49,-0.07,0.17
1151,2019-11-21,4.62,4.64,4.65,4.61,227873,126363290.0,0.86,0.22,0.01,0.12
1152,2019-11-22,4.64,4.64,4.67,4.62,239544,132970311.0,1.08,0.0,0.0,0.13
1153,2019-11-25,4.64,4.7,4.72,4.63,387046,216710040.0,1.94,1.29,0.06,0.21
1154,2019-11-26,4.72,4.68,4.73,4.68,599432,336315744.0,1.06,-0.43,-0.02,0.33
1155,2019-11-27,4.68,4.66,4.7,4.65,235688,131667648.0,1.07,-0.43,-0.02,0.13
1156,2019-11-28,4.66,4.65,4.68,4.62,293287,162872312.0,1.29,-0.21,-0.01,0.16
1157,2019-11-29,4.65,4.65,4.66,4.62,311194,172755613.0,0.86,0.0,0.0,0.17
1158,2019-12-02,4.65,4.64,4.66,4.63,243760,135406088.0,0.65,-0.22,-0.01,0.13
1159,2019-12-03,4.63,4.62,4.64,4.6,296709,163898638.0,0.86,-0.43,-0.02,0.16
1160,2019-12-04,4.62,4.6,4.63,4.6,274175,151481193.0,0.65,-0.43,-0.02,0.15
1161,2019-12-05,4.62,4.63,4.64,4.61,249368,138112474.0,0.65,0.65,0.03,0.14
1162,2019-12-06,4.63,4.64,4.65,4.62,257959,143083326.0,0.65,0.22,0.01,0.14
1163,2019-12-09,4.64,4.66,4.66,4.64,267676,148803271.0,0.43,0.43,0.02,0.15
1164,2019-12-10,4.65,4.65,4.67,4.63,251019,139471530.0,0.86,-0.21,-0.01,0.14
1165,2019-12-11,4.65,4.66,4.68,4.65,293488,163618159.0,0.65,0.22,0.01,0.16
1166,2019-12-12,4.67,4.64,4.68,4.64,283631,158009557.0,0.86,-0.43,-0.02,0.16
1167,2019-12-13,4.67,4.72,4.72,4.66,634482,355550912.0,1.29,1.72,0.08,0.35
1168,2019-12-16,4.73,4.7,4.73,4.68,514058,288436928.0,1.06,-0.42,-0.02,0.28
1169,2019-12-17,4.7,4.79,4.84,4.69,1010243,573796848.0,3.19,1.91,0.09,0.55
1170,2019-12-18,4.77,4.78,4.82,4.76,540801,307902368.0,1.25,-0.21,-0.01,0.3
1171,2019-12-19,4.77,4.78,4.81,4.77,393163,224074668.0,0.84,0.0,0.0,0.22
1172,2019-12-20,4.78,4.8,4.82,4.77,466616,265983568.0,1.05,0.42,0.02,0.26
1173,2019-12-23,4.79,4.71,4.82,4.7,638948,361543920.0,2.5,-1.88,-0.09,0.35
1174,2019-12-24,4.71,4.72,4.72,4.69,309707,173995807.0,0.64,0.21,0.01,0.17
1175,2019-12-25,4.71,4.7,4.72,4.69,270061,151643275.0,0.64,-0.42,-0.02,0.15
1176,2019-12-26,4.7,4.73,4.73,4.69,324121,182144589.0,0.85,0.64,0.03,0.18
1177,2019-12-27,4.73,4.72,4.77,4.71,499767,282422656.0,1.27,-0.21,-0.01,0.27
1178,2019-12-30,4.7,4.75,4.76,4.67,609835,343452592.0,1.91,0.64,0.03,0.33
1179,2019-12-31,4.74,4.77,4.78,4.73,520455,294829056.0,1.05,0.42,0.02,0.29
1180,2020-01-02,4.81,4.82,4.86,4.81,1143387,656795024.0,1.05,1.05,0.05,0.63
1181,2020-01-03,4.84,4.83,4.85,4.81,466318,267675158.0,0.83,0.21,0.01,0.26
1182,2020-01-06,4.8,4.79,4.84,4.77,625216,357607360.0,1.45,-0.83,-0.04,0.34
1183,2020-01-07,4.8,4.83,4.84,4.79,411573,235638737.0,1.04,0.84,0.04,0.23
1184,2020-01-08,4.79,4.73,4.81,4.71,768647,435350480.0,2.07,-2.07,-0.1,0.42
1185,2020-01-09,4.76,4.76,4.78,4.73,467039,264398577.0,1.06,0.63,0.03,0.26
1186,2020-01-10,4.76,4.74,4.77,4.72,445575,251589694.0,1.05,-0.42,-0.02,0.24
1187,2020-01-13,4.74,4.75,4.76,4.71,363091,204934214.0,1.05,0.21,0.01,0.2
1188,2020-01-14,4.76,4.77,4.79,4.75,549591,312296320.0,0.84,0.42,0.02,0.3
1189,2020-01-15,4.77,4.74,4.78,4.71,371112,209507838.0,1.47,-0.63,-0.03,0.2
1190,2020-01-16,4.74,4.7,4.75,4.69,364684,205258457.0,1.27,-0.84,-0.04,0.2
1191,2020-01-17,4.71,4.71,4.74,4.69,339334,190686581.0,1.06,0.21,0.01,0.19
1192,2020-01-20,4.71,4.72,4.73,4.69,345330,194167346.0,0.85,0.21,0.01,0.19
1193,2020-01-21,4.71,4.65,4.71,4.64,522980,291629552.0,1.48,-1.48,-0.07,0.29
1194,2020-01-22,4.64,4.64,4.66,4.6,525513,290796288.0,1.29,-0.22,-0.01,0.29
1195,2020-01-23,4.62,4.51,4.63,4.49,931826,508404912.0,3.02,-2.8,-0.13,0.51
1196,2020-02-03,4.09,4.2,4.21,4.06,1371911,692811456.0,3.33,-6.87,-0.31,0.75
1197,2020-02-04,4.18,4.28,4.3,4.17,773031,399048688.0,3.1,1.9,0.08,0.42
1198,2020-02-05,4.3,4.29,4.33,4.24,492871,256145180.0,2.1,0.23,0.01,0.27
1199,2020-02-06,4.3,4.32,4.33,4.26,519536,270185600.0,1.63,0.7,0.03,0.28
1200,2020-02-07,4.3,4.34,4.37,4.27,420624,218950574.0,2.31,0.46,0.02,0.23
1201,2020-02-10,4.31,4.33,4.34,4.3,358616,187495068.0,0.92,-0.23,-0.01,0.2
1202,2020-02-11,4.34,4.34,4.38,4.32,440053,231478361.0,1.39,0.23,0.01,0.24
1203,2020-02-12,4.33,4.35,4.36,4.32,353800,185582438.0,0.92,0.23,0.01,0.19
1204,2020-02-13,4.33,4.31,4.35,4.3,366429,191775737.0,1.15,-0.92,-0.04,0.2
1205,2020-02-14,4.31,4.34,4.34,4.3,272546,142601530.0,0.93,0.7,0.03,0.15
1206,2020-02-17,4.33,4.42,4.42,4.32,497277,262731448.0,2.3,1.84,0.08,0.27
1207,2020-02-18,4.4,4.38,4.42,4.37,381505,202144031.0,1.13,-0.9,-0.04,0.21
1208,2020-02-19,4.38,4.36,4.4,4.35,415464,219608420.0,1.14,-0.46,-0.02,0.23
1209,2020-02-20,4.36,4.41,4.42,4.32,598739,316057968.0,2.29,1.15,0.05,0.33
1210,2020-02-21,4.4,4.38,4.42,4.37,529654,280600192.0,1.13,-0.68,-0.03,0.29
1211,2020-02-24,4.37,4.35,4.38,4.34,570882,300577248.0,0.91,-0.68,-0.03,0.31
1212,2020-02-25,4.3,4.28,4.32,4.27,663023,345029648.0,1.15,-1.61,-0.07,0.36
1213,2020-02-26,4.26,4.3,4.35,4.25,666106,346973584.0,2.34,0.47,0.02,0.37
1214,2020-02-27,4.3,4.3,4.32,4.27,509325,264908375.0,1.16,0.0,0.0,0.28
1215,2020-02-28,4.26,4.2,4.3,4.2,787117,405515136.0,2.33,-2.33,-0.1,0.43
1216,2020-03-02,4.22,4.3,4.31,4.21,538736,279121712.0,2.38,2.38,0.1,0.3
1217,2020-03-03,4.33,4.33,4.35,4.3,585414,306750272.0,1.16,0.7,0.03,0.32
1218,2020-03-04,4.32,4.34,4.35,4.31,326320,170940470.0,0.92,0.23,0.01,0.18
1219,2020-03-05,4.35,4.43,4.43,4.34,894564,475203904.0,2.07,2.07,0.09,0.49
1220,2020-03-06,4.38,4.36,4.4,4.35,520440,274794832.0,1.13,-1.58,-0.07,0.29
1221,2020-03-09,4.31,4.27,4.32,4.26,649082,336833264.0,1.38,-2.06,-0.09,0.36
1222,2020-03-10,4.22,4.29,4.33,4.22,727759,378155904.0,2.58,0.47,0.02,0.4
1223,2020-03-11,4.29,4.24,4.3,4.24,530136,274744288.0,1.4,-1.17,-0.05,0.29
1224,2020-03-12,4.24,4.23,4.25,4.2,513135,263325012.0,1.18,-0.24,-0.01,0.28
1225,2020-03-13,4.14,4.18,4.2,4.1,932071,470381008.0,2.36,-1.18,-0.05,0.51
1226,2020-03-16,4.19,4.07,4.2,4.07,1176529,591690528.0,3.11,-2.63,-0.11,0.64
1227,2020-03-17,4.06,4.03,4.11,4.0,988298,489605696.0,2.7,-0.98,-0.04,0.54
1228,2020-03-18,4.05,3.97,4.07,3.97,581333,286717184.0,2.48,-1.49,-0.06,0.32
1229,2020-03-19,3.96,3.9,3.98,3.86,713458,344616768.0,3.02,-1.76,-0.07,0.39
1230,2020-03-20,3.92,3.92,3.96,3.89,549562,265514480.0,1.79,0.51,0.02,0.3
1231,2020-03-23,3.88,3.8,3.88,3.79,635938,301253504.0,2.3,-3.06,-0.12,0.35
1232,2020-03-24,3.84,3.86,3.88,3.79,720471,342343648.0,2.37,1.58,0.06,0.39
1233,2020-03-25,3.93,3.93,3.96,3.9,532922,257790015.0,1.55,1.81,0.07,0.29
1234,2020-03-26,3.92,3.94,4.04,3.89,579121,282101760.0,3.82,0.25,0.01,0.32
1235,2020-03-27,3.97,3.97,4.02,3.95,391245,191359132.0,1.78,0.76,0.03,0.21
1236,2020-03-30,3.92,3.96,3.98,3.91,318966,154967070.0,1.76,-0.25,-0.01,0.17
1237,2020-03-31,3.99,3.92,4.0,3.91,437369,212416676.0,2.27,-1.01,-0.04,0.24
1238,2020-04-01,3.92,3.92,3.96,3.91,285683,138426899.0,1.28,0.0,0.0,0.16
1239,2020-04-02,3.9,3.95,3.95,3.88,315183,152035916.0,1.79,0.77,0.03,0.17
1240,2020-04-03,3.93,3.93,3.94,3.91,269720,130462800.0,0.76,-0.51,-0.02,0.15
1241,2020-04-07,3.97,3.96,3.99,3.94,487908,237708878.0,1.27,0.76,0.03,0.27
1242,2020-04-08,3.94,3.95,3.96,3.93,251421,122070143.0,0.76,-0.25,-0.01,0.14
1243,2020-04-09,3.96,3.94,3.97,3.93,342125,166085515.0,1.01,-0.25,-0.01,0.19
1244,2020-04-10,3.95,3.91,3.95,3.89,358878,173276832.0,1.52,-0.76,-0.03,0.2
1245,2020-04-13,3.9,3.86,3.9,3.85,332770,159122432.0,1.28,-1.28,-0.05,0.18
1246,2020-04-14,3.87,3.9,3.91,3.86,461653,221087106.0,1.3,1.04,0.04,0.25
1247,2020-04-15,3.9,3.87,3.9,3.87,334168,160085803.0,0.77,-0.77,-0.03,0.18
1248,2020-04-16,3.86,3.87,3.89,3.85,350513,167521070.0,1.03,0.0,0.0,0.19
1249,2020-04-17,3.89,3.87,3.9,3.85,564155,269927888.0,1.29,0.0,0.0,0.31
1250,2020-04-20,3.87,3.84,3.88,3.83,532982,253524521.0,1.29,-0.78,-0.03,0.29
1251,2020-04-21,3.83,3.81,3.84,3.8,387580,183180988.0,1.04,-0.78,-0.03,0.21
1252,2020-04-22,3.8,3.81,3.82,3.78,376689,177484123.0,1.05,0.0,0.0,0.21
1253,2020-04-23,3.82,3.83,3.85,3.8,538488,254907530.0,1.31,0.52,0.02,0.3
1254,2020-04-24,3.82,3.82,3.84,3.79,380653,179738389.0,1.31,-0.26,-0.01,0.21
1255,2020-04-27,3.82,3.86,3.88,3.81,515937,245789775.0,1.83,1.05,0.04,0.28
1256,2020-04-28,3.92,3.93,3.95,3.86,866613,417716160.0,2.33,1.81,0.07,0.47
1257,2020-04-29,3.93,4.05,4.06,3.92,906092,445594960.0,3.56,3.05,0.12,0.5
1258,2020-04-30,4.06,4.07,4.13,4.05,730594,365062192.0,1.98,0.49,0.02,0.4
1259,2020-05-06,4.02,4.03,4.05,4.01,602691,297567904.0,0.98,-0.98,-0.04,0.33
1260,2020-05-07,4.04,4.03,4.06,4.01,458537,226645918.0,1.24,0.0,0.0,0.25
1261,2020-05-08,4.05,4.07,4.08,4.04,420180,209016452.0,0.99,0.99,0.04,0.23
1262,2020-05-11,4.07,4.04,4.11,4.03,484350,241070887.0,1.97,-0.74,-0.03,0.27
1263,2020-05-12,4.05,4.0,4.05,3.99,444000,218610134.0,1.49,-0.99,-0.04,0.24
1264,2020-05-13,4.0,4.01,4.01,3.97,357284,174994579.0,1.0,0.25,0.01,0.2
1265,2020-05-14,3.99,3.98,4.0,3.97,272345,133234880.0,0.75,-0.75,-0.03,0.15
1266,2020-05-15,3.99,3.97,4.0,3.96,305848,149532165.0,1.01,-0.25,-0.01,0.17
1267,2020-05-18,3.98,3.97,4.0,3.96,330861,161774950.0,1.01,0.0,0.0,0.18
1268,2020-05-19,4.01,3.99,4.01,3.98,329825,161877246.0,0.76,0.5,0.02,0.18
1269,2020-05-20,3.99,3.99,4.02,3.97,394445,193413363.0,1.25,0.0,0.0,0.22
1270,2020-05-21,4.0,3.98,4.01,3.97,244859,120014912.0,1.0,-0.25,-0.01,0.13
1271,2020-05-22,3.98,3.92,3.98,3.92,401434,194876982.0,1.51,-1.51,-0.06,0.22
1272,2020-05-25,3.92,3.93,3.93,3.89,237649,114595143.0,1.02,0.26,0.01,0.13
1273,2020-05-26,3.93,3.93,3.94,3.92,276891,134002153.0,0.51,0.0,0.0,0.15
1274,2020-05-27,3.93,3.95,3.98,3.92,368788,179383329.0,1.53,0.51,0.02,0.2
1275,2020-05-28,3.96,3.99,4.02,3.95,398876,195390372.0,1.77,1.01,0.04,0.22
1276,2020-05-29,3.98,3.97,3.99,3.95,374276,182558855.0,1.0,-0.5,-0.02,0.21
1277,2020-06-01,3.98,4.02,4.02,3.97,477071,234375706.0,1.26,1.26,0.05,0.26
1278,2020-06-02,4.01,4.02,4.04,3.99,440230,216807978.0,1.24,0.0,0.0,0.24
1279,2020-06-03,4.03,4.02,4.08,4.02,476306,235980859.0,1.49,0.0,0.0,0.26
1280,2020-06-04,4.04,4.0,4.04,3.99,337313,165754860.0,1.24,-0.5,-0.02,0.18
1281,2020-06-05,4.01,4.01,4.02,3.98,324612,159427304.0,1.0,0.25,0.01,0.18
1282,2020-06-08,4.02,4.01,4.03,4.0,433951,213607362.0,0.75,0.0,0.0,0.24
1283,2020-06-09,4.02,4.04,4.05,4.01,348969,172524899.0,1.0,0.75,0.03,0.19
1284,2020-06-10,4.04,4.02,4.04,4.01,336979,166112258.0,0.74,-0.5,-0.02,0.18
1285,2020-06-11,4.02,3.99,4.02,3.99,431326,211956171.0,0.75,-0.75,-0.03,0.24
1286,2020-06-12,3.96,4.0,4.0,3.95,392247,191754607.0,1.25,0.25,0.01,0.21
1287,2020-06-15,3.98,3.94,3.99,3.94,434219,211559341.0,1.25,-1.5,-0.06,0.24
1288,2020-06-16,3.96,3.98,3.98,3.95,336027,163700857.0,0.76,1.02,0.04,0.18
1289,2020-06-17,3.97,3.98,3.99,3.95,325547,158733199.0,1.01,0.0,0.0,0.18
1290,2020-06-18,3.95,3.97,3.99,3.94,424012,206715354.0,1.26,-0.25,-0.01,0.23
1291,2020-06-19,3.97,3.99,4.01,3.96,520250,254616584.0,1.26,0.5,0.02,0.29
1292,2020-06-22,3.98,3.98,4.02,3.97,452918,222223626.0,1.25,-0.25,-0.01,0.25
1293,2020-06-23,3.99,3.96,4.0,3.96,289180,141133791.0,1.01,-0.5,-0.02,0.16
1294,2020-06-24,3.98,3.99,4.01,3.97,370853,181842662.0,1.01,0.76,0.03,0.2
1295,2020-06-29,4.01,3.97,4.02,3.97,331205,162182885.0,1.25,-0.5,-0.02,0.18
1296,2020-06-30,3.99,3.99,4.0,3.97,309553,151608677.0,0.76,0.5,0.02,0.17
1297,2020-07-01,3.99,4.07,4.09,3.98,859864,424910672.0,2.76,2.01,0.08,0.47
1298,2020-07-02,4.05,4.17,4.17,4.04,1131325,567796864.0,3.19,2.46,0.1,0.62
1299,2020-07-03,4.18,4.23,4.26,4.16,1407494,721140464.0,2.4,1.44,0.06,0.77
1300,2020-07-06,4.27,4.7,4.73,4.27,4095498,2220914512.0,10.87,11.11,0.47,2.24
1301,2020-07-07,4.78,4.57,4.83,4.51,4335784,2399014464.0,6.81,-2.77,-0.13,2.38
1302,2020-07-08,4.55,4.63,4.66,4.52,2084624,1147897024.0,3.06,1.31,0.06,1.14
1303,2020-07-09,4.61,4.61,4.62,4.54,1683191,925356240.0,1.73,-0.43,-0.02,0.92
1304,2020-07-10,4.59,4.49,4.59,4.48,1481340,805653680.0,2.39,-2.6,-0.12,0.81
1305,2020-07-13,4.47,4.53,4.57,4.47,1329490,721394224.0,2.23,0.89,0.04,0.73
1306,2020-07-14,4.53,4.47,4.56,4.45,1396447,754627776.0,2.43,-1.32,-0.06,0.77
1307,2020-07-15,4.48,4.39,4.51,4.39,1163062,586157952.0,2.68,-1.79,-0.08,0.64
1308,2020-07-16,4.39,4.3,4.43,4.3,1064616,529623328.0,2.96,-2.05,-0.09,0.58
1309,2020-07-17,4.31,4.27,4.34,4.26,719343,351253424.0,1.86,-0.7,-0.03,0.39
1310,2020-07-20,4.28,4.39,4.4,4.26,989078,488396544.0,3.28,2.81,0.12,0.54
1311,2020-07-21,4.39,4.33,4.39,4.31,732880,362034752.0,1.82,-1.37,-0.06,0.4
1312,2020-07-22,4.33,4.32,4.39,4.3,830087,409964080.0,2.08,-0.23,-0.01,0.45
1313,2020-07-23,4.3,4.28,4.32,4.23,719509,350680608.0,2.08,-0.93,-0.04,0.39
1314,2020-07-24,4.27,4.19,4.28,4.18,716754,345959424.0,2.34,-2.1,-0.09,0.39
1315,2020-07-27,4.2,4.17,4.22,4.15,396071,189211440.0,1.67,-0.48,-0.02,0.22
1316,2020-07-28,4.19,4.19,4.21,4.17,298820,143091122.0,0.96,0.48,0.02,0.16
1317,2020-07-29,4.18,4.26,4.27,4.17,492602,238180991.0,2.39,1.67,0.07,0.27
1318,2020-07-30,4.26,4.24,4.29,4.23,473260,229661093.0,1.41,-0.47,-0.02,0.26
1319,2020-07-31,4.24,4.23,4.29,4.2,544153,263347533.0,2.12,-0.24,-0.01,0.3
1320,2020-08-03,4.24,4.27,4.27,4.24,572700,277821360.0,0.71,0.95,0.04,0.31
1321,2020-08-04,4.27,4.33,4.35,4.24,1035027,507836464.0,2.58,1.41,0.06,0.57
1322,2020-08-05,4.32,4.27,4.32,4.24,568345,276828544.0,1.85,-1.39,-0.06,0.31
1323,2020-08-06,4.27,4.28,4.3,4.25,417161,202992972.0,1.17,0.23,0.01,0.23
1324,2020-08-07,4.28,4.24,4.29,4.22,462507,224397273.0,1.64,-0.93,-0.04,0.25
1325,2020-08-10,4.23,4.27,4.28,4.22,488392,237269531.0,1.42,0.71,0.03,0.27
1326,2020-08-11,4.27,4.25,4.33,4.25,819976,401720624.0,1.87,-0.47,-0.02,0.45
1327,2020-08-12,4.26,4.26,4.27,4.23,559212,271242608.0,0.94,0.24,0.01,0.31
1328,2020-08-13,4.27,4.26,4.29,4.25,428916,208722883.0,0.94,0.0,0.0,0.24
1329,2020-08-14,4.26,4.3,4.31,4.25,551757,269316432.0,1.41,0.94,0.04,0.3
1330,2020-08-17,4.32,4.42,4.47,4.31,1541079,771255264.0,3.72,2.79,0.12,0.84
1331,2020-08-18,4.42,4.39,4.43,4.37,740952,370375776.0,1.36,-0.68,-0.03,0.41
1332,2020-08-19,4.39,4.35,4.4,4.35,577525,287446416.0,1.14,-0.91,-0.04,0.32
1333,2020-08-20,4.35,4.3,4.36,4.29,466134,229191351.0,1.61,-1.15,-0.05,0.26
1334,2020-08-21,4.32,4.3,4.33,4.3,387292,190295704.0,0.7,0.0,0.0,0.21
1335,2020-08-24,4.31,4.29,4.33,4.29,448728,220058275.0,0.93,-0.23,-0.01,0.25
1336,2020-08-25,4.31,4.3,4.33,4.29,313456,153673404.0,0.93,0.23,0.01,0.17
1337,2020-08-26,4.3,4.27,4.31,4.26,423529,206547092.0,1.16,-0.7,-0.03,0.23
1338,2020-08-27,4.27,4.26,4.28,4.25,291890,141932803.0,0.7,-0.23,-0.01,0.16
1339,2020-08-28,4.24,4.28,4.29,4.22,675962,328541968.0,1.64,0.47,0.02,0.37
1340,2020-08-31,4.29,4.27,4.34,4.25,794944,389615264.0,2.1,-0.23,-0.01,0.44
1341,2020-09-01,4.26,4.26,4.27,4.24,443239,215025824.0,0.7,-0.23,-0.01,0.24
1342,2020-09-02,4.27,4.23,4.27,4.2,503382,243142320.0,1.64,-0.7,-0.03,0.28
1343,2020-09-03,4.23,4.22,4.25,4.21,325805,157251818.0,0.95,-0.24,-0.01,0.18
1344,2020-09-04,4.2,4.21,4.21,4.19,361810,173597888.0,0.47,-0.24,-0.01,0.2
1345,2020-09-07,4.21,4.19,4.23,4.18,376465,180893105.0,1.19,-0.48,-0.02,0.21
1346,2020-09-08,4.2,4.23,4.24,4.19,450953,217254645.0,1.19,0.95,0.04,0.25
1347,2020-09-09,4.2,4.2,4.24,4.18,469403,225675138.0,1.42,-0.71,-0.03,0.26
1348,2020-09-10,4.21,4.16,4.22,4.15,509010,243373530.0,1.67,-0.95,-0.04,0.28
1349,2020-09-11,4.16,4.16,4.17,4.14,475859,226143913.0,0.72,0.0,0.0,0.26
1350,2020-09-14,4.16,4.19,4.2,4.15,450768,215184133.0,1.2,0.72,0.03,0.25
1351,2020-09-15,4.18,4.18,4.2,4.17,307795,147194617.0,0.72,-0.24,-0.01,0.17
1352,2020-09-16,4.18,4.2,4.23,4.17,496729,238288729.0,1.44,0.48,0.02,0.27
1353,2020-09-17,4.19,4.19,4.22,4.18,329091,157806054.0,0.95,-0.24,-0.01,0.18
1354,2020-09-18,4.2,4.25,4.25,4.18,537799,259511600.0,1.67,1.43,0.06,0.29
1355,2020-09-21,4.25,4.22,4.27,4.21,287799,139027982.0,1.41,-0.71,-0.03,0.16
1356,2020-09-22,4.2,4.18,4.24,4.17,554246,266271949.0,1.66,-0.95,-0.04,0.3
1357,2020-09-23,4.19,4.16,4.19,4.16,241952,115415057.0,0.72,-0.48,-0.02,0.13
1358,2020-09-24,4.16,4.12,4.16,4.11,436649,206553820.0,1.2,-0.96,-0.04,0.24
1359,2020-09-25,4.12,4.11,4.14,4.09,345144,162737063.0,1.21,-0.24,-0.01,0.19
1360,2020-09-28,4.11,4.12,4.13,4.1,209549,98879566.0,0.73,0.24,0.01,0.11
1361,2020-09-29,4.14,4.11,4.14,4.11,210144,99269920.0,0.73,-0.24,-0.01,0.12
1362,2020-09-30,4.11,4.08,4.13,4.07,358337,168275551.0,1.46,-0.73,-0.03,0.2
1363,2020-10-09,4.1,4.1,4.11,4.08,348215,163590917.0,0.74,0.49,0.02,0.19
1364,2020-10-12,4.1,4.17,4.19,4.1,590022,280524576.0,2.2,1.71,0.07,0.32
1365,2020-10-13,4.17,4.15,4.18,4.14,263437,125238289.0,0.96,-0.48,-0.02,0.14
1366,2020-10-14,4.16,4.14,4.17,4.13,315025,149522606.0,0.96,-0.24,-0.01,0.17
1367,2020-10-15,4.15,4.16,4.22,4.13,492477,235120678.0,2.17,0.48,0.02,0.27
1368,2020-10-16,4.17,4.2,4.24,4.16,623268,299536864.0,1.92,0.96,0.04,0.34
1369,2020-10-19,4.22,4.22,4.32,4.21,848756,413033408.0,2.62,0.48,0.02,0.47
1370,2020-10-20,4.21,4.19,4.23,4.17,426935,204428277.0,1.42,-0.71,-0.03,0.23
1371,2020-10-21,4.18,4.24,4.25,4.17,551128,265116624.0,1.91,1.19,0.05,0.3
1372,2020-10-22,4.24,4.22,4.28,4.2,424612,204828356.0,1.89,-0.47,-0.02,0.23
1373,2020-10-23,4.22,4.24,4.27,4.2,615184,297893328.0,1.66,0.47,0.02,0.34
1374,2020-10-26,4.24,4.16,4.25,4.15,594643,284676640.0,2.36,-1.89,-0.08,0.33
1375,2020-10-27,4.15,4.12,4.16,4.1,409752,193797687.0,1.44,-0.96,-0.04,0.22
1376,2020-10-28,4.12,4.12,4.13,4.09,323714,152345543.0,0.97,0.0,0.0,0.18
1377,2020-10-29,4.09,4.1,4.12,4.08,324982,152682422.0,0.97,-0.49,-0.02,0.18
1378,2020-10-30,4.11,4.07,4.13,4.06,388645,182465124.0,1.71,-0.73,-0.03,0.21
1379,2020-11-02,4.08,4.08,4.1,4.07,452100,211663670.0,0.74,0.25,0.01,0.25
1380,2020-11-03,4.1,4.12,4.15,4.1,450057,212763500.0,1.23,0.98,0.04,0.25
1381,2020-11-04,4.14,4.13,4.15,4.1,321588,152069358.0,1.21,0.24,0.01,0.18
1382,2020-11-05,4.15,4.15,4.17,4.13,389460,184957238.0,0.97,0.48,0.02,0.21
1383,2020-11-06,4.15,4.16,4.17,4.13,425364,202187435.0,0.96,0.24,0.01,0.23
1384,2020-11-09,4.17,4.2,4.22,4.16,531265,254878578.0,1.44,0.96,0.04,0.29
1385,2020-11-10,4.22,4.19,4.25,4.17,544235,262093784.0,1.9,-0.24,-0.01,0.3
1386,2020-11-11,4.19,4.2,4.23,4.17,437233,209952030.0,1.43,0.24,0.01,0.24
1387,2020-11-12,4.2,4.17,4.21,4.17,305160,146026636.0,0.95,-0.71,-0.03,0.17
1388,2020-11-13,4.16,4.12,4.17,4.11,441872,208810958.0,1.44,-1.2,-0.05,0.24
1389,2020-11-16,4.12,4.13,4.15,4.12,289083,136837581.0,0.73,0.24,0.01,0.16
1390,2020-11-17,4.13,4.15,4.16,4.12,535756,253888202.0,0.97,0.48,0.02,0.29
1391,2020-11-18,4.15,4.2,4.23,4.14,783634,375710128.0,2.17,1.2,0.05,0.43
1392,2020-11-19,4.2,4.2,4.22,4.17,740327,354579872.0,1.19,0.0,0.0,0.41
1393,2020-11-20,4.19,4.19,4.2,4.17,383937,183610096.0,0.71,-0.24,-0.01,0.21
1394,2020-11-23,4.19,4.24,4.25,4.18,677949,327128720.0,1.67,1.19,0.05,0.37
1395,2020-11-24,4.24,4.23,4.27,4.22,536092,259614507.0,1.18,-0.24,-0.01,0.29
1396,2020-11-25,4.25,4.21,4.28,4.21,567421,275036128.0,1.65,-0.47,-0.02,0.31
1397,2020-11-26,4.21,4.23,4.25,4.2,375958,181576302.0,1.19,0.48,0.02,0.21
1398,2020-11-27,4.24,4.32,4.32,4.23,1022357,499611648.0,2.13,2.13,0.09,0.56
1399,2020-11-30,4.36,4.28,4.48,4.28,1843199,917751040.0,4.63,-0.93,-0.04,1.01
1400,2020-12-01,4.27,4.41,4.43,4.25,1566779,778220384.0,4.21,3.04,0.13,0.86
1401,2020-12-02,4.43,4.42,4.49,4.38,1214573,610740416.0,2.49,0.23,0.01,0.67
1402,2020-12-03,4.41,4.46,4.48,4.38,1182730,595831648.0,2.26,0.9,0.04,0.65
1403,2020-12-04,4.45,4.42,4.45,4.35,819635,409385728.0,2.24,-0.9,-0.04,0.45
1404,2020-12-07,4.4,4.36,4.42,4.34,646706,321154080.0,1.81,-1.36,-0.06,0.35
1405,2020-12-08,4.37,4.34,4.41,4.33,853729,424442752.0,1.83,-0.46,-0.02,0.47
1406,2020-12-09,4.36,4.39,4.45,4.35,1208682,605469936.0,2.3,1.15,0.05,0.66
1407,2020-12-10,4.4,4.35,4.42,4.33,610653,303836880.0,2.05,-0.91,-0.04,0.33
1408,2020-12-11,4.36,4.19,4.37,4.19,786169,384360336.0,4.14,-3.68,-0.16,0.43
1409,2020-12-14,4.26,4.28,4.35,4.25,620244,302938576.0,2.39,2.15,0.09,0.34
1410,2020-12-15,4.27,4.23,4.28,4.21,469978,226997312.0,1.64,-1.17,-0.05,0.26
1411,2020-12-16,4.23,4.22,4.26,4.21,346176,167362721.0,1.18,-0.24,-0.01,0.19
1412,2020-12-17,4.21,4.25,4.25,4.19,466258,224958045.0,1.42,0.71,0.03,0.26
1413,2020-12-18,4.24,4.22,4.25,4.2,455737,219667063.0,1.18,-0.71,-0.03,0.25
1414,2020-12-21,4.22,4.23,4.23,4.17,483102,232327601.0,1.42,0.24,0.01,0.26
1415,2020-12-22,4.22,4.16,4.22,4.15,552927,264455220.0,1.65,-1.65,-0.07,0.3
1416,2020-12-23,4.16,4.16,4.17,4.13,335000,159144707.0,0.96,0.0,0.0,0.18
1417,2020-12-24,4.16,4.15,4.19,4.14,268294,127682232.0,1.2,-0.24,-0.01,0.15
1418,2020-12-25,4.15,4.17,4.18,4.13,228027,108551744.0,1.2,0.48,0.02,0.12
1419,2020-12-28,4.16,4.16,4.19,4.14,351977,167604053.0,1.2,-0.24,-0.01,0.17
1420,2020-12-29,4.16,4.17,4.18,4.15,346431,165204745.0,0.72,0.24,0.01,0.16
1421,2020-12-30,4.17,4.18,4.19,4.15,335339,159762510.0,0.96,0.24,0.01,0.16
1422,2020-12-31,4.17,4.24,4.25,4.17,476638,229876952.0,1.91,1.44,0.06,0.23
1423,2021-01-04,4.24,4.24,4.25,4.17,653910,314494192.0,1.89,0.0,0.0,0.31
1424,2021-01-05,4.22,4.24,4.24,4.19,572301,275479936.0,1.18,0.0,0.0,0.27
1425,2021-01-06,4.23,4.25,4.28,4.21,519457,251744663.0,1.65,0.24,0.01,0.25
1426,2021-01-07,4.26,4.24,4.28,4.19,569976,275332352.0,2.12,-0.24,-0.01,0.27
1427,2021-01-08,4.23,4.25,4.27,4.21,552432,267439260.0,1.42,0.24,0.01,0.26
1428,2021-01-11,4.25,4.18,4.28,4.18,887392,428171088.0,2.35,-1.65,-0.07,0.42
1429,2021-01-12,4.18,4.19,4.2,4.15,552723,263548412.0,1.2,0.24,0.01,0.26
1430,2021-01-13,4.19,4.22,4.24,4.17,610399,293479600.0,1.67,0.72,0.03,0.29
1431,2021-01-14,4.23,4.24,4.29,4.21,631792,306673936.0,1.9,0.47,0.02,0.3
1432,2021-01-15,4.26,4.28,4.38,4.26,1205893,594841696.0,2.83,0.94,0.04,0.57
1433,2021-01-18,4.28,4.28,4.32,4.25,770934,376637072.0,1.64,0.0,0.0,0.36
1434,2021-01-19,4.29,4.32,4.36,4.25,927863,456060256.0,2.57,0.93,0.04,0.44
1435,2021-01-20,4.32,4.25,4.35,4.25,793128,387778896.0,2.31,-1.62,-0.07,0.38
1436,2021-01-21,4.25,4.24,4.27,4.22,606663,293830784.0,1.18,-0.24,-0.01,0.29
1437,2021-01-22,4.24,4.19,4.24,4.17,533012,255491649.0,1.65,-1.18,-0.05,0.25
1438,2021-01-25,4.19,4.17,4.19,4.15,444532,211829730.0,0.95,-0.48,-0.02,0.21
1439,2021-01-26,4.16,4.17,4.2,4.15,455586,217488970.0,1.2,0.0,0.0,0.22
1440,2021-01-27,4.16,4.18,4.23,4.16,582055,279079696.0,1.68,0.24,0.01,0.28
1441,2021-01-28,4.16,4.14,4.17,4.12,491685,233149197.0,1.2,-0.96,-0.04,0.23
1442,2021-01-29,4.15,4.13,4.17,4.12,532329,252380560.0,1.21,-0.24,-0.01,0.25
1443,2021-02-01,4.12,4.16,4.18,4.09,711050,335934864.0,2.18,0.73,0.03,0.34
1444,2021-02-02,4.16,4.11,4.18,4.1,493391,233609733.0,1.92,-1.2,-0.05,0.23
1445,2021-02-03,4.11,4.14,4.16,4.09,604101,285675968.0,1.7,0.73,0.03,0.29
1446,2021-02-04,4.13,4.12,4.17,4.11,578406,273704416.0,1.45,-0.48,-0.02,0.27
1447,2021-02-05,4.12,4.21,4.22,4.11,1350807,646337056.0,2.67,2.18,0.09,0.64
1448,2021-02-08,4.2,4.17,4.21,4.15,888845,424856560.0,1.43,-0.95,-0.04,0.42
1449,2021-02-09,4.15,4.18,4.18,4.12,788598,374116144.0,1.44,0.24,0.01,0.37
1450,2021-02-10,4.17,4.18,4.22,4.17,1090578,522340144.0,1.2,0.0,0.0,0.52
1451,2021-02-18,4.21,4.2,4.26,4.2,1529483,737580752.0,1.44,0.48,0.02,0.72
1452,2021-02-19,4.2,4.23,4.25,4.18,1319837,636750272.0,1.67,0.71,0.03,0.62
1453,2021-02-22,4.23,4.24,4.28,4.21,1624807,786768608.0,1.65,0.24,0.01,0.77
1454,2021-02-23,4.23,4.23,4.27,4.22,1241746,601941520.0,1.18,-0.24,-0.01,0.59
1455,2021-02-24,4.23,4.2,4.25,4.19,1029254,496011760.0,1.42,-0.71,-0.03,0.49
1456,2021-02-25,4.21,4.24,4.26,4.2,1595908,771710208.0,1.43,0.95,0.04,0.75
1457,2021-02-26,4.21,4.17,4.23,4.16,1317907,631551824.0,1.65,-1.65,-0.07,0.62
1458,2021-03-01,4.18,4.16,4.19,4.14,890170,423874688.0,1.2,-0.24,-0.01,0.42
1459,2021-03-02,4.16,4.12,4.17,4.11,812250,384937584.0,1.44,-0.96,-0.04,0.38
1460,2021-03-03,4.13,4.21,4.23,4.12,1510280,723549072.0,2.67,2.18,0.09,0.71
1461,2021-03-04,4.19,4.19,4.25,4.18,1480126,712633216.0,1.66,-0.48,-0.02,0.7
1462,2021-03-05,4.19,4.21,4.22,4.16,869394,416714768.0,1.43,0.48,0.02,0.41
1463,2021-03-08,4.23,4.2,4.27,4.2,1511512,730539648.0,1.66,-0.24,-0.01,0.71
1464,2021-03-09,4.21,4.19,4.23,4.16,1261755,604899040.0,1.67,-0.24,-0.01,0.6
1465,2021-03-10,4.2,4.19,4.23,4.17,1031232,495624304.0,1.43,0.0,0.0,0.49
1466,2021-03-11,4.21,4.24,4.25,4.2,1142580,551551472.0,1.19,1.19,0.05,0.54
1467,2021-03-12,4.23,4.28,4.28,4.2,1739893,843970784.0,1.89,0.94,0.04,0.82
1468,2021-03-15,4.28,4.3,4.34,4.26,1609972,789816864.0,1.87,0.47,0.02,0.76
1469,2021-03-16,4.3,4.3,4.33,4.27,1161722,569127408.0,1.4,0.0,0.0,0.55
1470,2021-03-17,4.3,4.25,4.3,4.24,966256,469678592.0,1.4,-1.16,-0.05,0.46
1471,2021-03-18,4.25,4.26,4.28,4.24,804588,391030368.0,0.94,0.24,0.01,0.38
1472,2021-03-19,4.25,4.21,4.27,4.19,1112382,536125088.0,1.88,-1.17,-0.05,0.53
1473,2021-03-22,4.2,4.22,4.23,4.19,858162,413392192.0,0.95,0.24,0.01,0.41
1474,2021-03-23,4.21,4.2,4.24,4.18,913134,438893136.0,1.42,-0.47,-0.02,0.43
1475,2021-03-24,4.2,4.16,4.2,4.15,1236403,589857040.0,1.19,-0.95,-0.04,0.58
1476,2021-03-25,4.16,4.14,4.17,4.14,798287,379612720.0,0.72,-0.48,-0.02,0.38
1477,2021-03-26,4.15,4.16,4.17,4.14,1367069,650055376.0,0.72,0.48,0.02,0.65
1478,2021-03-29,4.17,4.19,4.2,4.15,1050474,502312176.0,1.2,0.72,0.03,0.5
1479,2021-03-30,4.19,4.21,4.22,4.17,889890,426518560.0,1.19,0.48,0.02,0.42
1480,2021-03-31,4.2,4.2,4.21,4.17,747258,357830624.0,0.95,-0.24,-0.01,0.35
1481,2021-04-01,4.2,4.18,4.2,4.17,600483,287298496.0,0.71,-0.48,-0.02,0.28
1482,2021-04-02,4.19,4.18,4.19,4.16,524997,250664992.0,0.72,0.0,0.0,0.25
1483,2021-04-06,4.18,4.16,4.19,4.15,488440,232779917.0,0.96,-0.48,-0.02,0.23
1484,2021-04-07,4.16,4.17,4.17,4.14,664857,316100816.0,0.72,0.24,0.01,0.31
1485,2021-04-08,4.16,4.16,4.17,4.15,546936,260277310.0,0.48,-0.24,-0.01,0.26
1486,2021-04-09,4.16,4.16,4.17,4.15,510148,242827586.0,0.48,0.0,0.0,0.24
1487,2021-04-12,4.16,4.17,4.18,4.15,618221,294681728.0,0.72,0.24,0.01,0.29
1488,2021-04-13,4.17,4.15,4.18,4.13,690964,328258192.0,1.2,-0.48,-0.02,0.33
1489,2021-04-14,4.14,4.14,4.16,4.13,454480,215577637.0,0.72,-0.24,-0.01,0.21
1490,2021-04-15,4.15,4.13,4.15,4.12,519991,245782802.0,0.72,-0.24,-0.01,0.25
1491,2021-04-16,4.13,4.14,4.15,4.12,456633,215945446.0,0.73,0.24,0.01,0.22
1492,2021-04-19,4.14,4.15,4.16,4.12,494931,234678649.0,0.97,0.24,0.01,0.23
1493,2021-04-20,4.15,4.14,4.16,4.13,407177,193240691.0,0.72,-0.24,-0.01,0.19
1494,2021-04-21,4.14,4.14,4.15,4.13,374358,177531018.0,0.48,0.0,0.0,0.18
1495,2021-04-22,4.15,4.14,4.15,4.13,410051,194478666.0,0.48,0.0,0.0,0.19
1496,2021-04-23,4.14,4.13,4.15,4.13,316969,150129640.0,0.48,-0.24,-0.01,0.15
1497,2021-04-26,4.13,4.12,4.15,4.12,475641,225064314.0,0.73,-0.24,-0.01,0.22
1498,2021-04-27,4.12,4.12,4.14,4.11,379539,179336205.0,0.73,0.0,0.0,0.18
1499,2021-04-28,4.12,4.13,4.13,4.11,295368,139378053.0,0.49,0.24,0.01,0.14
1500,2021-04-29,4.13,4.16,4.17,4.12,498378,236654992.0,1.21,0.73,0.03,0.24
1501,2021-04-30,4.19,4.16,4.2,4.14,1037868,495093072.0,1.44,0.0,0.0,0.49
1502,2021-05-06,4.17,4.2,4.21,4.16,830664,398103200.0,1.2,0.96,0.04,0.39
1503,2021-05-07,4.21,4.24,4.26,4.2,1237339,598698880.0,1.43,0.95,0.04,0.59
1504,2021-05-10,4.25,4.26,4.26,4.22,1126993,545935888.0,0.94,0.47,0.02,0.53
1505,2021-05-11,4.26,4.28,4.29,4.25,1168632,569433120.0,0.94,0.47,0.02,0.55
1506,2021-05-12,4.29,4.35,4.36,4.27,1714798,844618432.0,2.1,1.64,0.07,0.81
1507,2021-05-13,4.34,4.32,4.36,4.28,1178098,579006688.0,1.84,-0.69,-0.03,0.56
1508,2021-05-14,4.31,4.35,4.36,4.3,994262,490120640.0,1.39,0.69,0.03,0.47
1509,2021-05-17,4.34,4.31,4.36,4.29,962063,474171472.0,1.61,-0.92,-0.04,0.46
1510,2021-05-18,4.31,4.31,4.32,4.28,535091,262287235.0,0.93,0.0,0.0,0.25
1511,2021-05-19,4.31,4.26,4.31,4.24,802799,390310096.0,1.62,-1.16,-0.05,0.38
1512,2021-05-20,4.26,4.3,4.31,4.24,795245,387363088.0,1.64,0.94,0.04,0.38
1513,2021-05-21,4.29,4.29,4.3,4.26,507748,247806074.0,0.93,-0.23,-0.01,0.24
1514,2021-05-24,4.27,4.28,4.3,4.27,506431,247164955.0,0.7,-0.23,-0.01,0.24
1515,2021-05-25,4.28,4.33,4.34,4.27,912216,448449008.0,1.64,1.17,0.05,0.43
1516,2021-05-26,4.34,4.33,4.35,4.32,768800,379311760.0,0.69,0.0,0.0,0.36
1517,2021-05-27,4.32,4.34,4.35,4.31,865249,426332576.0,0.92,0.23,0.01,0.41
1518,2021-05-28,4.34,4.32,4.35,4.31,632626,311393728.0,0.92,-0.46,-0.02,0.3
1519,2021-05-31,4.33,4.31,4.33,4.29,596442,292800304.0,0.93,-0.23,-0.01,0.28
1520,2021-06-01,4.3,4.3,4.31,4.28,557421,272988032.0,0.7,-0.23,-0.01,0.26
1521,2021-06-02,4.29,4.31,4.31,4.26,900095,439591264.0,1.16,0.23,0.01,0.43
1522,2021-06-03,4.31,4.3,4.34,4.3,643036,316065920.0,0.93,-0.23,-0.01,0.3
1523,2021-06-04,4.3,4.33,4.34,4.28,709765,348794640.0,1.4,0.7,0.03,0.34
1524,2021-06-07,4.33,4.33,4.34,4.31,492537,242816041.0,0.69,0.0,0.0,0.23
1525,2021-06-08,4.33,4.33,4.34,4.31,462110,227749469.0,0.69,0.0,0.0,0.22
1526,2021-06-09,4.33,4.34,4.35,4.32,552066,272568864.0,0.69,0.23,0.01,0.26
1527,2021-06-10,4.34,4.32,4.36,4.31,704605,347878304.0,1.15,-0.46,-0.02,0.33
1528,2021-06-11,4.32,4.36,4.39,4.31,1335607,661845280.0,1.85,0.93,0.04,0.63
1529,2021-06-15,4.36,4.29,4.36,4.28,889828,436194544.0,1.83,-1.61,-0.07,0.42
1530,2021-06-16,4.29,4.3,4.32,4.28,541997,265539079.0,0.93,0.23,0.01,0.26
1531,2021-06-17,4.3,4.29,4.32,4.27,506430,248316023.0,1.16,-0.23,-0.01,0.24
1532,2021-06-18,4.3,4.27,4.3,4.26,535935,261157170.0,0.93,-0.47,-0.02,0.25
1533,2021-06-21,4.27,4.27,4.28,4.24,504787,245186054.0,0.94,0.0,0.0,0.24
1534,2021-06-22,4.28,4.29,4.3,4.27,518852,253607735.0,0.7,0.47,0.02,0.25
1535,2021-06-23,4.29,4.27,4.3,4.26,424016,206714822.0,0.93,-0.47,-0.02,0.2
1536,2021-06-24,4.28,4.29,4.3,4.26,371147,181297417.0,0.94,0.47,0.02,0.18
1537,2021-06-25,4.29,4.32,4.32,4.28,670311,329026928.0,0.93,0.7,0.03,0.32
1538,2021-06-28,4.32,4.3,4.33,4.29,505660,248074161.0,0.93,-0.46,-0.02,0.24
1539,2021-06-29,4.3,4.3,4.31,4.28,465143,227516181.0,0.7,0.0,0.0,0.22
1540,2021-06-30,4.29,4.27,4.3,4.27,374475,182912979.0,0.7,-0.7,-0.03,0.18
1541,2021-07-01,4.28,4.29,4.3,4.27,485338,237093989.0,0.7,0.47,0.02,0.23
1542,2021-07-02,4.28,4.28,4.3,4.27,545163,266340964.0,0.7,-0.23,-0.01,0.26
1543,2021-07-05,4.28,4.28,4.29,4.26,489500,238384501.0,0.7,0.0,0.0,0.23
1544,2021-07-06,4.28,4.3,4.31,4.27,629166,307575168.0,0.93,0.47,0.02,0.3
1545,2021-07-07,4.3,4.29,4.31,4.28,417145,204189756.0,0.7,-0.23,-0.01,0.2
1546,2021-07-08,4.31,4.29,4.31,4.27,514883,251550593.0,0.93,0.0,0.0,0.24
1547,2021-07-09,4.27,4.25,4.29,4.25,665077,323844928.0,0.93,-0.93,-0.04,0.31
1548,2021-07-12,4.27,4.23,4.28,4.23,764876,371087600.0,1.18,-0.47,-0.02,0.36
1549,2021-07-13,4.24,4.24,4.25,4.22,584953,283026832.0,0.71,0.24,0.01,0.28
1550,2021-07-14,4.24,4.21,4.25,4.19,765268,368130560.0,1.42,-0.71,-0.03,0.36
1551,2021-07-15,4.21,4.23,4.24,4.19,693148,334472624.0,1.19,0.48,0.02,0.33
1552,2021-07-16,4.24,4.25,4.26,4.22,758859,344539440.0,0.95,0.47,0.02,0.36
1553,2021-07-19,4.25,4.21,4.25,4.2,514828,232325464.0,1.18,-0.94,-0.04,0.24
1554,2021-07-20,4.19,4.19,4.2,4.17,411281,184399033.0,0.71,-0.48,-0.02,0.19
1555,2021-07-21,4.2,4.19,4.21,4.17,351411,157702164.0,0.95,0.0,0.0,0.17
1556,2021-07-22,4.19,4.19,4.21,4.18,541164,243168508.0,0.72,0.0,0.0,0.26
1557,2021-07-23,4.19,4.17,4.2,4.17,351941,157568973.0,0.72,-0.48,-0.02,0.17
1558,2021-07-26,4.17,4.11,4.18,4.1,712694,315968112.0,1.92,-1.44,-0.06,0.34
1559,2021-07-27,4.11,4.03,4.13,4.03,853637,373264624.0,2.43,-1.95,-0.08,0.4
1560,2021-07-28,4.04,4.0,4.05,4.0,790950,341957456.0,1.24,-0.74,-0.03,0.37
1561,2021-07-29,4.02,3.98,4.02,3.97,593037,254440186.0,1.25,-0.5,-0.02,0.28
1562,2021-07-30,3.98,3.99,3.99,3.95,492016,210012745.0,1.01,0.25,0.01,0.23
1563,2021-08-02,3.98,4.04,4.05,3.96,671997,289589488.0,2.26,1.25,0.05,0.32
1564,2021-08-03,4.03,4.0,4.03,3.99,439458,189210780.0,0.99,-0.99,-0.04,0.21
1565,2021-08-04,4.0,3.98,4.01,3.98,384118,164684849.0,0.75,-0.5,-0.02,0.18
1566,2021-08-05,3.98,3.99,4.01,3.97,475539,204030720.0,1.01,0.25,0.01,0.22
1567,2021-08-06,3.98,4.0,4.0,3.96,453884,194100847.0,1.0,0.25,0.01,0.21
1568,2021-08-09,3.99,4.02,4.05,3.99,674949,292128864.0,1.5,0.5,0.02,0.32
1569,2021-08-10,4.03,4.03,4.04,4.0,542227,233958027.0,1.0,0.25,0.01,0.26
1570,2021-08-11,4.03,4.04,4.07,4.02,650666,283152784.0,1.24,0.25,0.01,0.31
1571,2021-08-12,4.04,4.03,4.05,4.03,364223,157971398.0,0.5,-0.25,-0.01,0.17
1572,2021-08-13,4.02,4.01,4.03,4.01,436929,188668728.0,0.5,-0.5,-0.02,0.21
1573,2021-08-16,4.02,4.06,4.08,4.01,638001,277817808.0,1.75,1.25,0.05,0.3
1574,2021-08-17,4.06,4.04,4.09,4.03,521361,227229850.0,1.48,-0.49,-0.02,0.25
1575,2021-08-18,4.03,4.11,4.12,4.03,675283,295874928.0,2.23,1.73,0.07,0.32
1576,2021-08-19,4.1,4.06,4.1,4.05,500188,218338404.0,1.22,-1.22,-0.05,0.24
1577,2021-08-20,4.05,4.05,4.08,4.03,543113,236204906.0,1.23,-0.25,-0.01,0.26
1578,2021-08-23,4.05,4.05,4.07,4.05,331161,144347123.0,0.49,0.0,0.0,0.16
1579,2021-08-24,4.06,4.04,4.07,4.03,593024,257621432.0,0.99,-0.25,-0.01,0.28
1580,2021-08-25,4.04,4.02,4.06,4.02,595847,258184064.0,0.99,-0.5,-0.02,0.28
1581,2021-08-26,4.02,4.0,4.04,4.0,606469,261977096.0,1.0,-0.5,-0.02,0.29
1582,2021-08-27,4.01,4.02,4.03,4.0,482422,208384288.0,0.75,0.5,0.02,0.23
1583,2021-08-30,4.03,4.0,4.04,3.99,687393,296309024.0,1.24,-0.5,-0.02,0.33
1584,2021-08-31,4.0,4.04,4.05,4.0,702851,304011520.0,1.25,1.0,0.04,0.33
1585,2021-09-01,4.04,4.09,4.13,4.03,1154020,505614256.0,2.48,1.24,0.05,0.55
1586,2021-09-02,4.09,4.11,4.11,4.07,733510,322336000.0,0.98,0.49,0.02,0.35
1587,2021-09-03,4.16,4.16,4.19,4.13,1129751,504145840.0,1.46,1.22,0.05,0.53
1588,2021-09-06,4.15,4.17,4.19,4.15,916898,410089280.0,0.96,0.24,0.01,0.43
1589,2021-09-07,4.18,4.22,4.24,4.15,979796,439790752.0,2.16,1.2,0.05,0.46
1590,2021-09-08,4.22,4.23,4.26,4.2,1123858,508319808.0,1.42,0.24,0.01,0.53
1591,2021-09-09,4.21,4.22,4.23,4.19,831802,375487296.0,0.95,-0.24,-0.01,0.39
1592,2021-09-10,4.22,4.24,4.3,4.22,1401234,638031440.0,1.9,0.47,0.02,0.66
1593,2021-09-13,4.24,4.23,4.26,4.21,1031953,467473056.0,1.18,-0.24,-0.01,0.49
1594,2021-09-14,4.23,4.15,4.24,4.14,1387232,621962208.0,2.36,-1.89,-0.08,0.66
1595,2021-09-15,4.14,4.13,4.17,4.12,733153,325842496.0,1.2,-0.48,-0.02,0.35
1596,2021-09-16,4.14,4.14,4.17,4.12,974714,433229216.0,1.21,0.24,0.01,0.46
1597,2021-09-17,4.13,4.13,4.13,4.1,834671,368737152.0,0.72,-0.24,-0.01,0.39
1598,2021-09-22,4.08,4.08,4.1,4.05,810260,353907216.0,1.21,-1.21,-0.05,0.38
1599,2021-09-23,4.09,4.11,4.14,4.08,852327,376002960.0,1.47,0.74,0.03,0.4
1600,2021-09-24,4.1,4.08,4.12,4.07,671110,294825024.0,1.22,-0.73,-0.03,0.32
1601,2021-09-27,4.09,4.06,4.11,4.05,741439,324202368.0,1.47,-0.49,-0.02,0.35
1602,2021-09-28,4.07,4.09,4.1,4.06,521004,228411646.0,0.99,0.74,0.03,0.25
1603,2021-09-29,4.08,4.09,4.11,4.06,742465,324955120.0,1.22,0.0,0.0,0.35
1604,2021-09-30,4.09,4.06,4.09,4.06,621679,271720592.0,0.73,-0.73,-0.03,0.29
1605,2021-10-08,4.08,4.16,4.16,4.08,1080623,478387760.0,1.97,2.46,0.1,0.51
1606,2021-10-11,4.16,4.18,4.23,4.15,811130,364305264.0,1.92,0.48,0.02,0.38
1607,2021-10-12,4.17,4.16,4.2,4.14,670933,299841792.0,1.44,-0.48,-0.02,0.32
1608,2021-10-13,4.15,4.14,4.17,4.12,503887,223860803.0,1.2,-0.48,-0.02,0.24
1609,2021-10-14,4.15,4.11,4.15,4.11,381147,168668590.0,0.97,-0.72,-0.03,0.18
1610,2021-10-15,4.12,4.11,4.13,4.1,482144,212970888.0,0.73,0.0,0.0,0.23
1611,2021-10-18,4.12,4.11,4.14,4.1,545087,240786651.0,0.97,0.0,0.0,0.26
1612,2021-10-19,4.11,4.14,4.14,4.11,585722,259401326.0,0.73,0.73,0.03,0.28
1613,2021-10-20,4.14,4.13,4.16,4.12,466341,206711316.0,0.97,-0.24,-0.01,0.22
1614,2021-10-21,4.14,4.17,4.18,4.13,681039,303530208.0,1.21,0.97,0.04,0.32
1615,2021-10-22,4.17,4.17,4.19,4.15,563867,252064719.0,0.96,0.0,0.0,0.27
1616,2021-10-25,4.17,4.18,4.18,4.15,413415,184741207.0,0.72,0.24,0.01,0.2
1617,2021-10-26,4.18,4.17,4.2,4.16,489014,219101351.0,0.96,-0.24,-0.01,0.23
1618,2021-10-27,4.16,4.14,4.17,4.11,622914,276146896.0,1.44,-0.72,-0.03,0.29
1619,2021-10-28,4.13,4.11,4.14,4.11,453041,200189738.0,0.72,-0.72,-0.03,0.21
1620,2021-10-29,4.12,4.13,4.14,4.09,568602,251108359.0,1.22,0.49,0.02,0.27
1621,2021-11-01,4.13,4.17,4.18,4.12,677047,301910400.0,1.45,0.97,0.04,0.32
1622,2021-11-02,4.18,4.1,4.19,4.08,864543,382492288.0,2.64,-1.68,-0.07,0.41
1623,2021-11-03,4.1,4.13,4.14,4.09,562476,248075352.0,1.22,0.73,0.03,0.27
1624,2021-11-04,4.13,4.11,4.15,4.11,466091,206077619.0,0.97,-0.48,-0.02,0.22
1625,2021-11-05,4.11,4.1,4.12,4.09,456769,201112300.0,0.73,-0.24,-0.01,0.22
1626,2021-11-08,4.1,4.1,4.12,4.09,308581,135903073.0,0.73,0.0,0.0,0.15
1627,2021-11-09,4.1,4.1,4.12,4.09,294774,129856949.0,0.73,0.0,0.0,0.14
1628,2021-11-10,4.1,4.1,4.11,4.07,425838,186929023.0,0.98,0.0,0.0,0.2
1629,2021-11-11,4.09,4.14,4.14,4.09,482357,213404137.0,1.22,0.98,0.04,0.23
1630,2021-11-12,4.14,4.13,4.16,4.12,331102,146731386.0,0.97,-0.24,-0.01,0.16
1631,2021-11-15,4.13,4.14,4.15,4.13,289067,128285110.0,0.48,0.24,0.01,0.14
1632,2021-11-16,4.14,4.13,4.15,4.12,355839,157755201.0,0.72,-0.24,-0.01,0.17
1633,2021-11-17,4.13,4.11,4.14,4.11,343641,152013227.0,0.73,-0.48,-0.02,0.16
1634,2021-11-18,4.11,4.12,4.14,4.11,377296,166903690.0,0.73,0.24,0.01,0.18
1635,2021-11-19,4.12,4.14,4.15,4.12,297352,131810300.0,0.73,0.49,0.02,0.14
1636,2021-11-22,4.14,4.12,4.15,4.12,279126,123690885.0,0.72,-0.48,-0.02,0.13
1637,2021-11-23,4.13,4.13,4.14,4.12,271487,120276140.0,0.49,0.24,0.01,0.13
1638,2021-11-24,4.14,4.14,4.14,4.12,241137,106838135.0,0.48,0.24,0.01,0.11
1639,2021-11-25,4.13,4.13,4.14,4.12,253630,112236024.0,0.48,-0.24,-0.01,0.12
1640,2021-11-26,4.13,4.11,4.13,4.11,247083,109207439.0,0.48,-0.48,-0.02,0.12
1641,2021-11-29,4.09,4.1,4.12,4.09,386969,170357320.0,0.73,-0.24,-0.01,0.18
1642,2021-11-30,4.1,4.08,4.12,4.08,517787,227461276.0,0.98,-0.49,-0.02,0.24
1643,2021-12-01,4.09,4.11,4.12,4.08,390595,172080300.0,0.98,0.74,0.03,0.18
1644,2021-12-02,4.11,4.12,4.13,4.1,385630,170333988.0,0.73,0.24,0.01,0.18
1645,2021-12-03,4.12,4.12,4.13,4.1,350357,154690026.0,0.73,0.0,0.0,0.17
1646,2021-12-06,4.13,4.12,4.15,4.12,594695,263766937.0,0.73,0.0,0.0,0.28
1647,2021-12-07,4.14,4.15,4.15,4.12,488313,216758663.0,0.73,0.73,0.03,0.23
1648,2021-12-08,4.15,4.14,4.15,4.13,405435,180005395.0,0.48,-0.24,-0.01,0.19
1649,2021-12-09,4.14,4.17,4.18,4.13,743752,331955008.0,1.21,0.72,0.03,0.35
1650,2021-12-10,4.16,4.14,4.17,4.13,704621,313422048.0,0.96,-0.72,-0.03,0.33
1651,2021-12-13,4.15,4.14,4.18,4.14,512335,228375693.0,0.97,0.0,0.0,0.24
1652,2021-12-14,4.15,4.13,4.15,4.13,413908,183687742.0,0.48,-0.24,-0.01,0.2
1653,2021-12-15,4.13,4.13,4.14,4.12,341647,151320730.0,0.48,0.0,0.0,0.16
1654,2021-12-16,4.13,4.14,4.15,4.12,283553,125724704.0,0.73,0.24,0.01,0.13
1655,2021-12-17,4.13,4.12,4.15,4.12,320878,142150047.0,0.72,-0.48,-0.02,0.15
1656,2021-12-20,4.12,4.12,4.14,4.11,375024,165960457.0,0.73,0.0,0.0,0.18
1657,2021-12-21,4.12,4.15,4.16,4.12,508376,225970929.0,0.97,0.73,0.03,0.24
1658,2021-12-22,4.15,4.13,4.16,4.13,349322,155125842.0,0.72,-0.48,-0.02,0.17
1659,2021-12-23,4.14,4.13,4.14,4.12,258308,114491649.0,0.48,0.0,0.0,0.12
1660,2021-12-24,4.13,4.12,4.14,4.12,291094,128788859.0,0.48,-0.24,-0.01,0.14
1661,2021-12-27,4.13,4.12,4.13,4.11,316034,139763182.0,0.49,0.0,0.0,0.15
1662,2021-12-28,4.13,4.15,4.15,4.12,434415,192757676.0,0.73,0.73,0.03,0.21
1663,2021-12-29,4.14,4.16,4.16,4.13,478226,212865983.0,0.72,0.24,0.01,0.23
1664,2021-12-30,4.15,4.15,4.16,4.14,347982,154949197.0,0.48,-0.24,-0.01,0.16
1665,2021-12-31,4.16,4.14,4.16,4.13,336631,149576384.0,0.72,-0.24,-0.01,0.16
1666,2022-01-04,4.14,4.16,4.17,4.13,624172,278200256.0,0.97,0.48,0.02,0.3
1667,2022-01-05,4.17,4.19,4.2,4.16,873350,391289104.0,0.96,0.72,0.03,0.41
1668,2022-01-06,4.18,4.17,4.19,4.16,523068,233993540.0,0.72,-0.48,-0.02,0.25
1669,2022-01-07,4.17,4.23,4.24,4.17,1040636,469770912.0,1.68,1.44,0.06,0.49
1670,2022-01-10,4.25,4.24,4.27,4.21,761348,345744736.0,1.42,0.24,0.01,0.36
1671,2022-01-11,4.24,4.29,4.3,4.24,929571,425450976.0,1.42,1.18,0.05,0.44
1672,2022-01-12,4.29,4.27,4.3,4.24,672506,307159136.0,1.4,-0.47,-0.02,0.32
1673,2022-01-13,4.26,4.29,4.32,4.26,699397,321065360.0,1.41,0.47,0.02,0.33
1674,2022-01-14,4.28,4.21,4.29,4.21,750400,340472128.0,1.86,-1.86,-0.08,0.35
1675,2022-01-17,4.21,4.22,4.26,4.2,374371,169492427.0,1.43,0.24,0.01,0.18
1676,2022-01-18,4.22,4.28,4.28,4.22,675310,307544784.0,1.42,1.42,0.06,0.32
1677,2022-01-19,4.26,4.28,4.29,4.26,521150,238596545.0,0.7,0.0,0.0,0.25
1678,2022-01-20,4.29,4.3,4.33,4.28,851189,392183360.0,1.17,0.47,0.02,0.4
1679,2022-01-21,4.3,4.28,4.3,4.25,524238,239989953.0,1.16,-0.47,-0.02,0.25
1680,2022-01-24,4.27,4.26,4.29,4.24,542873,247658520.0,1.17,-0.47,-0.02,0.26
1681,2022-01-25,4.25,4.18,4.25,4.18,677253,306159632.0,1.64,-1.88,-0.08,0.32
1682,2022-01-26,4.19,4.22,4.25,4.19,630078,284821488.0,1.44,0.96,0.04,0.3
1683,2022-01-27,4.22,4.21,4.25,4.21,456654,206419602.0,0.95,-0.24,-0.01,0.22
1684,2022-01-28,4.22,4.19,4.24,4.19,612097,276166336.0,1.19,-0.48,-0.02,0.29
1685,2022-02-07,4.23,4.27,4.28,4.21,703915,320519136.0,1.67,1.91,0.08,0.33
1686,2022-02-08,4.27,4.35,4.35,4.26,1132836,523077440.0,2.11,1.87,0.08,0.54
1687,2022-02-09,4.35,4.33,4.38,4.33,820631,381456496.0,1.15,-0.46,-0.02,0.39
1688,2022-02-10,4.33,4.36,4.36,4.31,718632,333529520.0,1.15,0.69,0.03,0.34
1689,2022-02-11,4.35,4.38,4.41,4.34,910170,426198304.0,1.61,0.46,0.02,0.43
1690,2022-02-14,4.38,4.32,4.38,4.3,714868,331229376.0,1.83,-1.37,-0.06,0.34
1691,2022-02-15,4.31,4.31,4.34,4.29,476910,220059152.0,1.16,-0.23,-0.01,0.23
1692,2022-02-16,4.33,4.32,4.36,4.31,436205,202159045.0,1.16,0.23,0.01,0.21
1693,2022-02-17,4.33,4.32,4.35,4.31,344687,159578905.0,0.93,0.0,0.0,0.16
1694,2022-02-18,4.31,4.35,4.35,4.3,511396,236582973.0,1.16,0.69,0.03,0.24
1695,2022-02-21,4.34,4.32,4.34,4.3,545354,251806088.0,0.92,-0.69,-0.03,0.26
1696,2022-02-22,4.31,4.3,4.32,4.29,540589,248857313.0,0.69,-0.46,-0.02,0.26
1697,2022-02-23,4.3,4.27,4.31,4.26,724526,331629616.0,1.16,-0.7,-0.03,0.34
1698,2022-02-24,4.27,4.22,4.28,4.2,892885,405276144.0,1.87,-1.17,-0.05,0.42
1699,2022-02-25,4.23,4.22,4.25,4.21,451222,204241091.0,0.95,0.0,0.0,0.21
1700,2022-02-28,4.22,4.21,4.23,4.19,468834,211296052.0,0.95,-0.24,-0.01,0.22
1701,2022-03-01,4.22,4.24,4.26,4.21,425278,192590905.0,1.19,0.71,0.03,0.2
1702,2022-03-02,4.23,4.23,4.26,4.22,342683,155480790.0,0.94,-0.24,-0.01,0.16
1703,2022-03-03,4.25,4.27,4.28,4.24,480572,219335639.0,0.95,0.95,0.04,0.23
1704,2022-03-04,4.26,4.24,4.27,4.22,459419,208493731.0,1.17,-0.7,-0.03,0.22
1705,2022-03-07,4.23,4.21,4.25,4.2,653334,295449168.0,1.18,-0.71,-0.03,0.31
1706,2022-03-08,4.21,4.15,4.21,4.15,834819,373753312.0,1.43,-1.43,-0.06,0.39
1707,2022-03-09,4.16,4.1,4.17,4.04,1063696,469026192.0,3.13,-1.2,-0.05,0.5
1708,2022-03-10,4.13,4.13,4.16,4.12,542326,240672130.0,0.98,0.73,0.03,0.26
1709,2022-03-11,4.12,4.17,4.18,4.08,694998,306946752.0,2.42,0.97,0.04,0.33
1710,2022-03-14,4.14,4.12,4.19,4.12,593137,264140060.0,1.68,-1.2,-0.05,0.28
1711,2022-03-15,4.12,4.0,4.13,3.98,1235701,537666144.0,3.64,-2.91,-0.12,0.58
1712,2022-03-16,4.03,4.07,4.09,3.96,928889,402126224.0,3.25,1.75,0.07,0.44
1713,2022-03-17,4.09,4.06,4.11,4.05,907679,397238640.0,1.47,-0.25,-0.01,0.43
1714,2022-03-18,4.06,4.12,4.13,4.05,824148,362052512.0,1.97,1.48,0.06,0.39
1715,2022-03-21,4.11,4.08,4.11,4.07,480123,210819955.0,0.97,-0.97,-0.04,0.23
1716,2022-03-22,4.08,4.13,4.14,4.07,648379,286290496.0,1.72,1.23,0.05,0.31
1717,2022-03-23,4.12,4.12,4.13,4.09,557298,245753956.0,0.97,-0.24,-0.01,0.26
1718,2022-03-24,4.1,4.11,4.13,4.1,349718,154458760.0,0.73,-0.24,-0.01,0.17
1719,2022-03-25,4.11,4.12,4.14,4.08,491958,217058973.0,1.46,0.24,0.01,0.23
1720,2022-03-28,4.11,4.15,4.16,4.08,604948,267778138.0,1.94,0.73,0.03,0.29
1721,2022-03-29,4.14,4.16,4.18,4.13,554292,247094300.0,1.2,0.24,0.01,0.26
1722,2022-03-30,4.16,4.21,4.21,4.15,627267,281366816.0,1.44,1.2,0.05,0.3
1723,2022-03-31,4.19,4.28,4.3,4.19,1141395,521390912.0,2.61,1.66,0.07,0.54
1724,2022-04-01,4.26,4.32,4.33,4.26,844380,388119520.0,1.64,0.93,0.04,0.4
1725,2022-04-06,4.31,4.44,4.47,4.3,2158967,1017367840.0,3.94,2.78,0.12,1.02
1726,2022-04-07,4.42,4.37,4.44,4.35,1139547,534704304.0,2.03,-1.58,-0.07,0.54
1727,2022-04-08,4.36,4.39,4.4,4.33,850318,396709120.0,1.6,0.46,0.02,0.4
1728,2022-04-11,4.38,4.33,4.38,4.31,927719,431384640.0,1.59,-1.37,-0.06,0.44
1729,2022-04-12,4.32,4.36,4.38,4.3,712856,330490976.0,1.85,0.69,0.03,0.34
1730,2022-04-13,4.35,4.34,4.39,4.34,554283,258346065.0,1.15,-0.46,-0.02,0.26
1731,2022-04-14,4.36,4.34,4.38,4.34,415733,193685479.0,0.92,0.0,0.0,0.2
1732,2022-04-15,4.34,4.35,4.37,4.33,471609,219373425.0,0.92,0.23,0.01,0.22
1733,2022-04-18,4.34,4.29,4.34,4.28,540305,248833396.0,1.38,-1.38,-0.06,0.26
1734,2022-04-19,4.28,4.34,4.34,4.27,504613,232523259.0,1.63,1.17,0.05,0.24
1735,2022-04-20,4.33,4.29,4.34,4.28,512856,236400582.0,1.38,-1.15,-0.05,0.24
1736,2022-04-21,4.29,4.27,4.32,4.24,569304,261086047.0,1.86,-0.47,-0.02,0.27
1737,2022-04-22,4.26,4.33,4.34,4.24,656082,302312336.0,2.34,1.41,0.06,0.31
1738,2022-04-25,4.29,4.2,4.31,4.2,922420,421283360.0,2.54,-3.0,-0.13,0.44
1739,2022-04-26,4.21,4.17,4.24,4.17,837598,377169792.0,1.67,-0.71,-0.03,0.4
1740,2022-04-27,4.16,4.19,4.2,4.14,693482,309838752.0,1.44,0.48,0.02,0.33
1741,2022-04-28,4.18,4.23,4.25,4.18,559211,252428304.0,1.67,0.95,0.04,0.26
1742,2022-04-29,4.22,4.27,4.29,4.19,707549,321425696.0,2.36,0.95,0.04,0.33
1743,2022-05-05,4.26,4.22,4.26,4.2,933178,422708544.0,1.41,-1.17,-0.05,0.44
1744,2022-05-06,4.19,4.16,4.2,4.15,537088,240271818.0,1.18,-1.42,-0.06,0.25
1745,2022-05-09,4.16,4.16,4.18,4.14,356472,158974766.0,0.96,0.0,0.0,0.17
1746,2022-05-10,4.14,4.16,4.17,4.11,696558,309222944.0,1.44,0.0,0.0,0.33
1747,2022-05-11,4.15,4.15,4.18,4.15,645575,288148768.0,0.72,-0.24,-0.01,0.31
1748,2022-05-12,4.13,4.14,4.16,4.13,404070,179433893.0,0.72,-0.24,-0.01,0.19
1749,2022-05-13,4.15,4.17,4.17,4.14,530453,236449427.0,0.72,0.72,0.03,0.25
1750,2022-05-16,4.17,4.15,4.18,4.14,431076,191939603.0,0.96,-0.48,-0.02,0.2
1751,2022-05-17,4.15,4.14,4.16,4.13,410015,182163859.0,0.72,-0.24,-0.01,0.19
1752,2022-05-18,4.15,4.13,4.15,4.13,409335,181521976.0,0.48,-0.24,-0.01,0.19
1753,2022-05-19,4.11,4.12,4.13,4.1,390459,172476240.0,0.73,-0.24,-0.01,0.18
1754,2022-05-20,4.12,4.14,4.16,4.12,484300,215055073.0,0.97,0.49,0.02,0.23
1755,2022-05-23,4.15,4.13,4.15,4.13,397252,176412323.0,0.48,-0.24,-0.01,0.19
1756,2022-05-24,4.14,4.11,4.15,4.1,422266,186876738.0,1.21,-0.48,-0.02,0.2
1757,2022-05-25,4.11,4.12,4.13,4.11,329772,145764250.0,0.49,0.24,0.01,0.16
1758,2022-05-26,4.13,4.14,4.15,4.12,398703,176747064.0,0.73,0.49,0.02,0.19
1759,2022-05-27,4.14,4.15,4.16,4.13,349203,155204416.0,0.72,0.24,0.01,0.17
1760,2022-05-30,4.15,4.12,4.16,4.12,453902,201267356.0,0.96,-0.72,-0.03,0.21
1761,2022-05-31,4.12,4.12,4.14,4.12,493218,218344143.0,0.49,0.0,0.0,0.23
1762,2022-06-01,4.12,4.13,4.14,4.12,451227,199871595.0,0.49,0.24,0.01,0.21
1763,2022-06-02,4.13,4.13,4.14,4.12,313864,139049467.0,0.48,0.0,0.0,0.15
1764,2022-06-06,4.13,4.13,4.14,4.11,551434,243818238.0,0.73,0.0,0.0,0.26
1765,2022-06-07,4.13,4.14,4.16,4.12,590269,262222033.0,0.97,0.24,0.01,0.28
1766,2022-06-08,4.15,4.15,4.16,4.13,550517,244740272.0,0.72,0.24,0.01,0.26
1767,2022-06-09,4.15,4.18,4.18,4.14,710284,317239552.0,0.96,0.72,0.03,0.34
1768,2022-06-10,4.17,4.2,4.2,4.15,757306,338780528.0,1.2,0.48,0.02,0.36
1769,2022-06-13,4.18,4.17,4.19,4.15,526459,235216821.0,0.95,-0.71,-0.03,0.25
1770,2022-06-14,4.15,4.2,4.21,4.14,636094,284267984.0,1.68,0.72,0.03,0.3
1771,2022-06-15,4.2,4.23,4.28,4.19,1326649,602617424.0,2.14,0.71,0.03,0.63
1772,2022-06-16,4.22,4.18,4.24,4.18,711313,320608128.0,1.42,-1.18,-0.05,0.34
1773,2022-06-17,4.18,4.2,4.21,4.17,604018,271126032.0,0.96,0.48,0.02,0.29
1774,2022-06-20,4.21,4.2,4.22,4.19,477405,215070574.0,0.71,0.0,0.0,0.23
1775,2022-06-21,4.21,4.23,4.24,4.2,519012,234802349.0,0.95,0.71,0.03,0.25
1776,2022-06-22,4.24,4.21,4.24,4.2,380125,171848035.0,0.95,-0.47,-0.02,0.18
1777,2022-06-23,4.21,4.24,4.24,4.2,411994,186335786.0,0.95,0.71,0.03,0.19
1778,2022-06-24,4.23,4.23,4.24,4.22,315569,142843075.0,0.47,-0.24,-0.01,0.15
1779,2022-06-27,4.23,4.23,4.24,4.22,313447,142020495.0,0.47,0.0,0.0,0.15
1780,2022-06-28,4.23,4.23,4.24,4.22,399073,180745955.0,0.47,0.0,0.0,0.19
1781,2022-06-29,4.24,4.24,4.26,4.23,542161,246585134.0,0.71,0.24,0.01,0.26
1782,2022-06-30,4.24,4.24,4.26,4.24,398787,181412985.0,0.47,0.0,0.0,0.19
1783,2022-07-01,4.24,4.24,4.25,4.22,335768,152230701.0,0.71,0.0,0.0,0.16
1784,2022-07-04,4.23,4.23,4.24,4.22,320638,145206313.0,0.47,-0.24,-0.01,0.15
1785,2022-07-05,4.23,4.23,4.24,4.22,361194,163595332.0,0.47,0.0,0.0,0.17
1786,2022-07-06,4.24,4.22,4.24,4.2,442708,199719361.0,0.95,-0.24,-0.01,0.21
1787,2022-07-07,4.22,4.21,4.22,4.2,298486,134673763.0,0.47,-0.24,-0.01,0.14
1788,2022-07-08,4.21,4.21,4.22,4.2,248380,112125132.0,0.48,0.0,0.0,0.12
1789,2022-07-11,4.22,4.24,4.25,4.21,578520,262292895.0,0.95,0.71,0.03,0.27
1790,2022-07-12,4.24,4.27,4.28,4.24,682607,311427910.0,0.94,0.71,0.03,0.32
1791,2022-07-13,4.27,4.22,4.27,4.21,777172,352375819.0,1.41,-1.17,-0.05,0.37
1792,2022-07-14,4.21,4.16,4.21,4.15,885938,395889257.0,1.42,-1.42,-0.06,0.42
1793,2022-07-15,4.17,4.14,4.21,4.12,1010752,421594437.0,2.16,-0.48,-0.02,0.48
1794,2022-07-18,4.15,4.18,4.2,4.14,493904,206604717.0,1.45,0.97,0.04,0.23
1795,2022-07-19,4.19,4.21,4.22,4.18,313014,131677387.0,0.96,0.72,0.03,0.15
1796,2022-07-20,4.22,4.23,4.23,4.21,208006,87849007.0,0.48,0.48,0.02,0.1
1797,2022-07-21,4.22,4.18,4.23,4.18,302526,126904654.0,1.18,-1.18,-0.05,0.14
1798,2022-07-22,4.19,4.19,4.21,4.18,235514,98771816.0,0.72,0.24,0.01,0.11
1799,2022-07-25,4.2,4.21,4.22,4.18,277763,116773588.0,0.95,0.48,0.02,0.13
1800,2022-07-26,4.21,4.22,4.24,4.2,376186,159013965.0,0.95,0.24,0.01,0.18
1801,2022-07-27,4.23,4.2,4.23,4.2,192796,81213523.0,0.71,-0.47,-0.02,0.09
1802,2022-07-28,4.21,4.19,4.22,4.19,223404,93876079.0,0.71,-0.24,-0.01,0.11
1803,2022-07-29,4.19,4.17,4.21,4.17,296084,123923125.0,0.95,-0.48,-0.02,0.14
1804,2022-08-01,4.16,4.16,4.18,4.15,252971,105362512.0,0.72,-0.24,-0.01,0.12
1805,2022-08-02,4.16,4.12,4.16,4.11,618675,255240982.0,1.2,-0.96,-0.04,0.29
1806,2022-08-03,4.13,4.1,4.14,4.1,303969,125333233.0,0.97,-0.49,-0.02,0.14
1807,2022-08-04,4.12,4.12,4.13,4.11,266970,109923487.0,0.49,0.49,0.02,0.13
1808,2022-08-05,4.12,4.13,4.15,4.11,317438,130953214.0,0.97,0.24,0.01,0.15
1809,2022-08-08,4.13,4.13,4.14,4.12,203777,84203374.0,0.48,0.0,0.0,0.1
1810,2022-08-09,4.13,4.13,4.14,4.12,158371,65424786.0,0.48,0.0,0.0,0.07
1811,2022-08-10,4.13,4.12,4.14,4.11,202701,83604305.0,0.73,-0.24,-0.01,0.1
1812,2022-08-11,4.13,4.16,4.16,4.12,335093,138857278.0,0.97,0.97,0.04,0.16
1813,2022-08-12,4.16,4.15,4.16,4.14,230971,95907301.0,0.48,-0.24,-0.01,0.11
1814,2022-08-15,4.15,4.12,4.15,4.11,444090,183347270.0,0.96,-0.72,-0.03,0.21
1815,2022-08-16,4.13,4.12,4.14,4.12,247138,102024370.0,0.49,0.0,0.0,0.12
1816,2022-08-17,4.13,4.14,4.15,4.11,292174,120699471.0,0.97,0.49,0.02,0.14
1817,2022-08-18,4.14,4.12,4.14,4.12,215039,88693866.0,0.48,-0.48,-0.02,0.1
1818,2022-08-19,4.12,4.12,4.14,4.12,217437,89799991.0,0.49,0.0,0.0,0.1
1819,2022-08-22,4.12,4.12,4.13,4.11,224290,92444136.0,0.49,0.0,0.0,0.11
1820,2022-08-23,4.12,4.11,4.13,4.11,288480,118646538.0,0.49,-0.24,-0.01,0.14
1821,2022-08-24,4.12,4.1,4.13,4.09,418561,171958469.0,0.97,-0.24,-0.01,0.2
1822,2022-08-25,4.1,4.11,4.12,4.09,294015,120616216.0,0.73,0.24,0.01,0.14
1823,2022-08-26,4.11,4.11,4.12,4.1,253696,104356810.0,0.49,0.0,0.0,0.12
1824,2022-08-29,4.1,4.1,4.12,4.09,439980,180549925.0,0.73,-0.24,-0.01,0.21
1825,2022-08-30,4.1,4.13,4.13,4.1,428476,176430375.0,0.73,0.73,0.03,0.2
1826,2022-08-31,4.11,4.13,4.15,4.11,643563,265779942.0,0.97,0.0,0.0,0.3
1827,2022-09-01,4.13,4.14,4.15,4.12,360930,149440481.0,0.73,0.24,0.01,0.17
1828,2022-09-02,4.15,4.14,4.16,4.13,401652,166589652.0,0.72,0.0,0.0,0.19
1829,2022-09-05,4.14,4.17,4.17,4.13,495042,205490356.0,0.97,0.72,0.03,0.23
1830,2022-09-06,4.17,4.17,4.2,4.16,408099,170643234.0,0.96,0.0,0.0,0.19
1831,2022-09-07,4.17,4.16,4.18,4.16,203480,84754156.0,0.48,-0.24,-0.01,0.1
1832,2022-09-08,4.16,4.17,4.18,4.15,278735,116240302.0,0.72,0.24,0.01,0.13
1833,2022-09-09,4.18,4.19,4.2,4.17,355353,148958165.0,0.72,0.48,0.02,0.17
1834,2022-09-13,4.19,4.2,4.22,4.18,404668,170004829.0,0.95,0.24,0.01,0.19
1835,2022-09-14,4.18,4.18,4.2,4.17,311767,130528362.0,0.71,-0.48,-0.02,0.15
1836,2022-09-15,4.19,4.18,4.22,4.17,635852,266846761.0,1.2,0.0,0.0,0.3
1837,2022-09-16,4.19,4.14,4.2,4.14,553499,230303375.0,1.44,-0.96,-0.04,0.26
1838,2022-09-19,4.14,4.14,4.16,4.13,338796,140267066.0,0.72,0.0,0.0,0.16
1839,2022-09-20,4.14,4.13,4.16,4.13,213492,88443185.0,0.72,-0.24,-0.01,0.1
1840,2022-09-21,4.13,4.15,4.16,4.11,302068,124986409.0,1.21,0.48,0.02,0.14
1841,2022-09-22,4.14,4.15,4.15,4.13,191864,79421530.0,0.48,0.0,0.0,0.09
1842,2022-09-23,4.14,4.17,4.17,4.14,322759,134349414.0,0.72,0.48,0.02,0.15
1843,2022-09-26,4.16,4.13,4.18,4.13,467033,194037152.0,1.2,-0.96,-0.04,0.22
1844,2022-09-27,4.13,4.13,4.14,4.11,308934,127410476.0,0.73,0.0,0.0,0.15
1845,2022-09-28,4.13,4.13,4.16,4.11,471896,195250777.0,1.21,0.0,0.0,0.22
1846,2022-09-29,4.14,4.1,4.15,4.09,558052,229452178.0,1.45,-0.73,-0.03,0.26
1847,2022-09-30,4.11,4.11,4.12,4.1,280112,115188542.0,0.49,0.24,0.01,0.13
1848,2022-10-10,4.11,4.12,4.14,4.1,435998,179814581.0,0.97,0.24,0.01,0.21
1849,2022-10-11,4.13,4.12,4.13,4.11,261143,107620751.0,0.49,0.0,0.0,0.12
1850,2022-10-12,4.12,4.14,4.14,4.11,335710,138590468.0,0.73,0.49,0.02,0.16
1851,2022-10-13,4.14,4.12,4.15,4.12,308813,127449120.0,0.72,-0.48,-0.02,0.15
1852,2022-10-14,4.13,4.13,4.15,4.13,387646,160439269.0,0.49,0.24,0.01,0.18
1853,2022-10-17,4.13,4.12,4.14,4.11,283035,116674725.0,0.73,-0.24,-0.01,0.13
1854,2022-10-18,4.13,4.11,4.14,4.11,306054,126099074.0,0.73,-0.24,-0.01,0.14
1855,2022-10-19,4.11,4.1,4.12,4.1,290150,119239285.0,0.49,-0.24,-0.01,0.14
1856,2022-10-20,4.11,4.1,4.11,4.09,361791,148412836.0,0.49,0.0,0.0,0.17
1857,2022-10-21,4.1,4.1,4.12,4.1,310361,127460605.0,0.49,0.0,0.0,0.15
1858,2022-10-24,4.11,4.06,4.11,4.05,643946,262884906.0,1.46,-0.98,-0.04,0.3
1859,2022-10-25,4.06,4.06,4.07,4.04,447281,181306004.0,0.74,0.0,0.0,0.21
1860,2022-10-26,4.06,4.05,4.08,4.05,309670,125752697.0,0.74,-0.25,-0.01,0.15
1861,2022-10-27,4.05,4.06,4.07,4.05,237219,96256024.0,0.49,0.25,0.01,0.11
1862,2022-10-28,4.06,4.04,4.06,4.04,315810,127905428.0,0.49,-0.49,-0.02,0.15
1863,2022-10-31,4.05,4.04,4.06,4.03,491581,198730461.0,0.74,0.0,0.0,0.23
1864,2022-11-01,4.04,4.06,4.06,4.03,519682,210559932.0,0.74,0.5,0.02,0.25
1865,2022-11-02,4.06,4.06,4.07,4.04,279538,113428601.0,0.74,0.0,0.0,0.13
1866,2022-11-03,4.05,4.05,4.06,4.04,219766,88990585.0,0.49,-0.25,-0.01,0.1
1867,2022-11-04,4.05,4.08,4.09,4.04,427938,174291542.0,1.23,0.74,0.03,0.2
1868,2022-11-07,4.08,4.08,4.09,4.06,317032,129300012.0,0.74,0.0,0.0,0.15
1869,2022-11-08,4.08,4.09,4.09,4.07,255934,104385529.0,0.49,0.25,0.01,0.12
1870,2022-11-09,4.08,4.07,4.1,4.07,232866,95152806.0,0.73,-0.49,-0.02,0.11
1871,2022-11-10,4.07,4.08,4.09,4.06,265535,108162933.0,0.74,0.25,0.01,0.13
1872,2022-11-11,4.1,4.12,4.15,4.09,712683,293565614.0,1.47,0.98,0.04,0.34
1873,2022-11-14,4.14,4.17,4.19,4.13,825281,343835361.0,1.46,1.21,0.05,0.39
1874,2022-11-15,4.16,4.18,4.19,4.15,502216,209646798.0,0.96,0.24,0.01,0.24
1875,2022-11-16,4.18,4.16,4.18,4.15,350771,146160259.0,0.72,-0.48,-0.02,0.17
1876,2022-11-17,4.15,4.18,4.18,4.15,319599,133182936.0,0.72,0.48,0.02,0.15
1877,2022-11-18,4.18,4.16,4.19,4.16,371367,154962213.0,0.72,-0.48,-0.02,0.18
1878,2022-11-21,4.16,4.15,4.17,4.14,252610,104748926.0,0.72,-0.24,-0.01,0.12
1879,2022-11-22,4.15,4.18,4.2,4.14,507102,212003844.0,1.45,0.72,0.03,0.24
1880,2022-11-23,4.19,4.22,4.24,4.18,639367,269519667.0,1.44,0.96,0.04,0.3
1881,2022-11-24,4.22,4.2,4.23,4.19,361389,152053525.0,0.95,-0.47,-0.02,0.17
1882,2022-11-25,4.2,4.27,4.28,4.2,891379,379168910.0,1.9,1.67,0.07,0.42
1883,2022-11-28,4.25,4.24,4.26,4.21,535899,226518430.0,1.17,-0.7,-0.03,0.25
1884,2022-11-29,4.24,4.31,4.33,4.23,939031,403225824.0,2.36,1.65,0.07,0.44
1885,2022-11-30,4.31,4.29,4.33,4.29,621762,267534964.0,0.93,-0.46,-0.02,0.29
1886,2022-12-01,4.32,4.29,4.33,4.28,515010,221614280.0,1.17,0.0,0.0,0.24
1887,2022-12-02,4.28,4.29,4.3,4.25,453028,193784143.0,1.17,0.0,0.0,0.21
1888,2022-12-05,4.29,4.34,4.34,4.29,656798,284120941.0,1.17,1.17,0.05,0.31
1889,2022-12-06,4.33,4.36,4.37,4.32,552131,240244573.0,1.15,0.46,0.02,0.26
1890,2022-12-07,4.36,4.34,4.38,4.33,589751,256859819.0,1.15,-0.46,-0.02,0.28
1891,2022-12-08,4.35,4.39,4.39,4.34,564704,247105868.0,1.15,1.15,0.05,0.27
1892,2022-12-09,4.39,4.37,4.4,4.36,651128,284808572.0,0.91,-0.46,-0.02,0.31
1893,2022-12-12,4.36,4.33,4.37,4.33,523832,227437212.0,0.92,-0.92,-0.04,0.25
1894,2022-12-13,4.32,4.37,4.37,4.32,414038,180458009.0,1.15,0.92,0.04,0.2
1895,2022-12-14,4.37,4.36,4.37,4.34,322460,140337204.0,0.69,-0.23,-0.01,0.15
1896,2022-12-15,4.35,4.33,4.36,4.32,355212,153879913.0,0.92,-0.69,-0.03,0.17
1897,2022-12-16,4.31,4.38,4.38,4.31,494819,215614546.0,1.62,1.15,0.05,0.23
1898,2022-12-19,4.36,4.3,4.38,4.28,420359,181931520.0,2.28,-1.83,-0.08,0.2
1899,2022-12-20,4.3,4.27,4.33,4.26,356509,153066751.0,1.63,-0.7,-0.03,0.17
1900,2022-12-21,4.27,4.28,4.31,4.26,247447,105947698.0,1.17,0.23,0.01,0.12
1901,2022-12-22,4.29,4.28,4.31,4.26,270867,116095061.0,1.17,0.0,0.0,0.13
1902,2022-12-23,4.27,4.25,4.3,4.25,219520,93723965.0,1.17,-0.7,-0.03,0.1
1903,2022-12-26,4.26,4.24,4.27,4.24,202144,85956874.0,0.71,-0.24,-0.01,0.1
1904,2022-12-27,4.25,4.29,4.3,4.24,247922,106157275.0,1.42,1.18,0.05,0.12
1905,2022-12-28,4.29,4.29,4.32,4.27,426827,183299806.0,1.17,0.0,0.0,0.2
1906,2022-12-29,4.29,4.29,4.29,4.23,374183,159478072.0,1.4,0.0,0.0,0.18
1907,2022-12-30,4.29,4.31,4.33,4.28,372030,160437463.0,1.17,0.47,0.02,0.18
