,日期,开盘,收盘,最高,最低,成交量,成交额,振幅,涨跌幅,涨跌额,换手率
0,2015-01-05,30.86,30.45,32.35,29.66,1709168,5896111360.0,8.82,-0.2,-0.06,0.82
1,2015-01-06,29.36,28.76,29.8,27.38,1527684,4951711488.0,7.95,-5.55,-1.69,0.73
2,2015-01-07,28.41,29.42,30.58,28.39,1036832,3433854496.0,7.61,2.29,0.66,0.5
3,2015-01-08,29.71,28.34,30.33,27.93,859238,2782686672.0,8.16,-3.67,-1.08,0.41
4,2015-01-09,28.26,30.24,31.54,27.91,2156521,7339543552.0,12.81,6.7,1.9,1.04
5,2015-01-12,29.66,31.18,31.29,28.85,1883715,6344482560.0,8.07,3.11,0.94,0.9
6,2015-01-13,30.86,30.45,31.31,29.83,994538,3402139680.0,4.75,-2.34,-0.73,0.48
7,2015-01-14,30.52,29.29,30.61,28.46,971963,3221527680.0,7.06,-3.81,-1.16,0.47
8,2015-01-15,29.66,32.55,32.58,29.16,2000400,6988865536.0,11.68,11.13,3.26,0.96
9,2015-01-16,32.55,33.16,34.88,31.87,2069092,7682669312.0,9.25,1.87,0.61,0.99
10,2015-01-19,29.48,29.48,30.91,29.48,1538250,5187471616.0,4.31,-11.1,-3.68,0.74
11,2015-01-20,29.66,30.76,30.86,28.68,1936291,6484152064.0,7.39,4.34,1.28,0.93
12,2015-01-21,31.16,34.2,34.2,31.06,1856995,6783552768.0,10.21,11.18,3.44,0.89
13,2015-01-22,35.66,35.59,36.53,34.59,2053020,8035353600.0,5.67,4.06,1.39,0.99
14,2015-01-23,36.16,36.6,38.59,34.76,2373655,9503758336.0,10.76,2.84,1.01,1.14
15,2015-01-26,35.94,35.97,36.66,35.06,1155902,4558080000.0,4.37,-1.72,-0.63,0.56
16,2015-01-27,36.46,36.99,37.69,34.15,1691319,6743042048.0,9.84,2.84,1.02,0.81
17,2015-01-28,35.92,35.26,36.36,35.09,1050987,4125616160.0,3.43,-4.68,-1.73,0.5
18,2015-01-29,34.36,34.36,34.71,33.41,1099843,4152197424.0,3.69,-2.55,-0.9,0.53
19,2015-01-30,34.07,32.44,34.86,32.41,1028448,3795842880.0,7.13,-5.59,-1.92,0.49
20,2015-02-02,30.16,30.04,31.37,29.66,1174456,4000872672.0,5.27,-7.4,-2.4,0.56
21,2015-02-03,30.71,33.08,33.41,30.03,1731659,6108410624.0,11.25,10.12,3.04,0.83
22,2015-02-04,32.96,32.45,34.24,32.06,1498439,5501702912.0,6.59,-1.9,-0.63,0.72
23,2015-02-05,34.25,31.6,34.26,31.54,1624540,5992826368.0,8.38,-2.62,-0.85,0.78
24,2015-02-06,31.07,31.18,31.86,30.08,1007259,3495490096.0,5.63,-1.33,-0.42,0.48
25,2015-02-09,30.68,33.24,33.86,30.68,1468391,5340883200.0,10.2,6.61,2.06,0.71
26,2015-02-10,33.18,33.66,33.84,32.74,1191647,4412464384.0,3.31,1.26,0.42,0.57
27,2015-02-11,33.86,34.7,35.06,33.02,1205076,4545128704.0,6.06,3.09,1.04,0.58
28,2015-02-12,34.36,35.12,35.69,33.77,1049733,4033025504.0,5.53,1.21,0.42,0.5
29,2015-02-13,35.36,34.49,35.79,34.22,1191748,4611751680.0,4.47,-1.79,-0.63,0.57
30,2015-02-16,34.61,34.3,34.96,33.65,947487,3590120160.0,3.8,-0.55,-0.19,0.46
31,2015-02-17,34.36,34.72,35.43,34.24,1006033,3876550336.0,3.47,1.22,0.42,0.48
32,2015-02-25,34.06,33.01,34.14,32.86,866077,3199449408.0,3.69,-4.93,-1.71,0.42
33,2015-02-26,32.86,34.24,34.7,31.66,1102810,4080401520.0,9.21,3.73,1.23,0.53
34,2015-02-27,34.08,33.82,34.6,33.63,715131,2697024576.0,2.83,-1.23,-0.42,0.34
35,2015-03-02,34.35,33.6,34.5,32.86,983158,3666371584.0,4.85,-0.65,-0.22,0.47
36,2015-03-03,33.13,31.97,33.16,31.77,1011650,3649935392.0,4.14,-4.85,-1.63,0.49
37,2015-03-04,32.06,32.01,32.47,31.51,710739,2534276592.0,3.0,0.13,0.04,0.34
38,2015-03-05,31.56,31.47,32.21,31.06,740502,2601737312.0,3.59,-1.69,-0.54,0.36
39,2015-03-06,31.46,31.28,32.11,31.16,485448,1709203296.0,3.02,-0.6,-0.19,0.23
40,2015-03-09,30.66,32.31,32.58,30.03,1005286,3518945728.0,8.15,3.29,1.03,0.48
41,2015-03-10,31.76,31.5,32.15,31.27,575258,2027232272.0,2.72,-2.51,-0.81,0.28
42,2015-03-11,31.66,31.9,32.96,31.62,956388,3436679136.0,4.25,1.27,0.4,0.46
43,2015-03-12,32.36,33.48,33.86,32.06,1472412,5413219328.0,5.64,4.95,1.58,0.71
44,2015-03-13,33.56,33.03,34.36,32.74,1058772,3928302144.0,4.84,-1.34,-0.45,0.51
45,2015-03-16,33.27,34.13,34.36,32.76,1232435,4596850432.0,4.84,3.33,1.1,0.59
46,2015-03-17,34.13,33.87,34.22,33.46,1022860,3832420016.0,2.23,-0.76,-0.26,0.49
47,2015-03-18,33.88,34.35,34.46,33.7,1099454,4141392208.0,2.24,1.42,0.48,0.53
48,2015-03-19,34.15,33.29,34.15,33.16,947862,3521228656.0,2.88,-3.09,-1.06,0.46
49,2015-03-20,33.66,34.09,35.38,32.88,1595921,6033631488.0,7.51,2.4,0.8,0.77
50,2015-03-23,33.96,34.81,35.24,33.66,1435613,5478076672.0,4.63,2.11,0.72,0.69
51,2015-03-24,34.81,33.84,34.84,33.32,1146273,4319224064.0,4.37,-2.79,-0.97,0.55
52,2015-03-25,33.82,32.62,33.82,32.37,997235,3647398464.0,4.28,-3.61,-1.22,0.48
53,2015-03-26,32.19,32.81,33.8,31.81,1018292,3725398560.0,6.1,0.58,0.19,0.49
54,2015-03-27,32.55,32.63,33.26,32.16,564934,2047842496.0,3.35,-0.55,-0.18,0.27
55,2015-03-30,32.86,33.61,33.74,32.32,1207961,4459405056.0,4.35,3.0,0.98,0.58
56,2015-03-31,34.16,33.41,35.12,33.26,1402456,5310380032.0,5.53,-0.6,-0.2,0.67
57,2015-04-01,33.94,34.16,34.76,33.86,1038377,3928357808.0,2.69,2.24,0.75,0.5
58,2015-04-02,34.43,33.92,34.63,33.36,870368,3270392000.0,3.72,-0.7,-0.24,0.42
59,2015-04-03,33.46,33.97,34.35,33.44,828633,3112972400.0,2.68,0.15,0.05,0.4
60,2015-04-07,34.34,35.44,35.51,33.81,1549546,5899681792.0,5.0,4.33,1.47,0.74
61,2015-04-08,35.51,37.12,38.36,34.87,2415882,9719812608.0,9.85,4.74,1.68,1.16
62,2015-04-09,37.27,36.21,38.86,36.06,1848001,7571080960.0,7.54,-2.45,-0.91,0.89
63,2015-04-10,36.16,37.55,37.98,35.91,1302701,5312656384.0,5.72,3.7,1.34,0.63
64,2015-04-13,37.86,37.28,38.25,36.44,1163823,4750353152.0,4.82,-0.72,-0.27,0.56
65,2015-04-14,37.12,35.88,37.12,35.25,1250090,4945592832.0,5.02,-3.76,-1.4,0.6
66,2015-04-15,35.56,34.9,36.58,34.86,979529,3837346624.0,4.79,-2.73,-0.98,0.47
67,2015-04-16,34.59,36.08,36.15,34.16,977705,3827651872.0,5.7,3.38,1.18,0.47
68,2015-04-17,36.71,35.81,37.13,35.31,1225802,4865960960.0,5.04,-0.75,-0.27,0.59
69,2015-04-20,35.66,33.84,35.66,33.66,1296401,4979092736.0,5.59,-5.5,-1.97,0.62
70,2015-04-21,33.87,34.98,35.01,33.38,895539,3406064080.0,4.82,3.37,1.14,0.43
71,2015-04-22,34.98,36.36,36.52,34.81,1366573,5364068352.0,4.89,3.95,1.38,0.66
72,2015-04-23,36.47,35.42,36.48,35.01,1096189,4313894912.0,4.04,-2.59,-0.94,0.53
73,2015-04-24,34.61,34.15,34.91,33.37,1171347,4426077440.0,4.35,-3.59,-1.27,0.56
74,2015-04-27,34.26,34.76,34.85,34.01,1015364,3866137280.0,2.46,1.79,0.61,0.49
75,2015-04-28,34.85,35.95,36.33,33.78,1890629,7361367040.0,7.34,3.42,1.19,0.91
76,2015-04-29,35.68,35.01,35.85,34.37,1081388,4181570608.0,4.12,-2.61,-0.94,0.52
77,2015-04-30,35.21,34.42,35.63,34.36,940307,3627505696.0,3.63,-1.69,-0.59,0.45
78,2015-05-04,34.36,35.98,36.15,33.76,1307197,5055996160.0,6.94,4.53,1.56,0.63
79,2015-05-05,36.07,34.99,36.46,34.86,1371853,5384449280.0,4.45,-2.75,-0.99,0.66
80,2015-05-06,35.53,37.32,38.85,35.08,3450724,14197294592.0,10.77,6.66,2.33,1.66
81,2015-05-07,35.36,34.86,36.81,34.73,1760793,6885735424.0,5.57,-6.59,-2.46,0.85
82,2015-05-08,35.26,34.7,35.56,34.03,1084205,4131112768.0,4.39,-0.46,-0.16,0.52
83,2015-05-11,34.72,35.65,36.46,34.11,1543787,6011453696.0,6.77,2.74,0.95,0.74
84,2015-05-12,35.36,35.49,36.26,34.81,1150878,4498165248.0,4.07,-0.45,-0.16,0.55
85,2015-05-13,35.49,34.78,35.91,34.71,853471,3308342368.0,3.38,-2.0,-0.71,0.41
86,2015-05-14,34.68,34.75,35.56,34.42,787768,3038411760.0,3.28,-0.09,-0.03,0.38
87,2015-05-15,34.41,33.29,34.66,33.16,1056226,3965020400.0,4.32,-4.2,-1.46,0.51
88,2015-05-18,32.76,31.96,32.76,31.86,844357,3041208864.0,2.7,-4.0,-1.33,0.41
89,2015-05-19,31.76,33.25,33.86,31.64,926842,3403188576.0,6.95,4.04,1.29,0.45
90,2015-05-20,33.36,32.95,33.56,32.52,816935,2996241808.0,3.13,-0.9,-0.3,0.39
91,2015-05-21,32.96,33.03,33.46,32.64,537057,1969905200.0,2.49,0.24,0.08,0.26
92,2015-05-22,33.31,34.0,34.13,33.18,918084,3434645264.0,2.88,2.94,0.97,0.44
93,2015-05-25,34.0,35.15,35.21,34.0,1108051,4257845264.0,3.56,3.38,1.15,0.53
94,2015-05-26,35.38,35.09,35.75,34.31,1027327,3961941200.0,4.1,-0.17,-0.06,0.49
95,2015-05-27,35.16,34.62,35.35,34.51,848474,3261653520.0,2.39,-1.34,-0.47,0.41
96,2015-05-28,34.46,32.09,34.75,31.86,1063664,3957271600.0,8.35,-7.31,-2.53,0.51
97,2015-05-29,32.26,31.62,32.48,31.24,807435,2864112832.0,3.86,-1.46,-0.47,0.39
98,2015-06-01,31.63,32.8,33.22,31.38,750146,2697444096.0,5.82,3.73,1.18,0.36
99,2015-06-02,32.56,32.47,32.76,32.04,699364,2517034976.0,2.2,-1.01,-0.33,0.34
100,2015-06-03,32.51,32.67,33.14,32.21,663268,2403588608.0,2.86,0.62,0.2,0.32
101,2015-06-04,32.56,33.3,34.02,31.66,1100448,4032231968.0,7.22,1.93,0.63,0.53
102,2015-06-05,33.81,32.96,33.96,32.42,825739,3033579584.0,4.62,-1.02,-0.34,0.4
103,2015-06-08,32.98,34.84,35.23,32.68,1764372,6673865728.0,7.74,5.7,1.88,0.85
104,2015-06-09,35.06,34.17,35.09,33.77,1012715,3846854320.0,3.79,-1.92,-0.67,0.49
105,2015-06-10,33.96,33.91,34.38,33.74,677465,2554992256.0,1.87,-0.76,-0.26,0.33
106,2015-06-11,33.99,34.1,34.62,33.16,810298,3053886848.0,4.31,0.56,0.19,0.39
107,2015-06-12,34.36,33.62,34.42,33.46,586521,2170895248.0,2.82,-1.41,-0.48,0.28
108,2015-06-15,33.75,32.38,34.06,32.26,650010,2348566288.0,5.35,-3.69,-1.24,0.31
109,2015-06-16,32.16,31.66,32.76,31.27,644224,2270760768.0,4.6,-2.22,-0.72,0.31
110,2015-06-17,31.69,31.83,32.06,31.2,471861,1645389248.0,2.72,0.54,0.17,0.23
111,2015-06-18,31.32,30.19,31.61,29.66,594228,2022021872.0,6.13,-5.15,-1.64,0.29
112,2015-06-19,29.69,27.78,30.24,27.46,641955,2081266256.0,9.21,-7.98,-2.41,0.31
113,2015-06-23,27.82,29.26,29.32,27.46,687234,2168311168.0,6.7,5.33,1.48,0.33
114,2015-06-24,28.86,29.29,29.45,28.49,556219,1796921632.0,3.28,0.1,0.03,0.27
115,2015-06-25,29.4,27.78,29.45,27.64,546326,1742257824.0,6.18,-5.16,-1.51,0.26
116,2015-06-26,27.26,25.52,28.18,24.68,836990,2477778848.0,12.6,-8.14,-2.26,0.4
117,2015-06-29,26.06,25.72,26.82,22.74,1146591,3286490064.0,15.99,0.78,0.2,0.55
118,2015-06-30,26.36,28.08,28.56,25.56,1240805,3766276816.0,11.66,9.18,2.36,0.6
119,2015-07-01,27.56,26.43,27.94,26.05,806556,2455482288.0,6.73,-5.88,-1.65,0.39
120,2015-07-02,27.02,24.96,27.05,23.7,862350,2492607296.0,12.67,-5.56,-1.47,0.41
121,2015-07-03,25.68,24.67,26.55,22.88,1041251,2946214256.0,14.7,-1.16,-0.29,0.5
122,2015-07-06,27.41,27.46,27.46,25.9,2533760,7634534656.0,6.32,11.31,2.79,1.22
123,2015-07-07,27.46,30.53,30.53,26.56,1970005,6335789312.0,14.46,11.18,3.07,0.95
124,2015-07-08,27.56,31.06,31.79,27.25,3125285,10200483072.0,14.87,1.74,0.53,1.5
125,2015-07-09,31.06,32.36,33.66,29.06,1614932,5603708160.0,14.81,4.19,1.3,0.78
126,2015-07-10,31.26,32.84,34.88,30.54,1899428,6974069248.0,13.41,1.48,0.48,0.91
127,2015-07-13,31.64,30.85,32.85,30.76,1222581,4235960912.0,6.36,-6.06,-1.99,0.59
128,2015-07-14,29.76,29.96,30.74,28.96,928063,3066419664.0,5.77,-2.88,-0.89,0.45
129,2015-07-15,29.56,30.49,30.75,29.27,847203,2830903920.0,4.94,1.77,0.53,0.41
130,2015-07-16,30.49,29.54,30.66,29.09,657889,2179778240.0,5.15,-3.12,-0.95,0.32
131,2015-07-17,29.54,29.74,30.21,28.92,578157,1895470464.0,4.37,0.68,0.2,0.28
132,2015-07-20,29.45,29.78,30.5,29.1,609613,2010727808.0,4.71,0.13,0.04,0.29
133,2015-07-21,29.46,29.14,29.73,28.97,479828,1559482240.0,2.55,-2.15,-0.64,0.23
134,2015-07-22,28.86,28.2,29.09,28.18,484205,1541104448.0,3.12,-3.23,-0.94,0.23
135,2015-07-23,28.26,28.84,29.36,28.25,458967,1476061824.0,3.94,2.27,0.64,0.22
136,2015-07-24,28.71,27.81,28.76,27.77,380785,1203332144.0,3.43,-3.57,-1.03,0.18
137,2015-07-27,27.35,24.71,27.56,24.71,468232,1379125056.0,10.25,-11.15,-3.1,0.22
138,2015-07-28,24.15,24.59,26.05,23.93,609945,1724445488.0,8.58,-0.49,-0.12,0.29
139,2015-07-29,24.69,25.14,25.35,24.3,401952,1131334176.0,4.27,2.24,0.55,0.19
140,2015-07-30,25.18,24.75,26.1,24.67,388211,1116052256.0,5.69,-1.55,-0.39,0.19
141,2015-07-31,24.46,25.0,25.21,24.19,368578,1034073968.0,4.12,1.01,0.25,0.18
142,2015-08-03,24.77,25.74,25.82,24.46,437379,1248425104.0,5.44,2.96,0.74,0.21
143,2015-08-04,25.56,25.97,26.19,25.26,264704,765502304.0,3.61,0.89,0.23,0.13
144,2015-08-05,25.77,24.95,25.82,24.92,202402,579455760.0,3.47,-3.93,-1.02,0.1
145,2015-08-06,24.76,24.64,25.26,24.51,144986,406956096.0,3.01,-1.24,-0.31,0.07
146,2015-08-07,25.23,24.95,25.36,24.81,190073,538361152.0,2.23,1.26,0.31,0.09
147,2015-08-10,24.86,26.04,26.26,24.67,386050,1114432816.0,6.37,4.37,1.09,0.19
148,2015-08-11,25.86,25.55,26.07,25.47,284607,824233200.0,2.3,-1.88,-0.49,0.14
149,2015-08-12,25.21,24.84,25.42,24.81,235149,666095680.0,2.39,-2.78,-0.71,0.11
150,2015-08-13,24.78,25.08,25.35,24.68,178561,504255808.0,2.7,0.97,0.24,0.09
151,2015-08-14,25.15,24.85,25.15,24.66,224031,629952448.0,1.95,-0.92,-0.23,0.11
152,2015-08-17,24.57,23.9,24.65,23.57,341380,929494416.0,4.35,-3.82,-0.95,0.16
153,2015-08-18,24.26,22.82,24.59,22.72,351451,951610368.0,7.82,-4.52,-1.08,0.17
154,2015-08-19,22.81,22.84,23.25,21.44,355381,913845600.0,7.93,0.09,0.02,0.17
155,2015-08-20,22.32,21.84,22.76,21.77,190112,485737536.0,4.33,-4.38,-1.0,0.09
156,2015-08-21,21.72,20.27,22.05,20.22,271856,659908768.0,8.38,-7.19,-1.57,0.13
157,2015-08-24,19.38,18.79,21.15,17.92,875550,1964204032.0,15.93,-7.3,-1.48,0.42
158,2015-08-25,18.04,18.11,20.44,17.27,725535,1617305328.0,16.87,-3.62,-0.68,0.35
159,2015-08-26,18.46,18.71,19.63,17.76,812535,1782074256.0,10.33,3.31,0.6,0.39
160,2015-08-27,19.36,20.91,20.91,18.51,942346,2161452848.0,12.83,11.76,2.2,0.45
161,2015-08-28,21.06,21.54,21.81,20.73,927756,2278610000.0,5.16,3.01,0.63,0.45
162,2015-08-31,21.06,22.2,22.26,20.16,635005,1554074176.0,9.75,3.06,0.66,0.3
163,2015-09-01,21.36,22.81,22.82,20.76,838366,2133001888.0,9.28,2.75,0.61,0.4
164,2015-09-02,21.36,23.19,23.2,21.26,1022310,2650393776.0,8.51,1.67,0.38,0.49
165,2015-09-07,22.66,21.29,23.04,21.27,317447,809301712.0,7.63,-8.19,-1.9,0.15
166,2015-09-08,21.06,22.22,22.34,20.86,257888,649907792.0,6.95,4.37,0.93,0.12
167,2015-09-09,22.24,22.34,22.62,21.74,293223,744777520.0,3.96,0.54,0.12,0.14
168,2015-09-10,22.05,22.16,22.24,21.8,162885,412032784.0,1.97,-0.81,-0.18,0.08
169,2015-09-11,21.91,21.8,22.25,21.61,93997,236416162.0,2.89,-1.62,-0.36,0.05
170,2015-09-14,21.82,23.02,23.06,20.76,663769,1705417664.0,10.55,5.6,1.22,0.32
171,2015-09-15,22.36,23.68,23.72,22.29,472768,1252018512.0,6.21,2.87,0.66,0.23
172,2015-09-16,23.16,24.19,25.16,22.91,264997,714082592.0,9.5,2.15,0.51,0.13
173,2015-09-17,23.76,23.21,24.81,23.12,197041,533622704.0,6.99,-4.05,-0.98,0.09
174,2015-09-18,23.22,23.05,23.71,23.02,108567,288955744.0,2.97,-0.69,-0.16,0.05
175,2015-09-21,22.76,23.02,23.22,22.62,104046,271947296.0,2.6,-0.13,-0.03,0.05
176,2015-09-22,23.02,23.78,24.11,22.88,159822,431926336.0,5.34,3.3,0.76,0.08
177,2015-09-23,23.56,23.23,24.25,23.11,113914,306324176.0,4.79,-2.31,-0.55,0.05
178,2015-09-24,23.22,23.19,23.7,22.87,88410,233203278.0,3.57,-0.17,-0.04,0.04
179,2015-09-25,23.16,23.15,23.21,22.56,70944,185847251.0,2.8,-0.17,-0.04,0.03
180,2015-09-28,22.96,22.9,23.44,22.46,67104,176310630.0,4.23,-1.08,-0.25,0.03
181,2015-09-29,22.57,22.48,22.85,22.21,68973,177156659.0,2.79,-1.83,-0.42,0.03
182,2015-09-30,22.76,22.29,22.76,22.27,75181,192922332.0,2.18,-0.85,-0.19,0.04
183,2015-10-08,23.44,22.66,23.81,22.27,250116,658696912.0,6.91,1.66,0.37,0.12
184,2015-10-09,22.66,23.17,23.29,22.66,129372,340709072.0,2.78,2.25,0.51,0.06
185,2015-10-12,23.17,23.66,24.3,22.97,263689,711304992.0,5.74,2.11,0.49,0.13
186,2015-10-13,23.66,23.57,23.83,23.44,89847,241248815.0,1.65,-0.38,-0.09,0.04
187,2015-10-14,23.37,23.24,23.45,23.13,103121,273495760.0,1.36,-1.4,-0.33,0.05
188,2015-10-15,23.4,23.56,23.62,23.13,133336,355361408.0,2.11,1.38,0.32,0.06
189,2015-10-16,23.63,23.91,24.26,23.57,222663,603652720.0,2.93,1.49,0.35,0.11
190,2015-10-19,23.86,24.15,24.64,23.63,260476,715770352.0,4.22,1.0,0.24,0.13
191,2015-10-20,23.96,24.04,24.22,23.65,138631,375200064.0,2.36,-0.46,-0.11,0.07
192,2015-10-21,24.07,23.94,25.06,23.56,322104,886162720.0,6.24,-0.42,-0.1,0.15
193,2015-10-22,23.45,23.85,24.19,23.36,176387,475177392.0,3.47,-0.38,-0.09,0.08
194,2015-10-23,23.9,24.18,24.33,23.61,192300,523564112.0,3.02,1.38,0.33,0.09
195,2015-10-26,24.53,24.3,25.02,24.14,248777,692977536.0,3.64,0.5,0.12,0.12
196,2015-10-27,24.16,24.37,24.5,23.71,131108,357683808.0,3.25,0.29,0.07,0.06
197,2015-10-28,24.37,23.65,24.49,23.55,127847,347624896.0,3.86,-2.95,-0.72,0.06
198,2015-10-29,23.65,23.33,23.7,23.17,219524,583800256.0,2.24,-1.35,-0.32,0.11
199,2015-10-30,23.21,23.25,23.69,22.66,172399,454543520.0,4.41,-0.34,-0.08,0.08
200,2015-11-02,22.77,22.39,23.05,22.35,123584,321528848.0,3.01,-3.7,-0.86,0.06
201,2015-11-03,22.53,22.49,22.86,22.38,73343,189736710.0,2.14,0.45,0.1,0.04
202,2015-11-04,22.48,25.06,25.06,22.46,624377,1723481984.0,11.56,11.43,2.57,0.3
203,2015-11-05,24.64,25.59,27.89,24.53,1037135,3052749472.0,13.41,2.11,0.53,0.5
204,2015-11-06,25.27,26.71,27.31,25.05,612764,1806406208.0,8.83,4.38,1.12,0.29
205,2015-11-09,26.27,26.61,28.26,26.11,640109,1946544192.0,8.05,-0.37,-0.1,0.31
206,2015-11-10,26.05,26.12,27.62,25.56,399977,1182082384.0,7.74,-1.84,-0.49,0.19
207,2015-11-11,25.86,25.75,26.11,25.2,275533,793862800.0,3.48,-1.42,-0.37,0.13
208,2015-11-12,25.84,25.36,26.01,24.94,211217,604624288.0,4.16,-1.51,-0.39,0.1
209,2015-11-13,25.34,25.06,25.56,24.91,203939,579847104.0,2.56,-1.18,-0.3,0.1
210,2015-11-16,24.55,24.9,24.96,24.48,168500,470717200.0,1.92,-0.64,-0.16,0.08
211,2015-11-17,25.1,25.19,26.36,25.02,384386,1112526032.0,5.38,1.16,0.29,0.18
212,2015-11-18,25.21,24.67,25.26,24.56,222607,624323056.0,2.78,-2.06,-0.52,0.11
213,2015-11-19,24.84,25.03,25.11,24.57,139549,391316352.0,2.19,1.46,0.36,0.07
214,2015-11-20,24.96,24.97,25.2,24.86,146505,414190528.0,1.36,-0.24,-0.06,0.07
215,2015-11-23,24.97,24.93,25.31,24.78,138411,390752448.0,2.12,-0.16,-0.04,0.07
216,2015-11-24,24.77,24.91,25.13,24.68,137501,385995264.0,1.81,-0.08,-0.02,0.07
217,2015-11-25,24.84,24.94,25.07,24.77,111202,313002304.0,1.2,0.12,0.03,0.05
218,2015-11-26,25.11,24.84,25.35,24.82,136980,387355056.0,2.13,-0.4,-0.1,0.07
219,2015-11-27,24.84,23.36,24.86,22.86,261575,706661792.0,8.05,-5.96,-1.48,0.13
220,2015-11-30,23.31,23.07,23.86,22.56,224901,592895152.0,5.57,-1.24,-0.29,0.11
221,2015-12-01,23.09,23.48,24.06,22.87,164259,437400608.0,5.16,1.78,0.41,0.08
222,2015-12-02,23.46,26.15,26.15,23.27,655329,1872908160.0,12.27,11.37,2.67,0.31
223,2015-12-03,26.04,26.37,27.41,25.47,635331,1889433072.0,7.42,0.84,0.22,0.31
224,2015-12-04,25.69,25.22,26.06,25.2,274065,785221280.0,3.26,-4.36,-1.15,0.13
225,2015-12-07,25.28,24.81,25.4,24.66,175842,495177776.0,2.93,-1.63,-0.41,0.08
226,2015-12-08,24.66,24.61,24.81,24.08,186233,515512848.0,2.94,-0.81,-0.2,0.09
227,2015-12-09,24.63,24.9,25.45,24.41,157473,444225408.0,4.23,1.18,0.29,0.08
228,2015-12-10,24.86,24.72,25.76,24.42,150061,427426608.0,5.38,-0.72,-0.18,0.07
229,2015-12-11,24.66,24.3,25.01,24.03,127612,352490784.0,3.96,-1.7,-0.42,0.06
230,2015-12-14,24.11,26.22,26.53,23.94,281697,799187888.0,10.66,7.9,1.92,0.14
231,2015-12-15,26.05,25.45,26.05,25.32,181982,525018912.0,2.78,-2.94,-0.77,0.09
232,2015-12-16,25.45,25.27,25.74,25.26,124522,357714720.0,1.89,-0.71,-0.18,0.06
233,2015-12-17,25.57,25.61,26.11,25.36,184857,535662544.0,2.97,1.35,0.34,0.09
234,2015-12-18,25.42,25.54,26.44,25.31,217525,634113296.0,4.41,-0.27,-0.07,0.1
235,2015-12-21,25.41,26.43,26.85,25.27,335309,989535648.0,6.19,3.48,0.89,0.16
236,2015-12-22,26.28,26.44,26.56,26.07,164566,486059296.0,1.85,0.04,0.01,0.08
237,2015-12-23,26.36,26.56,27.51,26.28,360622,1090500592.0,4.65,0.45,0.12,0.17
238,2015-12-24,26.56,27.18,27.96,26.56,366108,1117377120.0,5.27,2.33,0.62,0.18
239,2015-12-25,26.57,26.81,27.06,26.31,169280,506849104.0,2.76,-1.36,-0.37,0.08
240,2015-12-28,26.86,25.7,27.01,25.66,200101,589410416.0,5.04,-4.14,-1.11,0.1
241,2015-12-29,25.61,25.75,25.96,25.42,153596,444019520.0,2.1,0.19,0.05,0.07
242,2015-12-30,25.71,25.3,25.85,25.04,177723,506936240.0,3.15,-1.75,-0.45,0.09
243,2015-12-31,25.34,25.07,25.57,25.06,120721,344434848.0,2.02,-0.91,-0.23,0.06
244,2016-01-04,25.05,23.03,25.05,22.98,145799,397640240.0,8.26,-8.14,-2.04,0.07
245,2016-01-05,22.36,23.61,23.8,22.32,204440,543079872.0,6.43,2.52,0.58,0.1
246,2016-01-06,23.26,23.68,23.71,23.07,152007,405216752.0,2.71,0.3,0.07,0.07
247,2016-01-07,23.36,21.79,23.36,21.64,32769,84390357.0,7.26,-7.98,-1.89,0.02
248,2016-01-08,22.57,22.2,23.06,21.39,209954,536180864.0,7.66,1.88,0.41,0.1
249,2016-01-11,21.49,20.4,22.01,20.13,210580,513625216.0,8.47,-8.11,-1.8,0.1
250,2016-01-12,20.75,20.59,21.21,20.33,124308,298423664.0,4.31,0.93,0.19,0.06
251,2016-01-13,21.05,20.09,21.05,20.06,108667,259319387.0,4.81,-2.43,-0.5,0.05
252,2016-01-14,19.66,20.46,20.57,19.29,112138,262051500.0,6.37,1.84,0.37,0.05
253,2016-01-15,20.34,20.01,20.39,19.36,121986,281456464.0,5.03,-2.2,-0.45,0.06
254,2016-01-18,19.48,19.99,20.4,19.46,106439,247291108.0,4.7,-0.1,-0.02,0.05
255,2016-01-19,20.17,20.65,20.91,19.76,131383,311108672.0,5.75,3.3,0.66,0.06
256,2016-01-20,20.64,19.78,20.64,19.66,209283,486789088.0,4.75,-4.21,-0.87,0.1
257,2016-01-21,19.41,19.06,20.07,19.05,154430,350810560.0,5.16,-3.64,-0.72,0.07
258,2016-01-22,19.39,19.01,19.45,18.62,146120,324282704.0,4.35,-0.26,-0.05,0.07
259,2016-01-25,19.08,19.01,19.24,18.86,90788,202203693.0,2.0,0.0,0.0,0.04
260,2016-01-26,18.84,17.52,18.94,17.36,208494,443842496.0,8.31,-7.84,-1.49,0.1
261,2016-01-27,17.51,17.08,17.7,16.49,202144,410464096.0,6.91,-2.51,-0.44,0.1
262,2016-01-28,17.01,16.61,17.36,16.56,134453,271000560.0,4.68,-2.75,-0.47,0.06
263,2016-01-29,16.68,17.2,17.48,16.61,177319,361398160.0,5.24,3.55,0.59,0.09
264,2016-02-01,17.01,16.57,17.16,15.94,269921,530282832.0,7.09,-3.66,-0.63,0.13
265,2016-02-02,16.46,16.85,17.05,16.28,180713,361389232.0,4.65,1.69,0.28,0.09
266,2016-02-03,16.47,16.5,16.64,16.13,132823,260227777.0,3.03,-2.08,-0.35,0.06
267,2016-02-04,16.62,16.76,16.97,16.5,166496,333429840.0,2.85,1.58,0.26,0.08
268,2016-02-05,16.66,16.65,16.93,16.62,136420,273140768.0,1.85,-0.66,-0.11,0.07
269,2016-02-15,15.79,16.42,16.63,15.79,111549,218292357.0,5.05,-1.38,-0.23,0.05
270,2016-02-16,16.56,17.16,17.39,16.56,167890,340780768.0,5.05,4.51,0.74,0.08
271,2016-02-17,17.15,17.29,17.32,17.04,147506,301380304.0,1.63,0.76,0.13,0.07
272,2016-02-18,17.49,17.03,17.74,16.94,191959,395796976.0,4.63,-1.5,-0.26,0.09
273,2016-02-19,17.06,16.94,17.15,16.85,87906,177824469.0,1.76,-0.53,-0.09,0.04
274,2016-02-22,17.25,18.96,18.96,17.06,488592,1059466000.0,11.22,11.92,2.02,0.23
275,2016-02-23,18.75,18.36,18.88,17.99,308414,668956416.0,4.69,-3.16,-0.6,0.15
276,2016-02-24,18.18,18.89,18.92,17.97,242290,525238944.0,5.17,2.89,0.53,0.12
277,2016-02-25,18.66,17.02,18.7,16.77,280913,591128432.0,10.22,-9.9,-1.87,0.13
278,2016-02-26,17.26,17.31,17.47,16.79,159675,326719200.0,4.0,1.7,0.29,0.08
279,2016-02-29,16.94,16.64,17.1,16.0,227777,449824112.0,6.35,-3.87,-0.67,0.11
280,2016-03-01,16.74,17.43,18.11,16.44,237531,483209344.0,10.04,4.75,0.79,0.11
281,2016-03-02,17.63,18.51,18.72,17.41,314512,673908064.0,7.52,6.2,1.08,0.15
282,2016-03-03,18.36,18.86,18.96,18.09,313558,686995040.0,4.7,1.89,0.35,0.15
283,2016-03-04,18.74,19.47,19.61,18.32,495476,1105797456.0,6.84,3.23,0.61,0.24
284,2016-03-07,19.26,19.12,19.62,18.92,245069,550136624.0,3.6,-1.8,-0.35,0.12
285,2016-03-08,19.03,18.95,19.06,18.0,239383,520906304.0,5.54,-0.89,-0.17,0.11
286,2016-03-09,18.36,18.77,18.81,18.16,200189,434838064.0,3.43,-0.95,-0.18,0.1
287,2016-03-10,18.53,18.14,18.71,18.07,95562,207046605.0,3.41,-3.36,-0.63,0.05
288,2016-03-11,18.04,18.41,18.64,17.87,119694,257596264.0,4.24,1.49,0.27,0.06
289,2016-03-14,18.69,18.68,19.26,18.43,172238,381032608.0,4.51,1.47,0.27,0.08
290,2016-03-15,18.56,20.07,20.14,18.16,406674,912052192.0,10.6,7.44,1.39,0.2
291,2016-03-16,19.53,19.96,20.32,19.37,326098,754599088.0,4.73,-0.55,-0.11,0.16
292,2016-03-17,19.86,19.88,20.13,19.56,172133,397686032.0,2.86,-0.4,-0.08,0.08
293,2016-03-18,19.93,19.91,20.56,19.78,270480,630026176.0,3.92,0.15,0.03,0.13
294,2016-03-21,20.18,20.73,21.58,20.01,419638,1013257104.0,7.89,4.12,0.82,0.2
295,2016-03-22,20.65,20.15,20.65,20.08,169835,399008880.0,2.75,-2.8,-0.58,0.08
296,2016-03-23,20.46,20.53,20.91,20.26,197378,469974448.0,3.23,1.89,0.38,0.09
297,2016-03-24,19.95,20.09,20.24,19.76,134763,313453888.0,2.34,-2.14,-0.44,0.06
298,2016-03-25,20.09,20.59,21.14,19.76,238392,567037008.0,6.87,2.49,0.5,0.11
299,2016-03-28,20.61,20.15,20.98,20.05,163023,387520512.0,4.52,-2.14,-0.44,0.08
300,2016-03-29,20.16,20.13,20.52,19.96,124712,292726656.0,2.78,-0.1,-0.02,0.06
301,2016-03-30,20.32,20.85,20.96,20.32,172125,412713760.0,3.18,3.58,0.72,0.08
302,2016-03-31,20.96,20.62,21.02,20.43,122150,292028176.0,2.83,-1.1,-0.23,0.06
303,2016-04-01,20.74,20.73,20.94,20.21,144438,344663792.0,3.54,0.53,0.11,0.07
304,2016-04-05,20.26,20.8,20.91,20.24,185050,441159440.0,3.23,0.34,0.07,0.09
305,2016-04-06,20.64,20.55,20.73,20.48,80210,191081760.0,1.2,-1.2,-0.25,0.04
306,2016-04-07,20.56,20.08,20.71,19.86,148302,347718144.0,4.14,-2.29,-0.47,0.07
307,2016-04-08,19.9,19.71,20.08,19.56,102984,237299388.0,2.59,-1.84,-0.37,0.05
308,2016-04-11,19.92,19.99,20.32,19.77,123225,287274624.0,2.79,1.42,0.28,0.06
309,2016-04-12,19.96,19.88,20.05,19.66,80900,186701698.0,1.95,-0.55,-0.11,0.04
310,2016-04-13,20.11,20.22,20.61,20.06,192118,453981632.0,2.77,1.71,0.34,0.09
311,2016-04-14,20.45,20.45,20.66,20.35,128360,304718288.0,1.53,1.14,0.23,0.06
312,2016-04-15,20.38,20.28,20.54,20.14,73135,172106992.0,1.96,-0.83,-0.17,0.04
313,2016-04-18,20.06,19.93,20.21,19.87,73343,170479232.0,1.68,-1.73,-0.35,0.04
314,2016-04-19,20.0,19.88,20.2,19.74,79139,183039641.0,2.31,-0.25,-0.05,0.04
315,2016-04-20,19.98,19.88,20.04,18.96,220469,501529616.0,5.43,0.0,0.0,0.11
316,2016-04-21,19.36,19.18,19.71,19.13,109655,247855110.0,2.92,-3.52,-0.7,0.05
317,2016-04-22,18.96,19.0,19.36,18.76,108105,240268764.0,3.13,-0.94,-0.18,0.05
318,2016-04-25,18.91,18.66,18.92,18.36,88989,194838655.0,2.95,-1.79,-0.34,0.04
319,2016-04-26,18.66,18.77,18.96,18.45,85953,188397609.0,2.73,0.59,0.11,0.04
320,2016-04-27,18.75,18.71,18.86,18.64,56972,125252352.0,1.17,-0.32,-0.06,0.03
321,2016-04-28,18.73,18.56,18.79,18.44,57228,124952231.0,1.87,-0.8,-0.15,0.03
322,2016-04-29,18.51,18.45,18.62,18.36,66530,144380867.0,1.4,-0.59,-0.11,0.03
323,2016-05-03,18.45,18.84,18.91,18.36,78462,172649527.0,2.98,2.11,0.39,0.04
324,2016-05-04,18.76,18.78,18.83,18.65,62977,138292833.0,0.96,-0.32,-0.06,0.03
325,2016-05-05,18.76,18.73,18.86,18.64,47095,103475179.0,1.17,-0.27,-0.05,0.02
326,2016-05-06,18.76,17.88,18.83,17.83,106510,229649687.0,5.34,-4.54,-0.85,0.05
327,2016-05-09,17.81,17.23,17.81,17.11,91693,189436063.0,3.91,-3.64,-0.65,0.04
328,2016-05-10,17.22,17.02,17.33,16.93,72733,148166396.0,2.32,-1.22,-0.21,0.03
329,2016-05-11,17.12,17.32,17.56,16.99,91268,187037744.0,3.35,1.76,0.3,0.04
330,2016-05-12,17.11,17.81,18.04,16.91,131700,275164416.0,6.52,2.83,0.49,0.06
331,2016-05-13,17.61,17.5,17.76,17.36,65763,136718594.0,2.25,-1.74,-0.31,0.03
332,2016-05-16,17.24,17.45,17.53,17.21,78259,160959843.0,1.83,-0.29,-0.05,0.04
333,2016-05-17,17.41,17.49,17.61,17.25,61604,127072438.0,2.06,0.23,0.04,0.03
334,2016-05-18,17.34,17.52,17.66,17.07,134657,278184208.0,3.37,0.17,0.03,0.06
335,2016-05-19,17.39,17.33,17.61,17.11,72050,148492162.0,2.85,-1.08,-0.19,0.03
336,2016-05-20,17.17,17.41,17.43,17.12,41888,86256638.0,1.79,0.46,0.08,0.02
337,2016-05-23,17.39,17.44,17.67,17.39,50801,105452589.0,1.61,0.17,0.03,0.02
338,2016-05-24,17.44,17.31,17.5,17.15,39942,81975450.0,2.01,-0.75,-0.13,0.02
339,2016-05-25,17.44,17.24,17.49,17.22,38839,79919402.0,1.56,-0.4,-0.07,0.02
340,2016-05-26,17.23,17.48,17.55,17.11,79936,164521504.0,2.55,1.39,0.24,0.04
341,2016-05-27,17.54,17.37,17.56,17.34,39111,80872187.0,1.26,-0.63,-0.11,0.02
342,2016-05-30,17.46,17.51,17.55,17.26,49645,102595245.0,1.67,0.81,0.14,0.02
343,2016-05-31,17.49,18.38,18.71,17.46,173721,375074720.0,7.14,4.97,0.87,0.08
344,2016-06-01,18.36,18.36,18.49,18.25,94628,204242090.0,1.31,-0.11,-0.02,0.05
345,2016-06-02,18.36,18.36,18.59,18.24,49134,106202568.0,1.91,0.0,0.0,0.02
346,2016-06-03,18.47,18.41,18.53,18.21,63732,137547419.0,1.74,0.27,0.05,0.03
347,2016-06-06,18.41,18.14,18.41,17.98,50224,107539880.0,2.34,-1.47,-0.27,0.02
348,2016-06-07,18.26,18.15,18.29,18.04,37470,80178783.0,1.38,0.06,0.01,0.02
349,2016-06-08,18.16,18.23,18.46,18.03,77217,165954687.0,2.37,0.44,0.08,0.04
350,2016-06-13,17.99,17.44,18.16,17.38,58821,123890617.0,4.28,-4.33,-0.79,0.03
351,2016-06-14,17.44,17.59,17.73,17.44,39318,81836067.0,1.66,0.86,0.15,0.02
352,2016-06-15,17.3,17.7,17.93,17.3,61019,127361825.0,3.58,0.63,0.11,0.03
353,2016-06-16,17.58,17.55,17.66,17.38,68161,141136424.0,1.58,-0.85,-0.15,0.03
354,2016-06-17,17.6,17.57,17.87,17.53,63969,131007805.0,1.94,0.11,0.02,0.03
355,2016-06-20,17.71,17.6,17.76,17.4,38817,79075241.0,2.05,0.17,0.03,0.02
356,2016-06-21,17.6,17.57,18.06,17.55,66033,135949540.0,2.9,-0.17,-0.03,0.03
357,2016-06-22,17.53,17.78,17.79,17.47,44748,91842969.0,1.82,1.2,0.21,0.02
358,2016-06-23,17.88,17.73,17.88,17.55,57062,117153659.0,1.86,-0.28,-0.05,0.03
359,2016-06-24,17.63,17.95,18.18,17.26,112447,229330333.0,5.19,1.24,0.22,0.05
360,2016-06-27,17.58,17.83,17.89,17.5,82592,169972118.0,2.17,-0.67,-0.12,0.04
361,2016-06-28,17.7,17.89,17.97,17.65,68343,140815674.0,1.79,0.34,0.06,0.03
362,2016-06-29,17.98,18.1,18.3,17.85,125134,261726444.0,2.52,1.17,0.21,0.06
363,2016-06-30,18.04,18.0,18.13,17.94,58005,120934579.0,1.05,-0.55,-0.1,0.03
364,2016-07-01,18.0,18.01,18.1,17.94,48967,102059096.0,0.89,0.06,0.01,0.02
365,2016-07-04,17.98,18.51,18.75,17.98,185447,394976912.0,4.28,2.78,0.5,0.09
366,2016-07-05,18.52,18.51,18.72,18.43,91604,196076677.0,1.57,0.0,0.0,0.04
367,2016-07-06,18.38,18.38,18.48,18.07,116328,245689006.0,2.22,-0.7,-0.13,0.06
368,2016-07-07,18.4,18.53,18.78,18.13,74645,157687909.0,3.54,0.82,0.15,0.04
369,2016-07-08,18.38,18.33,18.41,18.19,51047,107784479.0,1.19,-1.08,-0.2,0.02
370,2016-07-11,18.36,18.3,18.46,18.24,75184,159233792.0,1.2,-0.16,-0.03,0.04
371,2016-07-12,18.26,18.6,18.76,18.22,189058,404488784.0,2.95,1.64,0.3,0.09
372,2016-07-13,18.68,18.85,19.16,18.61,195548,425343888.0,2.96,1.34,0.25,0.09
373,2016-07-14,18.87,18.78,18.87,18.68,72268,155728833.0,1.01,-0.37,-0.07,0.03
374,2016-07-15,18.79,18.87,18.89,18.67,90528,195412522.0,1.17,0.48,0.09,0.04
375,2016-07-18,18.78,18.82,19.06,18.69,83125,180332332.0,1.96,-0.26,-0.05,0.04
376,2016-07-19,18.74,18.51,18.81,18.36,82973,177081758.0,2.39,-1.65,-0.31,0.04
377,2016-07-20,18.48,18.44,18.54,18.39,36051,76735368.0,0.81,-0.38,-0.07,0.02
378,2016-07-21,18.43,18.54,18.68,18.41,51413,110011772.0,1.46,0.54,0.1,0.02
379,2016-07-22,18.51,18.33,18.57,18.26,61698,130736450.0,1.67,-1.13,-0.21,0.03
380,2016-07-25,18.34,18.3,18.43,18.27,33631,71185567.0,0.87,-0.16,-0.03,0.02
381,2016-07-26,18.34,18.43,18.5,18.28,101735,215564141.0,1.2,0.71,0.13,0.05
382,2016-07-27,18.38,18.6,18.61,17.88,201669,425483376.0,3.96,0.92,0.17,0.1
383,2016-07-28,18.43,18.31,18.44,18.18,77197,163216592.0,1.4,-1.56,-0.29,0.04
384,2016-07-29,18.34,18.12,18.35,18.09,42874,90180356.0,1.42,-1.04,-0.19,0.02
385,2016-08-01,18.02,17.92,18.24,17.89,53382,111203571.0,1.93,-1.1,-0.2,0.03
386,2016-08-02,18.01,17.98,18.03,17.91,24924,51808794.0,0.67,0.33,0.06,0.01
387,2016-08-03,17.96,17.84,17.97,17.76,53341,110114640.0,1.17,-0.78,-0.14,0.03
388,2016-08-04,17.79,17.78,17.84,17.64,51662,106139659.0,1.12,-0.34,-0.06,0.02
389,2016-08-05,17.79,17.75,17.88,17.68,61601,126942774.0,1.12,-0.17,-0.03,0.03
390,2016-08-08,17.81,17.96,17.98,17.74,48713,100810982.0,1.35,1.18,0.21,0.02
391,2016-08-09,17.91,18.01,18.03,17.84,47548,98807746.0,1.06,0.28,0.05,0.02
392,2016-08-10,17.96,17.92,18.01,17.89,47318,98202885.0,0.67,-0.5,-0.09,0.02
393,2016-08-11,17.94,18.24,18.84,17.94,188578,399978656.0,5.02,1.79,0.32,0.09
394,2016-08-12,18.08,18.56,18.65,17.99,144421,305992400.0,3.62,1.75,0.32,0.07
395,2016-08-15,18.58,19.58,20.28,18.48,381874,847943648.0,9.7,5.5,1.02,0.18
396,2016-08-16,19.58,19.16,19.64,19.08,221623,490216832.0,2.86,-2.15,-0.42,0.11
397,2016-08-17,19.2,19.1,19.26,18.91,100049,219208501.0,1.83,-0.31,-0.06,0.05
398,2016-08-18,19.17,19.28,19.36,19.08,122176,269273216.0,1.47,0.94,0.18,0.06
399,2016-08-19,19.24,18.97,19.24,18.8,88877,193361280.0,2.28,-1.61,-0.31,0.04
400,2016-08-22,18.98,18.79,19.06,18.78,60299,130734478.0,1.48,-0.95,-0.18,0.03
401,2016-08-23,18.8,18.97,19.28,18.8,68633,150070879.0,2.55,0.96,0.18,0.03
402,2016-08-24,18.85,18.76,19.03,18.67,69971,151167678.0,1.9,-1.11,-0.21,0.03
403,2016-08-25,18.61,18.72,18.83,18.49,55443,119079063.0,1.81,-0.21,-0.04,0.03
404,2016-08-26,18.73,18.74,18.95,18.69,58025,125638357.0,1.39,0.11,0.02,0.03
405,2016-08-29,18.7,18.55,18.73,18.47,80797,172596935.0,1.39,-1.01,-0.19,0.04
406,2016-08-30,18.62,18.6,18.78,18.5,108590,232695042.0,1.51,0.27,0.05,0.05
407,2016-08-31,18.6,18.77,18.81,18.53,59975,129040715.0,1.51,0.91,0.17,0.03
408,2016-09-01,18.78,18.88,18.99,18.64,100607,217924864.0,1.86,0.59,0.11,0.05
409,2016-09-02,18.74,18.96,19.0,18.66,103789,224898165.0,1.8,0.42,0.08,0.05
410,2016-09-05,19.03,18.91,19.14,18.83,61649,134183379.0,1.64,-0.26,-0.05,0.03
411,2016-09-06,18.95,19.0,19.13,18.69,69964,151739542.0,2.33,0.48,0.09,0.03
412,2016-09-07,18.98,19.11,19.53,18.89,171743,379333264.0,3.37,0.58,0.11,0.08
413,2016-09-08,19.18,19.07,19.18,19.02,53210,116514631.0,0.84,-0.21,-0.04,0.03
414,2016-09-09,19.04,19.25,19.36,19.04,118002,260280398.0,1.68,0.94,0.18,0.06
415,2016-09-12,18.81,18.98,19.01,18.5,180318,389704320.0,2.65,-1.4,-0.27,0.09
416,2016-09-13,18.87,18.83,18.87,18.62,54610,117758367.0,1.32,-0.79,-0.15,0.03
417,2016-09-14,18.72,18.61,18.76,18.54,52296,112230601.0,1.17,-1.17,-0.22,0.03
418,2016-09-19,18.63,18.84,18.9,18.63,59896,129569475.0,1.45,1.24,0.23,0.03
419,2016-09-20,18.89,18.69,18.9,18.65,41002,88356433.0,1.33,-0.8,-0.15,0.02
420,2016-09-21,18.68,18.76,18.86,18.6,41829,90160171.0,1.39,0.37,0.07,0.02
421,2016-09-22,18.89,19.08,19.37,18.82,151543,333083952.0,2.93,1.71,0.32,0.07
422,2016-09-23,19.08,19.02,19.25,18.94,46568,101748458.0,1.62,-0.31,-0.06,0.02
423,2016-09-26,19.0,18.73,19.01,18.7,62617,135697076.0,1.63,-1.52,-0.29,0.03
424,2016-09-27,18.69,18.82,18.87,18.68,50489,108981113.0,1.01,0.48,0.09,0.02
425,2016-09-28,18.83,18.66,18.83,18.55,53276,114457048.0,1.49,-0.85,-0.16,0.03
426,2016-09-29,18.68,18.7,18.88,18.65,39012,84101257.0,1.23,0.21,0.04,0.02
427,2016-09-30,18.75,18.59,18.77,18.58,49286,105797508.0,1.02,-0.59,-0.11,0.02
428,2016-10-10,18.83,18.92,19.01,18.53,62507,135199160.0,2.58,1.78,0.33,0.03
429,2016-10-11,18.92,18.99,19.04,18.83,62851,136930769.0,1.11,0.37,0.07,0.03
430,2016-10-12,18.92,18.98,19.03,18.83,41484,90253923.0,1.05,-0.05,-0.01,0.02
431,2016-10-13,18.82,18.85,19.04,18.82,51321,111505375.0,1.16,-0.68,-0.13,0.02
432,2016-10-14,18.84,18.75,18.88,18.63,46349,99907910.0,1.33,-0.53,-0.1,0.02
433,2016-10-17,18.78,18.56,18.78,18.52,43690,93786132.0,1.39,-1.01,-0.19,0.02
434,2016-10-18,18.63,18.78,18.8,18.53,62163,133582547.0,1.45,1.19,0.22,0.03
435,2016-10-19,18.7,18.56,18.8,18.43,85549,183157739.0,1.97,-1.17,-0.22,0.04
436,2016-10-20,18.55,18.49,18.62,18.48,46574,99410425.0,0.75,-0.38,-0.07,0.02
437,2016-10-21,18.5,18.69,18.76,18.48,94573,202783521.0,1.51,1.08,0.2,0.05
438,2016-10-24,18.66,19.03,19.21,18.62,163344,356164016.0,3.16,1.82,0.34,0.08
439,2016-10-25,19.02,18.92,19.03,18.85,62904,136686267.0,0.95,-0.58,-0.11,0.03
440,2016-10-26,18.97,18.83,19.0,18.79,61549,133331200.0,1.11,-0.48,-0.09,0.03
441,2016-10-27,18.79,18.76,18.91,18.66,51004,109987762.0,1.33,-0.37,-0.07,0.02
442,2016-10-28,18.76,18.96,19.36,18.76,149935,328333616.0,3.2,1.07,0.2,0.07
443,2016-10-31,18.98,19.01,19.16,18.67,65169,141151315.0,2.58,0.26,0.05,0.03
444,2016-11-01,18.98,19.06,19.13,18.88,74439,162779565.0,1.32,0.26,0.05,0.04
445,2016-11-02,19.05,18.85,19.05,18.78,62885,136579424.0,1.42,-1.1,-0.21,0.03
446,2016-11-03,18.8,19.17,19.31,18.79,143901,315751840.0,2.76,1.7,0.32,0.07
447,2016-11-04,19.08,19.13,19.22,18.99,75224,165014896.0,1.2,-0.21,-0.04,0.04
448,2016-11-07,19.13,19.25,19.46,19.07,96857,213683587.0,2.04,0.63,0.12,0.05
449,2016-11-08,19.28,19.37,19.48,19.16,93646,207513267.0,1.66,0.62,0.12,0.04
450,2016-11-09,19.36,18.98,19.36,18.78,119499,260989402.0,2.99,-2.01,-0.39,0.06
451,2016-11-10,19.11,19.49,19.6,19.09,240014,532857280.0,2.69,2.69,0.51,0.12
452,2016-11-11,19.53,19.82,20.06,19.34,298078,673716128.0,3.69,1.69,0.33,0.14
453,2016-11-14,19.75,20.0,20.37,19.7,232466,533316064.0,3.38,0.91,0.18,0.11
454,2016-11-15,19.97,20.01,20.38,19.83,137689,314716736.0,2.75,0.05,0.01,0.07
455,2016-11-16,20.03,20.16,20.26,20.01,106308,244194272.0,1.25,0.75,0.15,0.05
456,2016-11-17,20.01,20.04,20.07,19.75,93818,213226530.0,1.59,-0.6,-0.12,0.05
457,2016-11-18,20.03,20.15,20.21,19.9,107692,246579543.0,1.55,0.55,0.11,0.05
458,2016-11-21,20.28,21.94,22.45,20.26,647398,1611159232.0,10.87,8.88,1.79,0.31
459,2016-11-22,21.87,23.27,23.65,21.7,656510,1675803008.0,8.89,6.06,1.33,0.32
460,2016-11-23,23.24,22.96,23.26,22.58,269462,693368000.0,2.92,-1.33,-0.31,0.13
461,2016-11-24,22.9,23.12,23.44,22.6,277278,716010176.0,3.66,0.7,0.16,0.13
462,2016-11-25,22.99,23.06,23.17,22.35,242993,622156976.0,3.55,-0.26,-0.06,0.12
463,2016-11-28,23.1,23.15,23.46,22.69,279136,721494800.0,3.34,0.39,0.09,0.13
464,2016-11-29,23.04,23.4,23.64,22.79,257865,670248624.0,3.67,1.08,0.25,0.12
465,2016-11-30,23.27,22.97,24.08,22.88,336958,883475696.0,5.13,-1.84,-0.43,0.16
466,2016-12-01,22.8,22.6,23.33,22.41,209678,536013536.0,4.01,-1.61,-0.37,0.1
467,2016-12-02,22.58,22.36,22.66,22.08,197258,495654160.0,2.57,-1.06,-0.24,0.09
468,2016-12-05,21.68,22.01,22.23,21.6,201324,497435792.0,2.82,-1.57,-0.35,0.1
469,2016-12-06,21.98,21.63,22.06,21.54,83374,205332552.0,2.36,-1.73,-0.38,0.04
470,2016-12-07,21.58,22.24,22.3,21.5,143618,355251648.0,3.7,2.82,0.61,0.07
471,2016-12-08,22.16,21.92,22.41,21.88,99303,247829185.0,2.38,-1.44,-0.32,0.05
472,2016-12-09,21.86,22.94,22.96,21.68,342210,867534768.0,5.84,4.65,1.02,0.16
473,2016-12-12,22.78,22.67,23.28,22.07,276564,704636736.0,5.27,-1.18,-0.27,0.13
474,2016-12-13,22.56,22.34,22.56,22.09,104204,261177501.0,2.07,-1.46,-0.33,0.05
475,2016-12-14,22.28,22.54,22.74,22.09,147919,373567088.0,2.91,0.9,0.2,0.07
476,2016-12-15,22.28,21.29,22.38,21.04,205453,502417328.0,5.94,-5.55,-1.25,0.1
477,2016-12-16,21.16,20.96,21.16,20.71,134107,318526896.0,2.11,-1.55,-0.33,0.06
478,2016-12-19,20.93,20.77,20.96,20.56,95181,224130876.0,1.91,-0.91,-0.19,0.05
479,2016-12-20,20.7,20.77,20.84,20.56,82224,193365480.0,1.35,0.0,0.0,0.04
480,2016-12-21,20.83,21.15,21.36,20.77,99715,238282887.0,2.84,1.83,0.38,0.05
481,2016-12-22,21.08,21.01,21.12,20.79,53944,128338090.0,1.56,-0.66,-0.14,0.03
482,2016-12-23,20.91,20.79,21.11,20.77,65380,155395579.0,1.62,-1.05,-0.22,0.03
483,2016-12-26,20.56,21.41,21.57,20.49,98606,235836073.0,5.19,2.98,0.62,0.05
484,2016-12-27,21.33,21.17,21.54,21.15,57124,137817252.0,1.82,-1.12,-0.24,0.03
485,2016-12-28,21.16,21.03,21.25,20.98,51446,123195807.0,1.28,-0.66,-0.14,0.02
486,2016-12-29,20.94,21.01,21.28,20.83,48287,115215713.0,2.14,-0.1,-0.02,0.02
487,2016-12-30,21.01,21.27,21.62,21.01,102744,248844392.0,2.9,1.24,0.26,0.05
488,2017-01-03,21.37,22.43,22.61,21.37,258476,647483456.0,5.83,5.45,1.16,0.12
489,2017-01-04,22.18,22.5,22.62,22.15,127983,322858032.0,2.1,0.31,0.07,0.06
490,2017-01-05,22.45,22.56,23.03,22.28,132005,337354992.0,3.33,0.27,0.06,0.06
491,2017-01-06,22.47,22.36,22.66,22.29,100400,253339050.0,1.64,-0.89,-0.2,0.05
492,2017-01-09,22.23,22.76,23.08,22.21,144142,369478560.0,3.89,1.79,0.4,0.07
493,2017-01-10,22.68,22.2,22.78,22.17,100977,254052828.0,2.68,-2.46,-0.56,0.05
494,2017-01-11,22.2,22.69,22.95,22.09,153541,391149072.0,3.87,2.21,0.49,0.07
495,2017-01-12,22.6,22.55,22.93,22.5,92617,236303156.0,1.9,-0.62,-0.14,0.04
496,2017-01-13,22.49,22.88,23.64,22.49,247675,642561280.0,5.1,1.46,0.33,0.12
497,2017-01-16,22.76,23.38,23.41,22.21,259866,671369328.0,5.24,2.19,0.5,0.12
498,2017-01-17,23.08,23.34,23.57,23.03,124962,326620944.0,2.31,-0.17,-0.04,0.06
499,2017-01-18,23.37,23.28,23.76,23.2,142827,375713696.0,2.4,-0.26,-0.06,0.07
500,2017-01-19,23.18,22.79,23.34,22.58,127450,328005216.0,3.26,-2.1,-0.49,0.06
501,2017-01-20,22.77,22.68,22.98,22.65,104873,268438848.0,1.45,-0.48,-0.11,0.05
502,2017-01-23,22.68,22.94,22.96,22.44,117777,300557744.0,2.29,1.15,0.26,0.06
503,2017-01-24,22.79,23.17,23.33,22.73,110103,285072032.0,2.62,1.0,0.23,0.05
504,2017-01-25,23.08,22.99,23.15,22.82,75950,195542617.0,1.42,-0.78,-0.18,0.04
505,2017-01-26,22.8,22.9,23.25,22.74,106153,274365520.0,2.22,-0.39,-0.09,0.05
506,2017-02-03,22.85,22.33,22.93,22.2,100338,253187522.0,3.19,-2.49,-0.57,0.05
507,2017-02-06,22.34,23.18,23.23,22.34,217422,559474240.0,3.99,3.81,0.85,0.1
508,2017-02-07,23.18,23.42,23.64,23.0,195557,511393392.0,2.76,1.04,0.24,0.09
509,2017-02-08,23.39,23.62,23.8,23.27,164380,434789568.0,2.26,0.85,0.2,0.08
510,2017-02-09,23.54,23.68,24.11,23.44,159926,426101840.0,2.84,0.25,0.06,0.08
511,2017-02-10,23.57,23.58,23.93,23.5,109015,288472896.0,1.82,-0.42,-0.1,0.05
512,2017-02-13,23.55,24.04,24.48,23.55,182984,493872672.0,3.94,1.95,0.46,0.09
513,2017-02-14,24.04,23.75,24.09,23.56,150080,398087424.0,2.2,-1.21,-0.29,0.07
514,2017-02-15,23.68,23.76,24.03,23.54,120521,320613824.0,2.06,0.04,0.01,0.06
515,2017-02-16,23.73,23.67,23.88,23.47,83022,219137606.0,1.73,-0.38,-0.09,0.04
516,2017-02-17,23.63,23.75,24.46,23.59,135895,364631040.0,3.68,0.34,0.08,0.07
517,2017-02-20,23.59,23.65,23.91,23.43,189197,499688880.0,2.02,-0.42,-0.1,0.09
518,2017-02-21,23.65,23.87,24.25,23.52,166086,444326672.0,3.09,0.93,0.22,0.08
519,2017-02-22,23.78,23.82,23.98,23.7,78494,209192252.0,1.17,-0.21,-0.05,0.04
520,2017-02-23,23.82,23.56,24.01,23.35,101552,268250105.0,2.77,-1.09,-0.26,0.05
521,2017-02-24,23.56,23.3,23.66,23.15,100893,263402461.0,2.16,-1.1,-0.26,0.05
522,2017-02-27,23.15,22.77,23.15,22.74,124336,319986944.0,1.76,-2.27,-0.53,0.06
523,2017-02-28,22.74,22.85,22.94,22.68,72446,185698422.0,1.14,0.35,0.08,0.03
524,2017-03-01,22.83,22.73,22.98,22.68,84575,216656662.0,1.31,-0.53,-0.12,0.04
525,2017-03-02,22.72,22.45,22.99,22.43,128534,328664416.0,2.46,-1.23,-0.28,0.06
526,2017-03-03,22.32,22.47,22.55,22.26,75155,189486840.0,1.29,0.09,0.02,0.04
527,2017-03-06,22.47,22.46,22.54,22.29,58703,148114563.0,1.11,-0.04,-0.01,0.03
528,2017-03-07,22.49,22.9,22.96,22.36,136442,348317040.0,2.67,1.96,0.44,0.07
529,2017-03-08,22.9,22.89,23.0,22.76,93625,240779976.0,1.05,-0.04,-0.01,0.04
530,2017-03-09,22.85,22.46,22.85,22.34,89069,226120156.0,2.23,-1.88,-0.43,0.04
531,2017-03-10,22.44,22.08,22.45,21.97,115631,288416960.0,2.14,-1.69,-0.38,0.06
532,2017-03-13,22.05,22.32,22.33,22.05,84889,212384528.0,1.27,1.09,0.24,0.04
533,2017-03-14,22.19,22.33,22.4,22.19,69498,174536976.0,0.94,0.04,0.01,0.03
534,2017-03-15,22.24,22.14,22.4,22.05,55628,139316937.0,1.57,-0.85,-0.19,0.03
535,2017-03-16,22.27,22.75,22.78,22.24,130421,331993104.0,2.44,2.76,0.61,0.06
536,2017-03-17,22.76,22.75,22.86,22.64,107217,274114768.0,0.97,0.0,0.0,0.05
537,2017-03-20,22.78,22.66,22.88,22.43,65123,165607112.0,1.98,-0.4,-0.09,0.03
538,2017-03-21,22.63,22.35,22.84,22.13,125157,316183648.0,3.13,-1.37,-0.31,0.06
539,2017-03-22,22.24,21.61,22.26,21.44,158098,388349968.0,3.67,-3.31,-0.74,0.08
540,2017-03-23,21.61,21.75,22.1,21.61,117307,289584048.0,2.27,0.65,0.14,0.06
541,2017-03-24,21.76,22.08,22.09,21.63,84838,209695077.0,2.11,1.52,0.33,0.04
542,2017-03-27,22.06,22.27,22.5,21.79,100067,251233362.0,3.22,0.86,0.19,0.05
543,2017-03-28,22.27,22.24,22.43,22.15,47162,118386957.0,1.26,-0.13,-0.03,0.02
544,2017-03-29,22.28,22.05,22.38,22.0,64328,160721477.0,1.71,-0.85,-0.19,0.03
545,2017-03-30,22.08,21.98,22.32,21.83,84556,210666782.0,2.22,-0.32,-0.07,0.04
546,2017-03-31,22.06,22.48,22.54,21.88,87138,219187907.0,3.0,2.27,0.5,0.04
547,2017-04-05,22.46,22.44,22.47,21.96,104907,262778442.0,2.27,-0.18,-0.04,0.05
548,2017-04-06,22.39,22.24,22.39,22.09,69262,173555500.0,1.34,-0.89,-0.2,0.03
549,2017-04-07,22.21,22.23,22.32,22.1,61292,153317187.0,0.99,-0.04,-0.01,0.03
550,2017-04-10,22.04,22.08,22.52,21.98,91999,230584372.0,2.43,-0.67,-0.15,0.04
551,2017-04-11,22.06,21.97,22.18,21.58,85894,211461909.0,2.72,-0.5,-0.11,0.04
552,2017-04-12,21.86,22.04,22.25,21.81,91337,227682769.0,2.0,0.32,0.07,0.04
553,2017-04-13,22.06,22.15,22.27,22.02,47594,118851288.0,1.13,0.5,0.11,0.02
554,2017-04-14,22.13,21.69,22.15,21.58,59785,147419210.0,2.57,-2.08,-0.46,0.03
555,2017-04-17,21.66,21.8,21.82,21.49,51119,125202260.0,1.52,0.51,0.11,0.02
556,2017-04-18,21.77,21.23,21.77,21.18,70473,170657520.0,2.71,-2.61,-0.57,0.03
557,2017-04-19,21.18,21.01,21.33,20.93,52179,124837821.0,1.88,-1.04,-0.22,0.03
558,2017-04-20,21.04,20.99,21.09,20.68,80409,190506100.0,1.95,-0.1,-0.02,0.04
559,2017-04-21,20.96,21.31,21.39,20.79,69346,166697147.0,2.86,1.52,0.32,0.03
560,2017-04-24,21.26,21.73,21.93,21.11,134292,328630960.0,3.85,1.97,0.42,0.06
561,2017-04-25,21.66,22.08,22.19,21.63,116283,288898544.0,2.58,1.61,0.35,0.06
562,2017-04-26,22.18,22.66,23.17,22.18,206634,528429312.0,4.48,2.63,0.58,0.1
563,2017-04-27,22.66,23.19,23.26,22.5,221935,576274800.0,3.35,2.34,0.53,0.11
564,2017-04-28,23.18,23.31,23.53,22.98,122362,319851104.0,2.37,0.52,0.12,0.06
565,2017-05-02,23.14,23.12,23.5,23.08,69997,182238103.0,1.8,-0.82,-0.19,0.03
566,2017-05-03,23.03,22.91,23.33,22.74,70481,181838713.0,2.55,-0.91,-0.21,0.03
567,2017-05-04,22.97,23.23,23.46,22.81,122072,318231936.0,2.84,1.4,0.32,0.06
568,2017-05-05,23.08,22.95,23.28,22.65,101601,261315508.0,2.71,-1.21,-0.28,0.05
569,2017-05-08,22.92,23.54,23.87,22.7,167766,442881552.0,5.1,2.57,0.59,0.08
570,2017-05-09,23.49,23.35,23.73,23.08,130042,340779088.0,2.76,-0.81,-0.19,0.06
571,2017-05-10,23.19,24.28,24.57,23.19,255705,690664624.0,5.91,3.98,0.93,0.12
572,2017-05-11,24.06,24.2,24.53,23.97,123301,333132704.0,2.31,-0.33,-0.08,0.06
573,2017-05-12,24.17,24.93,25.18,23.98,204704,565878544.0,4.96,3.02,0.73,0.1
574,2017-05-15,24.89,24.32,25.24,23.96,181534,494320176.0,5.13,-2.45,-0.61,0.09
575,2017-05-16,24.18,24.25,24.56,23.98,105110,284342976.0,2.38,-0.29,-0.07,0.05
576,2017-05-17,24.18,23.47,24.28,23.39,239703,632459024.0,3.67,-3.22,-0.78,0.12
577,2017-05-18,23.21,23.42,23.85,23.21,124441,328420608.0,2.73,-0.21,-0.05,0.06
578,2017-05-19,23.38,23.42,23.73,23.38,78270,206616945.0,1.49,0.0,0.0,0.04
579,2017-05-22,23.41,24.26,24.57,23.41,160508,433383808.0,4.95,3.59,0.84,0.08
580,2017-05-23,24.38,25.11,25.27,24.16,215510,599239968.0,4.58,3.5,0.85,0.1
581,2017-05-24,24.99,24.63,25.26,24.18,129730,355269984.0,4.3,-1.91,-0.48,0.06
582,2017-05-25,24.42,25.84,25.86,24.41,214539,607512064.0,5.89,4.91,1.21,0.1
583,2017-05-26,25.76,25.76,26.42,25.48,156166,449729792.0,3.64,-0.31,-0.08,0.07
584,2017-05-31,25.67,25.26,26.62,25.04,176974,503060976.0,6.13,-1.94,-0.5,0.08
585,2017-06-01,25.34,25.86,25.88,24.93,111910,316252928.0,3.76,2.38,0.6,0.05
586,2017-06-02,25.56,25.29,26.02,25.11,96605,272490672.0,3.52,-2.2,-0.57,0.05
587,2017-06-05,25.16,24.68,25.17,24.31,181947,498199760.0,3.4,-2.41,-0.61,0.09
588,2017-06-06,24.56,24.8,24.93,24.2,151621,415723152.0,2.96,0.49,0.12,0.07
589,2017-06-07,24.73,24.67,25.2,24.51,218084,602208336.0,2.78,-0.52,-0.13,0.1
590,2017-06-08,24.69,25.68,25.75,24.47,238910,665204096.0,5.19,4.09,1.01,0.11
591,2017-06-09,25.63,25.64,26.36,25.5,267701,768800736.0,3.35,-0.16,-0.04,0.13
592,2017-06-12,25.38,26.18,26.26,25.34,260112,747993808.0,3.59,2.11,0.54,0.12
593,2017-06-13,25.98,25.66,26.03,25.41,131033,372529248.0,2.37,-1.99,-0.52,0.06
594,2017-06-14,25.58,24.67,25.71,24.51,217989,605277104.0,4.68,-3.86,-0.99,0.1
595,2017-06-15,24.65,24.32,24.74,23.88,188438,508931344.0,3.49,-1.42,-0.35,0.09
596,2017-06-16,24.31,24.25,24.52,24.14,137576,370281328.0,1.56,-0.29,-0.07,0.07
597,2017-06-19,24.26,24.55,24.7,24.15,150069,405808128.0,2.27,1.24,0.3,0.07
598,2017-06-20,24.62,23.96,24.62,23.67,218084,577930320.0,3.87,-2.4,-0.59,0.1
599,2017-06-21,24.01,24.21,24.27,23.56,196844,522487824.0,2.96,1.04,0.25,0.09
600,2017-06-22,24.11,24.88,25.37,24.03,365588,1001490656.0,5.53,2.77,0.67,0.18
601,2017-06-23,24.68,25.1,25.2,24.42,213522,584955296.0,3.14,0.88,0.22,0.1
602,2017-06-26,24.93,24.79,25.51,24.57,309442,848991280.0,3.75,-1.24,-0.31,0.15
603,2017-06-27,24.67,24.54,24.77,24.11,251148,676034944.0,2.66,-1.01,-0.25,0.12
604,2017-06-28,24.4,24.1,24.5,24.0,158010,422333024.0,2.04,-1.79,-0.44,0.08
605,2017-06-29,24.07,24.23,24.37,23.89,193087,515410560.0,1.99,0.54,0.13,0.09
606,2017-06-30,24.03,24.4,24.45,23.89,198894,532671328.0,2.31,0.7,0.17,0.1
607,2017-07-03,24.34,24.14,24.39,23.8,190814,508730192.0,2.42,-1.07,-0.26,0.09
608,2017-07-04,24.12,24.24,24.25,23.77,247718,658266336.0,1.99,0.41,0.1,0.12
609,2017-07-05,24.22,24.8,25.19,24.08,445994,1219373456.0,4.58,2.31,0.56,0.21
610,2017-07-06,24.78,25.21,25.42,24.49,377883,1041601184.0,3.75,1.65,0.41,0.18
611,2017-07-07,25.01,24.86,25.14,24.62,223383,614821504.0,2.06,-1.39,-0.35,0.11
612,2017-07-10,24.72,24.54,25.29,24.53,164786,451950160.0,3.06,-1.29,-0.32,0.08
613,2017-07-11,24.42,25.8,26.12,24.33,369013,1029997968.0,7.29,5.13,1.26,0.18
614,2017-07-12,25.63,25.4,26.3,25.21,362463,1029726208.0,4.22,-1.55,-0.4,0.17
615,2017-07-13,25.33,26.22,26.57,25.17,338167,962405840.0,5.51,3.23,0.82,0.16
616,2017-07-14,26.17,26.47,26.52,25.71,291003,836266336.0,3.09,0.95,0.25,0.14
617,2017-07-17,26.44,26.92,27.66,25.6,593988,1754517280.0,7.78,1.7,0.45,0.29
618,2017-07-18,26.67,26.63,27.07,25.94,312177,907090656.0,4.2,-1.08,-0.29,0.15
619,2017-07-19,26.55,26.79,26.88,26.17,283858,828313440.0,2.67,0.6,0.16,0.14
620,2017-07-20,26.67,26.71,26.95,26.13,255806,743639088.0,3.06,-0.3,-0.08,0.12
621,2017-07-21,26.57,26.11,26.57,25.97,200272,578314224.0,2.25,-2.25,-0.6,0.1
622,2017-07-24,25.89,25.73,26.29,25.7,237011,676521872.0,2.26,-1.46,-0.38,0.11
623,2017-07-25,25.78,25.7,26.06,25.49,179898,510113248.0,2.22,-0.12,-0.03,0.09
624,2017-07-26,25.7,25.76,26.06,25.28,215865,609049888.0,3.04,0.23,0.06,0.1
625,2017-07-27,25.73,25.72,25.85,25.23,164951,464708752.0,2.41,-0.16,-0.04,0.08
626,2017-07-28,25.71,25.34,25.71,25.31,109514,307235680.0,1.56,-1.48,-0.38,0.05
627,2017-07-31,25.35,25.02,25.57,24.96,252015,700110944.0,2.41,-1.26,-0.32,0.12
628,2017-08-01,25.11,26.16,26.19,25.07,355448,1006044752.0,4.48,4.56,1.14,0.17
629,2017-08-02,26.12,25.74,26.12,25.55,217385,616600512.0,2.18,-1.61,-0.42,0.1
630,2017-08-03,25.69,25.27,25.84,25.18,169810,474969312.0,2.56,-1.83,-0.47,0.08
631,2017-08-04,25.12,24.61,25.31,24.49,227114,621060832.0,3.24,-2.61,-0.66,0.11
632,2017-08-07,24.47,24.71,24.93,24.17,165426,449712288.0,3.09,0.41,0.1,0.08
633,2017-08-08,24.62,24.82,24.86,24.41,99744,271373936.0,1.82,0.45,0.11,0.05
634,2017-08-09,24.62,24.46,24.69,24.39,111340,301548544.0,1.21,-1.45,-0.36,0.05
635,2017-08-10,24.41,24.54,24.61,24.22,160833,434287536.0,1.59,0.33,0.08,0.08
636,2017-08-11,24.39,24.44,24.66,24.14,187367,505887600.0,2.12,-0.41,-0.1,0.09
637,2017-08-14,24.47,24.69,24.8,24.23,113518,308076304.0,2.33,1.02,0.25,0.05
638,2017-08-15,24.62,24.81,25.25,24.6,154108,424703648.0,2.63,0.49,0.12,0.07
639,2017-08-16,24.72,24.59,24.73,24.43,64823,175835694.0,1.21,-0.89,-0.22,0.03
640,2017-08-17,25.34,24.86,25.5,24.73,240283,663770352.0,3.13,1.1,0.27,0.12
641,2017-08-18,24.89,25.71,25.72,24.69,305048,848520768.0,4.14,3.42,0.85,0.15
642,2017-08-21,26.32,25.26,26.32,25.15,309464,869716160.0,4.55,-1.75,-0.45,0.15
643,2017-08-22,25.26,25.49,25.65,25.11,193785,542963040.0,2.14,0.91,0.23,0.09
644,2017-08-23,25.42,25.51,25.72,25.19,136577,382586336.0,2.08,0.08,0.02,0.07
645,2017-08-24,25.37,25.06,25.68,25.02,133525,372931696.0,2.59,-1.76,-0.45,0.06
646,2017-08-25,25.04,26.69,26.9,25.04,562897,1624136448.0,7.42,6.5,1.63,0.27
647,2017-08-28,26.67,26.93,27.6,26.57,477081,1417629168.0,3.86,0.9,0.24,0.23
648,2017-08-29,26.92,27.43,27.46,26.64,239648,712836288.0,3.04,1.86,0.5,0.12
649,2017-08-30,27.25,26.81,27.52,26.61,228366,676055424.0,3.32,-2.26,-0.62,0.11
650,2017-08-31,26.68,26.69,27.28,26.32,177922,521783680.0,3.58,-0.45,-0.12,0.09
651,2017-09-01,26.73,26.18,26.9,25.92,255532,739784928.0,3.67,-1.91,-0.51,0.12
652,2017-09-04,26.02,26.26,26.32,25.82,146513,419880368.0,1.91,0.31,0.08,0.07
653,2017-09-05,26.15,26.69,26.71,26.13,198791,578037776.0,2.21,1.64,0.43,0.1
654,2017-09-06,26.45,26.1,26.57,25.81,210998,604645008.0,2.85,-2.21,-0.59,0.1
655,2017-09-07,26.03,25.93,26.16,25.89,94299,269425824.0,1.03,-0.65,-0.17,0.05
656,2017-09-08,25.94,25.99,26.1,25.78,95167,271292480.0,1.23,0.23,0.06,0.05
657,2017-09-11,26.13,25.36,26.19,25.28,272329,768353200.0,3.5,-2.42,-0.63,0.13
658,2017-09-12,25.42,25.4,25.49,25.02,216965,602581104.0,1.85,0.16,0.04,0.1
659,2017-09-13,25.3,25.2,25.42,25.03,127750,355050128.0,1.54,-0.79,-0.2,0.06
660,2017-09-14,25.12,25.34,25.37,25.03,151229,420046688.0,1.35,0.56,0.14,0.07
661,2017-09-15,25.28,25.45,25.67,25.17,139649,391473376.0,1.97,0.43,0.11,0.07
662,2017-09-18,25.45,25.22,25.7,25.14,152877,427454240.0,2.2,-0.9,-0.23,0.07
663,2017-09-19,25.23,25.21,25.41,25.11,126137,350586528.0,1.19,-0.04,-0.01,0.06
664,2017-09-20,25.12,25.01,25.2,24.82,160025,440462272.0,1.51,-0.79,-0.2,0.08
665,2017-09-21,24.92,25.11,25.36,24.87,140397,389386128.0,1.96,0.4,0.1,0.07
666,2017-09-22,25.11,25.56,25.6,25.01,186333,520743120.0,2.35,1.79,0.45,0.09
667,2017-09-25,25.53,25.78,25.79,25.34,210943,595330624.0,1.76,0.86,0.22,0.1
668,2017-09-26,25.63,25.79,25.92,25.57,126314,358413104.0,1.36,0.04,0.01,0.06
669,2017-09-27,25.7,25.27,25.71,25.24,127739,357313968.0,1.82,-2.02,-0.52,0.06
670,2017-09-28,25.25,25.33,25.42,25.15,58227,162260743.0,1.07,0.24,0.06,0.03
671,2017-09-29,25.33,25.16,25.5,25.09,97043,270158864.0,1.62,-0.67,-0.17,0.05
672,2017-10-09,25.67,25.17,25.76,25.1,158442,443213456.0,2.62,0.04,0.01,0.08
673,2017-10-10,25.14,24.82,25.31,24.59,160505,440302336.0,2.86,-1.39,-0.35,0.08
674,2017-10-11,24.89,25.02,25.17,24.74,107110,295022128.0,1.73,0.81,0.2,0.05
675,2017-10-12,24.98,25.51,25.58,24.87,185280,517125024.0,2.84,1.96,0.49,0.09
676,2017-10-13,25.41,25.37,25.57,25.22,113820,317971040.0,1.37,-0.55,-0.14,0.05
677,2017-10-16,25.33,25.78,25.95,25.24,237855,672102688.0,2.8,1.62,0.41,0.11
678,2017-10-17,25.83,25.64,25.86,25.45,141881,400553680.0,1.59,-0.54,-0.14,0.07
679,2017-10-18,25.72,26.11,26.17,25.67,272536,778258384.0,1.95,1.83,0.47,0.13
680,2017-10-19,26.02,26.24,26.29,25.57,266541,761390240.0,2.76,0.5,0.13,0.13
681,2017-10-20,26.0,25.74,26.06,25.69,109599,310866368.0,1.41,-1.91,-0.5,0.05
682,2017-10-23,26.52,26.41,26.58,25.87,287773,831695376.0,2.76,2.6,0.67,0.14
683,2017-10-24,26.21,26.68,26.98,26.16,292990,859021104.0,3.1,1.02,0.27,0.14
684,2017-10-25,26.59,26.71,26.75,26.44,135886,396201216.0,1.16,0.11,0.03,0.07
685,2017-10-26,26.55,26.72,27.42,26.47,347206,1027717152.0,3.56,0.04,0.01,0.17
686,2017-10-27,26.95,26.89,27.11,26.49,343307,1007754144.0,2.32,0.64,0.17,0.16
687,2017-10-30,27.17,28.39,28.96,26.92,603864,1840269984.0,7.59,5.58,1.5,0.29
688,2017-10-31,28.11,28.82,29.02,27.93,381020,1188400560.0,3.84,1.51,0.43,0.18
689,2017-11-01,28.8,30.3,30.61,28.54,539523,1754700704.0,7.18,5.14,1.48,0.26
690,2017-11-02,30.22,30.36,30.72,29.52,327353,1073830992.0,3.96,0.2,0.06,0.16
691,2017-11-03,30.08,30.5,30.62,29.74,280396,918817920.0,2.9,0.46,0.14,0.13
692,2017-11-06,30.51,29.94,30.52,29.43,251238,815833936.0,3.57,-1.84,-0.56,0.12
693,2017-11-07,29.91,30.07,30.67,29.61,357309,1168202736.0,3.54,0.43,0.13,0.17
694,2017-11-08,29.85,29.81,30.3,29.53,304772,988185120.0,2.56,-0.86,-0.26,0.15
695,2017-11-09,29.71,30.21,30.25,29.6,205487,666620384.0,2.18,1.34,0.4,0.1
696,2017-11-10,30.08,31.45,31.99,29.94,423859,1423242752.0,6.79,4.1,1.24,0.2
697,2017-11-13,31.32,31.29,32.06,31.02,272315,926264960.0,3.31,-0.51,-0.16,0.13
698,2017-11-14,31.37,31.1,31.61,30.53,268982,902993984.0,3.45,-0.61,-0.19,0.13
699,2017-11-15,30.78,29.81,30.95,29.78,303876,996339936.0,3.76,-4.15,-1.29,0.15
700,2017-11-16,29.56,30.94,31.19,29.54,316595,1047452368.0,5.54,3.79,1.13,0.15
701,2017-11-17,30.89,31.95,31.97,30.42,420135,1424981744.0,5.01,3.26,1.01,0.2
702,2017-11-20,31.93,31.5,31.94,30.72,262118,891005664.0,3.82,-1.41,-0.45,0.13
703,2017-11-21,31.49,32.12,32.8,31.17,389104,1350290752.0,5.17,1.97,0.62,0.19
704,2017-11-22,32.19,31.05,32.72,30.52,377827,1290788928.0,6.85,-3.33,-1.07,0.18
705,2017-11-23,30.92,30.13,31.42,29.42,300970,997740976.0,6.44,-2.96,-0.92,0.14
706,2017-11-24,29.86,29.78,30.0,28.87,286705,916805232.0,3.75,-1.16,-0.35,0.14
707,2017-11-27,29.67,29.86,29.92,29.05,223989,717787792.0,2.92,0.27,0.08,0.11
708,2017-11-28,29.57,29.41,30.01,29.21,127298,408112416.0,2.68,-1.51,-0.45,0.06
709,2017-11-29,29.58,28.76,29.74,28.44,196937,621793168.0,4.42,-2.21,-0.65,0.09
710,2017-11-30,28.73,28.4,28.73,27.84,190525,586965824.0,3.09,-1.25,-0.36,0.09
711,2017-12-01,28.32,28.31,28.6,28.01,158463,488931536.0,2.08,-0.32,-0.09,0.08
712,2017-12-04,28.08,28.88,29.02,27.91,205566,642615392.0,3.92,2.01,0.57,0.1
713,2017-12-05,28.62,29.61,29.79,28.57,320807,1023551680.0,4.22,2.53,0.73,0.15
714,2017-12-06,29.38,29.2,29.38,28.65,145180,459935136.0,2.47,-1.38,-0.41,0.07
715,2017-12-07,28.88,28.88,29.2,28.42,97697,305651168.0,2.67,-1.1,-0.32,0.05
716,2017-12-08,28.8,29.22,29.4,28.49,146697,463258176.0,3.15,1.18,0.34,0.07
717,2017-12-11,29.07,29.57,29.62,28.82,127491,406578368.0,2.74,1.2,0.35,0.06
718,2017-12-12,29.39,28.39,29.5,28.35,117102,368154288.0,3.89,-3.99,-1.18,0.06
719,2017-12-13,28.42,28.48,28.55,27.92,156435,481396624.0,2.22,0.32,0.09,0.08
720,2017-12-14,28.4,27.56,28.42,27.52,178064,540952336.0,3.16,-3.23,-0.92,0.09
721,2017-12-15,27.56,27.75,27.98,27.5,136885,415896304.0,1.74,0.69,0.19,0.07
722,2017-12-18,27.57,28.02,28.28,27.57,121123,371483920.0,2.56,0.97,0.27,0.06
723,2017-12-19,28.01,28.9,29.08,28.01,210082,658431152.0,3.82,3.14,0.88,0.1
724,2017-12-20,28.92,29.11,29.49,28.62,155715,494016544.0,3.01,0.73,0.21,0.07
725,2017-12-21,29.16,29.41,29.59,28.83,134539,429498192.0,2.61,1.03,0.3,0.06
726,2017-12-22,29.41,29.19,29.64,29.04,76920,245141869.0,2.04,-0.75,-0.22,0.04
727,2017-12-25,29.07,28.6,29.72,28.13,213016,673299040.0,5.45,-2.02,-0.59,0.1
728,2017-12-26,28.62,28.94,29.15,28.28,142782,447505088.0,3.04,1.19,0.34,0.07
729,2017-12-27,28.81,28.08,28.87,27.82,169934,523046464.0,3.63,-2.97,-0.86,0.08
730,2017-12-28,27.92,28.07,28.3,27.62,126323,386241152.0,2.42,-0.04,-0.01,0.06
731,2017-12-29,28.15,27.87,28.24,27.67,103466,314601552.0,2.03,-0.71,-0.2,0.05
732,2018-01-02,27.94,27.91,28.26,27.69,329446,1005557328.0,2.05,0.14,0.04,0.16
733,2018-01-03,27.98,27.7,28.24,27.53,360223,1095717456.0,2.54,-0.75,-0.21,0.17
734,2018-01-04,27.71,27.49,27.76,27.32,269867,811142736.0,1.59,-0.76,-0.21,0.13
735,2018-01-05,27.57,27.16,27.63,27.01,279710,833340064.0,2.26,-1.2,-0.33,0.13
736,2018-01-08,27.2,27.07,27.27,26.72,220821,650970096.0,2.03,-0.33,-0.09,0.11
737,2018-01-09,27.12,27.67,27.72,26.97,276254,830430480.0,2.77,2.22,0.6,0.13
738,2018-01-10,27.6,27.54,27.63,27.2,163835,491497952.0,1.55,-0.47,-0.13,0.08
739,2018-01-11,27.42,27.71,27.85,27.3,182726,552746304.0,2.0,0.62,0.17,0.09
740,2018-01-12,27.62,27.81,27.92,27.42,226372,685928496.0,1.8,0.36,0.1,0.11
741,2018-01-15,27.81,28.86,28.99,27.68,507898,1581476336.0,4.71,3.78,1.05,0.24
742,2018-01-16,28.75,28.77,28.86,28.33,275532,858415888.0,1.84,-0.31,-0.09,0.13
743,2018-01-17,28.78,29.25,29.6,28.65,380982,1210640240.0,3.3,1.67,0.48,0.18
744,2018-01-18,29.43,29.01,29.75,28.62,304994,967318272.0,3.86,-0.82,-0.24,0.15
745,2018-01-19,28.93,28.58,29.16,28.41,262194,819326416.0,2.59,-1.48,-0.43,0.13
746,2018-01-22,28.5,28.36,28.81,28.05,266744,825193968.0,2.66,-0.77,-0.22,0.13
747,2018-01-23,28.4,28.55,28.91,28.29,284657,886720240.0,2.19,0.67,0.19,0.14
748,2018-01-24,28.72,28.35,28.98,28.13,256210,795789840.0,2.98,-0.7,-0.2,0.12
749,2018-01-25,28.27,27.71,28.29,27.35,343545,1037487760.0,3.32,-2.26,-0.64,0.16
750,2018-01-26,27.62,28.58,28.65,27.61,274651,844788096.0,3.75,3.14,0.87,0.13
751,2018-01-29,28.7,27.74,28.8,27.54,288492,886377392.0,4.41,-2.94,-0.84,0.14
752,2018-01-30,27.62,27.42,28.01,27.29,191440,577273136.0,2.6,-1.15,-0.32,0.09
753,2018-01-31,27.3,27.68,27.91,27.22,204567,618465888.0,2.52,0.95,0.26,0.1
754,2018-02-01,27.72,28.42,28.58,27.45,370735,1139153872.0,4.08,2.67,0.74,0.18
755,2018-02-02,28.21,28.92,29.11,27.82,424436,1323687584.0,4.54,1.76,0.5,0.2
756,2018-02-05,28.52,29.37,29.51,28.42,374877,1187851200.0,3.77,1.56,0.45,0.18
757,2018-02-06,28.79,28.46,29.2,27.95,458394,1426773488.0,4.26,-3.1,-0.91,0.22
758,2018-02-07,28.74,27.8,29.11,27.34,401778,1238962352.0,6.22,-2.32,-0.66,0.19
759,2018-02-08,27.22,26.17,27.3,25.73,424121,1225982240.0,5.65,-5.86,-1.63,0.2
760,2018-02-09,25.03,24.39,25.03,23.3,394428,1051492464.0,6.61,-6.8,-1.78,0.19
761,2018-02-12,24.06,23.87,24.24,23.42,216464,571263808.0,3.36,-2.13,-0.52,0.1
762,2018-02-13,23.92,23.96,24.5,23.86,287319,770036576.0,2.68,0.38,0.09,0.14
763,2018-02-14,24.02,23.65,24.03,23.31,147740,387341392.0,3.01,-1.29,-0.31,0.07
764,2018-02-22,23.97,24.56,24.58,23.82,204991,549260320.0,3.21,3.85,0.91,0.1
765,2018-02-23,24.58,24.68,25.02,24.32,154863,422296224.0,2.85,0.49,0.12,0.07
766,2018-02-26,24.8,25.17,25.22,24.5,187078,514089760.0,2.92,1.99,0.49,0.09
767,2018-02-27,25.32,24.84,25.35,24.72,155718,428270240.0,2.5,-1.31,-0.33,0.07
768,2018-02-28,24.62,24.28,24.62,24.15,113551,305609312.0,1.89,-2.25,-0.56,0.05
769,2018-03-01,24.1,24.5,24.57,23.97,93617,252680439.0,2.47,0.91,0.22,0.04
770,2018-03-02,24.31,24.19,24.4,24.07,74493,199682754.0,1.35,-1.27,-0.31,0.04
771,2018-03-05,24.18,24.34,24.55,24.15,77091,207234631.0,1.65,0.62,0.15,0.04
772,2018-03-06,24.5,24.93,24.94,24.23,137956,374969008.0,2.92,2.42,0.59,0.07
773,2018-03-07,24.92,24.94,25.29,24.73,134106,370152064.0,2.25,0.04,0.01,0.06
774,2018-03-08,24.92,24.98,25.13,24.82,94803,261364985.0,1.24,0.16,0.04,0.05
775,2018-03-09,25.04,24.87,25.1,24.67,92617,253805089.0,1.72,-0.44,-0.11,0.04
776,2018-03-12,25.03,24.83,25.1,24.6,131300,359085280.0,2.01,-0.16,-0.04,0.06
777,2018-03-13,24.8,24.41,24.91,24.3,102047,277412528.0,2.46,-1.69,-0.42,0.05
778,2018-03-14,24.32,24.23,24.37,24.02,106761,285704848.0,1.43,-0.74,-0.18,0.05
779,2018-03-15,24.04,24.52,24.59,24.04,105982,286181536.0,2.27,1.2,0.29,0.05
780,2018-03-16,24.42,24.36,24.76,24.24,92689,250908419.0,2.12,-0.65,-0.16,0.04
781,2018-03-19,24.29,24.64,24.66,24.05,92399,249372898.0,2.5,1.15,0.28,0.04
782,2018-03-20,24.44,24.4,24.52,24.07,88926,239343254.0,1.83,-0.97,-0.24,0.04
783,2018-03-21,24.69,24.31,24.79,24.03,124252,335217088.0,3.11,-0.37,-0.09,0.06
784,2018-03-22,24.23,24.12,24.27,23.5,138509,367908512.0,3.17,-0.78,-0.19,0.07
785,2018-03-23,23.42,24.12,24.15,23.27,218932,577257712.0,3.65,0.0,0.0,0.11
786,2018-03-26,23.83,23.46,23.89,23.24,117259,305747328.0,2.69,-2.74,-0.66,0.06
787,2018-03-27,23.72,23.58,23.77,23.35,115950,302400336.0,1.79,0.51,0.12,0.06
788,2018-03-28,23.4,22.91,23.68,22.65,144658,372010192.0,4.37,-2.84,-0.67,0.07
789,2018-03-29,22.82,23.15,23.28,22.4,143832,365900592.0,3.84,1.05,0.24,0.07
790,2018-03-30,23.07,22.83,23.08,22.77,84493,215126358.0,1.34,-1.38,-0.32,0.04
791,2018-04-02,22.93,22.83,23.26,22.8,98049,250644749.0,2.01,0.0,0.0,0.05
792,2018-04-03,22.6,22.48,22.76,22.42,87453,219657259.0,1.49,-1.53,-0.35,0.04
793,2018-04-04,22.57,22.44,22.82,22.42,99961,251556373.0,1.78,-0.18,-0.04,0.05
794,2018-04-09,22.44,22.67,22.78,22.32,90608,227943871.0,2.05,1.02,0.23,0.04
795,2018-04-10,22.68,23.17,23.25,22.62,141485,360763904.0,2.78,2.21,0.5,0.07
796,2018-04-11,23.23,23.01,23.28,22.87,121602,311613280.0,1.77,-0.69,-0.16,0.06
797,2018-04-12,23.07,22.76,23.17,22.62,96054,244878810.0,2.39,-1.09,-0.25,0.05
798,2018-04-13,22.93,22.39,22.97,22.32,129386,324878656.0,2.86,-1.63,-0.37,0.06
799,2018-04-16,22.33,21.53,22.36,21.48,153865,374997152.0,3.93,-3.84,-0.86,0.07
800,2018-04-17,21.51,21.67,21.88,21.49,117672,285639360.0,1.81,0.65,0.14,0.06
801,2018-04-18,21.94,21.81,22.06,21.64,95492,233282441.0,1.94,0.65,0.14,0.05
802,2018-04-19,21.97,21.96,22.08,21.83,66070,162200548.0,1.15,0.69,0.15,0.03
803,2018-04-20,21.87,21.62,21.9,21.19,143788,345842112.0,3.23,-1.55,-0.34,0.07
804,2018-04-23,21.62,21.94,21.99,21.53,85591,208724729.0,2.13,1.48,0.32,0.04
805,2018-04-24,21.77,22.39,22.52,21.77,129417,322216880.0,3.42,2.05,0.45,0.06
806,2018-04-25,22.25,22.1,22.34,22.01,74859,185136559.0,1.47,-1.3,-0.29,0.04
807,2018-04-26,22.21,21.75,22.36,21.51,99487,242216936.0,3.85,-1.58,-0.35,0.05
808,2018-04-27,22.01,21.93,22.13,21.42,125669,306830848.0,3.26,0.83,0.18,0.06
809,2018-05-02,22.05,21.79,22.16,21.65,108683,266225071.0,2.33,-0.64,-0.14,0.05
810,2018-05-03,21.82,22.11,22.12,21.52,121149,296791616.0,2.75,1.47,0.32,0.06
811,2018-05-04,22.0,21.77,22.14,21.69,91267,223357730.0,2.04,-1.54,-0.34,0.04
812,2018-05-07,21.77,22.22,22.27,21.67,146987,361520576.0,2.76,2.07,0.45,0.07
813,2018-05-08,22.22,22.87,23.18,22.15,267398,677727984.0,4.64,2.93,0.65,0.13
814,2018-05-09,22.89,22.73,22.91,22.6,96234,243482790.0,1.36,-0.61,-0.14,0.05
815,2018-05-10,22.85,22.84,22.97,22.64,90897,230598703.0,1.45,0.48,0.11,0.04
816,2018-05-11,22.93,22.57,22.97,22.54,72437,182959764.0,1.88,-1.18,-0.27,0.03
817,2018-05-14,22.71,22.77,22.99,22.65,84934,215410050.0,1.51,0.89,0.2,0.04
818,2018-05-15,22.9,22.77,22.9,22.46,75923,191383399.0,1.93,0.0,0.0,0.04
819,2018-05-16,22.64,22.3,22.7,22.28,79577,199402484.0,1.84,-2.06,-0.47,0.04
820,2018-05-17,22.37,22.46,22.58,22.3,66464,166439153.0,1.26,0.72,0.16,0.03
821,2018-05-18,22.32,22.8,22.81,22.31,88616,222827093.0,2.23,1.51,0.34,0.04
822,2018-05-21,22.88,22.8,22.96,22.63,106510,270535120.0,1.45,0.0,0.0,0.05
823,2018-05-22,22.8,22.62,22.8,22.42,74860,188330585.0,1.67,-0.79,-0.18,0.04
824,2018-05-23,22.57,22.17,22.57,22.16,87413,217667425.0,1.81,-1.99,-0.45,0.04
825,2018-05-24,22.23,22.3,22.48,22.12,60764,151380461.0,1.62,0.59,0.13,0.03
826,2018-05-25,22.37,22.34,22.46,22.12,55927,139121079.0,1.52,0.18,0.04,0.03
827,2018-05-28,22.43,22.44,22.57,22.27,66791,167137923.0,1.34,0.45,0.1,0.03
828,2018-05-29,22.32,22.55,22.57,21.75,121121,299910112.0,3.65,0.49,0.11,0.06
829,2018-05-30,22.1,21.74,22.29,21.73,78763,193279794.0,2.48,-3.59,-0.81,0.04
830,2018-05-31,21.87,21.98,22.06,21.67,72025,176404212.0,1.79,1.1,0.24,0.03
831,2018-06-01,21.98,21.94,22.05,21.71,79420,194250013.0,1.55,-0.18,-0.04,0.04
832,2018-06-04,22.06,22.38,22.51,21.9,112134,279075520.0,2.78,2.01,0.44,0.05
833,2018-06-05,22.38,22.56,22.67,22.02,132211,330272448.0,2.9,0.8,0.18,0.06
834,2018-06-06,22.38,22.27,22.47,22.15,76493,190229457.0,1.42,-1.29,-0.29,0.04
835,2018-06-07,22.39,22.61,22.94,22.39,156520,395300672.0,2.47,1.53,0.34,0.08
836,2018-06-08,22.52,21.9,22.52,21.71,133813,329164192.0,3.58,-3.14,-0.71,0.06
837,2018-06-11,21.77,21.69,21.82,21.48,83314,201654792.0,1.55,-0.96,-0.21,0.04
838,2018-06-12,21.65,21.86,21.97,21.57,90227,220314052.0,1.84,0.78,0.17,0.04
839,2018-06-13,21.75,21.9,22.05,21.69,77887,190230421.0,1.65,0.18,0.04,0.04
840,2018-06-14,21.8,21.99,22.34,21.79,103916,256580888.0,2.51,0.41,0.09,0.05
841,2018-06-15,21.88,22.1,22.12,21.87,117482,289031536.0,1.14,0.5,0.11,0.06
842,2018-06-19,21.71,22.36,22.4,21.55,360017,887892992.0,3.85,1.18,0.26,0.17
843,2018-06-20,22.1,21.87,22.21,21.53,128003,312895952.0,3.04,-2.19,-0.49,0.06
844,2018-06-21,21.81,20.95,21.81,20.83,110071,259769548.0,4.48,-4.21,-0.92,0.05
845,2018-06-22,20.76,20.65,20.86,20.26,89668,203834489.0,2.86,-1.43,-0.3,0.04
846,2018-06-25,20.71,20.09,20.82,20.0,87831,197593401.0,3.97,-2.71,-0.56,0.04
847,2018-06-26,19.92,20.01,20.08,19.34,80452,176574355.0,3.68,-0.4,-0.08,0.04
848,2018-06-27,19.9,20.02,20.17,19.68,66683,147436526.0,2.45,0.05,0.01,0.03
849,2018-06-28,19.72,20.03,20.32,19.7,56392,125288370.0,3.1,0.05,0.01,0.03
850,2018-06-29,20.26,20.34,20.35,19.98,64684,144792479.0,1.85,1.55,0.31,0.03
851,2018-07-02,20.15,19.34,20.26,19.04,80473,176616038.0,6.0,-4.92,-1.0,0.04
852,2018-07-03,19.38,19.95,19.99,19.27,77514,169563121.0,3.72,3.15,0.61,0.04
853,2018-07-04,19.92,19.91,20.21,19.69,68709,151717002.0,2.61,-0.2,-0.04,0.03
854,2018-07-05,19.91,20.24,20.26,19.71,109244,242690652.0,2.76,1.66,0.33,0.05
855,2018-07-06,20.31,20.4,20.6,19.98,98254,221246921.0,3.06,0.79,0.16,0.05
856,2018-07-09,20.38,20.67,20.75,20.3,71316,162446098.0,2.21,1.32,0.27,0.03
857,2018-07-10,20.74,20.56,20.77,20.27,71204,161642246.0,2.42,-0.53,-0.11,0.03
858,2018-07-11,19.97,19.98,20.26,19.82,51061,113260537.0,2.14,-2.82,-0.58,0.02
859,2018-07-12,20.0,20.57,20.77,19.97,89746,203542623.0,4.0,2.95,0.59,0.04
860,2018-07-13,20.62,20.53,20.71,20.47,33790,76818078.0,1.17,-0.19,-0.04,0.02
861,2018-07-16,20.52,20.5,20.7,20.3,33784,76392497.0,1.95,-0.15,-0.03,0.02
862,2018-07-17,20.58,20.47,20.61,20.3,33147,75034937.0,1.51,-0.15,-0.03,0.02
863,2018-07-18,20.77,20.5,20.83,20.38,55096,125478991.0,2.2,0.15,0.03,0.03
864,2018-07-19,20.6,20.76,20.95,20.52,72785,167278811.0,2.1,1.27,0.26,0.03
865,2018-07-20,20.7,21.47,21.71,20.62,113874,266733538.0,5.25,3.42,0.71,0.05
866,2018-07-23,21.23,21.48,21.66,21.12,77249,182111480.0,2.52,0.05,0.01,0.04
867,2018-07-24,21.48,21.66,22.15,21.35,112657,270484224.0,3.72,0.84,0.18,0.05
868,2018-07-25,21.93,21.56,21.93,21.47,46785,111096829.0,2.12,-0.46,-0.1,0.02
869,2018-07-26,21.54,21.36,21.68,21.23,51055,120443194.0,2.09,-0.93,-0.2,0.02
870,2018-07-27,21.43,21.37,21.46,21.23,31410,73895276.0,1.08,0.05,0.01,0.02
871,2018-07-30,21.26,21.46,21.57,21.13,54455,127973965.0,2.06,0.42,0.09,0.03
872,2018-07-31,21.47,21.27,21.47,21.12,62563,146560513.0,1.63,-0.89,-0.19,0.03
873,2018-08-01,21.27,20.58,21.52,20.56,79871,185273513.0,4.51,-3.24,-0.69,0.04
874,2018-08-02,20.54,20.08,20.71,19.64,77875,173726145.0,5.2,-2.43,-0.5,0.04
875,2018-08-03,20.06,19.83,20.19,19.82,37488,83032081.0,1.84,-1.25,-0.25,0.02
876,2018-08-06,19.98,19.46,20.13,19.32,72087,157156407.0,4.08,-1.87,-0.37,0.03
877,2018-08-07,19.46,19.97,19.98,19.45,61981,135904345.0,2.72,2.62,0.51,0.03
878,2018-08-08,19.97,19.81,20.06,19.73,48187,106266073.0,1.65,-0.8,-0.16,0.02
879,2018-08-09,19.62,20.18,20.39,19.56,67235,150114448.0,4.19,1.87,0.37,0.03
880,2018-08-10,20.16,20.13,20.22,19.93,36399,80987659.0,1.44,-0.25,-0.05,0.02
881,2018-08-13,19.91,19.9,20.01,19.54,51410,112751637.0,2.33,-1.14,-0.23,0.02
882,2018-08-14,19.82,19.96,20.04,19.75,39546,87424339.0,1.46,0.3,0.06,0.02
883,2018-08-15,19.97,19.46,20.04,19.43,52709,115138320.0,3.06,-2.51,-0.5,0.03
884,2018-08-16,19.36,19.64,19.81,19.07,54354,118219171.0,3.8,0.92,0.18,0.03
885,2018-08-17,19.94,19.42,19.94,19.36,45435,99573799.0,2.95,-1.12,-0.22,0.02
886,2018-08-20,19.81,19.81,19.85,19.52,49832,109216301.0,1.7,2.01,0.39,0.02
887,2018-08-21,19.91,20.15,20.28,19.79,74937,167319398.0,2.47,1.72,0.34,0.04
888,2018-08-22,20.16,20.14,20.24,19.96,41753,93061559.0,1.39,-0.05,-0.01,0.02
889,2018-08-23,20.14,20.27,20.39,19.99,57879,129638911.0,1.99,0.65,0.13,0.03
890,2018-08-24,19.97,20.39,20.58,19.9,83459,187135075.0,3.35,0.59,0.12,0.04
891,2018-08-27,20.44,20.42,20.48,20.16,96567,217544975.0,1.57,0.15,0.03,0.05
892,2018-08-28,20.43,20.18,20.46,20.12,62260,139481885.0,1.67,-1.18,-0.24,0.03
893,2018-08-29,20.17,20.23,20.3,20.14,38076,85254660.0,0.79,0.25,0.05,0.02
894,2018-08-30,20.27,19.79,20.29,19.78,64329,142804318.0,2.52,-2.17,-0.44,0.03
895,2018-08-31,19.62,19.92,20.12,19.58,64988,143914592.0,2.73,0.66,0.13,0.03
896,2018-09-03,19.83,19.94,20.01,19.68,44429,97872364.0,1.66,0.1,0.02,0.02
897,2018-09-04,19.83,20.08,20.2,19.75,59394,131646329.0,2.26,0.7,0.14,0.03
898,2018-09-05,19.89,19.53,20.01,19.53,58692,128705903.0,2.39,-2.74,-0.55,0.03
899,2018-09-06,19.55,19.45,19.78,19.37,43962,95611008.0,2.1,-0.41,-0.08,0.02
900,2018-09-07,19.44,19.39,19.7,19.32,46609,100899465.0,1.95,-0.31,-0.06,0.02
901,2018-09-10,19.35,19.08,19.38,18.95,45358,96427372.0,2.22,-1.6,-0.31,0.02
902,2018-09-11,19.02,18.93,19.15,18.74,57172,120811595.0,2.15,-0.79,-0.15,0.03
903,2018-09-12,18.86,18.88,18.94,18.66,41075,86207713.0,1.48,-0.26,-0.05,0.02
904,2018-09-13,19.04,19.08,19.15,18.85,44346,93854726.0,1.59,1.06,0.2,0.02
905,2018-09-14,19.21,18.9,19.21,18.89,40307,85350252.0,1.68,-0.94,-0.18,0.02
906,2018-09-17,18.74,18.63,18.83,18.61,32979,68848936.0,1.16,-1.43,-0.27,0.02
907,2018-09-18,18.52,18.98,18.99,18.52,41688,87448881.0,2.52,1.88,0.35,0.02
908,2018-09-19,18.96,19.22,19.37,18.89,65356,139665654.0,2.53,1.26,0.24,0.03
909,2018-09-20,19.22,19.11,19.34,19.03,46302,98724652.0,1.61,-0.57,-0.11,0.02
910,2018-09-21,19.15,19.88,19.92,19.09,99248,216100667.0,4.34,4.03,0.77,0.05
911,2018-09-25,19.68,19.74,19.89,19.62,43449,95245894.0,1.36,-0.7,-0.14,0.02
912,2018-09-26,19.89,20.27,20.46,19.83,120618,270343232.0,3.19,2.68,0.53,0.06
913,2018-09-27,20.26,20.31,20.49,20.04,61926,138725341.0,2.22,0.2,0.04,0.03
914,2018-09-28,20.37,20.5,20.78,20.26,88266,200163489.0,2.56,0.94,0.19,0.04
915,2018-10-08,19.97,19.55,20.01,19.47,90674,198491237.0,2.63,-4.63,-0.95,0.04
916,2018-10-09,19.42,19.55,19.63,19.31,43036,93213121.0,1.64,0.0,0.0,0.02
917,2018-10-10,19.47,19.54,19.77,19.32,38143,82724383.0,2.3,-0.05,-0.01,0.02
918,2018-10-11,18.82,18.82,19.2,18.54,80102,168752595.0,3.38,-3.68,-0.72,0.04
919,2018-10-12,18.93,19.21,19.27,18.64,83037,175352471.0,3.35,2.07,0.39,0.04
920,2018-10-15,19.05,18.88,19.2,18.83,38630,81706566.0,1.93,-1.72,-0.33,0.02
921,2018-10-16,18.92,18.99,19.3,18.83,52515,111602398.0,2.49,0.58,0.11,0.03
922,2018-10-17,19.24,19.16,19.29,18.9,52563,112224931.0,2.05,0.9,0.17,0.03
923,2018-10-18,19.0,18.74,19.22,18.7,50596,106685630.0,2.71,-2.19,-0.42,0.02
924,2018-10-19,18.51,19.59,19.78,18.48,104691,223721753.0,6.94,4.54,0.85,0.05
925,2018-10-22,19.57,21.14,21.67,19.52,204747,466848720.0,10.97,7.91,1.55,0.1
926,2018-10-23,21.01,20.47,21.12,20.39,126824,291074288.0,3.45,-3.17,-0.67,0.06
927,2018-10-24,20.47,20.69,21.16,20.44,134623,309817760.0,3.52,1.07,0.22,0.06
928,2018-10-25,20.27,21.17,21.17,20.15,109823,251510906.0,4.93,2.32,0.48,0.05
929,2018-10-26,20.87,20.35,21.02,20.15,125323,284393408.0,4.11,-3.87,-0.82,0.06
930,2018-10-29,20.57,19.49,20.57,19.13,124260,271883712.0,7.08,-4.23,-0.86,0.06
931,2018-10-30,19.51,19.49,20.04,19.33,107324,234973851.0,3.64,0.0,0.0,0.05
932,2018-10-31,19.64,19.69,19.81,19.2,84678,183723416.0,3.13,1.03,0.2,0.04
933,2018-11-01,19.81,19.69,20.33,19.63,115791,256044849.0,3.56,0.0,0.0,0.06
934,2018-11-02,20.17,20.49,20.54,19.78,178223,398737344.0,3.86,4.06,0.8,0.09
935,2018-11-05,20.27,20.52,20.52,19.94,112109,251018457.0,2.83,0.15,0.03,0.05
936,2018-11-06,20.38,20.46,20.57,20.18,69294,156230040.0,1.9,-0.29,-0.06,0.03
937,2018-11-07,20.46,20.07,20.5,20.0,66612,149211962.0,2.44,-1.91,-0.39,0.03
938,2018-11-08,20.3,20.07,20.3,19.99,47734,106625184.0,1.54,0.0,0.0,0.02
939,2018-11-09,19.92,19.68,20.12,19.61,59175,130200755.0,2.54,-1.94,-0.39,0.03
940,2018-11-12,19.7,19.83,19.91,19.42,51155,111851524.0,2.49,0.76,0.15,0.02
941,2018-11-13,19.52,20.07,20.32,19.47,78468,173671572.0,4.29,1.21,0.24,0.04
942,2018-11-14,20.14,19.83,20.27,19.7,62380,137780761.0,2.84,-1.2,-0.24,0.03
943,2018-11-15,19.82,20.51,20.51,19.82,103947,232736322.0,3.48,3.43,0.68,0.05
944,2018-11-16,20.51,20.39,20.69,20.18,116278,263129200.0,2.49,-0.59,-0.12,0.06
945,2018-11-19,20.39,20.55,20.68,20.27,95680,216749844.0,2.01,0.78,0.16,0.05
946,2018-11-20,20.47,19.9,20.47,19.87,107253,238467535.0,2.92,-3.16,-0.65,0.05
947,2018-11-21,19.82,19.74,20.03,19.63,73510,161405875.0,2.01,-0.8,-0.16,0.04
948,2018-11-22,19.86,19.72,19.86,19.53,54831,119847347.0,1.67,-0.1,-0.02,0.03
949,2018-11-23,19.72,19.23,19.92,19.2,65455,141518251.0,3.65,-2.48,-0.49,0.03
950,2018-11-26,19.44,19.25,19.53,19.14,39697,85321220.0,2.03,0.1,0.02,0.02
951,2018-11-27,19.26,19.23,19.47,19.12,36653,78694999.0,1.82,-0.1,-0.02,0.02
952,2018-11-28,19.21,19.42,19.51,19.18,40892,88238737.0,1.72,0.99,0.19,0.02
953,2018-11-29,19.54,19.3,19.56,19.29,40680,87882129.0,1.39,-0.62,-0.12,0.02
954,2018-11-30,19.2,19.4,19.45,19.2,34185,73615839.0,1.3,0.52,0.1,0.02
955,2018-12-03,19.94,20.01,20.15,19.67,101539,224859275.0,2.47,3.14,0.61,0.05
956,2018-12-04,19.99,20.02,20.03,19.81,37412,82674003.0,1.1,0.05,0.01,0.02
957,2018-12-05,19.72,19.83,19.98,19.69,39235,86243076.0,1.45,-0.95,-0.19,0.02
958,2018-12-06,19.53,19.41,19.72,19.34,50558,109337004.0,1.92,-2.12,-0.42,0.02
959,2018-12-07,19.37,19.37,19.5,19.33,23879,51534983.0,0.88,-0.21,-0.04,0.01
960,2018-12-10,19.21,19.12,19.37,19.05,36573,77966485.0,1.65,-1.29,-0.25,0.02
961,2018-12-11,19.11,19.19,19.27,19.09,25616,54695684.0,0.94,0.37,0.07,0.01
962,2018-12-12,19.4,19.29,19.4,19.22,25604,54949358.0,0.94,0.52,0.1,0.01
963,2018-12-13,19.3,19.48,19.55,19.14,44488,96161256.0,2.13,0.98,0.19,0.02
964,2018-12-14,19.34,19.1,19.41,19.1,46593,99715136.0,1.59,-1.95,-0.38,0.02
965,2018-12-17,19.15,19.37,19.42,19.12,42176,90615205.0,1.57,1.41,0.27,0.02
966,2018-12-18,19.28,19.23,19.49,19.13,41738,89762152.0,1.86,-0.72,-0.14,0.02
967,2018-12-19,19.27,19.38,19.51,19.22,44305,95625755.0,1.51,0.78,0.15,0.02
968,2018-12-20,19.32,19.32,19.55,19.13,42173,90678949.0,2.17,-0.31,-0.06,0.02
969,2018-12-21,19.16,19.1,19.32,18.87,47979,101613154.0,2.33,-1.14,-0.22,0.02
970,2018-12-24,18.82,18.75,19.02,18.63,55262,115723485.0,2.04,-1.83,-0.35,0.03
971,2018-12-25,18.52,18.33,18.53,18.0,64560,131752810.0,2.83,-2.24,-0.42,0.03
972,2018-12-26,18.29,18.15,18.45,18.0,39433,80470750.0,2.45,-0.98,-0.18,0.02
973,2018-12-27,18.35,18.18,18.44,17.98,74595,151963955.0,2.53,0.17,0.03,0.04
974,2018-12-28,18.19,18.21,18.46,18.19,52822,108299127.0,1.49,0.17,0.03,0.03
975,2019-01-02,18.22,17.77,18.34,17.6,64051,127969762.0,4.06,-2.42,-0.44,0.03
976,2019-01-03,17.76,17.98,18.15,17.74,46153,92670930.0,2.31,1.18,0.21,0.02
977,2019-01-04,17.8,18.31,18.46,17.67,76166,155085458.0,4.39,1.84,0.33,0.04
978,2019-01-07,18.41,18.05,18.44,17.9,102205,207967607.0,2.95,-1.42,-0.26,0.05
979,2019-01-08,18.06,17.81,18.15,17.72,79915,160148530.0,2.38,-1.33,-0.24,0.04
980,2019-01-09,18.02,18.15,18.36,17.93,96097,195709419.0,2.41,1.91,0.34,0.05
981,2019-01-10,18.03,18.12,18.2,17.82,60428,122296881.0,2.09,-0.17,-0.03,0.03
982,2019-01-11,18.1,18.27,18.46,18.08,66134,135345410.0,2.1,0.83,0.15,0.03
983,2019-01-14,18.04,17.99,18.26,17.93,65235,131769661.0,1.81,-1.53,-0.28,0.03
984,2019-01-15,18.1,18.29,18.33,17.97,55773,113624137.0,2.0,1.67,0.3,0.03
985,2019-01-16,18.21,18.65,18.69,18.16,92442,191026891.0,2.9,1.97,0.36,0.04
986,2019-01-17,18.77,18.9,19.33,18.77,162680,345532368.0,3.0,1.34,0.25,0.08
987,2019-01-18,19.12,19.33,19.37,18.92,109011,233518588.0,2.38,2.28,0.43,0.05
988,2019-01-21,19.23,20.08,20.08,19.21,174233,384186192.0,4.5,3.88,0.75,0.08
989,2019-01-22,20.09,19.72,20.1,19.63,71606,157531912.0,2.34,-1.79,-0.36,0.03
990,2019-01-23,19.61,19.72,20.01,19.54,50836,111431711.0,2.38,0.0,0.0,0.02
991,2019-01-24,19.91,19.67,19.92,19.47,47317,103468622.0,2.28,-0.25,-0.05,0.02
992,2019-01-25,19.86,20.12,20.4,19.82,104513,233068776.0,2.95,2.29,0.45,0.05
993,2019-01-28,20.21,20.1,20.46,19.85,53843,120391639.0,3.03,-0.1,-0.02,0.03
994,2019-01-29,19.9,20.29,20.44,19.85,73940,165300426.0,2.94,0.95,0.19,0.04
995,2019-01-30,19.32,19.88,20.13,19.32,163679,360057632.0,3.99,-2.02,-0.41,0.08
996,2019-01-31,19.88,20.58,20.91,19.63,163927,371691744.0,6.44,3.52,0.7,0.08
997,2019-02-01,20.82,20.69,20.95,20.42,90430,206245324.0,2.58,0.53,0.11,0.04
998,2019-02-11,20.4,20.67,20.77,20.14,92194,208656958.0,3.04,-0.1,-0.02,0.04
999,2019-02-12,20.67,20.52,20.72,20.33,80360,181803839.0,1.89,-0.73,-0.15,0.04
1000,2019-02-13,20.47,21.11,21.35,20.36,156186,358726496.0,4.82,2.88,0.59,0.08
1001,2019-02-14,20.98,20.96,21.09,20.87,71340,165142273.0,1.04,-0.71,-0.15,0.03
1002,2019-02-15,20.88,20.28,21.02,20.25,88053,199716894.0,3.67,-3.24,-0.68,0.04
1003,2019-02-18,20.42,21.27,21.42,20.42,133326,307958080.0,4.93,4.88,0.99,0.06
1004,2019-02-19,21.27,22.02,22.7,21.23,248901,604724656.0,6.91,3.53,0.75,0.12
1005,2019-02-20,22.19,23.0,23.02,21.98,206112,512799584.0,4.72,4.45,0.98,0.1
1006,2019-02-21,22.9,22.27,23.23,22.22,165415,411476080.0,4.39,-3.17,-0.73,0.08
1007,2019-02-22,22.66,23.78,23.93,22.0,275112,688644144.0,8.67,6.78,1.51,0.13
1008,2019-02-25,24.82,26.38,26.38,24.77,536878,1509784944.0,6.77,10.93,2.6,0.26
1009,2019-02-26,27.53,26.37,27.67,26.12,458820,1338445152.0,5.88,-0.04,-0.01,0.22
1010,2019-02-27,25.99,27.12,27.82,25.98,342544,1000060928.0,6.98,2.84,0.75,0.16
1011,2019-02-28,26.82,26.2,26.89,26.01,150173,428796496.0,3.24,-3.39,-0.92,0.07
1012,2019-03-01,26.06,28.92,28.92,26.06,308868,911324448.0,10.92,10.38,2.72,0.15
1013,2019-03-04,28.92,28.84,30.82,28.15,498015,1563225376.0,9.23,-0.28,-0.08,0.24
1014,2019-03-05,28.55,28.53,28.67,27.78,261382,794216768.0,3.09,-1.07,-0.31,0.13
1015,2019-03-06,28.12,29.3,29.32,27.82,266341,814293888.0,5.26,2.7,0.77,0.13
1016,2019-03-07,28.92,28.17,28.92,27.78,288254,877943344.0,3.89,-3.86,-1.13,0.14
1017,2019-03-08,26.48,25.98,27.2,25.71,337920,964942544.0,5.29,-7.77,-2.19,0.16
1018,2019-03-11,25.9,26.62,26.82,25.56,250545,711490880.0,4.85,2.46,0.64,0.12
1019,2019-03-12,26.7,26.42,27.32,26.12,190093,551190176.0,4.51,-0.75,-0.2,0.09
1020,2019-03-13,26.5,26.56,26.97,25.94,179848,514989216.0,3.9,0.53,0.14,0.09
1021,2019-03-14,26.57,26.2,26.89,25.98,168024,482128384.0,3.43,-1.36,-0.36,0.08
1022,2019-03-15,26.21,26.57,27.4,26.21,184391,536108416.0,4.54,1.41,0.37,0.09
1023,2019-03-18,26.67,27.42,27.78,26.21,209105,611753872.0,5.91,3.2,0.85,0.1
1024,2019-03-19,27.54,27.39,28.19,27.22,185550,556057904.0,3.54,-0.11,-0.03,0.09
1025,2019-03-20,27.1,27.24,27.7,26.68,155861,456954816.0,3.72,-0.55,-0.15,0.07
1026,2019-03-21,27.22,27.22,27.76,26.86,171206,505806448.0,3.3,-0.07,-0.02,0.08
1027,2019-03-22,27.22,26.71,27.22,26.33,132608,383046704.0,3.27,-1.87,-0.51,0.06
1028,2019-03-25,26.17,25.14,26.17,25.08,248000,688637120.0,4.08,-5.88,-1.57,0.12
1029,2019-03-26,25.42,24.72,25.47,24.62,141089,384497856.0,3.38,-1.67,-0.42,0.07
1030,2019-03-27,25.03,24.81,25.21,24.69,90866,246421066.0,2.1,0.36,0.09,0.04
1031,2019-03-28,24.54,24.2,24.57,23.97,166638,440623456.0,2.42,-2.46,-0.61,0.08
1032,2019-03-29,24.37,26.14,26.15,24.26,259588,717613808.0,7.81,8.02,1.94,0.12
1033,2019-04-01,26.31,26.64,27.42,26.31,278001,806555424.0,4.25,1.91,0.5,0.13
1034,2019-04-02,26.74,26.72,27.14,26.36,177910,514976288.0,2.93,0.3,0.08,0.09
1035,2019-04-03,26.37,26.72,26.77,26.1,194589,556997280.0,2.51,0.0,0.0,0.09
1036,2019-04-04,27.1,27.17,27.87,26.84,240969,712700240.0,3.85,1.68,0.45,0.12
1037,2019-04-08,27.24,27.94,28.31,27.13,307166,919198736.0,4.34,2.83,0.77,0.15
1038,2019-04-09,27.64,27.18,27.94,26.82,141848,418511904.0,4.01,-2.72,-0.76,0.07
1039,2019-04-10,26.82,26.89,27.3,26.32,129813,374600416.0,3.61,-1.07,-0.29,0.06
1040,2019-04-11,26.81,26.47,27.3,26.32,110544,319202976.0,3.64,-1.56,-0.42,0.05
1041,2019-04-12,26.55,26.41,26.92,26.22,74559,213770424.0,2.64,-0.23,-0.06,0.04
1042,2019-04-15,27.02,26.78,27.92,26.74,248971,739179952.0,4.47,1.4,0.37,0.12
1043,2019-04-16,26.73,27.92,28.02,26.68,212949,632977696.0,5.0,4.26,1.14,0.1
1044,2019-04-17,27.82,27.66,28.33,27.42,189919,570034944.0,3.26,-0.93,-0.26,0.09
1045,2019-04-18,27.54,27.91,27.99,27.22,109826,327475680.0,2.78,0.9,0.25,0.05
1046,2019-04-19,28.82,29.2,29.47,28.45,311863,970760384.0,3.65,4.62,1.29,0.15
1047,2019-04-22,29.32,27.7,29.32,27.62,262617,803003808.0,5.82,-5.14,-1.5,0.13
1048,2019-04-23,27.5,27.95,28.38,27.37,148043,444619168.0,3.65,0.9,0.25,0.07
1049,2019-04-24,28.08,27.52,28.12,27.0,127971,380901984.0,4.01,-1.54,-0.43,0.06
1050,2019-04-25,27.27,27.31,27.91,27.18,131428,389838416.0,2.65,-0.76,-0.21,0.06
1051,2019-04-26,27.34,27.9,28.62,27.24,243745,735374128.0,5.05,2.16,0.59,0.12
1052,2019-04-29,28.18,28.81,29.1,27.84,272414,837215008.0,4.52,3.26,0.91,0.13
1053,2019-04-30,28.5,28.12,28.72,27.59,189619,573089040.0,3.92,-2.4,-0.69,0.09
1054,2019-05-06,26.82,25.4,27.01,25.09,305027,852156080.0,6.83,-9.67,-2.72,0.15
1055,2019-05-07,25.76,25.49,25.98,25.02,182708,505330800.0,3.78,0.35,0.09,0.09
1056,2019-05-08,24.66,24.82,25.29,24.36,133467,359825904.0,3.65,-2.63,-0.67,0.06
1057,2019-05-09,24.56,23.82,24.77,23.68,162436,426052320.0,4.39,-4.03,-1.0,0.08
1058,2019-05-10,24.07,24.83,24.9,23.64,192820,512642528.0,5.29,4.24,1.01,0.09
1059,2019-05-13,24.46,23.25,24.46,23.13,269443,697146160.0,5.36,-6.36,-1.58,0.13
1060,2019-05-14,22.88,23.55,23.82,22.88,160021,411245664.0,4.04,1.29,0.3,0.08
1061,2019-05-15,23.75,23.94,24.17,23.6,149053,388427936.0,2.42,1.66,0.39,0.07
1062,2019-05-16,23.82,23.85,24.12,23.62,83175,216189547.0,2.09,-0.38,-0.09,0.04
1063,2019-05-17,23.88,23.17,23.9,23.05,114038,290997616.0,3.56,-2.85,-0.68,0.05
1064,2019-05-20,22.84,23.34,23.61,22.8,82066,209036376.0,3.5,0.73,0.17,0.04
1065,2019-05-21,23.27,23.58,23.8,23.18,113858,292999200.0,2.66,1.03,0.24,0.05
1066,2019-05-22,23.54,23.27,23.68,23.12,71647,182666603.0,2.37,-1.31,-0.31,0.03
1067,2019-05-23,23.26,22.96,23.26,22.83,91751,230696402.0,1.85,-1.33,-0.31,0.04
1068,2019-05-24,23.12,23.12,23.32,23.02,84139,213323831.0,1.31,0.7,0.16,0.04
1069,2019-05-27,23.03,23.48,23.54,22.62,135547,342438384.0,3.98,1.56,0.36,0.07
1070,2019-05-28,23.26,23.53,23.71,23.24,117493,301270480.0,2.0,0.21,0.05,0.06
1071,2019-05-29,23.32,24.77,25.7,23.13,343076,917721840.0,10.92,5.27,1.24,0.16
1072,2019-05-30,24.32,24.19,24.53,23.92,136530,360043584.0,2.46,-2.34,-0.58,0.07
1073,2019-05-31,24.22,23.94,24.4,23.93,103763,273062192.0,1.94,-1.03,-0.25,0.05
1074,2019-06-03,24.03,24.03,24.47,23.71,113306,297225440.0,3.17,0.38,0.09,0.05
1075,2019-06-04,24.02,23.86,24.07,23.53,87546,227351628.0,2.25,-0.71,-0.17,0.04
1076,2019-06-05,24.17,23.88,24.25,23.82,86044,225499869.0,1.8,0.08,0.02,0.04
1077,2019-06-06,23.85,23.89,24.2,23.76,83191,217619528.0,1.84,0.04,0.01,0.04
1078,2019-06-10,24.08,24.27,24.42,23.9,103331,272755600.0,2.18,1.59,0.38,0.05
1079,2019-06-11,24.19,24.88,25.11,24.15,183851,494874784.0,3.96,2.51,0.61,0.09
1080,2019-06-12,24.7,24.61,24.9,24.52,76948,206468407.0,1.53,-1.09,-0.27,0.04
1081,2019-06-13,24.53,24.61,24.77,24.26,76503,204313187.0,2.07,0.0,0.0,0.04
1082,2019-06-14,24.61,24.4,24.9,24.24,83450,222421791.0,2.68,-0.85,-0.21,0.04
1083,2019-06-17,24.42,24.56,24.75,24.35,68106,182271297.0,1.64,0.66,0.16,0.03
1084,2019-06-18,24.56,24.65,24.71,24.43,56812,152180438.0,1.14,0.37,0.09,0.03
1085,2019-06-19,25.53,24.8,25.64,24.78,131970,359359280.0,3.49,0.61,0.15,0.06
1086,2019-06-20,24.95,26.36,26.42,24.91,289153,806630080.0,6.09,6.29,1.56,0.14
1087,2019-06-21,26.34,26.24,26.58,25.96,155841,439183216.0,2.35,-0.46,-0.12,0.07
1088,2019-06-24,26.28,26.46,26.66,26.0,107547,304824304.0,2.52,0.84,0.22,0.05
1089,2019-06-25,26.46,25.9,26.46,25.5,111119,310235280.0,3.63,-2.12,-0.56,0.05
1090,2019-06-26,25.67,25.98,26.24,25.62,83730,234697254.0,2.39,0.31,0.08,0.04
1091,2019-06-27,26.17,26.45,26.64,26.04,116793,332612896.0,2.31,1.81,0.47,0.06
1092,2019-06-28,26.55,26.3,26.56,26.09,82642,233800371.0,1.78,-0.57,-0.15,0.04
1093,2019-07-01,26.93,27.74,27.81,26.86,196063,576239792.0,3.61,5.48,1.44,0.09
1094,2019-07-02,27.68,27.33,27.68,27.1,106874,314352832.0,2.09,-1.48,-0.41,0.05
1095,2019-07-03,27.26,27.01,27.33,26.81,92926,269528256.0,1.9,-1.17,-0.32,0.04
1096,2019-07-04,27.13,26.73,27.26,26.59,76732,221669350.0,2.48,-1.04,-0.28,0.04
1097,2019-07-05,26.94,27.35,27.48,26.81,107014,313156992.0,2.51,2.32,0.62,0.05
1098,2019-07-08,27.1,26.28,27.11,26.08,128522,365757616.0,3.77,-3.91,-1.07,0.06
1099,2019-07-09,26.2,26.39,26.53,26.16,69829,197886466.0,1.41,0.42,0.11,0.03
1100,2019-07-10,26.63,26.25,26.76,26.24,67728,192980386.0,1.97,-0.53,-0.14,0.03
1101,2019-07-11,26.59,27.18,27.65,26.49,244370,714533600.0,4.42,3.54,0.93,0.12
1102,2019-07-12,27.14,28.65,29.03,27.14,315399,952508016.0,6.95,5.41,1.47,0.15
1103,2019-07-15,28.47,28.66,29.03,27.97,203078,619996896.0,3.7,0.03,0.01,0.1
1104,2019-07-16,28.44,28.11,28.7,27.92,152777,460722400.0,2.72,-1.92,-0.55,0.07
1105,2019-07-17,27.98,28.04,28.26,27.76,129228,387904512.0,1.78,-0.25,-0.07,0.06
1106,2019-07-18,27.78,28.06,28.35,27.62,121869,366592896.0,2.6,0.07,0.02,0.06
1107,2019-07-19,28.05,28.11,28.42,27.89,121905,367640288.0,1.89,0.18,0.05,0.06
1108,2019-07-22,28.17,28.23,28.77,27.7,153521,464880288.0,3.81,0.43,0.12,0.07
1109,2019-07-23,28.34,27.78,28.37,27.35,130573,389272448.0,3.61,-1.59,-0.45,0.06
1110,2019-07-24,27.8,28.48,28.76,27.8,150967,458886848.0,3.46,2.52,0.7,0.07
1111,2019-07-25,28.44,28.66,28.74,28.13,111773,340236672.0,2.14,0.63,0.18,0.05
1112,2019-07-26,28.29,28.28,28.54,28.07,82376,249488620.0,1.64,-1.33,-0.38,0.04
1113,2019-07-29,28.23,27.91,28.25,27.68,126879,378974368.0,2.02,-1.31,-0.37,0.06
1114,2019-07-30,28.51,28.34,28.86,28.18,186425,569254240.0,2.44,1.54,0.43,0.09
1115,2019-07-31,28.18,27.67,28.25,27.67,163081,487488928.0,2.05,-2.36,-0.67,0.08
1116,2019-08-01,27.38,27.55,27.75,27.08,157128,462202736.0,2.42,-0.43,-0.12,0.08
1117,2019-08-02,26.89,27.01,27.22,26.78,120703,350465824.0,1.6,-1.96,-0.54,0.06
1118,2019-08-05,26.96,26.48,27.01,26.3,118525,339928384.0,2.63,-1.96,-0.53,0.06
1119,2019-08-06,25.98,26.34,26.46,25.5,173558,486073392.0,3.63,-0.53,-0.14,0.08
1120,2019-08-07,26.53,25.88,26.56,25.88,112326,316345360.0,2.58,-1.75,-0.46,0.05
1121,2019-08-08,26.3,26.08,26.32,25.88,88981,250054453.0,1.7,0.77,0.2,0.04
1122,2019-08-09,26.26,26.15,26.45,26.01,113221,319937440.0,1.69,0.27,0.07,0.05
1123,2019-08-12,25.98,26.53,26.53,25.85,108783,307664768.0,2.6,1.45,0.38,0.05
1124,2019-08-13,26.26,25.68,26.27,25.64,113416,316092976.0,2.37,-3.2,-0.85,0.05
1125,2019-08-14,26.1,25.73,26.18,25.73,80689,225393217.0,1.75,0.19,0.05,0.04
1126,2019-08-15,25.73,26.02,26.06,25.25,110921,306776752.0,3.15,1.13,0.29,0.05
1127,2019-08-16,26.15,26.23,26.36,25.78,97235,273971536.0,2.23,0.81,0.21,0.05
1128,2019-08-19,26.27,27.18,27.26,26.26,159139,457702768.0,3.81,3.62,0.95,0.08
1129,2019-08-20,27.06,26.79,27.15,26.69,93835,271611584.0,1.69,-1.43,-0.39,0.05
1130,2019-08-21,26.69,27.02,27.03,26.64,65835,190323909.0,1.46,0.86,0.23,0.03
1131,2019-08-22,26.99,26.89,27.03,26.71,64192,185363486.0,1.18,-0.48,-0.13,0.03
1132,2019-08-23,26.96,27.39,27.72,26.96,172566,508277248.0,2.83,1.86,0.5,0.08
1133,2019-08-26,26.88,26.69,27.18,26.62,129721,374176896.0,2.04,-2.56,-0.7,0.06
1134,2019-08-27,27.01,27.53,27.65,26.88,162466,477161440.0,2.88,3.15,0.84,0.08
1135,2019-08-28,27.33,27.0,27.4,26.87,111562,324625984.0,1.93,-1.93,-0.53,0.05
1136,2019-08-29,27.0,26.62,27.09,26.53,83368,239055933.0,2.07,-1.41,-0.38,0.04
1137,2019-08-30,26.87,26.83,27.1,26.62,88924,256649933.0,1.8,0.79,0.21,0.04
1138,2019-09-02,27.03,26.91,27.13,26.63,130193,376487840.0,1.86,0.3,0.08,0.06
1139,2019-09-03,26.93,26.84,27.06,26.69,102230,295230032.0,1.37,-0.26,-0.07,0.05
1140,2019-09-04,26.84,27.24,27.24,26.75,150026,435990096.0,1.83,1.49,0.4,0.07
1141,2019-09-05,27.39,27.58,28.02,27.27,301023,896022432.0,2.75,1.25,0.34,0.14
1142,2019-09-06,27.77,27.58,27.78,27.24,179014,527566160.0,1.96,0.0,0.0,0.09
1143,2019-09-09,27.8,27.45,27.88,27.16,195197,574184320.0,2.61,-0.47,-0.13,0.09
1144,2019-09-10,27.45,27.12,27.47,26.95,137935,401746432.0,1.89,-1.2,-0.33,0.07
1145,2019-09-11,27.28,27.26,27.36,27.14,110406,323279824.0,0.81,0.52,0.14,0.05
1146,2019-09-12,27.38,27.78,27.83,27.27,167233,494260544.0,2.05,1.91,0.52,0.08
1147,2019-09-16,27.73,27.29,27.73,27.13,145949,427949728.0,2.16,-1.76,-0.49,0.07
1148,2019-09-17,27.26,26.69,27.29,26.61,104405,301929184.0,2.49,-2.2,-0.6,0.05
1149,2019-09-18,26.86,26.66,26.91,26.54,59208,170101108.0,1.39,-0.11,-0.03,0.03
1150,2019-09-19,26.84,26.79,26.86,26.43,66537,191027684.0,1.61,0.49,0.13,0.03
1151,2019-09-20,26.8,26.95,27.05,26.79,99017,286651520.0,0.97,0.6,0.16,0.05
1152,2019-09-23,26.78,26.61,26.85,26.33,73896,210503734.0,1.93,-1.26,-0.34,0.04
1153,2019-09-24,26.61,26.48,26.75,26.38,95760,273618000.0,1.39,-0.49,-0.13,0.05
1154,2019-09-25,26.48,26.13,26.61,26.04,76385,215934052.0,2.15,-1.32,-0.35,0.04
1155,2019-09-26,26.3,26.09,26.54,25.99,77050,217997606.0,2.1,-0.15,-0.04,0.04
1156,2019-09-27,26.0,26.04,26.12,25.83,56751,158660761.0,1.11,-0.19,-0.05,0.03
1157,2019-09-30,25.84,25.46,26.09,25.44,73425,204222963.0,2.5,-2.23,-0.58,0.04
1158,2019-10-08,25.47,25.64,25.89,25.46,63019,174514527.0,1.69,0.71,0.18,0.03
1159,2019-10-09,25.47,25.72,25.79,25.26,57715,159183590.0,2.07,0.31,0.08,0.03
1160,2019-10-10,25.72,25.91,26.03,25.58,70411,196429567.0,1.75,0.74,0.19,0.03
1161,2019-10-11,26.18,26.39,26.48,25.88,84712,239560402.0,2.32,1.85,0.48,0.04
1162,2019-10-14,26.61,27.0,27.12,26.56,163934,474943760.0,2.12,2.31,0.61,0.08
1163,2019-10-15,27.13,27.03,27.16,26.91,119807,348288464.0,0.93,0.11,0.03,0.06
1164,2019-10-16,27.18,27.24,27.8,27.04,155913,460114464.0,2.81,0.78,0.21,0.07
1165,2019-10-17,27.37,27.56,27.87,27.31,118707,352322768.0,2.06,1.17,0.32,0.06
1166,2019-10-18,27.62,27.33,28.03,27.22,145138,430826992.0,2.94,-0.83,-0.23,0.07
1167,2019-10-21,27.78,28.79,29.0,27.78,388348,1182240016.0,4.46,5.34,1.46,0.19
1168,2019-10-22,28.56,28.66,28.93,28.28,174748,534548960.0,2.26,-0.45,-0.13,0.08
1169,2019-10-23,28.64,28.75,28.86,28.31,120168,368174352.0,1.92,0.31,0.09,0.06
1170,2019-10-24,28.75,28.44,28.82,28.11,141970,432650240.0,2.47,-1.08,-0.31,0.07
1171,2019-10-25,28.26,28.48,28.83,27.66,155840,473630224.0,4.11,0.14,0.04,0.07
1172,2019-10-28,28.16,29.21,29.32,28.09,202087,625785376.0,4.32,2.56,0.73,0.1
1173,2019-10-29,29.04,28.85,29.34,28.69,132923,412241424.0,2.23,-1.23,-0.36,0.06
1174,2019-10-30,29.34,30.39,30.73,29.22,328546,1057427344.0,5.23,5.34,1.54,0.16
1175,2019-10-31,30.12,31.43,31.73,30.06,286916,949929664.0,5.5,3.42,1.04,0.14
1176,2019-11-01,31.18,31.3,31.42,30.9,185438,615099200.0,1.65,-0.41,-0.13,0.09
1177,2019-11-04,31.3,32.79,33.26,31.18,298174,1028943776.0,6.65,4.76,1.49,0.14
1178,2019-11-05,32.84,33.73,34.26,32.51,270106,961285328.0,5.34,2.87,0.94,0.13
1179,2019-11-06,33.82,33.78,33.95,33.29,139450,496980288.0,1.96,0.15,0.05,0.07
1180,2019-11-07,33.72,32.86,33.76,32.57,210022,734946864.0,3.52,-2.72,-0.92,0.1
1181,2019-11-08,33.14,32.82,33.51,32.75,129031,452351664.0,2.31,-0.12,-0.04,0.06
1182,2019-11-11,32.45,33.28,34.28,32.28,246835,877206480.0,6.09,1.4,0.46,0.12
1183,2019-11-12,33.16,33.4,33.6,32.9,132836,468022304.0,2.1,0.36,0.12,0.06
1184,2019-11-13,33.13,32.58,33.23,31.53,241776,830956064.0,5.09,-2.46,-0.82,0.12
1185,2019-11-14,32.38,32.2,32.53,31.78,148219,506533008.0,2.3,-1.17,-0.38,0.07
1186,2019-11-15,32.33,32.58,33.02,32.09,161082,557317200.0,2.89,1.18,0.38,0.08
1187,2019-11-18,32.24,33.54,33.73,32.23,142781,504305552.0,4.6,2.95,0.96,0.07
1188,2019-11-19,33.09,33.07,33.37,32.53,135563,473060800.0,2.5,-1.4,-0.47,0.07
1189,2019-11-20,32.78,32.58,32.88,32.28,118853,410869968.0,1.81,-1.48,-0.49,0.06
1190,2019-11-21,32.35,31.53,32.57,31.09,171508,575116640.0,4.54,-3.22,-1.05,0.08
1191,2019-11-22,31.47,30.77,31.81,30.48,162105,536605424.0,4.22,-2.41,-0.76,0.08
1192,2019-11-25,30.78,31.17,31.48,30.78,127364,422143456.0,2.27,1.3,0.4,0.06
1193,2019-11-26,31.57,31.63,31.94,31.17,126128,424209200.0,2.47,1.48,0.46,0.06
1194,2019-11-27,31.88,31.84,32.26,31.58,89678,304946496.0,2.15,0.66,0.21,0.04
1195,2019-11-28,31.77,31.53,31.97,31.08,67046,224035959.0,2.8,-0.97,-0.31,0.03
1196,2019-11-29,31.32,30.79,31.84,30.5,108055,356222736.0,4.25,-2.35,-0.74,0.05
1197,2019-12-02,31.03,30.68,31.14,30.44,87478,286468608.0,2.27,-0.36,-0.11,0.04
1198,2019-12-03,30.85,31.02,31.23,30.4,80632,264762978.0,2.71,1.11,0.34,0.04
1199,2019-12-04,30.76,30.39,30.88,30.2,88943,288486352.0,2.19,-2.03,-0.63,0.04
1200,2019-12-05,30.75,31.28,31.49,30.52,114983,379783776.0,3.19,2.93,0.89,0.06
1201,2019-12-06,31.34,31.02,31.53,30.73,94065,311089040.0,2.56,-0.83,-0.26,0.05
1202,2019-12-09,31.07,31.21,31.51,30.63,99788,330385280.0,2.84,0.61,0.19,0.05
1203,2019-12-10,31.08,31.39,31.61,30.71,104265,347053712.0,2.88,0.58,0.18,0.05
1204,2019-12-11,31.66,31.86,32.43,31.48,135779,461173664.0,3.03,1.5,0.47,0.07
1205,2019-12-12,32.11,31.69,32.35,31.55,101801,344568192.0,2.51,-0.53,-0.17,0.05
1206,2019-12-13,32.34,33.67,33.67,31.88,244890,855454864.0,5.65,6.25,1.98,0.12
1207,2019-12-16,33.93,33.0,33.93,32.49,259768,906141520.0,4.28,-1.99,-0.67,0.12
1208,2019-12-17,32.83,33.11,33.76,32.42,241488,846725824.0,4.06,0.33,0.11,0.12
1209,2019-12-18,32.78,32.75,33.08,32.53,137402,477668432.0,1.66,-1.09,-0.36,0.07
1210,2019-12-19,32.67,32.57,32.93,32.41,98153,339854672.0,1.59,-0.55,-0.18,0.05
1211,2019-12-20,32.53,32.07,32.66,31.98,136432,467158544.0,2.09,-1.54,-0.5,0.07
1212,2019-12-23,32.18,31.6,32.36,31.57,96262,326081760.0,2.46,-1.47,-0.47,0.05
1213,2019-12-24,31.61,31.48,31.74,30.88,104838,348572800.0,2.72,-0.38,-0.12,0.05
1214,2019-12-25,31.45,31.63,31.95,31.28,86235,290863488.0,2.13,0.48,0.15,0.04
1215,2019-12-26,31.49,32.11,32.17,31.49,90110,306169456.0,2.15,1.52,0.48,0.04
1216,2019-12-27,31.91,31.78,32.46,31.78,122757,419145936.0,2.12,-1.03,-0.33,0.06
1217,2019-12-30,31.68,32.79,32.82,31.26,159665,548842080.0,4.91,3.18,1.01,0.08
1218,2019-12-31,32.79,32.85,32.96,32.39,115137,399921856.0,1.74,0.18,0.06,0.06
1219,2020-01-02,33.1,32.93,33.49,32.6,186225,653836160.0,2.71,0.24,0.08,0.09
1220,2020-01-03,33.07,32.96,33.26,32.88,106162,372480480.0,1.15,0.09,0.03,0.05
1221,2020-01-06,32.72,32.63,33.26,32.38,144655,505424464.0,2.67,-1.0,-0.33,0.07
1222,2020-01-07,32.88,33.12,33.31,32.82,113473,397984672.0,1.5,1.5,0.49,0.05
1223,2020-01-08,32.73,32.11,32.84,32.01,118045,406548528.0,2.51,-3.05,-1.01,0.06
1224,2020-01-09,32.48,32.59,32.8,32.43,94829,328324576.0,1.15,1.49,0.48,0.05
1225,2020-01-10,32.84,33.03,33.13,32.68,101518,354975408.0,1.38,1.35,0.44,0.05
1226,2020-01-13,33.27,33.25,33.28,32.58,100244,350002992.0,2.12,0.67,0.22,0.05
1227,2020-01-14,33.29,32.82,33.43,32.78,95764,337014960.0,1.95,-1.29,-0.43,0.05
1228,2020-01-15,32.78,32.78,33.03,32.44,61594,214166007.0,1.8,-0.12,-0.04,0.03
1229,2020-01-16,32.93,31.9,32.93,31.83,126870,433868720.0,3.36,-2.68,-0.88,0.06
1230,2020-01-17,32.04,31.03,32.42,30.9,220061,734055744.0,4.76,-2.73,-0.87,0.11
1231,2020-01-20,31.45,32.16,32.72,31.43,303378,1036974672.0,4.16,3.64,1.13,0.15
1232,2020-01-21,31.88,31.41,31.88,31.07,181295,605168176.0,2.52,-2.33,-0.75,0.09
1233,2020-01-22,31.09,31.49,31.77,30.6,142602,473547440.0,3.72,0.25,0.08,0.07
1234,2020-01-23,31.18,30.24,31.28,29.98,169156,550718592.0,4.13,-3.97,-1.25,0.08
1235,2020-02-03,27.01,27.17,27.56,27.01,219789,639260672.0,1.82,-10.15,-3.07,0.11
1236,2020-02-04,27.18,28.55,28.63,27.06,249081,747406880.0,5.78,5.08,1.38,0.12
1237,2020-02-05,28.65,28.22,28.89,27.88,205872,624781664.0,3.54,-1.16,-0.33,0.1
1238,2020-02-06,28.28,28.42,28.63,27.92,202778,612510096.0,2.52,0.71,0.2,0.1
1239,2020-02-07,28.08,27.97,28.11,27.6,232824,694737296.0,1.79,-1.58,-0.45,0.11
1240,2020-02-10,27.78,28.29,28.3,27.65,164074,493623456.0,2.32,1.14,0.32,0.08
1241,2020-02-11,28.5,28.5,28.89,28.09,191246,585854688.0,2.83,0.74,0.21,0.09
1242,2020-02-12,28.51,29.12,29.62,28.21,217466,674227632.0,4.95,2.18,0.62,0.1
1243,2020-02-13,28.75,28.61,29.02,28.56,164680,505546304.0,1.58,-1.75,-0.51,0.08
1244,2020-02-14,28.41,28.55,28.92,28.35,151400,462909264.0,1.99,-0.21,-0.06,0.07
1245,2020-02-17,28.69,29.42,29.53,28.45,258197,801604880.0,3.78,3.05,0.87,0.12
1246,2020-02-18,29.46,29.1,29.46,28.98,167242,520417824.0,1.63,-1.09,-0.32,0.08
1247,2020-02-19,29.27,29.17,29.62,29.06,158110,495902896.0,1.92,0.24,0.07,0.08
1248,2020-02-20,29.4,29.97,30.05,28.84,316178,994104688.0,4.15,2.74,0.8,0.15
1249,2020-02-21,29.58,30.18,30.65,29.54,275764,885709408.0,3.7,0.7,0.21,0.13
1250,2020-02-24,29.78,29.62,30.07,29.31,196530,622863184.0,2.52,-1.86,-0.56,0.09
1251,2020-02-25,29.0,29.03,29.28,28.7,188243,583711936.0,1.96,-1.99,-0.59,0.09
1252,2020-02-26,28.69,28.91,29.5,28.66,165103,513543376.0,2.89,-0.41,-0.12,0.08
1253,2020-02-27,28.91,28.88,29.13,28.74,107154,331242400.0,1.35,-0.1,-0.03,0.05
1254,2020-02-28,28.28,27.43,28.6,27.43,182197,543763408.0,4.05,-5.02,-1.45,0.09
1255,2020-03-02,27.45,28.11,28.15,27.45,136752,409675872.0,2.55,2.48,0.68,0.07
1256,2020-03-03,28.34,27.88,28.57,27.78,167657,505683744.0,2.81,-0.82,-0.23,0.08
1257,2020-03-04,27.86,27.98,27.98,27.6,143631,428366976.0,1.36,0.36,0.1,0.07
1258,2020-03-05,28.17,28.96,29.08,27.94,264085,810199088.0,4.07,3.5,0.98,0.13
1259,2020-03-06,28.59,28.56,28.81,28.4,141246,432025632.0,1.42,-1.38,-0.4,0.07
1260,2020-03-09,27.97,27.13,27.97,27.03,216301,636168352.0,3.29,-5.01,-1.43,0.1
1261,2020-03-10,27.03,27.53,27.83,26.98,154035,452444496.0,3.13,1.47,0.4,0.07
1262,2020-03-11,27.58,27.24,27.76,27.21,144889,426801456.0,2.0,-1.05,-0.29,0.07
1263,2020-03-12,26.99,26.51,27.03,26.17,150378,428332128.0,3.16,-2.68,-0.73,0.07
1264,2020-03-13,25.26,25.63,26.08,24.99,200985,549891744.0,4.11,-3.32,-0.88,0.1
1265,2020-03-16,25.58,25.0,25.64,24.98,152221,414183600.0,2.58,-2.46,-0.63,0.07
1266,2020-03-17,24.92,24.22,25.36,23.73,208341,548513584.0,6.52,-3.12,-0.78,0.1
1267,2020-03-18,24.17,23.78,24.74,23.74,159786,419808832.0,4.13,-1.82,-0.44,0.08
1268,2020-03-19,23.78,22.69,24.15,21.95,235946,582985408.0,9.25,-4.58,-1.09,0.11
1269,2020-03-20,22.97,23.28,23.42,22.78,188520,473104512.0,2.82,2.6,0.59,0.09
1270,2020-03-23,22.46,22.31,22.71,21.98,128914,314116512.0,3.14,-4.17,-0.97,0.06
1271,2020-03-24,22.75,23.5,23.58,22.74,177267,446039408.0,3.77,5.33,1.19,0.09
1272,2020-03-25,24.23,24.98,25.08,24.06,221050,590763520.0,4.34,6.3,1.48,0.11
1273,2020-03-26,24.98,24.96,25.62,24.63,217526,592112032.0,3.96,-0.08,-0.02,0.1
1274,2020-03-27,25.28,24.81,25.48,24.76,133719,361908448.0,2.88,-0.6,-0.15,0.06
1275,2020-03-30,24.41,24.53,24.74,24.04,122884,324427408.0,2.82,-1.13,-0.28,0.06
1276,2020-03-31,24.76,24.32,24.9,24.19,84080,222512648.0,2.89,-0.86,-0.21,0.04
1277,2020-04-01,24.08,24.13,24.62,24.08,74322,195954862.0,2.22,-0.78,-0.19,0.04
1278,2020-04-02,24.09,24.6,24.6,23.99,65704,172582663.0,2.53,1.95,0.47,0.03
1279,2020-04-03,24.6,24.28,24.62,24.15,62671,165169845.0,1.91,-1.3,-0.32,0.03
1280,2020-04-07,25.07,24.81,25.12,24.63,113515,304318000.0,2.02,2.18,0.53,0.05
1281,2020-04-08,24.62,24.26,24.74,24.13,112997,297063280.0,2.46,-2.22,-0.55,0.05
1282,2020-04-09,24.29,24.22,24.46,24.14,72147,189741266.0,1.32,-0.16,-0.04,0.03
1283,2020-04-10,24.24,24.46,24.82,24.16,108663,288164048.0,2.73,0.99,0.24,0.05
1284,2020-04-13,24.19,24.76,24.91,24.19,118817,317556000.0,2.94,1.23,0.3,0.06
1285,2020-04-14,24.91,24.88,24.93,24.51,91798,245202155.0,1.7,0.48,0.12,0.04
1286,2020-04-15,24.92,24.59,24.92,24.54,77981,208158686.0,1.53,-1.17,-0.29,0.04
1287,2020-04-16,24.4,24.49,24.56,24.26,63917,168933608.0,1.22,-0.41,-0.1,0.03
1288,2020-04-17,24.74,26.04,26.23,24.57,334526,925213008.0,6.78,6.33,1.55,0.16
1289,2020-04-20,26.0,26.16,26.52,25.59,203679,572399328.0,3.57,0.46,0.12,0.1
1290,2020-04-21,26.13,25.8,26.13,25.64,118401,330166816.0,1.87,-1.38,-0.36,0.06
1291,2020-04-22,25.71,25.91,26.08,25.64,96429,268411777.0,1.71,0.43,0.11,0.05
1292,2020-04-23,25.97,26.07,26.38,25.78,105777,297264256.0,2.32,0.62,0.16,0.05
1293,2020-04-24,25.98,25.76,25.98,25.38,117128,324508176.0,2.3,-1.19,-0.31,0.06
1294,2020-04-27,26.02,25.87,26.38,25.78,111405,313248320.0,2.33,0.43,0.11,0.05
1295,2020-04-28,25.84,26.25,26.26,25.56,119691,335151360.0,2.71,1.47,0.38,0.06
1296,2020-04-29,26.09,26.73,26.88,26.09,116006,332299696.0,3.01,1.83,0.48,0.06
1297,2020-04-30,26.75,26.52,27.38,26.39,166445,480909664.0,3.7,-0.79,-0.21,0.08
1298,2020-05-06,25.78,25.88,26.05,25.68,210648,585877056.0,1.4,-2.41,-0.64,0.1
1299,2020-05-07,25.89,25.5,25.92,25.33,139010,382466240.0,2.28,-1.47,-0.38,0.07
1300,2020-05-08,25.65,25.92,25.98,25.62,146345,407429136.0,1.41,1.65,0.42,0.07
1301,2020-05-11,25.91,26.32,26.56,25.86,130418,369306656.0,2.7,1.54,0.4,0.06
1302,2020-05-12,26.16,25.77,26.3,25.56,104358,290470688.0,2.81,-2.09,-0.55,0.05
1303,2020-05-13,25.7,25.73,25.84,25.38,57777,159645589.0,1.79,-0.16,-0.04,0.03
1304,2020-05-14,25.62,25.23,25.73,25.21,75122,205817136.0,2.02,-1.94,-0.5,0.04
1305,2020-05-15,25.4,24.86,25.54,24.74,119787,323325696.0,3.17,-1.47,-0.37,0.06
1306,2020-05-18,24.64,24.78,25.04,24.58,72477,194624419.0,1.85,-0.32,-0.08,0.03
1307,2020-05-19,25.12,25.1,25.49,24.99,84479,229926768.0,2.02,1.29,0.32,0.04
1308,2020-05-20,25.06,25.13,25.32,24.86,71929,194863623.0,1.83,0.12,0.03,0.03
1309,2020-05-21,25.22,25.03,25.27,24.99,73263,199107676.0,1.11,-0.4,-0.1,0.04
1310,2020-05-22,24.81,24.29,25.01,24.29,96625,256267155.0,2.88,-2.96,-0.74,0.05
1311,2020-05-25,24.66,23.3,24.66,23.18,204364,521591776.0,6.09,-4.08,-0.99,0.1
1312,2020-05-26,23.51,23.54,23.63,23.28,107454,273560256.0,1.5,1.03,0.24,0.05
1313,2020-05-27,23.52,23.71,23.84,23.4,76616,196994425.0,1.87,0.72,0.17,0.04
1314,2020-05-28,23.76,24.09,24.31,23.7,122370,318950192.0,2.57,1.6,0.38,0.06
1315,2020-05-29,23.94,23.58,23.94,23.31,120722,308696448.0,2.62,-2.12,-0.51,0.06
1316,2020-06-01,23.75,24.15,24.15,23.75,127706,332042464.0,1.7,2.42,0.57,0.06
1317,2020-06-02,24.08,24.84,24.94,23.98,161858,430544544.0,3.98,2.86,0.69,0.08
1318,2020-06-03,24.88,25.97,26.27,24.87,402131,1127643248.0,5.64,4.55,1.13,0.19
1319,2020-06-04,26.13,25.79,26.18,25.63,136313,380046848.0,2.12,-0.69,-0.18,0.07
1320,2020-06-05,25.93,25.81,25.95,25.36,111252,307201200.0,2.29,0.08,0.02,0.05
1321,2020-06-08,25.91,26.88,27.27,25.91,206839,597169728.0,5.27,4.15,1.07,0.1
1322,2020-06-09,26.78,27.13,27.26,26.69,152826,443445840.0,2.12,0.93,0.25,0.07
1323,2020-06-10,26.99,26.9,27.13,26.66,95435,275268848.0,1.73,-0.85,-0.23,0.05
1324,2020-06-11,26.73,26.38,27.07,26.21,141777,406045056.0,3.2,-1.93,-0.52,0.07
1325,2020-06-12,25.54,26.12,26.2,25.29,140605,390648688.0,3.45,-0.99,-0.26,0.07
1326,2020-06-15,25.83,25.38,26.05,25.26,116673,322694528.0,3.02,-2.83,-0.74,0.06
1327,2020-06-16,25.88,25.83,25.98,25.58,98851,274820800.0,1.58,1.77,0.45,0.05
1328,2020-06-17,25.84,25.6,25.86,25.4,77077,212640274.0,1.78,-0.89,-0.23,0.04
1329,2020-06-18,25.61,25.58,25.61,25.16,144092,394725344.0,1.76,-0.08,-0.02,0.07
1330,2020-06-19,25.57,26.15,26.23,25.39,190005,529882016.0,3.28,2.23,0.57,0.09
1331,2020-06-22,25.86,26.0,26.73,25.71,190386,535718800.0,3.9,-0.57,-0.15,0.09
1332,2020-06-23,25.83,25.63,25.93,25.46,133009,367756080.0,1.81,-1.42,-0.37,0.06
1333,2020-06-24,25.78,26.21,26.5,25.69,205992,582218032.0,3.16,2.26,0.58,0.1
1334,2020-06-29,26.01,25.18,26.17,25.0,185729,509868800.0,4.46,-3.93,-1.03,0.09
1335,2020-06-30,25.37,25.19,25.55,24.88,169706,461009664.0,2.66,0.04,0.01,0.08
1336,2020-07-01,25.19,26.11,26.11,24.98,234134,645485104.0,4.49,3.65,0.92,0.11
1337,2020-07-02,25.99,28.02,28.18,25.9,483347,1412858256.0,8.73,7.32,1.91,0.23
1338,2020-07-03,28.36,31.02,31.02,28.36,616326,1980551808.0,9.49,10.71,3.0,0.3
1339,2020-07-06,33.08,34.32,34.32,32.91,701123,2524878944.0,4.55,10.64,3.3,0.34
1340,2020-07-07,35.98,35.27,36.79,34.35,663985,2504205264.0,7.11,2.77,0.95,0.32
1341,2020-07-08,35.67,39.0,39.0,35.08,555820,2156761952.0,11.11,10.58,3.73,0.27
1342,2020-07-09,39.0,41.98,43.1,38.1,776017,3348081792.0,12.82,7.64,2.98,0.37
1343,2020-07-10,39.97,38.88,40.66,38.27,665201,2753111776.0,5.69,-7.38,-3.1,0.32
1344,2020-07-13,37.83,38.26,39.54,36.28,597291,2379655104.0,8.38,-1.59,-0.62,0.29
1345,2020-07-14,37.6,37.61,37.9,36.72,408295,1605968128.0,3.08,-1.7,-0.65,0.2
1346,2020-07-15,38.08,37.55,38.38,36.64,373340,1478661536.0,4.63,-0.16,-0.06,0.18
1347,2020-07-16,38.01,33.68,39.01,33.67,605012,2268895408.0,14.22,-10.31,-3.87,0.29
1348,2020-07-17,33.92,33.23,34.58,32.76,400654,1398603184.0,5.4,-1.34,-0.45,0.19
1349,2020-07-20,34.51,36.68,36.68,34.4,494917,1823548720.0,6.86,10.38,3.45,0.24
1350,2020-07-21,39.71,37.95,39.71,36.97,768401,3054207952.0,7.47,3.46,1.27,0.37
1351,2020-07-22,36.86,37.31,38.86,36.41,558572,2177735472.0,6.46,-1.69,-0.64,0.27
1352,2020-07-23,36.32,36.61,37.29,35.31,422529,1583856224.0,5.31,-1.88,-0.7,0.2
1353,2020-07-24,35.89,34.11,36.03,33.91,428681,1550948336.0,5.79,-6.83,-2.5,0.21
1354,2020-07-27,34.31,34.04,34.6,33.62,206466,727981616.0,2.87,-0.21,-0.07,0.1
1355,2020-07-28,34.5,33.82,34.66,33.57,207403,733118624.0,3.2,-0.65,-0.22,0.1
1356,2020-07-29,33.57,35.66,36.26,33.52,344366,1257869424.0,8.1,5.44,1.84,0.17
1357,2020-07-30,35.61,34.85,35.66,34.61,231555,839912048.0,2.94,-2.27,-0.81,0.11
1358,2020-07-31,34.61,35.2,36.22,34.39,317010,1163474336.0,5.25,1.0,0.35,0.15
1359,2020-08-03,35.45,36.14,36.24,35.22,306114,1134734064.0,2.9,2.67,0.94,0.15
1360,2020-08-04,36.29,37.98,39.46,35.56,618223,2390262176.0,10.79,5.09,1.84,0.3
1361,2020-08-05,36.87,37.21,37.68,36.24,323368,1235930144.0,3.79,-2.03,-0.77,0.16
1362,2020-08-06,37.21,38.26,38.39,37.13,333759,1305149920.0,3.39,2.82,1.05,0.16
1363,2020-08-07,37.8,36.93,38.2,36.41,278994,1077203712.0,4.68,-3.48,-1.33,0.13
1364,2020-08-10,36.71,38.96,39.23,36.46,433148,1728703936.0,7.5,5.5,2.03,0.21
1365,2020-08-11,38.61,38.25,40.71,37.91,389821,1587177136.0,7.19,-1.82,-0.71,0.19
1366,2020-08-12,37.71,38.08,39.16,37.71,272046,1075662048.0,3.79,-0.44,-0.17,0.13
1367,2020-08-13,38.1,37.65,38.4,37.13,210223,818868112.0,3.34,-1.13,-0.43,0.1
1368,2020-08-14,37.38,41.54,41.54,37.2,442682,1808054960.0,11.53,10.33,3.89,0.21
1369,2020-08-17,41.72,45.82,45.82,41.02,603207,2732048656.0,11.56,10.3,4.28,0.29
1370,2020-08-18,47.27,48.2,49.59,45.76,844366,4083022432.0,8.36,5.19,2.38,0.41
1371,2020-08-19,46.78,44.47,47.2,44.19,724919,3376467872.0,6.24,-7.74,-3.73,0.35
1372,2020-08-20,43.71,42.69,44.26,42.0,503720,2225498416.0,5.08,-4.0,-1.78,0.24
1373,2020-08-21,42.75,43.41,43.99,42.32,447085,1988294912.0,3.91,1.69,0.72,0.21
1374,2020-08-24,43.15,42.33,43.82,42.26,321460,1417599024.0,3.59,-2.49,-1.08,0.15
1375,2020-08-25,42.33,42.34,43.86,41.74,346082,1531229232.0,5.01,0.02,0.01,0.17
1376,2020-08-26,42.32,41.76,43.66,40.93,459599,2002085184.0,6.45,-1.37,-0.58,0.22
1377,2020-08-27,40.98,41.81,42.14,40.41,345381,1465650672.0,4.14,0.12,0.05,0.17
1378,2020-08-28,41.39,43.48,43.59,41.13,410379,1804717376.0,5.88,3.99,1.67,0.2
1379,2020-08-31,43.66,42.39,44.2,42.39,392725,1750128560.0,4.16,-2.51,-1.09,0.19
1380,2020-09-01,41.93,42.65,42.67,41.77,210569,915894240.0,2.12,0.61,0.26,0.1
1381,2020-09-02,42.53,42.79,43.11,42.18,240066,1053711392.0,2.18,0.33,0.14,0.12
1382,2020-09-03,42.62,42.12,43.06,42.0,205649,899068160.0,2.48,-1.57,-0.67,0.1
1383,2020-09-04,40.72,41.21,41.5,40.72,192247,815367584.0,1.85,-2.16,-0.91,0.09
1384,2020-09-07,41.21,39.41,41.64,39.41,240502,1008689664.0,5.41,-4.37,-1.8,0.12
1385,2020-09-08,39.71,41.8,42.21,39.55,348615,1474481168.0,6.75,6.06,2.39,0.17
1386,2020-09-09,40.71,41.41,42.51,40.7,268836,1151307488.0,4.33,-0.93,-0.39,0.13
1387,2020-09-10,42.16,42.78,44.31,41.43,480276,2115206288.0,6.95,3.31,1.37,0.23
1388,2020-09-11,42.71,43.29,43.88,42.23,371245,1652078912.0,3.86,1.19,0.51,0.18
1389,2020-09-14,43.36,42.8,43.6,41.93,277990,1217692544.0,3.86,-1.13,-0.49,0.13
1390,2020-09-15,42.3,42.89,43.39,42.01,255379,1126651584.0,3.22,0.21,0.09,0.12
1391,2020-09-16,42.44,42.42,43.08,42.09,189725,830481408.0,2.31,-1.1,-0.47,0.09
1392,2020-09-17,42.42,41.66,43.21,40.86,268872,1164371728.0,5.54,-1.79,-0.76,0.13
1393,2020-09-18,41.56,45.96,45.96,41.56,570232,2591603904.0,10.56,10.32,4.3,0.27
1394,2020-09-21,45.71,44.63,46.49,44.17,410564,1899582496.0,5.05,-2.89,-1.33,0.2
1395,2020-09-22,44.03,44.46,45.04,43.19,308549,1398068304.0,4.15,-0.38,-0.17,0.15
1396,2020-09-23,44.14,43.85,44.42,43.46,151324,682857440.0,2.16,-1.37,-0.61,0.07
1397,2020-09-24,43.41,44.29,45.65,43.24,340510,1561235744.0,5.5,1.0,0.44,0.16
1398,2020-09-25,44.21,44.11,44.58,43.39,178109,806396688.0,2.69,-0.41,-0.18,0.09
1399,2020-09-28,44.15,44.28,45.07,43.91,164728,752508544.0,2.63,0.39,0.17,0.08
1400,2020-09-29,44.81,44.2,44.98,44.09,170684,779689152.0,2.01,-0.18,-0.08,0.08
1401,2020-09-30,44.31,43.14,44.67,42.71,197107,885614608.0,4.43,-2.4,-1.06,0.09
1402,2020-10-09,43.81,43.56,44.21,43.31,195940,883193616.0,2.09,0.97,0.42,0.09
1403,2020-10-12,43.58,45.57,46.1,43.56,330367,1537580880.0,5.83,4.61,2.01,0.16
1404,2020-10-13,44.76,45.71,45.82,44.28,204258,944477104.0,3.38,0.31,0.14,0.1
1405,2020-10-14,45.31,45.72,46.08,44.9,179828,839552176.0,2.58,0.02,0.01,0.09
1406,2020-10-15,46.18,46.75,48.21,45.89,349300,1694025104.0,5.07,2.25,1.03,0.17
1407,2020-10-16,46.51,48.34,48.81,46.17,322602,1577628512.0,5.65,3.4,1.59,0.15
1408,2020-10-19,48.11,48.71,50.87,47.81,340807,1731584464.0,6.33,0.77,0.37,0.16
1409,2020-10-20,48.69,48.6,49.21,47.41,189278,939589472.0,3.7,-0.23,-0.11,0.09
1410,2020-10-21,48.51,50.67,50.85,48.18,274401,1400134624.0,5.49,4.26,2.07,0.13
1411,2020-10-22,49.69,49.4,50.41,47.51,304619,1533149456.0,5.72,-2.51,-1.27,0.15
1412,2020-10-23,48.73,47.71,50.34,47.71,276397,1394423440.0,5.32,-3.42,-1.69,0.13
1413,2020-10-26,47.54,46.58,48.0,45.42,255730,1226944944.0,5.41,-2.37,-1.13,0.12
1414,2020-10-27,46.32,47.74,48.3,46.21,194481,949219120.0,4.49,2.49,1.16,0.09
1415,2020-10-28,47.71,47.77,48.09,46.42,237496,1149923920.0,3.5,0.06,0.03,0.11
1416,2020-10-29,46.86,46.71,47.58,44.67,403961,1899436608.0,6.09,-2.22,-1.06,0.19
1417,2020-10-30,46.92,44.79,46.92,44.61,297420,1391241360.0,4.95,-4.11,-1.92,0.14
1418,2020-11-02,45.21,43.39,45.28,42.64,381587,1711815760.0,5.89,-3.13,-1.4,0.18
1419,2020-11-03,43.71,44.49,44.69,43.26,259585,1178860608.0,3.3,2.54,1.1,0.12
1420,2020-11-04,43.24,42.14,43.54,41.91,417168,1828703104.0,3.66,-5.28,-2.35,0.2
1421,2020-11-05,42.7,41.45,43.14,40.71,434357,1860701824.0,5.77,-1.64,-0.69,0.21
1422,2020-11-06,41.47,39.99,41.56,39.76,396486,1655936624.0,4.34,-3.52,-1.46,0.19
1423,2020-11-09,40.4,41.3,41.39,40.02,506751,2126253168.0,3.43,3.28,1.31,0.24
1424,2020-11-10,41.39,41.36,42.32,40.82,395318,1694678032.0,3.63,0.15,0.06,0.19
1425,2020-11-11,40.99,41.48,41.96,40.37,266927,1137562000.0,3.84,0.29,0.12,0.13
1426,2020-11-12,41.36,40.61,41.43,40.41,194809,817313200.0,2.46,-2.1,-0.87,0.09
1427,2020-11-13,40.35,39.41,40.39,38.93,250454,1019946496.0,3.6,-2.95,-1.2,0.12
1428,2020-11-16,39.86,40.12,40.29,39.45,216283,890528080.0,2.13,1.8,0.71,0.1
1429,2020-11-17,40.18,40.13,40.56,39.56,176090,728305952.0,2.49,0.02,0.01,0.08
1430,2020-11-18,40.13,41.53,41.75,40.12,375085,1597492448.0,4.06,3.49,1.4,0.18
1431,2020-11-19,41.11,41.92,41.96,41.01,257773,1104832400.0,2.29,0.94,0.39,0.12
1432,2020-11-20,41.75,41.22,41.77,40.9,200914,853305344.0,2.08,-1.67,-0.7,0.1
1433,2020-11-23,41.13,41.35,41.96,40.01,331114,1398015216.0,4.73,0.32,0.13,0.16
1434,2020-11-24,41.03,40.6,41.39,40.56,171976,725338912.0,2.01,-1.81,-0.75,0.08
1435,2020-11-25,41.01,40.91,41.89,40.82,311851,1334888000.0,2.64,0.76,0.31,0.15
1436,2020-11-26,40.85,40.69,41.46,39.99,279427,1171567744.0,3.59,-0.54,-0.22,0.13
1437,2020-11-27,40.63,41.51,41.58,40.26,267173,1127544832.0,3.24,2.02,0.82,0.13
1438,2020-11-30,41.81,41.12,43.11,41.12,488065,2129826912.0,4.79,-0.94,-0.39,0.23
1439,2020-12-01,41.06,41.81,42.06,40.48,366466,1558026848.0,3.84,1.68,0.69,0.18
1440,2020-12-02,41.81,41.16,41.81,41.01,283410,1205698832.0,1.91,-1.55,-0.65,0.14
1441,2020-12-03,41.16,40.84,41.16,40.56,198951,836727152.0,1.46,-0.78,-0.32,0.1
1442,2020-12-04,40.66,40.42,40.66,40.11,193790,806740048.0,1.35,-1.03,-0.42,0.09
1443,2020-12-07,40.44,40.61,40.79,40.13,146882,614049072.0,1.63,0.47,0.19,0.07
1444,2020-12-08,40.61,40.52,40.94,40.38,121163,508361088.0,1.38,-0.22,-0.09,0.06
1445,2020-12-09,40.67,40.46,40.9,40.09,151248,632832896.0,2.0,-0.15,-0.06,0.07
1446,2020-12-10,40.55,39.24,40.65,39.16,278578,1141782480.0,3.68,-3.02,-1.22,0.13
1447,2020-12-11,39.11,38.49,39.46,38.01,240753,959607888.0,3.7,-1.91,-0.75,0.12
1448,2020-12-14,38.46,37.73,38.48,37.31,205231,801356240.0,3.04,-1.97,-0.76,0.1
1449,2020-12-15,37.75,37.23,37.8,36.83,208100,798716176.0,2.57,-1.33,-0.5,0.1
1450,2020-12-16,37.47,37.74,38.24,37.28,165121,644836080.0,2.58,1.37,0.51,0.08
1451,2020-12-17,37.51,38.52,38.66,37.13,180768,710545696.0,4.05,2.07,0.78,0.09
1452,2020-12-18,38.47,37.62,38.81,37.52,152482,598491728.0,3.35,-2.34,-0.9,0.07
1453,2020-12-21,37.32,37.8,38.02,36.97,128993,501458000.0,2.79,0.48,0.18,0.06
1454,2020-12-22,37.7,36.09,37.78,36.04,207986,792922896.0,4.6,-4.52,-1.71,0.1
1455,2020-12-23,36.16,36.11,36.44,35.37,216998,808311728.0,2.96,0.06,0.02,0.1
1456,2020-12-24,36.21,35.96,37.0,35.83,128359,482780320.0,3.24,-0.42,-0.15,0.06
1457,2020-12-25,36.06,36.23,36.37,35.12,130624,484249440.0,3.48,0.75,0.27,0.06
1458,2020-12-28,36.16,36.11,36.89,35.59,165479,620763184.0,3.59,-0.33,-0.12,0.08
1459,2020-12-29,36.1,36.42,36.59,36.1,121009,455424656.0,1.36,0.86,0.31,0.06
1460,2020-12-30,36.17,36.09,36.28,35.62,164269,609814656.0,1.81,-0.91,-0.33,0.08
1461,2020-12-31,36.06,37.1,37.91,36.06,300239,1150786112.0,5.13,2.8,1.01,0.14
1462,2021-01-04,37.1,36.54,37.1,35.87,273253,1026587696.0,3.32,-1.51,-0.56,0.13
1463,2021-01-05,36.2,36.2,36.22,35.54,241192,895589120.0,1.86,-0.93,-0.34,0.12
1464,2021-01-06,36.11,37.7,37.7,35.96,459824,1764153280.0,4.81,4.14,1.5,0.22
1465,2021-01-07,37.79,38.05,38.51,37.04,407462,1591183904.0,3.9,0.93,0.35,0.2
1466,2021-01-08,37.98,37.74,37.99,37.24,227478,885732992.0,1.97,-0.81,-0.31,0.11
1467,2021-01-11,37.61,36.46,37.68,36.45,249240,952176960.0,3.26,-3.39,-1.28,0.12
1468,2021-01-12,36.61,39.52,39.86,36.14,480231,1888165120.0,10.2,8.39,3.06,0.23
1469,2021-01-13,39.5,38.78,39.86,38.4,366506,1475232096.0,3.69,-1.87,-0.74,0.18
1470,2021-01-14,38.71,39.05,40.26,38.71,405297,1655053200.0,4.0,0.7,0.27,0.19
1471,2021-01-15,38.86,40.12,41.03,38.76,471284,1952244560.0,5.81,2.74,1.07,0.23
1472,2021-01-18,39.71,39.59,40.37,38.72,329002,1335610064.0,4.11,-1.32,-0.53,0.16
1473,2021-01-19,39.21,39.64,39.97,38.82,239907,974373728.0,2.9,0.13,0.05,0.12
1474,2021-01-20,39.17,38.69,39.48,38.51,208643,837648336.0,2.45,-2.4,-0.95,0.1
1475,2021-01-21,38.7,38.3,38.78,37.72,256639,1011670096.0,2.74,-1.01,-0.39,0.12
1476,2021-01-22,38.02,36.73,38.21,36.71,312334,1204135632.0,3.92,-4.1,-1.57,0.15
1477,2021-01-25,36.74,37.37,37.38,35.94,205998,783554912.0,3.92,1.74,0.64,0.1
1478,2021-01-26,36.93,36.36,37.17,36.16,161487,611487024.0,2.7,-2.7,-1.01,0.08
1479,2021-01-27,36.36,36.46,37.0,36.26,122919,465880704.0,2.04,0.28,0.1,0.06
1480,2021-01-28,35.86,35.95,36.23,35.71,118064,439268096.0,1.43,-1.4,-0.51,0.06
1481,2021-01-29,36.14,34.86,36.17,34.42,176929,644907392.0,4.87,-3.03,-1.09,0.08
1482,2021-02-01,34.71,35.03,35.24,34.33,115483,418116592.0,2.61,0.49,0.17,0.06
1483,2021-02-02,35.22,34.67,35.25,34.41,147179,528650896.0,2.4,-1.03,-0.36,0.07
1484,2021-02-03,34.69,33.93,34.69,33.45,162612,573611600.0,3.58,-2.13,-0.74,0.08
1485,2021-02-04,34.12,32.7,34.4,32.66,304870,1057519248.0,5.13,-3.63,-1.23,0.15
1486,2021-02-05,32.34,32.51,32.91,32.1,237940,805940368.0,2.48,-0.58,-0.19,0.11
1487,2021-02-08,32.41,31.12,32.7,30.93,349019,1142552176.0,5.44,-4.28,-1.39,0.17
1488,2021-02-09,31.3,31.92,31.93,30.61,205261,671048768.0,4.24,2.57,0.8,0.1
1489,2021-02-10,31.91,32.33,32.96,31.8,226205,761804512.0,3.63,1.28,0.41,0.11
1490,2021-02-18,32.97,33.65,34.38,32.95,295679,1031082832.0,4.42,4.08,1.32,0.14
1491,2021-02-19,33.5,34.01,34.43,32.89,244919,862613200.0,4.58,1.07,0.36,0.12
1492,2021-02-22,34.03,33.43,34.33,33.3,290092,1014964640.0,3.03,-1.71,-0.58,0.14
1493,2021-02-23,33.44,34.11,34.49,33.43,241447,855188928.0,3.17,2.03,0.68,0.12
1494,2021-02-24,33.94,33.34,34.88,33.11,272098,959683472.0,5.19,-2.26,-0.77,0.13
1495,2021-02-25,32.89,34.07,34.76,32.01,386559,1344232272.0,8.25,2.19,0.73,0.19
1496,2021-02-26,33.24,31.87,33.65,31.81,360176,1217359536.0,5.4,-6.46,-2.2,0.17
1497,2021-03-01,31.61,31.77,32.01,31.11,165714,544504912.0,2.82,-0.31,-0.1,0.08
1498,2021-03-02,31.69,31.81,32.37,31.51,144556,479604256.0,2.71,0.13,0.04,0.07
1499,2021-03-03,31.81,32.74,32.87,31.71,240244,813247728.0,3.65,2.92,0.93,0.12
1500,2021-03-04,32.55,32.85,33.25,32.37,206773,704681024.0,2.69,0.34,0.11,0.1
1501,2021-03-05,32.51,32.04,32.83,31.61,190240,633706624.0,3.71,-2.47,-0.81,0.09
1502,2021-03-08,32.06,31.65,32.89,31.61,190596,640637808.0,4.0,-1.22,-0.39,0.09
1503,2021-03-09,31.79,31.68,32.23,31.07,190857,629177888.0,3.67,0.09,0.03,0.09
1504,2021-03-10,31.67,30.31,31.86,30.22,212017,682333728.0,5.18,-4.32,-1.37,0.1
1505,2021-03-11,30.27,30.87,30.87,30.27,152351,486462256.0,1.98,1.85,0.56,0.07
1506,2021-03-12,30.71,30.76,31.06,30.41,112218,359128656.0,2.11,-0.36,-0.11,0.05
1507,2021-03-15,30.8,30.52,30.89,30.31,104748,333485904.0,1.89,-0.78,-0.24,0.05
1508,2021-03-16,30.7,31.31,31.36,30.6,139265,449913216.0,2.49,2.59,0.79,0.07
1509,2021-03-17,31.21,30.69,31.31,30.61,136314,438514976.0,2.24,-1.98,-0.62,0.07
1510,2021-03-18,30.56,30.86,31.07,30.56,86545,277960240.0,1.66,0.55,0.17,0.04
1511,2021-03-19,30.72,29.79,30.77,29.79,170965,537905312.0,3.18,-3.47,-1.07,0.08
1512,2021-03-22,29.79,30.27,30.3,29.74,96388,302453104.0,1.88,1.61,0.48,0.05
1513,2021-03-23,30.46,30.65,31.01,30.29,123238,393368176.0,2.38,1.26,0.38,0.06
1514,2021-03-24,30.45,30.48,31.01,30.36,116646,372801152.0,2.12,-0.55,-0.17,0.06
1515,2021-03-25,30.23,30.12,30.4,29.91,89263,280906080.0,1.61,-1.18,-0.36,0.04
1516,2021-03-26,30.14,30.91,31.04,30.11,165349,530900048.0,3.09,2.62,0.79,0.08
1517,2021-03-29,30.91,30.82,31.19,30.57,96073,308682352.0,2.01,-0.29,-0.09,0.05
1518,2021-03-30,30.82,30.77,30.99,30.47,94294,301379968.0,1.69,-0.16,-0.05,0.05
1519,2021-03-31,30.57,30.53,30.69,30.31,72359,229896593.0,1.23,-0.78,-0.24,0.03
1520,2021-04-01,30.61,30.91,30.97,30.43,84415,270980192.0,1.77,1.24,0.38,0.04
1521,2021-04-02,30.9,30.98,31.13,30.64,88117,283706960.0,1.59,0.23,0.07,0.04
1522,2021-04-06,30.93,30.95,31.13,30.79,64694,208421049.0,1.1,-0.1,-0.03,0.03
1523,2021-04-07,30.96,30.48,31.06,30.27,108845,346401952.0,2.55,-1.52,-0.47,0.05
1524,2021-04-08,30.38,30.7,30.84,30.26,85692,273764240.0,1.9,0.72,0.22,0.04
1525,2021-04-09,30.66,29.96,30.68,29.87,119178,374139232.0,2.64,-2.41,-0.74,0.06
1526,2021-04-12,29.93,29.86,30.21,29.79,77789,243323383.0,1.4,-0.33,-0.1,0.04
1527,2021-04-13,29.86,29.38,29.97,29.13,109075,334919360.0,2.81,-1.61,-0.48,0.05
1528,2021-04-14,29.46,29.36,29.66,29.13,75637,231697051.0,1.8,-0.07,-0.02,0.04
1529,2021-04-15,29.29,28.66,29.31,28.51,114656,343597264.0,2.72,-2.38,-0.7,0.06
1530,2021-04-16,28.75,29.34,29.39,28.64,108839,330777984.0,2.62,2.37,0.68,0.05
1531,2021-04-19,29.38,29.73,29.75,29.04,109669,337995328.0,2.42,1.33,0.39,0.05
1532,2021-04-20,29.53,29.3,29.7,29.22,73738,226670398.0,1.61,-1.45,-0.43,0.04
1533,2021-04-21,29.19,29.49,29.54,28.86,72123,220872037.0,2.32,0.65,0.19,0.03
1534,2021-04-22,30.58,30.04,30.93,29.91,192812,609663024.0,3.46,1.87,0.55,0.09
1535,2021-04-23,30.08,30.82,31.2,30.08,235806,755301280.0,3.73,2.6,0.78,0.11
1536,2021-04-26,30.62,29.74,30.62,29.74,154566,485313824.0,2.86,-3.5,-1.08,0.07
1537,2021-04-27,29.65,31.03,31.26,29.31,221161,703522480.0,6.56,4.34,1.29,0.11
1538,2021-04-28,31.11,31.57,31.92,30.75,249710,817336016.0,3.77,1.74,0.54,0.12
1539,2021-04-29,31.63,32.33,32.35,31.1,281042,936287104.0,3.96,2.41,0.76,0.13
1540,2021-04-30,32.36,31.78,32.59,31.31,219179,726756112.0,3.96,-1.7,-0.55,0.11
1541,2021-05-06,31.51,31.44,31.91,31.21,150750,493469888.0,2.2,-1.07,-0.34,0.07
1542,2021-05-07,31.34,31.32,31.78,31.22,122580,401900416.0,1.78,-0.38,-0.12,0.06
1543,2021-05-10,31.26,30.95,31.26,30.52,139309,447802304.0,2.36,-1.18,-0.37,0.07
1544,2021-05-11,30.69,31.7,31.7,30.61,150778,490110768.0,3.52,2.42,0.75,0.07
1545,2021-05-12,31.48,31.55,31.89,31.22,122024,400364192.0,2.11,-0.47,-0.15,0.06
1546,2021-05-13,31.11,31.23,31.46,30.76,81808,264743910.0,2.22,-1.01,-0.32,0.04
1547,2021-05-14,31.25,34.16,34.29,31.13,487429,1680389968.0,10.12,9.38,2.93,0.23
1548,2021-05-17,33.71,33.28,33.91,33.11,271744,943583488.0,2.34,-2.58,-0.88,0.13
1549,2021-05-18,33.35,33.67,34.36,33.31,225181,789807216.0,3.16,1.17,0.39,0.11
1550,2021-05-19,33.44,33.14,33.79,32.91,167138,577249024.0,2.61,-1.57,-0.53,0.08
1551,2021-05-20,33.26,33.92,34.29,32.96,233666,819560240.0,4.01,2.35,0.78,0.11
1552,2021-05-21,34.21,33.12,34.31,33.03,188450,653601424.0,3.77,-2.36,-0.8,0.09
1553,2021-05-24,33.01,33.54,33.81,32.97,150442,523275680.0,2.54,1.27,0.42,0.07
1554,2021-05-25,33.6,34.97,35.4,33.32,391754,1413268560.0,6.2,4.26,1.43,0.19
1555,2021-05-26,34.94,35.3,35.91,34.61,342763,1252805408.0,3.72,0.94,0.33,0.16
1556,2021-05-27,34.93,35.16,35.55,34.72,190164,690155472.0,2.35,-0.4,-0.14,0.09
1557,2021-05-28,35.01,35.41,35.58,34.81,211651,770461616.0,2.19,0.71,0.25,0.1
1558,2021-05-31,34.98,35.11,35.28,34.42,218198,787809856.0,2.43,-0.85,-0.3,0.1
1559,2021-06-01,34.66,33.95,34.8,33.54,291601,1032069664.0,3.59,-3.3,-1.16,0.14
1560,2021-06-02,33.91,34.12,34.41,33.37,224374,787035088.0,3.06,0.5,0.17,0.11
1561,2021-06-03,33.81,33.76,34.56,33.7,160794,569784176.0,2.52,-1.06,-0.36,0.08
1562,2021-06-04,33.61,34.49,34.96,33.57,204474,729019072.0,4.12,2.16,0.73,0.1
1563,2021-06-07,34.26,34.11,34.51,33.82,115024,406225056.0,2.0,-1.1,-0.38,0.06
1564,2021-06-08,34.1,34.27,34.69,33.76,143791,511122544.0,2.73,0.47,0.16,0.07
1565,2021-06-09,34.16,34.27,34.65,34.06,133105,474874544.0,1.72,0.0,0.0,0.06
1566,2021-06-10,34.07,33.35,34.57,33.15,218857,768409632.0,4.14,-2.68,-0.92,0.11
1567,2021-06-11,33.06,32.01,33.2,31.96,299578,1007651248.0,3.72,-4.02,-1.34,0.14
1568,2021-06-15,31.86,31.98,32.22,31.28,157385,518869760.0,2.94,-0.09,-0.03,0.08
1569,2021-06-16,31.96,32.41,32.77,31.82,151522,511037840.0,2.97,1.34,0.43,0.07
1570,2021-06-17,32.29,32.28,32.8,31.91,111178,373854656.0,2.75,-0.4,-0.13,0.05
1571,2021-06-18,32.29,32.13,32.61,31.96,109756,368370784.0,2.01,-0.46,-0.15,0.05
1572,2021-06-21,31.84,32.49,32.51,31.26,155436,517587456.0,3.89,1.12,0.36,0.07
1573,2021-06-22,32.7,32.67,33.4,32.21,176698,602690400.0,3.66,0.55,0.18,0.08
1574,2021-06-23,32.61,32.45,32.97,32.3,130050,439614816.0,2.05,-0.67,-0.22,0.06
1575,2021-06-24,32.45,32.71,33.21,32.24,141776,483855232.0,2.99,0.8,0.26,0.07
1576,2021-06-25,32.93,33.6,34.02,32.58,258445,896668144.0,4.4,2.72,0.89,0.12
1577,2021-06-28,33.86,33.2,33.94,33.01,137764,475880928.0,2.77,-1.19,-0.4,0.07
1578,2021-06-29,33.07,32.57,33.24,32.4,121210,412997600.0,2.53,-1.9,-0.63,0.06
1579,2021-06-30,32.41,32.6,32.98,32.41,91548,310273792.0,1.75,0.09,0.03,0.04
1580,2021-07-01,32.79,32.01,32.98,31.85,134735,453376912.0,3.47,-1.81,-0.59,0.06
1581,2021-07-02,31.81,30.7,31.88,30.56,187729,606775744.0,4.12,-4.09,-1.31,0.09
1582,2021-07-05,30.61,31.38,31.54,30.54,139505,451040848.0,3.26,2.21,0.68,0.07
1583,2021-07-06,31.38,32.34,32.43,31.27,171614,571900528.0,3.7,3.06,0.96,0.08
1584,2021-07-07,32.31,32.06,32.66,31.8,134295,449005312.0,2.66,-0.87,-0.28,0.06
1585,2021-07-08,32.02,31.26,32.06,31.09,112366,367173424.0,3.03,-2.5,-0.8,0.05
1586,2021-07-09,31.27,30.87,31.64,30.66,143568,464054800.0,3.13,-1.25,-0.39,0.07
1587,2021-07-12,31.07,30.48,31.28,30.37,184509,589026432.0,2.95,-1.26,-0.39,0.09
1588,2021-07-13,30.47,30.73,30.76,30.29,107012,341211024.0,1.54,0.82,0.25,0.05
1589,2021-07-14,30.59,29.91,30.6,29.71,153303,478073936.0,2.9,-2.67,-0.82,0.07
1590,2021-07-15,30.04,30.55,30.79,29.83,139630,433990368.0,3.21,2.14,0.64,0.07
1591,2021-07-16,30.22,30.32,30.68,29.95,104263,322383616.0,2.39,-0.75,-0.23,0.05
1592,2021-07-19,30.34,30.56,30.64,29.65,123015,378543360.0,3.27,0.79,0.24,0.06
1593,2021-07-20,30.34,30.35,30.63,30.05,72621,225015106.0,1.9,-0.69,-0.21,0.03
1594,2021-07-21,30.13,30.29,30.79,30.07,103521,320770544.0,2.37,-0.2,-0.06,0.05
1595,2021-07-22,30.1,30.77,31.14,30.06,165802,521180224.0,3.57,1.58,0.48,0.08
1596,2021-07-23,30.71,30.55,31.09,30.19,119858,374050992.0,2.92,-0.71,-0.22,0.06
1597,2021-07-26,30.23,28.8,30.23,28.64,211171,629393024.0,5.2,-5.73,-1.75,0.1
1598,2021-07-27,28.71,27.85,28.9,27.62,166526,480575088.0,4.44,-3.3,-0.95,0.08
1599,2021-07-28,28.14,27.91,28.5,27.86,113088,325318064.0,2.3,0.22,0.06,0.05
1600,2021-07-29,28.3,27.41,28.55,27.2,153082,431078528.0,4.84,-1.79,-0.5,0.07
1601,2021-07-30,27.2,27.35,27.72,26.85,122057,340525296.0,3.17,-0.22,-0.06,0.06
1602,2021-08-02,27.06,27.62,28.19,26.35,192080,537900880.0,6.73,0.99,0.27,0.09
1603,2021-08-03,27.42,27.88,28.04,27.18,134711,382235840.0,3.11,0.94,0.26,0.06
1604,2021-08-04,27.78,27.51,27.83,27.28,105084,295828896.0,1.97,-1.33,-0.37,0.05
1605,2021-08-05,27.29,27.42,28.23,27.17,121161,343241856.0,3.85,-0.33,-0.09,0.06
1606,2021-08-06,27.26,27.17,27.52,27.06,80246,223471844.0,1.68,-0.91,-0.25,0.04
1607,2021-08-09,27.01,27.86,28.33,26.78,160058,456269264.0,5.7,2.54,0.69,0.08
1608,2021-08-10,27.66,28.11,28.25,27.46,129705,369767760.0,2.84,0.9,0.25,0.06
1609,2021-08-11,28.14,28.15,28.83,28.08,157364,456887424.0,2.67,0.14,0.04,0.08
1610,2021-08-12,28.05,27.7,28.45,27.67,106766,305282560.0,2.77,-1.6,-0.45,0.05
1611,2021-08-13,27.73,27.76,27.97,27.57,76221,216455655.0,1.44,0.22,0.06,0.04
1612,2021-08-16,27.87,28.12,28.45,27.81,109951,317034736.0,2.31,1.3,0.36,0.05
1613,2021-08-17,28.12,28.0,28.7,27.94,175620,510112272.0,2.7,-0.43,-0.12,0.08
1614,2021-08-18,27.85,29.32,29.73,27.52,301169,887367984.0,7.89,4.71,1.32,0.14
1615,2021-08-19,28.99,28.5,29.13,28.38,169143,496121376.0,2.56,-2.8,-0.82,0.08
1616,2021-08-20,28.23,29.01,29.34,28.15,227268,671901632.0,4.18,1.79,0.51,0.11
1617,2021-08-23,29.0,28.73,29.07,28.41,124317,364929632.0,2.28,-0.97,-0.28,0.06
1618,2021-08-24,28.43,28.91,29.05,28.29,145010,425623168.0,2.65,0.63,0.18,0.07
1619,2021-08-25,28.85,28.82,29.13,28.63,85303,251538759.0,1.73,-0.31,-0.09,0.04
1620,2021-08-26,28.65,28.25,28.91,28.22,114149,332161152.0,2.39,-1.98,-0.57,0.05
1621,2021-08-27,28.35,28.81,29.2,28.34,142379,419821664.0,3.04,1.98,0.56,0.07
1622,2021-08-30,28.81,27.94,28.81,27.85,143141,411957952.0,3.33,-3.02,-0.87,0.07
1623,2021-08-31,27.76,28.19,28.33,27.46,118332,338205152.0,3.11,0.89,0.25,0.06
1624,2021-09-01,28.1,30.17,30.65,28.05,377365,1143964496.0,9.22,7.02,1.98,0.18
1625,2021-09-02,30.16,30.28,30.95,29.85,261727,808337136.0,3.65,0.36,0.11,0.13
1626,2021-09-03,30.65,30.31,30.94,29.57,220561,682383856.0,4.52,0.1,0.03,0.11
1627,2021-09-06,29.95,30.4,30.84,29.93,173312,538748608.0,3.0,0.3,0.09,0.08
1628,2021-09-07,30.31,30.89,30.91,30.01,211042,658043120.0,2.96,1.61,0.49,0.1
1629,2021-09-08,30.84,31.05,31.91,30.72,247258,789670928.0,3.85,0.52,0.16,0.12
1630,2021-09-09,30.65,30.78,31.15,30.19,150241,469194688.0,3.09,-0.87,-0.27,0.07
1631,2021-09-10,30.75,31.14,31.85,30.7,230858,737973840.0,3.74,1.17,0.36,0.11
1632,2021-09-13,31.15,31.43,31.88,31.05,154758,495863024.0,2.67,0.93,0.29,0.07
1633,2021-09-14,31.45,30.26,31.77,30.07,201839,634151648.0,5.41,-3.72,-1.17,0.1
1634,2021-09-15,29.95,30.17,30.43,29.79,133546,409771776.0,2.12,-0.3,-0.09,0.06
1635,2021-09-16,30.15,30.2,30.54,29.56,146516,450068224.0,3.25,0.1,0.03,0.07
1636,2021-09-17,30.2,30.17,30.53,29.95,111954,345181328.0,1.92,-0.1,-0.03,0.05
1637,2021-09-22,29.35,29.02,29.5,28.78,157812,469002416.0,2.39,-3.81,-1.15,0.08
1638,2021-09-23,29.34,29.35,29.8,28.98,158946,475934672.0,2.83,1.14,0.33,0.08
1639,2021-09-24,29.18,28.98,29.7,28.81,113325,338927872.0,3.03,-1.26,-0.37,0.05
1640,2021-09-27,28.91,29.84,30.0,28.83,176572,533258416.0,4.04,2.97,0.86,0.08
1641,2021-09-28,29.82,29.51,30.12,29.4,134930,408779920.0,2.41,-1.11,-0.33,0.06
1642,2021-09-29,29.35,29.81,29.93,29.2,134976,408801936.0,2.47,1.02,0.3,0.06
1643,2021-09-30,29.66,29.15,29.86,29.04,140922,421135488.0,2.75,-2.21,-0.66,0.07
1644,2021-10-08,29.65,30.65,30.84,29.46,262201,813985504.0,4.73,5.15,1.5,0.13
1645,2021-10-11,30.66,31.25,32.35,30.66,296573,954726976.0,5.51,1.96,0.6,0.14
1646,2021-10-12,31.25,31.36,31.69,30.7,184672,590251584.0,3.17,0.35,0.11,0.09
1647,2021-10-13,31.25,30.95,31.45,30.54,148542,468487920.0,2.9,-1.31,-0.41,0.07
1648,2021-10-14,30.79,30.62,31.14,30.57,103956,326463296.0,1.84,-1.07,-0.33,0.05
1649,2021-10-15,30.64,30.69,30.9,30.4,118216,369604960.0,1.63,0.23,0.07,0.06
1650,2021-10-18,30.9,29.95,31.26,29.7,158962,490155712.0,5.08,-2.41,-0.74,0.08
1651,2021-10-19,29.85,30.6,31.06,29.76,136245,425320144.0,4.34,2.17,0.65,0.07
1652,2021-10-20,30.94,30.43,31.29,30.18,110396,344970832.0,3.63,-0.56,-0.17,0.05
1653,2021-10-21,30.69,31.89,32.31,30.51,326280,1053074672.0,5.92,4.8,1.46,0.16
1654,2021-10-22,31.91,31.99,32.22,31.6,174253,567378688.0,1.94,0.31,0.1,0.08
1655,2021-10-25,31.93,32.08,32.14,31.34,145317,471094608.0,2.5,0.28,0.09,0.07
1656,2021-10-26,32.05,31.65,32.45,31.41,139260,451454448.0,3.24,-1.34,-0.43,0.07
1657,2021-10-27,31.36,31.48,31.91,30.95,118782,381710416.0,3.03,-0.54,-0.17,0.06
1658,2021-10-28,31.23,31.25,31.74,30.83,130987,417837264.0,2.89,-0.73,-0.23,0.06
1659,2021-10-29,30.81,29.15,31.02,29.03,378026,1143996416.0,6.37,-6.72,-2.1,0.18
1660,2021-11-01,28.84,29.14,29.58,28.57,127487,379087680.0,3.46,-0.03,-0.01,0.06
1661,2021-11-02,29.12,28.67,29.6,28.35,154263,454990848.0,4.29,-1.61,-0.47,0.07
1662,2021-11-03,28.67,28.71,28.95,28.54,72607,213340413.0,1.43,0.14,0.04,0.03
1663,2021-11-04,28.69,28.38,28.84,28.25,114370,331975280.0,2.06,-1.15,-0.33,0.05
1664,2021-11-05,28.23,28.19,28.55,28.1,84235,243674847.0,1.59,-0.67,-0.19,0.04
1665,2021-11-08,28.1,28.33,28.55,27.85,94014,272342192.0,2.48,0.5,0.14,0.05
1666,2021-11-09,28.44,28.23,28.6,28.05,66344,191727200.0,1.94,-0.35,-0.1,0.03
1667,2021-11-10,28.2,27.9,28.2,27.65,85303,242999052.0,1.95,-1.17,-0.33,0.04
1668,2021-11-11,27.8,28.61,28.65,27.76,137600,400236608.0,3.19,2.54,0.71,0.07
1669,2021-11-12,28.61,28.48,28.67,28.26,61734,179438194.0,1.43,-0.45,-0.13,0.03
1670,2021-11-15,28.64,28.56,28.8,28.32,60734,177214419.0,1.69,0.28,0.08,0.03
1671,2021-11-16,28.73,28.71,28.93,28.47,99672,292833904.0,1.61,0.53,0.15,0.05
1672,2021-11-17,28.47,28.63,28.85,28.47,73894,216471414.0,1.32,-0.28,-0.08,0.04
1673,2021-11-18,28.5,28.45,28.7,28.38,58419,170449971.0,1.12,-0.63,-0.18,0.03
1674,2021-11-19,28.36,28.86,29.04,28.31,88165,259147818.0,2.57,1.44,0.41,0.04
1675,2021-11-22,28.85,28.82,28.96,28.67,50338,148204587.0,1.0,-0.14,-0.04,0.02
1676,2021-11-23,28.82,28.82,29.27,28.7,88688,262383209.0,1.98,0.0,0.0,0.04
1677,2021-11-24,29.15,28.91,29.15,28.49,74920,220538474.0,2.29,0.31,0.09,0.04
1678,2021-11-25,28.82,28.75,28.84,28.57,47682,139983554.0,0.93,-0.55,-0.16,0.02
1679,2021-11-26,28.6,28.28,28.71,28.25,81438,236246048.0,1.6,-1.63,-0.47,0.04
1680,2021-11-29,28.05,28.17,28.33,27.95,58692,168788982.0,1.34,-0.39,-0.11,0.03
1681,2021-11-30,28.21,28.9,28.9,28.07,70700,205014810.0,2.95,2.59,0.73,0.03
1682,2021-12-01,28.45,28.68,28.75,28.37,68441,200053049.0,1.31,-0.76,-0.22,0.03
1683,2021-12-02,28.6,28.5,28.9,28.38,77911,227383791.0,1.81,-0.63,-0.18,0.04
1684,2021-12-03,28.51,28.64,28.7,28.33,61196,178480269.0,1.3,0.49,0.14,0.03
1685,2021-12-06,28.96,28.79,29.23,28.71,129045,382527024.0,1.82,0.52,0.15,0.06
1686,2021-12-07,29.02,29.15,29.32,28.71,113189,336026000.0,2.12,1.25,0.36,0.05
1687,2021-12-08,29.15,29.25,29.25,28.8,105828,314516592.0,1.54,0.34,0.1,0.05
1688,2021-12-09,29.34,29.82,30.24,29.16,195163,593655424.0,3.69,1.95,0.57,0.09
1689,2021-12-10,29.62,29.75,29.9,29.47,112775,342004192.0,1.44,-0.23,-0.07,0.05
1690,2021-12-13,29.86,29.65,30.35,29.62,137110,420491104.0,2.45,-0.34,-0.1,0.07
1691,2021-12-14,29.55,29.52,29.71,29.25,86389,259709074.0,1.55,-0.44,-0.13,0.04
1692,2021-12-15,29.32,29.27,29.55,29.16,59753,178923685.0,1.32,-0.85,-0.25,0.03
1693,2021-12-16,29.24,29.45,29.52,29.19,61879,185989966.0,1.13,0.61,0.18,0.03
1694,2021-12-17,29.38,29.28,29.58,29.23,68055,204139818.0,1.19,-0.58,-0.17,0.03
1695,2021-12-20,29.28,29.36,29.65,29.17,87519,263630621.0,1.64,0.27,0.08,0.04
1696,2021-12-21,29.33,29.6,29.7,29.33,68648,207527022.0,1.26,0.82,0.24,0.03
1697,2021-12-22,29.63,29.29,29.7,29.18,78288,234977624.0,1.76,-1.05,-0.31,0.04
1698,2021-12-23,29.24,29.33,29.42,29.07,51363,153497552.0,1.19,0.14,0.04,0.02
1699,2021-12-24,29.34,29.49,29.58,29.06,73416,220254592.0,1.77,0.55,0.16,0.04
1700,2021-12-27,29.55,29.62,29.76,29.43,58534,176945183.0,1.12,0.44,0.13,0.03
1701,2021-12-28,29.63,29.72,29.94,29.62,82989,252529572.0,1.08,0.34,0.1,0.04
1702,2021-12-29,30.01,29.65,30.01,29.53,55402,168204333.0,1.62,-0.24,-0.07,0.03
1703,2021-12-30,29.56,29.53,29.8,29.51,54314,164453524.0,0.98,-0.4,-0.12,0.03
1704,2021-12-31,29.68,29.44,29.8,29.43,57632,174101752.0,1.25,-0.3,-0.09,0.03
1705,2022-01-04,29.38,29.66,29.78,29.03,104703,314497808.0,2.55,0.75,0.22,0.05
1706,2022-01-05,29.67,29.88,30.3,29.6,133222,407930368.0,2.36,0.74,0.22,0.06
1707,2022-01-06,29.83,29.54,30.09,29.5,78878,239220497.0,1.97,-1.14,-0.34,0.04
1708,2022-01-07,29.65,29.89,30.28,29.54,116201,355631376.0,2.51,1.18,0.35,0.06
1709,2022-01-10,29.49,29.36,29.5,28.85,161672,483405744.0,2.17,-1.77,-0.53,0.08
1710,2022-01-11,29.25,29.51,29.85,29.15,98216,296748736.0,2.38,0.51,0.15,0.05
1711,2022-01-12,29.6,29.45,29.65,29.2,65108,195723634.0,1.52,-0.2,-0.06,0.03
1712,2022-01-13,29.44,29.38,29.95,29.35,76514,231530558.0,2.04,-0.24,-0.07,0.04
1713,2022-01-14,29.35,28.35,29.35,28.35,138019,404948624.0,3.4,-3.51,-1.03,0.07
1714,2022-01-17,28.27,28.23,28.47,28.08,85763,247769275.0,1.38,-0.42,-0.12,0.04
1715,2022-01-18,28.35,28.4,28.6,28.2,62628,182010687.0,1.42,0.6,0.17,0.03
1716,2022-01-19,28.38,28.51,28.72,28.38,55837,163265677.0,1.2,0.39,0.11,0.03
1717,2022-01-20,28.52,29.11,29.27,28.47,133273,395770656.0,2.81,2.1,0.6,0.06
1718,2022-01-21,29.06,28.89,29.33,28.72,69667,205826095.0,2.1,-0.76,-0.22,0.03
1719,2022-01-24,28.89,28.54,28.94,28.41,55940,163378363.0,1.83,-1.21,-0.35,0.03
1720,2022-01-25,28.42,27.9,28.54,27.9,79989,230388841.0,2.24,-2.24,-0.64,0.04
1721,2022-01-26,27.95,28.0,28.18,27.76,60346,172647503.0,1.51,0.36,0.1,0.03
1722,2022-01-27,27.76,27.37,27.87,27.35,73767,207943242.0,1.86,-2.25,-0.63,0.04
1723,2022-01-28,27.55,26.91,27.69,26.87,79271,221642968.0,3.0,-1.68,-0.46,0.04
1724,2022-02-07,27.28,27.55,27.81,27.05,65470,183644720.0,2.82,2.38,0.64,0.03
1725,2022-02-08,27.6,28.2,28.34,27.51,89646,256954294.0,3.01,2.36,0.65,0.04
1726,2022-02-09,28.2,28.19,28.52,28.03,60301,174197741.0,1.74,-0.04,-0.01,0.03
1727,2022-02-10,28.15,28.79,28.89,27.93,106624,311817520.0,3.41,2.13,0.6,0.05
1728,2022-02-11,28.79,30.95,31.23,28.75,486883,1516725408.0,8.61,7.5,2.16,0.23
1729,2022-02-14,30.93,30.15,31.15,30.06,194747,604836000.0,3.52,-2.58,-0.8,0.09
1730,2022-02-15,30.06,30.05,30.4,29.79,105236,322724112.0,2.02,-0.33,-0.1,0.05
1731,2022-02-16,30.23,30.11,30.41,30.0,84252,259592592.0,1.36,0.2,0.06,0.04
1732,2022-02-17,29.76,29.78,30.2,29.51,99944,304210368.0,2.29,-1.1,-0.33,0.05
1733,2022-02-18,29.5,29.9,30.29,29.48,94168,287969888.0,2.72,0.4,0.12,0.05
1734,2022-02-21,29.85,29.52,29.85,28.98,138299,414290560.0,2.91,-1.27,-0.38,0.07
1735,2022-02-22,29.25,29.32,29.38,28.9,100617,299475264.0,1.63,-0.68,-0.2,0.05
1736,2022-02-23,29.33,29.18,29.38,29.04,90483,269609280.0,1.16,-0.48,-0.14,0.04
1737,2022-02-24,29.02,28.29,29.05,28.01,163661,476166240.0,3.56,-3.05,-0.89,0.08
1738,2022-02-25,28.21,28.28,28.52,28.15,78467,227390633.0,1.31,-0.04,-0.01,0.04
1739,2022-02-28,28.33,28.13,28.4,27.87,74610,214345098.0,1.87,-0.53,-0.15,0.04
1740,2022-03-01,28.28,28.64,28.69,28.04,93581,271872240.0,2.31,1.81,0.51,0.04
1741,2022-03-02,28.41,28.28,28.53,28.15,60982,176529638.0,1.33,-1.26,-0.36,0.03
1742,2022-03-03,28.36,28.17,28.53,28.07,61614,178319136.0,1.63,-0.39,-0.11,0.03
1743,2022-03-04,27.95,28.03,28.09,27.58,90447,257696712.0,1.81,-0.5,-0.14,0.04
1744,2022-03-07,27.74,27.15,27.76,27.0,128264,358653872.0,2.71,-3.14,-0.88,0.06
1745,2022-03-08,27.13,26.15,27.28,25.96,132312,360940976.0,4.86,-3.68,-1.0,0.06
1746,2022-03-09,26.15,25.29,26.3,24.32,168993,439699984.0,7.57,-3.29,-0.86,0.08
1747,2022-03-10,25.8,25.28,25.91,25.21,87696,229250043.0,2.77,-0.04,-0.01,0.04
1748,2022-03-11,24.85,25.45,25.56,24.54,95375,244754976.0,4.03,0.67,0.17,0.05
1749,2022-03-14,25.15,25.0,25.31,24.93,64752,166877192.0,1.49,-1.77,-0.45,0.03
1750,2022-03-15,24.85,23.47,24.91,23.46,129338,320593392.0,5.8,-6.12,-1.53,0.06
1751,2022-03-16,23.65,24.36,24.56,23.13,142806,350010304.0,6.09,3.79,0.89,0.07
1752,2022-03-17,24.75,25.03,25.51,24.37,153792,394121440.0,4.68,2.75,0.67,0.07
1753,2022-03-18,24.9,25.83,26.47,24.77,365727,964021504.0,6.79,3.2,0.8,0.18
1754,2022-03-21,25.72,25.16,25.72,24.96,134726,349377680.0,2.94,-2.59,-0.67,0.06
1755,2022-03-22,24.55,25.18,25.37,24.37,91791,236376858.0,3.97,0.08,0.02,0.04
1756,2022-03-23,25.15,25.05,25.33,24.85,65460,168389570.0,1.91,-0.52,-0.13,0.03
1757,2022-03-24,24.83,24.89,25.21,24.66,59377,151967563.0,2.2,-0.64,-0.16,0.03
1758,2022-03-25,24.95,24.67,25.35,24.66,87948,224835743.0,2.77,-0.88,-0.22,0.04
1759,2022-03-28,24.25,24.63,24.7,23.85,81889,204295132.0,3.45,-0.16,-0.04,0.04
1760,2022-03-29,24.7,24.33,24.78,24.3,40887,102762128.0,1.95,-1.22,-0.3,0.02
1761,2022-03-30,24.53,25.35,25.42,24.53,129185,332770368.0,3.66,4.19,1.02,0.06
1762,2022-03-31,25.25,25.59,26.05,25.13,125521,329943776.0,3.63,0.95,0.24,0.06
1763,2022-04-01,25.42,26.46,26.53,25.28,172884,463282336.0,4.88,3.4,0.87,0.08
1764,2022-04-06,26.32,26.53,26.7,26.2,107889,292492000.0,1.89,0.26,0.07,0.05
1765,2022-04-07,26.53,25.86,26.66,25.81,139471,374473136.0,3.2,-2.53,-0.67,0.07
1766,2022-04-08,25.84,26.41,26.49,25.7,92290,247280012.0,3.05,2.13,0.55,0.04
1767,2022-04-11,26.14,25.84,26.36,25.75,80159,213629293.0,2.31,-2.16,-0.57,0.04
1768,2022-04-12,25.86,26.51,26.65,25.85,102514,276342768.0,3.1,2.59,0.67,0.05
1769,2022-04-13,26.28,26.21,26.58,26.1,64037,172491742.0,1.81,-1.13,-0.3,0.03
1770,2022-04-14,26.45,26.3,26.54,25.97,68795,185366391.0,2.17,0.34,0.09,0.03
1771,2022-04-15,26.03,26.28,26.49,25.97,72045,194126128.0,1.98,-0.08,-0.02,0.03
1772,2022-04-18,26.07,25.53,26.2,25.29,93437,244996224.0,3.46,-2.85,-0.75,0.04
1773,2022-04-19,25.58,25.3,25.63,25.08,53931,140086295.0,2.15,-0.9,-0.23,0.03
1774,2022-04-20,25.33,24.95,25.45,24.67,77806,199753433.0,3.08,-1.38,-0.35,0.04
1775,2022-04-21,24.8,25.23,25.71,24.67,98656,256359524.0,4.17,1.12,0.28,0.05
1776,2022-04-22,25.05,25.85,26.08,25.0,103475,273174016.0,4.28,2.46,0.62,0.05
1777,2022-04-25,25.16,24.65,25.67,24.6,116587,301140656.0,4.14,-4.64,-1.2,0.06
1778,2022-04-26,24.65,24.08,24.85,23.63,148205,368039888.0,4.95,-2.31,-0.57,0.07
1779,2022-04-27,23.96,24.37,24.63,23.86,108000,269600192.0,3.2,1.2,0.29,0.05
1780,2022-04-28,23.71,23.85,24.11,23.54,96481,236202286.0,2.34,-2.13,-0.52,0.05
1781,2022-04-29,24.05,24.8,24.83,23.88,98187,246066717.0,3.98,3.98,0.95,0.05
1782,2022-05-05,24.65,24.9,25.3,24.55,76976,197371253.0,3.02,0.4,0.1,0.04
1783,2022-05-06,24.57,24.45,24.84,24.26,51040,128276020.0,2.33,-1.81,-0.45,0.02
1784,2022-05-09,24.35,24.94,24.96,24.15,62752,159021480.0,3.31,2.0,0.49,0.03
1785,2022-05-10,24.56,24.9,25.33,24.56,63426,162440742.0,3.09,-0.16,-0.04,0.03
1786,2022-05-11,24.9,24.75,25.14,24.6,72332,184780445.0,2.17,-0.6,-0.15,0.03
1787,2022-05-12,24.56,24.6,24.81,24.4,51685,130429476.0,1.66,-0.61,-0.15,0.02
1788,2022-05-13,24.71,24.63,25.04,24.5,41038,104180430.0,2.2,0.12,0.03,0.02
1789,2022-05-16,24.74,24.41,24.85,24.36,42455,106797316.0,1.99,-0.89,-0.22,0.02
1790,2022-05-17,24.41,24.5,24.53,24.25,50407,126298652.0,1.15,0.37,0.09,0.02
1791,2022-05-18,24.53,24.16,24.55,24.05,64439,160034132.0,2.04,-1.39,-0.34,0.03
1792,2022-05-19,23.88,23.87,24.11,23.61,79280,193561291.0,2.07,-1.2,-0.29,0.04
1793,2022-05-20,23.99,24.27,24.3,23.88,78555,194990785.0,1.76,1.68,0.4,0.04
1794,2022-05-23,24.27,24.16,24.3,23.96,55862,138387603.0,1.4,-0.45,-0.11,0.03
1795,2022-05-24,24.13,23.83,24.38,23.81,86286,213494974.0,2.36,-1.37,-0.33,0.04
1796,2022-05-25,23.95,23.55,23.95,23.41,107591,261006801.0,2.27,-1.17,-0.28,0.05
1797,2022-05-26,23.56,23.65,23.73,23.27,94615,228416124.0,1.95,0.42,0.1,0.05
1798,2022-05-27,23.71,23.76,23.91,23.65,70406,171939576.0,1.1,0.47,0.11,0.03
1799,2022-05-30,23.78,23.81,23.98,23.68,68493,167838405.0,1.26,0.21,0.05,0.03
1800,2022-05-31,23.61,24.2,24.32,23.58,115800,286344896.0,3.11,1.64,0.39,0.06
1801,2022-06-01,24.18,24.15,24.33,23.95,58663,145300596.0,1.57,-0.21,-0.05,0.03
1802,2022-06-02,24.01,24.47,24.5,23.9,84658,210649020.0,2.48,1.33,0.32,0.04
1803,2022-06-06,24.35,24.41,24.48,24.02,96789,240966252.0,1.88,-0.25,-0.06,0.05
1804,2022-06-07,24.42,24.48,24.67,24.25,100872,253303377.0,1.72,0.29,0.07,0.05
1805,2022-06-08,24.45,24.52,24.69,24.15,102729,257793423.0,2.21,0.16,0.04,0.05
1806,2022-06-09,24.55,24.78,25.05,24.47,153798,391690976.0,2.37,1.06,0.26,0.07
1807,2022-06-10,24.5,25.01,25.11,24.32,174539,442043536.0,3.19,0.93,0.23,0.08
1808,2022-06-13,24.71,24.49,24.84,24.32,97286,245083067.0,2.08,-2.08,-0.52,0.05
1809,2022-06-14,24.33,25.58,25.65,24.03,177771,453513616.0,6.61,4.45,1.09,0.09
1810,2022-06-15,25.64,28.2,28.2,25.6,574035,1625324480.0,10.16,10.24,2.62,0.28
1811,2022-06-16,28.2,27.31,28.23,26.93,495506,1387928352.0,4.61,-3.16,-0.89,0.24
1812,2022-06-17,26.63,27.75,28.64,26.63,344824,973778432.0,7.36,1.61,0.44,0.17
1813,2022-06-20,27.5,28.23,28.73,27.39,280648,804542608.0,4.83,1.73,0.48,0.13
1814,2022-06-21,28.12,29.45,30.34,27.95,398511,1201166160.0,8.47,4.32,1.22,0.19
1815,2022-06-22,29.1,29.27,29.75,28.81,231533,695959552.0,3.19,-0.61,-0.18,0.11
1816,2022-06-23,29.15,30.7,31.15,29.15,297620,920931712.0,6.83,4.89,1.43,0.14
1817,2022-06-24,30.43,31.12,31.93,30.2,287167,910544928.0,5.64,1.37,0.42,0.14
1818,2022-06-27,31.15,30.8,31.19,30.27,189326,594330992.0,2.96,-1.03,-0.32,0.09
1819,2022-06-28,30.67,29.77,30.74,29.38,320564,974051872.0,4.42,-3.34,-1.03,0.15
1820,2022-06-29,29.63,29.86,30.45,29.55,246792,757651920.0,3.02,0.3,0.09,0.12
1821,2022-06-30,29.86,30.43,30.94,29.71,161613,501879200.0,4.12,1.91,0.57,0.08
1822,2022-07-01,30.52,30.35,30.91,30.04,88419,274400112.0,2.86,-0.26,-0.08,0.04
1823,2022-07-04,30.35,29.87,30.64,29.38,167285,508045168.0,4.15,-1.58,-0.48,0.08
1824,2022-07-05,29.85,30.19,30.63,29.77,157518,484982992.0,2.88,1.07,0.32,0.08
1825,2022-07-06,30.19,29.85,30.23,29.46,117591,357393504.0,2.55,-1.13,-0.34,0.06
1826,2022-07-07,29.75,29.51,30.13,29.49,87250,264897981.0,2.14,-1.14,-0.34,0.04
1827,2022-07-08,29.57,29.6,30.05,29.45,72914,221278800.0,2.03,0.3,0.09,0.04
1828,2022-07-11,29.58,29.38,29.86,29.27,111330,335416498.0,1.99,-0.74,-0.22,0.05
1829,2022-07-12,29.41,29.21,29.61,29.03,84717,253829391.0,1.97,-0.58,-0.17,0.04
1830,2022-07-13,29.21,28.77,29.37,28.51,111569,329055064.0,2.94,-1.51,-0.44,0.05
1831,2022-07-14,28.93,28.46,28.93,28.19,110407,314110053.0,2.57,-1.08,-0.31,0.05
1832,2022-07-15,28.46,27.99,28.9,27.99,91882,260679375.0,3.2,-1.65,-0.47,0.04
1833,2022-07-18,27.7,28.8,29.1,27.7,107711,308941051.0,5.0,2.89,0.81,0.05
1834,2022-07-19,28.74,28.48,28.78,28.21,70827,201137051.0,1.98,-1.11,-0.32,0.03
1835,2022-07-20,28.58,28.93,29.09,28.51,102822,297225575.0,2.04,1.58,0.45,0.05
1836,2022-07-21,28.9,28.2,28.9,28.12,79257,225048993.0,2.7,-2.52,-0.73,0.04
1837,2022-07-22,28.21,28.22,28.65,27.8,84730,238908654.0,3.01,0.07,0.02,0.04
1838,2022-07-25,28.2,28.18,28.36,27.9,51813,145540662.0,1.63,-0.14,-0.04,0.02
1839,2022-07-26,28.2,28.37,28.64,28.08,53295,151341815.0,1.99,0.67,0.19,0.03
1840,2022-07-27,28.15,27.98,28.33,27.92,39288,110440357.0,1.45,-1.37,-0.39,0.02
1841,2022-07-28,28.21,28.1,28.79,28.08,73936,209901589.0,2.54,0.43,0.12,0.04
1842,2022-07-29,28.07,27.87,28.53,27.71,68000,190635894.0,2.92,-0.82,-0.23,0.03
1843,2022-08-01,27.58,27.48,27.68,27.1,94922,259563849.0,2.08,-1.4,-0.39,0.05
1844,2022-08-02,27.17,26.55,27.18,26.31,135764,361430170.0,3.17,-3.38,-0.93,0.07
1845,2022-08-03,26.8,26.09,26.86,26.0,105669,277923739.0,3.24,-1.73,-0.46,0.05
1846,2022-08-04,26.4,26.53,26.68,26.22,68083,180400641.0,1.76,1.69,0.44,0.03
1847,2022-08-05,26.68,26.84,26.97,26.41,74338,198388860.0,2.11,1.17,0.31,0.04
1848,2022-08-08,26.62,26.5,27.0,26.3,68915,182632758.0,2.61,-1.27,-0.34,0.03
1849,2022-08-09,26.59,26.29,26.62,26.27,57349,151315851.0,1.32,-0.79,-0.21,0.03
1850,2022-08-10,26.3,26.0,26.41,25.81,65176,169712508.0,2.28,-1.1,-0.29,0.03
1851,2022-08-11,26.24,27.51,27.83,26.02,227988,617136787.0,6.96,5.81,1.51,0.11
1852,2022-08-12,27.0,27.95,28.33,26.99,177925,492200483.0,4.87,1.6,0.44,0.09
1853,2022-08-15,27.62,27.18,27.87,27.0,125122,341922773.0,3.11,-2.75,-0.77,0.06
1854,2022-08-16,27.2,26.77,27.34,26.71,101207,272621905.0,2.32,-1.51,-0.41,0.05
1855,2022-08-17,26.76,27.69,27.75,26.53,150316,410027922.0,4.56,3.44,0.92,0.07
1856,2022-08-18,27.58,27.14,27.59,27.02,103798,282750716.0,2.06,-1.99,-0.55,0.05
1857,2022-08-19,26.99,27.17,27.7,26.92,106816,291996952.0,2.87,0.11,0.03,0.05
1858,2022-08-22,27.17,27.07,27.43,26.93,82613,224590494.0,1.84,-0.37,-0.1,0.04
1859,2022-08-23,27.09,26.96,27.41,26.7,81327,219567000.0,2.62,-0.41,-0.11,0.04
1860,2022-08-24,27.33,28.3,28.95,27.25,318876,900644734.0,6.31,4.97,1.34,0.15
1861,2022-08-25,28.2,29.2,29.4,27.87,334216,967371548.0,5.41,3.18,0.9,0.16
1862,2022-08-26,28.89,29.44,29.99,28.28,224275,656601470.0,5.86,0.82,0.24,0.11
1863,2022-08-29,29.36,29.02,29.7,28.51,131491,380861760.0,4.04,-1.43,-0.42,0.06
1864,2022-08-30,28.95,29.5,29.69,28.7,140193,409374674.0,3.41,1.65,0.48,0.07
1865,2022-08-31,29.23,30.7,30.82,29.17,268179,812874545.0,5.59,4.07,1.2,0.13
1866,2022-09-01,30.3,30.45,31.11,30.18,156788,479336189.0,3.03,-0.81,-0.25,0.08
1867,2022-09-02,30.41,29.7,30.6,29.37,223210,665236422.0,4.04,-2.46,-0.75,0.11
1868,2022-09-05,29.43,29.86,30.11,29.25,117207,347795408.0,2.9,0.54,0.16,0.06
1869,2022-09-06,30.0,30.34,30.54,29.85,129764,392356912.0,2.31,1.61,0.48,0.06
1870,2022-09-07,30.23,30.25,30.56,29.9,79946,242005560.0,2.18,-0.3,-0.09,0.04
1871,2022-09-08,30.25,30.76,31.25,30.13,122142,376772264.0,3.7,1.69,0.51,0.06
1872,2022-09-09,30.59,31.5,31.77,30.47,225770,711279841.0,4.23,2.41,0.74,0.11
1873,2022-09-13,31.47,31.46,32.09,30.9,131944,417382347.0,3.78,-0.13,-0.04,0.06
1874,2022-09-14,31.0,31.63,31.84,30.98,102979,324501999.0,2.73,0.54,0.17,0.05
1875,2022-09-15,31.52,31.74,32.08,31.52,126883,403614388.0,1.77,0.35,0.11,0.06
1876,2022-09-16,31.71,31.06,31.9,30.95,178622,559021418.0,2.99,-2.14,-0.68,0.09
1877,2022-09-19,31.01,30.86,31.41,30.17,143232,439945575.0,3.99,-0.64,-0.2,0.07
1878,2022-09-20,30.88,29.84,30.88,29.58,180522,540303377.0,4.21,-3.31,-1.02,0.09
1879,2022-09-21,29.93,29.82,30.23,29.51,102765,307700772.0,2.41,-0.07,-0.02,0.05
1880,2022-09-22,29.64,29.91,30.11,29.52,81825,244469466.0,1.98,0.3,0.09,0.04
1881,2022-09-23,29.82,30.88,31.3,29.78,157917,487537217.0,5.08,3.24,0.97,0.08
1882,2022-09-26,30.79,30.82,31.6,30.67,150156,467660088.0,3.01,-0.19,-0.06,0.07
1883,2022-09-27,30.82,31.1,31.5,30.6,97471,303843547.0,2.92,0.91,0.28,0.05
1884,2022-09-28,31.07,31.48,31.88,30.67,166463,525081965.0,3.89,1.22,0.38,0.08
1885,2022-09-29,31.39,31.77,32.03,31.3,107179,340218889.0,2.32,0.92,0.29,0.05
1886,2022-09-30,31.76,31.63,32.0,31.16,111269,351652298.0,2.64,-0.44,-0.14,0.05
1887,2022-10-10,31.3,31.19,31.77,30.75,119684,374280812.0,3.22,-1.39,-0.44,0.06
1888,2022-10-11,31.18,30.84,31.5,30.58,112962,350075410.0,2.95,-1.12,-0.35,0.05
1889,2022-10-12,31.02,32.14,32.16,30.76,144594,460091990.0,4.54,4.22,1.3,0.07
1890,2022-10-13,32.15,32.43,32.6,31.45,191241,615067771.0,3.58,0.9,0.29,0.09
1891,2022-10-14,32.39,31.25,32.65,31.2,175123,557397208.0,4.47,-3.64,-1.18,0.08
1892,2022-10-17,30.98,31.72,32.03,30.68,113370,356483732.0,4.32,1.5,0.47,0.05
1893,2022-10-18,31.81,30.3,32.0,30.0,181776,555088322.0,6.31,-4.48,-1.42,0.09
1894,2022-10-19,30.29,29.56,30.38,29.36,147312,437660158.0,3.37,-2.44,-0.74,0.07
1895,2022-10-20,29.42,29.81,30.3,29.41,114348,342047973.0,3.01,0.85,0.25,0.05
1896,2022-10-21,30.05,29.37,30.16,29.24,79821,236180911.0,3.09,-1.48,-0.44,0.04
1897,2022-10-24,29.4,28.28,29.65,28.1,187074,534612042.0,5.28,-3.71,-1.09,0.09
1898,2022-10-25,28.47,28.54,28.81,28.13,114702,326469519.0,2.4,0.92,0.26,0.06
1899,2022-10-26,28.59,28.26,28.8,28.08,108920,309301086.0,2.52,-0.98,-0.28,0.05
1900,2022-10-27,28.3,27.95,28.44,27.91,105214,296104256.0,1.88,-1.1,-0.31,0.05
1901,2022-10-28,27.61,27.26,28.11,27.08,113625,312247881.0,3.69,-2.47,-0.69,0.05
1902,2022-10-31,27.1,26.6,27.1,26.3,159823,424728869.0,2.93,-2.42,-0.66,0.08
1903,2022-11-01,26.79,28.05,28.08,26.64,166358,457916077.0,5.41,5.45,1.45,0.08
1904,2022-11-02,28.0,27.71,28.0,27.48,105667,292560786.0,1.85,-1.21,-0.34,0.05
1905,2022-11-03,27.6,27.81,27.99,27.32,92430,256114994.0,2.42,0.36,0.1,0.04
1906,2022-11-04,27.65,29.46,29.85,27.65,212160,615791451.0,7.91,5.93,1.65,0.1
1907,2022-11-07,29.22,29.98,30.3,29.06,126277,378554260.0,4.21,1.77,0.52,0.06
1908,2022-11-08,29.92,30.15,30.2,29.6,76491,229017761.0,2.0,0.57,0.17,0.04
1909,2022-11-09,30.0,29.7,30.21,29.7,57434,171674094.0,1.69,-1.49,-0.45,0.03
1910,2022-11-10,29.64,30.03,30.06,29.29,71285,211671205.0,2.59,1.11,0.33,0.03
1911,2022-11-11,30.85,31.38,31.6,30.21,175443,544725981.0,4.63,4.5,1.35,0.08
1912,2022-11-14,31.7,32.49,33.0,31.7,278615,911644847.0,4.14,3.54,1.11,0.13
1913,2022-11-15,32.52,32.5,33.34,32.16,223337,729926998.0,3.63,0.03,0.01,0.11
1914,2022-11-16,32.34,31.76,32.58,31.73,106765,341835391.0,2.62,-2.28,-0.74,0.05
1915,2022-11-17,31.78,32.21,32.38,31.6,104752,335302128.0,2.46,1.42,0.45,0.05
1916,2022-11-18,32.23,32.1,32.72,32.03,76262,246300677.0,2.14,-0.34,-0.11,0.04
1917,2022-11-21,32.07,31.37,32.07,30.82,179202,558274847.0,3.89,-2.27,-0.73,0.09
1918,2022-11-22,31.4,32.76,33.3,31.07,203479,658411538.0,7.11,4.43,1.39,0.1
1919,2022-11-23,32.47,32.74,33.58,32.31,218949,722679643.0,3.88,-0.06,-0.02,0.11
1920,2022-11-24,32.77,32.5,33.18,32.41,97577,318740113.0,2.35,-0.73,-0.24,0.05
1921,2022-11-25,32.3,33.62,33.78,32.25,179665,601454584.0,4.71,3.45,1.12,0.09
1922,2022-11-28,33.1,33.37,33.7,32.75,154740,514616710.0,2.83,-0.74,-0.25,0.07
1923,2022-11-29,33.56,35.78,36.0,33.56,355857,1254593556.0,7.31,7.22,2.41,0.17
1924,2022-11-30,35.32,36.15,36.36,35.21,263355,946244596.0,3.21,1.03,0.37,0.13
1925,2022-12-01,36.33,35.58,37.19,35.36,267514,965911455.0,5.06,-1.58,-0.57,0.13
1926,2022-12-02,35.59,35.3,35.87,34.94,201731,713133051.0,2.61,-0.79,-0.28,0.1
1927,2022-12-05,35.71,37.1,37.15,35.52,272289,996838138.0,4.62,5.1,1.8,0.13
1928,2022-12-06,36.88,36.85,37.17,36.0,171485,630229740.0,3.15,-0.67,-0.25,0.08
1929,2022-12-07,36.36,36.12,36.68,35.34,231011,830053851.0,3.64,-1.98,-0.73,0.11
1930,2022-12-08,36.01,36.36,36.54,35.88,144740,524249936.0,1.83,0.66,0.24,0.07
1931,2022-12-09,36.0,36.2,36.52,35.65,131593,474725216.0,2.39,-0.44,-0.16,0.06
1932,2022-12-12,36.03,35.35,36.09,35.12,133760,474525682.0,2.68,-2.35,-0.85,0.06
1933,2022-12-13,35.44,35.46,35.75,35.31,74604,264931430.0,1.24,0.31,0.11,0.04
1934,2022-12-14,35.53,35.39,35.71,35.0,83213,294177596.0,2.0,-0.2,-0.07,0.04
1935,2022-12-15,35.15,35.2,35.46,34.7,80358,282121713.0,2.15,-0.54,-0.19,0.04
1936,2022-12-16,34.97,35.63,36.15,34.97,121279,432037395.0,3.35,1.22,0.43,0.06
1937,2022-12-19,35.61,34.99,35.94,34.89,95782,337652570.0,2.95,-1.8,-0.64,0.05
1938,2022-12-20,34.94,34.76,35.29,34.35,155470,539739972.0,2.69,-0.66,-0.23,0.07
1939,2022-12-21,34.99,35.45,35.81,34.64,88059,311363059.0,3.37,1.99,0.69,0.04
1940,2022-12-22,35.48,35.85,36.76,35.48,93207,336815176.0,3.61,1.13,0.4,0.04
1941,2022-12-23,35.63,36.38,36.65,35.5,102921,373918756.0,3.21,1.48,0.53,0.05
1942,2022-12-26,36.42,35.59,36.48,35.28,147718,526713716.0,3.3,-2.17,-0.79,0.07
1943,2022-12-27,35.95,36.9,37.07,35.81,127408,466827660.0,3.54,3.68,1.31,0.06
1944,2022-12-28,36.56,36.95,37.28,36.4,105520,389817008.0,2.38,0.14,0.05,0.05
1945,2022-12-29,36.58,36.72,37.1,35.95,110441,402162778.0,3.11,-0.62,-0.23,0.05
1946,2022-12-30,36.92,37.12,37.45,36.62,102472,381462506.0,2.26,1.09,0.4,0.05
