,日期,开盘,收盘,最高,最低,成交量,成交额,振幅,涨跌幅,涨跌额,换手率
0,2015-01-05,21.64,21.32,21.69,20.35,2448326,5988230912.0,6.31,0.47,0.1,4.37
1,2015-01-06,21.14,21.59,22.15,20.55,2513350,6199857408.0,7.5,1.27,0.27,4.49
2,2015-01-07,21.74,23.64,24.07,21.61,4689416,12560990976.0,11.39,9.5,2.05,8.37
3,2015-01-08,23.45,21.96,23.55,21.6,3454425,8835898880.0,8.25,-7.11,-1.68,6.17
4,2015-01-09,21.65,21.7,23.15,21.49,2746408,6999685888.0,7.56,-1.18,-0.26,4.9
5,2015-01-12,21.85,21.07,22.23,20.73,2017401,4976520704.0,6.91,-2.9,-0.63,3.6
6,2015-01-13,21.56,20.64,21.74,20.41,1898520,4609737472.0,6.31,-2.04,-0.43,3.39
7,2015-01-14,20.74,21.76,22.13,20.4,2209158,5440828160.0,8.38,5.43,1.12,3.94
8,2015-01-15,21.58,22.77,23.3,21.2,2631813,6710985216.0,9.65,4.64,1.01,4.7
9,2015-01-16,22.75,22.47,22.99,21.9,1909274,4917097472.0,4.79,-1.32,-0.3,3.41
10,2015-01-19,19.9,19.9,19.9,19.9,372430,862175456.0,0.0,-11.44,-2.57,0.67
11,2015-01-20,18.27,17.96,18.95,17.59,4162157,8924590336.0,6.83,-9.75,-1.94,7.43
12,2015-01-21,18.74,19.51,19.85,18.33,2955781,6577081856.0,8.46,8.63,1.55,5.28
13,2015-01-22,19.45,19.38,19.75,18.8,1835704,4131564672.0,4.87,-0.67,-0.13,3.28
14,2015-01-23,19.63,19.55,20.65,19.4,2093191,4854811392.0,6.45,0.88,0.17,3.74
15,2015-01-26,19.71,19.19,19.85,18.88,1289730,2904911856.0,4.96,-1.84,-0.36,2.3
16,2015-01-27,19.31,19.47,19.65,18.65,1537173,3451091584.0,5.21,1.46,0.28,2.74
17,2015-01-28,19.35,19.35,20.0,18.95,1536019,3493802496.0,5.39,-0.62,-0.12,2.74
18,2015-01-29,18.86,18.61,19.13,18.38,1134465,2500603440.0,3.88,-3.82,-0.74,2.03
19,2015-01-30,18.75,17.84,19.0,17.81,1081930,2336163440.0,6.39,-4.14,-0.77,1.93
20,2015-02-02,17.11,16.97,17.61,16.38,1549371,3131675632.0,6.89,-4.88,-0.87,2.77
21,2015-02-03,17.28,17.96,18.09,16.99,1544497,3202594880.0,6.48,5.83,0.99,2.76
22,2015-02-04,18.06,18.22,19.74,17.91,2037609,4500132352.0,10.19,1.45,0.26,3.64
23,2015-02-05,19.25,18.65,19.61,18.63,2664702,5949349888.0,5.38,2.36,0.43,4.76
24,2015-02-06,18.13,18.63,19.2,18.0,1225203,2694912320.0,6.43,-0.11,-0.02,2.19
25,2015-02-09,18.55,19.43,19.88,18.36,1823613,4111350944.0,8.16,4.29,0.8,3.26
26,2015-02-10,19.43,19.68,20.1,19.25,1346502,3090865280.0,4.37,1.29,0.25,2.4
27,2015-02-11,19.71,19.69,19.85,19.3,884470,2016928736.0,2.79,0.05,0.01,1.58
28,2015-02-12,19.64,19.43,19.69,19.06,809758,1831698560.0,3.2,-1.32,-0.26,1.45
29,2015-02-13,19.61,19.53,20.05,19.16,1156895,2648312944.0,4.58,0.51,0.1,2.07
30,2015-02-16,19.49,19.35,19.6,19.05,808418,1827188768.0,2.82,-0.92,-0.18,1.44
31,2015-02-17,19.46,19.48,20.02,19.36,779476,1783911200.0,3.41,0.67,0.13,1.39
32,2015-02-25,19.49,18.68,19.49,18.55,675384,1507018160.0,4.83,-4.11,-0.8,1.21
33,2015-02-26,18.61,19.73,19.9,18.09,1486482,3321323584.0,9.69,5.62,1.05,2.65
34,2015-02-27,19.65,19.73,20.11,19.55,1159572,2679856624.0,2.84,0.0,0.0,2.07
35,2015-03-02,20.23,19.93,20.56,19.65,1479262,3446722800.0,4.61,1.01,0.2,2.64
36,2015-03-03,19.65,18.67,19.74,18.56,1582780,3533533104.0,5.92,-6.32,-1.26,2.83
37,2015-03-04,18.6,18.6,18.85,18.32,861444,1878950400.0,2.84,-0.37,-0.07,1.54
38,2015-03-05,18.48,18.47,18.9,18.16,944282,2050155776.0,3.98,-0.7,-0.13,1.69
39,2015-03-06,18.53,18.29,18.93,18.24,699539,1526766384.0,3.74,-0.97,-0.18,1.25
40,2015-03-09,17.75,17.82,17.99,16.79,1528474,3139750656.0,6.56,-2.57,-0.47,2.73
41,2015-03-10,17.65,17.9,18.27,17.45,868839,1828650192.0,4.6,0.45,0.08,1.55
42,2015-03-11,17.98,17.99,18.54,17.9,825968,1770754784.0,3.58,0.5,0.09,1.47
43,2015-03-12,18.22,18.45,18.64,17.83,960793,2073902624.0,4.5,2.56,0.46,1.72
44,2015-03-13,18.65,18.64,19.25,18.46,1030664,2276335856.0,4.28,1.03,0.19,1.84
45,2015-03-16,18.77,19.63,19.9,18.46,1683859,3800144416.0,7.73,5.31,0.99,3.01
46,2015-03-17,20.53,20.62,21.0,20.21,2545006,6076169472.0,4.02,5.04,0.99,4.54
47,2015-03-18,21.3,21.86,22.13,21.3,2563600,6401604352.0,4.03,6.01,1.24,4.58
48,2015-03-19,21.93,21.61,21.97,21.35,1482286,3695923616.0,2.84,-1.14,-0.25,2.65
49,2015-03-20,21.83,23.99,24.1,21.16,3782211,9955561472.0,13.6,11.01,2.38,6.75
50,2015-03-23,24.12,24.94,25.03,23.6,2712733,7507931648.0,5.96,3.96,0.95,4.84
51,2015-03-24,24.85,24.38,25.45,23.74,2067752,5755389440.0,6.86,-2.25,-0.56,3.69
52,2015-03-25,24.43,23.46,24.94,23.33,2110605,5756676096.0,6.6,-3.77,-0.92,3.77
53,2015-03-26,23.14,23.21,24.18,22.56,1488659,3965340112.0,6.91,-1.07,-0.25,2.66
54,2015-03-27,23.25,23.75,24.35,23.05,1440371,3906057168.0,5.6,2.33,0.54,2.57
55,2015-03-30,23.82,25.54,26.13,23.53,2312932,6531028992.0,10.95,7.54,1.79,4.13
56,2015-03-31,26.38,26.86,28.42,26.38,3936694,12198708736.0,7.99,5.17,1.32,7.03
57,2015-04-01,26.75,27.61,28.04,26.19,2419426,7326199296.0,6.89,2.79,0.75,4.32
58,2015-04-02,27.75,26.74,27.95,26.37,1993209,6027740672.0,5.72,-3.15,-0.87,3.56
59,2015-04-03,26.71,27.37,27.93,26.55,1991333,6090389504.0,5.16,2.36,0.63,3.56
60,2015-04-07,27.36,27.83,28.06,27.15,2029306,6261580800.0,3.32,1.68,0.46,3.62
61,2015-04-08,28.25,28.62,29.35,27.44,2755313,8764857344.0,6.86,2.84,0.79,4.92
62,2015-04-09,29.15,27.71,31.05,27.63,3003377,9723127040.0,11.95,-3.18,-0.91,5.36
63,2015-04-10,27.25,27.35,27.62,26.67,2324530,7042407936.0,3.43,-1.3,-0.36,4.15
64,2015-04-13,27.95,26.94,27.95,26.5,1875550,5649475328.0,5.3,-1.5,-0.41,3.35
65,2015-04-14,26.86,26.95,27.35,25.97,1955210,5824624896.0,5.12,0.04,0.01,3.49
66,2015-04-15,26.57,25.77,26.99,25.74,1412988,4198448560.0,4.64,-4.38,-1.18,2.52
67,2015-04-16,25.53,26.75,26.9,25.25,1434522,4238672720.0,6.4,3.8,0.98,2.56
68,2015-04-17,27.19,26.87,27.65,26.55,1723559,5234767872.0,4.11,0.45,0.12,3.08
69,2015-04-20,26.88,25.09,26.88,25.03,1744181,5108279808.0,6.89,-6.62,-1.78,3.11
70,2015-04-21,25.09,26.59,27.05,24.9,1852584,5452476416.0,8.57,5.98,1.5,3.31
71,2015-04-22,27.16,29.11,29.55,26.67,2724491,8454136064.0,10.83,9.48,2.52,4.87
72,2015-04-23,29.15,28.68,30.3,28.26,2649417,8561626112.0,7.01,-1.48,-0.43,4.73
73,2015-04-24,27.85,27.21,28.33,26.85,2037278,6254534400.0,5.16,-5.13,-1.47,3.64
74,2015-04-27,27.27,27.37,27.93,27.08,1395644,4272681232.0,3.12,0.59,0.16,2.49
75,2015-04-28,27.41,27.37,27.83,26.82,1742649,5345073920.0,3.69,0.0,0.0,3.11
76,2015-04-29,27.35,27.38,27.62,26.86,1080986,3303792784.0,2.78,0.04,0.01,1.93
77,2015-04-30,27.55,26.38,27.55,26.33,1158705,3441187824.0,4.46,-3.65,-1.0,2.07
78,2015-05-04,26.44,25.92,26.74,25.61,952526,2730115680.0,4.28,-1.74,-0.46,1.7
79,2015-05-05,25.74,24.98,26.71,24.47,1394470,3975143056.0,8.64,-3.63,-0.94,2.49
80,2015-05-06,25.53,25.05,26.13,24.75,1362152,3836262688.0,5.52,0.28,0.07,2.43
81,2015-05-07,24.89,25.33,25.75,24.6,952478,2684720368.0,4.59,1.12,0.28,1.7
82,2015-05-08,25.65,25.19,25.8,24.55,1085700,3021798000.0,4.93,-0.55,-0.14,1.94
83,2015-05-11,25.35,26.17,26.24,24.93,1392708,3955065488.0,5.2,3.89,0.98,2.49
84,2015-05-12,26.17,26.58,27.43,25.65,1821045,5351239424.0,6.8,1.57,0.41,3.25
85,2015-05-13,26.5,25.73,26.5,25.52,1160006,3329858304.0,3.69,-3.2,-0.85,2.07
86,2015-05-14,25.65,25.32,26.09,25.21,973704,2752016176.0,3.42,-1.59,-0.41,1.74
87,2015-05-15,25.15,24.35,25.16,24.16,1134212,3098810352.0,3.95,-3.83,-0.97,2.03
88,2015-05-18,24.13,24.56,25.4,23.76,1290310,3539784640.0,6.74,0.86,0.21,2.3
89,2015-05-19,24.62,27.29,27.29,24.61,2138857,6299566592.0,10.91,11.12,2.73,3.82
90,2015-05-20,28.95,27.64,28.95,27.43,3866658,12012829952.0,5.57,1.28,0.35,6.9
91,2015-05-21,27.39,27.65,27.89,26.97,2003859,6044694784.0,3.33,0.04,0.01,3.58
92,2015-05-22,28.01,28.98,30.43,27.75,3036160,9697545216.0,9.69,4.81,1.33,5.42
93,2015-05-25,29.24,30.52,31.56,29.24,2613214,8728195328.0,8.01,5.31,1.54,4.67
94,2015-05-26,30.67,30.54,31.35,29.28,2204359,7251890432.0,6.78,0.07,0.02,3.94
95,2015-05-27,30.44,30.54,31.45,29.97,2068612,6948798208.0,4.85,0.0,0.0,3.69
96,2015-05-28,30.55,27.22,30.55,27.21,2301452,7314635008.0,10.94,-10.87,-3.32,4.11
97,2015-05-29,27.22,26.47,27.72,25.36,1815285,5356354816.0,8.67,-2.76,-0.75,3.24
98,2015-06-01,26.26,27.66,28.36,25.8,1859024,5555642880.0,9.67,4.5,1.19,3.4
99,2015-06-02,27.4,27.12,27.55,26.38,1542003,4584195328.0,4.23,-1.95,-0.54,2.82
100,2015-06-03,27.14,26.73,27.74,26.53,1315994,3915331360.0,4.46,-1.44,-0.39,2.41
101,2015-06-04,26.7,27.22,27.6,24.38,1798045,5282045440.0,12.05,1.83,0.49,3.29
102,2015-06-05,27.95,26.88,28.15,25.75,1615541,4825317120.0,8.82,-1.25,-0.34,2.96
103,2015-06-08,26.88,28.54,28.73,26.5,2532728,7714272768.0,8.3,6.18,1.66,4.64
104,2015-06-09,28.75,27.71,28.97,27.39,1498466,4622455040.0,5.54,-2.91,-0.83,2.74
105,2015-06-10,27.35,27.2,27.67,26.9,1184491,3556376320.0,2.78,-1.84,-0.51,2.17
106,2015-06-11,27.18,26.78,27.25,26.57,1061637,3137957104.0,2.5,-1.54,-0.42,1.94
107,2015-06-12,27.05,26.91,27.45,26.72,1094504,3254543616.0,2.73,0.49,0.13,2.0
108,2015-06-15,28.41,27.44,28.73,27.1,1997761,6107488000.0,6.06,1.97,0.53,3.66
109,2015-06-16,27.16,27.85,28.55,26.91,2006721,6161420544.0,5.98,1.49,0.41,3.68
110,2015-06-17,27.88,27.32,28.03,26.16,1530743,4538851328.0,6.71,-1.9,-0.53,2.8
111,2015-06-18,26.8,25.23,27.03,25.13,1155250,3351699200.0,6.95,-7.65,-2.09,2.12
112,2015-06-19,24.65,23.43,26.02,23.25,1251203,3471496640.0,10.98,-7.13,-1.8,2.29
113,2015-06-23,23.75,24.21,24.37,21.46,1268111,3322494256.0,12.42,3.33,0.78,2.32
114,2015-06-24,24.26,23.93,24.32,23.26,1284199,3404936656.0,4.38,-1.16,-0.28,2.36
115,2015-06-25,23.97,22.81,24.5,22.75,1282709,3410985680.0,7.31,-4.68,-1.12,2.36
116,2015-06-26,22.35,20.25,23.45,20.25,1455382,3561551584.0,14.03,-11.22,-2.56,2.67
117,2015-06-29,20.96,18.33,21.16,17.95,2181297,4851194880.0,15.85,-9.48,-1.92,4.01
118,2015-06-30,18.33,20.38,20.4,17.42,1881720,4122889440.0,16.26,11.18,2.05,3.46
119,2015-07-01,20.25,18.91,20.95,18.56,1451051,3330133600.0,11.73,-7.21,-1.47,2.67
120,2015-07-02,19.87,19.7,20.83,18.76,2303197,5224952320.0,10.95,4.18,0.79,4.23
121,2015-07-03,19.05,19.76,21.07,18.13,1875172,4224684032.0,14.92,0.3,0.06,3.44
122,2015-07-06,21.97,21.44,22.0,19.95,2605573,6217614848.0,10.37,8.5,1.68,4.79
123,2015-07-07,20.55,20.04,21.4,19.02,2353404,5343348224.0,11.1,-6.53,-1.4,4.32
124,2015-07-08,17.76,17.79,19.41,17.76,2657161,5545092352.0,8.23,-11.23,-2.25,4.88
125,2015-07-09,17.79,19.84,19.84,15.85,2130617,4555862272.0,22.43,11.52,2.05,3.91
126,2015-07-10,19.74,21.72,22.09,19.02,2123960,5124489216.0,15.47,9.48,1.88,3.9
127,2015-07-13,21.23,21.56,22.73,20.6,2145049,5227620864.0,9.81,-0.74,-0.16,3.94
128,2015-07-14,20.7,19.61,21.25,19.26,1590180,3672240544.0,9.23,-9.04,-1.95,2.92
129,2015-07-15,19.25,18.73,19.83,18.04,1311020,2806458992.0,9.13,-4.49,-0.88,2.41
130,2015-07-16,18.73,18.73,19.53,18.03,771289,1657618112.0,8.01,0.0,0.0,1.42
131,2015-07-17,19.02,19.6,20.01,18.54,1094876,2401397824.0,7.85,4.64,0.87,2.01
132,2015-07-20,19.43,18.84,19.48,18.47,1097523,2385719856.0,5.15,-3.88,-0.76,2.02
133,2015-07-21,18.5,18.78,19.5,18.18,1157034,2488861136.0,7.01,-0.32,-0.06,2.13
134,2015-07-22,18.55,18.27,18.83,18.05,739554,1563787776.0,4.15,-2.72,-0.51,1.36
135,2015-07-23,18.31,18.68,18.93,18.31,1001149,2146177360.0,3.39,2.24,0.41,1.84
136,2015-07-24,18.58,18.07,18.81,18.03,917017,1948334576.0,4.18,-3.27,-0.61,1.68
137,2015-07-27,17.75,15.99,17.78,15.99,1043280,2060965184.0,9.91,-11.51,-2.08,1.92
138,2015-07-28,15.49,17.29,17.55,14.16,2210407,4200222336.0,21.2,8.13,1.3,4.06
139,2015-07-29,17.07,17.49,18.13,16.55,843895,1668350944.0,9.14,1.16,0.2,1.55
140,2015-07-30,17.31,16.28,17.63,16.25,650738,1286120128.0,7.89,-6.92,-1.21,1.2
141,2015-07-31,15.93,16.61,17.05,15.93,661671,1259109808.0,6.88,2.03,0.33,1.22
142,2015-08-03,16.25,16.36,16.56,16.13,472413,900268720.0,2.59,-1.51,-0.25,0.87
143,2015-08-04,16.47,16.82,16.91,16.32,442755,857242080.0,3.61,2.81,0.46,0.81
144,2015-08-05,16.65,16.12,16.74,15.85,378186,726141552.0,5.29,-4.16,-0.7,0.69
145,2015-08-06,15.75,15.36,15.96,15.27,473166,868281152.0,4.28,-4.71,-0.76,0.87
146,2015-08-07,15.24,15.57,16.05,15.24,594508,1093580640.0,5.27,1.37,0.21,1.09
147,2015-08-10,15.69,16.71,17.05,15.46,1136165,2166692112.0,10.21,7.32,1.14,2.09
148,2015-08-11,16.63,16.5,17.0,16.45,703018,1367271968.0,3.29,-1.26,-0.21,1.29
149,2015-08-12,16.25,16.38,17.1,16.14,654370,1266175872.0,5.82,-0.73,-0.12,1.2
150,2015-08-13,16.32,16.56,16.65,15.93,529952,1010589120.0,4.4,1.1,0.18,0.97
151,2015-08-14,16.65,16.63,16.95,16.51,651437,1264824080.0,2.66,0.42,0.07,1.2
152,2015-08-17,16.55,16.25,16.63,15.95,483239,916151696.0,4.09,-2.29,-0.38,0.89
153,2015-08-18,16.45,14.92,17.21,14.65,991205,1902871664.0,15.75,-8.18,-1.33,1.82
154,2015-08-19,14.61,15.08,15.26,14.13,682206,1194775824.0,7.57,1.07,0.16,1.25
155,2015-08-20,14.85,14.26,14.99,14.23,418331,725402720.0,5.04,-5.44,-0.82,0.77
156,2015-08-21,14.09,12.77,14.34,12.74,660303,1074250336.0,11.22,-10.45,-1.49,1.21
157,2015-08-24,12.03,11.22,12.24,11.22,889692,1255088512.0,7.99,-12.14,-1.55,1.63
158,2015-08-25,10.05,9.82,10.7,9.82,1512360,1937013408.0,7.84,-12.48,-1.4,2.78
159,2015-08-26,9.85,9.66,10.75,9.2,1314908,1672376336.0,15.78,-1.63,-0.16,2.42
160,2015-08-27,9.96,10.9,10.9,9.66,1192140,1556306960.0,12.84,12.84,1.24,2.19
161,2015-08-28,11.24,12.12,12.26,10.95,1485986,2095267600.0,12.02,11.19,1.22,2.73
162,2015-08-31,11.86,11.84,11.86,10.83,1130898,1599582576.0,8.5,-2.31,-0.28,2.08
163,2015-09-01,11.45,12.21,12.43,10.62,1417702,2063169584.0,15.29,3.13,0.37,2.6
164,2015-09-02,11.35,12.07,12.29,11.25,1454775,2126780144.0,8.52,-1.15,-0.14,2.67
165,2015-09-07,11.9,11.37,12.61,11.36,640444,949886304.0,10.36,-5.8,-0.7,1.18
166,2015-09-08,11.26,11.68,11.78,10.67,496039,693846560.0,9.76,2.73,0.31,0.91
167,2015-09-09,11.7,12.21,12.41,11.65,732288,1087799104.0,6.51,4.54,0.53,1.35
168,2015-09-10,11.93,11.91,12.15,11.65,371179,545152224.0,4.1,-2.46,-0.3,0.68
169,2015-09-11,11.88,11.86,12.1,11.75,281535,412915568.0,2.94,-0.42,-0.05,0.52
170,2015-09-14,11.78,11.77,11.86,10.4,1222077,1714556000.0,12.31,-0.76,-0.09,2.24
171,2015-09-15,11.15,11.1,11.47,10.59,418587,581016368.0,7.48,-5.69,-0.67,0.77
172,2015-09-16,11.1,11.99,12.26,10.81,450672,640171616.0,13.06,8.02,0.89,0.83
173,2015-09-17,11.99,11.52,12.2,11.5,389924,573039984.0,5.84,-3.92,-0.47,0.72
174,2015-09-18,11.65,11.37,11.71,11.33,231553,330554432.0,3.3,-1.3,-0.15,0.43
175,2015-09-21,11.21,11.57,11.69,11.08,233271,331041344.0,5.36,1.76,0.2,0.43
176,2015-09-22,11.57,12.13,12.55,11.56,541791,809570288.0,8.56,4.84,0.56,1.0
177,2015-09-23,11.83,11.44,11.95,11.35,367467,528589136.0,4.95,-5.69,-0.69,0.68
178,2015-09-24,11.56,11.48,11.62,11.25,235695,334263248.0,3.23,0.35,0.04,0.43
179,2015-09-25,11.4,11.27,11.47,10.93,301098,420138064.0,4.7,-1.83,-0.21,0.55
180,2015-09-28,11.16,11.31,11.33,10.95,169031,235313225.0,3.37,0.35,0.04,0.31
181,2015-09-29,11.07,11.08,11.44,10.84,238700,330347520.0,5.31,-2.03,-0.23,0.44
182,2015-09-30,11.08,11.17,11.49,11.05,241765,339718608.0,3.97,0.81,0.09,0.44
183,2015-10-08,12.35,12.03,12.35,12.0,588671,879914864.0,3.13,7.7,0.86,1.08
184,2015-10-09,12.05,12.8,12.93,11.96,605202,921869936.0,8.06,6.4,0.77,1.11
185,2015-10-12,12.9,14.15,14.36,12.7,1122484,1880090240.0,12.97,10.55,1.35,2.06
186,2015-10-13,13.69,13.94,14.37,13.65,538884,901444496.0,5.09,-1.48,-0.21,0.99
187,2015-10-14,13.75,13.78,14.49,13.69,528874,889492688.0,5.74,-1.15,-0.16,0.97
188,2015-10-15,13.6,14.84,15.02,13.6,653716,1113892192.0,10.3,7.69,1.06,1.2
189,2015-10-16,14.95,14.98,15.89,14.81,955990,1733715296.0,7.28,0.94,0.14,1.76
190,2015-10-19,15.18,15.56,16.35,15.04,870923,1613233520.0,8.74,3.87,0.58,1.6
191,2015-10-20,15.25,16.18,16.24,15.15,582837,1077524688.0,7.01,3.98,0.62,1.07
192,2015-10-21,16.14,15.57,16.35,14.74,957182,1757630368.0,9.95,-3.77,-0.61,1.76
193,2015-10-22,15.35,15.39,15.65,14.68,461378,829998208.0,6.23,-1.16,-0.18,0.85
194,2015-10-23,15.65,15.39,15.65,14.82,432448,778210752.0,5.39,0.0,0.0,0.79
195,2015-10-26,16.25,15.95,16.8,15.87,825731,1575835840.0,6.04,3.64,0.56,1.52
196,2015-10-27,15.74,15.81,16.03,14.9,399344,730345792.0,7.08,-0.88,-0.14,0.73
197,2015-10-28,15.6,14.73,15.7,14.65,473915,846848784.0,6.64,-6.83,-1.08,0.87
198,2015-10-29,14.95,14.52,15.01,14.24,433958,751035360.0,5.23,-1.43,-0.21,0.8
199,2015-10-30,14.46,14.93,15.4,14.05,599806,1053137936.0,9.3,2.82,0.41,1.1
200,2015-11-02,14.38,14.29,14.97,14.25,440928,765189776.0,4.82,-4.29,-0.64,0.81
201,2015-11-03,14.33,14.15,14.52,13.98,395575,671146640.0,3.78,-0.98,-0.14,0.73
202,2015-11-04,14.26,15.84,15.84,14.26,872837,1578198288.0,11.17,11.94,1.69,1.6
203,2015-11-05,16.65,17.7,17.7,16.65,2731230,5559365888.0,6.63,11.74,1.86,5.02
204,2015-11-06,17.44,19.15,19.71,17.27,2609547,5558755072.0,13.79,8.19,1.45,4.79
205,2015-11-09,19.13,18.42,20.12,18.37,2219393,4889256448.0,9.14,-3.81,-0.73,4.08
206,2015-11-10,17.99,18.62,19.83,17.91,1383234,2990952048.0,10.42,1.09,0.2,2.54
207,2015-11-11,18.53,19.03,19.5,18.11,971228,2076865584.0,7.47,2.2,0.41,1.78
208,2015-11-12,19.05,19.42,20.04,18.58,1251657,2766629568.0,7.67,2.05,0.39,2.3
209,2015-11-13,19.05,19.25,19.99,18.77,1037177,2307937072.0,6.28,-0.88,-0.17,1.91
210,2015-11-16,18.15,18.62,18.79,18.07,943592,1997059296.0,3.74,-3.27,-0.63,1.73
211,2015-11-17,19.0,18.57,20.11,18.45,1401407,3099122848.0,8.92,-0.27,-0.05,2.57
212,2015-11-18,18.45,17.55,19.17,17.25,839339,1762101392.0,10.34,-5.49,-1.02,1.54
213,2015-11-19,17.68,18.03,18.05,17.06,500776,1020152672.0,5.64,2.74,0.48,0.92
214,2015-11-20,17.96,17.75,18.1,17.55,435484,893935600.0,3.05,-1.55,-0.28,0.8
215,2015-11-23,17.65,17.4,18.48,17.34,537586,1111831024.0,6.42,-1.97,-0.35,0.99
216,2015-11-24,17.42,17.95,18.24,17.3,595961,1230514800.0,5.4,3.16,0.55,1.09
217,2015-11-25,17.55,18.19,18.33,17.53,518591,1074966176.0,4.46,1.34,0.24,0.95
218,2015-11-26,18.4,18.02,19.0,18.0,609846,1294362416.0,5.5,-0.93,-0.17,1.12
219,2015-11-27,17.68,15.94,17.95,15.94,996935,1942614944.0,11.15,-11.54,-2.08,1.83
220,2015-11-30,15.87,15.92,16.31,14.82,749106,1376635152.0,9.35,-0.13,-0.02,1.38
221,2015-12-01,15.83,16.04,16.19,15.65,452201,845239680.0,3.39,0.75,0.12,0.83
222,2015-12-02,16.14,17.19,17.25,15.96,853659,1667583296.0,8.04,7.17,1.15,1.57
223,2015-12-03,17.25,17.78,18.2,17.06,918539,1883637376.0,6.63,3.43,0.59,1.69
224,2015-12-04,17.33,17.05,17.5,16.85,555948,1105115424.0,3.66,-4.11,-0.73,1.02
225,2015-12-07,17.05,16.67,17.1,16.51,442931,863851152.0,3.46,-2.23,-0.38,0.81
226,2015-12-08,16.55,16.29,16.91,16.25,353491,681326048.0,3.96,-2.28,-0.38,0.65
227,2015-12-09,16.2,16.22,16.54,15.97,330728,628277872.0,3.5,-0.43,-0.07,0.61
228,2015-12-10,16.3,16.38,17.26,16.27,617902,1210397616.0,6.1,0.99,0.16,1.14
229,2015-12-11,16.14,16.46,16.76,15.91,411517,784267392.0,5.19,0.49,0.08,0.76
230,2015-12-14,16.17,18.38,18.38,16.11,913501,1845708512.0,13.79,11.66,1.92,1.68
231,2015-12-15,18.18,17.79,18.25,17.55,669339,1379748720.0,3.81,-3.21,-0.59,1.23
232,2015-12-16,17.92,17.91,18.37,17.61,530871,1101972560.0,4.27,0.67,0.12,0.98
233,2015-12-17,18.1,18.16,18.56,17.81,773737,1620156864.0,4.19,1.4,0.25,1.42
234,2015-12-18,18.11,17.89,18.37,17.71,430099,892105744.0,3.63,-1.49,-0.27,0.79
235,2015-12-21,17.75,18.27,18.68,17.73,635547,1335736464.0,5.31,2.12,0.38,1.17
236,2015-12-22,18.17,18.7,18.79,18.11,597884,1270486608.0,3.72,2.35,0.43,1.1
237,2015-12-23,18.7,19.32,20.75,18.63,1276947,2848041792.0,11.34,3.32,0.62,2.35
238,2015-12-24,19.05,18.7,19.25,18.1,769390,1650021440.0,5.95,-3.21,-0.62,1.41
239,2015-12-25,18.65,18.66,18.95,18.26,376101,803115008.0,3.69,-0.21,-0.04,0.69
240,2015-12-28,18.85,17.42,18.91,17.35,683179,1423931664.0,8.36,-6.65,-1.24,1.25
241,2015-12-29,17.39,17.49,17.59,17.12,513466,1033027200.0,2.7,0.4,0.07,0.94
242,2015-12-30,17.55,17.32,17.59,16.81,554544,1106360160.0,4.46,-0.97,-0.17,1.02
243,2015-12-31,17.25,16.97,17.47,16.9,343381,684003216.0,3.29,-2.02,-0.35,0.63
244,2016-01-04,16.89,15.0,17.04,15.0,487137,905927184.0,12.02,-11.61,-1.97,0.89
245,2016-01-05,14.13,14.82,15.28,13.83,857450,1487877136.0,9.67,-1.2,-0.18,1.58
246,2016-01-06,14.73,15.05,15.12,14.36,525269,923269536.0,5.13,1.55,0.23,0.96
247,2016-01-07,14.6,13.29,14.64,13.27,141759,235761402.0,9.1,-11.69,-1.76,0.26
248,2016-01-08,13.83,13.73,14.32,12.69,843588,1382269776.0,12.26,3.31,0.44,1.55
249,2016-01-11,13.13,12.35,13.45,12.29,656956,1031124656.0,8.45,-10.05,-1.38,1.21
250,2016-01-12,12.5,12.39,12.91,12.27,597891,916177552.0,5.18,0.32,0.04,1.1
251,2016-01-13,12.62,12.27,12.76,12.08,509558,777422112.0,5.49,-0.97,-0.12,0.94
252,2016-01-14,11.85,12.78,12.97,11.76,463909,705555328.0,9.86,4.16,0.51,0.85
253,2016-01-15,12.75,12.21,12.81,12.03,464953,706221808.0,6.1,-4.46,-0.57,0.85
254,2016-01-18,11.75,12.31,12.62,11.75,337570,508478656.0,7.13,0.82,0.1,0.62
255,2016-01-19,12.37,12.95,13.13,12.21,459202,711041360.0,7.47,5.2,0.64,0.84
256,2016-01-20,12.84,12.79,13.2,12.71,471814,739461408.0,3.78,-1.24,-0.16,0.87
257,2016-01-21,12.51,12.11,12.97,11.93,384293,589386128.0,8.13,-5.32,-0.68,0.71
258,2016-01-22,12.31,12.36,12.49,11.85,298333,446807152.0,5.28,2.06,0.25,0.55
259,2016-01-25,12.36,12.41,12.55,12.2,226228,342782032.0,2.83,0.4,0.05,0.42
260,2016-01-26,12.24,10.92,12.26,10.89,527176,753082320.0,11.04,-12.01,-1.49,0.97
261,2016-01-27,10.94,10.81,11.12,10.13,632183,850393216.0,9.07,-1.01,-0.11,1.16
262,2016-01-28,10.73,10.5,11.18,10.43,451962,615393936.0,6.94,-2.87,-0.31,0.83
263,2016-01-29,10.66,11.83,11.83,10.6,1039908,1493352064.0,11.71,12.67,1.33,1.91
264,2016-02-01,11.61,11.36,11.71,11.03,752489,1058727440.0,5.75,-3.97,-0.47,1.38
265,2016-02-02,11.34,11.73,11.96,11.22,607640,876439904.0,6.51,3.26,0.37,1.12
266,2016-02-03,11.42,11.53,11.63,11.27,293290,415813328.0,3.07,-1.71,-0.2,0.54
267,2016-02-04,11.64,11.95,12.35,11.63,499548,734731280.0,6.24,3.64,0.42,0.92
268,2016-02-05,11.7,11.45,11.89,11.43,377076,540167600.0,3.85,-4.18,-0.5,0.69
269,2016-02-15,10.87,11.49,11.78,10.85,301546,424627280.0,8.12,0.35,0.04,0.55
270,2016-02-16,11.6,12.11,12.31,11.58,464189,688943696.0,6.35,5.4,0.62,0.85
271,2016-02-17,12.11,12.37,12.62,12.01,494888,747179456.0,5.04,2.15,0.26,0.91
272,2016-02-18,12.4,12.56,13.41,12.4,552251,860981648.0,8.16,1.54,0.19,1.01
273,2016-02-19,12.45,12.74,12.97,12.33,395203,607626880.0,5.1,1.43,0.18,0.73
274,2016-02-22,12.95,13.18,13.53,12.75,603976,958244560.0,6.12,3.45,0.44,1.11
275,2016-02-23,13.25,12.82,13.25,12.55,312317,487765488.0,5.31,-2.73,-0.36,0.57
276,2016-02-24,12.7,12.83,12.94,12.25,361206,553266000.0,5.38,0.08,0.01,0.66
277,2016-02-25,12.8,11.29,12.8,11.27,601306,879855792.0,11.93,-12.0,-1.54,1.1
278,2016-02-26,11.48,11.54,11.7,11.16,359314,511244992.0,4.78,2.21,0.25,0.66
279,2016-02-29,11.41,10.88,11.41,10.42,578787,785010752.0,8.58,-5.72,-0.66,1.06
280,2016-03-01,11.0,11.39,11.85,10.66,584632,817092512.0,10.94,4.69,0.51,1.07
281,2016-03-02,11.35,12.48,12.61,11.35,797467,1173582096.0,11.06,9.57,1.09,1.46
282,2016-03-03,12.45,12.45,12.98,12.24,617732,946653664.0,5.93,-0.24,-0.03,1.13
283,2016-03-04,12.3,12.61,12.73,12.15,838766,1279985488.0,4.66,1.29,0.16,1.54
284,2016-03-07,12.76,12.5,13.2,12.35,626585,969938048.0,6.74,-0.87,-0.11,1.15
285,2016-03-08,12.48,12.44,12.48,11.52,540749,795185568.0,7.68,-0.48,-0.06,0.99
286,2016-03-09,12.0,12.33,12.35,11.85,437542,650117744.0,4.02,-0.88,-0.11,0.8
287,2016-03-10,12.15,11.66,12.32,11.65,274018,403542288.0,5.43,-5.43,-0.67,0.5
288,2016-03-11,11.46,11.86,11.98,11.46,252314,366180192.0,4.46,1.72,0.2,0.46
289,2016-03-14,12.02,12.25,12.78,12.01,597016,905890432.0,6.49,3.29,0.39,1.1
290,2016-03-15,12.23,12.69,12.74,11.86,710122,1071368992.0,7.18,3.59,0.44,1.3
291,2016-03-16,12.37,12.83,13.03,12.37,879196,1368154768.0,5.2,1.1,0.14,1.62
292,2016-03-17,12.83,12.93,13.39,12.56,906063,1422373776.0,6.47,0.78,0.1,1.66
293,2016-03-18,12.95,13.6,14.1,12.85,1230069,1999857120.0,9.67,5.18,0.67,2.26
294,2016-03-21,14.16,15.23,15.24,14.13,2115660,3748702784.0,8.16,11.99,1.63,3.89
295,2016-03-22,14.92,14.68,15.3,14.51,926622,1629960016.0,5.19,-3.61,-0.55,1.7
296,2016-03-23,14.54,14.77,14.94,14.31,788061,1367735296.0,4.29,0.61,0.09,1.45
297,2016-03-24,14.46,14.03,14.61,14.0,644201,1097963312.0,4.13,-5.01,-0.74,1.18
298,2016-03-25,14.0,14.24,14.41,13.86,561591,948353888.0,3.92,1.5,0.21,1.03
299,2016-03-28,14.24,13.85,14.48,13.81,433573,734481168.0,4.71,-2.74,-0.39,0.8
300,2016-03-29,13.8,13.75,14.15,13.37,574502,952755712.0,5.63,-0.72,-0.1,1.06
301,2016-03-30,13.95,14.39,14.51,13.95,645064,1101476592.0,4.07,4.65,0.64,1.18
302,2016-03-31,14.43,14.36,14.87,14.25,588963,1017295776.0,4.31,-0.21,-0.03,1.08
303,2016-04-01,14.26,14.38,14.52,13.96,471941,802838432.0,3.9,0.14,0.02,0.87
304,2016-04-05,14.16,14.68,15.02,14.16,590504,1027220432.0,5.98,2.09,0.3,1.08
305,2016-04-06,14.56,14.54,14.82,14.32,376286,652257408.0,3.41,-0.95,-0.14,0.69
306,2016-04-07,14.6,14.08,14.75,14.03,408092,694544512.0,4.95,-3.16,-0.46,0.75
307,2016-04-08,13.9,13.74,13.98,13.53,357972,590525184.0,3.2,-2.41,-0.34,0.66
308,2016-04-11,14.43,14.33,14.73,14.28,834159,1439346624.0,3.28,4.29,0.59,1.53
309,2016-04-12,14.26,14.23,14.42,13.98,371505,627726688.0,3.07,-0.7,-0.1,0.68
310,2016-04-13,14.43,14.84,15.28,14.38,981841,1737571456.0,6.32,4.29,0.61,1.8
311,2016-04-14,14.95,15.24,15.53,14.85,698726,1254188160.0,4.58,2.7,0.4,1.28
312,2016-04-15,15.15,15.34,15.57,14.95,516920,930496656.0,4.07,0.66,0.1,0.95
313,2016-04-18,14.98,14.87,15.2,14.73,625083,1106683104.0,3.06,-3.06,-0.47,1.15
314,2016-04-19,15.1,14.99,15.17,14.67,424550,748157936.0,3.36,0.81,0.12,0.78
315,2016-04-20,14.94,14.83,15.05,13.75,716851,1235426368.0,8.67,-1.07,-0.16,1.32
316,2016-04-21,14.48,15.06,15.36,14.45,750629,1335397056.0,6.14,1.55,0.23,1.38
317,2016-04-22,14.83,15.46,15.53,14.76,545874,984236416.0,5.11,2.66,0.4,1.0
318,2016-04-25,15.33,14.94,15.39,14.67,473153,842375072.0,4.66,-3.36,-0.52,0.87
319,2016-04-26,14.86,15.21,15.35,14.79,274639,490135056.0,3.75,1.81,0.27,0.5
320,2016-04-27,15.15,14.87,15.32,14.81,365716,653204272.0,3.35,-2.24,-0.34,0.67
321,2016-04-28,14.92,14.75,15.03,14.53,388166,679647200.0,3.36,-0.81,-0.12,0.71
322,2016-04-29,14.6,14.66,14.85,14.45,184288,320981616.0,2.71,-0.61,-0.09,0.34
323,2016-05-03,14.65,14.99,15.24,14.63,320506,568740496.0,4.16,2.25,0.33,0.59
324,2016-05-04,14.8,15.05,15.18,14.8,237001,421316960.0,2.54,0.4,0.06,0.44
325,2016-05-05,14.92,15.0,15.11,14.8,236822,418990176.0,2.06,-0.33,-0.05,0.44
326,2016-05-06,14.97,14.06,15.14,14.05,362650,625559344.0,7.27,-6.27,-0.94,0.67
327,2016-05-09,13.76,13.59,13.97,13.44,412365,676393200.0,3.77,-3.34,-0.47,0.76
328,2016-05-10,13.3,13.26,13.73,13.17,329183,533636912.0,4.12,-2.43,-0.33,0.6
329,2016-05-11,13.41,13.19,13.6,13.17,316915,509680800.0,3.24,-0.53,-0.07,0.58
330,2016-05-12,12.85,13.15,13.2,12.83,231474,366151264.0,2.81,-0.3,-0.04,0.43
331,2016-05-13,13.15,12.93,13.27,12.79,165381,260459150.0,3.65,-1.67,-0.22,0.3
332,2016-05-16,12.93,13.04,13.05,12.78,142492,223603498.0,2.09,0.85,0.11,0.26
333,2016-05-17,13.14,13.17,13.39,12.98,247773,393990384.0,3.14,1.0,0.13,0.46
334,2016-05-18,13.02,13.2,13.25,12.76,328995,520416688.0,3.72,0.23,0.03,0.6
335,2016-05-19,13.07,13.18,13.27,12.95,170239,270525632.0,2.42,-0.15,-0.02,0.31
336,2016-05-20,13.05,13.49,13.51,12.95,252354,405031728.0,4.25,2.35,0.31,0.46
337,2016-05-23,13.43,13.74,13.96,13.43,360580,595507504.0,3.93,1.85,0.25,0.66
338,2016-05-24,13.64,13.77,13.84,13.62,176455,290912896.0,1.6,0.22,0.03,0.32
339,2016-05-25,13.85,14.19,14.29,13.85,319408,539717696.0,3.2,3.05,0.42,0.59
340,2016-05-26,14.11,14.3,14.44,14.06,236069,400567712.0,2.68,0.78,0.11,0.43
341,2016-05-27,14.25,14.22,14.34,14.17,140587,238940264.0,1.19,-0.56,-0.08,0.26
342,2016-05-30,14.22,14.24,14.32,13.89,187722,317800288.0,3.02,0.14,0.02,0.34
343,2016-05-31,14.25,15.73,15.84,14.25,609351,1112119936.0,11.17,10.46,1.49,1.12
344,2016-06-01,15.73,15.33,15.95,15.32,431568,792788512.0,4.01,-2.54,-0.4,0.79
345,2016-06-02,15.37,15.6,15.85,15.3,300470,552466352.0,3.59,1.76,0.27,0.55
346,2016-06-03,15.57,15.9,16.39,15.39,372585,693240224.0,6.41,1.92,0.3,0.68
347,2016-06-06,15.83,15.9,16.38,15.8,264065,497428160.0,3.65,0.0,0.0,0.49
348,2016-06-07,15.87,15.83,16.37,15.8,202999,381371728.0,3.58,-0.44,-0.07,0.37
349,2016-06-08,15.74,15.24,15.75,14.93,398779,718671824.0,5.18,-3.73,-0.59,0.73
350,2016-06-13,14.85,14.48,15.31,14.45,256381,452546304.0,5.64,-4.99,-0.76,0.47
351,2016-06-14,14.36,14.53,14.8,14.17,226606,390647600.0,4.35,0.35,0.05,0.42
352,2016-06-15,14.19,14.79,15.37,14.1,391927,689032272.0,8.74,1.79,0.26,0.72
353,2016-06-16,14.72,14.57,14.95,14.46,187177,327676096.0,3.31,-1.49,-0.22,0.34
354,2016-06-17,14.6,14.75,15.03,14.59,281711,495989328.0,3.02,1.24,0.18,0.52
355,2016-06-20,15.09,14.89,15.22,14.77,173505,307004144.0,3.05,0.95,0.14,0.32
356,2016-06-21,15.15,15.07,15.92,15.01,497816,906609456.0,6.11,1.21,0.18,0.91
357,2016-06-22,15.05,15.51,15.65,14.89,263026,476411504.0,5.04,2.92,0.44,0.48
358,2016-06-23,15.34,15.42,15.58,15.25,192992,350434496.0,2.13,-0.58,-0.09,0.35
359,2016-06-24,15.44,15.19,15.9,14.76,355731,645494528.0,7.39,-1.49,-0.23,0.65
360,2016-06-27,15.13,15.55,15.65,15.11,245538,446882288.0,3.55,2.37,0.36,0.45
361,2016-06-28,15.45,15.93,16.13,15.24,417122,766647856.0,5.72,2.44,0.38,0.77
362,2016-06-29,16.05,15.79,16.26,15.76,367251,689201136.0,3.14,-0.88,-0.14,0.67
363,2016-06-30,15.96,16.17,16.65,15.96,500123,957629520.0,4.37,2.41,0.38,0.92
364,2016-07-01,16.23,16.13,16.53,16.06,250126,476190832.0,2.91,-0.25,-0.04,0.46
365,2016-07-04,16.05,17.65,18.02,15.88,873272,1761745536.0,13.27,9.42,1.52,1.6
366,2016-07-05,17.41,17.74,18.35,17.39,619913,1278837456.0,5.44,0.51,0.09,1.14
367,2016-07-06,17.61,17.45,17.8,17.25,422412,856718896.0,3.1,-1.63,-0.29,0.78
368,2016-07-07,17.55,17.15,17.57,16.9,424646,846961632.0,3.84,-1.72,-0.3,0.78
369,2016-07-08,17.15,17.35,17.55,17.07,303978,609926192.0,2.8,1.17,0.2,0.56
370,2016-07-11,17.45,17.42,18.25,17.29,543323,1112507200.0,5.53,0.4,0.07,1.0
371,2016-07-12,17.4,18.01,18.23,17.14,536037,1091975904.0,6.26,3.39,0.59,0.98
372,2016-07-13,18.11,18.47,19.15,18.11,602952,1287884224.0,5.77,2.55,0.46,1.11
373,2016-07-14,18.55,18.41,18.73,18.21,307214,652589360.0,2.82,-0.32,-0.06,0.56
374,2016-07-15,18.35,18.08,18.53,18.0,237552,497641744.0,2.88,-1.79,-0.33,0.44
375,2016-07-18,17.75,17.27,17.92,17.07,414960,834429824.0,4.7,-4.48,-0.81,0.76
376,2016-07-19,17.28,17.55,17.61,17.05,265081,532785760.0,3.24,1.62,0.28,0.49
377,2016-07-20,17.53,17.33,17.72,17.32,179615,364032608.0,2.28,-1.25,-0.22,0.33
378,2016-07-21,17.33,17.73,18.05,17.33,326149,670081488.0,4.15,2.31,0.4,0.6
379,2016-07-22,17.73,17.44,17.73,17.27,254389,514475600.0,2.59,-1.64,-0.29,0.47
380,2016-07-25,17.45,17.28,17.53,17.15,164486,330775280.0,2.18,-0.92,-0.16,0.3
381,2016-07-26,17.2,17.6,17.64,17.12,232181,469775920.0,3.01,1.85,0.32,0.43
382,2016-07-27,17.6,17.19,17.68,16.25,472746,928675840.0,8.13,-2.33,-0.41,0.87
383,2016-07-28,16.93,16.54,16.93,15.91,496357,953166416.0,5.93,-3.78,-0.65,0.91
384,2016-07-29,16.56,16.1,16.57,15.95,251896,477361696.0,3.75,-2.66,-0.44,0.46
385,2016-08-01,16.09,16.0,16.23,15.73,195304,364622544.0,3.11,-0.62,-0.1,0.36
386,2016-08-02,16.11,16.16,16.23,15.97,118297,223012395.0,1.63,1.0,0.16,0.22
387,2016-08-03,16.0,16.48,16.52,16.0,230429,440283392.0,3.22,1.98,0.32,0.42
388,2016-08-04,16.4,16.38,16.5,16.14,194837,371060512.0,2.18,-0.61,-0.1,0.36
389,2016-08-05,16.35,16.45,16.61,16.18,212090,394984944.0,2.63,0.43,0.07,0.39
390,2016-08-08,16.4,16.52,16.53,16.08,157941,293713984.0,2.74,0.43,0.07,0.29
391,2016-08-09,16.46,16.76,16.94,16.46,209792,396450768.0,2.91,1.45,0.24,0.39
392,2016-08-10,16.84,16.69,17.0,16.65,200528,382432144.0,2.09,-0.42,-0.07,0.37
393,2016-08-11,16.74,16.84,17.11,16.71,308039,591509216.0,2.4,0.9,0.15,0.57
394,2016-08-12,16.81,17.23,17.24,16.77,240722,464033376.0,2.79,2.32,0.39,0.44
395,2016-08-15,17.44,19.18,19.18,17.44,1375782,2897868800.0,10.1,11.32,1.95,2.53
396,2016-08-16,19.25,19.45,20.1,19.08,1663122,3620387632.0,5.32,1.41,0.27,3.06
397,2016-08-17,19.44,18.99,19.8,18.63,1074680,2297457968.0,6.02,-2.37,-0.46,1.97
398,2016-08-18,18.86,18.37,19.3,17.96,1520864,3168948080.0,7.06,-3.26,-0.62,2.79
399,2016-08-19,18.25,18.47,18.59,18.1,679231,1401899408.0,2.67,0.54,0.1,1.25
400,2016-08-22,18.27,18.17,18.43,18.04,468618,959302128.0,2.11,-1.62,-0.3,0.86
401,2016-08-23,18.17,18.34,18.56,17.95,471206,967119808.0,3.36,0.94,0.17,0.87
402,2016-08-24,18.35,17.87,18.42,17.7,568465,1151172576.0,3.93,-2.56,-0.47,1.04
403,2016-08-25,17.77,17.93,18.08,17.6,481234,968525776.0,2.69,0.34,0.06,0.88
404,2016-08-26,18.01,17.67,18.05,17.6,367655,738811296.0,2.51,-1.45,-0.26,0.68
405,2016-08-29,17.55,17.77,17.87,17.55,239029,476736704.0,1.81,0.57,0.1,0.44
406,2016-08-30,17.81,17.95,18.1,17.66,402544,811145328.0,2.48,1.01,0.18,0.74
407,2016-08-31,17.93,18.17,18.26,17.78,441436,896423440.0,2.67,1.23,0.22,0.81
408,2016-09-01,18.13,17.67,18.22,17.6,396410,797644080.0,3.41,-2.75,-0.5,0.73
409,2016-09-02,17.56,17.77,17.94,17.51,331665,661844384.0,2.43,0.57,0.1,0.61
410,2016-09-05,17.81,17.75,17.96,17.62,301508,604049504.0,1.91,-0.11,-0.02,0.55
411,2016-09-06,17.67,17.76,17.85,17.38,377869,750833216.0,2.65,0.06,0.01,0.69
412,2016-09-07,17.76,17.86,18.15,17.71,403460,813921904.0,2.48,0.56,0.1,0.74
413,2016-09-08,17.82,17.84,17.92,17.67,199009,398638288.0,1.4,-0.11,-0.02,0.37
414,2016-09-09,17.86,17.79,18.14,17.73,360411,727451648.0,2.3,-0.28,-0.05,0.66
415,2016-09-12,17.39,16.81,17.44,16.25,836936,1593556416.0,6.69,-5.51,-0.98,1.54
416,2016-09-13,16.75,16.66,16.82,16.41,316253,594703728.0,2.44,-0.89,-0.15,0.58
417,2016-09-14,16.47,16.35,16.6,16.3,253748,473888832.0,1.8,-1.86,-0.31,0.47
418,2016-09-19,16.33,16.43,16.57,16.3,193069,360878624.0,1.65,0.49,0.08,0.35
419,2016-09-20,16.47,16.27,16.47,16.24,192437,357296032.0,1.4,-0.97,-0.16,0.35
420,2016-09-21,16.26,16.39,16.54,16.15,278290,517596656.0,2.4,0.74,0.12,0.51
421,2016-09-22,16.52,16.35,16.55,16.33,233265,436088464.0,1.34,-0.24,-0.04,0.43
422,2016-09-23,16.44,16.18,16.44,16.17,153796,285202288.0,1.65,-1.04,-0.17,0.28
423,2016-09-26,16.16,15.43,16.17,15.4,379700,683079200.0,4.76,-4.64,-0.75,0.7
424,2016-09-27,15.42,15.55,15.72,15.41,278384,495503728.0,2.01,0.78,0.12,0.51
425,2016-09-28,15.55,15.58,15.73,15.46,188440,336350544.0,1.74,0.19,0.03,0.35
426,2016-09-29,15.69,15.73,15.95,15.59,280692,506296656.0,2.31,0.96,0.15,0.52
427,2016-09-30,15.63,15.7,15.79,15.61,135131,242485922.0,1.14,-0.19,-0.03,0.25
428,2016-10-10,15.88,16.37,16.45,15.75,377673,696024512.0,4.46,4.27,0.67,0.69
429,2016-10-11,16.38,16.4,16.57,16.25,266042,496350464.0,1.95,0.18,0.03,0.49
430,2016-10-12,16.27,16.32,16.42,16.18,192795,357420320.0,1.46,-0.49,-0.08,0.35
431,2016-10-13,16.37,16.43,16.48,16.28,195919,365340576.0,1.23,0.67,0.11,0.36
432,2016-10-14,16.35,16.25,16.39,16.05,198355,366096000.0,2.07,-1.1,-0.18,0.36
433,2016-10-17,16.26,15.86,16.32,15.85,229467,420798944.0,2.89,-2.4,-0.39,0.42
434,2016-10-18,15.86,16.53,16.54,15.86,405591,751283632.0,4.29,4.22,0.67,0.75
435,2016-10-19,16.52,16.32,16.52,16.28,202240,377115472.0,1.45,-1.27,-0.21,0.37
436,2016-10-20,16.34,16.35,16.42,16.27,148190,275313072.0,0.92,0.18,0.03,0.27
437,2016-10-21,16.34,16.46,16.8,16.28,362380,680124912.0,3.18,0.67,0.11,0.67
438,2016-10-24,16.46,17.34,17.68,16.4,964646,1878522064.0,7.78,5.35,0.88,1.77
439,2016-10-25,17.24,17.24,17.42,17.04,308293,599156848.0,2.19,-0.58,-0.1,0.57
440,2016-10-26,17.18,17.27,17.5,17.13,265793,519343248.0,2.15,0.17,0.03,0.49
441,2016-10-27,17.25,17.3,17.45,17.08,268951,525952816.0,2.14,0.17,0.03,0.49
442,2016-10-28,17.75,17.79,19.16,17.64,954286,1964588208.0,8.79,2.83,0.49,1.75
443,2016-10-31,17.45,18.28,18.51,17.45,676455,1371905888.0,5.96,2.75,0.49,1.24
444,2016-11-01,18.13,18.25,18.7,18.07,584960,1205123504.0,3.45,-0.16,-0.03,1.07
445,2016-11-02,18.27,18.41,18.81,18.1,589758,1220359536.0,3.89,0.88,0.16,1.08
446,2016-11-03,18.25,18.82,19.3,18.22,1015546,2147044064.0,5.87,2.23,0.41,1.87
447,2016-11-04,18.84,18.29,19.13,18.16,583915,1217938640.0,5.15,-2.82,-0.53,1.07
448,2016-11-07,18.29,18.35,18.48,18.09,333153,683983120.0,2.13,0.33,0.06,0.61
449,2016-11-08,18.53,18.49,18.96,18.36,403957,841199008.0,3.27,0.76,0.14,0.74
450,2016-11-09,18.5,17.98,18.52,17.75,570698,1161025168.0,4.16,-2.76,-0.51,1.05
451,2016-11-10,18.36,18.46,18.83,18.25,524906,1089311264.0,3.23,2.67,0.48,0.96
452,2016-11-11,18.43,19.06,19.27,18.4,933577,1977922864.0,4.71,3.25,0.6,1.71
453,2016-11-14,19.04,19.15,19.91,18.87,1005957,2178250592.0,5.46,0.47,0.09,1.85
454,2016-11-15,19.09,18.74,19.43,18.69,516634,1094998672.0,3.86,-2.14,-0.41,0.95
455,2016-11-16,18.85,18.73,18.93,18.45,429899,897409536.0,2.56,-0.05,-0.01,0.79
456,2016-11-17,18.65,18.67,18.74,18.43,319606,665930240.0,1.66,-0.32,-0.06,0.59
457,2016-11-18,18.53,18.16,18.64,18.04,358239,738241808.0,3.21,-2.73,-0.51,0.66
458,2016-11-21,18.05,18.0,18.54,17.78,649395,1321523376.0,4.19,-0.88,-0.16,1.19
459,2016-11-22,18.03,18.0,18.32,17.91,879887,1786847360.0,2.28,0.0,0.0,1.62
460,2016-11-23,18.06,17.93,18.26,17.83,515534,1045444288.0,2.39,-0.39,-0.07,0.95
461,2016-11-24,17.86,18.07,18.35,17.82,593757,1207743216.0,2.96,0.78,0.14,1.09
462,2016-11-25,18.02,18.11,18.13,17.55,458918,922811808.0,3.21,0.22,0.04,0.84
463,2016-11-28,18.25,17.94,18.35,17.76,674261,1368394112.0,3.26,-0.94,-0.17,1.24
464,2016-11-29,17.75,17.79,18.07,17.56,605224,1212271312.0,2.84,-0.84,-0.15,1.11
465,2016-11-30,17.69,17.58,17.95,17.55,424999,847143952.0,2.25,-1.18,-0.21,0.78
466,2016-12-01,17.57,17.65,17.76,17.48,339465,674216128.0,1.59,0.4,0.07,0.62
467,2016-12-02,17.65,17.33,17.67,17.06,513400,1005188960.0,3.46,-1.81,-0.32,0.94
468,2016-12-05,17.13,16.68,17.15,16.54,622416,1183212096.0,3.52,-3.75,-0.65,1.14
469,2016-12-06,16.69,16.42,16.78,16.37,372214,698470480.0,2.46,-1.56,-0.26,0.68
470,2016-12-07,16.37,16.56,16.58,16.26,270340,505548480.0,1.95,0.85,0.14,0.5
471,2016-12-08,16.6,16.27,16.62,16.23,280495,523881328.0,2.36,-1.75,-0.29,0.52
472,2016-12-09,16.28,16.66,16.8,16.25,644864,1216567776.0,3.38,2.4,0.39,1.18
473,2016-12-12,16.55,16.23,16.58,15.87,718605,1322522288.0,4.26,-2.58,-0.43,1.32
474,2016-12-13,16.2,16.1,16.3,15.99,268881,493932992.0,1.91,-0.8,-0.13,0.49
475,2016-12-14,16.09,15.8,16.1,15.74,246375,448023120.0,2.24,-1.86,-0.3,0.45
476,2016-12-15,15.71,15.81,15.93,15.63,349316,628690288.0,1.9,0.06,0.01,0.64
477,2016-12-16,15.83,15.82,15.91,15.7,221480,400271504.0,1.33,0.06,0.01,0.41
478,2016-12-19,15.78,15.66,15.79,15.61,163092,292678176.0,1.14,-1.01,-0.16,0.3
479,2016-12-20,15.6,15.65,15.68,15.44,253775,452290672.0,1.53,-0.06,-0.01,0.47
480,2016-12-21,15.75,15.94,16.17,15.73,507619,925054336.0,2.81,1.85,0.29,0.93
481,2016-12-22,15.9,15.82,15.93,15.76,159638,288468000.0,1.07,-0.75,-0.12,0.29
482,2016-12-23,15.85,15.55,15.85,15.45,220304,393158752.0,2.53,-1.71,-0.27,0.4
483,2016-12-26,15.44,15.77,15.82,15.33,320150,572288672.0,3.15,1.41,0.22,0.59
484,2016-12-27,15.75,15.79,16.03,15.68,207412,375744784.0,2.22,0.13,0.02,0.38
485,2016-12-28,15.75,15.79,15.88,15.7,147464,266079611.0,1.14,0.0,0.0,0.27
486,2016-12-29,15.73,15.62,15.83,15.61,178836,321361488.0,1.39,-1.08,-0.17,0.33
487,2016-12-30,15.62,15.61,15.74,15.42,254954,454213120.0,2.05,-0.06,-0.01,0.47
488,2017-01-03,15.67,15.94,16.04,15.67,323132,587549984.0,2.37,2.11,0.33,0.59
489,2017-01-04,15.94,16.19,16.25,15.91,357588,656245728.0,2.13,1.57,0.25,0.66
490,2017-01-05,16.16,16.1,16.29,16.07,239080,439843568.0,1.36,-0.56,-0.09,0.44
491,2017-01-06,16.12,15.9,16.16,15.82,243947,443728176.0,2.11,-1.24,-0.2,0.45
492,2017-01-09,15.88,15.9,16.0,15.82,230648,418551888.0,1.13,0.0,0.0,0.42
493,2017-01-10,15.98,15.79,15.99,15.74,184066,333211104.0,1.57,-0.69,-0.11,0.34
494,2017-01-11,15.8,15.58,15.87,15.55,228361,409356928.0,2.03,-1.33,-0.21,0.42
495,2017-01-12,15.6,15.49,15.72,15.47,182019,325280672.0,1.6,-0.58,-0.09,0.33
496,2017-01-13,15.42,15.63,15.71,15.41,214528,382447120.0,1.94,0.9,0.14,0.39
497,2017-01-16,15.56,15.91,15.99,15.4,608723,1094971776.0,3.77,1.79,0.28,1.12
498,2017-01-17,15.81,15.8,15.91,15.6,171521,308859488.0,1.95,-0.69,-0.11,0.32
499,2017-01-18,15.8,15.88,16.02,15.68,180781,328301136.0,2.15,0.51,0.08,0.33
500,2017-01-19,15.87,15.92,16.02,15.8,174073,316738992.0,1.39,0.25,0.04,0.32
501,2017-01-20,15.88,16.2,16.25,15.85,284603,523538624.0,2.51,1.76,0.28,0.52
502,2017-01-23,16.2,16.15,16.43,16.11,188009,348044928.0,1.98,-0.31,-0.05,0.35
503,2017-01-24,16.12,16.11,16.24,15.97,200321,368210128.0,1.67,-0.25,-0.04,0.37
504,2017-01-25,16.12,16.15,16.21,15.99,115417,212107226.0,1.37,0.25,0.04,0.21
505,2017-01-26,16.17,16.22,16.35,16.14,167737,310281360.0,1.3,0.43,0.07,0.31
506,2017-02-03,16.27,15.9,16.27,15.88,172908,315759056.0,2.4,-1.97,-0.32,0.32
507,2017-02-06,15.98,15.85,15.98,15.75,221488,400536464.0,1.45,-0.31,-0.05,0.41
508,2017-02-07,15.85,15.72,15.86,15.58,188643,338905792.0,1.77,-0.82,-0.13,0.35
509,2017-02-08,15.72,16.02,16.08,15.57,308693,559869504.0,3.24,1.91,0.3,0.57
510,2017-02-09,15.96,15.99,16.17,15.93,296503,542095232.0,1.5,-0.19,-0.03,0.54
511,2017-02-10,15.99,16.07,16.2,15.77,466735,853470976.0,2.69,0.5,0.08,0.86
512,2017-02-13,16.09,16.25,16.37,16.05,606916,1122749088.0,1.99,1.12,0.18,1.11
513,2017-02-14,16.27,16.15,16.38,16.1,251373,464362944.0,1.72,-0.62,-0.1,0.46
514,2017-02-15,16.14,16.06,16.29,16.03,326932,602440192.0,1.61,-0.56,-0.09,0.6
515,2017-02-16,16.06,16.13,16.24,15.95,331059,608140160.0,1.81,0.44,0.07,0.61
516,2017-02-17,16.24,16.05,16.63,16.04,723872,1347363584.0,3.66,-0.5,-0.08,1.33
517,2017-02-20,16.05,16.27,16.28,15.9,474434,871387536.0,2.37,1.37,0.22,0.87
518,2017-02-21,16.34,16.61,16.79,16.31,772927,1459653824.0,2.95,2.09,0.34,1.42
519,2017-02-22,16.55,16.61,16.64,16.42,271260,509154032.0,1.32,0.0,0.0,0.5
520,2017-02-23,16.54,16.2,16.69,16.09,451367,837793632.0,3.61,-2.47,-0.41,0.83
521,2017-02-24,16.22,16.23,16.33,16.1,262333,483517728.0,1.42,0.19,0.03,0.48
522,2017-02-27,16.18,15.93,16.27,15.9,345968,632115584.0,2.28,-1.85,-0.3,0.64
523,2017-02-28,15.94,15.9,16.04,15.8,241701,438650448.0,1.51,-0.19,-0.03,0.44
524,2017-03-01,15.9,15.88,16.0,15.82,260485,472837824.0,1.13,-0.13,-0.02,0.48
525,2017-03-02,15.95,15.85,16.18,15.8,440259,802771712.0,2.39,-0.19,-0.03,0.81
526,2017-03-03,15.81,15.76,15.86,15.66,249293,448677168.0,1.26,-0.57,-0.09,0.46
527,2017-03-06,15.78,15.91,15.94,15.68,223377,403532192.0,1.65,0.95,0.15,0.41
528,2017-03-07,15.91,15.85,15.93,15.73,175659,317232384.0,1.26,-0.38,-0.06,0.32
529,2017-03-08,15.87,15.86,15.93,15.78,193797,350915584.0,0.95,0.06,0.01,0.36
530,2017-03-09,15.85,15.78,15.86,15.61,259337,465564336.0,1.58,-0.5,-0.08,0.48
531,2017-03-10,15.71,15.53,15.8,15.49,259588,463626976.0,1.96,-1.58,-0.25,0.48
532,2017-03-13,15.5,15.62,15.64,15.33,233793,414780416.0,2.0,0.58,0.09,0.43
533,2017-03-14,15.61,15.57,15.68,15.51,147758,263391750.0,1.09,-0.32,-0.05,0.27
534,2017-03-15,15.57,15.51,15.57,15.45,168914,299809296.0,0.77,-0.39,-0.06,0.31
535,2017-03-16,15.57,15.83,15.87,15.55,446645,806029824.0,2.06,2.06,0.32,0.82
536,2017-03-17,15.84,15.55,15.88,15.49,282946,507938400.0,2.46,-1.77,-0.28,0.52
537,2017-03-20,15.57,15.39,15.59,15.3,301572,532779312.0,1.86,-1.03,-0.16,0.55
538,2017-03-21,15.4,15.13,15.43,15.05,434587,758208192.0,2.47,-1.69,-0.26,0.8
539,2017-03-22,15.05,14.66,15.05,14.55,532329,904557488.0,3.3,-3.11,-0.47,0.98
540,2017-03-23,14.66,14.72,14.88,14.55,281080,477435600.0,2.25,0.41,0.06,0.52
541,2017-03-24,14.76,14.77,14.96,14.58,436020,740916720.0,2.58,0.34,0.05,0.8
542,2017-03-27,14.8,14.77,14.97,14.75,314887,538096320.0,1.49,0.0,0.0,0.58
543,2017-03-28,14.82,14.77,14.93,14.68,289210,492980400.0,1.69,0.0,0.0,0.53
544,2017-03-29,14.78,14.57,14.84,14.55,277147,468810304.0,1.96,-1.35,-0.2,0.51
545,2017-03-30,14.55,14.56,14.66,14.38,267210,448694176.0,1.92,-0.07,-0.01,0.49
546,2017-03-31,14.6,14.56,14.64,14.46,176345,296179056.0,1.24,0.0,0.0,0.32
547,2017-04-05,14.58,14.94,14.95,14.58,425192,726038416.0,2.54,2.61,0.38,0.78
548,2017-04-06,14.91,14.93,15.05,14.88,286546,492800512.0,1.14,-0.07,-0.01,0.53
549,2017-04-07,14.94,14.93,15.0,14.76,293480,503437248.0,1.61,0.0,0.0,0.54
550,2017-04-10,14.94,14.79,15.02,14.77,221500,379150288.0,1.67,-0.94,-0.14,0.41
551,2017-04-11,14.78,14.79,14.86,14.51,284696,481784464.0,2.37,0.0,0.0,0.52
552,2017-04-12,14.88,15.14,15.32,14.85,704697,1224895488.0,3.18,2.37,0.35,1.29
553,2017-04-13,15.01,15.02,15.16,14.93,212854,367950608.0,1.52,-0.79,-0.12,0.39
554,2017-04-14,14.96,14.86,15.03,14.67,246498,420844304.0,2.4,-1.07,-0.16,0.45
555,2017-04-17,14.76,14.89,15.0,14.55,320926,545964080.0,3.03,0.2,0.03,0.59
556,2017-04-18,14.81,14.53,14.86,14.51,233548,395542944.0,2.35,-2.42,-0.36,0.43
557,2017-04-19,14.45,14.54,14.61,14.25,294276,490363008.0,2.48,0.07,0.01,0.54
558,2017-04-20,14.49,14.52,14.57,14.33,240390,400671696.0,1.65,-0.14,-0.02,0.44
559,2017-04-21,14.48,14.63,14.7,14.43,225100,377977072.0,1.86,0.76,0.11,0.41
560,2017-04-24,14.55,14.72,14.76,14.42,288796,487201536.0,2.32,0.62,0.09,0.53
561,2017-04-25,14.67,14.56,14.73,14.55,132308,223437837.0,1.22,-1.09,-0.16,0.24
562,2017-04-26,14.59,14.68,14.74,14.48,196446,331914880.0,1.79,0.82,0.12,0.36
563,2017-04-27,14.59,14.65,14.7,14.45,204607,344005200.0,1.7,-0.2,-0.03,0.38
564,2017-04-28,14.61,14.75,14.76,14.52,261632,442295808.0,1.64,0.68,0.1,0.48
565,2017-05-02,14.8,14.55,14.8,14.55,141589,239228526.0,1.69,-1.36,-0.2,0.26
566,2017-05-03,14.5,14.25,14.6,14.1,365469,605694128.0,3.44,-2.06,-0.3,0.67
567,2017-05-04,14.2,14.25,14.26,14.01,199499,327555488.0,1.75,0.0,0.0,0.37
568,2017-05-05,14.15,14.28,14.3,13.87,446570,729744944.0,3.02,0.21,0.03,0.82
569,2017-05-08,14.14,14.36,14.4,13.97,355998,586660000.0,3.01,0.56,0.08,0.65
570,2017-05-09,14.27,14.23,14.35,14.16,123618,203962943.0,1.32,-0.91,-0.13,0.23
571,2017-05-10,14.22,14.2,14.29,14.11,177750,292329056.0,1.26,-0.21,-0.03,0.33
572,2017-05-11,14.1,14.29,14.36,14.05,307452,506941600.0,2.18,0.63,0.09,0.56
573,2017-05-12,14.29,14.36,14.53,14.2,199458,332119328.0,2.31,0.49,0.07,0.37
574,2017-05-15,14.34,14.75,14.88,14.34,433557,735637088.0,3.76,2.72,0.39,0.8
575,2017-05-16,14.73,14.76,14.77,14.55,207902,352335664.0,1.49,0.07,0.01,0.38
576,2017-05-17,14.73,14.75,14.93,14.65,220958,376430000.0,1.9,-0.07,-0.01,0.41
577,2017-05-18,14.63,14.62,14.71,14.55,140690,237292939.0,1.08,-0.88,-0.13,0.26
578,2017-05-19,14.62,14.44,14.69,14.42,114182,191328265.0,1.85,-1.23,-0.18,0.21
579,2017-05-22,14.41,14.32,14.42,13.96,311031,510846416.0,3.19,-0.83,-0.12,0.57
580,2017-05-23,14.25,14.53,14.57,14.15,353188,586507504.0,2.93,1.47,0.21,0.65
581,2017-05-24,14.43,14.6,14.61,14.3,230819,386200160.0,2.13,0.48,0.07,0.42
582,2017-05-25,14.51,15.12,15.25,14.5,606310,1044627984.0,5.14,3.56,0.52,1.11
583,2017-05-26,15.08,15.14,15.5,15.05,437567,765893840.0,2.98,0.13,0.02,0.8
584,2017-05-31,15.25,15.33,15.41,14.99,418062,730729344.0,2.77,1.25,0.19,0.77
585,2017-06-01,15.22,15.43,15.51,15.08,575919,1015331520.0,2.8,0.65,0.1,1.06
586,2017-06-02,15.32,15.3,15.44,15.2,210257,370088800.0,1.56,-0.84,-0.13,0.39
587,2017-06-05,15.22,15.22,15.3,15.12,131489,229271710.0,1.18,-0.52,-0.08,0.24
588,2017-06-06,15.24,15.19,15.29,15.11,119708,208592183.0,1.18,-0.2,-0.03,0.22
589,2017-06-07,15.23,15.27,15.54,15.2,368019,648830880.0,2.24,0.53,0.08,0.68
590,2017-06-08,15.27,15.29,15.4,15.25,214152,376181728.0,0.98,0.13,0.02,0.39
591,2017-06-09,15.35,15.16,15.57,15.11,316632,556175376.0,3.01,-0.85,-0.13,0.58
592,2017-06-12,15.14,14.99,15.28,14.91,193804,334921216.0,2.44,-1.12,-0.17,0.36
593,2017-06-13,14.95,15.06,15.11,14.86,169701,292941296.0,1.67,0.47,0.07,0.31
594,2017-06-14,15.12,15.07,15.15,14.96,154618,267620607.0,1.26,0.07,0.01,0.28
595,2017-06-15,15.04,15.15,15.21,14.99,171812,298239168.0,1.46,0.53,0.08,0.32
596,2017-06-16,15.13,15.0,15.24,14.97,153466,266869922.0,1.78,-0.99,-0.15,0.28
597,2017-06-19,15.0,15.5,15.52,14.99,448416,790054096.0,3.53,3.33,0.5,0.82
598,2017-06-20,15.5,15.53,15.57,15.35,234301,415452736.0,1.42,0.19,0.03,0.43
599,2017-06-21,15.81,15.54,16.05,15.52,475424,858432224.0,3.41,0.06,0.01,0.87
600,2017-06-22,15.49,15.62,16.01,15.46,584031,1055185600.0,3.54,0.51,0.08,1.07
601,2017-06-23,15.55,15.69,15.7,15.28,285458,507054944.0,2.69,0.45,0.07,0.52
602,2017-06-26,15.56,15.93,16.1,15.55,666039,1210129728.0,3.51,1.53,0.24,1.22
603,2017-06-27,15.91,15.87,16.02,15.73,215056,389160256.0,1.82,-0.38,-0.06,0.4
604,2017-06-28,15.83,15.76,15.98,15.7,253217,458338640.0,1.76,-0.69,-0.11,0.47
605,2017-06-29,15.85,15.72,15.87,15.65,211044,379379136.0,1.4,-0.25,-0.04,0.39
606,2017-06-30,15.66,15.65,15.74,15.48,276103,493216928.0,1.65,-0.45,-0.07,0.51
607,2017-07-03,15.61,15.48,15.64,15.33,277740,491562192.0,1.98,-1.09,-0.17,0.51
608,2017-07-04,15.48,15.23,15.55,15.21,206507,363424576.0,2.2,-1.61,-0.25,0.38
609,2017-07-05,15.25,15.5,15.51,15.25,180232,318234672.0,1.71,1.77,0.27,0.33
610,2017-07-06,15.49,15.44,15.52,15.28,193956,342053360.0,1.55,-0.39,-0.06,0.36
611,2017-07-07,15.39,15.6,15.77,15.18,287134,508902112.0,3.82,1.04,0.16,0.53
612,2017-07-10,15.55,15.92,16.08,15.5,611430,1110726752.0,3.72,2.05,0.32,1.12
613,2017-07-11,16.1,16.27,16.61,16.1,881701,1645942832.0,3.2,2.2,0.35,1.62
614,2017-07-12,16.43,16.34,16.81,16.29,676196,1272380112.0,3.2,0.43,0.07,1.24
615,2017-07-13,16.6,16.87,16.88,16.3,672768,1273660704.0,3.55,3.24,0.53,1.24
616,2017-07-14,16.81,16.91,16.99,16.69,392429,750039712.0,1.78,0.24,0.04,0.72
617,2017-07-17,16.92,16.33,17.06,16.3,676583,1277328592.0,4.49,-3.43,-0.58,1.24
618,2017-07-18,16.18,16.18,16.38,15.9,475140,872266656.0,2.94,-0.92,-0.15,0.87
619,2017-07-19,16.12,17.57,17.6,16.02,1199320,2312210512.0,9.77,8.59,1.39,2.2
620,2017-07-20,17.52,17.7,17.85,17.37,837046,1662122128.0,2.73,0.74,0.13,1.54
621,2017-07-21,17.6,17.3,17.71,17.2,505820,994963168.0,2.88,-2.26,-0.4,0.93
622,2017-07-24,17.25,17.28,17.58,17.17,409399,803066512.0,2.37,-0.12,-0.02,0.75
623,2017-07-25,17.22,16.91,17.34,16.84,542615,1044997296.0,2.89,-2.14,-0.37,1.0
624,2017-07-26,16.96,17.42,17.44,16.75,571958,1103368352.0,4.08,3.02,0.51,1.05
625,2017-07-27,17.33,17.34,17.52,16.95,497358,971131888.0,3.27,-0.46,-0.08,0.91
626,2017-07-28,17.23,17.41,17.55,17.15,343320,674328160.0,2.31,0.4,0.07,0.63
627,2017-07-31,17.3,17.65,17.81,17.05,555475,1099739344.0,4.37,1.38,0.24,1.02
628,2017-08-01,17.63,17.91,18.33,17.59,801243,1621178528.0,4.19,1.47,0.26,1.47
629,2017-08-02,17.95,18.23,18.67,17.76,1048833,2154204576.0,5.08,1.79,0.32,1.93
630,2017-08-03,18.13,18.28,18.72,18.13,749185,1552109904.0,3.24,0.27,0.05,1.38
631,2017-08-04,18.23,18.12,18.63,17.88,535104,1098670992.0,4.1,-0.88,-0.16,0.98
632,2017-08-07,17.81,17.9,18.05,17.68,572300,1149985792.0,2.04,-1.21,-0.22,1.05
633,2017-08-08,17.95,17.7,18.04,17.52,558598,1088160560.0,2.91,-1.12,-0.2,1.03
634,2017-08-09,17.6,17.5,17.63,17.3,452226,868801168.0,1.86,-1.13,-0.2,0.83
635,2017-08-10,17.42,17.62,17.8,17.29,438840,846950640.0,2.91,0.69,0.12,0.81
636,2017-08-11,17.46,16.93,17.53,16.86,536507,1018922176.0,3.8,-3.92,-0.69,0.99
637,2017-08-14,17.13,17.6,17.63,17.02,511012,975689840.0,3.6,3.96,0.67,0.94
638,2017-08-15,17.51,17.92,18.01,17.51,533908,1047958240.0,2.84,1.82,0.32,0.98
639,2017-08-16,17.82,17.97,18.14,17.71,360649,712020960.0,2.4,0.28,0.05,0.66
640,2017-08-17,17.9,18.12,18.14,17.78,290243,571406176.0,2.0,0.83,0.15,0.53
641,2017-08-18,17.93,17.61,18.03,17.58,323031,630679904.0,2.48,-2.81,-0.51,0.59
642,2017-08-21,17.55,17.76,17.81,17.43,299752,580289360.0,2.16,0.85,0.15,0.55
643,2017-08-22,17.8,17.77,17.91,17.58,250868,489350208.0,1.86,0.06,0.01,0.46
644,2017-08-23,17.69,18.24,18.45,17.69,746181,1485598544.0,4.28,2.64,0.47,1.37
645,2017-08-24,18.14,17.89,18.33,17.87,298778,592939888.0,2.52,-1.92,-0.35,0.55
646,2017-08-25,17.85,19.02,19.1,17.85,1050008,2144469392.0,6.99,6.32,1.13,1.93
647,2017-08-28,19.25,21.04,21.05,19.16,1671924,3702785856.0,9.94,10.62,2.02,3.07
648,2017-08-29,20.77,21.0,21.63,20.53,1306461,2974874144.0,5.23,-0.19,-0.04,2.4
649,2017-08-30,20.85,20.81,22.0,20.55,1291671,2973311248.0,6.9,-0.9,-0.19,2.37
650,2017-08-31,20.75,21.2,21.24,20.65,931494,2113132992.0,2.84,1.87,0.39,1.71
651,2017-09-01,21.14,21.44,21.6,20.95,1049906,2422556080.0,3.07,1.13,0.24,1.93
652,2017-09-04,21.25,21.57,22.0,20.94,896765,2074453680.0,4.94,0.61,0.13,1.65
653,2017-09-05,21.6,21.65,22.03,21.37,718023,1684423680.0,3.06,0.37,0.08,1.32
654,2017-09-06,21.45,21.68,21.97,21.15,696183,1618899584.0,3.79,0.14,0.03,1.28
655,2017-09-07,21.75,21.17,21.99,21.13,718114,1670785776.0,3.97,-2.35,-0.51,1.32
656,2017-09-08,21.18,20.42,21.3,20.38,1054824,2365335872.0,4.35,-3.54,-0.75,1.94
657,2017-09-11,20.25,20.39,20.68,20.03,715546,1579349824.0,3.18,-0.15,-0.03,1.31
658,2017-09-12,20.43,20.59,21.15,20.38,1060065,2382390368.0,3.78,0.98,0.2,1.95
659,2017-09-13,20.58,20.53,20.97,20.46,469158,1053099136.0,2.48,-0.29,-0.06,0.86
660,2017-09-14,20.48,20.56,20.98,20.47,579842,1303095936.0,2.48,0.15,0.03,1.07
661,2017-09-15,20.47,20.77,20.97,20.21,547202,1226561216.0,3.7,1.02,0.21,1.01
662,2017-09-18,20.86,20.91,21.42,20.82,935239,2140979808.0,2.89,0.67,0.14,1.72
663,2017-09-19,20.96,20.34,21.02,20.16,662198,1477310720.0,4.11,-2.73,-0.57,1.22
664,2017-09-20,20.24,20.04,20.33,19.93,608570,1330785488.0,1.97,-1.47,-0.3,1.12
665,2017-09-21,20.13,20.26,20.78,20.13,611184,1357252656.0,3.24,1.1,0.22,1.12
666,2017-09-22,20.1,20.39,20.44,19.9,506956,1110130720.0,2.67,0.64,0.13,0.93
667,2017-09-25,20.25,20.41,20.59,19.98,545846,1204090832.0,2.99,0.1,0.02,1.0
668,2017-09-26,20.33,20.26,20.43,20.06,368235,808765408.0,1.81,-0.73,-0.15,0.68
669,2017-09-27,20.2,20.23,20.43,20.16,308978,680839040.0,1.33,-0.15,-0.03,0.57
670,2017-09-28,20.2,20.32,20.37,20.12,291574,641796384.0,1.24,0.44,0.09,0.54
671,2017-09-29,20.37,20.87,21.08,20.37,708431,1598324064.0,3.49,2.71,0.55,1.3
672,2017-10-09,21.74,20.63,21.91,20.58,862510,1969222352.0,6.37,-1.15,-0.24,1.58
673,2017-10-10,20.65,19.98,20.9,19.56,1073005,2340076880.0,6.5,-3.15,-0.65,1.97
674,2017-10-11,19.95,19.84,20.02,19.62,472605,1019230176.0,2.0,-0.7,-0.14,0.87
675,2017-10-12,19.77,19.71,20.0,19.58,321102,690092080.0,2.12,-0.66,-0.13,0.59
676,2017-10-13,19.8,19.74,19.89,19.55,380150,816646160.0,1.73,0.15,0.03,0.7
677,2017-10-16,19.76,19.74,20.0,19.68,420799,907264640.0,1.62,0.0,0.0,0.77
678,2017-10-17,19.68,19.72,19.87,19.6,261291,562070896.0,1.37,-0.1,-0.02,0.48
679,2017-10-18,19.82,19.89,19.94,19.72,398645,859948736.0,1.12,0.86,0.17,0.73
680,2017-10-19,19.89,19.47,19.91,18.98,662014,1394598112.0,4.68,-2.11,-0.42,1.22
681,2017-10-20,19.26,19.26,19.45,19.05,274231,576844816.0,2.05,-1.08,-0.21,0.5
682,2017-10-23,19.27,18.81,19.27,18.75,403433,833876368.0,2.7,-2.34,-0.45,0.74
683,2017-10-24,18.75,19.04,19.13,18.68,333203,692082848.0,2.39,1.22,0.23,0.61
684,2017-10-25,19.02,19.08,19.19,18.84,235758,490259424.0,1.84,0.21,0.04,0.43
685,2017-10-26,19.02,18.77,19.47,18.71,706493,1465890064.0,3.98,-1.62,-0.31,1.3
686,2017-10-27,18.71,18.32,18.97,18.27,563803,1144989616.0,3.73,-2.4,-0.45,1.04
687,2017-10-30,18.25,17.96,18.39,17.55,660038,1295936976.0,4.59,-1.97,-0.36,1.21
688,2017-10-31,17.83,17.82,17.97,17.65,306658,599744224.0,1.78,-0.78,-0.14,0.56
689,2017-11-01,17.8,17.41,18.02,17.35,530282,1031546592.0,3.76,-2.3,-0.41,0.97
690,2017-11-02,17.46,17.57,17.88,17.21,550002,1062904496.0,3.85,0.92,0.16,1.01
691,2017-11-03,17.63,17.65,17.67,17.25,447208,858948720.0,2.39,0.46,0.08,0.82
692,2017-11-06,17.6,17.48,17.6,17.26,323571,619354336.0,1.93,-0.96,-0.17,0.59
693,2017-11-07,17.45,18.34,18.35,17.44,901711,1784590320.0,5.21,4.92,0.86,1.66
694,2017-11-08,18.27,18.49,19.22,18.21,1119939,2290503344.0,5.51,0.82,0.15,2.06
695,2017-11-09,18.35,18.58,18.88,18.27,568589,1154364240.0,3.3,0.49,0.09,1.04
696,2017-11-10,18.63,18.52,18.75,18.28,603290,1220872144.0,2.53,-0.32,-0.06,1.11
697,2017-11-13,18.6,18.37,18.96,18.25,579271,1178166624.0,3.83,-0.81,-0.15,1.06
698,2017-11-14,18.27,18.08,18.4,17.96,479666,955151616.0,2.4,-1.58,-0.29,0.88
699,2017-11-15,18.0,18.01,18.31,17.93,427339,848878896.0,2.1,-0.39,-0.07,0.79
700,2017-11-16,18.0,17.41,18.07,17.3,626781,1211094032.0,4.28,-3.33,-0.6,1.15
701,2017-11-17,17.41,17.8,17.89,17.02,798248,1538010624.0,5.0,2.24,0.39,1.47
702,2017-11-20,17.54,17.3,17.78,17.06,588154,1122394640.0,4.04,-2.81,-0.5,1.08
703,2017-11-21,17.43,18.39,18.62,17.25,1266296,2530202080.0,7.92,6.3,1.09,2.33
704,2017-11-22,18.35,18.55,18.99,18.25,989749,2018055232.0,4.02,0.87,0.16,1.82
705,2017-11-23,18.55,17.79,18.88,17.53,715244,1429655536.0,7.28,-4.1,-0.76,1.31
706,2017-11-24,17.68,17.78,17.85,17.41,538469,1045116672.0,2.47,-0.06,-0.01,0.99
707,2017-11-27,17.72,17.8,18.03,17.63,446984,874866640.0,2.25,0.11,0.02,0.82
708,2017-11-28,17.75,17.64,17.8,17.29,350545,676204784.0,2.87,-0.9,-0.16,0.64
709,2017-11-29,17.65,17.55,17.69,17.33,439024,844287968.0,2.04,-0.51,-0.09,0.81
710,2017-11-30,17.44,17.55,18.0,17.36,506171,984128624.0,3.65,0.0,0.0,0.93
711,2017-12-01,17.5,17.5,17.77,17.37,319725,616803744.0,2.28,-0.28,-0.05,0.59
712,2017-12-04,17.43,17.49,17.55,17.28,289530,554946848.0,1.54,-0.06,-0.01,0.53
713,2017-12-05,17.49,17.96,18.05,17.44,788895,1539890416.0,3.49,2.69,0.47,1.45
714,2017-12-06,17.9,17.98,18.05,17.59,427700,835346768.0,2.56,0.11,0.02,0.79
715,2017-12-07,17.93,17.76,17.97,17.6,286797,559735024.0,2.06,-1.22,-0.22,0.53
716,2017-12-08,17.73,17.66,17.91,17.61,246183,479390096.0,1.69,-0.56,-0.1,0.45
717,2017-12-11,17.78,17.81,18.03,17.65,388179,759426336.0,2.15,0.85,0.15,0.71
718,2017-12-12,17.75,17.27,17.78,17.25,392562,753057600.0,2.98,-3.03,-0.54,0.72
719,2017-12-13,17.27,17.19,17.39,17.06,320288,606111696.0,1.91,-0.46,-0.08,0.59
720,2017-12-14,17.22,16.5,17.23,16.48,520367,959778240.0,4.36,-4.01,-0.69,0.96
721,2017-12-15,16.44,16.45,16.69,16.2,364068,661656864.0,2.97,-0.3,-0.05,0.67
722,2017-12-18,16.46,16.41,16.61,16.22,253151,458557552.0,2.37,-0.24,-0.04,0.47
723,2017-12-19,16.45,16.44,16.57,16.33,290839,528903728.0,1.46,0.18,0.03,0.53
724,2017-12-20,16.42,16.32,16.47,16.04,348877,626951920.0,2.62,-0.73,-0.12,0.64
725,2017-12-21,16.26,16.49,16.68,16.05,354129,643570608.0,3.86,1.04,0.17,0.65
726,2017-12-22,16.48,16.14,16.49,16.1,286983,516666272.0,2.37,-2.12,-0.35,0.53
727,2017-12-25,16.07,15.62,16.16,15.46,474523,831230816.0,4.34,-3.22,-0.52,0.87
728,2017-12-26,15.58,15.71,15.88,15.55,308002,538294240.0,2.11,0.58,0.09,0.57
729,2017-12-27,15.71,15.43,15.71,15.28,350419,603867120.0,2.74,-1.78,-0.28,0.64
730,2017-12-28,15.43,15.47,15.79,15.32,396144,685497520.0,3.05,0.26,0.04,0.73
731,2017-12-29,15.48,15.51,15.67,15.44,209012,361056512.0,1.49,0.26,0.04,0.38
732,2018-01-02,15.56,16.27,16.4,15.55,706317,1253720320.0,5.48,4.9,0.76,1.3
733,2018-01-03,16.3,16.73,16.87,16.13,763886,1401160016.0,4.55,2.83,0.46,1.4
734,2018-01-04,16.76,16.68,16.78,16.54,335928,617675536.0,1.43,-0.3,-0.05,0.62
735,2018-01-05,16.71,16.82,17.05,16.61,408126,757400720.0,2.64,0.84,0.14,0.75
736,2018-01-08,16.86,18.05,18.45,16.85,1151562,2238241696.0,9.51,7.31,1.23,2.12
737,2018-01-09,18.03,17.94,18.31,17.7,662060,1305860672.0,3.38,-0.61,-0.11,1.22
738,2018-01-10,18.24,18.16,18.33,17.88,766803,1524997664.0,2.51,1.23,0.22,1.41
739,2018-01-11,18.03,17.9,18.21,17.79,405296,798133056.0,2.31,-1.43,-0.26,0.74
740,2018-01-12,17.93,18.01,18.42,17.83,492675,977653280.0,3.3,0.61,0.11,0.91
741,2018-01-15,17.92,17.66,18.27,17.51,728067,1425283824.0,4.22,-1.94,-0.35,1.34
742,2018-01-16,17.54,18.26,18.3,17.17,795676,1535719856.0,6.4,3.4,0.6,1.46
743,2018-01-17,18.33,18.73,19.75,18.33,1986154,4144418736.0,7.78,2.57,0.47,3.65
744,2018-01-18,19.05,18.82,19.57,18.6,1282188,2666539920.0,5.18,0.48,0.09,2.36
745,2018-01-19,18.92,19.07,19.41,18.8,1191079,2480710144.0,3.24,1.33,0.25,2.19
746,2018-01-22,18.95,18.84,19.13,18.57,670422,1377477056.0,2.94,-1.21,-0.23,1.23
747,2018-01-23,18.85,18.82,19.23,18.47,884031,1818183824.0,4.03,-0.11,-0.02,1.62
748,2018-01-24,19.01,19.91,20.01,18.78,1671811,3549162032.0,6.54,5.79,1.09,3.07
749,2018-01-25,19.71,19.36,19.75,19.34,790790,1683032400.0,2.06,-2.76,-0.55,1.45
750,2018-01-26,19.34,19.2,19.55,19.09,627460,1322252544.0,2.38,-0.83,-0.16,1.15
751,2018-01-29,19.3,18.61,19.5,18.55,811033,1685270800.0,4.95,-3.07,-0.59,1.49
752,2018-01-30,18.53,18.01,18.7,17.87,836139,1674118608.0,4.46,-3.22,-0.6,1.54
753,2018-01-31,17.91,17.84,18.1,17.61,716185,1402941664.0,2.72,-0.94,-0.17,1.32
754,2018-02-01,17.88,17.94,17.99,17.5,967097,1886574240.0,2.75,0.56,0.1,1.78
755,2018-02-02,17.75,17.67,17.86,17.26,580105,1121384000.0,3.34,-1.51,-0.27,1.07
756,2018-02-05,17.05,17.52,17.65,17.0,579954,1107545760.0,3.68,-0.85,-0.15,1.07
757,2018-02-06,17.15,16.86,17.42,16.59,962251,1805972512.0,4.74,-3.77,-0.66,1.77
758,2018-02-07,17.24,16.61,17.36,16.45,687266,1277738320.0,5.4,-1.48,-0.25,1.26
759,2018-02-08,16.55,16.47,16.79,16.2,429796,783201248.0,3.55,-0.84,-0.14,0.79
760,2018-02-09,15.71,15.13,16.03,14.65,1138897,1915412032.0,8.38,-8.14,-1.34,2.09
761,2018-02-12,15.14,14.89,15.19,14.77,579597,966732256.0,2.78,-1.59,-0.24,1.06
762,2018-02-13,15.05,15.05,15.51,15.03,589625,1003802832.0,3.22,1.07,0.16,1.08
763,2018-02-14,15.22,15.04,15.25,14.8,354459,592935936.0,2.99,-0.07,-0.01,0.65
764,2018-02-22,15.3,15.27,15.35,15.09,536043,909816912.0,1.73,1.53,0.23,0.98
765,2018-02-23,15.3,15.44,15.64,15.18,595535,1022705776.0,3.01,1.11,0.17,1.09
766,2018-02-26,15.62,16.0,16.14,15.37,788869,1377565168.0,4.99,3.63,0.56,1.45
767,2018-02-27,15.98,15.77,15.99,15.69,499649,875944704.0,1.88,-1.44,-0.23,0.92
768,2018-02-28,15.49,15.54,15.97,15.28,517246,894642096.0,4.38,-1.46,-0.23,0.95
769,2018-03-01,15.37,15.63,15.65,15.3,413031,713677168.0,2.25,0.58,0.09,0.76
770,2018-03-02,15.45,15.41,15.63,15.39,260079,448061664.0,1.54,-1.41,-0.22,0.48
771,2018-03-05,15.34,15.49,15.6,15.34,243782,420513856.0,1.69,0.52,0.08,0.45
772,2018-03-06,15.6,15.89,15.96,15.52,518626,908393632.0,2.84,2.58,0.4,0.95
773,2018-03-07,15.91,15.71,16.07,15.63,382550,673685056.0,2.77,-1.13,-0.18,0.7
774,2018-03-08,15.66,15.72,15.85,15.64,199626,348918304.0,1.34,0.06,0.01,0.37
775,2018-03-09,15.8,16.18,16.24,15.68,616476,1093887440.0,3.56,2.93,0.46,1.13
776,2018-03-12,16.31,16.56,16.63,16.13,623252,1132622816.0,3.09,2.35,0.38,1.14
777,2018-03-13,16.51,16.18,16.51,16.13,348202,628702144.0,2.29,-2.29,-0.38,0.64
778,2018-03-14,16.07,15.94,16.24,15.9,274669,489137840.0,2.1,-1.48,-0.24,0.5
779,2018-03-15,15.85,15.92,16.03,15.81,248039,438200400.0,1.38,-0.13,-0.02,0.46
780,2018-03-16,15.95,15.58,16.02,15.55,505237,885569792.0,2.95,-2.14,-0.34,0.93
781,2018-03-19,15.59,15.52,15.79,15.44,311968,540603376.0,2.25,-0.39,-0.06,0.57
782,2018-03-20,15.37,15.5,15.61,15.27,283133,486522160.0,2.19,-0.13,-0.02,0.52
783,2018-03-21,15.59,15.66,16.19,15.55,601904,1060445280.0,4.13,1.03,0.16,1.11
784,2018-03-22,15.7,15.69,15.99,15.57,352791,618670224.0,2.68,0.19,0.03,0.65
785,2018-03-23,15.0,14.55,15.3,14.32,725251,1205653776.0,6.25,-7.27,-1.14,1.33
786,2018-03-26,14.4,14.67,14.73,14.26,395788,644030640.0,3.23,0.82,0.12,0.73
787,2018-03-27,14.93,15.01,15.11,14.76,411348,686338528.0,2.39,2.32,0.34,0.76
788,2018-03-28,14.8,14.86,15.09,14.75,282647,471746544.0,2.27,-1.0,-0.15,0.52
789,2018-03-29,14.99,15.38,15.48,14.92,549327,935900896.0,3.77,3.5,0.52,1.01
790,2018-03-30,15.41,15.49,15.64,15.34,362404,623455296.0,1.95,0.72,0.11,0.67
791,2018-04-02,15.6,16.02,16.26,15.53,753145,1339846432.0,4.71,3.42,0.53,1.38
792,2018-04-03,15.78,16.12,16.34,15.77,551290,983804352.0,3.56,0.62,0.1,1.01
793,2018-04-04,16.13,15.81,16.42,15.73,439126,784096656.0,4.28,-1.92,-0.31,0.81
794,2018-04-09,15.75,16.0,16.03,15.43,386113,680284768.0,3.8,1.2,0.19,0.71
795,2018-04-10,16.04,16.43,16.49,16.02,571796,1032422160.0,2.94,2.69,0.43,1.05
796,2018-04-11,16.31,16.36,16.5,16.18,414626,748649424.0,1.95,-0.43,-0.07,0.76
797,2018-04-12,16.33,16.03,16.5,16.02,330266,595282288.0,2.93,-2.02,-0.33,0.61
798,2018-04-13,16.17,15.85,16.28,15.84,270335,481013856.0,2.74,-1.12,-0.18,0.5
799,2018-04-16,15.67,15.48,15.85,15.47,341398,593576416.0,2.4,-2.33,-0.37,0.63
800,2018-04-17,15.54,15.56,15.97,15.49,352850,617528336.0,3.1,0.52,0.08,0.65
801,2018-04-18,15.8,16.09,16.12,15.76,532749,943184720.0,2.31,3.41,0.53,0.98
802,2018-04-19,16.11,16.23,16.43,15.97,437021,783907472.0,2.86,0.87,0.14,0.8
803,2018-04-20,16.12,15.53,16.18,15.5,355449,624948304.0,4.19,-4.31,-0.7,0.65
804,2018-04-23,15.46,15.95,15.96,15.46,324406,568231136.0,3.22,2.7,0.42,0.6
805,2018-04-24,16.02,16.68,16.75,16.02,687433,1256172752.0,4.58,4.58,0.73,1.26
806,2018-04-25,16.54,16.57,16.63,16.4,338608,618080064.0,1.38,-0.66,-0.11,0.62
807,2018-04-26,16.57,16.03,16.6,16.01,363763,655219664.0,3.56,-3.26,-0.54,0.67
808,2018-04-27,16.25,16.57,16.71,16.15,525715,957718192.0,3.49,3.37,0.54,0.97
809,2018-05-02,16.81,16.56,16.9,16.4,483406,886596128.0,3.02,-0.06,-0.01,0.89
810,2018-05-03,16.5,17.22,17.42,16.44,923712,1729672992.0,5.92,3.99,0.66,1.7
811,2018-05-04,17.15,17.19,17.33,16.99,521258,987654224.0,1.97,-0.17,-0.03,0.96
812,2018-05-07,17.33,17.41,17.63,17.16,557611,1064630224.0,2.73,1.28,0.22,1.02
813,2018-05-08,17.24,17.26,17.41,17.01,542671,1027637568.0,2.3,-0.86,-0.15,1.0
814,2018-05-09,17.14,16.96,17.19,16.9,366919,687798128.0,1.68,-1.74,-0.3,0.67
815,2018-05-10,17.01,17.4,17.42,16.88,518096,979048896.0,3.18,2.59,0.44,0.95
816,2018-05-11,17.43,17.01,17.43,16.96,337869,638318752.0,2.7,-2.24,-0.39,0.62
817,2018-05-14,16.97,17.05,17.23,16.97,295909,557475776.0,1.53,0.24,0.04,0.54
818,2018-05-15,16.95,16.62,17.03,16.4,611764,1123278912.0,3.7,-2.52,-0.43,1.12
819,2018-05-16,16.53,16.48,16.72,16.44,309814,567306992.0,1.68,-0.84,-0.14,0.57
820,2018-05-17,16.5,16.17,16.55,16.16,337595,609966352.0,2.37,-1.88,-0.31,0.62
821,2018-05-18,16.2,16.51,16.53,16.19,328464,595334704.0,2.1,2.1,0.34,0.6
822,2018-05-21,16.64,16.57,16.71,16.49,344518,631894768.0,1.33,0.36,0.06,0.63
823,2018-05-22,16.51,16.19,16.55,16.03,525472,941845472.0,3.14,-2.29,-0.38,0.97
824,2018-05-23,16.08,15.85,16.18,15.85,346488,614691680.0,2.04,-2.1,-0.34,0.64
825,2018-05-24,15.88,15.8,16.0,15.7,264000,464801776.0,1.89,-0.32,-0.05,0.48
826,2018-05-25,15.77,15.59,15.9,15.53,260016,454248528.0,2.34,-1.33,-0.21,0.48
827,2018-05-28,15.6,15.66,15.79,15.5,217330,378077856.0,1.86,0.45,0.07,0.4
828,2018-05-29,15.57,15.25,15.7,15.17,343103,587153408.0,3.38,-2.62,-0.41,0.63
829,2018-05-30,15.0,14.66,15.1,14.64,363392,605110736.0,3.02,-3.87,-0.59,0.67
830,2018-05-31,14.83,15.1,15.12,14.82,339729,567027552.0,2.05,3.0,0.44,0.62
831,2018-06-01,14.95,15.12,15.44,14.82,325719,548824784.0,4.11,0.13,0.02,0.6
832,2018-06-04,15.17,15.03,15.27,14.95,250897,423421776.0,2.12,-0.6,-0.09,0.46
833,2018-06-05,15.03,15.15,15.21,14.95,286647,483175264.0,1.73,0.8,0.12,0.53
834,2018-06-06,15.12,15.35,15.47,15.0,352981,599681984.0,3.1,1.32,0.2,0.65
835,2018-06-07,15.35,15.35,15.79,15.34,435869,753568576.0,2.93,0.0,0.0,0.8
836,2018-06-08,15.24,15.01,15.34,14.92,281248,473715568.0,2.74,-2.21,-0.34,0.52
837,2018-06-11,14.91,15.08,15.17,14.78,210877,353523504.0,2.6,0.47,0.07,0.39
838,2018-06-12,15.04,15.17,15.22,14.92,203097,342869264.0,1.99,0.6,0.09,0.37
839,2018-06-13,15.17,14.78,15.18,14.76,263659,439379472.0,2.77,-2.57,-0.39,0.48
840,2018-06-14,14.72,14.81,15.06,14.68,285417,474466880.0,2.57,0.2,0.03,0.52
841,2018-06-15,14.81,14.78,15.05,14.75,341193,567650032.0,2.03,-0.2,-0.03,0.63
842,2018-06-19,14.54,13.53,14.7,13.25,596520,938486288.0,9.81,-8.46,-1.25,1.1
843,2018-06-20,13.53,13.04,13.64,12.51,756477,1120698560.0,8.35,-3.62,-0.49,1.39
844,2018-06-21,12.96,12.5,13.1,12.43,500745,727751072.0,5.14,-4.14,-0.54,0.92
845,2018-06-22,12.39,12.79,12.82,12.27,345247,497118064.0,4.4,2.32,0.29,0.63
846,2018-06-25,12.91,12.59,12.95,12.57,280406,406817552.0,2.97,-1.56,-0.2,0.52
847,2018-06-26,12.38,12.74,12.82,12.32,330221,474432544.0,3.97,1.19,0.15,0.61
848,2018-06-27,12.66,12.41,12.75,12.35,309664,442031264.0,3.14,-2.59,-0.33,0.57
849,2018-06-28,12.34,12.6,13.11,12.31,597839,867731504.0,6.45,1.53,0.19,1.1
850,2018-06-29,12.64,13.22,13.29,12.64,558854,824784832.0,5.16,4.92,0.62,1.03
851,2018-07-02,13.11,12.59,13.14,12.4,517310,752760032.0,5.6,-4.77,-0.63,0.95
852,2018-07-03,12.59,12.91,12.96,12.47,401906,582799760.0,3.89,2.54,0.32,0.74
853,2018-07-04,12.88,12.65,12.94,12.59,304899,440595728.0,2.71,-2.01,-0.26,0.56
854,2018-07-05,12.66,12.42,12.91,12.4,307252,441813584.0,4.03,-1.82,-0.23,0.56
855,2018-07-06,12.51,12.55,12.81,12.03,553085,785158448.0,6.28,1.05,0.13,1.02
856,2018-07-09,12.56,12.9,12.92,12.56,340390,495774064.0,2.87,2.79,0.35,0.63
857,2018-07-10,12.83,12.94,13.03,12.75,343280,502404048.0,2.17,0.31,0.04,0.63
858,2018-07-11,12.64,12.41,12.64,12.19,369158,524496048.0,3.48,-4.1,-0.53,0.68
859,2018-07-12,12.37,12.97,13.19,12.36,572532,838072976.0,6.69,4.51,0.56,1.05
860,2018-07-13,12.97,12.89,13.02,12.8,257378,376939856.0,1.7,-0.62,-0.08,0.47
861,2018-07-16,12.91,12.95,12.97,12.77,218680,319976384.0,1.55,0.47,0.06,0.4
862,2018-07-17,12.91,12.81,12.92,12.69,201638,292831632.0,1.78,-1.08,-0.14,0.37
863,2018-07-18,12.85,12.77,12.98,12.75,234072,341646032.0,1.8,-0.31,-0.04,0.43
864,2018-07-19,12.74,12.82,12.97,12.74,300500,439142272.0,1.8,0.39,0.05,0.55
865,2018-07-20,12.78,13.69,13.77,12.78,806145,1222992272.0,7.72,6.79,0.87,1.48
866,2018-07-23,13.67,14.09,14.29,13.63,686943,1082241968.0,4.82,2.92,0.4,1.26
867,2018-07-24,14.25,14.07,14.6,13.96,753023,1206758480.0,4.54,-0.14,-0.02,1.38
868,2018-07-25,14.02,14.16,14.28,13.91,444446,704401344.0,2.63,0.64,0.09,0.82
869,2018-07-26,14.08,13.83,14.22,13.75,442681,696354512.0,3.32,-2.33,-0.33,0.81
870,2018-07-27,13.84,13.77,13.91,13.61,315122,488310688.0,2.17,-0.43,-0.06,0.58
871,2018-07-30,13.71,13.81,13.98,13.65,234561,364496784.0,2.4,0.29,0.04,0.43
872,2018-07-31,13.74,13.71,13.8,13.56,215988,333488464.0,1.74,-0.72,-0.1,0.4
873,2018-08-01,13.75,13.35,14.1,13.32,440218,683744832.0,5.69,-2.63,-0.36,0.81
874,2018-08-02,13.27,12.86,13.4,12.61,483900,710769200.0,5.92,-3.67,-0.49,0.89
875,2018-08-03,12.86,12.68,13.0,12.66,228520,333381136.0,2.64,-1.4,-0.18,0.42
876,2018-08-06,12.98,12.89,13.35,12.8,543471,807512192.0,4.34,1.66,0.21,1.0
877,2018-08-07,13.19,13.91,13.92,13.06,668604,1016437072.0,6.67,7.91,1.02,1.23
878,2018-08-08,13.73,13.43,13.83,13.3,514952,788602976.0,3.81,-3.45,-0.48,0.95
879,2018-08-09,13.37,13.82,13.94,13.37,557052,863039552.0,4.24,2.9,0.39,1.02
880,2018-08-10,13.79,13.73,13.85,13.53,381539,588736144.0,2.32,-0.65,-0.09,0.7
881,2018-08-13,13.46,13.49,13.64,13.13,439559,663884992.0,3.71,-1.75,-0.24,0.81
882,2018-08-14,13.48,13.41,13.49,13.25,257034,388166336.0,1.78,-0.59,-0.08,0.47
883,2018-08-15,13.41,13.06,13.44,13.05,284610,425499088.0,2.91,-2.61,-0.35,0.52
884,2018-08-16,12.84,13.16,13.6,12.76,473725,706918112.0,6.43,0.77,0.1,0.87
885,2018-08-17,13.36,13.0,13.42,12.95,327975,489965200.0,3.57,-1.22,-0.16,0.6
886,2018-08-20,13.01,13.34,13.35,12.91,325154,486431824.0,3.38,2.62,0.34,0.6
887,2018-08-21,13.33,13.5,13.78,13.28,527467,805494864.0,3.75,1.2,0.16,0.97
888,2018-08-22,13.5,13.39,13.51,13.33,247620,375022624.0,1.33,-0.81,-0.11,0.45
889,2018-08-23,13.38,13.64,13.77,13.36,409164,626938096.0,3.06,1.87,0.25,0.75
890,2018-08-24,13.55,13.87,14.1,13.51,506418,788246704.0,4.33,1.69,0.23,0.93
891,2018-08-27,13.89,14.09,14.23,13.76,537802,848363616.0,3.39,1.59,0.22,0.99
892,2018-08-28,14.04,13.89,14.15,13.82,340048,533749152.0,2.34,-1.42,-0.2,0.62
893,2018-08-29,13.82,13.73,13.85,13.64,274689,425212576.0,1.51,-1.15,-0.16,0.5
894,2018-08-30,13.7,13.5,13.79,13.48,244871,375875920.0,2.26,-1.68,-0.23,0.45
895,2018-08-31,13.52,13.61,13.72,13.45,281813,431923248.0,2.0,0.81,0.11,0.52
896,2018-09-03,13.5,13.52,13.57,13.31,247660,376203632.0,1.91,-0.66,-0.09,0.45
897,2018-09-04,13.52,13.72,13.8,13.37,319846,491528272.0,3.18,1.48,0.2,0.59
898,2018-09-05,13.62,13.29,13.77,13.29,278838,426719952.0,3.5,-3.13,-0.43,0.51
899,2018-09-06,13.24,13.19,13.39,13.16,263483,395115120.0,1.73,-0.75,-0.1,0.48
900,2018-09-07,13.23,13.13,13.44,13.05,226895,340171648.0,2.96,-0.45,-0.06,0.42
901,2018-09-10,13.05,12.66,13.16,12.65,308539,448831456.0,3.88,-3.58,-0.47,0.57
902,2018-09-11,12.68,12.79,12.94,12.63,196145,285389296.0,2.45,1.03,0.13,0.36
903,2018-09-12,12.83,12.89,13.09,12.75,244342,359194592.0,2.66,0.78,0.1,0.45
904,2018-09-13,13.11,13.05,13.15,12.93,283602,418797664.0,1.71,1.24,0.16,0.52
905,2018-09-14,13.02,12.78,13.09,12.74,226666,331838592.0,2.68,-2.07,-0.27,0.42
906,2018-09-17,12.74,12.79,12.9,12.64,202713,294608144.0,2.03,0.08,0.01,0.37
907,2018-09-18,12.75,13.03,13.05,12.67,337490,495004848.0,2.97,1.88,0.24,0.62
908,2018-09-19,12.97,13.22,13.42,12.96,600884,900201216.0,3.53,1.46,0.19,1.1
909,2018-09-20,13.29,13.27,13.43,13.18,437044,659305136.0,1.89,0.38,0.05,0.8
910,2018-09-21,13.22,13.66,13.75,13.13,931942,1417434096.0,4.67,2.94,0.39,1.71
911,2018-09-25,13.45,13.4,13.53,13.33,389941,590835568.0,1.46,-1.9,-0.26,0.72
912,2018-09-26,13.49,13.58,13.85,13.35,711265,1094628656.0,3.73,1.34,0.18,1.31
913,2018-09-27,13.51,13.7,13.83,13.44,615838,950956256.0,2.87,0.88,0.12,1.13
914,2018-09-28,13.74,14.0,14.0,13.7,547253,856797600.0,2.19,2.19,0.3,1.01
915,2018-10-08,13.68,13.28,13.74,13.21,439916,670119264.0,3.79,-5.14,-0.72,0.81
916,2018-10-09,13.27,13.15,13.36,13.05,338783,506418912.0,2.33,-0.98,-0.13,0.62
917,2018-10-10,13.16,13.33,13.49,13.15,328141,494270128.0,2.59,1.37,0.18,0.6
918,2018-10-11,12.84,12.48,13.05,12.24,541272,779730432.0,6.08,-6.38,-0.85,0.99
919,2018-10-12,12.48,12.51,12.63,12.12,414056,585663136.0,4.09,0.24,0.03,0.76
920,2018-10-15,12.51,12.32,12.57,12.3,293339,415973008.0,2.16,-1.52,-0.19,0.54
921,2018-10-16,12.37,12.16,12.6,12.05,352566,497664032.0,4.46,-1.3,-0.16,0.65
922,2018-10-17,12.43,12.4,12.53,12.1,312059,439930352.0,3.54,1.97,0.24,0.57
923,2018-10-18,12.29,12.17,12.54,12.15,305983,431972768.0,3.15,-1.85,-0.23,0.56
924,2018-10-19,12.0,12.77,12.88,11.95,555643,794074224.0,7.64,4.93,0.6,1.02
925,2018-10-22,13.15,14.22,14.22,13.15,1118177,1749613728.0,8.38,11.35,1.45,2.05
926,2018-10-23,14.69,13.91,14.82,13.65,1471809,2364013200.0,8.23,-2.18,-0.31,2.7
927,2018-10-24,13.67,14.31,14.83,13.51,1227066,1975695792.0,9.49,2.88,0.4,2.25
928,2018-10-25,13.6,14.67,14.8,13.58,901739,1446997152.0,8.53,2.52,0.36,1.66
929,2018-10-26,14.67,14.03,14.67,13.93,944689,1507741680.0,5.04,-4.36,-0.64,1.74
930,2018-10-29,13.93,13.92,14.29,13.76,503067,793011808.0,3.78,-0.78,-0.11,0.92
931,2018-10-30,14.03,14.72,15.38,13.71,1219721,1999880816.0,12.0,5.75,0.8,2.24
932,2018-10-31,14.65,14.9,15.36,14.46,1055252,1760715248.0,6.11,1.22,0.18,1.94
933,2018-11-01,15.15,15.52,16.35,15.01,1341814,2346206080.0,8.99,4.16,0.62,2.46
934,2018-11-02,16.25,15.95,16.38,15.62,978373,1730385744.0,4.9,2.77,0.43,1.8
935,2018-11-05,15.78,15.65,15.92,15.31,876666,1522509472.0,3.82,-1.88,-0.3,1.61
936,2018-11-06,15.57,15.68,15.94,15.41,548910,955783888.0,3.39,0.19,0.03,1.01
937,2018-11-07,15.61,15.4,15.66,15.18,588275,1007780128.0,3.06,-1.79,-0.28,1.08
938,2018-11-08,15.55,15.05,15.58,14.99,502665,855742240.0,3.83,-2.27,-0.35,0.92
939,2018-11-09,14.91,14.98,15.21,14.9,382012,641579120.0,2.06,-0.47,-0.07,0.7
940,2018-11-12,15.04,15.39,15.53,14.89,482962,821822624.0,4.27,2.74,0.41,0.89
941,2018-11-13,15.21,15.81,16.2,15.15,739392,1287584576.0,6.82,2.73,0.42,1.36
942,2018-11-14,15.67,15.46,15.93,15.43,455126,791871424.0,3.16,-2.21,-0.35,0.84
943,2018-11-15,15.55,15.93,16.1,15.34,620079,1071312304.0,4.92,3.04,0.47,1.14
944,2018-11-16,15.9,16.12,16.61,15.79,697930,1235809776.0,5.15,1.19,0.19,1.28
945,2018-11-19,16.03,16.5,16.71,16.03,858410,1542537104.0,4.22,2.36,0.38,1.58
946,2018-11-20,16.31,15.75,16.73,15.63,851018,1490081264.0,6.67,-4.55,-0.75,1.56
947,2018-11-21,15.65,15.72,15.93,15.52,431168,740203008.0,2.6,-0.19,-0.03,0.79
948,2018-11-22,15.8,15.63,15.82,15.41,314792,536899136.0,2.61,-0.57,-0.09,0.58
949,2018-11-23,15.6,15.44,15.87,15.12,448894,756703808.0,4.8,-1.22,-0.19,0.82
950,2018-11-26,15.28,15.11,15.46,14.96,324401,539984816.0,3.24,-2.14,-0.33,0.6
951,2018-11-27,15.22,15.17,15.37,14.94,285179,473930480.0,2.85,0.4,0.06,0.52
952,2018-11-28,15.06,15.53,15.57,14.99,447553,753779376.0,3.82,2.37,0.36,0.82
953,2018-11-29,15.6,15.28,15.93,15.23,485888,831178272.0,4.51,-1.61,-0.25,0.89
954,2018-11-30,15.15,15.35,15.43,14.9,406299,673971328.0,3.47,0.46,0.07,0.75
955,2018-12-03,16.2,16.14,16.55,15.97,787753,1390258784.0,3.78,5.15,0.79,1.45
956,2018-12-04,16.06,16.6,16.6,15.98,631360,1124839072.0,3.84,2.85,0.46,1.16
957,2018-12-05,16.3,16.63,16.8,16.26,674569,1216681216.0,3.25,0.18,0.03,1.24
958,2018-12-06,16.35,15.89,16.4,15.65,692375,1207215440.0,4.51,-4.45,-0.74,1.27
959,2018-12-07,15.85,15.85,16.06,15.79,305614,530528896.0,1.7,-0.25,-0.04,0.56
960,2018-12-10,15.7,15.43,15.78,15.37,355417,603278144.0,2.59,-2.65,-0.42,0.65
961,2018-12-11,15.53,15.6,15.64,15.37,234317,397427088.0,1.75,1.1,0.17,0.43
962,2018-12-12,15.69,15.82,16.09,15.63,324212,561130624.0,2.95,1.41,0.22,0.6
963,2018-12-13,15.9,16.15,16.31,15.72,512844,899432544.0,3.73,2.09,0.33,0.94
964,2018-12-14,16.01,15.55,16.09,15.55,369391,638195360.0,3.34,-3.72,-0.6,0.68
965,2018-12-17,15.51,15.65,15.74,15.45,315107,537507504.0,1.86,0.64,0.1,0.58
966,2018-12-18,15.55,15.26,15.71,15.18,367874,620133216.0,3.39,-2.49,-0.39,0.68
967,2018-12-19,15.33,15.0,15.34,14.86,469961,775108000.0,3.15,-1.7,-0.26,0.86
968,2018-12-20,14.94,15.14,15.17,14.75,450577,742385648.0,2.8,0.93,0.14,0.83
969,2018-12-21,15.0,14.51,15.08,14.34,622185,999487552.0,4.89,-4.16,-0.63,1.14
970,2018-12-24,14.49,14.47,14.66,14.31,355537,566422656.0,2.41,-0.28,-0.04,0.65
971,2018-12-25,14.27,14.28,14.4,13.86,460399,718878224.0,3.73,-1.31,-0.19,0.85
972,2018-12-26,14.3,14.26,14.45,14.12,321912,506387520.0,2.31,-0.14,-0.02,0.59
973,2018-12-27,14.59,14.42,14.82,14.38,536167,860896304.0,3.09,1.12,0.16,0.98
974,2018-12-28,14.53,14.75,14.93,14.45,447863,725593040.0,3.33,2.29,0.33,0.82
975,2019-01-02,14.75,14.77,14.91,14.49,357570,577190384.0,2.85,0.14,0.02,0.66
976,2019-01-03,14.75,15.11,15.44,14.73,590724,982742848.0,4.81,2.3,0.34,1.09
977,2019-01-04,14.98,16.24,16.56,14.95,979382,1699085440.0,10.66,7.48,1.13,1.8
978,2019-01-07,16.32,16.23,16.55,16.05,682569,1210622752.0,3.08,-0.06,-0.01,1.25
979,2019-01-08,16.25,16.3,16.58,16.01,482338,856862128.0,3.51,0.43,0.07,0.89
980,2019-01-09,16.35,16.5,16.77,16.31,700722,1266062240.0,2.82,1.23,0.2,1.29
981,2019-01-10,16.54,16.08,16.6,16.07,451479,798250208.0,3.21,-2.55,-0.42,0.83
982,2019-01-11,16.13,16.32,16.43,16.1,271590,481193440.0,2.05,1.49,0.24,0.5
983,2019-01-14,16.36,16.43,16.65,16.36,321908,578434512.0,1.78,0.67,0.11,0.59
984,2019-01-15,16.39,16.99,17.09,16.34,645759,1183001648.0,4.56,3.41,0.56,1.19
985,2019-01-16,16.93,16.88,17.13,16.8,329623,605896480.0,1.94,-0.65,-0.11,0.61
986,2019-01-17,16.9,16.57,17.0,16.44,441169,800076224.0,3.32,-1.84,-0.31,0.81
987,2019-01-18,16.57,16.99,17.05,16.57,486355,890418496.0,2.9,2.53,0.42,0.89
988,2019-01-21,16.99,17.06,17.54,16.85,473995,884253376.0,4.06,0.41,0.07,0.87
989,2019-01-22,16.88,16.76,17.28,16.62,389974,716502816.0,3.87,-1.76,-0.3,0.72
990,2019-01-23,16.72,16.73,16.94,16.58,218171,396011056.0,2.15,-0.18,-0.03,0.4
991,2019-01-24,16.74,17.12,17.51,16.71,502618,935428656.0,4.78,2.33,0.39,0.92
992,2019-01-25,17.17,17.35,17.61,17.17,477749,900864032.0,2.57,1.34,0.23,0.88
993,2019-01-28,17.58,17.48,18.03,17.15,547925,1045743840.0,5.07,0.75,0.13,1.01
994,2019-01-29,17.23,17.69,17.79,17.05,419397,793415264.0,4.23,1.2,0.21,0.77
995,2019-01-30,17.54,17.43,17.79,17.4,262430,500488448.0,2.2,-1.47,-0.26,0.48
996,2019-01-31,17.55,17.69,17.9,17.43,429449,821423600.0,2.7,1.49,0.26,0.79
997,2019-02-01,17.89,18.29,18.29,17.89,472480,925208816.0,2.26,3.39,0.6,0.87
998,2019-02-11,18.27,18.49,18.54,18.15,353703,701610336.0,2.13,1.09,0.2,0.65
999,2019-02-12,18.48,18.35,18.62,18.17,523263,1036839536.0,2.43,-0.76,-0.14,0.96
1000,2019-02-13,18.3,18.77,18.8,18.07,762381,1521065408.0,3.98,2.29,0.42,1.4
1001,2019-02-14,18.57,18.41,18.6,18.26,542333,1078079088.0,1.81,-1.92,-0.36,1.0
1002,2019-02-15,18.33,17.45,18.35,17.4,917909,1766647936.0,5.16,-5.21,-0.96,1.69
1003,2019-02-18,17.69,18.6,18.6,17.69,1027017,2018251312.0,5.21,6.59,1.15,1.89
1004,2019-02-19,18.55,18.46,19.45,18.25,838936,1696146672.0,6.45,-0.75,-0.14,1.54
1005,2019-02-20,18.57,18.7,18.97,18.38,597087,1199881840.0,3.2,1.3,0.24,1.1
1006,2019-02-21,18.55,18.9,19.71,18.43,980305,2008082944.0,6.84,1.07,0.2,1.8
1007,2019-02-22,19.11,20.94,20.94,18.87,1388848,2967065856.0,10.95,10.79,2.04,2.55
1008,2019-02-25,22.27,23.18,23.18,21.63,1851235,4461065728.0,7.4,10.7,2.24,3.4
1009,2019-02-26,23.67,22.65,24.68,22.55,1918597,4785426176.0,9.19,-2.29,-0.53,3.52
1010,2019-02-27,22.43,22.3,23.13,21.56,1444248,3429571968.0,6.93,-1.55,-0.35,2.65
1011,2019-02-28,22.25,21.56,22.26,21.21,908517,2103322288.0,4.71,-3.32,-0.74,1.67
1012,2019-03-01,21.86,22.3,22.65,21.4,1300319,3045506768.0,5.8,3.43,0.74,2.39
1013,2019-03-04,22.5,22.31,23.75,21.8,1770118,4241059472.0,8.74,0.04,0.01,3.25
1014,2019-03-05,22.05,22.04,22.19,21.63,1222098,2846768752.0,2.51,-1.21,-0.27,2.24
1015,2019-03-06,21.99,22.95,23.88,21.7,2088778,4970059520.0,9.89,4.13,0.91,3.84
1016,2019-03-07,22.85,23.0,23.83,22.26,2770869,6752376320.0,6.84,0.22,0.05,5.09
1017,2019-03-08,21.45,20.56,22.24,20.56,2069634,4723543296.0,7.3,-10.61,-2.44,3.8
1018,2019-03-11,20.45,20.72,20.94,19.77,1443953,3154505584.0,5.69,0.78,0.16,2.65
1019,2019-03-12,20.99,21.22,21.78,20.87,1519376,3461804752.0,4.39,2.41,0.5,2.79
1020,2019-03-13,21.23,20.7,21.25,20.35,1255388,2784229152.0,4.24,-2.45,-0.52,2.31
1021,2019-03-14,20.45,20.48,21.15,20.16,878573,1943036976.0,4.78,-1.06,-0.22,1.61
1022,2019-03-15,20.77,21.07,21.45,20.66,1189100,2681744832.0,3.86,2.88,0.59,2.18
1023,2019-03-18,21.07,21.91,21.92,20.55,1257672,2879247072.0,6.5,3.99,0.84,2.31
1024,2019-03-19,21.9,21.54,22.02,21.33,867488,2006843200.0,3.15,-1.69,-0.37,1.59
1025,2019-03-20,21.45,21.65,22.02,21.3,951987,2198519888.0,3.34,0.51,0.11,1.75
1026,2019-03-21,21.62,21.82,22.42,21.32,1260306,2940303376.0,5.08,0.79,0.17,2.32
1027,2019-03-22,21.65,21.49,21.93,21.16,720892,1651704256.0,3.53,-1.51,-0.33,1.32
1028,2019-03-25,20.83,20.36,21.02,20.3,1102492,2439122544.0,3.35,-5.26,-1.13,2.03
1029,2019-03-26,20.55,19.54,20.59,19.42,1037994,2209472000.0,5.75,-4.03,-0.82,1.91
1030,2019-03-27,19.73,19.53,19.79,19.39,655217,1378078784.0,2.05,-0.05,-0.01,1.2
1031,2019-03-28,19.43,19.63,19.91,19.13,725604,1527688384.0,3.99,0.51,0.1,1.33
1032,2019-03-29,19.75,20.96,21.05,19.75,1820722,4005950944.0,6.62,6.78,1.33,3.34
1033,2019-04-01,21.0,21.3,21.78,20.77,1657573,3767187216.0,4.82,1.62,0.34,3.04
1034,2019-04-02,21.35,20.97,21.65,20.87,1236176,2806652384.0,3.66,-1.55,-0.33,2.27
1035,2019-04-03,20.8,21.87,22.05,20.69,1794440,4122567408.0,6.49,4.29,0.9,3.3
1036,2019-04-04,21.87,22.17,22.49,21.79,1424947,3363873792.0,3.2,1.37,0.3,2.62
1037,2019-04-08,22.36,21.53,22.52,21.05,1067675,2476588912.0,6.63,-2.89,-0.64,1.96
1038,2019-04-09,21.35,21.31,21.83,20.83,911260,2068447776.0,4.64,-1.02,-0.22,1.67
1039,2019-04-10,21.55,21.2,21.73,20.8,1442032,3273861872.0,4.36,-0.52,-0.11,2.65
1040,2019-04-11,20.96,20.57,21.2,20.43,893513,1980970320.0,3.63,-2.97,-0.63,1.64
1041,2019-04-12,20.55,20.66,20.87,20.45,548640,1212691712.0,2.04,0.44,0.09,1.01
1042,2019-04-15,21.2,20.17,21.25,20.08,957507,2120169808.0,5.66,-2.37,-0.49,1.76
1043,2019-04-16,19.95,20.59,20.62,19.45,1025800,2208155184.0,5.8,2.08,0.42,1.88
1044,2019-04-17,20.51,20.36,20.63,20.3,562249,1231059104.0,1.6,-1.12,-0.23,1.03
1045,2019-04-18,20.26,20.21,20.57,20.17,524705,1143780096.0,1.96,-0.74,-0.15,0.96
1046,2019-04-19,20.2,20.47,20.66,20.13,604541,1320684496.0,2.62,1.29,0.26,1.11
1047,2019-04-22,20.75,19.85,20.81,19.76,782856,1693810208.0,5.13,-3.03,-0.62,1.44
1048,2019-04-23,19.8,19.98,20.43,19.67,634369,1362300016.0,3.83,0.65,0.13,1.17
1049,2019-04-24,19.98,20.12,20.3,19.83,459342,989994192.0,2.35,0.7,0.14,0.84
1050,2019-04-25,20.11,19.74,20.42,19.68,603856,1300897488.0,3.68,-1.89,-0.38,1.11
1051,2019-04-26,19.63,19.85,20.18,19.57,599313,1280075072.0,3.09,0.56,0.11,1.1
1052,2019-04-29,19.8,19.02,19.9,18.87,782409,1617159568.0,5.19,-4.18,-0.83,1.44
1053,2019-04-30,19.02,18.95,19.23,18.75,501551,1025155408.0,2.52,-0.37,-0.07,0.92
1054,2019-05-06,17.85,16.91,18.05,16.91,1070027,2013588240.0,6.02,-10.77,-2.04,1.97
1055,2019-05-07,17.1,17.0,17.2,16.42,872301,1597325072.0,4.61,0.53,0.09,1.6
1056,2019-05-08,16.58,16.84,17.17,16.49,500305,916000576.0,4.0,-0.94,-0.16,0.92
1057,2019-05-09,16.61,16.63,16.95,16.55,593361,1078902544.0,2.38,-1.25,-0.21,1.09
1058,2019-05-10,16.9,17.54,17.68,16.35,1114655,2082530976.0,8.0,5.47,0.91,2.05
1059,2019-05-13,17.15,17.04,17.38,16.97,439782,818835552.0,2.34,-2.85,-0.5,0.81
1060,2019-05-14,16.89,16.72,17.21,16.71,486450,896156640.0,2.93,-1.88,-0.32,0.89
1061,2019-05-15,17.0,17.11,17.21,16.82,617828,1140530576.0,2.33,2.33,0.39,1.13
1062,2019-05-16,17.05,17.11,17.29,16.99,344149,638521840.0,1.75,0.0,0.0,0.63
1063,2019-05-17,17.14,16.47,17.24,16.4,525214,954500032.0,4.91,-3.74,-0.64,0.96
1064,2019-05-20,16.27,16.54,16.81,16.22,473156,848630528.0,3.58,0.43,0.07,0.87
1065,2019-05-21,16.54,17.02,17.13,16.48,531127,975875328.0,3.93,2.9,0.48,0.98
1066,2019-05-22,17.0,16.97,17.23,16.87,365717,676536528.0,2.12,-0.29,-0.05,0.67
1067,2019-05-23,16.88,17.08,17.38,16.81,492069,913288080.0,3.36,0.65,0.11,0.9
1068,2019-05-24,17.02,17.15,17.4,17.02,431514,806833840.0,2.22,0.41,0.07,0.79
1069,2019-05-27,17.25,17.79,17.95,17.09,662187,1260249952.0,5.01,3.73,0.64,1.22
1070,2019-05-28,17.69,17.85,18.0,17.57,489296,941267040.0,2.42,0.34,0.06,0.9
1071,2019-05-29,17.59,17.72,18.06,17.56,356913,686975840.0,2.8,-0.73,-0.13,0.66
1072,2019-05-30,17.61,17.25,17.63,17.08,471003,882210352.0,3.1,-2.65,-0.47,0.87
1073,2019-05-31,17.27,17.18,17.39,17.11,292887,547200944.0,1.62,-0.41,-0.07,0.54
1074,2019-06-03,17.36,17.37,17.71,17.19,455296,859829056.0,3.03,1.11,0.19,0.84
1075,2019-06-04,17.27,17.43,17.51,17.19,320843,604083408.0,1.84,0.35,0.06,0.59
1076,2019-06-05,17.85,17.51,17.93,17.48,429566,820715600.0,2.58,0.46,0.08,0.79
1077,2019-06-06,17.63,17.3,17.71,17.24,343708,650682912.0,2.68,-1.2,-0.21,0.63
1078,2019-06-10,17.3,16.94,17.38,16.47,564729,1032751744.0,5.26,-2.08,-0.36,1.04
1079,2019-06-11,16.94,17.92,18.0,16.94,771790,1471017376.0,6.26,5.79,0.98,1.42
1080,2019-06-12,17.93,17.8,17.96,17.61,564826,1086577696.0,1.95,-0.67,-0.12,1.04
1081,2019-06-13,17.79,18.01,18.25,17.7,641513,1249047344.0,3.09,1.18,0.21,1.18
1082,2019-06-14,18.01,17.83,18.25,17.77,493049,959949968.0,2.67,-1.0,-0.18,0.91
1083,2019-06-17,17.95,18.0,18.2,17.86,484397,944439792.0,1.91,0.95,0.17,0.78
1084,2019-06-18,18.14,18.0,18.15,17.77,371690,722736976.0,2.11,0.0,0.0,0.6
1085,2019-06-19,19.75,18.87,19.95,18.85,1348595,2795240192.0,6.11,4.83,0.87,2.18
1086,2019-06-20,19.05,20.83,20.9,18.91,2637554,5747894784.0,10.55,10.39,1.96,4.26
1087,2019-06-21,20.91,21.85,22.12,20.84,2870233,6594418432.0,6.14,4.9,1.02,4.63
1088,2019-06-24,22.13,21.34,22.13,21.17,1711595,3933025536.0,4.39,-2.33,-0.51,2.73
1089,2019-06-25,21.25,21.24,21.39,20.56,1525204,3432770992.0,3.89,-0.47,-0.1,2.43
1090,2019-06-26,20.57,20.62,20.94,20.41,927805,2051230704.0,2.5,-2.92,-0.62,1.48
1091,2019-06-27,20.85,20.86,21.3,20.7,980261,2201948480.0,2.91,1.16,0.24,1.56
1092,2019-06-28,20.77,20.87,21.1,20.65,573282,1277171200.0,2.16,0.05,0.01,0.91
1093,2019-07-01,21.59,21.31,21.75,21.21,1281282,2932355456.0,2.59,2.11,0.44,2.04
1094,2019-07-02,21.15,20.95,21.17,20.86,700013,1570141264.0,1.45,-1.69,-0.36,1.12
1095,2019-07-03,20.79,20.19,20.79,20.04,998587,2166498800.0,3.58,-3.63,-0.76,1.59
1096,2019-07-04,20.26,20.13,20.56,19.98,737102,1598283328.0,2.87,-0.3,-0.06,1.18
1097,2019-07-05,20.2,20.22,20.28,19.95,538554,1164459072.0,1.64,0.45,0.09,0.86
1098,2019-07-08,20.15,19.76,20.39,19.45,732285,1560607504.0,4.65,-2.27,-0.46,1.17
1099,2019-07-09,19.75,19.76,19.85,19.5,502175,1061435920.0,1.77,0.0,0.0,0.8
1100,2019-07-10,19.82,19.67,19.88,19.59,444743,941953888.0,1.47,-0.46,-0.09,0.71
1101,2019-07-11,19.8,19.26,19.94,19.07,848727,1776595936.0,4.42,-2.08,-0.41,1.35
1102,2019-07-12,19.15,19.32,19.48,18.76,706776,1456143264.0,3.74,0.31,0.06,1.13
1103,2019-07-15,19.13,19.67,20.06,18.89,819099,1716844640.0,6.06,1.81,0.35,1.31
1104,2019-07-16,19.56,19.48,19.65,19.33,442589,924968000.0,1.63,-0.97,-0.19,0.71
1105,2019-07-17,19.38,19.3,19.54,19.25,406052,846010048.0,1.49,-0.92,-0.18,0.65
1106,2019-07-18,19.19,19.03,19.33,19.0,353780,728830000.0,1.71,-1.4,-0.27,0.56
1107,2019-07-19,19.21,19.72,19.84,19.15,823608,1733777568.0,3.63,3.63,0.69,1.31
1108,2019-07-22,19.77,19.39,19.91,19.25,487008,1019436096.0,3.35,-1.67,-0.33,0.78
1109,2019-07-23,19.47,19.54,19.67,19.4,322477,676491280.0,1.39,0.77,0.15,0.51
1110,2019-07-24,19.65,19.9,20.14,19.65,754188,1613193888.0,2.51,1.84,0.36,1.2
1111,2019-07-25,19.9,20.05,20.13,19.76,467333,1001296384.0,1.86,0.75,0.15,0.75
1112,2019-07-26,19.96,19.96,20.0,19.85,345282,737911776.0,0.75,-0.45,-0.09,0.55
1113,2019-07-29,19.65,18.95,19.65,18.92,1024820,2104427024.0,3.66,-5.06,-1.01,1.63
1114,2019-07-30,18.97,18.99,19.27,18.95,524015,1075856896.0,1.69,0.21,0.04,0.84
1115,2019-07-31,18.99,18.87,19.04,18.77,330547,672311136.0,1.42,-0.63,-0.12,0.53
1116,2019-08-01,18.69,18.49,18.8,18.43,543410,1087317008.0,1.96,-2.01,-0.38,0.87
1117,2019-08-02,18.03,18.08,18.12,17.79,666449,1295095088.0,1.78,-2.22,-0.41,0.91
1118,2019-08-05,18.01,17.87,18.26,17.81,487832,948307312.0,2.49,-1.16,-0.21,0.66
1119,2019-08-06,17.53,17.67,17.96,17.1,815219,1549099328.0,4.81,-1.12,-0.2,1.11
1120,2019-08-07,17.8,17.45,17.9,17.36,434652,826717072.0,3.06,-1.25,-0.22,0.59
1121,2019-08-08,17.84,17.78,18.09,17.75,680218,1315128768.0,1.95,1.89,0.33,0.92
1122,2019-08-09,17.94,17.68,18.07,17.61,518351,1002064128.0,2.59,-0.56,-0.1,0.7
1123,2019-08-12,17.96,18.04,18.08,17.85,623152,1210975504.0,1.3,2.04,0.36,0.85
1124,2019-08-13,17.83,17.79,17.83,17.58,351736,674034016.0,1.39,-1.39,-0.25,0.48
1125,2019-08-14,18.2,17.8,18.26,17.78,416647,809204816.0,2.7,0.06,0.01,0.57
1126,2019-08-15,17.34,17.81,17.82,17.24,405263,771075344.0,3.26,0.06,0.01,0.55
1127,2019-08-16,17.88,17.91,18.13,17.77,416156,796054480.0,2.02,0.56,0.1,0.57
1128,2019-08-19,18.27,19.26,19.35,18.13,1631896,3240544912.0,6.81,7.54,1.35,2.22
1129,2019-08-20,19.07,18.88,19.28,18.81,719913,1451252528.0,2.44,-1.97,-0.38,0.98
1130,2019-08-21,18.79,18.84,18.89,18.59,513621,1020791936.0,1.59,-0.21,-0.04,0.7
1131,2019-08-22,18.86,18.74,18.89,18.62,306459,609231968.0,1.43,-0.53,-0.1,0.42
1132,2019-08-23,18.68,18.62,19.01,18.51,432173,858480272.0,2.67,-0.64,-0.12,0.59
1133,2019-08-26,18.18,18.21,18.34,18.07,495857,959920608.0,1.45,-2.2,-0.41,0.67
1134,2019-08-27,18.29,18.52,18.83,18.25,640773,1263308240.0,3.19,1.7,0.31,0.87
1135,2019-08-28,18.35,18.12,18.35,18.06,462818,893667440.0,1.57,-2.16,-0.4,0.63
1136,2019-08-29,18.18,17.85,18.2,17.8,579506,1105802592.0,2.21,-1.49,-0.27,0.79
1137,2019-08-30,18.1,17.81,18.14,17.7,453521,865106576.0,2.46,-0.22,-0.04,0.62
1138,2019-09-02,17.77,18.2,18.35,17.72,631661,1218090288.0,3.54,2.19,0.39,0.86
1139,2019-09-03,18.15,18.18,18.34,18.04,419576,810843296.0,1.65,-0.11,-0.02,0.57
1140,2019-09-04,18.23,18.59,18.69,18.06,737878,1448424192.0,3.47,2.26,0.41,1.0
1141,2019-09-05,19.16,19.03,19.83,19.02,1772717,3641212880.0,4.36,2.37,0.44,2.41
1142,2019-09-06,19.43,19.27,19.51,19.1,865407,1770025088.0,2.15,1.26,0.24,1.18
1143,2019-09-09,19.79,19.45,19.9,19.35,1015621,2104432288.0,2.85,0.93,0.18,1.38
1144,2019-09-10,19.48,19.45,19.53,19.09,859435,1758900304.0,2.26,0.0,0.0,1.17
1145,2019-09-11,19.75,19.51,19.87,19.34,1092467,2269748256.0,2.72,0.31,0.06,1.48
1146,2019-09-12,19.55,19.66,19.71,19.35,774753,1603184560.0,1.85,0.77,0.15,1.05
1147,2019-09-16,19.77,19.23,19.83,19.13,831547,1706731328.0,3.56,-2.19,-0.43,1.13
1148,2019-09-17,19.15,18.65,19.15,18.55,951962,1896336080.0,3.12,-3.02,-0.58,1.29
1149,2019-09-18,18.72,18.45,18.72,18.41,612407,1205093136.0,1.66,-1.07,-0.2,0.83
1150,2019-09-19,18.51,18.65,18.7,18.4,490764,966401904.0,1.63,1.08,0.2,0.67
1151,2019-09-20,18.63,18.52,18.63,18.28,584926,1146881664.0,1.88,-0.7,-0.13,0.79
1152,2019-09-23,18.35,18.15,18.37,17.96,677532,1303263648.0,2.21,-2.0,-0.37,0.92
1153,2019-09-24,18.21,18.18,18.4,18.07,520926,1009311840.0,1.82,0.17,0.03,0.71
1154,2019-09-25,18.0,18.03,18.22,17.97,418733,803999024.0,1.38,-0.83,-0.15,0.57
1155,2019-09-26,18.08,18.03,18.25,17.85,505244,971358816.0,2.22,0.0,0.0,0.69
1156,2019-09-27,18.01,18.18,18.18,18.01,343614,661790912.0,0.94,0.83,0.15,0.47
1157,2019-09-30,18.13,17.94,18.18,17.85,421049,804682288.0,1.82,-1.32,-0.24,0.57
1158,2019-10-08,17.85,17.7,17.92,17.65,403945,763798672.0,1.51,-1.34,-0.24,0.55
1159,2019-10-09,17.64,17.51,17.65,17.3,556294,1036614176.0,1.98,-1.07,-0.19,0.76
1160,2019-10-10,17.44,17.5,17.58,17.31,593939,1103706624.0,1.54,-0.06,-0.01,0.81
1161,2019-10-11,17.56,17.87,18.03,17.21,1052958,1981451072.0,4.69,2.11,0.37,1.43
1162,2019-10-14,18.1,17.93,18.29,17.86,920526,1769256272.0,2.41,0.34,0.06,1.25
1163,2019-10-15,17.87,17.44,17.87,17.43,604274,1131691664.0,2.45,-2.73,-0.49,0.82
1164,2019-10-16,17.54,17.29,17.68,17.26,513174,952371456.0,2.41,-0.86,-0.15,0.7
1165,2019-10-17,17.25,17.23,17.39,17.17,334790,616704800.0,1.27,-0.35,-0.06,0.46
1166,2019-10-18,17.3,17.08,17.38,17.07,364214,668170272.0,1.8,-0.87,-0.15,0.5
1167,2019-10-21,16.05,16.04,16.6,15.75,2758882,4739996672.0,4.98,-6.09,-1.04,3.75
1168,2019-10-22,16.15,16.42,16.52,16.05,1676528,2932046176.0,2.93,2.37,0.38,2.28
1169,2019-10-23,16.5,16.48,16.66,16.39,1018229,1798258160.0,1.64,0.37,0.06,1.38
1170,2019-10-24,16.63,16.44,16.72,16.36,718062,1269375072.0,2.18,-0.24,-0.04,0.98
1171,2019-10-25,16.44,16.57,16.67,16.39,642973,1137778144.0,1.7,0.79,0.13,0.87
1172,2019-10-28,16.61,16.66,16.79,16.46,760712,1351781248.0,1.99,0.54,0.09,1.03
1173,2019-10-29,16.66,16.35,16.66,16.33,619576,1089198224.0,1.98,-1.86,-0.31,0.84
1174,2019-10-30,16.29,16.17,16.43,16.08,642249,1117863360.0,2.14,-1.1,-0.18,0.87
1175,2019-10-31,16.27,16.3,16.51,16.21,533081,931213584.0,1.86,0.8,0.13,0.72
1176,2019-11-01,16.18,16.51,16.58,16.18,621252,1093369168.0,2.45,1.29,0.21,0.84
1177,2019-11-04,16.55,16.61,16.72,16.49,668859,1188309840.0,1.39,0.61,0.1,0.91
1178,2019-11-05,16.65,16.7,16.87,16.57,909053,1626452864.0,1.81,0.54,0.09,1.24
1179,2019-11-06,16.71,16.64,16.8,16.51,605043,1076398832.0,1.74,-0.36,-0.06,0.82
1180,2019-11-07,16.59,16.81,16.87,16.59,577177,1033117024.0,1.68,1.02,0.17,0.78
1181,2019-11-08,17.1,16.56,17.12,16.54,699852,1256335488.0,3.45,-1.49,-0.25,0.95
1182,2019-11-11,16.46,16.44,16.7,16.38,592485,1047554272.0,1.93,-0.72,-0.12,0.81
1183,2019-11-12,16.44,16.42,16.51,16.27,450547,791503696.0,1.46,-0.12,-0.02,0.61
1184,2019-11-13,16.38,16.17,16.41,16.11,438550,762212896.0,1.83,-1.52,-0.25,0.6
1185,2019-11-14,16.17,16.17,16.31,16.08,413573,717293680.0,1.42,0.0,0.0,0.56
1186,2019-11-15,16.2,15.96,16.25,15.95,440569,757880656.0,1.86,-1.3,-0.21,0.6
1187,2019-11-18,15.94,16.0,16.15,15.88,464023,796974160.0,1.69,0.25,0.04,0.63
1188,2019-11-19,16.0,16.07,16.1,15.95,534808,917818144.0,0.94,0.44,0.07,0.73
1189,2019-11-20,16.04,15.89,16.17,15.83,579336,993699328.0,2.12,-1.12,-0.18,0.79
1190,2019-11-21,15.79,15.88,15.94,15.75,368935,627311088.0,1.2,-0.06,-0.01,0.5
1191,2019-11-22,15.88,15.75,16.03,15.71,597459,1016823920.0,2.02,-0.82,-0.13,0.81
1192,2019-11-25,15.8,16.0,16.0,15.65,538603,915937856.0,2.22,1.59,0.25,0.73
1193,2019-11-26,16.01,15.86,16.05,15.84,510818,872615744.0,1.31,-0.88,-0.14,0.69
1194,2019-11-27,15.85,15.79,15.91,15.75,296057,502365488.0,1.01,-0.44,-0.07,0.4
1195,2019-11-28,15.85,15.82,15.88,15.75,256784,435490400.0,0.82,0.19,0.03,0.35
1196,2019-11-29,15.85,15.82,15.95,15.76,372013,632052768.0,1.2,0.0,0.0,0.51
1197,2019-12-02,16.1,16.23,16.6,16.1,1068135,1864330704.0,3.16,2.59,0.41,1.45
1198,2019-12-03,16.13,16.31,16.41,16.11,614799,1069415296.0,1.85,0.49,0.08,0.84
1199,2019-12-04,16.25,16.44,16.52,16.2,551304,966520016.0,1.96,0.8,0.13,0.75
1200,2019-12-05,16.54,16.76,16.82,16.52,980037,1750182640.0,1.82,1.95,0.32,1.33
1201,2019-12-06,16.69,16.75,16.87,16.62,754429,1349570048.0,1.49,-0.06,-0.01,1.03
1202,2019-12-09,16.79,16.79,16.89,16.67,666960,1198103120.0,1.31,0.24,0.04,0.91
1203,2019-12-10,16.75,16.74,16.79,16.51,609669,1086769632.0,1.67,-0.3,-0.05,0.83
1204,2019-12-11,16.82,16.91,16.95,16.67,638190,1148260464.0,1.67,1.02,0.17,0.87
1205,2019-12-12,16.85,16.61,16.85,16.59,474351,846265456.0,1.54,-1.77,-0.3,0.64
1206,2019-12-13,16.95,17.39,17.65,16.95,1870319,3456282624.0,4.21,4.7,0.78,2.54
1207,2019-12-16,17.45,17.98,18.13,17.41,1544623,2929627840.0,4.14,3.39,0.59,2.1
1208,2019-12-17,17.96,18.43,18.98,17.88,2096080,4112876880.0,6.12,2.5,0.45,2.85
1209,2019-12-18,18.44,18.41,18.82,18.39,1506097,2975558096.0,2.33,-0.11,-0.02,2.05
1210,2019-12-19,18.51,18.25,18.52,18.12,830894,1613627312.0,2.17,-0.87,-0.16,1.13
1211,2019-12-20,18.35,18.23,18.67,18.16,1093163,2138789296.0,2.79,-0.11,-0.02,1.49
1212,2019-12-23,18.25,17.75,18.53,17.71,980811,1890224608.0,4.5,-2.63,-0.48,1.33
1213,2019-12-24,17.8,18.09,18.19,17.62,683968,1301223120.0,3.21,1.92,0.34,0.93
1214,2019-12-25,17.99,18.06,18.31,17.81,623517,1197660464.0,2.76,-0.17,-0.03,0.85
1215,2019-12-26,18.07,18.38,18.41,17.98,638645,1234975984.0,2.38,1.77,0.32,0.87
1216,2019-12-27,18.47,18.29,18.96,18.2,1549088,3074390016.0,4.13,-0.49,-0.09,2.11
1217,2019-12-30,18.23,19.45,19.83,18.16,2515457,5106067456.0,9.13,6.34,1.16,3.42
1218,2019-12-31,19.35,19.16,19.43,18.88,1257749,2554420080.0,2.83,-1.49,-0.29,1.71
1219,2020-01-02,19.67,19.2,19.75,19.16,1591426,3278918160.0,3.08,0.21,0.04,2.16
1220,2020-01-03,18.85,19.0,19.12,18.73,1163393,2337392320.0,2.03,-1.04,-0.2,1.58
1221,2020-01-06,18.82,19.21,19.67,18.74,1205684,2456289680.0,4.89,1.11,0.21,1.64
1222,2020-01-07,19.3,19.25,19.39,19.0,790171,1606554704.0,2.03,0.21,0.04,1.07
1223,2020-01-08,19.01,18.64,19.06,18.53,1000366,1995303040.0,2.75,-3.17,-0.61,1.36
1224,2020-01-09,18.95,18.96,19.09,18.88,667773,1344398016.0,1.13,1.72,0.32,0.91
1225,2020-01-10,19.45,19.04,19.65,18.92,796843,1623918528.0,3.85,0.42,0.08,1.08
1226,2020-01-13,18.93,19.29,19.3,18.71,727225,1462976160.0,3.1,1.31,0.25,0.99
1227,2020-01-14,19.32,19.04,19.4,19.03,593240,1207533760.0,1.92,-1.3,-0.25,0.81
1228,2020-01-15,19.03,18.8,19.08,18.69,553498,1104945440.0,2.05,-1.26,-0.24,0.75
1229,2020-01-16,18.82,18.82,18.9,18.7,408381,814244304.0,1.06,0.11,0.02,0.56
1230,2020-01-17,18.82,18.69,19.01,18.66,556845,1111880128.0,1.86,-0.69,-0.13,0.76
1231,2020-01-20,18.62,18.88,18.91,18.46,609870,1212364976.0,2.41,1.02,0.19,0.83
1232,2020-01-21,18.71,18.32,18.8,18.29,834985,1644268032.0,2.7,-2.97,-0.56,1.13
1233,2020-01-22,18.25,18.41,18.6,17.75,855944,1648992256.0,4.64,0.49,0.09,1.16
1234,2020-01-23,18.16,17.79,18.32,17.7,871618,1668413872.0,3.37,-3.37,-0.62,1.18
1235,2020-02-03,15.9,15.9,16.11,15.9,875498,1493356816.0,1.18,-10.62,-1.89,1.19
1236,2020-02-04,15.61,16.13,16.34,15.61,1604213,2749685296.0,4.59,1.45,0.23,2.18
1237,2020-02-05,16.14,16.38,16.8,16.03,1117053,1960236304.0,4.77,1.55,0.25,1.52
1238,2020-02-06,16.32,16.78,16.97,16.24,996383,1768338448.0,4.46,2.44,0.4,1.35
1239,2020-02-07,16.62,16.79,16.91,16.55,786797,1406887456.0,2.15,0.06,0.01,1.07
1240,2020-02-10,16.63,17.01,17.06,16.56,804468,1452935408.0,2.98,1.31,0.22,1.09
1241,2020-02-11,17.17,17.11,17.7,17.09,817236,1511377536.0,3.59,0.59,0.1,1.11
1242,2020-02-12,17.01,17.37,17.46,16.95,786598,1448712544.0,2.98,1.52,0.26,1.07
1243,2020-02-13,17.38,17.29,17.56,17.14,713583,1320140816.0,2.42,-0.46,-0.08,0.97
1244,2020-02-14,17.16,17.54,17.79,17.16,931832,1739033536.0,3.64,1.45,0.25,1.27
1245,2020-02-17,18.25,18.6,18.63,18.06,1851719,3611039184.0,3.25,6.04,1.06,2.52
1246,2020-02-18,18.55,18.31,18.69,18.21,1046603,2044691536.0,2.58,-1.56,-0.29,1.42
1247,2020-02-19,18.2,18.29,18.7,18.18,1038549,2041325504.0,2.84,-0.11,-0.02,1.41
1248,2020-02-20,18.38,19.3,19.35,18.38,1894993,3809083952.0,5.3,5.52,1.01,2.58
1249,2020-02-21,19.25,19.21,19.65,18.87,1678146,3423420544.0,4.04,-0.47,-0.09,2.28
1250,2020-02-24,19.03,19.07,19.33,18.8,1344386,2714603376.0,2.76,-0.73,-0.14,1.83
1251,2020-02-25,18.63,18.84,18.9,18.13,1516267,2994395184.0,4.04,-1.21,-0.23,2.06
1252,2020-02-26,18.45,18.57,19.09,18.45,1248746,2487943792.0,3.4,-1.43,-0.27,1.7
1253,2020-02-27,18.65,18.67,18.97,18.58,994105,1981158672.0,2.1,0.54,0.1,1.35
1254,2020-02-28,18.14,17.4,18.3,17.33,1558626,2953119568.0,5.2,-6.8,-1.27,2.12
1255,2020-03-02,17.81,18.18,18.33,17.57,1016757,1950602144.0,4.37,4.48,0.78,1.38
1256,2020-03-03,18.57,18.47,18.84,18.23,1053932,2081715072.0,3.36,1.6,0.29,1.43
1257,2020-03-04,18.36,18.75,18.76,18.25,1180080,2320364192.0,2.76,1.52,0.28,1.6
1258,2020-03-05,18.94,19.31,19.6,18.61,1831918,3721010080.0,5.28,2.99,0.56,2.49
1259,2020-03-06,19.1,18.77,19.26,18.71,1008067,2023849872.0,2.85,-2.8,-0.54,1.37
1260,2020-03-09,18.31,17.92,18.44,17.73,1599478,3065988176.0,3.78,-4.53,-0.85,2.17
1261,2020-03-10,17.84,18.4,18.47,17.71,1166996,2252104672.0,4.24,2.68,0.48,1.59
1262,2020-03-11,18.4,17.92,18.42,17.87,741835,1429270048.0,2.99,-2.61,-0.48,1.01
1263,2020-03-12,17.66,17.62,17.85,17.51,755826,1420255344.0,1.9,-1.67,-0.3,1.03
1264,2020-03-13,16.71,17.5,17.68,16.55,943899,1717119360.0,6.41,-0.68,-0.12,1.28
1265,2020-03-16,17.53,16.5,17.57,16.5,924706,1675639824.0,6.11,-5.71,-1.0,1.26
1266,2020-03-17,16.65,16.57,16.97,16.16,741422,1314241728.0,4.91,0.42,0.07,1.01
1267,2020-03-18,16.7,16.12,16.84,16.11,638186,1128178672.0,4.41,-2.72,-0.45,0.87
1268,2020-03-19,16.13,16.25,16.35,15.68,914807,1571382224.0,4.16,0.81,0.13,1.24
1269,2020-03-20,16.36,16.31,16.43,16.07,545969,951675296.0,2.22,0.37,0.06,0.74
1270,2020-03-23,15.78,15.87,16.06,15.75,540833,921554896.0,1.9,-2.7,-0.44,0.74
1271,2020-03-24,16.18,16.11,16.25,15.73,600029,1029514992.0,3.28,1.51,0.24,0.82
1272,2020-03-25,16.5,16.38,16.54,16.23,671267,1178744688.0,1.92,1.68,0.27,0.91
1273,2020-03-26,16.25,16.17,16.38,16.16,308556,536815440.0,1.34,-1.28,-0.21,0.42
1274,2020-03-27,16.36,16.12,16.52,16.06,618391,1077092240.0,2.84,-0.31,-0.05,0.84
1275,2020-03-30,15.86,16.05,16.05,15.77,485501,826532160.0,1.74,-0.43,-0.07,0.66
1276,2020-03-31,16.36,16.08,16.43,16.08,515348,897180688.0,2.18,0.19,0.03,0.7
1277,2020-04-01,16.07,16.17,16.44,16.05,497352,867731168.0,2.43,0.56,0.09,0.68
1278,2020-04-02,16.09,16.52,16.52,16.09,563641,986990416.0,2.66,2.16,0.35,0.77
1279,2020-04-03,16.51,16.32,16.51,16.24,374464,654823328.0,1.63,-1.21,-0.2,0.51
1280,2020-04-07,16.64,16.7,16.81,16.52,735909,1310800384.0,1.78,2.33,0.38,1.0
1281,2020-04-08,16.6,16.82,16.97,16.55,590744,1058657136.0,2.51,0.72,0.12,0.8
1282,2020-04-09,16.95,17.04,17.38,16.95,803584,1474468848.0,2.56,1.31,0.22,1.09
1283,2020-04-10,17.02,16.88,17.22,16.86,510496,926816368.0,2.11,-0.94,-0.16,0.69
1284,2020-04-13,16.7,16.66,16.83,16.6,364089,649805328.0,1.36,-1.3,-0.22,0.49
1285,2020-04-14,16.67,17.03,17.29,16.67,616712,1115821296.0,3.72,2.22,0.37,0.84
1286,2020-04-15,16.96,16.86,17.15,16.81,415911,753439792.0,2.0,-1.0,-0.17,0.57
1287,2020-04-16,16.75,17.07,17.19,16.75,507114,921701088.0,2.61,1.25,0.21,0.69
1288,2020-04-17,17.14,17.0,17.19,16.95,479362,874439616.0,1.41,-0.41,-0.07,0.65
1289,2020-04-20,17.1,17.1,17.12,16.96,317005,577143664.0,0.94,0.59,0.1,0.43
1290,2020-04-21,16.96,16.7,17.04,16.65,473516,848008432.0,2.28,-2.34,-0.4,0.64
1291,2020-04-22,16.62,16.73,16.77,16.57,306984,546814336.0,1.2,0.18,0.03,0.42
1292,2020-04-23,16.73,16.56,16.74,16.55,277482,492879952.0,1.14,-1.02,-0.17,0.38
1293,2020-04-24,16.53,16.29,16.55,16.15,447942,781300624.0,2.42,-1.63,-0.27,0.61
1294,2020-04-27,16.25,16.29,16.42,16.25,320001,559020768.0,1.04,0.0,0.0,0.43
1295,2020-04-28,16.5,16.48,16.59,16.2,487471,858951568.0,2.39,1.17,0.19,0.66
1296,2020-04-29,16.4,16.49,16.58,16.39,285088,503594848.0,1.15,0.06,0.01,0.39
1297,2020-04-30,16.61,16.99,17.06,16.61,673086,1215082576.0,2.73,3.03,0.5,0.91
1298,2020-05-06,16.7,17.02,17.03,16.65,635826,1141860544.0,2.24,0.18,0.03,0.86
1299,2020-05-07,16.98,16.91,17.1,16.89,448923,813848048.0,1.23,-0.65,-0.11,0.61
1300,2020-05-08,17.04,17.17,17.32,16.92,614314,1123470544.0,2.37,1.54,0.26,0.83
1301,2020-05-11,17.17,16.94,17.26,16.86,473349,861400384.0,2.33,-1.34,-0.23,0.64
1302,2020-05-12,16.95,16.87,17.06,16.76,340048,613237824.0,1.77,-0.41,-0.07,0.46
1303,2020-05-13,16.77,16.87,16.94,16.76,277924,500148992.0,1.07,0.0,0.0,0.38
1304,2020-05-14,16.77,16.62,16.86,16.53,377585,673325152.0,1.96,-1.48,-0.25,0.51
1305,2020-05-15,16.66,16.6,16.74,16.6,259621,462337312.0,0.84,-0.12,-0.02,0.35
1306,2020-05-18,16.58,16.51,16.69,16.46,329554,584184144.0,1.39,-0.54,-0.09,0.45
1307,2020-05-19,16.7,16.64,16.78,16.59,289817,516138416.0,1.15,0.79,0.13,0.39
1308,2020-05-20,16.55,16.52,16.64,16.48,299758,530129920.0,0.96,-0.72,-0.12,0.41
1309,2020-05-21,16.6,16.43,16.62,16.37,306210,540264080.0,1.51,-0.54,-0.09,0.42
1310,2020-05-22,16.49,16.08,16.51,16.06,475434,825034160.0,2.74,-2.13,-0.35,0.65
1311,2020-05-25,16.1,16.2,16.29,16.03,277440,480920288.0,1.62,0.75,0.12,0.38
1312,2020-05-26,16.21,16.32,16.37,16.21,220518,384769392.0,0.99,0.74,0.12,0.3
1313,2020-05-27,16.32,16.17,16.42,16.13,250982,436794688.0,1.78,-0.92,-0.15,0.34
1314,2020-05-28,16.15,16.34,16.53,16.14,344620,603419488.0,2.41,1.05,0.17,0.47
1315,2020-05-29,16.27,16.13,16.41,16.13,342076,594303616.0,1.71,-1.29,-0.21,0.46
1316,2020-06-01,16.57,16.74,16.9,16.41,937338,1671083648.0,3.04,3.78,0.61,1.27
1317,2020-06-02,16.72,16.74,16.83,16.67,389872,697764416.0,0.96,0.0,0.0,0.53
1318,2020-06-03,16.85,16.63,16.9,16.62,447813,803552096.0,1.67,-0.66,-0.11,0.61
1319,2020-06-04,16.8,16.59,16.81,16.55,295547,525152816.0,1.56,-0.24,-0.04,0.4
1320,2020-06-05,16.59,16.75,16.77,16.48,360508,640500928.0,1.75,0.96,0.16,0.49
1321,2020-06-08,16.88,16.78,16.9,16.76,401398,721699456.0,0.84,0.18,0.03,0.55
1322,2020-06-09,16.84,17.05,17.17,16.78,661133,1203590208.0,2.32,1.61,0.27,0.9
1323,2020-06-10,17.01,16.99,17.06,16.91,402346,729854720.0,0.88,-0.35,-0.06,0.55
1324,2020-06-11,17.03,16.85,17.18,16.83,574036,1040474192.0,2.06,-0.82,-0.14,0.78
1325,2020-06-12,16.55,16.67,17.12,16.36,865003,1556937552.0,4.51,-1.07,-0.18,1.18
1326,2020-06-15,16.85,16.98,17.4,16.81,910954,1668672464.0,3.54,1.86,0.31,1.24
1327,2020-06-16,17.2,17.04,17.28,16.97,538649,983117008.0,1.83,0.35,0.06,0.73
1328,2020-06-17,17.1,16.98,17.1,16.86,358579,649427248.0,1.41,-0.35,-0.06,0.49
1329,2020-06-18,17.0,17.11,17.2,16.85,525320,956120768.0,2.06,0.77,0.13,0.71
1330,2020-06-19,17.12,17.68,17.85,17.07,1333792,2491602368.0,4.56,3.33,0.57,1.81
1331,2020-06-22,17.8,18.23,18.75,17.72,1460657,2844260192.0,5.83,3.11,0.55,1.99
1332,2020-06-23,18.15,18.21,18.28,17.93,686204,1321810416.0,1.92,-0.11,-0.02,0.93
1333,2020-06-24,18.28,18.31,18.57,18.16,661241,1287197392.0,2.25,0.55,0.1,0.9
1334,2020-06-29,18.08,17.41,18.08,17.25,1218496,2274751744.0,4.53,-4.92,-0.9,1.66
1335,2020-06-30,17.46,17.65,18.02,17.26,925050,1730109408.0,4.37,1.38,0.24,1.26
1336,2020-07-01,17.64,18.13,18.17,17.5,889404,1697631312.0,3.8,2.72,0.48,1.21
1337,2020-07-02,18.03,19.38,19.45,18.01,2017463,4057005232.0,7.94,6.89,1.25,2.74
1338,2020-07-03,19.73,20.96,21.05,19.38,2664572,5687657984.0,8.62,8.15,1.58,3.62
1339,2020-07-06,21.6,23.17,23.17,21.6,3077254,7336886272.0,7.49,10.54,2.21,4.18
1340,2020-07-07,23.59,22.12,23.63,21.79,3136895,7436659456.0,7.94,-4.53,-1.05,4.26
1341,2020-07-08,22.0,22.99,23.85,22.0,2831831,6764968960.0,8.36,3.93,0.87,3.85
1342,2020-07-09,22.85,22.55,23.01,22.14,2286748,5421796352.0,3.78,-1.91,-0.44,3.11
1343,2020-07-10,22.24,21.81,22.45,21.65,1579851,3669062528.0,3.55,-3.28,-0.74,2.15
1344,2020-07-13,21.62,22.34,22.83,21.61,1940999,4553884672.0,5.59,2.43,0.53,2.64
1345,2020-07-14,22.2,22.45,22.62,21.95,1432670,3364637920.0,3.0,0.49,0.11,1.95
1346,2020-07-15,22.65,21.86,22.83,21.77,1286775,3009760704.0,4.72,-2.63,-0.59,1.75
1347,2020-07-16,21.85,20.61,22.29,20.27,1553192,3459223328.0,9.24,-5.72,-1.25,2.11
1348,2020-07-17,20.79,20.15,20.93,19.86,1209796,2570412000.0,5.19,-2.23,-0.46,1.64
1349,2020-07-20,20.73,21.17,21.61,20.51,1291758,2820966256.0,5.46,5.06,1.02,1.76
1350,2020-07-21,21.33,20.9,21.35,20.75,848177,1853939872.0,2.83,-1.28,-0.27,1.15
1351,2020-07-22,20.96,21.06,21.76,20.89,1238733,2750469440.0,4.16,0.77,0.16,1.68
1352,2020-07-23,20.7,20.98,21.15,20.37,940594,2033413552.0,3.7,-0.38,-0.08,1.28
1353,2020-07-24,20.86,19.68,20.92,19.33,1269987,2664657296.0,7.58,-6.2,-1.3,1.73
1354,2020-07-27,19.8,19.6,19.87,19.31,735526,1504868080.0,2.85,-0.41,-0.08,1.0
1355,2020-07-28,19.77,19.5,19.89,19.25,701111,1427893664.0,3.27,-0.51,-0.1,0.95
1356,2020-07-29,19.45,20.15,20.25,19.31,1016412,2115850064.0,4.82,3.33,0.65,1.38
1357,2020-07-30,20.3,19.78,20.3,19.73,784623,1630222048.0,2.83,-1.84,-0.37,1.07
1358,2020-07-31,19.68,19.94,20.3,19.65,882121,1839089136.0,3.29,0.81,0.16,1.2
1359,2020-08-03,20.45,20.47,20.54,20.06,890140,1884130624.0,2.41,2.66,0.53,1.21
1360,2020-08-04,20.6,20.57,20.89,20.36,929536,1993580096.0,2.59,0.49,0.1,1.26
1361,2020-08-05,20.53,20.32,20.54,20.11,680694,1438335152.0,2.09,-1.22,-0.25,0.93
1362,2020-08-06,20.34,21.01,21.33,19.9,1154986,2458021696.0,7.04,3.4,0.69,1.57
1363,2020-08-07,20.35,20.08,20.63,19.75,1268113,2669361680.0,4.19,-4.43,-0.93,1.72
1364,2020-08-10,19.95,20.24,20.57,19.84,1072525,2260870576.0,3.64,0.8,0.16,1.46
1365,2020-08-11,20.18,19.8,20.49,19.73,836710,1758481312.0,3.75,-2.17,-0.44,1.14
1366,2020-08-12,19.81,19.85,19.96,19.48,740679,1523610320.0,2.42,0.25,0.05,1.01
1367,2020-08-13,19.86,19.78,20.05,19.66,526587,1089287808.0,1.96,-0.35,-0.07,0.72
1368,2020-08-14,19.68,20.07,20.09,19.63,552730,1144242560.0,2.33,1.47,0.29,0.75
1369,2020-08-17,20.61,20.87,21.41,20.41,1853080,4018328304.0,4.98,3.99,0.8,2.52
1370,2020-08-18,20.83,20.66,20.92,20.53,800984,1728275072.0,1.87,-1.01,-0.21,1.09
1371,2020-08-19,20.56,20.21,20.63,20.15,760468,1615538960.0,2.32,-2.18,-0.45,1.03
1372,2020-08-20,20.07,19.99,20.16,19.86,656995,1369726896.0,1.48,-1.09,-0.22,0.89
1373,2020-08-21,20.08,20.37,20.38,20.02,674004,1421083552.0,1.8,1.9,0.38,0.92
1374,2020-08-24,20.34,20.38,20.57,20.27,531290,1130315616.0,1.47,0.05,0.01,0.72
1375,2020-08-25,20.39,20.29,20.61,20.23,503930,1071907264.0,1.86,-0.44,-0.09,0.68
1376,2020-08-26,20.24,19.76,20.36,19.74,694275,1445548784.0,3.06,-2.61,-0.53,0.94
1377,2020-08-27,20.04,20.12,20.23,19.93,744563,1559369904.0,1.52,1.82,0.36,1.01
1378,2020-08-28,20.13,20.85,20.99,20.11,1461808,3145487472.0,4.37,3.63,0.73,1.99
1379,2020-08-31,21.15,20.56,21.53,20.55,1563792,3439633056.0,4.7,-1.39,-0.29,2.13
1380,2020-09-01,20.51,20.99,20.99,20.47,903292,1954783136.0,2.53,2.09,0.43,1.23
1381,2020-09-02,21.08,20.75,21.17,20.57,963263,2090748352.0,2.86,-1.14,-0.24,1.31
1382,2020-09-03,20.77,20.52,21.05,20.47,792879,1708667808.0,2.8,-1.11,-0.23,1.08
1383,2020-09-04,20.21,20.42,20.45,20.15,550459,1164691712.0,1.46,-0.49,-0.1,0.75
1384,2020-09-07,20.4,19.88,20.52,19.88,691682,1458773712.0,3.13,-2.64,-0.54,0.94
1385,2020-09-08,19.9,20.23,20.34,19.79,576041,1204350160.0,2.77,1.76,0.35,0.78
1386,2020-09-09,19.98,19.84,20.15,19.79,510326,1062706752.0,1.78,-1.93,-0.39,0.69
1387,2020-09-10,19.99,19.49,20.06,19.47,507831,1047226592.0,2.97,-1.76,-0.35,0.69
1388,2020-09-11,19.37,19.44,19.54,19.2,418192,847324944.0,1.74,-0.26,-0.05,0.57
1389,2020-09-14,19.45,19.42,19.52,19.31,334797,678283424.0,1.08,-0.1,-0.02,0.46
1390,2020-09-15,19.46,19.58,19.6,19.35,312821,636113520.0,1.29,0.82,0.16,0.43
1391,2020-09-16,19.58,19.59,19.78,19.44,354900,726354880.0,1.74,0.05,0.01,0.48
1392,2020-09-17,19.5,19.57,19.72,19.39,397743,811457936.0,1.68,-0.1,-0.02,0.54
1393,2020-09-18,19.51,20.32,20.43,19.4,1024217,2134761072.0,5.26,3.83,0.75,1.39
1394,2020-09-21,20.75,20.15,20.83,20.13,791010,1680942384.0,3.44,-0.84,-0.17,1.08
1395,2020-09-22,19.96,19.96,20.56,19.87,620334,1305108160.0,3.42,-0.94,-0.19,0.84
1396,2020-09-23,19.97,19.93,20.15,19.87,363744,757172416.0,1.4,-0.15,-0.03,0.49
1397,2020-09-24,19.88,19.76,20.0,19.76,458535,949312256.0,1.2,-0.85,-0.17,0.62
1398,2020-09-25,19.8,20.02,20.15,19.7,437374,909445744.0,2.28,1.32,0.26,0.59
1399,2020-09-28,20.02,19.96,20.12,19.91,372686,777791184.0,1.05,-0.3,-0.06,0.51
1400,2020-09-29,20.07,19.87,20.1,19.85,417544,869679680.0,1.25,-0.45,-0.09,0.57
1401,2020-09-30,19.87,19.68,19.98,19.58,410590,846577856.0,2.01,-0.96,-0.19,0.56
1402,2020-10-09,19.94,20.12,20.22,19.91,426369,892886096.0,1.58,2.24,0.44,0.58
1403,2020-10-12,20.3,20.77,20.83,20.28,882917,1897084224.0,2.73,3.23,0.65,1.2
1404,2020-10-13,20.63,20.6,20.7,20.45,489978,1049165040.0,1.2,-0.82,-0.17,0.67
1405,2020-10-14,20.59,20.44,20.59,20.35,363700,773991264.0,1.17,-0.78,-0.16,0.49
1406,2020-10-15,20.44,20.53,20.7,20.36,411691,881626544.0,1.66,0.44,0.09,0.56
1407,2020-10-16,20.58,20.52,20.68,20.37,431246,920204032.0,1.51,-0.05,-0.01,0.59
1408,2020-10-19,20.59,20.37,20.83,20.34,501744,1076013152.0,2.39,-0.73,-0.15,0.68
1409,2020-10-20,20.29,20.33,20.42,20.11,310220,654730496.0,1.52,-0.2,-0.04,0.42
1410,2020-10-21,20.34,20.23,20.37,20.15,282820,596123136.0,1.08,-0.49,-0.1,0.38
1411,2020-10-22,20.23,20.43,20.55,20.18,327414,694221040.0,1.83,0.99,0.2,0.45
1412,2020-10-23,20.39,20.31,20.6,20.29,378562,806178000.0,1.52,-0.59,-0.12,0.51
1413,2020-10-26,20.23,19.66,20.28,19.44,543357,1122346640.0,4.14,-3.2,-0.65,0.74
1414,2020-10-27,19.6,19.55,19.67,19.5,400046,816434880.0,0.86,-0.56,-0.11,0.54
1415,2020-10-28,19.55,19.68,19.75,19.36,397766,812806000.0,1.99,0.66,0.13,0.54
1416,2020-10-29,19.41,19.84,20.1,19.39,487595,1003625712.0,3.61,0.81,0.16,0.66
1417,2020-10-30,19.83,19.51,20.02,19.41,502902,1034684784.0,3.07,-1.66,-0.33,0.68
1418,2020-11-02,19.36,18.53,19.73,18.3,1182232,2331205216.0,7.33,-5.02,-0.98,1.61
1419,2020-11-03,18.54,18.79,19.01,18.41,813940,1592378400.0,3.24,1.4,0.26,1.11
1420,2020-11-04,18.69,18.39,18.71,18.27,695915,1342073648.0,2.34,-2.13,-0.4,0.95
1421,2020-11-05,18.6,18.54,18.71,18.34,838106,1621782848.0,2.01,0.82,0.15,1.14
1422,2020-11-06,18.56,18.37,18.65,18.28,910186,1757280528.0,2.0,-0.92,-0.17,1.24
1423,2020-11-09,18.48,19.11,19.29,18.48,1127463,2228952784.0,4.41,4.03,0.74,1.53
1424,2020-11-10,19.19,18.81,19.23,18.7,726328,1441566432.0,2.77,-1.57,-0.3,0.99
1425,2020-11-11,18.73,18.44,18.81,18.41,665564,1290829072.0,2.13,-1.97,-0.37,0.9
1426,2020-11-12,18.42,18.27,18.49,18.25,621691,1191451312.0,1.3,-0.92,-0.17,0.84
1427,2020-11-13,18.19,17.8,18.19,17.65,992316,1854246944.0,2.96,-2.57,-0.47,1.35
1428,2020-11-16,17.88,17.79,17.92,17.63,772924,1438283312.0,1.63,-0.06,-0.01,1.05
1429,2020-11-17,17.78,17.75,17.83,17.62,599766,1112464448.0,1.18,-0.22,-0.04,0.82
1430,2020-11-18,17.82,17.89,18.09,17.76,825890,1551800656.0,1.86,0.79,0.14,1.12
1431,2020-11-19,17.79,17.97,18.03,17.57,590930,1102864912.0,2.57,0.45,0.08,0.8
1432,2020-11-20,17.97,17.94,18.02,17.81,505206,947608864.0,1.17,-0.17,-0.03,0.69
1433,2020-11-23,17.84,18.21,18.52,17.82,1245957,2376282352.0,3.9,1.51,0.27,1.69
1434,2020-11-24,18.21,18.23,18.46,18.16,647650,1239615104.0,1.65,0.11,0.02,0.88
1435,2020-11-25,18.36,18.15,18.52,18.14,588325,1128430512.0,2.08,-0.44,-0.08,0.8
1436,2020-11-26,18.06,18.07,18.2,17.95,505024,955495984.0,1.38,-0.44,-0.08,0.69
1437,2020-11-27,18.1,18.45,18.49,18.05,649219,1239537056.0,2.43,2.1,0.38,0.88
1438,2020-11-30,18.6,18.45,19.02,18.42,1593917,3129606464.0,3.25,0.0,0.0,2.17
1439,2020-12-01,18.39,18.94,19.04,18.3,1203075,2352144976.0,4.01,2.66,0.49,1.64
1440,2020-12-02,18.88,18.87,19.12,18.77,816975,1614024000.0,1.85,-0.37,-0.07,1.11
1441,2020-12-03,18.83,18.78,18.94,18.71,556871,1094680272.0,1.22,-0.48,-0.09,0.76
1442,2020-12-04,18.8,18.58,18.8,18.43,578295,1122747744.0,1.97,-1.06,-0.2,0.79
1443,2020-12-07,18.6,18.35,18.61,18.31,474165,914033472.0,1.61,-1.24,-0.23,0.64
1444,2020-12-08,18.26,18.29,18.5,18.24,393831,755927328.0,1.42,-0.33,-0.06,0.54
1445,2020-12-09,18.33,17.83,18.43,17.83,603216,1146704560.0,3.28,-2.52,-0.46,0.82
1446,2020-12-10,17.75,17.74,17.95,17.65,471550,879962544.0,1.68,-0.5,-0.09,0.64
1447,2020-12-11,17.82,17.48,17.82,17.31,672782,1237165248.0,2.87,-1.47,-0.26,0.91
1448,2020-12-14,17.48,17.43,17.52,17.27,442549,806277536.0,1.43,-0.29,-0.05,0.6
1449,2020-12-15,17.41,17.5,17.58,17.26,389276,710342032.0,1.84,0.4,0.07,0.53
1450,2020-12-16,17.54,17.38,17.59,17.35,318795,583634640.0,1.37,-0.69,-0.12,0.43
1451,2020-12-17,17.33,17.66,17.69,17.23,666842,1221737824.0,2.65,1.61,0.28,0.91
1452,2020-12-18,17.65,17.35,17.69,17.31,558940,1023073888.0,2.15,-1.76,-0.31,0.76
1453,2020-12-21,17.35,17.36,17.52,17.22,564235,1027240224.0,1.73,0.06,0.01,0.77
1454,2020-12-22,17.36,16.77,17.36,16.75,872766,1564722272.0,3.51,-3.4,-0.59,1.19
1455,2020-12-23,16.78,16.93,17.01,16.76,460117,814760144.0,1.49,0.95,0.16,0.63
1456,2020-12-24,16.86,16.81,17.04,16.76,488460,865913856.0,1.65,-0.71,-0.12,0.66
1457,2020-12-25,16.81,16.79,17.0,16.66,613015,1083997040.0,2.02,-0.12,-0.02,0.83
1458,2020-12-28,16.75,16.54,16.88,16.46,674174,1181066480.0,2.5,-1.49,-0.25,0.92
1459,2020-12-29,16.63,16.55,16.87,16.54,643286,1126740944.0,2.0,0.06,0.01,0.87
1460,2020-12-30,16.54,16.66,16.74,16.5,772371,1347882144.0,1.45,0.66,0.11,1.05
1461,2020-12-31,16.76,17.16,17.37,16.76,1480287,2656407232.0,3.66,3.0,0.5,2.01
1462,2021-01-04,17.33,17.19,17.35,16.92,1000199,1802525696.0,2.51,0.17,0.03,1.36
1463,2021-01-05,17.15,17.23,17.32,16.94,973241,1749639216.0,2.21,0.23,0.04,1.32
1464,2021-01-06,17.31,17.41,17.63,17.25,1103116,2016173392.0,2.21,1.04,0.18,1.5
1465,2021-01-07,17.48,17.46,17.65,17.06,1081851,1973405488.0,3.39,0.29,0.05,1.47
1466,2021-01-08,17.51,17.57,17.72,17.36,1023418,1881167680.0,2.06,0.63,0.11,1.39
1467,2021-01-11,17.79,17.29,17.94,17.27,1149307,2125560496.0,3.81,-1.59,-0.28,1.56
1468,2021-01-12,17.2,18.69,19.04,17.15,2467099,4700478208.0,10.93,8.1,1.4,3.35
1469,2021-01-13,18.74,18.33,18.98,17.92,2077092,4035644848.0,5.67,-1.93,-0.36,2.82
1470,2021-01-14,18.22,18.11,18.37,17.95,1063984,2020924512.0,2.29,-1.2,-0.22,1.45
1471,2021-01-15,18.03,18.0,18.53,17.95,968951,1845024176.0,3.2,-0.61,-0.11,1.32
1472,2021-01-18,17.93,18.19,18.47,17.83,860492,1640019328.0,3.56,1.06,0.19,1.17
1473,2021-01-19,18.18,18.29,18.67,18.07,1048702,2013727072.0,3.3,0.55,0.1,1.43
1474,2021-01-20,18.3,18.27,18.54,18.2,778198,1492016128.0,1.86,-0.11,-0.02,1.06
1475,2021-01-21,18.36,18.45,18.81,18.26,1110425,2147029472.0,3.01,0.99,0.18,1.51
1476,2021-01-22,18.45,18.0,18.45,17.87,927834,1757591872.0,3.14,-2.44,-0.45,1.26
1477,2021-01-25,17.89,17.82,18.03,17.68,829571,1549227920.0,1.94,-1.0,-0.18,1.13
1478,2021-01-26,17.77,17.1,17.93,17.01,1019826,1858963840.0,5.16,-4.04,-0.72,1.39
1479,2021-01-27,17.14,16.99,17.4,16.9,706208,1269677648.0,2.92,-0.64,-0.11,0.96
1480,2021-01-28,16.85,16.85,17.06,16.78,703312,1247624272.0,1.65,-0.82,-0.14,0.96
1481,2021-01-29,16.89,16.54,16.99,16.38,979187,1711663520.0,3.62,-1.84,-0.31,1.33
1482,2021-02-01,16.47,16.58,16.62,16.28,543569,942909360.0,2.06,0.24,0.04,0.74
1483,2021-02-02,16.56,16.61,16.68,16.4,529751,921751120.0,1.69,0.18,0.03,0.72
1484,2021-02-03,16.65,16.54,16.75,16.46,522722,911903312.0,1.75,-0.42,-0.07,0.71
1485,2021-02-04,16.52,16.04,16.52,15.82,964922,1636828064.0,4.23,-3.02,-0.5,1.31
1486,2021-02-05,16.04,15.98,16.18,15.85,593241,1000050624.0,2.06,-0.37,-0.06,0.81
1487,2021-02-08,15.98,16.05,16.24,15.88,444072,751421568.0,2.25,0.44,0.07,0.6
1488,2021-02-09,16.05,16.46,16.5,15.99,712838,1221107488.0,3.18,2.55,0.41,0.97
1489,2021-02-10,16.45,16.44,16.56,16.27,555078,958227696.0,1.76,-0.12,-0.02,0.75
1490,2021-02-18,16.66,16.56,16.83,16.52,719688,1259578640.0,1.89,0.73,0.12,0.98
1491,2021-02-19,16.53,16.93,17.03,16.46,732735,1287406544.0,3.44,2.23,0.37,1.0
1492,2021-02-22,17.07,16.7,17.14,16.64,903355,1606535408.0,2.95,-1.36,-0.23,1.23
1493,2021-02-23,16.63,16.51,16.8,16.46,592479,1036802864.0,2.04,-1.14,-0.19,0.81
1494,2021-02-24,16.53,16.53,16.7,16.3,666393,1158134992.0,2.42,0.12,0.02,0.91
1495,2021-02-25,16.59,16.63,16.82,16.45,784785,1372329840.0,2.24,0.6,0.1,1.07
1496,2021-02-26,16.35,16.32,16.5,16.26,643812,1108379200.0,1.44,-1.86,-0.31,0.88
1497,2021-03-01,16.34,16.22,16.4,16.11,560043,955299424.0,1.78,-0.61,-0.1,0.76
1498,2021-03-02,16.29,16.12,16.35,16.1,511483,871792592.0,1.54,-0.62,-0.1,0.7
1499,2021-03-03,16.1,16.39,16.4,16.08,553318,947504400.0,1.99,1.67,0.27,0.75
1500,2021-03-04,16.26,16.08,16.33,16.06,608670,1036386720.0,1.65,-1.89,-0.31,0.83
1501,2021-03-05,15.98,16.41,16.48,15.96,755931,1297590368.0,3.23,2.05,0.33,1.03
1502,2021-03-08,16.56,16.31,16.72,16.28,674138,1170887200.0,2.68,-0.61,-0.1,0.92
1503,2021-03-09,16.27,16.13,16.42,15.98,642552,1097492752.0,2.7,-1.1,-0.18,0.87
1504,2021-03-10,16.25,16.04,16.29,15.97,486479,823517856.0,1.98,-0.56,-0.09,0.66
1505,2021-03-11,16.05,16.21,16.26,16.01,419065,712846832.0,1.56,1.06,0.17,0.57
1506,2021-03-12,16.22,16.16,16.37,16.03,535938,911260848.0,2.1,-0.31,-0.05,0.73
1507,2021-03-15,16.05,15.93,16.05,15.86,487966,820016640.0,1.18,-1.42,-0.23,0.66
1508,2021-03-16,15.95,15.91,16.01,15.86,408391,684788320.0,0.94,-0.13,-0.02,0.56
1509,2021-03-17,15.91,15.93,15.98,15.86,401418,673066176.0,0.75,0.13,0.02,0.55
1510,2021-03-18,15.99,15.99,16.04,15.93,384067,646737760.0,0.69,0.38,0.06,0.52
1511,2021-03-19,15.93,15.8,15.95,15.76,551780,921742384.0,1.19,-1.19,-0.19,0.75
1512,2021-03-22,15.85,16.14,16.18,15.81,602883,1018171024.0,2.34,2.15,0.34,0.82
1513,2021-03-23,16.14,16.33,16.42,16.01,602261,1027843888.0,2.54,1.18,0.19,0.82
1514,2021-03-24,16.16,16.29,16.63,16.16,796106,1372571168.0,2.88,-0.24,-0.04,1.08
1515,2021-03-25,16.21,16.31,16.47,16.16,467328,804135696.0,1.9,0.12,0.02,0.64
1516,2021-03-26,16.36,16.33,16.49,16.25,391469,673651792.0,1.47,0.12,0.02,0.53
1517,2021-03-29,16.34,16.39,16.48,16.18,434419,747232320.0,1.84,0.37,0.06,0.59
1518,2021-03-30,16.32,16.43,16.43,16.29,344840,593251312.0,0.85,0.24,0.04,0.47
1519,2021-03-31,16.34,16.11,16.37,16.04,422530,718611872.0,2.01,-1.95,-0.32,0.57
1520,2021-04-01,16.13,16.19,16.22,16.06,290608,493657504.0,0.99,0.5,0.08,0.39
1521,2021-04-02,16.25,16.11,16.27,16.05,371146,630786160.0,1.36,-0.49,-0.08,0.5
1522,2021-04-06,16.15,16.11,16.21,16.1,226537,384808544.0,0.68,0.0,0.0,0.31
1523,2021-04-07,16.1,16.07,16.18,16.01,309577,524090720.0,1.06,-0.25,-0.04,0.42
1524,2021-04-08,16.0,16.02,16.18,16.0,423982,717519936.0,1.12,-0.31,-0.05,0.58
1525,2021-04-09,16.01,15.94,16.06,15.9,302240,507779840.0,1.0,-0.5,-0.08,0.41
1526,2021-04-12,15.88,15.79,15.97,15.77,353822,591405488.0,1.25,-0.94,-0.15,0.48
1527,2021-04-13,15.79,15.76,15.83,15.65,341123,565802976.0,1.14,-0.19,-0.03,0.47
1528,2021-04-14,15.73,15.92,15.96,15.71,265891,444446800.0,1.59,1.02,0.16,0.36
1529,2021-04-15,15.91,15.85,15.91,15.76,241289,402068336.0,0.94,-0.44,-0.07,0.33
1530,2021-04-16,15.9,15.94,15.97,15.85,226655,380249424.0,0.76,0.57,0.09,0.31
1531,2021-04-19,15.87,16.21,16.25,15.87,578915,981607664.0,2.38,1.69,0.27,0.79
1532,2021-04-20,16.14,16.09,16.25,16.01,337384,572320928.0,1.48,-0.74,-0.12,0.46
1533,2021-04-21,16.02,15.98,16.05,15.96,205984,346902352.0,0.56,-0.68,-0.11,0.28
1534,2021-04-22,16.03,15.95,16.07,15.93,256900,432531568.0,0.88,-0.19,-0.03,0.35
1535,2021-04-23,15.93,15.86,15.94,15.75,319697,533198640.0,1.19,-0.56,-0.09,0.44
1536,2021-04-26,15.85,15.56,15.91,15.5,652201,1080553312.0,2.59,-1.89,-0.3,0.89
1537,2021-04-27,15.55,15.11,15.55,15.08,787059,1263835248.0,3.02,-2.89,-0.45,1.08
1538,2021-04-28,15.11,14.67,15.11,14.53,853375,1334209392.0,3.84,-2.91,-0.44,1.17
1539,2021-04-29,14.72,15.18,15.3,14.65,844263,1346889536.0,4.43,3.48,0.51,1.15
1540,2021-04-30,15.14,15.07,15.21,15.0,408509,651167088.0,1.38,-0.72,-0.11,0.56
1541,2021-05-06,15.13,15.0,15.29,14.99,357012,571228416.0,1.99,-0.46,-0.07,0.49
1542,2021-05-07,15.01,14.99,15.13,14.98,331554,527074080.0,1.0,-0.07,-0.01,0.45
1543,2021-05-10,14.99,14.94,15.11,14.77,355968,562839808.0,2.27,-0.33,-0.05,0.49
1544,2021-05-11,14.83,15.08,15.19,14.78,373572,591080384.0,2.74,0.94,0.14,0.51
1545,2021-05-12,15.02,15.08,15.17,14.98,301512,480201360.0,1.26,0.0,0.0,0.41
1546,2021-05-13,15.0,14.99,15.16,14.93,302853,480853600.0,1.53,-0.6,-0.09,0.41
1547,2021-05-14,15.01,15.74,15.85,15.01,1298859,2123979792.0,5.6,5.0,0.75,1.78
1548,2021-05-17,15.54,15.43,15.64,15.33,669198,1092312656.0,1.97,-1.97,-0.31,0.92
1549,2021-05-18,15.43,15.46,15.6,15.35,346850,566721728.0,1.62,0.19,0.03,0.47
1550,2021-05-19,15.46,15.31,15.5,15.28,343865,557618848.0,1.42,-0.97,-0.15,0.47
1551,2021-05-20,15.35,15.42,15.57,15.26,408369,664254576.0,2.02,0.72,0.11,0.56
1552,2021-05-21,15.43,15.29,15.55,15.25,319099,517231376.0,1.95,-0.84,-0.13,0.44
1553,2021-05-24,15.33,15.48,15.69,15.33,586635,961723344.0,2.35,1.24,0.19,0.8
1554,2021-05-25,15.48,15.96,16.06,15.44,1383566,2318280592.0,4.01,3.1,0.48,1.89
1555,2021-05-26,16.06,15.93,16.33,15.88,1248549,2115218144.0,2.82,-0.19,-0.03,1.71
1556,2021-05-27,15.97,15.98,16.2,15.9,604792,1019383728.0,1.88,0.31,0.05,0.83
1557,2021-05-28,15.92,16.27,16.41,15.88,1096912,1867186640.0,3.32,1.81,0.29,1.5
1558,2021-05-31,16.4,16.32,16.47,16.21,752981,1291544464.0,1.6,0.31,0.05,1.03
1559,2021-06-01,16.2,16.02,16.23,15.88,642343,1084055072.0,2.14,-1.84,-0.3,0.88
1560,2021-06-02,16.08,15.75,16.14,15.68,547885,915414336.0,2.87,-1.69,-0.27,0.75
1561,2021-06-03,15.75,15.67,15.92,15.64,455941,758380432.0,1.78,-0.51,-0.08,0.62
1562,2021-06-04,15.61,15.76,16.1,15.57,744291,1236774464.0,3.38,0.57,0.09,1.02
1563,2021-06-07,15.74,15.78,15.89,15.64,419117,697120640.0,1.59,0.13,0.02,0.57
1564,2021-06-08,15.75,15.79,15.93,15.7,464569,773327152.0,1.46,0.06,0.01,0.64
1565,2021-06-09,15.79,15.46,15.86,15.43,602635,990973824.0,2.72,-2.09,-0.33,0.82
1566,2021-06-10,15.46,15.34,15.57,15.33,581125,946626592.0,1.55,-0.78,-0.12,0.79
1567,2021-06-11,15.38,15.18,15.39,14.95,964292,1541445472.0,2.87,-1.04,-0.16,1.32
1568,2021-06-15,15.08,14.9,15.1,14.87,518900,819428256.0,1.52,-1.84,-0.28,0.71
1569,2021-06-16,14.94,14.93,15.04,14.83,392601,619706976.0,1.41,0.2,0.03,0.54
1570,2021-06-17,14.96,14.86,15.02,14.76,554471,872076656.0,1.74,-0.47,-0.07,0.76
1571,2021-06-18,14.85,14.99,15.02,14.81,491735,776770400.0,1.41,0.87,0.13,0.67
1572,2021-06-21,14.96,15.0,15.12,14.91,414987,657737520.0,1.4,0.07,0.01,0.57
1573,2021-06-22,15.03,14.99,15.1,14.92,484171,766386448.0,1.2,-0.07,-0.01,0.66
1574,2021-06-23,14.99,14.93,15.0,14.83,496180,781547488.0,1.13,-0.4,-0.06,0.68
1575,2021-06-24,14.95,14.96,15.05,14.87,437951,693070080.0,1.21,0.2,0.03,0.6
1576,2021-06-25,15.02,15.2,15.31,14.96,890000,1426284256.0,2.34,1.6,0.24,1.22
1577,2021-06-28,15.26,15.05,15.29,14.97,521417,831073408.0,2.11,-0.99,-0.15,0.71
1578,2021-06-29,15.07,14.9,15.09,14.89,446095,705452032.0,1.33,-1.0,-0.15,0.61
1579,2021-06-30,14.91,14.95,15.0,14.82,422617,665555632.0,1.21,0.34,0.05,0.58
1580,2021-07-01,15.06,15.03,15.17,14.87,691012,1095995696.0,2.01,0.54,0.08,0.95
1581,2021-07-02,14.88,14.7,14.9,14.66,579568,903541680.0,1.6,-2.2,-0.33,0.79
1582,2021-07-05,14.68,14.63,14.72,14.56,389928,603412720.0,1.09,-0.48,-0.07,0.53
1583,2021-07-06,14.63,14.66,14.78,14.58,381836,591458720.0,1.37,0.21,0.03,0.52
1584,2021-07-07,14.6,14.66,14.7,14.56,362473,561188656.0,0.95,0.0,0.0,0.5
1585,2021-07-08,14.76,14.59,14.78,14.57,369159,571674384.0,1.43,-0.48,-0.07,0.5
1586,2021-07-09,14.57,14.59,14.63,14.51,378290,583520256.0,0.82,0.0,0.0,0.52
1587,2021-07-12,14.73,14.72,14.84,14.65,675063,1053363040.0,1.3,0.89,0.13,0.92
1588,2021-07-13,14.73,14.71,14.74,14.61,403254,626294816.0,0.88,-0.07,-0.01,0.55
1589,2021-07-14,14.74,14.54,14.75,14.5,520853,802301776.0,1.7,-1.16,-0.17,0.71
1590,2021-07-15,14.52,14.6,14.65,14.45,470597,725843664.0,1.38,0.41,0.06,0.64
1591,2021-07-16,14.63,14.64,14.77,14.55,508467,788001712.0,1.51,0.27,0.04,0.7
1592,2021-07-19,14.62,14.59,14.62,14.46,364438,560647344.0,1.09,-0.34,-0.05,0.5
1593,2021-07-20,14.5,14.55,14.6,14.49,290969,447543472.0,0.75,-0.27,-0.04,0.4
1594,2021-07-21,14.56,14.59,14.73,14.54,419021,648545968.0,1.31,0.27,0.04,0.57
1595,2021-07-22,14.65,14.75,14.82,14.59,587450,915384192.0,1.58,1.1,0.16,0.8
1596,2021-07-23,14.74,14.79,15.11,14.58,956613,1500007408.0,3.59,0.27,0.04,1.31
1597,2021-07-26,14.78,14.52,14.85,14.45,800469,1239299376.0,2.7,-1.83,-0.27,1.09
1598,2021-07-27,14.53,13.84,14.58,13.76,983333,1476950384.0,5.65,-4.68,-0.68,1.34
1599,2021-07-28,13.88,13.73,13.99,13.66,561466,825384400.0,2.38,-0.79,-0.11,0.77
1600,2021-07-29,13.88,13.8,13.91,13.68,487061,712866384.0,1.68,0.51,0.07,0.67
1601,2021-07-30,13.75,13.59,13.76,13.56,421637,610197056.0,1.45,-1.52,-0.21,0.58
1602,2021-08-02,13.57,14.06,14.27,13.36,910840,1342846320.0,6.7,3.46,0.47,1.25
1603,2021-08-03,13.96,14.09,14.31,13.89,595553,889634704.0,2.99,0.21,0.03,0.81
1604,2021-08-04,14.0,14.08,14.14,13.96,343816,512081408.0,1.28,-0.07,-0.01,0.47
1605,2021-08-05,14.01,13.99,14.2,13.94,358090,532963392.0,1.85,-0.64,-0.09,0.49
1606,2021-08-06,14.03,13.84,14.05,13.77,516416,739568752.0,2.0,-1.07,-0.15,0.71
1607,2021-08-09,13.78,14.15,14.28,13.77,665528,970424272.0,3.68,2.24,0.31,0.91
1608,2021-08-10,14.15,14.38,14.4,14.08,526612,774485632.0,2.26,1.63,0.23,0.72
1609,2021-08-11,14.38,14.39,14.52,14.32,524097,779729664.0,1.39,0.07,0.01,0.72
1610,2021-08-12,14.32,14.3,14.45,14.26,332355,491549328.0,1.32,-0.63,-0.09,0.45
1611,2021-08-13,14.26,14.26,14.4,14.2,434055,638757328.0,1.4,-0.28,-0.04,0.59
1612,2021-08-16,14.35,14.4,14.52,14.32,613065,912842944.0,1.4,0.98,0.14,0.84
1613,2021-08-17,14.4,14.4,14.87,14.37,1146275,1730205888.0,3.47,0.0,0.0,1.57
1614,2021-08-18,14.4,15.66,15.74,14.37,3021356,4744324864.0,9.51,8.75,1.26,4.13
1615,2021-08-19,15.62,15.68,16.43,15.48,3647745,5985609728.0,6.07,0.13,0.02,4.99
1616,2021-08-20,15.59,15.85,16.03,15.45,1899314,3081471536.0,3.7,1.08,0.17,2.6
1617,2021-08-23,16.0,15.63,16.29,15.59,1631349,2657658128.0,4.42,-1.39,-0.22,2.23
1618,2021-08-24,15.56,16.14,16.43,15.36,2383153,3910962224.0,6.85,3.26,0.51,3.26
1619,2021-08-25,15.93,15.97,16.26,15.87,1282544,2110773040.0,2.42,-1.05,-0.17,1.75
1620,2021-08-26,15.97,15.51,15.99,15.51,1234834,1989085504.0,3.01,-2.88,-0.46,1.69
1621,2021-08-27,15.52,15.34,15.74,15.29,995341,1583008064.0,2.9,-1.1,-0.17,1.36
1622,2021-08-30,15.64,15.5,15.7,15.32,1132741,1808262464.0,2.48,1.04,0.16,1.55
1623,2021-08-31,15.51,15.93,16.2,15.28,1655124,2686944800.0,5.94,2.77,0.43,2.26
1624,2021-09-01,15.87,16.56,16.97,15.83,2830595,4793562368.0,7.16,3.95,0.63,3.87
1625,2021-09-02,16.56,17.15,17.4,16.45,2729880,4736135168.0,5.74,3.56,0.59,3.73
1626,2021-09-03,17.85,16.91,18.14,16.81,2975624,5307841792.0,7.76,-1.4,-0.24,4.07
1627,2021-09-06,16.88,17.6,17.7,16.84,2246202,4023184592.0,5.09,4.08,0.69,3.07
1628,2021-09-07,17.49,18.23,18.41,17.26,2237865,4093033904.0,6.53,3.58,0.63,3.06
1629,2021-09-08,18.44,18.25,18.91,18.19,2113264,4012025632.0,3.95,0.11,0.02,2.89
1630,2021-09-09,17.95,17.89,18.1,17.61,1536547,2811835984.0,2.68,-1.97,-0.36,2.1
1631,2021-09-10,18.12,18.53,19.15,18.02,2515471,4806554368.0,6.32,3.58,0.64,3.44
1632,2021-09-13,18.49,18.7,19.04,18.42,1486222,2850595248.0,3.35,0.92,0.17,2.03
1633,2021-09-14,18.66,18.11,18.79,17.94,1826495,3425954400.0,4.55,-3.16,-0.59,2.5
1634,2021-09-15,18.26,17.64,18.3,17.59,1639739,3008422080.0,3.92,-2.6,-0.47,2.24
1635,2021-09-16,17.84,17.23,17.84,17.13,1567450,2803162720.0,4.02,-2.32,-0.41,2.14
1636,2021-09-17,17.25,17.51,17.62,17.1,1155443,2059533824.0,3.02,1.63,0.28,1.58
1637,2021-09-22,17.16,17.32,17.5,16.93,1112850,1961495936.0,3.26,-1.09,-0.19,1.52
1638,2021-09-23,17.46,17.56,17.84,17.36,947866,1708931936.0,2.77,1.39,0.24,1.3
1639,2021-09-24,17.57,17.3,17.91,17.25,912560,1641912720.0,3.76,-1.48,-0.26,1.25
1640,2021-09-27,17.2,16.73,17.33,16.52,1383139,2403171072.0,4.68,-3.29,-0.57,1.89
1641,2021-09-28,16.78,17.27,17.38,16.65,1058574,1853073136.0,4.36,3.23,0.54,1.45
1642,2021-09-29,17.04,16.71,17.04,16.38,1204641,2066101216.0,3.82,-3.24,-0.56,1.65
1643,2021-09-30,16.75,16.54,16.79,16.4,781691,1329560768.0,2.33,-1.02,-0.17,1.07
1644,2021-10-08,16.73,16.87,17.06,16.68,685121,1184940480.0,2.3,2.0,0.33,0.94
1645,2021-10-11,16.9,16.62,17.01,16.56,662036,1138727088.0,2.67,-1.48,-0.25,0.91
1646,2021-10-12,16.53,16.01,16.53,15.73,1432460,2363532560.0,4.81,-3.67,-0.61,1.96
1647,2021-10-13,15.98,15.84,16.1,15.71,736121,1204704640.0,2.44,-1.06,-0.17,1.01
1648,2021-10-14,15.87,15.86,15.92,15.61,604508,981241456.0,1.96,0.13,0.02,0.83
1649,2021-10-15,15.82,15.83,15.98,15.71,566611,923426608.0,1.7,-0.19,-0.03,0.77
1650,2021-10-18,15.9,15.88,16.0,15.75,534186,872230128.0,1.58,0.32,0.05,0.73
1651,2021-10-19,15.81,15.91,16.08,15.78,675173,1106964256.0,1.89,0.19,0.03,0.92
1652,2021-10-20,15.99,15.7,16.04,15.66,725744,1179245360.0,2.39,-1.32,-0.21,0.99
1653,2021-10-21,15.73,15.82,16.05,15.72,772050,1260896352.0,2.1,0.76,0.12,1.06
1654,2021-10-22,15.85,15.88,15.99,15.76,500237,816055024.0,1.45,0.38,0.06,0.68
1655,2021-10-25,15.89,16.03,16.12,15.7,752354,1230195232.0,2.64,0.94,0.15,1.03
1656,2021-10-26,15.94,15.65,15.99,15.63,772108,1253817824.0,2.25,-2.37,-0.38,1.06
1657,2021-10-27,15.67,15.26,15.67,15.05,1075016,1691626896.0,3.96,-2.49,-0.39,1.47
1658,2021-10-28,15.21,15.25,15.43,15.13,542492,854229728.0,1.97,-0.07,-0.01,0.74
1659,2021-10-29,15.25,15.42,15.54,14.87,783994,1231003024.0,4.39,1.11,0.17,1.07
1660,2021-11-01,15.44,15.72,15.77,15.24,760686,1221089088.0,3.44,1.95,0.3,1.04
1661,2021-11-02,15.65,15.36,15.81,15.19,729069,1158624912.0,3.94,-2.29,-0.36,1.0
1662,2021-11-03,15.36,15.25,15.44,15.16,488959,768725008.0,1.82,-0.72,-0.11,0.67
1663,2021-11-04,15.32,15.14,15.39,15.07,646936,1010974576.0,2.1,-0.72,-0.11,0.88
1664,2021-11-05,15.12,15.04,15.21,15.02,470055,731090816.0,1.25,-0.66,-0.1,0.64
1665,2021-11-08,15.05,15.08,15.23,14.97,495220,768446320.0,1.73,0.27,0.04,0.68
1666,2021-11-09,15.14,15.12,15.14,14.93,525803,814390768.0,1.39,0.27,0.04,0.72
1667,2021-11-10,15.07,14.97,15.08,14.8,615505,946103024.0,1.85,-0.99,-0.15,0.84
1668,2021-11-11,14.93,15.45,15.57,14.92,1338212,2109525152.0,4.34,3.21,0.48,1.83
1669,2021-11-12,15.43,15.63,15.69,15.3,792971,1264958224.0,2.52,1.17,0.18,1.08
1670,2021-11-15,15.68,15.38,15.68,15.3,667417,1059952096.0,2.43,-1.6,-0.25,0.91
1671,2021-11-16,15.35,15.29,15.51,15.2,546580,862439344.0,2.02,-0.59,-0.09,0.75
1672,2021-11-17,15.3,15.17,15.35,15.15,553593,867972624.0,1.31,-0.78,-0.12,0.76
1673,2021-11-18,15.15,14.96,15.17,14.94,601013,929973888.0,1.52,-1.38,-0.21,0.82
1674,2021-11-19,14.96,15.24,15.33,14.91,849745,1323524736.0,2.81,1.87,0.28,1.16
1675,2021-11-22,15.2,15.27,15.44,15.16,697389,1098582896.0,1.84,0.2,0.03,0.95
1676,2021-11-23,15.28,15.75,16.0,15.2,1656161,2676436832.0,5.24,3.14,0.48,2.26
1677,2021-11-24,15.66,15.75,15.88,15.6,780400,1262894256.0,1.78,0.0,0.0,1.07
1678,2021-11-25,15.74,15.77,15.86,15.66,531730,861137984.0,1.27,0.13,0.02,0.73
1679,2021-11-26,15.74,15.45,15.76,15.42,751565,1200342384.0,2.16,-2.03,-0.32,1.03
1680,2021-11-29,15.22,15.19,15.34,15.12,702612,1100446384.0,1.42,-1.68,-0.26,0.96
1681,2021-11-30,15.25,15.37,15.42,15.22,583102,919854608.0,1.32,1.18,0.18,0.8
1682,2021-12-01,15.3,15.78,15.82,15.28,897373,1443777472.0,3.51,2.67,0.41,1.23
1683,2021-12-02,15.71,15.95,16.13,15.67,1092331,1791364304.0,2.92,1.08,0.17,1.49
1684,2021-12-03,15.93,15.98,16.07,15.71,772906,1263945200.0,2.26,0.19,0.03,1.06
1685,2021-12-06,16.13,16.47,17.23,16.06,2405650,4127409680.0,7.32,3.07,0.49,3.29
1686,2021-12-07,16.7,16.53,16.71,16.32,1296712,2201071968.0,2.37,0.36,0.06,1.77
1687,2021-12-08,16.57,16.67,16.74,16.4,1025241,1747191840.0,2.06,0.85,0.14,1.4
1688,2021-12-09,16.63,16.83,17.12,16.58,1452255,2513815040.0,3.24,0.96,0.16,1.99
1689,2021-12-10,16.63,16.51,16.65,16.39,1080033,1831695888.0,1.54,-1.9,-0.32,1.48
1690,2021-12-13,16.8,16.66,17.09,16.65,1323651,2290914480.0,2.67,0.91,0.15,1.81
1691,2021-12-14,16.52,16.64,16.81,16.46,695692,1188006192.0,2.1,-0.12,-0.02,0.95
1692,2021-12-15,16.63,16.76,16.9,16.6,805485,1388970912.0,1.8,0.72,0.12,1.1
1693,2021-12-16,16.83,16.93,16.95,16.67,683197,1182075664.0,1.67,1.01,0.17,0.93
1694,2021-12-17,16.95,16.71,17.01,16.7,696783,1205204320.0,1.83,-1.3,-0.22,0.95
1695,2021-12-20,16.57,16.4,16.76,16.37,680118,1156022592.0,2.33,-1.86,-0.31,0.93
1696,2021-12-21,16.41,16.82,16.96,16.41,819998,1410702192.0,3.35,2.56,0.42,1.12
1697,2021-12-22,16.85,16.78,16.88,16.68,539681,930542864.0,1.19,-0.24,-0.04,0.74
1698,2021-12-23,16.8,16.81,16.95,16.68,514989,889512944.0,1.61,0.18,0.03,0.7
1699,2021-12-24,16.87,16.71,16.94,16.68,476864,822659920.0,1.55,-0.59,-0.1,0.65
1700,2021-12-27,16.72,16.88,16.88,16.64,459237,792369168.0,1.44,1.02,0.17,0.63
1701,2021-12-28,16.88,16.91,16.99,16.69,576634,996562768.0,1.78,0.18,0.03,0.79
1702,2021-12-29,16.94,16.8,16.99,16.77,474022,821418688.0,1.3,-0.65,-0.11,0.65
1703,2021-12-30,16.75,17.24,17.43,16.75,995975,1759101168.0,4.05,2.62,0.44,1.36
1704,2021-12-31,17.3,17.31,17.39,17.17,615418,1091333840.0,1.28,0.41,0.07,0.84
1705,2022-01-04,17.31,17.2,17.34,16.95,660070,1161432400.0,2.25,-0.64,-0.11,0.9
1706,2022-01-05,17.2,16.97,17.32,16.93,769467,1349631216.0,2.27,-1.34,-0.23,1.05
1707,2022-01-06,16.85,16.56,16.9,16.44,1041285,1778459824.0,2.71,-2.42,-0.41,1.42
1708,2022-01-07,16.65,16.84,17.14,16.63,805141,1397137376.0,3.08,1.69,0.28,1.1
1709,2022-01-10,16.93,16.94,17.23,16.87,653828,1141609696.0,2.14,0.59,0.1,0.89
1710,2022-01-11,16.89,16.75,17.12,16.68,647094,1120196336.0,2.6,-1.12,-0.19,0.88
1711,2022-01-12,16.77,16.76,16.81,16.53,572170,979598608.0,1.67,0.06,0.01,0.78
1712,2022-01-13,16.87,16.71,17.17,16.7,827652,1439470880.0,2.8,-0.3,-0.05,1.13
1713,2022-01-14,16.55,16.31,16.63,16.29,932403,1576657088.0,2.03,-2.39,-0.4,1.28
1714,2022-01-17,16.28,16.58,16.62,16.23,735498,1239648000.0,2.39,1.66,0.27,1.01
1715,2022-01-18,16.55,16.7,16.83,16.43,595462,1017922592.0,2.41,0.72,0.12,0.81
1716,2022-01-19,16.74,17.06,17.52,16.74,1608145,2845548560.0,4.67,2.16,0.36,2.2
1717,2022-01-20,17.07,17.71,18.05,17.03,2149565,3892223952.0,5.98,3.81,0.65,2.94
1718,2022-01-21,17.57,17.56,17.9,17.51,1088242,1971070512.0,2.2,-0.85,-0.15,1.49
1719,2022-01-24,17.56,17.88,17.95,17.48,1243674,2266863296.0,2.68,1.82,0.32,1.7
1720,2022-01-25,17.75,17.23,17.83,17.19,953998,1709282496.0,3.58,-3.64,-0.65,1.3
1721,2022-01-26,17.25,17.72,17.89,17.25,1093749,1973451200.0,3.71,2.84,0.49,1.5
1722,2022-01-27,17.56,17.09,17.57,16.99,995346,1758117040.0,3.27,-3.56,-0.63,1.36
1723,2022-01-28,17.13,16.63,17.3,16.57,855409,1488833616.0,4.27,-2.69,-0.46,1.17
1724,2022-02-07,16.9,16.84,17.0,16.73,722701,1250195760.0,1.62,1.26,0.21,0.99
1725,2022-02-08,16.82,17.08,17.32,16.61,971048,1692001504.0,4.22,1.43,0.24,1.33
1726,2022-02-09,17.02,16.94,17.1,16.86,575335,1002137056.0,1.41,-0.82,-0.14,0.79
1727,2022-02-10,16.94,17.25,17.36,16.87,908678,1601302256.0,2.89,1.83,0.31,1.24
1728,2022-02-11,17.16,17.45,17.8,17.16,1014084,1824116656.0,3.71,1.16,0.2,1.39
1729,2022-02-14,17.28,16.42,17.39,16.33,1457670,2498152448.0,6.07,-5.9,-1.03,1.99
1730,2022-02-15,16.41,16.6,16.7,16.4,554120,941742720.0,1.83,1.1,0.18,0.76
1731,2022-02-16,16.7,16.65,16.87,16.55,549588,942080736.0,1.93,0.3,0.05,0.75
1732,2022-02-17,16.59,16.4,16.68,16.34,561797,951409104.0,2.04,-1.5,-0.25,0.77
1733,2022-02-18,16.25,16.48,16.5,16.16,527752,886341344.0,2.07,0.49,0.08,0.72
1734,2022-02-21,16.45,16.38,16.49,16.27,595590,999675120.0,1.33,-0.61,-0.1,0.81
1735,2022-02-22,16.27,15.96,16.27,15.87,836064,1376224384.0,2.44,-2.56,-0.42,1.14
1736,2022-02-23,15.97,16.09,16.13,15.9,531014,874521840.0,1.44,0.81,0.13,0.73
1737,2022-02-24,15.96,15.5,16.01,15.35,910668,1465068832.0,4.1,-3.67,-0.59,1.25
1738,2022-02-25,15.64,15.45,15.71,15.43,522606,836637984.0,1.81,-0.32,-0.05,0.71
1739,2022-02-28,15.46,15.39,15.48,15.2,542040,854591680.0,1.81,-0.39,-0.06,0.74
1740,2022-03-01,15.44,15.55,15.61,15.37,426300,679541984.0,1.56,1.04,0.16,0.58
1741,2022-03-02,15.44,15.42,15.56,15.34,424412,673513968.0,1.41,-0.84,-0.13,0.58
1742,2022-03-03,15.47,15.46,15.61,15.42,426854,681110208.0,1.23,0.26,0.04,0.58
1743,2022-03-04,15.34,15.22,15.38,15.15,517776,812775792.0,1.49,-1.55,-0.24,0.71
1744,2022-03-07,15.19,14.8,15.2,14.75,695933,1070504480.0,2.96,-2.76,-0.42,0.95
1745,2022-03-08,14.8,14.5,14.94,14.49,671217,1019096128.0,3.04,-2.03,-0.3,0.92
1746,2022-03-09,14.57,14.11,14.66,13.65,894788,1313385120.0,6.97,-2.69,-0.39,1.22
1747,2022-03-10,14.45,14.08,14.5,14.03,866026,1274251680.0,3.33,-0.21,-0.03,1.18
1748,2022-03-11,13.92,14.29,14.35,13.73,809662,1174085552.0,4.4,1.49,0.21,1.11
1749,2022-03-14,14.1,14.03,14.35,14.0,539498,788595008.0,2.45,-1.82,-0.26,0.74
1750,2022-03-15,13.97,13.54,14.18,13.53,839944,1200883184.0,4.63,-3.49,-0.49,1.15
1751,2022-03-16,13.67,14.34,14.49,13.44,1338221,1937732608.0,7.75,5.91,0.8,1.83
1752,2022-03-17,14.53,14.28,14.64,14.25,954121,1415073072.0,2.72,-0.42,-0.06,1.3
1753,2022-03-18,14.27,14.46,14.57,14.16,572211,848437744.0,2.87,1.26,0.18,0.78
1754,2022-03-21,14.43,14.3,14.43,14.22,553485,816634064.0,1.45,-1.11,-0.16,0.76
1755,2022-03-22,14.23,14.3,14.46,14.21,458446,677452480.0,1.75,0.0,0.0,0.63
1756,2022-03-23,14.34,14.29,14.39,14.19,397845,586033904.0,1.4,-0.07,-0.01,0.54
1757,2022-03-24,14.17,14.16,14.28,14.08,348064,509042704.0,1.4,-0.91,-0.13,0.48
1758,2022-03-25,14.15,14.0,14.3,13.99,382050,555878656.0,2.19,-1.13,-0.16,0.52
1759,2022-03-28,13.91,14.13,14.24,13.84,497588,721548096.0,2.86,0.93,0.13,0.68
1760,2022-03-29,14.11,14.08,14.19,14.03,249800,363612304.0,1.13,-0.35,-0.05,0.34
1761,2022-03-30,14.17,14.52,14.6,14.16,805326,1199043136.0,3.13,3.13,0.44,1.1
1762,2022-03-31,14.45,14.43,14.58,14.37,425709,634938976.0,1.45,-0.62,-0.09,0.58
1763,2022-04-01,14.35,14.58,14.6,14.31,587819,878828304.0,2.01,1.04,0.15,0.8
1764,2022-04-06,14.5,14.56,14.58,14.41,533707,798112752.0,1.17,-0.14,-0.02,0.73
1765,2022-04-07,14.51,14.28,14.71,14.28,552578,825724640.0,2.95,-1.92,-0.28,0.76
1766,2022-04-08,14.35,14.57,14.67,14.22,596543,890965472.0,3.15,2.03,0.29,0.82
1767,2022-04-11,14.55,14.2,14.55,14.11,518298,763963888.0,3.02,-2.54,-0.37,0.71
1768,2022-04-12,14.17,14.48,14.66,14.07,711678,1057351408.0,4.15,1.97,0.28,0.97
1769,2022-04-13,14.37,14.28,14.5,14.27,385451,570890064.0,1.59,-1.38,-0.2,0.53
1770,2022-04-14,14.42,14.48,14.58,14.37,520370,777950384.0,1.47,1.4,0.2,0.71
1771,2022-04-15,14.38,14.46,14.61,14.35,455596,679907040.0,1.8,-0.14,-0.02,0.62
1772,2022-04-18,14.28,14.06,14.32,13.87,560597,813559648.0,3.11,-2.77,-0.4,0.77
1773,2022-04-19,14.05,13.99,14.13,13.93,309048,447413328.0,1.42,-0.5,-0.07,0.42
1774,2022-04-20,14.04,13.8,14.06,13.7,439302,629100400.0,2.57,-1.36,-0.19,0.6
1775,2022-04-21,13.76,13.72,13.98,13.67,434997,620104400.0,2.25,-0.58,-0.08,0.59
1776,2022-04-22,13.66,13.8,13.93,13.65,373713,532873216.0,2.04,0.58,0.08,0.51
1777,2022-04-25,13.55,13.15,13.71,13.13,739740,1027285424.0,4.2,-4.71,-0.65,1.01
1778,2022-04-26,13.16,12.51,13.23,12.42,856117,1132840320.0,6.16,-4.87,-0.64,1.17
1779,2022-04-27,12.3,12.63,12.7,12.27,651977,843524256.0,3.44,0.96,0.12,0.89
1780,2022-04-28,12.51,12.41,12.58,12.21,568711,730862032.0,2.93,-1.74,-0.22,0.78
1781,2022-04-29,12.7,12.9,12.95,12.47,947146,1249489168.0,3.87,3.95,0.49,1.3
1782,2022-05-05,12.67,12.74,12.83,12.62,454307,599623824.0,1.63,-1.24,-0.16,0.62
1783,2022-05-06,12.55,12.37,12.6,12.36,410612,529766992.0,1.88,-2.9,-0.37,0.56
1784,2022-05-09,12.34,12.42,12.46,12.3,229778,295210096.0,1.29,0.4,0.05,0.31
1785,2022-05-10,12.32,12.55,12.64,12.21,472224,609815088.0,3.46,1.05,0.13,0.65
1786,2022-05-11,12.54,12.62,12.9,12.52,579757,763257312.0,3.03,0.56,0.07,0.79
1787,2022-05-12,12.55,12.66,12.75,12.52,341283,445936384.0,1.82,0.32,0.04,0.47
1788,2022-05-13,12.7,12.78,12.88,12.65,490123,647326784.0,1.82,0.95,0.12,0.67
1789,2022-05-16,12.96,12.6,12.99,12.53,502576,660101520.0,3.6,-1.41,-0.18,0.69
1790,2022-05-17,12.62,12.63,12.71,12.5,318477,415645344.0,1.67,0.24,0.03,0.44
1791,2022-05-18,12.68,12.69,12.79,12.64,392993,517240656.0,1.19,0.48,0.06,0.54
1792,2022-05-19,12.54,12.63,12.64,12.48,295035,383694272.0,1.26,-0.47,-0.06,0.4
1793,2022-05-20,12.71,12.79,12.9,12.67,634948,838931360.0,1.82,1.27,0.16,0.87
1794,2022-05-23,12.76,12.81,12.85,12.64,488583,644978144.0,1.64,0.16,0.02,0.67
1795,2022-05-24,12.82,12.42,12.88,12.41,518622,679426976.0,3.67,-3.04,-0.39,0.71
1796,2022-05-25,12.42,12.51,12.52,12.42,282052,364538320.0,0.81,0.72,0.09,0.39
1797,2022-05-26,12.54,12.73,12.83,12.4,501975,658079184.0,3.44,1.76,0.22,0.69
1798,2022-05-27,12.8,12.77,12.88,12.66,431542,571351600.0,1.73,0.31,0.04,0.59
1799,2022-05-30,12.81,12.79,12.83,12.71,339358,448874752.0,0.94,0.16,0.02,0.46
1800,2022-05-31,12.8,12.87,12.9,12.7,577411,767275712.0,1.56,0.63,0.08,0.79
1801,2022-06-01,12.89,12.81,12.93,12.75,371972,494266240.0,1.4,-0.47,-0.06,0.51
1802,2022-06-02,12.75,12.87,12.92,12.72,367285,487544624.0,1.56,0.47,0.06,0.5
1803,2022-06-06,12.83,13.12,13.21,12.77,638389,860345584.0,3.42,1.94,0.25,0.87
1804,2022-06-07,13.1,13.11,13.31,13.06,663391,904343568.0,1.91,-0.08,-0.01,0.91
1805,2022-06-08,13.16,13.32,13.46,13.12,799327,1097290032.0,2.59,1.6,0.21,1.09
1806,2022-06-09,13.39,13.36,13.61,13.28,874112,1214050752.0,2.48,0.3,0.04,1.2
1807,2022-06-10,13.26,13.66,13.68,13.23,1012213,1411700128.0,3.37,2.25,0.3,1.38
1808,2022-06-13,13.49,13.44,13.6,13.32,749170,1042051376.0,2.05,-1.61,-0.22,1.02
1809,2022-06-14,13.32,13.96,14.05,13.11,1164298,1627146560.0,6.99,3.87,0.52,1.59
1810,2022-06-15,14.05,14.37,14.85,14.01,2254001,3368361088.0,6.02,2.94,0.41,3.08
1811,2022-06-16,14.35,13.85,14.36,13.84,1088786,1581859136.0,3.62,-3.62,-0.52,1.49
1812,2022-06-17,13.7,13.85,14.03,13.55,882446,1256495136.0,3.47,0.0,0.0,1.21
1813,2022-06-20,13.9,13.74,13.95,13.7,535928,763379344.0,1.81,-0.79,-0.11,0.73
1814,2022-06-21,13.78,14.01,14.11,13.73,763066,1093905264.0,2.77,1.97,0.27,1.04
1815,2022-06-22,14.0,13.84,14.12,13.78,623427,895194160.0,2.43,-1.21,-0.17,0.85
1816,2022-06-23,13.79,14.2,14.4,13.78,844219,1227704704.0,4.48,2.6,0.36,1.15
1817,2022-06-24,14.16,14.03,14.21,13.93,686617,994889520.0,1.97,-1.2,-0.17,0.94
1818,2022-06-27,14.11,14.02,14.2,13.96,564011,818789712.0,1.71,-0.07,-0.01,0.77
1819,2022-06-28,13.99,14.01,14.11,13.79,684096,981086192.0,2.28,-0.07,-0.01,0.94
1820,2022-06-29,13.92,13.68,14.06,13.68,676725,969461216.0,2.71,-2.36,-0.33,0.93
1821,2022-06-30,13.73,13.75,13.87,13.65,636188,904391424.0,1.61,0.51,0.07,0.87
1822,2022-07-01,13.71,13.58,13.8,13.48,537551,757618832.0,2.33,-1.24,-0.17,0.74
1823,2022-07-04,13.58,13.64,13.66,13.4,448182,626543552.0,1.91,0.44,0.06,0.61
1824,2022-07-05,13.63,13.51,13.77,13.41,550323,769328032.0,2.64,-0.95,-0.13,0.75
1825,2022-07-06,13.48,13.36,13.54,13.3,490361,678083712.0,1.78,-1.11,-0.15,0.67
1826,2022-07-07,13.33,13.23,13.41,13.17,478502,657767952.0,1.8,-0.97,-0.13,0.65
1827,2022-07-08,13.28,13.25,13.39,13.23,370578,509621915.0,1.21,0.15,0.02,0.51
1828,2022-07-11,13.23,13.15,13.29,13.11,303125,413857414.0,1.36,-0.75,-0.1,0.41
1829,2022-07-12,13.19,13.11,13.26,13.06,439710,598681445.0,1.52,-0.3,-0.04,0.6
1830,2022-07-13,13.1,13.13,13.2,13.07,311127,422953011.0,0.99,0.15,0.02,0.43
1831,2022-07-14,13.13,12.94,13.13,12.91,514619,692317012.0,1.68,-1.45,-0.19,0.7
1832,2022-07-15,12.9,12.66,12.99,12.66,526196,698545387.0,2.55,-2.16,-0.28,0.72
1833,2022-07-18,12.7,12.88,12.93,12.68,327312,434970771.0,1.97,1.74,0.22,0.45
1834,2022-07-19,12.89,12.95,12.99,12.76,363731,485008003.0,1.79,0.54,0.07,0.5
1835,2022-07-20,12.99,12.93,13.03,12.89,302872,406000988.0,1.08,-0.15,-0.02,0.41
1836,2022-07-21,12.9,12.82,12.93,12.81,264274,352144634.0,0.93,-0.85,-0.11,0.36
1837,2022-07-22,12.85,12.88,12.98,12.79,301433,401852607.0,1.48,0.47,0.06,0.41
1838,2022-07-25,12.86,12.74,12.9,12.73,250543,331513781.0,1.32,-1.09,-0.14,0.34
1839,2022-07-26,12.75,12.83,12.88,12.75,179874,238773123.0,1.02,0.71,0.09,0.25
1840,2022-07-27,12.81,12.79,12.85,12.77,173775,230203038.0,0.62,-0.31,-0.04,0.24
1841,2022-07-28,12.86,12.87,13.02,12.85,374597,501081662.0,1.33,0.63,0.08,0.51
1842,2022-07-29,12.91,12.81,12.97,12.78,309615,412176374.0,1.48,-0.47,-0.06,0.42
1843,2022-08-01,12.78,12.72,12.78,12.65,287019,377662255.0,1.01,-0.7,-0.09,0.39
1844,2022-08-02,12.56,12.37,12.61,12.26,573660,736997591.0,2.75,-2.75,-0.35,0.78
1845,2022-08-03,12.41,12.33,12.5,12.33,333775,429215973.0,1.37,-0.32,-0.04,0.46
1846,2022-08-04,12.4,12.46,12.52,12.4,319285,412307604.0,0.97,1.05,0.13,0.44
1847,2022-08-05,12.57,12.76,12.77,12.51,394128,497866030.0,2.09,2.41,0.3,0.54
1848,2022-08-08,12.71,12.81,12.83,12.7,255288,326564260.0,1.02,0.39,0.05,0.35
1849,2022-08-09,12.82,12.77,12.87,12.75,203857,260776328.0,0.94,-0.31,-0.04,0.28
1850,2022-08-10,12.77,12.79,12.91,12.72,235573,301860915.0,1.49,0.16,0.02,0.32
1851,2022-08-11,12.86,13.26,13.29,12.85,785226,1030123344.0,3.44,3.67,0.47,1.07
1852,2022-08-12,13.16,13.24,13.32,13.12,429133,567788877.0,1.51,-0.15,-0.02,0.59
1853,2022-08-15,13.17,13.13,13.28,13.09,352653,463936174.0,1.44,-0.83,-0.11,0.48
1854,2022-08-16,13.14,13.11,13.22,13.09,227323,298651603.0,0.99,-0.15,-0.02,0.31
1855,2022-08-17,13.15,13.26,13.31,13.06,411717,544309745.0,1.91,1.14,0.15,0.56
1856,2022-08-18,13.21,13.15,13.26,13.14,230042,303311985.0,0.9,-0.83,-0.11,0.31
1857,2022-08-19,13.14,13.12,13.26,13.1,289495,381585622.0,1.22,-0.23,-0.03,0.4
1858,2022-08-22,13.08,13.13,13.18,13.03,248027,325628892.0,1.14,0.08,0.01,0.34
1859,2022-08-23,13.13,13.13,13.3,13.06,359622,472959980.0,1.83,0.0,0.0,0.49
1860,2022-08-24,13.12,12.97,13.32,12.97,445439,584779763.0,2.67,-1.22,-0.16,0.61
1861,2022-08-25,13.01,13.16,13.21,12.98,374337,489769986.0,1.77,1.46,0.19,0.51
1862,2022-08-26,13.18,13.13,13.21,13.07,247927,325749656.0,1.06,-0.23,-0.03,0.34
1863,2022-08-29,13.02,13.02,13.1,12.93,242306,315020494.0,1.29,-0.84,-0.11,0.33
1864,2022-08-30,13.02,13.11,13.22,12.99,278307,364151595.0,1.77,0.69,0.09,0.38
1865,2022-08-31,13.02,13.14,13.26,13.0,438114,575734268.0,1.98,0.23,0.03,0.6
1866,2022-09-01,13.12,13.0,13.16,12.98,276770,362037768.0,1.37,-1.07,-0.14,0.38
1867,2022-09-02,13.0,12.92,13.09,12.86,277658,359603688.0,1.77,-0.62,-0.08,0.38
1868,2022-09-05,12.9,13.05,13.06,12.83,294749,381856779.0,1.78,1.01,0.13,0.4
1869,2022-09-06,13.09,13.18,13.19,13.07,355151,466725839.0,0.92,1.0,0.13,0.49
1870,2022-09-07,13.15,13.14,13.16,13.1,191308,251148696.0,0.46,-0.3,-0.04,0.26
1871,2022-09-08,13.16,13.14,13.2,13.11,190064,250154064.0,0.68,0.0,0.0,0.26
1872,2022-09-09,13.2,13.28,13.32,13.15,447788,593948764.0,1.29,1.07,0.14,0.61
1873,2022-09-13,13.3,13.24,13.4,13.23,396083,527133280.0,1.28,-0.3,-0.04,0.54
1874,2022-09-14,13.1,13.11,13.19,13.07,257698,338185767.0,0.91,-0.98,-0.13,0.35
1875,2022-09-15,13.13,13.08,13.22,13.01,346282,454415386.0,1.6,-0.23,-0.03,0.47
1876,2022-09-16,13.05,12.41,13.05,12.41,911598,1148781362.0,4.89,-5.12,-0.67,1.25
1877,2022-09-19,12.43,12.35,12.49,12.31,342971,425234153.0,1.45,-0.48,-0.06,0.47
1878,2022-09-20,12.4,12.33,12.48,12.29,258094,319327327.0,1.54,-0.16,-0.02,0.35
1879,2022-09-21,12.3,12.33,12.38,12.17,254541,312438360.0,1.7,0.0,0.0,0.35
1880,2022-09-22,12.28,12.33,12.41,12.26,184160,227130276.0,1.22,0.0,0.0,0.25
1881,2022-09-23,12.32,12.44,12.49,12.32,308941,383975153.0,1.38,0.89,0.11,0.42
1882,2022-09-26,12.4,12.21,12.5,12.2,320331,394981875.0,2.41,-1.85,-0.23,0.44
1883,2022-09-27,12.26,12.35,12.36,12.18,203184,249246072.0,1.47,1.15,0.14,0.28
1884,2022-09-28,12.32,12.26,12.39,12.26,230628,283958764.0,1.05,-0.73,-0.09,0.32
1885,2022-09-29,12.35,12.18,12.44,12.11,282908,347789460.0,2.69,-0.65,-0.08,0.39
1886,2022-09-30,12.19,12.12,12.29,12.1,229982,280160321.0,1.56,-0.49,-0.06,0.31
1887,2022-10-10,12.15,12.0,12.2,11.96,216956,262258947.0,1.98,-0.99,-0.12,0.3
1888,2022-10-11,12.08,12.05,12.17,11.99,179216,216099799.0,1.5,0.42,0.05,0.25
1889,2022-10-12,12.03,12.28,12.29,12.01,252406,306754219.0,2.32,1.91,0.23,0.35
1890,2022-10-13,12.22,12.23,12.3,12.19,188168,230325894.0,0.9,-0.41,-0.05,0.26
1891,2022-10-14,12.32,12.41,12.44,12.3,264087,327199931.0,1.14,1.47,0.18,0.36
1892,2022-10-17,12.34,12.42,12.47,12.32,196607,244184901.0,1.21,0.08,0.01,0.27
1893,2022-10-18,12.49,12.39,12.5,12.38,189810,235908146.0,0.97,-0.24,-0.03,0.26
1894,2022-10-19,12.39,12.28,12.44,12.27,155570,191934173.0,1.37,-0.89,-0.11,0.21
1895,2022-10-20,12.26,12.31,12.48,12.23,205930,253931076.0,2.04,0.24,0.03,0.28
1896,2022-10-21,12.54,12.33,12.58,12.31,294816,366966472.0,2.19,0.16,0.02,0.4
1897,2022-10-24,12.35,12.07,12.56,12.02,385002,473541780.0,4.38,-2.11,-0.26,0.53
1898,2022-10-25,12.08,12.04,12.22,11.9,266023,320326584.0,2.65,-0.25,-0.03,0.36
1899,2022-10-26,12.06,12.06,12.23,12.04,259312,313995749.0,1.58,0.17,0.02,0.35
1900,2022-10-27,12.09,12.14,12.21,12.07,197220,239593863.0,1.16,0.66,0.08,0.27
1901,2022-10-28,12.12,11.92,12.16,11.88,263477,316728543.0,2.31,-1.81,-0.22,0.36
1902,2022-10-31,11.9,11.97,12.04,11.86,250398,298932798.0,1.51,0.42,0.05,0.34
1903,2022-11-01,11.96,12.28,12.28,11.95,380988,463815880.0,2.76,2.59,0.31,0.52
1904,2022-11-02,12.26,12.27,12.34,12.17,314537,385169890.0,1.38,-0.08,-0.01,0.43
1905,2022-11-03,12.22,12.15,12.23,12.11,226752,275806773.0,0.98,-0.98,-0.12,0.31
1906,2022-11-04,12.13,12.47,12.52,12.1,480368,595058608.0,3.46,2.63,0.32,0.66
1907,2022-11-07,12.4,12.46,12.54,12.38,255129,318121096.0,1.28,-0.08,-0.01,0.35
1908,2022-11-08,12.46,12.42,12.51,12.37,158093,196407266.0,1.12,-0.32,-0.04,0.22
1909,2022-11-09,12.41,12.33,12.46,12.32,162775,201386734.0,1.13,-0.72,-0.09,0.22
1910,2022-11-10,12.29,12.4,12.44,12.27,215081,266002462.0,1.38,0.57,0.07,0.29
1911,2022-11-11,12.67,12.62,12.78,12.51,578119,730065694.0,2.18,1.77,0.22,0.79
1912,2022-11-14,12.69,12.81,12.98,12.65,743500,953106016.0,2.61,1.51,0.19,1.02
1913,2022-11-15,12.76,13.14,13.36,12.74,813998,1068196461.0,4.84,2.58,0.33,1.11
1914,2022-11-16,13.11,13.03,13.21,12.98,391715,512461906.0,1.75,-0.84,-0.11,0.54
1915,2022-11-17,13.0,13.1,13.13,12.95,292623,381755305.0,1.38,0.54,0.07,0.4
1916,2022-11-18,13.13,12.96,13.14,12.92,298241,388280434.0,1.68,-1.07,-0.14,0.41
1917,2022-11-21,12.9,12.74,12.9,12.69,287583,366617894.0,1.62,-1.7,-0.22,0.39
1918,2022-11-22,12.73,12.85,13.02,12.71,331777,426525880.0,2.43,0.86,0.11,0.45
1919,2022-11-23,12.83,12.88,13.03,12.82,252987,327046055.0,1.63,0.23,0.03,0.35
1920,2022-11-24,12.98,12.83,13.05,12.81,169906,219453484.0,1.86,-0.39,-0.05,0.23
1921,2022-11-25,12.83,13.0,13.02,12.81,307108,398311409.0,1.64,1.33,0.17,0.42
1922,2022-11-28,12.8,12.7,12.85,12.6,439654,558376174.0,1.92,-2.31,-0.3,0.6
1923,2022-11-29,12.73,13.17,13.25,12.73,786219,1025566216.0,4.09,3.7,0.47,1.08
1924,2022-11-30,13.1,13.07,13.29,13.05,491676,646708377.0,1.82,-0.76,-0.1,0.67
1925,2022-12-01,13.25,13.17,13.51,13.16,728871,973163365.0,2.68,0.77,0.1,1.0
1926,2022-12-02,13.18,13.15,13.3,13.1,329955,434519412.0,1.52,-0.15,-0.02,0.45
1927,2022-12-05,13.3,13.51,13.55,13.28,740118,995552363.0,2.05,2.74,0.36,1.01
1928,2022-12-06,13.44,13.46,13.65,13.38,524536,707627402.0,2.0,-0.37,-0.05,0.72
1929,2022-12-07,13.41,13.28,13.48,13.2,448547,597829334.0,2.08,-1.34,-0.18,0.61
1930,2022-12-08,13.28,13.26,13.32,13.19,336892,446253073.0,0.98,-0.15,-0.02,0.46
1931,2022-12-09,13.28,13.3,13.44,13.14,918555,1219755241.0,2.26,0.3,0.04,1.26
1932,2022-12-12,13.22,13.12,13.25,13.1,460448,605903018.0,1.13,-1.35,-0.18,0.63
1933,2022-12-13,13.14,13.16,13.2,13.09,212912,279718776.0,0.84,0.3,0.04,0.29
1934,2022-12-14,13.16,13.18,13.25,13.09,255778,336616546.0,1.22,0.15,0.02,0.35
1935,2022-12-15,13.24,13.08,13.26,13.03,264818,347234588.0,1.75,-0.76,-0.1,0.36
1936,2022-12-16,12.99,13.08,13.17,12.98,276182,360522512.0,1.45,0.0,0.0,0.38
1937,2022-12-19,13.08,12.73,13.15,12.68,332126,427286621.0,3.59,-2.68,-0.35,0.45
1938,2022-12-20,12.71,12.69,12.8,12.62,230727,293421429.0,1.41,-0.31,-0.04,0.32
1939,2022-12-21,12.69,12.63,12.74,12.57,163728,207180249.0,1.34,-0.47,-0.06,0.22
1940,2022-12-22,12.71,12.64,12.79,12.6,207839,263810260.0,1.5,0.08,0.01,0.28
1941,2022-12-23,12.56,12.65,12.72,12.55,139670,176638640.0,1.34,0.08,0.01,0.19
1942,2022-12-26,12.69,12.58,12.72,12.56,188549,237976888.0,1.26,-0.55,-0.07,0.26
1943,2022-12-27,12.68,12.71,12.75,12.64,219131,278221258.0,0.87,1.03,0.13,0.3
1944,2022-12-28,12.69,12.69,12.77,12.64,229469,291359051.0,1.02,-0.16,-0.02,0.31
1945,2022-12-29,12.65,12.67,12.7,12.59,238498,301620089.0,0.87,-0.16,-0.02,0.33
1946,2022-12-30,12.73,12.74,12.8,12.69,211796,269861233.0,0.87,0.55,0.07,0.29
