,日期,开盘,收盘,最高,最低,成交量,成交额,振幅,涨跌幅,涨跌额,换手率
0,2015-01-05,25.5,25.78,26.81,25.0,1340731,4489658112.0,7.3,3.95,0.98,2.13
1,2015-01-06,24.5,23.86,25.31,23.29,1239038,3922784976.0,7.84,-7.45,-1.92,1.97
2,2015-01-07,23.6,23.73,24.72,23.46,864210,2718229744.0,5.28,-0.54,-0.13,1.37
3,2015-01-08,24.0,22.53,24.22,22.33,830695,2531353152.0,7.96,-5.06,-1.2,1.32
4,2015-01-09,22.68,23.42,25.53,22.34,1612509,5101798912.0,14.16,3.95,0.89,2.56
5,2015-01-12,23.39,23.63,24.33,22.29,1090685,3367675136.0,8.71,0.9,0.21,1.73
6,2015-01-13,23.64,23.35,24.31,22.95,579057,1801910256.0,5.76,-1.18,-0.28,0.92
7,2015-01-14,23.44,23.5,24.15,23.01,561312,1749525168.0,4.88,0.64,0.15,0.89
8,2015-01-15,23.98,26.05,26.5,23.66,1301753,4231358944.0,12.09,10.85,2.55,2.07
9,2015-01-16,26.18,26.23,27.5,25.32,1344704,4587585792.0,8.37,0.69,0.18,2.14
10,2015-01-19,22.86,22.86,24.09,22.86,966361,2979353504.0,4.69,-12.85,-3.37,1.54
11,2015-01-20,22.53,22.63,23.35,21.8,1351500,4071200960.0,6.78,-1.01,-0.23,2.15
12,2015-01-21,23.21,25.64,25.64,23.18,1636070,5280659456.0,10.87,13.3,3.01,2.6
13,2015-01-22,26.6,25.98,27.4,25.65,1419339,4815224320.0,6.83,1.33,0.34,2.26
14,2015-01-23,26.62,28.96,29.33,25.67,2072649,7387374592.0,14.09,11.47,2.98,3.3
15,2015-01-26,28.6,29.46,30.0,27.99,1454552,5325633792.0,6.94,1.73,0.5,2.31
16,2015-01-27,29.99,28.83,30.38,27.2,1683169,6085948928.0,10.79,-2.14,-0.63,2.68
17,2015-01-28,27.9,27.25,28.17,27.0,1025063,3588978224.0,4.06,-5.48,-1.58,1.63
18,2015-01-29,26.48,27.67,27.79,26.05,1197504,4111931600.0,6.39,1.54,0.42,1.9
19,2015-01-30,27.25,25.91,27.79,25.72,1091428,3712701984.0,7.48,-6.36,-1.76,1.74
20,2015-02-02,24.35,24.43,25.47,24.16,971466,3120848352.0,5.06,-5.71,-1.48,1.55
21,2015-02-03,25.04,26.49,27.25,24.29,1478885,4896619520.0,12.12,8.43,2.06,2.35
22,2015-02-04,26.47,25.24,27.0,25.12,1112194,3740506688.0,7.1,-4.72,-1.25,1.77
23,2015-02-05,26.7,24.37,26.8,24.3,1339582,4484626432.0,9.9,-3.45,-0.87,2.13
24,2015-02-06,23.8,23.66,24.67,23.32,835599,2629728656.0,5.54,-2.91,-0.71,1.33
25,2015-02-09,23.5,24.58,25.5,23.19,920213,2944932016.0,9.76,3.89,0.92,1.46
26,2015-02-10,24.38,25.27,25.4,24.25,607474,1971902640.0,4.68,2.81,0.69,0.97
27,2015-02-11,25.46,26.03,26.38,25.18,694656,2314323328.0,4.75,3.01,0.76,1.1
28,2015-02-12,25.92,26.12,26.55,25.22,573905,1922483824.0,5.11,0.35,0.09,0.91
29,2015-02-13,26.3,25.77,27.13,25.63,765681,2600202544.0,5.74,-1.34,-0.35,1.22
30,2015-02-16,25.73,25.85,26.38,25.41,499157,1662445824.0,3.76,0.31,0.08,0.79
31,2015-02-17,25.95,27.31,28.16,25.93,1041509,3626108592.0,8.63,5.65,1.46,1.66
32,2015-02-25,26.8,25.81,26.98,25.65,654394,2208644768.0,4.87,-5.49,-1.5,1.04
33,2015-02-26,25.62,27.38,27.47,24.73,1085322,3674572848.0,10.62,6.08,1.57,1.73
34,2015-02-27,27.3,26.91,27.62,26.8,668203,2318705456.0,2.99,-1.72,-0.47,1.06
35,2015-03-02,26.91,26.69,27.35,26.02,1003028,3421510592.0,4.94,-0.82,-0.22,1.6
36,2015-03-03,26.12,24.81,26.35,24.67,1174087,3866177888.0,6.29,-7.04,-1.88,1.87
37,2015-03-04,24.71,25.12,25.45,24.6,712221,2312960656.0,3.43,1.25,0.31,1.13
38,2015-03-05,24.5,24.49,24.88,24.01,920257,2940697616.0,3.46,-2.51,-0.63,1.46
39,2015-03-06,24.44,24.05,24.78,24.0,706208,2251912336.0,3.18,-1.8,-0.44,1.12
40,2015-03-09,23.5,24.68,25.27,22.5,1150232,3594308720.0,11.52,2.62,0.63,1.83
41,2015-03-10,24.2,23.91,24.3,23.7,526608,1659158672.0,2.43,-3.12,-0.77,0.84
42,2015-03-11,24.13,24.23,25.0,24.1,705059,2261603024.0,3.76,1.34,0.32,1.12
43,2015-03-12,24.8,25.4,25.8,24.23,1167681,3817228464.0,6.48,4.83,1.17,1.86
44,2015-03-13,25.5,25.25,25.89,25.0,845767,2792624480.0,3.5,-0.59,-0.15,1.35
45,2015-03-16,25.39,26.38,26.56,25.01,1150961,3833418272.0,6.14,4.48,1.13,1.83
46,2015-03-17,26.39,26.33,26.7,25.91,892187,3013872368.0,2.99,-0.19,-0.05,1.42
47,2015-03-18,26.49,26.9,27.05,26.45,935153,3200814384.0,2.28,2.16,0.57,1.49
48,2015-03-19,26.68,25.84,26.75,25.7,801826,2694824112.0,3.9,-3.94,-1.06,1.28
49,2015-03-20,26.25,26.4,27.3,25.46,1433578,4848289280.0,7.12,2.17,0.56,2.28
50,2015-03-23,26.48,26.6,26.93,26.0,1189756,4038058480.0,3.52,0.76,0.2,1.89
51,2015-03-24,26.5,25.91,26.8,25.84,1019510,3436252032.0,3.61,-2.59,-0.69,1.62
52,2015-03-25,25.6,24.73,25.92,24.51,1121239,3652387456.0,5.44,-4.55,-1.18,1.78
53,2015-03-26,24.35,24.79,25.64,24.06,943498,3054692160.0,6.39,0.24,0.06,1.5
54,2015-03-27,24.56,24.59,24.99,24.28,597952,1920110128.0,2.86,-0.81,-0.2,0.95
55,2015-03-30,24.94,26.12,26.18,24.54,1332878,4388877312.0,6.67,6.22,1.53,2.12
56,2015-03-31,26.8,26.4,27.5,26.19,1585911,5446757376.0,5.02,1.07,0.28,2.52
57,2015-04-01,27.05,26.96,27.49,26.68,1178257,4070903376.0,3.07,2.12,0.56,1.87
58,2015-04-02,27.17,26.51,27.38,26.1,956121,3255757248.0,4.75,-1.67,-0.45,1.52
59,2015-04-03,26.25,26.6,26.9,26.16,817489,2781207888.0,2.79,0.34,0.09,1.3
60,2015-04-07,26.81,27.28,27.36,26.41,1258090,4322703616.0,3.57,2.56,0.68,2.0
61,2015-04-08,27.36,28.15,28.75,26.68,1877418,6632168192.0,7.59,3.19,0.87,2.99
62,2015-04-09,28.15,27.56,29.6,27.51,1674503,6025031936.0,7.42,-2.1,-0.59,2.66
63,2015-04-10,27.38,28.37,28.49,27.25,1166576,4134952672.0,4.5,2.94,0.81,1.86
64,2015-04-13,28.87,28.29,29.0,27.94,980838,3516703520.0,3.74,-0.28,-0.08,1.56
65,2015-04-14,28.27,27.32,28.28,27.01,1067929,3728580176.0,4.49,-3.43,-0.97,1.7
66,2015-04-15,27.22,26.87,27.8,26.79,872523,3033532208.0,3.7,-1.65,-0.45,1.39
67,2015-04-16,26.73,28.36,28.4,26.59,1269136,4469333504.0,6.74,5.55,1.49,2.02
68,2015-04-17,29.0,28.69,29.47,28.2,1428156,5183134208.0,4.48,1.16,0.33,2.27
69,2015-04-20,28.61,26.58,28.61,26.52,1355421,4763405056.0,7.28,-7.35,-2.11,2.16
70,2015-04-21,26.94,27.31,27.48,26.48,946713,3263631376.0,3.76,2.75,0.73,1.51
71,2015-04-22,27.41,29.41,29.49,27.22,1710090,6123575808.0,8.31,7.69,2.1,2.72
72,2015-04-23,29.49,28.71,29.78,28.0,1437153,5224964096.0,6.05,-2.38,-0.7,2.29
73,2015-04-24,27.85,27.28,28.43,26.88,1162895,4075030448.0,5.4,-4.98,-1.43,1.85
74,2015-04-27,27.58,28.3,28.33,27.24,1201740,4239574640.0,4.0,3.74,1.02,1.91
75,2015-04-28,28.27,28.54,29.01,27.3,1828486,6542342144.0,6.04,0.85,0.24,2.91
76,2015-04-29,28.3,28.11,28.78,27.38,1078528,3834661504.0,4.91,-1.51,-0.43,1.72
77,2015-04-30,28.2,27.32,28.79,27.25,1248549,4435798784.0,5.48,-2.81,-0.79,1.99
78,2015-05-04,27.44,28.55,28.76,26.69,1334820,4700304128.0,7.58,4.5,1.23,2.12
79,2015-05-05,28.56,27.36,29.0,27.18,1361322,4838019072.0,6.37,-4.17,-1.19,2.17
80,2015-05-06,27.42,28.93,30.85,27.42,3269039,12094224896.0,12.54,5.74,1.57,5.2
81,2015-05-07,28.1,27.09,28.59,27.06,1684512,5917593600.0,5.29,-6.36,-1.84,2.68
82,2015-05-08,27.5,26.94,27.69,26.25,1158993,3978470624.0,5.32,-0.55,-0.15,1.84
83,2015-05-11,27.1,27.99,28.49,26.65,1488233,5225954560.0,6.83,3.9,1.05,2.37
84,2015-05-12,27.7,28.06,28.59,27.3,1287549,4558395648.0,4.61,0.25,0.07,2.05
85,2015-05-13,28.1,27.45,28.37,27.3,894814,3151791680.0,3.81,-2.17,-0.61,1.42
86,2015-05-14,27.46,27.34,28.18,27.0,854054,2987886816.0,4.3,-0.4,-0.11,1.36
87,2015-05-15,27.1,25.95,27.29,25.85,1044835,3544115120.0,5.27,-5.08,-1.39,1.66
88,2015-05-18,25.51,25.05,25.66,25.02,728260,2390916704.0,2.47,-3.47,-0.9,1.16
89,2015-05-19,25.02,26.15,26.75,24.95,1029101,3451498960.0,7.19,4.39,1.1,1.64
90,2015-05-20,26.28,25.94,26.63,25.73,907840,3052703520.0,3.44,-0.8,-0.21,1.44
91,2015-05-21,26.18,26.02,26.28,25.66,709968,2374256288.0,2.39,0.31,0.08,1.13
92,2015-05-22,26.38,27.02,27.16,26.1,1210790,4151567168.0,4.07,3.84,1.0,1.93
93,2015-05-25,27.15,28.08,28.14,27.15,1224249,4317305856.0,3.66,3.92,1.06,1.95
94,2015-05-26,28.5,28.46,28.98,27.67,1216517,4349520384.0,4.67,1.35,0.38,1.94
95,2015-05-27,28.49,27.99,28.69,27.71,986148,3518236656.0,3.44,-1.65,-0.47,1.57
96,2015-05-28,27.9,25.36,28.09,25.26,1223969,4214707616.0,10.11,-9.4,-2.63,1.95
97,2015-05-29,25.46,24.73,25.78,24.38,980731,3200680160.0,5.52,-2.48,-0.63,1.56
98,2015-06-01,24.75,26.01,26.22,24.5,912925,3004958608.0,6.96,5.18,1.28,1.45
99,2015-06-02,25.88,25.7,26.18,25.33,856754,2843815984.0,3.27,-1.19,-0.31,1.36
100,2015-06-03,25.79,26.08,26.56,25.51,933275,3124103600.0,4.09,1.48,0.38,1.48
101,2015-06-04,26.07,26.55,27.04,23.71,1290456,4315321088.0,12.77,1.8,0.47,2.05
102,2015-06-05,26.96,26.4,27.2,25.51,1171889,3974264464.0,6.37,-0.56,-0.15,1.86
103,2015-06-08,26.49,28.17,28.59,26.1,2059266,7229978624.0,9.43,6.7,1.77,3.28
104,2015-06-09,28.39,27.37,28.39,27.0,1307785,4589477888.0,4.93,-2.84,-0.8,2.08
105,2015-06-10,27.15,27.29,27.98,26.78,1007455,3528611312.0,4.38,-0.29,-0.08,1.6
106,2015-06-11,27.3,27.29,27.88,26.62,1125569,3920851952.0,4.62,0.0,0.0,1.79
107,2015-06-12,27.36,26.92,27.64,26.81,884802,3061599696.0,3.04,-1.36,-0.37,1.41
108,2015-06-15,27.28,25.54,27.29,25.01,1023788,3455000048.0,8.47,-5.13,-1.38,1.63
109,2015-06-16,25.2,24.98,25.92,24.75,816316,2679910432.0,4.58,-2.19,-0.56,1.3
110,2015-06-17,25.1,25.17,25.4,24.6,686433,2231672864.0,3.2,0.76,0.19,1.09
111,2015-06-18,25.05,23.48,25.05,23.41,869497,2763550240.0,6.52,-6.71,-1.69,1.38
112,2015-06-19,23.35,21.57,23.9,21.3,883199,2700377136.0,11.07,-8.13,-1.91,1.4
113,2015-06-23,21.8,23.26,23.38,21.45,972371,2916418368.0,8.95,7.83,1.69,1.55
114,2015-06-24,23.13,23.42,23.67,22.86,874632,2692724496.0,3.48,0.69,0.16,1.39
115,2015-06-25,23.61,22.15,23.68,21.9,801887,2440431360.0,7.6,-5.42,-1.27,1.28
116,2015-06-26,21.6,20.56,22.7,19.4,1201090,3449106096.0,14.9,-7.18,-1.59,1.91
117,2015-06-29,21.4,20.69,21.75,18.5,1376958,3879505088.0,15.81,0.63,0.13,2.19
118,2015-06-30,20.69,22.68,22.96,20.57,1428105,4186415664.0,11.55,9.62,1.99,2.27
119,2015-07-01,22.1,21.03,22.6,20.8,854876,2516521440.0,7.94,-7.28,-1.65,1.36
120,2015-07-02,21.38,20.24,21.8,19.51,1286522,3630915808.0,10.89,-3.76,-0.79,2.05
121,2015-07-03,20.8,19.96,21.39,18.5,1069807,2960587920.0,14.28,-1.38,-0.28,1.7
122,2015-07-06,22.5,21.86,22.5,20.51,2185887,6331819264.0,9.97,9.52,1.9,3.48
123,2015-07-07,21.1,23.91,24.07,20.92,2803816,8384991744.0,14.41,9.38,2.05,4.46
124,2015-07-08,20.77,21.06,22.41,20.77,2154519,6162348288.0,6.86,-11.92,-2.85,3.43
125,2015-07-09,21.06,22.54,23.69,19.51,1664901,4866524416.0,19.85,7.03,1.48,2.65
126,2015-07-10,21.9,23.62,25.1,21.72,1661323,5228028160.0,15.0,4.79,1.08,2.64
127,2015-07-13,23.01,22.94,23.87,22.4,1093776,3339756288.0,6.22,-2.88,-0.68,1.74
128,2015-07-14,22.51,21.64,22.55,21.19,934974,2751563952.0,5.93,-5.67,-1.3,1.49
129,2015-07-15,21.5,21.78,22.15,20.95,728863,2112034496.0,5.55,0.65,0.14,1.16
130,2015-07-16,21.78,21.56,21.96,21.2,467185,1356778752.0,3.49,-1.01,-0.22,0.74
131,2015-07-17,22.06,21.97,22.3,21.45,538180,1552925424.0,3.94,1.9,0.41,0.86
132,2015-07-20,21.9,21.56,21.96,21.3,490133,1407117440.0,3.0,-1.87,-0.41,0.78
133,2015-07-21,21.5,21.64,22.06,21.35,503547,1446210016.0,3.29,0.37,0.08,0.8
134,2015-07-22,21.52,21.09,21.67,21.01,419060,1183641536.0,3.05,-2.54,-0.55,0.67
135,2015-07-23,21.18,21.71,22.0,20.95,622702,1786529856.0,4.98,2.94,0.62,0.99
136,2015-07-24,21.71,21.01,21.71,20.91,507499,1438493808.0,3.68,-3.22,-0.7,0.81
137,2015-07-27,20.88,18.21,21.05,18.21,751987,2004033152.0,13.52,-13.33,-2.8,1.2
138,2015-07-28,17.74,18.45,18.98,17.7,780777,1971013008.0,7.03,1.32,0.24,1.24
139,2015-07-29,18.71,18.73,18.92,18.18,458776,1164125696.0,4.01,1.52,0.28,0.73
140,2015-07-30,18.69,18.19,19.45,18.11,463639,1199705824.0,7.15,-2.88,-0.54,0.74
141,2015-07-31,17.87,17.92,18.2,17.68,499997,1244256624.0,2.86,-1.48,-0.27,0.8
142,2015-08-03,17.88,18.39,18.42,17.61,511342,1272145216.0,4.52,2.62,0.47,0.81
143,2015-08-04,18.34,18.76,18.93,18.23,368821,941853264.0,3.81,2.01,0.37,0.59
144,2015-08-05,18.6,17.96,18.65,17.89,313598,791793120.0,4.05,-4.26,-0.8,0.5
145,2015-08-06,17.71,17.62,18.0,17.51,303607,750702608.0,2.73,-1.89,-0.34,0.48
146,2015-08-07,17.9,18.1,18.38,17.73,372667,935466160.0,3.69,2.72,0.48,0.59
147,2015-08-10,18.12,19.18,19.37,17.98,552556,1422769424.0,7.68,5.97,1.08,0.88
148,2015-08-11,18.97,18.91,19.36,18.79,368960,960379696.0,2.97,-1.41,-0.27,0.59
149,2015-08-12,18.75,18.48,18.99,18.35,273092,702394176.0,3.38,-2.27,-0.43,0.43
150,2015-08-13,18.41,18.58,18.84,18.11,337219,858206688.0,3.95,0.54,0.1,0.54
151,2015-08-14,18.65,18.32,18.72,18.23,339340,863123024.0,2.64,-1.4,-0.26,0.54
152,2015-08-17,18.01,17.77,18.09,17.44,442130,1090824736.0,3.55,-3.0,-0.55,0.7
153,2015-08-18,17.86,16.46,18.24,16.37,534560,1308281552.0,10.52,-7.37,-1.31,0.85
154,2015-08-19,16.3,16.64,16.68,16.12,480726,1127906768.0,3.4,1.09,0.18,0.76
155,2015-08-20,16.49,16.16,16.84,16.15,277805,652087120.0,4.15,-2.88,-0.48,0.44
156,2015-08-21,15.9,15.03,16.3,15.0,405056,913832208.0,8.04,-6.99,-1.13,0.64
157,2015-08-24,14.4,12.85,14.5,12.83,843804,1707320496.0,11.11,-14.5,-2.18,1.34
158,2015-08-25,12.4,12.01,13.67,11.8,888087,1761625088.0,14.55,-6.54,-0.84,1.41
159,2015-08-26,12.18,13.14,13.8,12.11,740697,1474537440.0,14.07,9.41,1.13,1.18
160,2015-08-27,13.73,14.97,15.15,12.91,888785,1856585680.0,17.05,13.93,1.83,1.41
161,2015-08-28,15.0,15.3,15.7,14.61,774733,1717499344.0,7.28,2.2,0.33,1.23
162,2015-08-31,14.88,15.61,15.65,14.25,571205,1250800096.0,9.15,2.03,0.31,0.91
163,2015-09-01,15.0,15.7,15.8,14.28,786173,1752299984.0,9.74,0.58,0.09,1.25
164,2015-09-02,14.8,15.93,15.99,14.69,965751,2175350800.0,8.28,1.46,0.23,1.54
165,2015-09-07,15.64,14.84,15.97,14.81,268818,602131424.0,7.28,-6.84,-1.09,0.43
166,2015-09-08,15.05,15.28,15.34,14.58,243144,537101264.0,5.12,2.96,0.44,0.39
167,2015-09-09,15.32,15.82,16.01,15.3,294936,668869504.0,4.65,3.53,0.54,0.47
168,2015-09-10,15.51,16.0,16.06,15.51,279270,638282544.0,3.48,1.14,0.18,0.44
169,2015-09-11,15.88,15.79,16.14,15.61,138534,316529232.0,3.31,-1.31,-0.21,0.22
170,2015-09-14,15.9,16.34,16.4,14.88,765136,1750679936.0,9.63,3.48,0.55,1.22
171,2015-09-15,15.75,16.07,16.1,15.4,304202,695466240.0,4.28,-1.65,-0.27,0.48
172,2015-09-16,16.0,16.9,17.44,15.51,259682,606225136.0,12.01,5.16,0.83,0.41
173,2015-09-17,16.56,16.43,17.4,16.3,232687,554424832.0,6.51,-2.78,-0.47,0.37
174,2015-09-18,16.47,16.66,17.3,16.47,219940,524868608.0,5.05,1.4,0.23,0.35
175,2015-09-21,16.45,16.55,16.68,16.15,152647,357623856.0,3.18,-0.66,-0.11,0.24
176,2015-09-22,16.55,16.85,17.36,16.46,184417,442383696.0,5.44,1.81,0.3,0.29
177,2015-09-23,16.48,16.01,16.62,15.8,184718,428771376.0,4.87,-4.99,-0.84,0.29
178,2015-09-24,16.23,15.95,16.28,15.87,98802,227530455.0,2.56,-0.37,-0.06,0.16
179,2015-09-25,15.89,15.72,16.06,15.41,121503,275948896.0,4.08,-1.44,-0.23,0.19
180,2015-09-28,15.57,15.68,15.75,15.36,67680,152860537.0,2.48,-0.25,-0.04,0.11
181,2015-09-29,15.32,15.1,15.5,14.89,128405,283790912.0,3.89,-3.7,-0.58,0.2
182,2015-09-30,15.2,15.19,15.5,15.1,115013,256471179.0,2.65,0.6,0.09,0.18
183,2015-10-08,17.2,15.76,17.31,15.58,557909,1304940688.0,11.39,3.75,0.57,0.89
184,2015-10-09,15.95,16.96,17.2,15.82,332435,789917536.0,8.76,7.61,1.2,0.53
185,2015-10-12,16.8,17.4,17.97,16.72,378470,925318640.0,7.37,2.59,0.44,0.6
186,2015-10-13,17.31,17.43,17.72,17.18,176282,430832080.0,3.1,0.17,0.03,0.28
187,2015-10-14,17.18,16.86,17.42,16.79,173179,416702928.0,3.61,-3.27,-0.57,0.28
188,2015-10-15,16.95,17.22,17.26,16.8,138454,333356432.0,2.73,2.14,0.36,0.22
189,2015-10-16,17.3,17.72,17.98,17.29,241092,595362464.0,4.01,2.9,0.5,0.38
190,2015-10-19,17.7,17.81,18.5,17.56,258457,647688624.0,5.3,0.51,0.09,0.41
191,2015-10-20,17.8,17.89,17.99,17.63,148483,368252896.0,2.02,0.45,0.08,0.24
192,2015-10-21,17.88,18.2,18.85,17.35,382123,961734240.0,8.38,1.73,0.31,0.61
193,2015-10-22,17.86,17.85,18.06,17.5,238785,591429872.0,3.08,-1.92,-0.35,0.38
194,2015-10-23,17.95,18.37,18.6,17.77,267028,672579920.0,4.65,2.91,0.52,0.42
195,2015-10-26,18.53,18.53,19.04,18.36,241833,621984416.0,3.7,0.87,0.16,0.38
196,2015-10-27,18.41,18.4,18.71,17.81,168190,422073216.0,4.86,-0.7,-0.13,0.27
197,2015-10-28,18.21,17.8,18.34,17.78,130561,327827328.0,3.04,-3.26,-0.6,0.21
198,2015-10-29,17.93,17.63,17.93,17.58,141749,350438128.0,1.97,-0.96,-0.17,0.23
199,2015-10-30,17.66,17.66,17.97,17.4,174389,430447552.0,3.23,0.17,0.03,0.28
200,2015-11-02,17.5,17.76,18.15,17.48,266485,666421760.0,3.79,0.57,0.1,0.42
201,2015-11-03,17.94,18.0,18.24,17.86,138476,347117904.0,2.14,1.35,0.24,0.22
202,2015-11-04,18.01,20.08,20.25,18.0,613737,1614028736.0,12.5,11.56,2.08,0.98
203,2015-11-05,19.61,19.9,22.0,19.4,1352633,3748760528.0,12.95,-0.9,-0.18,2.15
204,2015-11-06,19.76,20.79,21.32,19.55,770000,2106524096.0,8.89,4.47,0.89,1.22
205,2015-11-09,20.57,20.55,21.76,20.46,774944,2172404000.0,6.25,-1.15,-0.24,1.23
206,2015-11-10,20.04,20.13,20.95,19.8,416820,1136352704.0,5.6,-2.04,-0.42,0.66
207,2015-11-11,20.0,20.07,20.15,19.54,286801,770692832.0,3.03,-0.3,-0.06,0.46
208,2015-11-12,20.18,19.8,20.19,19.65,214996,577404464.0,2.69,-1.35,-0.27,0.34
209,2015-11-13,19.56,19.53,19.93,19.5,208121,555612000.0,2.17,-1.36,-0.27,0.33
210,2015-11-16,19.0,19.23,19.34,18.96,220545,576393872.0,1.95,-1.54,-0.3,0.35
211,2015-11-17,19.47,19.44,20.36,19.33,334450,898085904.0,5.36,1.09,0.21,0.53
212,2015-11-18,19.41,19.43,19.8,19.3,203744,540343264.0,2.57,-0.05,-0.01,0.32
213,2015-11-19,19.53,20.04,20.1,19.37,208315,558161808.0,3.76,3.14,0.61,0.33
214,2015-11-20,20.19,20.08,20.49,19.95,221867,602851552.0,2.69,0.2,0.04,0.35
215,2015-11-23,19.97,19.9,20.34,19.88,162867,440579472.0,2.29,-0.9,-0.18,0.26
216,2015-11-24,19.76,19.96,20.09,19.52,175617,471061344.0,2.86,0.3,0.06,0.28
217,2015-11-25,19.88,20.02,20.12,19.79,157100,423438400.0,1.65,0.3,0.06,0.25
218,2015-11-26,20.15,20.03,20.36,20.0,151315,409971408.0,1.8,0.05,0.01,0.24
219,2015-11-27,19.91,19.39,20.12,18.97,285584,756700848.0,5.74,-3.2,-0.64,0.45
220,2015-11-30,19.33,19.46,19.65,18.45,242932,635121136.0,6.19,0.36,0.07,0.39
221,2015-12-01,19.46,19.77,20.33,19.26,216721,579580672.0,5.5,1.59,0.31,0.34
222,2015-12-02,19.74,21.74,21.88,19.53,623651,1754564928.0,11.89,9.96,1.97,0.99
223,2015-12-03,21.41,21.95,22.62,21.1,597284,1724848240.0,6.99,0.97,0.21,0.95
224,2015-12-04,21.51,20.82,21.63,20.74,297481,835408480.0,4.05,-5.15,-1.13,0.47
225,2015-12-07,20.84,20.5,21.16,20.31,177161,491668992.0,4.08,-1.54,-0.32,0.28
226,2015-12-08,20.36,20.02,20.44,19.9,154155,418401232.0,2.63,-2.34,-0.48,0.25
227,2015-12-09,19.94,20.06,20.68,19.94,129872,353684896.0,3.7,0.2,0.04,0.21
228,2015-12-10,20.1,20.06,21.07,20.01,188626,517580496.0,5.28,0.0,0.0,0.3
229,2015-12-11,19.89,20.21,20.49,19.73,138014,373866832.0,3.79,0.75,0.15,0.22
230,2015-12-14,20.0,21.29,21.65,19.9,289086,805206864.0,8.66,5.34,1.08,0.46
231,2015-12-15,21.1,20.6,21.17,20.5,214586,597893648.0,3.15,-3.24,-0.69,0.34
232,2015-12-16,20.61,20.63,21.1,20.6,112451,312384304.0,2.43,0.15,0.03,0.18
233,2015-12-17,20.92,20.83,21.48,20.64,193358,541694704.0,4.07,0.97,0.2,0.31
234,2015-12-18,20.79,20.9,21.22,20.61,184791,517008352.0,2.93,0.34,0.07,0.29
235,2015-12-21,20.71,21.67,22.03,20.65,348914,995011168.0,6.6,3.68,0.77,0.56
236,2015-12-22,21.5,22.26,22.3,21.28,348868,1008172032.0,4.71,2.72,0.59,0.55
237,2015-12-23,22.07,22.59,23.31,22.01,502962,1500651296.0,5.84,1.48,0.33,0.8
238,2015-12-24,22.58,22.8,23.26,22.05,327857,974224432.0,5.36,0.93,0.21,0.52
239,2015-12-25,22.67,23.4,23.5,22.52,262156,787744992.0,4.3,2.63,0.6,0.42
240,2015-12-28,23.4,22.23,23.4,22.15,238846,707479216.0,5.34,-5.0,-1.17,0.38
241,2015-12-29,22.15,22.16,22.61,22.0,245820,718680432.0,2.74,-0.31,-0.07,0.39
242,2015-12-30,22.24,21.82,22.31,21.48,305298,880772288.0,3.75,-1.53,-0.34,0.49
243,2015-12-31,21.8,21.86,22.33,21.52,185472,536232720.0,3.71,0.18,0.04,0.3
244,2016-01-04,21.69,20.2,21.89,20.01,146193,408046944.0,8.6,-7.59,-1.66,0.23
245,2016-01-05,19.97,20.68,20.94,19.87,265555,730951104.0,5.3,2.38,0.48,0.42
246,2016-01-06,20.55,20.97,21.2,20.2,171417,475674608.0,4.84,1.4,0.29,0.27
247,2016-01-07,20.45,18.58,20.67,18.45,41897,111690144.0,10.59,-11.4,-2.39,0.07
248,2016-01-08,19.66,19.55,20.0,18.75,269138,713374800.0,6.73,5.22,0.97,0.43
249,2016-01-11,19.1,18.41,19.29,17.48,257951,662446816.0,9.26,-5.83,-1.14,0.41
250,2016-01-12,18.6,18.92,19.0,17.8,277428,708121504.0,6.52,2.77,0.51,0.44
251,2016-01-13,19.15,18.72,19.18,18.0,159640,410916576.0,6.24,-1.06,-0.2,0.25
252,2016-01-14,17.9,19.04,19.25,17.76,186815,476733264.0,7.96,1.71,0.32,0.3
253,2016-01-15,18.65,18.59,18.99,18.36,199364,511832160.0,3.31,-2.36,-0.45,0.32
254,2016-01-18,18.21,18.11,18.73,17.94,128172,323877056.0,4.25,-2.58,-0.48,0.2
255,2016-01-19,18.32,18.26,18.56,17.31,255028,638485200.0,6.9,0.83,0.15,0.41
256,2016-01-20,18.0,17.19,18.05,17.12,325298,800061248.0,5.09,-5.86,-1.07,0.52
257,2016-01-21,17.03,16.89,17.37,16.7,178068,426374624.0,3.9,-1.75,-0.3,0.28
258,2016-01-22,17.15,16.92,17.18,16.3,167556,398454192.0,5.21,0.18,0.03,0.27
259,2016-01-25,17.01,16.8,17.1,16.67,146929,350404112.0,2.54,-0.71,-0.12,0.23
260,2016-01-26,16.61,15.54,16.77,15.5,206194,474622976.0,7.56,-7.5,-1.26,0.33
261,2016-01-27,15.88,15.55,15.92,15.27,215257,487143520.0,4.18,0.06,0.01,0.34
262,2016-01-28,15.59,15.48,15.91,15.0,124218,280145376.0,5.85,-0.45,-0.07,0.2
263,2016-01-29,15.57,16.27,16.45,15.39,143839,332011280.0,6.85,5.1,0.79,0.23
264,2016-02-01,16.5,15.97,16.5,15.78,90891,209191590.0,4.43,-1.84,-0.3,0.14
265,2016-02-02,15.93,16.29,16.48,15.9,96432,224145655.0,3.63,2.0,0.32,0.15
266,2016-02-03,16.0,15.78,16.07,15.48,100528,227897537.0,3.62,-3.13,-0.51,0.16
267,2016-02-04,15.87,16.08,16.3,15.83,74388,171823736.0,2.98,1.9,0.3,0.12
268,2016-02-05,16.12,15.93,16.35,15.91,79188,183269507.0,2.74,-0.93,-0.15,0.13
269,2016-02-15,15.4,15.52,15.73,15.2,70663,159018754.0,3.33,-2.57,-0.41,0.11
270,2016-02-16,15.7,16.22,16.28,15.61,96831,223879516.0,4.32,4.51,0.7,0.15
271,2016-02-17,16.26,16.23,16.59,16.01,135210,313758816.0,3.58,0.06,0.01,0.22
272,2016-02-18,16.47,16.49,16.8,16.31,127673,301038992.0,3.02,1.6,0.26,0.2
273,2016-02-19,16.4,16.35,16.58,16.2,58430,136630641.0,2.3,-0.85,-0.14,0.09
274,2016-02-22,16.67,17.19,17.98,16.34,245005,590018304.0,10.03,5.14,0.84,0.39
275,2016-02-23,17.11,16.78,17.16,16.49,114980,273776816.0,3.9,-2.39,-0.41,0.18
276,2016-02-24,16.6,16.85,16.96,16.4,132812,314302288.0,3.34,0.42,0.07,0.21
277,2016-02-25,16.73,15.86,16.8,15.65,225336,526705424.0,6.82,-5.88,-0.99,0.36
278,2016-02-26,16.1,16.39,16.54,16.01,129753,302610448.0,3.34,3.34,0.53,0.21
279,2016-02-29,16.22,16.51,16.54,15.5,135887,313577184.0,6.35,0.73,0.12,0.22
280,2016-03-01,16.34,16.8,17.18,16.01,139303,328508080.0,7.09,1.76,0.29,0.22
281,2016-03-02,16.88,17.48,17.6,16.77,212587,515852672.0,4.94,4.05,0.68,0.34
282,2016-03-03,17.61,17.58,17.77,17.07,179660,438359216.0,4.0,0.57,0.1,0.29
283,2016-03-04,17.36,18.16,18.29,17.29,503200,1253005280.0,5.69,3.3,0.58,0.8
284,2016-03-07,18.1,17.59,18.47,17.45,181559,451364544.0,5.62,-3.14,-0.57,0.29
285,2016-03-08,17.58,17.77,17.81,16.66,180258,434882816.0,6.54,1.02,0.18,0.29
286,2016-03-09,17.25,18.08,18.11,16.81,186553,457330992.0,7.32,1.74,0.31,0.3
287,2016-03-10,17.61,17.38,17.98,17.3,78735,194107540.0,3.76,-3.87,-0.7,0.13
288,2016-03-11,17.2,17.63,17.68,17.15,89124,218003561.0,3.05,1.44,0.25,0.14
289,2016-03-14,17.75,17.49,18.33,17.32,187837,466016208.0,5.73,-0.79,-0.14,0.3
290,2016-03-15,17.5,17.77,17.85,17.31,127901,314961776.0,3.09,1.6,0.28,0.2
291,2016-03-16,17.76,18.41,18.57,17.58,373923,946321616.0,5.57,3.6,0.64,0.59
292,2016-03-17,18.51,18.09,18.83,17.88,195370,494549904.0,5.16,-1.74,-0.32,0.31
293,2016-03-18,18.33,18.14,18.59,18.02,258249,651556480.0,3.15,0.28,0.05,0.41
294,2016-03-21,18.39,19.04,19.94,18.28,349375,915361360.0,9.15,4.96,0.9,0.56
295,2016-03-22,19.0,18.9,19.23,18.75,181541,471791328.0,2.52,-0.74,-0.14,0.29
296,2016-03-23,19.08,19.19,19.45,18.9,121907,318804560.0,2.91,1.53,0.29,0.19
297,2016-03-24,18.89,18.78,19.09,18.51,139315,359259952.0,3.02,-2.14,-0.41,0.22
298,2016-03-25,18.85,19.29,19.88,18.79,145145,382668304.0,5.8,2.72,0.51,0.23
299,2016-03-28,19.48,18.65,19.68,18.51,155613,407378576.0,6.07,-3.32,-0.64,0.25
300,2016-03-29,18.77,18.51,18.8,18.4,124060,317220336.0,2.14,-0.75,-0.14,0.2
301,2016-03-30,18.76,19.32,19.49,18.69,146974,383589840.0,4.32,4.38,0.81,0.23
302,2016-03-31,19.38,19.23,19.6,19.1,102945,270658208.0,2.59,-0.47,-0.09,0.16
303,2016-04-01,19.44,19.37,19.55,19.0,133764,351573472.0,2.86,0.73,0.14,0.21
304,2016-04-05,19.04,19.43,19.66,19.04,94263,248838955.0,3.2,0.31,0.06,0.15
305,2016-04-06,19.2,19.14,19.36,19.1,80096,209557007.0,1.34,-1.49,-0.29,0.13
306,2016-04-07,19.27,18.98,19.29,18.98,105866,275478720.0,1.62,-0.84,-0.16,0.17
307,2016-04-08,18.75,18.99,19.11,18.72,227489,590517200.0,2.05,0.05,0.01,0.36
308,2016-04-11,19.16,19.0,19.36,18.99,190360,496524592.0,1.95,0.05,0.01,0.3
309,2016-04-12,19.0,19.0,19.07,18.97,126582,329189072.0,0.53,0.0,0.0,0.2
310,2016-04-13,19.19,19.25,19.8,19.14,182942,485294368.0,3.47,1.32,0.25,0.29
311,2016-04-14,19.4,19.29,19.5,19.2,93011,244689917.0,1.56,0.21,0.04,0.15
312,2016-04-15,19.36,19.48,19.53,19.25,147978,390240240.0,1.45,0.98,0.19,0.24
313,2016-04-18,19.25,19.47,19.86,19.03,196645,521536320.0,4.26,-0.05,-0.01,0.31
314,2016-04-19,19.6,19.64,19.79,19.4,103177,274398704.0,2.0,0.87,0.17,0.16
315,2016-04-20,19.6,20.41,20.44,19.25,463989,1244447056.0,6.06,3.92,0.77,0.74
316,2016-04-21,20.15,20.56,20.92,19.88,304674,838839296.0,5.1,0.73,0.15,0.48
317,2016-04-22,20.25,20.65,20.8,20.17,234735,649089504.0,3.06,0.44,0.09,0.37
318,2016-04-25,20.41,20.77,21.05,20.16,199444,553932528.0,4.31,0.58,0.12,0.32
319,2016-04-26,20.79,20.79,21.17,20.6,182646,506861056.0,2.74,0.1,0.02,0.29
320,2016-04-27,20.87,20.73,20.92,20.55,96989,269251072.0,1.78,-0.29,-0.06,0.15
321,2016-04-28,20.74,20.72,20.85,20.58,104894,290782256.0,1.3,-0.05,-0.01,0.17
322,2016-04-29,20.58,20.61,20.77,20.38,133415,369235568.0,1.88,-0.53,-0.11,0.21
323,2016-05-03,20.1,20.31,20.65,19.75,250108,683827456.0,4.37,-1.46,-0.3,0.4
324,2016-05-04,20.32,20.28,20.33,20.07,114119,311309424.0,1.28,-0.15,-0.03,0.18
325,2016-05-05,20.27,20.22,20.35,20.03,93553,254378485.0,1.58,-0.3,-0.06,0.15
326,2016-05-06,20.26,19.11,20.36,19.08,308163,826435936.0,6.33,-5.49,-1.11,0.49
327,2016-05-09,19.13,18.96,19.25,18.64,172687,448617872.0,3.19,-0.78,-0.15,0.27
328,2016-05-10,18.71,18.79,19.07,18.65,157791,408913168.0,2.22,-0.9,-0.17,0.25
329,2016-05-11,18.88,18.83,19.02,18.76,228319,589834928.0,1.38,0.21,0.04,0.36
330,2016-05-12,18.75,19.59,19.66,18.63,152426,400603440.0,5.47,4.04,0.76,0.24
331,2016-05-13,19.41,19.59,19.75,19.25,179765,478161808.0,2.55,0.0,0.0,0.29
332,2016-05-16,19.35,19.45,19.71,19.32,242060,642600208.0,1.99,-0.71,-0.14,0.39
333,2016-05-17,19.48,19.44,19.55,19.34,82530,218135172.0,1.08,-0.05,-0.01,0.13
334,2016-05-18,19.32,19.94,19.99,19.3,194989,521273328.0,3.55,2.57,0.5,0.31
335,2016-05-19,19.8,19.91,20.01,19.78,91197,245382562.0,1.15,-0.15,-0.03,0.15
336,2016-05-20,19.83,19.96,20.06,19.8,47367,127619277.0,1.31,0.25,0.05,0.08
337,2016-05-23,19.95,19.86,20.02,19.82,52504,141392604.0,1.0,-0.5,-0.1,0.08
338,2016-05-24,19.8,19.49,19.89,19.32,57636,152834009.0,2.87,-1.86,-0.37,0.09
339,2016-05-25,19.77,19.58,19.8,19.51,35574,94862871.0,1.49,0.46,0.09,0.06
340,2016-05-26,19.59,19.61,19.92,19.51,64175,171236411.0,2.09,0.15,0.03,0.1
341,2016-05-27,19.5,19.66,19.74,19.5,36215,96581978.0,1.22,0.25,0.05,0.06
342,2016-05-30,19.88,19.88,19.9,19.55,54117,144917917.0,1.78,1.12,0.22,0.09
343,2016-05-31,19.81,20.29,20.95,19.8,226916,624763568.0,5.78,2.06,0.41,0.36
344,2016-06-01,20.13,20.04,20.29,20.0,88724,240825824.0,1.43,-1.23,-0.25,0.14
345,2016-06-02,20.07,19.91,20.19,19.82,59603,160531124.0,1.85,-0.65,-0.13,0.09
346,2016-06-03,20.12,20.08,20.17,19.88,66894,180807486.0,1.46,0.85,0.17,0.11
347,2016-06-06,20.12,20.07,20.18,19.93,68712,185892902.0,1.25,-0.05,-0.01,0.11
348,2016-06-07,20.2,20.08,20.2,20.04,45778,124012146.0,0.8,0.05,0.01,0.07
349,2016-06-08,20.16,20.03,20.16,19.99,61156,165399344.0,0.85,-0.25,-0.05,0.1
350,2016-06-13,19.62,19.87,20.08,19.5,125214,336555456.0,2.9,-0.8,-0.16,0.2
351,2016-06-14,19.8,19.93,20.07,19.63,78889,212277634.0,2.21,0.3,0.06,0.13
352,2016-06-15,19.41,19.89,20.0,19.41,86252,231437438.0,2.96,-0.2,-0.04,0.14
353,2016-06-16,19.62,19.96,20.05,19.62,123042,331770656.0,2.16,0.35,0.07,0.2
354,2016-06-17,19.85,20.1,20.18,19.85,66398,179933254.0,1.65,0.7,0.14,0.11
355,2016-06-20,20.1,20.11,20.2,20.0,45620,123660705.0,1.0,0.05,0.01,0.07
356,2016-06-21,20.15,20.1,20.48,20.09,71178,193467316.0,1.94,-0.05,-0.01,0.11
357,2016-06-22,20.06,20.0,20.11,19.91,28471,76944526.0,1.0,-0.5,-0.1,0.05
358,2016-06-23,20.08,19.71,20.08,19.65,52852,141368857.0,2.15,-1.45,-0.29,0.08
359,2016-06-24,19.62,19.72,19.84,19.55,114113,304635856.0,1.47,0.05,0.01,0.18
360,2016-06-27,19.7,19.72,19.81,19.63,65408,174690145.0,0.91,0.0,0.0,0.1
361,2016-06-28,19.65,19.73,19.83,19.61,55765,148975184.0,1.12,0.05,0.01,0.09
362,2016-06-29,19.73,19.9,19.94,19.7,57112,153019087.0,1.22,0.86,0.17,0.09
363,2016-06-30,19.88,20.04,20.19,19.75,64964,175608611.0,2.21,0.7,0.14,0.1
364,2016-07-01,20.04,20.03,20.25,19.9,40617,109856025.0,1.75,-0.05,-0.01,0.06
365,2016-07-04,20.0,20.43,20.72,19.95,84145,230786570.0,3.84,2.0,0.4,0.13
366,2016-07-05,20.43,20.12,20.48,20.01,65777,179109777.0,2.3,-1.52,-0.31,0.1
367,2016-07-06,20.0,19.87,20.1,19.66,74130,198621068.0,2.19,-1.24,-0.25,0.12
368,2016-07-07,19.87,19.91,19.96,19.72,42785,114894990.0,1.21,0.2,0.04,0.07
369,2016-07-08,19.88,19.73,19.88,19.71,37336,99894437.0,0.85,-0.9,-0.18,0.06
370,2016-07-11,19.85,19.81,19.98,19.73,38503,103494377.0,1.27,0.41,0.08,0.06
371,2016-07-12,19.8,20.27,20.32,19.73,70831,191938336.0,2.98,2.32,0.46,0.11
372,2016-07-13,20.27,20.35,20.69,20.23,87866,240530855.0,2.27,0.39,0.08,0.14
373,2016-07-14,20.39,20.38,20.44,20.22,42391,115873016.0,1.08,0.15,0.03,0.07
374,2016-07-15,20.38,20.44,20.57,20.3,89458,245503446.0,1.32,0.29,0.06,0.14
375,2016-07-18,20.38,20.42,20.63,20.3,64793,178009252.0,1.61,-0.1,-0.02,0.1
376,2016-07-19,20.42,20.13,20.46,19.95,38463,104407859.0,2.5,-1.42,-0.29,0.06
377,2016-07-20,20.01,20.27,20.31,19.95,39512,107283294.0,1.79,0.7,0.14,0.06
378,2016-07-21,20.23,20.45,20.58,20.21,43552,119731071.0,1.83,0.89,0.18,0.07
379,2016-07-22,20.35,20.1,20.55,19.95,54256,147227770.0,2.93,-1.71,-0.35,0.09
380,2016-07-25,20.1,20.1,20.2,19.96,33632,91054341.0,1.19,0.0,0.0,0.05
381,2016-07-26,20.1,20.08,20.27,19.99,52160,141268428.0,1.39,-0.1,-0.02,0.08
382,2016-07-27,20.08,20.6,20.62,19.5,173406,471181392.0,5.58,2.59,0.52,0.28
383,2016-07-28,20.35,20.16,20.55,20.09,65352,177996757.0,2.23,-2.14,-0.44,0.1
384,2016-07-29,20.09,19.79,20.24,19.72,59869,161706196.0,2.58,-1.84,-0.37,0.1
385,2016-08-01,19.7,19.7,19.97,19.68,74245,198628977.0,1.47,-0.45,-0.09,0.12
386,2016-08-02,19.7,19.74,19.85,19.69,122871,328600112.0,0.81,0.2,0.04,0.2
387,2016-08-03,19.54,19.71,19.79,19.48,56545,150927240.0,1.57,-0.15,-0.03,0.09
388,2016-08-04,19.84,19.73,19.85,19.68,61509,164301015.0,0.86,0.1,0.02,0.1
389,2016-08-05,19.8,19.71,19.8,19.68,65674,175459020.0,0.61,-0.1,-0.02,0.1
390,2016-08-08,19.75,19.85,19.95,19.68,49065,131658555.0,1.37,0.71,0.14,0.08
391,2016-08-09,19.89,19.94,19.97,19.83,56132,150946752.0,0.71,0.45,0.09,0.09
392,2016-08-10,20.01,20.02,20.05,19.88,88947,239898654.0,0.85,0.4,0.08,0.14
393,2016-08-11,19.9,19.82,20.75,19.75,179259,468961520.0,5.0,-1.0,-0.2,0.29
394,2016-08-12,19.68,20.14,20.19,19.66,144882,374533872.0,2.67,1.61,0.32,0.23
395,2016-08-15,20.1,20.75,21.52,19.97,326524,876173984.0,7.7,3.03,0.61,0.52
396,2016-08-16,20.72,20.38,20.89,20.25,236694,627286464.0,3.08,-1.78,-0.37,0.38
397,2016-08-17,20.57,20.44,20.62,20.38,113440,300140352.0,1.18,0.29,0.06,0.18
398,2016-08-18,20.5,20.37,20.75,20.33,568644,1500899504.0,2.05,-0.34,-0.07,0.9
399,2016-08-19,20.35,20.4,20.48,20.31,79973,211129339.0,0.83,0.15,0.03,0.13
400,2016-08-22,20.4,20.42,20.47,20.38,75443,199191179.0,0.44,0.1,0.02,0.12
401,2016-08-23,20.43,20.42,20.86,20.38,73355,194672557.0,2.35,0.0,0.0,0.12
402,2016-08-24,20.42,20.42,20.51,20.37,67420,178104694.0,0.69,0.0,0.0,0.11
403,2016-08-25,20.42,20.42,20.53,20.31,89820,237278686.0,1.08,0.0,0.0,0.14
404,2016-08-26,20.42,20.51,20.6,20.4,44708,118476771.0,0.98,0.44,0.09,0.07
405,2016-08-29,20.6,20.73,20.76,20.44,72669,193675625.0,1.56,1.07,0.22,0.12
406,2016-08-30,20.68,20.7,20.86,20.55,79230,211740212.0,1.5,-0.14,-0.03,0.13
407,2016-08-31,20.6,21.47,21.64,20.59,183234,499342304.0,5.07,3.72,0.77,0.29
408,2016-09-01,21.47,21.98,22.2,21.27,218310,608767136.0,4.33,2.38,0.51,0.35
409,2016-09-02,22.16,22.23,22.24,21.75,168234,471869744.0,2.23,1.14,0.25,0.27
410,2016-09-05,22.23,22.0,22.4,21.92,91749,257829563.0,2.16,-1.03,-0.23,0.15
411,2016-09-06,21.85,22.39,22.44,21.77,115182,323636976.0,3.05,1.77,0.39,0.18
412,2016-09-07,22.53,23.04,23.85,22.35,335106,983365200.0,6.7,2.9,0.65,0.53
413,2016-09-08,22.93,23.24,23.36,22.69,110680,321361648.0,2.91,0.87,0.2,0.18
414,2016-09-09,23.04,23.4,23.5,22.73,124024,361337984.0,3.31,0.69,0.16,0.2
415,2016-09-12,22.79,23.1,23.12,21.92,182448,521145600.0,5.13,-1.28,-0.3,0.29
416,2016-09-13,22.77,22.4,22.8,22.0,110203,312621008.0,3.46,-3.03,-0.7,0.18
417,2016-09-14,22.08,22.46,22.57,21.95,113526,321598304.0,2.77,0.27,0.06,0.18
418,2016-09-19,22.45,22.53,22.68,22.35,70898,202392341.0,1.47,0.31,0.07,0.11
419,2016-09-20,22.27,22.82,22.92,22.27,72690,208777346.0,2.89,1.29,0.29,0.12
420,2016-09-21,22.83,23.05,23.2,22.73,79683,231125774.0,2.06,1.01,0.23,0.13
421,2016-09-22,23.18,23.53,23.85,23.0,98615,290830192.0,3.69,2.08,0.48,0.16
422,2016-09-23,23.43,23.49,23.65,23.33,39327,115986853.0,1.36,-0.17,-0.04,0.06
423,2016-09-26,23.23,23.02,23.38,23.0,59694,173991673.0,1.62,-2.0,-0.47,0.09
424,2016-09-27,22.98,22.91,23.13,22.81,65377,189529398.0,1.39,-0.48,-0.11,0.1
425,2016-09-28,23.03,22.98,23.14,22.9,45727,132628321.0,1.05,0.31,0.07,0.07
426,2016-09-29,23.1,22.97,23.1,22.9,52383,151814360.0,0.87,-0.04,-0.01,0.08
427,2016-09-30,22.99,22.75,22.99,22.61,65609,188632612.0,1.65,-0.96,-0.22,0.1
428,2016-10-10,22.99,23.51,23.56,22.91,75063,220080979.0,2.86,3.34,0.76,0.12
429,2016-10-11,23.59,23.9,24.07,23.31,77738,231144403.0,3.23,1.66,0.39,0.12
430,2016-10-12,23.89,24.52,24.7,23.71,225173,685841632.0,4.14,2.59,0.62,0.36
431,2016-10-13,24.58,23.8,24.58,23.75,54719,164057876.0,3.38,-2.94,-0.72,0.09
432,2016-10-14,23.8,23.53,23.97,23.41,42872,126931215.0,2.35,-1.13,-0.27,0.07
433,2016-10-17,23.42,22.6,23.54,22.57,74986,217103041.0,4.12,-3.95,-0.93,0.12
434,2016-10-18,22.63,23.27,23.3,22.63,57647,167851142.0,2.96,2.96,0.67,0.09
435,2016-10-19,23.26,23.18,23.44,23.02,56189,164100914.0,1.8,-0.39,-0.09,0.09
436,2016-10-20,23.2,23.13,23.4,23.02,46807,137098164.0,1.64,-0.22,-0.05,0.07
437,2016-10-21,23.15,23.27,23.32,23.1,47954,140194189.0,0.95,0.61,0.14,0.08
438,2016-10-24,23.25,23.26,23.77,23.14,80863,237238794.0,2.71,-0.04,-0.01,0.13
439,2016-10-25,23.3,23.14,23.34,23.09,159164,463612528.0,1.07,-0.52,-0.12,0.25
440,2016-10-26,23.2,23.2,23.26,23.14,67456,196950281.0,0.52,0.26,0.06,0.11
441,2016-10-27,23.19,23.21,23.24,23.12,67207,196263408.0,0.52,0.04,0.01,0.11
442,2016-10-28,23.17,23.38,23.75,23.16,92200,271959728.0,2.54,0.73,0.17,0.15
443,2016-10-31,23.22,23.32,23.38,23.0,70729,207024697.0,1.63,-0.26,-0.06,0.11
444,2016-11-01,23.35,23.38,23.4,23.3,57636,169073531.0,0.43,0.26,0.06,0.09
445,2016-11-02,23.29,23.32,23.4,23.23,60544,177444933.0,0.73,-0.26,-0.06,0.1
446,2016-11-03,23.25,23.79,23.88,23.25,93279,276064896.0,2.7,2.02,0.47,0.15
447,2016-11-04,23.76,23.8,23.87,23.61,92458,275497760.0,1.09,0.04,0.01,0.15
448,2016-11-07,23.8,23.77,24.05,23.56,71326,212746069.0,2.06,-0.13,-0.03,0.11
449,2016-11-08,23.76,24.02,24.05,23.7,75537,226237069.0,1.47,1.05,0.25,0.12
450,2016-11-09,24.06,23.8,24.09,23.71,131095,390887808.0,1.58,-0.92,-0.22,0.21
451,2016-11-10,24.13,23.82,24.26,23.7,72019,215054187.0,2.35,0.08,0.02,0.11
452,2016-11-11,23.7,23.99,24.32,23.7,104546,312798032.0,2.6,0.71,0.17,0.17
453,2016-11-14,24.0,23.99,24.18,23.8,82795,248250425.0,1.58,0.0,0.0,0.13
454,2016-11-15,23.87,23.98,24.01,23.85,59340,177894952.0,0.67,-0.04,-0.01,0.09
455,2016-11-16,23.95,23.98,24.1,23.88,59772,179186692.0,0.92,0.0,0.0,0.1
456,2016-11-17,23.9,24.0,24.03,23.8,62318,186667467.0,0.96,0.08,0.02,0.1
457,2016-11-18,23.85,24.12,24.18,23.83,60074,180216236.0,1.46,0.5,0.12,0.1
458,2016-11-21,24.09,24.91,25.67,24.01,196563,610947456.0,6.88,3.28,0.79,0.31
459,2016-11-22,24.61,24.89,25.38,24.54,157454,487728720.0,3.37,-0.08,-0.02,0.25
460,2016-11-23,24.9,24.86,25.15,24.75,63690,196848596.0,1.61,-0.12,-0.03,0.1
461,2016-11-24,24.99,25.09,25.34,24.64,114643,355463696.0,2.82,0.93,0.23,0.18
462,2016-11-25,25.03,25.14,25.18,24.65,70952,219088693.0,2.11,0.2,0.05,0.11
463,2016-11-28,25.15,24.73,25.5,24.64,88871,275181392.0,3.42,-1.63,-0.41,0.14
464,2016-11-29,24.77,24.85,24.96,24.44,81703,251149031.0,2.1,0.49,0.12,0.13
465,2016-11-30,24.87,24.21,24.99,24.06,101177,308732176.0,3.74,-2.58,-0.64,0.16
466,2016-12-01,24.22,24.09,24.57,24.04,55260,167164532.0,2.19,-0.5,-0.12,0.09
467,2016-12-02,24.12,24.38,24.4,23.66,119127,356974176.0,3.07,1.2,0.29,0.19
468,2016-12-05,24.05,24.3,24.35,23.93,121160,365162528.0,1.72,-0.33,-0.08,0.19
469,2016-12-06,24.35,24.31,24.4,24.06,60139,182295689.0,1.4,0.04,0.01,0.1
470,2016-12-07,24.35,24.33,24.46,24.13,71805,218093828.0,1.36,0.08,0.02,0.11
471,2016-12-08,24.39,24.18,24.55,24.17,38366,116399529.0,1.56,-0.62,-0.15,0.06
472,2016-12-09,24.04,24.61,24.67,24.04,122416,373423936.0,2.61,1.78,0.43,0.19
473,2016-12-12,24.55,24.72,25.2,24.4,202693,620884384.0,3.25,0.45,0.11,0.32
474,2016-12-13,24.6,24.14,24.77,24.11,61188,185961302.0,2.67,-2.35,-0.58,0.1
475,2016-12-14,24.02,24.06,24.37,24.02,36671,110693108.0,1.45,-0.33,-0.08,0.06
476,2016-12-15,23.9,23.09,23.95,22.88,95550,281477056.0,4.45,-4.03,-0.97,0.15
477,2016-12-16,23.15,22.85,23.4,22.7,55485,161013593.0,3.03,-1.04,-0.24,0.09
478,2016-12-19,22.86,22.91,22.98,22.62,40570,116874115.0,1.58,0.26,0.06,0.06
479,2016-12-20,23.0,23.13,23.55,22.44,62387,179547827.0,4.85,0.96,0.22,0.1
480,2016-12-21,23.0,22.6,23.2,22.56,58645,169147144.0,2.77,-2.29,-0.53,0.09
481,2016-12-22,22.68,22.33,22.68,22.27,40944,116425823.0,1.81,-1.19,-0.27,0.07
482,2016-12-23,22.32,21.72,22.4,21.5,56230,156345250.0,4.03,-2.73,-0.61,0.09
483,2016-12-26,21.63,21.63,21.68,21.26,44756,123182397.0,1.93,-0.41,-0.09,0.07
484,2016-12-27,21.57,21.5,21.84,21.46,41679,115244735.0,1.76,-0.6,-0.13,0.07
485,2016-12-28,21.42,21.5,21.6,21.32,53975,148335035.0,1.3,0.0,0.0,0.09
486,2016-12-29,21.48,21.65,21.74,21.4,53246,147016817.0,1.58,0.7,0.15,0.08
487,2016-12-30,21.62,21.77,21.78,21.28,61335,168854739.0,2.31,0.55,0.12,0.1
488,2017-01-03,21.63,22.02,22.25,21.52,73418,205917441.0,3.35,1.15,0.25,0.12
489,2017-01-04,22.02,22.18,22.25,21.9,81962,230102881.0,1.59,0.73,0.16,0.13
490,2017-01-05,22.18,22.34,22.47,22.15,50138,142174846.0,1.44,0.72,0.16,0.08
491,2017-01-06,22.39,21.94,22.5,21.9,33348,93918866.0,2.69,-1.79,-0.4,0.05
492,2017-01-09,22.08,22.35,22.47,22.05,51931,147149928.0,1.91,1.87,0.41,0.08
493,2017-01-10,22.34,22.04,22.4,22.01,26327,74125009.0,1.74,-1.39,-0.31,0.04
494,2017-01-11,22.28,22.07,22.3,22.0,26857,75505769.0,1.36,0.14,0.03,0.04
495,2017-01-12,22.03,21.84,22.19,21.78,31471,88316664.0,1.86,-1.04,-0.23,0.05
496,2017-01-13,21.86,22.12,22.5,21.82,62575,176615513.0,3.11,1.28,0.28,0.1
497,2017-01-16,22.11,22.67,22.86,21.9,174424,495778528.0,4.34,2.49,0.55,0.28
498,2017-01-17,22.51,22.88,23.08,22.32,74413,214142513.0,3.35,0.93,0.21,0.12
499,2017-01-18,22.78,23.02,23.13,22.76,39710,115220365.0,1.62,0.61,0.14,0.06
500,2017-01-19,22.78,22.65,23.22,22.46,38414,110474216.0,3.3,-1.61,-0.37,0.06
501,2017-01-20,22.77,22.74,23.05,22.65,82322,237935639.0,1.77,0.4,0.09,0.13
502,2017-01-23,22.8,22.88,23.06,22.8,109592,317269232.0,1.14,0.62,0.14,0.17
503,2017-01-24,22.99,22.96,23.06,22.8,40370,116898252.0,1.14,0.35,0.08,0.06
504,2017-01-25,22.83,23.1,23.13,22.72,99458,287428096.0,1.79,0.61,0.14,0.16
505,2017-01-26,22.95,23.02,23.16,22.82,59417,172463360.0,1.47,-0.35,-0.08,0.09
506,2017-02-03,23.18,22.26,23.18,22.24,34012,96837571.0,4.08,-3.3,-0.76,0.05
507,2017-02-06,22.5,22.44,22.59,22.31,110855,315420640.0,1.26,0.81,0.18,0.18
508,2017-02-07,22.5,22.4,22.64,22.28,57863,164369298.0,1.6,-0.18,-0.04,0.09
509,2017-02-08,22.25,22.12,22.3,21.92,78517,220466334.0,1.7,-1.25,-0.28,0.12
510,2017-02-09,22.12,22.0,22.17,21.89,148812,417934000.0,1.27,-0.54,-0.12,0.24
511,2017-02-10,22.12,22.01,22.12,21.92,151316,423754528.0,0.91,0.05,0.01,0.24
512,2017-02-13,22.01,22.05,22.2,21.94,225841,634386848.0,1.18,0.18,0.04,0.36
513,2017-02-14,22.06,21.72,22.08,21.68,133777,371665152.0,1.81,-1.5,-0.33,0.21
514,2017-02-15,21.8,21.75,21.84,21.6,119558,331676160.0,1.1,0.14,0.03,0.19
515,2017-02-16,21.75,21.65,21.81,21.55,98229,271300672.0,1.2,-0.46,-0.1,0.16
516,2017-02-17,21.63,21.66,21.86,21.6,200539,556553680.0,1.2,0.05,0.01,0.32
517,2017-02-20,21.7,21.98,21.99,21.66,296066,824044272.0,1.52,1.48,0.32,0.47
518,2017-02-21,21.99,21.91,22.07,21.83,192993,539198704.0,1.09,-0.32,-0.07,0.31
519,2017-02-22,21.94,21.67,21.94,21.65,166633,461989888.0,1.32,-1.1,-0.24,0.27
520,2017-02-23,21.69,21.38,21.7,21.31,117425,322163664.0,1.8,-1.34,-0.29,0.19
521,2017-02-24,21.35,21.58,21.6,21.3,107415,294380912.0,1.4,0.94,0.2,0.17
522,2017-02-27,21.53,21.41,21.73,21.28,225248,620508432.0,2.09,-0.79,-0.17,0.36
523,2017-02-28,21.36,21.34,21.46,21.32,119878,328047792.0,0.65,-0.33,-0.07,0.19
524,2017-03-01,21.35,21.22,21.44,21.19,132755,362734256.0,1.17,-0.56,-0.12,0.21
525,2017-03-02,21.28,20.79,21.32,20.78,210737,569384608.0,2.54,-2.03,-0.43,0.34
526,2017-03-03,20.74,20.81,20.97,20.65,140057,375397776.0,1.54,0.1,0.02,0.22
527,2017-03-06,20.81,20.87,20.94,20.74,79748,213918471.0,0.96,0.29,0.06,0.13
528,2017-03-07,20.84,20.99,21.01,20.78,93346,250879624.0,1.1,0.57,0.12,0.15
529,2017-03-08,20.97,21.0,21.07,20.87,67868,183068736.0,0.95,0.05,0.01,0.11
530,2017-03-09,20.94,21.13,21.22,20.71,134657,363395616.0,2.43,0.62,0.13,0.21
531,2017-03-10,21.08,21.29,21.35,20.96,136255,371267648.0,1.85,0.76,0.16,0.22
532,2017-03-13,21.3,21.81,21.94,21.3,249657,692684000.0,3.01,2.44,0.52,0.4
533,2017-03-14,21.79,21.88,22.05,21.69,136856,382032752.0,1.65,0.32,0.07,0.22
534,2017-03-15,21.75,21.9,22.0,21.6,83560,232709344.0,1.83,0.09,0.02,0.13
535,2017-03-16,22.0,21.85,22.14,21.76,98470,275087984.0,1.74,-0.23,-0.05,0.16
536,2017-03-17,21.93,21.59,22.05,21.49,95702,265300614.0,2.56,-1.19,-0.26,0.15
537,2017-03-20,21.65,21.35,21.67,21.18,86868,237559307.0,2.27,-1.11,-0.24,0.14
538,2017-03-21,21.35,21.36,21.57,21.3,113961,312425408.0,1.26,0.05,0.01,0.18
539,2017-03-22,21.3,20.71,21.39,20.52,141769,380281488.0,4.07,-3.04,-0.65,0.23
540,2017-03-23,20.74,20.65,21.08,20.53,176574,474106448.0,2.66,-0.29,-0.06,0.28
541,2017-03-24,20.78,21.07,21.12,20.58,163286,438010832.0,2.62,2.03,0.42,0.26
542,2017-03-27,21.06,21.03,21.21,20.88,123960,335519184.0,1.57,-0.19,-0.04,0.2
543,2017-03-28,21.07,21.06,21.27,20.96,109594,297001936.0,1.47,0.14,0.03,0.17
544,2017-03-29,21.07,20.63,21.19,20.58,106836,285610384.0,2.9,-2.04,-0.43,0.17
545,2017-03-30,20.71,21.05,21.35,20.71,158192,427458528.0,3.1,2.04,0.42,0.25
546,2017-03-31,21.14,21.42,21.51,21.04,130946,357763424.0,2.23,1.76,0.37,0.21
547,2017-04-05,21.22,21.52,21.6,21.22,149817,411822224.0,1.77,0.47,0.1,0.24
548,2017-04-06,21.58,21.36,21.65,21.25,140059,384518576.0,1.86,-0.74,-0.16,0.22
549,2017-04-07,21.33,21.28,21.55,21.25,187850,515213360.0,1.4,-0.37,-0.08,0.3
550,2017-04-10,21.28,21.29,21.37,21.13,100457,274122464.0,1.13,0.05,0.01,0.16
551,2017-04-11,21.2,21.01,21.28,20.73,143106,385542256.0,2.58,-1.32,-0.28,0.23
552,2017-04-12,20.96,21.15,21.2,20.75,142852,385924848.0,2.14,0.67,0.14,0.23
553,2017-04-13,21.0,21.02,21.19,20.89,80315,217366610.0,1.42,-0.61,-0.13,0.13
554,2017-04-14,21.0,20.74,21.07,20.41,145609,387762064.0,3.14,-1.33,-0.28,0.23
555,2017-04-17,20.59,20.59,20.67,20.3,110175,291212816.0,1.78,-0.72,-0.15,0.18
556,2017-04-18,20.59,19.66,20.59,19.48,251315,650327328.0,5.39,-4.52,-0.93,0.4
557,2017-04-19,19.6,19.74,19.94,19.5,236913,608662656.0,2.24,0.41,0.08,0.38
558,2017-04-20,19.8,20.11,20.2,19.62,204787,528815616.0,2.94,1.87,0.37,0.33
559,2017-04-21,20.06,20.67,20.68,20.04,161620,426228192.0,3.18,2.78,0.56,0.26
560,2017-04-24,20.49,21.03,21.09,20.49,152006,408556592.0,2.9,1.74,0.36,0.24
561,2017-04-25,20.88,21.27,21.6,20.82,235096,643451184.0,3.71,1.14,0.24,0.37
562,2017-04-26,21.3,21.64,22.1,21.1,369354,1025055888.0,4.7,1.74,0.37,0.59
563,2017-04-27,21.6,21.76,22.15,21.55,312317,867584976.0,2.77,0.55,0.12,0.5
564,2017-04-28,21.76,21.75,21.97,21.47,168316,464933344.0,2.3,-0.05,-0.01,0.27
565,2017-05-02,21.69,21.41,21.75,21.33,140146,386284320.0,1.93,-1.56,-0.34,0.22
566,2017-05-03,21.41,21.38,21.58,21.1,190069,519985824.0,2.24,-0.14,-0.03,0.3
567,2017-05-04,21.36,21.32,21.49,21.1,236082,644208848.0,1.82,-0.28,-0.06,0.38
568,2017-05-05,21.29,21.34,21.4,20.79,316143,857406256.0,2.86,0.09,0.02,0.5
569,2017-05-08,21.24,21.55,21.86,21.24,335936,930048336.0,2.91,0.98,0.21,0.53
570,2017-05-09,21.51,21.34,21.8,21.11,214448,586749280.0,3.2,-0.97,-0.21,0.34
571,2017-05-10,21.32,21.89,22.51,21.2,551802,1544258368.0,6.14,2.58,0.55,0.88
572,2017-05-11,21.65,21.99,22.16,21.57,502838,1404122432.0,2.7,0.46,0.1,0.8
573,2017-05-12,21.9,22.99,23.14,21.85,523288,1505048944.0,5.87,4.55,1.0,0.83
574,2017-05-15,22.88,22.77,23.47,22.58,252373,730715680.0,3.87,-0.96,-0.22,0.4
575,2017-05-16,22.68,22.69,22.99,22.57,247734,712332736.0,1.84,-0.35,-0.08,0.39
576,2017-05-17,22.6,22.08,22.77,21.94,317092,892533712.0,3.66,-2.69,-0.61,0.5
577,2017-05-18,21.95,21.83,22.17,21.66,189172,528074768.0,2.31,-1.13,-0.25,0.3
578,2017-05-19,21.78,21.84,22.1,21.6,151360,423026128.0,2.29,0.05,0.01,0.24
579,2017-05-22,21.79,22.63,22.91,21.72,306879,878947296.0,5.45,3.62,0.79,0.49
580,2017-05-23,22.65,23.05,23.37,22.48,485488,1410085504.0,3.93,1.86,0.42,0.77
581,2017-05-24,23.0,22.84,23.13,21.99,248392,709453376.0,4.95,-0.91,-0.21,0.4
582,2017-05-25,22.58,23.75,23.76,22.58,356645,1050731744.0,5.17,3.98,0.91,0.57
583,2017-05-26,23.79,23.94,24.2,23.65,312658,934907024.0,2.32,0.8,0.19,0.5
584,2017-05-31,24.0,24.35,25.07,23.85,327888,994959824.0,5.1,1.71,0.41,0.52
585,2017-06-01,24.51,24.79,24.81,23.9,337482,1024597504.0,3.74,1.81,0.44,0.54
586,2017-06-02,24.51,24.1,24.8,24.0,214670,655067664.0,3.23,-2.78,-0.69,0.34
587,2017-06-05,23.85,23.4,24.0,23.02,230681,676849360.0,4.07,-2.9,-0.7,0.37
588,2017-06-06,23.2,23.54,23.74,23.13,197088,580250784.0,2.61,0.6,0.14,0.31
589,2017-06-07,23.65,24.66,25.1,23.56,390400,1186313760.0,6.54,4.76,1.12,0.62
590,2017-06-08,24.65,25.22,25.42,24.22,306083,941486720.0,4.87,2.27,0.56,0.49
591,2017-06-09,25.45,26.09,26.62,25.3,412314,1325478688.0,5.23,3.45,0.87,0.66
592,2017-06-12,26.25,26.74,27.5,26.05,324887,1070406704.0,5.56,2.49,0.65,0.52
593,2017-06-13,26.6,26.8,26.88,26.01,184816,597628176.0,3.25,0.22,0.06,0.29
594,2017-06-14,26.54,25.69,26.78,25.45,249727,793067552.0,4.96,-4.14,-1.11,0.4
595,2017-06-15,25.56,25.52,26.06,25.24,210153,662792272.0,3.19,-0.66,-0.17,0.33
596,2017-06-16,25.63,25.64,26.03,25.5,191104,608191184.0,2.08,0.47,0.12,0.3
597,2017-06-19,25.65,26.18,26.58,25.64,216027,696014320.0,3.67,2.11,0.54,0.34
598,2017-06-20,26.18,25.68,26.38,25.22,242792,768438464.0,4.43,-1.91,-0.5,0.39
599,2017-06-21,25.78,26.23,26.45,25.36,222567,711738288.0,4.24,2.14,0.55,0.35
600,2017-06-22,26.24,27.21,27.68,26.2,364760,1213307744.0,5.64,3.74,0.98,0.58
601,2017-06-23,27.21,27.25,27.37,26.7,232536,768631552.0,2.46,0.15,0.04,0.37
602,2017-06-26,27.2,27.64,28.36,27.05,355488,1199771440.0,4.81,1.43,0.39,0.57
603,2017-06-27,27.62,27.85,27.95,26.87,187352,625020128.0,3.91,0.76,0.21,0.3
604,2017-06-28,27.51,26.93,27.64,26.9,161844,538242496.0,2.66,-3.3,-0.92,0.26
605,2017-06-29,27.42,27.75,27.84,26.88,161079,537289104.0,3.56,3.04,0.82,0.26
606,2017-06-30,27.42,27.87,27.99,27.33,172225,580416464.0,2.38,0.43,0.12,0.27
607,2017-07-03,27.8,27.21,27.97,26.71,262974,870650032.0,4.52,-2.37,-0.66,0.42
608,2017-07-04,27.1,27.07,27.15,26.15,295023,962086832.0,3.68,-0.51,-0.14,0.47
609,2017-07-05,26.78,28.47,28.69,26.61,351666,1197155632.0,7.68,5.17,1.4,0.56
610,2017-07-06,28.3,28.86,29.55,28.08,286499,999215824.0,5.16,1.37,0.39,0.46
611,2017-07-07,28.75,28.71,29.33,28.43,103103,359847680.0,3.12,-0.52,-0.15,0.16
612,2017-07-10,28.75,29.04,29.73,28.52,112239,395099072.0,4.21,1.15,0.33,0.18
613,2017-07-11,29.04,29.55,30.06,29.0,181964,649020272.0,3.65,1.76,0.51,0.29
614,2017-07-12,29.5,28.49,30.15,28.35,217429,766322880.0,6.09,-3.59,-1.06,0.35
615,2017-07-13,28.58,29.14,29.3,28.43,167461,585861664.0,3.05,2.28,0.65,0.27
616,2017-07-14,29.0,29.3,29.33,28.48,222636,777748912.0,2.92,0.55,0.16,0.35
617,2017-07-17,29.4,29.66,30.5,28.8,278567,998515728.0,5.8,1.23,0.36,0.44
618,2017-07-18,29.7,29.98,30.46,29.01,179147,642121248.0,4.89,1.08,0.32,0.28
619,2017-07-19,29.8,29.6,30.38,29.15,242491,862527152.0,4.1,-1.27,-0.38,0.39
620,2017-07-20,29.35,29.34,29.65,28.72,270460,949823792.0,3.14,-0.88,-0.26,0.43
621,2017-07-21,29.14,28.79,29.2,28.6,152235,531016880.0,2.04,-1.87,-0.55,0.24
622,2017-07-24,28.92,28.61,29.45,28.57,226839,790650256.0,3.06,-0.63,-0.18,0.36
623,2017-07-25,28.73,28.59,29.44,28.39,233007,813619696.0,3.67,-0.07,-0.02,0.37
624,2017-07-26,28.5,28.36,28.58,27.42,281604,955430640.0,4.06,-0.8,-0.23,0.45
625,2017-07-27,28.09,28.36,28.43,27.49,225724,766750656.0,3.31,0.0,0.0,0.36
626,2017-07-28,28.13,28.19,28.63,27.8,140957,482523232.0,2.93,-0.6,-0.17,0.22
627,2017-07-31,28.19,28.17,28.5,27.77,225654,771251360.0,2.59,-0.07,-0.02,0.36
628,2017-08-01,28.41,29.79,29.8,28.19,346678,1226243376.0,5.72,5.75,1.62,0.55
629,2017-08-02,30.05,30.16,30.6,29.29,248202,876767424.0,4.4,1.24,0.37,0.39
630,2017-08-03,29.9,29.22,30.4,29.21,135543,473398912.0,3.95,-3.12,-0.94,0.22
631,2017-08-04,29.2,28.86,29.82,28.6,152086,526387008.0,4.18,-1.23,-0.36,0.24
632,2017-08-07,28.91,29.49,29.96,28.7,155475,542991952.0,4.37,2.18,0.63,0.25
633,2017-08-08,29.47,29.38,29.78,28.79,137099,473528960.0,3.36,-0.37,-0.11,0.22
634,2017-08-09,29.14,29.06,29.63,28.8,97451,336746448.0,2.83,-1.09,-0.32,0.16
635,2017-08-10,29.06,28.82,29.23,27.96,204864,696200928.0,4.37,-0.83,-0.24,0.33
636,2017-08-11,28.37,28.69,28.87,27.75,222808,750872304.0,3.89,-0.45,-0.13,0.35
637,2017-08-14,28.49,28.73,29.25,28.23,127414,434133968.0,3.56,0.14,0.04,0.2
638,2017-08-15,28.75,29.1,30.02,28.75,151260,525219824.0,4.42,1.29,0.37,0.24
639,2017-08-16,28.8,28.99,29.09,28.46,85910,292493312.0,2.16,-0.38,-0.11,0.14
640,2017-08-17,29.11,28.35,29.19,28.25,113619,383847072.0,3.24,-2.21,-0.64,0.18
641,2017-08-18,28.35,28.46,28.89,28.08,151144,511200432.0,2.86,0.39,0.11,0.24
642,2017-08-21,28.51,28.33,28.7,28.26,93858,316942784.0,1.55,-0.46,-0.13,0.15
643,2017-08-22,28.37,29.57,29.59,28.3,252794,866972224.0,4.55,4.38,1.24,0.4
644,2017-08-23,29.62,29.82,30.13,29.47,165469,579739248.0,2.23,0.85,0.25,0.26
645,2017-08-24,29.9,30.18,30.7,29.8,172074,613534112.0,3.02,1.21,0.36,0.27
646,2017-08-25,30.2,31.91,31.92,29.93,238195,872964688.0,6.59,5.73,1.73,0.38
647,2017-08-28,32.58,33.02,33.9,32.58,362604,1401319008.0,4.14,3.48,1.11,0.58
648,2017-08-29,32.88,33.13,33.56,32.4,151736,581603616.0,3.51,0.33,0.11,0.24
649,2017-08-30,33.23,33.0,34.65,32.75,250973,972372720.0,5.73,-0.39,-0.13,0.4
650,2017-08-31,33.26,32.92,34.16,32.88,204446,789650496.0,3.88,-0.24,-0.08,0.33
651,2017-09-01,33.2,32.96,33.9,32.29,204660,785706864.0,4.89,0.12,0.04,0.33
652,2017-09-04,32.8,32.58,32.82,32.03,200788,755750160.0,2.4,-1.15,-0.38,0.32
653,2017-09-05,32.76,34.35,34.56,32.41,274140,1066366496.0,6.6,5.43,1.77,0.44
654,2017-09-06,33.79,33.54,34.16,33.47,193069,754417024.0,2.01,-2.36,-0.81,0.31
655,2017-09-07,33.6,33.39,33.95,33.17,155271,602421728.0,2.33,-0.45,-0.15,0.25
656,2017-09-08,33.69,33.02,33.69,32.92,106975,411499184.0,2.31,-1.11,-0.37,0.17
657,2017-09-11,33.3,31.71,33.3,31.69,251999,949847968.0,4.88,-3.97,-1.31,0.4
658,2017-09-12,31.96,32.79,32.81,31.4,243872,912645104.0,4.45,3.41,1.08,0.39
659,2017-09-13,32.51,32.62,32.88,32.07,132695,501194640.0,2.47,-0.52,-0.17,0.21
660,2017-09-14,32.58,31.55,32.9,31.27,204699,760208320.0,5.0,-3.28,-1.07,0.33
661,2017-09-15,31.48,31.43,31.66,30.81,164778,602472336.0,2.69,-0.38,-0.12,0.26
662,2017-09-18,31.46,31.07,32.0,31.05,223447,821676000.0,3.02,-1.15,-0.36,0.36
663,2017-09-19,31.28,31.33,31.98,31.0,157899,578293856.0,3.15,0.84,0.26,0.25
664,2017-09-20,31.22,30.66,31.29,30.63,186889,677674560.0,2.11,-2.14,-0.67,0.3
665,2017-09-21,30.77,31.43,31.78,30.5,235855,863971136.0,4.17,2.51,0.77,0.38
666,2017-09-22,31.29,31.81,32.2,31.29,175079,649974192.0,2.9,1.21,0.38,0.28
667,2017-09-25,31.7,32.59,32.76,31.68,204443,770908192.0,3.4,2.45,0.78,0.33
668,2017-09-26,32.35,32.37,32.72,32.01,153664,579162560.0,2.18,-0.68,-0.22,0.24
669,2017-09-27,32.21,31.3,32.31,31.23,165899,612426304.0,3.34,-3.31,-1.07,0.26
670,2017-09-28,31.36,31.41,31.47,30.9,166557,606827440.0,1.82,0.35,0.11,0.26
671,2017-09-29,31.19,31.63,32.03,31.1,187613,693467728.0,2.96,0.7,0.22,0.3
672,2017-10-09,32.6,31.38,32.64,31.28,231363,860128752.0,4.3,-0.79,-0.25,0.37
673,2017-10-10,31.47,30.68,31.96,30.16,384139,1382562496.0,5.74,-2.23,-0.7,0.61
674,2017-10-11,30.65,31.39,31.65,30.47,255103,930423552.0,3.85,2.31,0.71,0.41
675,2017-10-12,31.25,32.05,32.28,31.15,151533,562439040.0,3.6,2.1,0.66,0.24
676,2017-10-13,32.2,31.84,32.45,31.81,124658,466302112.0,2.0,-0.66,-0.21,0.2
677,2017-10-16,31.7,33.27,33.44,31.45,266777,1017910576.0,6.25,4.49,1.43,0.42
678,2017-10-17,33.18,33.45,33.67,32.76,162940,629854432.0,2.74,0.54,0.18,0.26
679,2017-10-18,33.38,34.27,34.49,33.0,206741,809175280.0,4.45,2.45,0.82,0.33
680,2017-10-19,34.2,34.59,34.63,33.99,163958,650323392.0,1.87,0.93,0.32,0.26
681,2017-10-20,34.29,33.58,34.29,33.41,106932,417556608.0,2.54,-2.92,-1.01,0.17
682,2017-10-23,33.9,33.93,34.36,33.56,110725,434753376.0,2.38,1.04,0.35,0.18
683,2017-10-24,33.71,34.26,34.83,33.5,147585,586388496.0,3.92,0.97,0.33,0.23
684,2017-10-25,34.2,34.35,34.62,33.88,89772,355226544.0,2.16,0.26,0.09,0.14
685,2017-10-26,34.15,35.25,35.7,34.09,200817,811674928.0,4.69,2.62,0.9,0.32
686,2017-10-27,35.4,36.22,36.5,35.15,173386,716613568.0,3.83,2.75,0.97,0.28
687,2017-10-30,36.48,36.76,37.58,36.1,205888,869588528.0,4.09,1.49,0.54,0.33
688,2017-10-31,36.4,37.48,37.69,36.08,165568,700713120.0,4.38,1.96,0.72,0.26
689,2017-11-01,37.5,37.84,38.85,37.21,250767,1085104032.0,4.38,0.96,0.36,0.4
690,2017-11-02,37.6,37.87,37.9,36.25,188707,803916544.0,4.36,0.08,0.03,0.3
691,2017-11-03,37.5,38.08,38.15,37.1,151947,652161856.0,2.77,0.55,0.21,0.24
692,2017-11-06,37.78,37.02,37.83,36.21,222674,934809840.0,4.25,-2.78,-1.06,0.35
693,2017-11-07,37.05,38.39,38.8,36.84,260404,1132104784.0,5.29,3.7,1.37,0.41
694,2017-11-08,38.14,37.09,38.7,36.5,296887,1269684448.0,5.73,-3.39,-1.3,0.47
695,2017-11-09,36.91,37.21,37.33,36.5,190433,801363904.0,2.24,0.32,0.12,0.3
696,2017-11-10,37.19,39.11,39.85,36.83,407946,1789461840.0,8.12,5.11,1.9,0.65
697,2017-11-13,39.3,38.94,40.45,38.42,254375,1137271648.0,5.19,-0.43,-0.17,0.4
698,2017-11-14,39.23,38.55,39.8,37.85,303049,1334828784.0,5.01,-1.0,-0.39,0.48
699,2017-11-15,38.19,38.33,39.3,37.77,220503,960892464.0,3.97,-0.57,-0.22,0.35
700,2017-11-16,38.1,40.76,41.33,38.01,313901,1423520336.0,8.66,6.34,2.43,0.5
701,2017-11-17,40.78,42.44,42.5,40.5,391397,1833316016.0,4.91,4.12,1.68,0.62
702,2017-11-20,41.83,42.41,43.82,41.51,317862,1513738144.0,5.44,-0.07,-0.03,0.51
703,2017-11-21,42.2,42.46,43.7,41.68,319254,1531707856.0,4.76,0.12,0.05,0.51
704,2017-11-22,42.95,41.22,43.4,40.51,288026,1356541952.0,6.81,-2.92,-1.24,0.46
705,2017-11-23,41.36,39.81,42.02,39.18,334553,1530636112.0,6.89,-3.42,-1.41,0.53
706,2017-11-24,39.42,39.6,40.17,38.46,368009,1641325248.0,4.3,-0.53,-0.21,0.59
707,2017-11-27,39.35,39.56,39.65,37.94,315217,1391592400.0,4.32,-0.1,-0.04,0.5
708,2017-11-28,39.26,38.79,39.7,38.4,167116,738341072.0,3.29,-1.95,-0.77,0.27
709,2017-11-29,38.99,37.48,39.45,36.95,240980,1039461376.0,6.44,-3.38,-1.31,0.38
710,2017-11-30,37.32,36.44,37.35,35.42,312307,1296122736.0,5.15,-2.77,-1.04,0.5
711,2017-12-01,36.22,35.56,36.64,35.39,271946,1120336320.0,3.43,-2.41,-0.88,0.43
712,2017-12-04,35.55,37.16,37.82,35.45,334653,1408968736.0,6.66,4.5,1.6,0.53
713,2017-12-05,36.8,38.34,38.7,36.71,336408,1449862288.0,5.36,3.18,1.18,0.54
714,2017-12-06,38.13,37.4,38.16,36.2,244791,1043517504.0,5.11,-2.45,-0.94,0.39
715,2017-12-07,37.1,36.8,37.45,36.11,161802,676803984.0,3.58,-1.6,-0.6,0.26
716,2017-12-08,36.79,37.62,37.95,36.0,231602,979607936.0,5.3,2.23,0.82,0.37
717,2017-12-11,37.42,38.58,38.6,37.03,257016,1112908720.0,4.17,2.55,0.96,0.41
718,2017-12-12,38.3,36.76,38.45,36.62,275794,1176007408.0,4.74,-4.72,-1.82,0.44
719,2017-12-13,36.72,36.91,37.25,35.52,233816,975049792.0,4.71,0.41,0.15,0.37
720,2017-12-14,36.7,36.36,36.82,36.05,151001,629015952.0,2.09,-1.49,-0.55,0.24
721,2017-12-15,36.09,36.21,36.65,36.0,155137,646315744.0,1.79,-0.41,-0.15,0.25
722,2017-12-18,36.21,36.17,36.69,35.31,221090,912612160.0,3.81,-0.11,-0.04,0.35
723,2017-12-19,36.1,37.89,38.38,36.0,329255,1413144416.0,6.58,4.76,1.72,0.52
724,2017-12-20,37.88,38.28,38.58,37.51,157444,684107088.0,2.82,1.03,0.39,0.25
725,2017-12-21,38.04,38.79,39.71,37.45,234859,1029920912.0,5.9,1.33,0.51,0.37
726,2017-12-22,38.7,38.58,39.15,38.2,133054,583627936.0,2.45,-0.54,-0.21,0.21
727,2017-12-25,38.4,37.87,39.56,37.46,237011,1034869264.0,5.44,-1.84,-0.71,0.38
728,2017-12-26,37.9,38.53,38.69,37.3,212012,918765232.0,3.67,1.74,0.66,0.34
729,2017-12-27,38.11,36.96,38.2,36.66,261746,1114387312.0,4.0,-4.07,-1.57,0.42
730,2017-12-28,36.85,37.12,37.23,35.79,241114,1009678544.0,3.9,0.43,0.16,0.38
731,2017-12-29,36.98,36.12,37.18,35.9,176106,733769984.0,3.45,-2.69,-1.0,0.28
732,2018-01-02,36.28,36.61,37.35,35.85,305573,1282868560.0,4.15,1.36,0.49,0.49
733,2018-01-03,36.72,35.36,37.25,35.13,416359,1723716368.0,5.79,-3.41,-1.25,0.66
734,2018-01-04,35.43,34.48,35.67,34.22,574726,2300686912.0,4.1,-2.49,-0.88,0.91
735,2018-01-05,34.78,34.22,34.95,34.14,313473,1246952704.0,2.35,-0.75,-0.26,0.5
736,2018-01-08,34.35,33.55,34.48,32.87,524888,2031631456.0,4.7,-1.96,-0.67,0.83
737,2018-01-09,33.7,33.63,34.19,33.38,414089,1619053872.0,2.41,0.24,0.08,0.66
738,2018-01-10,33.4,33.44,33.84,33.0,357737,1381592672.0,2.5,-0.56,-0.19,0.57
739,2018-01-11,33.31,33.82,34.1,33.16,328072,1281803808.0,2.81,1.14,0.38,0.52
740,2018-01-12,33.9,35.04,35.14,33.74,422731,1682590192.0,4.14,3.61,1.22,0.67
741,2018-01-15,35.2,37.15,37.24,35.2,699732,2927674880.0,5.82,6.02,2.11,1.11
742,2018-01-16,37.04,36.35,37.15,36.01,453279,1898896224.0,3.07,-2.15,-0.8,0.72
743,2018-01-17,36.23,36.23,37.4,35.79,397300,1665215936.0,4.43,-0.33,-0.12,0.63
744,2018-01-18,36.73,35.93,37.57,35.6,449052,1880041888.0,5.44,-0.83,-0.3,0.71
745,2018-01-19,36.21,35.74,36.49,35.47,322609,1330720880.0,2.84,-0.53,-0.19,0.51
746,2018-01-22,35.86,35.9,36.7,35.61,364321,1506435744.0,3.05,0.45,0.16,0.58
747,2018-01-23,36.55,35.67,36.95,35.59,491722,2040923568.0,3.79,-0.64,-0.23,0.78
748,2018-01-24,36.0,34.47,36.39,34.18,456420,1840926496.0,6.2,-3.36,-1.2,0.73
749,2018-01-25,34.4,33.95,34.4,33.1,462369,1796703184.0,3.77,-1.51,-0.52,0.74
750,2018-01-26,33.85,34.58,35.12,33.58,412375,1632868752.0,4.54,1.86,0.63,0.66
751,2018-01-29,34.62,33.14,35.05,33.09,375139,1469338048.0,5.67,-4.16,-1.44,0.6
752,2018-01-30,32.87,32.94,33.51,32.73,192164,738414720.0,2.35,-0.6,-0.2,0.31
753,2018-01-31,32.7,34.23,34.28,32.62,318855,1244766080.0,5.04,3.92,1.29,0.51
754,2018-02-01,34.1,34.74,34.95,33.58,363310,1438485520.0,4.0,1.49,0.51,0.58
755,2018-02-02,34.4,35.98,36.29,34.3,360695,1468572464.0,5.73,3.57,1.24,0.57
756,2018-02-05,35.22,37.77,38.08,35.22,515482,2182834240.0,7.95,4.97,1.79,0.82
757,2018-02-06,36.7,37.55,38.03,36.42,615121,2611785456.0,4.26,-0.58,-0.22,0.98
758,2018-02-07,37.9,37.24,38.92,36.0,492612,2112477632.0,7.78,-0.83,-0.31,0.78
759,2018-02-08,36.78,35.53,37.1,34.34,377501,1541856112.0,7.41,-4.59,-1.71,0.6
760,2018-02-09,34.16,32.03,34.48,31.45,594316,2226987648.0,8.53,-9.85,-3.5,0.95
761,2018-02-12,32.1,31.59,32.21,30.54,310929,1146458640.0,5.21,-1.37,-0.44,0.49
762,2018-02-13,32.2,33.31,33.89,32.2,303956,1170248928.0,5.35,5.44,1.72,0.48
763,2018-02-14,33.35,33.65,34.15,32.81,137962,535739792.0,4.02,1.02,0.34,0.22
764,2018-02-22,34.1,35.23,35.36,34.1,152013,609932272.0,3.74,4.7,1.58,0.24
765,2018-02-23,35.59,36.17,36.68,34.96,161399,668851216.0,4.88,2.67,0.94,0.26
766,2018-02-26,36.4,37.21,37.29,35.77,215180,904175776.0,4.2,2.88,1.04,0.34
767,2018-02-27,37.3,36.5,37.4,36.08,173306,723353792.0,3.55,-1.91,-0.71,0.28
768,2018-02-28,35.7,34.73,36.0,34.68,169354,684442896.0,3.62,-4.85,-1.77,0.27
769,2018-03-01,34.46,34.88,35.58,34.29,171648,693166640.0,3.71,0.43,0.15,0.27
770,2018-03-02,34.2,33.6,34.55,33.35,217807,850620176.0,3.44,-3.67,-1.28,0.35
771,2018-03-05,33.7,33.72,34.15,32.93,169109,656381392.0,3.63,0.36,0.12,0.27
772,2018-03-06,34.05,35.09,35.12,33.36,182538,723746032.0,5.22,4.06,1.37,0.29
773,2018-03-07,35.01,34.14,35.49,33.83,182002,727205200.0,4.73,-2.71,-0.95,0.29
774,2018-03-08,34.01,34.77,35.16,34.0,154084,616570048.0,3.4,1.85,0.63,0.25
775,2018-03-09,34.83,34.99,35.45,34.52,116194,468167248.0,2.67,0.63,0.22,0.18
776,2018-03-12,35.5,34.7,35.69,34.48,181961,733639024.0,3.46,-0.83,-0.29,0.29
777,2018-03-13,34.62,33.52,34.94,33.3,181992,713699536.0,4.73,-3.4,-1.18,0.29
778,2018-03-14,33.21,33.68,33.9,33.2,131566,511565136.0,2.09,0.48,0.16,0.21
779,2018-03-15,33.37,34.98,35.0,33.37,228272,910352512.0,4.84,3.86,1.3,0.36
780,2018-03-16,35.25,35.46,36.47,35.09,244669,1008177264.0,3.95,1.37,0.48,0.39
781,2018-03-19,35.43,36.74,36.8,35.35,189744,787487488.0,4.09,3.61,1.28,0.3
782,2018-03-20,36.21,36.36,36.74,35.96,135062,562163616.0,2.12,-1.03,-0.38,0.21
783,2018-03-21,37.18,35.09,37.51,34.51,222035,913119888.0,8.25,-3.49,-1.27,0.35
784,2018-03-22,34.71,34.16,35.18,33.36,266333,1044258608.0,5.19,-2.65,-0.93,0.42
785,2018-03-23,32.49,33.96,33.99,32.4,330281,1273560512.0,4.65,-0.59,-0.2,0.53
786,2018-03-26,33.59,31.59,33.59,30.93,404769,1504041360.0,7.83,-6.98,-2.37,0.64
787,2018-03-27,32.2,30.84,32.29,30.26,506976,1835633216.0,6.43,-2.37,-0.75,0.81
788,2018-03-28,30.22,29.11,30.82,28.85,434163,1522546144.0,6.39,-5.61,-1.73,0.69
789,2018-03-29,29.11,29.86,29.98,27.98,465537,1597825776.0,6.87,2.58,0.75,0.74
790,2018-03-30,29.54,28.63,29.69,28.38,447483,1526335744.0,4.39,-4.12,-1.23,0.71
791,2018-04-02,28.45,28.17,29.18,28.07,389321,1320142256.0,3.88,-1.61,-0.46,0.62
792,2018-04-03,27.76,27.88,28.23,27.54,350007,1158811216.0,2.45,-1.03,-0.29,0.56
793,2018-04-04,28.15,27.88,28.27,27.66,313345,1043520880.0,2.19,0.0,0.0,0.5
794,2018-04-09,28.0,28.53,28.6,27.81,279395,939604928.0,2.83,2.33,0.65,0.44
795,2018-04-10,28.45,29.16,29.23,28.27,379915,1293094016.0,3.36,2.21,0.63,0.6
796,2018-04-11,29.16,28.94,29.36,28.82,252872,868651584.0,1.85,-0.75,-0.22,0.4
797,2018-04-12,29.0,28.09,29.04,28.08,259018,874783280.0,3.32,-2.94,-0.85,0.41
798,2018-04-13,28.45,27.68,28.52,27.57,234248,777058224.0,3.38,-1.46,-0.41,0.37
799,2018-04-16,27.63,27.35,27.96,26.95,285848,936706944.0,3.65,-1.19,-0.33,0.45
800,2018-04-17,27.63,26.89,27.79,26.76,238098,776582560.0,3.77,-1.68,-0.46,0.38
801,2018-04-18,27.13,26.68,27.3,26.55,303059,974863792.0,2.79,-0.78,-0.21,0.48
802,2018-04-19,26.88,26.88,27.17,26.56,350469,1127362592.0,2.29,0.75,0.2,0.56
803,2018-04-20,26.75,25.87,26.88,25.46,352953,1105108224.0,5.28,-3.76,-1.01,0.56
804,2018-04-23,25.69,26.3,26.35,25.48,220425,690632656.0,3.36,1.66,0.43,0.35
805,2018-04-24,26.31,27.69,27.82,26.31,430678,1412213472.0,5.74,5.29,1.39,0.69
806,2018-04-25,27.47,27.24,27.6,27.12,180300,588053920.0,1.73,-1.63,-0.45,0.29
807,2018-04-26,27.44,26.41,27.5,26.01,236472,751225184.0,5.47,-3.05,-0.83,0.38
808,2018-04-27,26.52,26.3,26.73,25.15,342434,1071383888.0,5.98,-0.42,-0.11,0.54
809,2018-05-02,26.45,26.61,27.12,26.4,189036,605405344.0,2.74,1.18,0.31,0.3
810,2018-05-03,26.5,27.71,27.8,26.42,270330,879959472.0,5.19,4.13,1.1,0.43
811,2018-05-04,27.65,27.35,28.19,27.3,223807,740648688.0,3.21,-1.3,-0.36,0.36
812,2018-05-07,27.36,28.59,28.87,27.36,348861,1175133152.0,5.52,4.53,1.24,0.55
813,2018-05-08,28.52,30.45,31.24,28.52,521416,1850829904.0,9.51,6.51,1.86,0.83
814,2018-05-09,30.46,30.6,30.85,29.92,219358,783498512.0,3.05,0.49,0.15,0.35
815,2018-05-10,30.72,30.66,31.17,30.12,214228,768192848.0,3.43,0.2,0.06,0.34
816,2018-05-11,30.72,30.03,30.83,29.87,204157,727119136.0,3.13,-2.05,-0.63,0.32
817,2018-05-14,30.37,30.87,31.25,30.22,241618,873304656.0,3.43,2.8,0.84,0.38
818,2018-05-15,30.95,30.64,31.1,30.05,143893,515215056.0,3.4,-0.75,-0.23,0.23
819,2018-05-16,30.31,29.19,30.39,29.08,294177,1026653712.0,4.28,-4.73,-1.45,0.47
820,2018-05-17,29.46,28.85,29.47,28.6,249840,854189984.0,2.98,-1.16,-0.34,0.4
821,2018-05-18,28.85,29.62,29.73,28.38,263069,904338880.0,4.68,2.67,0.77,0.42
822,2018-05-21,29.65,29.77,30.16,29.05,281558,983831184.0,3.75,0.51,0.15,0.45
823,2018-05-22,29.7,29.08,29.7,28.71,179779,617900896.0,3.33,-2.32,-0.69,0.29
824,2018-05-23,28.91,28.07,28.97,28.06,211012,709647312.0,3.13,-3.47,-1.01,0.34
825,2018-05-24,28.1,28.02,28.34,27.8,142980,477118480.0,1.92,-0.18,-0.05,0.23
826,2018-05-25,28.05,27.94,28.38,27.41,157635,523430864.0,3.46,-0.29,-0.08,0.25
827,2018-05-28,27.89,28.09,28.33,27.51,178948,595579824.0,2.93,0.54,0.15,0.28
828,2018-05-29,27.9,28.03,28.06,26.9,299291,982723728.0,4.13,-0.21,-0.06,0.48
829,2018-05-30,27.5,27.03,27.59,27.0,197765,644846416.0,2.1,-3.57,-1.0,0.31
830,2018-05-31,27.31,27.97,28.05,27.02,259214,853744240.0,3.81,3.48,0.94,0.41
831,2018-06-01,27.78,27.77,28.34,27.5,159398,528433712.0,3.0,-0.72,-0.2,0.25
832,2018-06-04,28.1,29.04,29.18,27.86,263141,895820880.0,4.75,4.57,1.27,0.42
833,2018-06-05,29.02,29.24,29.78,28.6,292270,1008331680.0,4.06,0.69,0.2,0.46
834,2018-06-06,29.2,29.01,29.53,28.72,182951,629595600.0,2.77,-0.79,-0.23,0.29
835,2018-06-07,29.16,29.23,30.24,29.15,310113,1085441232.0,3.76,0.76,0.22,0.49
836,2018-06-08,29.0,28.12,29.1,27.89,235327,789323776.0,4.14,-3.8,-1.11,0.37
837,2018-06-11,27.87,28.23,28.47,27.66,171668,573561216.0,2.88,0.39,0.11,0.27
838,2018-06-12,28.18,29.52,29.78,27.86,302662,1037981536.0,6.8,4.57,1.29,0.48
839,2018-06-13,29.2,29.64,29.96,29.2,193242,675188272.0,2.57,0.41,0.12,0.31
840,2018-06-14,29.48,30.69,31.24,29.48,381244,1373473296.0,5.94,3.54,1.05,0.61
841,2018-06-15,30.69,30.84,31.08,30.3,228066,822913696.0,2.54,0.49,0.15,0.36
842,2018-06-19,30.55,31.04,31.15,29.83,586069,2107464352.0,4.28,0.65,0.2,0.93
843,2018-06-20,30.48,29.88,30.67,29.22,253071,889074144.0,4.67,-3.74,-1.16,0.4
844,2018-06-21,29.6,28.62,29.96,28.51,232462,803321440.0,4.85,-4.22,-1.26,0.37
845,2018-06-22,28.25,28.78,29.19,27.96,176232,595173152.0,4.3,0.56,0.16,0.28
846,2018-06-25,28.6,27.56,28.86,27.43,194341,646402592.0,4.97,-4.24,-1.22,0.31
847,2018-06-26,27.0,27.17,27.44,26.38,201182,648758560.0,3.85,-1.42,-0.39,0.32
848,2018-06-27,27.04,26.42,27.46,25.82,250022,793983120.0,6.04,-2.76,-0.75,0.4
849,2018-06-28,25.96,25.74,26.35,25.38,270360,842227456.0,3.67,-2.57,-0.68,0.43
850,2018-06-29,25.9,26.55,26.7,25.88,177409,561415136.0,3.19,3.15,0.81,0.28
851,2018-07-02,26.45,24.47,26.45,24.37,284115,870048224.0,7.83,-7.83,-2.08,0.45
852,2018-07-03,24.6,24.78,24.88,23.8,308229,916242944.0,4.41,1.27,0.31,0.49
853,2018-07-04,24.4,24.5,25.0,24.38,194748,584831840.0,2.5,-1.13,-0.28,0.31
854,2018-07-05,24.7,24.95,25.45,24.56,256356,778531168.0,3.63,1.84,0.45,0.41
855,2018-07-06,25.14,26.01,26.51,24.81,296102,920156080.0,6.81,4.25,1.06,0.47
856,2018-07-09,26.01,27.43,27.5,26.0,228906,741040752.0,5.77,5.46,1.42,0.36
857,2018-07-10,27.37,27.29,27.43,26.81,120300,389731952.0,2.26,-0.51,-0.14,0.19
858,2018-07-11,26.6,26.76,26.93,26.45,125283,400813664.0,1.76,-1.94,-0.53,0.2
859,2018-07-12,26.9,28.06,28.31,26.8,177664,588930112.0,5.64,4.86,1.3,0.28
860,2018-07-13,28.24,27.72,28.28,27.55,103301,342098528.0,2.6,-1.21,-0.34,0.16
861,2018-07-16,27.73,26.75,27.8,26.2,248278,791737024.0,5.77,-3.5,-0.97,0.39
862,2018-07-17,26.59,26.97,27.08,26.46,139132,446224768.0,2.32,0.82,0.22,0.22
863,2018-07-18,27.13,26.51,27.77,26.5,184344,597631856.0,4.71,-1.71,-0.46,0.29
864,2018-07-19,26.8,27.19,27.71,26.78,191146,623313104.0,3.51,2.57,0.68,0.3
865,2018-07-20,27.19,28.85,29.56,26.85,290168,976745328.0,9.97,6.11,1.66,0.46
866,2018-07-23,29.25,29.76,30.2,28.87,281518,981930720.0,4.61,3.15,0.91,0.45
867,2018-07-24,29.68,29.12,30.98,28.67,413219,1445674624.0,7.76,-2.15,-0.64,0.66
868,2018-07-25,29.06,29.24,29.67,28.83,167367,577995408.0,2.88,0.41,0.12,0.27
869,2018-07-26,29.24,28.19,29.34,27.93,236228,795528464.0,4.82,-3.59,-1.05,0.38
870,2018-07-27,28.24,28.45,28.58,28.06,142497,479323168.0,1.84,0.92,0.26,0.23
871,2018-07-30,28.3,28.45,29.01,27.84,155897,523505360.0,4.11,0.0,0.0,0.25
872,2018-07-31,28.2,28.93,29.16,27.9,171174,581145280.0,4.43,1.69,0.48,0.27
873,2018-08-01,28.98,27.87,29.7,27.81,161381,550682912.0,6.53,-3.66,-1.06,0.26
874,2018-08-02,27.79,26.58,27.79,26.2,205324,658388656.0,5.71,-4.63,-1.29,0.33
875,2018-08-03,26.51,26.61,27.19,26.48,139929,450101248.0,2.67,0.11,0.03,0.22
876,2018-08-06,27.13,26.97,27.7,26.7,183087,594273296.0,3.76,1.35,0.36,0.29
877,2018-08-07,26.98,28.08,28.15,26.95,180022,590926240.0,4.45,4.12,1.11,0.29
878,2018-08-08,28.28,27.82,28.41,27.51,160422,521782144.0,3.21,-0.93,-0.26,0.26
879,2018-08-09,27.62,29.39,29.6,27.6,201385,675929200.0,7.19,5.64,1.57,0.32
880,2018-08-10,29.46,29.36,29.63,28.84,101170,341200192.0,2.69,-0.1,-0.03,0.16
881,2018-08-13,28.85,28.89,29.1,27.89,136832,451449952.0,4.12,-1.6,-0.47,0.22
882,2018-08-14,28.82,28.95,29.26,28.5,98954,329937488.0,2.63,0.21,0.06,0.16
883,2018-08-15,28.8,27.64,28.86,27.46,142849,465742960.0,4.84,-4.53,-1.31,0.23
884,2018-08-16,27.12,28.03,28.63,27.01,142291,462996112.0,5.86,1.41,0.39,0.23
885,2018-08-17,28.25,28.26,28.86,28.22,185414,613338032.0,2.28,0.82,0.23,0.29
886,2018-08-20,28.55,28.9,29.15,28.12,218627,726348656.0,3.64,2.26,0.64,0.35
887,2018-08-21,28.9,29.82,30.1,28.75,242885,832014928.0,4.67,3.18,0.92,0.39
888,2018-08-22,29.95,29.45,30.07,29.32,126844,432307952.0,2.52,-1.24,-0.37,0.2
889,2018-08-23,29.45,29.21,30.05,28.72,149784,506352640.0,4.52,-0.81,-0.24,0.24
890,2018-08-24,28.8,29.62,29.8,28.5,164612,554080784.0,4.45,1.4,0.41,0.26
891,2018-08-27,29.75,29.98,30.05,29.12,298894,1021308992.0,3.14,1.22,0.36,0.48
892,2018-08-28,29.8,28.97,29.8,28.61,293469,985749760.0,3.97,-3.37,-1.01,0.47
893,2018-08-29,28.79,28.42,28.9,28.25,161343,532195008.0,2.24,-1.9,-0.55,0.26
894,2018-08-30,28.21,28.3,28.81,28.21,116210,383370528.0,2.11,-0.42,-0.12,0.18
895,2018-08-31,28.09,28.26,28.77,27.97,166371,548245952.0,2.83,-0.14,-0.04,0.26
896,2018-09-03,28.26,28.67,28.72,28.12,130906,430532896.0,2.12,1.45,0.41,0.21
897,2018-09-04,28.53,29.18,29.32,28.22,208980,697200480.0,3.84,1.78,0.51,0.33
898,2018-09-05,28.93,28.0,29.14,28.0,171057,564330912.0,3.91,-4.04,-1.18,0.27
899,2018-09-06,27.98,27.74,28.26,27.51,91862,297469888.0,2.68,-0.93,-0.26,0.15
900,2018-09-07,27.85,28.21,28.39,27.71,127129,415132384.0,2.45,1.69,0.47,0.2
901,2018-09-10,27.92,27.75,28.25,27.5,81945,264193426.0,2.66,-1.63,-0.46,0.13
902,2018-09-11,27.69,26.8,28.0,26.65,160005,505505456.0,4.86,-3.42,-0.95,0.25
903,2018-09-12,26.62,26.82,27.0,26.62,93865,293968192.0,1.42,0.07,0.02,0.15
904,2018-09-13,27.32,27.48,27.54,26.87,129161,409316352.0,2.5,2.46,0.66,0.21
905,2018-09-14,27.7,27.63,27.83,27.35,84854,272919632.0,1.75,0.55,0.15,0.13
906,2018-09-17,27.31,27.55,27.87,27.25,109864,352858640.0,2.24,-0.29,-0.08,0.17
907,2018-09-18,27.32,28.52,28.62,27.32,138083,450737600.0,4.72,3.52,0.97,0.22
908,2018-09-19,28.7,28.86,29.3,28.51,190305,637547680.0,2.77,1.19,0.34,0.3
909,2018-09-20,28.98,28.48,29.05,28.39,112984,374909968.0,2.29,-1.32,-0.38,0.18
910,2018-09-21,28.7,29.8,29.95,28.66,317064,1076804672.0,4.53,4.63,1.32,0.5
911,2018-09-25,29.8,29.9,30.07,29.56,148843,511527024.0,1.71,0.34,0.1,0.24
912,2018-09-26,30.1,30.75,31.29,30.1,263483,933812080.0,3.98,2.84,0.85,0.42
913,2018-09-27,30.74,30.4,30.74,29.95,198811,692557200.0,2.57,-1.14,-0.35,0.32
914,2018-09-28,30.42,31.01,31.7,30.42,236896,841731072.0,4.21,2.01,0.61,0.38
915,2018-10-08,29.75,29.59,30.55,29.49,195586,672289152.0,3.42,-4.58,-1.42,0.31
916,2018-10-09,29.5,29.29,29.86,28.86,144492,487445936.0,3.38,-1.01,-0.3,0.23
917,2018-10-10,29.32,29.11,29.5,28.6,147941,496382880.0,3.07,-0.61,-0.18,0.24
918,2018-10-11,27.73,28.3,29.05,27.58,219729,721450464.0,5.05,-2.78,-0.81,0.35
919,2018-10-12,28.61,29.41,29.53,28.16,182569,610521760.0,4.84,3.92,1.11,0.29
920,2018-10-15,29.4,28.8,29.55,28.38,140122,467442560.0,3.98,-2.07,-0.61,0.22
921,2018-10-16,28.82,29.13,29.89,28.82,190384,644827312.0,3.72,1.15,0.33,0.3
922,2018-10-17,29.5,28.76,30.09,28.5,198814,669516272.0,5.46,-1.27,-0.37,0.32
923,2018-10-18,28.65,27.6,29.05,27.56,195694,640812480.0,5.18,-4.03,-1.16,0.31
924,2018-10-19,27.5,30.25,30.49,27.1,369767,1236222304.0,12.28,9.6,2.65,0.59
925,2018-10-22,30.8,31.64,32.8,30.8,428800,1549415488.0,6.61,4.6,1.39,0.68
926,2018-10-23,31.3,30.95,32.3,30.4,271055,974467696.0,6.01,-2.18,-0.69,0.43
927,2018-10-24,31.09,31.3,32.07,30.48,280056,1008065072.0,5.14,1.13,0.35,0.45
928,2018-10-25,30.36,32.48,32.48,30.3,269977,967464304.0,6.96,3.77,1.18,0.43
929,2018-10-26,32.06,31.4,32.3,30.3,296734,1057726272.0,6.16,-3.33,-1.08,0.47
930,2018-10-29,31.68,29.01,31.68,28.73,309364,1060595856.0,9.39,-7.61,-2.39,0.49
931,2018-10-30,28.79,29.12,30.05,27.91,282138,950105440.0,7.38,0.38,0.11,0.45
932,2018-10-31,29.25,29.16,29.49,28.2,222785,743950592.0,4.43,0.14,0.04,0.35
933,2018-11-01,29.4,29.25,30.01,28.83,293629,997085664.0,4.05,0.31,0.09,0.47
934,2018-11-02,30.35,31.09,31.23,29.72,369348,1289240336.0,5.16,6.29,1.84,0.59
935,2018-11-05,30.6,30.33,30.9,29.71,253497,879357936.0,3.83,-2.44,-0.76,0.4
936,2018-11-06,30.14,29.65,30.14,29.25,200146,681662080.0,2.93,-2.24,-0.68,0.32
937,2018-11-07,29.85,29.49,30.1,29.38,190621,652798832.0,2.43,-0.54,-0.16,0.3
938,2018-11-08,29.93,29.47,30.07,29.38,162663,556365984.0,2.34,-0.07,-0.02,0.26
939,2018-11-09,29.18,28.5,29.47,28.5,243954,810530000.0,3.29,-3.29,-0.97,0.39
940,2018-11-12,28.5,28.07,28.5,27.31,443010,1430214944.0,4.18,-1.51,-0.43,0.7
941,2018-11-13,27.5,28.19,28.47,27.41,319005,1035911040.0,3.78,0.43,0.12,0.51
942,2018-11-14,28.17,27.58,28.21,27.48,333541,1072592800.0,2.59,-2.16,-0.61,0.53
943,2018-11-15,27.66,28.46,28.47,27.59,293556,955046608.0,3.19,3.19,0.88,0.47
944,2018-11-16,28.46,28.3,28.85,28.0,297539,980381824.0,2.99,-0.56,-0.16,0.47
945,2018-11-19,28.45,28.48,28.74,28.05,236510,778588880.0,2.44,0.64,0.18,0.38
946,2018-11-20,28.25,27.55,28.25,27.46,294899,951919792.0,2.77,-3.27,-0.93,0.47
947,2018-11-21,27.23,27.56,27.72,27.1,159098,509584928.0,2.25,0.04,0.01,0.25
948,2018-11-22,27.7,27.08,27.73,26.96,253016,801480560.0,2.79,-1.74,-0.48,0.4
949,2018-11-23,27.03,26.75,27.4,26.61,218156,685026912.0,2.92,-1.22,-0.33,0.35
950,2018-11-26,26.81,26.78,27.15,26.59,167658,524886624.0,2.09,0.11,0.03,0.27
951,2018-11-27,26.8,26.73,27.06,26.61,144169,450815088.0,1.68,-0.19,-0.05,0.23
952,2018-11-28,26.74,27.03,27.13,26.61,160515,504565424.0,1.95,1.12,0.3,0.26
953,2018-11-29,27.21,26.75,27.3,26.74,210136,661220736.0,2.07,-1.04,-0.28,0.33
954,2018-11-30,26.64,26.89,27.0,26.63,130970,410443712.0,1.38,0.52,0.14,0.21
955,2018-12-03,27.65,27.83,28.0,27.35,333126,1073801376.0,2.42,3.5,0.94,0.53
956,2018-12-04,27.82,27.51,27.82,27.26,193028,616712496.0,2.01,-1.15,-0.32,0.31
957,2018-12-05,27.03,26.98,27.29,26.81,184332,580985200.0,1.74,-1.93,-0.53,0.29
958,2018-12-06,26.58,26.37,26.75,26.36,207919,646121808.0,1.45,-2.26,-0.61,0.33
959,2018-12-07,26.4,26.1,26.6,25.97,191112,587676336.0,2.39,-1.02,-0.27,0.3
960,2018-12-10,25.76,25.17,25.95,24.92,267008,796961904.0,3.95,-3.56,-0.93,0.42
961,2018-12-11,25.21,25.59,25.59,25.17,128049,382270032.0,1.67,1.67,0.42,0.2
962,2018-12-12,25.91,26.05,26.23,25.68,156456,475810256.0,2.15,1.8,0.46,0.25
963,2018-12-13,26.2,26.48,26.75,26.05,198309,614169168.0,2.69,1.65,0.43,0.32
964,2018-12-14,26.28,25.9,26.43,25.85,192039,586356432.0,2.19,-2.19,-0.58,0.31
965,2018-12-17,25.8,26.2,26.33,25.8,115683,354174016.0,2.05,1.16,0.3,0.18
966,2018-12-18,25.9,25.68,26.2,25.41,136633,414105264.0,3.02,-1.98,-0.52,0.22
967,2018-12-19,25.69,25.66,26.27,25.5,161707,492057968.0,3.0,-0.08,-0.02,0.26
968,2018-12-20,25.49,25.14,25.77,24.89,141429,419952768.0,3.43,-2.03,-0.52,0.22
969,2018-12-21,24.92,24.56,25.07,24.28,134205,389940608.0,3.14,-2.31,-0.58,0.21
970,2018-12-24,24.28,24.48,24.64,24.22,97883,283533568.0,1.71,-0.33,-0.08,0.16
971,2018-12-25,24.3,24.28,24.55,23.4,170452,484847024.0,4.7,-0.82,-0.2,0.27
972,2018-12-26,24.15,23.75,24.29,23.66,141584,402399216.0,2.59,-2.18,-0.53,0.23
973,2018-12-27,24.12,23.75,24.3,23.75,156443,446233248.0,2.32,0.0,0.0,0.25
974,2018-12-28,23.92,23.93,24.35,23.79,148326,422742320.0,2.36,0.76,0.18,0.24
975,2019-01-02,23.95,22.9,24.04,22.55,239815,661114288.0,6.23,-4.3,-1.03,0.38
976,2019-01-03,22.86,23.43,23.75,22.8,199312,555746016.0,4.15,2.31,0.53,0.32
977,2019-01-04,23.12,24.48,24.55,23.1,240601,687207856.0,6.19,4.48,1.05,0.38
978,2019-01-07,24.68,23.86,24.68,23.6,244009,693654368.0,4.41,-2.53,-0.62,0.39
979,2019-01-08,23.94,23.42,23.94,23.34,158003,442753744.0,2.51,-1.84,-0.44,0.25
980,2019-01-09,23.65,23.97,24.22,23.4,247931,706146384.0,3.5,2.35,0.55,0.39
981,2019-01-10,23.8,23.48,23.86,23.44,183471,515621968.0,1.75,-2.04,-0.49,0.29
982,2019-01-11,23.6,23.38,23.84,23.25,190633,532535632.0,2.51,-0.43,-0.1,0.3
983,2019-01-14,23.3,22.83,23.39,22.72,200580,551103488.0,2.87,-2.35,-0.55,0.32
984,2019-01-15,22.98,23.93,24.04,22.85,311964,873042240.0,5.21,4.82,1.1,0.5
985,2019-01-16,24.0,24.3,24.43,23.74,234604,672829568.0,2.88,1.55,0.37,0.37
986,2019-01-17,24.45,24.37,25.1,24.12,268084,780924576.0,4.03,0.29,0.07,0.43
987,2019-01-18,24.78,25.33,25.4,24.61,276317,818437040.0,3.24,3.94,0.96,0.44
988,2019-01-21,25.32,25.5,25.69,25.17,164095,491347440.0,2.05,0.67,0.17,0.26
989,2019-01-22,25.45,24.94,25.49,24.78,127073,375349808.0,2.78,-2.2,-0.56,0.2
990,2019-01-23,24.89,25.1,25.47,24.81,139802,414513120.0,2.65,0.64,0.16,0.22
991,2019-01-24,25.26,25.42,25.49,24.74,133556,396796160.0,2.99,1.27,0.32,0.21
992,2019-01-25,25.46,25.69,26.15,25.44,184187,559448912.0,2.79,1.06,0.27,0.29
993,2019-01-28,25.92,25.6,26.15,25.3,103595,313333888.0,3.31,-0.35,-0.09,0.16
994,2019-01-29,25.3,25.82,25.96,25.0,139887,418849632.0,3.75,0.86,0.22,0.22
995,2019-01-30,25.31,25.3,25.65,25.16,113282,338987968.0,1.9,-2.01,-0.52,0.18
996,2019-01-31,25.61,26.32,26.44,25.45,177281,542944464.0,3.91,4.03,1.02,0.28
997,2019-02-01,26.51,26.38,26.65,26.12,98657,304654784.0,2.01,0.23,0.06,0.16
998,2019-02-11,25.85,26.4,26.51,25.78,149515,457705184.0,2.77,0.08,0.02,0.24
999,2019-02-12,26.34,26.8,26.91,26.13,145421,451661120.0,2.95,1.52,0.4,0.23
1000,2019-02-13,26.85,27.7,27.9,26.57,221443,704018752.0,4.96,3.36,0.9,0.35
1001,2019-02-14,27.52,27.21,27.7,27.03,133479,424548320.0,2.42,-1.77,-0.49,0.21
1002,2019-02-15,27.0,26.2,27.31,26.2,168712,525231424.0,4.08,-3.71,-1.01,0.27
1003,2019-02-18,26.49,27.23,27.3,26.38,195781,616236304.0,3.51,3.93,1.03,0.31
1004,2019-02-19,27.25,27.71,28.75,27.0,322840,1049406128.0,6.43,1.76,0.48,0.51
1005,2019-02-20,28.09,28.59,28.68,27.81,312979,1029739872.0,3.14,3.18,0.88,0.5
1006,2019-02-21,28.54,28.3,29.08,28.1,176974,584247440.0,3.43,-1.01,-0.29,0.28
1007,2019-02-22,28.3,28.95,29.15,27.44,256182,838165104.0,6.04,2.3,0.65,0.41
1008,2019-02-25,29.71,32.3,32.3,29.71,587803,2099882512.0,8.95,11.57,3.35,0.93
1009,2019-02-26,32.3,30.97,33.0,30.69,436265,1583188128.0,7.15,-4.12,-1.33,0.69
1010,2019-02-27,30.9,30.35,31.48,29.68,410182,1442407408.0,5.81,-2.0,-0.62,0.65
1011,2019-02-28,30.3,29.52,30.3,29.16,303707,1037849392.0,3.76,-2.73,-0.83,0.48
1012,2019-03-01,29.75,30.8,31.0,29.59,359427,1247037024.0,4.78,4.34,1.28,0.57
1013,2019-03-04,31.11,30.58,32.44,30.23,572037,2037556224.0,7.18,-0.71,-0.22,0.91
1014,2019-03-05,30.42,30.12,30.45,29.57,349331,1202179024.0,2.88,-1.5,-0.46,0.56
1015,2019-03-06,30.08,30.44,30.69,29.5,448477,1546196672.0,3.95,1.06,0.32,0.71
1016,2019-03-07,30.41,29.51,30.41,29.31,382205,1306796944.0,3.61,-3.06,-0.93,0.61
1017,2019-03-08,28.52,28.16,28.85,28.0,421649,1390817296.0,2.88,-4.57,-1.35,0.67
1018,2019-03-11,28.2,28.29,28.44,27.73,318508,1036094176.0,2.52,0.46,0.13,0.51
1019,2019-03-12,28.6,28.13,28.89,27.99,352436,1163436240.0,3.18,-0.57,-0.16,0.56
1020,2019-03-13,28.46,28.27,28.57,27.65,318937,1041702848.0,3.27,0.5,0.14,0.51
1021,2019-03-14,28.1,28.11,28.75,27.87,254863,837071568.0,3.11,-0.57,-0.16,0.41
1022,2019-03-15,28.3,28.39,28.98,28.25,289351,958637328.0,2.6,1.0,0.28,0.46
1023,2019-03-18,28.39,28.95,28.96,27.82,419769,1380784656.0,4.02,1.97,0.56,0.67
1024,2019-03-19,28.95,28.56,29.31,28.4,349852,1164698048.0,3.14,-1.35,-0.39,0.56
1025,2019-03-20,28.5,28.16,28.69,27.9,319337,1044981840.0,2.77,-1.4,-0.4,0.51
1026,2019-03-21,28.22,28.6,28.94,27.9,519788,1719249504.0,3.69,1.56,0.44,0.83
1027,2019-03-22,28.83,28.64,28.98,28.41,314684,1044042608.0,1.99,0.14,0.04,0.5
1028,2019-03-25,29.1,28.41,29.31,28.35,604028,2015972128.0,3.35,-0.8,-0.23,0.96
1029,2019-03-26,28.75,28.82,28.91,28.3,279879,928476368.0,2.15,1.44,0.41,0.45
1030,2019-03-27,29.04,28.95,29.49,28.8,404382,1360510032.0,2.39,0.45,0.13,0.64
1031,2019-03-28,28.71,28.24,28.71,27.95,258964,848443808.0,2.63,-2.45,-0.71,0.41
1032,2019-03-29,28.3,29.54,29.57,28.28,553117,1864313984.0,4.57,4.6,1.3,0.88
1033,2019-04-01,29.8,30.29,30.7,29.78,558457,1943040704.0,3.11,2.54,0.75,0.89
1034,2019-04-02,30.32,30.32,30.73,30.08,359584,1254475504.0,2.15,0.1,0.03,0.57
1035,2019-04-03,30.26,30.77,30.82,30.0,303649,1061028448.0,2.7,1.48,0.45,0.48
1036,2019-04-04,31.0,31.12,31.57,30.61,385972,1375981216.0,3.12,1.14,0.35,0.61
1037,2019-04-08,31.37,31.5,32.26,31.2,502233,1822370464.0,3.41,1.22,0.38,0.8
1038,2019-04-09,31.3,30.92,31.71,30.82,269058,962489888.0,2.83,-1.84,-0.58,0.43
1039,2019-04-10,30.9,30.61,31.09,30.16,336275,1175994176.0,3.01,-1.0,-0.31,0.53
1040,2019-04-11,30.73,30.35,31.3,30.08,298354,1046591344.0,3.99,-0.85,-0.26,0.47
1041,2019-04-12,30.4,30.49,30.67,30.1,183329,640070208.0,1.88,0.46,0.14,0.29
1042,2019-04-15,31.21,31.44,32.78,31.1,576893,2104900288.0,5.51,3.12,0.95,0.92
1043,2019-04-16,31.21,33.05,33.15,31.12,540668,1988575392.0,6.46,5.12,1.61,0.86
1044,2019-04-17,32.86,33.0,33.87,32.6,382570,1446912208.0,3.84,-0.15,-0.05,0.61
1045,2019-04-18,33.07,33.87,34.14,32.62,281369,1067613568.0,4.61,2.64,0.87,0.45
1046,2019-04-19,34.06,34.89,35.59,34.0,361812,1415240480.0,4.69,3.01,1.02,0.58
1047,2019-04-22,34.86,33.33,34.86,32.78,329884,1261421616.0,5.96,-4.47,-1.56,0.52
1048,2019-04-23,33.34,32.9,33.65,32.65,309423,1164584784.0,3.0,-1.29,-0.43,0.49
1049,2019-04-24,33.19,32.61,33.39,32.0,295014,1094637072.0,4.22,-0.88,-0.29,0.47
1050,2019-04-25,32.47,32.3,32.87,32.06,212178,784067344.0,2.48,-0.95,-0.31,0.34
1051,2019-04-26,32.1,31.71,32.56,31.53,271342,990399408.0,3.19,-1.83,-0.59,0.43
1052,2019-04-29,32.03,32.28,32.84,31.68,264483,974456864.0,3.66,1.8,0.57,0.42
1053,2019-04-30,32.4,31.68,32.4,31.06,260354,936654944.0,4.15,-1.86,-0.6,0.41
1054,2019-05-06,30.31,29.8,30.32,29.01,368105,1259992064.0,4.14,-5.93,-1.88,0.59
1055,2019-05-07,30.08,29.53,30.38,28.97,224382,767501632.0,4.73,-0.91,-0.27,0.36
1056,2019-05-08,28.95,28.73,29.2,28.52,261550,871932992.0,2.3,-2.71,-0.8,0.42
1057,2019-05-09,28.39,27.61,28.7,27.54,277807,899813920.0,4.04,-3.9,-1.12,0.44
1058,2019-05-10,28.01,29.25,29.62,27.82,298757,992704896.0,6.52,5.94,1.64,0.48
1059,2019-05-13,28.67,28.26,28.92,28.04,143558,473084816.0,3.01,-3.38,-0.99,0.23
1060,2019-05-14,28.03,28.2,28.75,27.82,175448,576520656.0,3.29,-0.21,-0.06,0.28
1061,2019-05-15,28.56,29.05,29.4,28.38,215234,720705360.0,3.62,3.01,0.85,0.34
1062,2019-05-16,28.81,28.8,29.2,28.6,157506,525142768.0,2.07,-0.86,-0.25,0.25
1063,2019-05-17,28.96,28.07,29.03,27.98,156002,512041728.0,3.65,-2.53,-0.73,0.25
1064,2019-05-20,27.99,28.32,28.77,27.89,206456,676239680.0,3.14,0.89,0.25,0.33
1065,2019-05-21,28.25,29.01,29.21,28.09,247374,824395808.0,3.95,2.44,0.69,0.39
1066,2019-05-22,29.1,29.1,29.2,28.51,147990,494258944.0,2.38,0.31,0.09,0.24
1067,2019-05-23,28.91,28.39,28.91,28.21,150066,493545856.0,2.41,-2.44,-0.71,0.24
1068,2019-05-24,28.44,28.4,28.88,28.25,134842,444857952.0,2.22,0.04,0.01,0.21
1069,2019-05-27,28.3,28.58,28.89,27.83,180491,591885920.0,3.73,0.63,0.18,0.29
1070,2019-05-28,28.55,28.91,29.05,28.47,251936,837037776.0,2.03,1.15,0.33,0.4
1071,2019-05-29,28.64,31.31,31.58,28.48,575876,2016981296.0,10.72,8.3,2.4,0.92
1072,2019-05-30,30.61,30.45,30.8,30.01,321094,1119646416.0,2.52,-2.75,-0.86,0.51
1073,2019-05-31,30.36,29.92,30.64,29.86,157807,548615008.0,2.56,-1.74,-0.53,0.25
1074,2019-06-03,30.0,30.21,30.78,29.81,183764,637972528.0,3.24,0.97,0.29,0.29
1075,2019-06-04,30.21,29.82,30.29,29.45,139125,476120944.0,2.78,-1.29,-0.39,0.22
1076,2019-06-05,30.14,29.33,30.3,29.33,166647,572446496.0,3.25,-1.64,-0.49,0.27
1077,2019-06-06,29.46,29.38,29.76,29.14,125014,425388528.0,2.11,0.17,0.05,0.2
1078,2019-06-10,29.62,30.1,30.5,29.51,190163,656732080.0,3.37,2.45,0.72,0.3
1079,2019-06-11,29.98,30.74,31.09,29.95,244736,859774336.0,3.79,2.13,0.64,0.39
1080,2019-06-12,30.6,30.46,30.76,30.36,158227,554431872.0,1.3,-0.91,-0.28,0.25
1081,2019-06-13,30.41,30.56,30.7,30.04,144407,503256896.0,2.17,0.33,0.1,0.23
1082,2019-06-14,30.5,30.35,30.8,30.2,123353,430777344.0,1.96,-0.69,-0.21,0.2
1083,2019-06-17,30.38,30.64,30.8,30.38,120724,423754816.0,1.38,0.96,0.29,0.19
1084,2019-06-18,30.65,30.99,31.05,30.42,121212,427661760.0,2.06,1.14,0.35,0.19
1085,2019-06-19,32.08,31.52,32.38,31.52,214972,782327792.0,2.78,1.71,0.53,0.34
1086,2019-06-20,31.6,32.7,33.3,31.58,267378,991225872.0,5.46,3.74,1.18,0.43
1087,2019-06-21,32.76,32.56,33.07,32.31,206224,764282544.0,2.32,-0.43,-0.14,0.33
1088,2019-06-24,32.33,32.6,32.92,32.16,207305,768026640.0,2.33,0.12,0.04,0.33
1089,2019-06-25,32.58,31.68,32.75,31.31,247723,899016672.0,4.42,-2.82,-0.92,0.39
1090,2019-06-26,31.67,31.71,31.97,31.5,136540,494259664.0,1.48,0.09,0.03,0.22
1091,2019-06-27,31.91,31.75,32.47,31.4,235287,857353120.0,3.37,0.13,0.04,0.37
1092,2019-06-28,31.8,32.01,32.08,31.48,143365,520549424.0,1.89,0.82,0.26,0.23
1093,2019-07-01,33.01,32.86,33.38,32.6,229187,859442368.0,2.44,2.66,0.85,0.36
1094,2019-07-02,32.9,32.54,32.9,32.45,150831,559385824.0,1.37,-0.97,-0.32,0.24
1095,2019-07-03,32.8,32.15,32.82,31.83,217669,802052448.0,3.04,-1.2,-0.39,0.35
1096,2019-07-04,32.38,31.55,32.46,31.08,263954,954181424.0,4.29,-1.87,-0.6,0.42
1097,2019-07-05,31.55,31.7,31.95,31.41,111733,404517872.0,1.71,0.48,0.15,0.18
1098,2019-07-08,31.52,30.43,31.6,29.93,303499,1062839104.0,5.27,-4.01,-1.27,0.48
1099,2019-07-09,30.22,30.37,30.71,30.22,170509,595431840.0,1.61,-0.2,-0.06,0.27
1100,2019-07-10,30.7,30.87,31.07,30.53,162028,572639744.0,1.78,1.65,0.5,0.26
1101,2019-07-11,31.14,31.71,32.15,31.09,313404,1134475520.0,3.43,2.72,0.84,0.5
1102,2019-07-12,31.78,33.17,33.58,31.78,456491,1714944272.0,5.68,4.6,1.46,0.73
1103,2019-07-15,33.2,33.52,34.1,32.96,308928,1174616448.0,3.44,1.06,0.35,0.49
1104,2019-07-16,33.59,33.46,33.94,33.28,149929,570313712.0,1.97,-0.18,-0.06,0.24
1105,2019-07-17,33.44,33.65,34.15,33.1,208076,796480016.0,3.14,0.57,0.19,0.33
1106,2019-07-18,33.62,34.3,34.55,33.51,253536,980932560.0,3.09,1.93,0.65,0.4
1107,2019-07-19,34.43,34.28,34.49,33.9,217841,842437456.0,1.72,-0.06,-0.02,0.35
1108,2019-07-22,34.09,33.8,34.5,33.7,177721,685572864.0,2.33,-1.4,-0.48,0.28
1109,2019-07-23,34.25,33.67,34.46,33.54,167678,627775360.0,2.72,-0.38,-0.13,0.27
1110,2019-07-24,34.1,34.95,35.58,34.02,265689,1025005920.0,4.63,3.8,1.28,0.42
1111,2019-07-25,35.37,35.15,35.45,34.71,143086,551100000.0,2.12,0.57,0.2,0.23
1112,2019-07-26,34.68,35.14,35.4,34.68,121548,468767856.0,2.05,-0.03,-0.01,0.19
1113,2019-07-29,35.14,35.1,35.49,34.5,140646,543531456.0,2.82,-0.11,-0.04,0.22
1114,2019-07-30,35.7,36.05,36.18,35.42,219473,864686832.0,2.17,2.71,0.95,0.35
1115,2019-07-31,35.97,35.1,35.97,34.98,208459,809454384.0,2.75,-2.64,-0.95,0.33
1116,2019-08-01,34.68,34.93,35.27,34.56,211316,810954368.0,2.02,-0.48,-0.17,0.34
1117,2019-08-02,34.01,34.06,34.4,33.83,201691,757508496.0,1.63,-2.49,-0.87,0.32
1118,2019-08-05,33.68,33.29,34.39,33.18,238086,886858512.0,3.55,-2.26,-0.77,0.38
1119,2019-08-06,32.6,33.35,33.8,32.5,270106,989469088.0,3.91,0.18,0.06,0.43
1120,2019-08-07,33.58,33.24,33.74,33.16,193491,715574144.0,1.74,-0.33,-0.11,0.31
1121,2019-08-08,34.0,33.61,34.0,33.18,175789,650210304.0,2.47,1.11,0.37,0.28
1122,2019-08-09,33.8,33.35,34.06,33.0,167741,621011280.0,3.15,-0.77,-0.26,0.27
1123,2019-08-12,33.06,34.15,34.29,33.06,187077,696283968.0,3.69,2.4,0.8,0.3
1124,2019-08-13,33.82,33.0,33.88,32.91,173736,640040624.0,2.84,-3.37,-1.15,0.28
1125,2019-08-14,33.57,32.81,33.75,32.72,151695,556340960.0,3.12,-0.58,-0.19,0.24
1126,2019-08-15,32.2,33.35,33.54,32.01,156066,565434288.0,4.66,1.65,0.54,0.25
1127,2019-08-16,33.2,33.27,33.74,32.78,187051,688389024.0,2.88,-0.24,-0.08,0.3
1128,2019-08-19,33.49,34.74,34.85,33.3,247931,934334256.0,4.66,4.42,1.47,0.39
1129,2019-08-20,34.35,34.42,34.85,34.34,151106,575128224.0,1.47,-0.92,-0.32,0.24
1130,2019-08-21,34.14,35.08,35.25,34.14,149920,576141344.0,3.22,1.92,0.66,0.24
1131,2019-08-22,35.1,35.61,35.91,34.88,153926,600266400.0,2.94,1.51,0.53,0.24
1132,2019-08-23,35.4,36.52,36.9,35.4,235455,940367376.0,4.21,2.56,0.91,0.37
1133,2019-08-26,35.85,35.2,35.9,34.9,262683,1019801840.0,2.74,-3.61,-1.32,0.42
1134,2019-08-27,35.63,34.67,35.71,34.45,407919,1571982192.0,3.58,-1.51,-0.53,0.65
1135,2019-08-28,34.71,33.96,34.77,33.69,291497,1093113728.0,3.12,-2.05,-0.71,0.46
1136,2019-08-29,33.96,33.97,34.33,33.58,242449,906641760.0,2.21,0.03,0.01,0.39
1137,2019-08-30,34.24,34.3,34.38,33.65,202844,761494368.0,2.15,0.97,0.33,0.32
1138,2019-09-02,34.01,34.18,34.48,33.88,287995,1086452944.0,1.75,-0.35,-0.12,0.46
1139,2019-09-03,34.1,34.12,34.45,33.93,165724,624311280.0,1.52,-0.18,-0.06,0.26
1140,2019-09-04,34.11,34.7,34.7,34.11,244647,927416896.0,1.73,1.7,0.58,0.39
1141,2019-09-05,34.84,35.03,36.19,34.83,392476,1527990160.0,3.92,0.95,0.33,0.62
1142,2019-09-06,35.2,35.63,35.68,34.71,259636,1005642208.0,2.77,1.71,0.6,0.41
1143,2019-09-09,35.84,35.01,36.0,34.85,335919,1298500496.0,3.23,-1.74,-0.62,0.53
1144,2019-09-10,34.98,34.45,34.98,34.18,214955,815017904.0,2.29,-1.6,-0.56,0.34
1145,2019-09-11,34.53,34.73,34.92,34.45,170196,650298432.0,1.36,0.81,0.28,0.27
1146,2019-09-12,34.89,35.29,35.43,34.54,214379,825397824.0,2.56,1.61,0.56,0.34
1147,2019-09-16,35.25,34.35,35.25,34.28,225279,857402848.0,2.75,-2.66,-0.94,0.36
1148,2019-09-17,34.15,33.79,34.19,33.7,197306,737828016.0,1.43,-1.63,-0.56,0.31
1149,2019-09-18,33.99,33.69,34.0,33.57,166847,620674384.0,1.27,-0.3,-0.1,0.27
1150,2019-09-19,33.85,33.64,33.88,33.3,172527,638583760.0,1.72,-0.15,-0.05,0.27
1151,2019-09-20,33.7,33.7,33.93,33.58,190686,710290592.0,1.04,0.18,0.06,0.3
1152,2019-09-23,33.54,32.95,33.54,32.81,163901,597601136.0,2.17,-2.23,-0.75,0.26
1153,2019-09-24,33.06,31.96,33.06,31.33,522264,1847613104.0,5.25,-3.0,-0.99,0.83
1154,2019-09-25,31.77,32.08,32.33,31.65,226560,805131504.0,2.13,0.38,0.12,0.36
1155,2019-09-26,32.2,32.19,32.78,32.11,203884,732192064.0,2.09,0.34,0.11,0.32
1156,2019-09-27,32.2,32.1,32.37,31.52,143153,505982000.0,2.64,-0.28,-0.09,0.23
1157,2019-09-30,31.75,31.37,32.19,31.36,126157,444244576.0,2.59,-2.27,-0.73,0.2
1158,2019-10-08,31.38,32.06,32.33,31.34,225160,798355472.0,3.16,2.2,0.69,0.36
1159,2019-10-09,31.72,32.57,32.93,31.65,206403,743616816.0,3.99,1.59,0.51,0.33
1160,2019-10-10,32.58,32.44,32.7,32.27,136506,490285920.0,1.32,-0.4,-0.13,0.22
1161,2019-10-11,32.72,32.99,33.31,32.27,210959,766346848.0,3.21,1.7,0.55,0.34
1162,2019-10-14,33.21,33.59,34.07,33.21,250598,933016336.0,2.61,1.82,0.6,0.4
1163,2019-10-15,33.7,33.42,33.7,33.1,102237,376694944.0,1.79,-0.51,-0.17,0.16
1164,2019-10-16,33.43,33.26,34.1,33.09,150132,555465088.0,3.02,-0.48,-0.16,0.24
1165,2019-10-17,33.21,33.22,33.6,32.8,128257,471046064.0,2.41,-0.12,-0.04,0.2
1166,2019-10-18,33.39,32.36,33.5,32.3,153724,557731936.0,3.61,-2.59,-0.86,0.24
1167,2019-10-21,32.36,32.6,33.13,32.16,194927,704565952.0,3.0,0.74,0.24,0.31
1168,2019-10-22,32.78,32.28,32.96,31.93,210530,752391232.0,3.16,-0.98,-0.32,0.33
1169,2019-10-23,32.24,31.78,32.43,31.6,188478,667289728.0,2.57,-1.55,-0.5,0.3
1170,2019-10-24,31.93,31.89,32.16,31.63,119713,423636864.0,1.67,0.35,0.11,0.19
1171,2019-10-25,31.79,31.61,31.79,31.12,150092,524351152.0,2.1,-0.88,-0.28,0.24
1172,2019-10-28,31.75,31.92,31.98,31.59,147296,519553440.0,1.23,0.98,0.31,0.23
1173,2019-10-29,31.92,31.17,31.93,31.16,188437,657804464.0,2.41,-2.35,-0.75,0.3
1174,2019-10-30,31.22,31.05,31.56,30.87,196739,681093872.0,2.21,-0.38,-0.12,0.31
1175,2019-10-31,31.25,31.01,31.3,30.48,195520,670986576.0,2.64,-0.13,-0.04,0.31
1176,2019-11-01,30.9,31.8,31.83,30.78,234986,823188304.0,3.39,2.55,0.79,0.37
1177,2019-11-04,31.8,32.64,32.92,31.6,340349,1220463792.0,4.15,2.64,0.84,0.54
1178,2019-11-05,32.65,32.94,33.51,32.58,393053,1439129280.0,2.85,0.92,0.3,0.63
1179,2019-11-06,33.03,32.64,33.22,32.55,160785,582916576.0,2.03,-0.91,-0.3,0.26
1180,2019-11-07,32.94,33.28,33.53,32.85,256153,941015360.0,2.08,1.96,0.64,0.41
1181,2019-11-08,33.49,33.31,33.81,33.21,207114,766746256.0,1.8,0.09,0.03,0.33
1182,2019-11-11,32.86,32.83,33.35,32.6,184333,673169616.0,2.25,-1.44,-0.48,0.29
1183,2019-11-12,33.03,33.33,33.45,32.66,156134,572263200.0,2.41,1.52,0.5,0.25
1184,2019-11-13,32.98,32.07,33.02,31.78,264764,949476368.0,3.72,-3.78,-1.26,0.42
1185,2019-11-14,32.04,31.53,32.26,31.46,242331,850648672.0,2.49,-1.68,-0.54,0.39
1186,2019-11-15,31.72,31.38,31.86,31.3,139261,487765952.0,1.78,-0.48,-0.15,0.22
1187,2019-11-18,31.4,32.31,32.48,31.36,202792,721608816.0,3.57,2.96,0.93,0.32
1188,2019-11-19,32.11,32.09,32.35,31.85,147990,525937552.0,1.55,-0.68,-0.22,0.24
1189,2019-11-20,31.97,31.19,32.07,31.05,229560,800685760.0,3.18,-2.8,-0.9,0.37
1190,2019-11-21,30.99,31.13,31.35,30.85,124804,431287696.0,1.6,-0.19,-0.06,0.2
1191,2019-11-22,31.13,31.0,31.49,30.94,160477,556999408.0,1.77,-0.42,-0.13,0.26
1192,2019-11-25,30.95,31.43,31.5,30.7,145086,504066768.0,2.58,1.39,0.43,0.23
1193,2019-11-26,31.67,31.05,31.88,31.0,212958,738399792.0,2.8,-1.21,-0.38,0.34
1194,2019-11-27,31.1,31.18,31.31,30.73,92359,319202528.0,1.87,0.42,0.13,0.15
1195,2019-11-28,31.15,30.93,31.26,30.77,90543,311741136.0,1.57,-0.8,-0.25,0.14
1196,2019-11-29,31.0,30.75,31.04,30.51,119631,409272288.0,1.71,-0.58,-0.18,0.19
1197,2019-12-02,31.01,31.02,31.49,30.9,137301,476468720.0,1.92,0.88,0.27,0.22
1198,2019-12-03,30.8,30.95,31.15,30.72,98859,339797936.0,1.39,-0.23,-0.07,0.16
1199,2019-12-04,30.65,30.86,30.88,30.61,69777,239001644.0,0.87,-0.29,-0.09,0.11
1200,2019-12-05,30.98,31.24,31.3,30.88,144264,499158208.0,1.36,1.23,0.38,0.23
1201,2019-12-06,31.29,31.32,31.39,31.08,132591,460660720.0,0.99,0.26,0.08,0.21
1202,2019-12-09,31.39,31.31,31.57,31.19,122305,426085744.0,1.21,-0.03,-0.01,0.19
1203,2019-12-10,31.19,31.41,31.49,31.1,88339,307823616.0,1.25,0.32,0.1,0.14
1204,2019-12-11,31.53,31.81,31.94,31.33,187110,658208560.0,1.94,1.27,0.4,0.3
1205,2019-12-12,31.91,32.32,32.46,31.73,196639,700726896.0,2.29,1.6,0.51,0.31
1206,2019-12-13,32.67,33.6,33.86,32.67,359224,1321055312.0,3.68,3.96,1.28,0.57
1207,2019-12-16,33.52,33.81,33.98,33.25,279627,1041002256.0,2.17,0.63,0.21,0.44
1208,2019-12-17,33.61,34.01,34.6,33.29,289121,1086369776.0,3.87,0.59,0.2,0.46
1209,2019-12-18,34.18,34.35,34.8,34.08,245209,930840848.0,2.12,1.0,0.34,0.39
1210,2019-12-19,34.44,34.18,34.7,33.95,129153,488546224.0,2.18,-0.49,-0.17,0.21
1211,2019-12-20,34.25,34.1,34.99,34.02,148403,561755824.0,2.84,-0.23,-0.08,0.24
1212,2019-12-23,34.2,33.51,34.63,33.51,164479,614954864.0,3.28,-1.73,-0.59,0.26
1213,2019-12-24,33.53,33.42,33.85,33.15,133709,493709920.0,2.09,-0.27,-0.09,0.21
1214,2019-12-25,33.51,33.3,33.68,33.03,106536,392398656.0,1.94,-0.36,-0.12,0.17
1215,2019-12-26,33.38,33.55,33.76,33.1,119183,440518528.0,1.98,0.75,0.25,0.19
1216,2019-12-27,33.41,33.28,34.07,33.19,195839,726364368.0,2.62,-0.8,-0.27,0.31
1217,2019-12-30,33.12,34.75,34.77,33.0,312497,1174503936.0,5.32,4.42,1.47,0.5
1218,2019-12-31,34.59,34.34,34.75,34.02,177909,672332816.0,2.1,-1.18,-0.41,0.28
1219,2020-01-02,35.0,35.38,35.92,34.82,325783,1267995376.0,3.2,3.03,1.04,0.52
1220,2020-01-03,35.9,36.12,36.58,35.76,317181,1260696976.0,2.32,2.09,0.74,0.5
1221,2020-01-06,36.0,35.1,36.29,34.99,197728,772729104.0,3.6,-2.82,-1.02,0.31
1222,2020-01-07,35.45,35.59,36.1,35.43,161870,634625072.0,1.91,1.4,0.49,0.26
1223,2020-01-08,35.2,35.0,35.69,34.8,152664,589428592.0,2.5,-1.66,-0.59,0.24
1224,2020-01-09,35.28,35.4,35.55,35.07,110816,430133936.0,1.37,1.14,0.4,0.18
1225,2020-01-10,35.42,34.95,35.57,34.7,138745,533429536.0,2.46,-1.27,-0.45,0.22
1226,2020-01-13,34.81,35.31,35.31,34.51,127075,487705040.0,2.29,1.03,0.36,0.2
1227,2020-01-14,35.35,35.37,35.91,35.12,173633,679660016.0,2.24,0.17,0.06,0.28
1228,2020-01-15,35.1,34.94,35.55,34.6,108430,416719600.0,2.69,-1.22,-0.43,0.17
1229,2020-01-16,35.11,34.07,35.13,34.0,170861,646287968.0,3.23,-2.49,-0.87,0.27
1230,2020-01-17,34.2,34.23,34.58,34.03,96226,363042144.0,1.61,0.47,0.16,0.15
1231,2020-01-20,34.3,34.3,34.95,34.23,171139,649988176.0,2.1,0.2,0.07,0.27
1232,2020-01-21,34.1,33.29,34.18,33.03,207835,765741392.0,3.35,-2.94,-1.01,0.33
1233,2020-01-22,33.23,33.48,33.69,32.6,181139,666876544.0,3.27,0.57,0.19,0.29
1234,2020-01-23,33.1,32.46,33.38,32.37,201005,729866704.0,3.02,-3.05,-1.02,0.32
1235,2020-02-03,28.87,29.31,29.99,28.86,477988,1561425392.0,3.48,-9.7,-3.15,0.76
1236,2020-02-04,29.5,30.26,30.46,29.42,290715,973886560.0,3.55,3.24,0.95,0.46
1237,2020-02-05,30.5,30.08,30.59,29.91,343036,1152853664.0,2.25,-0.59,-0.18,0.55
1238,2020-02-06,30.29,30.1,30.43,29.89,415478,1393743536.0,1.8,0.07,0.02,0.66
1239,2020-02-07,29.87,29.9,30.17,29.57,316867,1054201296.0,1.99,-0.66,-0.2,0.5
1240,2020-02-10,29.68,29.66,29.74,29.43,333638,1104241040.0,1.04,-0.8,-0.24,0.53
1241,2020-02-11,29.89,29.98,30.18,29.67,336801,1127989248.0,1.72,1.08,0.32,0.54
1242,2020-02-12,29.99,29.9,30.0,29.52,328096,1089476720.0,1.6,-0.27,-0.08,0.52
1243,2020-02-13,29.92,29.75,30.05,29.71,277253,923921088.0,1.14,-0.5,-0.15,0.44
1244,2020-02-14,29.66,30.1,30.24,29.62,261416,874032224.0,2.08,1.18,0.35,0.42
1245,2020-02-17,30.11,30.74,30.77,30.06,381431,1292013216.0,2.36,2.13,0.64,0.61
1246,2020-02-18,30.68,30.26,30.68,30.03,332492,1123705088.0,2.11,-1.56,-0.48,0.53
1247,2020-02-19,30.28,30.36,30.68,30.17,271261,920077312.0,1.69,0.33,0.1,0.43
1248,2020-02-20,30.39,31.1,31.28,30.15,453645,1551720096.0,3.72,2.44,0.74,0.72
1249,2020-02-21,30.95,31.02,31.49,30.9,495513,1718812864.0,1.9,-0.26,-0.08,0.79
1250,2020-02-24,30.69,30.25,30.69,30.18,388245,1314072640.0,1.64,-2.48,-0.77,0.62
1251,2020-02-25,29.88,29.88,30.03,29.65,325466,1084759104.0,1.26,-1.22,-0.37,0.52
1252,2020-02-26,29.53,29.75,30.26,29.48,289422,965166288.0,2.61,-0.44,-0.13,0.46
1253,2020-02-27,29.73,29.62,30.0,29.53,237143,787385472.0,1.58,-0.44,-0.13,0.38
1254,2020-02-28,29.2,28.39,29.45,28.19,504772,1623508320.0,4.25,-4.15,-1.23,0.8
1255,2020-03-02,28.46,28.87,29.05,28.41,287055,927169232.0,2.25,1.69,0.48,0.46
1256,2020-03-03,29.2,28.52,29.28,28.44,346757,1121486496.0,2.91,-1.21,-0.35,0.55
1257,2020-03-04,28.43,28.71,28.73,28.32,261444,836758080.0,1.44,0.67,0.19,0.42
1258,2020-03-05,28.85,29.99,30.02,28.74,501961,1659441728.0,4.46,4.46,1.28,0.8
1259,2020-03-06,29.52,29.18,29.74,29.09,299117,982079920.0,2.17,-2.7,-0.81,0.48
1260,2020-03-09,28.39,27.46,28.39,27.4,487873,1524924288.0,3.39,-5.89,-1.72,0.78
1261,2020-03-10,27.54,28.15,28.15,27.08,336940,1052212736.0,3.9,2.51,0.69,0.54
1262,2020-03-11,28.15,27.47,28.15,27.47,215095,671408144.0,2.42,-2.42,-0.68,0.34
1263,2020-03-12,27.11,26.96,27.11,26.5,295360,893099424.0,2.22,-1.86,-0.51,0.47
1264,2020-03-13,25.5,26.16,26.58,25.18,301293,883336176.0,5.19,-2.97,-0.8,0.48
1265,2020-03-16,26.18,24.71,26.24,24.7,277548,801689584.0,5.89,-5.54,-1.45,0.44
1266,2020-03-17,24.71,24.47,25.4,24.16,253742,714777264.0,5.02,-0.97,-0.24,0.4
1267,2020-03-18,24.49,24.25,25.02,24.12,358644,1011741664.0,3.68,-0.9,-0.22,0.57
1268,2020-03-19,24.11,23.2,24.58,22.51,420732,1122956496.0,8.54,-4.33,-1.05,0.67
1269,2020-03-20,23.4,23.7,23.7,23.08,279935,753924592.0,2.67,2.16,0.5,0.45
1270,2020-03-23,22.5,22.87,23.18,22.5,236724,622189840.0,2.87,-3.5,-0.83,0.38
1271,2020-03-24,23.44,24.29,24.46,23.27,364343,999013968.0,5.2,6.21,1.42,0.58
1272,2020-03-25,24.88,25.69,25.82,24.84,370014,1072663632.0,4.03,5.76,1.4,0.59
1273,2020-03-26,25.38,25.08,25.6,24.9,239407,689150016.0,2.72,-2.37,-0.61,0.38
1274,2020-03-27,25.6,25.24,25.65,25.02,220983,637535968.0,2.51,0.64,0.16,0.35
1275,2020-03-30,24.83,24.92,24.98,24.3,218427,615362960.0,2.69,-1.27,-0.32,0.35
1276,2020-03-31,25.13,24.72,25.24,24.53,170864,484427120.0,2.85,-0.8,-0.2,0.27
1277,2020-04-01,24.64,24.45,24.9,24.43,214552,604136560.0,1.9,-1.09,-0.27,0.34
1278,2020-04-02,24.12,24.75,24.75,24.08,129940,362666848.0,2.74,1.23,0.3,0.21
1279,2020-04-03,24.62,24.21,24.7,24.0,219080,607493936.0,2.83,-2.18,-0.54,0.35
1280,2020-04-07,24.7,24.45,24.78,24.32,296995,831986128.0,1.9,0.99,0.24,0.47
1281,2020-04-08,24.27,24.01,24.28,23.82,217973,599532432.0,1.88,-1.8,-0.44,0.35
1282,2020-04-09,24.19,24.13,24.32,24.01,186311,514989296.0,1.29,0.5,0.12,0.3
1283,2020-04-10,24.29,24.46,25.05,23.98,346068,969371168.0,4.43,1.37,0.33,0.55
1284,2020-04-13,24.21,24.19,24.22,24.0,128006,353211120.0,0.9,-1.1,-0.27,0.2
1285,2020-04-14,24.4,24.84,24.84,24.21,202286,566890896.0,2.6,2.69,0.65,0.32
1286,2020-04-15,24.78,24.51,24.88,24.47,171365,482593296.0,1.65,-1.33,-0.33,0.27
1287,2020-04-16,24.21,24.37,24.45,24.21,100888,280579760.0,0.98,-0.57,-0.14,0.16
1288,2020-04-17,24.65,25.8,25.92,24.52,482884,1394190720.0,5.74,5.87,1.43,0.77
1289,2020-04-20,25.65,25.77,25.97,25.23,287320,837066912.0,2.87,-0.12,-0.03,0.46
1290,2020-04-21,25.55,25.17,25.61,24.97,183181,526101376.0,2.48,-2.33,-0.6,0.29
1291,2020-04-22,24.94,25.42,25.47,24.9,126621,363782592.0,2.26,0.99,0.25,0.2
1292,2020-04-23,25.48,25.71,26.0,25.43,190013,554981856.0,2.24,1.14,0.29,0.3
1293,2020-04-24,25.44,24.92,25.47,24.83,205052,585413664.0,2.49,-3.07,-0.79,0.33
1294,2020-04-27,25.5,25.8,26.26,25.4,360931,1061659472.0,3.45,3.53,0.88,0.57
1295,2020-04-28,25.95,26.38,26.44,25.55,288871,854696128.0,3.45,2.25,0.58,0.46
1296,2020-04-29,26.42,27.25,27.4,26.25,292422,893413552.0,4.36,3.3,0.87,0.47
1297,2020-04-30,27.37,27.27,27.58,27.09,240261,740142304.0,1.8,0.07,0.02,0.38
1298,2020-05-06,26.51,26.92,27.01,26.43,251110,758240800.0,2.13,-1.28,-0.35,0.4
1299,2020-05-07,26.85,26.88,26.95,26.63,142575,432261712.0,1.19,-0.15,-0.04,0.23
1300,2020-05-08,27.18,26.19,27.29,26.0,466029,1393205024.0,4.8,-2.57,-0.69,0.74
1301,2020-05-11,26.18,26.49,26.69,26.15,210703,631683808.0,2.06,1.15,0.3,0.34
1302,2020-05-12,26.34,25.98,26.38,25.86,187797,554441888.0,1.96,-1.93,-0.51,0.3
1303,2020-05-13,25.8,25.98,26.03,25.61,145505,426633008.0,1.62,0.0,0.0,0.23
1304,2020-05-14,25.8,25.38,25.81,25.35,193206,561079216.0,1.77,-2.31,-0.6,0.31
1305,2020-05-15,25.55,25.18,25.67,25.16,165185,477432928.0,2.01,-0.79,-0.2,0.26
1306,2020-05-18,25.17,25.09,25.42,24.92,158632,454686768.0,1.99,-0.36,-0.09,0.25
1307,2020-05-19,25.46,25.5,25.73,25.31,179190,520327728.0,1.67,1.63,0.41,0.29
1308,2020-05-20,25.49,25.64,25.74,25.4,121958,354594208.0,1.33,0.55,0.14,0.19
1309,2020-05-21,25.78,25.32,25.82,25.28,160680,465340784.0,2.11,-1.25,-0.32,0.26
1310,2020-05-22,25.18,24.5,25.23,24.49,186243,526414928.0,2.92,-3.24,-0.82,0.3
1311,2020-05-25,24.79,23.99,24.79,23.84,218029,601408384.0,3.88,-2.08,-0.51,0.35
1312,2020-05-26,24.19,24.27,24.34,24.0,138352,382952576.0,1.42,1.17,0.28,0.22
1313,2020-05-27,24.28,24.29,24.63,24.13,136158,379539008.0,2.06,0.08,0.02,0.22
1314,2020-05-28,24.41,25.09,25.5,24.4,236201,674605072.0,4.53,3.29,0.8,0.38
1315,2020-05-29,24.86,24.78,25.04,24.55,157187,443869008.0,1.95,-1.24,-0.31,0.25
1316,2020-06-01,25.08,25.34,25.43,25.04,169199,486586208.0,1.57,2.26,0.56,0.27
1317,2020-06-02,25.26,25.97,26.09,25.22,266487,778669744.0,3.43,2.49,0.63,0.42
1318,2020-06-03,26.15,25.72,26.65,25.68,333856,990399472.0,3.74,-0.96,-0.25,0.53
1319,2020-06-04,25.94,25.63,25.97,25.51,186022,543357920.0,1.79,-0.35,-0.09,0.3
1320,2020-06-05,25.75,25.76,25.79,25.38,146093,424217120.0,1.6,0.51,0.13,0.23
1321,2020-06-08,25.95,26.87,26.94,25.95,372499,1123808256.0,3.84,4.31,1.11,0.59
1322,2020-06-09,26.88,26.79,26.95,26.55,224731,679196960.0,1.49,-0.3,-0.08,0.36
1323,2020-06-10,26.75,26.4,26.76,26.26,226276,676240864.0,1.87,-1.46,-0.39,0.36
1324,2020-06-11,26.4,25.59,26.4,25.57,326100,917464864.0,3.14,-3.07,-0.81,0.52
1325,2020-06-12,25.17,25.45,25.7,25.02,154969,428880528.0,2.66,-0.55,-0.14,0.25
1326,2020-06-15,25.22,25.1,25.42,25.01,227172,624622448.0,1.61,-1.38,-0.35,0.36
1327,2020-06-16,25.4,25.52,25.82,25.27,303151,845914032.0,2.19,1.67,0.42,0.48
1328,2020-06-17,25.53,25.22,25.53,25.0,276701,759191312.0,2.08,-1.18,-0.3,0.41
1329,2020-06-18,25.24,25.48,25.48,24.9,261266,718616992.0,2.3,1.03,0.26,0.38
1330,2020-06-19,25.44,25.68,25.87,25.3,334665,932656176.0,2.24,0.78,0.2,0.49
1331,2020-06-22,25.52,25.58,26.2,25.34,275524,772508448.0,3.35,-0.39,-0.1,0.41
1332,2020-06-23,25.37,25.08,25.44,25.01,266578,733331600.0,1.68,-1.95,-0.5,0.39
1333,2020-06-24,25.17,25.21,25.51,24.95,274460,756202608.0,2.23,0.52,0.13,0.4
1334,2020-06-29,25.04,24.82,25.18,24.66,296313,802492400.0,2.06,-1.55,-0.39,0.44
1335,2020-06-30,24.9,24.95,25.03,24.81,195805,532757680.0,0.89,0.52,0.13,0.29
1336,2020-07-01,25.0,25.99,25.99,24.86,501955,1397302320.0,4.53,4.17,1.04,0.74
1337,2020-07-02,25.87,27.17,27.48,25.82,778650,2256059104.0,6.39,4.54,1.18,1.14
1338,2020-07-03,27.52,28.4,28.54,27.4,876160,2651300448.0,4.2,4.53,1.23,1.29
1339,2020-07-06,29.2,31.42,31.47,29.2,1131293,3692756576.0,7.99,10.63,3.02,1.65
1340,2020-07-07,32.69,30.4,32.7,30.2,870107,2908509088.0,7.96,-3.25,-1.02,1.27
1341,2020-07-08,30.02,31.47,32.17,29.98,886666,2938353616.0,7.2,3.52,1.07,1.3
1342,2020-07-09,31.15,31.5,32.1,30.82,715075,2410674752.0,4.07,0.1,0.03,1.04
1343,2020-07-10,30.91,29.4,30.92,29.29,826352,2669122432.0,5.17,-6.67,-2.1,1.21
1344,2020-07-13,29.2,29.76,30.27,29.05,532250,1701382320.0,4.15,1.22,0.36,0.78
1345,2020-07-14,29.6,29.27,30.12,28.98,504073,1605243328.0,3.83,-1.65,-0.49,0.74
1346,2020-07-15,29.66,28.85,29.89,28.62,368846,1161383264.0,4.34,-1.43,-0.42,0.54
1347,2020-07-16,29.22,27.93,29.7,27.9,539779,1682263824.0,6.24,-3.19,-0.92,0.79
1348,2020-07-17,28.06,27.48,28.22,27.28,414629,1244089376.0,3.37,-1.61,-0.45,0.61
1349,2020-07-20,28.12,29.38,29.64,28.02,710169,2214208080.0,5.9,6.91,1.9,1.04
1350,2020-07-21,30.99,28.99,30.99,28.85,668873,2134785488.0,7.28,-1.33,-0.39,0.98
1351,2020-07-22,28.7,28.57,29.42,28.45,555342,1730279952.0,3.35,-1.45,-0.42,0.81
1352,2020-07-23,28.2,28.04,28.51,27.6,449592,1359285744.0,3.19,-1.86,-0.53,0.66
1353,2020-07-24,27.77,27.07,27.94,26.77,455051,1348427968.0,4.17,-3.46,-0.97,0.66
1354,2020-07-27,27.23,27.21,27.36,26.87,247179,727142688.0,1.81,0.52,0.14,0.36
1355,2020-07-28,27.35,27.1,27.54,26.96,198849,587037952.0,2.13,-0.4,-0.11,0.29
1356,2020-07-29,27.05,27.69,27.9,26.9,338747,1010184624.0,3.69,2.18,0.59,0.49
1357,2020-07-30,27.69,27.17,27.71,27.12,235674,698925088.0,2.13,-1.88,-0.52,0.34
1358,2020-07-31,27.0,27.21,27.67,26.86,290998,859207968.0,2.98,0.15,0.04,0.43
1359,2020-08-03,27.45,27.76,27.78,27.33,358512,1071148432.0,1.65,2.02,0.55,0.52
1360,2020-08-04,27.89,28.54,29.02,27.76,626167,1922798816.0,4.54,2.81,0.78,0.91
1361,2020-08-05,28.19,27.94,28.31,27.54,330421,996348864.0,2.7,-2.1,-0.6,0.48
1362,2020-08-06,27.87,28.18,28.28,27.54,334945,1009791248.0,2.65,0.86,0.24,0.49
1363,2020-08-07,28.1,27.69,28.24,27.4,316930,954108080.0,2.98,-1.74,-0.49,0.46
1364,2020-08-10,27.6,28.26,28.58,27.44,452092,1381412816.0,4.12,2.06,0.57,0.66
1365,2020-08-11,28.59,28.5,29.59,28.34,751240,2354907728.0,4.42,0.85,0.24,1.1
1366,2020-08-12,28.51,28.98,29.12,28.3,513443,1595475344.0,2.88,1.68,0.48,0.75
1367,2020-08-13,29.07,28.48,29.14,28.45,290777,901224352.0,2.38,-1.73,-0.5,0.42
1368,2020-08-14,28.38,29.73,30.03,28.32,552680,1739060416.0,6.0,4.39,1.25,0.81
1369,2020-08-17,29.89,31.41,32.62,29.55,1423994,4774906624.0,10.33,5.65,1.68,2.08
1370,2020-08-18,31.15,30.97,31.33,30.57,538640,1785951920.0,2.42,-1.4,-0.44,0.79
1371,2020-08-19,30.65,29.63,30.79,29.59,525174,1697301536.0,3.87,-4.33,-1.34,0.77
1372,2020-08-20,29.49,29.73,29.81,29.1,311721,988876208.0,2.4,0.34,0.1,0.46
1373,2020-08-21,29.71,29.97,30.09,29.5,325041,1042958016.0,1.98,0.81,0.24,0.47
1374,2020-08-24,29.5,29.1,29.7,29.05,382900,1210886320.0,2.17,-2.9,-0.87,0.56
1375,2020-08-25,29.21,28.95,29.5,28.77,287823,904440128.0,2.51,-0.52,-0.15,0.42
1376,2020-08-26,28.88,28.31,29.15,28.19,359794,1112093824.0,3.32,-2.21,-0.64,0.53
1377,2020-08-27,28.3,28.55,28.6,28.03,231523,709758992.0,2.01,0.85,0.24,0.34
1378,2020-08-28,28.4,29.23,29.28,28.35,348987,1088395024.0,3.26,2.38,0.68,0.51
1379,2020-08-31,29.27,28.52,29.58,28.51,439304,1379481200.0,3.66,-2.43,-0.71,0.64
1380,2020-09-01,28.37,28.56,28.62,28.27,230745,709077600.0,1.23,0.14,0.04,0.34
1381,2020-09-02,28.59,28.36,28.66,28.13,260206,797243328.0,1.86,-0.7,-0.2,0.38
1382,2020-09-03,28.5,28.2,28.66,28.15,237274,726714224.0,1.8,-0.56,-0.16,0.35
1383,2020-09-04,27.92,27.88,28.08,27.72,219912,663644128.0,1.28,-1.13,-0.32,0.32
1384,2020-09-07,27.92,27.8,28.28,27.76,218764,663641952.0,1.87,-0.29,-0.08,0.32
1385,2020-09-08,28.09,28.72,28.88,27.98,338010,1041678000.0,3.24,3.31,0.92,0.49
1386,2020-09-09,28.45,28.03,28.7,27.81,269854,823756400.0,3.1,-2.4,-0.69,0.39
1387,2020-09-10,28.28,28.31,28.79,28.1,319318,982602848.0,2.46,1.0,0.28,0.47
1388,2020-09-11,28.34,28.42,28.53,28.03,211390,646080736.0,1.77,0.39,0.11,0.31
1389,2020-09-14,28.52,28.16,28.58,27.96,224794,685011920.0,2.18,-0.91,-0.26,0.33
1390,2020-09-15,28.0,28.12,28.43,27.86,225484,687698752.0,2.02,-0.14,-0.04,0.33
1391,2020-09-16,28.12,28.2,28.45,27.9,177109,539599232.0,1.96,0.28,0.08,0.26
1392,2020-09-17,28.08,28.02,28.39,27.95,204121,621034544.0,1.56,-0.64,-0.18,0.3
1393,2020-09-18,28.19,30.14,30.44,28.05,1032994,3271750640.0,8.53,7.57,2.12,1.51
1394,2020-09-21,30.7,30.34,30.7,29.6,752244,2442922720.0,3.65,0.66,0.2,1.1
1395,2020-09-22,29.9,29.27,30.19,29.21,439068,1400345072.0,3.23,-3.53,-1.07,0.64
1396,2020-09-23,29.3,29.14,29.45,28.96,223185,702630880.0,1.67,-0.44,-0.13,0.33
1397,2020-09-24,28.9,28.8,29.26,28.68,281778,879375664.0,1.99,-1.17,-0.34,0.41
1398,2020-09-25,28.87,29.22,29.36,28.83,264268,831081696.0,1.84,1.46,0.42,0.39
1399,2020-09-28,29.15,29.16,29.38,28.97,180803,569018592.0,1.4,-0.21,-0.06,0.26
1400,2020-09-29,29.35,29.15,29.53,29.14,252769,800006720.0,1.34,-0.03,-0.01,0.37
1401,2020-09-30,29.26,28.91,29.42,28.77,192049,600339824.0,2.23,-0.82,-0.24,0.28
1402,2020-10-09,29.2,29.72,29.99,29.2,335394,1072668832.0,2.73,2.8,0.81,0.49
1403,2020-10-12,29.9,30.87,31.2,29.87,456081,1508466816.0,4.48,3.87,1.15,0.67
1404,2020-10-13,30.64,30.51,30.84,30.16,266238,874101712.0,2.2,-1.17,-0.36,0.39
1405,2020-10-14,30.46,30.17,30.49,29.98,241013,781592464.0,1.67,-1.11,-0.34,0.35
1406,2020-10-15,30.17,30.57,31.05,30.17,280307,923971856.0,2.92,1.33,0.4,0.41
1407,2020-10-16,30.55,31.05,31.26,30.46,357480,1189862512.0,2.62,1.57,0.48,0.52
1408,2020-10-19,30.94,31.51,32.29,30.94,560147,1913244624.0,4.35,1.48,0.46,0.82
1409,2020-10-20,31.39,31.25,31.51,30.97,259846,871045040.0,1.71,-0.83,-0.26,0.38
1410,2020-10-21,31.38,31.88,32.03,31.04,316245,1071664896.0,3.17,2.02,0.63,0.46
1411,2020-10-22,29.3,31.05,31.35,29.3,1379498,4529459200.0,6.43,-2.6,-0.83,2.02
1412,2020-10-23,30.7,31.74,32.75,30.67,953892,3273153408.0,6.7,2.22,0.69,1.39
1413,2020-10-26,32.1,32.05,32.55,31.37,616522,2117930240.0,3.72,0.98,0.31,0.9
1414,2020-10-27,31.98,31.98,32.42,31.64,486848,1669216368.0,2.43,-0.22,-0.07,0.71
1415,2020-10-28,31.75,30.81,31.9,30.78,470495,1572960992.0,3.5,-3.66,-1.17,0.69
1416,2020-10-29,30.48,30.31,30.71,29.84,446539,1451032832.0,2.82,-1.62,-0.5,0.65
1417,2020-10-30,30.48,29.61,30.7,29.47,410118,1324310384.0,4.06,-2.31,-0.7,0.6
1418,2020-11-02,29.7,28.98,29.97,28.8,453263,1431167488.0,3.95,-2.13,-0.63,0.66
1419,2020-11-03,29.24,29.63,29.82,29.04,421334,1338958976.0,2.69,2.24,0.65,0.62
1420,2020-11-04,29.3,29.51,29.69,29.11,352459,1116503632.0,1.96,-0.4,-0.12,0.51
1421,2020-11-05,29.95,29.98,30.17,29.55,434034,1394885744.0,2.1,1.59,0.47,0.63
1422,2020-11-06,30.01,29.71,30.32,29.65,383207,1234884880.0,2.23,-0.9,-0.27,0.56
1423,2020-11-09,30.15,31.15,31.28,30.03,483193,1597587136.0,4.21,4.85,1.44,0.71
1424,2020-11-10,31.35,31.33,32.3,31.13,494007,1679245872.0,3.76,0.58,0.18,0.72
1425,2020-11-11,31.4,31.5,31.89,31.3,373759,1266255024.0,1.88,0.54,0.17,0.55
1426,2020-11-12,31.37,30.64,31.48,30.4,360784,1193472272.0,3.43,-2.73,-0.86,0.53
1427,2020-11-13,30.4,29.48,30.5,29.24,497124,1587417760.0,4.11,-3.79,-1.16,0.73
1428,2020-11-16,29.69,30.06,30.29,29.69,359494,1160689184.0,2.04,1.97,0.58,0.53
1429,2020-11-17,30.06,30.4,30.54,29.72,355166,1152619568.0,2.73,1.13,0.34,0.52
1430,2020-11-18,30.37,30.78,31.37,30.33,413425,1372371344.0,3.42,1.25,0.38,0.6
1431,2020-11-19,30.6,31.8,31.83,30.5,490210,1646994560.0,4.32,3.31,1.02,0.72
1432,2020-11-20,31.59,31.38,31.98,31.04,285088,960513008.0,2.96,-1.32,-0.42,0.42
1433,2020-11-23,31.59,31.95,32.17,31.16,378653,1288575888.0,3.22,1.82,0.57,0.55
1434,2020-11-24,31.82,31.65,32.26,31.4,329509,1123954544.0,2.69,-0.94,-0.3,0.48
1435,2020-11-25,32.2,33.7,34.56,32.2,1093281,3942634576.0,7.46,6.48,2.05,1.6
1436,2020-11-26,33.68,35.55,35.78,33.68,1057588,3926279344.0,6.23,5.49,1.85,1.55
1437,2020-11-27,35.7,36.18,36.45,34.84,672185,2554802224.0,4.53,1.77,0.63,0.98
1438,2020-11-30,36.64,36.35,38.56,36.31,881491,3499635040.0,6.22,0.47,0.17,1.29
1439,2020-12-01,36.75,37.55,38.35,35.89,868568,3430123568.0,6.77,3.3,1.2,1.27
1440,2020-12-02,37.5,36.98,37.7,36.73,488995,1928299984.0,2.58,-1.52,-0.57,0.71
1441,2020-12-03,37.0,36.68,37.44,36.03,370004,1440860352.0,3.81,-0.81,-0.3,0.54
1442,2020-12-04,36.66,36.49,36.75,35.68,382473,1473635696.0,2.92,-0.52,-0.19,0.56
1443,2020-12-07,36.7,35.51,36.85,35.32,396809,1510427216.0,4.19,-2.69,-0.98,0.58
1444,2020-12-08,35.65,35.37,36.18,35.2,339496,1286605184.0,2.76,-0.39,-0.14,0.5
1445,2020-12-09,35.68,35.1,36.0,35.1,370062,1404127008.0,2.54,-0.76,-0.27,0.54
1446,2020-12-10,35.5,35.05,35.82,34.67,315000,1182803568.0,3.28,-0.14,-0.05,0.46
1447,2020-12-11,35.66,34.47,35.66,34.18,447505,1660275712.0,4.22,-1.65,-0.58,0.65
1448,2020-12-14,34.9,35.07,35.86,34.79,393585,1478246464.0,3.1,1.74,0.6,0.57
1449,2020-12-15,34.9,34.57,35.0,34.05,308982,1135633664.0,2.71,-1.43,-0.5,0.45
1450,2020-12-16,34.89,35.31,36.12,34.36,412483,1552568128.0,5.09,2.14,0.74,0.6
1451,2020-12-17,35.07,35.88,36.1,34.61,400085,1514208768.0,4.22,1.61,0.57,0.58
1452,2020-12-18,35.6,35.13,35.8,34.96,323169,1214917328.0,2.34,-2.09,-0.75,0.47
1453,2020-12-21,35.15,35.29,35.79,34.56,373694,1403718512.0,3.5,0.46,0.16,0.55
1454,2020-12-22,34.85,33.51,35.41,33.01,648659,2361854880.0,6.8,-5.04,-1.78,0.95
1455,2020-12-23,33.51,33.82,33.9,32.85,426480,1521305312.0,3.13,0.93,0.31,0.62
1456,2020-12-24,33.81,34.01,34.26,33.5,208254,752961568.0,2.25,0.56,0.19,0.3
1457,2020-12-25,33.51,33.1,33.6,32.36,513021,1805054208.0,3.65,-2.68,-0.91,0.75
1458,2020-12-28,33.1,33.95,34.28,32.92,412233,1486612912.0,4.11,2.57,0.85,0.6
1459,2020-12-29,33.93,33.96,34.68,33.75,281385,1028097216.0,2.74,0.03,0.01,0.41
1460,2020-12-30,33.96,33.92,34.1,33.36,315218,1133470832.0,2.18,-0.12,-0.04,0.46
1461,2020-12-31,33.88,36.1,36.39,33.76,752992,2820007520.0,7.75,6.43,2.18,1.1
1462,2021-01-04,36.3,36.05,36.58,35.39,658295,2518413536.0,3.3,-0.14,-0.05,0.96
1463,2021-01-05,35.8,35.6,35.85,33.5,857632,3161738880.0,6.52,-1.25,-0.45,1.25
1464,2021-01-06,35.05,35.87,35.99,34.82,508478,1921717648.0,3.29,0.76,0.27,0.74
1465,2021-01-07,35.73,36.97,37.07,35.5,598582,2305174752.0,4.38,3.07,1.1,0.87
1466,2021-01-08,36.97,36.7,37.24,36.03,474632,1841108672.0,3.27,-0.73,-0.27,0.69
1467,2021-01-11,36.3,36.96,37.3,35.91,499072,1940754704.0,3.79,0.71,0.26,0.73
1468,2021-01-12,36.8,37.95,38.13,36.2,724538,2877888416.0,5.22,2.68,0.99,1.06
1469,2021-01-13,38.4,36.9,38.69,36.51,659522,2613787184.0,5.74,-2.77,-1.05,0.96
1470,2021-01-14,37.05,37.2,37.63,36.23,451988,1775043648.0,3.79,0.81,0.3,0.66
1471,2021-01-15,36.85,38.78,40.62,36.85,763670,3163183136.0,10.13,4.25,1.58,1.12
1472,2021-01-18,39.0,39.0,39.49,38.09,457054,1882552688.0,3.61,0.57,0.22,0.67
1473,2021-01-19,39.1,39.9,41.58,39.01,623598,2656669504.0,6.59,2.31,0.9,0.91
1474,2021-01-20,39.68,37.51,39.88,37.07,765285,3092311056.0,7.04,-5.99,-2.39,1.12
1475,2021-01-21,37.28,37.35,38.07,36.72,620745,2458209232.0,3.6,-0.43,-0.16,0.91
1476,2021-01-22,37.2,35.27,37.2,35.01,658032,2503520848.0,5.86,-5.57,-2.08,0.96
1477,2021-01-25,35.1,36.19,36.23,34.51,557455,2099725504.0,4.88,2.61,0.92,0.81
1478,2021-01-26,35.69,35.04,36.18,34.85,360798,1363323600.0,3.68,-3.18,-1.15,0.53
1479,2021-01-27,35.19,35.75,36.32,35.1,376400,1438142928.0,3.48,2.03,0.71,0.55
1480,2021-01-28,35.3,34.36,35.3,33.96,546577,2012766480.0,3.75,-3.89,-1.39,0.8
1481,2021-01-29,33.86,32.39,33.89,31.81,903437,3155384224.0,6.05,-5.73,-1.97,1.32
1482,2021-02-01,32.3,33.11,33.38,32.02,438901,1539137232.0,4.2,2.22,0.72,0.64
1483,2021-02-02,33.1,34.1,34.48,32.79,588044,2106780544.0,5.1,2.99,0.99,0.86
1484,2021-02-03,33.92,34.26,34.82,33.53,473357,1726779408.0,3.78,0.47,0.16,0.69
1485,2021-02-04,34.45,34.98,35.78,34.25,518709,1934437056.0,4.47,2.1,0.72,0.76
1486,2021-02-05,34.86,36.52,36.79,34.86,531338,2036189520.0,5.52,4.4,1.54,0.78
1487,2021-02-08,36.6,36.58,37.38,35.79,395346,1533257296.0,4.35,0.16,0.06,0.58
1488,2021-02-09,36.4,36.18,36.41,34.97,478060,1812776800.0,3.94,-1.09,-0.4,0.7
1489,2021-02-10,36.1,36.85,37.58,35.98,360585,1415605072.0,4.42,1.85,0.67,0.53
1490,2021-02-18,38.7,38.83,39.68,38.35,702762,2902495952.0,3.61,5.37,1.98,1.03
1491,2021-02-19,38.48,40.01,41.18,38.24,517389,2200684192.0,7.57,3.04,1.18,0.76
1492,2021-02-22,40.01,40.32,42.24,40.01,598420,2605387136.0,5.57,0.77,0.31,0.87
1493,2021-02-23,39.7,42.44,42.75,39.2,553562,2440520880.0,8.8,5.26,2.12,0.81
1494,2021-02-24,42.46,40.7,43.05,39.81,549090,2390831632.0,7.63,-4.1,-1.74,0.8
1495,2021-02-25,41.4,43.7,44.48,40.92,610475,2768722848.0,8.75,7.37,3.0,0.89
1496,2021-02-26,42.65,41.89,44.03,41.7,636501,2867262032.0,5.33,-4.14,-1.81,0.93
1497,2021-03-01,41.69,41.26,42.5,40.45,553849,2412727568.0,4.89,-1.5,-0.63,0.81
1498,2021-03-02,41.5,41.7,42.35,40.9,413060,1817849920.0,3.51,1.07,0.44,0.6
1499,2021-03-03,42.13,43.01,44.84,41.35,557246,2543047728.0,8.37,3.14,1.31,0.81
1500,2021-03-04,42.52,42.83,44.0,42.28,411046,1863878960.0,4.0,-0.42,-0.18,0.6
1501,2021-03-05,41.75,40.78,42.2,39.2,577524,2474670352.0,7.0,-4.79,-2.05,0.84
1502,2021-03-08,41.63,40.63,42.53,40.51,436705,1916708944.0,4.95,-0.37,-0.15,0.64
1503,2021-03-09,40.8,39.86,41.48,39.41,416330,1772600656.0,5.09,-1.9,-0.77,0.61
1504,2021-03-10,39.95,39.1,40.45,39.06,267065,1119105424.0,3.49,-1.91,-0.76,0.39
1505,2021-03-11,39.65,39.8,40.61,39.01,393057,1649267408.0,4.09,1.79,0.7,0.57
1506,2021-03-12,39.7,39.37,39.85,38.54,344180,1425150480.0,3.29,-1.08,-0.43,0.5
1507,2021-03-15,39.25,39.2,40.55,38.54,345459,1439037536.0,5.11,-0.43,-0.17,0.5
1508,2021-03-16,39.62,40.82,41.5,39.37,458322,1960530528.0,5.43,4.13,1.62,0.67
1509,2021-03-17,40.54,39.28,40.68,38.63,358665,1497683440.0,5.02,-3.77,-1.54,0.52
1510,2021-03-18,39.41,38.13,39.41,37.6,464928,1878271648.0,4.61,-2.93,-1.15,0.68
1511,2021-03-19,37.75,36.25,37.8,36.01,552940,2155775488.0,4.69,-4.93,-1.88,0.81
1512,2021-03-22,36.48,35.64,36.56,35.32,445494,1693633968.0,3.42,-1.68,-0.61,0.65
1513,2021-03-23,35.66,35.9,36.41,35.22,340298,1295354144.0,3.34,0.73,0.26,0.5
1514,2021-03-24,35.6,34.86,35.8,34.74,347755,1299653840.0,2.95,-2.9,-1.04,0.51
1515,2021-03-25,34.65,35.2,35.54,34.65,221234,829594896.0,2.55,0.98,0.34,0.32
1516,2021-03-26,35.5,36.21,36.79,35.47,406054,1563821504.0,3.75,2.87,1.01,0.59
1517,2021-03-29,35.86,36.38,36.5,35.3,340188,1305293424.0,3.31,0.47,0.17,0.5
1518,2021-03-30,36.1,36.06,36.27,35.49,309362,1177922608.0,2.14,-0.88,-0.32,0.45
1519,2021-03-31,36.1,35.54,36.15,35.38,178711,678038416.0,2.14,-1.44,-0.52,0.26
1520,2021-04-01,35.72,36.05,36.36,35.59,163204,626402112.0,2.17,1.44,0.51,0.24
1521,2021-04-02,35.85,35.75,36.11,35.41,225965,858764016.0,1.94,-0.83,-0.3,0.33
1522,2021-04-06,35.92,35.23,35.99,35.17,173561,653451472.0,2.29,-1.45,-0.52,0.25
1523,2021-04-07,35.11,33.42,35.35,33.1,613488,2207017136.0,6.39,-5.14,-1.81,0.9
1524,2021-04-08,33.28,34.03,34.2,33.23,321151,1160793312.0,2.9,1.83,0.61,0.47
1525,2021-04-09,33.93,33.26,34.1,33.01,241390,857705760.0,3.2,-2.26,-0.77,0.35
1526,2021-04-12,33.36,32.55,33.54,32.31,317094,1112112864.0,3.7,-2.13,-0.71,0.46
1527,2021-04-13,32.8,32.28,32.98,31.93,302971,1048412096.0,3.23,-0.83,-0.27,0.44
1528,2021-04-14,32.32,32.45,32.75,31.98,311221,1076407184.0,2.39,0.53,0.17,0.45
1529,2021-04-15,32.04,31.76,32.15,31.23,376708,1277451392.0,2.84,-2.13,-0.69,0.55
1530,2021-04-16,31.76,32.44,32.58,31.61,258761,893390608.0,3.05,2.14,0.68,0.38
1531,2021-04-19,32.38,32.46,32.57,31.7,417104,1438625136.0,2.68,0.06,0.02,0.61
1532,2021-04-20,32.24,31.93,32.27,31.73,404514,1387499264.0,1.66,-1.63,-0.53,0.59
1533,2021-04-21,31.74,31.51,31.84,31.39,347500,1176840000.0,1.41,-1.32,-0.42,0.51
1534,2021-04-22,31.96,31.5,32.02,31.38,315046,1069929360.0,2.03,-0.03,-0.01,0.46
1535,2021-04-23,31.48,31.29,31.85,30.96,296782,999158672.0,2.83,-0.67,-0.21,0.43
1536,2021-04-26,31.28,30.32,31.28,30.28,431054,1419365232.0,3.2,-3.1,-0.97,0.63
1537,2021-04-27,30.44,31.0,31.22,30.22,350303,1155138496.0,3.3,2.24,0.68,0.51
1538,2021-04-28,30.95,31.24,31.44,30.7,325798,1088975728.0,2.39,0.77,0.24,0.48
1539,2021-04-29,31.01,31.48,31.8,30.88,445720,1503093968.0,2.94,0.77,0.24,0.65
1540,2021-04-30,31.59,30.59,31.59,30.5,336826,1118657168.0,3.46,-2.83,-0.89,0.49
1541,2021-05-06,30.56,30.67,31.2,30.47,274725,910049872.0,2.39,0.26,0.08,0.4
1542,2021-05-07,30.8,29.97,31.02,29.83,287415,941030640.0,3.88,-2.28,-0.7,0.42
1543,2021-05-10,30.15,30.4,30.42,29.91,225099,731478176.0,1.7,1.43,0.43,0.33
1544,2021-05-11,30.24,30.16,30.35,29.67,314870,1014407232.0,2.24,-0.79,-0.24,0.46
1545,2021-05-12,29.98,30.12,30.32,29.76,230431,744545248.0,1.86,-0.13,-0.04,0.34
1546,2021-05-13,29.88,29.86,30.12,29.51,229512,736527232.0,2.03,-0.86,-0.26,0.34
1547,2021-05-14,29.9,31.62,31.8,29.89,568959,1899316656.0,6.4,5.89,1.76,0.83
1548,2021-05-17,31.51,31.51,31.8,31.2,301962,1019847456.0,1.9,-0.35,-0.11,0.44
1549,2021-05-18,31.58,31.9,32.5,31.53,371633,1278674032.0,3.08,1.24,0.39,0.54
1550,2021-05-19,31.79,31.46,32.06,31.25,262292,888841776.0,2.54,-1.38,-0.44,0.38
1551,2021-05-20,31.47,32.15,32.45,31.25,324552,1111169792.0,3.81,2.19,0.69,0.47
1552,2021-05-21,32.23,31.33,32.37,31.12,324570,1096931840.0,3.89,-2.55,-0.82,0.47
1553,2021-05-24,31.22,31.43,31.76,31.1,224127,756465616.0,2.11,0.32,0.1,0.33
1554,2021-05-25,31.45,33.15,33.67,31.18,803457,2820748656.0,7.92,5.47,1.72,1.17
1555,2021-05-26,33.3,33.15,33.5,32.8,634639,2249188016.0,2.11,0.0,0.0,0.93
1556,2021-05-27,32.81,32.82,33.19,32.51,377687,1324733248.0,2.05,-1.0,-0.33,0.55
1557,2021-05-28,32.72,32.75,33.1,32.43,339829,1190834848.0,2.04,-0.21,-0.07,0.5
1558,2021-05-31,32.71,32.1,32.71,31.6,411115,1409669360.0,3.39,-1.98,-0.65,0.6
1559,2021-06-01,31.89,30.99,31.91,30.72,619231,2071893232.0,3.71,-3.46,-1.11,0.9
1560,2021-06-02,30.98,31.22,31.34,30.7,365277,1218764944.0,2.07,0.74,0.23,0.53
1561,2021-06-03,31.15,30.99,31.61,30.91,241157,809360720.0,2.24,-0.74,-0.23,0.35
1562,2021-06-04,30.9,31.59,32.02,30.86,352373,1192007136.0,3.74,1.94,0.6,0.51
1563,2021-06-07,31.5,31.67,31.78,31.27,218139,738012976.0,1.61,0.25,0.08,0.32
1564,2021-06-08,31.61,32.0,32.25,31.36,328422,1122220896.0,2.81,1.04,0.33,0.48
1565,2021-06-09,32.1,31.97,32.56,31.91,278344,959205120.0,2.03,-0.09,-0.03,0.41
1566,2021-06-10,31.74,30.9,32.1,30.83,445280,1499078432.0,3.97,-3.35,-1.07,0.65
1567,2021-06-11,30.95,30.21,30.98,29.8,547200,1783081440.0,3.82,-2.23,-0.69,0.8
1568,2021-06-15,30.21,29.32,30.34,29.08,548033,1740457248.0,4.17,-2.95,-0.89,0.8
1569,2021-06-16,29.29,29.45,29.72,29.21,259101,823774272.0,1.74,0.44,0.13,0.38
1570,2021-06-17,29.3,28.45,29.56,28.3,447784,1390251040.0,4.28,-3.4,-1.0,0.65
1571,2021-06-18,28.45,28.18,28.46,27.72,417526,1264747856.0,2.6,-0.95,-0.27,0.61
1572,2021-06-21,27.92,27.66,27.97,27.3,426340,1274457008.0,2.38,-1.85,-0.52,0.62
1573,2021-06-22,27.9,28.15,28.35,27.8,376341,1141913264.0,1.99,1.77,0.49,0.55
1574,2021-06-23,27.95,28.36,28.53,27.92,313292,958434704.0,2.17,0.75,0.21,0.46
1575,2021-06-24,28.39,28.42,28.67,28.2,277496,853194880.0,1.66,0.21,0.06,0.41
1576,2021-06-25,28.5,28.75,28.97,28.5,360505,1119517920.0,1.65,1.16,0.33,0.53
1577,2021-06-28,28.71,27.98,28.8,27.7,413295,1250131552.0,3.83,-2.68,-0.77,0.6
1578,2021-06-29,27.75,27.77,28.07,27.72,301298,907563440.0,1.25,-0.75,-0.21,0.44
1579,2021-06-30,27.77,27.97,28.05,27.67,208205,601607504.0,1.37,0.72,0.2,0.3
1580,2021-07-01,27.97,28.34,28.48,27.49,358647,1039327152.0,3.54,1.32,0.37,0.52
1581,2021-07-02,28.01,27.19,28.03,27.1,381275,1085588336.0,3.28,-4.06,-1.15,0.56
1582,2021-07-05,27.1,27.32,27.37,26.87,271555,763016272.0,1.84,0.48,0.13,0.4
1583,2021-07-06,27.29,28.13,28.26,27.21,390915,1126680752.0,3.84,2.96,0.81,0.57
1584,2021-07-07,27.98,27.89,28.39,27.6,259844,750800240.0,2.81,-0.85,-0.24,0.38
1585,2021-07-08,27.92,27.13,27.92,26.8,404461,1137883024.0,4.02,-2.72,-0.76,0.59
1586,2021-07-09,26.9,26.9,27.47,26.69,333554,934653712.0,2.88,-0.85,-0.23,0.49
1587,2021-07-12,27.09,26.45,27.09,26.32,437617,1209230400.0,2.86,-1.67,-0.45,0.64
1588,2021-07-13,26.48,26.91,27.0,26.2,329441,912675424.0,3.02,1.74,0.46,0.48
1589,2021-07-14,26.78,25.84,26.78,25.83,482468,1305144224.0,3.53,-3.98,-1.07,0.7
1590,2021-07-15,25.93,27.37,27.58,25.93,719292,2008490240.0,6.39,5.92,1.53,1.05
1591,2021-07-16,27.11,27.04,27.8,26.71,462840,1300048112.0,3.98,-1.21,-0.33,0.68
1592,2021-07-19,26.85,27.15,27.15,26.3,356985,990214848.0,3.14,0.41,0.11,0.52
1593,2021-07-20,26.8,26.61,27.13,26.42,268176,741739232.0,2.62,-1.99,-0.54,0.39
1594,2021-07-21,26.46,26.87,27.1,26.39,396652,1098804304.0,2.67,0.98,0.26,0.58
1595,2021-07-22,26.8,28.01,28.31,26.63,788889,2276211568.0,6.25,4.24,1.14,1.15
1596,2021-07-23,28.04,28.14,28.44,27.71,560840,1634122928.0,2.61,0.46,0.13,0.82
1597,2021-07-26,27.77,26.49,27.81,26.36,641752,1786180144.0,5.15,-5.86,-1.65,0.94
1598,2021-07-27,26.49,25.5,26.62,25.31,496081,1332123456.0,4.95,-3.74,-0.99,0.72
1599,2021-07-28,25.35,25.43,26.08,25.35,335674,893238048.0,2.86,-0.27,-0.07,0.49
1600,2021-07-29,25.76,24.85,25.85,24.71,537637,1399190000.0,4.48,-2.28,-0.58,0.79
1601,2021-07-30,24.8,25.02,25.3,24.35,344648,891793696.0,3.82,0.68,0.17,0.5
1602,2021-08-02,24.84,25.9,26.37,24.41,577903,1545276480.0,7.83,3.52,0.88,0.84
1603,2021-08-03,25.79,25.95,26.3,25.51,362765,976704672.0,3.05,0.19,0.05,0.53
1604,2021-08-04,26.01,25.53,26.02,25.38,299587,794000528.0,2.47,-1.62,-0.42,0.44
1605,2021-08-05,25.4,25.67,26.27,25.36,377470,1013449472.0,3.56,0.55,0.14,0.55
1606,2021-08-06,25.39,25.4,25.7,25.21,260973,688816880.0,1.91,-1.05,-0.27,0.38
1607,2021-08-09,25.22,26.52,26.94,25.16,530340,1447433280.0,7.01,4.41,1.12,0.77
1608,2021-08-10,26.4,26.67,26.8,26.06,356399,976561184.0,2.79,0.57,0.15,0.52
1609,2021-08-11,26.5,26.67,27.16,26.47,342795,955239904.0,2.59,0.0,0.0,0.5
1610,2021-08-12,26.6,26.1,26.87,26.02,307510,838810448.0,3.19,-2.14,-0.57,0.45
1611,2021-08-13,26.0,26.09,26.38,25.88,215174,582722384.0,1.92,-0.04,-0.01,0.31
1612,2021-08-16,26.08,26.29,26.56,26.05,218380,596224352.0,1.95,0.77,0.2,0.32
1613,2021-08-17,26.3,26.28,27.12,26.2,465726,1287359984.0,3.5,-0.04,-0.01,0.68
1614,2021-08-18,26.11,27.2,27.57,25.9,605146,1687620128.0,6.35,3.5,0.92,0.88
1615,2021-08-19,26.93,26.19,26.99,26.15,462728,1269484256.0,3.09,-3.71,-1.01,0.68
1616,2021-08-20,26.0,25.47,26.38,25.39,465969,1244080992.0,3.78,-2.75,-0.72,0.68
1617,2021-08-23,25.5,25.52,25.83,25.36,283707,752185440.0,1.85,0.2,0.05,0.41
1618,2021-08-24,25.48,25.6,25.7,25.15,333780,882645264.0,2.16,0.31,0.08,0.49
1619,2021-08-25,25.6,25.24,25.74,25.13,359274,945942880.0,2.38,-1.41,-0.36,0.52
1620,2021-08-26,25.1,24.59,25.2,24.51,445340,1148166176.0,2.73,-2.58,-0.65,0.65
1621,2021-08-27,24.79,25.18,25.45,24.75,333343,872122368.0,2.85,2.4,0.59,0.49
1622,2021-08-30,25.44,25.05,25.44,24.76,266791,692965728.0,2.7,-0.52,-0.13,0.39
1623,2021-08-31,24.92,25.3,25.35,24.6,313734,815170128.0,2.99,1.0,0.25,0.46
1624,2021-09-01,25.1,26.47,26.86,25.08,749094,2036273792.0,7.04,4.62,1.17,1.09
1625,2021-09-02,26.27,26.57,26.66,26.19,357192,979407936.0,1.78,0.38,0.1,0.52
1626,2021-09-03,26.8,26.81,27.22,26.26,505646,1409450336.0,3.61,0.9,0.24,0.74
1627,2021-09-06,26.71,27.49,27.78,26.58,668384,1902703728.0,4.48,2.54,0.68,0.98
1628,2021-09-07,27.4,27.45,27.51,26.9,492896,1391333520.0,2.22,-0.15,-0.04,0.72
1629,2021-09-08,27.39,27.16,27.75,26.91,462984,1309824496.0,3.06,-1.06,-0.29,0.68
1630,2021-09-09,26.8,27.15,27.27,26.59,439597,1227371424.0,2.5,-0.04,-0.01,0.64
1631,2021-09-10,27.1,27.3,28.0,27.04,569681,1622996256.0,3.54,0.55,0.15,0.83
1632,2021-09-13,27.32,27.49,27.56,27.07,409522,1160251536.0,1.79,0.7,0.19,0.6
1633,2021-09-14,27.49,26.7,27.88,26.65,518736,1456148144.0,4.47,-2.87,-0.79,0.76
1634,2021-09-15,26.69,26.88,27.11,26.5,296729,826832112.0,2.28,0.67,0.18,0.43
1635,2021-09-16,26.79,26.69,27.08,26.62,275553,766201680.0,1.71,-0.71,-0.19,0.4
1636,2021-09-17,26.51,26.17,26.77,25.92,319267,870435040.0,3.18,-1.95,-0.52,0.47
1637,2021-09-22,25.6,25.7,25.89,25.36,315834,839718464.0,2.03,-1.8,-0.47,0.46
1638,2021-09-23,26.08,26.1,26.55,25.89,288174,781937040.0,2.57,1.56,0.4,0.42
1639,2021-09-24,26.05,26.1,26.43,25.98,193981,526968272.0,1.72,0.0,0.0,0.28
1640,2021-09-27,26.25,26.64,27.08,26.25,432255,1193267024.0,3.18,2.07,0.54,0.63
1641,2021-09-28,26.7,26.87,27.12,26.3,356418,991504960.0,3.08,0.86,0.23,0.52
1642,2021-09-29,26.68,26.99,27.32,26.17,392041,1090561056.0,4.28,0.45,0.12,0.57
1643,2021-09-30,26.88,26.14,26.98,25.94,454362,1239434624.0,3.85,-3.15,-0.85,0.66
1644,2021-10-08,26.78,28.3,28.36,26.69,1025854,2940271200.0,6.39,8.26,2.16,1.5
1645,2021-10-11,28.3,28.68,29.15,28.3,748994,2226984656.0,3.0,1.34,0.38,1.09
1646,2021-10-12,28.5,28.57,28.95,28.05,479877,1418208592.0,3.14,-0.38,-0.11,0.7
1647,2021-10-13,28.38,28.11,28.54,27.52,444648,1286535024.0,3.57,-1.61,-0.46,0.65
1648,2021-10-14,27.95,27.89,28.36,27.76,258975,750214112.0,2.13,-0.78,-0.22,0.38
1649,2021-10-15,27.76,27.8,28.12,27.6,301593,868808656.0,1.86,-0.32,-0.09,0.44
1650,2021-10-18,27.97,27.52,28.1,27.23,275022,784147600.0,3.13,-1.01,-0.28,0.4
1651,2021-10-19,27.39,28.14,28.55,27.36,440988,1282130832.0,4.32,2.25,0.62,0.64
1652,2021-10-20,28.27,27.7,28.69,27.68,352312,1022988976.0,3.59,-1.56,-0.44,0.51
1653,2021-10-21,27.71,28.75,29.07,27.7,587522,1737530368.0,4.95,3.79,1.05,0.86
1654,2021-10-22,28.82,28.84,29.1,28.49,363580,1082142288.0,2.12,0.31,0.09,0.53
1655,2021-10-25,28.71,28.5,28.71,28.1,302665,888051392.0,2.12,-1.18,-0.34,0.44
1656,2021-10-26,28.49,28.18,28.77,28.1,234198,685668128.0,2.35,-1.12,-0.32,0.34
1657,2021-10-27,27.92,28.18,28.49,27.68,317363,924083728.0,2.87,0.0,0.0,0.46
1658,2021-10-28,27.92,28.12,28.33,27.7,285696,829104656.0,2.24,-0.21,-0.06,0.42
1659,2021-10-29,27.92,26.4,28.06,26.14,753264,2086908000.0,6.83,-6.12,-1.72,1.1
1660,2021-11-01,26.49,27.25,27.35,26.15,478896,1339349904.0,4.55,3.22,0.85,0.7
1661,2021-11-02,27.19,26.9,28.08,26.56,584357,1646018864.0,5.58,-1.28,-0.35,0.85
1662,2021-11-03,26.9,27.09,27.75,26.8,356217,1009328352.0,3.53,0.71,0.19,0.52
1663,2021-11-04,27.1,27.09,27.36,26.77,283874,797109728.0,2.18,0.0,0.0,0.41
1664,2021-11-05,27.03,27.08,27.33,26.9,188130,529229328.0,1.59,-0.04,-0.01,0.27
1665,2021-11-08,26.99,27.1,27.35,26.41,242545,679985856.0,3.47,0.07,0.02,0.35
1666,2021-11-09,27.2,26.74,27.42,26.6,229153,637623280.0,3.03,-1.33,-0.36,0.33
1667,2021-11-10,26.59,26.38,26.73,25.96,334583,909816064.0,2.88,-1.35,-0.36,0.49
1668,2021-11-11,26.25,27.4,27.42,26.23,407219,1142331680.0,4.51,3.87,1.02,0.59
1669,2021-11-12,27.4,27.2,27.48,27.0,198350,558800160.0,1.75,-0.73,-0.2,0.29
1670,2021-11-15,27.37,27.37,27.45,27.07,169285,478828368.0,1.4,0.63,0.17,0.25
1671,2021-11-16,27.48,27.62,27.89,27.32,295456,845294208.0,2.08,0.91,0.25,0.43
1672,2021-11-17,27.6,27.57,27.88,27.46,177414,508896016.0,1.52,-0.18,-0.05,0.26
1673,2021-11-18,27.5,26.97,27.62,26.88,227453,639423728.0,2.68,-2.18,-0.6,0.33
1674,2021-11-19,26.81,27.32,27.45,26.8,203285,571503440.0,2.41,1.3,0.35,0.3
1675,2021-11-22,27.17,26.86,27.37,26.85,234429,656721968.0,1.9,-1.68,-0.46,0.34
1676,2021-11-23,26.84,26.78,27.14,26.73,194297,541177216.0,1.53,-0.3,-0.08,0.28
1677,2021-11-24,26.84,26.8,26.98,26.58,175812,487464736.0,1.49,0.07,0.02,0.26
1678,2021-11-25,26.8,26.83,26.88,26.52,203911,565012304.0,1.34,0.11,0.03,0.3
1679,2021-11-26,26.65,26.38,26.69,26.32,229445,629668608.0,1.38,-1.68,-0.45,0.34
1680,2021-11-29,26.19,26.25,26.32,25.97,222717,604281888.0,1.33,-0.49,-0.13,0.33
1681,2021-11-30,26.28,26.09,26.49,26.02,242080,657845888.0,1.79,-0.61,-0.16,0.35
1682,2021-12-01,26.09,26.29,26.34,26.09,221272,602306560.0,0.96,0.77,0.2,0.32
1683,2021-12-02,26.2,26.18,26.31,25.89,228472,619356176.0,1.6,-0.42,-0.11,0.33
1684,2021-12-03,26.23,26.1,26.34,25.82,274429,741341568.0,1.99,-0.31,-0.08,0.4
1685,2021-12-06,26.47,26.26,26.82,26.11,398885,1097522896.0,2.72,0.61,0.16,0.58
1686,2021-12-07,26.45,26.77,26.94,26.27,330254,912363712.0,2.55,1.94,0.51,0.48
1687,2021-12-08,26.84,26.74,26.84,26.38,234644,647305104.0,1.72,-0.11,-0.03,0.34
1688,2021-12-09,26.72,27.23,27.63,26.65,449800,1269347056.0,3.66,1.83,0.49,0.66
1689,2021-12-10,27.03,27.14,27.32,26.97,298805,839700256.0,1.29,-0.33,-0.09,0.44
1690,2021-12-13,27.3,27.26,27.99,27.15,521580,1490629072.0,3.1,0.44,0.12,0.76
1691,2021-12-14,27.09,26.67,27.32,26.64,315808,880634144.0,2.49,-2.16,-0.59,0.46
1692,2021-12-15,26.74,26.53,26.86,26.45,186041,513209104.0,1.54,-0.52,-0.14,0.27
1693,2021-12-16,26.55,26.8,26.82,26.42,163173,451410656.0,1.51,1.02,0.27,0.24
1694,2021-12-17,26.75,26.55,26.89,26.47,169955,470222560.0,1.57,-0.93,-0.25,0.25
1695,2021-12-20,26.5,26.48,26.72,26.42,218780,602928304.0,1.13,-0.26,-0.07,0.32
1696,2021-12-21,26.4,26.62,26.72,26.36,168864,466389056.0,1.36,0.53,0.14,0.25
1697,2021-12-22,26.6,26.35,26.69,26.32,193212,529944336.0,1.39,-1.01,-0.27,0.28
1698,2021-12-23,26.38,26.34,26.53,26.18,146026,398800832.0,1.33,-0.04,-0.01,0.21
1699,2021-12-24,26.33,26.18,26.34,26.03,148220,402549360.0,1.18,-0.61,-0.16,0.22
1700,2021-12-27,26.2,26.13,26.34,26.0,204237,554054128.0,1.3,-0.19,-0.05,0.3
1701,2021-12-28,26.06,26.17,26.5,26.0,278236,758546736.0,1.91,0.15,0.04,0.41
1702,2021-12-29,26.3,26.06,26.34,26.02,197636,536490320.0,1.22,-0.42,-0.11,0.29
1703,2021-12-30,26.1,26.07,26.22,26.01,165661,449154448.0,0.81,0.04,0.01,0.24
1704,2021-12-31,26.1,26.12,26.25,26.02,189032,512142752.0,0.88,0.19,0.05,0.28
1705,2022-01-04,26.14,26.26,26.3,25.92,287016,778519360.0,1.45,0.54,0.14,0.42
1706,2022-01-05,26.23,26.6,26.88,26.21,461227,1272337616.0,2.55,1.29,0.34,0.67
1707,2022-01-06,26.59,26.46,26.7,26.4,240407,661217712.0,1.13,-0.53,-0.14,0.35
1708,2022-01-07,26.52,26.92,27.2,26.52,440717,1230495728.0,2.57,1.74,0.46,0.64
1709,2022-01-10,27.0,27.11,27.2,26.69,288000,806151024.0,1.89,0.71,0.19,0.42
1710,2022-01-11,27.09,27.07,27.44,26.86,315345,889146928.0,2.14,-0.15,-0.04,0.46
1711,2022-01-12,26.99,26.87,27.14,26.58,246976,687248240.0,2.07,-0.74,-0.2,0.36
1712,2022-01-13,26.86,26.94,27.49,26.83,309571,873335552.0,2.46,0.26,0.07,0.45
1713,2022-01-14,26.95,26.11,26.95,26.05,454163,1240413232.0,3.34,-3.08,-0.83,0.66
1714,2022-01-17,26.1,26.09,26.24,25.97,232144,628689392.0,1.03,-0.08,-0.02,0.34
1715,2022-01-18,26.16,26.48,26.55,26.08,256570,701937552.0,1.8,1.49,0.39,0.37
1716,2022-01-19,26.43,26.66,26.9,26.38,243506,674192048.0,1.96,0.68,0.18,0.36
1717,2022-01-20,26.73,27.49,27.64,26.73,757758,2149029360.0,3.41,3.11,0.83,1.11
1718,2022-01-21,27.4,27.21,27.65,27.11,408783,1156629536.0,1.96,-1.02,-0.28,0.6
1719,2022-01-24,27.2,26.85,27.28,26.63,279325,776773584.0,2.39,-1.32,-0.36,0.41
1720,2022-01-25,26.62,26.09,26.7,26.05,325557,890229104.0,2.42,-2.83,-0.76,0.48
1721,2022-01-26,26.2,26.22,26.31,25.92,336136,912499024.0,1.49,0.5,0.13,0.49
1722,2022-01-27,26.1,25.9,26.16,25.89,277850,750237248.0,1.03,-1.22,-0.32,0.41
1723,2022-01-28,26.0,25.26,26.04,25.23,413405,1098936656.0,3.13,-2.47,-0.64,0.6
1724,2022-02-07,25.6,25.9,26.13,25.4,313364,839699360.0,2.89,2.53,0.64,0.46
1725,2022-02-08,25.89,26.41,26.46,25.84,307692,838027056.0,2.39,1.97,0.51,0.45
1726,2022-02-09,26.46,26.36,26.78,26.27,269836,741190080.0,1.93,-0.19,-0.05,0.39
1727,2022-02-10,26.36,26.88,26.89,26.22,378476,1049295440.0,2.54,1.97,0.52,0.55
1728,2022-02-11,26.88,27.83,28.18,26.8,911260,2608663072.0,5.13,3.53,0.95,1.33
1729,2022-02-14,27.59,26.92,27.69,26.85,405112,1138238384.0,3.02,-3.27,-0.91,0.59
1730,2022-02-15,26.81,26.71,27.1,26.53,248205,688396400.0,2.12,-0.78,-0.21,0.36
1731,2022-02-16,26.85,26.85,27.14,26.72,158500,441933024.0,1.57,0.52,0.14,0.23
1732,2022-02-17,26.77,26.65,27.11,26.59,196644,546686192.0,1.94,-0.74,-0.2,0.29
1733,2022-02-18,26.5,26.98,27.1,26.47,207756,577943152.0,2.36,1.24,0.33,0.3
1734,2022-02-21,26.82,26.8,26.92,26.59,171457,474869648.0,1.22,-0.67,-0.18,0.25
1735,2022-02-22,26.58,26.36,26.67,26.22,212252,581331456.0,1.68,-1.64,-0.44,0.31
1736,2022-02-23,26.43,26.23,26.56,26.16,211745,576615344.0,1.52,-0.49,-0.13,0.31
1737,2022-02-24,26.1,25.66,26.16,25.52,456514,1223051520.0,2.44,-2.17,-0.57,0.67
1738,2022-02-25,25.76,25.58,25.93,25.48,294586,785181600.0,1.75,-0.31,-0.08,0.43
1739,2022-02-28,25.63,25.44,25.65,25.28,238666,629717024.0,1.45,-0.55,-0.14,0.35
1740,2022-03-01,25.52,25.69,25.73,25.4,233863,621221184.0,1.3,0.98,0.25,0.34
1741,2022-03-02,25.51,25.44,25.62,25.42,178217,472320608.0,0.78,-0.97,-0.25,0.26
1742,2022-03-03,25.55,25.57,25.67,25.47,159257,422909184.0,0.79,0.51,0.13,0.23
1743,2022-03-04,25.4,25.3,25.41,25.06,220383,577818288.0,1.37,-1.06,-0.27,0.32
1744,2022-03-07,25.1,24.62,25.1,24.52,340218,874959008.0,2.29,-2.69,-0.68,0.5
1745,2022-03-08,24.57,23.74,24.65,23.7,374533,940174864.0,3.86,-3.57,-0.88,0.55
1746,2022-03-09,23.8,22.97,23.88,22.46,381431,920346864.0,5.98,-3.24,-0.77,0.56
1747,2022-03-10,23.4,23.08,23.48,23.08,216470,525169920.0,1.74,0.48,0.11,0.32
1748,2022-03-11,22.7,23.16,23.35,22.45,257652,616006816.0,3.9,0.35,0.08,0.38
1749,2022-03-14,22.81,22.56,23.05,22.55,199326,473771984.0,2.16,-2.59,-0.6,0.29
1750,2022-03-15,22.38,20.65,22.38,20.52,579498,1299133760.0,8.24,-8.47,-1.91,0.85
1751,2022-03-16,20.93,21.56,21.7,20.38,518259,1140092992.0,6.39,4.41,0.91,0.76
1752,2022-03-17,22.0,21.9,22.34,21.63,401623,921427776.0,3.29,1.58,0.34,0.59
1753,2022-03-18,21.72,22.59,22.82,21.65,438936,1023908656.0,5.34,3.15,0.69,0.64
1754,2022-03-21,22.31,21.93,22.35,21.8,308975,711163200.0,2.43,-2.92,-0.66,0.45
1755,2022-03-22,21.63,22.29,22.42,21.54,278435,643429968.0,4.01,1.64,0.36,0.41
1756,2022-03-23,22.33,22.28,22.45,22.02,216155,502929744.0,1.93,-0.04,-0.01,0.32
1757,2022-03-24,22.11,22.19,22.44,22.04,186998,435202064.0,1.8,-0.4,-0.09,0.27
1758,2022-03-25,22.21,22.13,22.44,22.07,174158,404242032.0,1.67,-0.27,-0.06,0.25
1759,2022-03-28,20.0,21.54,21.72,20.0,391687,876237008.0,7.77,-2.67,-0.59,0.57
1760,2022-03-29,21.52,21.47,21.79,21.4,184787,416900480.0,1.81,-0.32,-0.07,0.27
1761,2022-03-30,21.64,21.88,21.93,21.46,247624,562730416.0,2.19,1.91,0.41,0.36
1762,2022-03-31,21.77,21.92,22.16,21.73,182481,418437856.0,1.97,0.18,0.04,0.27
1763,2022-04-01,21.77,22.2,22.25,21.62,231905,534210064.0,2.87,1.28,0.28,0.34
1764,2022-04-06,22.15,22.62,22.8,22.1,288065,676209904.0,3.15,1.89,0.42,0.42
1765,2022-04-07,22.58,22.2,22.75,22.2,199533,467951664.0,2.43,-1.86,-0.42,0.29
1766,2022-04-08,22.1,22.41,22.43,22.07,146900,341703312.0,1.62,0.95,0.21,0.21
1767,2022-04-11,22.28,21.59,22.28,21.52,255784,583211120.0,3.39,-3.66,-0.82,0.37
1768,2022-04-12,21.71,21.83,22.0,21.18,265102,599219024.0,3.8,1.11,0.24,0.39
1769,2022-04-13,21.66,21.76,22.03,21.58,157453,359154416.0,2.06,-0.32,-0.07,0.23
1770,2022-04-14,21.87,21.81,21.94,21.71,147329,336393872.0,1.06,0.23,0.05,0.22
1771,2022-04-15,21.7,21.92,22.13,21.65,173701,398092176.0,2.2,0.5,0.11,0.25
1772,2022-04-18,21.62,21.32,21.75,21.2,199644,446080944.0,2.51,-2.74,-0.6,0.29
1773,2022-04-19,21.26,20.97,21.36,20.8,206333,455139360.0,2.63,-1.64,-0.35,0.3
1774,2022-04-20,21.0,20.81,21.17,20.77,162816,357057488.0,1.91,-0.76,-0.16,0.24
1775,2022-04-21,20.8,20.96,21.4,20.77,270765,599902032.0,3.03,0.72,0.15,0.4
1776,2022-04-22,21.0,21.22,21.6,20.83,264030,589170064.0,3.67,1.24,0.26,0.39
1777,2022-04-25,20.73,19.81,20.98,19.8,363636,777523104.0,5.56,-6.64,-1.41,0.53
1778,2022-04-26,19.81,19.31,19.94,19.2,346165,712297248.0,3.74,-2.52,-0.5,0.51
1779,2022-04-27,19.09,19.38,19.59,18.91,302168,614493024.0,3.52,0.36,0.07,0.44
1780,2022-04-28,19.17,19.42,19.42,18.99,294913,596342080.0,2.22,0.21,0.04,0.43
1781,2022-04-29,19.42,19.8,19.98,19.25,282396,581732848.0,3.76,1.96,0.38,0.41
1782,2022-05-05,19.75,19.8,20.23,19.57,249284,521557088.0,3.33,0.0,0.0,0.36
1783,2022-05-06,19.49,19.06,19.75,18.92,229280,463130032.0,4.19,-3.74,-0.74,0.33
1784,2022-05-09,18.97,19.59,19.6,18.95,209346,425843664.0,3.41,2.78,0.53,0.31
1785,2022-05-10,19.3,19.5,19.68,19.29,245760,503320016.0,1.99,-0.46,-0.09,0.36
1786,2022-05-11,19.48,19.63,19.83,19.46,279853,578130032.0,1.9,0.67,0.13,0.41
1787,2022-05-12,19.51,19.84,19.96,19.5,202643,420956368.0,2.34,1.07,0.21,0.3
1788,2022-05-13,20.02,20.19,20.32,20.0,164317,347374928.0,1.61,1.76,0.35,0.24
1789,2022-05-16,20.29,19.71,20.39,19.66,160300,333866656.0,3.62,-2.38,-0.48,0.23
1790,2022-05-17,19.87,20.12,20.17,19.75,152783,320860496.0,2.13,2.08,0.41,0.22
1791,2022-05-18,20.18,19.79,20.19,19.7,176816,368129728.0,2.44,-1.64,-0.33,0.26
1792,2022-05-19,19.55,19.52,19.73,19.42,213427,437617984.0,1.57,-1.36,-0.27,0.31
1793,2022-05-20,19.62,20.15,20.25,19.53,283958,595580752.0,3.69,3.23,0.63,0.41
1794,2022-05-23,20.26,20.04,20.42,19.96,191269,403990544.0,2.28,-0.55,-0.11,0.28
1795,2022-05-24,20.05,19.75,20.32,19.71,220904,464344800.0,3.04,-1.45,-0.29,0.32
1796,2022-05-25,19.9,19.85,20.06,19.77,159623,333227424.0,1.47,0.51,0.1,0.23
1797,2022-05-26,19.88,20.24,20.3,19.7,221034,465061152.0,3.02,1.96,0.39,0.32
1798,2022-05-27,20.37,20.3,20.55,20.24,209104,447227472.0,1.53,0.3,0.06,0.31
1799,2022-05-30,20.46,20.08,20.48,20.0,162523,344652864.0,2.36,-1.08,-0.22,0.24
1800,2022-05-31,20.0,20.25,20.38,19.9,208964,443102064.0,2.39,0.85,0.17,0.31
1801,2022-06-01,20.21,20.13,20.3,20.0,154059,325427680.0,1.48,-0.59,-0.12,0.23
1802,2022-06-02,20.03,20.07,20.2,19.95,134947,283664176.0,1.24,-0.3,-0.06,0.2
1803,2022-06-06,20.07,20.24,20.26,19.76,229497,482438736.0,2.49,0.85,0.17,0.34
1804,2022-06-07,20.15,20.43,20.5,20.09,245471,523350960.0,2.03,0.94,0.19,0.36
1805,2022-06-08,20.44,20.56,20.64,20.26,206565,442423184.0,1.86,0.64,0.13,0.3
1806,2022-06-09,20.54,20.56,20.83,20.4,237319,512531264.0,2.09,0.0,0.0,0.35
1807,2022-06-10,20.41,20.84,20.88,20.2,341555,737225664.0,3.31,1.36,0.28,0.5
1808,2022-06-13,20.57,20.29,20.65,20.18,266531,569101872.0,2.26,-2.64,-0.55,0.39
1809,2022-06-14,20.09,20.81,20.85,19.97,331892,707689824.0,4.34,2.56,0.52,0.48
1810,2022-06-15,20.72,22.4,22.85,20.72,1069174,2476215024.0,10.24,7.64,1.59,1.56
1811,2022-06-16,22.37,21.56,22.39,21.56,526846,1200901664.0,3.71,-3.75,-0.84,0.77
1812,2022-06-17,21.44,21.89,22.13,21.3,338245,770311760.0,3.85,1.53,0.33,0.49
1813,2022-06-20,21.88,22.03,22.48,21.72,329373,759474624.0,3.47,0.64,0.14,0.48
1814,2022-06-21,22.03,22.38,23.09,21.93,449937,1061051712.0,5.27,1.59,0.35,0.66
1815,2022-06-22,22.3,22.23,22.7,22.15,356380,834072208.0,2.46,-0.67,-0.15,0.52
1816,2022-06-23,22.3,22.76,22.88,22.23,369655,872652576.0,2.92,2.38,0.53,0.54
1817,2022-06-24,22.74,22.44,22.97,22.33,373711,881872256.0,2.81,-1.41,-0.32,0.55
1818,2022-06-27,22.6,22.55,22.8,22.33,270840,637967184.0,2.09,0.49,0.11,0.4
1819,2022-06-28,22.48,22.38,22.5,22.12,246838,574868976.0,1.69,-0.75,-0.17,0.36
1820,2022-06-29,22.3,22.33,22.74,22.26,242493,569056096.0,2.14,-0.22,-0.05,0.35
1821,2022-06-30,22.35,22.53,22.78,22.26,229976,541769728.0,2.33,0.9,0.2,0.34
1822,2022-07-01,22.65,22.46,22.88,22.36,167349,393965888.0,2.31,-0.31,-0.07,0.24
1823,2022-07-04,22.45,22.35,22.55,22.03,223248,518634864.0,2.32,-0.49,-0.11,0.33
1824,2022-07-05,22.31,22.37,22.85,22.18,321861,757356128.0,3.0,0.09,0.02,0.47
1825,2022-07-06,22.37,22.15,22.43,21.93,236544,547027760.0,2.24,-0.98,-0.22,0.35
1826,2022-07-07,22.1,22.0,22.25,21.95,180017,414998048.0,1.35,-0.68,-0.15,0.26
1827,2022-07-08,22.14,21.88,22.31,21.86,222381,511556609.0,2.05,-0.55,-0.12,0.32
1828,2022-07-11,21.99,21.7,21.99,21.57,162153,352630981.0,1.92,-0.82,-0.18,0.24
1829,2022-07-12,21.71,21.85,22.05,21.71,178282,390029451.0,1.57,0.69,0.15,0.26
1830,2022-07-13,21.8,21.48,21.95,21.41,197862,428063272.0,2.47,-1.69,-0.37,0.29
1831,2022-07-14,21.55,21.13,21.58,20.95,283150,598498470.0,2.93,-1.63,-0.35,0.41
1832,2022-07-15,21.08,20.53,21.27,20.53,260139,542210037.0,3.5,-2.84,-0.6,0.38
1833,2022-07-18,20.61,20.9,20.93,20.58,174814,363220101.0,1.7,1.8,0.37,0.26
1834,2022-07-19,20.9,20.98,21.03,20.77,134618,281296307.0,1.24,0.38,0.08,0.2
1835,2022-07-20,21.08,21.01,21.18,20.96,121277,255284709.0,1.05,0.14,0.03,0.18
1836,2022-07-21,20.94,20.68,21.0,20.6,128630,267345029.0,1.9,-1.57,-0.33,0.19
1837,2022-07-22,20.68,20.76,21.03,20.56,154616,321288627.0,2.27,0.39,0.08,0.23
1838,2022-07-25,20.71,20.69,20.82,20.59,91865,190043996.0,1.11,-0.34,-0.07,0.13
1839,2022-07-26,20.74,20.81,20.88,20.71,118076,245682624.0,0.82,0.58,0.12,0.17
1840,2022-07-27,20.67,20.54,20.8,20.49,132331,272710149.0,1.49,-1.3,-0.27,0.19
1841,2022-07-28,20.61,20.53,20.88,20.53,160337,331621836.0,1.7,-0.05,-0.01,0.23
1842,2022-07-29,20.59,20.19,20.75,20.12,228900,465941394.0,3.07,-1.66,-0.34,0.33
1843,2022-08-01,20.11,19.91,20.15,19.87,205354,409941521.0,1.39,-1.39,-0.28,0.3
1844,2022-08-02,19.8,19.49,19.81,19.24,275974,536988691.0,2.86,-2.11,-0.42,0.4
1845,2022-08-03,19.55,19.2,19.7,19.17,231308,448211093.0,2.72,-1.49,-0.29,0.34
1846,2022-08-04,19.33,19.39,19.43,19.25,169224,327471485.0,0.94,0.99,0.19,0.25
1847,2022-08-05,19.4,19.69,19.74,19.34,162006,316128101.0,2.06,1.55,0.3,0.24
1848,2022-08-08,19.65,19.56,19.81,19.49,131461,257658277.0,1.63,-0.66,-0.13,0.19
1849,2022-08-09,19.55,19.56,19.65,19.48,114827,224738116.0,0.87,0.0,0.0,0.17
1850,2022-08-10,19.56,19.39,19.62,19.3,99880,193910779.0,1.64,-0.87,-0.17,0.15
1851,2022-08-11,19.55,20.02,20.15,19.45,303711,603586890.0,3.61,3.25,0.63,0.44
1852,2022-08-12,19.91,20.11,20.24,19.8,172105,344908157.0,2.2,0.45,0.09,0.25
1853,2022-08-15,20.08,19.98,20.28,19.9,148568,298009034.0,1.89,-0.65,-0.13,0.22
1854,2022-08-16,20.05,19.86,20.15,19.84,115630,230992831.0,1.55,-0.6,-0.12,0.17
1855,2022-08-17,19.9,20.08,20.2,19.74,203259,407067075.0,2.32,1.11,0.22,0.3
1856,2022-08-18,20.03,19.89,20.1,19.81,122505,243891812.0,1.44,-0.95,-0.19,0.18
1857,2022-08-19,19.81,19.89,20.18,19.81,163744,327768901.0,1.86,0.0,0.0,0.24
1858,2022-08-22,19.85,19.8,20.04,19.77,143999,286419743.0,1.36,-0.45,-0.09,0.21
1859,2022-08-23,19.74,19.62,19.87,19.52,168330,330702820.0,1.77,-0.91,-0.18,0.25
1860,2022-08-24,19.73,19.71,20.25,19.68,336430,673033813.0,2.91,0.46,0.09,0.49
1861,2022-08-25,19.74,20.27,20.39,19.73,280109,562522764.0,3.35,2.84,0.56,0.41
1862,2022-08-26,20.27,20.29,20.39,20.05,193642,391942508.0,1.68,0.1,0.02,0.28
1863,2022-08-29,20.09,20.17,20.24,19.92,201448,404128772.0,1.58,-0.59,-0.12,0.29
1864,2022-08-30,20.15,20.47,20.56,20.13,272878,557188808.0,2.13,1.49,0.3,0.4
1865,2022-08-31,20.4,20.97,21.08,20.36,389615,812411149.0,3.52,2.44,0.5,0.57
1866,2022-09-01,20.8,20.82,21.1,20.75,220135,461078342.0,1.67,-0.72,-0.15,0.32
1867,2022-09-02,20.88,20.75,21.2,20.67,206844,430635344.0,2.55,-0.34,-0.07,0.3
1868,2022-09-05,20.69,20.9,20.94,20.43,196803,407239492.0,2.46,0.72,0.15,0.29
1869,2022-09-06,20.97,21.08,21.21,20.82,233095,490269701.0,1.87,0.86,0.18,0.34
1870,2022-09-07,21.06,20.98,21.08,20.78,135343,283068418.0,1.42,-0.47,-0.1,0.2
1871,2022-09-08,21.02,20.95,21.21,20.92,142026,298867946.0,1.38,-0.14,-0.03,0.21
1872,2022-09-09,21.05,21.47,21.53,20.94,280469,599665190.0,2.82,2.48,0.52,0.41
1873,2022-09-13,21.31,21.52,21.85,21.23,252008,543073223.0,2.89,0.23,0.05,0.37
1874,2022-09-14,21.27,21.26,21.67,21.18,141692,302002271.0,2.28,-1.21,-0.26,0.21
1875,2022-09-15,21.26,21.31,21.58,21.15,204709,437452159.0,2.02,0.24,0.05,0.3
1876,2022-09-16,21.21,20.88,21.35,20.68,397199,829328920.0,3.14,-2.02,-0.43,0.58
1877,2022-09-19,20.81,20.42,20.98,20.3,189052,387756454.0,3.26,-2.2,-0.46,0.28
1878,2022-09-20,20.56,20.1,20.57,20.06,138805,280572692.0,2.5,-1.57,-0.32,0.2
1879,2022-09-21,20.08,20.25,20.36,19.97,115996,234230630.0,1.94,0.75,0.15,0.17
1880,2022-09-22,20.17,20.26,20.33,20.08,81366,164455933.0,1.23,0.05,0.01,0.12
1881,2022-09-23,20.27,20.39,20.69,20.15,175894,359350526.0,2.67,0.64,0.13,0.26
1882,2022-09-26,20.3,19.9,20.36,19.9,167589,336347524.0,2.26,-2.4,-0.49,0.24
1883,2022-09-27,19.85,20.03,20.1,19.85,116830,233288157.0,1.26,0.65,0.13,0.17
1884,2022-09-28,20.06,20.08,20.34,19.9,148398,298950476.0,2.2,0.25,0.05,0.22
1885,2022-09-29,20.23,19.81,20.28,19.78,144782,289247065.0,2.49,-1.34,-0.27,0.21
1886,2022-09-30,19.83,20.33,20.45,19.83,195189,395419225.0,3.13,2.62,0.52,0.29
1887,2022-10-10,20.21,20.11,20.5,20.09,152039,308050827.0,2.02,-1.08,-0.22,0.22
1888,2022-10-11,20.13,19.86,20.37,19.81,188321,375454456.0,2.78,-1.24,-0.25,0.28
1889,2022-10-12,19.82,20.71,20.71,19.82,222121,450865879.0,4.48,4.28,0.85,0.32
1890,2022-10-13,20.6,20.69,20.74,20.45,145738,300181019.0,1.4,-0.1,-0.02,0.21
1891,2022-10-14,20.87,20.8,21.1,20.7,170722,357464451.0,1.93,0.53,0.11,0.25
1892,2022-10-17,20.7,20.79,20.95,20.7,105823,220162705.0,1.2,-0.05,-0.01,0.15
1893,2022-10-18,20.93,20.49,20.97,20.44,119696,246845628.0,2.55,-1.44,-0.3,0.17
1894,2022-10-19,20.5,20.15,20.74,20.15,127043,258870634.0,2.88,-1.66,-0.34,0.19
1895,2022-10-20,20.15,20.0,20.29,20.0,146907,295295420.0,1.44,-0.74,-0.15,0.21
1896,2022-10-21,20.09,19.87,20.27,19.85,143081,286018546.0,2.1,-0.65,-0.13,0.21
1897,2022-10-24,19.9,18.8,19.95,18.8,391115,752145765.0,5.79,-5.39,-1.07,0.57
1898,2022-10-25,18.82,18.65,18.95,18.45,262447,488670541.0,2.66,-0.8,-0.15,0.38
1899,2022-10-26,18.63,18.62,18.76,18.29,383303,711092541.0,2.52,-0.16,-0.03,0.56
1900,2022-10-27,18.52,18.57,18.7,18.36,194869,362462442.0,1.83,-0.27,-0.05,0.28
1901,2022-10-28,18.52,18.01,18.61,18.0,258291,471665339.0,3.28,-3.02,-0.56,0.38
1902,2022-10-31,18.05,19.03,19.12,17.92,435526,815021008.0,6.66,5.66,1.02,0.64
1903,2022-11-01,19.03,20.64,20.64,19.02,553935,1115443746.0,8.51,8.46,1.61,0.81
1904,2022-11-02,20.45,20.57,20.66,20.35,209210,429453202.0,1.5,-0.34,-0.07,0.31
1905,2022-11-03,20.5,20.42,20.5,20.15,169264,344305025.0,1.7,-0.73,-0.15,0.25
1906,2022-11-04,20.47,21.37,21.5,20.4,352841,748054140.0,5.39,4.65,0.95,0.52
1907,2022-11-07,21.11,21.57,21.76,21.11,210791,454061809.0,3.04,0.94,0.2,0.31
1908,2022-11-08,21.5,21.61,21.66,21.3,134432,288550131.0,1.67,0.19,0.04,0.2
1909,2022-11-09,21.6,21.08,21.63,21.02,197057,417922157.0,2.82,-2.45,-0.53,0.29
1910,2022-11-10,21.07,21.28,21.39,20.98,143228,303829689.0,1.94,0.95,0.2,0.21
1911,2022-11-11,21.77,22.02,22.23,21.6,321811,704579496.0,2.96,3.48,0.74,0.47
1912,2022-11-14,22.33,22.43,22.93,22.32,484902,1098045292.0,2.77,1.86,0.41,0.71
1913,2022-11-15,22.4,22.76,23.22,22.3,298596,680460242.0,4.1,1.47,0.33,0.44
1914,2022-11-16,22.75,22.3,22.76,22.19,224820,503043786.0,2.5,-2.02,-0.46,0.33
1915,2022-11-17,22.37,22.81,22.84,22.23,216595,488636385.0,2.74,2.29,0.51,0.32
1916,2022-11-18,22.81,22.95,23.15,22.7,180128,413359761.0,1.97,0.61,0.14,0.26
1917,2022-11-21,22.85,22.84,22.94,22.31,238342,539154116.0,2.75,-0.48,-0.11,0.35
1918,2022-11-22,22.84,23.52,23.82,22.65,347081,812238033.0,5.12,2.98,0.68,0.51
1919,2022-11-23,23.4,23.27,23.86,23.08,284070,666440880.0,3.32,-1.06,-0.25,0.42
1920,2022-11-24,23.25,22.96,23.6,22.89,168941,390050046.0,3.05,-1.33,-0.31,0.25
1921,2022-11-25,23.16,23.85,23.99,22.8,340093,805873596.0,5.18,3.88,0.89,0.5
1922,2022-11-28,23.5,23.45,23.55,23.0,277226,644692755.0,2.31,-1.68,-0.4,0.41
1923,2022-11-29,23.69,24.44,24.52,23.31,610232,1477142763.0,5.16,4.22,0.99,0.89
1924,2022-11-30,24.17,24.34,24.65,24.0,380081,926017622.0,2.66,-0.41,-0.1,0.56
1925,2022-12-01,24.7,24.18,24.74,24.0,284428,691125757.0,3.04,-0.66,-0.16,0.42
1926,2022-12-02,24.2,23.85,24.27,23.78,223576,534623555.0,2.03,-1.36,-0.33,0.33
1927,2022-12-05,24.2,25.34,25.36,24.15,431289,1076084360.0,5.07,6.25,1.49,0.63
1928,2022-12-06,25.05,25.44,25.51,24.8,290222,732893022.0,2.8,0.39,0.1,0.42
1929,2022-12-07,25.32,24.85,25.45,24.6,280966,701459416.0,3.34,-2.32,-0.59,0.41
1930,2022-12-08,24.82,25.01,25.06,24.69,200637,499489312.0,1.49,0.64,0.16,0.29
1931,2022-12-09,24.93,25.28,25.45,24.44,428136,1071152754.0,4.04,1.08,0.27,0.63
1932,2022-12-12,25.2,24.04,25.2,23.98,394464,962808589.0,4.83,-4.91,-1.24,0.58
1933,2022-12-13,24.17,24.54,24.7,24.1,255593,624786104.0,2.5,2.08,0.5,0.37
1934,2022-12-14,24.6,24.53,24.65,24.05,169599,414131303.0,2.44,-0.04,-0.01,0.25
1935,2022-12-15,24.43,24.18,24.69,24.1,122348,296831630.0,2.41,-1.43,-0.35,0.18
1936,2022-12-16,24.05,24.71,24.71,24.01,206525,504649220.0,2.89,2.19,0.53,0.3
1937,2022-12-19,24.52,24.01,24.73,23.9,217202,525442109.0,3.36,-2.83,-0.7,0.32
1938,2022-12-20,23.89,23.85,24.15,23.67,149142,355686462.0,2.0,-0.67,-0.16,0.22
1939,2022-12-21,23.92,24.0,24.16,23.7,98315,235869819.0,1.93,0.63,0.15,0.14
1940,2022-12-22,24.18,23.95,24.35,23.88,104018,250839172.0,1.96,-0.21,-0.05,0.15
1941,2022-12-23,23.69,23.97,24.19,23.61,110601,265265790.0,2.42,0.08,0.02,0.16
1942,2022-12-26,24.15,23.48,24.29,23.45,168334,398569210.0,3.5,-2.04,-0.49,0.25
1943,2022-12-27,23.84,24.13,24.23,23.62,131219,314658087.0,2.6,2.77,0.65,0.19
1944,2022-12-28,24.12,24.27,24.65,24.0,234253,570360426.0,2.69,0.58,0.14,0.34
1945,2022-12-29,24.1,23.87,24.2,23.48,187404,444851955.0,2.97,-1.65,-0.4,0.27
1946,2022-12-30,23.83,24.52,24.74,23.83,225470,551338091.0,3.81,2.72,0.65,0.33
