,日期,开盘,收盘,最高,最低,成交量,成交额,振幅,涨跌幅,涨跌额,换手率
0,2015-01-05,4.53,4.51,4.61,4.37,4312269,2163406608.0,5.31,-0.22,-0.01,2.66
1,2015-01-06,4.42,4.36,4.49,4.27,3740330,1837283248.0,4.88,-3.33,-0.15,2.3
2,2015-01-07,4.37,4.42,4.49,4.34,2653644,1316200464.0,3.44,1.38,0.06,1.63
3,2015-01-08,4.37,4.12,4.4,4.09,3285137,1558701728.0,7.01,-6.79,-0.3,2.02
4,2015-01-09,4.09,4.13,4.39,4.02,3348588,1578305984.0,8.98,0.24,0.01,2.06
5,2015-01-12,4.06,3.88,4.06,3.82,2239284,1002306784.0,5.81,-6.05,-0.25,1.38
6,2015-01-13,3.85,3.88,3.97,3.84,1180770,523491888.0,3.35,0.0,0.0,0.73
7,2015-01-14,3.92,3.86,3.95,3.79,1099799,483828896.0,4.12,-0.52,-0.02,0.68
8,2015-01-15,3.84,4.01,4.02,3.79,1692533,755178816.0,5.96,3.89,0.15,1.04
9,2015-01-16,4.02,4.06,4.18,3.98,1750192,805201968.0,4.99,1.25,0.05,1.08
10,2015-01-19,3.82,3.6,3.89,3.6,2342193,995866656.0,7.14,-11.33,-0.46,1.44
11,2015-01-20,3.49,3.64,3.72,3.49,1882284,782786912.0,6.39,1.11,0.04,1.16
12,2015-01-21,3.67,3.82,3.82,3.57,2534827,1075371872.0,6.87,4.95,0.18,1.56
13,2015-01-22,3.79,3.79,3.83,3.74,1832422,790639152.0,2.36,-0.79,-0.03,1.13
14,2015-01-23,3.81,3.79,3.9,3.77,1787454,777740304.0,3.43,0.0,0.0,1.1
15,2015-01-26,3.74,3.77,3.78,3.69,1353500,577343600.0,2.37,-0.53,-0.02,0.83
16,2015-01-27,3.78,3.87,3.93,3.7,2843525,1237212624.0,6.1,2.65,0.1,1.75
17,2015-01-28,3.83,3.79,3.9,3.75,1747518,760711216.0,3.88,-2.07,-0.08,1.08
18,2015-01-29,3.74,3.7,3.79,3.68,1153776,491227344.0,2.9,-2.37,-0.09,0.71
19,2015-01-30,3.7,3.59,3.75,3.58,1247244,520246544.0,4.59,-2.97,-0.11,0.77
20,2015-02-02,3.52,3.38,3.53,3.36,1324999,521400912.0,4.74,-5.85,-0.21,0.82
21,2015-02-03,3.41,3.52,3.55,3.38,1270657,506371712.0,5.03,4.14,0.14,0.78
22,2015-02-04,3.49,3.54,3.64,3.45,1517906,616714256.0,5.4,0.57,0.02,0.93
23,2015-02-05,3.59,3.41,3.62,3.4,1162530,469857184.0,6.21,-3.67,-0.13,0.72
24,2015-02-06,3.4,3.24,3.41,3.22,1390544,535017008.0,5.57,-4.99,-0.17,0.86
25,2015-02-09,3.21,3.27,3.32,3.15,1092391,411938016.0,5.25,0.93,0.03,0.67
26,2015-02-10,3.26,3.35,3.37,3.23,942792,363484544.0,4.28,2.45,0.08,0.58
27,2015-02-11,3.36,3.34,3.4,3.32,756091,294017952.0,2.39,-0.3,-0.01,0.47
28,2015-02-12,3.33,3.36,3.4,3.31,804635,313535744.0,2.69,0.6,0.02,0.5
29,2015-02-13,3.45,3.46,3.52,3.44,1343264,538708736.0,2.38,2.98,0.1,0.83
30,2015-02-16,3.47,3.46,3.48,3.43,860346,342760048.0,1.45,0.0,0.0,0.53
31,2015-02-17,3.48,3.47,3.49,3.46,708702,283510656.0,0.87,0.29,0.01,0.44
32,2015-02-25,3.49,3.47,3.5,3.45,743036,297214672.0,1.44,0.0,0.0,0.46
33,2015-02-26,3.47,3.87,3.87,3.42,3076400,1316500256.0,12.97,11.53,0.4,1.89
34,2015-02-27,4.05,4.11,4.15,3.95,5680795,2607263728.0,5.17,6.2,0.24,3.5
35,2015-03-02,4.16,4.07,4.16,4.02,2639095,1214508144.0,3.41,-0.97,-0.04,1.63
36,2015-03-03,4.01,4.13,4.3,3.92,3810910,1752330272.0,9.34,1.47,0.06,2.35
37,2015-03-04,4.06,4.02,4.09,3.97,1672500,763086176.0,2.91,-2.66,-0.11,1.03
38,2015-03-05,4.01,3.92,4.03,3.79,2096089,928158384.0,5.97,-2.49,-0.1,1.29
39,2015-03-06,3.92,3.88,3.97,3.82,1233398,545536432.0,3.83,-1.02,-0.04,0.76
40,2015-03-09,3.83,3.91,3.92,3.78,1132993,497112464.0,3.61,0.77,0.03,0.7
41,2015-03-10,3.91,3.86,3.92,3.85,846589,373233008.0,1.79,-1.28,-0.05,0.52
42,2015-03-11,3.86,3.86,3.96,3.83,1016887,450069872.0,3.37,0.0,0.0,0.63
43,2015-03-12,3.87,3.93,3.96,3.83,1394141,617791824.0,3.37,1.81,0.07,0.86
44,2015-03-13,3.93,3.99,4.07,3.92,1964725,890328240.0,3.82,1.53,0.06,1.21
45,2015-03-16,4.01,4.05,4.09,3.95,1869707,850883328.0,3.51,1.5,0.06,1.15
46,2015-03-17,4.07,4.48,4.51,4.07,7094173,3473140368.0,10.86,10.62,0.43,4.37
47,2015-03-18,4.4,4.48,4.49,4.35,5239089,2599260000.0,3.13,0.0,0.0,3.23
48,2015-03-19,4.48,4.64,4.87,4.4,6682932,3477710176.0,10.49,3.57,0.16,4.12
49,2015-03-20,4.66,4.58,4.8,4.52,4194830,2160895088.0,6.03,-1.29,-0.06,2.58
50,2015-03-23,4.63,4.72,4.77,4.63,4374888,2287086240.0,3.06,3.06,0.14,2.69
51,2015-03-24,4.73,4.66,4.76,4.47,4384056,2270058128.0,6.14,-1.27,-0.06,2.7
52,2015-03-25,4.67,4.56,4.67,4.52,3256620,1662387968.0,3.22,-2.15,-0.1,2.01
53,2015-03-26,4.53,4.66,4.77,4.47,3993130,2058218672.0,6.58,2.19,0.1,2.46
54,2015-03-27,4.65,4.81,5.03,4.55,6086432,3238281168.0,10.3,3.22,0.15,3.75
55,2015-03-30,4.88,5.34,5.34,4.82,6958111,3983156288.0,10.81,11.02,0.53,4.28
56,2015-03-31,5.55,5.08,5.6,5.05,7875941,4578136832.0,10.3,-4.87,-0.26,4.85
57,2015-04-01,5.13,5.08,5.2,4.97,4673004,2622143472.0,4.53,0.0,0.0,2.88
58,2015-04-02,5.08,5.03,5.1,4.97,3098801,1716603808.0,2.56,-0.98,-0.05,1.91
59,2015-04-03,4.98,5.02,5.05,4.93,2733366,1507294640.0,2.39,-0.2,-0.01,1.68
60,2015-04-07,5.05,5.08,5.09,5.01,3593885,2003594544.0,1.59,1.2,0.06,2.21
61,2015-04-08,5.09,5.25,5.46,5.03,5619185,3242536656.0,8.46,3.35,0.17,3.46
62,2015-04-09,5.22,4.98,5.22,4.86,3685622,2043285360.0,6.86,-5.14,-0.27,2.27
63,2015-04-10,4.95,5.03,5.05,4.87,2557629,1411573584.0,3.61,1.0,0.05,1.57
64,2015-04-13,5.04,5.15,5.19,4.97,3770235,2123584736.0,4.37,2.39,0.12,2.32
65,2015-04-14,5.15,5.32,5.41,5.03,5542727,3217217488.0,7.38,3.3,0.17,3.41
66,2015-04-15,5.4,5.63,5.91,5.18,10302946,6354758656.0,13.72,5.83,0.31,6.34
67,2015-04-16,5.42,5.6,5.76,5.31,6718217,4071383328.0,7.99,-0.53,-0.03,4.14
68,2015-04-17,5.65,6.21,6.21,5.58,6613229,4361158656.0,11.25,10.89,0.61,4.07
69,2015-04-20,6.37,6.88,6.88,6.25,13981198,10147340800.0,10.14,10.79,0.67,8.61
70,2015-04-21,7.19,6.74,7.36,6.38,11170065,8186771456.0,14.24,-2.03,-0.14,6.88
71,2015-04-22,6.62,7.47,7.47,6.59,5732746,4385012480.0,13.06,10.83,0.73,3.53
72,2015-04-23,7.77,8.09,8.27,7.63,11756883,10013584896.0,8.57,8.3,0.62,7.24
73,2015-04-24,7.97,8.41,8.85,7.66,8226064,7049049344.0,14.71,3.96,0.32,5.07
74,2015-04-27,8.44,9.3,9.3,8.43,8933743,8350050304.0,10.34,10.58,0.89,5.5
75,2015-04-28,9.3,10.28,10.28,8.87,10597154,11184595200.0,15.16,10.54,0.98,6.53
76,2015-04-29,10.61,10.39,11.05,9.49,11488196,12441672960.0,15.18,1.07,0.11,7.07
77,2015-04-30,10.09,10.5,10.97,9.89,7939760,8862221824.0,10.39,1.06,0.11,4.89
78,2015-05-04,10.42,10.24,10.75,10.13,6277781,6858049536.0,5.9,-2.48,-0.26,3.87
79,2015-05-05,9.92,9.16,9.92,9.16,7627216,7646497280.0,7.42,-10.55,-1.08,4.7
80,2015-05-06,8.97,8.7,9.31,8.43,6758857,6330018560.0,9.61,-5.02,-0.46,4.16
81,2015-05-07,8.59,8.23,8.59,7.99,5771644,5100035584.0,6.9,-5.4,-0.47,3.55
82,2015-05-08,8.42,8.42,8.49,7.93,5960531,5242433280.0,6.8,2.31,0.19,3.67
83,2015-05-11,8.4,8.66,8.67,8.27,5967353,5388080128.0,4.75,2.85,0.24,3.67
84,2015-05-12,8.68,8.88,9.02,8.53,5874012,5486599680.0,5.66,2.54,0.22,3.62
85,2015-05-13,8.85,8.45,8.85,8.37,4914246,4478360064.0,5.41,-4.84,-0.43,3.03
86,2015-05-14,8.37,8.48,8.53,8.03,4286139,3762906608.0,5.92,0.36,0.03,2.64
87,2015-05-15,8.39,8.41,8.77,8.18,4875564,4405705728.0,6.96,-0.83,-0.07,3.0
88,2015-05-18,8.15,8.01,8.37,8.0,3359154,2907158880.0,4.4,-4.76,-0.4,2.07
89,2015-05-19,8.01,8.27,8.36,7.97,3312349,2900990288.0,4.87,3.25,0.26,2.04
90,2015-05-20,8.3,8.47,8.9,8.15,5090073,4560700928.0,9.07,2.42,0.2,3.13
91,2015-05-21,8.37,8.59,8.68,8.28,4063994,3670924832.0,4.72,1.42,0.12,2.5
92,2015-05-22,8.65,9.07,9.31,8.57,6786194,6414381568.0,8.61,5.59,0.48,4.18
93,2015-05-25,8.97,9.63,9.77,8.87,6636201,6512973056.0,9.92,6.17,0.56,4.09
94,2015-05-26,9.63,9.5,9.77,9.27,5929497,5950196224.0,5.19,-1.35,-0.13,3.65
95,2015-05-27,9.52,9.1,9.52,8.98,5273684,5113377792.0,5.68,-4.21,-0.4,3.25
96,2015-05-28,9.03,8.33,9.32,8.21,5232051,4929004544.0,12.2,-8.46,-0.77,3.22
97,2015-05-29,8.27,8.07,8.45,7.49,3742258,3205512272.0,11.52,-3.12,-0.26,2.3
98,2015-06-01,8.08,8.56,8.63,8.06,3182532,2823583200.0,7.06,6.07,0.49,1.96
99,2015-06-02,8.68,9.47,9.47,8.46,7954716,7762467840.0,11.8,10.63,0.91,4.9
100,2015-06-03,9.42,9.34,9.74,9.15,6766196,6731617024.0,6.23,-1.37,-0.13,4.17
101,2015-06-04,9.34,9.05,9.44,8.37,4362548,4100748608.0,11.46,-3.1,-0.29,2.69
102,2015-06-05,9.17,9.47,9.49,9.05,6170477,6090399232.0,4.86,4.64,0.42,3.8
103,2015-06-08,9.65,9.69,9.75,9.22,7866542,7949945344.0,5.6,2.32,0.22,4.84
104,2015-06-09,9.74,9.4,9.8,9.27,4547912,4546755840.0,5.47,-2.99,-0.29,2.8
105,2015-06-10,9.17,9.2,9.35,9.06,3319549,3227710784.0,3.09,-2.13,-0.2,2.04
106,2015-06-11,9.14,9.04,9.32,8.87,3155898,3027789840.0,4.89,-1.74,-0.16,1.94
107,2015-06-12,9.03,9.01,9.18,8.86,2813079,2685733776.0,3.54,-0.33,-0.03,1.73
108,2015-06-15,9.01,8.8,9.1,8.77,2723568,2572774816.0,3.66,-2.33,-0.21,1.68
109,2015-06-16,8.74,8.18,8.74,8.07,3043815,2710030320.0,7.61,-7.05,-0.62,1.87
110,2015-06-17,8.18,8.57,8.61,8.11,2245632,1993838144.0,6.11,4.77,0.39,1.38
111,2015-06-18,8.62,8.21,8.62,8.17,1870687,1673820752.0,5.25,-4.2,-0.36,1.15
112,2015-06-19,8.09,7.36,8.2,7.34,2287048,1890074176.0,10.48,-10.35,-0.85,1.41
113,2015-06-23,7.36,7.52,7.57,6.62,2206646,1720425936.0,12.91,2.17,0.16,1.36
114,2015-06-24,7.56,7.71,7.79,7.48,2176419,1779276896.0,4.12,2.53,0.19,1.34
115,2015-06-25,7.72,7.42,7.85,7.17,2246298,1829625392.0,8.82,-3.76,-0.29,1.38
116,2015-06-26,7.07,6.67,7.51,6.63,2793201,2113124848.0,11.86,-10.11,-0.75,1.72
117,2015-06-29,6.83,6.17,6.95,5.95,3049249,2116368848.0,14.99,-7.5,-0.5,1.88
118,2015-06-30,5.97,6.7,6.71,5.54,3446657,2304746144.0,18.96,8.59,0.53,2.12
119,2015-07-01,6.65,6.13,6.79,6.07,2458671,1735548528.0,10.75,-8.51,-0.57,1.51
120,2015-07-02,6.14,5.53,6.32,5.48,2452892,1568193504.0,13.7,-9.79,-0.6,1.51
121,2015-07-03,5.39,4.92,5.66,4.92,2994036,1692208160.0,13.38,-11.03,-0.61,1.84
122,2015-07-06,5.47,5.16,5.47,4.72,3397216,1924245328.0,15.24,4.88,0.24,2.09
123,2015-07-07,5.05,5.55,5.59,4.73,5192071,3002326272.0,16.67,7.56,0.39,3.2
124,2015-07-08,4.94,4.94,5.36,4.94,3478478,1953101568.0,7.57,-10.99,-0.61,2.14
125,2015-07-09,4.94,5.49,5.49,4.62,4017066,2321393232.0,17.61,11.13,0.55,2.47
126,2015-07-10,5.61,6.09,6.09,5.48,4306378,2796920432.0,11.11,10.93,0.6,2.65
127,2015-07-13,6.27,6.71,6.72,5.99,4840325,3366951264.0,11.99,10.18,0.62,2.98
128,2015-07-14,6.46,6.14,6.64,6.04,3592977,2475262624.0,8.94,-8.49,-0.57,2.21
129,2015-07-15,5.91,5.49,6.0,5.48,2388103,1466048768.0,8.47,-10.59,-0.65,1.47
130,2015-07-16,5.49,5.62,5.84,5.24,1893104,1154477216.0,10.93,2.37,0.13,1.17
131,2015-07-17,5.64,6.04,6.07,5.62,2119280,1350228096.0,8.01,7.47,0.42,1.31
132,2015-07-20,6.01,6.69,6.69,5.92,4615529,3204126704.0,12.75,10.76,0.65,2.84
133,2015-07-21,6.69,6.8,7.13,6.59,6063519,4478641408.0,8.07,1.64,0.11,3.73
134,2015-07-22,6.67,7.11,7.33,6.67,5042372,3743543984.0,9.71,4.56,0.31,3.11
135,2015-07-23,7.01,7.26,7.46,6.93,4956643,3805508944.0,7.45,2.11,0.15,3.05
136,2015-07-24,7.26,7.65,8.03,7.26,7669904,6321409792.0,10.61,5.37,0.39,4.72
137,2015-07-27,7.35,6.84,7.57,6.84,5288860,4050541552.0,9.54,-10.59,-0.81,3.26
138,2015-07-28,6.18,6.16,6.81,6.11,4139825,2798021792.0,10.23,-9.94,-0.68,2.55
139,2015-07-29,6.3,6.7,6.75,6.08,3149834,2151390352.0,10.88,8.77,0.54,1.94
140,2015-07-30,6.6,6.64,7.2,6.42,3693823,2691727472.0,11.64,-0.9,-0.06,2.27
141,2015-07-31,6.49,6.46,6.8,6.33,2394872,1696442688.0,7.08,-2.71,-0.18,1.47
142,2015-08-03,6.25,5.81,6.42,5.77,2725109,1769485264.0,10.06,-10.06,-0.65,1.68
143,2015-08-04,5.91,6.41,6.43,5.87,2312469,1531987424.0,9.64,10.33,0.6,1.42
144,2015-08-05,6.36,6.33,6.67,6.21,2378473,1649224896.0,7.18,-1.25,-0.08,1.46
145,2015-08-06,6.15,6.26,6.54,6.03,1711818,1164304864.0,8.06,-1.11,-0.07,1.05
146,2015-08-07,6.34,6.66,6.76,6.34,3039596,2158318272.0,6.71,6.39,0.4,1.87
147,2015-08-10,7.37,7.37,7.37,7.08,3829908,2993867232.0,4.35,10.66,0.71,2.36
148,2015-08-11,7.71,7.49,7.8,7.39,6325349,5115258112.0,5.56,1.63,0.12,3.9
149,2015-08-12,7.32,7.47,7.6,7.22,3416080,2707170496.0,5.07,-0.27,-0.02,2.1
150,2015-08-13,7.38,8.03,8.27,7.22,5492788,4540310528.0,14.06,7.5,0.56,3.38
151,2015-08-14,8.03,8.13,8.52,7.93,5423656,4718087424.0,7.35,1.25,0.1,3.34
152,2015-08-17,8.09,8.04,8.21,7.75,3287682,2780437408.0,5.66,-1.11,-0.09,2.02
153,2015-08-18,8.05,7.19,8.11,7.19,4388675,3516241136.0,11.44,-10.57,-0.85,2.7
154,2015-08-19,6.59,7.31,7.46,6.48,3362985,2485821824.0,13.63,1.67,0.12,2.07
155,2015-12-09,7.42,6.53,7.51,6.53,5040463,3651563712.0,13.41,-10.67,-0.78,3.1
156,2015-12-10,6.27,6.18,6.4,5.88,3027944,1992566576.0,7.96,-5.36,-0.35,1.86
157,2015-12-11,6.09,6.0,6.09,5.92,1352523,876146960.0,2.75,-2.91,-0.18,0.83
158,2015-12-14,5.89,6.25,6.3,5.88,1779178,1186267584.0,7.0,4.17,0.25,1.1
159,2015-12-15,6.19,6.11,6.22,6.04,1370199,901268880.0,2.88,-2.24,-0.14,0.84
160,2015-12-16,6.18,5.99,6.2,5.94,1297539,847209664.0,4.26,-1.96,-0.12,0.8
161,2015-12-17,6.02,6.06,6.09,5.97,1622341,1055747840.0,2.0,1.17,0.07,1.0
162,2015-12-18,6.02,5.96,6.05,5.91,1402901,904697344.0,2.31,-1.65,-0.1,0.86
163,2015-12-21,5.91,5.94,6.0,5.84,1424233,910981840.0,2.68,-0.34,-0.02,0.88
164,2015-12-22,5.97,6.0,6.04,5.92,1194958,771724688.0,2.02,1.01,0.06,0.74
165,2015-12-23,6.02,5.9,6.04,5.87,1140703,733403232.0,2.83,-1.67,-0.1,0.7
166,2015-12-24,5.88,5.69,5.89,5.63,1331271,824794400.0,4.41,-3.56,-0.21,0.82
167,2015-12-25,5.69,5.86,5.96,5.62,1475253,925821312.0,5.98,2.99,0.17,0.91
168,2015-12-28,5.82,5.64,5.84,5.63,1187773,735753472.0,3.58,-3.75,-0.22,0.73
169,2015-12-29,5.64,5.63,5.67,5.54,764992,464049216.0,2.3,-0.18,-0.01,0.47
170,2015-12-30,5.63,5.56,5.63,5.54,639749,386813040.0,1.6,-1.24,-0.07,0.39
171,2015-12-31,5.57,5.54,5.63,5.53,563222,341092480.0,1.8,-0.36,-0.02,0.35
172,2016-01-04,5.54,4.94,5.57,4.94,907286,518104864.0,11.37,-10.83,-0.6,0.56
173,2016-01-05,4.67,4.72,4.93,4.52,1286785,669678368.0,8.3,-4.45,-0.22,0.79
174,2016-01-06,4.75,4.91,4.92,4.75,974033,518974448.0,3.6,4.03,0.19,0.6
175,2016-01-07,4.86,4.43,4.86,4.38,254211,130192862.0,9.78,-9.78,-0.48,0.16
176,2016-01-08,4.59,4.52,4.68,4.18,1132457,565803456.0,11.29,2.03,0.09,0.7
177,2016-01-11,4.41,4.33,4.7,4.32,1193336,593913552.0,8.41,-4.2,-0.19,0.73
178,2016-01-12,4.35,4.34,4.44,4.17,875514,417867984.0,6.24,0.23,0.01,0.54
179,2016-01-13,4.36,4.04,4.38,4.02,780523,367217488.0,8.29,-6.91,-0.3,0.48
180,2016-01-14,3.88,4.06,4.09,3.82,957874,425448864.0,6.68,0.5,0.02,0.59
181,2016-01-15,4.0,3.66,4.02,3.62,1029406,442254800.0,9.85,-9.85,-0.4,0.63
182,2016-01-18,3.55,3.76,3.88,3.55,1077103,455307072.0,9.02,2.73,0.1,0.66
183,2016-01-19,3.73,4.18,4.18,3.68,1663627,751858832.0,13.3,11.17,0.42,1.02
184,2016-01-20,4.2,4.14,4.38,4.12,2274431,1073255360.0,6.22,-0.96,-0.04,1.4
185,2016-01-21,4.0,3.96,4.3,3.95,1283701,587524208.0,8.45,-4.35,-0.18,0.79
186,2016-01-22,4.03,4.06,4.17,3.92,996648,450627008.0,6.31,2.53,0.1,0.61
187,2016-01-25,4.09,4.0,4.14,3.94,821009,370196880.0,4.93,-1.48,-0.06,0.51
188,2016-01-26,3.94,3.55,3.95,3.55,1079215,452849520.0,10.0,-11.25,-0.45,0.66
189,2016-01-27,3.56,3.47,3.6,3.23,1037696,405394976.0,10.42,-2.25,-0.08,0.64
190,2016-01-28,3.46,3.21,3.5,3.18,682235,262184788.0,9.22,-7.49,-0.26,0.42
191,2016-01-29,3.22,3.38,3.42,3.18,911781,349956752.0,7.48,5.3,0.17,0.56
192,2016-02-01,3.35,3.29,3.38,3.19,667526,251595618.0,5.62,-2.66,-0.09,0.41
193,2016-02-02,3.28,3.42,3.48,3.28,737354,285958608.0,6.08,3.95,0.13,0.45
194,2016-02-03,3.38,3.46,3.49,3.29,696714,268223756.0,5.85,1.17,0.04,0.43
195,2016-02-04,3.45,3.57,3.67,3.42,960000,387399888.0,7.23,3.18,0.11,0.59
196,2016-02-05,3.54,3.45,3.56,3.44,602570,240136964.0,3.36,-3.36,-0.12,0.37
197,2016-02-15,3.31,3.39,3.44,3.28,534077,204786545.0,4.64,-1.74,-0.06,0.33
198,2016-02-16,3.42,3.57,3.61,3.42,956765,384370176.0,5.6,5.31,0.18,0.59
199,2016-02-17,3.59,3.98,3.98,3.55,1668852,729623248.0,12.04,11.48,0.41,1.03
200,2016-02-18,4.03,3.91,4.06,3.9,2252253,1002037472.0,4.02,-1.76,-0.07,1.39
201,2016-02-19,3.86,3.89,3.96,3.84,1044496,456049376.0,3.07,-0.51,-0.02,0.64
202,2016-02-22,3.93,4.0,4.04,3.88,1595383,710342576.0,4.11,2.83,0.11,0.98
203,2016-02-23,3.97,3.9,3.99,3.83,960318,420711632.0,4.0,-2.5,-0.1,0.59
204,2016-02-24,3.88,4.01,4.07,3.86,1522256,676141760.0,5.38,2.82,0.11,0.94
205,2016-02-25,3.99,3.57,4.02,3.56,1556019,658031072.0,11.47,-10.97,-0.44,0.96
206,2016-02-26,3.59,3.56,3.64,3.42,810256,326992912.0,6.16,-0.28,-0.01,0.5
207,2016-02-29,3.57,3.42,3.59,3.21,861956,330606096.0,10.67,-3.93,-0.14,0.53
208,2016-03-01,3.42,3.51,3.55,3.38,650698,256767145.0,4.97,2.63,0.09,0.4
209,2016-03-02,3.53,3.79,3.87,3.5,1583293,661428640.0,10.54,7.98,0.28,0.97
210,2016-03-03,3.77,3.84,3.96,3.72,1804157,781110320.0,6.33,1.32,0.05,1.11
211,2016-03-04,3.81,3.85,3.96,3.72,1904759,825239936.0,6.25,0.26,0.01,1.17
212,2016-03-07,3.92,3.9,3.96,3.84,1008112,441214640.0,3.12,1.3,0.05,0.62
213,2016-03-08,3.88,3.88,3.89,3.65,1053101,446561632.0,6.15,-0.51,-0.02,0.65
214,2016-03-09,3.75,3.74,3.8,3.64,978630,410067920.0,4.12,-3.61,-0.14,0.6
215,2016-03-10,3.73,3.6,3.76,3.57,591048,244864498.0,5.08,-3.74,-0.14,0.36
216,2016-03-11,3.56,3.59,3.64,3.53,383144,155830098.0,3.06,-0.28,-0.01,0.24
217,2016-03-14,3.65,3.7,3.75,3.62,692183,289488976.0,3.62,3.06,0.11,0.43
218,2016-03-15,3.69,3.71,3.75,3.6,721325,299799648.0,4.05,0.27,0.01,0.44
219,2016-03-16,3.67,3.69,3.73,3.66,775037,324383920.0,1.89,-0.54,-0.02,0.48
220,2016-03-17,3.69,3.75,3.78,3.66,757875,319468880.0,3.25,1.63,0.06,0.47
221,2016-03-18,3.76,3.81,3.89,3.74,1531625,659831040.0,4.0,1.6,0.06,0.94
222,2016-03-21,3.86,3.92,4.07,3.83,1921889,851506512.0,6.3,2.89,0.11,1.18
223,2016-03-22,3.9,3.86,3.94,3.8,1288124,560556816.0,3.57,-1.53,-0.06,0.79
224,2016-03-23,3.82,3.85,3.88,3.81,784241,338424336.0,1.81,-0.26,-0.01,0.48
225,2016-03-24,3.83,3.77,3.88,3.76,949848,408101664.0,3.12,-2.08,-0.08,0.58
226,2016-03-25,3.77,3.79,3.83,3.75,551720,235268059.0,2.12,0.53,0.02,0.34
227,2016-03-28,3.79,3.72,3.84,3.71,655842,279883216.0,3.43,-1.85,-0.07,0.4
228,2016-03-29,3.68,3.61,3.71,3.57,802475,330926176.0,3.76,-2.96,-0.11,0.49
229,2016-03-30,3.64,3.72,3.73,3.64,601083,250806983.0,2.49,3.05,0.11,0.37
230,2016-03-31,3.74,3.72,3.76,3.68,634447,266468579.0,2.15,0.0,0.0,0.39
231,2016-04-01,3.69,3.71,3.74,3.6,874852,363324096.0,3.76,-0.27,-0.01,0.54
232,2016-04-05,3.73,3.85,3.92,3.69,1486057,639569840.0,6.2,3.77,0.14,0.92
233,2016-04-06,3.79,3.84,3.87,3.76,974523,418151168.0,2.86,-0.26,-0.01,0.6
234,2016-04-07,3.86,3.75,3.87,3.74,905691,387407888.0,3.39,-2.34,-0.09,0.56
235,2016-04-08,3.69,3.7,3.74,3.63,660511,275407408.0,2.93,-1.33,-0.05,0.41
236,2016-04-11,3.73,3.78,3.85,3.73,754054,322347376.0,3.24,2.16,0.08,0.46
237,2016-04-12,3.77,3.79,3.82,3.73,573477,243927903.0,2.38,0.26,0.01,0.35
238,2016-04-13,3.82,3.87,3.95,3.81,1943627,850163968.0,3.69,2.11,0.08,1.2
239,2016-04-14,3.88,3.89,3.96,3.83,1065279,465209648.0,3.36,0.52,0.02,0.66
240,2016-04-15,3.9,3.83,3.91,3.8,783041,338690064.0,2.83,-1.54,-0.06,0.48
241,2016-04-18,3.79,3.72,3.8,3.7,874583,367892496.0,2.61,-2.87,-0.11,0.54
242,2016-04-19,3.74,3.71,3.76,3.68,465518,195101937.0,2.15,-0.27,-0.01,0.29
243,2016-04-20,3.77,3.6,3.77,3.48,1057965,431339904.0,7.82,-2.96,-0.11,0.65
244,2016-04-21,3.58,3.62,3.71,3.54,831524,342381984.0,4.72,0.56,0.02,0.51
245,2016-04-22,3.59,3.58,3.59,3.52,509372,205599121.0,1.93,-1.1,-0.04,0.31
246,2016-04-25,3.57,3.54,3.57,3.5,320896,128726176.0,1.96,-1.12,-0.04,0.2
247,2016-04-26,3.53,3.58,3.6,3.52,375962,152003015.0,2.26,1.13,0.04,0.23
248,2016-04-27,3.58,3.54,3.58,3.52,310168,124935753.0,1.68,-1.12,-0.04,0.19
249,2016-04-28,3.55,3.49,3.56,3.44,551603,218786261.0,3.39,-1.41,-0.05,0.34
250,2016-04-29,3.48,3.5,3.53,3.47,244956,97547208.0,1.72,0.29,0.01,0.15
251,2016-05-03,3.49,3.58,3.59,3.48,404780,163453135.0,3.14,2.29,0.08,0.25
252,2016-05-04,3.57,3.58,3.6,3.55,448292,181920466.0,1.4,0.0,0.0,0.28
253,2016-05-05,3.57,3.58,3.58,3.54,301785,121906445.0,1.12,0.0,0.0,0.19
254,2016-05-06,3.6,3.48,3.63,3.48,586075,232256049.0,4.19,-2.79,-0.1,0.36
255,2016-05-09,3.47,3.32,3.47,3.28,623293,235589542.0,5.46,-4.6,-0.16,0.38
256,2016-05-10,3.32,3.39,3.44,3.32,444492,168346431.0,3.61,2.11,0.07,0.27
257,2016-05-11,3.4,3.41,3.51,3.33,531908,203635581.0,5.31,0.59,0.02,0.33
258,2016-05-12,3.34,3.38,3.42,3.31,338170,128005446.0,3.23,-0.88,-0.03,0.21
259,2016-05-13,3.38,3.35,3.42,3.33,280588,106456996.0,2.66,-0.89,-0.03,0.17
260,2016-05-16,3.35,3.38,3.4,3.31,302928,114483940.0,2.69,0.9,0.03,0.19
261,2016-05-17,3.38,3.35,3.39,3.34,219364,82973541.0,1.48,-0.89,-0.03,0.14
262,2016-05-18,3.33,3.29,3.34,3.22,428027,158289218.0,3.58,-1.79,-0.06,0.26
263,2016-05-19,3.28,3.27,3.31,3.26,205841,76300954.0,1.52,-0.61,-0.02,0.13
264,2016-05-20,3.25,3.27,3.28,3.21,210231,77083445.0,2.14,0.0,0.0,0.13
265,2016-05-23,3.27,3.28,3.3,3.26,247500,91564152.0,1.22,0.31,0.01,0.15
266,2016-05-24,3.27,3.23,3.27,3.22,218212,79754889.0,1.52,-1.52,-0.05,0.13
267,2016-05-25,3.25,3.22,3.27,3.21,223450,81577641.0,1.86,-0.31,-0.01,0.14
268,2016-05-26,3.21,3.21,3.24,3.15,319384,115073563.0,2.8,-0.31,-0.01,0.2
269,2016-05-27,3.19,3.19,3.22,3.17,226004,81663933.0,1.56,-0.62,-0.02,0.14
270,2016-05-30,3.19,3.21,3.26,3.16,315459,114915894.0,3.13,0.63,0.02,0.19
271,2016-05-31,3.21,3.33,3.34,3.19,733394,272335920.0,4.67,3.74,0.12,0.45
272,2016-06-01,3.33,3.32,3.37,3.3,559435,209781772.0,2.1,-0.3,-0.01,0.34
273,2016-06-02,3.3,3.31,3.33,3.28,388616,144591299.0,1.51,-0.3,-0.01,0.24
274,2016-06-03,3.57,3.43,3.58,3.43,1445236,565717392.0,4.53,3.63,0.12,0.89
275,2016-06-06,3.42,3.39,3.42,3.36,593815,225936295.0,1.75,-1.17,-0.04,0.37
276,2016-06-07,3.37,3.35,3.39,3.34,322064,121513526.0,1.47,-1.18,-0.04,0.2
277,2016-06-08,3.35,3.33,3.36,3.3,357438,134104390.0,1.79,-0.6,-0.02,0.22
278,2016-06-13,3.3,3.21,3.3,3.19,498420,183322198.0,3.3,-3.6,-0.12,0.31
279,2016-06-14,3.18,3.22,3.22,3.17,298817,108000184.0,1.56,0.31,0.01,0.18
280,2016-06-15,3.18,3.28,3.32,3.16,508154,187169539.0,4.97,1.86,0.06,0.31
281,2016-06-16,3.27,3.23,3.28,3.22,382405,140171347.0,1.83,-1.52,-0.05,0.24
282,2016-06-17,3.23,3.26,3.28,3.22,377446,138602091.0,1.86,0.93,0.03,0.23
283,2016-06-20,3.33,3.27,3.34,3.26,331122,122721046.0,2.45,0.31,0.01,0.2
284,2016-06-21,3.28,3.23,3.31,3.22,400371,147341821.0,2.75,-1.22,-0.04,0.25
285,2016-06-22,3.22,3.26,3.26,3.21,265235,96869128.0,1.55,0.93,0.03,0.16
286,2016-06-23,3.26,3.22,3.26,3.2,288042,104941565.0,1.84,-1.23,-0.04,0.18
287,2016-06-24,3.22,3.15,3.24,3.05,504217,180251779.0,5.9,-2.17,-0.07,0.31
288,2016-06-27,3.13,3.19,3.19,3.09,323114,115698996.0,3.17,1.27,0.04,0.2
289,2016-06-28,3.17,3.2,3.21,3.14,373781,134285726.0,2.19,0.31,0.01,0.23
290,2016-06-29,3.21,3.3,3.39,3.19,1095144,408945616.0,6.25,3.13,0.1,0.67
291,2016-06-30,3.29,3.27,3.31,3.24,496174,182513507.0,2.12,-0.91,-0.03,0.31
292,2016-07-01,3.27,3.24,3.3,3.24,269597,99256514.0,1.83,-0.92,-0.03,0.17
293,2016-07-04,3.23,3.32,3.38,3.21,721371,269217552.0,5.25,2.47,0.08,0.44
294,2016-07-05,3.36,3.43,3.54,3.35,1430657,553359152.0,5.72,3.31,0.11,0.88
295,2016-07-06,3.38,3.38,3.4,3.35,663352,251383112.0,1.46,-1.46,-0.05,0.41
296,2016-07-07,3.38,3.38,3.41,3.36,524287,199180470.0,1.48,0.0,0.0,0.32
297,2016-07-08,3.39,3.34,3.39,3.33,382626,144294645.0,1.78,-1.18,-0.04,0.24
298,2016-07-11,3.34,3.37,3.45,3.33,994120,379630736.0,3.59,0.9,0.03,0.61
299,2016-07-12,3.35,3.46,3.47,3.35,1187784,455586448.0,3.56,2.67,0.09,0.73
300,2016-07-13,3.51,3.56,3.69,3.47,2129509,853309488.0,6.36,2.89,0.1,1.31
301,2016-07-14,3.53,3.51,3.54,3.46,993470,389728816.0,2.25,-1.4,-0.05,0.61
302,2016-07-15,3.53,3.52,3.61,3.5,830017,328771056.0,3.13,0.28,0.01,0.51
303,2016-07-18,3.54,3.48,3.54,3.47,475005,186034227.0,1.99,-1.14,-0.04,0.29
304,2016-07-19,3.48,3.47,3.5,3.44,558547,216858275.0,1.72,-0.29,-0.01,0.34
305,2016-07-20,3.48,3.44,3.49,3.43,322061,124899064.0,1.73,-0.86,-0.03,0.2
306,2016-07-21,3.44,3.44,3.48,3.43,351910,136377772.0,1.45,0.0,0.0,0.22
307,2016-07-22,3.44,3.39,3.45,3.38,399098,152818091.0,2.03,-1.45,-0.05,0.25
308,2016-07-25,3.39,3.39,3.41,3.37,242529,92319606.0,1.18,0.0,0.0,0.15
309,2016-07-26,3.39,3.43,3.43,3.38,282787,108236913.0,1.47,1.18,0.04,0.17
310,2016-07-27,3.43,3.38,3.51,3.29,943468,360754720.0,6.41,-1.46,-0.05,0.58
311,2016-07-28,3.34,3.41,3.45,3.32,591362,225225547.0,3.85,0.89,0.03,0.36
312,2016-07-29,3.39,3.39,3.46,3.38,668260,256831604.0,2.35,-0.59,-0.02,0.41
313,2016-08-01,3.37,3.31,3.38,3.28,507322,189250877.0,2.95,-2.36,-0.08,0.31
314,2016-08-02,3.31,3.33,3.33,3.29,293106,109321618.0,1.21,0.6,0.02,0.18
315,2016-08-03,3.31,3.31,3.34,3.3,345796,129190272.0,1.2,-0.6,-0.02,0.21
316,2016-08-04,3.31,3.3,3.32,3.26,304300,112861133.0,1.81,-0.3,-0.01,0.19
317,2016-08-05,3.3,3.29,3.31,3.28,231512,85980303.0,0.91,-0.3,-0.01,0.14
318,2016-08-08,3.3,3.34,3.34,3.27,383866,143186803.0,2.13,1.52,0.05,0.24
319,2016-08-09,3.33,3.4,3.42,3.32,725140,275935424.0,2.99,1.8,0.06,0.45
320,2016-08-10,3.39,3.37,3.4,3.35,453029,171895923.0,1.47,-0.88,-0.03,0.28
321,2016-08-11,3.36,3.29,3.38,3.29,431085,161853232.0,2.67,-2.37,-0.08,0.27
322,2016-08-12,3.3,3.38,3.38,3.29,497816,187373396.0,2.74,2.74,0.09,0.31
323,2016-08-15,3.39,3.47,3.51,3.39,1448680,562479904.0,3.55,2.66,0.09,0.89
324,2016-08-16,3.49,3.51,3.61,3.48,1334457,528380176.0,3.75,1.15,0.04,0.82
325,2016-08-17,3.49,3.55,3.57,3.44,1129207,443785456.0,3.7,1.14,0.04,0.7
326,2016-08-18,3.68,3.63,3.8,3.63,2273973,936211936.0,4.79,2.25,0.08,1.4
327,2016-08-19,3.66,3.91,3.99,3.63,3140712,1325022560.0,9.92,7.71,0.28,1.93
328,2016-08-22,3.88,3.74,3.91,3.73,1786714,755353392.0,4.6,-4.35,-0.17,1.1
329,2016-08-23,3.75,3.78,3.87,3.73,1165267,491561568.0,3.74,1.07,0.04,0.72
330,2016-08-24,3.81,3.79,3.89,3.77,1122862,476821840.0,3.17,0.26,0.01,0.69
331,2016-08-25,3.73,3.7,3.76,3.66,810084,334024480.0,2.64,-2.37,-0.09,0.5
332,2016-08-26,3.72,3.8,3.88,3.69,1358789,573822960.0,5.14,2.7,0.1,0.84
333,2016-08-29,3.79,3.96,4.05,3.77,2140550,932895248.0,7.37,4.21,0.16,1.32
334,2016-08-30,3.96,3.92,3.98,3.88,864512,375232256.0,2.53,-1.01,-0.04,0.53
335,2016-08-31,3.94,3.9,3.96,3.83,801763,344400608.0,3.32,-0.51,-0.02,0.49
336,2016-09-01,3.9,3.79,3.91,3.78,762957,325821024.0,3.33,-2.82,-0.11,0.47
337,2016-09-02,3.78,3.82,3.83,3.73,751409,315351744.0,2.64,0.79,0.03,0.46
338,2016-09-05,3.83,3.75,3.86,3.74,619533,261176054.0,3.14,-1.83,-0.07,0.38
339,2016-09-06,3.76,3.85,3.85,3.71,712991,300305344.0,3.73,2.67,0.1,0.44
340,2016-09-07,3.85,3.96,4.05,3.85,1795444,788451424.0,5.19,2.86,0.11,1.11
341,2016-09-08,3.93,3.9,4.0,3.88,759460,329344400.0,3.03,-1.52,-0.06,0.47
342,2016-09-09,3.89,3.89,3.99,3.88,864403,376615408.0,2.82,-0.26,-0.01,0.53
343,2016-09-12,3.82,3.82,3.84,3.65,1315963,548538960.0,4.88,-1.8,-0.07,0.81
344,2016-09-13,3.78,3.77,3.81,3.73,378642,158422831.0,2.09,-1.31,-0.05,0.23
345,2016-09-14,3.74,3.68,3.77,3.64,644543,265075896.0,3.45,-2.39,-0.09,0.4
346,2016-09-19,3.68,3.71,3.76,3.68,384218,158864141.0,2.17,0.82,0.03,0.24
347,2016-09-20,3.71,3.69,3.73,3.66,307444,126333668.0,1.89,-0.54,-0.02,0.19
348,2016-09-21,3.69,3.69,3.71,3.66,219709,90182318.0,1.36,0.0,0.0,0.14
349,2016-09-22,3.71,3.72,3.73,3.68,552443,228223431.0,1.36,0.81,0.03,0.34
350,2016-09-23,3.71,3.69,3.72,3.67,300177,123409291.0,1.34,-0.81,-0.03,0.18
351,2016-09-26,3.68,3.54,3.68,3.54,616215,247241761.0,3.79,-4.07,-0.15,0.38
352,2016-09-27,3.52,3.52,3.56,3.45,476631,186847765.0,3.11,-0.56,-0.02,0.29
353,2016-09-28,3.53,3.5,3.53,3.47,203106,79478372.0,1.7,-0.57,-0.02,0.13
354,2016-09-29,3.5,3.53,3.56,3.49,355137,140356020.0,2.0,0.86,0.03,0.22
355,2016-09-30,3.52,3.53,3.55,3.51,237083,93876486.0,1.13,0.0,0.0,0.15
356,2016-10-10,3.55,3.65,3.65,3.55,448354,180895540.0,2.83,3.4,0.12,0.28
357,2016-10-11,3.65,3.67,3.71,3.63,370761,151909255.0,2.19,0.55,0.02,0.23
358,2016-10-12,3.66,3.66,3.69,3.63,290864,118657939.0,1.63,-0.27,-0.01,0.18
359,2016-10-13,3.66,3.72,3.75,3.66,470164,194129055.0,2.46,1.64,0.06,0.29
360,2016-10-14,3.73,3.78,3.8,3.71,901287,377147520.0,2.42,1.61,0.06,0.56
361,2016-10-17,3.78,3.69,3.78,3.66,549714,227775315.0,3.17,-2.38,-0.09,0.34
362,2016-10-18,3.69,3.87,3.95,3.68,1510454,641865888.0,7.32,4.88,0.18,0.93
363,2016-10-19,3.86,3.82,3.89,3.8,840818,358643152.0,2.33,-1.29,-0.05,0.52
364,2016-10-20,3.81,3.8,3.89,3.79,567333,240765479.0,2.62,-0.52,-0.02,0.35
365,2016-10-21,3.8,3.99,4.16,3.78,2996094,1322624592.0,10.0,5.0,0.19,1.85
366,2016-10-24,3.96,4.05,4.22,3.94,3297347,1483873808.0,7.02,1.5,0.06,2.03
367,2016-10-25,4.06,3.96,4.08,3.92,2277986,998419760.0,3.95,-2.22,-0.09,1.4
368,2016-10-26,3.94,3.94,4.02,3.91,1703089,747301280.0,2.78,-0.51,-0.02,1.05
369,2016-10-27,3.92,3.9,3.94,3.83,1171894,503716752.0,2.79,-1.02,-0.04,0.72
370,2016-10-28,3.88,3.78,3.9,3.78,1058025,449609568.0,3.08,-3.08,-0.12,0.65
371,2016-10-31,3.76,3.78,3.83,3.76,581340,244489284.0,1.85,0.0,0.0,0.36
372,2016-11-01,3.78,3.8,3.81,3.76,657313,276109552.0,1.32,0.53,0.02,0.4
373,2016-11-02,3.78,3.7,3.79,3.7,787046,326672816.0,2.37,-2.63,-0.1,0.48
374,2016-11-03,3.69,3.86,3.93,3.67,1749706,743665312.0,7.03,4.32,0.16,1.08
375,2016-11-04,3.84,3.87,3.95,3.83,1371876,590108528.0,3.11,0.26,0.01,0.84
376,2016-11-07,3.84,3.87,3.91,3.82,772317,330961552.0,2.33,0.0,0.0,0.48
377,2016-11-08,3.9,3.89,3.97,3.85,1032533,447206976.0,3.1,0.52,0.02,0.64
378,2016-11-09,3.88,3.83,3.94,3.76,1184127,505027344.0,4.63,-1.54,-0.06,0.73
379,2016-11-10,3.88,3.93,4.02,3.88,1506642,657510064.0,3.66,2.61,0.1,0.93
380,2016-11-11,3.91,4.17,4.18,3.9,3560981,1599704256.0,7.12,6.11,0.24,2.19
381,2016-11-14,4.1,4.26,4.44,4.1,3238499,1519332992.0,8.15,2.16,0.09,1.99
382,2016-11-15,4.28,4.19,4.34,4.16,1577079,731067776.0,4.23,-1.64,-0.07,0.97
383,2016-11-16,4.17,4.17,4.23,4.11,1167179,535583040.0,2.86,-0.48,-0.02,0.72
384,2016-11-17,4.17,4.63,4.63,4.11,2247135,1085448448.0,12.47,11.03,0.46,1.38
385,2016-11-18,4.66,4.53,4.7,4.49,3852181,1926234992.0,4.54,-2.16,-0.1,2.37
386,2016-11-21,4.49,4.67,4.83,4.47,3472715,1771582912.0,7.95,3.09,0.14,2.14
387,2016-11-22,4.63,4.69,4.8,4.6,2395967,1226055776.0,4.28,0.43,0.02,1.48
388,2016-11-23,4.66,4.57,4.75,4.54,2092945,1055056624.0,4.48,-2.56,-0.12,1.29
389,2016-11-24,4.57,4.54,4.62,4.51,1342280,666551056.0,2.41,-0.66,-0.03,0.83
390,2016-11-25,4.54,4.69,4.73,4.46,1894305,952163200.0,5.95,3.3,0.15,1.17
391,2016-11-28,4.73,4.95,5.03,4.69,3778880,2010506240.0,7.25,5.54,0.26,2.33
392,2016-11-29,4.88,5.18,5.43,4.84,5144266,2836762912.0,11.92,4.65,0.23,3.17
393,2016-11-30,5.08,4.96,5.18,4.89,2723460,1473187680.0,5.6,-4.25,-0.22,1.68
394,2016-12-01,4.96,5.0,5.06,4.9,1838317,990967344.0,3.23,0.81,0.04,1.13
395,2016-12-02,4.95,4.94,5.07,4.89,1909761,1028677616.0,3.6,-1.2,-0.06,1.18
396,2016-12-05,4.78,4.48,4.8,4.41,2803208,1404933184.0,7.89,-9.31,-0.46,1.73
397,2016-12-06,4.49,4.5,4.63,4.44,1184896,586592992.0,4.24,0.45,0.02,0.73
398,2016-12-07,4.53,4.56,4.57,4.43,915069,450851584.0,3.11,1.33,0.06,0.56
399,2016-12-08,4.57,4.47,4.57,4.46,854589,421110576.0,2.41,-1.97,-0.09,0.53
400,2016-12-09,4.45,4.57,4.63,4.41,1731077,861369344.0,4.92,2.24,0.1,1.07
401,2016-12-12,4.52,4.38,4.54,4.21,1849865,886406656.0,7.22,-4.16,-0.19,1.14
402,2016-12-13,4.33,4.37,4.39,4.26,870190,413705136.0,2.97,-0.23,-0.01,0.54
403,2016-12-14,4.36,4.2,4.36,4.15,1020941,476956880.0,4.81,-3.89,-0.17,0.63
404,2016-12-15,4.19,4.23,4.28,4.18,670987,311535088.0,2.38,0.71,0.03,0.41
405,2016-12-16,4.21,4.28,4.32,4.17,777147,362794656.0,3.55,1.18,0.05,0.48
406,2016-12-19,4.27,4.26,4.35,4.24,547286,257529184.0,2.57,-0.47,-0.02,0.34
407,2016-12-20,4.25,4.28,4.32,4.2,452295,211370986.0,2.82,0.47,0.02,0.28
408,2016-12-21,4.29,4.39,4.43,4.26,1191439,568451616.0,3.97,2.57,0.11,0.73
409,2016-12-22,4.37,4.42,4.45,4.34,848269,409751712.0,2.51,0.68,0.03,0.52
410,2016-12-23,4.43,4.35,4.45,4.33,781361,375128336.0,2.71,-1.58,-0.07,0.48
411,2016-12-26,4.28,4.43,4.49,4.19,912165,433828096.0,6.9,1.84,0.08,0.56
412,2016-12-27,4.4,4.36,4.47,4.34,796336,384358128.0,2.93,-1.58,-0.07,0.49
413,2016-12-28,4.33,4.27,4.36,4.25,617919,291057712.0,2.52,-2.06,-0.09,0.38
414,2016-12-29,4.26,4.29,4.35,4.22,610334,287453328.0,3.04,0.47,0.02,0.38
415,2016-12-30,4.27,4.24,4.3,4.19,652410,303556864.0,2.56,-1.17,-0.05,0.4
416,2017-01-03,4.25,4.27,4.3,4.23,417138,195799554.0,1.65,0.71,0.03,0.26
417,2017-01-04,4.27,4.36,4.37,4.26,858896,407785440.0,2.58,2.11,0.09,0.53
418,2017-01-05,4.35,4.36,4.38,4.32,532288,253522915.0,1.38,0.0,0.0,0.33
419,2017-01-06,4.34,4.39,4.43,4.32,894371,429137632.0,2.52,0.69,0.03,0.55
420,2017-01-09,4.37,4.43,4.43,4.35,703365,338804656.0,1.82,0.91,0.04,0.43
421,2017-01-10,4.42,4.36,4.43,4.35,538758,258623630.0,1.81,-1.58,-0.07,0.33
422,2017-01-11,4.35,4.68,4.84,4.26,3405501,1722563888.0,13.3,7.34,0.32,2.1
423,2017-01-12,4.58,4.87,5.02,4.5,4853874,2553346864.0,11.11,4.06,0.19,2.99
424,2017-01-13,4.8,4.77,4.86,4.69,2440354,1269982768.0,3.49,-2.05,-0.1,1.5
425,2017-01-16,4.73,4.86,4.88,4.58,2861135,1471853344.0,6.29,1.89,0.09,1.76
426,2017-01-17,4.78,4.8,4.83,4.74,1306954,679794048.0,1.85,-1.23,-0.06,0.8
427,2017-01-18,4.71,4.76,4.85,4.71,1342692,698431536.0,2.92,-0.83,-0.04,0.83
428,2017-01-19,4.73,4.65,4.79,4.64,1038005,533229600.0,3.15,-2.31,-0.11,0.64
429,2017-01-20,4.65,4.66,4.72,4.62,800420,406852592.0,2.15,0.22,0.01,0.49
430,2017-01-23,4.69,4.67,4.71,4.64,843539,429182176.0,1.5,0.21,0.01,0.52
431,2017-01-24,4.67,4.65,4.69,4.59,934931,472483168.0,2.14,-0.43,-0.02,0.58
432,2017-01-25,4.64,4.68,4.71,4.62,836364,426743040.0,1.94,0.65,0.03,0.52
433,2017-01-26,4.69,4.63,4.7,4.58,1183983,597226832.0,2.56,-1.07,-0.05,0.73
434,2017-02-03,4.62,4.63,4.65,4.6,436709,220332567.0,1.08,0.0,0.0,0.27
435,2017-02-06,4.62,4.71,4.76,4.6,1527921,782303072.0,3.46,1.73,0.08,0.94
436,2017-02-07,4.71,4.68,4.74,4.65,830449,424216672.0,1.91,-0.64,-0.03,0.51
437,2017-02-08,4.67,4.67,4.68,4.6,1059103,535764208.0,1.71,-0.21,-0.01,0.65
438,2017-02-09,4.67,4.79,4.8,4.65,2013858,1042391856.0,3.21,2.57,0.12,1.24
439,2017-02-10,4.79,4.82,4.96,4.77,2677853,1415351472.0,3.97,0.63,0.03,1.65
440,2017-02-13,4.8,4.84,4.91,4.8,1417377,746792896.0,2.28,0.41,0.02,0.87
441,2017-02-14,4.87,4.93,4.95,4.81,1529141,810112608.0,2.89,1.86,0.09,0.94
442,2017-02-15,4.93,4.77,4.93,4.75,1470383,774236016.0,3.65,-3.25,-0.16,0.91
443,2017-02-16,4.75,4.82,4.87,4.74,1214011,633377488.0,2.73,1.05,0.05,0.75
444,2017-02-17,4.81,4.67,4.81,4.67,1248152,643094784.0,2.9,-3.11,-0.15,0.77
445,2017-02-20,4.67,4.76,4.77,4.66,858755,441614592.0,2.36,1.93,0.09,0.53
446,2017-02-21,4.77,4.77,4.82,4.74,869884,451642928.0,1.68,0.21,0.01,0.54
447,2017-02-22,4.77,4.76,4.77,4.72,695624,359248784.0,1.05,-0.21,-0.01,0.43
448,2017-02-23,4.76,4.71,4.76,4.68,745753,382838160.0,1.68,-1.05,-0.05,0.46
449,2017-02-24,4.69,4.73,4.73,4.64,848620,432669792.0,1.91,0.42,0.02,0.52
450,2017-02-27,4.71,4.64,4.72,4.63,768011,390592288.0,1.9,-1.9,-0.09,0.47
451,2017-02-28,4.63,4.67,4.68,4.63,480730,243920630.0,1.08,0.65,0.03,0.3
452,2017-03-01,4.67,4.66,4.72,4.65,613173,312930608.0,1.5,-0.21,-0.01,0.38
453,2017-03-02,4.68,4.59,4.69,4.58,870726,439008976.0,2.36,-1.5,-0.07,0.54
454,2017-03-03,4.58,4.57,4.58,4.52,783318,389247296.0,1.31,-0.44,-0.02,0.48
455,2017-03-06,4.57,4.57,4.59,4.55,470264,234601397.0,0.88,0.0,0.0,0.29
456,2017-03-07,4.57,4.52,4.57,4.51,480814,238143090.0,1.31,-1.09,-0.05,0.3
457,2017-03-08,4.52,4.56,4.61,4.52,639264,319220800.0,1.99,0.88,0.04,0.39
458,2017-03-09,4.55,4.5,4.56,4.47,633736,311148048.0,1.97,-1.32,-0.06,0.39
459,2017-03-10,4.49,4.45,4.51,4.45,307855,150780156.0,1.33,-1.11,-0.05,0.19
460,2017-03-13,4.41,4.49,4.49,4.39,421621,205583272.0,2.25,0.9,0.04,0.26
461,2017-03-14,4.51,4.49,4.53,4.47,327459,161092485.0,1.34,0.0,0.0,0.2
462,2017-03-15,4.49,4.5,4.52,4.46,329436,161849629.0,1.34,0.22,0.01,0.2
463,2017-03-16,4.5,4.53,4.54,4.5,428381,211514522.0,0.89,0.67,0.03,0.26
464,2017-03-17,4.53,4.48,4.57,4.47,614300,303942512.0,2.21,-1.1,-0.05,0.38
465,2017-03-20,4.47,4.51,4.54,4.46,411125,202294944.0,1.79,0.67,0.03,0.25
466,2017-03-21,4.51,4.57,4.6,4.49,868143,432489248.0,2.44,1.33,0.06,0.53
467,2017-03-22,4.55,4.62,4.68,4.53,1345103,677649888.0,3.28,1.09,0.05,0.83
468,2017-03-23,4.61,4.56,4.61,4.5,752850,375161200.0,2.38,-1.3,-0.06,0.46
469,2017-03-24,4.54,4.75,4.83,4.54,2516876,1288553808.0,6.36,4.17,0.19,1.55
470,2017-03-27,4.71,4.65,4.77,4.64,1353119,692726368.0,2.74,-2.11,-0.1,0.83
471,2017-03-28,4.66,4.66,4.71,4.62,785355,399345440.0,1.94,0.22,0.01,0.48
472,2017-03-29,4.67,4.72,4.81,4.63,1925758,993316320.0,3.86,1.29,0.06,1.19
473,2017-03-30,4.72,4.75,4.88,4.67,2359884,1226954864.0,4.45,0.64,0.03,1.45
474,2017-03-31,4.73,4.66,4.74,4.59,1276130,647522256.0,3.16,-1.89,-0.09,0.79
475,2017-04-05,4.93,5.11,5.17,4.76,5940885,3229505376.0,8.8,9.66,0.45,3.66
476,2017-04-06,5.13,5.15,5.26,5.03,4835595,2686783264.0,4.5,0.78,0.04,2.98
477,2017-04-07,5.08,5.07,5.14,4.99,2290028,1255258304.0,2.91,-1.55,-0.08,1.41
478,2017-04-10,5.05,5.05,5.15,5.01,2458935,1349042192.0,2.76,-0.39,-0.02,1.51
479,2017-04-11,5.03,5.22,5.37,4.97,3560690,1972206768.0,7.92,3.37,0.17,2.19
480,2017-04-12,5.16,5.06,5.17,5.02,2173218,1198823584.0,2.87,-3.07,-0.16,1.34
481,2017-04-13,5.03,5.05,5.09,4.99,994333,542852368.0,1.98,-0.2,-0.01,0.61
482,2017-04-14,5.03,4.89,5.13,4.86,1532054,830320048.0,5.35,-3.17,-0.16,0.94
483,2017-04-17,4.88,4.94,4.99,4.86,1049913,561359632.0,2.66,1.02,0.05,0.65
484,2017-04-18,4.94,4.93,5.03,4.88,1141303,613854720.0,3.04,-0.2,-0.01,0.7
485,2017-04-19,4.94,4.89,4.98,4.73,1653484,874723248.0,5.07,-0.81,-0.04,1.02
486,2017-04-20,4.9,4.95,4.98,4.83,1168813,622853776.0,3.07,1.23,0.06,0.72
487,2017-04-21,4.94,4.93,4.98,4.83,1126004,600176752.0,3.03,-0.4,-0.02,0.69
488,2017-04-24,4.89,4.67,4.9,4.58,1619203,825029520.0,6.49,-5.27,-0.26,1.0
489,2017-04-25,4.63,4.62,4.68,4.59,625749,316108928.0,1.93,-1.07,-0.05,0.39
490,2017-04-26,4.63,4.57,4.66,4.56,688702,346047824.0,2.16,-1.08,-0.05,0.42
491,2017-04-27,4.55,4.61,4.62,4.42,1002514,495988912.0,4.38,0.88,0.04,0.62
492,2017-04-28,4.62,4.63,4.64,4.58,504061,253868293.0,1.3,0.43,0.02,0.31
493,2017-05-02,4.61,4.64,4.69,4.59,514678,260702654.0,2.16,0.22,0.01,0.32
494,2017-05-03,4.64,4.64,4.67,4.59,543697,274355920.0,1.72,0.0,0.0,0.33
495,2017-05-04,4.66,4.81,4.96,4.62,2101534,1096437792.0,7.33,3.66,0.17,1.29
496,2017-05-05,4.76,4.8,4.85,4.73,1272794,663224576.0,2.49,-0.21,-0.01,0.78
497,2017-05-08,4.78,4.79,4.82,4.58,1661014,853532960.0,5.0,-0.21,-0.01,1.02
498,2017-05-09,4.72,4.76,4.78,4.65,582786,299684688.0,2.71,-0.63,-0.03,0.36
499,2017-05-10,4.75,4.63,4.81,4.61,783291,401653008.0,4.2,-2.73,-0.13,0.48
500,2017-05-11,4.57,4.73,4.75,4.53,1100300,558232000.0,4.75,2.16,0.1,0.68
501,2017-05-12,4.72,4.69,4.73,4.64,582115,297128272.0,1.9,-0.85,-0.04,0.36
502,2017-05-15,4.72,4.61,4.74,4.61,673112,340669744.0,2.77,-1.71,-0.08,0.41
503,2017-05-16,4.61,4.6,4.61,4.49,831484,412146864.0,2.6,-0.22,-0.01,0.51
504,2017-05-17,4.6,4.59,4.66,4.59,516421,260300763.0,1.52,-0.22,-0.01,0.32
505,2017-05-18,4.53,4.51,4.55,4.49,580755,286517824.0,1.31,-1.74,-0.08,0.36
506,2017-05-19,4.52,4.51,4.54,4.45,450666,220933357.0,2.0,0.0,0.0,0.28
507,2017-05-22,4.48,4.44,4.5,4.34,750025,362788640.0,3.55,-1.55,-0.07,0.46
508,2017-05-23,4.42,4.46,4.47,4.29,818813,393119584.0,4.05,0.45,0.02,0.5
509,2017-05-24,4.41,4.43,4.44,4.34,373559,179850898.0,2.24,-0.67,-0.03,0.23
510,2017-05-25,4.41,4.48,4.5,4.4,443582,216501834.0,2.26,1.13,0.05,0.27
511,2017-05-26,4.48,4.5,4.55,4.46,422694,208319734.0,2.01,0.45,0.02,0.26
512,2017-05-31,4.51,4.54,4.57,4.49,533303,264000664.0,1.78,0.89,0.04,0.33
513,2017-06-01,4.52,4.59,4.61,4.51,730482,364237888.0,2.2,1.1,0.05,0.45
514,2017-06-02,4.58,4.57,4.61,4.53,320437,159900903.0,1.74,-0.44,-0.02,0.2
515,2017-06-05,4.56,4.55,4.58,4.54,203494,101233598.0,0.88,-0.44,-0.02,0.13
516,2017-06-06,4.54,4.57,4.59,4.53,172854,86086051.0,1.32,0.44,0.02,0.11
517,2017-06-07,4.57,4.6,4.61,4.55,376110,188351089.0,1.31,0.66,0.03,0.23
518,2017-06-08,4.59,4.55,4.6,4.54,276193,137630162.0,1.3,-1.09,-0.05,0.17
519,2017-06-09,4.56,4.6,4.67,4.55,612032,308485568.0,2.64,1.1,0.05,0.38
520,2017-06-12,4.58,4.51,4.59,4.47,474127,234664917.0,2.61,-1.96,-0.09,0.29
521,2017-06-13,4.49,4.5,4.52,4.46,291884,143289297.0,1.33,-0.22,-0.01,0.18
522,2017-06-14,4.49,4.49,4.52,4.47,227415,111645510.0,1.11,-0.22,-0.01,0.14
523,2017-06-15,4.49,4.51,4.51,4.48,202994,99816511.0,0.67,0.45,0.02,0.13
524,2017-06-16,4.52,4.49,4.53,4.48,192778,94913199.0,1.11,-0.44,-0.02,0.12
525,2017-06-19,4.49,4.52,4.54,4.48,267618,132131400.0,1.34,0.67,0.03,0.16
526,2017-06-20,4.52,4.49,4.54,4.47,313447,154049719.0,1.55,-0.66,-0.03,0.19
527,2017-06-21,4.51,4.5,4.52,4.48,245684,120859281.0,0.89,0.22,0.01,0.15
528,2017-06-22,4.5,4.52,4.57,4.49,535434,265069416.0,1.78,0.44,0.02,0.33
529,2017-06-23,4.5,4.53,4.53,4.48,381938,188122916.0,1.11,0.22,0.01,0.24
530,2017-06-26,4.52,4.56,4.57,4.51,363429,180572544.0,1.32,0.66,0.03,0.22
531,2017-06-27,4.56,4.55,4.56,4.52,263921,130952613.0,0.88,-0.22,-0.01,0.16
532,2017-06-28,4.54,4.57,4.67,4.5,673803,337808784.0,3.74,0.44,0.02,0.41
533,2017-06-29,4.55,4.56,4.58,4.54,307546,153048247.0,0.88,-0.22,-0.01,0.19
534,2017-06-30,4.54,4.59,4.6,4.52,368739,183924084.0,1.75,0.66,0.03,0.23
535,2017-07-03,4.58,4.59,4.61,4.57,272069,136192895.0,0.87,0.0,0.0,0.17
536,2017-07-04,4.59,4.6,4.61,4.53,479431,239715001.0,1.74,0.22,0.01,0.3
537,2017-07-05,4.58,4.6,4.61,4.57,248637,124484691.0,0.87,0.0,0.0,0.15
538,2017-07-06,4.59,4.57,4.6,4.52,455192,226652247.0,1.74,-0.65,-0.03,0.28
539,2017-07-07,4.55,4.59,4.61,4.53,374823,187243513.0,1.75,0.44,0.02,0.23
540,2017-07-10,4.58,4.61,4.62,4.54,569537,285414720.0,1.74,0.44,0.02,0.35
541,2017-07-11,4.6,4.57,4.6,4.56,313227,156659154.0,0.87,-0.87,-0.04,0.19
542,2017-07-12,4.56,4.59,4.62,4.56,462345,231833650.0,1.31,0.44,0.02,0.28
543,2017-07-13,4.59,4.69,4.72,4.58,1240097,631651968.0,3.05,2.18,0.1,0.76
544,2017-07-14,4.67,4.72,4.72,4.65,738702,377546944.0,1.49,0.64,0.03,0.45
545,2017-07-17,4.7,4.76,4.87,4.57,1450816,748634368.0,6.36,0.85,0.04,0.89
546,2017-07-18,4.71,4.86,4.87,4.7,1291320,666389760.0,3.57,2.1,0.1,0.8
547,2017-07-19,4.89,4.88,4.96,4.85,1690672,888430336.0,2.26,0.41,0.02,1.04
548,2017-07-20,4.86,4.85,4.93,4.83,956493,500318336.0,2.05,-0.61,-0.03,0.59
549,2017-07-21,4.83,4.82,4.92,4.81,926625,483353968.0,2.27,-0.62,-0.03,0.57
550,2017-07-24,4.8,4.81,4.89,4.77,766302,397755824.0,2.49,-0.21,-0.01,0.47
551,2017-07-25,4.81,4.75,4.83,4.7,779998,398539184.0,2.7,-1.25,-0.06,0.48
552,2017-07-26,4.76,4.77,4.79,4.71,584551,298668144.0,1.68,0.42,0.02,0.36
553,2017-07-27,4.76,4.76,4.76,4.71,547939,278975104.0,1.05,-0.21,-0.01,0.34
554,2017-07-28,4.74,4.75,4.77,4.73,369183,188534630.0,0.84,-0.21,-0.01,0.23
555,2017-07-31,4.75,4.78,4.79,4.68,637411,325189280.0,2.32,0.63,0.03,0.39
556,2017-08-01,4.76,4.79,4.81,4.75,640199,329045760.0,1.26,0.21,0.01,0.39
557,2017-08-02,4.79,4.69,4.79,4.67,771206,391811728.0,2.51,-2.09,-0.1,0.47
558,2017-08-03,4.68,4.69,4.7,4.67,416038,209834748.0,0.64,0.0,0.0,0.26
559,2017-08-04,4.69,4.67,4.75,4.67,554446,280652816.0,1.71,-0.43,-0.02,0.34
560,2017-08-07,4.67,4.68,4.68,4.62,347788,174273900.0,1.28,0.21,0.01,0.21
561,2017-08-08,4.67,4.7,4.72,4.65,427196,215819659.0,1.5,0.43,0.02,0.26
562,2017-08-09,4.7,4.68,4.71,4.66,316079,159269930.0,1.06,-0.43,-0.02,0.19
563,2017-08-10,4.67,4.69,4.7,4.62,551467,276610448.0,1.71,0.21,0.01,0.34
564,2017-08-11,4.66,4.68,4.69,4.61,559121,280437280.0,1.71,-0.21,-0.01,0.34
565,2017-08-14,4.65,4.68,4.69,4.65,309433,155711566.0,0.85,0.0,0.0,0.19
566,2017-08-15,4.68,4.67,4.7,4.67,191353,96494048.0,0.64,-0.21,-0.01,0.12
567,2017-08-16,4.67,4.65,4.67,4.64,226132,113317985.0,0.64,-0.43,-0.02,0.14
568,2017-08-17,4.65,4.72,4.72,4.64,547883,277193888.0,1.72,1.51,0.07,0.34
569,2017-08-18,4.7,4.69,4.71,4.67,386884,195550807.0,0.85,-0.64,-0.03,0.24
570,2017-08-21,4.71,4.7,4.73,4.68,266696,134798975.0,1.07,0.21,0.01,0.16
571,2017-08-22,4.7,4.68,4.71,4.67,243917,123114873.0,0.85,-0.43,-0.02,0.15
572,2017-08-23,4.68,4.65,4.69,4.64,259973,130531514.0,1.07,-0.64,-0.03,0.16
573,2017-08-24,4.64,4.61,4.66,4.6,291655,145401368.0,1.29,-0.86,-0.04,0.18
574,2017-08-25,4.61,4.7,4.72,4.61,509323,256297060.0,2.39,1.95,0.09,0.31
575,2017-08-28,4.69,4.75,4.78,4.67,750773,383193296.0,2.34,1.06,0.05,0.46
576,2017-08-29,4.75,4.73,4.75,4.7,236736,120340737.0,1.05,-0.42,-0.02,0.15
577,2017-08-30,4.73,4.76,4.76,4.72,298361,152174300.0,0.85,0.63,0.03,0.18
578,2017-08-31,4.76,4.71,4.78,4.71,301156,153404527.0,1.47,-1.05,-0.05,0.19
579,2017-09-01,4.71,4.72,4.76,4.7,325919,165603970.0,1.27,0.21,0.01,0.2
580,2017-09-04,4.73,4.71,4.73,4.7,268842,136251321.0,0.64,-0.21,-0.01,0.17
581,2017-09-05,4.71,4.71,4.72,4.69,210606,106662597.0,0.64,0.0,0.0,0.13
582,2017-09-06,4.7,5.22,5.22,4.67,4832272,2666857152.0,11.68,10.83,0.51,2.98
583,2017-09-07,5.24,5.06,5.28,5.02,3742974,2066488720.0,4.98,-3.07,-0.16,2.3
584,2017-09-08,4.99,4.93,5.04,4.91,2164202,1150218368.0,2.57,-2.57,-0.13,1.33
585,2017-09-11,4.92,4.97,5.02,4.86,1813203,959971136.0,3.25,0.81,0.04,1.12
586,2017-09-12,4.97,4.86,4.98,4.84,1778010,935935456.0,2.82,-2.21,-0.11,1.09
587,2017-09-13,4.85,4.85,4.88,4.8,868451,450613968.0,1.65,-0.21,-0.01,0.53
588,2017-09-14,4.84,4.81,4.87,4.8,799295,414180560.0,1.44,-0.82,-0.04,0.49
589,2017-09-15,4.83,4.82,4.87,4.8,790740,410924624.0,1.46,0.21,0.01,0.49
590,2017-09-18,4.83,4.84,4.87,4.8,599190,311225440.0,1.45,0.41,0.02,0.37
591,2017-09-19,4.85,4.78,4.86,4.77,637862,328925312.0,1.86,-1.24,-0.06,0.39
592,2017-09-20,4.78,4.81,4.82,4.75,550420,283152784.0,1.46,0.63,0.03,0.34
593,2017-09-21,4.8,4.79,4.88,4.76,817528,423803472.0,2.49,-0.42,-0.02,0.5
594,2017-09-22,4.76,4.8,4.83,4.75,567827,291824816.0,1.67,0.21,0.01,0.35
595,2017-09-25,4.79,4.82,4.83,4.74,662071,341550496.0,1.88,0.42,0.02,0.41
596,2017-09-26,4.8,4.82,4.84,4.78,361954,187238992.0,1.24,0.0,0.0,0.22
597,2017-09-27,4.81,4.78,4.82,4.78,335479,172763255.0,0.83,-0.83,-0.04,0.21
598,2017-09-28,4.78,4.76,4.79,4.74,406791,208429102.0,1.05,-0.42,-0.02,0.25
599,2017-09-29,4.76,4.76,4.78,4.74,305939,156411284.0,0.84,0.0,0.0,0.19
600,2017-10-09,4.8,4.78,4.82,4.77,357109,183665872.0,1.05,0.42,0.02,0.22
601,2017-10-10,4.79,4.79,4.8,4.76,306911,157920074.0,0.84,0.21,0.01,0.19
602,2017-10-11,4.79,4.8,4.85,4.77,601656,311107904.0,1.67,0.21,0.01,0.37
603,2017-10-12,4.81,4.77,4.81,4.75,399006,204818973.0,1.25,-0.63,-0.03,0.25
604,2017-10-13,4.78,4.77,4.79,4.75,223689,114652095.0,0.84,0.0,0.0,0.14
605,2017-10-16,4.78,4.75,4.81,4.75,442454,227291755.0,1.26,-0.42,-0.02,0.27
606,2017-10-17,4.76,4.7,4.76,4.69,433949,220045872.0,1.47,-1.05,-0.05,0.27
607,2017-10-18,4.7,4.73,4.74,4.69,460084,233704633.0,1.06,0.64,0.03,0.28
608,2017-10-19,4.72,4.75,4.76,4.65,505470,256025965.0,2.33,0.42,0.02,0.31
609,2017-10-20,4.72,4.73,4.74,4.71,150273,76384987.0,0.63,-0.42,-0.02,0.09
610,2017-10-23,4.73,4.7,4.73,4.69,147788,74841408.0,0.85,-0.63,-0.03,0.09
611,2017-10-24,4.71,4.78,4.79,4.69,555284,283893248.0,2.13,1.7,0.08,0.34
612,2017-10-25,4.77,4.77,4.79,4.75,219441,112615754.0,0.84,-0.21,-0.01,0.14
613,2017-10-26,4.78,4.82,4.86,4.76,715633,370877584.0,2.1,1.05,0.05,0.44
614,2017-10-27,4.81,4.78,4.82,4.76,321449,165412600.0,1.24,-0.83,-0.04,0.2
615,2017-10-30,4.78,4.79,4.79,4.69,552984,281580064.0,2.09,0.21,0.01,0.34
616,2017-10-31,4.75,4.74,4.77,4.72,244669,124677619.0,1.04,-1.04,-0.05,0.15
617,2017-11-01,4.74,4.83,4.85,4.74,802097,414949744.0,2.32,1.9,0.09,0.49
618,2017-11-02,4.85,4.86,4.9,4.81,886131,462293296.0,1.86,0.62,0.03,0.55
619,2017-11-03,4.85,4.86,4.88,4.74,706260,365543136.0,2.88,0.0,0.0,0.43
620,2017-11-06,4.84,4.82,4.84,4.79,348918,180623565.0,1.03,-0.82,-0.04,0.21
621,2017-11-07,4.82,4.86,4.9,4.79,585533,305202768.0,2.28,0.83,0.04,0.36
622,2017-11-08,4.85,4.82,4.85,4.79,545525,282206672.0,1.23,-0.82,-0.04,0.34
623,2017-11-09,4.8,4.82,4.83,4.78,313066,161737097.0,1.04,0.0,0.0,0.19
624,2017-11-10,4.81,4.71,4.82,4.7,569544,290783904.0,2.49,-2.28,-0.11,0.35
625,2017-11-13,4.7,4.7,4.73,4.68,359240,181822590.0,1.06,-0.21,-0.01,0.22
626,2017-11-14,4.71,4.69,4.71,4.67,291096,146834319.0,0.85,-0.21,-0.01,0.18
627,2017-11-15,4.68,4.69,4.71,4.66,247379,124731347.0,1.07,0.0,0.0,0.15
628,2017-11-16,4.68,4.58,4.69,4.57,406378,203202577.0,2.56,-2.35,-0.11,0.25
629,2017-11-17,4.57,4.69,4.72,4.42,1083284,536937296.0,6.55,2.4,0.11,0.67
630,2017-11-20,4.65,4.66,4.7,4.6,257932,129171217.0,2.13,-0.64,-0.03,0.16
631,2017-11-21,4.64,4.66,4.7,4.64,241400,121478071.0,1.29,0.0,0.0,0.15
632,2017-11-22,4.67,4.72,4.73,4.65,430514,218092571.0,1.72,1.29,0.06,0.27
633,2017-11-23,4.72,4.65,4.73,4.61,384842,193243345.0,2.54,-1.48,-0.07,0.24
634,2017-11-24,4.62,4.66,4.67,4.6,283181,141487390.0,1.51,0.22,0.01,0.17
635,2017-11-27,4.66,4.67,4.7,4.64,208222,104669184.0,1.29,0.21,0.01,0.13
636,2017-11-28,4.65,4.65,4.67,4.62,129732,64794138.0,1.07,-0.43,-0.02,0.08
637,2017-11-29,4.65,4.61,4.65,4.59,186169,92554543.0,1.29,-0.86,-0.04,0.11
638,2017-11-30,4.59,4.62,4.63,4.59,155218,77134903.0,0.87,0.22,0.01,0.1
639,2017-12-01,4.62,4.62,4.63,4.57,159314,79117934.0,1.3,0.0,0.0,0.1
640,2017-12-04,4.59,4.62,4.62,4.57,192151,95283448.0,1.08,0.0,0.0,0.12
641,2017-12-05,4.62,4.72,4.75,4.61,903455,457198352.0,3.03,2.16,0.1,0.56
642,2017-12-06,4.71,4.71,4.73,4.66,235600,119098144.0,1.48,-0.21,-0.01,0.15
643,2017-12-07,4.69,4.71,4.72,4.68,126278,63887029.0,0.85,0.0,0.0,0.08
644,2017-12-08,4.7,4.67,4.71,4.66,152687,76955483.0,1.06,-0.85,-0.04,0.09
645,2017-12-11,4.68,4.67,4.69,4.66,115478,58102124.0,0.64,0.0,0.0,0.07
646,2017-12-12,4.67,4.63,4.69,4.62,114830,57536119.0,1.5,-0.86,-0.04,0.07
647,2017-12-13,4.61,4.63,4.64,4.61,70928,35383234.0,0.65,0.0,0.0,0.04
648,2017-12-14,4.63,4.59,4.64,4.58,132299,65523432.0,1.3,-0.86,-0.04,0.08
649,2017-12-15,4.59,4.59,4.62,4.57,96047,47580930.0,1.09,0.0,0.0,0.06
650,2017-12-18,4.59,4.6,4.6,4.57,105972,52400343.0,0.65,0.22,0.01,0.07
651,2017-12-19,4.6,4.58,4.6,4.57,86710,42868821.0,0.65,-0.43,-0.02,0.05
652,2017-12-20,4.58,4.6,4.6,4.54,150767,74400651.0,1.31,0.44,0.02,0.09
653,2017-12-21,4.57,4.56,4.59,4.55,96241,47407569.0,0.87,-0.87,-0.04,0.06
654,2017-12-22,4.56,4.53,4.57,4.52,110191,54027791.0,1.1,-0.66,-0.03,0.07
655,2017-12-25,4.53,4.5,4.54,4.45,236297,114512981.0,1.99,-0.66,-0.03,0.15
656,2017-12-26,4.48,4.46,4.49,4.45,157111,75731340.0,0.89,-0.89,-0.04,0.1
657,2017-12-27,4.46,4.44,4.47,4.42,186888,89618769.0,1.12,-0.45,-0.02,0.12
658,2017-12-28,4.43,4.43,4.45,4.41,149938,71854112.0,0.9,-0.23,-0.01,0.09
659,2017-12-29,4.42,4.48,4.52,4.42,211950,102863171.0,2.26,1.13,0.05,0.13
660,2018-01-02,4.48,4.5,4.51,4.45,163399,79224362.0,1.34,0.45,0.02,0.1
661,2018-01-03,4.5,4.5,4.51,4.44,256440,124157275.0,1.56,0.0,0.0,0.16
662,2018-01-04,4.49,4.48,4.5,4.47,155041,74962021.0,0.67,-0.44,-0.02,0.1
663,2018-01-05,4.48,4.52,4.55,4.46,327744,159831482.0,2.01,0.89,0.04,0.2
664,2018-01-08,4.49,4.36,4.49,4.31,1244560,589635408.0,3.98,-3.54,-0.16,0.7
665,2018-01-09,4.34,4.24,4.34,4.23,711385,328955648.0,2.52,-2.75,-0.12,0.4
666,2018-01-10,4.24,4.26,4.29,4.24,423331,195407668.0,1.18,0.47,0.02,0.24
667,2018-01-11,4.25,4.21,4.26,4.17,470499,214380050.0,2.11,-1.17,-0.05,0.26
668,2018-01-12,4.2,4.15,4.2,4.14,436308,197121042.0,1.43,-1.43,-0.06,0.24
669,2018-01-15,4.15,4.03,4.16,4.02,502093,222153109.0,3.37,-2.89,-0.12,0.28
670,2018-01-16,4.02,4.12,4.13,4.01,360263,160088138.0,2.98,2.23,0.09,0.2
671,2018-01-17,4.14,4.14,4.18,4.11,397755,179349947.0,1.7,0.49,0.02,0.22
672,2018-01-18,4.12,4.22,4.25,4.09,644798,293668704.0,3.86,1.93,0.08,0.36
673,2018-01-19,4.21,4.17,4.22,4.16,375049,170174212.0,1.42,-1.18,-0.05,0.21
674,2018-01-22,4.18,4.16,4.18,4.13,263545,118914483.0,1.2,-0.24,-0.01,0.15
675,2018-01-23,4.14,4.2,4.23,4.14,353635,160740463.0,2.16,0.96,0.04,0.2
676,2018-01-24,4.19,4.27,4.4,4.18,775577,360122672.0,5.24,1.67,0.07,0.43
677,2018-01-25,4.25,4.25,4.3,4.21,502874,231695130.0,2.11,-0.47,-0.02,0.28
678,2018-01-26,4.23,4.25,4.3,4.23,368686,170472624.0,1.65,0.0,0.0,0.21
679,2018-01-29,4.25,4.19,4.28,4.18,346406,158980166.0,2.35,-1.41,-0.06,0.19
680,2018-01-30,4.18,4.16,4.22,4.16,237650,108034165.0,1.43,-0.72,-0.03,0.13
681,2018-01-31,4.15,4.12,4.18,4.1,258229,115962981.0,1.92,-0.96,-0.04,0.14
682,2018-02-01,4.12,4.18,4.19,4.05,698896,313044240.0,3.4,1.46,0.06,0.39
683,2018-02-02,4.15,4.13,4.17,4.09,321028,144188937.0,1.91,-1.2,-0.05,0.18
684,2018-02-05,4.14,4.14,4.15,4.1,219412,98346852.0,1.21,0.24,0.01,0.12
685,2018-02-06,4.09,4.13,4.15,4.05,792290,354447920.0,2.42,-0.24,-0.01,0.44
686,2018-02-07,4.12,4.14,4.15,4.08,347216,155428251.0,1.69,0.24,0.01,0.19
687,2018-02-08,4.11,4.1,4.12,4.02,346424,153933280.0,2.42,-0.97,-0.04,0.19
688,2018-02-09,4.03,3.75,4.06,3.69,460606,193089381.0,9.02,-8.54,-0.35,0.26
689,2018-02-12,3.75,3.76,3.78,3.7,174684,71816950.0,2.13,0.27,0.01,0.1
690,2018-02-13,3.77,3.76,3.8,3.76,147214,60899534.0,1.06,0.0,0.0,0.08
691,2018-02-14,3.77,3.75,3.78,3.73,129626,53259190.0,1.33,-0.27,-0.01,0.07
692,2018-02-22,3.77,3.81,3.83,3.76,191463,79607933.0,1.87,1.6,0.06,0.11
693,2018-02-23,3.79,3.84,3.85,3.78,228250,95498525.0,1.84,0.79,0.03,0.13
694,2018-02-26,3.84,3.87,3.88,3.81,236959,99789185.0,1.82,0.78,0.03,0.13
695,2018-02-27,3.86,3.82,3.87,3.81,227045,95081843.0,1.55,-1.29,-0.05,0.13
696,2018-02-28,3.81,3.8,3.83,3.76,201716,83653772.0,1.83,-0.52,-0.02,0.11
697,2018-03-01,3.77,3.79,3.8,3.76,268695,111240557.0,1.05,-0.26,-0.01,0.15
698,2018-03-02,3.77,3.78,3.78,3.76,142222,58728723.0,0.53,-0.26,-0.01,0.08
699,2018-03-05,3.77,3.77,3.78,3.76,135492,55942907.0,0.53,-0.26,-0.01,0.08
700,2018-03-06,3.77,3.8,3.81,3.75,179799,74524714.0,1.59,0.8,0.03,0.1
701,2018-03-07,3.81,3.77,3.81,3.76,180303,74798575.0,1.32,-0.79,-0.03,0.1
702,2018-03-08,3.76,3.77,3.78,3.73,325166,133627908.0,1.33,0.0,0.0,0.18
703,2018-03-09,3.77,3.75,3.77,3.73,285352,117192381.0,1.06,-0.53,-0.02,0.16
704,2018-03-12,3.76,3.76,3.77,3.73,400672,164609907.0,1.07,0.27,0.01,0.22
705,2018-03-13,3.75,3.73,3.76,3.72,301679,123562148.0,1.06,-0.8,-0.03,0.17
706,2018-03-14,3.74,3.72,3.74,3.71,251664,102728368.0,0.8,-0.27,-0.01,0.14
707,2018-03-15,3.72,3.72,3.74,3.7,208790,85170282.0,1.08,0.0,0.0,0.12
708,2018-03-16,3.73,3.71,3.73,3.7,166961,67987091.0,0.81,-0.27,-0.01,0.09
709,2018-03-19,3.71,3.7,3.72,3.69,141266,57394215.0,0.81,-0.27,-0.01,0.08
710,2018-03-20,3.69,3.67,3.69,3.65,204303,82297839.0,1.08,-0.81,-0.03,0.11
711,2018-03-21,3.67,3.66,3.7,3.65,275077,110900914.0,1.36,-0.27,-0.01,0.15
712,2018-03-22,3.65,3.58,3.66,3.57,437760,173154496.0,2.46,-2.19,-0.08,0.25
713,2018-03-23,3.52,3.35,3.52,3.3,611539,229187067.0,6.15,-6.42,-0.23,0.34
714,2018-03-26,3.29,3.42,3.45,3.27,366365,137524036.0,5.37,2.09,0.07,0.21
715,2018-03-27,3.43,3.44,3.46,3.42,257331,97757832.0,1.17,0.58,0.02,0.14
716,2018-03-28,3.42,3.36,3.43,3.35,240687,89880830.0,2.33,-2.33,-0.08,0.13
717,2018-03-29,3.37,3.41,3.42,3.35,198696,74420468.0,2.08,1.49,0.05,0.11
718,2018-03-30,3.42,3.44,3.44,3.4,213429,80794334.0,1.17,0.88,0.03,0.12
719,2018-04-02,3.44,3.48,3.5,3.42,287658,110428888.0,2.33,1.16,0.04,0.16
720,2018-04-03,3.44,3.47,3.49,3.41,244176,93309883.0,2.3,-0.29,-0.01,0.14
721,2018-04-04,3.48,3.44,3.5,3.43,181209,69401470.0,2.02,-0.86,-0.03,0.1
722,2018-04-09,3.43,3.46,3.46,3.41,143292,54469024.0,1.45,0.58,0.02,0.08
723,2018-04-10,3.45,3.5,3.5,3.45,225953,86778856.0,1.45,1.16,0.04,0.13
724,2018-04-11,3.5,3.5,3.52,3.47,194788,75161675.0,1.43,0.0,0.0,0.11
725,2018-04-12,3.49,3.46,3.5,3.46,147053,56321520.0,1.14,-1.14,-0.04,0.08
726,2018-04-13,3.46,3.39,3.48,3.32,361366,135792335.0,4.62,-2.02,-0.07,0.2
727,2018-04-16,3.37,3.38,3.39,3.34,205904,76811772.0,1.47,-0.29,-0.01,0.12
728,2018-04-17,3.38,3.26,3.39,3.21,609492,221647544.0,5.33,-3.55,-0.12,0.34
729,2018-04-18,3.26,3.25,3.28,3.2,257363,92432959.0,2.45,-0.31,-0.01,0.14
730,2018-04-19,3.31,3.43,3.44,3.28,703176,263369085.0,4.92,5.54,0.18,0.39
731,2018-04-20,3.39,3.29,3.39,3.27,394962,145742249.0,3.5,-4.08,-0.14,0.22
732,2018-04-23,3.3,3.31,3.35,3.28,188417,69149693.0,2.13,0.61,0.02,0.11
733,2018-04-24,3.29,3.37,3.39,3.28,264147,98253503.0,3.32,1.81,0.06,0.15
734,2018-04-25,3.36,3.36,3.39,3.34,161237,60020554.0,1.48,-0.3,-0.01,0.09
735,2018-04-26,3.34,3.31,3.37,3.31,170182,62921205.0,1.79,-1.49,-0.05,0.1
736,2018-04-27,3.32,3.33,3.34,3.3,154906,57056229.0,1.21,0.6,0.02,0.09
737,2018-05-02,3.34,3.37,3.38,3.3,278248,102889639.0,2.4,1.2,0.04,0.16
738,2018-05-03,3.37,3.35,3.37,3.32,268714,99466071.0,1.48,-0.59,-0.02,0.15
739,2018-05-04,3.34,3.33,3.36,3.32,154744,57206130.0,1.19,-0.6,-0.02,0.09
740,2018-05-07,3.34,3.35,3.37,3.32,246483,91362152.0,1.5,0.6,0.02,0.14
741,2018-05-08,3.35,3.39,3.41,3.34,283752,106092244.0,2.09,1.19,0.04,0.16
742,2018-05-09,3.37,3.36,3.38,3.35,204837,76278377.0,0.88,-0.88,-0.03,0.11
743,2018-05-10,3.37,3.37,3.38,3.34,184197,68445596.0,1.19,0.3,0.01,0.1
744,2018-05-11,3.37,3.36,3.38,3.35,197345,73583346.0,0.89,-0.3,-0.01,0.11
745,2018-05-14,3.36,3.39,3.4,3.36,282155,105586913.0,1.19,0.89,0.03,0.16
746,2018-05-15,3.39,3.44,3.47,3.38,394300,149750184.0,2.65,1.47,0.05,0.22
747,2018-05-16,3.43,3.42,3.44,3.4,188009,71105135.0,1.16,-0.58,-0.02,0.11
748,2018-05-17,3.41,3.45,3.46,3.41,173572,66036839.0,1.46,0.88,0.03,0.1
749,2018-05-18,3.44,3.49,3.5,3.42,271748,103987215.0,2.32,1.16,0.04,0.15
750,2018-05-21,3.5,3.5,3.52,3.47,273426,105524934.0,1.43,0.29,0.01,0.15
751,2018-05-22,3.49,3.51,3.52,3.46,232603,89442346.0,1.71,0.29,0.01,0.13
752,2018-05-23,3.5,3.44,3.5,3.43,207740,79322937.0,1.99,-1.99,-0.07,0.12
753,2018-05-24,3.44,3.39,3.46,3.38,205393,77512838.0,2.33,-1.45,-0.05,0.12
754,2018-05-25,3.38,3.37,3.42,3.36,123916,46454376.0,1.77,-0.59,-0.02,0.07
755,2018-05-28,3.36,3.31,3.38,3.31,172791,63937414.0,2.08,-1.78,-0.06,0.1
756,2018-05-29,3.31,3.33,3.34,3.31,127680,47069849.0,0.91,0.6,0.02,0.07
757,2018-05-30,3.3,3.24,3.3,3.21,224417,81054910.0,2.7,-2.7,-0.09,0.13
758,2018-05-31,3.29,3.32,3.36,3.25,358808,132018238.0,3.4,2.47,0.08,0.2
759,2018-06-01,3.33,3.33,3.35,3.3,202345,74598819.0,1.51,0.3,0.01,0.11
760,2018-06-04,3.35,3.31,3.35,3.3,113639,41851283.0,1.5,-0.6,-0.02,0.06
761,2018-06-05,3.31,3.31,3.33,3.27,149019,54406090.0,1.81,0.0,0.0,0.08
762,2018-06-06,3.3,3.28,3.31,3.27,126365,46055488.0,1.21,-0.91,-0.03,0.07
763,2018-06-07,3.28,3.26,3.3,3.25,139783,50806412.0,1.52,-0.61,-0.02,0.08
764,2018-06-08,3.25,3.2,3.25,3.17,212223,75669729.0,2.45,-1.84,-0.06,0.12
765,2018-06-11,3.19,3.19,3.2,3.15,120007,42446830.0,1.56,-0.31,-0.01,0.07
766,2018-06-12,3.17,3.2,3.21,3.17,90584,32171591.0,1.25,0.31,0.01,0.05
767,2018-06-13,3.2,3.16,3.2,3.16,87544,30919457.0,1.25,-1.25,-0.04,0.05
768,2018-06-14,3.15,3.16,3.18,3.14,115833,40743370.0,1.27,0.0,0.0,0.06
769,2018-06-15,3.16,3.19,3.21,3.14,196703,69551360.0,2.22,0.95,0.03,0.11
770,2018-06-19,3.15,2.97,3.16,2.91,302412,102222256.0,7.84,-6.9,-0.22,0.17
771,2018-06-20,2.94,2.96,2.99,2.88,264749,87535413.0,3.7,-0.34,-0.01,0.15
772,2018-06-21,2.95,2.94,3.01,2.91,199794,66435716.0,3.38,-0.68,-0.02,0.11
773,2018-06-22,2.94,2.96,2.98,2.88,137736,45387805.0,3.4,0.68,0.02,0.08
774,2018-06-25,2.97,2.93,2.99,2.92,114738,37995579.0,2.36,-1.01,-0.03,0.06
775,2018-06-26,2.91,2.93,2.94,2.88,120743,39462224.0,2.05,0.0,0.0,0.07
776,2018-06-27,2.93,2.9,2.94,2.87,145354,47432152.0,2.39,-1.02,-0.03,0.08
777,2018-06-28,2.89,2.93,2.95,2.88,175470,57615271.0,2.41,1.03,0.03,0.1
778,2018-06-29,2.93,2.97,2.98,2.91,128572,42570717.0,2.39,1.37,0.04,0.07
779,2018-07-02,2.97,2.89,2.97,2.87,190526,62393155.0,3.37,-2.69,-0.08,0.11
780,2018-07-03,2.89,2.86,2.9,2.81,231030,74174723.0,3.11,-1.04,-0.03,0.13
781,2018-07-04,2.85,2.84,2.87,2.83,136447,43777186.0,1.4,-0.7,-0.02,0.08
782,2018-07-05,2.84,2.8,2.86,2.8,160476,51138122.0,2.11,-1.41,-0.04,0.09
783,2018-07-06,2.8,2.77,2.81,2.69,219542,68508690.0,4.29,-1.07,-0.03,0.12
784,2018-07-09,2.76,2.81,2.83,2.76,184175,58212289.0,2.53,1.44,0.04,0.1
785,2018-07-10,2.81,2.82,2.84,2.8,118516,37643186.0,1.42,0.36,0.01,0.07
786,2018-07-11,2.8,2.78,2.81,2.74,160050,50022645.0,2.48,-1.42,-0.04,0.09
787,2018-07-12,2.76,2.93,3.02,2.76,398452,129445314.0,9.35,5.4,0.15,0.22
788,2018-07-13,2.92,2.91,2.94,2.88,174557,57030113.0,2.05,-0.68,-0.02,0.1
789,2018-07-16,2.9,2.95,2.96,2.89,202665,66878404.0,2.41,1.37,0.04,0.11
790,2018-07-17,2.97,2.93,2.97,2.9,137401,44183308.0,2.37,-0.68,-0.02,0.08
791,2018-07-18,2.92,2.94,2.96,2.92,112260,36269821.0,1.37,0.34,0.01,0.06
792,2018-07-19,2.93,2.95,2.98,2.93,133142,43276046.0,1.7,0.34,0.01,0.07
793,2018-07-20,2.94,2.99,3.01,2.92,182468,59659113.0,3.05,1.36,0.04,0.1
794,2018-07-23,2.99,3.11,3.16,2.97,408777,138053269.0,6.35,4.01,0.12,0.23
795,2018-07-24,3.11,3.26,3.31,3.11,678263,239364074.0,6.43,4.82,0.15,0.38
796,2018-07-25,3.23,3.2,3.24,3.17,323989,113011914.0,2.15,-1.84,-0.06,0.18
797,2018-07-26,3.19,3.2,3.23,3.17,206080,71686610.0,1.88,0.0,0.0,0.12
798,2018-07-27,3.19,3.19,3.25,3.18,233564,81720586.0,2.19,-0.31,-0.01,0.13
799,2018-07-30,3.19,3.23,3.27,3.17,335521,118182886.0,3.13,1.25,0.04,0.19
800,2018-07-31,3.24,3.2,3.25,3.19,168796,59072367.0,1.86,-0.93,-0.03,0.09
801,2018-08-01,3.24,3.19,3.27,3.18,342858,120787747.0,2.81,-0.31,-0.01,0.19
802,2018-08-02,3.17,3.15,3.18,3.06,290114,99075885.0,3.76,-1.25,-0.04,0.16
803,2018-08-03,3.14,3.14,3.19,3.12,188455,65013591.0,2.22,-0.32,-0.01,0.11
804,2018-08-06,3.12,3.08,3.17,3.06,181859,61790155.0,3.5,-1.91,-0.06,0.1
805,2018-08-07,3.09,3.28,3.29,3.08,499090,174831498.0,6.82,6.49,0.2,0.28
806,2018-08-08,3.27,3.27,3.31,3.22,412788,147150464.0,2.74,-0.3,-0.01,0.23
807,2018-08-09,3.24,3.28,3.3,3.24,308038,109717277.0,1.83,0.31,0.01,0.17
808,2018-08-10,3.27,3.26,3.31,3.24,219654,78305208.0,2.13,-0.61,-0.02,0.12
809,2018-08-13,3.23,3.28,3.28,3.2,183483,64714543.0,2.45,0.61,0.02,0.1
810,2018-08-14,3.27,3.29,3.3,3.25,184732,65867404.0,1.52,0.3,0.01,0.1
811,2018-08-15,3.31,3.28,3.39,3.27,368546,133608215.0,3.65,-0.3,-0.01,0.21
812,2018-08-16,3.24,3.19,3.25,3.17,201552,70562926.0,2.44,-2.74,-0.09,0.11
813,2018-08-17,3.22,3.17,3.23,3.16,138180,48061908.0,2.19,-0.63,-0.02,0.08
814,2018-08-20,3.16,3.17,3.21,3.11,174784,60135833.0,3.15,0.0,0.0,0.1
815,2018-08-21,3.17,3.24,3.26,3.16,214767,75611459.0,3.15,2.21,0.07,0.12
816,2018-08-22,3.23,3.21,3.24,3.2,103063,36151206.0,1.23,-0.93,-0.03,0.06
817,2018-08-23,3.21,3.21,3.24,3.19,114240,39999437.0,1.56,0.0,0.0,0.06
818,2018-08-24,3.2,3.19,3.21,3.18,114835,40024809.0,0.93,-0.62,-0.02,0.06
819,2018-08-27,3.19,3.25,3.25,3.18,147841,52032434.0,2.19,1.88,0.06,0.08
820,2018-08-28,3.25,3.27,3.3,3.23,208123,74057082.0,2.15,0.62,0.02,0.12
821,2018-08-29,3.26,3.25,3.28,3.23,85611,30350494.0,1.53,-0.61,-0.02,0.05
822,2018-08-30,3.25,3.25,3.3,3.24,150495,53544229.0,1.85,0.0,0.0,0.08
823,2018-08-31,3.27,3.29,3.33,3.24,347035,124374650.0,2.77,1.23,0.04,0.19
824,2018-09-03,3.29,3.15,3.29,3.11,363144,125283332.0,5.47,-4.26,-0.14,0.2
825,2018-09-04,3.14,3.16,3.17,3.11,220841,75912040.0,1.9,0.32,0.01,0.12
826,2018-09-05,3.14,3.13,3.17,3.12,166127,57153049.0,1.58,-0.95,-0.03,0.09
827,2018-09-06,3.11,3.07,3.15,3.07,164943,56015053.0,2.56,-1.92,-0.06,0.09
828,2018-09-07,3.08,3.11,3.13,3.08,159122,54111580.0,1.63,1.3,0.04,0.09
829,2018-09-10,3.11,3.07,3.14,3.07,127052,43027578.0,2.25,-1.29,-0.04,0.07
830,2018-09-11,3.07,3.11,3.13,3.06,151932,51445903.0,2.28,1.3,0.04,0.09
831,2018-09-12,3.11,3.11,3.14,3.09,108588,37066581.0,1.61,0.0,0.0,0.06
832,2018-09-13,3.13,3.12,3.15,3.09,128741,43907471.0,1.93,0.32,0.01,0.07
833,2018-09-14,3.12,3.13,3.14,3.11,132193,45126288.0,0.96,0.32,0.01,0.07
834,2018-09-17,3.12,3.07,3.12,3.07,118726,40091381.0,1.6,-1.92,-0.06,0.07
835,2018-09-18,3.07,3.19,3.2,3.06,303083,104104435.0,4.56,3.91,0.12,0.17
836,2018-09-19,3.18,3.19,3.22,3.17,196571,68616259.0,1.57,0.0,0.0,0.11
837,2018-09-20,3.2,3.21,3.24,3.19,159942,56013520.0,1.57,0.63,0.02,0.09
838,2018-09-21,3.22,3.25,3.26,3.21,199215,70315260.0,1.56,1.25,0.04,0.11
839,2018-09-25,3.25,3.23,3.28,3.22,203186,72005725.0,1.85,-0.62,-0.02,0.11
840,2018-09-26,3.23,3.26,3.28,3.23,257035,91369786.0,1.55,0.93,0.03,0.14
841,2018-09-27,3.28,3.27,3.28,3.24,221147,78562949.0,1.23,0.31,0.01,0.12
842,2018-09-28,3.27,3.28,3.29,3.24,174764,62254793.0,1.53,0.31,0.01,0.1
843,2018-10-08,3.23,3.22,3.25,3.18,157015,55158817.0,2.13,-1.83,-0.06,0.09
844,2018-10-09,3.22,3.2,3.22,3.18,133252,46524493.0,1.24,-0.62,-0.02,0.07
845,2018-10-10,3.21,3.24,3.27,3.19,170505,60033328.0,2.5,1.25,0.04,0.1
846,2018-10-11,3.18,3.01,3.2,2.92,326868,109709430.0,8.64,-7.1,-0.23,0.18
847,2018-10-12,2.96,3.04,3.05,2.91,275709,90462186.0,4.65,1.0,0.03,0.15
848,2018-10-15,3.06,3.05,3.1,3.04,202111,67968475.0,1.97,0.33,0.01,0.11
849,2018-10-16,3.04,3.04,3.08,3.03,162334,54272638.0,1.64,-0.33,-0.01,0.09
850,2018-10-17,3.07,3.05,3.08,3.02,124119,41460577.0,1.97,0.33,0.01,0.07
851,2018-10-18,3.04,2.92,3.04,2.92,218335,71106248.0,3.93,-4.26,-0.13,0.12
852,2018-10-19,2.88,2.95,2.95,2.84,193994,61943892.0,3.77,1.03,0.03,0.11
853,2018-10-22,2.98,3.06,3.09,2.97,306809,102441685.0,4.07,3.73,0.11,0.17
854,2018-10-23,3.05,2.96,3.08,2.94,248286,81866520.0,4.58,-3.27,-0.1,0.14
855,2018-10-24,2.94,2.97,3.01,2.94,188711,61488595.0,2.36,0.34,0.01,0.11
856,2018-10-25,2.91,2.92,2.93,2.86,212607,67600066.0,2.36,-1.68,-0.05,0.12
857,2018-10-26,2.93,2.91,2.98,2.88,269548,86650527.0,3.42,-0.34,-0.01,0.15
858,2018-10-29,2.9,2.86,2.92,2.85,188746,59824986.0,2.41,-1.72,-0.05,0.11
859,2018-10-30,2.87,2.83,2.88,2.78,395458,123153761.0,3.5,-1.05,-0.03,0.22
860,2018-10-31,2.84,2.88,2.95,2.81,544025,172728104.0,4.95,1.77,0.05,0.3
861,2018-11-01,2.89,2.86,2.91,2.85,442707,140436257.0,2.08,-0.69,-0.02,0.25
862,2018-11-02,2.88,2.91,2.91,2.88,492502,156984177.0,1.05,1.75,0.05,0.28
863,2018-11-05,2.9,2.9,2.91,2.85,346927,110302735.0,2.06,-0.34,-0.01,0.19
864,2018-11-06,2.89,2.92,2.92,2.87,385334,122708641.0,1.72,0.69,0.02,0.22
865,2018-11-07,2.91,2.89,2.92,2.88,346676,110721339.0,1.37,-1.03,-0.03,0.19
866,2018-11-08,2.92,2.87,2.92,2.86,257853,81955396.0,2.08,-0.69,-0.02,0.14
867,2018-11-09,2.86,2.85,2.86,2.83,217923,68383111.0,1.05,-0.7,-0.02,0.12
868,2018-11-12,2.84,2.88,2.89,2.84,303375,95620854.0,1.75,1.05,0.03,0.17
869,2018-11-13,2.85,2.93,2.93,2.84,612143,194994569.0,3.13,1.74,0.05,0.34
870,2018-11-14,2.92,2.91,2.96,2.9,463882,149375301.0,2.05,-0.68,-0.02,0.26
871,2018-11-15,2.91,2.95,2.98,2.9,439784,142253699.0,2.75,1.37,0.04,0.25
872,2018-11-16,2.96,2.94,2.96,2.93,443077,143395188.0,1.02,-0.34,-0.01,0.25
873,2018-11-19,2.95,2.96,2.98,2.93,433002,140314359.0,1.7,0.68,0.02,0.24
874,2018-11-20,2.94,2.9,2.99,2.89,490059,158355486.0,3.38,-2.03,-0.06,0.27
875,2018-11-21,2.87,2.89,2.9,2.86,332550,105259542.0,1.38,-0.34,-0.01,0.19
876,2018-11-22,2.88,2.87,2.89,2.86,216715,68584317.0,1.04,-0.69,-0.02,0.12
877,2018-11-23,2.87,2.81,2.89,2.79,344528,107561291.0,3.48,-2.09,-0.06,0.19
878,2018-11-26,2.8,2.78,2.82,2.77,228205,70362916.0,1.78,-1.07,-0.03,0.13
879,2018-11-27,2.79,2.78,2.81,2.77,193040,59456770.0,1.44,0.0,0.0,0.11
880,2018-11-28,2.78,2.8,2.81,2.77,195256,60194882.0,1.44,0.72,0.02,0.11
881,2018-11-29,2.81,2.79,2.85,2.78,352335,109159101.0,2.5,-0.36,-0.01,0.2
882,2018-11-30,2.78,2.81,2.81,2.76,291710,89660368.0,1.79,0.72,0.02,0.16
883,2018-12-03,2.85,2.84,2.87,2.82,443486,138926256.0,1.78,1.07,0.03,0.25
884,2018-12-04,2.84,2.87,2.88,2.82,355420,111875576.0,2.11,1.06,0.03,0.2
885,2018-12-05,2.83,2.84,2.85,2.81,201181,62955753.0,1.39,-1.05,-0.03,0.11
886,2018-12-06,2.83,2.8,2.84,2.8,172625,53559508.0,1.41,-1.41,-0.04,0.1
887,2018-12-07,2.81,2.85,2.85,2.8,190973,59579521.0,1.79,1.79,0.05,0.11
888,2018-12-10,2.83,2.82,2.85,2.81,156721,48866458.0,1.4,-1.05,-0.03,0.09
889,2018-12-11,2.84,2.82,2.84,2.81,106462,33152479.0,1.06,0.0,0.0,0.06
890,2018-12-12,2.83,2.85,2.86,2.82,143450,44949781.0,1.42,1.06,0.03,0.08
891,2018-12-13,2.86,2.9,2.94,2.84,491892,157149028.0,3.51,1.75,0.05,0.28
892,2018-12-14,2.89,2.88,2.93,2.87,464033,148004666.0,2.07,-0.69,-0.02,0.26
893,2018-12-17,2.89,2.92,2.93,2.87,301832,96588492.0,2.08,1.39,0.04,0.17
894,2018-12-18,2.92,2.89,2.92,2.87,253714,80902848.0,1.71,-1.03,-0.03,0.14
895,2018-12-19,2.92,2.88,2.92,2.87,156829,49929983.0,1.73,-0.35,-0.01,0.09
896,2018-12-20,2.89,2.84,2.89,2.82,213236,66809030.0,2.43,-1.39,-0.04,0.12
897,2018-12-21,2.84,2.83,2.84,2.8,135175,42002229.0,1.41,-0.35,-0.01,0.08
898,2018-12-24,2.81,2.82,2.85,2.8,128754,40113405.0,1.77,-0.35,-0.01,0.07
899,2018-12-25,2.81,2.79,2.81,2.75,215024,65902644.0,2.13,-1.06,-0.03,0.12
900,2018-12-26,2.78,2.79,2.79,2.77,110622,33967373.0,0.72,0.0,0.0,0.06
901,2018-12-27,2.81,2.81,2.83,2.77,167074,51565417.0,2.15,0.72,0.02,0.09
902,2018-12-28,2.8,2.82,2.83,2.79,136407,42309300.0,1.42,0.36,0.01,0.08
903,2019-01-02,2.81,2.78,2.82,2.75,200177,61303827.0,2.48,-1.42,-0.04,0.11
904,2019-01-03,2.78,2.78,2.79,2.75,207350,63437535.0,1.44,0.0,0.0,0.12
905,2019-01-04,2.76,2.81,2.82,2.75,301265,92639771.0,2.52,1.08,0.03,0.17
906,2019-01-07,2.82,2.82,2.84,2.79,333818,103519107.0,1.78,0.36,0.01,0.19
907,2019-01-08,2.81,2.74,2.81,2.74,681370,208660308.0,2.48,-2.84,-0.08,0.38
908,2019-01-09,2.74,2.77,2.8,2.74,390853,119692331.0,2.19,1.09,0.03,0.22
909,2019-01-10,2.77,2.75,2.77,2.74,334056,101617321.0,1.08,-0.72,-0.02,0.19
910,2019-01-11,2.75,2.76,2.77,2.74,236501,71994962.0,1.09,0.36,0.01,0.13
911,2019-01-14,2.76,2.76,2.77,2.74,273111,83058294.0,1.09,0.0,0.0,0.15
912,2019-01-15,2.75,2.77,2.77,2.74,288085,87778395.0,1.09,0.36,0.01,0.16
913,2019-01-16,2.77,2.75,2.77,2.74,247857,75407411.0,1.08,-0.72,-0.02,0.14
914,2019-01-17,2.75,2.73,2.76,2.71,428899,129385243.0,1.82,-0.73,-0.02,0.24
915,2019-01-18,2.73,2.76,2.76,2.72,436247,132297084.0,1.47,1.1,0.03,0.24
916,2019-01-21,2.75,2.75,2.77,2.74,359849,109459515.0,1.09,-0.36,-0.01,0.2
917,2019-01-22,2.76,2.74,2.76,2.73,210310,63706730.0,1.09,-0.36,-0.01,0.12
918,2019-01-23,2.73,2.72,2.74,2.71,238455,71823477.0,1.09,-0.73,-0.02,0.13
919,2019-01-24,2.72,2.71,2.73,2.68,273387,81782732.0,1.84,-0.37,-0.01,0.15
920,2019-01-25,2.71,2.7,2.72,2.69,303921,90991105.0,1.11,-0.37,-0.01,0.17
921,2019-01-28,2.71,2.69,2.72,2.68,301813,90283818.0,1.48,-0.37,-0.01,0.17
922,2019-01-29,2.69,2.63,2.69,2.61,388626,113691929.0,2.97,-2.23,-0.06,0.22
923,2019-01-30,2.64,2.63,2.65,2.61,169004,49381455.0,1.52,0.0,0.0,0.09
924,2019-01-31,2.64,2.63,2.65,2.61,247830,72366222.0,1.52,0.0,0.0,0.14
925,2019-02-01,2.64,2.66,2.66,2.62,261133,76518473.0,1.52,1.14,0.03,0.15
926,2019-02-11,2.66,2.7,2.71,2.65,419078,124534122.0,2.26,1.5,0.04,0.23
927,2019-02-12,2.69,2.72,2.73,2.69,390256,117043452.0,1.48,0.74,0.02,0.22
928,2019-02-13,2.71,2.77,2.78,2.7,707654,214901635.0,2.94,1.84,0.05,0.4
929,2019-02-14,2.76,2.75,2.77,2.74,464765,141403470.0,1.08,-0.72,-0.02,0.26
930,2019-02-15,2.74,2.74,2.76,2.73,371502,112623435.0,1.09,-0.36,-0.01,0.21
931,2019-02-18,2.74,2.8,2.8,2.74,809827,248068101.0,2.19,2.19,0.06,0.45
932,2019-02-19,2.8,2.78,2.83,2.76,712173,219342557.0,2.5,-0.71,-0.02,0.4
933,2019-02-20,2.78,2.79,2.8,2.77,414069,127256677.0,1.08,0.36,0.01,0.23
934,2019-02-21,2.79,2.78,2.82,2.77,649031,200129800.0,1.79,-0.36,-0.01,0.36
935,2019-02-22,2.77,2.8,2.8,2.75,486139,148940210.0,1.8,0.72,0.02,0.27
936,2019-02-25,2.82,2.98,2.98,2.8,1809410,574559040.0,6.43,6.43,0.18,1.01
937,2019-02-26,2.98,3.31,3.31,2.95,2923832,1029327808.0,12.08,11.07,0.33,1.64
938,2019-02-27,3.37,3.24,3.37,3.18,3172008,1132782688.0,5.74,-2.11,-0.07,1.78
939,2019-02-28,3.21,3.19,3.28,3.16,1295970,452685376.0,3.7,-1.54,-0.05,0.73
940,2019-03-01,3.18,3.24,3.29,3.14,1593399,557356208.0,4.7,1.57,0.05,0.89
941,2019-03-04,3.25,3.27,3.36,3.23,2500664,894667088.0,4.01,0.93,0.03,1.4
942,2019-03-05,3.22,3.44,3.63,3.18,4687468,1738008368.0,13.76,5.2,0.17,2.63
943,2019-03-06,3.39,3.45,3.49,3.36,3531199,1310355456.0,3.78,0.29,0.01,1.98
944,2019-03-07,3.42,3.46,3.56,3.4,3332536,1250621808.0,4.64,0.29,0.01,1.87
945,2019-03-08,3.39,3.21,3.39,3.18,2402425,866074672.0,6.07,-7.23,-0.25,1.35
946,2019-03-11,3.24,3.34,3.4,3.21,1834156,659805776.0,5.92,4.05,0.13,1.03
947,2019-03-12,3.36,3.39,3.48,3.32,2314717,854100336.0,4.79,1.5,0.05,1.3
948,2019-03-13,3.37,3.39,3.51,3.29,2056165,753447360.0,6.49,0.0,0.0,1.15
949,2019-03-14,3.35,3.3,3.44,3.25,1351201,490711504.0,5.6,-2.65,-0.09,0.76
950,2019-03-15,3.31,3.32,3.4,3.3,1364487,496356928.0,3.03,0.61,0.02,0.76
951,2019-03-18,3.32,3.44,3.46,3.32,2206156,816500272.0,4.22,3.61,0.12,1.24
952,2019-03-19,3.43,3.41,3.45,3.34,1889864,695367088.0,3.2,-0.87,-0.03,1.06
953,2019-03-20,3.39,3.38,3.39,3.31,1565113,569532960.0,2.35,-0.88,-0.03,0.88
954,2019-03-21,3.37,3.36,3.43,3.34,1836882,674456784.0,2.66,-0.59,-0.02,1.03
955,2019-03-22,3.36,3.35,3.38,3.29,1276725,462110176.0,2.68,-0.3,-0.01,0.72
956,2019-03-25,3.28,3.24,3.3,3.24,1259642,449252240.0,1.79,-3.28,-0.11,0.71
957,2019-03-26,3.26,3.16,3.28,3.14,993265,346679216.0,4.32,-2.47,-0.08,0.56
958,2019-03-27,3.18,3.15,3.21,3.12,861904,297251632.0,2.85,-0.32,-0.01,0.48
959,2019-03-28,3.14,3.11,3.2,3.08,1125212,385219744.0,3.81,-1.27,-0.04,0.63
960,2019-03-29,3.11,3.23,3.27,3.1,1466525,510253872.0,5.47,3.86,0.12,0.82
961,2019-04-01,3.24,3.31,3.35,3.22,1622132,581803104.0,4.02,2.48,0.08,0.91
962,2019-04-02,3.33,3.32,3.36,3.29,1310529,473894400.0,2.11,0.3,0.01,0.73
963,2019-04-03,3.31,3.38,3.43,3.28,1754578,643164976.0,4.52,1.81,0.06,0.98
964,2019-04-04,3.4,3.41,3.47,3.35,1776862,656965312.0,3.55,0.89,0.03,1.0
965,2019-04-08,3.43,3.41,3.49,3.36,1725166,640799040.0,3.81,0.0,0.0,0.97
966,2019-04-09,3.41,3.41,3.45,3.36,1362068,503440048.0,2.64,0.0,0.0,0.76
967,2019-04-10,3.38,3.39,3.44,3.36,1264505,466309616.0,2.35,-0.59,-0.02,0.71
968,2019-04-11,3.42,3.33,3.43,3.33,1062931,390222224.0,2.95,-1.77,-0.06,0.6
969,2019-04-12,3.3,3.33,3.38,3.25,1102122,396491536.0,3.9,0.0,0.0,0.62
970,2019-04-15,3.37,3.35,3.44,3.34,1525421,562413232.0,3.0,0.6,0.02,0.85
971,2019-04-16,3.34,3.44,3.46,3.32,1668269,617140112.0,4.18,2.69,0.09,0.93
972,2019-04-17,3.43,3.41,3.48,3.39,1291819,480134816.0,2.62,-0.87,-0.03,0.72
973,2019-04-18,3.42,3.49,3.51,3.4,1662532,623500688.0,3.23,2.35,0.08,0.93
974,2019-04-19,3.5,3.47,3.53,3.41,1336003,500100688.0,3.44,-0.57,-0.02,0.75
975,2019-04-22,3.5,3.34,3.51,3.32,1588222,585486640.0,5.48,-3.75,-0.13,0.89
976,2019-04-23,3.33,3.24,3.33,3.22,1267313,450847776.0,3.29,-2.99,-0.1,0.71
977,2019-04-24,3.26,3.27,3.27,3.2,866219,305498304.0,2.16,0.93,0.03,0.49
978,2019-04-25,3.25,3.13,3.26,3.11,1093380,379396032.0,4.59,-4.28,-0.14,0.61
979,2019-04-26,3.11,3.04,3.14,3.04,943225,318330192.0,3.19,-2.88,-0.09,0.53
980,2019-04-29,3.05,3.02,3.08,2.99,912445,303566144.0,2.96,-0.66,-0.02,0.51
981,2019-04-30,3.02,3.03,3.06,3.0,685445,227492365.0,1.99,0.33,0.01,0.38
982,2019-05-06,2.87,2.78,2.93,2.7,1556084,485278288.0,7.59,-8.25,-0.25,0.87
983,2019-05-07,2.79,2.8,2.83,2.74,905946,278586496.0,3.24,0.72,0.02,0.51
984,2019-05-08,2.75,2.76,2.8,2.72,884637,270252896.0,2.86,-1.43,-0.04,0.5
985,2019-05-09,2.74,2.74,2.77,2.73,708295,215116976.0,1.45,-0.72,-0.02,0.4
986,2019-05-10,2.76,2.81,2.83,2.73,1113114,342258688.0,3.65,2.55,0.07,0.62
987,2019-05-13,2.78,2.76,2.79,2.75,654434,199956408.0,1.42,-1.78,-0.05,0.37
988,2019-05-14,2.73,2.74,2.77,2.71,603002,182995454.0,2.17,-0.72,-0.02,0.34
989,2019-05-15,2.76,2.77,2.78,2.74,880586,268581200.0,1.46,1.09,0.03,0.49
990,2019-05-16,2.77,2.8,2.83,2.76,1021059,315096272.0,2.53,1.08,0.03,0.57
991,2019-05-17,2.79,2.73,2.8,2.72,943380,287011520.0,2.86,-2.5,-0.07,0.53
992,2019-05-20,2.72,2.73,2.74,2.7,633298,190351471.0,1.47,0.0,0.0,0.35
993,2019-05-21,2.73,2.76,2.77,2.71,684093,207968775.0,2.2,1.1,0.03,0.38
994,2019-05-22,2.76,2.73,2.76,2.72,511828,154759120.0,1.45,-1.09,-0.03,0.29
995,2019-05-23,2.72,2.72,2.74,2.7,495259,148823763.0,1.47,-0.37,-0.01,0.28
996,2019-05-24,2.71,2.71,2.73,2.7,358357,107658204.0,1.1,-0.37,-0.01,0.2
997,2019-05-27,2.71,2.74,2.75,2.69,630703,189846678.0,2.21,1.11,0.03,0.35
998,2019-05-28,2.74,2.75,2.76,2.72,798233,241947857.0,1.46,0.36,0.01,0.45
999,2019-05-29,2.73,2.73,2.76,2.72,433381,131194703.0,1.45,-0.73,-0.02,0.24
1000,2019-05-30,2.72,2.72,2.73,2.7,589411,176921821.0,1.1,-0.37,-0.01,0.33
1001,2019-05-31,2.73,2.71,2.73,2.71,329598,99113679.0,0.74,-0.37,-0.01,0.18
1002,2019-06-03,2.71,2.71,2.73,2.69,503693,151036835.0,1.48,0.0,0.0,0.28
1003,2019-06-04,2.71,2.69,2.71,2.67,510450,151818975.0,1.48,-0.74,-0.02,0.29
1004,2019-06-05,2.7,2.69,2.71,2.68,365564,109257556.0,1.12,0.0,0.0,0.2
1005,2019-06-06,2.69,2.66,2.7,2.66,418363,123850978.0,1.49,-1.12,-0.03,0.23
1006,2019-06-10,2.67,2.68,2.69,2.66,361434,107223534.0,1.13,0.75,0.02,0.2
1007,2019-06-11,2.72,2.76,2.78,2.72,1418367,431473728.0,2.24,2.99,0.08,0.79
1008,2019-06-12,2.75,2.73,2.76,2.72,733518,222226074.0,1.45,-1.09,-0.03,0.41
1009,2019-06-13,2.73,2.73,2.74,2.71,484111,145932838.0,1.1,0.0,0.0,0.27
1010,2019-06-14,2.73,2.72,2.76,2.71,702857,212705697.0,1.83,-0.37,-0.01,0.39
1011,2019-06-17,2.71,2.71,2.72,2.69,406342,121811926.0,1.1,-0.37,-0.01,0.23
1012,2019-06-18,2.71,2.71,2.72,2.7,273137,81863956.0,0.74,0.0,0.0,0.15
1013,2019-06-19,2.75,2.73,2.77,2.73,620800,188229517.0,1.48,0.74,0.02,0.35
1014,2019-06-20,2.73,2.78,2.79,2.72,945043,288363280.0,2.56,1.83,0.05,0.53
1015,2019-06-21,2.77,2.79,2.8,2.77,873231,268636096.0,1.08,0.36,0.01,0.49
1016,2019-06-24,2.79,2.79,2.81,2.78,477858,147256281.0,1.08,0.0,0.0,0.27
1017,2019-06-25,2.79,2.75,2.8,2.73,595328,181319846.0,2.51,-1.43,-0.04,0.33
1018,2019-06-26,2.74,2.76,2.78,2.73,386379,117871026.0,1.82,0.36,0.01,0.22
1019,2019-06-27,2.77,2.77,2.79,2.75,464402,142143052.0,1.45,0.36,0.01,0.26
1020,2019-06-28,2.77,2.75,2.77,2.73,440057,133497447.0,1.44,-0.72,-0.02,0.25
1021,2019-07-01,2.78,2.82,2.84,2.77,1107635,342661056.0,2.55,2.55,0.07,0.62
1022,2019-07-02,2.81,2.79,2.82,2.78,558776,172397809.0,1.42,-1.06,-0.03,0.31
1023,2019-07-03,2.79,2.79,2.8,2.76,529058,162207656.0,1.43,0.0,0.0,0.3
1024,2019-07-04,2.78,2.81,2.84,2.78,818291,253844874.0,2.15,0.72,0.02,0.46
1025,2019-07-05,2.81,2.82,2.82,2.78,498423,154376935.0,1.42,0.36,0.01,0.28
1026,2019-07-08,2.81,2.73,2.82,2.73,859287,262091742.0,3.19,-3.19,-0.09,0.48
1027,2019-07-09,2.73,2.73,2.75,2.72,349519,105663669.0,1.1,0.0,0.0,0.2
1028,2019-07-10,2.74,2.72,2.75,2.7,399360,120335494.0,1.83,-0.37,-0.01,0.22
1029,2019-07-11,2.73,2.72,2.75,2.71,352528,106440591.0,1.47,0.0,0.0,0.2
1030,2019-07-12,2.72,2.77,2.8,2.71,721542,219351601.0,3.31,1.84,0.05,0.4
1031,2019-07-15,2.75,2.79,2.82,2.72,996736,306325456.0,3.61,0.72,0.02,0.56
1032,2019-07-16,2.79,2.8,2.8,2.78,434199,133622779.0,0.72,0.36,0.01,0.24
1033,2019-07-17,2.79,2.78,2.81,2.77,571298,175755203.0,1.43,-0.71,-0.02,0.32
1034,2019-07-18,2.76,2.74,2.77,2.74,400945,122042090.0,1.08,-1.44,-0.04,0.22
1035,2019-07-19,2.76,2.76,2.79,2.75,504208,150440356.0,1.46,0.73,0.02,0.28
1036,2019-07-22,2.76,2.7,2.77,2.7,539548,158878659.0,2.54,-2.17,-0.06,0.3
1037,2019-07-23,2.71,2.72,2.73,2.71,286170,84118880.0,0.74,0.74,0.02,0.16
1038,2019-07-24,2.72,2.73,2.75,2.72,391725,115752834.0,1.1,0.37,0.01,0.22
1039,2019-07-25,2.72,2.74,2.74,2.72,308103,90787079.0,0.73,0.37,0.01,0.17
1040,2019-07-26,2.73,2.74,2.74,2.72,337614,99666460.0,0.73,0.0,0.0,0.19
1041,2019-07-29,2.73,2.73,2.74,2.72,255541,75303618.0,0.73,-0.36,-0.01,0.14
1042,2019-07-30,2.73,2.74,2.76,2.72,463747,137462181.0,1.47,0.37,0.01,0.26
1043,2019-07-31,2.73,2.73,2.74,2.71,336539,99008930.0,1.09,-0.36,-0.01,0.19
1044,2019-08-01,2.72,2.7,2.73,2.7,347727,101813045.0,1.1,-1.1,-0.03,0.19
1045,2019-08-02,2.68,2.66,2.68,2.65,475584,137158185.0,1.11,-1.48,-0.04,0.27
1046,2019-08-05,2.65,2.62,2.65,2.62,412826,117953031.0,1.13,-1.5,-0.04,0.23
1047,2019-08-06,2.57,2.53,2.58,2.49,703468,193706943.0,3.44,-3.44,-0.09,0.39
1048,2019-08-07,2.53,2.51,2.55,2.5,384339,105427544.0,1.98,-0.79,-0.02,0.22
1049,2019-08-08,2.52,2.52,2.53,2.51,296520,81271665.0,0.8,0.4,0.01,0.17
1050,2019-08-09,2.54,2.51,2.54,2.5,303607,83233103.0,1.59,-0.4,-0.01,0.17
1051,2019-08-12,2.51,2.54,2.55,2.51,346918,95197146.0,1.59,1.2,0.03,0.19
1052,2019-08-13,2.52,2.51,2.53,2.49,388261,105706840.0,1.57,-1.18,-0.03,0.22
1053,2019-08-14,2.53,2.51,2.53,2.51,242534,66470082.0,0.8,0.0,0.0,0.14
1054,2019-08-15,2.47,2.5,2.5,2.44,394589,106102457.0,2.39,-0.4,-0.01,0.22
1055,2019-08-16,2.5,2.49,2.51,2.48,283373,77003276.0,1.2,-0.4,-0.01,0.16
1056,2019-08-19,2.51,2.55,2.56,2.49,516063,141951813.0,2.81,2.41,0.06,0.29
1057,2019-08-20,2.55,2.54,2.57,2.54,325722,90354264.0,1.18,-0.39,-0.01,0.18
1058,2019-08-21,2.54,2.54,2.55,2.53,201066,55511672.0,0.79,0.0,0.0,0.11
1059,2019-08-22,2.54,2.54,2.55,2.52,231856,63868290.0,1.18,0.0,0.0,0.13
1060,2019-08-23,2.54,2.54,2.54,2.52,320542,88166375.0,0.79,0.0,0.0,0.18
1061,2019-08-26,2.49,2.49,2.5,2.48,380721,103139187.0,0.79,-1.97,-0.05,0.21
1062,2019-08-27,2.5,2.54,2.55,2.49,587300,161460445.0,2.41,2.01,0.05,0.33
1063,2019-08-28,2.54,2.54,2.55,2.52,290111,79859389.0,1.18,0.0,0.0,0.16
1064,2019-08-29,2.55,2.57,2.61,2.54,686258,191916564.0,2.76,1.18,0.03,0.38
1065,2019-08-30,2.58,2.53,2.58,2.52,389272,107786863.0,2.33,-1.56,-0.04,0.22
1066,2019-09-02,2.54,2.59,2.6,2.53,528348,148087141.0,2.77,2.37,0.06,0.3
1067,2019-09-03,2.59,2.75,2.81,2.57,1890690,551676896.0,9.27,6.18,0.16,1.06
1068,2019-09-04,2.69,2.75,2.79,2.69,1276094,378275952.0,3.64,0.0,0.0,0.71
1069,2019-09-05,2.75,2.73,2.77,2.72,1033889,307083696.0,1.82,-0.73,-0.02,0.58
1070,2019-09-06,2.74,2.72,2.74,2.71,467996,137803231.0,1.1,-0.37,-0.01,0.26
1071,2019-09-09,2.74,2.75,2.75,2.72,690670,204270210.0,1.1,1.1,0.03,0.39
1072,2019-09-10,2.75,2.74,2.75,2.72,468764,138425997.0,1.09,-0.36,-0.01,0.26
1073,2019-09-11,2.75,2.75,2.8,2.73,751804,223980437.0,2.55,0.36,0.01,0.42
1074,2019-09-12,2.76,2.78,2.78,2.74,638112,190448168.0,1.45,1.09,0.03,0.36
1075,2019-09-16,2.78,2.78,2.8,2.76,523959,157048355.0,1.44,0.0,0.0,0.29
1076,2019-09-17,2.77,2.72,2.77,2.71,458408,135578290.0,2.16,-2.16,-0.06,0.26
1077,2019-09-18,2.73,2.72,2.73,2.71,262275,77038372.0,0.74,0.0,0.0,0.15
1078,2019-09-19,2.73,2.7,2.73,2.67,429858,125347228.0,2.21,-0.74,-0.02,0.24
1079,2019-09-20,2.72,2.72,2.74,2.7,541398,159230271.0,1.48,0.74,0.02,0.3
1080,2019-09-23,2.7,2.66,2.71,2.65,403618,116470135.0,2.21,-2.21,-0.06,0.23
1081,2019-09-24,2.67,2.65,2.68,2.65,338501,97650641.0,1.13,-0.38,-0.01,0.19
1082,2019-09-25,2.65,2.59,2.65,2.59,420431,119205805.0,2.26,-2.26,-0.06,0.24
1083,2019-09-26,2.6,2.58,2.62,2.58,320399,90180421.0,1.54,-0.39,-0.01,0.18
1084,2019-09-27,2.59,2.59,2.6,2.57,270894,76112690.0,1.16,0.39,0.01,0.15
1085,2019-09-30,2.59,2.57,2.6,2.56,216292,60556761.0,1.54,-0.77,-0.02,0.12
1086,2019-10-08,2.57,2.58,2.59,2.56,289295,80969873.0,1.17,0.39,0.01,0.16
1087,2019-10-09,2.57,2.62,2.62,2.56,379054,106791087.0,2.33,1.55,0.04,0.21
1088,2019-10-10,2.61,2.61,2.62,2.59,218095,61732238.0,1.15,-0.38,-0.01,0.12
1089,2019-10-11,2.61,2.62,2.63,2.59,263589,74734231.0,1.53,0.38,0.01,0.15
1090,2019-10-14,2.63,2.65,2.67,2.63,342215,98321956.0,1.53,1.15,0.03,0.19
1091,2019-10-15,2.65,2.64,2.65,2.62,259711,74162967.0,1.13,-0.38,-0.01,0.15
1092,2019-10-16,2.65,2.64,2.67,2.63,277301,79556260.0,1.52,0.0,0.0,0.16
1093,2019-10-17,2.63,2.65,2.67,2.63,319211,91565893.0,1.52,0.38,0.01,0.18
1094,2019-10-18,2.65,2.62,2.65,2.6,313291,89233106.0,1.89,-1.13,-0.03,0.18
1095,2019-10-21,2.6,2.59,2.61,2.56,318538,89419642.0,1.91,-1.15,-0.03,0.18
1096,2019-10-22,2.59,2.6,2.6,2.56,298672,83705066.0,1.54,0.39,0.01,0.17
1097,2019-10-23,2.6,2.58,2.61,2.58,230541,64861421.0,1.15,-0.77,-0.02,0.13
1098,2019-10-24,2.59,2.58,2.61,2.57,272222,76461651.0,1.55,0.0,0.0,0.15
1099,2019-10-25,2.59,2.58,2.59,2.56,259091,72367887.0,1.16,0.0,0.0,0.15
1100,2019-10-28,2.58,2.6,2.6,2.57,362118,101660738.0,1.16,0.78,0.02,0.2
1101,2019-10-29,2.59,2.57,2.6,2.57,228406,63995537.0,1.15,-1.15,-0.03,0.13
1102,2019-10-30,2.58,2.54,2.58,2.53,326445,90158306.0,1.95,-1.17,-0.03,0.18
1103,2019-10-31,2.53,2.52,2.54,2.5,321812,88098607.0,1.57,-0.79,-0.02,0.18
1104,2019-11-01,2.51,2.53,2.55,2.5,321188,88137469.0,1.98,0.4,0.01,0.18
1105,2019-11-04,2.54,2.53,2.54,2.52,309170,85063846.0,0.79,0.0,0.0,0.17
1106,2019-11-05,2.53,2.55,2.57,2.52,340358,94065103.0,1.98,0.79,0.02,0.19
1107,2019-11-06,2.54,2.52,2.55,2.5,280201,76908372.0,1.96,-1.18,-0.03,0.16
1108,2019-11-07,2.52,2.51,2.53,2.5,243331,66466129.0,1.19,-0.4,-0.01,0.14
1109,2019-11-08,2.52,2.5,2.52,2.49,232938,63530138.0,1.2,-0.4,-0.01,0.13
1110,2019-11-11,2.49,2.44,2.5,2.42,434833,116142659.0,3.2,-2.4,-0.06,0.24
1111,2019-11-12,2.43,2.43,2.44,2.42,328159,86925835.0,0.82,-0.41,-0.01,0.18
1112,2019-11-13,2.43,2.4,2.43,2.39,301902,79304500.0,1.65,-1.23,-0.03,0.17
1113,2019-11-14,2.41,2.41,2.44,2.4,292078,76985522.0,1.67,0.42,0.01,0.16
1114,2019-11-15,2.41,2.36,2.41,2.35,340214,88168547.0,2.49,-2.07,-0.05,0.19
1115,2019-11-18,2.35,2.37,2.38,2.34,249711,64546768.0,1.69,0.42,0.01,0.14
1116,2019-11-19,2.38,2.39,2.4,2.37,291645,75952967.0,1.27,0.84,0.02,0.16
1117,2019-11-20,2.39,2.36,2.39,2.36,174520,45259262.0,1.26,-1.26,-0.03,0.1
1118,2019-11-21,2.36,2.38,2.38,2.34,240774,62177553.0,1.69,0.85,0.02,0.13
1119,2019-11-22,2.38,2.42,2.44,2.37,540154,141865482.0,2.94,1.68,0.04,0.3
1120,2019-11-25,2.41,2.51,2.53,2.41,725553,195991035.0,4.96,3.72,0.09,0.41
1121,2019-11-26,2.51,2.46,2.51,2.46,560684,151321888.0,1.99,-1.99,-0.05,0.31
1122,2019-11-27,2.46,2.44,2.47,2.43,370434,98804419.0,1.63,-0.81,-0.02,0.21
1123,2019-11-28,2.44,2.46,2.49,2.43,326144,87575869.0,2.46,0.82,0.02,0.18
1124,2019-11-29,2.46,2.46,2.47,2.44,228644,61252747.0,1.22,0.0,0.0,0.13
1125,2019-12-02,2.45,2.45,2.48,2.44,229855,61497689.0,1.63,-0.41,-0.01,0.13
1126,2019-12-03,2.44,2.45,2.46,2.44,174058,46539984.0,0.82,0.0,0.0,0.1
1127,2019-12-04,2.45,2.45,2.45,2.44,166068,44269198.0,0.41,0.0,0.0,0.09
1128,2019-12-05,2.45,2.47,2.48,2.45,237087,63638394.0,1.22,0.82,0.02,0.13
1129,2019-12-06,2.48,2.48,2.48,2.46,185876,50009283.0,0.81,0.4,0.01,0.1
1130,2019-12-09,2.48,2.51,2.52,2.47,401163,109191743.0,2.02,1.21,0.03,0.22
1131,2019-12-10,2.51,2.49,2.51,2.48,226957,61635527.0,1.2,-0.8,-0.02,0.13
1132,2019-12-11,2.5,2.49,2.5,2.47,308666,83503962.0,1.2,0.0,0.0,0.17
1133,2019-12-12,2.49,2.47,2.49,2.46,330570,89184000.0,1.2,-0.8,-0.02,0.19
1134,2019-12-13,2.48,2.51,2.51,2.48,359964,97663569.0,1.21,1.62,0.04,0.2
1135,2019-12-16,2.51,2.52,2.53,2.49,388792,106084198.0,1.59,0.4,0.01,0.22
1136,2019-12-17,2.52,2.56,2.58,2.51,611883,169495683.0,2.78,1.59,0.04,0.34
1137,2019-12-18,2.55,2.54,2.57,2.53,470106,130232237.0,1.56,-0.78,-0.02,0.26
1138,2019-12-19,2.55,2.55,2.57,2.54,349432,97074990.0,1.18,0.39,0.01,0.2
1139,2019-12-20,2.54,2.54,2.56,2.53,334832,92598013.0,1.18,-0.39,-0.01,0.19
1140,2019-12-23,2.53,2.49,2.54,2.48,350966,95969572.0,2.36,-1.97,-0.05,0.2
1141,2019-12-24,2.49,2.51,2.51,2.48,228218,61989011.0,1.2,0.8,0.02,0.13
1142,2019-12-25,2.5,2.49,2.51,2.48,187574,50808904.0,1.2,-0.8,-0.02,0.11
1143,2019-12-26,2.49,2.52,2.54,2.48,323450,88382686.0,2.41,1.2,0.03,0.18
1144,2019-12-27,2.52,2.54,2.58,2.51,668958,184966997.0,2.78,0.79,0.02,0.37
1145,2019-12-30,2.53,2.56,2.57,2.52,571134,158105979.0,1.97,0.79,0.02,0.32
1146,2019-12-31,2.56,2.58,2.6,2.54,665922,185477653.0,2.34,0.78,0.02,0.37
1147,2020-01-02,2.6,2.63,2.69,2.59,1041348,297798000.0,3.88,1.94,0.05,0.58
1148,2020-01-03,2.63,2.62,2.64,2.6,491399,139769567.0,1.52,-0.38,-0.01,0.28
1149,2020-01-06,2.59,2.61,2.65,2.58,598627,169961138.0,2.67,-0.38,-0.01,0.34
1150,2020-01-07,2.62,2.62,2.64,2.6,452421,128468213.0,1.53,0.38,0.01,0.25
1151,2020-01-08,2.61,2.56,2.62,2.55,625163,175198745.0,2.67,-2.29,-0.06,0.35
1152,2020-01-09,2.58,2.59,2.6,2.57,370170,103789383.0,1.17,1.17,0.03,0.21
1153,2020-01-10,2.59,2.57,2.6,2.56,266642,74478912.0,1.54,-0.77,-0.02,0.15
1154,2020-01-13,2.56,2.59,2.6,2.55,398470,111401242.0,1.95,0.78,0.02,0.22
1155,2020-01-14,2.59,2.6,2.62,2.59,328533,92821242.0,1.16,0.39,0.01,0.18
1156,2020-01-15,2.61,2.57,2.61,2.56,289892,81011776.0,1.92,-1.15,-0.03,0.16
1157,2020-01-16,2.57,2.57,2.59,2.54,494417,137557275.0,1.95,0.0,0.0,0.28
1158,2020-01-17,2.57,2.57,2.58,2.55,274232,76292861.0,1.17,0.0,0.0,0.15
1159,2020-01-20,2.57,2.57,2.58,2.54,305209,85026749.0,1.56,0.0,0.0,0.17
1160,2020-01-21,2.57,2.56,2.58,2.54,355074,98470655.0,1.56,-0.39,-0.01,0.2
1161,2020-01-22,2.55,2.55,2.56,2.52,329680,91078475.0,1.56,-0.39,-0.01,0.18
1162,2020-01-23,2.54,2.47,2.55,2.46,455918,123889082.0,3.53,-3.14,-0.08,0.26
1163,2020-02-03,2.2,2.2,2.2,2.2,403571,97664182.0,0.0,-10.93,-0.27,0.23
1164,2020-02-04,2.11,2.18,2.23,2.11,810240,194685760.0,5.45,-0.91,-0.02,0.45
1165,2020-02-05,2.18,2.2,2.25,2.18,573847,139560250.0,3.21,0.92,0.02,0.32
1166,2020-02-06,2.21,2.23,2.24,2.18,521070,126427844.0,2.73,1.36,0.03,0.29
1167,2020-02-07,2.21,2.24,2.26,2.18,577940,140252990.0,3.59,0.45,0.01,0.32
1168,2020-02-10,2.22,2.26,2.27,2.2,523477,128754455.0,3.13,0.89,0.02,0.29
1169,2020-02-11,2.26,2.27,2.31,2.24,557313,139298012.0,3.1,0.44,0.01,0.31
1170,2020-02-12,2.26,2.34,2.36,2.25,740357,187260043.0,4.85,3.08,0.07,0.41
1171,2020-02-13,2.32,2.29,2.36,2.29,605082,153577429.0,2.99,-2.14,-0.05,0.34
1172,2020-02-14,2.29,2.3,2.33,2.28,395872,99846551.0,2.18,0.44,0.01,0.22
1173,2020-02-17,2.3,2.34,2.35,2.29,565826,144072460.0,2.61,1.74,0.04,0.32
1174,2020-02-18,2.34,2.34,2.36,2.32,537559,137347139.0,1.71,0.0,0.0,0.3
1175,2020-02-19,2.33,2.32,2.36,2.32,586567,149803993.0,1.71,-0.85,-0.02,0.33
1176,2020-02-20,2.32,2.36,2.37,2.32,673343,172458650.0,2.16,1.72,0.04,0.38
1177,2020-02-21,2.35,2.35,2.38,2.34,601940,155146334.0,1.69,-0.42,-0.01,0.34
1178,2020-02-24,2.34,2.32,2.36,2.32,610442,155830991.0,1.7,-1.28,-0.03,0.34
1179,2020-02-25,2.28,2.26,2.29,2.22,797119,197496777.0,3.02,-2.59,-0.06,0.45
1180,2020-02-26,2.23,2.51,2.51,2.22,2750147,728612272.0,12.83,11.06,0.25,1.54
1181,2020-02-27,2.58,2.52,2.6,2.47,3283547,905497216.0,5.18,0.4,0.01,1.84
1182,2020-02-28,2.44,2.5,2.64,2.42,2651147,732902976.0,8.73,-0.79,-0.02,1.49
1183,2020-03-02,2.52,2.77,2.77,2.52,4095564,1201409312.0,10.0,10.8,0.27,2.29
1184,2020-03-03,2.8,2.73,2.86,2.69,3936224,1170947984.0,6.14,-1.44,-0.04,2.2
1185,2020-03-04,2.69,2.73,2.79,2.66,2007174,589889984.0,4.76,0.0,0.0,1.12
1186,2020-03-05,2.74,2.69,2.75,2.67,1884031,549272608.0,2.93,-1.47,-0.04,1.06
1187,2020-03-06,2.65,2.59,2.68,2.59,1324907,375648112.0,3.35,-3.72,-0.1,0.74
1188,2020-03-09,2.54,2.5,2.56,2.49,1238647,340183616.0,2.7,-3.47,-0.09,0.69
1189,2020-03-10,2.48,2.56,2.58,2.48,1099528,303381488.0,4.0,2.4,0.06,0.62
1190,2020-03-11,2.55,2.52,2.56,2.51,838767,231247974.0,1.95,-1.56,-0.04,0.47
1191,2020-03-12,2.5,2.47,2.53,2.44,787523,212844516.0,3.57,-1.98,-0.05,0.44
1192,2020-03-13,2.34,2.44,2.47,2.33,907719,238470930.0,5.67,-1.21,-0.03,0.51
1193,2020-03-16,2.48,2.43,2.53,2.42,928413,250224608.0,4.51,-0.41,-0.01,0.52
1194,2020-03-17,2.43,2.46,2.49,2.38,618647,164405504.0,4.53,1.23,0.03,0.35
1195,2020-03-18,2.47,2.4,2.51,2.4,667869,179303539.0,4.47,-2.44,-0.06,0.37
1196,2020-03-19,2.38,2.39,2.43,2.35,598384,156097255.0,3.33,-0.42,-0.01,0.34
1197,2020-03-20,2.41,2.41,2.44,2.38,559781,147388621.0,2.51,0.84,0.02,0.31
1198,2020-03-23,2.36,2.36,2.39,2.32,537160,138514235.0,2.9,-2.07,-0.05,0.3
1199,2020-03-24,2.39,2.39,2.41,2.34,439449,114221303.0,2.97,1.27,0.03,0.25
1200,2020-03-25,2.43,2.41,2.44,2.39,489576,129079886.0,2.09,0.84,0.02,0.27
1201,2020-03-26,2.4,2.36,2.4,2.35,427129,110907234.0,2.07,-2.07,-0.05,0.24
1202,2020-03-27,2.39,2.43,2.49,2.36,1027561,273251072.0,5.51,2.97,0.07,0.58
1203,2020-03-30,2.4,2.42,2.46,2.39,552898,146496081.0,2.88,-0.41,-0.01,0.31
1204,2020-03-31,2.44,2.4,2.45,2.4,434497,114454344.0,2.07,-0.83,-0.02,0.24
1205,2020-04-01,2.41,2.36,2.45,2.35,540595,141598170.0,4.17,-1.67,-0.04,0.3
1206,2020-04-02,2.34,2.39,2.39,2.33,341793,88419687.0,2.54,1.27,0.03,0.19
1207,2020-04-03,2.39,2.36,2.39,2.34,291578,75242086.0,2.09,-1.26,-0.03,0.16
1208,2020-04-07,2.4,2.4,2.41,2.38,430722,112837477.0,1.27,1.69,0.04,0.24
1209,2020-04-08,2.39,2.41,2.42,2.38,363821,95359822.0,1.67,0.42,0.01,0.2
1210,2020-04-09,2.42,2.41,2.43,2.4,343233,90452067.0,1.24,0.0,0.0,0.19
1211,2020-04-10,2.41,2.38,2.41,2.36,255445,66506933.0,2.07,-1.24,-0.03,0.14
1212,2020-04-13,2.38,2.37,2.38,2.36,190180,49213479.0,0.84,-0.42,-0.01,0.11
1213,2020-04-14,2.38,2.38,2.39,2.37,293496,76366980.0,0.84,0.42,0.01,0.16
1214,2020-04-15,2.38,2.37,2.39,2.36,263173,68188456.0,1.26,-0.42,-0.01,0.15
1215,2020-04-16,2.35,2.35,2.36,2.34,296125,76087453.0,0.84,-0.84,-0.02,0.17
1216,2020-04-17,2.36,2.4,2.43,2.35,700491,182887768.0,3.4,2.13,0.05,0.39
1217,2020-04-20,2.4,2.39,2.42,2.38,411200,107524384.0,1.67,-0.42,-0.01,0.23
1218,2020-04-21,2.37,2.37,2.38,2.34,310384,80129531.0,1.67,-0.84,-0.02,0.17
1219,2020-04-22,2.35,2.36,2.37,2.35,243067,62698919.0,0.84,-0.42,-0.01,0.14
1220,2020-04-23,2.36,2.36,2.37,2.35,217310,55994805.0,0.85,0.0,0.0,0.12
1221,2020-04-24,2.35,2.32,2.36,2.31,272023,69363210.0,2.12,-1.69,-0.04,0.15
1222,2020-04-27,2.33,2.33,2.36,2.32,218239,55837863.0,1.72,0.43,0.01,0.12
1223,2020-04-28,2.33,2.29,2.34,2.24,315359,79099656.0,4.29,-1.72,-0.04,0.18
1224,2020-04-29,2.29,2.3,2.31,2.28,149890,37776688.0,1.31,0.44,0.01,0.08
1225,2020-04-30,2.32,2.35,2.37,2.31,384346,98829597.0,2.61,2.17,0.05,0.22
1226,2020-05-06,2.34,2.38,2.4,2.34,603969,156840149.0,2.55,1.28,0.03,0.34
1227,2020-05-07,2.37,2.38,2.4,2.35,421505,109356715.0,2.1,0.0,0.0,0.24
1228,2020-05-08,2.38,2.38,2.4,2.37,436235,113685714.0,1.26,0.0,0.0,0.24
1229,2020-05-11,2.38,2.4,2.43,2.38,705361,184909440.0,2.1,0.84,0.02,0.4
1230,2020-05-12,2.39,2.39,2.4,2.36,542318,140952062.0,1.67,-0.42,-0.01,0.3
1231,2020-05-13,2.38,2.42,2.43,2.36,847434,221698854.0,2.93,1.26,0.03,0.47
1232,2020-05-14,2.4,2.38,2.4,2.38,282553,73695219.0,0.83,-1.65,-0.04,0.16
1233,2020-05-15,2.38,2.37,2.4,2.37,250207,65230394.0,1.26,-0.42,-0.01,0.14
1234,2020-05-18,2.39,2.38,2.41,2.37,383033,99990941.0,1.69,0.42,0.01,0.21
1235,2020-05-19,2.4,2.38,2.41,2.38,306312,79920253.0,1.26,0.0,0.0,0.17
1236,2020-05-20,2.38,2.37,2.38,2.35,298090,76983354.0,1.26,-0.42,-0.01,0.17
1237,2020-05-21,2.37,2.33,2.38,2.33,447444,114654571.0,2.11,-1.69,-0.04,0.25
1238,2020-05-22,2.33,2.31,2.34,2.29,398548,100953135.0,2.15,-0.86,-0.02,0.22
1239,2020-05-25,2.31,2.32,2.34,2.3,241075,61478656.0,1.73,0.43,0.01,0.14
1240,2020-05-26,2.33,2.32,2.34,2.31,249433,63461322.0,1.29,0.0,0.0,0.14
1241,2020-05-27,2.32,2.3,2.33,2.29,192134,48500488.0,1.72,-0.86,-0.02,0.11
1242,2020-05-28,2.3,2.3,2.32,2.29,185802,46922377.0,1.3,0.0,0.0,0.1
1243,2020-05-29,2.3,2.28,2.31,2.28,439225,110211291.0,1.3,-0.87,-0.02,0.25
1244,2020-06-01,2.29,2.32,2.33,2.28,462291,117226582.0,2.19,1.75,0.04,0.26
1245,2020-06-02,2.32,2.35,2.39,2.32,505826,130088098.0,3.02,1.29,0.03,0.28
1246,2020-06-03,2.34,2.34,2.38,2.33,335541,86202482.0,2.13,-0.43,-0.01,0.19
1247,2020-06-04,2.35,2.35,2.37,2.32,307764,78916152.0,2.14,0.43,0.01,0.17
1248,2020-06-05,2.35,2.33,2.35,2.32,203925,52062371.0,1.28,-0.85,-0.02,0.11
1249,2020-06-08,2.34,2.32,2.35,2.32,216252,55163858.0,1.29,-0.43,-0.01,0.12
1250,2020-06-09,2.32,2.33,2.34,2.31,265008,67428876.0,1.29,0.43,0.01,0.15
1251,2020-06-10,2.33,2.3,2.33,2.3,264385,66942004.0,1.29,-1.29,-0.03,0.15
1252,2020-06-11,2.3,2.31,2.32,2.29,365109,92161575.0,1.3,0.43,0.01,0.2
1253,2020-06-12,2.28,2.29,2.3,2.27,517019,129373439.0,1.3,-0.87,-0.02,0.29
1254,2020-06-15,2.28,2.26,2.29,2.25,446131,111031193.0,1.75,-1.31,-0.03,0.25
1255,2020-06-16,2.27,2.3,2.32,2.27,552584,139067834.0,2.21,1.77,0.04,0.31
1256,2020-06-17,2.3,2.3,2.32,2.28,338725,85308076.0,1.74,0.0,0.0,0.19
1257,2020-06-18,2.29,2.32,2.36,2.28,479033,121889432.0,3.48,0.87,0.02,0.27
1258,2020-06-19,2.32,2.34,2.34,2.31,434355,110670479.0,1.29,0.86,0.02,0.24
1259,2020-06-22,2.33,2.31,2.34,2.31,374519,95064015.0,1.28,-1.28,-0.03,0.21
1260,2020-06-23,2.31,2.3,2.32,2.29,256123,64555402.0,1.3,-0.43,-0.01,0.14
1261,2020-06-24,2.3,2.3,2.31,2.29,288583,72677103.0,0.87,0.0,0.0,0.16
1262,2020-06-29,2.29,2.28,2.3,2.27,270644,67761960.0,1.3,-0.87,-0.02,0.15
1263,2020-06-30,2.29,2.29,2.3,2.28,250361,62870406.0,0.88,0.44,0.01,0.14
1264,2020-07-01,2.29,2.34,2.35,2.28,748609,190174429.0,3.06,2.18,0.05,0.42
1265,2020-07-02,2.33,2.41,2.41,2.32,1164241,301463552.0,3.85,2.99,0.07,0.65
1266,2020-07-03,2.42,2.49,2.53,2.42,1606619,434072240.0,4.56,3.32,0.08,0.9
1267,2020-07-06,2.54,2.73,2.76,2.54,3014784,873754912.0,8.84,9.64,0.24,1.69
1268,2020-07-07,2.81,2.75,2.93,2.69,3379387,1014314576.0,8.79,0.73,0.02,1.89
1269,2020-07-08,2.72,2.79,2.81,2.69,2640266,784093712.0,4.36,1.45,0.04,1.48
1270,2020-07-09,2.78,2.79,2.8,2.71,2132064,635973824.0,3.23,0.0,0.0,1.19
1271,2020-07-10,2.76,2.69,2.79,2.68,1741808,514017104.0,3.94,-3.58,-0.1,0.98
1272,2020-07-13,2.69,2.76,2.79,2.68,1781104,527765536.0,4.09,2.6,0.07,1.0
1273,2020-07-14,2.76,2.73,2.79,2.7,1444959,428406064.0,3.26,-1.09,-0.03,0.81
1274,2020-07-15,2.76,2.68,2.77,2.67,1141625,334498512.0,3.66,-1.83,-0.05,0.64
1275,2020-07-16,2.69,2.61,2.72,2.61,1255160,363714896.0,4.1,-2.61,-0.07,0.7
1276,2020-07-17,2.64,2.58,2.64,2.56,957604,263076813.0,3.07,-1.15,-0.03,0.54
1277,2020-07-20,2.6,2.72,2.73,2.6,1201558,340618816.0,5.04,5.43,0.14,0.67
1278,2020-07-21,2.74,2.77,2.85,2.73,1627791,480079936.0,4.41,1.84,0.05,0.91
1279,2020-07-22,2.8,2.74,2.81,2.72,1085826,316560848.0,3.25,-1.08,-0.03,0.61
1280,2020-07-23,2.72,2.71,2.74,2.64,1031443,293695504.0,3.65,-1.09,-0.03,0.58
1281,2020-07-24,2.71,2.64,2.76,2.62,892127,252432532.0,5.17,-2.58,-0.07,0.5
1282,2020-07-27,2.65,2.61,2.67,2.59,553070,153254477.0,3.03,-1.14,-0.03,0.31
1283,2020-07-28,2.64,2.62,2.66,2.61,524717,146048564.0,1.92,0.38,0.01,0.29
1284,2020-07-29,2.62,2.66,2.68,2.58,657658,183773165.0,3.82,1.53,0.04,0.37
1285,2020-07-30,2.67,2.67,2.69,2.64,665819,187427223.0,1.88,0.38,0.01,0.37
1286,2020-07-31,2.67,2.65,2.7,2.61,878168,245611070.0,3.37,-0.75,-0.02,0.49
1287,2020-08-03,2.65,2.68,2.68,2.65,926636,260667609.0,1.13,1.13,0.03,0.52
1288,2020-08-04,2.68,2.7,2.74,2.64,1197797,340851808.0,3.73,0.75,0.02,0.67
1289,2020-08-05,2.69,2.67,2.7,2.64,819718,230982383.0,2.22,-1.11,-0.03,0.46
1290,2020-08-06,2.68,2.66,2.69,2.63,656647,184272686.0,2.25,-0.37,-0.01,0.37
1291,2020-08-07,2.66,2.64,2.67,2.62,681148,190457140.0,1.88,-0.75,-0.02,0.38
1292,2020-08-10,2.65,2.72,2.77,2.64,1553596,445020816.0,4.92,3.03,0.08,0.87
1293,2020-08-11,2.73,2.68,2.76,2.67,1047618,300460816.0,3.31,-1.47,-0.04,0.59
1294,2020-08-12,2.67,2.73,2.76,2.66,1367169,391818064.0,3.73,1.87,0.05,0.77
1295,2020-08-13,2.73,2.73,2.77,2.71,729147,210374970.0,2.2,0.0,0.0,0.41
1296,2020-08-14,2.73,2.75,2.75,2.69,638190,182874907.0,2.2,0.73,0.02,0.36
1297,2020-08-17,2.75,2.8,2.83,2.73,1647848,483285696.0,3.64,1.82,0.05,0.92
1298,2020-08-18,2.79,2.77,2.8,2.75,935120,273301680.0,1.79,-1.07,-0.03,0.52
1299,2020-08-19,2.76,2.74,2.8,2.73,953157,277532304.0,2.53,-1.08,-0.03,0.53
1300,2020-08-20,2.73,2.73,2.76,2.72,758551,218974842.0,1.46,-0.36,-0.01,0.42
1301,2020-08-21,2.74,2.74,2.76,2.72,477008,137646298.0,1.47,0.37,0.01,0.27
1302,2020-08-24,2.74,2.72,2.75,2.71,512200,147101853.0,1.46,-0.73,-0.02,0.29
1303,2020-08-25,2.72,2.68,2.73,2.68,441080,125822683.0,1.84,-1.47,-0.04,0.25
1304,2020-08-26,2.69,2.64,2.7,2.62,617251,173336525.0,2.99,-1.49,-0.04,0.35
1305,2020-08-27,2.64,2.64,2.66,2.62,386674,107671335.0,1.52,0.0,0.0,0.22
1306,2020-08-28,2.63,2.67,2.68,2.62,569893,159375673.0,2.27,1.14,0.03,0.32
1307,2020-08-31,2.69,2.67,2.73,2.66,1013050,288372992.0,2.62,0.0,0.0,0.57
1308,2020-09-01,2.67,2.69,2.7,2.66,716454,202956227.0,1.5,0.75,0.02,0.4
1309,2020-09-02,2.69,2.68,2.72,2.66,514900,146273245.0,2.23,-0.37,-0.01,0.29
1310,2020-09-03,2.69,2.66,2.7,2.65,538241,151893679.0,1.87,-0.75,-0.02,0.3
1311,2020-09-04,2.64,2.64,2.65,2.62,358962,100042504.0,1.13,-0.75,-0.02,0.2
1312,2020-09-07,2.65,2.63,2.67,2.62,474921,132742912.0,1.89,-0.38,-0.01,0.27
1313,2020-09-08,2.64,2.67,2.67,2.62,552667,154683571.0,1.9,1.52,0.04,0.31
1314,2020-09-09,2.64,2.73,2.77,2.64,1454123,417701312.0,4.87,2.25,0.06,0.81
1315,2020-09-10,2.73,2.65,2.74,2.63,857507,242506509.0,4.03,-2.93,-0.08,0.48
1316,2020-09-11,2.63,2.63,2.65,2.61,505382,140343768.0,1.51,-0.75,-0.02,0.28
1317,2020-09-14,2.64,2.63,2.65,2.61,407068,112912015.0,1.52,0.0,0.0,0.23
1318,2020-09-15,2.64,2.64,2.64,2.61,333412,92533707.0,1.14,0.38,0.01,0.19
1319,2020-09-16,2.63,2.64,2.67,2.61,459442,128280167.0,2.27,0.0,0.0,0.26
1320,2020-09-17,2.63,2.63,2.65,2.62,394053,109691153.0,1.14,-0.38,-0.01,0.22
1321,2020-09-18,2.64,2.7,2.72,2.63,949402,269513344.0,3.42,2.66,0.07,0.53
1322,2020-09-21,2.71,2.68,2.73,2.66,622756,176866284.0,2.59,-0.74,-0.02,0.35
1323,2020-09-22,2.66,2.63,2.68,2.62,490120,137198212.0,2.24,-1.87,-0.05,0.27
1324,2020-09-23,2.64,2.63,2.65,2.62,437072,121600811.0,1.14,0.0,0.0,0.24
1325,2020-09-24,2.62,2.58,2.63,2.57,577103,158292544.0,2.28,-1.9,-0.05,0.32
1326,2020-09-25,2.58,2.56,2.58,2.55,347028,94049883.0,1.16,-0.78,-0.02,0.19
1327,2020-09-28,2.56,2.56,2.58,2.55,196247,53247711.0,1.17,0.0,0.0,0.11
1328,2020-09-29,2.56,2.53,2.57,2.51,408431,109881247.0,2.34,-1.17,-0.03,0.23
1329,2020-09-30,2.53,2.5,2.54,2.47,403425,107170824.0,2.77,-1.19,-0.03,0.23
1330,2020-10-09,2.52,2.54,2.55,2.52,323946,86969334.0,1.2,1.6,0.04,0.18
1331,2020-10-12,2.54,2.59,2.61,2.54,657090,179431407.0,2.76,1.97,0.05,0.37
1332,2020-10-13,2.59,2.57,2.6,2.56,347895,94690400.0,1.54,-0.77,-0.02,0.19
1333,2020-10-14,2.57,2.55,2.58,2.53,343769,92695653.0,1.95,-0.78,-0.02,0.19
1334,2020-10-15,2.55,2.52,2.56,2.52,487515,130828939.0,1.57,-1.18,-0.03,0.27
1335,2020-10-16,2.52,2.54,2.55,2.51,403772,108256554.0,1.59,0.79,0.02,0.23
1336,2020-10-19,2.54,2.53,2.58,2.51,498981,134368023.0,2.76,-0.39,-0.01,0.28
1337,2020-10-20,2.52,2.51,2.52,2.48,445822,118208954.0,1.58,-0.79,-0.02,0.25
1338,2020-10-21,2.52,2.53,2.53,2.49,330250,87850360.0,1.59,0.8,0.02,0.18
1339,2020-10-22,2.53,2.5,2.53,2.49,287797,76475449.0,1.58,-1.19,-0.03,0.16
1340,2020-10-23,2.5,2.53,2.55,2.5,494340,132406541.0,2.0,1.2,0.03,0.28
1341,2020-10-26,2.54,2.51,2.55,2.5,381542,101987221.0,1.98,-0.79,-0.02,0.21
1342,2020-10-27,2.5,2.49,2.51,2.48,291888,77106523.0,1.2,-0.8,-0.02,0.16
1343,2020-10-28,2.49,2.48,2.5,2.45,342167,89636906.0,2.01,-0.4,-0.01,0.19
1344,2020-10-29,2.46,2.46,2.48,2.45,292877,76579085.0,1.21,-0.81,-0.02,0.16
1345,2020-10-30,2.47,2.44,2.5,2.43,455708,119077382.0,2.85,-0.81,-0.02,0.26
1346,2020-11-02,2.43,2.42,2.46,2.4,525650,135502586.0,2.46,-0.82,-0.02,0.29
1347,2020-11-03,2.43,2.46,2.47,2.42,532777,138362046.0,2.07,1.65,0.04,0.3
1348,2020-11-04,2.45,2.44,2.46,2.42,392839,101702437.0,1.63,-0.81,-0.02,0.22
1349,2020-11-05,2.46,2.47,2.48,2.44,597298,155747766.0,1.64,1.23,0.03,0.33
1350,2020-11-06,2.47,2.48,2.49,2.44,716665,187635414.0,2.02,0.4,0.01,0.4
1351,2020-11-09,2.49,2.52,2.54,2.48,844542,224832319.0,2.42,1.61,0.04,0.47
1352,2020-11-10,2.52,2.5,2.56,2.49,679134,181790263.0,2.78,-0.79,-0.02,0.38
1353,2020-11-11,2.5,2.55,2.59,2.49,1131463,305486448.0,4.0,2.0,0.05,0.63
1354,2020-11-12,2.54,2.5,2.55,2.5,547123,146070385.0,1.96,-1.96,-0.05,0.31
1355,2020-11-13,2.5,2.48,2.5,2.46,517273,135814233.0,1.6,-0.8,-0.02,0.29
1356,2020-11-16,2.49,2.57,2.57,2.48,1157478,311022912.0,3.63,3.63,0.09,0.65
1357,2020-11-17,2.57,2.55,2.59,2.54,819329,221972371.0,1.95,-0.78,-0.02,0.46
1358,2020-11-18,2.56,2.56,2.59,2.53,777197,211084355.0,2.35,0.39,0.01,0.44
1359,2020-11-19,2.56,2.56,2.58,2.53,579406,156481994.0,1.95,0.0,0.0,0.32
1360,2020-11-20,2.55,2.57,2.58,2.53,635576,171823159.0,1.95,0.39,0.01,0.36
1361,2020-11-23,2.57,2.7,2.77,2.57,2570739,728354816.0,7.78,5.06,0.13,1.44
1362,2020-11-24,2.69,2.71,2.74,2.67,1315242,374636368.0,2.59,0.37,0.01,0.74
1363,2020-11-25,2.71,2.61,2.71,2.61,1310106,368978976.0,3.69,-3.69,-0.1,0.73
1364,2020-11-26,2.62,2.6,2.63,2.58,666110,183039211.0,1.92,-0.38,-0.01,0.37
1365,2020-11-27,2.6,2.62,2.64,2.56,1127952,308892944.0,3.08,0.77,0.02,0.63
1366,2020-11-30,2.62,2.65,2.73,2.61,1744741,493783024.0,4.58,1.15,0.03,0.98
1367,2020-12-01,2.63,2.67,2.68,2.61,1056720,295348944.0,2.64,0.75,0.02,0.59
1368,2020-12-02,2.67,2.65,2.71,2.64,921293,259779442.0,2.62,-0.75,-0.02,0.52
1369,2020-12-03,2.66,2.63,2.66,2.62,737522,205233138.0,1.51,-0.75,-0.02,0.41
1370,2020-12-04,2.62,2.6,2.63,2.58,579625,159341442.0,1.9,-1.14,-0.03,0.32
1371,2020-12-07,2.6,2.54,2.61,2.53,810945,220301116.0,3.08,-2.31,-0.06,0.45
1372,2020-12-08,2.54,2.53,2.55,2.52,452643,121722841.0,1.18,-0.39,-0.01,0.25
1373,2020-12-09,2.53,2.5,2.54,2.5,463561,123708980.0,1.58,-1.19,-0.03,0.26
1374,2020-12-10,2.5,2.49,2.51,2.47,488973,129026030.0,1.6,-0.4,-0.01,0.27
1375,2020-12-11,2.5,2.46,2.51,2.45,576335,150998980.0,2.41,-1.2,-0.03,0.32
1376,2020-12-14,2.45,2.46,2.47,2.43,548109,142464112.0,1.63,0.0,0.0,0.31
1377,2020-12-15,2.45,2.45,2.46,2.43,345144,89460812.0,1.22,-0.41,-0.01,0.19
1378,2020-12-16,2.47,2.49,2.54,2.46,1046604,278330800.0,3.27,1.63,0.04,0.59
1379,2020-12-17,2.49,2.53,2.54,2.46,965222,255447994.0,3.21,1.61,0.04,0.54
1380,2020-12-18,2.52,2.71,2.8,2.51,3630235,1025661872.0,11.46,7.11,0.18,2.03
1381,2020-12-21,2.71,2.74,2.81,2.7,3128389,905470656.0,4.06,1.11,0.03,1.75
1382,2020-12-22,2.7,2.6,2.71,2.6,1840787,515132192.0,4.01,-5.11,-0.14,1.03
1383,2020-12-23,2.6,2.61,2.66,2.59,1037665,287445920.0,2.69,0.38,0.01,0.58
1384,2020-12-24,2.62,2.58,2.63,2.56,704939,193123017.0,2.68,-1.15,-0.03,0.39
1385,2020-12-25,2.58,2.67,2.68,2.55,1275731,354044624.0,5.04,3.49,0.09,0.71
1386,2020-12-28,2.66,2.63,2.71,2.61,1265118,354766128.0,3.75,-1.5,-0.04,0.71
1387,2020-12-29,2.63,2.56,2.64,2.54,1059542,289233120.0,3.8,-2.66,-0.07,0.59
1388,2020-12-30,2.56,2.56,2.59,2.55,777730,211486201.0,1.56,0.0,0.0,0.44
1389,2020-12-31,2.56,2.58,2.59,2.55,891469,242637963.0,1.56,0.78,0.02,0.5
1390,2021-01-04,2.57,2.64,2.67,2.55,1655442,456681536.0,4.65,2.33,0.06,0.93
1391,2021-01-05,2.62,2.65,2.69,2.58,1515518,420421776.0,4.17,0.38,0.01,0.85
1392,2021-01-06,2.63,2.69,2.73,2.61,1909354,540066096.0,4.53,1.51,0.04,1.07
1393,2021-01-07,2.69,2.8,2.85,2.66,3620011,1056423008.0,7.06,4.09,0.11,2.03
1394,2021-01-08,2.78,2.74,2.81,2.7,2135258,617903808.0,3.93,-2.14,-0.06,1.2
1395,2021-01-11,2.76,2.7,2.84,2.67,1961138,569753584.0,6.2,-1.46,-0.04,1.1
1396,2021-01-12,2.7,2.91,2.99,2.69,4511311,1373119728.0,11.11,7.78,0.21,2.53
1397,2021-01-13,2.88,3.11,3.21,2.84,6153724,1950987344.0,12.71,6.87,0.2,3.45
1398,2021-01-14,3.03,3.1,3.31,3.0,5371797,1783394048.0,9.97,-0.32,-0.01,3.01
1399,2021-01-15,3.08,3.12,3.22,3.01,3423518,1118644304.0,6.77,0.65,0.02,1.92
1400,2021-01-18,3.07,3.06,3.17,3.01,2590005,833810384.0,5.13,-1.92,-0.06,1.45
1401,2021-01-19,3.07,2.96,3.11,2.92,2877528,906329184.0,6.21,-3.27,-0.1,1.61
1402,2021-01-20,2.95,2.9,2.99,2.88,2312386,714277888.0,3.72,-2.03,-0.06,1.3
1403,2021-01-21,2.91,2.93,2.95,2.87,1937424,592984448.0,2.76,1.03,0.03,1.09
1404,2021-01-22,2.91,2.83,2.91,2.82,1757059,527877520.0,3.07,-3.41,-0.1,0.98
1405,2021-01-25,2.81,2.84,2.87,2.76,1854815,549341232.0,3.89,0.35,0.01,1.04
1406,2021-01-26,2.81,2.76,2.84,2.75,1289176,378557200.0,3.17,-2.82,-0.08,0.72
1407,2021-01-27,2.75,2.8,2.81,2.74,1487254,434850944.0,2.54,1.45,0.04,0.83
1408,2021-01-28,2.76,2.69,2.76,2.68,1064024,305366752.0,2.86,-3.93,-0.11,0.6
1409,2021-01-29,2.7,2.67,2.73,2.64,966209,273693088.0,3.35,-0.74,-0.02,0.54
1410,2021-02-01,2.67,2.71,2.71,2.65,785241,222336580.0,2.25,1.5,0.04,0.44
1411,2021-02-02,2.71,2.75,2.78,2.7,1030439,298790864.0,2.95,1.48,0.04,0.58
1412,2021-02-03,2.74,2.67,2.75,2.67,899605,256596936.0,2.91,-2.91,-0.08,0.5
1413,2021-02-04,2.68,2.58,2.69,2.51,1408288,384292496.0,6.74,-3.37,-0.09,0.79
1414,2021-02-05,2.57,2.56,2.61,2.55,779610,212188561.0,2.33,-0.78,-0.02,0.44
1415,2021-02-08,2.56,2.59,2.6,2.52,602226,163662441.0,3.13,1.17,0.03,0.34
1416,2021-02-09,2.58,2.68,2.69,2.57,968739,270509632.0,4.63,3.47,0.09,0.54
1417,2021-02-10,2.67,2.65,2.67,2.62,861815,240963934.0,1.87,-1.12,-0.03,0.48
1418,2021-02-18,2.81,2.79,2.87,2.73,2278937,670090672.0,5.28,5.28,0.14,1.28
1419,2021-02-19,2.84,3.08,3.08,2.8,4413082,1393844400.0,10.04,10.39,0.29,2.47
1420,2021-02-22,3.24,3.4,3.4,3.11,6173614,2149666672.0,9.42,10.39,0.32,3.46
1421,2021-02-23,3.4,3.34,3.58,3.3,6718816,2390417776.0,8.24,-1.76,-0.06,3.76
1422,2021-02-24,3.32,3.15,3.42,3.09,5981760,2015809280.0,9.88,-5.69,-0.19,3.35
1423,2021-02-25,3.27,3.23,3.4,3.16,4599008,1573170400.0,7.62,2.54,0.08,2.58
1424,2021-02-26,3.11,3.16,3.27,3.11,3286440,1094941744.0,4.95,-2.17,-0.07,1.84
1425,2021-03-01,3.19,3.22,3.27,3.09,3081434,1024996112.0,5.7,1.9,0.06,1.73
1426,2021-03-02,3.18,3.03,3.19,2.99,3026482,978057744.0,6.21,-5.9,-0.19,1.7
1427,2021-03-03,3.05,3.13,3.15,2.99,2691428,870648880.0,5.28,3.3,0.1,1.51
1428,2021-03-04,3.06,3.03,3.07,3.01,2297408,731921600.0,1.92,-3.19,-0.1,1.29
1429,2021-03-05,2.98,3.01,3.03,2.93,1568925,492709920.0,3.3,-0.66,-0.02,0.88
1430,2021-03-08,3.04,2.97,3.1,2.95,2009643,637683632.0,4.98,-1.33,-0.04,1.13
1431,2021-03-09,2.95,2.95,3.03,2.84,2129124,657104464.0,6.4,-0.67,-0.02,1.19
1432,2021-03-10,2.96,2.91,3.0,2.89,1484499,459724496.0,3.73,-1.36,-0.04,0.83
1433,2021-03-11,2.91,3.04,3.04,2.91,2148438,673816528.0,4.47,4.47,0.13,1.2
1434,2021-03-12,3.04,3.02,3.1,2.98,2042943,650585344.0,3.95,-0.66,-0.02,1.14
1435,2021-03-15,3.02,3.1,3.15,3.02,2284826,740592928.0,4.3,2.65,0.08,1.28
1436,2021-03-16,3.1,3.13,3.19,3.08,2007284,657631360.0,3.55,0.97,0.03,1.12
1437,2021-03-17,3.12,3.04,3.12,3.01,1503134,480343184.0,3.51,-2.88,-0.09,0.84
1438,2021-03-18,3.03,3.01,3.05,2.99,1181080,374277376.0,1.97,-0.99,-0.03,0.66
1439,2021-03-19,2.96,2.94,3.01,2.92,1396741,434379424.0,2.99,-2.33,-0.07,0.78
1440,2021-03-22,2.94,3.05,3.07,2.93,1515521,480387520.0,4.76,3.74,0.11,0.85
1441,2021-03-23,3.06,2.99,3.07,2.97,1214792,385140048.0,3.28,-1.97,-0.06,0.68
1442,2021-03-24,2.96,2.92,2.98,2.91,1395039,430167088.0,2.34,-2.34,-0.07,0.78
1443,2021-03-25,2.91,2.92,2.96,2.9,776329,239265340.0,2.05,0.0,0.0,0.43
1444,2021-03-26,2.94,2.96,2.96,2.92,820546,253905693.0,1.37,1.37,0.04,0.46
1445,2021-03-29,2.97,2.98,2.98,2.94,785997,244611537.0,1.35,0.68,0.02,0.44
1446,2021-03-30,2.96,2.96,2.98,2.94,918740,286084976.0,1.34,-0.67,-0.02,0.51
1447,2021-03-31,2.98,3.27,3.27,2.97,3532183,1171951088.0,10.14,10.47,0.31,1.98
1448,2021-04-01,3.35,3.27,3.39,3.2,4467210,1531544496.0,5.81,0.0,0.0,2.5
1449,2021-04-02,3.27,3.24,3.3,3.17,2241490,755783328.0,3.98,-0.92,-0.03,1.26
1450,2021-04-06,3.23,3.22,3.29,3.21,1490493,505108304.0,2.47,-0.62,-0.02,0.83
1451,2021-04-07,3.23,3.31,3.36,3.17,2200814,754561584.0,5.9,2.8,0.09,1.23
1452,2021-04-08,3.28,3.28,3.33,3.24,1427765,489259040.0,2.72,-0.91,-0.03,0.8
1453,2021-04-09,3.32,3.28,3.4,3.24,1846243,639683136.0,4.88,0.0,0.0,1.03
1454,2021-04-12,3.28,3.3,3.4,3.22,2261270,787468160.0,5.49,0.61,0.02,1.27
1455,2021-04-13,3.27,3.19,3.28,3.18,1582886,532224240.0,3.03,-3.33,-0.11,0.89
1456,2021-04-14,3.21,3.21,3.23,3.15,963273,322722288.0,2.51,0.63,0.02,0.54
1457,2021-04-15,3.21,3.25,3.27,3.19,1074279,363091408.0,2.49,1.25,0.04,0.6
1458,2021-04-16,3.27,3.25,3.28,3.22,1023830,348371600.0,1.85,0.0,0.0,0.57
1459,2021-04-19,3.25,3.28,3.3,3.21,1269606,433697584.0,2.77,0.92,0.03,0.71
1460,2021-04-20,3.26,3.19,3.27,3.17,1417148,475345552.0,3.05,-2.74,-0.09,0.79
1461,2021-04-21,3.17,3.11,3.19,3.07,1154535,376578176.0,3.76,-2.51,-0.08,0.65
1462,2021-04-22,3.14,3.14,3.2,3.12,957588,316557680.0,2.57,0.96,0.03,0.54
1463,2021-04-23,3.12,3.09,3.13,3.05,895621,289821392.0,2.55,-1.59,-0.05,0.5
1464,2021-04-26,3.08,3.06,3.13,3.06,823109,266880710.0,2.27,-0.97,-0.03,0.46
1465,2021-04-27,3.05,3.07,3.09,3.03,744831,238795626.0,1.96,0.33,0.01,0.42
1466,2021-04-28,3.06,3.09,3.1,3.05,615527,198836416.0,1.63,0.65,0.02,0.34
1467,2021-04-29,3.08,3.12,3.14,3.06,927343,302145232.0,2.59,0.97,0.03,0.52
1468,2021-04-30,3.09,2.93,3.1,2.91,2370396,741085936.0,6.09,-6.09,-0.19,1.33
1469,2021-05-06,2.93,2.97,2.98,2.92,1227571,381136224.0,2.05,1.37,0.04,0.69
1470,2021-05-07,2.96,3.05,3.15,2.95,1991426,639017696.0,6.73,2.69,0.08,1.12
1471,2021-05-10,3.08,3.18,3.18,3.07,2052154,673131152.0,3.61,4.26,0.13,1.15
1472,2021-05-11,3.14,3.05,3.14,3.0,1632952,523203200.0,4.4,-4.09,-0.13,0.91
1473,2021-05-12,3.04,3.04,3.06,3.0,1085339,344716848.0,1.97,-0.33,-0.01,0.61
1474,2021-05-13,3.01,2.98,3.03,2.96,1098598,344984112.0,2.3,-1.97,-0.06,0.62
1475,2021-05-14,2.99,3.01,3.01,2.96,845585,265613096.0,1.68,1.01,0.03,0.47
1476,2021-05-17,3.0,3.0,3.03,2.98,742181,233957246.0,1.66,-0.33,-0.01,0.42
1477,2021-05-18,3.01,3.02,3.02,2.99,475197,150005365.0,1.0,0.67,0.02,0.27
1478,2021-05-19,3.0,2.97,3.01,2.97,594547,186076456.0,1.32,-1.66,-0.05,0.33
1479,2021-05-20,2.94,2.92,2.95,2.9,923962,283823056.0,1.68,-1.68,-0.05,0.52
1480,2021-05-21,2.92,2.91,2.95,2.91,640512,196923125.0,1.37,-0.34,-0.01,0.36
1481,2021-05-24,2.9,2.87,2.94,2.87,986692,300236160.0,2.41,-1.37,-0.04,0.55
1482,2021-05-25,2.88,2.92,2.93,2.85,935010,284967664.0,2.79,1.74,0.05,0.52
1483,2021-05-26,2.92,2.93,2.94,2.9,771340,236997707.0,1.37,0.34,0.01,0.43
1484,2021-05-27,2.93,2.94,2.95,2.9,839155,257991364.0,1.71,0.34,0.01,0.47
1485,2021-05-28,2.95,2.92,2.96,2.91,698414,215264046.0,1.7,-0.68,-0.02,0.39
1486,2021-05-31,2.93,2.88,2.93,2.87,790109,240197879.0,2.05,-1.37,-0.04,0.44
1487,2021-06-01,2.87,2.89,2.9,2.86,648635,196688714.0,1.39,0.35,0.01,0.36
1488,2021-06-02,2.88,2.86,2.89,2.86,577398,174407684.0,1.04,-1.04,-0.03,0.32
1489,2021-06-03,2.87,2.89,2.94,2.86,834391,254150071.0,2.8,1.05,0.03,0.47
1490,2021-06-04,2.88,2.88,2.9,2.85,641762,193827907.0,1.73,-0.35,-0.01,0.36
1491,2021-06-07,2.87,2.9,2.92,2.86,620308,188395037.0,2.08,0.69,0.02,0.35
1492,2021-06-08,2.89,2.87,2.91,2.87,505361,153315057.0,1.38,-1.03,-0.03,0.28
1493,2021-06-09,2.88,2.87,2.89,2.85,535530,161703473.0,1.39,0.0,0.0,0.3
1494,2021-06-10,2.87,2.86,2.89,2.86,610454,184496093.0,1.05,-0.35,-0.01,0.34
1495,2021-06-11,2.86,2.87,2.88,2.85,933428,281187472.0,1.05,0.35,0.01,0.52
1496,2021-06-15,2.87,2.8,2.87,2.78,960079,284257664.0,3.14,-2.44,-0.07,0.54
1497,2021-06-16,2.8,2.87,2.91,2.78,1270834,383209696.0,4.64,2.5,0.07,0.71
1498,2021-06-17,2.87,2.82,2.87,2.8,798789,237759190.0,2.44,-1.74,-0.05,0.45
1499,2021-06-18,2.82,2.82,2.84,2.79,550163,162825513.0,1.77,0.0,0.0,0.31
1500,2021-06-21,2.82,2.8,2.84,2.78,661178,195506918.0,2.13,-0.71,-0.02,0.37
1501,2021-06-22,2.8,2.84,2.87,2.79,841395,250870595.0,2.86,1.43,0.04,0.47
1502,2021-06-23,2.83,2.85,2.87,2.81,792542,237689502.0,2.11,0.35,0.01,0.44
1503,2021-06-24,2.84,2.87,2.9,2.82,725789,218950983.0,2.81,0.7,0.02,0.41
1504,2021-06-25,2.86,2.88,2.89,2.85,742849,224771807.0,1.39,0.35,0.01,0.42
1505,2021-06-28,2.88,2.87,2.91,2.86,664940,201867703.0,1.74,-0.35,-0.01,0.37
1506,2021-06-29,2.86,2.82,2.87,2.81,582724,173663168.0,2.09,-1.74,-0.05,0.33
1507,2021-06-30,2.82,2.83,2.84,2.81,393509,117139853.0,1.06,0.35,0.01,0.22
1508,2021-07-01,2.83,2.87,2.91,2.81,972273,292246752.0,3.53,1.41,0.04,0.54
1509,2021-07-02,2.85,2.81,2.87,2.8,817597,243269966.0,2.44,-2.09,-0.06,0.46
1510,2021-07-05,2.8,2.8,2.82,2.79,507498,149766538.0,1.07,-0.36,-0.01,0.28
1511,2021-07-06,2.79,2.84,2.85,2.78,710348,210943576.0,2.5,1.43,0.04,0.4
1512,2021-07-07,2.82,2.84,2.84,2.78,706467,209285620.0,2.11,0.0,0.0,0.4
1513,2021-07-08,2.83,2.81,2.88,2.81,623238,186477228.0,2.46,-1.06,-0.03,0.35
1514,2021-07-09,2.79,2.93,2.94,2.78,2159842,657670848.0,5.69,4.27,0.12,1.21
1515,2021-07-12,3.07,3.05,3.2,3.02,3569099,1159330624.0,6.14,4.1,0.12,2.0
1516,2021-07-13,3.09,3.05,3.18,3.03,2381660,774134240.0,4.92,0.0,0.0,1.33
1517,2021-07-14,3.06,3.02,3.1,2.99,1865172,594657264.0,3.61,-0.98,-0.03,1.04
1518,2021-07-15,3.0,3.02,3.05,2.94,1464309,460441040.0,3.64,0.0,0.0,0.82
1519,2021-07-16,3.04,3.11,3.17,3.02,2350440,748878000.0,4.97,2.98,0.09,1.32
1520,2021-07-19,3.09,3.03,3.14,3.0,1691048,529337440.0,4.5,-2.57,-0.08,0.95
1521,2021-07-20,3.01,3.34,3.34,2.98,3238396,1056694432.0,11.88,10.23,0.31,1.81
1522,2021-07-21,3.42,3.33,3.45,3.26,4940951,1692854096.0,5.69,-0.3,-0.01,2.77
1523,2021-07-22,3.31,3.5,3.67,3.28,7376111,2697921712.0,11.71,5.11,0.17,4.13
1524,2021-07-23,3.64,3.86,3.86,3.64,7535778,2934317104.0,6.29,10.29,0.36,4.22
1525,2021-07-26,4.12,3.93,4.14,3.72,10767421,4297758208.0,10.88,1.81,0.07,6.03
1526,2021-07-27,3.87,3.53,3.97,3.53,8415907,3213820496.0,11.2,-10.18,-0.4,4.71
1527,2021-07-28,3.45,3.56,3.76,3.38,6095548,2227166528.0,10.76,0.85,0.03,3.41
1528,2021-07-29,3.67,3.58,3.7,3.47,4904779,1798086192.0,6.46,0.56,0.02,2.75
1529,2021-07-30,3.55,3.66,3.77,3.45,5297951,1973447152.0,8.94,2.23,0.08,2.97
1530,2021-08-02,3.61,3.67,3.74,3.53,4279747,1591573600.0,5.74,0.27,0.01,2.4
1531,2021-08-03,3.67,3.79,3.96,3.63,7022231,2744542432.0,8.99,3.27,0.12,3.93
1532,2021-08-04,3.69,3.7,3.75,3.57,4309344,1612430336.0,4.75,-2.37,-0.09,2.41
1533,2021-08-05,3.65,3.56,3.65,3.5,3521579,1284801552.0,4.05,-3.78,-0.14,1.97
1534,2021-08-06,3.55,3.61,3.67,3.54,2741805,1014035488.0,3.65,1.4,0.05,1.54
1535,2021-08-09,3.58,3.6,3.64,3.52,2216290,811402960.0,3.32,-0.28,-0.01,1.24
1536,2021-08-10,3.61,3.57,3.62,3.53,1786662,651470832.0,2.5,-0.83,-0.03,1.0
1537,2021-08-11,3.58,3.61,3.72,3.55,2624200,975394336.0,4.76,1.12,0.04,1.47
1538,2021-08-12,3.62,3.71,3.78,3.56,3616821,1359537952.0,6.09,2.77,0.1,2.03
1539,2021-08-13,3.66,3.64,3.72,3.61,2451156,914677136.0,2.96,-1.89,-0.07,1.37
1540,2021-08-16,3.8,3.76,4.01,3.74,5186889,2038021056.0,7.42,3.3,0.12,2.91
1541,2021-08-17,3.79,3.97,4.13,3.75,7032742,2867542064.0,10.11,5.59,0.21,3.94
1542,2021-08-18,3.93,3.96,4.01,3.85,4577327,1836853776.0,4.03,-0.25,-0.01,2.56
1543,2021-08-19,3.93,3.78,3.93,3.73,3677227,1427967072.0,5.05,-4.55,-0.18,2.06
1544,2021-08-20,3.71,3.62,3.74,3.53,3882561,1431048064.0,5.56,-4.23,-0.16,2.17
1545,2021-08-23,3.6,3.7,3.72,3.58,2559258,955273152.0,3.87,2.21,0.08,1.43
1546,2021-08-24,3.68,3.9,3.94,3.66,4648329,1810387072.0,7.57,5.41,0.2,2.6
1547,2021-08-25,3.92,4.3,4.3,3.9,5766525,2463232256.0,10.26,10.26,0.4,3.23
1548,2021-08-26,4.43,4.42,4.6,4.27,7885838,3540469168.0,7.67,2.79,0.12,4.42
1549,2021-08-27,4.43,4.48,4.62,4.36,4787864,2167138272.0,5.88,1.36,0.06,2.68
1550,2021-08-30,4.58,4.47,4.63,4.37,4135912,1881469568.0,5.8,-0.22,-0.01,2.32
1551,2021-08-31,4.47,4.93,4.93,4.36,7409566,3516600096.0,12.75,10.29,0.46,4.15
1552,2021-09-01,4.97,4.83,5.19,4.69,9014694,4536600832.0,10.14,-2.03,-0.1,5.05
1553,2021-09-02,4.62,5.01,5.1,4.62,5406216,2703353696.0,9.94,3.73,0.18,3.03
1554,2021-09-03,4.92,4.86,5.2,4.82,4147423,2090585632.0,7.58,-2.99,-0.15,2.32
1555,2021-09-06,4.96,4.99,5.17,4.86,4706989,2403225872.0,6.38,2.67,0.13,2.64
1556,2021-09-07,4.95,5.24,5.35,4.89,5397182,2828187248.0,9.22,5.01,0.25,3.02
1557,2021-09-08,5.24,5.49,5.67,5.08,6230766,3359365280.0,11.26,4.77,0.25,3.49
1558,2021-09-09,5.39,5.72,5.79,5.24,5990117,3365891920.0,10.02,4.19,0.23,3.36
1559,2021-09-10,5.71,5.6,6.22,5.58,6914316,4093496112.0,11.19,-2.1,-0.12,3.87
1560,2021-09-13,5.66,5.82,5.92,5.58,5036153,2935056032.0,6.07,3.93,0.22,2.82
1561,2021-09-14,5.7,5.28,5.71,5.23,7258593,3938216528.0,8.25,-9.28,-0.54,4.07
1562,2021-09-15,5.19,5.21,5.31,5.09,3572672,1883237168.0,4.17,-1.33,-0.07,2.0
1563,2021-09-16,5.27,5.05,5.32,5.05,3418217,1792548688.0,5.18,-3.07,-0.16,1.91
1564,2021-09-17,5.03,5.06,5.17,4.88,2855157,1460873232.0,5.74,0.2,0.01,1.6
1565,2021-09-22,5.02,5.17,5.24,4.93,3154992,1641479904.0,6.13,2.17,0.11,1.77
1566,2021-09-23,5.23,5.2,5.34,5.04,3532079,1861861952.0,5.8,0.58,0.03,1.98
1567,2021-09-24,5.2,4.94,5.32,4.93,3159172,1640035152.0,7.5,-5.0,-0.26,1.77
1568,2021-09-27,4.82,4.44,4.93,4.44,4244538,1969589440.0,9.92,-10.12,-0.5,2.38
1569,2021-09-28,4.4,4.45,4.5,4.34,3012163,1352180128.0,3.6,0.23,0.01,1.69
1570,2021-09-29,4.4,4.28,4.47,4.19,2561092,1121950896.0,6.29,-3.82,-0.17,1.43
1571,2021-09-30,4.28,4.27,4.33,4.2,1724580,750030336.0,3.04,-0.23,-0.01,0.97
1572,2021-10-08,4.34,4.2,4.37,4.08,2683506,1145378576.0,6.79,-1.64,-0.07,1.5
1573,2021-10-11,4.18,4.13,4.23,4.1,1674658,711635824.0,3.1,-1.67,-0.07,0.94
1574,2021-10-12,4.12,4.01,4.16,3.93,2111857,868230032.0,5.57,-2.91,-0.12,1.18
1575,2021-10-13,4.02,3.93,4.02,3.88,1811891,727788560.0,3.49,-2.0,-0.08,1.01
1576,2021-10-14,3.93,3.95,4.04,3.89,1451817,587255584.0,3.82,0.51,0.02,0.81
1577,2021-10-15,3.98,3.94,4.02,3.9,1458234,587984128.0,3.04,-0.25,-0.01,0.82
1578,2021-10-18,3.96,4.07,4.1,3.95,2288771,941642688.0,3.81,3.3,0.13,1.28
1579,2021-10-19,4.06,4.15,4.24,4.02,2441823,1033508352.0,5.41,1.97,0.08,1.37
1580,2021-10-20,4.11,4.11,4.19,4.04,1444475,606433040.0,3.61,-0.96,-0.04,0.81
1581,2021-10-21,4.21,4.14,4.32,4.12,2363131,1015002416.0,4.87,0.73,0.03,1.32
1582,2021-10-22,4.11,3.98,4.15,3.97,1941822,802455120.0,4.35,-3.86,-0.16,1.09
1583,2021-10-25,3.95,4.11,4.14,3.94,1759280,731470608.0,5.03,3.27,0.13,0.99
1584,2021-10-26,4.11,4.14,4.36,4.09,2522725,1081945456.0,6.57,0.73,0.03,1.41
1585,2021-10-27,4.13,4.07,4.19,4.05,1344430,561665376.0,3.38,-1.69,-0.07,0.75
1586,2021-10-28,4.07,3.9,4.08,3.89,1721608,695445264.0,4.67,-4.18,-0.17,0.96
1587,2021-10-29,3.9,3.98,4.01,3.77,1462138,582636608.0,6.15,2.05,0.08,0.82
1588,2021-11-01,3.96,3.89,4.01,3.87,1614862,644939360.0,3.52,-2.26,-0.09,0.9
1589,2021-11-02,3.89,3.72,3.89,3.64,2257606,865086816.0,6.43,-4.37,-0.17,1.26
1590,2021-11-03,3.71,3.8,3.84,3.69,1191252,457874864.0,4.03,2.15,0.08,0.67
1591,2021-11-04,3.78,3.75,3.79,3.72,901474,344992352.0,1.84,-1.32,-0.05,0.5
1592,2021-11-05,3.72,3.63,3.74,3.61,1356676,506732304.0,3.47,-3.2,-0.12,0.76
1593,2021-11-08,3.65,3.72,3.76,3.62,1109753,420422688.0,3.86,2.48,0.09,0.62
1594,2021-11-09,3.74,3.7,3.74,3.65,819833,308674272.0,2.42,-0.54,-0.02,0.46
1595,2021-11-10,3.68,3.68,3.68,3.57,1114641,412159760.0,2.97,-0.54,-0.02,0.62
1596,2021-11-11,3.67,3.76,3.76,3.65,1121971,426136528.0,2.99,2.17,0.08,0.63
1597,2021-11-12,3.77,3.68,3.78,3.65,1020630,385702672.0,3.46,-2.13,-0.08,0.57
1598,2021-11-15,3.69,3.63,3.71,3.6,843440,313894672.0,2.99,-1.36,-0.05,0.47
1599,2021-11-16,3.65,3.53,3.65,3.52,1050105,384419984.0,3.58,-2.75,-0.1,0.59
1600,2021-11-17,3.54,3.61,3.62,3.5,992250,362111376.0,3.4,2.27,0.08,0.56
1601,2021-11-18,3.61,3.63,3.68,3.58,1052214,391571072.0,2.77,0.55,0.02,0.59
1602,2021-11-19,3.67,3.73,3.73,3.6,1387247,520573344.0,3.58,2.75,0.1,0.78
1603,2021-11-22,3.74,3.74,3.78,3.69,1304756,498762368.0,2.41,0.27,0.01,0.73
1604,2021-11-23,3.73,3.77,3.84,3.7,1459022,563717424.0,3.74,0.8,0.03,0.82
1605,2021-11-24,3.78,3.75,3.78,3.69,971214,370322768.0,2.39,-0.53,-0.02,0.54
1606,2021-11-25,3.78,3.85,3.93,3.77,2108316,831389312.0,4.27,2.67,0.1,1.18
1607,2021-11-26,3.82,3.8,3.89,3.77,1380709,537233392.0,3.12,-1.3,-0.05,0.77
1608,2021-11-29,3.71,3.7,3.74,3.66,1421694,536809808.0,2.11,-2.63,-0.1,0.8
1609,2021-11-30,3.72,3.71,3.79,3.69,1212620,462816128.0,2.7,0.27,0.01,0.68
1610,2021-12-01,3.72,3.74,3.74,3.67,980284,371348752.0,1.89,0.81,0.03,0.55
1611,2021-12-02,3.73,3.87,3.89,3.71,2314172,904333584.0,4.81,3.48,0.13,1.3
1612,2021-12-03,3.85,4.08,4.11,3.78,3522162,1425769648.0,8.53,5.43,0.21,1.97
1613,2021-12-06,4.08,4.02,4.18,4.0,2504485,1043212592.0,4.41,-1.47,-0.06,1.4
1614,2021-12-07,4.05,4.07,4.11,3.99,1816249,750816608.0,2.99,1.24,0.05,1.02
1615,2021-12-08,4.07,4.03,4.09,4.0,1330608,546346848.0,2.21,-0.98,-0.04,0.75
1616,2021-12-09,4.03,4.01,4.07,3.98,1406411,575845456.0,2.23,-0.5,-0.02,0.79
1617,2021-12-10,4.0,3.98,4.05,3.95,1348129,548020896.0,2.49,-0.75,-0.03,0.76
1618,2021-12-13,4.01,3.99,4.11,3.96,1902896,781697472.0,3.77,0.25,0.01,1.07
1619,2021-12-14,3.96,3.86,3.98,3.83,2016021,797940176.0,3.76,-3.26,-0.13,1.13
1620,2021-12-15,3.84,3.87,3.91,3.83,1156110,456678352.0,2.07,0.26,0.01,0.65
1621,2021-12-16,3.88,3.99,4.01,3.86,1691807,683372048.0,3.88,3.1,0.12,0.95
1622,2021-12-17,4.01,4.04,4.16,4.0,2209264,919658048.0,4.01,1.25,0.05,1.24
1623,2021-12-20,4.02,4.02,4.08,3.94,1752870,717020992.0,3.47,-0.5,-0.02,0.98
1624,2021-12-21,4.01,4.04,4.06,3.96,1360815,558207424.0,2.49,0.5,0.02,0.76
1625,2021-12-22,4.04,3.97,4.06,3.93,1593068,644862336.0,3.22,-1.73,-0.07,0.89
1626,2021-12-23,3.97,4.0,4.01,3.92,1257549,510510288.0,2.27,0.76,0.03,0.7
1627,2021-12-24,3.99,3.88,4.0,3.87,1354434,541395008.0,3.25,-3.0,-0.12,0.76
1628,2021-12-27,3.85,3.84,3.91,3.83,945365,372382176.0,2.06,-1.03,-0.04,0.53
1629,2021-12-28,3.84,3.77,3.85,3.73,1513085,582258096.0,3.13,-1.82,-0.07,0.85
1630,2021-12-29,3.79,3.79,3.83,3.77,935494,362264784.0,1.59,0.53,0.02,0.52
1631,2021-12-30,3.78,3.76,3.8,3.75,832667,320839952.0,1.32,-0.79,-0.03,0.47
1632,2021-12-31,3.76,3.75,3.79,3.74,791138,303830352.0,1.33,-0.27,-0.01,0.44
1633,2022-01-04,3.76,3.78,3.8,3.74,909477,350128464.0,1.6,0.8,0.03,0.51
1634,2022-01-05,3.79,3.7,3.8,3.69,1103665,420289232.0,2.91,-2.12,-0.08,0.62
1635,2022-01-06,3.7,3.84,3.87,3.67,1792763,695391280.0,5.41,3.78,0.14,1.0
1636,2022-01-07,3.83,4.0,4.08,3.82,3864136,1582561056.0,6.77,4.17,0.16,2.16
1637,2022-01-10,4.06,4.05,4.07,3.98,1684469,689833488.0,2.25,1.25,0.05,0.94
1638,2022-01-11,4.04,3.99,4.06,3.97,1156301,473257952.0,2.22,-1.48,-0.06,0.65
1639,2022-01-12,4.03,4.0,4.03,3.91,1450340,586221232.0,3.01,0.25,0.01,0.81
1640,2022-01-13,3.99,3.96,4.05,3.94,974667,396889696.0,2.75,-1.0,-0.04,0.55
1641,2022-01-14,3.96,3.79,3.97,3.78,1867242,732764784.0,4.8,-4.29,-0.17,1.05
1642,2022-01-17,3.77,3.75,3.81,3.73,1033336,396423920.0,2.11,-1.06,-0.04,0.58
1643,2022-01-18,3.76,3.95,4.02,3.74,2603556,1032832416.0,7.47,5.33,0.2,1.46
1644,2022-01-19,3.91,3.99,4.11,3.89,2781703,1141374112.0,5.57,1.01,0.04,1.56
1645,2022-01-20,4.06,4.05,4.1,3.98,2757934,1139111696.0,3.01,1.5,0.06,1.54
1646,2022-01-21,4.03,3.9,4.04,3.88,1947587,782774736.0,3.95,-3.7,-0.15,1.09
1647,2022-01-24,3.88,3.95,4.04,3.86,1473722,592936448.0,4.62,1.28,0.05,0.83
1648,2022-01-25,3.89,3.74,3.91,3.72,1746433,681829152.0,4.81,-5.32,-0.21,0.98
1649,2022-01-26,3.78,3.79,3.82,3.69,1336536,513713424.0,3.48,1.34,0.05,0.75
1650,2022-01-27,3.77,3.78,4.0,3.74,1750758,685069840.0,6.86,-0.26,-0.01,0.98
1651,2022-01-28,3.77,3.59,3.79,3.55,2264878,837416384.0,6.35,-5.03,-0.19,1.27
1652,2022-02-07,3.65,3.96,3.96,3.63,3716556,1462807568.0,9.19,10.31,0.37,2.08
1653,2022-02-08,4.03,4.03,4.04,3.91,3053831,1239971376.0,3.28,1.77,0.07,1.71
1654,2022-02-09,3.98,4.05,4.06,3.96,2173088,892458368.0,2.48,0.5,0.02,1.22
1655,2022-02-10,4.03,4.14,4.22,3.99,3035593,1281074624.0,5.68,2.22,0.09,1.7
1656,2022-02-11,4.1,4.1,4.24,4.09,2275419,964846416.0,3.62,-0.97,-0.04,1.27
1657,2022-02-14,4.1,4.02,4.13,3.97,1883502,777244672.0,3.9,-1.95,-0.08,1.06
1658,2022-02-15,4.02,4.0,4.04,3.96,1304010,531615856.0,1.99,-0.5,-0.02,0.73
1659,2022-02-16,4.02,4.2,4.22,4.02,2856801,1208224048.0,5.0,5.0,0.2,1.6
1660,2022-02-17,4.19,4.13,4.19,4.09,1980269,833577200.0,2.38,-1.67,-0.07,1.11
1661,2022-02-18,4.13,4.29,4.31,4.1,3168167,1367986528.0,5.08,3.87,0.16,1.77
1662,2022-02-21,4.28,4.22,4.29,4.17,2472797,1059280304.0,2.8,-1.63,-0.07,1.39
1663,2022-02-22,4.17,4.12,4.17,4.03,2584850,1078482160.0,3.32,-2.37,-0.1,1.45
1664,2022-02-23,4.1,4.11,4.13,4.04,1908906,795374816.0,2.18,-0.24,-0.01,1.07
1665,2022-02-24,4.07,3.94,4.1,3.89,2544504,1036793776.0,5.11,-4.14,-0.17,1.43
1666,2022-02-25,3.97,3.99,4.07,3.95,1785536,729600784.0,3.05,1.27,0.05,1.0
1667,2022-02-28,3.98,3.99,4.0,3.91,1233368,497226528.0,2.26,0.0,0.0,0.69
1668,2022-03-01,3.99,4.02,4.04,3.96,1344746,548894336.0,2.01,0.75,0.03,0.75
1669,2022-03-02,3.98,4.02,4.07,3.97,1258874,516829136.0,2.49,0.0,0.0,0.71
1670,2022-03-03,4.02,4.16,4.2,4.02,2836750,1197223840.0,4.48,3.48,0.14,1.59
1671,2022-03-04,4.13,4.08,4.15,4.06,1512767,631592224.0,2.16,-1.92,-0.08,0.85
1672,2022-03-07,4.14,4.33,4.48,4.11,5179072,2246669824.0,9.07,6.13,0.25,2.9
1673,2022-03-08,4.56,4.46,4.75,4.32,8386948,3832491184.0,9.93,3.0,0.13,4.7
1674,2022-03-09,4.22,4.13,4.33,4.01,5658912,2408191904.0,7.17,-7.4,-0.33,3.17
1675,2022-03-10,4.13,4.05,4.17,4.04,3288203,1375194160.0,3.15,-1.94,-0.08,1.84
1676,2022-03-11,3.93,4.0,4.01,3.81,2955848,1176157984.0,4.94,-1.23,-0.05,1.66
1677,2022-03-14,3.92,3.85,4.05,3.85,1878161,754552352.0,5.0,-3.75,-0.15,1.05
1678,2022-03-15,3.83,3.54,3.84,3.53,2940448,1104942336.0,8.05,-8.05,-0.31,1.65
1679,2022-03-16,3.6,3.65,3.66,3.43,2319901,847162768.0,6.5,3.11,0.11,1.3
1680,2022-03-17,3.7,3.67,3.74,3.65,1988265,750721008.0,2.47,0.55,0.02,1.11
1681,2022-03-18,3.67,3.78,3.79,3.63,1807216,688471264.0,4.36,3.0,0.11,1.01
1682,2022-03-21,3.78,3.74,3.78,3.67,1525654,580509424.0,2.91,-1.06,-0.04,0.85
1683,2022-03-22,3.7,3.75,3.78,3.68,1291669,493108560.0,2.67,0.27,0.01,0.72
1684,2022-03-23,3.77,3.73,3.77,3.69,1246299,474022256.0,2.13,-0.53,-0.02,0.7
1685,2022-03-24,3.8,3.74,3.82,3.72,1595122,614563600.0,2.68,0.27,0.01,0.89
1686,2022-03-25,3.72,3.68,3.79,3.66,1363863,517757120.0,3.48,-1.6,-0.06,0.76
1687,2022-03-28,3.61,3.69,3.71,3.54,1300195,481785904.0,4.62,0.27,0.01,0.73
1688,2022-03-29,3.7,3.67,3.71,3.64,798205,299415984.0,1.9,-0.54,-0.02,0.45
1689,2022-03-30,3.63,3.73,3.74,3.63,1498120,565175296.0,3.0,1.63,0.06,0.84
1690,2022-03-31,3.71,3.67,3.79,3.65,1450985,549305856.0,3.75,-1.61,-0.06,0.81
1691,2022-04-01,3.63,3.65,3.68,3.61,1168107,434002320.0,1.91,-0.54,-0.02,0.65
1692,2022-04-06,3.63,3.76,3.77,3.6,1962652,742749968.0,4.66,3.01,0.11,1.1
1693,2022-04-07,3.73,3.69,3.77,3.69,1475374,562025312.0,2.13,-1.86,-0.07,0.83
1694,2022-04-08,3.71,3.85,3.86,3.7,2847150,1103947888.0,4.34,4.34,0.16,1.59
1695,2022-04-11,3.87,3.77,3.9,3.75,2031649,793256912.0,3.9,-2.08,-0.08,1.14
1696,2022-04-12,3.74,3.72,3.76,3.62,2136860,805369088.0,3.71,-1.33,-0.05,1.2
1697,2022-04-13,3.69,3.69,3.77,3.63,1457452,551331152.0,3.76,-0.81,-0.03,0.82
1698,2022-04-14,3.72,3.73,3.77,3.67,1296411,492778512.0,2.71,1.08,0.04,0.73
1699,2022-04-15,3.7,3.66,3.75,3.64,1371199,517010736.0,2.95,-1.88,-0.07,0.77
1700,2022-04-18,3.62,3.59,3.63,3.57,1220585,448607488.0,1.64,-1.91,-0.07,0.68
1701,2022-04-19,3.6,3.6,3.64,3.59,907636,334635328.0,1.39,0.28,0.01,0.51
1702,2022-04-20,3.61,3.48,3.62,3.45,1481103,532898768.0,4.72,-3.33,-0.12,0.83
1703,2022-04-21,3.44,3.34,3.48,3.33,1229413,427835792.0,4.31,-4.02,-0.14,0.69
1704,2022-04-22,3.32,3.38,3.41,3.26,893298,306759664.0,4.49,1.2,0.04,0.5
1705,2022-04-25,3.32,3.15,3.37,3.14,1327157,443764352.0,6.8,-6.8,-0.23,0.74
1706,2022-04-26,3.15,3.16,3.27,3.11,1208966,394819872.0,5.08,0.32,0.01,0.68
1707,2022-04-27,3.18,3.28,3.29,3.18,1448856,481880656.0,3.48,3.8,0.12,0.81
1708,2022-04-28,3.25,3.36,3.37,3.24,1279529,435449440.0,3.96,2.44,0.08,0.72
1709,2022-04-29,3.38,3.41,3.43,3.32,1164247,402306224.0,3.27,1.49,0.05,0.65
1710,2022-05-05,3.44,3.45,3.49,3.41,1102552,389499104.0,2.35,1.17,0.04,0.62
1711,2022-05-06,3.37,3.39,3.42,3.35,680812,235965160.0,2.03,-1.74,-0.06,0.38
1712,2022-05-09,3.39,3.4,3.45,3.37,502316,175202506.0,2.36,0.29,0.01,0.28
1713,2022-05-10,3.35,3.47,3.47,3.32,1014965,353956032.0,4.41,2.06,0.07,0.57
1714,2022-05-11,3.45,3.43,3.5,3.43,1021946,362113248.0,2.02,-1.15,-0.04,0.57
1715,2022-05-12,3.41,3.41,3.46,3.35,744834,259623276.0,3.21,-0.58,-0.02,0.42
1716,2022-05-13,3.42,3.42,3.43,3.38,495047,172668780.0,1.47,0.29,0.01,0.28
1717,2022-05-16,3.44,3.4,3.45,3.38,491369,171278064.0,2.05,-0.58,-0.02,0.28
1718,2022-05-17,3.39,3.36,3.4,3.31,675248,231425418.0,2.65,-1.18,-0.04,0.38
1719,2022-05-18,3.36,3.33,3.37,3.32,486835,166784051.0,1.49,-0.89,-0.03,0.27
1720,2022-05-19,3.28,3.38,3.39,3.26,781146,266032447.0,3.9,1.5,0.05,0.44
1721,2022-05-20,3.39,3.46,3.46,3.38,903059,315784400.0,2.37,2.37,0.08,0.51
1722,2022-05-23,3.46,3.47,3.48,3.42,709919,251150556.0,1.73,0.29,0.01,0.4
1723,2022-05-24,3.48,3.33,3.48,3.32,802962,279050272.0,4.61,-4.03,-0.14,0.45
1724,2022-05-25,3.33,3.41,3.41,3.31,767987,263905315.0,3.0,2.4,0.08,0.43
1725,2022-05-26,3.43,3.45,3.48,3.41,935563,329652816.0,2.05,1.17,0.04,0.52
1726,2022-05-27,3.47,3.46,3.48,3.42,886427,313659792.0,1.74,0.29,0.01,0.5
1727,2022-05-30,3.47,3.45,3.5,3.44,613730,217410184.0,1.73,-0.29,-0.01,0.34
1728,2022-05-31,3.45,3.45,3.47,3.41,683563,240621755.0,1.74,0.0,0.0,0.38
1729,2022-06-01,3.44,3.42,3.46,3.39,749421,262665006.0,2.03,-0.87,-0.03,0.42
1730,2022-06-02,3.42,3.44,3.46,3.4,666167,233735101.0,1.75,0.58,0.02,0.37
1731,2022-06-06,3.43,3.49,3.5,3.4,1020139,360174992.0,2.91,1.45,0.05,0.57
1732,2022-06-07,3.48,3.5,3.53,3.46,905119,323550784.0,2.01,0.29,0.01,0.51
1733,2022-06-08,3.5,3.47,3.5,3.42,954183,338138736.0,2.29,-0.86,-0.03,0.53
1734,2022-06-09,3.47,3.49,3.54,3.44,1193868,426520224.0,2.88,0.58,0.02,0.67
1735,2022-06-10,3.45,3.49,3.51,3.44,1075689,381643824.0,2.01,0.0,0.0,0.6
1736,2022-06-13,3.46,3.42,3.47,3.38,1175591,412063024.0,2.58,-2.01,-0.07,0.66
1737,2022-06-14,3.39,3.43,3.44,3.32,1129477,390955632.0,3.51,0.29,0.01,0.63
1738,2022-06-15,3.42,3.54,3.6,3.41,2598202,939196176.0,5.54,3.21,0.11,1.46
1739,2022-06-16,3.56,3.46,3.62,3.45,1698721,608392192.0,4.8,-2.26,-0.08,0.95
1740,2022-06-17,3.42,3.41,3.44,3.35,1519219,528634432.0,2.6,-1.45,-0.05,0.85
1741,2022-06-20,3.39,3.39,3.41,3.37,1088657,377406608.0,1.17,-0.59,-0.02,0.61
1742,2022-06-21,3.39,3.37,3.42,3.34,1050749,363555120.0,2.36,-0.59,-0.02,0.59
1743,2022-06-22,3.37,3.33,3.37,3.32,752296,257183688.0,1.48,-1.19,-0.04,0.42
1744,2022-06-23,3.33,3.36,3.37,3.3,722004,246417785.0,2.1,0.9,0.03,0.4
1745,2022-06-24,3.36,3.35,3.37,3.31,866805,295866672.0,1.79,-0.3,-0.01,0.49
1746,2022-06-27,3.34,3.36,3.39,3.33,787805,271471504.0,1.79,0.3,0.01,0.44
1747,2022-06-28,3.36,3.39,3.4,3.33,787791,271199760.0,2.08,0.89,0.03,0.44
1748,2022-06-29,3.39,3.39,3.46,3.38,1101205,385209440.0,2.36,0.0,0.0,0.62
1749,2022-06-30,3.39,3.42,3.46,3.37,1065710,372666032.0,2.65,0.88,0.03,0.6
1750,2022-07-01,3.42,3.45,3.5,3.41,1158324,409449888.0,2.63,0.88,0.03,0.65
1751,2022-07-04,3.45,3.44,3.46,3.42,654103,229791097.0,1.16,-0.29,-0.01,0.37
1752,2022-07-05,3.44,3.49,3.5,3.43,1214364,431074320.0,2.03,1.45,0.05,0.68
1753,2022-07-06,3.47,3.39,3.48,3.36,1081699,377581232.0,3.44,-2.87,-0.1,0.61
1754,2022-07-07,3.38,3.39,3.41,3.38,579197,201451534.0,0.88,0.0,0.0,0.32
1755,2022-07-08,3.41,3.41,3.45,3.4,519732,181839266.0,1.47,0.59,0.02,0.29
1756,2022-07-11,3.4,3.38,3.42,3.37,553122,191914301.0,1.47,-0.88,-0.03,0.31
1757,2022-07-12,3.38,3.45,3.46,3.37,971497,341640389.0,2.66,2.07,0.07,0.54
1758,2022-07-13,3.45,3.48,3.5,3.44,981029,349040816.0,1.74,0.87,0.03,0.55
1759,2022-07-14,3.47,3.44,3.47,3.4,728027,255317929.0,2.01,-1.15,-0.04,0.41
1760,2022-07-15,3.42,3.3,3.43,3.3,1155388,396859250.0,3.78,-4.07,-0.14,0.65
1761,2022-07-18,3.3,3.36,3.36,3.3,643780,220283100.0,1.82,1.82,0.06,0.36
1762,2022-07-19,3.37,3.37,3.38,3.34,503580,173512575.0,1.19,0.3,0.01,0.28
1763,2022-07-20,3.39,3.37,3.4,3.36,379364,130947093.0,1.19,0.0,0.0,0.21
1764,2022-07-21,3.37,3.33,3.38,3.33,430634,147607729.0,1.48,-1.19,-0.04,0.24
1765,2022-07-22,3.34,3.31,3.35,3.3,645857,219513636.0,1.5,-0.6,-0.02,0.36
1766,2022-07-25,3.31,3.31,3.33,3.3,441996,149822938.0,0.91,0.0,0.0,0.25
1767,2022-07-26,3.33,3.33,3.34,3.3,344888,114508830.0,1.21,0.6,0.02,0.19
1768,2022-07-27,3.32,3.31,3.33,3.3,343355,113662257.0,0.9,-0.6,-0.02,0.19
1769,2022-07-28,3.32,3.31,3.33,3.3,388805,128885205.0,0.91,0.0,0.0,0.22
1770,2022-07-29,3.31,3.26,3.33,3.26,672108,221014270.0,2.11,-1.51,-0.05,0.38
1771,2022-08-01,3.27,3.23,3.28,3.22,592457,192100716.0,1.84,-0.92,-0.03,0.33
1772,2022-08-02,3.21,3.12,3.21,3.05,1091748,340069540.0,4.95,-3.41,-0.11,0.61
1773,2022-08-03,3.1,3.07,3.14,3.06,552411,171555606.0,2.56,-1.6,-0.05,0.31
1774,2022-08-04,3.08,3.09,3.11,3.06,364999,112644766.0,1.63,0.65,0.02,0.2
1775,2022-08-05,3.1,3.13,3.14,3.07,471004,146056381.0,2.27,1.29,0.04,0.26
1776,2022-08-08,3.12,3.13,3.17,3.11,350027,109733637.0,1.92,0.0,0.0,0.2
1777,2022-08-09,3.13,3.13,3.15,3.11,288491,90399364.0,1.28,0.0,0.0,0.16
1778,2022-08-10,3.13,3.17,3.22,3.12,610818,194193097.0,3.19,1.28,0.04,0.34
1779,2022-08-11,3.18,3.19,3.2,3.17,409006,130419301.0,0.95,0.63,0.02,0.23
1780,2022-08-12,3.19,3.23,3.25,3.18,585254,188568916.0,2.19,1.25,0.04,0.33
1781,2022-08-15,3.22,3.21,3.23,3.19,422795,135649184.0,1.24,-0.62,-0.02,0.24
1782,2022-08-16,3.21,3.21,3.23,3.2,324706,104351540.0,0.93,0.0,0.0,0.18
1783,2022-08-17,3.22,3.21,3.23,3.19,392273,125821607.0,1.25,0.0,0.0,0.22
1784,2022-08-18,3.21,3.18,3.23,3.17,390762,124711415.0,1.87,-0.93,-0.03,0.22
1785,2022-08-19,3.18,3.19,3.22,3.18,362354,116042252.0,1.26,0.31,0.01,0.2
1786,2022-08-22,3.19,3.24,3.25,3.18,520508,167832414.0,2.19,1.57,0.05,0.29
1787,2022-08-23,3.24,3.23,3.24,3.2,388159,124911334.0,1.23,-0.31,-0.01,0.22
1788,2022-08-24,3.23,3.15,3.24,3.14,581087,184899795.0,3.1,-2.48,-0.08,0.33
1789,2022-08-25,3.18,3.23,3.24,3.16,654136,209326430.0,2.54,2.54,0.08,0.37
1790,2022-08-26,3.24,3.19,3.24,3.18,415836,133427805.0,1.86,-1.24,-0.04,0.23
1791,2022-08-29,3.16,3.21,3.22,3.15,357771,113885535.0,2.19,0.63,0.02,0.2
1792,2022-08-30,3.21,3.21,3.24,3.19,362416,116401657.0,1.56,0.0,0.0,0.2
1793,2022-08-31,3.23,3.21,3.24,3.18,616825,198001526.0,1.87,0.0,0.0,0.35
1794,2022-09-01,3.21,3.21,3.24,3.19,744935,239669762.0,1.56,0.0,0.0,0.42
1795,2022-09-02,3.22,3.18,3.22,3.16,559228,177794734.0,1.87,-0.93,-0.03,0.31
1796,2022-09-05,3.18,3.23,3.23,3.17,658559,211354016.0,1.89,1.57,0.05,0.37
1797,2022-09-06,3.24,3.27,3.28,3.23,775389,252695426.0,1.55,1.24,0.04,0.43
1798,2022-09-07,3.27,3.32,3.34,3.24,1011743,334528158.0,3.06,1.53,0.05,0.57
1799,2022-09-08,3.3,3.31,3.33,3.27,698775,230381673.0,1.81,-0.3,-0.01,0.39
1800,2022-09-09,3.31,3.34,3.36,3.3,831405,277457008.0,1.81,0.91,0.03,0.47
1801,2022-09-13,3.4,3.31,3.42,3.3,956574,321478737.0,3.59,-0.9,-0.03,0.54
1802,2022-09-14,3.27,3.27,3.31,3.25,655542,214611668.0,1.81,-1.21,-0.04,0.37
1803,2022-09-15,3.28,3.3,3.34,3.23,693554,227813680.0,3.36,0.92,0.03,0.39
1804,2022-09-16,3.29,3.14,3.29,3.14,920411,294338571.0,4.55,-4.85,-0.16,0.52
1805,2022-09-19,3.15,3.12,3.16,3.1,536678,167876407.0,1.91,-0.64,-0.02,0.3
1806,2022-09-20,3.13,3.12,3.15,3.11,459595,143657211.0,1.28,0.0,0.0,0.26
1807,2022-09-21,3.1,3.14,3.15,3.06,562037,174746006.0,2.88,0.64,0.02,0.31
1808,2022-09-22,3.12,3.11,3.14,3.1,383795,119797732.0,1.27,-0.96,-0.03,0.21
1809,2022-09-23,3.11,3.13,3.16,3.09,433571,135726205.0,2.25,0.64,0.02,0.24
1810,2022-09-26,3.11,3.03,3.13,3.02,597161,183373303.0,3.51,-3.19,-0.1,0.33
1811,2022-09-27,3.03,3.06,3.06,3.01,441564,134189701.0,1.65,0.99,0.03,0.25
1812,2022-09-28,3.05,3.01,3.06,3.0,422274,127554088.0,1.96,-1.63,-0.05,0.24
1813,2022-09-29,3.03,2.97,3.04,2.96,435412,130575786.0,2.66,-1.33,-0.04,0.24
1814,2022-09-30,2.96,2.99,3.01,2.95,418586,124767831.0,2.02,0.67,0.02,0.23
1815,2022-10-10,2.99,2.99,3.04,2.96,442783,133041569.0,2.68,0.0,0.0,0.25
1816,2022-10-11,3.0,3.01,3.03,2.96,355979,106591118.0,2.34,0.67,0.02,0.2
1817,2022-10-12,3.02,3.06,3.06,2.99,480524,145449595.0,2.33,1.66,0.05,0.27
1818,2022-10-13,3.05,3.02,3.05,3.01,343992,104148281.0,1.31,-1.31,-0.04,0.19
1819,2022-10-14,3.04,3.05,3.07,3.04,384536,117474411.0,0.99,0.99,0.03,0.22
1820,2022-10-17,3.04,3.06,3.08,3.02,405606,123812771.0,1.97,0.33,0.01,0.23
1821,2022-10-18,3.07,3.05,3.09,3.04,339942,104051145.0,1.63,-0.33,-0.01,0.19
1822,2022-10-19,3.04,3.02,3.07,3.02,341684,104034920.0,1.64,-0.98,-0.03,0.19
1823,2022-10-20,3.03,3.02,3.05,3.0,333388,100836593.0,1.66,0.0,0.0,0.19
1824,2022-10-21,3.03,3.06,3.09,3.03,670320,205922761.0,1.99,1.32,0.04,0.38
1825,2022-10-24,3.05,2.99,3.08,2.99,601140,182020064.0,2.94,-2.29,-0.07,0.34
1826,2022-10-25,2.99,3.02,3.04,2.96,468377,140692928.0,2.68,1.0,0.03,0.26
1827,2022-10-26,3.01,3.03,3.06,3.01,459419,139446469.0,1.66,0.33,0.01,0.26
1828,2022-10-27,3.04,3.07,3.09,3.03,626183,192077242.0,1.98,1.32,0.04,0.35
1829,2022-10-28,3.05,2.99,3.05,2.97,866531,261357212.0,2.61,-2.61,-0.08,0.49
1830,2022-10-31,2.97,2.88,2.98,2.86,1015053,295629548.0,4.01,-3.68,-0.11,0.57
1831,2022-11-01,2.88,2.92,2.93,2.86,521655,151342323.0,2.43,1.39,0.04,0.29
1832,2022-11-02,2.92,2.94,2.95,2.91,437681,128218327.0,1.37,0.68,0.02,0.25
1833,2022-11-03,2.93,2.93,2.94,2.91,268035,78298594.0,1.02,-0.34,-0.01,0.15
1834,2022-11-04,2.92,2.97,2.99,2.91,613476,181839753.0,2.73,1.37,0.04,0.34
1835,2022-11-07,2.98,3.02,3.05,2.97,666522,200924860.0,2.69,1.68,0.05,0.37
1836,2022-11-08,3.02,3.04,3.05,3.0,544922,164960428.0,1.66,0.66,0.02,0.31
1837,2022-11-09,3.04,3.08,3.2,3.03,1027147,320444653.0,5.59,1.32,0.04,0.58
1838,2022-11-10,3.07,3.09,3.1,3.05,512712,157892748.0,1.62,0.32,0.01,0.29
1839,2022-11-11,3.16,3.16,3.18,3.1,1198864,377176788.0,2.59,2.27,0.07,0.67
1840,2022-11-14,3.18,3.17,3.21,3.16,768701,244548379.0,1.58,0.32,0.01,0.43
1841,2022-11-15,3.17,3.18,3.18,3.14,673221,213032840.0,1.26,0.32,0.01,0.38
1842,2022-11-16,3.18,3.13,3.19,3.13,569773,179361862.0,1.89,-1.57,-0.05,0.32
1843,2022-11-17,3.11,3.12,3.13,3.1,458761,142913669.0,0.96,-0.32,-0.01,0.26
1844,2022-11-18,3.14,3.1,3.15,3.1,436731,136219662.0,1.6,-0.64,-0.02,0.24
1845,2022-11-21,3.09,3.07,3.09,3.05,320975,98473501.0,1.29,-0.97,-0.03,0.18
1846,2022-11-22,3.07,3.28,3.38,3.06,3658816,1213013085.0,10.42,6.84,0.21,2.05
1847,2022-11-23,3.28,3.36,3.46,3.24,3991670,1340461934.0,6.71,2.44,0.08,2.24
1848,2022-11-24,3.3,3.29,3.32,3.25,1610937,529255440.0,2.08,-2.08,-0.07,0.9
1849,2022-11-25,3.29,3.37,3.4,3.28,2003337,674048106.0,3.65,2.43,0.08,1.12
1850,2022-11-28,3.31,3.33,3.37,3.28,1194569,396611571.0,2.67,-1.19,-0.04,0.67
1851,2022-11-29,3.36,3.37,3.4,3.3,1577724,529488642.0,3.0,1.2,0.04,0.88
1852,2022-11-30,3.35,3.33,3.4,3.32,1081527,362572466.0,2.37,-1.19,-0.04,0.61
1853,2022-12-01,3.36,3.33,3.38,3.32,976431,326377290.0,1.8,0.0,0.0,0.55
1854,2022-12-02,3.32,3.36,3.37,3.28,1058041,352301413.0,2.7,0.9,0.03,0.59
1855,2022-12-05,3.45,3.61,3.63,3.4,3711906,1312557311.0,6.85,7.44,0.25,2.08
1856,2022-12-06,3.56,3.52,3.58,3.49,1946403,687241513.0,2.49,-2.49,-0.09,1.09
1857,2022-12-07,3.5,3.45,3.51,3.42,1370029,474197915.0,2.56,-1.99,-0.07,0.77
1858,2022-12-08,3.45,3.47,3.49,3.42,942659,326068278.0,2.03,0.58,0.02,0.53
1859,2022-12-09,3.46,3.46,3.47,3.41,933817,321330403.0,1.73,-0.29,-0.01,0.52
1860,2022-12-12,3.44,3.38,3.47,3.38,1042831,356336454.0,2.6,-2.31,-0.08,0.58
1861,2022-12-13,3.38,3.41,3.48,3.37,865565,295446823.0,3.25,0.89,0.03,0.48
1862,2022-12-14,3.4,3.38,3.41,3.35,688075,232178701.0,1.76,-0.88,-0.03,0.39
1863,2022-12-15,3.37,3.33,3.39,3.32,569053,190193222.0,2.07,-1.48,-0.05,0.32
1864,2022-12-16,3.32,3.36,3.4,3.32,663910,223301426.0,2.4,0.9,0.03,0.37
1865,2022-12-19,3.37,3.24,3.38,3.23,897858,294555890.0,4.46,-3.57,-0.12,0.5
1866,2022-12-20,3.24,3.22,3.28,3.19,651586,210708026.0,2.78,-0.62,-0.02,0.36
1867,2022-12-21,3.24,3.21,3.25,3.19,370112,118917302.0,1.86,-0.31,-0.01,0.21
1868,2022-12-22,3.22,3.19,3.26,3.18,565015,181935451.0,2.49,-0.62,-0.02,0.32
1869,2022-12-23,3.17,3.19,3.21,3.16,356523,113412649.0,1.57,0.0,0.0,0.2
1870,2022-12-26,3.19,3.18,3.19,3.13,505696,159666615.0,1.88,-0.31,-0.01,0.28
1871,2022-12-27,3.19,3.2,3.24,3.18,473353,151890451.0,1.89,0.63,0.02,0.27
1872,2022-12-28,3.2,3.18,3.24,3.16,583517,186163144.0,2.5,-0.63,-0.02,0.33
1873,2022-12-29,3.17,3.15,3.19,3.14,330656,104483197.0,1.57,-0.94,-0.03,0.19
1874,2022-12-30,3.16,3.18,3.2,3.15,376412,119557488.0,1.59,0.95,0.03,0.21
