,日期,开盘,收盘,最高,最低,成交量,成交额,振幅,涨跌幅,涨跌额,换手率
0,2015-01-05,27.03,26.24,27.3,25.49,1206506,3360874912.0,6.72,-2.6,-0.7,3.53
1,2015-01-06,25.95,25.55,26.6,24.9,1069868,2920882416.0,6.48,-2.63,-0.69,3.13
2,2015-01-07,25.3,26.17,27.23,25.15,1117019,3129486032.0,8.14,2.43,0.62,3.27
3,2015-01-08,26.4,25.13,26.49,24.9,824363,2220719680.0,6.08,-3.97,-1.04,2.41
4,2015-01-09,24.92,25.02,25.92,24.82,748412,2014918432.0,4.38,-0.44,-0.11,2.19
5,2015-01-12,26.03,26.01,27.2,25.6,1682039,4701120768.0,6.39,3.96,0.99,4.92
6,2015-01-13,25.4,25.12,25.75,24.88,829316,2225339056.0,3.34,-3.42,-0.89,2.43
7,2015-01-14,25.11,25.42,25.72,24.92,685561,1841334704.0,3.18,1.19,0.3,2.01
8,2015-01-15,25.31,26.0,26.27,24.69,1050226,2844250256.0,6.22,2.28,0.58,3.07
9,2015-01-16,25.9,25.44,26.1,25.0,887333,2408350816.0,4.23,-2.15,-0.56,2.6
10,2015-01-19,22.74,22.74,22.74,22.74,242827,591040912.0,0.0,-10.61,-2.7,0.71
11,2015-01-20,20.9,21.09,21.88,20.42,1466144,3341783600.0,6.42,-7.26,-1.65,4.29
12,2015-01-21,21.55,22.47,22.96,21.32,1262837,2981623648.0,7.78,6.54,1.38,3.69
13,2015-01-22,22.47,22.41,22.67,21.92,652496,1561601488.0,3.34,-0.27,-0.06,1.91
14,2015-01-23,22.65,22.68,23.62,22.59,793608,1957432800.0,4.6,1.2,0.27,2.32
15,2015-01-26,22.7,22.57,23.03,22.11,483544,1167624304.0,4.06,-0.49,-0.11,1.41
16,2015-01-27,22.58,22.09,22.75,21.6,525993,1251299152.0,5.1,-2.13,-0.48,1.54
17,2015-01-28,22.01,22.39,22.94,21.9,636224,1531276288.0,4.71,1.36,0.3,1.86
18,2015-01-29,21.77,21.63,22.04,21.45,520219,1213420336.0,2.64,-3.39,-0.76,1.52
19,2015-02-03,21.61,22.33,22.58,21.09,850455,1983693456.0,6.89,3.24,0.7,2.49
20,2015-02-04,22.2,21.78,22.77,21.71,780721,1868394192.0,4.75,-2.46,-0.55,2.28
21,2015-02-05,22.6,21.68,22.67,21.63,788205,1877743104.0,4.78,-0.46,-0.1,2.31
22,2015-02-06,21.3,21.4,21.99,21.2,467212,1083858400.0,3.64,-1.29,-0.28,1.37
23,2015-02-09,21.3,22.33,22.76,21.28,811292,1927519408.0,6.92,4.35,0.93,2.37
24,2015-02-10,22.35,22.88,23.05,22.2,781251,1897416400.0,3.81,2.46,0.55,2.29
25,2015-02-11,23.1,23.21,23.7,22.94,668065,1664024096.0,3.32,1.44,0.33,1.95
26,2015-02-12,23.06,23.13,23.17,22.58,483935,1186176032.0,2.54,-0.34,-0.08,1.42
27,2015-02-13,23.41,23.03,23.6,23.0,597735,1490942224.0,2.59,-0.43,-0.1,1.75
28,2015-02-16,22.95,22.81,23.04,22.55,423637,1031810656.0,2.13,-0.96,-0.22,1.24
29,2015-02-17,22.95,22.81,23.38,22.76,457029,1124810368.0,2.72,0.0,0.0,1.34
30,2015-02-25,22.81,22.19,22.93,22.09,322465,773920704.0,3.68,-2.72,-0.62,0.94
31,2015-02-26,22.07,23.32,23.45,21.76,678408,1660299744.0,7.62,5.09,1.13,1.98
32,2015-02-27,23.4,23.1,23.53,23.01,508378,1266828160.0,2.23,-0.94,-0.22,1.49
33,2015-03-02,23.65,23.53,24.06,23.11,717807,1809361232.0,4.11,1.86,0.43,2.1
34,2015-03-03,23.4,22.39,23.4,22.33,591727,1441714880.0,4.55,-4.84,-1.14,1.73
35,2015-03-04,22.23,22.27,22.58,22.04,408868,975564160.0,2.41,-0.54,-0.12,1.2
36,2015-03-05,22.2,22.1,22.58,21.8,413740,982503760.0,3.5,-0.76,-0.17,1.21
37,2015-03-06,22.16,21.99,22.55,21.95,340439,811751600.0,2.71,-0.5,-0.11,1.0
38,2015-03-09,21.28,21.43,21.49,20.19,690892,1548748192.0,5.91,-2.55,-0.56,2.02
39,2015-03-10,21.23,21.3,21.69,20.85,465208,1062500352.0,3.92,-0.61,-0.13,1.36
40,2015-03-11,21.35,21.4,21.81,21.3,328905,760684432.0,2.39,0.47,0.1,0.96
41,2015-03-12,21.51,21.93,22.3,21.42,495392,1162797696.0,4.11,2.48,0.53,1.45
42,2015-03-13,22.41,23.0,24.2,22.33,966051,2399518208.0,8.53,4.88,1.07,2.83
43,2015-03-16,23.06,23.48,23.75,22.63,770226,1910984272.0,4.87,2.09,0.48,2.25
44,2015-03-17,24.09,24.1,24.3,23.4,988784,2522265248.0,3.83,2.64,0.62,2.89
45,2015-03-18,24.3,24.38,24.67,24.01,856491,2223015040.0,2.74,1.16,0.28,2.51
46,2015-03-19,24.42,25.22,25.25,24.08,982133,2583747120.0,4.8,3.45,0.84,2.87
47,2015-03-20,25.59,26.79,27.78,24.79,1358459,3786234512.0,11.86,6.23,1.57,3.97
48,2015-03-23,27.18,26.99,27.27,26.35,976433,2770793136.0,3.43,0.75,0.2,2.86
49,2015-03-24,27.1,26.22,27.35,25.64,908824,2545497984.0,6.34,-2.85,-0.77,2.66
50,2015-03-25,26.2,25.67,26.9,25.58,763140,2115211024.0,5.03,-2.1,-0.55,2.23
51,2015-03-26,25.42,25.34,26.1,24.9,684960,1854608576.0,4.67,-1.29,-0.33,2.0
52,2015-03-27,25.36,25.47,25.88,25.2,515918,1402870720.0,2.68,0.51,0.13,1.51
53,2015-03-30,25.7,26.61,26.82,25.28,912552,2546277120.0,6.05,4.48,1.14,2.67
54,2015-03-31,26.85,26.3,28.61,26.14,1206481,3497278160.0,9.28,-1.16,-0.31,3.53
55,2015-04-01,26.63,27.6,27.9,26.25,1024819,2936458544.0,6.27,4.94,1.3,3.0
56,2015-04-02,28.4,28.26,28.91,27.43,1225016,3663896928.0,5.36,2.39,0.66,3.58
57,2015-04-03,27.81,29.81,29.86,27.8,1436269,4369536256.0,7.29,5.48,1.55,4.2
58,2015-04-07,30.73,30.59,30.9,29.4,1210413,3857180880.0,5.03,2.62,0.78,3.54
59,2015-04-08,30.61,32.67,33.4,30.1,1405345,4707774720.0,10.79,6.8,2.08,4.11
60,2015-04-09,33.55,32.69,35.4,31.99,1468345,5171335936.0,10.44,0.06,0.02,4.3
61,2015-04-10,32.69,33.16,33.28,31.69,1065748,3621275664.0,4.86,1.44,0.47,3.12
62,2015-04-13,33.19,31.94,33.21,31.61,1136625,3822189360.0,4.83,-3.68,-1.22,3.33
63,2015-04-14,31.61,31.43,32.17,30.41,983459,3217969696.0,5.51,-1.6,-0.51,2.88
64,2015-04-15,31.39,30.31,31.89,30.2,667133,2197550992.0,5.38,-3.56,-1.12,1.95
65,2015-04-16,29.41,30.95,31.12,28.9,627935,2002118064.0,7.32,2.11,0.64,1.84
66,2015-04-17,31.4,31.69,31.78,30.75,829693,2730324624.0,3.33,2.39,0.74,2.43
67,2015-04-20,31.45,29.63,31.73,29.43,810083,2611387904.0,7.26,-6.5,-2.06,2.37
68,2015-04-21,29.85,31.42,31.81,29.4,841813,2726924640.0,8.13,6.04,1.79,2.46
69,2015-04-22,31.7,33.24,33.9,31.1,1183824,3997813392.0,8.91,5.79,1.82,3.46
70,2015-04-23,34.4,36.06,36.72,33.31,1907214,7032767232.0,10.26,8.48,2.82,5.58
71,2015-04-24,34.9,33.76,35.6,33.15,1300903,4661910272.0,6.79,-6.38,-2.3,3.81
72,2015-04-27,34.1,33.59,34.65,33.35,925020,3275967424.0,3.85,-0.5,-0.17,2.71
73,2015-04-28,33.7,33.12,34.2,32.74,801899,2806807632.0,4.35,-1.4,-0.47,2.35
74,2015-04-29,33.4,33.48,34.06,32.96,793333,2793044784.0,3.32,1.09,0.36,2.32
75,2015-04-30,33.5,32.31,33.85,32.1,756335,2620072608.0,5.23,-3.49,-1.17,2.21
76,2015-05-04,32.34,31.76,32.41,31.16,597370,1987900640.0,3.87,-1.7,-0.55,1.75
77,2015-05-05,31.83,30.68,32.89,30.4,691143,2304493776.0,7.84,-3.4,-1.08,2.02
78,2015-05-06,30.95,30.78,31.89,30.0,680733,2220819440.0,6.16,0.33,0.1,1.99
79,2015-05-07,30.57,30.86,31.38,30.35,526935,1714830752.0,3.35,0.26,0.08,1.54
80,2015-05-08,31.38,30.63,31.58,29.67,781714,2496828512.0,6.19,-0.75,-0.23,2.29
81,2015-05-11,31.0,31.71,31.81,30.37,725943,2370250608.0,4.7,3.53,1.08,2.12
82,2015-05-12,31.58,32.28,33.1,31.17,852527,2886753440.0,6.09,1.8,0.57,2.49
83,2015-05-13,32.0,31.28,32.6,31.01,547883,1827668416.0,4.93,-3.1,-1.0,1.6
84,2015-05-14,31.37,30.75,31.68,30.48,454716,1475562880.0,3.84,-1.69,-0.53,1.33
85,2015-05-15,30.4,29.38,30.4,29.15,621039,1934657104.0,4.07,-4.46,-1.37,1.82
86,2015-05-18,28.98,28.79,29.5,28.51,469839,1432077296.0,3.37,-2.01,-0.59,1.37
87,2015-05-19,28.56,31.44,31.77,28.56,975097,3132865632.0,11.15,9.2,2.65,2.85
88,2015-05-20,31.99,31.02,32.08,30.89,814961,2677435856.0,3.78,-1.34,-0.42,2.38
89,2015-05-21,31.06,30.64,31.15,30.16,531558,1704729680.0,3.19,-1.23,-0.38,1.56
90,2015-05-22,31.04,32.38,32.6,30.81,932582,3124304832.0,5.84,5.68,1.74,2.73
91,2015-05-25,32.38,33.29,34.28,32.21,863219,3015556800.0,6.39,2.81,0.91,2.53
92,2015-05-26,33.48,33.63,33.98,32.29,890449,3073685776.0,5.08,1.02,0.34,2.61
93,2015-05-27,33.57,32.89,33.91,32.78,763761,2660681872.0,3.36,-2.2,-0.74,2.23
94,2015-05-28,32.5,29.45,32.73,29.45,946512,3113507616.0,9.97,-10.46,-3.44,2.77
95,2015-05-29,29.45,29.0,29.93,28.41,722583,2215742720.0,5.16,-1.53,-0.45,2.11
96,2015-06-01,29.18,30.75,31.18,28.4,784294,2450754096.0,9.59,6.03,1.75,2.29
97,2015-06-02,30.7,30.41,30.74,29.73,623056,1978118816.0,3.28,-1.11,-0.34,1.82
98,2015-06-03,30.73,30.34,31.04,30.18,526207,1686781360.0,2.83,-0.23,-0.07,1.54
99,2015-06-04,30.56,31.48,31.68,29.23,787259,2542330496.0,8.08,3.76,1.14,2.3
100,2015-06-05,32.48,31.61,33.07,30.96,883276,2953540336.0,6.7,0.41,0.13,2.58
101,2015-06-08,31.66,34.92,34.92,31.51,1574736,5517786624.0,10.79,10.47,3.31,4.61
102,2015-06-09,35.28,33.51,35.28,32.94,1276776,4534418688.0,6.7,-4.04,-1.41,3.74
103,2015-06-10,33.21,33.89,35.16,32.92,1127488,4026771856.0,6.68,1.13,0.38,3.3
104,2015-06-11,33.52,33.09,34.02,32.78,689366,2397152912.0,3.66,-2.36,-0.8,2.02
105,2015-06-12,33.25,33.94,34.36,33.23,904002,3201496416.0,3.41,2.57,0.85,2.64
106,2015-06-15,34.63,33.47,34.98,33.11,823299,2921213328.0,5.51,-1.38,-0.47,2.41
107,2015-06-16,33.25,32.46,34.04,31.98,635526,2207516080.0,6.15,-3.02,-1.01,1.86
108,2015-06-17,32.68,32.5,32.83,30.88,561452,1875894176.0,6.01,0.12,0.04,1.64
109,2015-06-18,32.32,30.38,32.34,30.26,506077,1671601840.0,6.4,-6.52,-2.12,1.48
110,2015-06-19,29.48,28.85,30.98,28.53,456975,1436887824.0,8.06,-5.04,-1.53,1.34
111,2015-06-23,28.79,30.4,30.46,27.63,506934,1567921360.0,9.81,5.37,1.55,1.48
112,2015-06-24,30.46,30.34,30.62,29.54,472256,1495598032.0,3.55,-0.2,-0.06,1.38
113,2015-06-25,30.52,29.28,31.03,28.88,539780,1714507056.0,7.09,-3.49,-1.06,1.58
114,2015-06-26,28.47,26.2,29.95,26.2,743619,2173477168.0,12.81,-10.52,-3.08,2.18
115,2015-06-29,26.5,23.43,26.97,23.43,958927,2546602704.0,13.51,-10.57,-2.77,2.81
116,2015-06-30,23.36,25.43,25.86,21.16,932560,2375414336.0,20.06,8.54,2.0,2.73
117,2015-07-01,24.86,23.0,25.66,22.74,794962,2075589520.0,11.48,-9.56,-2.43,2.33
118,2015-07-02,24.16,22.34,24.18,21.28,898022,2217963280.0,12.61,-2.87,-0.66,2.63
119,2015-07-03,22.14,20.84,23.25,20.23,716405,1664289216.0,13.52,-6.71,-1.5,2.1
120,2015-07-06,23.08,22.27,23.08,20.98,1028575,2436093552.0,10.08,6.86,1.43,3.01
121,2015-07-07,21.78,20.8,22.66,19.89,1132278,2548965600.0,12.44,-6.6,-1.47,3.31
122,2015-07-08,18.57,18.57,18.66,18.57,445746,895514928.0,0.43,-10.72,-2.23,1.3
123,2015-07-09,16.56,20.57,20.58,16.56,1688653,3408828112.0,21.65,10.77,2.0,4.94
124,2015-07-10,20.06,22.78,22.78,19.83,1685872,3984761072.0,14.34,10.74,2.21,4.93
125,2015-07-13,22.33,23.25,24.08,21.81,1472869,3602637072.0,9.96,2.06,0.47,4.31
126,2015-07-14,22.38,21.66,22.89,21.32,1021623,2418048816.0,6.75,-6.84,-1.59,2.99
127,2015-07-15,21.24,19.47,21.96,19.38,893973,1966440368.0,11.91,-10.11,-2.19,2.62
128,2015-07-16,19.47,19.78,20.73,18.69,611602,1302101392.0,10.48,1.59,0.31,1.79
129,2015-07-17,20.38,21.91,21.91,20.28,908651,2074727280.0,8.24,10.77,2.13,2.66
130,2015-07-20,22.07,21.83,22.76,21.38,1061733,2501474688.0,6.3,-0.37,-0.08,3.11
131,2015-07-21,21.46,22.15,22.78,21.08,927160,2186831936.0,7.79,1.47,0.32,2.71
132,2015-07-22,22.04,21.67,22.25,21.28,689201,1603811728.0,4.38,-2.17,-0.48,2.02
133,2015-07-23,21.83,22.48,22.68,21.76,1015077,2428773584.0,4.25,3.74,0.81,2.97
134,2015-07-24,22.58,21.5,22.77,21.28,894559,2127621808.0,6.63,-4.36,-0.98,2.62
135,2015-07-27,20.98,19.2,21.17,19.2,847713,1862642816.0,9.16,-10.7,-2.3,2.48
136,2015-07-28,17.88,20.58,21.2,17.16,1559877,3305075584.0,21.04,7.19,1.38,4.56
137,2015-07-29,20.34,20.59,20.76,19.71,602457,1309956400.0,5.1,0.05,0.01,1.76
138,2015-07-30,20.58,19.76,21.67,19.57,705140,1572778016.0,10.2,-4.03,-0.83,2.06
139,2015-07-31,19.36,20.28,20.9,19.36,536785,1150698224.0,7.79,2.63,0.52,1.57
140,2015-08-03,19.48,20.94,20.95,19.48,713887,1573262112.0,7.25,3.25,0.66,2.09
141,2015-08-04,20.99,21.63,21.66,20.51,564131,1279499296.0,5.49,3.3,0.69,1.65
142,2015-08-05,21.47,21.36,21.86,21.21,480106,1105733904.0,3.01,-1.25,-0.27,1.4
143,2015-08-06,21.08,20.3,21.23,20.17,512836,1137347424.0,4.96,-4.96,-1.06,1.5
144,2015-08-07,20.19,20.48,20.87,20.19,470509,1039948976.0,3.35,0.89,0.18,1.38
145,2015-08-10,20.53,22.3,22.58,20.18,815349,1878967488.0,11.72,8.89,1.82,2.39
146,2015-08-11,22.09,21.82,22.43,21.68,588944,1387783120.0,3.36,-2.15,-0.48,1.72
147,2015-08-12,21.5,21.96,22.94,21.36,770407,1836462512.0,7.24,0.64,0.14,2.25
148,2015-08-13,21.93,22.68,22.76,21.79,615383,1471411760.0,4.42,3.28,0.72,1.8
149,2015-08-14,23.28,22.62,23.28,22.48,653024,1595778320.0,3.53,-0.26,-0.06,1.91
150,2015-08-17,22.56,21.96,22.56,21.36,568974,1333671520.0,5.31,-2.92,-0.66,1.66
151,2015-08-18,22.17,20.24,23.45,19.89,898019,2125077216.0,16.21,-7.83,-1.72,2.63
152,2015-08-19,19.68,20.82,20.96,18.98,610505,1322032544.0,9.78,2.87,0.58,1.79
153,2015-08-20,20.41,19.59,20.56,19.56,403825,871002960.0,4.8,-5.91,-1.23,1.18
154,2015-08-21,19.01,17.62,19.86,17.53,538971,1083094336.0,11.89,-10.06,-1.97,1.58
155,2015-08-24,16.64,15.71,16.98,15.71,603241,1050990784.0,7.21,-10.84,-1.91,1.76
156,2015-08-25,14.46,13.99,15.42,13.99,713411,1134366688.0,9.1,-10.95,-1.72,2.09
157,2015-08-26,13.98,12.95,14.83,12.84,837181,1286678032.0,14.22,-7.43,-1.04,2.45
158,2015-08-27,13.48,14.4,14.4,12.95,796696,1204209328.0,11.2,11.2,1.45,2.33
159,2015-08-28,14.82,15.4,15.48,14.52,844084,1389249024.0,6.67,6.94,1.0,2.47
160,2015-08-31,15.18,15.25,15.27,14.29,781991,1274773264.0,6.36,-0.97,-0.15,2.29
161,2015-09-01,14.88,15.82,16.36,14.31,1138624,1947664128.0,13.44,3.74,0.57,3.33
162,2015-09-02,14.87,15.37,15.88,14.68,896328,1518928752.0,7.59,-2.84,-0.45,2.62
163,2015-09-07,15.53,15.04,16.05,14.9,336868,577834336.0,7.48,-2.15,-0.33,0.99
164,2015-09-08,14.88,15.56,15.68,14.16,349571,574018704.0,10.11,3.46,0.52,1.02
165,2015-09-09,15.62,16.08,16.46,15.47,500076,875548048.0,6.36,3.34,0.52,1.46
166,2015-09-10,15.7,15.37,15.91,15.31,255166,437694528.0,3.73,-4.42,-0.71,0.75
167,2015-09-11,15.36,15.27,15.83,15.09,197025,333526816.0,4.81,-0.65,-0.1,0.58
168,2015-09-14,15.27,14.4,15.45,13.59,528671,835982976.0,12.18,-5.7,-0.87,1.55
169,2015-09-15,13.98,13.41,14.33,13.28,265695,405412976.0,7.29,-6.88,-0.99,0.78
170,2015-09-16,13.38,14.74,14.9,13.37,303195,472469856.0,11.41,9.92,1.33,0.89
171,2015-09-17,14.84,14.16,14.98,14.12,285509,462562576.0,5.83,-3.93,-0.58,0.84
172,2015-09-18,14.33,14.35,14.6,14.19,161023,256210463.0,2.9,1.34,0.19,0.47
173,2015-09-21,14.08,14.64,14.7,14.0,204520,326101392.0,4.88,2.02,0.29,0.6
174,2015-09-22,14.63,15.35,15.73,14.63,402879,681028464.0,7.51,4.85,0.71,1.18
175,2015-09-23,15.01,14.62,15.22,14.58,235563,385916368.0,4.17,-4.76,-0.73,0.69
176,2015-09-24,14.92,14.69,14.93,14.49,207202,335637648.0,3.01,0.48,0.07,0.61
177,2015-09-25,14.63,13.91,14.77,13.77,250201,392999216.0,6.81,-5.31,-0.78,0.73
178,2015-09-28,13.91,14.17,14.31,13.59,132355,205415186.0,5.18,1.87,0.26,0.39
179,2015-09-29,13.78,13.98,14.45,13.53,227323,350737536.0,6.49,-1.34,-0.19,0.67
180,2015-09-30,13.92,13.98,14.43,13.88,193120,303027872.0,3.93,0.0,0.0,0.57
181,2015-10-08,14.98,14.55,15.09,14.49,363872,592173984.0,4.29,4.08,0.57,1.06
182,2015-10-09,14.51,15.02,15.32,14.51,345665,567994000.0,5.57,3.23,0.47,1.01
183,2015-10-12,15.08,16.27,16.5,14.99,582174,1020209040.0,10.05,8.32,1.25,1.7
184,2015-10-13,16.05,16.09,16.26,15.7,290746,509325152.0,3.44,-1.11,-0.18,0.85
185,2015-10-14,16.04,15.85,16.6,15.83,343584,610390672.0,4.79,-1.49,-0.24,1.01
186,2015-10-15,15.8,16.43,16.45,15.73,278301,493185552.0,4.54,3.66,0.58,0.81
187,2015-10-16,16.53,17.14,17.39,16.53,522706,968586256.0,5.23,4.32,0.71,1.53
188,2015-10-19,17.38,17.56,18.6,17.28,610714,1184071456.0,7.7,2.45,0.42,1.79
189,2015-10-20,17.42,18.08,18.24,17.14,362586,694596256.0,6.26,2.96,0.52,1.06
190,2015-10-21,18.18,16.67,18.58,16.19,570484,1091097360.0,13.22,-7.8,-1.41,1.67
191,2015-10-22,16.74,17.07,17.12,16.15,439383,801614304.0,5.82,2.4,0.4,1.29
192,2015-10-23,17.18,17.47,17.67,16.59,395662,737174304.0,6.33,2.34,0.4,1.16
193,2015-10-26,17.98,17.81,18.74,17.68,525840,1035471248.0,6.07,1.95,0.34,1.54
194,2015-10-27,17.54,17.71,17.86,16.89,329628,623177744.0,5.45,-0.56,-0.1,0.96
195,2015-10-28,17.58,16.96,17.88,16.89,263875,497633680.0,5.59,-4.23,-0.75,0.77
196,2015-10-29,16.98,17.08,17.38,16.9,215396,401950384.0,2.83,0.71,0.12,0.63
197,2015-10-30,17.07,17.56,18.01,16.61,448062,849645808.0,8.2,2.81,0.48,1.31
198,2015-11-02,17.14,17.09,17.75,17.03,319782,604864144.0,4.1,-2.68,-0.47,0.94
199,2015-11-03,17.13,16.9,17.32,16.69,333754,618452064.0,3.69,-1.11,-0.19,0.98
200,2015-11-04,17.06,18.74,18.74,16.96,774544,1524561088.0,10.53,10.89,1.84,2.27
201,2015-11-05,19.48,20.77,20.77,19.35,1658719,3659959648.0,7.58,10.83,2.03,4.85
202,2015-11-06,20.62,23.0,23.0,20.16,1679976,3897379152.0,13.67,10.74,2.23,4.92
203,2015-11-09,23.55,24.11,25.45,23.46,2655115,6918821376.0,8.65,4.83,1.11,7.77
204,2015-11-10,23.73,24.3,26.57,23.73,2242821,5944400640.0,11.78,0.79,0.19,6.56
205,2015-11-11,24.58,25.94,26.76,24.03,1758213,4703258112.0,11.23,6.75,1.64,5.14
206,2015-11-12,25.48,24.72,25.76,24.28,1606086,4255021744.0,5.71,-4.7,-1.22,4.7
207,2015-11-13,24.39,24.52,25.35,24.18,1128615,2965320064.0,4.73,-0.81,-0.2,3.3
208,2015-11-16,23.69,24.2,24.27,23.48,859565,2175954224.0,3.22,-1.31,-0.32,2.51
209,2015-11-17,24.76,24.18,26.1,23.88,1764869,4699103744.0,9.17,-0.08,-0.02,5.16
210,2015-11-18,24.18,22.47,24.28,22.18,1225380,3040483024.0,8.68,-7.07,-1.71,3.59
211,2015-11-19,22.56,23.21,23.23,22.29,646369,1570250192.0,4.18,3.29,0.74,1.89
212,2015-11-20,23.12,22.75,23.24,22.38,636734,1544836368.0,3.71,-1.98,-0.46,1.86
213,2015-11-23,22.97,22.48,24.08,22.43,917290,2267487376.0,7.25,-1.19,-0.27,2.68
214,2015-11-24,22.29,23.42,23.7,22.11,841489,2067713488.0,7.07,4.18,0.94,2.46
215,2015-11-25,22.98,23.75,23.84,22.79,827323,2058296640.0,4.48,1.41,0.33,2.42
216,2015-11-26,24.16,23.32,24.96,23.26,889488,2273246528.0,7.16,-1.81,-0.43,2.6
217,2015-11-27,22.83,20.85,23.07,20.84,1127277,2632664976.0,9.56,-10.59,-2.47,3.3
218,2015-11-30,20.68,20.83,21.17,19.74,934400,2056152512.0,6.86,-0.1,-0.02,2.73
219,2015-12-01,20.68,20.96,21.24,20.39,504107,1125357856.0,4.08,0.62,0.13,1.47
220,2015-12-02,20.98,22.4,22.77,20.56,898343,2085476496.0,10.54,6.87,1.44,2.63
221,2015-12-03,21.98,22.36,23.08,21.77,691711,1663060016.0,5.85,-0.18,-0.04,2.02
222,2015-12-04,21.97,21.67,22.26,21.37,513411,1194028256.0,3.98,-3.09,-0.69,1.5
223,2015-12-07,21.56,21.06,21.67,20.68,523826,1179501280.0,4.57,-2.81,-0.61,1.53
224,2015-12-08,20.87,20.62,21.31,20.59,391097,879523360.0,3.42,-2.09,-0.44,1.14
225,2015-12-09,20.6,20.73,21.06,20.51,285458,636455216.0,2.67,0.53,0.11,0.84
226,2015-12-10,20.98,21.15,22.18,20.91,760194,1759656816.0,6.13,2.03,0.42,2.22
227,2015-12-11,20.88,21.69,22.07,20.59,557664,1275835248.0,7.0,2.55,0.54,1.63
228,2015-12-14,21.29,24.01,24.01,21.24,1090295,2649108048.0,12.77,10.7,2.32,3.19
229,2015-12-15,23.63,23.09,24.05,22.99,723409,1803056448.0,4.41,-3.83,-0.92,2.12
230,2015-12-16,23.36,23.04,23.67,22.82,543571,1344560272.0,3.68,-0.22,-0.05,1.59
231,2015-12-17,23.33,23.28,23.86,22.99,735090,1829615968.0,3.78,1.04,0.24,2.15
232,2015-12-18,23.23,22.84,23.44,22.66,483289,1183309504.0,3.35,-1.89,-0.44,1.41
233,2015-12-21,22.66,23.18,23.65,22.58,546839,1353534016.0,4.68,1.49,0.34,1.6
234,2015-12-22,23.18,23.31,23.46,22.98,407376,1008005904.0,2.07,0.56,0.13,1.19
235,2015-12-23,23.48,23.51,24.46,23.34,1241234,3163224064.0,4.8,0.86,0.2,3.63
236,2015-12-24,23.18,22.45,23.35,21.9,734924,1771024608.0,6.17,-4.51,-1.06,2.15
237,2015-12-25,22.47,22.49,22.73,22.23,269644,647057776.0,2.23,0.18,0.04,0.79
238,2015-12-28,22.77,21.36,22.86,21.31,440042,1037506080.0,6.89,-5.02,-1.13,1.29
239,2015-12-29,21.39,21.79,22.07,21.38,371088,861538432.0,3.23,2.01,0.43,1.09
240,2015-12-30,21.93,21.62,21.97,21.16,351152,809666560.0,3.72,-0.78,-0.17,1.03
241,2015-12-31,21.57,21.42,21.88,21.36,270980,628561712.0,2.41,-0.93,-0.2,0.79
242,2016-01-04,21.2,19.14,21.54,19.13,372536,817194096.0,11.25,-10.64,-2.28,1.09
243,2016-01-05,18.26,19.36,19.68,17.98,625232,1278427136.0,8.88,1.15,0.22,1.83
244,2016-01-06,19.33,19.64,19.82,18.69,386594,806355552.0,5.84,1.45,0.28,1.13
245,2016-01-07,18.98,17.54,19.17,17.52,132763,260997553.0,8.4,-10.69,-2.1,0.39
246,2016-01-08,18.04,17.97,18.99,16.78,584289,1141507424.0,12.6,2.45,0.43,1.71
247,2016-01-11,17.33,16.02,17.63,16.02,498327,913742752.0,8.96,-10.85,-1.95,1.46
248,2016-01-12,16.28,16.29,16.87,16.08,405119,726837728.0,4.93,1.69,0.27,1.19
249,2016-01-13,16.41,16.11,16.78,16.03,415041,746224672.0,4.6,-1.1,-0.18,1.21
250,2016-01-14,15.48,16.63,16.68,15.28,443009,786426496.0,8.69,3.23,0.52,1.3
251,2016-01-15,16.39,15.7,16.57,15.48,419627,735788688.0,6.55,-5.59,-0.93,1.23
252,2016-01-18,15.28,15.71,16.1,15.2,350657,604921328.0,5.73,0.06,0.01,1.03
253,2016-01-19,15.68,16.43,16.65,15.59,464000,822609040.0,6.75,4.58,0.72,1.36
254,2016-01-20,16.56,16.88,17.55,16.43,692000,1273077456.0,6.82,2.74,0.45,2.02
255,2016-01-21,16.5,16.04,17.29,15.95,533952,976042160.0,7.94,-4.98,-0.84,1.56
256,2016-01-22,16.35,16.57,16.82,15.98,396135,710023648.0,5.24,3.3,0.53,1.16
257,2016-01-25,16.75,16.62,16.88,16.42,288882,524563392.0,2.78,0.3,0.05,0.85
258,2016-01-26,16.37,14.81,16.46,14.81,522287,890922640.0,9.93,-10.89,-1.81,1.53
259,2016-01-27,14.81,14.3,14.98,13.61,525258,828287472.0,9.25,-3.44,-0.51,1.54
260,2016-01-28,13.99,13.71,14.78,13.58,426487,672034880.0,8.39,-4.13,-0.59,1.25
261,2016-01-29,13.71,14.79,15.18,13.7,630532,1019150384.0,10.8,7.88,1.08,1.84
262,2016-02-01,14.68,14.92,14.98,14.5,448532,729886560.0,3.25,0.88,0.13,1.31
263,2016-02-02,15.04,15.38,15.58,14.87,373087,626951216.0,4.76,3.08,0.46,1.09
264,2016-02-03,14.98,15.2,15.3,14.78,256490,424550544.0,3.38,-1.17,-0.18,0.75
265,2016-02-04,15.28,15.34,15.63,15.24,297368,503968880.0,2.57,0.92,0.14,0.87
266,2016-02-05,14.93,14.55,15.08,14.51,382766,622735872.0,3.72,-5.15,-0.79,1.12
267,2016-02-15,13.88,14.18,14.29,13.74,248783,386904416.0,3.78,-2.54,-0.37,0.73
268,2016-02-16,14.33,14.98,15.08,14.33,381806,624748272.0,5.29,5.64,0.8,1.12
269,2016-02-17,14.9,15.08,15.15,14.79,317091,523903696.0,2.4,0.67,0.1,0.93
270,2016-02-18,15.38,15.09,15.68,15.03,470265,795770016.0,4.31,0.07,0.01,1.38
271,2016-02-19,15.01,15.12,15.27,14.8,267623,443225568.0,3.11,0.2,0.03,0.78
272,2016-02-22,15.43,15.88,16.17,15.36,574853,993129904.0,5.36,5.03,0.76,1.68
273,2016-02-23,15.86,15.51,15.86,15.34,308717,527435792.0,3.27,-2.33,-0.37,0.9
274,2016-02-24,15.43,15.98,16.04,15.23,353597,606447984.0,5.22,3.03,0.47,1.03
275,2016-02-25,15.9,14.29,15.9,14.23,503249,827575168.0,10.45,-10.58,-1.69,1.47
276,2016-02-26,14.5,14.39,14.67,14.01,322382,513449808.0,4.62,0.7,0.1,0.94
277,2016-02-29,14.16,13.45,14.26,12.96,537913,801210176.0,9.03,-6.53,-0.94,1.57
278,2016-03-01,13.56,13.98,14.43,13.15,525360,799574368.0,9.52,3.94,0.53,1.54
279,2016-03-02,13.94,15.18,15.35,13.88,701841,1129282496.0,10.52,8.58,1.2,2.05
280,2016-03-03,14.99,15.0,15.38,14.89,494002,822292512.0,3.23,-1.19,-0.18,1.45
281,2016-03-04,15.01,15.05,15.24,14.67,541806,894417872.0,3.8,0.33,0.05,1.59
282,2016-03-07,15.24,15.25,15.75,15.08,467845,792141856.0,4.45,1.33,0.2,1.37
283,2016-03-08,15.19,15.45,15.48,14.37,455081,743015712.0,7.28,1.31,0.2,1.33
284,2016-03-09,14.97,14.94,15.27,14.6,357660,586922512.0,4.34,-3.3,-0.51,1.05
285,2016-03-10,14.86,14.25,15.06,14.19,286589,463594208.0,5.82,-4.62,-0.69,0.84
286,2016-03-11,14.04,14.53,14.67,13.98,262094,416469072.0,4.84,1.96,0.28,0.77
287,2016-03-14,14.73,14.96,15.45,14.54,517305,858794768.0,6.26,2.96,0.43,1.51
288,2016-03-15,14.89,14.78,14.96,14.52,313751,509960432.0,2.94,-1.2,-0.18,0.92
289,2016-03-16,14.84,14.77,15.01,14.66,348555,568958176.0,2.37,-0.07,-0.01,1.02
290,2016-03-17,14.9,15.39,15.63,14.86,628877,1057547376.0,5.21,4.2,0.62,1.84
291,2016-03-18,15.55,16.25,16.49,15.48,861311,1516115984.0,6.56,5.59,0.86,2.52
292,2016-03-21,17.08,18.03,18.03,16.98,1850016,3592610576.0,6.46,10.95,1.78,5.41
293,2016-03-22,17.87,17.65,18.14,17.33,1180720,2276633968.0,4.49,-2.11,-0.38,3.45
294,2016-03-23,17.46,17.88,18.01,17.16,963862,1841175200.0,4.82,1.3,0.23,2.82
295,2016-03-24,17.47,16.94,17.51,16.91,704354,1324030448.0,3.36,-5.26,-0.94,2.06
296,2016-03-25,16.91,17.15,17.21,16.86,501205,929788704.0,2.07,1.24,0.21,1.47
297,2016-03-28,17.15,16.59,17.35,16.46,595321,1097836592.0,5.19,-3.27,-0.56,1.74
298,2016-03-29,16.64,16.52,16.86,16.16,543596,980486288.0,4.22,-0.42,-0.07,1.59
299,2016-03-30,16.82,17.17,17.22,16.78,606888,1125574304.0,2.66,3.93,0.65,1.78
300,2016-03-31,17.48,17.58,18.37,17.17,1071816,2061212672.0,6.99,2.39,0.41,3.14
301,2016-04-01,17.59,18.16,18.18,17.35,985248,1903545952.0,4.72,3.3,0.58,2.88
302,2016-04-05,18.18,18.45,18.86,17.68,1064449,2111476208.0,6.5,1.6,0.29,3.11
303,2016-04-06,18.18,18.18,18.47,17.85,593448,1167928496.0,3.36,-1.46,-0.27,1.74
304,2016-04-07,18.34,17.56,18.41,17.5,489100,948222160.0,5.01,-3.41,-0.62,1.43
305,2016-04-08,17.39,17.07,17.39,16.67,565174,1047730704.0,4.1,-2.79,-0.49,1.65
306,2016-04-11,18.08,17.59,18.28,17.57,914297,1777953952.0,4.16,3.05,0.52,2.67
307,2016-04-12,17.39,17.39,17.57,17.09,445232,837434048.0,2.73,-1.14,-0.2,1.3
308,2016-04-13,17.59,18.04,18.55,17.59,1040398,2051230608.0,5.52,3.74,0.65,3.04
309,2016-04-14,18.28,18.24,18.37,17.97,565199,1112626640.0,2.22,1.11,0.2,1.65
310,2016-04-15,18.13,18.06,18.34,17.9,381914,747348688.0,2.41,-0.99,-0.18,1.12
311,2016-04-18,17.81,17.28,17.82,17.17,556409,1050642608.0,3.6,-4.32,-0.78,1.63
312,2016-04-19,17.47,17.39,17.53,17.08,307110,578072016.0,2.6,0.64,0.11,0.9
313,2016-04-20,17.41,16.89,17.46,16.23,718611,1311179760.0,7.07,-2.88,-0.5,2.1
314,2016-04-21,16.61,16.53,16.83,16.38,333107,605239744.0,2.66,-2.13,-0.36,0.97
315,2016-04-22,16.43,16.77,16.82,16.31,303565,552624880.0,3.09,1.45,0.24,0.89
316,2016-04-25,16.59,16.53,16.65,16.24,219300,392941408.0,2.44,-1.43,-0.24,0.64
317,2016-04-26,16.45,16.66,16.76,16.34,245907,444412224.0,2.54,0.79,0.13,0.72
318,2016-04-27,16.67,16.22,16.67,16.19,327578,587312896.0,2.88,-2.64,-0.44,0.96
319,2016-04-28,16.31,16.12,16.34,15.85,351495,617335600.0,3.02,-0.62,-0.1,1.03
320,2016-04-29,15.98,15.84,16.13,15.81,292065,509812000.0,1.99,-1.74,-0.28,0.85
321,2016-05-03,15.88,16.34,16.47,15.74,457218,811533200.0,4.61,3.16,0.5,1.34
322,2016-05-04,16.17,16.21,16.34,16.09,295709,524822112.0,1.53,-0.8,-0.13,0.87
323,2016-05-05,16.14,16.18,16.27,16.01,219585,388255632.0,1.6,-0.19,-0.03,0.64
324,2016-05-06,16.2,15.23,16.29,15.2,501102,860988976.0,6.74,-5.87,-0.95,1.47
325,2016-05-09,15.02,14.56,15.08,14.5,318333,517225760.0,3.81,-4.4,-0.67,0.93
326,2016-05-10,14.56,14.62,14.7,14.5,206303,332903712.0,1.37,0.41,0.06,0.6
327,2016-05-11,14.75,14.5,14.81,14.47,236917,383050640.0,2.33,-0.82,-0.12,0.69
328,2016-05-12,14.35,14.64,14.7,14.13,312747,500251808.0,3.93,0.97,0.14,0.92
329,2016-05-13,14.64,14.53,14.77,14.35,203938,328352240.0,2.87,-0.75,-0.11,0.6
330,2016-05-16,14.4,14.77,14.77,14.4,212329,343733552.0,2.55,1.65,0.24,0.62
331,2016-05-17,14.85,14.99,15.16,14.67,328863,539829936.0,3.32,1.49,0.22,0.96
332,2016-05-18,14.76,14.71,14.97,14.47,308446,481026848.0,3.34,-1.87,-0.28,0.9
333,2016-05-19,14.67,14.61,14.83,14.54,193608,302390928.0,1.97,-0.68,-0.1,0.57
334,2016-05-20,14.49,14.8,14.81,14.39,213983,332969920.0,2.87,1.3,0.19,0.63
335,2016-05-23,14.77,14.76,14.96,14.62,246873,387965216.0,2.3,-0.27,-0.04,0.72
336,2016-05-24,14.69,14.44,14.72,14.4,185942,287139424.0,2.17,-2.17,-0.32,0.54
337,2016-05-25,14.59,14.46,14.76,14.42,198302,307910352.0,2.35,0.14,0.02,0.58
338,2016-05-26,14.48,14.6,14.62,14.18,218776,335420720.0,3.04,0.97,0.14,0.64
339,2016-05-27,14.49,14.52,14.68,14.43,138877,214897704.0,1.71,-0.55,-0.08,0.41
340,2016-05-30,14.5,14.52,14.65,14.28,139391,214929930.0,2.55,0.0,0.0,0.41
341,2016-05-31,14.57,16.04,16.05,14.56,886465,1466712816.0,10.26,10.47,1.52,2.59
342,2016-06-01,15.95,15.75,16.13,15.65,620998,1041245536.0,2.99,-1.81,-0.29,1.82
343,2016-06-02,15.67,15.88,15.91,15.57,367321,612875968.0,2.16,0.83,0.13,1.07
344,2016-06-03,15.83,15.8,16.14,15.59,408952,684907456.0,3.46,-0.5,-0.08,1.2
345,2016-06-06,15.82,15.68,15.9,15.59,266700,443544992.0,1.96,-0.76,-0.12,0.78
346,2016-06-07,15.73,15.75,15.84,15.65,224361,374018304.0,1.21,0.45,0.07,0.66
347,2016-06-08,15.67,15.67,15.8,15.48,232951,386076672.0,2.03,-0.51,-0.08,0.68
348,2016-06-13,15.43,14.71,15.5,14.69,263572,425719504.0,5.17,-6.13,-0.96,0.77
349,2016-06-14,14.68,14.83,14.91,14.61,178636,280527072.0,2.04,0.82,0.12,0.52
350,2016-06-15,14.58,15.21,15.47,14.48,320413,511682720.0,6.68,2.56,0.38,0.94
351,2016-06-16,15.1,14.92,15.22,14.83,206969,330380736.0,2.56,-1.91,-0.29,0.61
352,2016-06-17,14.95,15.07,15.33,14.95,216179,347453952.0,2.55,1.01,0.15,0.63
353,2016-06-20,14.96,15.04,15.07,14.75,219644,347370352.0,2.12,-0.2,-0.03,0.64
354,2016-06-21,15.15,15.22,16.05,15.15,516025,849862592.0,5.98,1.2,0.18,1.51
355,2016-06-22,15.18,15.56,15.66,15.1,292085,478933984.0,3.68,2.23,0.34,0.85
356,2016-06-23,15.55,15.64,15.68,15.29,250797,412756896.0,2.51,0.51,0.08,0.73
357,2016-06-24,15.56,15.3,15.8,14.89,421027,685925168.0,5.82,-2.17,-0.34,1.23
358,2016-06-27,15.2,15.6,15.63,15.2,345518,567940880.0,2.81,1.96,0.3,1.01
359,2016-06-28,15.53,15.97,16.08,15.35,454403,756347200.0,4.68,2.37,0.37,1.33
360,2016-06-29,16.04,15.87,16.17,15.82,428196,725206176.0,2.19,-0.63,-0.1,1.25
361,2016-06-30,15.96,16.02,16.26,15.93,381734,650696128.0,2.08,0.95,0.15,1.12
362,2016-07-01,16.09,15.91,16.23,15.83,273602,463140240.0,2.5,-0.69,-0.11,0.8
363,2016-07-04,15.73,16.81,17.08,15.68,654800,1144579152.0,8.8,5.66,0.9,1.92
364,2016-07-05,16.71,16.71,16.87,16.57,331173,583747392.0,1.78,-0.59,-0.1,0.97
365,2016-07-06,16.61,16.67,16.88,16.47,261581,458711488.0,2.45,-0.24,-0.04,0.77
366,2016-07-07,16.64,16.64,16.78,16.29,332266,579573584.0,2.94,-0.18,-0.03,0.97
367,2016-07-08,16.59,16.64,16.84,16.42,337737,593428288.0,2.52,0.0,0.0,0.99
368,2016-07-11,16.59,16.74,17.32,16.53,477947,850846032.0,4.75,0.6,0.1,1.4
369,2016-07-12,16.71,17.37,17.47,16.67,636296,1149226512.0,4.78,3.76,0.63,1.86
370,2016-07-13,17.52,17.24,17.96,17.18,623810,1151848960.0,4.49,-0.75,-0.13,1.83
371,2016-07-14,17.19,17.37,17.51,17.13,288683,526348464.0,2.2,0.75,0.13,0.84
372,2016-07-15,17.39,17.08,17.48,16.95,377535,680618080.0,3.05,-1.67,-0.29,1.1
373,2016-07-18,16.98,16.69,17.04,16.67,339361,601113376.0,2.17,-2.28,-0.39,0.99
374,2016-07-19,16.76,16.88,16.94,16.57,252692,446936656.0,2.22,1.14,0.19,0.74
375,2016-07-20,16.88,16.71,16.91,16.69,164825,291821360.0,1.3,-1.01,-0.17,0.48
376,2016-07-21,16.79,16.83,17.05,16.78,270164,482087472.0,1.62,0.72,0.12,0.79
377,2016-07-22,16.74,16.68,16.85,16.61,201522,355421760.0,1.43,-0.89,-0.15,0.59
378,2016-07-25,16.62,16.63,16.79,16.57,144542,254127931.0,1.32,-0.3,-0.05,0.42
379,2016-07-26,16.65,16.93,16.94,16.6,207908,369365504.0,2.04,1.8,0.3,0.61
380,2016-07-27,16.9,16.21,16.94,15.9,556357,960287184.0,6.14,-4.25,-0.72,1.63
381,2016-07-28,16.16,15.98,16.23,15.69,308188,519773408.0,3.33,-1.42,-0.23,0.9
382,2016-07-29,15.96,15.96,16.19,15.79,219402,371071568.0,2.5,-0.13,-0.02,0.64
383,2016-08-01,15.89,15.72,15.95,15.53,220746,367256128.0,2.63,-1.5,-0.24,0.65
384,2016-08-02,15.78,15.8,15.84,15.63,130569,217559036.0,1.34,0.51,0.08,0.38
385,2016-08-03,15.77,15.79,15.85,15.66,110373,184191648.0,1.2,-0.06,-0.01,0.32
386,2016-08-04,15.79,15.92,15.94,15.68,137222,229823487.0,1.65,0.82,0.13,0.4
387,2016-08-05,15.91,15.89,16.17,15.84,153479,259265223.0,2.07,-0.19,-0.03,0.45
388,2016-08-08,15.89,16.09,16.1,15.72,125101,210950965.0,2.39,1.26,0.2,0.37
389,2016-08-09,16.08,16.21,16.25,16.0,139231,237387554.0,1.55,0.75,0.12,0.41
390,2016-08-10,16.21,16.07,16.31,16.06,175050,299050864.0,1.54,-0.86,-0.14,0.51
391,2016-08-11,16.1,16.09,16.37,15.98,276247,473452016.0,2.43,0.12,0.02,0.81
392,2016-08-12,16.05,16.55,16.62,15.96,336951,579366224.0,4.1,2.86,0.46,0.99
393,2016-08-15,16.62,17.51,18.06,16.53,914899,1667940224.0,9.24,5.8,0.96,2.68
394,2016-08-16,17.45,17.17,17.56,17.12,495310,901081344.0,2.51,-1.94,-0.34,1.45
395,2016-08-17,17.23,16.99,17.4,16.8,422976,761687968.0,3.49,-1.05,-0.18,1.24
396,2016-08-18,16.88,16.85,17.06,16.75,298186,531027136.0,1.82,-0.82,-0.14,0.87
397,2016-08-19,16.85,16.88,16.96,16.78,182724,325142064.0,1.07,0.18,0.03,0.53
398,2016-08-22,16.88,16.5,16.96,16.46,225809,397288880.0,2.96,-2.25,-0.38,0.66
399,2016-08-23,16.51,16.52,16.67,16.39,162991,284408000.0,1.7,0.12,0.02,0.48
400,2016-08-24,16.55,16.4,16.57,16.33,186033,322635456.0,1.45,-0.73,-0.12,0.54
401,2016-08-25,16.33,16.46,16.55,16.28,231782,402054288.0,1.65,0.37,0.06,0.68
402,2016-08-26,16.48,16.4,16.56,16.36,166066,288910128.0,1.22,-0.36,-0.06,0.49
403,2016-08-29,16.37,16.28,16.39,16.21,171157,294330240.0,1.1,-0.73,-0.12,0.5
404,2016-08-30,16.31,16.36,16.47,16.26,165465,285950704.0,1.29,0.49,0.08,0.48
405,2016-08-31,16.37,16.44,16.6,16.26,194495,337627856.0,2.08,0.49,0.08,0.57
406,2016-09-01,16.45,15.94,16.47,15.84,540634,918439936.0,3.83,-3.04,-0.5,1.38
407,2016-09-02,15.83,15.97,16.12,15.82,200214,337965808.0,1.88,0.19,0.03,0.51
408,2016-09-05,16.06,15.98,16.22,15.93,145664,247007159.0,1.82,0.06,0.01,0.37
409,2016-09-06,15.96,16.1,16.18,15.74,181349,306179504.0,2.75,0.75,0.12,0.46
410,2016-09-07,16.08,16.08,16.23,16.04,169432,288900976.0,1.18,-0.12,-0.02,0.43
411,2016-09-08,16.04,16.0,16.1,15.93,126588,214164708.0,1.06,-0.5,-0.08,0.32
412,2016-09-09,15.98,15.9,16.1,15.89,153864,260477567.0,1.31,-0.63,-0.1,0.39
413,2016-09-12,15.63,15.54,15.63,15.23,336711,551272976.0,2.52,-2.26,-0.36,0.86
414,2016-09-13,15.52,15.47,15.57,15.37,134453,219863987.0,1.29,-0.45,-0.07,0.34
415,2016-09-14,15.38,15.32,15.43,15.23,113505,184567440.0,1.29,-0.97,-0.15,0.29
416,2016-09-19,15.28,15.39,15.43,15.28,79939,130229860.0,0.98,0.46,0.07,0.2
417,2016-09-20,15.38,15.41,15.43,15.33,74182,120920348.0,0.65,0.13,0.02,0.19
418,2016-09-21,15.41,15.52,15.63,15.37,117154,192399422.0,1.69,0.71,0.11,0.3
419,2016-09-22,15.61,15.46,15.66,15.44,124182,204801942.0,1.42,-0.39,-0.06,0.32
420,2016-09-23,15.51,15.35,15.53,15.34,85381,139575888.0,1.23,-0.71,-0.11,0.22
421,2016-09-26,15.29,15.01,15.36,14.99,143755,231255477.0,2.41,-2.21,-0.34,0.37
422,2016-09-27,14.96,15.19,15.21,14.92,98156,157200997.0,1.93,1.2,0.18,0.25
423,2016-09-28,15.19,15.12,15.22,15.08,56806,91239260.0,0.92,-0.46,-0.07,0.15
424,2016-09-29,15.17,15.29,15.46,15.09,126871,206006945.0,2.45,1.12,0.17,0.32
425,2016-09-30,15.2,15.32,15.37,15.18,78511,127306544.0,1.24,0.2,0.03,0.2
426,2016-10-10,15.46,15.58,15.64,15.39,142201,233936021.0,1.63,1.7,0.26,0.36
427,2016-10-11,15.59,15.6,15.7,15.55,136217,225145611.0,0.96,0.13,0.02,0.35
428,2016-10-12,15.52,15.54,15.61,15.51,86291,142099509.0,0.64,-0.38,-0.06,0.22
429,2016-10-13,15.51,15.54,15.65,15.49,86611,142796309.0,1.03,0.0,0.0,0.22
430,2016-10-14,15.57,15.58,15.6,15.38,98672,161997869.0,1.42,0.26,0.04,0.25
431,2016-10-17,15.61,15.33,15.69,15.33,107223,176221329.0,2.31,-1.6,-0.25,0.27
432,2016-10-18,15.31,15.68,15.71,15.31,187315,308425088.0,2.61,2.28,0.35,0.48
433,2016-10-19,15.66,15.62,15.73,15.52,126282,208864447.0,1.34,-0.38,-0.06,0.32
434,2016-10-20,15.64,15.6,15.7,15.55,91542,151276984.0,0.96,-0.13,-0.02,0.23
435,2016-10-21,15.6,15.64,15.85,15.5,175546,291202256.0,2.24,0.26,0.04,0.45
436,2016-10-24,15.64,16.0,16.29,15.47,570727,963749248.0,5.24,2.3,0.36,1.46
437,2016-10-25,15.9,15.88,15.99,15.83,179242,301246560.0,1.0,-0.75,-0.12,0.46
438,2016-10-26,15.91,15.87,16.07,15.84,210707,355385216.0,1.45,-0.06,-0.01,0.54
439,2016-10-27,15.84,15.81,15.9,15.69,135387,226359405.0,1.32,-0.38,-0.06,0.35
440,2016-10-28,15.98,15.91,16.36,15.89,426664,727952864.0,2.97,0.63,0.1,1.09
441,2016-10-31,15.83,15.96,16.03,15.72,170856,286373952.0,1.95,0.31,0.05,0.44
442,2016-11-01,15.96,16.1,16.19,15.92,182909,310883216.0,1.69,0.88,0.14,0.47
443,2016-11-02,16.09,15.97,16.29,15.93,236730,403041968.0,2.24,-0.81,-0.13,0.61
444,2016-11-03,15.91,16.43,16.68,15.88,688117,1192969824.0,5.01,2.88,0.46,1.76
445,2016-11-04,16.4,16.26,16.5,16.19,244245,421304080.0,1.89,-1.03,-0.17,0.63
446,2016-11-07,16.27,16.23,16.36,16.08,274833,469907824.0,1.72,-0.18,-0.03,0.7
447,2016-11-08,16.37,16.27,16.45,16.14,212090,364879488.0,1.91,0.25,0.04,0.54
448,2016-11-09,16.26,15.96,16.27,15.83,301132,510086304.0,2.7,-1.91,-0.31,0.77
449,2016-11-10,16.18,16.36,16.62,16.13,417830,723430928.0,3.07,2.51,0.4,1.07
450,2016-11-11,16.48,16.87,17.04,16.28,819932,1447198768.0,4.65,3.12,0.51,2.1
451,2016-11-14,16.8,17.07,17.56,16.7,716246,1295773504.0,5.1,1.19,0.2,1.83
452,2016-11-15,16.96,16.88,17.18,16.68,354094,631147776.0,2.93,-1.11,-0.19,0.91
453,2016-11-16,16.94,16.87,17.0,16.72,257137,456816384.0,1.66,-0.06,-0.01,0.66
454,2016-11-17,16.8,16.81,16.9,16.58,271703,479093104.0,1.9,-0.36,-0.06,0.7
455,2016-11-18,16.73,16.54,16.73,16.43,253567,443908800.0,1.78,-1.61,-0.27,0.65
456,2016-11-21,16.45,16.57,16.74,16.43,268841,471285040.0,1.87,0.18,0.03,0.69
457,2016-11-22,16.59,16.74,16.83,16.57,307548,541879360.0,1.57,1.03,0.17,0.79
458,2016-11-23,16.78,16.55,16.93,16.49,267459,470913312.0,2.63,-1.14,-0.19,0.68
459,2016-11-24,16.56,16.62,16.89,16.45,377879,664612496.0,2.66,0.42,0.07,0.97
460,2016-11-25,16.61,16.66,16.67,16.25,292791,509435328.0,2.53,0.24,0.04,0.75
461,2016-11-28,16.8,16.61,16.81,16.54,295099,518762880.0,1.62,-0.3,-0.05,0.76
462,2016-11-29,16.53,16.74,16.87,16.42,385031,677248688.0,2.71,0.78,0.13,0.99
463,2016-11-30,16.68,16.7,17.04,16.52,455794,806963040.0,3.11,-0.24,-0.04,1.17
464,2016-12-01,16.68,17.18,17.28,16.64,720815,1294657792.0,3.83,2.87,0.48,1.85
465,2016-12-02,17.08,16.66,17.11,16.46,599727,1057908512.0,3.78,-3.03,-0.52,1.54
466,2016-12-05,16.43,16.06,16.52,15.99,391009,668588144.0,3.18,-3.6,-0.6,1.0
467,2016-12-06,16.09,15.88,16.15,15.86,208637,353371600.0,1.81,-1.12,-0.18,0.53
468,2016-12-07,15.91,16.01,16.02,15.79,179019,301115280.0,1.45,0.82,0.13,0.46
469,2016-12-08,15.99,15.76,16.02,15.74,186969,313541136.0,1.75,-1.56,-0.25,0.48
470,2016-12-09,15.73,15.83,15.97,15.69,225558,378526384.0,1.78,0.44,0.07,0.58
471,2016-12-12,15.85,15.39,15.86,15.23,363551,594681696.0,3.98,-2.78,-0.44,0.93
472,2016-12-13,15.36,15.45,15.54,15.28,162010,264631148.0,1.69,0.39,0.06,0.41
473,2016-12-14,15.43,15.29,15.52,15.26,158203,257906201.0,1.68,-1.04,-0.16,0.4
474,2016-12-15,15.25,15.16,15.43,15.03,209578,338612512.0,2.62,-0.85,-0.13,0.54
475,2016-12-16,15.12,15.19,15.27,15.11,107757,173602684.0,1.06,0.2,0.03,0.28
476,2016-12-19,15.2,15.02,15.22,14.99,121672,194602160.0,1.51,-1.12,-0.17,0.31
477,2016-12-20,15.02,15.03,15.07,14.89,183019,290610528.0,1.2,0.07,0.01,0.47
478,2016-12-21,15.05,15.19,15.27,15.04,184349,296490224.0,1.53,1.06,0.16,0.47
479,2016-12-22,15.15,15.07,15.19,15.06,111998,179611670.0,0.86,-0.79,-0.12,0.29
480,2016-12-23,15.09,14.92,15.09,14.85,156475,248064458.0,1.59,-1.0,-0.15,0.4
481,2016-12-26,14.83,15.12,15.15,14.79,163925,260862609.0,2.41,1.34,0.2,0.42
482,2016-12-27,15.12,15.04,15.17,15.0,88196,140979427.0,1.12,-0.53,-0.08,0.23
483,2016-12-28,15.04,15.03,15.09,14.9,106359,169121792.0,1.26,-0.07,-0.01,0.27
484,2016-12-29,14.98,14.97,15.11,14.93,100017,159518052.0,1.2,-0.4,-0.06,0.26
485,2016-12-30,15.0,15.07,15.1,14.91,115312,183475942.0,1.27,0.67,0.1,0.3
486,2017-01-03,15.07,15.25,15.35,15.02,194513,314253584.0,2.19,1.19,0.18,0.5
487,2017-01-04,15.23,15.26,15.3,15.14,114837,185392531.0,1.05,0.07,0.01,0.29
488,2017-01-05,15.26,15.19,15.27,15.17,96317,155382249.0,0.66,-0.46,-0.07,0.25
489,2017-01-06,15.23,14.96,15.24,14.94,132928,212218772.0,1.97,-1.51,-0.23,0.34
490,2017-01-09,14.97,15.0,15.04,14.89,102806,163379755.0,1.0,0.27,0.04,0.26
491,2017-01-10,15.01,14.96,15.06,14.94,86154,137038257.0,0.8,-0.27,-0.04,0.22
492,2017-01-11,14.97,14.9,15.04,14.88,102044,161902925.0,1.07,-0.4,-0.06,0.26
493,2017-01-12,14.83,14.8,14.94,14.79,110862,174848350.0,1.01,-0.67,-0.1,0.28
494,2017-01-13,14.8,14.83,14.9,14.51,168087,263377123.0,2.64,0.2,0.03,0.43
495,2017-01-16,14.75,15.05,15.1,14.49,376181,593784448.0,4.11,1.48,0.22,0.96
496,2017-01-17,14.93,14.95,14.97,14.83,67002,106040067.0,0.93,-0.66,-0.1,0.17
497,2017-01-18,14.88,14.94,15.06,14.85,69124,109958116.0,1.4,-0.07,-0.01,0.18
498,2017-01-19,14.94,14.93,15.05,14.9,69010,109662485.0,1.0,-0.07,-0.01,0.18
499,2017-01-20,14.91,15.08,15.11,14.87,112912,180093070.0,1.61,1.0,0.15,0.29
500,2017-01-23,15.04,15.08,15.19,15.03,90139,144507005.0,1.06,0.0,0.0,0.23
501,2017-01-24,15.11,15.04,15.11,14.99,56378,90000571.0,0.8,-0.27,-0.04,0.14
502,2017-01-25,15.0,15.0,15.06,14.96,60561,96367780.0,0.66,-0.27,-0.04,0.16
503,2017-01-26,15.03,15.08,15.12,15.03,89204,142780238.0,0.6,0.53,0.08,0.23
504,2017-02-03,15.08,14.84,15.09,14.83,76286,121118511.0,1.72,-1.59,-0.24,0.2
505,2017-02-06,14.85,14.89,14.93,14.81,98855,155892455.0,0.81,0.34,0.05,0.25
506,2017-02-07,14.88,14.8,14.9,14.71,94696,148832076.0,1.28,-0.6,-0.09,0.24
507,2017-02-08,14.78,15.05,15.06,14.69,154084,243890339.0,2.5,1.69,0.25,0.39
508,2017-02-09,15.05,15.07,15.16,14.99,135227,216296504.0,1.13,0.13,0.02,0.35
509,2017-02-10,15.11,15.15,15.27,15.04,187522,301352672.0,1.53,0.53,0.08,0.48
510,2017-02-13,15.14,15.21,15.32,15.14,165053,266858734.0,1.19,0.4,0.06,0.42
511,2017-02-14,15.27,15.15,15.32,15.11,221169,356058624.0,1.38,-0.39,-0.06,0.57
512,2017-02-15,15.14,15.01,15.23,14.99,262271,420041376.0,1.58,-0.92,-0.14,0.67
513,2017-02-16,15.03,15.05,15.13,14.97,277618,443285536.0,1.07,0.27,0.04,0.71
514,2017-02-17,15.18,15.0,15.51,14.96,566149,915196992.0,3.65,-0.33,-0.05,1.45
515,2017-02-20,15.03,15.22,15.23,14.91,380019,606526160.0,2.13,1.47,0.22,0.97
516,2017-02-21,15.23,15.29,15.44,15.19,298763,484457248.0,1.64,0.46,0.07,0.76
517,2017-02-22,15.26,15.22,15.29,15.13,186940,301286288.0,1.05,-0.46,-0.07,0.48
518,2017-02-23,15.21,15.0,15.24,14.93,320593,511700032.0,2.04,-1.45,-0.22,0.82
519,2017-02-24,15.0,15.05,15.07,14.95,124312,198104032.0,0.8,0.33,0.05,0.32
520,2017-02-27,15.05,14.92,15.06,14.9,130899,208056308.0,1.06,-0.86,-0.13,0.34
521,2017-02-28,14.9,15.0,15.1,14.9,114368,181857811.0,1.34,0.54,0.08,0.29
522,2017-03-01,14.99,15.05,15.19,14.95,186796,298728224.0,1.6,0.33,0.05,0.48
523,2017-03-02,15.1,15.07,15.3,15.05,299572,482435824.0,1.66,0.13,0.02,0.77
524,2017-03-03,15.07,15.02,15.07,14.91,134170,213064462.0,1.06,-0.33,-0.05,0.34
525,2017-03-06,14.97,15.14,15.17,14.95,112859,180449888.0,1.46,0.8,0.12,0.29
526,2017-03-07,15.14,15.1,15.16,15.03,88853,142179653.0,0.86,-0.26,-0.04,0.23
527,2017-03-08,15.08,14.99,15.12,14.96,93054,148226978.0,1.06,-0.73,-0.11,0.24
528,2017-03-09,14.97,14.95,15.0,14.87,146198,231809359.0,0.87,-0.27,-0.04,0.37
529,2017-03-10,14.97,14.86,14.99,14.85,95026,150373821.0,0.94,-0.6,-0.09,0.24
530,2017-03-13,14.82,14.91,14.92,14.68,130956,206298536.0,1.62,0.34,0.05,0.34
531,2017-03-14,14.9,14.81,14.95,14.76,108964,171898849.0,1.27,-0.67,-0.1,0.28
532,2017-03-15,14.81,14.85,14.91,14.79,77507,122255333.0,0.81,0.27,0.04,0.2
533,2017-03-16,14.91,15.12,15.21,14.9,319765,511875152.0,2.09,1.82,0.27,0.82
534,2017-03-17,15.08,14.9,15.17,14.86,175240,278897472.0,2.05,-1.46,-0.22,0.45
535,2017-03-20,14.93,14.86,14.93,14.73,167086,263105971.0,1.34,-0.27,-0.04,0.43
536,2017-03-21,14.86,14.75,14.89,14.73,147913,232404842.0,1.08,-0.74,-0.11,0.38
537,2017-03-22,14.68,14.59,14.76,14.54,153773,239097630.0,1.49,-1.08,-0.16,0.39
538,2017-03-23,14.58,14.63,14.75,14.55,120976,188288283.0,1.37,0.27,0.04,0.31
539,2017-03-24,14.65,14.74,14.86,14.5,179448,279504352.0,2.46,0.75,0.11,0.46
540,2017-03-27,14.72,14.69,14.83,14.64,116766,182806406.0,1.29,-0.34,-0.05,0.3
541,2017-03-28,14.67,14.64,14.74,14.62,61372,95725738.0,0.82,-0.34,-0.05,0.16
542,2017-03-29,14.61,14.52,14.7,14.5,107274,166526820.0,1.37,-0.82,-0.12,0.27
543,2017-03-30,14.52,14.5,14.61,14.42,157323,242600544.0,1.31,-0.14,-0.02,0.4
544,2017-03-31,14.51,14.4,14.54,14.33,130731,200632018.0,1.45,-0.69,-0.1,0.33
545,2017-04-05,14.43,14.63,14.67,14.38,154458,239231762.0,2.01,1.6,0.23,0.4
546,2017-04-06,14.61,14.56,14.69,14.52,123603,191653693.0,1.16,-0.48,-0.07,0.32
547,2017-04-07,14.55,14.61,14.63,14.53,114246,177210031.0,0.69,0.34,0.05,0.29
548,2017-04-10,14.58,14.45,14.65,14.43,130909,201847172.0,1.51,-1.1,-0.16,0.34
549,2017-04-11,14.45,14.46,14.51,14.2,164443,251089876.0,2.15,0.07,0.01,0.42
550,2017-04-12,14.5,14.55,14.71,14.39,175126,271261360.0,2.21,0.62,0.09,0.45
551,2017-04-13,14.52,14.46,14.54,14.43,88058,135610636.0,0.76,-0.62,-0.09,0.23
552,2017-04-14,14.45,14.36,14.49,14.26,116646,178323567.0,1.59,-0.69,-0.1,0.3
553,2017-04-17,14.28,14.31,14.34,14.12,130504,197792486.0,1.53,-0.35,-0.05,0.33
554,2017-04-18,14.25,14.02,14.31,14.0,158205,238769745.0,2.17,-2.03,-0.29,0.4
555,2017-04-19,13.99,13.85,14.01,13.71,181846,267951776.0,2.14,-1.21,-0.17,0.47
556,2017-04-20,13.78,13.89,13.91,13.72,108534,159865629.0,1.37,0.29,0.04,0.28
557,2017-04-21,13.85,14.0,14.04,13.84,98298,145962316.0,1.44,0.79,0.11,0.25
558,2017-04-24,13.96,14.09,14.13,13.72,190299,282391424.0,2.93,0.64,0.09,0.49
559,2017-04-25,14.01,13.9,14.03,13.88,68187,101328626.0,1.06,-1.35,-0.19,0.17
560,2017-04-26,13.88,13.9,14.08,13.85,84965,126521768.0,1.65,0.0,0.0,0.22
561,2017-04-27,13.92,13.84,13.94,13.72,104388,153829258.0,1.58,-0.43,-0.06,0.27
562,2017-04-28,13.86,13.84,13.88,13.78,74969,110535217.0,0.72,0.0,0.0,0.19
563,2017-05-02,13.83,13.74,13.83,13.73,66897,98332079.0,0.72,-0.72,-0.1,0.17
564,2017-05-03,13.74,13.71,13.84,13.5,123032,179798816.0,2.47,-0.22,-0.03,0.31
565,2017-05-04,13.67,13.7,13.71,13.48,99526,144600482.0,1.68,-0.07,-0.01,0.25
566,2017-05-05,13.63,13.7,13.75,13.39,214575,311037888.0,2.63,0.0,0.0,0.55
567,2017-05-08,13.58,13.79,13.81,13.48,187030,273151280.0,2.41,0.66,0.09,0.48
568,2017-05-09,13.71,13.72,13.78,13.67,67400,98690644.0,0.8,-0.51,-0.07,0.17
569,2017-05-10,13.73,13.65,13.74,13.49,117190,170371801.0,1.82,-0.51,-0.07,0.3
570,2017-05-11,13.58,13.73,13.81,13.55,195291,285177296.0,1.9,0.59,0.08,0.5
571,2017-05-12,13.71,13.74,13.93,13.69,89436,131718939.0,1.75,0.07,0.01,0.23
572,2017-05-15,13.78,13.75,13.89,13.7,107771,158742676.0,1.38,0.07,0.01,0.28
573,2017-05-16,13.75,13.87,13.88,13.66,92226,135330926.0,1.6,0.87,0.12,0.24
574,2017-05-17,13.88,13.91,14.0,13.84,97015,144065056.0,1.15,0.29,0.04,0.25
575,2017-05-18,13.79,13.8,13.88,13.69,71993,105781150.0,1.37,-0.79,-0.11,0.18
576,2017-05-19,13.8,13.72,13.82,13.68,38595,56603282.0,1.01,-0.58,-0.08,0.1
577,2017-05-22,13.7,13.7,13.73,13.38,133068,192642346.0,2.55,-0.15,-0.02,0.34
578,2017-05-23,13.6,13.86,13.87,13.49,173679,254290738.0,2.77,1.17,0.16,0.44
579,2017-05-24,13.74,13.92,13.94,13.69,80595,118773523.0,1.8,0.43,0.06,0.21
580,2017-05-25,13.84,14.28,14.44,13.83,250019,377693520.0,4.38,2.59,0.36,0.64
581,2017-05-26,14.19,14.35,14.41,14.13,147884,225605189.0,1.96,0.49,0.07,0.38
582,2017-05-31,14.43,14.54,14.58,14.24,184463,283494720.0,2.37,1.32,0.19,0.47
583,2017-06-01,14.43,14.34,14.63,14.31,155598,240370764.0,2.2,-1.38,-0.2,0.4
584,2017-06-02,14.38,14.28,14.43,14.27,75252,114678480.0,1.12,-0.42,-0.06,0.19
585,2017-06-05,14.28,14.22,14.32,14.1,93493,141241233.0,1.54,-0.42,-0.06,0.24
586,2017-06-06,14.23,14.22,14.27,14.11,55423,83717951.0,1.13,0.0,0.0,0.14
587,2017-06-07,14.22,14.35,14.41,14.19,90201,137554714.0,1.55,0.91,0.13,0.23
588,2017-06-08,14.32,14.32,14.4,14.25,47282,72036106.0,1.05,-0.21,-0.03,0.12
589,2017-06-09,14.28,14.22,14.41,14.21,87087,132494102.0,1.4,-0.7,-0.1,0.22
590,2017-06-12,14.14,13.99,14.23,13.98,81276,122178169.0,1.76,-1.62,-0.23,0.21
591,2017-06-13,14.03,14.12,14.18,13.98,56550,84851854.0,1.43,0.93,0.13,0.14
592,2017-06-14,14.12,14.04,14.16,14.0,47843,71767435.0,1.13,-0.57,-0.08,0.12
593,2017-06-15,14.01,14.16,14.23,13.97,84951,127741891.0,1.85,0.85,0.12,0.22
594,2017-06-16,14.16,14.17,14.25,14.14,59423,89863737.0,0.78,0.07,0.01,0.15
595,2017-06-19,14.14,14.35,14.41,14.14,97089,148061700.0,1.91,1.27,0.18,0.25
596,2017-06-20,14.34,14.3,14.38,14.25,71951,109677363.0,0.91,-0.35,-0.05,0.18
597,2017-06-21,14.44,14.29,14.51,14.22,77905,118869877.0,2.03,-0.07,-0.01,0.2
598,2017-06-22,14.26,14.24,14.5,14.23,152024,232267909.0,1.89,-0.35,-0.05,0.39
599,2017-06-23,14.2,14.08,14.23,13.97,117334,176053465.0,1.83,-1.12,-0.16,0.3
600,2017-06-26,14.08,14.22,14.23,14.04,125450,188901190.0,1.35,0.99,0.14,0.32
601,2017-06-27,14.2,14.13,14.23,14.06,105199,158316945.0,1.2,-0.63,-0.09,0.27
602,2017-06-28,14.1,14.09,14.14,14.05,54970,82530275.0,0.64,-0.28,-0.04,0.14
603,2017-06-29,14.11,14.01,14.17,14.01,109827,164570720.0,1.14,-0.57,-0.08,0.28
604,2017-06-30,13.99,14.01,14.04,13.93,56385,84063946.0,0.79,0.0,0.0,0.14
605,2017-07-03,14.0,13.92,14.06,13.91,87548,130166516.0,1.07,-0.64,-0.09,0.22
606,2017-07-04,13.94,13.91,13.97,13.9,60356,89654442.0,0.5,-0.07,-0.01,0.15
607,2017-07-05,13.9,14.01,14.03,13.89,62171,92517517.0,1.01,0.72,0.1,0.16
608,2017-07-06,13.98,13.94,14.03,13.9,52681,78349605.0,0.93,-0.5,-0.07,0.13
609,2017-07-07,13.94,14.07,14.19,13.83,132501,197562606.0,2.58,0.93,0.13,0.34
610,2017-07-10,14.04,14.13,14.3,14.03,154929,233755197.0,1.92,0.43,0.06,0.4
611,2017-07-11,14.14,14.16,14.29,14.13,164447,249073803.0,1.13,0.21,0.03,0.42
612,2017-07-12,14.16,14.08,14.24,13.97,130973,196594418.0,1.91,-0.56,-0.08,0.34
613,2017-07-13,14.13,14.33,14.34,14.0,210095,318116176.0,2.41,1.78,0.25,0.54
614,2017-07-14,14.33,14.33,14.43,14.22,158232,240851760.0,1.47,0.0,0.0,0.41
615,2017-07-17,14.36,14.02,14.39,13.94,213389,321383168.0,3.14,-2.16,-0.31,0.55
616,2017-07-18,13.91,13.9,14.0,13.81,142405,211191055.0,1.36,-0.86,-0.12,0.36
617,2017-07-19,13.93,14.71,14.72,13.85,358999,541584032.0,6.26,5.83,0.81,0.92
618,2017-07-20,14.75,14.67,14.87,14.63,344548,533381040.0,1.63,-0.27,-0.04,0.88
619,2017-07-21,14.66,14.63,14.88,14.59,190438,294473200.0,1.98,-0.27,-0.04,0.49
620,2017-07-24,14.58,14.61,14.82,14.54,194203,298835328.0,1.91,-0.14,-0.02,0.5
621,2017-07-25,14.61,14.44,14.64,14.41,161390,245375419.0,1.57,-1.16,-0.17,0.41
622,2017-07-26,14.52,14.53,14.58,14.38,154778,235322156.0,1.39,0.62,0.09,0.4
623,2017-07-27,14.51,14.66,14.72,14.26,224472,341951712.0,3.17,0.89,0.13,0.57
624,2017-07-28,14.58,14.45,14.66,14.44,98874,150943074.0,1.5,-1.43,-0.21,0.25
625,2017-07-31,14.43,14.57,14.71,14.42,152735,233689991.0,2.01,0.83,0.12,0.39
626,2017-08-01,14.57,14.74,14.83,14.56,261834,404548096.0,1.85,1.17,0.17,0.67
627,2017-08-02,14.7,14.79,14.93,14.67,315203,489508704.0,1.76,0.34,0.05,0.81
628,2017-08-03,14.77,14.77,14.84,14.64,168274,260252925.0,1.35,-0.14,-0.02,0.43
629,2017-08-04,14.72,14.85,15.03,14.68,351057,548433792.0,2.37,0.54,0.08,0.9
630,2017-08-07,14.78,14.72,14.82,14.58,149886,230889383.0,1.62,-0.88,-0.13,0.38
631,2017-08-08,14.68,14.73,14.84,14.51,192970,296907824.0,2.24,0.07,0.01,0.49
632,2017-08-09,14.64,14.53,14.7,14.51,113303,173429302.0,1.29,-1.36,-0.2,0.29
633,2017-08-10,14.5,14.44,14.72,14.3,144912,220274336.0,2.89,-0.62,-0.09,0.37
634,2017-08-11,14.36,14.05,14.42,14.03,171374,256078011.0,2.7,-2.7,-0.39,0.44
635,2017-08-14,14.11,14.27,14.28,13.98,232951,345805584.0,2.14,1.57,0.22,0.6
636,2017-08-15,14.18,14.14,14.27,14.08,116538,173620735.0,1.33,-0.91,-0.13,0.3
637,2017-08-16,14.11,14.15,14.23,14.09,84010,124897001.0,0.99,0.07,0.01,0.22
638,2017-08-17,14.12,14.27,14.32,14.1,125158,186771076.0,1.55,0.85,0.12,0.32
639,2017-08-18,14.17,14.19,14.23,14.15,66958,99777681.0,0.56,-0.56,-0.08,0.17
640,2017-08-21,14.2,14.25,14.27,14.16,71251,106382326.0,0.78,0.42,0.06,0.18
641,2017-08-22,14.2,14.21,14.33,14.16,79216,118450712.0,1.19,-0.28,-0.04,0.2
642,2017-08-23,14.21,14.26,14.41,14.09,141874,212398896.0,2.25,0.35,0.05,0.36
643,2017-08-24,14.21,14.07,14.27,14.06,109772,163189664.0,1.47,-1.33,-0.19,0.28
644,2017-08-25,14.07,14.36,14.47,14.05,301569,453122048.0,2.99,2.06,0.29,0.77
645,2017-08-28,14.46,14.99,15.15,14.44,720064,1125025776.0,4.94,4.39,0.63,1.84
646,2017-08-29,15.0,15.03,15.11,14.8,379637,596257360.0,2.07,0.27,0.04,0.97
647,2017-08-30,15.02,15.14,15.41,14.97,447189,710275408.0,2.93,0.73,0.11,1.14
648,2017-08-31,15.15,15.2,15.29,15.04,286644,455342240.0,1.65,0.4,0.06,0.73
649,2017-09-01,15.2,15.31,15.36,15.14,387430,618917552.0,1.45,0.72,0.11,0.99
650,2017-09-04,15.28,15.2,15.32,15.06,276791,440507696.0,1.7,-0.72,-0.11,0.71
651,2017-09-05,15.18,15.13,15.27,15.08,178138,283220304.0,1.25,-0.46,-0.07,0.46
652,2017-09-06,15.08,15.14,15.2,14.93,167014,263496385.0,1.78,0.07,0.01,0.43
653,2017-09-07,15.13,14.87,15.27,14.79,218479,344268112.0,3.17,-1.78,-0.27,0.56
654,2017-09-08,14.97,14.91,15.0,14.68,224920,349950704.0,2.15,0.27,0.04,0.58
655,2017-09-11,14.92,14.94,15.02,14.82,123090,192507643.0,1.34,0.2,0.03,0.32
656,2017-09-12,14.94,15.05,15.18,14.91,257382,406000544.0,1.81,0.74,0.11,0.66
657,2017-09-13,15.04,14.99,15.09,14.88,107472,168300628.0,1.4,-0.4,-0.06,0.28
658,2017-09-14,14.98,14.88,15.08,14.86,147802,231969609.0,1.47,-0.73,-0.11,0.38
659,2017-09-15,14.88,14.91,15.01,14.84,127284,199119776.0,1.14,0.2,0.03,0.33
660,2017-09-18,14.97,15.07,15.16,14.94,193211,305141056.0,1.48,1.07,0.16,0.49
661,2017-09-19,15.16,14.98,15.18,14.91,138417,217820414.0,1.79,-0.6,-0.09,0.35
662,2017-09-20,15.0,14.99,15.07,14.9,105374,165629504.0,1.13,0.07,0.01,0.27
663,2017-09-21,15.03,14.97,15.13,14.88,147060,231630962.0,1.67,-0.13,-0.02,0.38
664,2017-09-22,14.9,14.9,15.02,14.71,172151,267712337.0,2.07,-0.47,-0.07,0.44
665,2017-09-25,14.85,14.71,14.87,14.7,118913,184240006.0,1.14,-1.28,-0.19,0.3
666,2017-09-26,14.7,14.72,14.75,14.64,106253,163820961.0,0.75,0.07,0.01,0.27
667,2017-09-27,14.74,14.7,14.76,14.66,78159,120638838.0,0.68,-0.14,-0.02,0.2
668,2017-09-28,14.69,14.69,14.76,14.67,80074,123521200.0,0.61,-0.07,-0.01,0.2
669,2017-09-29,14.73,14.81,14.93,14.72,126947,197482248.0,1.43,0.82,0.12,0.32
670,2017-10-09,15.08,14.87,15.13,14.82,174400,273606976.0,2.09,0.41,0.06,0.45
671,2017-10-10,14.91,14.92,14.96,14.78,106409,166051766.0,1.21,0.34,0.05,0.27
672,2017-10-11,14.94,14.84,14.94,14.83,80162,125012589.0,0.74,-0.54,-0.08,0.21
673,2017-10-12,14.86,14.73,14.91,14.7,92536,143354774.0,1.42,-0.74,-0.11,0.24
674,2017-10-13,14.73,14.74,14.83,14.71,78618,121717125.0,0.81,0.07,0.01,0.2
675,2017-10-16,14.77,14.74,14.83,14.65,135612,209669165.0,1.22,0.0,0.0,0.35
676,2017-10-17,14.74,14.58,14.75,14.57,76889,118009599.0,1.22,-1.09,-0.16,0.2
677,2017-10-18,14.63,14.58,14.69,14.36,187331,285864416.0,2.26,0.0,0.0,0.48
678,2017-10-19,14.57,14.35,14.57,14.3,117150,177023953.0,1.85,-1.58,-0.23,0.3
679,2017-10-20,14.35,14.36,14.4,14.31,81328,122539023.0,0.63,0.07,0.01,0.21
680,2017-10-23,14.37,14.39,14.4,14.28,53694,80930879.0,0.84,0.21,0.03,0.14
681,2017-10-24,14.39,14.5,14.56,14.35,168588,256449267.0,1.46,0.76,0.11,0.43
682,2017-10-25,14.52,14.5,14.56,14.42,76244,115901554.0,0.97,0.0,0.0,0.2
683,2017-10-26,14.5,14.51,14.63,14.42,102787,156575599.0,1.45,0.07,0.01,0.26
684,2017-10-27,14.52,14.46,14.52,14.39,73202,111123005.0,0.9,-0.34,-0.05,0.19
685,2017-10-30,14.41,14.32,14.45,14.09,192672,288183488.0,2.49,-0.97,-0.14,0.49
686,2017-10-31,14.25,14.18,14.28,14.12,112806,168061431.0,1.12,-0.98,-0.14,0.29
687,2017-11-01,14.2,14.14,14.28,14.11,84749,126342658.0,1.2,-0.28,-0.04,0.22
688,2017-11-02,14.12,14.13,14.29,14.02,120567,179102612.0,1.91,-0.07,-0.01,0.31
689,2017-11-03,14.14,14.15,14.21,13.98,141567,210140107.0,1.63,0.14,0.02,0.36
690,2017-11-06,14.13,14.15,14.25,14.11,76053,113172832.0,0.99,0.0,0.0,0.19
691,2017-11-07,14.22,14.26,14.32,14.15,99038,148113500.0,1.2,0.78,0.11,0.25
692,2017-11-08,14.25,14.56,14.83,14.06,352489,535059168.0,5.4,2.1,0.3,0.9
693,2017-11-09,14.45,14.53,14.54,14.42,78017,118536294.0,0.82,-0.21,-0.03,0.2
694,2017-11-10,14.53,14.4,14.53,14.29,137389,207611867.0,1.65,-0.89,-0.13,0.35
695,2017-11-13,14.38,14.39,14.49,14.34,84130,127211610.0,1.04,-0.07,-0.01,0.22
696,2017-11-14,14.38,14.2,14.41,14.17,87177,130607632.0,1.67,-1.32,-0.19,0.22
697,2017-11-15,14.15,14.17,14.27,14.08,110713,164984046.0,1.34,-0.21,-0.03,0.28
698,2017-11-16,14.16,13.99,14.17,13.98,91822,135739362.0,1.34,-1.27,-0.18,0.24
699,2017-11-17,13.99,14.21,14.26,13.89,247492,366342656.0,2.64,1.57,0.22,0.63
700,2017-11-20,14.16,14.11,14.18,13.98,105620,156406436.0,1.41,-0.7,-0.1,0.27
701,2017-11-21,14.12,14.54,14.73,14.1,294575,449008512.0,4.46,3.05,0.43,0.75
702,2017-11-22,14.48,14.58,14.62,14.42,169032,257790218.0,1.38,0.28,0.04,0.43
703,2017-11-23,14.56,14.4,14.67,14.26,160160,243945952.0,2.81,-1.23,-0.18,0.41
704,2017-11-24,14.29,14.44,14.46,14.22,127081,191652626.0,1.67,0.28,0.04,0.33
705,2017-11-27,14.35,14.46,14.48,14.31,110043,166553068.0,1.18,0.14,0.02,0.28
706,2017-11-28,14.37,14.42,14.48,14.31,63649,96077970.0,1.18,-0.28,-0.04,0.16
707,2017-11-29,14.41,14.27,14.41,14.14,68446,102491891.0,1.87,-1.04,-0.15,0.18
708,2017-11-30,14.24,14.28,14.41,14.17,90873,136423339.0,1.68,0.07,0.01,0.23
709,2017-12-01,14.28,14.29,14.32,14.16,65601,98074959.0,1.12,0.07,0.01,0.17
710,2017-12-04,14.24,14.25,14.27,14.08,96610,143862102.0,1.33,-0.28,-0.04,0.25
711,2017-12-05,14.23,14.56,14.63,14.2,322423,489984032.0,3.02,2.18,0.31,0.83
712,2017-12-06,14.51,14.52,14.58,14.37,138912,211198658.0,1.44,-0.27,-0.04,0.36
713,2017-12-07,14.53,14.52,14.57,14.35,102977,156176244.0,1.52,0.0,0.0,0.26
714,2017-12-08,14.47,14.35,14.5,14.32,92202,139356417.0,1.24,-1.17,-0.17,0.24
715,2017-12-11,14.29,14.24,14.35,14.12,132214,197400957.0,1.6,-0.77,-0.11,0.34
716,2017-12-12,14.22,13.89,14.22,13.84,144558,213053924.0,2.67,-2.46,-0.35,0.37
717,2017-12-13,13.88,13.9,13.93,13.79,56506,82494565.0,1.01,0.07,0.01,0.14
718,2017-12-14,13.9,13.59,13.92,13.56,141814,204360772.0,2.59,-2.23,-0.31,0.36
719,2017-12-15,13.59,13.55,13.63,13.43,64042,91201670.0,1.47,-0.29,-0.04,0.16
720,2017-12-18,13.53,13.59,13.63,13.48,44761,63875005.0,1.11,0.3,0.04,0.11
721,2017-12-19,13.59,13.58,13.63,13.48,64568,92119138.0,1.1,-0.07,-0.01,0.17
722,2017-12-20,13.56,13.39,13.57,13.24,125197,176500056.0,2.43,-1.4,-0.19,0.32
723,2017-12-21,13.34,13.48,13.62,13.27,90817,128885293.0,2.61,0.67,0.09,0.23
724,2017-12-22,13.45,13.36,13.54,13.31,43043,60847288.0,1.71,-0.89,-0.12,0.11
725,2017-12-25,13.38,13.24,13.41,13.14,64315,89756923.0,2.02,-0.9,-0.12,0.16
726,2017-12-26,13.24,13.23,13.34,13.12,88200,122889583.0,1.66,-0.08,-0.01,0.23
727,2017-12-27,13.26,12.89,13.26,12.77,222775,304898848.0,3.7,-2.57,-0.34,0.57
728,2017-12-28,12.84,12.71,13.07,12.67,176872,239665001.0,3.1,-1.4,-0.18,0.45
729,2017-12-29,12.72,12.71,12.79,12.67,124389,167025097.0,0.94,0.0,0.0,0.32
730,2018-01-02,12.73,12.9,12.93,12.68,114663,155443372.0,1.97,1.49,0.19,0.29
731,2018-01-03,12.88,13.05,13.15,12.87,134638,185447718.0,2.17,1.16,0.15,0.34
732,2018-01-04,13.08,13.08,13.11,12.97,65525,90190688.0,1.07,0.23,0.03,0.17
733,2018-01-05,13.09,13.09,13.23,13.04,103179,142871103.0,1.45,0.08,0.01,0.26
734,2018-01-08,13.09,13.28,13.43,13.05,165041,230690014.0,2.9,1.45,0.19,0.42
735,2018-01-09,13.28,13.18,13.34,13.13,70032,97550553.0,1.58,-0.75,-0.1,0.18
736,2018-01-10,13.18,13.08,13.25,12.98,88743,122763872.0,2.05,-0.76,-0.1,0.23
737,2018-01-11,13.08,13.04,13.08,12.98,86755,119261150.0,0.76,-0.31,-0.04,0.22
738,2018-01-12,13.05,12.98,13.15,12.97,76007,104639396.0,1.38,-0.46,-0.06,0.19
739,2018-01-15,13.0,12.77,13.06,12.73,125105,170122817.0,2.54,-1.62,-0.21,0.32
740,2018-01-16,12.77,13.0,13.01,12.75,97322,132035556.0,2.04,1.8,0.23,0.25
741,2018-01-17,13.1,13.38,13.62,13.09,319308,452184576.0,4.08,2.92,0.38,0.82
742,2018-01-18,13.41,13.43,13.6,13.36,122972,174209772.0,1.79,0.37,0.05,0.31
743,2018-01-19,13.45,13.76,14.03,13.42,362473,523758816.0,4.54,2.46,0.33,0.93
744,2018-01-22,13.68,13.87,14.04,13.68,206435,301321584.0,2.62,0.8,0.11,0.53
745,2018-01-23,13.85,14.01,14.05,13.81,166399,244361311.0,1.73,1.01,0.14,0.43
746,2018-01-24,14.04,14.49,14.55,13.88,332687,499426944.0,4.78,3.43,0.48,0.85
747,2018-01-25,14.43,14.29,14.5,14.22,193878,291745088.0,1.93,-1.38,-0.2,0.5
748,2018-01-26,14.26,14.28,14.43,14.15,152488,228869925.0,1.96,-0.07,-0.01,0.39
749,2018-01-29,14.18,14.22,14.38,14.07,193744,290132160.0,2.17,-0.42,-0.06,0.5
750,2018-01-30,14.22,13.98,14.28,13.97,116093,172130188.0,2.18,-1.69,-0.24,0.3
751,2018-01-31,13.95,13.78,14.02,13.66,125885,183351862.0,2.58,-1.43,-0.2,0.32
752,2018-02-01,13.82,13.98,13.99,13.67,229012,333382240.0,2.32,1.45,0.2,0.59
753,2018-02-02,13.87,13.8,13.93,13.62,102214,148273274.0,2.22,-1.29,-0.18,0.26
754,2018-02-05,13.64,13.73,13.83,13.42,116552,166982690.0,2.97,-0.51,-0.07,0.3
755,2018-02-06,13.48,13.27,13.72,13.23,218901,312062304.0,3.57,-3.35,-0.46,0.56
756,2018-02-07,13.44,13.22,13.53,13.14,109346,153978703.0,2.94,-0.38,-0.05,0.28
757,2018-02-08,13.09,13.19,13.36,13.09,134232,187308225.0,2.04,-0.23,-0.03,0.34
758,2018-02-09,12.94,12.0,12.96,11.83,258558,336502944.0,8.57,-9.02,-1.19,0.66
759,2018-02-12,12.08,12.03,12.18,11.91,204932,262621441.0,2.25,0.25,0.03,0.52
760,2018-02-13,12.17,12.21,12.35,12.1,231984,299833152.0,2.08,1.5,0.18,0.59
761,2018-02-14,12.17,12.19,12.21,12.03,177242,227632039.0,1.47,-0.16,-0.02,0.45
762,2018-02-22,12.3,12.25,12.48,12.16,109345,141856519.0,2.63,0.49,0.06,0.28
763,2018-02-23,12.28,12.26,12.33,12.18,68424,88789780.0,1.22,0.08,0.01,0.18
764,2018-02-26,12.32,12.48,12.56,12.18,115872,151674385.0,3.1,1.79,0.22,0.3
765,2018-02-27,12.48,12.31,12.48,12.28,73948,96552833.0,1.6,-1.36,-0.17,0.19
766,2018-02-28,12.22,12.19,12.38,12.09,79629,103033778.0,2.36,-0.97,-0.12,0.2
767,2018-03-01,12.15,12.37,12.42,12.12,102408,133656679.0,2.46,1.48,0.18,0.26
768,2018-03-02,12.29,12.21,12.35,12.2,56846,73800761.0,1.21,-1.29,-0.16,0.15
769,2018-03-05,12.25,12.22,12.31,12.19,40502,52455917.0,0.98,0.08,0.01,0.1
770,2018-03-06,12.27,12.42,12.45,12.22,98265,128367015.0,1.88,1.64,0.2,0.25
771,2018-03-07,12.38,12.34,12.62,12.32,90153,118621166.0,2.42,-0.64,-0.08,0.23
772,2018-03-08,12.36,12.38,12.4,12.32,44258,57884154.0,0.65,0.32,0.04,0.11
773,2018-03-09,12.38,12.49,12.53,12.35,84504,111172480.0,1.45,0.89,0.11,0.22
774,2018-03-12,12.56,12.59,12.68,12.48,121405,161296381.0,1.6,0.8,0.1,0.31
775,2018-03-13,12.59,12.35,12.59,12.31,121081,159079781.0,2.22,-1.91,-0.24,0.31
776,2018-03-14,12.33,12.2,12.38,12.2,81135,105526922.0,1.46,-1.21,-0.15,0.21
777,2018-03-15,12.18,12.15,12.27,12.1,80723,103931450.0,1.39,-0.41,-0.05,0.21
778,2018-03-16,12.12,12.08,12.21,12.07,55740,71686836.0,1.15,-0.58,-0.07,0.14
779,2018-03-19,12.09,12.13,12.17,12.06,47203,60627781.0,0.91,0.41,0.05,0.12
780,2018-03-20,12.09,12.07,12.12,11.96,63758,81216435.0,1.32,-0.49,-0.06,0.16
781,2018-03-21,12.08,12.1,12.33,12.05,111781,144414622.0,2.32,0.25,0.03,0.29
782,2018-03-22,12.11,12.05,12.21,12.05,68199,87522563.0,1.32,-0.41,-0.05,0.17
783,2018-03-23,11.82,11.28,11.82,11.1,161888,197593750.0,5.98,-6.39,-0.77,0.41
784,2018-03-26,11.21,11.34,11.35,11.0,80545,95920471.0,3.1,0.53,0.06,0.21
785,2018-03-27,11.55,11.42,11.57,11.34,97917,119054638.0,2.03,0.71,0.08,0.25
786,2018-03-28,11.32,11.29,11.47,11.27,98951,119868450.0,1.75,-1.14,-0.13,0.25
787,2018-03-29,11.38,11.54,11.68,11.37,117742,144039251.0,2.75,2.21,0.25,0.3
788,2018-03-30,11.54,11.6,11.62,11.48,96745,118713879.0,1.21,0.52,0.06,0.25
789,2018-04-02,11.63,11.75,11.91,11.57,117582,147300748.0,2.93,1.29,0.15,0.3
790,2018-04-03,11.64,11.76,11.86,11.59,88166,109964223.0,2.3,0.09,0.01,0.23
791,2018-04-04,11.77,11.66,11.95,11.63,87517,109535489.0,2.72,-0.85,-0.1,0.22
792,2018-04-09,11.62,11.74,11.82,11.5,89704,111611605.0,2.74,0.69,0.08,0.23
793,2018-04-10,11.78,11.94,11.95,11.71,79235,99709923.0,2.04,1.7,0.2,0.2
794,2018-04-11,11.93,11.85,11.95,11.83,60125,75846431.0,1.01,-0.75,-0.09,0.15
795,2018-04-12,11.84,11.77,11.96,11.75,72504,91151679.0,1.77,-0.68,-0.08,0.19
796,2018-04-13,11.82,11.69,11.88,11.69,71772,89641309.0,1.61,-0.68,-0.08,0.18
797,2018-04-16,11.68,11.42,11.84,11.39,82146,101015619.0,3.85,-2.31,-0.27,0.21
798,2018-04-17,11.42,11.47,11.67,11.42,82589,101551884.0,2.19,0.44,0.05,0.21
799,2018-04-18,11.66,11.61,11.68,11.46,67292,82795650.0,1.92,1.22,0.14,0.17
800,2018-04-19,11.68,11.61,11.75,11.58,59905,74093864.0,1.46,0.0,0.0,0.15
801,2018-04-20,11.61,11.23,11.62,11.2,74418,90051462.0,3.62,-3.27,-0.38,0.19
802,2018-04-23,11.24,11.3,11.43,11.22,61384,73962615.0,1.87,0.62,0.07,0.16
803,2018-04-24,11.36,11.77,11.78,11.3,104098,128489238.0,4.25,4.16,0.47,0.27
804,2018-04-25,11.68,11.75,11.82,11.66,63006,78544269.0,1.36,-0.17,-0.02,0.16
805,2018-04-26,11.73,11.63,11.83,11.62,66726,83044731.0,1.79,-1.02,-0.12,0.17
806,2018-04-27,11.73,11.85,12.08,11.68,111344,140392337.0,3.44,1.89,0.22,0.29
807,2018-05-02,11.97,11.98,12.08,11.85,113743,144294312.0,1.94,1.1,0.13,0.29
808,2018-05-03,11.99,12.24,12.26,11.94,127115,163586082.0,2.67,2.17,0.26,0.33
809,2018-05-04,12.23,12.14,12.23,12.04,105049,135078943.0,1.55,-0.82,-0.1,0.27
810,2018-05-07,12.15,12.32,12.33,12.15,119573,155525100.0,1.48,1.48,0.18,0.31
811,2018-05-08,12.29,12.32,12.36,12.25,83447,108685806.0,0.89,0.0,0.0,0.21
812,2018-05-09,12.32,12.13,12.34,12.11,64208,82976129.0,1.87,-1.54,-0.19,0.16
813,2018-05-10,12.22,12.26,12.43,12.17,114781,149175754.0,2.14,1.07,0.13,0.29
814,2018-05-11,12.3,12.06,12.33,12.04,101216,130442196.0,2.37,-1.63,-0.2,0.26
815,2018-05-14,12.05,12.17,12.23,12.05,72087,92835958.0,1.49,0.91,0.11,0.18
816,2018-05-15,12.16,12.05,12.2,11.95,91790,116948755.0,2.05,-0.99,-0.12,0.23
817,2018-05-16,11.99,11.86,12.04,11.81,111600,140990764.0,1.91,-1.58,-0.19,0.29
818,2018-05-17,11.87,11.91,11.97,11.83,60577,76472761.0,1.18,0.42,0.05,0.16
819,2018-05-18,11.87,11.95,12.0,11.8,92834,117163118.0,1.68,0.34,0.04,0.24
820,2018-05-21,11.99,12.06,12.14,11.95,95611,122164036.0,1.59,0.92,0.11,0.24
821,2018-05-22,12.08,11.94,12.09,11.83,81140,102650754.0,2.16,-1.0,-0.12,0.21
822,2018-05-23,11.94,11.77,11.94,11.75,60467,75884151.0,1.59,-1.42,-0.17,0.15
823,2018-05-24,11.73,11.65,11.79,11.63,56014,69686885.0,1.36,-1.02,-0.12,0.14
824,2018-05-25,11.63,11.46,11.7,11.44,67381,82688047.0,2.23,-1.63,-0.19,0.17
825,2018-05-28,11.46,11.43,11.55,11.38,55139,67208878.0,1.48,-0.26,-0.03,0.14
826,2018-05-29,11.43,11.21,11.5,11.08,122701,147162309.0,3.67,-1.92,-0.22,0.31
827,2018-05-30,11.05,10.97,11.2,10.87,106793,125630016.0,2.94,-2.14,-0.24,0.27
828,2018-05-31,11.02,11.2,11.22,11.02,102594,121915722.0,1.82,2.1,0.23,0.26
829,2018-06-01,11.28,11.59,11.66,11.2,148761,181100408.0,4.11,3.48,0.39,0.38
830,2018-06-04,11.55,11.48,11.61,11.43,76203,93083429.0,1.55,-0.95,-0.11,0.2
831,2018-06-05,11.45,11.5,11.51,11.35,71889,87446447.0,1.39,0.17,0.02,0.18
832,2018-06-06,11.5,11.44,11.57,11.38,54823,66859120.0,1.65,-0.52,-0.06,0.14
833,2018-06-07,11.49,11.33,11.62,11.28,92240,112481207.0,2.97,-0.96,-0.11,0.24
834,2018-06-08,11.31,11.08,11.31,10.99,82206,97336606.0,2.82,-2.21,-0.25,0.21
835,2018-06-11,11.06,11.13,11.22,11.01,53195,62924913.0,1.9,0.45,0.05,0.14
836,2018-06-12,11.09,11.07,11.15,10.9,91648,107446660.0,2.25,-0.54,-0.06,0.23
837,2018-06-13,11.02,10.89,11.05,10.85,76459,89325613.0,1.81,-1.63,-0.18,0.2
838,2018-06-14,10.89,10.95,11.03,10.85,81884,95654885.0,1.65,0.55,0.06,0.21
839,2018-06-15,10.95,10.83,11.06,10.8,102057,118906392.0,2.37,-1.1,-0.12,0.26
840,2018-06-19,10.73,9.85,10.75,9.76,174826,192451118.0,9.14,-9.05,-0.98,0.45
841,2018-06-20,9.91,9.99,10.11,9.83,105886,113457885.0,2.84,1.42,0.14,0.27
842,2018-06-21,9.99,9.83,10.08,9.76,80797,86111492.0,3.2,-1.6,-0.16,0.21
843,2018-06-22,9.79,9.98,10.02,9.69,71014,75540495.0,3.36,1.53,0.15,0.18
844,2018-06-25,9.98,9.84,10.09,9.81,76932,82066988.0,2.81,-1.4,-0.14,0.2
845,2018-06-26,9.74,9.87,9.95,9.68,98394,103753576.0,2.74,0.3,0.03,0.25
846,2018-06-27,9.88,9.93,10.01,9.74,85810,90889083.0,2.74,0.61,0.06,0.22
847,2018-06-28,9.87,10.04,10.27,9.82,173344,186444231.0,4.53,1.11,0.11,0.44
848,2018-06-29,10.03,10.26,10.28,9.94,135587,147074563.0,3.39,2.19,0.22,0.35
849,2018-07-02,10.23,10.02,10.23,9.95,98230,106370217.0,2.73,-2.34,-0.24,0.25
850,2018-07-03,10.02,10.22,10.27,9.98,87245,94693193.0,2.89,2.0,0.2,0.22
851,2018-07-04,10.16,10.18,10.3,10.14,66644,72823448.0,1.57,-0.39,-0.04,0.17
852,2018-07-05,10.18,9.9,10.28,9.82,87760,93996540.0,4.52,-2.75,-0.28,0.22
853,2018-07-06,9.95,10.03,10.2,9.82,71727,75498492.0,3.84,1.31,0.13,0.18
854,2018-07-09,10.04,10.2,10.21,10.04,50160,53625640.0,1.69,1.69,0.17,0.13
855,2018-07-10,10.16,10.21,10.22,10.11,49407,52855015.0,1.08,0.1,0.01,0.13
856,2018-07-11,10.03,9.79,10.05,9.68,91297,94784789.0,3.62,-4.11,-0.42,0.23
857,2018-07-12,9.74,10.2,10.23,9.74,124102,130957471.0,5.01,4.19,0.41,0.32
858,2018-07-13,10.2,10.32,10.58,10.1,94390,102445367.0,4.71,1.18,0.12,0.24
859,2018-07-16,10.33,10.36,10.5,10.3,63465,69242598.0,1.94,0.39,0.04,0.16
860,2018-07-17,10.34,10.21,10.44,10.11,59916,64498647.0,3.19,-1.45,-0.15,0.15
861,2018-07-18,10.17,10.14,10.31,10.12,55314,59404744.0,1.86,-0.69,-0.07,0.14
862,2018-07-19,10.15,9.95,10.24,9.83,82751,86841003.0,4.04,-1.87,-0.19,0.21
863,2018-07-20,9.98,10.29,10.36,9.85,106016,113125205.0,5.13,3.42,0.34,0.27
864,2018-07-23,10.23,10.51,10.54,10.19,112156,122615074.0,3.4,2.14,0.22,0.29
865,2018-07-24,10.53,10.64,10.87,10.48,181524,203977578.0,3.71,1.24,0.13,0.46
866,2018-07-25,10.66,10.63,10.74,10.54,89377,99730979.0,1.88,-0.09,-0.01,0.23
867,2018-07-26,10.67,10.58,10.74,10.53,60126,67137657.0,1.98,-0.47,-0.05,0.15
868,2018-07-27,10.59,10.4,10.62,10.36,97133,106615913.0,2.46,-1.7,-0.18,0.25
869,2018-07-30,10.38,10.43,10.54,10.36,49475,54181574.0,1.73,0.29,0.03,0.13
870,2018-07-31,10.37,10.42,10.49,10.32,60346,65821590.0,1.63,-0.1,-0.01,0.15
871,2018-08-01,10.42,10.26,10.53,10.23,81150,88573334.0,2.88,-1.54,-0.16,0.21
872,2018-08-02,10.19,9.98,10.2,9.83,90009,94797222.0,3.61,-2.73,-0.28,0.23
873,2018-08-03,10.01,9.97,10.08,9.93,48995,51573064.0,1.5,-0.1,-0.01,0.13
874,2018-08-06,9.94,9.8,10.1,9.76,70082,72946666.0,3.41,-1.71,-0.17,0.18
875,2018-08-07,9.8,10.09,10.1,9.78,70364,73490508.0,3.27,2.96,0.29,0.18
876,2018-08-08,10.1,10.04,10.16,10.01,66452,70501249.0,1.49,-0.5,-0.05,0.17
877,2018-08-09,10.02,10.26,10.33,10.02,64458,69388249.0,3.09,2.19,0.22,0.16
878,2018-08-10,10.26,10.29,10.34,10.21,37353,40313335.0,1.27,0.29,0.03,0.1
879,2018-08-13,10.22,10.26,10.31,10.15,58287,62576547.0,1.55,-0.29,-0.03,0.15
880,2018-08-14,10.24,10.37,10.37,10.19,60023,65042507.0,1.75,1.07,0.11,0.15
881,2018-08-15,10.33,10.08,10.36,10.06,61293,65859574.0,2.89,-2.8,-0.29,0.16
882,2018-08-16,10.03,10.25,10.44,10.0,71179,76511792.0,4.37,1.69,0.17,0.18
883,2018-08-17,10.34,10.22,10.45,10.21,86062,93465734.0,2.34,-0.29,-0.03,0.22
884,2018-08-20,10.26,10.39,10.43,10.09,67528,72903341.0,3.33,1.66,0.17,0.17
885,2018-08-21,10.38,10.4,10.47,10.33,60122,65674103.0,1.35,0.1,0.01,0.15
886,2018-08-22,10.4,10.34,10.41,10.31,29886,32480063.0,0.96,-0.58,-0.06,0.08
887,2018-08-23,10.33,10.42,10.52,10.24,57885,63145122.0,2.71,0.77,0.08,0.15
888,2018-08-24,10.42,10.48,10.53,10.31,58197,63787450.0,2.11,0.58,0.06,0.15
889,2018-08-27,10.48,10.56,10.61,10.43,69223,76582555.0,1.72,0.76,0.08,0.18
890,2018-08-28,10.57,10.47,10.6,10.43,53763,59183941.0,1.61,-0.85,-0.09,0.14
891,2018-08-29,10.46,10.32,10.46,10.27,60464,65560288.0,1.81,-1.43,-0.15,0.15
892,2018-08-30,10.27,9.88,10.34,9.83,155476,163490714.0,4.94,-4.26,-0.44,0.4
893,2018-08-31,9.9,9.89,9.93,9.76,103962,107700915.0,1.72,0.1,0.01,0.27
894,2018-09-03,9.83,9.48,9.84,9.43,198146,199393998.0,4.15,-4.15,-0.41,0.51
895,2018-09-04,9.5,9.49,9.53,9.33,159796,159115876.0,2.11,0.11,0.01,0.41
896,2018-09-05,9.44,9.35,9.48,9.33,140094,138870024.0,1.58,-1.48,-0.14,0.36
897,2018-09-06,9.34,9.29,9.42,9.28,79442,78281446.0,1.5,-0.64,-0.06,0.2
898,2018-09-07,9.31,9.23,9.4,9.21,105087,103159223.0,2.05,-0.65,-0.06,0.27
899,2018-09-10,9.21,8.73,9.21,8.69,177729,167069817.0,5.63,-5.42,-0.5,0.45
900,2018-09-11,8.74,8.73,8.8,8.63,110145,101695505.0,1.95,0.0,0.0,0.28
901,2018-09-12,8.71,8.71,8.81,8.66,94660,87538002.0,1.72,-0.23,-0.02,0.24
902,2018-09-13,8.79,8.8,8.83,8.67,117337,108726997.0,1.84,1.03,0.09,0.3
903,2018-09-14,8.77,8.7,8.79,8.7,77521,71851901.0,1.02,-1.14,-0.1,0.2
904,2018-09-17,8.71,8.59,8.72,8.57,90493,82866322.0,1.72,-1.26,-0.11,0.23
905,2018-09-18,8.58,8.79,8.82,8.55,106336,97749540.0,3.14,2.33,0.2,0.27
906,2018-09-19,8.75,8.88,8.93,8.71,122611,114512418.0,2.5,1.02,0.09,0.31
907,2018-09-20,8.88,8.81,8.91,8.8,71547,66992732.0,1.24,-0.79,-0.07,0.18
908,2018-09-21,8.8,9.0,9.03,8.77,122112,115316151.0,2.95,2.16,0.19,0.31
909,2018-09-25,8.94,8.87,8.96,8.84,69405,65361108.0,1.33,-1.44,-0.13,0.18
910,2018-09-26,8.89,8.93,9.06,8.86,110641,104933829.0,2.25,0.68,0.06,0.28
911,2018-09-27,8.93,8.89,9.0,8.85,89131,84231444.0,1.68,-0.45,-0.04,0.23
912,2018-09-28,8.89,8.98,9.0,8.89,84449,79981089.0,1.24,1.01,0.09,0.22
913,2018-10-08,8.88,8.6,8.88,8.59,100563,92710914.0,3.23,-4.23,-0.38,0.26
914,2018-10-09,8.6,8.59,8.66,8.56,62686,57205526.0,1.16,-0.12,-0.01,0.16
915,2018-10-10,8.59,8.59,8.66,8.55,46156,42086689.0,1.28,0.0,0.0,0.12
916,2018-10-11,8.27,7.75,8.33,7.68,212488,181094261.0,7.57,-9.78,-0.84,0.54
917,2018-10-12,7.68,7.52,7.85,7.44,200306,162728611.0,5.29,-2.97,-0.23,0.51
918,2018-10-15,7.57,7.27,7.62,7.24,176527,140401439.0,5.05,-3.32,-0.25,0.45
919,2018-10-16,7.29,7.35,7.49,7.29,150860,119308453.0,2.75,1.1,0.08,0.39
920,2018-10-17,7.53,7.65,7.69,7.43,154497,124532311.0,3.54,4.08,0.3,0.4
921,2018-10-18,7.59,7.53,7.67,7.48,134028,108455220.0,2.48,-1.57,-0.12,0.34
922,2018-10-19,7.46,7.93,7.97,7.44,181338,150177574.0,7.04,5.31,0.4,0.46
923,2018-10-22,8.16,8.78,8.78,8.08,315329,286634464.0,8.83,10.72,0.85,0.81
924,2018-10-23,9.26,8.81,9.28,8.63,526740,502338304.0,7.4,0.34,0.03,1.35
925,2018-10-24,8.63,8.94,9.23,8.59,450874,426584768.0,7.26,1.48,0.13,1.15
926,2018-10-25,8.58,9.25,9.27,8.54,357851,338487664.0,8.17,3.47,0.31,0.92
927,2018-10-26,9.3,9.01,9.36,8.94,265714,256414841.0,4.54,-2.59,-0.24,0.68
928,2018-10-29,8.9,8.88,9.15,8.81,190509,180792979.0,3.77,-1.44,-0.13,0.49
929,2018-10-30,8.81,9.26,9.53,8.72,413376,400784128.0,9.12,4.28,0.38,1.06
930,2018-10-31,9.13,9.15,9.28,8.95,240330,231858048.0,3.56,-1.19,-0.11,0.62
931,2018-11-01,9.23,9.23,9.92,9.16,377872,379083504.0,8.31,0.87,0.08,0.97
932,2018-11-02,9.67,9.87,9.97,9.38,493895,504714944.0,6.39,6.93,0.64,1.26
933,2018-11-05,9.73,9.8,9.81,9.56,310585,317439696.0,2.53,-0.71,-0.07,0.8
934,2018-11-06,9.71,9.67,9.98,9.54,197303,202067772.0,4.49,-1.33,-0.13,0.51
935,2018-11-07,9.58,9.47,9.63,9.37,196150,196526524.0,2.69,-2.07,-0.2,0.5
936,2018-11-08,9.53,9.26,9.55,9.23,210433,208946690.0,3.38,-2.22,-0.21,0.54
937,2018-11-09,9.25,9.27,9.45,9.2,130286,128279756.0,2.7,0.11,0.01,0.33
938,2018-11-12,9.27,9.45,9.47,9.21,139637,137864560.0,2.8,1.94,0.18,0.36
939,2018-11-13,9.3,9.68,9.92,9.26,284426,287386896.0,6.98,2.43,0.23,0.73
940,2018-11-14,9.63,9.48,9.75,9.45,194886,196870924.0,3.1,-2.07,-0.2,0.5
941,2018-11-15,9.41,9.78,9.87,9.39,277469,283421328.0,5.06,3.16,0.3,0.71
942,2018-11-16,9.81,10.07,10.34,9.78,368112,390021968.0,5.73,2.97,0.29,0.94
943,2018-11-19,10.07,10.5,10.54,10.06,377780,409988304.0,4.77,4.27,0.43,0.97
944,2018-11-20,10.35,9.94,10.48,9.93,271273,290674032.0,5.24,-5.33,-0.56,0.69
945,2018-11-21,9.82,10.24,10.35,9.82,253211,269957536.0,5.33,3.02,0.3,0.65
946,2018-11-22,10.24,10.16,10.28,9.89,191600,202780143.0,3.81,-0.78,-0.08,0.49
947,2018-11-23,10.08,9.79,10.29,9.7,192407,201584794.0,5.81,-3.64,-0.37,0.49
948,2018-11-26,9.83,9.73,9.9,9.55,167577,172288065.0,3.58,-0.61,-0.06,0.43
949,2018-11-27,9.84,9.65,9.87,9.57,125695,128678234.0,3.08,-0.82,-0.08,0.32
950,2018-11-28,9.63,9.82,9.91,9.54,211147,217370802.0,3.83,1.76,0.17,0.54
951,2018-11-29,9.89,9.42,9.95,9.4,199378,203512604.0,5.6,-4.07,-0.4,0.51
952,2018-11-30,9.42,9.46,9.54,9.18,214081,211464812.0,3.82,0.42,0.04,0.55
953,2018-12-03,9.93,9.77,10.05,9.7,348685,363320464.0,3.7,3.28,0.31,0.89
954,2018-12-04,9.71,9.83,9.88,9.71,147077,151806287.0,1.74,0.61,0.06,0.38
955,2018-12-05,9.68,9.65,9.75,9.59,159394,162268088.0,1.63,-1.83,-0.18,0.41
956,2018-12-06,9.63,9.35,9.63,9.28,187059,185861554.0,3.63,-3.11,-0.3,0.48
957,2018-12-07,9.38,9.36,9.43,9.32,105503,104430110.0,1.18,0.11,0.01,0.27
958,2018-12-10,9.24,9.2,9.36,9.11,129752,126190621.0,2.67,-1.71,-0.16,0.33
959,2018-12-11,9.25,9.24,9.28,9.16,81602,79421995.0,1.3,0.43,0.04,0.21
960,2018-12-12,9.28,9.21,9.37,9.2,112182,109983819.0,1.84,-0.32,-0.03,0.29
961,2018-12-13,9.24,9.33,9.43,9.16,195231,192246863.0,2.93,1.3,0.12,0.5
962,2018-12-14,9.31,9.0,9.31,8.96,147178,142227273.0,3.75,-3.54,-0.33,0.38
963,2018-12-17,8.97,8.95,9.01,8.74,155612,146347592.0,3.0,-0.56,-0.05,0.4
964,2018-12-18,8.93,8.84,9.01,8.72,134009,125633588.0,3.24,-1.23,-0.11,0.34
965,2018-12-19,8.87,8.74,8.88,8.71,90003,83842564.0,1.92,-1.13,-0.1,0.23
966,2018-12-20,8.69,8.77,8.86,8.59,180810,167860632.0,3.09,0.34,0.03,0.46
967,2018-12-21,8.71,8.59,8.76,8.51,149802,136900158.0,2.85,-2.05,-0.18,0.38
968,2018-12-24,8.55,8.52,8.64,8.46,119080,107866224.0,2.1,-0.81,-0.07,0.3
969,2018-12-25,8.42,8.23,8.42,8.0,293698,254294396.0,4.93,-3.4,-0.29,0.75
970,2018-12-26,8.24,8.08,8.25,8.07,175528,151951618.0,2.19,-1.82,-0.15,0.45
971,2018-12-27,8.25,8.06,8.29,8.06,207400,180607935.0,2.85,-0.25,-0.02,0.53
972,2018-12-28,8.11,8.25,8.46,8.06,270958,238209667.0,4.96,2.36,0.19,0.69
973,2019-01-02,8.28,8.23,8.34,8.1,183836,160421715.0,2.91,-0.24,-0.02,0.47
974,2019-01-03,8.21,8.41,8.68,8.18,301563,270525952.0,6.08,2.19,0.18,0.77
975,2019-01-04,8.3,9.22,9.3,8.27,507738,476899472.0,12.25,9.63,0.81,1.3
976,2019-01-07,9.26,9.17,9.4,9.08,380484,370783520.0,3.47,-0.54,-0.05,0.97
977,2019-01-08,9.16,9.16,9.36,9.0,272270,263834279.0,3.93,-0.11,-0.01,0.7
978,2019-01-09,9.18,9.2,9.45,9.15,314926,308843232.0,3.28,0.44,0.04,0.81
979,2019-01-10,9.2,9.03,9.22,8.98,207207,199430016.0,2.61,-1.85,-0.17,0.53
980,2019-01-11,9.02,9.1,9.2,9.01,147432,141642969.0,2.1,0.78,0.07,0.38
981,2019-01-14,9.16,9.05,9.21,8.96,141344,135449154.0,2.75,-0.55,-0.05,0.36
982,2019-01-15,9.03,9.28,9.34,9.0,290267,282461472.0,3.76,2.54,0.23,0.74
983,2019-01-16,9.32,9.22,9.34,9.14,158503,154477325.0,2.16,-0.65,-0.06,0.41
984,2019-01-17,9.22,9.08,9.28,9.05,157628,152586167.0,2.49,-1.52,-0.14,0.4
985,2019-01-18,9.1,9.2,9.24,9.04,178178,172592665.0,2.2,1.32,0.12,0.46
986,2019-01-21,9.23,9.17,9.31,9.03,193343,187315768.0,3.04,-0.33,-0.03,0.49
987,2019-01-22,9.13,8.99,9.18,8.91,169627,162332308.0,2.94,-1.96,-0.18,0.43
988,2019-01-23,8.89,8.87,8.99,8.85,150851,142285606.0,1.56,-1.33,-0.12,0.39
989,2019-01-24,8.87,9.02,9.08,8.87,210849,200424326.0,2.37,1.69,0.15,0.54
990,2019-01-25,9.01,9.01,9.09,8.93,200098,191010174.0,1.77,-0.11,-0.01,0.51
991,2019-01-28,9.05,8.98,9.19,8.88,212680,203146004.0,3.44,-0.33,-0.03,0.54
992,2019-01-29,8.89,8.77,8.96,8.58,196477,182580954.0,4.23,-2.34,-0.21,0.5
993,2019-01-30,8.71,8.67,8.84,8.67,100020,92774325.0,1.94,-1.14,-0.1,0.26
994,2019-01-31,8.73,8.76,8.89,8.66,137499,127705241.0,2.65,1.04,0.09,0.35
995,2019-02-01,9.01,9.06,9.14,8.85,201170,191006195.0,3.31,3.42,0.3,0.51
996,2019-02-11,8.94,9.16,9.18,8.88,268883,257717180.0,3.31,1.1,0.1,0.69
997,2019-02-12,9.17,9.36,9.44,9.07,353821,345818288.0,4.04,2.18,0.2,0.91
998,2019-02-13,9.36,9.78,9.86,9.26,519841,526803920.0,6.41,4.49,0.42,1.33
999,2019-02-14,9.74,9.76,9.9,9.69,309657,319130784.0,2.15,-0.2,-0.02,0.79
1000,2019-02-15,9.75,9.61,9.87,9.55,306685,314416880.0,3.28,-1.54,-0.15,0.79
1001,2019-02-18,9.74,10.25,10.34,9.73,498602,525461776.0,6.35,6.66,0.64,1.28
1002,2019-02-19,10.28,10.69,10.97,10.28,812404,909819136.0,6.73,4.29,0.44,2.08
1003,2019-02-20,10.69,10.78,10.9,10.53,411370,462643680.0,3.46,0.84,0.09,1.05
1004,2019-02-21,10.72,10.96,11.59,10.63,696443,805235024.0,8.91,1.67,0.18,1.78
1005,2019-02-22,11.08,12.11,12.11,10.99,947575,1145814928.0,10.22,10.49,1.15,2.43
1006,2019-02-25,13.28,13.37,13.37,12.6,1047836,1428069936.0,6.36,10.4,1.26,2.68
1007,2019-02-26,14.06,13.78,14.61,13.46,1491510,2187435952.0,8.6,3.07,0.41,3.82
1008,2019-02-27,13.68,13.49,14.16,13.1,1022327,1449634480.0,7.69,-2.1,-0.29,2.62
1009,2019-02-28,13.32,12.71,13.32,12.46,915840,1218372736.0,6.38,-5.78,-0.78,2.34
1010,2019-03-01,12.86,13.01,13.23,12.53,797708,1073205296.0,5.51,2.36,0.3,2.04
1011,2019-03-04,12.98,13.13,13.88,12.59,1076170,1468054624.0,9.92,0.92,0.12,2.75
1012,2019-03-05,12.69,13.06,13.07,12.64,559606,750897712.0,3.27,-0.53,-0.07,1.43
1013,2019-03-06,13.08,13.61,13.99,13.08,972511,1358329808.0,6.97,4.21,0.55,2.49
1014,2019-03-07,13.7,14.05,14.5,13.36,1317463,1909771152.0,8.38,3.23,0.44,3.37
1015,2019-03-08,13.59,13.6,14.89,13.44,1654267,2413286480.0,10.32,-3.2,-0.45,4.23
1016,2019-03-11,13.98,13.85,14.2,13.38,1134141,1626034848.0,6.03,1.84,0.25,2.9
1017,2019-03-12,13.98,13.76,14.31,13.51,1125098,1626606320.0,5.78,-0.65,-0.09,2.88
1018,2019-03-13,13.78,13.86,14.22,13.46,922034,1320501728.0,5.52,0.73,0.1,2.36
1019,2019-03-14,13.4,12.97,13.86,12.74,861508,1185494672.0,8.08,-6.42,-0.89,2.21
1020,2019-03-15,13.06,13.06,13.43,12.84,558648,763085216.0,4.55,0.69,0.09,1.43
1021,2019-03-18,12.48,13.08,13.1,12.43,851117,1127861584.0,5.13,0.15,0.02,2.18
1022,2019-03-19,12.98,12.77,13.16,12.7,519738,698283360.0,3.52,-2.37,-0.31,1.33
1023,2019-03-20,12.38,12.89,13.11,12.32,909449,1202429264.0,6.19,0.94,0.12,2.33
1024,2019-03-21,12.74,12.95,13.31,12.66,875455,1183955808.0,5.04,0.47,0.06,2.24
1025,2019-03-22,12.86,12.74,12.92,12.49,591734,781345568.0,3.32,-1.62,-0.21,1.51
1026,2019-03-25,12.38,12.28,12.61,12.28,465396,602974064.0,2.59,-3.61,-0.46,1.19
1027,2019-03-26,12.34,11.82,12.43,11.75,483174,609038048.0,5.54,-3.75,-0.46,1.24
1028,2019-03-27,11.96,11.82,12.05,11.79,340353,422485904.0,2.2,0.0,0.0,0.87
1029,2019-03-28,11.78,11.87,12.11,11.64,347000,430566096.0,3.98,0.42,0.05,0.89
1030,2019-03-29,11.96,12.64,12.74,11.9,912246,1179098144.0,7.08,6.49,0.77,2.34
1031,2019-04-01,12.62,12.74,12.99,12.5,998225,1320856528.0,3.88,0.79,0.1,2.56
1032,2019-04-02,12.77,12.75,13.03,12.65,652914,870728032.0,2.98,0.08,0.01,1.67
1033,2019-04-03,12.58,13.23,13.36,12.53,826594,1114674784.0,6.51,3.76,0.48,2.12
1034,2019-04-04,13.24,13.98,14.3,13.09,1357072,1936340608.0,9.15,5.67,0.75,3.47
1035,2019-04-08,13.83,13.46,14.04,13.19,894704,1262535984.0,6.08,-3.72,-0.52,2.29
1036,2019-04-09,13.41,13.38,13.62,13.08,494747,685339840.0,4.01,-0.59,-0.08,1.27
1037,2019-04-10,13.21,13.02,13.27,12.72,580791,781324544.0,4.11,-2.69,-0.36,1.49
1038,2019-04-11,12.92,12.68,13.07,12.65,429526,573829792.0,3.23,-2.61,-0.34,1.1
1039,2019-04-12,12.66,12.66,12.9,12.55,319713,423270288.0,2.76,-0.16,-0.02,0.82
1040,2019-04-15,12.99,12.53,13.05,12.5,416095,555848768.0,4.34,-1.03,-0.13,1.07
1041,2019-04-16,12.41,12.87,12.93,12.24,434263,571562720.0,5.51,2.71,0.34,1.11
1042,2019-04-17,12.74,12.8,12.99,12.72,301211,402662000.0,2.1,-0.54,-0.07,0.77
1043,2019-04-18,12.81,12.63,12.87,12.61,246825,327215648.0,2.03,-1.33,-0.17,0.63
1044,2019-04-19,12.68,12.81,12.92,12.64,241910,321686512.0,2.22,1.43,0.18,0.62
1045,2019-04-22,12.97,12.47,13.01,12.42,383143,503028560.0,4.61,-2.65,-0.34,0.98
1046,2019-04-23,12.38,12.45,12.75,12.2,380155,493642608.0,4.41,-0.16,-0.02,0.97
1047,2019-04-24,12.48,12.65,12.73,12.4,369207,484469152.0,2.65,1.61,0.2,0.95
1048,2019-04-25,12.62,12.07,12.66,12.05,378329,488762176.0,4.82,-4.58,-0.58,0.97
1049,2019-04-26,12.01,12.26,12.53,12.01,429463,549336496.0,4.31,1.57,0.19,1.1
1050,2019-04-29,12.36,12.17,12.51,12.01,465782,595839680.0,4.08,-0.73,-0.09,1.19
1051,2019-04-30,12.24,11.92,12.24,11.73,455424,569365328.0,4.19,-2.05,-0.25,1.17
1052,2019-05-06,11.14,10.69,11.24,10.68,648745,741437840.0,4.7,-10.32,-1.23,1.66
1053,2019-05-07,10.73,10.79,10.88,10.47,345521,388158768.0,3.84,0.94,0.1,0.88
1054,2019-05-08,10.48,10.68,10.89,10.42,233345,261944004.0,4.36,-1.02,-0.11,0.6
1055,2019-05-09,10.48,10.6,10.87,10.44,225794,252572784.0,4.03,-0.75,-0.08,0.58
1056,2019-05-10,10.77,11.05,11.15,10.48,406168,464055392.0,6.32,4.25,0.45,1.04
1057,2019-05-13,10.83,10.73,10.91,10.66,201140,227393300.0,2.26,-2.9,-0.32,0.51
1058,2019-05-14,10.6,10.6,10.8,10.56,193947,217343693.0,2.24,-1.21,-0.13,0.5
1059,2019-05-15,10.73,10.79,10.85,10.64,231247,260733949.0,1.98,1.79,0.19,0.59
1060,2019-05-16,10.76,10.79,10.88,10.7,180432,204167758.0,1.67,0.0,0.0,0.46
1061,2019-05-17,10.83,10.21,10.83,10.11,314205,345238928.0,6.67,-5.38,-0.58,0.8
1062,2019-05-20,10.14,10.3,10.45,10.11,209151,225335176.0,3.33,0.88,0.09,0.54
1063,2019-05-21,10.29,10.48,10.62,10.23,201215,221163092.0,3.79,1.75,0.18,0.52
1064,2019-05-22,10.49,10.35,10.57,10.28,140791,154032027.0,2.77,-1.24,-0.13,0.36
1065,2019-05-23,10.32,10.32,10.54,10.24,166872,181936192.0,2.9,-0.29,-0.03,0.43
1066,2019-05-24,10.31,10.28,10.43,10.24,147298,159847672.0,1.84,-0.39,-0.04,0.38
1067,2019-05-27,10.29,10.68,10.68,10.24,305329,336580144.0,4.28,3.89,0.4,0.78
1068,2019-05-28,10.63,10.76,10.81,10.6,274321,308038128.0,1.97,0.75,0.08,0.7
1069,2019-05-29,10.68,10.73,10.85,10.65,170134,191749639.0,1.86,-0.28,-0.03,0.44
1070,2019-05-30,10.72,10.59,10.72,10.47,141468,156870974.0,2.33,-1.3,-0.14,0.36
1071,2019-05-31,10.62,10.63,10.72,10.53,121121,135193478.0,1.79,0.38,0.04,0.31
1072,2019-06-03,10.38,9.74,10.47,9.62,679201,713626688.0,8.0,-8.37,-0.89,1.74
1073,2019-06-04,9.59,9.59,9.69,9.45,336279,339499776.0,2.46,-1.54,-0.15,0.86
1074,2019-06-05,9.7,9.94,10.08,9.66,408915,425532560.0,4.38,3.65,0.35,1.05
1075,2019-06-06,9.91,9.96,10.17,9.85,260183,273976496.0,3.22,0.2,0.02,0.67
1076,2019-06-10,9.88,9.82,9.92,9.56,262828,270684624.0,3.61,-1.41,-0.14,0.67
1077,2019-06-11,9.87,10.43,10.49,9.84,396992,426630320.0,6.62,6.21,0.61,1.02
1078,2019-06-12,10.37,10.2,10.41,10.18,207642,224266729.0,2.21,-2.21,-0.23,0.53
1079,2019-06-13,10.21,10.28,10.41,10.14,198541,214429658.0,2.65,0.78,0.08,0.51
1080,2019-06-14,10.3,10.05,10.36,9.97,211219,225163110.0,3.79,-2.24,-0.23,0.54
1081,2019-06-17,10.05,10.05,10.17,10.01,120028,127100749.0,1.59,0.0,0.0,0.31
1082,2019-06-18,10.1,10.03,10.11,9.9,125707,132409170.0,2.09,-0.2,-0.02,0.32
1083,2019-06-19,10.56,10.21,10.68,10.19,313928,343319104.0,4.89,1.79,0.18,0.8
1084,2019-06-20,10.2,10.75,11.07,10.15,599721,670633072.0,9.01,5.29,0.54,1.54
1085,2019-06-21,10.84,11.03,11.35,10.76,616655,714720240.0,5.49,2.6,0.28,1.58
1086,2019-06-24,11.23,11.03,11.25,10.9,410803,476977584.0,3.17,0.0,0.0,1.05
1087,2019-06-25,10.99,10.93,11.07,10.63,370541,421337888.0,3.99,-0.91,-0.1,0.95
1088,2019-06-26,10.73,10.76,10.91,10.66,187473,212078514.0,2.29,-1.56,-0.17,0.48
1089,2019-06-27,10.86,10.93,11.15,10.83,316525,364504464.0,2.97,1.58,0.17,0.81
1090,2019-06-28,10.91,10.9,11.03,10.75,226441,258572008.0,2.56,-0.27,-0.03,0.58
1091,2019-07-01,11.32,11.19,11.41,11.11,363104,427008240.0,2.75,2.66,0.29,0.93
1092,2019-07-02,11.19,11.16,11.23,11.1,228189,266639437.0,1.16,-0.27,-0.03,0.58
1093,2019-07-03,11.12,10.98,11.16,10.89,185404,213326479.0,2.42,-1.61,-0.18,0.47
1094,2019-07-04,10.99,10.99,11.1,10.87,152658,175632372.0,2.09,0.09,0.01,0.39
1095,2019-07-05,10.98,10.93,11.02,10.82,121997,139718086.0,1.82,-0.55,-0.06,0.31
1096,2019-07-08,10.92,10.59,10.94,10.49,215675,241438442.0,4.12,-3.11,-0.34,0.55
1097,2019-07-09,10.56,10.8,10.82,10.56,178285,199904800.0,2.46,1.98,0.21,0.46
1098,2019-07-10,10.79,10.86,10.97,10.73,177471,201866226.0,2.22,0.56,0.06,0.45
1099,2019-07-11,10.94,10.82,11.05,10.74,151048,172528004.0,2.85,-0.37,-0.04,0.39
1100,2019-07-12,10.83,10.91,11.03,10.73,163818,187543637.0,2.77,0.83,0.09,0.42
1101,2019-07-15,10.87,11.11,11.25,10.68,288862,333478432.0,5.22,1.83,0.2,0.74
1102,2019-07-16,11.07,11.04,11.15,10.96,167356,193541097.0,1.71,-0.63,-0.07,0.43
1103,2019-07-17,11.01,11.06,11.14,10.98,155616,180311641.0,1.45,0.18,0.02,0.4
1104,2019-07-18,10.98,10.89,11.03,10.87,129281,148361946.0,1.45,-1.54,-0.17,0.33
1105,2019-07-19,10.93,11.07,11.19,10.93,183248,210573743.0,2.39,1.65,0.18,0.47
1106,2019-07-22,11.11,10.89,11.14,10.79,177938,202234704.0,3.16,-1.63,-0.18,0.46
1107,2019-07-23,10.86,11.0,11.08,10.86,120935,138094585.0,2.02,1.01,0.11,0.31
1108,2019-07-24,11.04,11.1,11.27,11.01,171747,198740168.0,2.36,0.91,0.1,0.44
1109,2019-07-25,11.1,11.21,11.21,11.03,136967,158431434.0,1.62,0.99,0.11,0.35
1110,2019-07-26,11.13,11.12,11.19,11.06,103850,119809209.0,1.16,-0.8,-0.09,0.27
1111,2019-07-29,11.1,10.91,11.1,10.89,147705,167955332.0,1.89,-1.89,-0.21,0.38
1112,2019-07-30,10.91,11.0,11.15,10.89,146605,167803602.0,2.38,0.82,0.09,0.38
1113,2019-07-31,10.97,10.89,10.97,10.83,123204,139383678.0,1.27,-1.0,-0.11,0.32
1114,2019-08-01,10.74,10.74,10.96,10.7,146051,163797315.0,2.39,-1.38,-0.15,0.37
1115,2019-08-02,10.5,10.4,10.53,10.24,239393,258275325.0,2.7,-3.17,-0.34,0.61
1116,2019-08-05,10.34,10.08,10.39,10.07,170910,181909483.0,3.08,-3.08,-0.32,0.44
1117,2019-08-06,9.78,9.96,10.11,9.71,225185,232145747.0,3.97,-1.19,-0.12,0.58
1118,2019-08-07,10.02,9.84,10.06,9.83,94423,97732996.0,2.31,-1.2,-0.12,0.24
1119,2019-08-08,10.15,10.22,10.33,10.03,282432,299498768.0,3.05,3.86,0.38,0.72
1120,2019-08-09,10.27,10.21,10.48,10.14,204261,218478688.0,3.33,-0.1,-0.01,0.52
1121,2019-08-12,10.36,10.31,10.47,10.14,217063,232273376.0,3.23,0.98,0.1,0.56
1122,2019-08-13,10.12,10.0,10.17,9.96,149130,155807153.0,2.04,-3.01,-0.31,0.38
1123,2019-08-14,10.18,10.02,10.21,10.01,107823,113365096.0,2.0,0.2,0.02,0.28
1124,2019-08-15,9.8,9.99,10.03,9.77,126909,130891625.0,2.59,-0.3,-0.03,0.32
1125,2019-08-16,9.99,10.02,10.16,9.95,145074,152050649.0,2.1,0.3,0.03,0.37
1126,2019-08-19,10.18,10.74,10.76,10.12,377201,410445616.0,6.39,7.19,0.72,0.97
1127,2019-08-20,10.73,10.69,10.81,10.62,240128,267464920.0,1.77,-0.47,-0.05,0.61
1128,2019-08-21,10.69,10.54,10.71,10.51,160690,176812334.0,1.87,-1.4,-0.15,0.41
1129,2019-08-22,10.57,10.57,10.64,10.46,130911,143536488.0,1.71,0.28,0.03,0.34
1130,2019-08-23,10.6,10.5,10.68,10.47,118433,129876219.0,1.99,-0.66,-0.07,0.3
1131,2019-08-26,10.29,10.33,10.41,10.23,153686,165059647.0,1.71,-1.62,-0.17,0.39
1132,2019-08-27,10.41,10.65,10.78,10.4,218081,240551256.0,3.68,3.1,0.32,0.56
1133,2019-08-28,10.66,10.43,10.66,10.4,190424,207570651.0,2.44,-2.07,-0.22,0.49
1134,2019-08-29,10.45,10.34,10.48,10.31,139484,150507159.0,1.63,-0.86,-0.09,0.36
1135,2019-08-30,10.44,10.35,10.54,10.23,164685,177723810.0,3.0,0.1,0.01,0.42
1136,2019-09-02,10.31,10.5,10.61,10.31,237705,259143116.0,2.9,1.45,0.15,0.61
1137,2019-09-03,10.5,10.5,10.58,10.4,183031,199593797.0,1.71,0.0,0.0,0.47
1138,2019-09-04,10.48,10.75,10.82,10.45,322194,357519456.0,3.52,2.38,0.25,0.82
1139,2019-09-05,10.97,11.21,11.63,10.96,659368,770238192.0,6.23,4.28,0.46,1.69
1140,2019-09-06,11.29,11.34,11.37,11.15,349727,408344976.0,1.96,1.16,0.13,0.9
1141,2019-09-09,11.68,11.58,11.73,11.41,392320,469511152.0,2.82,2.12,0.24,1.0
1142,2019-09-10,11.65,11.64,11.8,11.32,361324,432590128.0,4.15,0.52,0.06,0.92
1143,2019-09-11,11.76,11.89,12.08,11.64,518479,636726816.0,3.78,2.15,0.25,1.33
1144,2019-09-12,11.93,11.98,12.0,11.7,332542,408441920.0,2.52,0.76,0.09,0.85
1145,2019-09-16,12.05,11.85,12.21,11.78,358617,445645360.0,3.59,-1.09,-0.13,0.92
1146,2019-09-17,11.78,11.58,11.92,11.54,357523,432998048.0,3.21,-2.28,-0.27,0.92
1147,2019-09-18,11.63,11.68,11.71,11.57,205043,247306934.0,1.21,0.86,0.1,0.52
1148,2019-09-19,11.73,11.64,11.75,11.5,206381,248337374.0,2.14,-0.34,-0.04,0.53
1149,2019-09-20,11.62,11.56,11.72,11.38,227154,272236160.0,2.92,-0.69,-0.08,0.58
1150,2019-09-23,11.48,11.28,11.48,11.18,223966,261918012.0,2.6,-2.42,-0.28,0.57
1151,2019-09-24,11.33,11.42,11.63,11.26,232534,275486608.0,3.28,1.24,0.14,0.6
1152,2019-09-25,11.38,11.25,11.46,11.2,181245,212535691.0,2.28,-1.49,-0.17,0.46
1153,2019-09-26,11.28,11.08,11.37,11.04,176747,205620833.0,2.93,-1.51,-0.17,0.45
1154,2019-09-27,11.11,11.26,11.27,11.11,132583,154250500.0,1.44,1.62,0.18,0.34
1155,2019-09-30,11.26,10.91,11.29,10.85,171801,197098227.0,3.91,-3.11,-0.35,0.44
1156,2019-10-08,10.94,10.86,11.0,10.83,124528,140948949.0,1.56,-0.46,-0.05,0.32
1157,2019-10-09,10.79,10.97,11.0,10.66,129946,146744225.0,3.13,1.01,0.11,0.33
1158,2019-10-10,11.01,11.16,11.19,10.93,132959,153034316.0,2.37,1.73,0.19,0.34
1159,2019-10-11,11.18,11.33,11.47,11.06,213924,250430017.0,3.67,1.52,0.17,0.55
1160,2019-10-14,11.47,11.58,11.79,11.36,291002,349671520.0,3.8,2.21,0.25,0.74
1161,2019-10-15,11.56,11.4,11.58,11.35,137538,163169926.0,1.99,-1.55,-0.18,0.35
1162,2019-10-16,11.44,11.26,11.61,11.24,127492,150659669.0,3.25,-1.23,-0.14,0.33
1163,2019-10-17,11.21,11.16,11.35,11.12,124065,144301776.0,2.04,-0.89,-0.1,0.32
1164,2019-10-18,11.19,10.91,11.24,10.9,163986,187706818.0,3.05,-2.24,-0.25,0.42
1165,2019-10-21,10.89,10.9,10.93,10.72,122865,138181753.0,1.92,-0.09,-0.01,0.31
1166,2019-10-22,10.88,10.96,11.02,10.82,93201,105700018.0,1.83,0.55,0.06,0.24
1167,2019-10-23,10.97,10.8,11.02,10.76,119194,134322915.0,2.37,-1.46,-0.16,0.31
1168,2019-10-24,10.84,10.87,10.98,10.75,100031,112925121.0,2.13,0.65,0.07,0.26
1169,2019-10-25,10.9,10.98,11.02,10.77,126002,142624078.0,2.3,1.01,0.11,0.32
1170,2019-10-28,10.99,11.24,11.25,10.92,168645,194360105.0,3.01,2.37,0.26,0.43
1171,2019-10-29,11.25,10.98,11.25,10.96,122148,140549916.0,2.58,-2.31,-0.26,0.31
1172,2019-10-30,10.99,10.97,11.06,10.82,106726,121290346.0,2.19,-0.09,-0.01,0.27
1173,2019-10-31,10.99,11.04,11.07,10.89,99064,113089545.0,1.64,0.64,0.07,0.25
1174,2019-11-01,10.95,11.2,11.25,10.91,170877,197553156.0,3.08,1.45,0.16,0.44
1175,2019-11-04,11.18,11.27,11.34,11.15,149283,173942279.0,1.7,0.63,0.07,0.38
1176,2019-11-05,11.24,11.34,11.51,11.23,262324,309530912.0,2.48,0.62,0.07,0.67
1177,2019-11-06,11.35,11.18,11.35,11.1,129321,150704997.0,2.2,-1.41,-0.16,0.33
1178,2019-11-07,11.12,11.2,11.31,11.09,115726,134485931.0,1.97,0.18,0.02,0.3
1179,2019-11-08,11.3,11.08,11.37,11.07,138364,161042329.0,2.68,-1.07,-0.12,0.35
1180,2019-11-11,11.0,10.82,11.04,10.82,139899,158567307.0,1.99,-2.35,-0.26,0.36
1181,2019-11-12,10.82,10.85,10.91,10.81,75195,84766271.0,0.92,0.28,0.03,0.19
1182,2019-11-13,10.85,10.9,10.9,10.77,94454,106363127.0,1.2,0.46,0.05,0.24
1183,2019-11-14,10.89,10.84,10.96,10.81,73729,83317475.0,1.38,-0.55,-0.06,0.19
1184,2019-11-15,10.88,10.56,10.91,10.47,154760,172123303.0,4.06,-2.58,-0.28,0.4
1185,2019-11-18,10.56,10.67,10.74,10.51,108285,119998109.0,2.18,1.04,0.11,0.28
1186,2019-11-19,10.66,10.8,10.82,10.63,88927,99365437.0,1.78,1.22,0.13,0.23
1187,2019-11-20,10.81,10.69,10.85,10.68,80505,90100629.0,1.57,-1.02,-0.11,0.21
1188,2019-11-21,10.66,10.73,10.81,10.62,59638,66454326.0,1.78,0.37,0.04,0.15
1189,2019-11-22,10.72,10.68,10.87,10.6,108668,120891611.0,2.52,-0.47,-0.05,0.28
1190,2019-11-25,10.68,10.73,10.76,10.58,75413,83751078.0,1.69,0.47,0.05,0.19
1191,2019-11-26,10.75,10.85,10.85,10.68,127088,142256869.0,1.58,1.12,0.12,0.33
1192,2019-11-27,10.78,10.73,10.78,10.64,82670,91972622.0,1.29,-1.11,-0.12,0.21
1193,2019-11-28,10.72,10.73,10.81,10.67,60706,67703811.0,1.3,0.0,0.0,0.16
1194,2019-11-29,10.73,10.79,10.89,10.71,73429,82257744.0,1.68,0.56,0.06,0.19
1195,2019-12-02,10.97,10.85,11.02,10.77,140847,159440524.0,2.32,0.56,0.06,0.36
1196,2019-12-03,10.78,10.99,10.99,10.75,96999,109790077.0,2.21,1.29,0.14,0.25
1197,2019-12-04,10.97,11.04,11.05,10.93,94363,107642463.0,1.09,0.45,0.05,0.24
1198,2019-12-05,11.06,11.25,11.27,11.05,176769,205325542.0,1.99,1.9,0.21,0.45
1199,2019-12-06,11.26,11.31,11.31,11.13,155187,180609899.0,1.6,0.53,0.06,0.4
1200,2019-12-09,11.41,11.28,11.43,11.26,120862,141783734.0,1.5,-0.27,-0.03,0.31
1201,2019-12-10,11.29,11.26,11.32,11.18,96674,112876769.0,1.24,-0.18,-0.02,0.25
1202,2019-12-11,11.31,11.25,11.47,11.24,131945,154978775.0,2.04,-0.09,-0.01,0.34
1203,2019-12-12,11.27,11.16,11.32,11.13,119071,138552238.0,1.69,-0.8,-0.09,0.3
1204,2019-12-13,11.41,11.64,11.72,11.28,398501,474840192.0,3.94,4.3,0.48,1.02
1205,2019-12-16,11.59,11.79,11.9,11.5,320429,388624672.0,3.44,1.29,0.15,0.82
1206,2019-12-17,11.84,12.14,12.47,11.73,570458,716193008.0,6.28,2.97,0.35,1.46
1207,2019-12-18,12.09,12.12,12.33,12.05,297125,374806128.0,2.31,-0.16,-0.02,0.76
1208,2019-12-19,12.14,12.08,12.18,12.0,161915,202349210.0,1.49,-0.33,-0.04,0.41
1209,2019-12-20,12.1,12.13,12.48,12.1,342155,434662192.0,3.15,0.41,0.05,0.88
1210,2019-12-23,12.13,11.84,12.33,11.78,347636,435910368.0,4.53,-2.39,-0.29,0.89
1211,2019-12-24,11.89,12.0,12.02,11.84,181787,224572743.0,1.52,1.35,0.16,0.47
1212,2019-12-25,11.98,11.93,12.13,11.85,237542,293507504.0,2.33,-0.58,-0.07,0.61
1213,2019-12-26,11.92,12.15,12.17,11.85,221758,275489168.0,2.68,1.84,0.22,0.57
1214,2019-12-27,12.18,12.01,12.43,11.94,372947,471624176.0,4.03,-1.15,-0.14,0.95
1215,2019-12-30,11.94,12.66,12.86,11.88,562812,725587808.0,8.16,5.41,0.65,1.44
1216,2019-12-31,12.62,12.68,12.76,12.48,293522,383356480.0,2.21,0.16,0.02,0.75
1217,2020-01-02,12.94,12.85,13.16,12.76,421304,563805504.0,3.15,1.34,0.17,1.08
1218,2020-01-03,12.83,12.97,13.23,12.83,348167,468834544.0,3.11,0.93,0.12,0.89
1219,2020-01-06,12.86,13.34,13.73,12.79,539413,740541856.0,7.25,2.85,0.37,1.38
1220,2020-01-07,13.28,13.36,13.41,13.03,353211,482129696.0,2.85,0.15,0.02,0.9
1221,2020-01-08,13.16,12.91,13.25,12.79,350574,470714960.0,3.44,-3.37,-0.45,0.9
1222,2020-01-09,13.09,13.07,13.25,12.97,230636,311746720.0,2.17,1.24,0.16,0.59
1223,2020-01-10,13.22,13.07,13.28,12.96,192457,260323075.0,2.45,0.0,0.0,0.49
1224,2020-01-13,12.84,13.0,13.03,12.58,327231,431157184.0,3.44,-0.54,-0.07,0.84
1225,2020-01-14,12.98,12.68,13.06,12.66,276232,366137840.0,3.08,-2.46,-0.32,0.71
1226,2020-01-15,12.67,12.7,12.82,12.6,171849,225748430.0,1.74,0.16,0.02,0.44
1227,2020-01-16,12.72,12.71,12.89,12.6,198974,261549958.0,2.28,0.08,0.01,0.51
1228,2020-01-17,12.82,12.71,12.88,12.65,179608,236702853.0,1.81,0.0,0.0,0.46
1229,2020-01-20,12.7,12.77,12.77,12.5,243586,319605872.0,2.12,0.47,0.06,0.62
1230,2020-01-21,12.71,12.34,12.71,12.27,351995,451412112.0,3.45,-3.37,-0.43,0.9
1231,2020-01-22,12.21,12.46,12.58,12.06,303332,386313552.0,4.21,0.97,0.12,0.78
1232,2020-01-23,12.23,11.98,12.33,11.92,268675,337415904.0,3.29,-3.85,-0.48,0.69
1233,2020-02-03,10.74,10.74,10.74,10.74,87366,97500456.0,0.0,-10.35,-1.24,0.22
1234,2020-02-04,10.18,10.66,10.86,10.18,386724,428412768.0,6.33,-0.74,-0.08,0.99
1235,2020-02-05,10.7,10.76,11.11,10.66,323509,363830928.0,4.22,0.94,0.1,0.83
1236,2020-02-06,10.72,11.03,11.1,10.58,392843,442818912.0,4.83,2.51,0.27,1.01
1237,2020-02-07,10.97,10.99,11.09,10.84,328039,372775376.0,2.27,-0.36,-0.04,0.84
1238,2020-02-10,10.91,11.09,11.14,10.85,291947,334225568.0,2.64,0.91,0.1,0.75
1239,2020-02-11,11.13,11.11,11.34,11.08,243582,282802752.0,2.34,0.18,0.02,0.62
1240,2020-02-12,11.12,11.26,11.32,10.99,267692,310325024.0,2.97,1.35,0.15,0.69
1241,2020-02-13,11.23,11.04,11.31,11.01,246009,283942240.0,2.66,-1.95,-0.22,0.63
1242,2020-02-14,11.0,11.24,11.36,10.98,283144,329082784.0,3.44,1.81,0.2,0.72
1243,2020-02-17,11.53,11.81,11.9,11.39,404944,487620768.0,4.54,5.07,0.57,1.04
1244,2020-02-18,11.81,11.79,11.95,11.68,281544,344359792.0,2.29,-0.17,-0.02,0.72
1245,2020-02-19,11.79,11.92,12.22,11.76,377878,470626592.0,3.9,1.1,0.13,0.97
1246,2020-02-20,11.98,12.66,12.68,11.88,566202,720637520.0,6.71,6.21,0.74,1.45
1247,2020-02-21,12.58,12.58,13.03,12.41,562054,734223936.0,4.9,-0.63,-0.08,1.44
1248,2020-02-24,12.54,12.57,12.77,12.4,374216,486535904.0,2.94,-0.08,-0.01,0.96
1249,2020-02-25,12.28,12.59,12.63,12.07,489909,627890000.0,4.46,0.16,0.02,1.25
1250,2020-02-26,12.38,12.43,12.7,12.33,444207,575805440.0,2.94,-1.27,-0.16,1.14
1251,2020-02-27,12.46,12.38,12.71,12.29,338289,436661936.0,3.38,-0.4,-0.05,0.87
1252,2020-02-28,11.98,11.46,12.18,11.46,471311,575324784.0,5.82,-7.43,-0.92,1.21
1253,2020-03-02,11.58,12.14,12.27,11.55,426125,526850000.0,6.28,5.93,0.68,1.09
1254,2020-03-03,12.36,12.26,12.63,12.13,394877,505291056.0,4.12,0.99,0.12,1.01
1255,2020-03-04,12.19,12.53,12.53,12.13,345100,441295616.0,3.26,2.2,0.27,0.88
1256,2020-03-05,12.77,12.84,13.06,12.48,620215,819721536.0,4.63,2.47,0.31,1.59
1257,2020-03-06,12.46,12.3,12.64,12.23,469379,601490560.0,3.19,-4.21,-0.54,1.2
1258,2020-03-09,12.08,11.87,12.16,11.78,376712,467577888.0,3.09,-3.5,-0.43,0.96
1259,2020-03-10,11.85,12.26,12.27,11.69,395185,491573824.0,4.89,3.29,0.39,1.01
1260,2020-03-11,12.21,11.97,12.28,11.95,276784,346940720.0,2.69,-2.37,-0.29,0.71
1261,2020-03-12,11.83,11.78,11.98,11.69,219031,267477844.0,2.42,-1.59,-0.19,0.56
1262,2020-03-13,10.99,11.55,11.78,10.88,334949,393367888.0,7.64,-1.95,-0.23,0.86
1263,2020-03-16,11.59,11.02,11.65,10.99,339110,398517392.0,5.71,-4.59,-0.53,0.87
1264,2020-03-17,11.15,11.02,11.26,10.8,249256,285361216.0,4.17,0.0,0.0,0.64
1265,2020-03-18,11.04,10.69,11.17,10.68,246996,281469904.0,4.45,-2.99,-0.33,0.63
1266,2020-03-19,10.68,10.83,10.94,10.51,274562,306313296.0,4.02,1.31,0.14,0.7
1267,2020-03-20,10.91,10.91,10.95,10.74,166744,188150752.0,1.94,0.74,0.08,0.43
1268,2020-03-23,10.61,10.53,10.73,10.53,167408,184864533.0,1.83,-3.48,-0.38,0.43
1269,2020-03-24,10.71,10.87,10.88,10.62,199298,222974982.0,2.47,3.23,0.34,0.51
1270,2020-03-25,11.06,11.03,11.18,10.91,199123,227972590.0,2.48,1.47,0.16,0.51
1271,2020-03-26,10.95,10.83,10.99,10.82,132115,149656608.0,1.54,-1.81,-0.2,0.34
1272,2020-03-27,10.97,10.92,11.05,10.83,163537,185758928.0,2.03,0.83,0.09,0.42
1273,2020-03-30,10.78,10.65,10.78,10.58,155571,172283946.0,1.83,-2.47,-0.27,0.4
1274,2020-03-31,10.75,10.59,10.76,10.59,113721,126167750.0,1.6,-0.56,-0.06,0.29
1275,2020-04-01,10.59,10.49,10.74,10.47,145528,160117973.0,2.55,-0.94,-0.1,0.37
1276,2020-04-02,10.46,10.63,10.63,10.4,135163,148069845.0,2.19,1.33,0.14,0.35
1277,2020-04-03,10.63,10.48,10.66,10.47,112633,123577442.0,1.79,-1.41,-0.15,0.29
1278,2020-04-07,10.63,10.67,10.71,10.58,260084,287539056.0,1.24,1.81,0.19,0.67
1279,2020-04-08,10.6,10.62,10.67,10.57,132341,145919788.0,0.94,-0.47,-0.05,0.34
1280,2020-04-09,10.7,10.67,10.82,10.65,195229,217830057.0,1.6,0.47,0.05,0.5
1281,2020-04-10,10.74,10.85,11.12,10.66,355185,401353872.0,4.31,1.69,0.18,0.91
1282,2020-04-13,10.73,10.94,11.03,10.71,234197,264450341.0,2.95,0.83,0.09,0.6
1283,2020-04-14,10.97,11.04,11.16,10.81,301459,342772656.0,3.2,0.91,0.1,0.77
1284,2020-04-15,10.96,10.78,11.01,10.78,211646,239317792.0,2.08,-2.36,-0.26,0.54
1285,2020-04-16,10.75,10.82,10.91,10.71,156265,175575959.0,1.86,0.37,0.04,0.4
1286,2020-04-17,10.9,10.81,10.9,10.75,174216,195996518.0,1.39,-0.09,-0.01,0.45
1287,2020-04-20,10.78,10.77,10.83,10.72,107155,119893572.0,1.02,-0.37,-0.04,0.27
1288,2020-04-21,10.77,10.56,10.77,10.5,161062,177390911.0,2.51,-1.95,-0.21,0.41
1289,2020-04-22,10.53,10.62,10.63,10.47,112384,123364349.0,1.52,0.57,0.06,0.29
1290,2020-04-23,10.61,10.5,10.63,10.5,105159,115537033.0,1.22,-1.13,-0.12,0.27
1291,2020-04-24,10.49,10.31,10.56,10.27,145794,157548112.0,2.76,-1.81,-0.19,0.37
1292,2020-04-27,10.35,10.29,10.41,10.27,95219,102488542.0,1.36,-0.19,-0.02,0.24
1293,2020-04-28,10.39,10.35,10.46,10.15,132585,142798217.0,3.01,0.58,0.06,0.34
1294,2020-04-29,10.31,10.5,10.56,10.3,119224,129633377.0,2.51,1.45,0.15,0.31
1295,2020-04-30,10.58,10.76,10.77,10.58,195723,217392839.0,1.81,2.48,0.26,0.5
1296,2020-05-06,10.56,10.77,10.8,10.53,174919,193948186.0,2.51,0.09,0.01,0.45
1297,2020-05-07,10.78,10.76,10.86,10.71,168062,188229635.0,1.39,-0.09,-0.01,0.43
1298,2020-05-08,10.83,10.92,11.08,10.78,246836,279936752.0,2.79,1.49,0.16,0.63
1299,2020-05-11,10.94,10.83,11.03,10.76,149950,169542755.0,2.47,-0.82,-0.09,0.38
1300,2020-05-12,10.88,10.74,10.88,10.67,102010,114049787.0,1.94,-0.83,-0.09,0.26
1301,2020-05-13,10.71,10.84,10.89,10.71,129500,145670189.0,1.68,0.93,0.1,0.33
1302,2020-05-14,10.78,10.63,10.8,10.61,134915,149832621.0,1.75,-1.94,-0.21,0.35
1303,2020-05-15,10.68,10.63,10.71,10.62,73507,81573983.0,0.85,0.0,0.0,0.19
1304,2020-05-18,10.64,10.56,10.71,10.55,110524,122158903.0,1.51,-0.66,-0.07,0.28
1305,2020-05-19,10.67,10.71,10.76,10.64,123274,137128429.0,1.14,1.42,0.15,0.32
1306,2020-05-20,10.71,10.69,10.79,10.64,107323,119429125.0,1.4,-0.19,-0.02,0.27
1307,2020-05-21,10.74,10.7,10.76,10.66,92643,103142607.0,0.94,0.09,0.01,0.24
1308,2020-05-22,10.66,10.48,10.71,10.48,140106,154094333.0,2.15,-2.06,-0.22,0.36
1309,2020-05-25,10.49,10.38,10.55,10.36,94989,103189034.0,1.81,-0.95,-0.1,0.24
1310,2020-05-26,10.44,10.49,10.52,10.41,80395,87456937.0,1.06,1.06,0.11,0.21
1311,2020-05-27,10.47,10.37,10.5,10.32,84842,91760394.0,1.72,-1.14,-0.12,0.22
1312,2020-05-28,10.39,10.54,10.67,10.39,146490,160465434.0,2.7,1.64,0.17,0.37
1313,2020-05-29,10.51,10.51,10.56,10.43,98201,107122864.0,1.23,-0.28,-0.03,0.25
1314,2020-06-01,10.78,10.89,10.98,10.7,337986,381226208.0,2.66,3.62,0.38,0.87
1315,2020-06-02,10.88,10.83,10.97,10.8,178316,201423236.0,1.56,-0.55,-0.06,0.46
1316,2020-06-03,10.89,10.7,10.93,10.7,158650,178033268.0,2.12,-1.2,-0.13,0.41
1317,2020-06-04,10.77,10.63,10.78,10.63,112194,124550071.0,1.4,-0.65,-0.07,0.29
1318,2020-06-05,10.63,10.71,10.76,10.59,153681,170373875.0,1.6,0.75,0.08,0.39
1319,2020-06-08,10.76,10.67,10.82,10.66,133234,148502406.0,1.49,-0.37,-0.04,0.34
1320,2020-06-09,10.68,10.76,10.82,10.67,146772,164139607.0,1.41,0.84,0.09,0.38
1321,2020-06-10,10.74,10.61,10.77,10.6,138241,153109874.0,1.58,-1.39,-0.15,0.35
1322,2020-06-11,10.61,10.54,10.76,10.52,179265,197714577.0,2.26,-0.66,-0.07,0.46
1323,2020-06-12,10.48,10.48,10.51,10.39,167809,182417372.0,1.14,-0.57,-0.06,0.43
1324,2020-06-15,10.5,10.43,10.7,10.42,210273,230761404.0,2.67,-0.48,-0.05,0.54
1325,2020-06-16,10.53,10.54,10.57,10.46,134610,147196813.0,1.05,1.05,0.11,0.34
1326,2020-06-17,10.54,10.52,10.55,10.45,95832,104644650.0,0.95,-0.19,-0.02,0.25
1327,2020-06-18,10.5,10.62,10.74,10.43,184627,202984892.0,2.95,0.95,0.1,0.47
1328,2020-06-19,10.62,11.64,11.72,10.59,1080578,1259938336.0,10.64,9.6,1.02,2.77
1329,2020-06-22,11.86,12.85,12.85,11.77,1291215,1674747968.0,9.28,10.4,1.21,3.31
1330,2020-06-23,13.14,14.18,14.18,12.96,2491369,3477880064.0,9.49,10.35,1.33,6.38
1331,2020-06-24,14.63,14.37,14.83,13.83,2107166,3101297184.0,7.05,1.34,0.19,5.39
1332,2020-06-29,14.78,14.18,15.23,13.93,2118982,3164125360.0,9.05,-1.32,-0.19,5.42
1333,2020-06-30,14.27,15.64,15.64,14.04,2149465,3310550656.0,11.28,10.3,1.46,5.5
1334,2020-07-01,15.81,16.96,16.96,15.39,2296391,3791393712.0,10.04,8.44,1.32,5.88
1335,2020-07-02,16.73,18.7,18.7,16.53,3092481,5625004800.0,12.79,10.26,1.74,7.92
1336,2020-07-03,18.7,20.61,20.61,18.51,2728036,5485005056.0,11.23,10.21,1.91,6.98
1337,2020-07-06,22.71,22.71,22.71,22.18,782242,1804090960.0,2.57,10.19,2.1,2.0
1338,2020-07-07,24.98,24.4,25.02,24.07,3466322,8772973568.0,4.18,7.44,1.69,8.87
1339,2020-07-08,24.4,26.88,26.88,24.08,2940398,7725432320.0,11.48,10.16,2.48,7.53
1340,2020-07-09,27.23,29.61,29.61,25.89,3248798,9340427264.0,13.84,10.16,2.73,8.32
1341,2020-07-10,28.68,27.85,30.08,27.58,3198513,9275009792.0,8.44,-5.94,-1.76,8.19
1342,2020-07-13,27.28,29.36,30.68,26.69,3802540,11196861440.0,14.33,5.42,1.51,9.73
1343,2020-07-14,28.46,28.6,29.48,27.46,2638514,7624738048.0,6.88,-2.59,-0.76,6.75
1344,2020-07-15,29.08,28.0,30.34,27.82,2863232,8405316864.0,8.81,-2.1,-0.6,7.33
1345,2020-07-16,28.0,27.19,29.79,26.28,3118453,8950827776.0,12.54,-2.89,-0.81,7.98
1346,2020-07-17,27.08,24.43,27.08,24.43,2597433,6573772544.0,9.75,-10.15,-2.76,6.65
1347,2020-07-20,24.11,24.97,25.58,23.39,2954698,7337898496.0,8.96,2.21,0.54,7.56
1348,2020-07-21,24.6,24.3,24.98,23.63,1973946,4886065920.0,5.41,-2.68,-0.67,5.05
1349,2020-07-22,24.48,24.29,25.71,24.11,2438525,6145653760.0,6.58,-0.04,-0.01,6.24
1350,2020-07-23,23.88,25.69,26.68,23.71,3360051,8639489280.0,12.23,5.76,1.4,8.6
1351,2020-07-24,25.12,23.07,25.16,23.07,2791790,6776030208.0,8.14,-10.2,-2.62,7.15
1352,2020-07-27,22.95,22.31,23.09,21.74,1618463,3689006480.0,5.85,-3.29,-0.76,4.14
1353,2020-07-28,22.66,22.99,23.01,21.9,1487419,3401121776.0,4.98,3.05,0.68,3.81
1354,2020-07-29,22.61,23.55,24.01,22.49,1936979,4607933952.0,6.61,2.44,0.56,4.96
1355,2020-07-30,23.31,22.86,23.62,22.79,1365964,3214594368.0,3.52,-2.93,-0.69,3.5
1356,2020-07-31,22.82,23.62,23.81,22.57,1748994,4138491488.0,5.42,3.32,0.76,4.48
1357,2020-08-03,23.99,23.88,24.05,23.26,1704158,4095046784.0,3.34,1.1,0.26,4.36
1358,2020-08-04,23.88,23.74,24.35,23.41,1564663,3800440432.0,3.94,-0.59,-0.14,4.01
1359,2020-08-05,23.39,23.77,24.12,22.99,1216137,2918952288.0,4.76,0.13,0.03,3.11
1360,2020-08-06,23.77,24.21,24.87,22.62,1901216,4566819840.0,9.47,1.85,0.44,4.87
1361,2020-08-07,23.31,22.41,23.33,21.79,1809390,4172461120.0,6.36,-7.43,-1.8,4.63
1362,2020-08-10,21.49,21.69,22.48,21.05,1219886,2706375216.0,6.38,-3.21,-0.72,3.12
1363,2020-08-11,21.61,21.91,23.32,21.52,1644355,3783162064.0,8.3,1.01,0.22,4.21
1364,2020-08-12,21.61,21.25,21.84,20.62,1258749,2711333072.0,5.57,-3.01,-0.66,3.22
1365,2020-08-13,21.27,21.71,22.26,20.95,1152882,2534303152.0,6.16,2.16,0.46,2.95
1366,2020-08-14,21.49,22.03,22.03,21.25,865835,1912742784.0,3.59,1.47,0.32,2.22
1367,2020-08-17,22.51,23.14,24.05,22.13,1915374,4497731072.0,8.72,5.04,1.11,4.9
1368,2020-08-18,22.91,22.69,23.07,22.55,987144,2283249616.0,2.25,-1.94,-0.45,2.53
1369,2020-08-19,22.53,21.89,22.78,21.84,764281,1737976416.0,4.14,-3.53,-0.8,1.96
1370,2020-08-20,21.67,21.46,21.99,21.3,563052,1238014816.0,3.15,-1.96,-0.43,1.44
1371,2020-08-21,21.68,21.69,21.98,21.28,548049,1205566960.0,3.26,1.07,0.23,1.4
1372,2020-08-24,21.82,21.43,21.82,21.31,459500,1007889264.0,2.35,-1.2,-0.26,1.18
1373,2020-08-25,21.55,21.14,21.98,21.14,579404,1272828112.0,3.92,-1.35,-0.29,1.48
1374,2020-08-26,20.95,21.56,21.99,20.81,1086476,2379157264.0,5.58,1.99,0.42,2.78
1375,2020-08-27,21.4,21.79,22.07,21.0,906809,1999885744.0,4.96,1.07,0.23,2.32
1376,2020-08-28,21.79,22.14,22.31,21.54,959656,2147348624.0,3.53,1.61,0.35,2.46
1377,2020-08-31,22.3,21.53,22.7,21.53,1057564,2400014080.0,5.28,-2.76,-0.61,2.71
1378,2020-09-01,21.44,21.73,21.74,21.3,512383,1121186192.0,2.04,0.93,0.2,1.31
1379,2020-09-02,21.73,22.53,23.05,21.49,1214571,2764206784.0,7.18,3.68,0.8,3.11
1380,2020-09-03,22.46,23.4,24.61,22.34,1958648,4707123456.0,10.08,3.86,0.87,5.01
1381,2020-09-04,22.71,23.76,24.31,22.49,1615301,3905073712.0,7.78,1.54,0.36,4.13
1382,2020-09-07,23.33,22.99,23.99,22.78,1185072,2825214512.0,5.09,-3.24,-0.77,3.03
1383,2020-09-08,23.0,22.97,23.58,22.14,1147851,2661996736.0,6.26,-0.09,-0.02,2.94
1384,2020-09-09,22.35,21.92,22.91,21.75,857957,1953783744.0,5.05,-4.57,-1.05,2.2
1385,2020-09-10,22.27,21.73,22.53,21.67,733820,1655726896.0,3.92,-0.87,-0.19,1.88
1386,2020-09-11,21.26,21.39,21.79,20.95,720643,1562438000.0,3.87,-1.56,-0.34,1.84
1387,2020-09-14,21.48,21.65,21.88,21.19,536582,1175667856.0,3.23,1.22,0.26,1.37
1388,2020-09-15,21.61,21.47,21.68,21.39,399292,873541744.0,1.34,-0.83,-0.18,1.02
1389,2020-09-16,21.48,21.33,21.77,21.19,453501,992913072.0,2.7,-0.65,-0.14,1.16
1390,2020-09-17,21.14,20.94,21.44,20.71,583580,1249217552.0,3.42,-1.83,-0.39,1.49
1391,2020-09-18,20.76,22.66,22.95,20.71,1299248,2887728192.0,10.7,8.21,1.72,3.33
1392,2020-09-21,23.51,22.26,23.79,22.19,1106660,2577912512.0,7.06,-1.77,-0.4,2.83
1393,2020-09-22,21.99,22.22,23.08,21.83,831137,1894257552.0,5.62,-0.18,-0.04,2.13
1394,2020-09-23,22.27,21.78,22.38,21.77,516625,1154434288.0,2.75,-1.98,-0.44,1.32
1395,2020-09-24,21.63,21.51,22.07,21.49,400535,886281680.0,2.66,-1.24,-0.27,1.03
1396,2020-09-25,21.66,22.0,22.31,21.56,562975,1255511376.0,3.49,2.28,0.49,1.44
1397,2020-09-28,21.89,22.08,22.27,21.73,392654,879044768.0,2.45,0.36,0.08,1.01
1398,2020-09-29,22.22,21.97,22.51,21.92,534091,1205665600.0,2.67,-0.5,-0.11,1.37
1399,2020-09-30,21.91,21.56,22.05,21.41,488121,1075156944.0,2.91,-1.87,-0.41,1.25
1400,2020-10-09,21.91,21.61,21.96,21.57,476499,1051129680.0,1.81,0.23,0.05,1.22
1401,2020-10-12,21.74,22.5,22.71,21.65,984420,2231802352.0,4.91,4.12,0.89,2.52
1402,2020-10-13,22.2,21.95,22.28,21.7,692399,1552009824.0,2.58,-2.44,-0.55,1.77
1403,2020-10-14,21.9,21.98,22.36,21.81,512157,1149204544.0,2.51,0.14,0.03,1.31
1404,2020-10-15,22.06,22.22,22.44,21.91,556250,1258491488.0,2.41,1.09,0.24,1.42
1405,2020-10-16,22.34,22.29,22.49,22.11,520595,1181772304.0,1.71,0.32,0.07,1.33
1406,2020-10-19,22.29,21.81,22.57,21.76,561163,1263378480.0,3.63,-2.15,-0.48,1.44
1407,2020-10-20,21.26,21.56,21.66,21.26,442212,964732544.0,1.83,-1.15,-0.25,1.13
1408,2020-10-21,21.56,21.36,21.56,21.32,262280,571318256.0,1.11,-0.93,-0.2,0.67
1409,2020-10-22,21.36,21.51,21.78,21.26,306627,670867264.0,2.43,0.7,0.15,0.78
1410,2020-10-23,21.48,20.84,21.61,20.81,379365,821851824.0,3.72,-3.11,-0.67,0.97
1411,2020-10-26,20.59,18.73,20.59,18.72,1227495,2395481712.0,8.97,-10.12,-2.11,3.14
1412,2020-10-27,18.37,18.57,18.67,18.02,642515,1205682976.0,3.47,-0.85,-0.16,1.64
1413,2020-10-28,18.49,18.22,18.51,18.07,508821,948981392.0,2.37,-1.88,-0.35,1.3
1414,2020-10-29,17.86,18.43,18.64,17.82,547976,1025244704.0,4.5,1.15,0.21,1.4
1415,2020-10-30,18.27,17.6,18.43,17.58,580698,1065906256.0,4.61,-4.5,-0.83,1.49
1416,2020-11-02,17.61,17.44,17.94,17.25,499110,895318160.0,3.92,-0.91,-0.16,1.28
1417,2020-11-03,17.57,18.17,18.71,17.51,753120,1396586288.0,6.88,4.19,0.73,1.93
1418,2020-11-04,18.18,18.14,18.39,17.87,409566,757883968.0,2.86,-0.17,-0.03,1.05
1419,2020-11-05,18.36,18.49,18.71,18.23,483296,911170320.0,2.65,1.93,0.35,1.24
1420,2020-11-06,18.51,18.58,18.92,18.31,626662,1191074624.0,3.3,0.49,0.09,1.6
1421,2020-11-09,18.67,19.35,19.87,18.49,974909,1906775760.0,7.43,4.14,0.77,2.5
1422,2020-11-10,19.51,18.74,19.51,18.63,591620,1146249760.0,4.55,-3.15,-0.61,1.51
1423,2020-11-11,18.74,18.28,18.79,18.19,393358,739597792.0,3.2,-2.45,-0.46,1.01
1424,2020-11-12,18.29,18.16,18.44,18.02,278303,517339856.0,2.3,-0.66,-0.12,0.71
1425,2020-11-13,18.04,18.03,18.16,17.87,250613,461372000.0,1.6,-0.72,-0.13,0.64
1426,2020-11-16,18.21,18.05,18.28,17.86,279125,514366320.0,2.33,0.11,0.02,0.71
1427,2020-11-17,18.05,18.0,18.07,17.66,286946,523679936.0,2.27,-0.28,-0.05,0.73
1428,2020-11-18,18.17,18.74,19.36,18.16,919948,1772765376.0,6.67,4.11,0.74,2.35
1429,2020-11-19,18.41,18.6,18.86,17.97,539156,1011523040.0,4.75,-0.75,-0.14,1.38
1430,2020-11-20,18.49,18.85,19.06,18.46,457520,878364032.0,3.23,1.34,0.25,1.17
1431,2020-11-23,18.69,19.03,19.51,18.66,766089,1494408752.0,4.51,0.95,0.18,1.96
1432,2020-11-24,18.96,18.67,19.1,18.59,455807,875302528.0,2.68,-1.89,-0.36,1.17
1433,2020-11-25,18.86,18.2,18.99,18.18,417945,792432048.0,4.34,-2.52,-0.47,1.07
1434,2020-11-26,18.19,18.24,18.36,18.03,306191,568574000.0,1.81,0.22,0.04,0.78
1435,2020-11-27,18.26,18.61,18.61,18.15,359499,675162432.0,2.52,2.03,0.37,0.92
1436,2020-11-30,18.77,18.81,19.4,18.62,906510,1761945040.0,4.19,1.07,0.2,2.32
1437,2020-12-01,18.61,19.54,19.72,18.53,1052227,2057474096.0,6.33,3.88,0.73,2.69
1438,2020-12-02,19.36,19.3,19.81,19.16,781924,1551262832.0,3.33,-1.23,-0.24,2.0
1439,2020-12-03,19.14,19.27,19.42,18.97,525726,1030355456.0,2.33,-0.16,-0.03,1.35
1440,2020-12-04,19.08,19.04,19.16,18.72,385894,744704656.0,2.28,-1.19,-0.23,0.99
1441,2020-12-07,19.0,18.53,19.04,18.51,392851,752174432.0,2.78,-2.68,-0.51,1.01
1442,2020-12-08,18.52,18.44,18.76,18.34,302963,573575104.0,2.27,-0.49,-0.09,0.78
1443,2020-12-09,18.59,18.11,19.2,17.95,660579,1261080512.0,6.78,-1.79,-0.33,1.69
1444,2020-12-10,17.81,17.93,18.06,17.71,429134,783680112.0,1.93,-0.99,-0.18,1.1
1445,2020-12-11,17.82,17.76,18.03,17.61,365963,665576880.0,2.34,-0.95,-0.17,0.94
1446,2020-12-14,17.79,17.73,17.91,17.64,200395,363113488.0,1.52,-0.17,-0.03,0.51
1447,2020-12-15,17.73,17.75,17.84,17.56,198247,358581424.0,1.58,0.11,0.02,0.51
1448,2020-12-16,17.71,17.66,17.89,17.61,193317,350230560.0,1.58,-0.51,-0.09,0.49
1449,2020-12-17,17.56,17.99,18.03,17.26,442531,801487840.0,4.36,1.87,0.33,1.13
1450,2020-12-18,17.96,18.13,18.73,17.56,529776,977447936.0,6.5,0.78,0.14,1.36
1451,2020-12-21,17.97,18.1,18.29,17.82,341482,630098304.0,2.59,-0.17,-0.03,0.87
1452,2020-12-22,18.01,17.13,18.09,17.05,515610,927097120.0,5.75,-5.36,-0.97,1.32
1453,2020-12-23,17.13,17.08,17.31,16.8,382872,669186352.0,2.98,-0.29,-0.05,0.98
1454,2020-12-24,17.06,16.66,17.26,16.63,306083,530427424.0,3.69,-2.46,-0.42,0.78
1455,2020-12-25,16.67,16.68,16.86,16.34,298588,508457232.0,3.12,0.12,0.02,0.76
1456,2020-12-28,16.56,16.63,16.92,16.46,274986,469426464.0,2.76,-0.3,-0.05,0.7
1457,2020-12-29,16.71,17.06,17.29,16.71,521316,906248592.0,3.49,2.59,0.43,1.33
1458,2020-12-30,16.93,17.23,17.26,16.81,335527,586387792.0,2.64,1.0,0.17,0.86
1459,2020-12-31,17.35,18.13,18.22,17.31,833375,1526882352.0,5.28,5.22,0.9,2.13
1460,2021-01-04,18.18,17.9,18.25,17.71,605949,1110338368.0,2.98,-1.27,-0.23,1.55
1461,2021-01-05,17.81,18.52,18.79,17.69,932244,1739312208.0,6.15,3.46,0.62,2.39
1462,2021-01-06,18.32,17.87,18.6,17.72,809564,1489415680.0,4.75,-3.51,-0.65,2.07
1463,2021-01-07,17.91,18.27,18.36,17.72,681822,1258120848.0,3.58,2.24,0.4,1.75
1464,2021-01-08,18.28,17.93,18.31,17.77,463943,851361408.0,2.96,-1.86,-0.34,1.19
1465,2021-01-11,17.94,17.23,18.03,17.19,494967,890560544.0,4.68,-3.9,-0.7,1.27
1466,2021-01-12,17.01,18.04,18.3,16.87,866045,1561971792.0,8.3,4.7,0.81,2.22
1467,2021-01-13,18.05,18.29,18.92,17.91,1195255,2256340096.0,5.6,1.39,0.25,3.06
1468,2021-01-14,18.34,17.43,18.4,17.41,712191,1292625264.0,5.41,-4.7,-0.86,1.82
1469,2021-01-15,17.31,17.49,17.83,17.26,347780,623918464.0,3.27,0.34,0.06,0.89
1470,2021-01-18,17.42,17.4,17.77,17.24,389382,697583216.0,3.03,-0.51,-0.09,1.0
1471,2021-01-19,17.4,17.33,17.73,17.28,359929,642063904.0,2.59,-0.4,-0.07,0.92
1472,2021-01-20,17.33,17.07,17.46,17.02,360676,635503216.0,2.54,-1.5,-0.26,0.92
1473,2021-01-21,17.09,17.5,17.96,17.0,641028,1145962256.0,5.62,2.52,0.43,1.64
1474,2021-01-22,17.41,17.06,17.72,16.94,562251,989775984.0,4.46,-2.51,-0.44,1.44
1475,2021-01-25,17.02,16.86,17.24,16.71,436127,757011056.0,3.11,-1.17,-0.2,1.12
1476,2021-01-26,16.86,16.16,16.91,16.11,510114,859675872.0,4.74,-4.15,-0.7,1.31
1477,2021-01-27,16.46,16.27,16.8,16.21,391253,660909392.0,3.65,0.68,0.11,1.0
1478,2021-01-28,15.97,16.35,16.54,15.87,330568,551302896.0,4.12,0.49,0.08,0.85
1479,2021-01-29,16.38,16.06,16.46,15.91,285326,471594848.0,3.36,-1.77,-0.29,0.73
1480,2021-02-01,16.16,15.79,16.3,15.78,321146,526319568.0,3.24,-1.68,-0.27,0.82
1481,2021-02-02,16.0,15.95,16.05,15.71,244166,397563648.0,2.15,1.01,0.16,0.62
1482,2021-02-03,15.89,15.85,16.05,15.82,227444,371010176.0,1.44,-0.63,-0.1,0.58
1483,2021-02-04,15.84,15.19,15.84,15.08,410109,644010848.0,4.79,-4.16,-0.66,1.05
1484,2021-02-05,15.2,14.59,15.34,14.55,403604,616171360.0,5.2,-3.95,-0.6,1.03
1485,2021-02-08,14.71,15.29,15.54,14.42,531152,819987552.0,7.68,4.8,0.7,1.36
1486,2021-02-09,15.16,15.53,15.61,14.94,394173,620571936.0,4.38,1.57,0.24,1.01
1487,2021-02-10,15.41,15.44,15.57,15.27,312346,493259968.0,1.93,-0.58,-0.09,0.8
1488,2021-02-18,15.83,15.64,16.01,15.61,334405,539945904.0,2.59,1.3,0.2,0.86
1489,2021-02-19,15.66,16.02,16.04,15.59,322632,524773424.0,2.88,2.43,0.38,0.83
1490,2021-02-22,16.03,15.52,16.37,15.51,463024,758985920.0,5.37,-3.12,-0.5,1.19
1491,2021-02-23,15.32,15.46,15.76,15.32,273057,436067504.0,2.84,-0.39,-0.06,0.7
1492,2021-02-24,15.43,15.41,15.71,15.24,270596,429868864.0,3.04,-0.32,-0.05,0.69
1493,2021-02-25,15.46,15.46,15.69,15.28,271219,431232656.0,2.66,0.32,0.05,0.69
1494,2021-02-26,15.17,15.01,15.39,14.9,329598,511097728.0,3.17,-2.91,-0.45,0.84
1495,2021-03-01,15.1,14.98,15.13,14.87,274131,420538688.0,1.73,-0.2,-0.03,0.7
1496,2021-03-02,14.98,14.77,15.1,14.66,260380,398455872.0,2.94,-1.4,-0.21,0.67
1497,2021-03-03,14.74,15.28,15.35,14.7,347066,538110064.0,4.4,3.45,0.51,0.89
1498,2021-03-04,15.14,15.13,15.61,15.01,406363,636883536.0,3.93,-0.98,-0.15,1.04
1499,2021-03-05,15.16,16.68,16.68,15.12,1404723,2365542864.0,10.31,10.24,1.55,3.6
1500,2021-03-08,16.93,17.03,18.08,16.59,1829222,3227221712.0,8.93,2.1,0.35,4.68
1501,2021-03-09,16.91,17.82,18.36,16.79,1983573,3607836416.0,9.22,4.64,0.79,5.08
1502,2021-03-10,17.31,16.47,17.47,16.27,1619282,2783812368.0,6.73,-7.58,-1.35,4.14
1503,2021-03-11,16.22,16.76,16.96,16.19,1105661,1871913872.0,4.68,1.76,0.29,2.83
1504,2021-03-12,16.61,17.18,18.08,16.17,1478207,2559912256.0,11.4,2.51,0.42,3.78
1505,2021-03-15,16.64,16.6,16.94,16.41,754884,1284232432.0,3.08,-3.38,-0.58,1.93
1506,2021-03-16,16.61,16.27,16.68,16.03,597450,999439472.0,3.92,-1.99,-0.33,1.53
1507,2021-03-17,16.17,16.74,17.12,16.16,856356,1472856464.0,5.9,2.89,0.47,2.19
1508,2021-03-18,16.56,16.75,17.27,16.47,781474,1350153872.0,4.78,0.06,0.01,2.0
1509,2021-03-19,16.58,16.76,17.05,16.51,681204,1171569536.0,3.22,0.06,0.01,1.74
1510,2021-03-22,17.21,17.06,17.41,16.78,839688,1467487824.0,3.76,1.79,0.3,2.15
1511,2021-03-23,16.91,17.48,17.75,16.66,1020304,1796050224.0,6.39,2.46,0.42,2.61
1512,2021-03-24,17.23,17.58,18.75,17.23,1413999,2592072064.0,8.7,0.57,0.1,3.62
1513,2021-03-25,17.32,17.4,18.04,17.31,697125,1253428208.0,4.15,-1.02,-0.18,1.78
1514,2021-03-26,17.36,16.89,17.54,16.82,780377,1359139920.0,4.14,-2.93,-0.51,2.0
1515,2021-03-29,16.91,16.97,17.14,16.69,481834,834375184.0,2.66,0.47,0.08,1.23
1516,2021-03-30,16.91,17.01,17.2,16.81,466034,810688800.0,2.3,0.24,0.04,1.19
1517,2021-03-31,16.95,15.86,17.0,15.86,834117,1397105904.0,6.7,-6.76,-1.15,2.14
1518,2021-04-01,15.81,15.6,15.95,15.33,586310,935921344.0,3.91,-1.64,-0.26,1.5
1519,2021-04-02,15.6,15.77,15.94,15.37,409235,657959616.0,3.65,1.09,0.17,1.05
1520,2021-04-06,15.82,15.75,15.96,15.67,281696,455994864.0,1.84,-0.13,-0.02,0.72
1521,2021-04-07,15.73,15.77,16.0,15.58,290210,469199280.0,2.67,0.13,0.02,0.74
1522,2021-04-08,15.77,15.96,16.27,15.7,506294,831959424.0,3.61,1.2,0.19,1.3
1523,2021-04-09,15.91,15.66,15.93,15.62,298198,481444224.0,1.94,-1.88,-0.3,0.76
1524,2021-04-12,15.55,15.02,15.6,14.97,403102,632217264.0,4.02,-4.09,-0.64,1.03
1525,2021-04-13,15.01,15.63,15.68,14.91,547432,861372944.0,5.13,4.06,0.61,1.4
1526,2021-04-14,15.47,15.58,15.76,15.44,320096,511847296.0,2.05,-0.32,-0.05,0.82
1527,2021-04-15,15.38,15.32,15.56,15.26,257009,405398288.0,1.93,-1.67,-0.26,0.66
1528,2021-04-16,15.36,15.36,15.5,15.25,211292,333053488.0,1.63,0.26,0.04,0.54
1529,2021-04-19,15.31,15.79,15.86,15.22,457561,732846928.0,4.17,2.8,0.43,1.17
1530,2021-04-20,15.71,15.58,15.99,15.57,301031,485208384.0,2.66,-1.33,-0.21,0.77
1531,2021-04-21,15.49,15.52,15.79,15.43,213876,341606032.0,2.31,-0.39,-0.06,0.55
1532,2021-04-22,15.69,15.57,15.84,15.52,293026,470924368.0,2.06,0.32,0.05,0.75
1533,2021-04-23,15.51,15.46,15.7,15.41,241582,384687664.0,1.86,-0.71,-0.11,0.62
1534,2021-04-26,15.34,15.01,15.56,14.94,395665,619031712.0,4.01,-2.91,-0.45,1.01
1535,2021-04-27,14.91,15.0,15.16,14.91,237778,366544320.0,1.67,-0.07,-0.01,0.61
1536,2021-04-28,15.01,14.8,15.05,14.73,288406,440990704.0,2.13,-1.33,-0.2,0.74
1537,2021-04-29,14.81,15.12,15.26,14.66,416999,644522320.0,4.05,2.16,0.32,1.07
1538,2021-04-30,14.92,14.6,15.04,14.53,421011,635451632.0,3.37,-3.44,-0.52,1.08
1539,2021-05-06,14.61,14.15,14.79,14.14,409492,605319792.0,4.45,-3.08,-0.45,1.05
1540,2021-05-07,14.19,14.06,14.24,13.93,278226,401559936.0,2.19,-0.64,-0.09,0.71
1541,2021-05-10,14.01,13.85,14.02,13.58,289874,410943040.0,3.13,-1.49,-0.21,0.74
1542,2021-05-11,13.72,14.25,14.35,13.71,397687,576658832.0,4.62,2.89,0.4,1.02
1543,2021-05-12,14.12,14.25,14.29,14.06,192608,280741600.0,1.61,0.0,0.0,0.49
1544,2021-05-13,14.17,14.18,14.44,14.11,192619,282548128.0,2.32,-0.49,-0.07,0.49
1545,2021-05-14,14.25,15.64,15.64,14.22,1072008,1671466944.0,10.01,10.3,1.46,2.74
1546,2021-05-17,15.41,15.91,16.31,15.41,1247302,2015181696.0,5.75,1.73,0.27,3.19
1547,2021-05-18,15.65,15.58,16.06,15.44,624545,1005162192.0,3.9,-2.07,-0.33,1.6
1548,2021-05-19,15.58,15.53,15.78,15.42,562883,899302240.0,2.31,-0.32,-0.05,1.44
1549,2021-05-20,15.51,15.61,15.96,15.43,813988,1307871376.0,3.41,0.52,0.08,2.08
1550,2021-05-21,15.61,15.15,15.67,15.09,589630,924634832.0,3.72,-2.95,-0.46,1.51
1551,2021-05-24,15.31,15.74,16.12,15.28,1000957,1619034448.0,5.54,3.89,0.59,2.56
1552,2021-05-25,15.81,16.67,16.93,15.81,1490294,2512137664.0,7.12,5.91,0.93,3.81
1553,2021-05-26,16.82,16.39,16.97,16.35,1094843,1864881088.0,3.72,-1.68,-0.28,2.8
1554,2021-05-27,16.31,16.24,16.48,16.11,635349,1057152464.0,2.26,-0.92,-0.15,1.63
1555,2021-05-28,16.23,16.47,16.92,16.13,926752,1565236784.0,4.86,1.42,0.23,2.37
1556,2021-05-31,16.48,16.41,16.53,16.18,524616,877418256.0,2.13,-0.36,-0.06,1.34
1557,2021-06-01,16.21,16.24,16.28,15.92,469917,775770128.0,2.19,-1.04,-0.17,1.2
1558,2021-06-02,16.23,15.89,16.36,15.78,420847,690677296.0,3.57,-2.16,-0.35,1.08
1559,2021-06-03,15.91,15.67,16.2,15.64,423429,692504416.0,3.52,-1.38,-0.22,1.08
1560,2021-06-04,15.62,15.96,16.58,15.57,673359,1105526256.0,6.45,1.85,0.29,1.72
1561,2021-06-07,16.61,17.04,17.6,16.31,1765137,3108330960.0,8.08,6.77,1.08,4.52
1562,2021-06-08,16.97,18.78,18.78,16.97,2023845,3792580176.0,10.62,10.21,1.74,5.18
1563,2021-06-09,19.27,17.46,19.27,17.29,2326650,4244897120.0,10.54,-7.03,-1.32,5.96
1564,2021-06-10,17.43,17.26,17.78,17.17,1186753,2118007968.0,3.49,-1.15,-0.2,3.04
1565,2021-06-11,17.11,16.84,17.46,16.76,877044,1531397536.0,4.06,-2.43,-0.42,2.24
1566,2021-06-15,16.79,16.43,16.81,16.36,618867,1049834432.0,2.67,-2.43,-0.41,1.58
1567,2021-06-16,16.42,16.27,16.58,16.08,746529,1246012304.0,3.04,-0.97,-0.16,1.91
1568,2021-06-17,16.27,16.37,16.47,16.09,562191,939328736.0,2.34,0.61,0.1,1.44
1569,2021-06-18,16.24,16.79,16.81,16.19,678846,1151720128.0,3.79,2.57,0.42,1.74
1570,2021-06-21,16.85,16.63,17.07,16.54,529298,906132608.0,3.16,-0.95,-0.16,1.35
1571,2021-06-22,16.64,16.68,16.88,16.51,437582,746941024.0,2.22,0.3,0.05,1.12
1572,2021-06-23,16.71,16.5,16.8,16.32,473947,802820352.0,2.88,-1.08,-0.18,1.21
1573,2021-06-24,16.45,16.59,16.91,16.38,482033,822809056.0,3.21,0.55,0.09,1.23
1574,2021-06-25,16.62,17.29,17.53,16.45,1128946,1982604016.0,6.51,4.22,0.7,2.89
1575,2021-06-28,17.3,17.01,17.31,16.88,569806,992050256.0,2.49,-1.62,-0.28,1.46
1576,2021-06-29,17.05,17.23,17.71,17.03,843569,1502573936.0,4.0,1.29,0.22,2.16
1577,2021-06-30,17.26,17.5,17.6,16.99,639614,1132876768.0,3.54,1.57,0.27,1.64
1578,2021-07-01,17.79,16.25,18.01,15.99,909715,1574495968.0,11.54,-7.14,-1.25,2.33
1579,2021-07-02,16.16,15.43,16.16,15.41,719100,1157670288.0,4.62,-5.05,-0.82,1.84
1580,2021-07-05,15.44,15.61,15.67,15.32,339172,537681536.0,2.27,1.17,0.18,0.87
1581,2021-07-06,15.76,15.9,16.05,15.61,403883,654426000.0,2.82,1.86,0.29,1.03
1582,2021-07-07,15.73,15.88,15.98,15.71,298065,483715904.0,1.7,-0.13,-0.02,0.76
1583,2021-07-08,15.91,15.58,15.99,15.51,410996,661298528.0,3.02,-1.89,-0.3,1.05
1584,2021-07-09,15.57,15.65,15.72,15.42,303558,480370496.0,1.93,0.45,0.07,0.78
1585,2021-07-12,15.88,16.02,16.33,15.78,566215,923070880.0,3.51,2.36,0.37,1.45
1586,2021-07-13,16.02,15.89,16.02,15.77,313386,504400768.0,1.56,-0.81,-0.13,0.8
1587,2021-07-14,15.83,15.61,15.92,15.59,395220,629578128.0,2.08,-1.76,-0.28,1.01
1588,2021-07-15,15.62,15.91,16.05,15.61,421830,680009808.0,2.82,1.92,0.3,1.08
1589,2021-07-16,16.02,15.89,16.1,15.71,407429,658250784.0,2.45,-0.13,-0.02,1.04
1590,2021-07-19,15.74,15.71,15.86,15.54,289386,460373936.0,2.01,-1.13,-0.18,0.74
1591,2021-07-20,15.62,15.74,15.81,15.56,192304,305835712.0,1.59,0.19,0.03,0.49
1592,2021-07-21,15.74,15.82,16.05,15.73,350488,564153872.0,2.03,0.51,0.08,0.9
1593,2021-07-22,15.76,16.07,16.19,15.75,525138,853944160.0,2.78,1.58,0.25,1.34
1594,2021-07-23,16.07,16.42,17.0,15.88,882887,1470975040.0,6.97,2.18,0.35,2.26
1595,2021-07-26,16.4,15.87,16.73,15.82,698657,1151187360.0,5.54,-3.35,-0.55,1.79
1596,2021-07-27,15.78,15.28,15.92,15.27,579881,914146944.0,4.1,-3.72,-0.59,1.48
1597,2021-07-28,15.17,15.17,15.56,15.08,341125,529469520.0,3.14,-0.72,-0.11,0.87
1598,2021-07-29,15.41,15.34,15.57,15.19,350052,544360704.0,2.5,1.12,0.17,0.9
1599,2021-07-30,15.24,14.89,15.27,14.82,350142,531611712.0,2.93,-2.93,-0.45,0.9
1600,2021-08-02,14.82,15.48,15.85,14.57,617219,961283136.0,8.6,3.96,0.59,1.58
1601,2021-08-03,15.37,15.44,15.87,15.3,495126,781473216.0,3.68,-0.26,-0.04,1.27
1602,2021-08-04,15.36,15.3,15.5,15.09,374133,580152944.0,2.66,-0.91,-0.14,0.96
1603,2021-08-05,15.17,14.98,15.54,14.92,385457,594149360.0,4.05,-2.09,-0.32,0.99
1604,2021-08-06,15.02,15.09,15.17,14.92,223552,341405904.0,1.67,0.73,0.11,0.57
1605,2021-08-09,14.92,15.27,15.46,14.91,385141,598862544.0,3.64,1.19,0.18,0.99
1606,2021-08-10,15.18,15.52,15.54,15.13,443821,692542640.0,2.69,1.64,0.25,1.14
1607,2021-08-11,15.53,15.32,15.7,15.29,399428,626283552.0,2.64,-1.29,-0.2,1.02
1608,2021-08-12,15.24,15.19,15.4,15.15,250175,386897216.0,1.63,-0.85,-0.13,0.64
1609,2021-08-13,15.2,15.05,15.27,14.97,331914,508489552.0,1.97,-0.92,-0.14,0.85
1610,2021-08-16,15.08,15.13,15.34,15.07,344271,531513504.0,1.79,0.53,0.08,0.88
1611,2021-08-17,15.13,15.0,15.63,14.97,570546,886379456.0,4.36,-0.86,-0.13,1.46
1612,2021-08-18,14.87,15.87,15.97,14.87,1193130,1886056064.0,7.33,5.8,0.87,3.05
1613,2021-08-19,15.77,15.53,16.23,15.5,817370,1307487408.0,4.6,-2.14,-0.34,2.09
1614,2021-08-20,15.41,15.38,15.62,15.1,507239,790349440.0,3.35,-0.97,-0.15,1.3
1615,2021-08-23,15.38,15.4,15.6,15.24,404360,631594912.0,2.34,0.13,0.02,1.04
1616,2021-08-24,15.42,15.53,15.69,15.22,620713,974227312.0,3.05,0.84,0.13,1.59
1617,2021-08-25,15.52,15.97,16.48,15.38,825411,1336536096.0,7.08,2.83,0.44,2.11
1618,2021-08-26,15.91,16.14,16.45,15.79,912380,1497434928.0,4.13,1.06,0.17,2.34
1619,2021-08-27,16.15,15.84,16.29,15.73,574745,928615808.0,3.47,-1.86,-0.3,1.47
1620,2021-08-30,15.84,15.47,15.94,15.4,552802,873121056.0,3.41,-2.34,-0.37,1.42
1621,2021-08-31,15.36,15.67,15.82,15.3,510402,805849616.0,3.36,1.29,0.2,1.31
1622,2021-09-01,15.63,16.47,17.04,15.49,1318470,2184986240.0,9.89,5.11,0.8,3.37
1623,2021-09-02,16.36,17.02,17.26,16.28,1441841,2472803632.0,5.95,3.34,0.55,3.69
1624,2021-09-03,17.77,16.55,18.0,16.5,1225016,2109347232.0,8.81,-2.76,-0.47,3.14
1625,2021-09-06,16.55,16.69,16.97,16.52,844465,1432252528.0,2.72,0.85,0.14,2.16
1626,2021-09-07,16.62,16.86,16.96,16.36,842417,1420708176.0,3.59,1.02,0.17,2.16
1627,2021-09-08,16.87,16.85,17.39,16.78,777627,1342152800.0,3.62,-0.06,-0.01,1.99
1628,2021-09-09,16.57,16.74,16.8,16.48,508202,856856032.0,1.9,-0.65,-0.11,1.3
1629,2021-09-10,16.74,16.93,17.35,16.73,798368,1377214576.0,3.7,1.14,0.19,2.04
1630,2021-09-13,16.87,16.82,17.12,16.66,563390,964190336.0,2.72,-0.65,-0.11,1.44
1631,2021-09-14,16.85,16.21,16.9,16.17,649731,1083255776.0,4.34,-3.63,-0.61,1.66
1632,2021-09-15,16.21,16.19,16.35,16.07,344038,565398832.0,1.73,-0.12,-0.02,0.88
1633,2021-09-16,16.21,15.99,16.31,15.93,389028,634750528.0,2.35,-1.24,-0.2,1.0
1634,2021-09-17,16.06,16.14,16.19,15.89,334839,545374464.0,1.88,0.94,0.15,0.86
1635,2021-09-22,15.81,15.85,15.94,15.67,351638,564300512.0,1.67,-1.8,-0.29,0.9
1636,2021-09-23,15.92,15.94,16.12,15.82,297876,481904672.0,1.89,0.57,0.09,0.76
1637,2021-09-24,15.96,15.6,16.01,15.58,306153,489700928.0,2.7,-2.13,-0.34,0.78
1638,2021-09-27,15.57,15.46,15.75,15.38,258374,408404144.0,2.37,-0.9,-0.14,0.66
1639,2021-09-28,15.52,15.56,15.7,15.46,187597,296566768.0,1.55,0.65,0.1,0.48
1640,2021-09-29,15.44,15.27,15.46,15.07,298238,462156352.0,2.51,-1.86,-0.29,0.76
1641,2021-09-30,15.35,15.3,15.37,15.23,159921,248365433.0,0.92,0.2,0.03,0.41
1642,2021-10-08,15.49,15.52,15.56,15.41,166056,261010755.0,0.98,1.44,0.22,0.43
1643,2021-10-11,15.59,15.6,15.96,15.53,243399,388141744.0,2.77,0.52,0.08,0.62
1644,2021-10-12,15.46,15.32,15.53,15.18,223384,347292736.0,2.24,-1.79,-0.28,0.57
1645,2021-10-13,15.34,15.54,15.61,15.28,164064,257287264.0,2.15,1.44,0.22,0.42
1646,2021-10-14,15.53,15.45,15.57,15.35,134822,211533722.0,1.42,-0.58,-0.09,0.35
1647,2021-10-15,15.35,15.4,15.52,15.31,136505,213575164.0,1.36,-0.32,-0.05,0.35
1648,2021-10-18,15.4,15.51,15.58,15.35,141501,222331306.0,1.49,0.71,0.11,0.36
1649,2021-10-19,15.55,15.58,15.72,15.51,217752,345178352.0,1.35,0.45,0.07,0.56
1650,2021-10-20,15.65,15.52,15.69,15.5,143944,227697742.0,1.22,-0.39,-0.06,0.37
1651,2021-10-21,15.52,15.5,15.72,15.39,204476,322324768.0,2.13,-0.13,-0.02,0.52
1652,2021-10-22,15.55,15.81,16.04,15.49,391776,627662608.0,3.55,2.0,0.31,1.0
1653,2021-10-25,15.77,15.94,15.98,15.61,342595,549000816.0,2.34,0.82,0.13,0.88
1654,2021-10-26,15.85,15.61,15.92,15.57,269652,429812096.0,2.2,-2.07,-0.33,0.69
1655,2021-10-27,15.59,15.37,15.71,15.34,234523,368624160.0,2.37,-1.54,-0.24,0.6
1656,2021-10-28,15.29,15.19,15.47,15.17,194888,302907792.0,1.95,-1.17,-0.18,0.5
1657,2021-10-29,14.97,15.0,15.14,14.72,310929,471191904.0,2.76,-1.25,-0.19,0.8
1658,2021-11-01,14.83,15.04,15.16,14.83,172755,263755361.0,2.2,0.27,0.04,0.44
1659,2021-11-02,15.0,14.77,15.15,14.66,226274,341499472.0,3.26,-1.8,-0.27,0.58
1660,2021-11-03,14.77,14.64,14.86,14.57,200822,298885280.0,1.96,-0.88,-0.13,0.51
1661,2021-11-04,14.67,14.4,14.79,14.36,339909,501440400.0,2.94,-1.64,-0.24,0.87
1662,2021-11-05,14.32,14.31,14.46,14.28,211850,309042304.0,1.25,-0.63,-0.09,0.54
1663,2021-11-08,14.28,14.53,14.62,14.23,179862,264025403.0,2.73,1.54,0.22,0.46
1664,2021-11-09,14.53,14.6,14.67,14.5,145163,215228462.0,1.17,0.48,0.07,0.37
1665,2021-11-10,14.6,14.62,14.64,14.48,129888,192019648.0,1.1,0.14,0.02,0.33
1666,2021-11-11,14.64,14.87,14.94,14.59,268156,403761920.0,2.39,1.71,0.25,0.69
1667,2021-11-12,14.91,14.79,14.91,14.71,148076,222241146.0,1.34,-0.54,-0.08,0.38
1668,2021-11-15,14.85,14.75,14.89,14.68,146042,218763092.0,1.42,-0.27,-0.04,0.37
1669,2021-11-16,14.74,14.64,14.83,14.62,148195,221282807.0,1.42,-0.75,-0.11,0.38
1670,2021-11-17,14.64,14.67,14.76,14.62,106940,159315683.0,0.96,0.2,0.03,0.27
1671,2021-11-18,14.47,14.36,14.55,14.31,230412,337228896.0,1.64,-2.11,-0.31,0.59
1672,2021-11-19,14.36,14.66,14.75,14.32,211478,312985184.0,2.99,2.09,0.3,0.54
1673,2021-11-22,14.67,14.65,14.71,14.45,235792,349717648.0,1.77,-0.07,-0.01,0.6
1674,2021-11-23,14.61,14.66,14.9,14.57,247935,371586896.0,2.25,0.07,0.01,0.63
1675,2021-11-24,14.63,14.62,14.75,14.55,172436,256138530.0,1.36,-0.27,-0.04,0.44
1676,2021-11-25,14.67,14.66,14.74,14.58,143341,213503404.0,1.09,0.27,0.04,0.37
1677,2021-11-26,14.65,14.62,14.72,14.57,137225,204153385.0,1.02,-0.27,-0.04,0.35
1678,2021-11-29,14.51,14.35,14.51,14.3,236676,346130064.0,1.44,-1.85,-0.27,0.61
1679,2021-11-30,14.35,14.22,14.47,14.22,179418,261517871.0,1.74,-0.91,-0.13,0.46
1680,2021-12-01,14.23,14.45,14.51,14.22,183402,268399941.0,2.04,1.62,0.23,0.47
1681,2021-12-02,14.45,14.51,14.6,14.38,199108,293652720.0,1.52,0.42,0.06,0.51
1682,2021-12-03,14.48,14.63,14.68,14.48,188291,279211360.0,1.38,0.83,0.12,0.48
1683,2021-12-06,14.73,14.65,15.1,14.62,463734,700905552.0,3.28,0.14,0.02,1.19
1684,2021-12-07,14.89,14.66,14.92,14.62,257434,385360592.0,2.05,0.07,0.01,0.66
1685,2021-12-08,14.77,14.79,14.79,14.52,278324,415016864.0,1.84,0.89,0.13,0.71
1686,2021-12-09,14.77,15.11,15.36,14.72,662952,1014511856.0,4.33,2.16,0.32,1.7
1687,2021-12-10,14.97,15.02,15.11,14.91,344710,524833216.0,1.32,-0.6,-0.09,0.88
1688,2021-12-13,15.21,14.92,15.4,14.88,448764,690174320.0,3.46,-0.67,-0.1,1.15
1689,2021-12-14,14.79,14.77,14.91,14.7,265707,398920912.0,1.41,-1.01,-0.15,0.68
1690,2021-12-15,14.77,14.85,15.02,14.74,207635,313794608.0,1.9,0.54,0.08,0.53
1691,2021-12-16,14.89,14.93,14.96,14.8,190098,287480000.0,1.08,0.54,0.08,0.49
1692,2021-12-17,14.94,15.0,15.31,14.88,409114,626401200.0,2.88,0.47,0.07,1.05
1693,2021-12-20,14.94,14.75,15.14,14.72,263872,400022976.0,2.8,-1.67,-0.25,0.68
1694,2021-12-21,14.77,14.93,14.95,14.67,271521,408862640.0,1.9,1.22,0.18,0.7
1695,2021-12-22,14.93,14.75,14.96,14.74,192232,289100304.0,1.47,-1.21,-0.18,0.49
1696,2021-12-23,14.75,14.65,14.81,14.59,196640,293030128.0,1.49,-0.68,-0.1,0.5
1697,2021-12-24,14.65,14.57,14.74,14.57,149462,222228303.0,1.16,-0.55,-0.08,0.38
1698,2021-12-27,14.57,14.6,14.66,14.54,120614,178725356.0,0.82,0.21,0.03,0.31
1699,2021-12-28,14.62,14.69,14.71,14.56,153937,228758221.0,1.03,0.62,0.09,0.39
1700,2021-12-29,14.73,14.59,14.75,14.58,134450,199722162.0,1.16,-0.68,-0.1,0.34
1701,2021-12-30,14.6,14.67,14.87,14.48,220179,328407520.0,2.67,0.55,0.08,0.56
1702,2021-12-31,14.68,14.7,14.75,14.63,157595,234963786.0,0.82,0.2,0.03,0.4
1703,2022-01-04,14.7,14.74,14.78,14.61,184859,275660560.0,1.16,0.27,0.04,0.47
1704,2022-01-05,14.74,14.7,14.93,14.67,321917,482872896.0,1.76,-0.27,-0.04,0.82
1705,2022-01-06,14.65,14.47,14.65,14.43,302986,446657056.0,1.5,-1.56,-0.23,0.78
1706,2022-01-07,14.52,14.49,14.59,14.48,163364,240984836.0,0.76,0.14,0.02,0.42
1707,2022-01-10,14.42,14.48,14.51,14.35,155001,227319082.0,1.1,-0.07,-0.01,0.4
1708,2022-01-11,14.47,14.48,14.58,14.43,143255,211152373.0,1.04,0.0,0.0,0.37
1709,2022-01-12,14.51,14.53,14.55,14.44,135206,199023176.0,0.76,0.35,0.05,0.35
1710,2022-01-13,14.54,14.44,14.62,14.42,164484,242638211.0,1.38,-0.62,-0.09,0.42
1711,2022-01-14,14.37,14.24,14.37,14.22,245353,355866960.0,1.04,-1.39,-0.2,0.63
1712,2022-01-17,14.21,14.26,14.35,14.2,124514,180381583.0,1.05,0.14,0.02,0.32
1713,2022-01-18,14.27,14.29,14.38,14.21,155749,226046867.0,1.19,0.21,0.03,0.4
1714,2022-01-19,14.29,14.23,14.35,14.19,149266,216302714.0,1.12,-0.42,-0.06,0.38
1715,2022-01-20,14.23,14.43,14.47,14.21,276941,404315024.0,1.83,1.41,0.2,0.71
1716,2022-01-21,14.43,14.31,14.49,14.25,176744,257525433.0,1.66,-0.83,-0.12,0.45
1717,2022-01-24,14.27,14.27,14.4,14.22,107662,156462912.0,1.26,-0.28,-0.04,0.28
1718,2022-01-25,14.23,13.79,14.3,13.79,209352,298997392.0,3.57,-3.36,-0.48,0.54
1719,2022-01-26,13.72,13.93,14.03,13.72,136971,193271568.0,2.25,1.02,0.14,0.35
1720,2022-01-27,13.88,13.55,13.95,13.54,178667,249521386.0,2.94,-2.73,-0.38,0.46
1721,2022-01-28,13.62,13.5,13.75,13.47,152282,210336494.0,2.07,-0.37,-0.05,0.39
1722,2022-02-07,13.67,13.64,13.71,13.59,113955,158024913.0,0.89,1.04,0.14,0.29
1723,2022-02-08,13.65,13.89,13.9,13.6,139690,195465448.0,2.2,1.83,0.25,0.36
1724,2022-02-09,13.84,14.01,14.14,13.82,152381,216800665.0,2.3,0.86,0.12,0.39
1725,2022-02-10,14.01,14.03,14.06,13.92,103137,146830518.0,1.0,0.14,0.02,0.26
1726,2022-02-11,14.05,13.92,14.14,13.89,163552,232776983.0,1.78,-0.78,-0.11,0.42
1727,2022-02-14,13.85,13.65,13.89,13.62,168672,235374239.0,1.94,-1.94,-0.27,0.43
1728,2022-02-15,13.65,13.69,13.74,13.65,79575,110813017.0,0.66,0.29,0.04,0.2
1729,2022-02-16,13.75,13.72,13.82,13.69,70892,99065624.0,0.95,0.22,0.03,0.18
1730,2022-02-17,13.72,13.67,13.78,13.64,88439,123137269.0,1.02,-0.36,-0.05,0.23
1731,2022-02-18,13.65,13.74,13.75,13.6,81202,113048039.0,1.1,0.51,0.07,0.21
1732,2022-02-21,13.77,13.86,13.87,13.72,118707,166385715.0,1.09,0.87,0.12,0.3
1733,2022-02-22,13.77,13.67,13.81,13.61,113573,158167877.0,1.44,-1.37,-0.19,0.29
1734,2022-02-23,13.67,13.76,13.77,13.66,101092,141090323.0,0.8,0.66,0.09,0.26
1735,2022-02-24,13.7,13.18,13.74,12.97,310365,421567472.0,5.6,-4.22,-0.58,0.79
1736,2022-02-25,13.31,13.21,13.42,13.16,137970,186465801.0,1.97,0.23,0.03,0.35
1737,2022-02-28,13.17,13.09,13.25,12.98,119985,159510298.0,2.04,-0.91,-0.12,0.31
1738,2022-03-01,13.1,13.26,13.33,13.1,113580,152596935.0,1.76,1.3,0.17,0.29
1739,2022-03-02,13.18,13.25,13.27,13.14,85899,115433866.0,0.98,-0.08,-0.01,0.22
1740,2022-03-03,13.26,13.21,13.35,13.18,90974,122742101.0,1.28,-0.3,-0.04,0.23
1741,2022-03-04,13.16,13.06,13.17,13.03,114976,153157580.0,1.06,-1.14,-0.15,0.29
1742,2022-03-07,12.97,12.76,13.05,12.67,196969,257588007.0,2.91,-2.3,-0.3,0.5
1743,2022-03-08,12.77,12.49,12.86,12.49,173568,224286413.0,2.9,-2.12,-0.27,0.44
1744,2022-03-09,12.55,12.12,12.58,11.45,321766,394624736.0,9.05,-2.96,-0.37,0.82
1745,2022-03-10,12.26,11.94,12.31,11.93,236506,291315120.0,3.14,-1.49,-0.18,0.61
1746,2022-03-11,11.8,12.43,12.47,11.64,336874,413910640.0,6.95,4.1,0.49,0.86
1747,2022-03-14,12.18,12.46,12.73,12.13,374907,478388800.0,4.83,0.24,0.03,0.96
1748,2022-03-15,12.36,12.09,12.78,12.02,338740,429212480.0,6.1,-2.97,-0.37,0.87
1749,2022-03-16,12.11,12.72,12.88,11.97,422867,537051664.0,7.53,5.21,0.63,1.08
1750,2022-03-17,12.78,12.58,12.85,12.56,345528,445879136.0,2.28,-1.1,-0.14,0.88
1751,2022-03-18,12.58,12.56,12.7,12.44,207868,265703767.0,2.07,-0.16,-0.02,0.53
1752,2022-03-21,12.52,12.4,12.58,12.28,194586,246071784.0,2.39,-1.27,-0.16,0.5
1753,2022-03-22,12.34,12.4,12.52,12.33,137073,173355517.0,1.53,0.0,0.0,0.35
1754,2022-03-23,12.43,12.33,12.46,12.3,107327,135214459.0,1.29,-0.56,-0.07,0.27
1755,2022-03-24,12.33,12.14,12.33,12.13,145949,181337819.0,1.62,-1.54,-0.19,0.37
1756,2022-03-25,12.17,12.03,12.3,12.0,138980,171858666.0,2.47,-0.91,-0.11,0.36
1757,2022-03-28,11.97,12.06,12.13,11.82,151960,185618887.0,2.58,0.25,0.03,0.39
1758,2022-03-29,12.06,11.94,12.15,11.9,110903,136003895.0,2.07,-1.0,-0.12,0.28
1759,2022-03-30,12.01,12.29,12.42,11.99,223670,278533408.0,3.6,2.93,0.35,0.57
1760,2022-03-31,12.24,12.23,12.38,12.18,156867,196399566.0,1.63,-0.49,-0.06,0.4
1761,2022-04-01,12.2,12.57,12.58,12.12,297075,375556192.0,3.76,2.78,0.34,0.76
1762,2022-04-06,12.47,12.5,12.63,12.43,177650,226254501.0,1.59,-0.56,-0.07,0.45
1763,2022-04-07,12.42,12.18,12.54,12.17,191601,241026886.0,2.96,-2.56,-0.32,0.49
1764,2022-04-08,12.19,12.34,12.44,12.02,182141,227107923.0,3.45,1.31,0.16,0.47
1765,2022-04-11,12.36,12.14,12.56,12.08,254965,320571104.0,3.89,-1.62,-0.2,0.65
1766,2022-04-12,12.05,12.74,13.1,12.03,458218,589547424.0,8.81,4.94,0.6,1.17
1767,2022-04-13,12.62,12.46,12.76,12.45,289328,371282528.0,2.43,-2.2,-0.28,0.74
1768,2022-04-14,12.63,12.67,12.92,12.55,276482,358618816.0,2.97,1.69,0.21,0.71
1769,2022-04-15,12.56,12.56,12.78,12.48,215004,276070464.0,2.37,-0.87,-0.11,0.55
1770,2022-04-18,12.28,12.19,12.3,12.03,197891,245524609.0,2.15,-2.95,-0.37,0.51
1771,2022-04-19,12.19,12.13,12.23,12.02,139255,172077779.0,1.72,-0.49,-0.06,0.36
1772,2022-04-20,11.48,11.62,11.79,11.48,302428,358871792.0,2.56,-4.2,-0.51,0.77
1773,2022-04-21,11.51,11.55,11.84,11.47,197923,234661764.0,3.18,-0.6,-0.07,0.51
1774,2022-04-22,11.55,11.64,11.77,11.53,151502,180432467.0,2.08,0.78,0.09,0.39
1775,2022-04-25,11.37,11.27,11.76,11.27,238402,279437568.0,4.21,-3.18,-0.37,0.61
1776,2022-04-26,11.19,10.5,11.3,10.27,355545,392629104.0,9.14,-6.83,-0.77,0.91
1777,2022-04-27,10.43,10.79,10.94,10.37,219368,238493853.0,5.43,2.76,0.29,0.56
1778,2022-04-28,10.66,10.52,10.73,10.45,162089,175201853.0,2.59,-2.5,-0.27,0.41
1779,2022-04-29,10.88,11.15,11.23,10.79,363026,409151280.0,4.18,5.99,0.63,0.93
1780,2022-05-05,10.97,11.03,11.16,10.93,178357,200797191.0,2.06,-1.08,-0.12,0.46
1781,2022-05-06,10.87,10.79,10.96,10.75,136480,151396234.0,1.9,-2.18,-0.24,0.35
1782,2022-05-09,10.77,10.83,10.89,10.74,82628,91421416.0,1.39,0.37,0.04,0.21
1783,2022-05-10,10.72,11.03,11.07,10.68,151137,168716678.0,3.6,1.85,0.2,0.39
1784,2022-05-11,11.05,11.05,11.28,10.99,234289,266480593.0,2.63,0.18,0.02,0.6
1785,2022-05-12,10.97,11.03,11.16,10.95,123055,138676810.0,1.9,-0.18,-0.02,0.31
1786,2022-05-13,11.07,11.07,11.14,10.99,102154,115363679.0,1.36,0.36,0.04,0.26
1787,2022-05-16,11.16,11.05,11.17,11.01,102069,115396201.0,1.45,-0.18,-0.02,0.26
1788,2022-05-17,11.05,11.07,11.13,10.92,96870,108994556.0,1.9,0.18,0.02,0.25
1789,2022-05-18,11.12,11.11,11.21,11.03,132120,150160411.0,1.63,0.36,0.04,0.34
1790,2022-05-19,11.0,11.03,11.04,10.92,125137,140230357.0,1.08,-0.72,-0.08,0.32
1791,2022-05-20,11.05,11.18,11.25,11.05,178076,202668188.0,1.81,1.36,0.15,0.46
1792,2022-05-23,11.18,11.22,11.24,11.09,141098,160901710.0,1.34,0.36,0.04,0.36
1793,2022-05-24,11.22,10.8,11.3,10.78,191421,215892507.0,4.63,-3.74,-0.42,0.49
1794,2022-05-25,10.78,10.85,10.93,10.77,123612,136776252.0,1.48,0.46,0.05,0.32
1795,2022-05-26,10.86,11.15,11.3,10.79,260800,295204320.0,4.7,2.76,0.3,0.67
1796,2022-05-27,11.26,11.17,11.37,11.08,252998,289948192.0,2.6,0.18,0.02,0.65
1797,2022-05-30,11.21,11.12,11.24,11.05,135263,153845892.0,1.7,-0.45,-0.05,0.35
1798,2022-05-31,11.13,11.32,11.32,11.06,241045,275932720.0,2.34,1.8,0.2,0.62
1799,2022-06-01,11.27,11.25,11.34,11.17,160377,184186795.0,1.5,-0.62,-0.07,0.41
1800,2022-06-02,11.21,11.33,11.38,11.14,162908,187488532.0,2.13,0.71,0.08,0.42
1801,2022-06-06,11.29,11.48,11.54,11.27,276665,322488368.0,2.38,1.32,0.15,0.71
1802,2022-06-07,11.49,11.55,11.81,11.44,340795,403982016.0,3.22,0.61,0.07,0.87
1803,2022-06-08,11.53,12.73,12.73,11.52,1430832,1820031952.0,10.48,10.22,1.18,3.66
1804,2022-06-09,13.25,14.03,14.03,13.12,1777622,2505320240.0,7.15,10.21,1.3,4.55
1805,2022-06-10,14.27,15.46,15.46,13.6,2964833,4434435584.0,13.26,10.19,1.43,7.59
1806,2022-06-13,15.45,16.24,16.87,15.28,3042518,4988182528.0,10.28,5.05,0.78,7.79
1807,2022-06-14,15.79,17.89,17.89,15.79,2806074,4829068288.0,12.93,10.16,1.65,7.18
1808,2022-06-15,19.7,19.7,19.7,19.34,1044265,2080742976.0,2.01,10.12,1.81,2.67
1809,2022-06-16,20.77,18.26,21.62,18.16,6098528,12444308736.0,17.56,-7.31,-1.44,15.61
1810,2022-06-17,17.77,16.82,18.26,16.51,5325709,9279284992.0,9.58,-7.89,-1.44,13.63
1811,2022-06-20,16.7,16.41,16.92,16.21,3057976,5119326976.0,4.22,-2.44,-0.41,7.83
1812,2022-06-21,16.46,16.55,16.87,16.32,2812043,4735966720.0,3.35,0.85,0.14,7.2
1813,2022-06-22,16.25,15.84,16.75,15.8,2843329,4657604352.0,5.74,-4.29,-0.71,7.28
1814,2022-06-23,15.56,16.43,16.84,15.48,3417163,5582336000.0,8.59,3.72,0.59,8.75
1815,2022-06-24,16.15,16.39,17.1,15.81,3053277,5091735040.0,7.85,-0.24,-0.04,7.82
1816,2022-06-27,16.57,16.01,16.69,15.94,2086088,3429723904.0,4.58,-2.32,-0.38,5.34
1817,2022-06-28,16.03,16.27,16.54,15.78,2168004,3528088944.0,4.75,1.62,0.26,5.55
1818,2022-06-29,15.97,15.52,16.34,15.48,1927006,3110348720.0,5.29,-4.61,-0.75,4.93
1819,2022-06-30,15.46,15.53,15.8,15.38,1437454,2275720160.0,2.71,0.06,0.01,3.68
1820,2022-07-01,15.58,15.14,15.75,15.07,1357620,2115719488.0,4.38,-2.51,-0.39,3.48
1821,2022-07-04,15.09,15.29,15.41,14.93,1001144,1541224608.0,3.17,0.99,0.15,2.56
1822,2022-07-05,15.35,15.18,15.4,14.85,961821,1475935072.0,3.6,-0.72,-0.11,2.46
1823,2022-07-06,15.26,15.4,15.71,15.12,1855909,2908875328.0,3.89,1.45,0.22,4.75
1824,2022-07-07,15.12,15.01,15.25,14.87,1077139,1646021376.0,2.47,-2.53,-0.39,2.76
1825,2022-07-08,14.99,14.8,15.17,14.74,954374,1448764567.0,2.86,-1.4,-0.21,2.44
1826,2022-07-11,14.72,14.85,15.07,14.67,831305,1257029845.0,2.7,0.34,0.05,2.13
1827,2022-07-12,14.87,15.28,15.65,14.81,1640917,2539856791.0,5.66,2.9,0.43,4.2
1828,2022-07-13,15.07,15.0,15.23,14.9,976941,1489906283.0,2.16,-1.83,-0.28,2.5
1829,2022-07-14,14.89,14.91,15.14,14.83,673512,1023806924.0,2.07,-0.6,-0.09,1.72
1830,2022-07-15,14.83,14.74,15.15,14.74,890223,1352065585.0,2.75,-1.14,-0.17,2.28
1831,2022-07-18,14.72,14.99,15.06,14.71,705987,1069675624.0,2.37,1.7,0.25,1.81
1832,2022-07-19,14.95,14.98,15.12,14.78,696357,1054641182.0,2.27,-0.07,-0.01,1.78
1833,2022-07-20,15.0,14.92,15.08,14.84,558697,847678425.0,1.6,-0.4,-0.06,1.43
1834,2022-07-21,14.85,14.45,14.87,14.4,861499,1282253352.0,3.15,-3.15,-0.47,2.21
1835,2022-07-22,14.53,14.68,15.07,14.51,1021452,1536820560.0,3.88,1.59,0.23,2.61
1836,2022-07-25,14.59,14.54,14.76,14.43,487835,721053139.0,2.25,-0.95,-0.14,1.25
1837,2022-07-26,14.5,14.58,14.68,14.44,386514,571565324.0,1.65,0.28,0.04,0.99
1838,2022-07-27,14.49,14.59,14.72,14.45,455642,676025324.0,1.85,0.07,0.01,1.17
1839,2022-07-28,14.72,14.88,15.27,14.7,1254364,1912947300.0,3.91,1.99,0.29,3.21
1840,2022-07-29,14.98,14.93,15.16,14.78,904902,1375273325.0,2.55,0.34,0.05,2.32
1841,2022-08-01,14.77,14.55,14.81,14.1,871487,1273911097.0,4.76,-2.55,-0.38,2.23
1842,2022-08-02,14.27,13.74,14.32,13.53,886562,1251744844.0,5.43,-5.57,-0.81,2.27
1843,2022-08-03,13.77,13.82,14.13,13.77,662107,939187111.0,2.62,0.58,0.08,1.69
1844,2022-08-04,13.89,13.95,14.1,13.84,463995,658341869.0,1.88,0.94,0.13,1.19
1845,2022-08-05,14.0,14.24,14.28,13.91,560253,790334102.0,2.65,2.08,0.29,1.43
1846,2022-08-08,14.1,14.41,14.49,14.07,491507,701389965.0,2.95,1.19,0.17,1.26
1847,2022-08-09,14.33,14.31,14.54,14.28,348730,500747210.0,1.8,-0.69,-0.1,0.89
1848,2022-08-10,14.26,14.24,14.51,14.17,382278,547610005.0,2.38,-0.49,-0.07,0.98
1849,2022-08-11,14.4,15.66,15.66,14.34,1773737,2685020444.0,9.27,9.97,1.42,4.54
1850,2022-08-12,16.0,15.9,16.48,15.56,2632325,4230857410.0,5.87,1.53,0.24,6.74
1851,2022-08-15,15.47,15.47,15.89,15.4,1247135,1943273129.0,3.08,-2.7,-0.43,3.19
1852,2022-08-16,15.6,15.68,15.97,15.57,905020,1422224100.0,2.59,1.36,0.21,2.32
1853,2022-08-17,15.71,16.54,17.07,15.48,2242989,3681524328.0,10.14,5.48,0.86,5.74
1854,2022-08-18,16.2,16.16,16.44,16.07,1209087,1959635769.0,2.24,-2.3,-0.38,3.09
1855,2022-08-19,16.15,16.2,16.57,16.1,1174949,1920400876.0,2.91,0.25,0.04,3.01
1856,2022-08-22,16.01,15.87,16.16,15.8,767883,1222956513.0,2.22,-2.04,-0.33,1.97
1857,2022-08-23,15.89,16.11,16.56,15.75,1308704,2119231938.0,5.1,1.51,0.24,3.35
1858,2022-08-24,15.95,15.85,16.85,15.84,1698686,2775191589.0,6.27,-1.61,-0.26,4.35
1859,2022-08-25,16.01,15.89,16.25,15.39,1396208,2200210726.0,5.43,0.25,0.04,3.57
1860,2022-08-26,15.8,15.61,15.98,15.51,707516,1113401300.0,2.96,-1.76,-0.28,1.81
1861,2022-08-29,15.35,15.52,15.7,15.31,526818,815962281.0,2.5,-0.58,-0.09,1.35
1862,2022-08-30,15.57,15.72,15.87,15.38,730221,1141899317.0,3.16,1.29,0.2,1.87
1863,2022-08-31,15.62,16.04,16.33,15.58,1371761,2200386845.0,4.77,2.04,0.32,3.51
1864,2022-09-01,15.9,15.84,16.11,15.75,682580,1085802725.0,2.24,-1.25,-0.2,1.75
1865,2022-09-02,15.88,15.85,16.08,15.63,640571,1013036109.0,2.84,0.06,0.01,1.64
1866,2022-09-05,15.84,16.12,16.15,15.76,632658,1010748933.0,2.46,1.7,0.27,1.62
1867,2022-09-06,16.29,16.14,16.29,15.95,768684,1238224865.0,2.11,0.12,0.02,1.97
1868,2022-09-07,16.01,15.7,16.04,15.68,726997,1150621343.0,2.23,-2.73,-0.44,1.86
1869,2022-09-08,15.8,15.43,15.83,15.42,546071,851159750.0,2.61,-1.72,-0.27,1.4
1870,2022-09-09,15.51,15.64,15.84,15.43,703950,1104718816.0,2.66,1.36,0.21,1.8
1871,2022-09-13,15.71,15.58,15.78,15.53,457018,714227982.0,1.6,-0.38,-0.06,1.17
1872,2022-09-14,15.28,15.0,15.39,14.84,843126,1270201504.0,3.53,-3.72,-0.58,2.16
1873,2022-09-15,15.06,14.89,15.27,14.81,539760,812909939.0,3.07,-0.73,-0.11,1.38
1874,2022-09-16,14.81,14.22,14.87,14.2,751870,1082581094.0,4.5,-4.5,-0.67,1.92
1875,2022-09-19,14.3,14.15,14.33,14.01,330405,466647589.0,2.25,-0.49,-0.07,0.85
1876,2022-09-20,14.25,14.17,14.3,14.1,281973,399974849.0,1.41,0.14,0.02,0.72
1877,2022-09-21,14.1,14.22,14.3,13.89,331464,468808026.0,2.89,0.35,0.05,0.85
1878,2022-09-22,14.1,14.27,14.42,14.07,389368,555370487.0,2.46,0.35,0.05,1.0
1879,2022-09-23,14.22,14.0,14.35,13.9,413932,585418529.0,3.15,-1.89,-0.27,1.06
1880,2022-09-26,13.94,13.72,13.95,13.66,349005,481702198.0,2.07,-2.0,-0.28,0.89
1881,2022-09-27,13.8,13.83,13.87,13.6,315205,433112204.0,1.97,0.8,0.11,0.81
1882,2022-09-28,13.78,13.33,13.78,13.2,366124,495584884.0,4.19,-3.62,-0.5,0.94
1883,2022-09-29,13.46,13.32,13.6,13.26,327763,440632804.0,2.55,-0.08,-0.01,0.84
1884,2022-09-30,13.37,13.15,13.49,13.13,269420,358180622.0,2.7,-1.28,-0.17,0.69
1885,2022-10-10,13.16,13.01,13.25,12.98,278835,365974403.0,2.05,-1.06,-0.14,0.71
1886,2022-10-11,13.1,13.14,13.5,12.96,384335,506319697.0,4.15,1.0,0.13,0.98
1887,2022-10-12,13.13,13.43,13.46,13.03,392233,520366185.0,3.27,2.21,0.29,1.0
1888,2022-10-13,13.3,13.42,13.56,13.27,373444,501228496.0,2.16,-0.07,-0.01,0.96
1889,2022-10-14,13.59,13.62,13.85,13.58,514326,703395043.0,2.01,1.49,0.2,1.32
1890,2022-10-17,13.52,13.83,14.18,13.48,536993,743007760.0,5.14,1.54,0.21,1.37
1891,2022-10-18,13.9,13.84,14.14,13.71,439205,609688679.0,3.11,0.07,0.01,1.12
1892,2022-10-19,13.81,13.68,13.91,13.65,316797,435463915.0,1.88,-1.16,-0.16,0.81
1893,2022-10-20,13.66,13.69,13.97,13.6,417160,573463529.0,2.7,0.07,0.01,1.07
1894,2022-10-21,14.28,13.79,14.48,13.78,817781,1154545356.0,5.11,0.73,0.1,2.09
1895,2022-10-24,13.78,13.82,14.35,13.53,689260,962076894.0,5.95,0.22,0.03,1.76
1896,2022-10-25,13.63,13.39,13.74,13.11,509409,682967315.0,4.56,-3.11,-0.43,1.3
1897,2022-10-26,13.45,13.51,13.73,13.33,443508,599396054.0,2.99,0.9,0.12,1.14
1898,2022-10-27,13.51,13.59,13.86,13.47,470611,642995419.0,2.89,0.59,0.08,1.2
1899,2022-10-28,13.6,14.01,14.64,13.57,1424923,2017172847.0,7.87,3.09,0.42,3.65
1900,2022-10-31,13.6,14.02,14.24,13.56,781794,1090096749.0,4.85,0.07,0.01,2.0
1901,2022-11-01,14.03,14.42,14.44,13.98,819595,1169540692.0,3.28,2.85,0.4,2.1
1902,2022-11-02,14.38,14.4,14.47,14.13,732796,1046232311.0,2.36,-0.14,-0.02,1.88
1903,2022-11-03,14.21,14.27,14.34,14.16,404548,576516780.0,1.25,-0.9,-0.13,1.04
1904,2022-11-04,14.27,14.69,15.06,14.25,1041935,1523646816.0,5.68,2.94,0.42,2.67
1905,2022-11-07,14.47,14.61,14.74,14.46,593472,865487100.0,1.91,-0.54,-0.08,1.52
1906,2022-11-08,14.59,14.47,14.67,14.35,402648,582268533.0,2.19,-0.96,-0.14,1.03
1907,2022-11-09,14.48,14.34,14.57,14.34,314327,453103708.0,1.59,-0.9,-0.13,0.8
1908,2022-11-10,14.28,14.46,14.62,14.18,440948,636518246.0,3.07,0.84,0.12,1.13
1909,2022-11-11,14.99,15.09,15.59,14.58,1372154,2058606513.0,6.98,4.36,0.63,3.51
1910,2022-11-14,15.04,15.42,16.28,14.92,1507254,2340166558.0,9.01,2.19,0.33,3.86
1911,2022-11-15,15.27,16.96,16.96,15.27,2505358,4132350515.0,10.96,9.99,1.54,6.41
1912,2022-11-16,16.89,16.22,16.93,16.14,1670256,2763745424.0,4.66,-4.36,-0.74,4.28
1913,2022-11-17,16.15,16.4,16.55,16.13,1328891,2172255185.0,2.59,1.11,0.18,3.4
1914,2022-11-18,16.22,15.75,16.34,15.69,1266750,2013028047.0,3.96,-3.96,-0.65,3.24
1915,2022-11-21,15.6,15.49,15.66,15.34,560233,866685359.0,2.03,-1.65,-0.26,1.43
1916,2022-11-22,15.46,15.56,15.9,15.44,902999,1414471257.0,2.97,0.45,0.07,2.31
1917,2022-11-23,15.46,15.36,15.64,15.2,606711,934391698.0,2.83,-1.29,-0.2,1.55
1918,2022-11-24,15.99,15.47,15.99,15.39,726724,1136850401.0,3.91,0.72,0.11,1.86
1919,2022-11-25,15.37,15.71,15.88,15.34,859264,1348480064.0,3.49,1.55,0.24,2.2
1920,2022-11-28,15.15,15.37,15.44,15.0,690531,1050170143.0,2.8,-2.16,-0.34,1.77
1921,2022-11-29,15.4,16.35,16.76,15.4,1643923,2653380717.0,8.85,6.38,0.98,4.21
1922,2022-11-30,16.38,16.17,16.75,16.03,1232554,2019039187.0,4.4,-1.1,-0.18,3.15
1923,2022-12-01,16.52,16.1,16.95,16.1,1347922,2226525456.0,5.26,-0.43,-0.07,3.45
1924,2022-12-02,16.02,15.89,16.35,15.8,730662,1168776802.0,3.42,-1.3,-0.21,1.87
1925,2022-12-05,16.16,16.44,16.5,16.06,1204965,1966497384.0,2.77,3.46,0.55,3.08
1926,2022-12-06,16.2,16.24,16.55,16.13,759216,1237719353.0,2.55,-1.22,-0.2,1.94
1927,2022-12-07,16.13,16.01,16.27,15.83,673687,1078233536.0,2.71,-1.42,-0.23,1.72
1928,2022-12-08,16.01,15.87,16.03,15.75,425415,674578876.0,1.75,-0.87,-0.14,1.09
1929,2022-12-09,15.85,16.06,16.11,15.61,698933,1110162587.0,3.15,1.2,0.19,1.79
1930,2022-12-12,15.9,15.52,15.92,15.51,591806,925193012.0,2.55,-3.36,-0.54,1.51
1931,2022-12-13,15.46,15.5,15.65,15.46,332038,516045652.0,1.22,-0.13,-0.02,0.85
1932,2022-12-14,15.61,15.62,15.72,15.38,487032,757769626.0,2.19,0.77,0.12,1.25
1933,2022-12-15,15.52,15.42,15.62,15.34,364218,561894401.0,1.79,-1.28,-0.2,0.93
1934,2022-12-16,15.3,15.55,15.75,15.28,429061,666207712.0,3.05,0.84,0.13,1.1
1935,2022-12-19,15.55,15.12,15.72,15.0,499559,764317119.0,4.63,-2.77,-0.43,1.28
1936,2022-12-20,15.02,15.16,15.28,14.98,336134,509015724.0,1.98,0.26,0.04,0.86
1937,2022-12-21,15.18,15.07,15.24,14.9,292691,440556175.0,2.24,-0.59,-0.09,0.75
1938,2022-12-22,15.2,14.88,15.29,14.8,386118,581923178.0,3.25,-1.26,-0.19,0.99
1939,2022-12-23,14.76,15.04,15.18,14.72,340159,510698393.0,3.09,1.08,0.16,0.87
1940,2022-12-26,14.99,15.07,15.11,14.8,316660,473903278.0,2.06,0.2,0.03,0.81
1941,2022-12-27,15.16,15.28,15.44,15.07,473859,723433838.0,2.46,1.39,0.21,1.21
1942,2022-12-28,15.15,14.95,15.18,14.95,364693,547818814.0,1.51,-2.16,-0.33,0.93
1943,2022-12-29,14.85,14.83,15.01,14.77,342244,508385228.0,1.61,-0.8,-0.12,0.88
1944,2022-12-30,14.9,14.87,15.03,14.86,239756,357765883.0,1.15,0.27,0.04,0.61
