,日期,开盘,收盘,最高,最低,成交量,成交额,振幅,涨跌幅,涨跌额,换手率
0,2017-06-26,11.61,11.61,11.61,11.61,2577,3136757.0,0.0,47.15,3.72,0.08
1,2017-06-27,12.83,12.83,12.83,12.83,1237,1656678.0,0.0,10.51,1.22,0.04
2,2017-06-28,14.17,14.17,14.17,14.17,11494,16930971.0,0.0,10.44,1.34,0.34
3,2017-06-29,15.63,15.64,15.64,15.32,435718,704517472.0,2.26,10.37,1.47,13.07
4,2017-06-30,16.23,16.45,17.22,15.78,1778721,3011118560.0,9.21,5.18,0.81,53.36
5,2017-07-03,16.0,16.3,16.41,15.8,940222,1565011792.0,3.71,-0.91,-0.15,28.21
6,2017-07-04,16.29,16.64,17.56,16.29,1077687,1878355440.0,7.79,2.09,0.34,32.33
7,2017-07-05,16.51,18.36,18.36,16.42,1522427,2771258048.0,11.66,10.34,1.72,45.67
8,2017-07-06,18.39,18.15,18.62,17.46,1372075,2538616672.0,6.32,-1.14,-0.21,41.16
9,2017-07-07,17.8,18.0,18.43,17.47,1122033,2065992992.0,5.29,-0.83,-0.15,33.66
10,2017-07-10,17.55,17.03,17.87,16.84,929583,1664286272.0,5.72,-5.39,-0.97,27.89
11,2017-07-11,16.92,17.14,17.72,16.91,813055,1457528368.0,4.76,0.65,0.11,24.39
12,2017-07-12,16.84,16.81,17.08,16.31,648789,1116933552.0,4.49,-1.93,-0.33,19.46
13,2017-07-13,16.54,16.79,17.19,16.44,590174,1023352816.0,4.46,-0.12,-0.02,17.71
14,2017-07-14,16.67,17.2,17.62,16.64,698736,1244795920.0,5.84,2.44,0.41,20.96
15,2017-07-17,17.06,15.48,17.3,15.42,783729,1301901056.0,10.93,-10.0,-1.72,23.51
16,2017-07-18,15.31,15.54,15.73,15.06,502921,802457504.0,4.33,0.39,0.06,15.09
17,2017-07-19,15.4,16.61,16.64,15.07,857135,1415051136.0,10.1,6.89,1.07,25.71
18,2017-07-20,16.36,16.14,16.68,16.08,634402,1073226992.0,3.61,-2.83,-0.47,19.03
19,2017-07-21,16.01,15.68,16.32,15.59,423106,697251072.0,4.52,-2.85,-0.46,12.69
20,2017-07-24,15.62,15.79,15.89,15.5,329512,536450640.0,2.49,0.7,0.11,9.89
21,2017-07-25,15.74,15.57,15.96,15.47,288093,467872528.0,3.1,-1.39,-0.22,8.64
22,2017-07-26,15.54,15.45,15.78,15.15,347956,557087792.0,4.05,-0.77,-0.12,10.44
23,2017-07-27,15.34,15.96,16.53,15.12,615607,1009364848.0,9.13,3.3,0.51,18.47
24,2017-07-28,15.76,15.5,15.82,15.34,393829,635964848.0,3.01,-2.88,-0.46,11.81
25,2017-07-31,15.5,15.78,15.93,15.36,386434,628401024.0,3.68,1.81,0.28,11.59
26,2017-08-01,15.83,16.12,16.61,15.8,659111,1108038304.0,5.13,2.15,0.34,19.77
27,2017-08-02,15.94,16.89,17.54,15.84,969411,1667729312.0,10.55,4.78,0.77,29.08
28,2017-08-03,16.76,16.63,16.99,16.47,569757,983229856.0,3.08,-1.54,-0.26,17.09
29,2017-08-04,16.55,17.33,18.1,16.51,957107,1713694368.0,9.56,4.21,0.7,28.71
30,2017-08-07,17.39,17.56,18.31,17.25,747402,1362194784.0,6.12,1.33,0.23,22.42
31,2017-08-08,17.25,18.2,18.24,16.85,919915,1660474816.0,7.92,3.64,0.64,27.6
32,2017-08-09,17.93,17.32,18.09,17.26,688518,1252452016.0,4.56,-4.84,-0.88,20.66
33,2017-08-10,17.14,18.1,19.11,17.05,980372,1841477120.0,11.89,4.5,0.78,29.41
34,2017-08-11,17.56,16.98,18.32,16.74,855962,1552881616.0,8.73,-6.19,-1.12,25.68
35,2017-08-14,16.94,17.34,17.52,16.76,518278,919404832.0,4.48,2.12,0.36,15.55
36,2017-08-15,17.21,17.29,17.69,17.05,462560,827590336.0,3.69,-0.29,-0.05,13.88
37,2017-08-16,17.19,17.82,18.22,16.91,804723,1468263616.0,7.58,3.07,0.53,24.14
38,2017-08-17,17.54,18.13,18.23,17.46,720582,1322929712.0,4.32,1.74,0.31,21.62
39,2017-08-18,17.92,17.69,18.08,17.57,504457,926672672.0,2.81,-2.43,-0.44,15.13
40,2017-08-21,17.59,18.4,18.5,17.57,750188,1401030160.0,5.26,4.01,0.71,22.51
41,2017-08-22,18.64,18.19,18.92,18.14,817823,1561426928.0,4.24,-1.14,-0.21,24.53
42,2017-08-23,18.14,18.38,19.02,17.79,908591,1721906304.0,6.76,1.04,0.19,27.26
43,2017-08-24,18.02,17.63,18.32,17.48,655566,1207569856.0,4.57,-4.08,-0.75,19.67
44,2017-08-25,17.51,19.45,19.45,17.49,1173305,2264235936.0,11.12,10.32,1.82,35.2
45,2017-08-28,20.44,21.45,21.45,20.06,1325324,2837892896.0,7.15,10.28,2.0,39.76
46,2017-08-29,22.54,21.65,23.02,21.5,1860987,4269879936.0,7.09,0.93,0.2,55.83
47,2017-08-30,21.36,21.66,22.72,21.26,1316483,2965977488.0,6.74,0.05,0.01,39.49
48,2017-08-31,21.29,22.48,22.82,21.29,1129377,2564190864.0,7.06,3.79,0.82,33.88
49,2017-09-01,22.39,22.26,22.52,21.74,932194,2112027248.0,3.47,-0.98,-0.22,27.97
50,2017-09-04,22.04,22.36,22.79,21.6,781606,1776928880.0,5.35,0.45,0.1,23.45
51,2017-09-05,22.24,22.69,23.63,22.1,1069959,2506298736.0,6.84,1.48,0.33,32.1
52,2017-09-06,22.25,22.44,22.93,21.89,682450,1558100576.0,4.58,-1.1,-0.25,20.47
53,2017-09-07,22.41,22.24,22.78,22.14,600647,1376961760.0,2.85,-0.89,-0.2,18.02
54,2017-09-08,22.34,22.38,22.63,22.04,550204,1262051392.0,2.65,0.63,0.14,16.51
55,2017-09-11,22.03,21.88,22.29,21.66,569383,1279784032.0,2.82,-2.23,-0.5,17.08
56,2017-09-12,21.89,22.19,22.93,21.89,748091,1712414080.0,4.75,1.42,0.31,22.44
57,2017-09-13,21.94,21.85,22.12,21.49,415500,928549664.0,2.84,-1.53,-0.34,12.47
58,2017-09-14,21.99,21.85,22.41,21.74,447953,1013703232.0,3.07,0.0,0.0,13.44
59,2017-09-15,21.92,22.32,22.86,21.64,786202,1806232576.0,5.58,2.15,0.47,23.59
60,2017-09-18,22.23,23.03,23.59,22.12,888603,2093968432.0,6.59,3.18,0.71,26.66
61,2017-09-19,22.64,22.22,22.79,21.95,576111,1318421008.0,3.65,-3.52,-0.81,17.28
62,2017-09-20,22.24,22.43,22.52,22.05,378164,864659536.0,2.12,0.95,0.21,11.34
63,2017-09-21,22.34,22.06,22.79,22.04,461279,1060145200.0,3.34,-1.65,-0.37,13.84
64,2017-09-22,21.74,20.78,21.76,20.75,561448,1216221488.0,4.58,-5.8,-1.28,16.84
65,2017-09-25,20.46,19.71,20.48,19.5,430291,882401072.0,4.72,-5.15,-1.07,12.91
66,2017-09-26,19.7,19.93,19.95,19.56,234996,477590320.0,1.98,1.12,0.22,7.05
67,2017-09-27,19.93,19.78,20.0,19.66,222238,452863072.0,1.71,-0.75,-0.15,6.67
68,2017-09-28,19.77,20.02,20.21,19.7,288000,591259840.0,2.58,1.21,0.24,8.64
69,2017-09-29,20.09,20.74,20.94,20.09,396230,840742912.0,4.25,3.6,0.72,11.89
70,2017-10-09,21.43,20.51,21.6,20.44,316397,675030736.0,5.59,-1.11,-0.23,9.49
71,2017-10-10,20.26,20.62,20.83,20.07,252429,528872960.0,3.71,0.54,0.11,7.57
72,2017-10-11,20.6,20.4,20.6,20.26,171707,360274640.0,1.65,-1.07,-0.22,5.15
73,2017-10-12,20.38,20.03,20.56,19.76,193387,400902448.0,3.92,-1.81,-0.37,5.8
74,2017-10-13,20.07,20.13,20.27,19.9,153503,316754400.0,1.85,0.5,0.1,4.61
75,2017-10-16,20.02,19.69,20.46,19.64,223074,461031440.0,4.07,-2.19,-0.44,6.69
76,2017-10-17,19.62,18.79,19.63,18.77,348369,683439904.0,4.37,-4.57,-0.9,10.45
77,2017-10-18,18.79,18.1,19.03,18.02,274499,524069664.0,5.38,-3.67,-0.69,8.23
78,2017-10-19,18.04,17.62,18.23,17.48,262555,479076256.0,4.14,-2.65,-0.48,7.88
79,2017-10-20,17.64,17.94,17.98,17.59,181884,334014368.0,2.21,1.82,0.32,5.46
80,2017-10-23,17.95,18.08,18.09,17.66,172184,317966800.0,2.4,0.78,0.14,5.17
81,2017-10-24,18.04,18.18,18.42,17.95,228567,429753888.0,2.6,0.55,0.1,6.86
82,2017-10-25,18.01,18.05,18.08,17.73,213429,394434320.0,1.93,-0.72,-0.13,6.4
83,2017-10-26,17.95,18.48,18.73,17.81,326853,620462672.0,5.1,2.38,0.43,9.81
84,2017-10-27,18.3,18.18,18.56,18.12,172624,326075200.0,2.38,-1.62,-0.3,5.18
85,2017-10-30,17.94,16.7,17.94,16.45,367652,645280064.0,8.2,-8.14,-1.48,11.03
86,2017-10-31,16.64,16.69,16.85,16.45,189954,326710800.0,2.4,-0.06,-0.01,5.7
87,2017-11-01,16.74,16.7,17.07,16.64,177790,309184352.0,2.58,0.06,0.01,5.33
88,2017-11-02,16.55,16.85,17.13,16.15,298972,515814016.0,5.87,0.9,0.15,8.97
89,2017-11-03,16.76,16.82,16.92,16.66,160333,278075312.0,1.54,-0.18,-0.03,4.81
90,2017-11-06,16.75,16.88,16.91,16.64,128652,223056641.0,1.61,0.36,0.06,3.86
91,2017-11-07,16.87,17.21,17.43,16.74,288953,511350272.0,4.09,1.95,0.33,8.67
92,2017-11-08,17.09,17.64,18.38,16.94,465043,847927360.0,8.37,2.5,0.43,13.95
93,2017-11-09,17.44,17.56,17.72,17.34,204211,368995520.0,2.15,-0.45,-0.08,6.13
94,2017-11-10,17.59,17.82,18.13,17.46,291640,535750848.0,3.82,1.48,0.26,8.75
95,2017-11-13,17.82,17.64,18.1,17.55,208896,382645632.0,3.09,-1.01,-0.18,6.27
96,2017-11-14,17.73,17.28,17.75,17.24,185426,332788032.0,2.89,-2.04,-0.36,5.56
97,2017-11-15,17.29,17.3,17.6,17.19,153713,275908784.0,2.37,0.12,0.02,4.61
98,2017-11-16,17.18,16.63,17.22,16.61,200746,350144336.0,3.53,-3.87,-0.67,6.02
99,2017-11-17,16.55,15.63,16.73,15.59,233678,389564752.0,6.86,-6.01,-1.0,7.01
100,2017-11-20,15.29,15.34,15.49,14.65,186673,291600448.0,5.37,-1.86,-0.29,5.6
101,2017-11-21,15.29,15.97,16.29,15.2,299868,494383808.0,7.11,4.11,0.63,9.0
102,2017-11-22,15.93,15.63,16.21,15.5,209787,343642848.0,4.45,-2.13,-0.34,6.29
103,2017-11-23,15.63,14.97,15.82,14.94,163318,261043613.0,5.63,-4.22,-0.66,4.9
104,2017-11-24,15.04,15.11,15.26,14.94,114009,178578616.0,2.14,0.94,0.14,3.42
105,2017-11-27,15.22,15.12,15.4,14.9,125069,196526145.0,3.31,0.07,0.01,3.75
106,2017-11-28,15.24,15.52,15.53,15.12,143749,228705782.0,2.71,2.65,0.4,4.31
107,2017-11-29,15.53,15.91,16.14,15.26,243731,395868240.0,5.67,2.51,0.39,7.31
108,2017-11-30,15.69,15.74,16.18,15.65,209072,344205424.0,3.33,-1.07,-0.17,6.27
109,2017-12-01,15.79,15.93,16.21,15.74,181975,301313168.0,2.99,1.21,0.19,5.46
110,2017-12-04,15.64,15.18,15.8,15.04,198830,318450240.0,4.77,-4.71,-0.75,5.96
111,2017-12-05,15.18,14.99,15.41,14.9,144705,226923678.0,3.36,-1.25,-0.19,4.34
112,2017-12-06,14.93,15.55,15.63,14.93,190503,302385152.0,4.67,3.74,0.56,5.72
113,2017-12-07,15.36,15.46,15.72,15.36,150561,242378957.0,2.32,-0.58,-0.09,4.52
114,2017-12-08,15.44,15.69,15.78,15.44,185654,301246784.0,2.2,1.49,0.23,5.57
115,2017-12-11,15.68,15.79,15.82,15.54,132086,215033385.0,1.78,0.64,0.1,3.96
116,2017-12-12,15.8,15.35,15.83,15.34,134816,217506883.0,3.1,-2.79,-0.44,4.04
117,2017-12-13,15.29,15.53,15.63,15.1,108287,172973280.0,3.45,1.17,0.18,3.25
118,2017-12-14,15.54,15.47,15.61,15.24,120062,191499002.0,2.38,-0.39,-0.06,3.6
119,2017-12-15,15.34,15.44,15.63,15.3,115602,185345779.0,2.13,-0.19,-0.03,3.47
120,2017-12-18,15.42,15.5,15.6,15.29,81279,130037035.0,2.01,0.39,0.06,2.44
121,2017-12-19,15.5,15.75,15.8,15.5,174962,284185792.0,1.94,1.61,0.25,5.25
122,2017-12-20,15.74,15.52,15.74,15.35,143290,230779375.0,2.48,-1.46,-0.23,4.3
123,2017-12-21,15.52,15.81,16.11,15.36,235627,386200880.0,4.83,1.87,0.29,7.07
124,2017-12-22,15.7,15.76,15.93,15.65,124504,203643833.0,1.77,-0.32,-0.05,3.74
125,2017-12-25,15.7,15.4,15.83,15.39,136502,219839751.0,2.79,-2.28,-0.36,4.1
126,2017-12-26,15.4,15.83,15.84,15.35,176029,285417520.0,3.18,2.79,0.43,5.28
127,2017-12-27,15.94,15.73,16.0,15.6,167749,273793648.0,2.53,-0.63,-0.1,5.03
128,2017-12-28,15.65,16.05,16.72,15.65,309959,517918112.0,6.8,2.03,0.32,9.3
129,2017-12-29,15.92,16.06,16.13,15.88,158486,262232738.0,1.56,0.06,0.01,4.75
130,2018-01-02,16.21,16.09,16.31,16.0,160973,268626784.0,1.93,0.19,0.03,4.83
131,2018-01-03,16.2,16.29,16.41,15.88,256239,429500496.0,3.29,1.24,0.2,7.69
132,2018-01-04,16.17,16.05,16.24,15.99,172431,286689056.0,1.53,-1.47,-0.24,5.17
133,2018-01-05,16.0,16.01,16.33,15.94,166560,277852832.0,2.43,-0.25,-0.04,5.0
134,2018-01-08,15.94,16.12,16.39,15.77,197598,328946560.0,3.87,0.69,0.11,5.93
135,2018-01-09,16.04,15.85,16.18,15.81,124562,205081948.0,2.3,-1.67,-0.27,3.74
136,2018-01-10,15.75,15.9,16.33,15.75,179694,297994176.0,3.66,0.32,0.05,5.39
137,2018-01-11,15.74,15.75,15.86,15.56,134178,218247378.0,1.89,-0.94,-0.15,4.03
138,2018-01-12,15.72,15.74,15.97,15.65,121245,198576277.0,2.03,-0.06,-0.01,3.64
139,2018-01-15,15.71,14.93,15.71,14.9,194589,307333168.0,5.15,-5.15,-0.81,5.84
140,2018-01-16,14.79,15.48,15.6,14.79,162780,255089864.0,5.43,3.68,0.55,4.88
141,2018-01-17,15.64,16.93,17.08,15.64,860135,1486444880.0,9.3,9.37,1.45,25.8
142,2018-01-18,16.44,16.64,16.75,16.26,490850,838722736.0,2.89,-1.71,-0.29,14.73
143,2018-01-19,16.6,17.36,18.26,16.44,748842,1336875552.0,10.94,4.33,0.72,22.47
144,2018-01-22,17.14,17.25,17.59,16.86,381795,676004976.0,4.21,-0.63,-0.11,11.45
145,2018-01-23,17.25,17.39,17.51,17.07,286734,512118512.0,2.55,0.81,0.14,8.6
146,2018-01-24,17.49,17.44,17.89,16.85,494324,889289680.0,5.98,0.29,0.05,14.83
147,2018-01-25,17.22,16.75,17.23,16.74,294424,516475824.0,2.81,-3.96,-0.69,8.83
148,2018-01-26,16.62,16.78,17.11,16.55,198650,346922016.0,3.34,0.18,0.03,5.96
149,2018-01-29,16.84,16.76,17.07,16.55,170721,295932576.0,3.1,-0.12,-0.02,5.12
150,2018-01-30,16.66,16.69,16.96,16.55,135848,235094410.0,2.45,-0.42,-0.07,4.08
151,2018-01-31,16.53,15.57,16.71,15.34,280667,464073168.0,8.21,-6.71,-1.12,8.42
152,2018-02-01,15.45,14.51,15.64,14.39,286724,447212704.0,8.03,-6.81,-1.06,8.6
153,2018-02-02,14.42,14.46,14.59,13.79,161506,239548131.0,5.51,-0.34,-0.05,4.85
154,2018-02-05,14.04,14.55,14.73,13.92,123622,185463821.0,5.6,0.62,0.09,3.71
155,2018-02-06,14.3,13.04,14.3,13.04,214262,307011488.0,8.66,-10.38,-1.51,6.43
156,2018-02-07,13.46,13.02,13.54,12.56,179735,245987621.0,7.52,-0.15,-0.02,5.39
157,2018-02-08,12.95,13.15,13.22,12.92,108085,147867758.0,2.3,1.0,0.13,3.24
158,2018-02-09,12.68,12.12,12.91,11.92,194288,251927106.0,7.53,-7.83,-1.03,5.83
159,2018-02-12,12.26,12.32,12.47,12.04,116801,150205538.0,3.55,1.65,0.2,3.5
160,2018-02-13,12.39,12.28,12.64,12.26,122120,159241122.0,3.08,-0.32,-0.04,3.66
161,2018-02-14,12.28,12.32,12.39,12.09,81297,104337460.0,2.44,0.33,0.04,2.44
162,2018-02-22,12.5,12.57,12.64,12.37,100968,132137735.0,2.19,2.03,0.25,3.03
163,2018-02-23,12.57,12.61,12.74,12.48,100139,131987428.0,2.07,0.32,0.04,3.0
164,2018-02-26,12.74,13.1,13.17,12.55,191372,257278916.0,4.92,3.89,0.49,5.74
165,2018-02-27,13.04,12.86,13.08,12.84,119602,161233628.0,1.83,-1.83,-0.24,3.59
166,2018-02-28,12.7,12.91,13.15,12.46,159241,212708947.0,5.37,0.39,0.05,4.78
167,2018-03-01,12.7,12.95,13.0,12.64,106589,143199239.0,2.79,0.31,0.04,3.2
168,2018-03-02,12.79,12.85,13.05,12.74,119990,161763318.0,2.39,-0.77,-0.1,3.6
169,2018-03-05,12.8,12.82,12.99,12.79,77137,103480495.0,1.56,-0.23,-0.03,2.31
170,2018-03-06,12.93,13.2,13.31,12.86,220291,300936400.0,3.51,2.96,0.38,6.61
171,2018-03-07,13.14,12.97,13.25,12.91,142330,194124118.0,2.58,-1.74,-0.23,4.27
172,2018-03-08,12.99,13.01,13.08,12.92,84392,114250296.0,1.23,0.31,0.04,2.53
173,2018-03-09,13.02,13.37,13.42,12.99,214063,295070160.0,3.31,2.77,0.36,6.42
174,2018-03-12,13.68,13.49,13.79,13.39,207159,292387200.0,2.99,0.9,0.12,6.21
175,2018-03-13,13.42,13.15,13.42,13.11,160175,221322653.0,2.3,-2.52,-0.34,4.81
176,2018-03-14,13.07,13.11,13.29,13.04,89722,122995223.0,1.9,-0.3,-0.04,2.69
177,2018-03-15,13.02,12.77,13.05,12.6,127295,170466112.0,3.43,-2.59,-0.34,3.82
178,2018-03-16,12.8,12.74,13.03,12.73,82210,110419946.0,2.35,-0.23,-0.03,2.47
179,2018-03-19,12.74,12.76,12.91,12.65,74500,99370543.0,2.04,0.16,0.02,2.23
180,2018-03-20,12.64,12.65,12.74,12.51,83556,110143272.0,1.8,-0.86,-0.11,2.51
181,2018-03-21,12.61,12.72,13.31,12.61,230691,312593408.0,5.53,0.55,0.07,6.92
182,2018-03-22,12.72,12.68,12.94,12.65,135237,180370309.0,2.28,-0.31,-0.04,4.06
183,2018-03-23,12.04,11.66,12.26,11.44,220872,274534592.0,6.47,-8.04,-1.02,6.63
184,2018-03-26,11.47,11.76,11.78,11.13,108311,130351847.0,5.57,0.86,0.1,3.25
185,2018-03-27,11.83,11.99,12.08,11.82,116661,145921718.0,2.21,1.96,0.23,3.5
186,2018-03-28,11.72,11.8,12.13,11.65,93959,117008350.0,4.0,-1.58,-0.19,2.82
187,2018-03-29,11.92,12.14,12.32,11.85,190932,242569300.0,3.98,2.88,0.34,5.73
188,2018-03-30,12.12,12.18,12.28,12.03,129774,164651534.0,2.06,0.33,0.04,3.89
189,2018-04-02,12.15,12.21,12.59,12.1,156599,201963508.0,4.02,0.25,0.03,4.7
190,2018-04-03,11.95,12.03,12.18,11.77,107557,134951559.0,3.36,-1.47,-0.18,3.23
191,2018-04-04,12.1,11.91,12.29,11.89,100231,127067437.0,3.33,-1.0,-0.12,3.01
192,2018-04-09,11.83,12.0,12.06,11.58,104340,129638040.0,4.03,0.76,0.09,3.13
193,2018-04-10,12.03,12.29,12.37,11.96,150283,191883673.0,3.42,2.42,0.29,4.51
194,2018-04-11,12.34,12.27,12.36,12.16,112142,143753875.0,1.63,-0.16,-0.02,3.36
195,2018-04-12,12.29,12.18,12.43,12.15,104650,134403528.0,2.28,-0.73,-0.09,3.14
196,2018-04-13,12.29,12.23,12.49,12.18,118268,152389997.0,2.55,0.41,0.05,3.55
197,2018-04-16,12.04,11.7,12.12,11.69,123564,153645740.0,3.52,-4.33,-0.53,3.71
198,2018-04-17,11.81,11.63,11.99,11.54,106290,131380218.0,3.85,-0.6,-0.07,3.19
199,2018-04-18,11.87,11.86,11.93,11.6,91148,112610603.0,2.84,1.98,0.23,2.73
200,2018-04-19,11.79,11.88,12.05,11.74,95061,118315666.0,2.61,0.17,0.02,2.85
201,2018-04-20,11.81,11.4,11.87,11.35,104454,126976629.0,4.38,-4.04,-0.48,3.13
202,2018-04-23,11.44,11.48,11.59,11.26,56899,68174936.0,2.89,0.7,0.08,1.71
203,2018-04-24,11.49,11.78,11.79,11.49,91289,111770770.0,2.61,2.61,0.3,2.74
204,2018-04-25,11.69,11.65,11.74,11.58,65641,80181564.0,1.36,-1.1,-0.13,1.97
205,2018-04-26,11.65,11.18,11.72,11.12,88175,105628905.0,5.15,-4.03,-0.47,2.65
206,2018-04-27,11.28,11.3,11.46,11.1,72010,85211519.0,3.22,1.07,0.12,2.16
207,2018-05-02,11.45,11.34,11.57,11.2,57306,68499720.0,3.27,0.35,0.04,1.72
208,2018-05-03,11.4,11.67,11.69,11.26,125414,152325515.0,3.79,2.91,0.33,3.76
209,2018-05-04,11.57,11.48,11.62,11.45,71279,86063165.0,1.46,-1.63,-0.19,2.14
210,2018-05-07,11.58,11.62,11.67,11.54,68785,83731855.0,1.13,1.22,0.14,2.06
211,2018-05-08,11.58,11.68,11.73,11.55,86104,105023480.0,1.55,0.52,0.06,2.58
212,2018-05-09,11.65,11.55,11.67,11.5,68825,83402836.0,1.46,-1.11,-0.13,2.06
213,2018-05-10,11.59,11.59,11.62,11.45,65033,78673279.0,1.47,0.35,0.04,1.95
214,2018-05-11,11.61,11.36,11.62,11.35,71309,85663258.0,2.33,-1.98,-0.23,2.14
215,2018-05-14,11.39,11.36,11.51,11.34,58067,69605093.0,1.5,0.0,0.0,1.74
216,2018-05-15,11.37,11.42,11.44,11.23,63055,74876628.0,1.85,0.53,0.06,1.89
217,2018-05-16,11.34,11.23,11.36,11.2,55837,66099542.0,1.4,-1.66,-0.19,1.68
218,2018-05-17,11.23,11.21,11.3,11.19,36569,43111059.0,0.98,-0.18,-0.02,1.1
219,2018-05-18,11.18,11.34,11.38,11.16,60254,71289487.0,1.96,1.16,0.13,1.81
220,2018-05-21,11.44,11.45,11.51,11.35,64635,77541673.0,1.41,0.97,0.11,1.94
221,2018-05-22,11.48,11.53,11.54,11.31,87738,105238315.0,2.01,0.7,0.08,2.63
222,2018-05-23,11.48,11.3,11.48,11.28,60822,72602315.0,1.73,-1.99,-0.23,1.82
223,2018-05-24,11.31,11.16,11.38,11.15,59249,69932563.0,2.04,-1.24,-0.14,1.78
224,2018-05-25,11.22,11.12,11.26,11.11,50783,59579355.0,1.34,-0.36,-0.04,1.52
225,2018-05-28,11.13,10.99,11.17,10.91,54752,63472909.0,2.34,-1.17,-0.13,1.64
226,2018-05-29,10.95,10.65,11.03,10.59,99010,112120222.0,4.0,-3.09,-0.34,2.97
227,2018-05-30,10.44,9.85,10.45,9.83,139872,148911727.0,5.82,-7.51,-0.8,4.2
228,2018-05-31,9.99,9.92,10.02,9.74,80574,84214018.0,2.84,0.71,0.07,2.42
229,2018-06-01,9.86,10.32,10.61,9.75,176804,190892216.0,8.67,4.03,0.4,5.3
230,2018-06-04,10.14,10.02,10.36,9.98,95978,102907024.0,3.68,-2.91,-0.3,2.88
231,2018-06-05,10.06,10.16,10.17,9.97,62436,66454409.0,2.0,1.4,0.14,1.87
232,2018-06-06,10.09,10.24,10.49,10.05,108684,117709367.0,4.33,0.79,0.08,3.26
233,2018-06-07,10.25,10.46,10.69,10.17,174948,192994707.0,5.08,2.15,0.22,5.25
234,2018-06-08,10.41,10.11,10.41,10.03,97543,104804784.0,3.63,-3.35,-0.35,2.93
235,2018-06-11,10.05,10.23,10.47,10.0,79079,85654568.0,4.65,1.19,0.12,2.37
236,2018-06-12,10.16,10.28,10.38,10.1,71440,77254952.0,2.74,0.49,0.05,2.14
237,2018-06-13,10.25,9.95,10.25,9.91,62818,66829042.0,3.31,-3.21,-0.33,1.88
238,2018-06-14,9.94,10.04,10.22,9.86,78672,83528174.0,3.62,0.9,0.09,2.36
239,2018-06-15,9.94,9.45,10.09,9.42,154506,157718171.0,6.67,-5.88,-0.59,4.64
240,2018-06-19,9.24,8.45,9.3,8.45,148413,139246597.0,8.99,-10.58,-1.0,4.45
241,2018-06-20,8.44,8.2,8.59,7.89,161190,143234537.0,8.28,-2.96,-0.25,4.84
242,2018-06-21,8.22,7.78,8.22,7.71,165229,140533204.0,6.22,-5.12,-0.42,4.96
243,2018-06-22,7.72,8.0,8.09,7.67,120498,102731408.0,5.4,2.83,0.22,3.61
244,2018-06-25,8.02,7.83,8.11,7.79,106022,90367505.0,4.0,-2.13,-0.17,3.18
245,2018-06-26,7.61,7.89,7.96,7.54,174463,145762915.0,5.36,0.77,0.06,1.44
246,2018-06-27,7.88,7.75,7.88,7.65,137465,114163295.0,2.92,-1.77,-0.14,1.14
247,2018-06-28,7.74,7.71,8.03,7.64,229327,192743155.0,5.03,-0.52,-0.04,1.9
248,2018-06-29,7.7,7.84,7.89,7.61,197327,164360327.0,3.63,1.69,0.13,1.63
249,2018-07-02,7.85,7.34,7.87,7.2,297913,241393419.0,8.55,-6.38,-0.5,2.47
250,2018-07-03,7.34,7.49,7.5,7.28,217737,173628477.0,3.0,2.04,0.15,1.8
251,2018-07-04,7.5,7.32,7.58,7.3,172666,137591006.0,3.74,-2.27,-0.17,1.43
252,2018-07-05,7.34,7.2,7.54,7.14,182259,144230931.0,5.46,-1.64,-0.12,1.51
253,2018-07-06,7.2,7.15,7.48,6.86,262389,202927554.0,8.61,-0.69,-0.05,2.17
254,2018-07-09,7.14,7.3,7.32,7.12,156862,122586819.0,2.8,2.1,0.15,1.3
255,2018-07-10,7.31,7.3,7.36,7.21,133259,104550720.0,2.05,0.0,0.0,1.1
256,2018-07-11,7.16,6.86,7.16,6.66,218990,163909900.0,6.85,-6.03,-0.44,1.81
257,2018-07-12,6.86,7.22,7.28,6.85,271362,208503756.0,6.27,5.25,0.36,2.25
258,2018-07-13,7.24,7.15,7.29,7.12,146906,113788530.0,2.35,-0.97,-0.07,1.22
259,2018-07-16,7.23,7.07,7.24,7.05,102609,78862599.0,2.66,-1.12,-0.08,0.85
260,2018-07-17,7.14,7.13,7.21,7.07,121441,93499383.0,1.98,0.85,0.06,1.0
261,2018-07-18,7.15,7.07,7.26,7.04,111588,86202406.0,3.09,-0.84,-0.06,0.92
262,2018-07-19,7.12,6.92,7.16,6.87,108453,81901478.0,4.1,-2.12,-0.15,0.9
263,2018-07-20,6.99,7.25,7.39,6.84,262460,203238155.0,7.95,4.77,0.33,2.17
264,2018-07-23,7.2,7.5,7.58,7.13,392642,311894480.0,6.21,3.45,0.25,3.25
265,2018-07-24,7.46,7.55,7.8,7.44,481419,392484912.0,4.8,0.67,0.05,3.98
266,2018-07-25,7.47,7.46,7.51,7.38,260148,208245339.0,1.72,-1.19,-0.09,2.15
267,2018-07-26,7.43,7.41,7.51,7.36,172624,137840152.0,2.01,-0.67,-0.05,1.43
268,2018-07-27,7.41,7.35,7.46,7.3,173819,137941177.0,2.16,-0.81,-0.06,1.44
269,2018-07-30,7.33,7.08,7.39,7.0,214464,165734428.0,5.31,-3.67,-0.27,1.77
270,2018-07-31,7.1,7.14,7.2,7.07,122485,94238373.0,1.84,0.85,0.06,1.01
271,2018-08-01,7.17,6.91,7.24,6.9,164920,125664631.0,4.76,-3.22,-0.23,1.36
272,2018-08-02,6.88,6.57,6.94,6.42,213350,153800631.0,7.53,-4.92,-0.34,1.77
273,2018-08-03,6.58,6.45,6.62,6.43,122400,86756147.0,2.89,-1.83,-0.12,1.01
274,2018-08-06,6.5,6.31,6.55,6.22,157699,109629917.0,5.12,-2.17,-0.14,1.3
275,2018-08-07,6.33,6.6,6.61,6.26,167463,117192133.0,5.55,4.6,0.29,1.39
276,2018-08-08,6.55,6.39,6.56,6.37,132383,93170787.0,2.88,-3.18,-0.21,1.1
277,2018-08-09,6.36,6.57,6.65,6.33,152424,108296634.0,5.01,2.82,0.18,1.26
278,2018-08-10,6.55,6.58,6.63,6.53,98949,70537531.0,1.52,0.15,0.01,0.82
279,2018-08-13,6.5,6.53,6.54,6.37,126298,88558880.0,2.58,-0.76,-0.05,1.05
280,2018-08-14,6.53,6.55,6.61,6.49,93186,66211467.0,1.84,0.31,0.02,0.77
281,2018-08-15,6.58,6.35,6.58,6.32,118803,81757790.0,3.97,-3.05,-0.2,0.98
282,2018-08-16,6.24,6.45,6.64,6.17,207043,142875697.0,7.4,1.57,0.1,1.71
283,2018-08-17,6.43,6.34,6.6,6.32,152665,105504517.0,4.34,-1.71,-0.11,1.26
284,2018-08-20,6.3,6.57,6.59,6.3,197639,137668117.0,4.57,3.63,0.23,1.64
285,2018-08-21,6.56,6.58,6.59,6.45,182739,127782497.0,2.13,0.15,0.01,1.51
286,2018-08-22,6.51,6.42,6.53,6.41,142572,98508433.0,1.82,-2.43,-0.16,1.18
287,2018-08-23,6.44,6.51,6.58,6.38,154818,107547682.0,3.12,1.4,0.09,1.28
288,2018-08-24,6.47,6.49,6.59,6.41,172526,119874682.0,2.76,-0.31,-0.02,1.43
289,2018-08-27,6.47,6.61,6.64,6.47,206571,145363908.0,2.62,1.85,0.12,1.71
290,2018-08-28,6.64,6.59,6.64,6.55,126805,89395495.0,1.36,-0.3,-0.02,1.05
291,2018-08-29,6.59,6.49,6.59,6.46,142992,99818200.0,1.97,-1.52,-0.1,1.18
292,2018-08-30,6.49,6.26,6.53,6.23,190431,129668681.0,4.62,-3.54,-0.23,1.58
293,2018-08-31,6.26,6.23,6.32,6.2,115596,77740723.0,1.92,-0.48,-0.03,0.96
294,2018-09-03,6.18,6.19,6.19,6.06,117799,77740031.0,2.09,-0.64,-0.04,0.97
295,2018-09-04,6.19,6.29,6.36,6.15,142357,95721335.0,3.39,1.62,0.1,1.18
296,2018-09-05,6.27,6.18,6.32,6.18,115900,77864896.0,2.23,-1.75,-0.11,0.96
297,2018-09-06,6.13,6.2,6.29,6.13,111778,74784780.0,2.59,0.32,0.02,0.92
298,2018-09-07,6.22,6.25,6.35,6.19,131953,88758515.0,2.58,0.81,0.05,1.09
299,2018-09-10,6.25,6.07,6.25,6.06,118512,77890390.0,3.04,-2.88,-0.18,0.98
300,2018-09-11,6.07,6.11,6.16,6.05,88948,58422183.0,1.81,0.66,0.04,0.74
301,2018-09-12,6.1,6.23,6.29,6.09,154574,103324617.0,3.27,1.96,0.12,1.28
302,2018-09-13,6.28,6.29,6.3,6.21,154839,104046467.0,1.44,0.96,0.06,1.28
303,2018-09-14,6.3,6.3,6.47,6.27,220432,150220497.0,3.18,0.16,0.01,1.82
304,2018-09-17,6.29,6.41,6.45,6.25,239855,163850574.0,3.17,1.75,0.11,1.98
305,2018-09-18,6.38,6.71,6.74,6.34,408730,287966896.0,6.24,4.68,0.3,3.38
306,2018-09-19,6.62,6.67,6.74,6.59,242652,172837887.0,2.24,-0.6,-0.04,2.01
307,2018-09-20,6.7,6.63,6.85,6.6,212889,152397043.0,3.75,-0.6,-0.04,1.76
308,2018-09-21,6.65,6.93,6.96,6.58,360529,260531621.0,5.73,4.52,0.3,2.98
309,2018-09-25,6.84,6.87,6.91,6.78,238921,174336739.0,1.88,-0.87,-0.06,1.98
310,2018-09-26,6.82,6.9,7.05,6.82,341157,252842501.0,3.35,0.44,0.03,2.82
311,2018-09-27,6.89,6.8,6.89,6.72,228026,165405973.0,2.46,-1.45,-0.1,1.89
312,2018-09-28,6.78,6.97,6.98,6.78,288532,212195808.0,2.94,2.5,0.17,2.39
313,2018-10-08,6.82,6.54,6.85,6.5,260240,185676937.0,5.02,-6.17,-0.43,2.15
314,2018-10-09,6.59,6.46,6.62,6.39,173105,120212226.0,3.52,-1.22,-0.08,1.43
315,2018-10-10,6.51,6.42,6.51,6.34,154618,106418722.0,2.63,-0.62,-0.04,1.28
316,2018-10-11,5.95,5.73,6.04,5.73,452630,284895264.0,4.83,-10.75,-0.69,3.75
317,2018-10-12,5.63,5.6,5.69,5.42,273738,165328471.0,4.71,-2.27,-0.13,2.27
318,2018-10-15,5.61,5.51,5.7,5.5,151362,91852981.0,3.57,-1.61,-0.09,1.25
319,2018-10-16,5.53,5.49,5.67,5.44,167619,100682320.0,4.17,-0.36,-0.02,1.39
320,2018-10-17,5.61,5.44,5.64,4.99,290149,171584373.0,11.84,-0.91,-0.05,2.4
321,2018-10-18,5.37,5.29,5.44,5.26,139073,80717831.0,3.31,-2.76,-0.15,1.15
322,2018-10-19,5.19,5.53,5.55,5.15,217784,128216092.0,7.56,4.54,0.24,1.8
323,2018-10-22,5.6,6.13,6.13,5.56,480660,309207744.0,10.31,10.85,0.6,3.98
324,2018-10-23,6.47,6.18,6.47,6.03,776275,523152848.0,7.18,0.82,0.05,6.42
325,2018-10-24,5.94,6.34,6.59,5.89,721677,485429296.0,11.33,2.59,0.16,5.97
326,2018-10-25,6.02,6.77,6.81,5.97,829142,575381040.0,13.25,6.78,0.43,6.86
327,2018-10-26,6.74,6.51,6.9,6.44,705263,499701792.0,6.79,-3.84,-0.26,5.84
328,2018-10-29,6.44,6.4,6.61,6.29,335503,232306865.0,4.92,-1.69,-0.11,2.78
329,2018-10-30,6.41,6.67,6.99,6.22,875344,625294496.0,12.03,4.22,0.27,7.24
330,2018-10-31,6.66,6.84,7.0,6.49,875775,635465632.0,7.65,2.55,0.17,7.25
331,2018-11-01,6.84,6.85,7.43,6.77,987848,741485632.0,9.65,0.15,0.01,8.17
332,2018-11-02,7.0,7.04,7.09,6.73,773747,574421600.0,5.26,2.77,0.19,6.4
333,2018-11-05,7.0,7.3,7.32,6.87,870792,659871392.0,6.39,3.69,0.26,7.21
334,2018-11-06,7.23,7.12,7.4,7.01,693989,528906464.0,5.34,-2.47,-0.18,5.74
335,2018-11-07,7.0,6.87,7.06,6.81,538043,398502672.0,3.51,-3.51,-0.25,4.45
336,2018-11-08,6.92,6.81,7.08,6.8,511075,378605808.0,4.08,-0.87,-0.06,4.23
337,2018-11-09,6.76,6.81,6.99,6.71,330941,242047940.0,4.11,0.0,0.0,2.74
338,2018-11-12,6.75,6.93,6.94,6.75,307392,225464384.0,2.79,1.76,0.12,2.54
339,2018-11-13,6.84,7.13,7.43,6.8,758545,571095856.0,9.09,2.89,0.2,6.28
340,2018-11-14,7.05,6.98,7.21,6.95,504874,380174688.0,3.65,-2.1,-0.15,4.18
341,2018-11-15,6.94,7.23,7.26,6.9,555418,421695984.0,5.16,3.58,0.25,4.6
342,2018-11-16,7.31,7.91,8.0,7.24,1402078,1149255824.0,10.51,9.41,0.68,11.6
343,2018-11-19,7.79,8.32,8.57,7.74,1384322,1197452736.0,10.49,5.18,0.41,11.45
344,2018-11-20,8.12,7.83,8.36,7.75,941794,802979120.0,7.33,-5.89,-0.49,7.79
345,2018-11-21,7.72,7.97,7.99,7.54,725616,599397312.0,5.75,1.79,0.14,6.0
346,2018-11-22,7.9,7.77,7.95,7.68,482951,398887536.0,3.39,-2.51,-0.2,4.0
347,2018-11-23,7.75,7.41,7.87,7.26,613662,492797824.0,7.85,-4.63,-0.36,5.08
348,2018-11-26,7.39,7.46,7.57,7.27,401623,316687136.0,4.05,0.67,0.05,3.32
349,2018-11-27,7.56,7.48,7.61,7.34,387401,308165344.0,3.62,0.27,0.02,3.21
350,2018-11-28,7.41,7.94,7.96,7.32,795293,650935568.0,8.56,6.15,0.46,6.58
351,2018-11-29,7.96,7.54,8.15,7.47,768257,639301536.0,8.56,-5.04,-0.4,6.36
352,2018-11-30,7.4,7.76,7.82,7.2,681402,539827760.0,8.22,2.92,0.22,5.64
353,2018-12-03,8.27,7.9,8.27,7.89,876056,744231408.0,4.9,1.8,0.14,7.25
354,2018-12-04,7.86,8.02,8.04,7.83,548621,461356736.0,2.66,1.52,0.12,4.54
355,2018-12-05,7.82,7.78,7.91,7.71,443111,366163440.0,2.49,-2.99,-0.24,3.67
356,2018-12-06,7.67,7.57,7.73,7.49,384012,309762432.0,3.08,-2.7,-0.21,3.18
357,2018-12-07,7.64,7.54,7.67,7.49,244214,196555946.0,2.38,-0.4,-0.03,2.02
358,2018-12-10,7.43,7.29,7.48,7.24,317996,248240673.0,3.18,-3.32,-0.25,2.63
359,2018-12-11,7.34,7.33,7.37,7.25,179149,139026819.0,1.65,0.55,0.04,1.48
360,2018-12-12,7.38,7.45,7.59,7.34,315027,250081666.0,3.41,1.64,0.12,2.61
361,2018-12-13,7.45,7.61,7.69,7.26,435298,348349264.0,5.77,2.15,0.16,3.6
362,2018-12-14,7.54,7.52,7.72,7.42,482665,388358544.0,3.94,-1.18,-0.09,3.99
363,2018-12-17,7.45,7.63,7.69,7.35,276907,221908669.0,4.52,1.46,0.11,2.29
364,2018-12-18,7.55,7.44,7.65,7.35,248282,197629249.0,3.93,-2.49,-0.19,2.05
365,2018-12-19,7.48,7.36,7.53,7.34,169238,133353126.0,2.55,-1.08,-0.08,1.4
366,2018-12-20,7.34,7.44,7.56,7.27,272368,214407382.0,3.94,1.09,0.08,2.25
367,2018-12-21,7.39,7.32,7.47,7.29,199394,156098542.0,2.42,-1.61,-0.12,1.65
368,2018-12-24,7.31,7.08,7.38,7.02,287561,218733385.0,4.92,-3.28,-0.24,2.38
369,2018-12-25,6.95,6.82,6.95,6.53,353381,254116369.0,5.93,-3.67,-0.26,2.92
370,2018-12-26,6.77,6.7,6.88,6.67,169759,122575018.0,3.08,-1.76,-0.12,1.4
371,2018-12-27,6.85,6.57,6.87,6.56,193340,139439832.0,4.63,-1.94,-0.13,1.6
372,2018-12-28,6.58,6.8,6.89,6.57,274110,198265305.0,4.87,3.5,0.23,2.27
373,2019-01-02,6.83,6.71,6.84,6.67,209420,150905133.0,2.5,-1.32,-0.09,1.73
374,2019-01-03,6.75,6.84,7.11,6.69,318880,235343384.0,6.26,1.94,0.13,2.64
375,2019-01-04,6.73,7.57,7.57,6.69,900347,700374832.0,12.87,10.67,0.73,7.45
376,2019-01-07,7.56,7.57,7.67,7.44,698173,560512096.0,3.04,0.0,0.0,5.78
377,2019-01-08,7.46,7.59,7.8,7.44,562446,454012656.0,4.76,0.26,0.02,4.65
378,2019-01-09,7.62,7.62,7.88,7.55,584013,476514992.0,4.35,0.4,0.03,4.83
379,2019-01-10,7.62,7.49,7.72,7.44,396196,318536768.0,3.67,-1.71,-0.13,3.28
380,2019-01-11,7.54,7.62,7.63,7.46,316231,253638067.0,2.27,1.74,0.13,2.62
381,2019-01-14,7.73,7.49,7.77,7.48,278318,224138221.0,3.81,-1.71,-0.13,2.3
382,2019-01-15,7.48,7.83,7.92,7.46,621524,508604112.0,6.14,4.54,0.34,5.14
383,2019-01-16,7.89,7.64,7.89,7.62,361809,295199728.0,3.45,-2.43,-0.19,2.99
384,2019-01-17,7.65,7.54,7.77,7.49,319277,257689195.0,3.66,-1.31,-0.1,2.64
385,2019-01-18,7.54,7.73,7.74,7.52,367816,299034336.0,2.92,2.52,0.19,3.04
386,2019-01-21,7.74,7.65,7.79,7.56,329428,267404617.0,2.98,-1.03,-0.08,2.73
387,2019-01-22,7.63,7.57,7.65,7.51,211035,169385226.0,1.83,-1.05,-0.08,1.75
388,2019-01-23,7.56,7.48,7.6,7.4,179955,143135489.0,2.64,-1.19,-0.09,1.49
389,2019-01-24,7.51,7.58,7.74,7.48,371609,300385376.0,3.48,1.34,0.1,3.07
390,2019-01-25,7.55,7.49,7.61,7.48,219949,175833748.0,1.72,-1.19,-0.09,1.82
391,2019-01-28,7.63,7.44,7.66,7.43,285020,228286652.0,3.07,-0.67,-0.05,2.36
392,2019-01-29,7.34,7.2,7.39,7.07,301422,231777571.0,4.3,-3.23,-0.24,2.49
393,2019-01-30,7.2,7.14,7.33,7.12,144708,111178417.0,2.92,-0.83,-0.06,1.2
394,2019-01-31,7.21,7.1,7.31,6.99,202896,154778485.0,4.48,-0.56,-0.04,1.68
395,2019-02-01,7.24,7.37,7.37,7.19,207393,160689115.0,2.54,3.8,0.27,1.72
396,2019-02-11,7.41,7.57,7.58,7.32,244877,193766117.0,3.53,2.71,0.2,2.03
397,2019-02-12,7.58,7.69,7.74,7.52,324634,262400938.0,2.91,1.59,0.12,2.69
398,2019-02-13,7.67,8.02,8.18,7.61,695671,584635888.0,7.41,4.29,0.33,5.76
399,2019-02-14,7.94,7.93,8.06,7.9,417298,351504272.0,2.0,-1.12,-0.09,3.45
400,2019-02-15,7.93,7.85,8.1,7.81,419081,352652224.0,3.66,-1.01,-0.08,3.47
401,2019-02-18,7.94,8.32,8.47,7.92,742656,639607312.0,7.01,5.99,0.47,6.15
402,2019-02-19,8.32,8.28,8.67,8.14,752637,665664880.0,6.37,-0.48,-0.04,6.23
403,2019-02-20,8.28,8.3,8.43,8.12,453033,395041968.0,3.74,0.24,0.02,3.75
404,2019-02-21,8.24,8.32,8.65,8.14,820780,725215168.0,6.14,0.24,0.02,6.79
405,2019-02-22,8.35,9.2,9.2,8.22,1333784,1232048352.0,11.78,10.58,0.88,11.04
406,2019-02-25,9.85,10.17,10.17,9.4,1430193,1473395248.0,8.37,10.54,0.97,11.83
407,2019-02-26,10.53,10.01,10.93,9.93,1752000,1914640880.0,9.83,-1.57,-0.16,14.5
408,2019-02-27,9.78,9.98,10.39,9.59,1136650,1189415056.0,7.99,-0.3,-0.03,9.41
409,2019-02-28,9.82,9.59,9.84,9.34,677154,682306560.0,5.01,-3.91,-0.39,5.6
410,2019-03-01,9.74,9.99,10.09,9.55,858830,885100272.0,5.63,4.17,0.4,7.11
411,2019-03-04,10.08,10.11,10.92,9.75,1346112,1434750144.0,11.71,1.2,0.12,11.14
412,2019-03-05,9.85,10.14,10.18,9.79,724110,756133168.0,3.86,0.3,0.03,5.99
413,2019-03-06,10.14,11.2,11.2,10.07,1975184,2250588016.0,11.14,10.45,1.06,16.34
414,2019-03-07,12.03,12.37,12.37,11.44,1885798,2362020848.0,8.3,10.45,1.17,15.6
415,2019-03-08,11.29,11.19,12.37,11.13,1927573,2356281200.0,10.02,-9.54,-1.18,15.95
416,2019-03-11,11.59,11.54,11.96,10.82,1249703,1493235264.0,10.19,3.13,0.35,10.34
417,2019-03-12,11.57,11.64,12.08,11.34,1255138,1526348720.0,6.41,0.87,0.1,10.39
418,2019-03-13,11.44,11.12,11.54,10.95,928947,1085336624.0,5.07,-4.47,-0.52,7.69
419,2019-03-14,10.92,10.52,11.23,10.32,712074,794520880.0,8.18,-5.4,-0.6,5.89
420,2019-03-15,10.7,10.59,10.95,10.42,584850,652409280.0,5.04,0.67,0.07,4.84
421,2019-03-18,10.52,10.89,10.9,10.27,602097,667792064.0,5.95,2.83,0.3,4.98
422,2019-03-19,10.92,10.81,11.01,10.72,451658,511426592.0,2.66,-0.73,-0.08,3.74
423,2019-03-20,10.74,11.03,11.07,10.67,640620,729041632.0,3.7,2.04,0.22,5.3
424,2019-03-21,11.05,11.24,11.59,10.87,871671,1021014112.0,6.53,1.9,0.21,7.21
425,2019-03-22,11.2,10.98,11.28,10.75,466903,533862944.0,4.72,-2.31,-0.26,3.86
426,2019-03-25,10.55,10.46,10.84,10.44,486520,538462928.0,3.64,-4.74,-0.52,4.03
427,2019-03-26,10.52,10.23,10.59,10.05,442013,475979280.0,5.16,-2.2,-0.23,3.66
428,2019-03-27,10.31,10.32,10.47,10.12,365040,393106224.0,3.42,0.88,0.09,3.02
429,2019-03-28,10.18,10.26,10.55,10.12,352065,380296448.0,4.17,-0.58,-0.06,2.91
430,2019-03-29,10.27,11.15,11.2,10.27,913424,1033808656.0,9.06,8.67,0.89,7.56
431,2019-04-01,11.2,11.27,11.55,10.96,934746,1094760800.0,5.29,1.08,0.12,7.73
432,2019-04-02,11.34,11.12,11.54,11.07,646016,760112800.0,4.17,-1.33,-0.15,5.35
433,2019-04-03,11.16,12.25,12.28,11.1,1790543,2213856064.0,10.61,10.16,1.13,14.82
434,2019-04-04,11.97,11.85,12.08,11.59,1289500,1588452256.0,4.0,-3.27,-0.4,10.67
435,2019-04-08,11.85,11.44,11.89,11.17,877982,1050685856.0,6.08,-3.46,-0.41,7.27
436,2019-04-09,11.34,11.49,11.65,11.26,548884,653545968.0,3.41,0.44,0.05,4.54
437,2019-04-10,11.47,11.29,11.47,11.03,567592,663175376.0,3.83,-1.74,-0.2,4.7
438,2019-04-11,11.15,11.06,11.32,10.95,421825,488433488.0,3.28,-2.04,-0.23,3.49
439,2019-04-12,11.04,11.11,11.27,10.95,341658,395733312.0,2.89,0.45,0.05,2.83
440,2019-04-15,11.36,10.71,11.44,10.64,483167,558480592.0,7.2,-3.6,-0.4,4.0
441,2019-04-16,10.65,10.92,10.98,10.39,518446,578975760.0,5.51,1.96,0.21,4.29
442,2019-04-17,10.86,10.79,10.99,10.75,337435,381704688.0,2.2,-1.19,-0.13,2.79
443,2019-04-18,10.81,10.8,10.94,10.73,275261,310878016.0,1.95,0.09,0.01,2.28
444,2019-04-19,10.86,10.91,11.05,10.8,295951,336330256.0,2.31,1.02,0.11,2.45
445,2019-04-22,11.16,10.72,11.24,10.62,412308,469176272.0,5.68,-1.74,-0.19,3.41
446,2019-04-23,10.65,10.75,11.04,10.44,414998,464992624.0,5.6,0.28,0.03,3.43
447,2019-04-24,10.72,10.81,10.89,10.62,233265,261857247.0,2.51,0.56,0.06,1.93
448,2019-04-25,10.8,10.35,10.94,10.27,356805,397046832.0,6.2,-4.26,-0.46,2.95
449,2019-04-26,10.31,10.27,10.5,10.14,328363,353720608.0,3.48,-0.77,-0.08,2.72
450,2019-04-29,10.22,9.51,10.28,9.45,458409,467049680.0,8.08,-7.4,-0.76,3.79
451,2019-04-30,9.54,9.56,9.69,9.43,220235,221229622.0,2.73,0.53,0.05,1.82
452,2019-05-06,9.01,8.56,9.2,8.56,426669,395542928.0,6.69,-10.46,-1.0,3.53
453,2019-05-07,8.64,8.76,8.8,8.26,444974,402821072.0,6.31,2.34,0.2,3.68
454,2019-05-08,8.49,8.56,8.77,8.39,285026,258731780.0,4.34,-2.28,-0.2,2.36
455,2019-05-09,8.42,8.49,8.7,8.42,258588,233429891.0,3.27,-0.82,-0.07,2.14
456,2019-05-10,8.63,8.93,9.02,8.46,554813,515058496.0,6.6,5.18,0.44,4.59
457,2019-05-13,8.75,8.73,8.86,8.69,225054,207701865.0,1.9,-2.24,-0.2,1.86
458,2019-05-14,8.59,8.58,8.8,8.55,225084,205533749.0,2.86,-1.72,-0.15,1.86
459,2019-05-15,8.73,8.71,8.75,8.62,237987,217873361.0,1.52,1.52,0.13,1.97
460,2019-05-16,8.7,8.7,8.77,8.63,205459,188096774.0,1.61,-0.11,-0.01,1.7
461,2019-05-17,8.72,8.23,8.74,8.14,326372,290118176.0,6.9,-5.4,-0.47,2.7
462,2019-05-20,8.26,8.39,8.47,8.07,243570,213803553.0,4.86,1.94,0.16,2.02
463,2019-05-21,8.39,8.49,8.6,8.33,220211,197037245.0,3.22,1.19,0.1,1.82
464,2019-05-22,8.48,8.34,8.56,8.27,179511,158841304.0,3.42,-1.77,-0.15,1.49
465,2019-05-23,8.28,8.33,8.51,8.23,197637,174185613.0,3.36,-0.12,-0.01,1.64
466,2019-05-24,8.27,8.35,8.4,8.26,160741,141596410.0,1.68,0.24,0.02,1.33
467,2019-05-27,8.38,8.59,8.69,8.27,347059,312047680.0,5.03,2.87,0.24,2.87
468,2019-05-28,8.54,8.48,8.67,8.45,239297,215909295.0,2.56,-1.28,-0.11,1.98
469,2019-05-29,8.45,8.53,8.63,8.43,220073,197727878.0,2.36,0.59,0.05,1.82
470,2019-05-30,8.47,8.39,8.47,8.31,169710,149947446.0,1.88,-1.64,-0.14,1.4
471,2019-05-31,8.36,8.38,8.5,8.33,155767,138165829.0,2.03,-0.12,-0.01,1.29
472,2019-06-03,8.4,8.36,8.61,8.34,210298,187570789.0,3.22,-0.24,-0.02,1.74
473,2019-06-04,8.38,8.22,8.4,8.12,184479,160332044.0,3.35,-1.67,-0.14,1.53
474,2019-06-05,8.34,8.36,8.49,8.27,223035,196983923.0,2.68,1.7,0.14,1.85
475,2019-06-06,8.38,8.18,8.42,8.13,189688,164469170.0,3.47,-2.15,-0.18,1.57
476,2019-06-10,8.29,8.42,8.54,8.23,398298,349575392.0,3.79,2.93,0.24,3.3
477,2019-06-11,8.28,8.89,8.98,8.23,655507,595351712.0,8.91,5.58,0.47,5.42
478,2019-06-12,8.76,8.73,8.95,8.72,368425,338414032.0,2.59,-1.8,-0.16,3.05
479,2019-06-13,8.74,8.77,8.88,8.69,271472,249284706.0,2.18,0.46,0.04,2.25
480,2019-06-14,8.81,8.54,8.84,8.53,262909,238998550.0,3.53,-2.62,-0.23,2.18
481,2019-06-17,8.49,8.59,8.65,8.49,163387,146622545.0,1.87,0.59,0.05,1.35
482,2019-06-18,8.57,8.54,8.63,8.44,144648,129092840.0,2.21,-0.58,-0.05,1.2
483,2019-06-19,9.11,8.7,9.21,8.7,438395,406612352.0,5.97,1.87,0.16,3.63
484,2019-06-20,8.65,9.14,9.46,8.64,812103,768187680.0,9.43,5.06,0.44,6.72
485,2019-06-21,9.16,9.13,9.3,9.0,574178,548852544.0,3.28,-0.11,-0.01,4.75
486,2019-06-24,9.21,9.07,9.26,8.98,347193,330074288.0,3.07,-0.66,-0.06,2.87
487,2019-06-25,9.04,9.16,9.19,8.86,417535,393609632.0,3.64,0.99,0.09,3.45
488,2019-06-26,8.91,8.89,8.99,8.83,257707,239653789.0,1.75,-2.95,-0.27,2.13
489,2019-06-27,9.02,8.98,9.17,8.93,335476,316206512.0,2.7,1.01,0.09,2.78
490,2019-06-28,8.98,8.91,9.01,8.83,209706,194947600.0,2.0,-0.78,-0.07,1.74
491,2019-07-01,9.2,9.1,9.24,9.04,412959,392894624.0,2.24,2.13,0.19,3.42
492,2019-07-02,9.08,9.04,9.1,8.99,228265,215189702.0,1.21,-0.66,-0.06,1.89
493,2019-07-03,9.02,8.95,9.03,8.9,166950,155908703.0,1.44,-1.0,-0.09,1.38
494,2019-07-04,8.98,9.03,9.1,8.94,219264,206269400.0,1.79,0.89,0.08,1.81
495,2019-07-05,9.05,9.0,9.07,8.89,154502,144941189.0,1.99,-0.33,-0.03,1.28
496,2019-07-08,8.94,8.63,9.03,8.58,277743,254241304.0,5.0,-4.11,-0.37,2.3
497,2019-07-09,8.62,8.65,8.74,8.41,239968,215283847.0,3.82,0.23,0.02,1.99
498,2019-07-10,8.65,8.55,8.75,8.51,207241,186608713.0,2.77,-1.16,-0.1,1.71
499,2019-07-11,8.6,8.56,8.71,8.49,179771,161629191.0,2.57,0.12,0.01,1.49
500,2019-07-12,8.52,8.58,8.66,8.47,133767,120231975.0,2.22,0.23,0.02,1.11
501,2019-07-15,8.64,8.79,8.95,8.53,272067,248508079.0,4.9,2.45,0.21,2.25
502,2019-07-16,8.73,8.74,8.82,8.7,131797,120417199.0,1.37,-0.57,-0.05,1.09
503,2019-07-17,8.74,8.74,8.85,8.7,151580,138575298.0,1.72,0.0,0.0,1.25
504,2019-07-18,8.66,8.56,8.7,8.56,155405,140031709.0,1.6,-2.06,-0.18,1.29
505,2019-07-19,8.57,8.69,8.78,8.57,183660,167071773.0,2.45,1.52,0.13,1.52
506,2019-07-22,8.75,8.39,8.77,8.39,219740,195349017.0,4.37,-3.45,-0.3,1.82
507,2019-07-23,8.42,8.45,8.46,8.38,103970,91662863.0,0.95,0.72,0.06,0.86
508,2019-07-24,8.47,8.52,8.58,8.47,151058,134706056.0,1.3,0.83,0.07,1.25
509,2019-07-25,8.52,8.51,8.56,8.47,107932,96000470.0,1.06,-0.12,-0.01,0.89
510,2019-07-26,8.47,8.54,8.55,8.43,94077,83645323.0,1.41,0.35,0.03,0.78
511,2019-07-29,8.53,8.48,8.54,8.42,106630,94438163.0,1.41,-0.7,-0.06,0.88
512,2019-07-30,8.46,8.54,8.66,8.46,169073,151616548.0,2.36,0.71,0.06,1.4
513,2019-07-31,8.53,8.47,8.54,8.43,88095,78056570.0,1.29,-0.82,-0.07,0.73
514,2019-08-01,8.41,8.34,8.49,8.32,138121,121212156.0,2.01,-1.53,-0.13,1.14
515,2019-08-02,8.12,7.99,8.15,7.87,267497,225113068.0,3.36,-4.2,-0.35,2.21
516,2019-08-05,7.92,7.86,8.07,7.85,163888,136334105.0,2.75,-1.63,-0.13,1.36
517,2019-08-06,7.7,7.75,7.85,7.4,303700,243751281.0,5.73,-1.4,-0.11,2.51
518,2019-08-07,7.81,7.58,7.81,7.57,140742,113337311.0,3.1,-2.19,-0.17,1.16
519,2019-08-08,7.8,7.66,7.85,7.66,174199,141670220.0,2.51,1.06,0.08,1.44
520,2019-08-09,7.73,7.5,7.75,7.49,124757,99731083.0,3.39,-2.09,-0.16,1.03
521,2019-08-12,7.59,7.7,7.7,7.58,143882,115666919.0,1.6,2.67,0.2,1.19
522,2019-08-13,7.61,7.58,7.65,7.53,116264,92625171.0,1.56,-1.56,-0.12,0.96
523,2019-08-14,7.7,7.58,7.72,7.57,113854,91508971.0,1.98,0.0,0.0,0.94
524,2019-08-15,7.33,7.55,7.61,7.27,141889,111004509.0,4.49,-0.4,-0.03,1.17
525,2019-08-16,7.51,7.56,7.69,7.49,146485,117115735.0,2.65,0.13,0.01,1.21
526,2019-08-19,7.68,8.03,8.07,7.64,420984,348193696.0,5.69,6.22,0.47,3.48
527,2019-08-20,8.03,7.99,8.09,7.96,268169,225413395.0,1.62,-0.5,-0.04,2.22
528,2019-08-21,7.99,7.98,8.05,7.94,159419,133669128.0,1.38,-0.13,-0.01,1.32
529,2019-08-22,8.0,7.91,8.01,7.85,147541,122572742.0,2.01,-0.88,-0.07,1.22
530,2019-08-23,7.91,7.9,8.07,7.85,153720,128209279.0,2.78,-0.13,-0.01,1.27
531,2019-08-26,7.63,7.73,7.79,7.61,159127,128916713.0,2.28,-2.15,-0.17,1.32
532,2019-08-27,7.78,7.86,8.03,7.77,201600,166868347.0,3.36,1.68,0.13,1.67
533,2019-08-28,7.95,7.76,7.95,7.73,126039,103134511.0,2.8,-1.27,-0.1,1.04
534,2019-08-29,7.73,7.71,7.83,7.7,104698,85254915.0,1.68,-0.64,-0.05,0.87
535,2019-08-30,7.79,7.67,7.84,7.65,168121,136760985.0,2.46,-0.52,-0.04,1.39
536,2019-09-02,7.69,7.86,7.93,7.65,209524,172226828.0,3.65,2.48,0.19,1.73
537,2019-09-03,7.86,7.94,7.96,7.83,180588,149687283.0,1.65,1.02,0.08,1.49
538,2019-09-04,7.91,8.06,8.17,7.86,292212,246420546.0,3.9,1.51,0.12,2.42
539,2019-09-05,8.13,8.31,8.61,8.13,618959,543980224.0,5.96,3.1,0.25,5.12
540,2019-09-06,8.36,8.44,8.47,8.3,363831,319491936.0,2.05,1.56,0.13,3.01
541,2019-09-09,8.76,8.66,8.82,8.55,516894,469097056.0,3.2,2.61,0.22,4.28
542,2019-09-10,8.66,9.08,9.31,8.56,866276,808280000.0,8.66,4.85,0.42,7.17
543,2019-09-11,9.14,9.0,9.26,8.95,630951,598442032.0,3.41,-0.88,-0.08,5.22
544,2019-09-12,9.05,9.25,9.26,8.99,501882,479452560.0,3.0,2.78,0.25,4.15
545,2019-09-16,9.4,9.26,9.68,9.2,847497,833570800.0,5.19,0.11,0.01,7.01
546,2019-09-17,9.12,8.88,9.19,8.81,596994,560684560.0,4.1,-4.1,-0.38,4.94
547,2019-09-18,8.99,8.81,9.02,8.76,319228,296165584.0,2.93,-0.79,-0.07,2.64
548,2019-09-19,8.91,8.91,8.94,8.76,292788,270736352.0,2.04,1.14,0.1,2.42
549,2019-09-20,8.87,8.78,8.9,8.65,318969,291863184.0,2.81,-1.46,-0.13,2.64
550,2019-09-23,8.69,8.66,8.72,8.56,258089,232552258.0,1.82,-1.37,-0.12,2.14
551,2019-09-24,8.69,8.65,8.8,8.57,297790,270362336.0,2.66,-0.12,-0.01,2.46
552,2019-09-25,8.53,8.56,8.7,8.51,225262,202260797.0,2.2,-1.04,-0.09,1.86
553,2019-09-26,8.62,8.43,8.74,8.42,304638,273730544.0,3.74,-1.52,-0.13,2.52
554,2019-09-27,8.45,8.52,8.55,8.41,169132,150194357.0,1.66,1.07,0.09,1.4
555,2019-09-30,8.49,8.26,8.54,8.24,173034,152261451.0,3.52,-3.05,-0.26,1.43
556,2019-10-08,8.23,8.13,8.3,8.12,153767,132347454.0,2.18,-1.57,-0.13,1.27
557,2019-10-09,8.08,8.25,8.25,8.01,121959,104102356.0,2.95,1.48,0.12,1.01
558,2019-10-10,8.25,8.36,8.39,8.24,156712,136619446.0,1.82,1.33,0.11,1.3
559,2019-10-11,8.37,8.48,8.64,8.23,284937,252220701.0,4.9,1.44,0.12,2.36
560,2019-10-14,8.66,8.74,8.91,8.58,370221,338729264.0,3.89,3.07,0.26,3.06
561,2019-10-15,8.72,8.57,8.73,8.56,183965,165968607.0,1.95,-1.95,-0.17,1.52
562,2019-10-16,8.67,8.62,8.78,8.55,178443,161384401.0,2.68,0.58,0.05,1.48
563,2019-10-17,8.61,8.57,8.67,8.48,137081,122749157.0,2.2,-0.58,-0.05,1.13
564,2019-10-18,8.59,8.3,8.62,8.3,190583,167798493.0,3.73,-3.15,-0.27,1.58
565,2019-10-21,8.28,8.23,8.29,8.07,126134,108147095.0,2.65,-0.84,-0.07,1.04
566,2019-10-22,8.23,8.26,8.3,8.13,102657,88368981.0,2.07,0.36,0.03,0.85
567,2019-10-23,8.28,8.18,8.31,8.14,97706,84050545.0,2.06,-0.97,-0.08,0.81
568,2019-10-24,8.21,8.27,8.34,8.12,130835,112856924.0,2.69,1.1,0.09,1.08
569,2019-10-25,8.27,8.39,8.41,8.17,173303,150938062.0,2.9,1.45,0.12,1.43
570,2019-10-28,8.44,8.61,8.63,8.31,273281,243102212.0,3.81,2.62,0.22,2.26
571,2019-10-29,8.62,8.44,8.63,8.43,170787,151927207.0,2.32,-1.97,-0.17,1.41
572,2019-10-30,8.44,8.33,8.5,8.25,139442,122066134.0,2.96,-1.3,-0.11,1.15
573,2019-10-31,8.36,8.36,8.5,8.33,181977,160374260.0,2.04,0.36,0.03,1.51
574,2019-11-01,8.31,8.58,8.58,8.25,220806,196066683.0,3.95,2.63,0.22,1.83
575,2019-11-04,8.58,8.67,8.79,8.58,263486,239340484.0,2.45,1.05,0.09,2.18
576,2019-11-05,8.75,8.81,8.94,8.71,484382,447820256.0,2.65,1.61,0.14,4.01
577,2019-11-06,8.82,8.66,8.84,8.59,258637,234945897.0,2.84,-1.7,-0.15,2.14
578,2019-11-07,8.64,8.6,8.69,8.48,212373,190653613.0,2.42,-0.69,-0.06,1.76
579,2019-11-08,8.71,8.44,8.76,8.44,239528,215519282.0,3.72,-1.86,-0.16,1.98
580,2019-11-11,8.4,8.18,8.4,8.11,235013,203740113.0,3.44,-3.08,-0.26,1.94
581,2019-11-12,8.17,8.23,8.27,8.13,147723,126846838.0,1.71,0.61,0.05,1.22
582,2019-11-13,8.2,8.11,8.21,8.09,130950,111768355.0,1.46,-1.46,-0.12,1.08
583,2019-11-14,8.12,8.15,8.24,8.06,140932,120325005.0,2.22,0.49,0.04,1.17
584,2019-11-15,8.15,7.92,8.16,7.91,190670,160024086.0,3.07,-2.82,-0.23,1.58
585,2019-11-18,7.92,8.1,8.14,7.9,141320,119247954.0,3.03,2.27,0.18,1.17
586,2019-11-19,8.09,8.19,8.2,8.06,101426,86573666.0,1.73,1.11,0.09,0.84
587,2019-11-20,8.15,8.06,8.2,8.04,100732,85719721.0,1.95,-1.59,-0.13,0.83
588,2019-11-21,8.03,8.06,8.11,7.97,83543,70421231.0,1.74,0.0,0.0,0.69
589,2019-11-22,8.08,8.04,8.2,7.98,123469,104575538.0,2.73,-0.25,-0.02,1.02
590,2019-11-25,8.01,8.09,8.12,7.98,104363,88145694.0,1.74,0.62,0.05,0.86
591,2019-11-26,8.11,7.98,8.23,7.98,212409,180098146.0,3.09,-1.36,-0.11,1.76
592,2019-11-27,8.01,7.92,8.04,7.89,124724,104160785.0,1.88,-0.75,-0.06,1.03
593,2019-11-28,7.91,7.93,8.0,7.89,72260,60161086.0,1.39,0.13,0.01,0.6
594,2019-11-29,7.91,7.98,8.05,7.9,87978,73601544.0,1.89,0.63,0.05,0.73
595,2019-12-02,8.21,8.07,8.24,8.04,144437,123065384.0,2.51,1.13,0.09,1.2
596,2019-12-03,8.03,8.12,8.15,7.99,130375,110701779.0,1.98,0.62,0.05,1.08
597,2019-12-04,8.08,8.14,8.15,8.06,85215,72470320.0,1.11,0.25,0.02,0.71
598,2019-12-05,8.18,8.21,8.26,8.15,164154,141177460.0,1.35,0.86,0.07,1.36
599,2019-12-06,8.24,8.21,8.27,8.13,119432,102335537.0,1.71,0.0,0.0,0.99
600,2019-12-09,8.24,8.18,8.24,8.16,97045,83291743.0,0.97,-0.37,-0.03,0.8
601,2019-12-10,8.15,8.16,8.19,8.09,104716,89280904.0,1.22,-0.24,-0.02,0.87
602,2019-12-11,8.16,8.21,8.3,8.11,174049,149752803.0,2.33,0.61,0.05,1.44
603,2019-12-12,8.19,8.11,8.2,8.07,121346,103510491.0,1.58,-1.22,-0.1,1.0
604,2019-12-13,8.28,8.62,8.71,8.21,631774,559235936.0,6.17,6.29,0.51,5.23
605,2019-12-16,8.64,8.86,9.01,8.52,555258,507492704.0,5.68,2.78,0.24,4.59
606,2019-12-17,8.86,9.35,9.79,8.75,1300921,1271849424.0,11.74,5.53,0.49,10.76
607,2019-12-18,9.21,10.32,10.32,9.21,2217912,2305880784.0,11.87,10.37,0.97,18.35
608,2019-12-19,10.16,9.82,10.17,9.75,1419504,1468080688.0,4.07,-4.84,-0.5,11.75
609,2019-12-20,9.88,10.14,10.79,9.83,1743673,1854265488.0,9.78,3.26,0.32,14.43
610,2019-12-23,10.01,9.69,10.28,9.62,991953,1026033952.0,6.51,-4.44,-0.45,8.21
611,2019-12-24,9.76,10.3,10.39,9.56,1036641,1075612480.0,8.57,6.3,0.61,8.58
612,2019-12-25,10.16,11.07,11.37,10.04,1937807,2179050560.0,12.91,7.48,0.77,16.03
613,2019-12-26,10.99,11.54,11.71,10.72,1885041,2184620960.0,8.94,4.25,0.47,15.6
614,2019-12-27,11.31,10.7,11.61,10.7,1742848,2020028352.0,7.89,-7.28,-0.84,14.42
615,2019-12-30,10.43,10.96,11.2,10.34,1244076,1400040016.0,8.04,2.43,0.26,10.29
616,2019-12-31,10.81,10.74,10.93,10.63,793102,885776240.0,2.74,-2.01,-0.22,6.56
617,2020-01-02,11.01,10.76,11.36,10.73,1171100,1340252560.0,5.87,0.19,0.02,9.69
618,2020-01-03,10.76,10.65,10.91,10.54,801281,890512160.0,3.44,-1.02,-0.11,6.63
619,2020-01-06,10.49,10.62,10.9,10.35,788267,871966080.0,5.16,-0.28,-0.03,6.52
620,2020-01-07,10.71,10.87,10.94,10.61,882505,987583872.0,3.11,2.35,0.25,7.3
621,2020-01-08,10.66,10.4,10.72,10.32,796195,870693680.0,3.68,-4.32,-0.47,6.59
622,2020-01-09,10.6,10.51,10.72,10.46,493336,540777648.0,2.5,1.06,0.11,4.08
623,2020-01-10,10.68,10.44,10.73,10.38,438997,479267232.0,3.33,-0.67,-0.07,3.63
624,2020-01-13,10.29,10.67,10.69,10.02,671570,720900224.0,6.42,2.2,0.23,5.56
625,2020-01-14,10.68,10.44,10.72,10.42,534689,586327936.0,2.81,-2.16,-0.23,4.42
626,2020-01-15,10.44,10.47,10.56,10.33,346085,375497744.0,2.2,0.29,0.03,2.86
627,2020-01-16,10.48,10.37,10.52,10.34,297215,320963280.0,1.72,-0.96,-0.1,2.46
628,2020-01-17,10.46,10.49,10.78,10.43,584113,642120624.0,3.38,1.16,0.12,4.83
629,2020-01-20,10.42,10.69,10.71,10.38,501219,552024912.0,3.15,1.91,0.2,4.15
630,2020-01-21,10.63,10.65,10.98,10.54,696467,775459104.0,4.12,-0.37,-0.04,5.76
631,2020-01-22,10.51,10.83,10.89,10.4,655104,725401152.0,4.6,1.69,0.18,5.42
632,2020-01-23,10.71,10.18,10.75,9.86,769814,829497936.0,8.22,-6.0,-0.65,6.37
633,2020-02-03,9.12,9.12,9.12,9.12,64723,61551573.0,0.0,-10.41,-1.06,0.54
634,2020-02-04,8.24,8.88,9.09,8.24,903880,832442160.0,9.32,-2.63,-0.24,7.48
635,2020-02-05,8.92,9.23,9.71,8.91,761852,735370096.0,9.01,3.94,0.35,6.3
636,2020-02-06,9.17,9.8,9.91,9.14,1008662,1006661392.0,8.34,6.18,0.57,8.35
637,2020-02-07,9.71,9.82,10.03,9.57,879386,897342224.0,4.69,0.2,0.02,7.28
638,2020-02-10,9.75,9.99,10.14,9.71,673410,696557744.0,4.38,1.73,0.17,5.57
639,2020-02-11,10.17,9.76,10.22,9.71,635149,655806720.0,5.11,-2.3,-0.23,5.26
640,2020-02-12,9.68,10.1,10.11,9.64,823046,850957200.0,4.82,3.48,0.34,6.81
641,2020-02-13,10.11,9.81,10.26,9.8,688086,714923696.0,4.55,-2.87,-0.29,5.69
642,2020-02-14,9.78,10.09,10.27,9.73,801791,836020704.0,5.5,2.85,0.28,6.63
643,2020-02-17,10.36,10.51,10.57,10.17,1018023,1094038816.0,3.96,4.16,0.42,8.42
644,2020-02-18,10.41,10.33,10.53,10.24,741336,796363968.0,2.76,-1.71,-0.18,6.13
645,2020-02-19,10.34,10.21,10.59,10.17,858565,926489632.0,4.07,-1.16,-0.12,7.1
646,2020-02-20,10.26,11.07,11.26,10.12,1529247,1690027840.0,11.17,8.42,0.86,12.65
647,2020-02-21,10.97,11.13,11.59,10.73,1437765,1655627120.0,7.77,0.54,0.06,11.9
648,2020-02-24,10.88,11.27,11.58,10.88,1128807,1313214016.0,6.29,1.26,0.14,9.34
649,2020-02-25,10.95,11.39,11.49,10.66,1350484,1559570480.0,7.36,1.06,0.12,11.17
650,2020-02-26,11.18,11.26,11.82,11.09,1523193,1808651344.0,6.41,-1.14,-0.13,12.6
651,2020-02-27,11.4,11.22,11.77,11.07,1067625,1259388096.0,6.22,-0.36,-0.04,8.83
652,2020-02-28,10.61,10.15,10.92,10.12,1075067,1173037056.0,7.13,-9.54,-1.07,8.9
653,2020-03-02,10.32,10.65,10.8,10.24,796469,869860928.0,5.52,4.93,0.5,6.59
654,2020-03-03,10.9,10.8,11.15,10.64,823667,928394656.0,4.79,1.41,0.15,6.82
655,2020-03-04,10.74,11.29,11.31,10.67,970171,1107871472.0,5.93,4.54,0.49,8.03
656,2020-03-05,11.52,12.36,12.46,11.24,2561771,3182947424.0,10.81,9.48,1.07,21.2
657,2020-03-06,11.97,11.62,12.13,11.55,1588131,1932073776.0,4.69,-5.99,-0.74,13.14
658,2020-03-09,11.31,11.4,11.88,11.04,1235675,1470058880.0,7.23,-1.89,-0.22,10.22
659,2020-03-10,11.52,11.94,12.06,11.2,1347403,1628174624.0,7.54,4.74,0.54,11.15
660,2020-03-11,11.91,11.47,12.01,11.43,971758,1179580928.0,4.86,-3.94,-0.47,8.04
661,2020-03-12,11.28,11.54,11.63,11.19,735951,867907152.0,3.84,0.61,0.07,6.09
662,2020-03-13,10.96,11.56,11.71,10.76,1006505,1173619296.0,8.23,0.17,0.02,8.33
663,2020-03-16,11.51,10.39,11.56,10.37,994198,1130392000.0,10.29,-10.12,-1.17,8.23
664,2020-03-17,10.63,10.43,10.77,10.04,674626,729264304.0,7.03,0.38,0.04,5.58
665,2020-03-18,10.61,9.95,10.73,9.92,695862,750156704.0,7.77,-4.6,-0.48,5.76
666,2020-03-19,9.92,10.18,10.38,9.77,657020,686967664.0,6.13,2.31,0.23,5.44
667,2020-03-20,10.25,10.21,10.29,9.98,401961,423612016.0,3.05,0.29,0.03,3.33
668,2020-03-23,9.79,9.59,10.06,9.47,426963,434236096.0,5.78,-6.07,-0.62,3.53
669,2020-03-24,9.85,9.8,9.9,9.47,430154,435922384.0,4.48,2.19,0.21,3.56
670,2020-03-25,10.03,10.05,10.15,9.92,493974,515293232.0,2.35,2.55,0.25,4.09
671,2020-03-26,9.94,9.8,10.05,9.76,339657,349282816.0,2.89,-2.49,-0.25,2.81
672,2020-03-27,9.94,9.85,10.18,9.83,414862,429312240.0,3.57,0.51,0.05,3.43
673,2020-03-30,9.62,9.71,9.82,9.52,296288,297762240.0,3.05,-1.42,-0.14,2.45
674,2020-03-31,9.86,9.62,9.89,9.61,269410,272954896.0,2.88,-0.93,-0.09,2.23
675,2020-04-01,9.55,9.57,9.82,9.54,270144,272108224.0,2.91,-0.52,-0.05,2.24
676,2020-04-02,9.52,9.79,9.79,9.5,318229,319626144.0,3.03,2.3,0.22,2.63
677,2020-04-03,9.76,9.57,9.78,9.53,252317,252894094.0,2.55,-2.25,-0.22,2.09
678,2020-04-07,9.78,9.87,9.95,9.71,488878,498848832.0,2.51,3.13,0.3,4.05
679,2020-04-08,9.75,9.76,9.84,9.73,277967,282524464.0,1.11,-1.11,-0.11,2.3
680,2020-04-09,9.91,9.9,10.13,9.87,465278,482578112.0,2.66,1.43,0.14,3.85
681,2020-04-10,9.99,9.72,9.99,9.66,320347,327027616.0,3.33,-1.82,-0.18,2.65
682,2020-04-13,9.71,9.71,9.86,9.63,230760,233747710.0,2.37,-0.1,-0.01,1.91
683,2020-04-14,9.78,9.99,10.07,9.72,402138,413210368.0,3.6,2.88,0.28,3.33
684,2020-04-15,9.92,9.78,10.03,9.76,349042,358622336.0,2.7,-2.1,-0.21,2.89
685,2020-04-16,9.69,9.77,9.93,9.64,364339,371017552.0,2.97,-0.1,-0.01,3.01
686,2020-04-17,9.82,9.72,9.89,9.71,306139,312169440.0,1.84,-0.51,-0.05,2.53
687,2020-04-20,9.78,9.73,9.78,9.67,229538,232099291.0,1.13,0.1,0.01,1.9
688,2020-04-21,9.67,9.45,9.68,9.37,363404,359532832.0,3.19,-2.88,-0.28,3.01
689,2020-04-22,9.36,9.46,9.49,9.33,221808,217393486.0,1.69,0.11,0.01,1.84
690,2020-04-23,9.52,9.32,9.52,9.31,188044,183920038.0,2.22,-1.48,-0.14,1.56
691,2020-04-24,9.29,8.97,9.34,8.94,293761,279235488.0,4.29,-3.76,-0.35,2.43
692,2020-04-27,8.97,8.88,9.05,8.86,198100,185356203.0,2.12,-1.0,-0.09,1.64
693,2020-04-28,9.04,9.0,9.12,8.79,302817,284202368.0,3.72,1.35,0.12,2.51
694,2020-04-29,8.92,9.05,9.11,8.91,198253,186806618.0,2.22,0.56,0.05,1.64
695,2020-04-30,9.13,9.43,9.46,9.12,462025,450148784.0,3.76,4.2,0.38,3.82
696,2020-05-06,9.26,9.53,9.55,9.26,346286,338850512.0,3.08,1.06,0.1,2.87
697,2020-05-07,9.55,9.53,9.72,9.45,377134,376470192.0,2.83,0.0,0.0,3.12
698,2020-05-08,9.65,9.79,10.01,9.55,558234,567945888.0,4.83,2.73,0.26,4.62
699,2020-05-11,9.81,9.71,9.93,9.64,323853,328640480.0,2.96,-0.82,-0.08,2.68
700,2020-05-12,9.73,9.66,9.79,9.52,209015,209913387.0,2.78,-0.51,-0.05,1.73
701,2020-05-13,9.65,9.73,9.75,9.57,199737,201008047.0,1.86,0.72,0.07,1.65
702,2020-05-14,9.63,9.54,9.66,9.52,202434,201902406.0,1.44,-1.95,-0.19,1.68
703,2020-05-15,9.59,9.55,9.66,9.52,167049,166620281.0,1.47,0.1,0.01,1.38
704,2020-05-18,9.49,9.41,9.58,9.33,203095,200229314.0,2.62,-1.47,-0.14,1.68
705,2020-05-19,9.56,9.61,9.7,9.53,223126,223006416.0,1.81,2.13,0.2,1.85
706,2020-05-20,9.64,9.51,9.64,9.46,205518,203832527.0,1.87,-1.04,-0.1,1.7
707,2020-05-21,9.57,9.34,9.57,9.32,179956,176680359.0,2.63,-1.79,-0.17,1.49
708,2020-05-22,9.31,9.02,9.38,9.01,262324,250618994.0,3.96,-3.43,-0.32,2.17
709,2020-05-25,9.02,8.92,9.04,8.87,192537,179607157.0,1.88,-1.11,-0.1,1.59
710,2020-05-26,8.97,9.13,9.14,8.95,195473,185004657.0,2.13,2.35,0.21,1.62
711,2020-05-27,9.19,9.07,9.29,9.01,190403,181743842.0,3.07,-0.66,-0.06,1.58
712,2020-05-28,9.06,9.48,9.76,9.06,560447,552633312.0,7.72,4.52,0.41,4.64
713,2020-05-29,9.4,9.46,9.46,9.28,273289,266640060.0,1.9,-0.21,-0.02,2.26
714,2020-06-01,10.04,9.96,10.16,9.79,772562,799500832.0,3.91,5.29,0.5,6.39
715,2020-06-02,9.9,9.78,10.05,9.74,525279,539130992.0,3.11,-1.81,-0.18,4.35
716,2020-06-03,9.84,9.57,9.9,9.54,414252,418448224.0,3.68,-2.15,-0.21,3.43
717,2020-06-04,9.64,9.58,9.73,9.54,241640,241475890.0,1.99,0.1,0.01,2.0
718,2020-06-05,9.57,9.73,9.77,9.51,342322,343730592.0,2.71,1.57,0.15,2.83
719,2020-06-08,9.74,9.59,9.79,9.57,218353,219292546.0,2.26,-1.44,-0.14,1.81
720,2020-06-09,9.63,9.7,9.83,9.6,322260,326052080.0,2.4,1.15,0.11,2.67
721,2020-06-10,9.68,9.56,9.68,9.53,204822,204053174.0,1.55,-1.44,-0.14,1.69
722,2020-06-11,9.57,9.52,9.75,9.48,235972,233565373.0,2.82,-0.42,-0.04,1.95
723,2020-06-12,9.29,9.43,9.53,9.21,265656,257887222.0,3.36,-0.95,-0.09,2.2
724,2020-06-15,9.45,9.31,9.64,9.3,279158,273122128.0,3.61,-1.27,-0.12,2.31
725,2020-06-16,9.4,9.41,9.45,9.31,227891,220645480.0,1.5,1.07,0.1,1.89
726,2020-06-17,9.42,9.41,9.45,9.3,178261,172134093.0,1.59,0.0,0.0,1.48
727,2020-06-18,9.36,9.44,9.53,9.29,298665,290097488.0,2.55,0.32,0.03,2.47
728,2020-06-19,9.41,9.81,9.89,9.34,740964,737202752.0,5.83,3.92,0.37,6.13
729,2020-06-22,9.7,9.9,10.27,9.7,863296,892059120.0,5.81,0.92,0.09,7.14
730,2020-06-23,9.86,9.95,9.96,9.77,455646,464447776.0,1.92,0.51,0.05,3.77
731,2020-06-24,10.1,9.81,10.1,9.76,445222,454126976.0,3.42,-1.41,-0.14,3.68
732,2020-06-29,9.61,9.42,9.65,9.4,432998,423769744.0,2.55,-3.98,-0.39,1.3
733,2020-06-30,9.5,9.61,9.76,9.33,528089,519377440.0,4.56,2.02,0.19,1.58
734,2020-07-01,9.61,10.6,10.6,9.58,1518887,1609771632.0,10.61,10.3,0.99,4.56
735,2020-07-02,10.85,11.69,11.69,10.79,2021537,2345979616.0,8.49,10.28,1.09,6.06
736,2020-07-03,12.89,12.89,12.89,12.89,340085,448572096.0,0.0,10.27,1.2,1.02
737,2020-07-06,14.21,14.21,14.21,14.21,102282,148411719.0,0.0,10.24,1.32,0.31
738,2020-07-07,15.66,15.66,15.66,15.66,366244,584525680.0,0.0,10.2,1.45,1.1
739,2020-07-08,17.26,17.26,17.26,16.8,2101521,3676115536.0,2.94,10.22,1.6,6.3
740,2020-07-09,18.7,19.02,19.02,18.4,1154877,2209686624.0,3.59,10.2,1.76,3.46
741,2020-07-10,20.55,19.93,20.95,19.86,5062643,10563792896.0,5.73,4.78,0.91,15.19
742,2020-07-13,19.2,19.45,20.55,18.22,4021862,7901350656.0,11.69,-2.41,-0.48,11.85
743,2020-07-14,18.8,19.88,20.09,18.58,3083060,6077451264.0,7.76,2.21,0.43,9.08
744,2020-07-15,19.8,18.69,20.37,18.56,2911884,5786452224.0,9.1,-5.99,-1.19,8.58
745,2020-07-16,18.75,16.79,18.95,16.79,2437546,4455572736.0,11.56,-10.17,-1.9,7.18
746,2020-07-17,16.79,15.92,16.94,15.41,2160001,3525155840.0,9.11,-5.18,-0.87,6.36
747,2020-07-20,16.21,16.45,16.85,15.96,1951636,3250490640.0,5.59,3.33,0.53,5.75
748,2020-07-21,16.59,16.05,16.59,15.59,1620842,2640876800.0,6.08,-2.43,-0.4,4.78
749,2020-07-22,16.24,16.54,17.5,16.11,2452067,4187089664.0,8.66,3.05,0.49,7.23
750,2020-07-23,16.0,16.93,17.33,15.93,1975235,3342850096.0,8.46,2.36,0.39,5.82
751,2020-07-24,16.6,15.39,16.66,15.29,1650097,2683249776.0,8.09,-9.1,-1.54,4.86
752,2020-07-27,15.5,15.7,15.8,14.98,1078903,1703637168.0,5.33,2.01,0.31,3.18
753,2020-07-28,15.86,15.65,15.9,15.32,845981,1343368288.0,3.69,-0.32,-0.05,2.49
754,2020-07-29,15.54,16.4,16.75,15.45,1497126,2480728336.0,8.31,4.79,0.75,4.41
755,2020-07-30,16.3,16.01,16.56,15.96,1056390,1745304944.0,3.66,-2.38,-0.39,3.11
756,2020-07-31,15.92,16.22,16.59,15.84,1149563,1902455056.0,4.68,1.31,0.21,3.39
757,2020-08-03,16.55,16.5,16.63,16.11,1203735,2001246640.0,3.21,1.73,0.28,3.55
758,2020-08-04,16.52,16.18,16.65,16.11,1016844,1693027888.0,3.27,-1.94,-0.32,3.0
759,2020-08-05,15.92,16.02,16.15,15.65,862514,1396213216.0,3.09,-0.99,-0.16,2.54
760,2020-08-06,16.1,17.4,17.65,15.98,1791412,3030416032.0,10.42,8.61,1.38,5.28
761,2020-08-07,16.65,16.41,17.35,16.0,1694597,2856207920.0,7.76,-5.69,-0.99,4.99
762,2020-08-10,16.08,16.23,16.82,15.91,1125942,1882375072.0,5.55,-1.1,-0.18,3.32
763,2020-08-11,16.11,15.64,16.52,15.54,985513,1618072512.0,6.04,-3.64,-0.59,2.85
764,2020-08-12,15.45,15.11,15.57,14.76,903941,1397750192.0,5.18,-3.39,-0.53,2.62
765,2020-08-13,15.16,15.1,15.48,14.85,730516,1127877584.0,4.17,-0.07,-0.01,2.11
766,2020-08-14,14.9,15.17,15.27,14.82,577554,887038160.0,2.98,0.46,0.07,1.67
767,2020-08-17,15.56,16.08,16.55,15.41,1370662,2225405680.0,7.51,6.0,0.91,3.97
768,2020-08-18,15.9,15.8,16.07,15.7,849009,1372054576.0,2.3,-1.74,-0.28,2.46
769,2020-08-19,15.71,15.29,15.86,15.21,696356,1107756576.0,4.11,-3.23,-0.51,1.98
770,2020-08-20,15.01,14.91,15.15,14.83,545813,834826496.0,2.09,-2.49,-0.38,1.55
771,2020-08-21,15.08,14.98,15.28,14.71,605862,924518864.0,3.82,0.47,0.07,1.72
772,2020-08-24,14.97,14.68,15.07,14.44,699604,1046527456.0,4.21,-2.0,-0.3,1.94
773,2020-08-25,14.66,14.4,14.83,14.3,663677,988508368.0,3.61,-1.91,-0.28,1.84
774,2020-08-26,14.4,14.39,14.77,14.26,859518,1273131168.0,3.54,-0.07,-0.01,2.38
775,2020-08-27,14.33,14.6,14.6,14.11,639796,940696496.0,3.41,1.46,0.21,1.77
776,2020-08-28,14.55,14.89,14.97,14.4,849355,1275627872.0,3.9,1.99,0.29,2.35
777,2020-08-31,15.19,14.58,15.37,14.58,928717,1429189136.0,5.31,-2.08,-0.31,2.57
778,2020-09-01,14.7,14.85,14.88,14.58,504262,757141680.0,2.06,1.85,0.27,1.4
779,2020-09-02,14.82,15.0,15.25,14.69,696358,1061954272.0,3.77,1.01,0.15,1.93
780,2020-09-03,15.01,14.99,15.39,14.86,714237,1100961376.0,3.53,-0.07,-0.01,1.98
781,2020-09-04,14.65,14.8,14.98,14.58,446630,674139360.0,2.67,-1.27,-0.19,1.24
782,2020-09-07,14.74,14.84,15.35,14.73,929100,1427166880.0,4.19,0.27,0.04,2.57
783,2020-09-08,14.9,15.02,15.22,14.39,830974,1256889776.0,5.59,1.21,0.18,2.3
784,2020-09-09,14.76,14.39,14.87,14.38,609683,911764272.0,3.26,-4.19,-0.63,1.69
785,2020-09-10,14.58,13.67,14.6,13.62,613700,885733904.0,6.81,-5.0,-0.72,1.7
786,2020-09-11,13.55,13.69,13.73,13.31,491415,681865152.0,3.07,0.15,0.02,1.36
787,2020-09-14,13.69,13.78,13.97,13.62,379295,533245856.0,2.56,0.66,0.09,1.05
788,2020-09-15,13.77,13.82,13.91,13.65,304849,429468192.0,1.89,0.29,0.04,0.84
789,2020-09-16,13.8,13.69,14.1,13.6,460414,652305648.0,3.62,-0.94,-0.13,1.27
790,2020-09-17,13.62,13.69,13.85,13.43,423649,590379280.0,3.07,0.0,0.0,1.17
791,2020-09-18,13.7,15.09,15.09,13.63,1280113,1892942736.0,10.66,10.23,1.4,3.54
792,2020-09-21,16.63,15.78,16.63,15.64,2867210,4754759680.0,6.56,4.57,0.69,7.93
793,2020-09-22,15.5,15.94,16.68,15.28,2343318,3837059712.0,8.87,1.01,0.16,6.48
794,2020-09-23,15.71,15.42,15.86,15.33,1179109,1868493952.0,3.32,-3.26,-0.52,3.26
795,2020-09-24,15.22,15.63,16.15,15.21,1214329,1950654688.0,6.1,1.36,0.21,3.36
796,2020-09-25,15.87,16.65,17.19,15.87,1974893,3299918672.0,8.45,6.53,1.02,5.46
797,2020-09-28,16.21,16.44,16.68,16.16,999879,1676893600.0,3.12,-1.26,-0.21,2.77
798,2020-09-29,16.68,16.98,17.57,16.65,1416525,2474200576.0,5.6,3.28,0.54,3.92
799,2020-09-30,16.8,17.41,17.48,16.48,1324531,2291071056.0,5.89,2.53,0.43,3.66
800,2020-10-09,18.09,17.52,18.2,16.86,1458359,2572441200.0,7.7,0.63,0.11,4.04
801,2020-10-12,17.27,17.66,18.14,17.2,1580437,2850465120.0,5.37,0.8,0.14,4.37
802,2020-10-13,16.93,16.28,17.0,16.0,1613590,2702995312.0,5.66,-7.81,-1.38,4.46
803,2020-10-14,16.26,16.11,16.43,16.0,736137,1210999440.0,2.64,-1.04,-0.17,2.04
804,2020-10-15,16.06,16.06,16.43,16.05,575247,948809152.0,2.36,-0.31,-0.05,1.59
805,2020-10-16,16.1,16.19,16.23,15.85,556655,910805376.0,2.37,0.81,0.13,1.54
806,2020-10-19,16.19,15.87,16.35,15.85,547331,896991408.0,3.09,-1.98,-0.32,1.51
807,2020-10-20,15.7,16.08,16.08,15.46,489354,785307728.0,3.91,1.32,0.21,1.35
808,2020-10-21,15.98,15.88,16.14,15.81,392169,636989072.0,2.05,-1.24,-0.2,1.09
809,2020-10-22,15.85,16.3,16.47,15.76,710205,1167587296.0,4.47,2.64,0.42,1.97
810,2020-10-23,16.23,15.72,16.36,15.7,549677,901280048.0,4.05,-3.56,-0.58,1.52
811,2020-10-26,15.43,14.5,15.44,14.4,933339,1406721776.0,6.62,-7.76,-1.22,2.58
812,2020-10-27,14.4,14.55,14.59,14.22,503069,741204992.0,2.55,0.34,0.05,1.39
813,2020-10-28,14.55,14.52,14.64,14.35,400737,594209792.0,1.99,-0.21,-0.03,1.11
814,2020-10-29,14.25,15.16,15.49,14.16,813326,1229572704.0,9.16,4.41,0.64,2.25
815,2020-10-30,15.0,14.56,15.17,14.52,538706,815076016.0,4.29,-3.96,-0.6,1.49
816,2020-11-02,14.58,14.55,15.1,14.3,514255,769685376.0,5.49,-0.07,-0.01,1.42
817,2020-11-03,14.51,14.82,15.08,14.46,546422,826584032.0,4.26,1.86,0.27,1.51
818,2020-11-04,14.8,14.67,14.89,14.51,404994,606438304.0,2.56,-1.01,-0.15,1.12
819,2020-11-05,14.9,14.94,15.21,14.83,526161,803052128.0,2.59,1.84,0.27,1.46
820,2020-11-06,14.95,15.36,15.65,14.9,960623,1500725744.0,5.02,2.81,0.42,2.66
821,2020-11-09,15.58,15.98,16.35,14.9,1141480,1829172528.0,9.44,4.04,0.62,3.16
822,2020-11-10,15.97,15.48,15.97,15.43,701647,1121613952.0,3.38,-3.13,-0.5,1.94
823,2020-11-11,15.46,15.15,15.58,15.12,443514,691655408.0,2.97,-2.13,-0.33,1.23
824,2020-11-12,15.25,15.27,15.46,15.04,373446,580978832.0,2.77,0.79,0.12,1.03
825,2020-11-13,15.2,14.97,15.2,14.94,335848,515396576.0,1.7,-1.96,-0.3,0.93
826,2020-11-16,15.11,14.92,15.21,14.78,318168,485813280.0,2.87,-0.33,-0.05,0.88
827,2020-11-17,14.97,15.31,15.32,14.78,451337,689833984.0,3.62,2.61,0.39,1.25
828,2020-11-18,15.35,15.54,16.0,15.35,778172,1245360544.0,4.25,1.5,0.23,2.15
829,2020-11-19,15.35,15.79,15.91,15.01,683813,1082242672.0,5.79,1.61,0.25,1.89
830,2020-11-20,15.7,15.78,16.09,15.64,523981,846074656.0,2.85,-0.06,-0.01,1.45
831,2020-11-23,15.65,16.07,16.55,15.46,1096674,1798365456.0,6.91,1.84,0.29,3.03
832,2020-11-24,15.95,15.73,16.06,15.7,587911,950155920.0,2.24,-2.12,-0.34,1.63
833,2020-11-25,15.91,15.36,16.04,15.34,560050,895605168.0,4.45,-2.35,-0.37,1.55
834,2020-11-26,15.35,15.48,15.58,15.17,407029,636862128.0,2.67,0.78,0.12,1.13
835,2020-11-27,15.41,16.2,16.26,15.4,1066280,1736597008.0,5.56,4.65,0.72,2.95
836,2020-11-30,16.26,16.19,16.88,15.9,1528930,2563244160.0,6.05,-0.06,-0.01,4.23
837,2020-12-01,15.91,16.54,16.8,15.83,1200092,1996141104.0,5.99,2.16,0.35,3.32
838,2020-12-02,16.52,16.38,16.8,16.25,920047,1546096160.0,3.33,-0.97,-0.16,2.55
839,2020-12-03,16.31,16.2,16.5,16.09,611303,1013220192.0,2.5,-1.1,-0.18,1.69
840,2020-12-04,16.12,15.98,16.14,15.8,445876,724541360.0,2.1,-1.36,-0.22,1.23
841,2020-12-07,15.95,15.9,16.35,15.9,481636,789666544.0,2.82,-0.5,-0.08,1.33
842,2020-12-08,15.81,15.92,16.09,15.76,391968,636338368.0,2.08,0.13,0.02,1.08
843,2020-12-09,15.95,14.87,16.12,14.86,829698,1310836448.0,7.91,-6.6,-1.05,2.3
844,2020-12-10,14.78,14.87,15.0,14.51,611939,924117344.0,3.3,0.0,0.0,1.69
845,2020-12-11,14.73,14.61,14.86,14.41,568101,848496048.0,3.03,-1.75,-0.26,1.57
846,2020-12-14,14.64,14.54,14.74,14.41,294862,438151216.0,2.26,-0.48,-0.07,0.82
847,2020-12-15,14.56,14.78,14.94,14.51,380333,573053568.0,2.96,1.65,0.24,1.05
848,2020-12-16,14.65,14.6,14.82,14.56,299087,447842080.0,1.76,-1.22,-0.18,0.83
849,2020-12-17,14.54,14.95,15.04,14.41,554520,836209008.0,4.32,2.4,0.35,1.53
850,2020-12-18,14.91,14.72,15.03,14.65,365731,553321328.0,2.54,-1.54,-0.23,1.01
851,2020-12-21,14.58,14.71,14.9,14.53,365236,547574672.0,2.51,-0.07,-0.01,1.01
852,2020-12-22,14.67,13.8,14.76,13.79,693928,1009565856.0,6.59,-6.19,-0.91,1.92
853,2020-12-23,13.85,13.89,14.05,13.73,445819,632352480.0,2.32,0.65,0.09,1.23
854,2020-12-24,13.89,13.58,14.04,13.51,352084,494148688.0,3.82,-2.23,-0.31,0.97
855,2020-12-25,13.4,13.72,13.82,13.33,387604,540011856.0,3.61,1.03,0.14,1.07
856,2020-12-28,13.61,13.67,13.92,13.52,323923,454352928.0,2.92,-0.36,-0.05,0.9
857,2020-12-29,13.72,13.57,13.98,13.53,431213,606931168.0,3.29,-0.73,-0.1,1.19
858,2020-12-30,13.5,13.91,13.91,13.39,444696,623008256.0,3.83,2.51,0.34,1.23
859,2020-12-31,14.03,15.0,15.07,14.02,1174594,1750040080.0,7.55,7.84,1.09,3.25
860,2021-01-04,15.15,14.87,15.24,14.67,841675,1279130096.0,3.8,-0.87,-0.13,2.33
861,2021-01-05,14.74,14.82,14.98,14.52,653057,983779344.0,3.09,-0.34,-0.05,1.81
862,2021-01-06,14.86,14.59,15.02,14.4,533016,797968976.0,4.18,-1.55,-0.23,1.47
863,2021-01-07,14.58,14.66,14.73,14.21,507695,752766592.0,3.56,0.48,0.07,1.4
864,2021-01-08,14.6,14.49,14.76,14.43,319405,474738544.0,2.25,-1.16,-0.17,0.88
865,2021-01-11,14.65,14.17,14.74,14.04,439467,646586064.0,4.83,-2.21,-0.32,1.22
866,2021-01-12,14.0,14.69,14.8,13.69,858562,1254615856.0,7.83,3.67,0.52,2.38
867,2021-01-13,14.6,13.89,14.66,13.86,654288,950030512.0,5.45,-5.45,-0.8,1.81
868,2021-01-14,13.8,13.6,14.0,13.6,439979,616757984.0,2.88,-2.09,-0.29,1.22
869,2021-01-15,13.59,13.66,13.81,13.53,275039,384675616.0,2.06,0.44,0.06,0.76
870,2021-01-18,13.68,13.7,13.85,13.65,311276,437440912.0,1.46,0.29,0.04,0.86
871,2021-01-19,13.68,13.65,13.87,13.58,316765,443473632.0,2.12,-0.36,-0.05,0.88
872,2021-01-20,13.63,13.64,13.75,13.6,248650,346911872.0,1.1,-0.07,-0.01,0.69
873,2021-01-21,13.72,13.95,14.28,13.7,639395,914122976.0,4.25,2.27,0.31,1.77
874,2021-01-22,13.82,13.52,13.87,13.41,540504,751359696.0,3.3,-3.08,-0.43,1.5
875,2021-01-25,13.54,13.24,13.59,13.22,422221,578648016.0,2.74,-2.07,-0.28,1.17
876,2021-01-26,13.2,12.61,13.2,12.57,514154,675307120.0,4.76,-4.76,-0.63,1.42
877,2021-01-27,12.81,13.01,13.44,12.81,590173,791300080.0,5.0,3.17,0.4,1.63
878,2021-01-28,12.7,13.02,13.16,12.61,427453,567750176.0,4.23,0.08,0.01,1.18
879,2021-01-29,13.06,12.94,13.24,12.7,341180,452022176.0,4.15,-0.61,-0.08,0.94
880,2021-02-01,13.0,12.82,13.09,12.77,245844,324806192.0,2.47,-0.93,-0.12,0.68
881,2021-02-02,12.82,13.13,13.19,12.76,351993,469622624.0,3.35,2.42,0.31,0.97
882,2021-02-03,13.0,12.89,13.14,12.81,274841,364368544.0,2.51,-1.83,-0.24,0.76
883,2021-02-04,12.83,12.6,13.09,12.51,353431,462084944.0,4.5,-2.25,-0.29,0.98
884,2021-02-05,12.67,11.93,12.75,11.83,475230,597573376.0,7.3,-5.32,-0.67,1.31
885,2021-02-08,11.9,12.07,12.21,11.88,308128,380876656.0,2.77,1.17,0.14,0.85
886,2021-02-09,12.1,12.61,12.64,11.92,398583,504599408.0,5.97,4.47,0.54,1.1
887,2021-02-10,12.69,12.59,12.78,12.42,280750,361445152.0,2.85,-0.16,-0.02,0.78
888,2021-02-18,12.9,12.86,13.18,12.75,388338,514211792.0,3.42,2.14,0.27,1.07
889,2021-02-19,12.95,13.12,13.16,12.87,368575,492602256.0,2.26,2.02,0.26,1.02
890,2021-02-22,13.08,12.7,13.28,12.69,574678,764837328.0,4.5,-3.2,-0.42,1.59
891,2021-02-23,12.61,12.6,12.84,12.56,312188,405085184.0,2.2,-0.79,-0.1,0.86
892,2021-02-24,12.64,12.52,12.79,12.37,329803,425641840.0,3.33,-0.63,-0.08,0.91
893,2021-02-25,12.58,12.55,12.7,12.43,259384,333636544.0,2.16,0.24,0.03,0.72
894,2021-02-26,12.4,12.28,12.54,12.25,285324,361555760.0,2.31,-2.15,-0.27,0.79
895,2021-03-01,12.38,12.6,12.6,12.28,277307,353677216.0,2.61,2.61,0.32,0.77
896,2021-03-02,12.53,12.36,12.67,12.34,234615,299805632.0,2.62,-1.9,-0.24,0.65
897,2021-03-03,12.32,12.53,12.61,12.31,217997,278836176.0,2.43,1.38,0.17,0.6
898,2021-03-04,12.49,12.25,12.52,12.19,268909,340166160.0,2.63,-2.23,-0.28,0.74
899,2021-03-05,12.22,12.99,13.39,12.2,869460,1150435312.0,9.71,6.04,0.74,2.41
900,2021-03-08,13.06,12.78,13.28,12.77,663517,884663168.0,3.93,-1.62,-0.21,1.84
901,2021-03-09,12.72,12.52,12.9,12.3,492088,636130368.0,4.69,-2.03,-0.26,1.36
902,2021-03-10,12.6,12.78,12.88,12.33,462178,598575312.0,4.39,2.08,0.26,1.28
903,2021-03-11,12.72,13.13,13.15,12.65,537467,709319872.0,3.91,2.74,0.35,1.49
904,2021-03-12,13.03,13.26,13.77,12.88,762810,1038370320.0,6.78,0.99,0.13,2.11
905,2021-03-15,13.01,12.84,13.1,12.71,438536,578598592.0,2.94,-3.17,-0.42,1.21
906,2021-03-16,12.8,12.84,12.91,12.64,246880,323211824.0,2.1,0.0,0.0,0.68
907,2021-03-17,12.81,13.03,13.13,12.75,367807,489725056.0,2.96,1.48,0.19,1.02
908,2021-03-18,13.13,12.89,13.23,12.88,470437,629745424.0,2.69,-1.07,-0.14,1.3
909,2021-03-19,12.74,12.67,12.92,12.62,338903,441930544.0,2.33,-1.71,-0.22,0.94
910,2021-03-22,12.65,12.84,13.0,12.65,332890,437286288.0,2.76,1.34,0.17,0.92
911,2021-03-23,12.8,13.03,13.2,12.73,502583,668104512.0,3.66,1.48,0.19,1.39
912,2021-03-24,12.98,13.25,13.65,12.94,773772,1055331984.0,5.45,1.69,0.22,2.14
913,2021-03-25,13.13,13.1,13.54,13.03,445454,604832256.0,3.85,-1.13,-0.15,1.23
914,2021-03-26,13.12,13.11,13.21,12.95,319304,426798416.0,1.98,0.08,0.01,0.88
915,2021-03-29,13.06,13.0,13.15,12.92,269987,359462416.0,1.75,-0.84,-0.11,0.75
916,2021-03-30,13.01,12.94,13.14,12.91,249826,332177216.0,1.77,-0.46,-0.06,0.69
917,2021-03-31,12.91,12.5,12.97,12.41,412851,534386352.0,4.33,-3.4,-0.44,1.14
918,2021-04-01,12.51,12.53,12.6,12.41,209861,268708544.0,1.52,0.24,0.03,0.58
919,2021-04-02,12.5,12.58,12.6,12.46,177710,227892212.0,1.12,0.4,0.05,0.49
920,2021-04-06,12.65,12.51,12.67,12.5,162756,209362995.0,1.35,-0.56,-0.07,0.45
921,2021-04-07,12.55,12.56,12.67,12.45,186296,239354839.0,1.76,0.4,0.05,0.52
922,2021-04-08,12.52,12.58,12.77,12.51,269278,348937216.0,2.07,0.16,0.02,0.75
923,2021-04-09,12.54,12.29,12.57,12.26,304708,386628000.0,2.46,-2.31,-0.29,0.84
924,2021-04-12,12.21,11.64,12.28,11.6,545817,665017104.0,5.53,-5.29,-0.65,1.51
925,2021-04-13,11.7,11.6,11.78,11.42,314570,374045424.0,3.09,-0.34,-0.04,0.87
926,2021-04-14,11.59,11.6,11.74,11.52,342259,408542400.0,1.9,0.0,0.0,0.95
927,2021-04-15,11.59,11.5,11.59,11.36,267923,315219264.0,1.98,-0.86,-0.1,0.74
928,2021-04-16,11.55,11.59,11.61,11.48,183995,218126186.0,1.13,0.78,0.09,0.51
929,2021-04-19,11.59,11.83,11.88,11.52,411181,495071248.0,3.11,2.07,0.24,1.14
930,2021-04-20,11.8,11.67,11.94,11.65,250490,302250368.0,2.45,-1.35,-0.16,0.69
931,2021-04-21,11.58,11.59,11.68,11.53,156172,185721906.0,1.29,-0.69,-0.08,0.43
932,2021-04-22,11.68,11.59,11.75,11.55,233784,279544400.0,1.73,0.0,0.0,0.65
933,2021-04-23,11.54,11.52,11.6,11.46,217095,256489318.0,1.21,-0.6,-0.07,0.6
934,2021-04-26,11.5,11.25,11.63,11.2,351464,412866256.0,3.73,-2.34,-0.27,0.97
935,2021-04-27,11.25,11.22,11.28,10.96,348305,396924592.0,2.84,-0.27,-0.03,0.96
936,2021-04-28,11.2,11.01,11.23,10.98,287402,326629152.0,2.23,-1.87,-0.21,0.8
937,2021-04-29,11.0,11.23,11.34,10.88,472115,542775392.0,4.18,2.0,0.22,1.31
938,2021-04-30,11.3,11.08,11.33,11.06,272565,312504112.0,2.4,-1.34,-0.15,0.75
939,2021-05-06,11.22,10.86,11.31,10.86,316277,358613952.0,4.06,-1.99,-0.22,0.88
940,2021-05-07,10.81,10.83,10.92,10.78,211381,235360073.0,1.29,-0.28,-0.03,0.58
941,2021-05-10,10.83,10.51,10.88,10.29,485815,526563696.0,5.45,-2.95,-0.32,1.34
942,2021-05-11,10.45,11.07,11.36,10.41,634407,710774000.0,9.04,5.33,0.56,1.76
943,2021-05-12,11.0,10.95,11.02,10.83,298926,335025792.0,1.72,-1.08,-0.12,0.83
944,2021-05-13,10.77,10.85,11.01,10.77,212493,237772776.0,2.19,-0.91,-0.1,0.59
945,2021-05-14,10.86,11.97,11.97,10.85,1107204,1322507952.0,10.32,10.32,1.12,3.06
946,2021-05-17,12.22,12.58,13.08,12.0,2342379,3027330832.0,9.02,5.1,0.61,6.48
947,2021-05-18,12.18,12.33,12.63,12.14,1174875,1486891872.0,3.9,-1.99,-0.25,3.25
948,2021-05-19,12.2,12.38,12.53,12.2,897676,1137836960.0,2.68,0.41,0.05,2.48
949,2021-05-20,12.38,12.67,12.94,12.33,1318846,1711133536.0,4.93,2.34,0.29,3.65
950,2021-05-21,12.56,12.37,12.57,12.27,736847,934556752.0,2.37,-2.37,-0.3,2.04
951,2021-05-24,12.37,12.65,12.94,12.37,1018851,1323179184.0,4.61,2.26,0.28,2.82
952,2021-05-25,12.6,13.34,13.81,12.55,1530967,2076663344.0,9.96,5.45,0.69,4.24
953,2021-05-26,13.55,13.03,13.55,13.0,1153509,1562194080.0,4.12,-2.32,-0.31,3.19
954,2021-05-27,12.89,12.96,13.15,12.79,777387,1027880080.0,2.76,-0.54,-0.07,2.15
955,2021-05-28,12.88,12.9,13.2,12.7,809065,1069014320.0,3.86,-0.46,-0.06,2.24
956,2021-05-31,12.92,12.99,12.99,12.72,536152,704976304.0,2.09,0.7,0.09,1.48
957,2021-06-01,12.87,12.62,12.88,12.45,652319,843981120.0,3.31,-2.85,-0.37,1.8
958,2021-06-02,12.62,12.49,12.77,12.39,460540,592823664.0,3.01,-1.03,-0.13,1.27
959,2021-06-03,12.45,12.39,12.71,12.38,446900,574967344.0,2.64,-0.8,-0.1,1.24
960,2021-06-04,12.3,12.67,13.05,12.29,871612,1134368928.0,6.13,2.26,0.28,2.41
961,2021-06-07,12.58,12.78,13.16,12.5,670843,882364288.0,5.21,0.87,0.11,1.86
962,2021-06-08,12.7,13.18,13.4,12.65,1131382,1516642992.0,5.87,3.13,0.4,3.13
963,2021-06-09,13.28,12.89,13.28,12.81,639566,846429712.0,3.57,-2.2,-0.29,1.77
964,2021-06-10,12.89,12.83,13.02,12.75,477250,628334704.0,2.09,-0.47,-0.06,1.32
965,2021-06-11,13.2,12.53,13.29,12.52,937805,1246738192.0,6.0,-2.34,-0.3,2.59
966,2021-06-15,12.35,11.9,12.38,11.89,717165,888657632.0,3.91,-5.03,-0.63,1.98
967,2021-06-16,11.89,12.11,12.33,11.83,541802,670070352.0,4.2,1.76,0.21,1.5
968,2021-06-17,11.97,12.08,12.21,11.97,390263,483072384.0,1.98,-0.25,-0.03,1.08
969,2021-06-18,12.05,12.25,12.35,11.94,486717,607410384.0,3.39,1.41,0.17,1.35
970,2021-06-21,12.28,12.17,12.5,12.13,382870,482298400.0,3.02,-0.65,-0.08,1.06
971,2021-06-22,12.28,12.11,12.33,12.06,315643,392876144.0,2.22,-0.49,-0.06,0.87
972,2021-06-23,12.11,12.22,12.33,11.96,380922,474710592.0,3.06,0.91,0.11,1.05
973,2021-06-24,12.2,12.3,12.47,12.16,445832,562666496.0,2.54,0.65,0.08,1.23
974,2021-06-25,12.33,12.7,12.89,12.2,877420,1134519936.0,5.61,3.25,0.4,2.43
975,2021-06-28,12.84,12.67,12.84,12.54,484013,628024464.0,2.36,-0.24,-0.03,1.34
976,2021-06-29,12.64,12.55,12.78,12.44,383447,494725968.0,2.68,-0.95,-0.12,1.06
977,2021-06-30,12.6,12.78,12.82,12.5,466508,605752896.0,2.55,1.83,0.23,1.29
978,2021-07-01,12.95,12.06,13.05,12.03,663073,844252944.0,7.98,-5.63,-0.72,1.83
979,2021-07-02,11.97,11.71,12.1,11.7,418067,507405824.0,3.32,-2.9,-0.35,1.16
980,2021-07-05,11.73,11.65,11.85,11.5,313119,374204672.0,2.99,-0.51,-0.06,0.87
981,2021-07-06,11.7,11.74,11.75,11.57,248522,297214800.0,1.55,0.77,0.09,0.69
982,2021-07-07,11.65,11.75,11.83,11.61,253660,305252752.0,1.87,0.09,0.01,0.7
983,2021-07-08,11.82,11.8,12.01,11.77,330956,402951728.0,2.04,0.43,0.05,0.92
984,2021-07-09,11.73,11.78,11.88,11.66,280429,338383712.0,1.86,-0.17,-0.02,0.78
985,2021-07-12,11.97,12.02,12.16,11.83,427643,526709696.0,2.8,2.04,0.24,1.18
986,2021-07-13,11.98,11.87,12.01,11.8,279216,339835424.0,1.75,-1.25,-0.15,0.77
987,2021-07-14,11.81,11.73,11.88,11.59,332024,399347408.0,2.44,-1.18,-0.14,0.92
988,2021-07-15,11.7,11.84,11.88,11.63,300407,363037600.0,2.13,0.94,0.11,0.83
989,2021-07-16,11.93,11.75,11.93,11.68,352852,427390880.0,2.11,-0.76,-0.09,0.98
990,2021-07-19,11.7,11.58,11.73,11.52,258750,307660112.0,1.79,-1.45,-0.17,0.72
991,2021-07-20,11.5,11.56,11.71,11.45,218127,259232718.0,2.25,-0.17,-0.02,0.6
992,2021-07-21,11.56,11.7,11.88,11.54,327523,393952528.0,2.94,1.21,0.14,0.91
993,2021-07-22,11.7,12.0,12.08,11.65,508122,620547968.0,3.68,2.56,0.3,1.41
994,2021-07-23,11.98,12.09,12.48,11.85,727849,907865056.0,5.25,0.75,0.09,2.01
995,2021-07-26,12.1,11.68,12.24,11.65,603945,738540048.0,4.88,-3.39,-0.41,1.67
996,2021-07-27,11.65,11.23,11.77,11.2,529830,622343840.0,4.88,-3.85,-0.45,1.47
997,2021-07-28,11.17,11.05,11.38,11.02,308830,354533088.0,3.21,-1.6,-0.18,0.85
998,2021-07-29,11.2,11.03,11.24,10.91,486087,551662048.0,2.99,-0.18,-0.02,1.34
999,2021-07-30,10.93,10.79,10.98,10.72,337050,374100544.0,2.36,-2.18,-0.24,0.93
1000,2021-08-02,10.72,11.17,11.4,10.6,573228,649726160.0,7.41,3.52,0.38,1.59
1001,2021-08-03,11.12,11.25,11.46,11.06,495201,572716352.0,3.58,0.72,0.08,1.37
1002,2021-08-04,11.2,11.22,11.3,11.1,327373,376299312.0,1.78,-0.27,-0.03,0.91
1003,2021-08-05,11.2,10.94,11.3,10.91,336797,383973440.0,3.48,-2.5,-0.28,0.93
1004,2021-08-06,10.99,10.96,11.1,10.89,249013,281093760.0,1.92,0.18,0.02,0.69
1005,2021-08-09,10.94,11.15,11.29,10.91,380158,436650768.0,3.47,1.73,0.19,1.05
1006,2021-08-10,11.18,11.43,11.43,11.05,481403,556903152.0,3.41,2.51,0.28,1.33
1007,2021-08-11,11.43,11.3,11.48,11.25,366499,426986240.0,2.01,-1.14,-0.13,1.01
1008,2021-08-12,11.28,11.22,11.37,11.19,244339,282387408.0,1.59,-0.71,-0.08,0.68
1009,2021-08-13,11.23,11.14,11.31,11.06,258057,295644240.0,2.23,-0.71,-0.08,0.71
1010,2021-08-16,11.21,11.29,11.42,11.19,426650,495735968.0,2.06,1.35,0.15,1.18
1011,2021-08-17,11.22,11.22,11.82,11.2,716701,843684832.0,5.49,-0.62,-0.07,1.98
1012,2021-08-18,11.12,12.17,12.18,11.12,1233361,1489532864.0,9.45,8.47,0.95,3.41
1013,2021-08-19,12.1,11.74,12.35,11.68,956776,1168063584.0,5.51,-3.53,-0.43,2.65
1014,2021-08-20,11.69,11.69,11.92,11.48,552903,662935024.0,3.75,-0.43,-0.05,1.53
1015,2021-08-23,11.71,11.79,11.87,11.62,480292,577981088.0,2.14,0.86,0.1,1.33
1016,2021-08-24,11.83,11.89,12.01,11.61,582644,705941440.0,3.39,0.85,0.1,1.61
1017,2021-08-25,11.79,11.72,11.9,11.65,383202,461051952.0,2.1,-1.43,-0.17,1.06
1018,2021-08-26,11.76,12.29,12.91,11.66,1217316,1528133424.0,10.67,4.86,0.57,3.37
1019,2021-08-27,12.2,11.97,12.4,11.94,666786,824502096.0,3.74,-2.6,-0.32,1.84
1020,2021-08-30,11.99,11.67,12.07,11.6,575953,695543616.0,3.93,-2.51,-0.3,1.59
1021,2021-08-31,11.67,12.1,12.23,11.64,724420,886601200.0,5.06,3.68,0.43,2.0
1022,2021-09-01,12.26,13.34,13.34,12.14,2036504,2720608544.0,9.92,10.25,1.24,5.63
1023,2021-09-02,13.85,13.8,14.55,13.56,3264343,4662687744.0,7.42,3.45,0.46,9.03
1024,2021-09-03,14.1,12.95,14.25,12.83,2539457,3486992704.0,10.29,-6.16,-0.85,7.03
1025,2021-09-06,12.81,13.03,13.36,12.81,1261552,1689601264.0,4.25,0.62,0.08,3.49
1026,2021-09-07,12.93,13.41,13.46,12.81,1187360,1597425648.0,4.99,2.92,0.38,3.29
1027,2021-09-08,13.43,13.16,13.65,13.15,965226,1315018432.0,3.73,-1.86,-0.25,2.67
1028,2021-09-09,12.95,13.09,13.13,12.88,723151,961227296.0,1.9,-0.53,-0.07,2.0
1029,2021-09-10,13.15,13.02,13.49,13.0,967533,1307968096.0,3.74,-0.53,-0.07,2.68
1030,2021-09-13,13.0,12.91,13.25,12.84,711566,948014560.0,3.15,-0.84,-0.11,1.97
1031,2021-09-14,12.92,12.52,12.98,12.48,769522,997307200.0,3.87,-3.02,-0.39,2.13
1032,2021-09-15,12.54,12.65,12.85,12.54,523274,679742560.0,2.48,1.04,0.13,1.45
1033,2021-09-16,12.7,12.32,12.75,12.3,545387,699788848.0,3.56,-2.61,-0.33,1.51
1034,2021-09-17,12.45,12.63,12.64,12.33,418189,534836688.0,2.52,2.52,0.31,1.16
1035,2021-09-22,12.44,12.65,12.67,12.4,330705,424511760.0,2.14,0.16,0.02,0.92
1036,2021-09-23,12.65,12.68,12.85,12.56,468453,608494416.0,2.29,0.24,0.03,1.3
1037,2021-09-24,12.64,12.41,12.7,12.37,364418,467328512.0,2.6,-2.13,-0.27,1.01
1038,2021-09-27,12.32,12.15,12.48,12.12,415781,524410064.0,2.9,-2.1,-0.26,1.15
1039,2021-09-28,12.21,12.27,12.39,12.17,302152,380122352.0,1.81,0.99,0.12,0.84
1040,2021-09-29,12.16,12.18,12.26,12.01,300632,374563200.0,2.04,-0.73,-0.09,0.83
1041,2021-09-30,12.25,12.15,12.28,12.1,248439,310181984.0,1.48,-0.25,-0.03,0.69
1042,2021-10-08,12.25,12.25,12.34,12.15,225253,282590960.0,1.56,0.82,0.1,0.62
1043,2021-10-11,12.29,12.18,12.4,12.12,230062,289193392.0,2.29,-0.57,-0.07,0.64
1044,2021-10-12,12.13,11.81,12.15,11.69,347428,422769552.0,3.78,-3.04,-0.37,0.96
1045,2021-10-13,11.78,11.83,11.94,11.59,227202,274152416.0,2.96,0.17,0.02,0.63
1046,2021-10-14,11.83,11.82,11.88,11.7,175712,212851109.0,1.52,-0.08,-0.01,0.49
1047,2021-10-15,11.82,11.81,11.98,11.76,229814,279723104.0,1.86,-0.08,-0.01,0.64
1048,2021-10-18,11.85,11.93,11.94,11.74,198678,242002444.0,1.69,1.02,0.12,0.55
1049,2021-10-19,11.9,11.97,12.15,11.88,240811,296269760.0,2.26,0.34,0.04,0.67
1050,2021-10-20,11.98,11.87,12.01,11.84,195225,238274222.0,1.42,-0.84,-0.1,0.54
1051,2021-10-21,11.91,11.93,12.07,11.75,329091,402373344.0,2.7,0.51,0.06,0.91
1052,2021-10-22,11.92,11.87,12.0,11.82,218436,266714070.0,1.51,-0.5,-0.06,0.6
1053,2021-10-25,12.02,12.37,12.38,11.9,592973,739657568.0,4.04,4.21,0.5,1.64
1054,2021-10-26,12.3,12.19,12.36,12.16,329779,413914992.0,1.62,-1.46,-0.18,0.91
1055,2021-10-27,12.16,12.07,12.42,12.04,428657,536883712.0,3.12,-0.98,-0.12,1.19
1056,2021-10-28,12.18,12.4,12.78,12.12,867400,1110248304.0,5.47,2.73,0.33,2.4
1057,2021-10-29,12.26,12.04,12.31,11.58,745459,912502272.0,5.89,-2.9,-0.36,2.06
1058,2021-11-01,12.01,12.29,12.46,11.83,555463,697935984.0,5.23,2.08,0.25,1.54
1059,2021-11-02,12.18,11.88,12.26,11.67,623769,762233408.0,4.8,-3.34,-0.41,1.73
1060,2021-11-03,11.73,11.89,11.96,11.71,253779,308539520.0,2.1,0.08,0.01,0.7
1061,2021-11-04,11.93,11.94,12.14,11.85,325772,399690640.0,2.44,0.42,0.05,0.9
1062,2021-11-05,11.9,11.91,12.06,11.86,282237,345548448.0,1.68,-0.25,-0.03,0.78
1063,2021-11-08,11.86,12.1,12.2,11.82,301806,371941584.0,3.19,1.6,0.19,0.84
1064,2021-11-09,12.1,12.36,12.45,12.09,473933,597202288.0,2.98,2.15,0.26,1.31
1065,2021-11-10,12.3,12.46,12.53,12.23,473722,602258432.0,2.43,0.81,0.1,1.31
1066,2021-11-11,12.51,12.57,12.64,12.34,610755,783148432.0,2.41,0.88,0.11,1.69
1067,2021-11-12,12.5,12.43,12.55,12.27,405290,514023296.0,2.23,-1.11,-0.14,1.12
1068,2021-11-15,12.35,12.25,12.48,12.18,420714,528798688.0,2.41,-1.45,-0.18,1.16
1069,2021-11-16,12.25,11.95,12.35,11.89,430372,532944864.0,3.76,-2.45,-0.3,1.19
1070,2021-11-17,11.91,11.9,12.01,11.83,294734,359646192.0,1.51,-0.42,-0.05,0.82
1071,2021-11-18,11.83,11.74,11.9,11.72,268897,321774112.0,1.51,-1.34,-0.16,0.74
1072,2021-11-19,11.73,12.02,12.18,11.71,462234,561310832.0,4.0,2.39,0.28,1.28
1073,2021-11-22,11.93,12.08,12.15,11.92,844097,1033343056.0,1.91,0.5,0.06,2.18
1074,2021-11-23,12.06,12.48,12.75,12.02,1410843,1796138544.0,6.04,3.31,0.4,3.64
1075,2021-11-24,12.44,12.59,12.74,12.34,1028960,1312165536.0,3.21,0.88,0.11,2.65
1076,2021-11-25,12.6,12.55,12.66,12.43,457113,580714880.0,1.83,-0.32,-0.04,1.18
1077,2021-11-26,12.53,12.49,12.61,12.36,419814,531349408.0,1.99,-0.48,-0.06,1.08
1078,2021-11-29,12.32,12.35,12.42,12.2,423905,528619024.0,1.76,-1.12,-0.14,1.09
1079,2021-11-30,12.36,12.25,12.47,12.07,410034,510372688.0,3.24,-0.81,-0.1,1.06
1080,2021-12-01,12.21,12.64,12.71,12.19,759118,966496448.0,4.24,3.18,0.39,1.96
1081,2021-12-02,12.63,12.62,12.84,12.56,612826,787620416.0,2.22,-0.16,-0.02,1.58
1082,2021-12-03,12.58,12.83,13.06,12.58,786582,1023564304.0,3.8,1.66,0.21,2.03
1083,2021-12-06,13.05,12.73,13.31,12.71,1319395,1742994080.0,4.68,-0.78,-0.1,3.4
1084,2021-12-07,12.83,12.75,13.03,12.63,711071,922176496.0,3.14,0.16,0.02,1.83
1085,2021-12-08,12.45,12.16,12.45,11.77,1596697,1948772176.0,5.33,-4.63,-0.59,4.12
1086,2021-12-09,12.06,13.21,13.39,12.04,3085482,4068062416.0,11.1,8.63,1.05,7.96
1087,2021-12-10,12.98,12.63,13.17,12.63,1843725,2403255840.0,4.09,-4.39,-0.58,4.75
1088,2021-12-13,13.03,13.21,13.86,12.8,2455397,3331020224.0,8.39,4.59,0.58,6.33
1089,2021-12-14,13.13,12.98,13.26,12.88,1085405,1431652400.0,2.88,-1.74,-0.23,2.8
1090,2021-12-15,12.88,13.26,13.75,12.85,1477744,2009490528.0,6.93,2.16,0.28,3.81
1091,2021-12-16,13.2,13.56,13.65,13.16,1183311,1608422800.0,3.7,2.26,0.3,3.05
1092,2021-12-17,13.64,13.38,13.71,13.35,957524,1308005040.0,2.65,-1.33,-0.18,2.47
1093,2021-12-20,13.23,13.06,13.46,13.03,745867,996658912.0,3.21,-2.39,-0.32,1.92
1094,2021-12-21,13.12,13.16,13.21,12.93,671165,890107584.0,2.14,0.77,0.1,1.73
1095,2021-12-22,13.13,12.98,13.15,12.91,509091,670955280.0,1.82,-1.37,-0.18,1.31
1096,2021-12-23,13.08,12.95,13.09,12.79,446239,584156256.0,2.31,-0.23,-0.03,1.15
1097,2021-12-24,12.95,12.71,13.11,12.66,516580,672967248.0,3.47,-1.85,-0.24,1.33
1098,2021-12-27,12.72,12.82,12.95,12.65,353635,459272608.0,2.36,0.87,0.11,0.91
1099,2021-12-28,12.95,12.95,13.07,12.74,456340,596092832.0,2.57,1.01,0.13,1.18
1100,2021-12-29,12.99,12.73,12.99,12.71,395347,513508192.0,2.16,-1.7,-0.22,1.02
1101,2021-12-30,12.7,13.03,13.07,12.66,631775,829080224.0,3.22,2.36,0.3,1.63
1102,2021-12-31,13.01,13.01,13.1,12.88,482736,634736160.0,1.69,-0.15,-0.02,1.24
1103,2022-01-04,13.03,12.94,13.04,12.8,436516,570847440.0,1.84,-0.54,-0.07,1.13
1104,2022-01-05,12.96,12.84,13.08,12.84,531912,697197344.0,1.85,-0.77,-0.1,1.37
1105,2022-01-06,12.75,12.59,12.79,12.5,609678,779502016.0,2.26,-1.95,-0.25,1.57
1106,2022-01-07,12.63,12.55,12.78,12.52,387291,496688704.0,2.07,-0.32,-0.04,1.0
1107,2022-01-10,12.58,12.64,12.75,12.55,322064,412852128.0,1.59,0.72,0.09,0.83
1108,2022-01-11,12.64,12.85,12.98,12.6,625399,813910368.0,3.01,1.66,0.21,1.61
1109,2022-01-12,12.73,12.81,12.85,12.67,365236,471807008.0,1.4,-0.31,-0.04,0.94
1110,2022-01-13,12.81,12.68,12.91,12.68,333223,431226432.0,1.8,-1.01,-0.13,0.86
1111,2022-01-14,12.58,12.28,12.58,12.26,491222,617964640.0,2.52,-3.15,-0.4,1.27
1112,2022-01-17,12.24,12.37,12.47,12.2,300180,375361040.0,2.2,0.73,0.09,0.77
1113,2022-01-18,12.36,12.48,12.63,12.28,419810,531180928.0,2.83,0.89,0.11,1.08
1114,2022-01-19,12.4,12.64,12.78,12.39,556094,713310976.0,3.13,1.28,0.16,1.43
1115,2022-01-20,12.61,12.99,13.31,12.58,1045199,1381571648.0,5.78,2.77,0.35,2.7
1116,2022-01-21,12.87,12.83,13.02,12.78,494427,644155776.0,1.85,-1.23,-0.16,1.27
1117,2022-01-24,12.71,12.82,12.97,12.51,453849,587310032.0,3.59,-0.08,-0.01,1.17
1118,2022-01-25,12.73,12.41,12.83,12.41,413935,530213696.0,3.28,-3.2,-0.41,1.07
1119,2022-01-26,12.44,12.96,13.07,12.44,785648,1020255520.0,5.08,4.43,0.55,2.03
1120,2022-01-27,12.79,12.84,13.13,12.71,765081,1001170288.0,3.24,-0.93,-0.12,1.97
1121,2022-01-28,12.88,12.16,12.97,12.04,829820,1041232816.0,7.24,-5.3,-0.68,2.14
1122,2022-02-07,12.36,12.07,12.38,11.79,539431,656490304.0,4.85,-0.74,-0.09,1.39
1123,2022-02-08,12.03,12.24,12.26,11.94,419598,515688736.0,2.65,1.41,0.17,1.08
1124,2022-02-09,12.16,12.18,12.27,12.1,392359,485128016.0,1.39,-0.49,-0.06,1.01
1125,2022-02-10,12.12,12.25,12.35,12.11,382298,474447840.0,1.97,0.57,0.07,0.99
1126,2022-02-11,12.19,12.12,12.38,12.08,394077,488569104.0,2.45,-1.06,-0.13,1.02
1127,2022-02-14,12.03,11.75,12.05,11.63,556153,666503824.0,3.47,-3.05,-0.37,1.43
1128,2022-02-15,11.77,11.75,11.82,11.66,262823,312976656.0,1.36,0.0,0.0,0.68
1129,2022-02-16,11.79,11.83,11.97,11.77,237908,285830672.0,1.7,0.68,0.08,0.61
1130,2022-02-17,11.83,11.68,11.88,11.65,340601,405507344.0,1.94,-1.27,-0.15,0.88
1131,2022-02-18,11.63,11.72,11.79,11.59,217247,257624862.0,1.71,0.34,0.04,0.56
1132,2022-02-21,11.76,11.85,11.9,11.69,299550,358936464.0,1.79,1.11,0.13,0.77
1133,2022-02-22,11.75,11.73,11.82,11.59,275704,327388368.0,1.94,-1.01,-0.12,0.71
1134,2022-02-23,11.73,11.83,11.89,11.63,329265,393232992.0,2.22,0.85,0.1,0.85
1135,2022-02-24,11.74,11.42,11.84,11.25,486180,570903488.0,4.99,-3.47,-0.41,1.25
1136,2022-02-25,11.53,11.44,11.61,11.39,271416,316511664.0,1.93,0.18,0.02,0.7
1137,2022-02-28,11.39,11.38,11.48,11.25,257711,296830240.0,2.01,-0.52,-0.06,0.66
1138,2022-03-01,11.43,11.48,11.48,11.35,211242,244835814.0,1.14,0.88,0.1,0.54
1139,2022-03-02,11.39,11.46,11.49,11.38,179376,208007315.0,0.96,-0.17,-0.02,0.46
1140,2022-03-03,11.49,11.39,11.51,11.35,217120,251935073.0,1.4,-0.61,-0.07,0.56
1141,2022-03-04,11.33,11.13,11.38,11.12,283729,322971008.0,2.28,-2.28,-0.26,0.73
1142,2022-03-07,11.09,10.78,11.17,10.71,460651,510722208.0,4.13,-3.14,-0.35,1.19
1143,2022-03-08,10.83,10.53,10.93,10.45,423665,460337616.0,4.45,-2.32,-0.25,1.09
1144,2022-03-09,10.6,10.19,10.64,9.75,514931,534715296.0,8.45,-3.23,-0.34,1.33
1145,2022-03-10,10.43,10.12,10.43,10.08,471052,490379184.0,3.43,-0.69,-0.07,1.21
1146,2022-03-11,10.01,10.34,10.48,9.8,625418,643170928.0,6.72,2.17,0.22,1.61
1147,2022-03-14,10.13,10.14,10.38,10.07,369363,384640672.0,3.0,-1.93,-0.2,0.95
1148,2022-03-15,10.14,10.23,10.82,10.11,943930,1000779984.0,7.0,0.89,0.09,2.43
1149,2022-03-16,10.39,10.78,10.93,10.12,995312,1066160064.0,7.92,5.38,0.55,2.57
1150,2022-03-17,10.83,10.61,10.89,10.57,755564,819690736.0,2.97,-1.58,-0.17,1.95
1151,2022-03-18,10.55,10.65,10.77,10.51,386603,418172160.0,2.45,0.38,0.04,1.0
1152,2022-03-21,10.83,10.71,10.9,10.6,464227,506222608.0,2.82,0.56,0.06,1.2
1153,2022-03-22,10.57,10.57,10.73,10.52,337797,363439040.0,1.96,-1.31,-0.14,0.87
1154,2022-03-23,10.57,10.53,10.63,10.49,245587,263276795.0,1.32,-0.38,-0.04,0.63
1155,2022-03-24,10.47,10.35,10.47,10.26,313228,330106992.0,1.99,-1.71,-0.18,0.81
1156,2022-03-25,10.34,10.17,10.47,10.16,333849,349394688.0,3.0,-1.74,-0.18,0.86
1157,2022-03-28,10.15,10.2,10.27,10.02,257250,265414998.0,2.46,0.29,0.03,0.66
1158,2022-03-29,10.19,10.03,10.25,10.02,220033,226190505.0,2.25,-1.67,-0.17,0.57
1159,2022-03-30,10.13,10.4,10.49,10.13,471465,494709584.0,3.59,3.69,0.37,1.22
1160,2022-03-31,10.31,10.34,10.44,10.27,299292,315211776.0,1.63,-0.58,-0.06,0.77
1161,2022-04-01,10.27,10.48,10.51,10.23,383621,406166384.0,2.71,1.35,0.14,0.99
1162,2022-04-06,10.42,10.46,10.52,10.38,281918,299069552.0,1.34,-0.19,-0.02,0.73
1163,2022-04-07,10.42,10.23,10.55,10.23,324265,342188768.0,3.06,-2.2,-0.23,0.84
1164,2022-04-08,10.27,10.39,10.46,10.13,320373,335595552.0,3.23,1.56,0.16,0.83
1165,2022-04-11,10.39,10.08,10.39,9.99,295109,304939504.0,3.85,-2.98,-0.31,0.76
1166,2022-04-12,10.09,10.38,10.53,10.03,436746,457368288.0,4.96,2.98,0.3,1.13
1167,2022-04-13,10.3,10.31,10.51,10.25,387844,409566816.0,2.5,-0.67,-0.07,1.0
1168,2022-04-14,10.43,10.44,10.58,10.35,395946,421189888.0,2.23,1.26,0.13,1.02
1169,2022-04-15,10.35,10.44,10.54,10.29,364265,385984080.0,2.39,0.0,0.0,0.94
1170,2022-04-18,10.32,10.27,10.32,10.03,360114,371754832.0,2.78,-1.63,-0.17,0.93
1171,2022-04-19,10.23,10.16,10.31,10.1,290920,301956400.0,2.04,-1.07,-0.11,0.75
1172,2022-04-20,10.18,10.01,10.22,9.96,278481,285533632.0,2.56,-1.48,-0.15,0.72
1173,2022-04-21,9.98,9.94,10.18,9.92,307533,313581296.0,2.6,-0.7,-0.07,0.79
1174,2022-04-22,9.9,9.68,10.02,9.67,347223,348206656.0,3.52,-2.62,-0.26,0.9
1175,2022-04-25,9.42,9.27,9.69,9.26,432029,415744592.0,4.44,-4.24,-0.41,1.11
1176,2022-04-26,9.33,8.69,9.38,8.66,529540,481946560.0,7.77,-6.26,-0.58,1.37
1177,2022-04-27,8.53,8.89,8.9,8.46,372637,331128800.0,5.06,2.3,0.2,0.96
1178,2022-04-28,8.79,8.59,8.89,8.58,327818,290920560.0,3.49,-3.37,-0.3,0.85
1179,2022-04-29,8.85,9.04,9.15,8.76,462807,422505888.0,4.54,5.24,0.45,1.19
1180,2022-05-05,8.88,8.99,9.04,8.83,245060,223869485.0,2.32,-0.55,-0.05,0.63
1181,2022-05-06,8.83,8.7,8.91,8.68,246682,220985740.0,2.56,-3.23,-0.29,0.64
1182,2022-05-09,8.72,8.74,8.8,8.66,133753,119045180.0,1.61,0.46,0.04,0.34
1183,2022-05-10,8.65,8.84,8.89,8.6,249409,223245353.0,3.32,1.14,0.1,0.64
1184,2022-05-11,8.88,8.91,9.17,8.83,389271,356316672.0,3.85,0.79,0.07,1.0
1185,2022-05-12,8.92,9.08,9.2,8.92,408271,377023840.0,3.14,1.91,0.17,1.05
1186,2022-05-13,9.11,9.08,9.16,9.0,247356,228422257.0,1.76,0.0,0.0,0.64
1187,2022-05-16,9.15,8.97,9.18,8.91,232001,212970743.0,2.97,-1.21,-0.11,0.6
1188,2022-05-17,8.93,8.97,9.0,8.81,251299,228029650.0,2.12,0.0,0.0,0.65
1189,2022-05-18,9.03,8.99,9.08,8.96,214890,197365051.0,1.34,0.22,0.02,0.55
1190,2022-05-19,8.83,8.94,8.95,8.8,205640,185722702.0,1.67,-0.56,-0.05,0.53
1191,2022-05-20,8.98,9.09,9.11,8.95,318391,293503584.0,1.79,1.68,0.15,0.82
1192,2022-05-23,9.08,9.17,9.18,9.03,269643,250338040.0,1.65,0.88,0.08,0.7
1193,2022-05-24,9.17,8.85,9.27,8.84,339033,312648512.0,4.69,-3.49,-0.32,0.87
1194,2022-05-25,8.82,8.91,8.93,8.81,188673,170829212.0,1.36,0.68,0.06,0.49
1195,2022-05-26,8.93,9.32,9.51,8.88,713553,673607616.0,7.07,4.6,0.41,1.84
1196,2022-05-27,9.26,9.2,9.36,9.11,396760,373534592.0,2.68,-1.29,-0.12,1.02
1197,2022-05-30,9.2,9.12,9.23,9.02,293018,272111952.0,2.28,-0.87,-0.08,0.76
1198,2022-05-31,9.15,9.49,9.81,9.09,966242,934049584.0,7.89,4.06,0.37,2.49
1199,2022-06-01,9.33,9.44,9.52,9.3,530352,507898080.0,2.32,-0.53,-0.05,1.37
1200,2022-06-02,9.34,9.45,9.53,9.29,436993,418212784.0,2.54,0.11,0.01,1.13
1201,2022-06-06,9.4,9.54,9.67,9.38,826436,799093376.0,3.07,0.95,0.09,2.13
1202,2022-06-07,9.53,9.46,9.73,9.4,725912,706101120.0,3.46,-0.84,-0.08,1.87
1203,2022-06-08,9.45,9.84,10.15,9.43,1260562,1257695056.0,7.61,4.02,0.38,3.25
1204,2022-06-09,9.84,10.26,10.73,9.84,1469670,1541476336.0,9.04,4.27,0.42,3.79
1205,2022-06-10,10.26,10.54,10.61,9.76,1417399,1486785904.0,8.28,2.73,0.28,3.65
1206,2022-06-13,10.29,11.18,11.61,10.24,2035818,2288550976.0,13.0,6.07,0.64,5.25
1207,2022-06-14,10.72,12.07,12.29,10.56,2051229,2341840240.0,15.47,7.96,0.89,5.29
1208,2022-06-15,12.25,12.15,13.22,12.08,3290082,4264803952.0,9.44,0.66,0.08,8.48
1209,2022-06-16,11.85,11.2,11.99,11.16,2550737,2985649552.0,6.83,-7.82,-0.95,6.58
1210,2022-06-17,10.98,10.95,11.28,10.62,1728369,1916576304.0,5.89,-2.23,-0.25,4.46
1211,2022-06-20,10.83,10.82,11.09,10.74,853700,940336928.0,3.2,-1.19,-0.13,2.2
1212,2022-06-21,10.83,10.97,11.08,10.81,868179,962078336.0,2.5,1.39,0.15,2.24
1213,2022-06-22,10.89,10.54,10.91,10.5,994963,1082306528.0,3.74,-3.92,-0.43,2.57
1214,2022-06-23,10.52,11.25,11.28,10.49,1596846,1780001392.0,7.5,6.74,0.71,4.12
1215,2022-06-24,11.25,11.1,11.28,11.01,884047,997471584.0,2.4,-1.33,-0.15,2.28
1216,2022-06-27,11.16,11.2,11.51,11.02,898835,1024405136.0,4.41,0.9,0.1,2.32
1217,2022-06-28,11.13,11.2,11.34,10.97,670700,756608208.0,3.3,0.0,0.0,1.73
1218,2022-06-29,11.18,11.09,11.71,10.88,1149372,1330613968.0,7.41,-0.98,-0.11,2.96
1219,2022-06-30,11.1,11.21,11.44,11.07,721119,824989360.0,3.34,1.08,0.12,1.86
1220,2022-07-01,11.25,11.05,11.32,10.96,497569,561550784.0,3.21,-1.43,-0.16,1.28
1221,2022-07-04,10.93,11.09,11.16,10.78,492207,548016592.0,3.44,0.36,0.04,1.27
1222,2022-07-05,11.13,10.91,11.18,10.78,510795,566514928.0,3.61,-1.62,-0.18,1.32
1223,2022-07-06,10.91,10.78,10.94,10.74,427157,469739856.0,1.83,-1.19,-0.13,1.1
1224,2022-07-07,10.71,10.68,10.83,10.62,381851,415908416.0,1.95,-0.93,-0.1,0.98
1225,2022-07-08,10.73,10.66,10.87,10.65,356601,389608261.0,2.06,-0.19,-0.02,0.92
1226,2022-07-11,10.67,10.6,10.77,10.56,315166,341278021.0,1.97,-0.56,-0.06,0.81
1227,2022-07-12,10.66,10.67,10.84,10.58,439369,477675629.0,2.45,0.66,0.07,1.13
1228,2022-07-13,10.61,10.52,10.7,10.45,360525,387371270.0,2.34,-1.41,-0.15,0.93
1229,2022-07-14,10.48,10.49,10.56,10.37,240414,255686518.0,1.81,-0.29,-0.03,0.62
1230,2022-07-15,10.44,10.12,10.47,10.11,355924,372753443.0,3.43,-3.53,-0.37,0.92
1231,2022-07-18,10.22,10.45,10.47,10.18,341307,360102890.0,2.87,3.26,0.33,0.88
1232,2022-07-19,10.43,10.52,10.62,10.38,317379,338556603.0,2.3,0.67,0.07,0.82
1233,2022-07-20,10.58,10.55,10.72,10.49,253472,272459340.0,2.19,0.29,0.03,0.65
1234,2022-07-21,10.46,10.35,10.5,10.33,267898,283638446.0,1.61,-1.9,-0.2,0.69
1235,2022-07-22,10.47,10.67,11.02,10.43,826858,902919366.0,5.7,3.09,0.32,2.13
1236,2022-07-25,10.51,10.3,10.54,10.26,466926,492923543.0,2.62,-3.47,-0.37,1.2
1237,2022-07-26,10.25,10.28,10.39,10.19,393607,410731309.0,1.94,-0.19,-0.02,1.01
1238,2022-07-27,10.24,10.32,10.35,10.19,227347,237666878.0,1.56,0.39,0.04,0.59
1239,2022-07-28,10.4,10.57,10.76,10.39,651219,701892144.0,3.59,2.42,0.25,1.68
1240,2022-07-29,10.56,10.53,10.86,10.5,414622,449003525.0,3.41,-0.38,-0.04,1.07
1241,2022-08-01,10.46,10.34,10.49,10.28,340912,358477274.0,1.99,-1.8,-0.19,0.88
1242,2022-08-02,10.14,9.79,10.23,9.65,660092,660795581.0,5.61,-5.32,-0.55,1.7
1243,2022-08-03,9.78,9.65,9.96,9.63,358415,356606453.0,3.37,-1.43,-0.14,0.92
1244,2022-08-04,9.78,9.79,9.85,9.66,241217,239547174.0,1.97,1.45,0.14,0.62
1245,2022-08-05,9.82,10.03,10.07,9.75,406692,410315054.0,3.27,2.45,0.24,1.05
1246,2022-08-08,9.97,10.11,10.13,9.93,248660,254270402.0,1.99,0.8,0.08,0.64
1247,2022-08-09,10.05,10.03,10.21,10.0,276573,283351872.0,2.08,-0.79,-0.08,0.71
1248,2022-08-10,9.98,10.04,10.16,9.95,200630,205117367.0,2.09,0.1,0.01,0.52
1249,2022-08-11,10.14,10.95,11.05,10.06,1369769,1485475828.0,9.86,9.06,0.91,3.53
1250,2022-08-12,10.76,10.77,10.89,10.68,654436,717327238.0,1.92,-1.64,-0.18,1.69
1251,2022-08-15,10.66,10.68,10.83,10.6,365460,397015167.0,2.14,-0.84,-0.09,0.94
1252,2022-08-16,10.73,10.79,10.87,10.7,394716,431869847.0,1.59,1.03,0.11,1.02
1253,2022-08-17,10.72,11.07,11.22,10.71,878168,983687984.0,4.73,2.59,0.28,2.26
1254,2022-08-18,11.01,11.05,11.16,10.96,457986,514045396.0,1.81,-0.18,-0.02,1.18
1255,2022-08-19,11.0,10.94,11.13,10.94,343529,384915426.0,1.72,-1.0,-0.11,0.89
1256,2022-08-22,10.87,10.89,10.99,10.83,283744,313844045.0,1.46,-0.46,-0.05,0.73
1257,2022-08-23,10.89,11.12,11.45,10.85,762612,863235007.0,5.51,2.11,0.23,1.97
1258,2022-08-24,11.04,10.79,11.4,10.76,724153,813009751.0,5.76,-2.97,-0.33,1.87
1259,2022-08-25,10.88,10.96,11.05,10.74,499827,553558383.0,2.87,1.58,0.17,1.29
1260,2022-08-26,10.96,10.8,11.03,10.77,317904,351438052.0,2.37,-1.46,-0.16,0.82
1261,2022-08-29,10.63,10.76,10.77,10.59,222823,241961627.0,1.67,-0.37,-0.04,0.57
1262,2022-08-30,10.72,10.75,10.86,10.59,271634,295805315.0,2.51,-0.09,-0.01,0.7
1263,2022-08-31,10.7,10.76,10.93,10.6,387111,423586524.0,3.07,0.09,0.01,1.0
1264,2022-09-01,10.71,10.39,10.74,10.37,373877,401166508.0,3.44,-3.44,-0.37,0.96
1265,2022-09-02,10.43,10.66,10.96,10.43,474195,516632040.0,5.1,2.6,0.27,1.22
1266,2022-09-05,10.54,10.72,10.73,10.47,288424,310495378.0,2.44,0.56,0.06,0.74
1267,2022-09-06,10.78,10.84,10.85,10.68,311957,341155218.0,1.59,1.12,0.12,0.8
1268,2022-09-07,10.8,10.69,10.81,10.65,221972,241387819.0,1.48,-1.38,-0.15,0.57
1269,2022-09-08,10.7,10.64,10.81,10.63,193278,210110346.0,1.68,-0.47,-0.05,0.5
1270,2022-09-09,10.64,10.83,10.95,10.63,476530,524598038.0,3.01,1.79,0.19,1.23
1271,2022-09-13,10.91,10.87,11.05,10.81,354784,393677071.0,2.22,0.37,0.04,0.91
1272,2022-09-14,10.64,10.64,10.72,10.54,317707,343499935.0,1.66,-2.12,-0.23,0.82
1273,2022-09-15,10.69,10.55,10.78,10.45,286189,308921948.0,3.1,-0.85,-0.09,0.74
1274,2022-09-16,10.49,9.93,10.58,9.9,522258,534309908.0,6.45,-5.88,-0.62,1.35
1275,2022-09-19,9.92,9.95,9.98,9.79,206279,207666440.0,1.91,0.2,0.02,0.53
1276,2022-09-20,9.97,9.97,10.07,9.82,164535,166621511.0,2.51,0.2,0.02,0.42
1277,2022-09-21,9.85,9.97,10.04,9.78,180486,182345663.0,2.61,0.0,0.0,0.47
1278,2022-09-22,9.88,9.96,10.05,9.87,132024,133952974.0,1.81,-0.1,-0.01,0.34
1279,2022-09-23,9.96,9.88,10.03,9.8,182032,183782992.0,2.31,-0.8,-0.08,0.47
1280,2022-09-26,9.83,9.66,9.9,9.63,171714,170564181.0,2.73,-2.23,-0.22,0.44
1281,2022-09-27,9.73,9.8,9.8,9.63,125262,123992405.0,1.76,1.45,0.14,0.32
1282,2022-09-28,9.78,9.44,9.78,9.34,228846,222756564.0,4.49,-3.67,-0.36,0.59
1283,2022-09-29,9.58,9.37,9.59,9.3,147533,141826023.0,3.07,-0.74,-0.07,0.38
1284,2022-09-30,9.41,9.31,9.48,9.3,139492,133364028.0,1.92,-0.64,-0.06,0.36
1285,2022-10-10,9.38,9.17,9.38,9.13,121040,114245001.0,2.69,-1.5,-0.14,0.31
1286,2022-10-11,9.2,9.29,9.35,9.16,138306,130516350.0,2.07,1.31,0.12,0.36
1287,2022-10-12,9.26,9.51,9.52,9.25,168809,161200797.0,2.91,2.37,0.22,0.44
1288,2022-10-13,9.43,9.48,9.58,9.43,125442,121225077.0,1.58,-0.32,-0.03,0.32
1289,2022-10-14,9.6,9.97,10.43,9.59,596380,606122061.0,8.86,5.17,0.49,1.54
1290,2022-10-17,9.78,9.97,10.03,9.75,345354,348004649.0,2.81,0.0,0.0,0.89
1291,2022-10-18,10.01,9.92,10.07,9.87,200957,203241905.0,2.01,-0.5,-0.05,0.52
1292,2022-10-19,9.92,9.82,9.96,9.8,159145,159606656.0,1.61,-1.01,-0.1,0.41
1293,2022-10-20,9.79,9.89,10.04,9.78,228593,230191750.0,2.65,0.71,0.07,0.59
1294,2022-10-21,10.43,10.15,10.71,10.15,695779,733954780.0,5.66,2.63,0.26,1.79
1295,2022-10-24,10.25,10.18,10.66,10.11,560705,590477677.0,5.42,0.3,0.03,1.45
1296,2022-10-25,10.05,9.96,10.24,9.83,365171,371820667.0,4.03,-2.16,-0.22,0.94
1297,2022-10-26,10.01,10.32,10.71,10.0,645831,680360898.0,7.13,3.61,0.36,1.67
1298,2022-10-27,10.32,10.24,10.45,10.17,367324,384174965.0,2.71,-0.78,-0.08,0.95
1299,2022-10-28,10.09,10.16,10.4,10.05,397364,412671024.0,3.42,-0.78,-0.08,1.02
1300,2022-10-31,10.05,10.17,10.37,10.0,277968,282716537.0,3.64,0.1,0.01,0.72
1301,2022-11-01,10.16,10.48,10.48,10.14,414721,429353663.0,3.34,3.05,0.31,1.07
1302,2022-11-02,10.39,10.5,10.6,10.32,404094,421952448.0,2.67,0.19,0.02,1.04
1303,2022-11-03,10.4,10.41,10.47,10.34,210775,218981280.0,1.24,-0.86,-0.09,0.54
1304,2022-11-04,10.39,10.59,10.75,10.38,536156,566899697.0,3.55,1.73,0.18,1.38
1305,2022-11-07,10.5,10.51,10.6,10.49,274762,289330754.0,1.04,-0.76,-0.08,0.71
1306,2022-11-08,10.51,10.36,10.55,10.33,244239,254080665.0,2.09,-1.43,-0.15,0.63
1307,2022-11-09,10.41,10.29,10.44,10.28,162461,168121567.0,1.54,-0.68,-0.07,0.42
1308,2022-11-10,10.22,10.41,10.54,10.2,293636,305490480.0,3.3,1.17,0.12,0.76
1309,2022-11-11,10.68,10.6,10.76,10.45,664318,705533107.0,2.98,1.83,0.19,1.71
1310,2022-11-14,10.63,10.66,10.89,10.55,523583,560880545.0,3.21,0.57,0.06,1.35
1311,2022-11-15,10.59,11.17,11.38,10.57,1020567,1126612487.0,7.6,4.78,0.51,2.63
1312,2022-11-16,11.05,10.87,11.11,10.81,512770,561610372.0,2.69,-2.69,-0.3,1.32
1313,2022-11-17,10.8,10.92,10.94,10.79,347050,377248549.0,1.38,0.46,0.05,0.89
1314,2022-11-18,10.91,10.75,10.96,10.71,357621,386953276.0,2.29,-1.56,-0.17,0.92
1315,2022-11-21,10.66,10.54,10.68,10.41,296572,311689719.0,2.51,-1.95,-0.21,0.76
1316,2022-11-22,10.55,10.45,10.64,10.4,315215,331678573.0,2.28,-0.85,-0.09,0.81
1317,2022-11-23,10.46,10.44,10.56,10.36,207685,216811741.0,1.91,-0.1,-0.01,0.54
1318,2022-11-24,10.56,10.42,10.67,10.4,295460,310605471.0,2.59,-0.19,-0.02,0.76
1319,2022-11-25,10.36,10.53,10.56,10.36,265789,278661734.0,1.92,1.06,0.11,0.69
1320,2022-11-28,10.28,10.37,10.39,10.21,259617,267283631.0,1.71,-1.52,-0.16,0.67
1321,2022-11-29,10.37,10.69,10.75,10.37,484421,514278876.0,3.66,3.09,0.32,1.25
1322,2022-11-30,10.66,10.69,10.84,10.61,431767,463345597.0,2.15,0.0,0.0,1.11
1323,2022-12-01,10.85,10.64,11.05,10.62,504436,546667446.0,4.02,-0.47,-0.05,1.3
1324,2022-12-02,10.63,10.53,10.73,10.47,317870,335960827.0,2.44,-1.03,-0.11,0.82
1325,2022-12-05,10.64,10.87,10.93,10.62,557313,602730922.0,2.94,3.23,0.34,1.44
1326,2022-12-06,10.81,10.79,10.94,10.74,335989,363870215.0,1.84,-0.74,-0.08,0.87
1327,2022-12-07,10.76,10.68,10.82,10.6,279472,298689224.0,2.04,-1.02,-0.11,0.72
1328,2022-12-08,10.67,10.64,10.69,10.57,202596,215031957.0,1.12,-0.37,-0.04,0.52
1329,2022-12-09,10.65,10.68,10.72,10.54,285512,303297348.0,1.69,0.38,0.04,0.74
1330,2022-12-12,10.6,10.34,10.61,10.3,359370,374504348.0,2.9,-3.18,-0.34,0.93
1331,2022-12-13,10.4,10.36,10.42,10.3,177166,183519855.0,1.16,0.19,0.02,0.46
1332,2022-12-14,10.34,10.4,10.47,10.31,203217,210834684.0,1.54,0.39,0.04,0.52
1333,2022-12-15,10.41,10.38,10.45,10.32,181423,188337471.0,1.25,-0.19,-0.02,0.47
1334,2022-12-16,10.32,10.32,10.44,10.28,179609,185602158.0,1.54,-0.58,-0.06,0.46
1335,2022-12-19,10.32,9.99,10.37,9.96,281978,284782970.0,3.97,-3.2,-0.33,0.73
1336,2022-12-20,9.96,9.97,10.06,9.93,159174,158974505.0,1.3,-0.2,-0.02,0.41
1337,2022-12-21,10.0,9.94,10.03,9.87,109615,108995198.0,1.6,-0.3,-0.03,0.28
1338,2022-12-22,10.03,9.91,10.12,9.87,199344,199172122.0,2.52,-0.3,-0.03,0.51
1339,2022-12-23,9.86,9.95,10.03,9.84,119261,118601863.0,1.92,0.4,0.04,0.31
1340,2022-12-26,9.96,10.0,10.04,9.88,148205,147536378.0,1.61,0.5,0.05,0.38
1341,2022-12-27,10.06,10.09,10.16,9.99,200604,202091831.0,1.7,0.9,0.09,0.52
1342,2022-12-28,10.01,9.93,10.07,9.89,171363,170971812.0,1.78,-1.59,-0.16,0.44
1343,2022-12-29,9.88,9.91,9.93,9.79,155308,153274208.0,1.41,-0.2,-0.02,0.4
1344,2022-12-30,9.93,9.93,10.0,9.92,102048,101581761.0,0.81,0.2,0.02,0.26
