,日期,开盘,收盘,最高,最低,成交量,成交额,振幅,涨跌幅,涨跌额,换手率
0,2015-01-05,6.44,6.45,6.62,6.2,3373682,2739056432.0,6.53,0.31,0.02,1.06
1,2015-01-06,6.29,6.22,6.6,6.12,2893903,2320454400.0,7.44,-3.57,-0.23,0.91
2,2015-01-07,6.09,6.2,6.39,6.02,1809693,1430048944.0,5.95,-0.32,-0.02,0.57
3,2015-01-08,6.22,5.83,6.26,5.76,2026606,1546069328.0,8.06,-5.97,-0.37,0.64
4,2015-01-09,5.69,5.89,6.32,5.66,2586769,1988183984.0,11.32,1.03,0.06,0.81
5,2015-01-12,5.79,5.75,5.93,5.61,1270717,949152016.0,5.43,-2.38,-0.14,0.4
6,2015-01-13,5.76,5.7,5.82,5.65,966685,716752432.0,2.96,-0.87,-0.05,0.3
7,2015-01-14,5.79,5.95,6.21,5.79,2093175,1617835840.0,7.37,4.39,0.25,0.66
8,2015-01-15,5.88,6.21,6.22,5.79,2019551,1568041360.0,7.23,4.37,0.26,0.63
9,2015-01-16,6.2,6.17,6.35,6.06,2096748,1662255760.0,4.67,-0.64,-0.04,0.66
10,2015-01-19,5.58,5.38,5.71,5.38,1793484,1294112400.0,5.35,-12.8,-0.79,0.56
11,2015-01-20,5.22,5.22,5.43,4.97,2244836,1554337968.0,8.55,-2.97,-0.16,0.7
12,2015-01-21,5.28,5.6,5.67,5.2,2242289,1602374832.0,9.0,7.28,0.38,0.7
13,2015-01-22,5.59,5.51,5.64,5.41,1349864,975639056.0,4.11,-1.61,-0.09,0.42
14,2015-01-23,5.55,5.55,5.69,5.49,1539151,1123305680.0,3.63,0.73,0.04,0.48
15,2015-01-26,5.53,5.53,5.55,5.38,860084,615657856.0,3.06,-0.36,-0.02,0.27
16,2015-01-27,5.53,5.35,5.53,5.23,1098013,776883648.0,5.42,-3.25,-0.18,0.34
17,2015-01-28,5.33,5.44,5.61,5.24,1631461,1168901904.0,6.92,1.68,0.09,0.51
18,2015-01-29,5.26,5.3,5.34,5.19,930034,648494512.0,2.76,-2.57,-0.14,0.29
19,2015-01-30,5.39,5.24,5.43,5.21,681467,477976560.0,4.15,-1.13,-0.06,0.21
20,2015-02-02,5.05,4.97,5.11,4.94,843829,568189664.0,3.24,-5.15,-0.27,0.26
21,2015-02-03,5.06,5.15,5.16,4.94,801883,541040288.0,4.43,3.62,0.18,0.25
22,2015-02-04,5.17,5.01,5.22,4.99,685101,467734736.0,4.47,-2.72,-0.14,0.21
23,2015-02-05,5.37,5.0,5.39,4.97,1622153,1125257648.0,8.38,-0.2,-0.01,0.51
24,2015-02-06,4.99,4.76,5.0,4.67,1105199,722359920.0,6.6,-4.8,-0.24,0.35
25,2015-02-09,4.75,4.86,4.94,4.59,821186,532827312.0,7.35,2.1,0.1,0.26
26,2015-02-10,4.81,5.04,5.04,4.78,770972,514716720.0,5.35,3.7,0.18,0.24
27,2015-02-11,5.05,4.99,5.09,4.9,574363,384392864.0,3.77,-0.99,-0.05,0.18
28,2015-02-12,4.99,4.99,5.02,4.9,560570,373760064.0,2.4,0.0,0.0,0.18
29,2015-02-13,5.02,5.04,5.17,4.98,799966,542696096.0,3.81,1.0,0.05,0.25
30,2015-02-16,5.04,5.01,5.06,4.98,435954,292915568.0,1.59,-0.6,-0.03,0.14
31,2015-02-17,5.01,5.04,5.13,5.0,735062,496409248.0,2.59,0.6,0.03,0.23
32,2015-02-25,5.04,4.91,5.05,4.9,731155,487174016.0,2.98,-2.58,-0.13,0.23
33,2015-02-26,4.91,5.08,5.09,4.84,1024380,686256352.0,5.09,3.46,0.17,0.32
34,2015-02-27,5.08,5.06,5.11,5.04,790898,536053520.0,1.38,-0.39,-0.02,0.25
35,2015-03-02,5.1,5.34,5.34,5.02,1827529,1255475968.0,6.32,5.53,0.28,0.57
36,2015-03-03,5.26,5.01,5.27,4.95,1714898,1170607584.0,5.99,-6.18,-0.33,0.54
37,2015-03-04,4.99,4.95,5.03,4.9,920446,613466384.0,2.59,-1.2,-0.06,0.29
38,2015-03-05,4.91,4.84,4.96,4.79,994320,652558224.0,3.43,-2.22,-0.11,0.31
39,2015-03-06,4.84,4.86,4.91,4.82,659222,433384736.0,1.86,0.41,0.02,0.21
40,2015-03-09,4.91,5.37,5.52,4.84,3141398,2177504064.0,13.99,10.49,0.51,0.98
41,2015-03-10,5.2,5.16,5.34,5.13,1495987,1033623776.0,3.91,-3.91,-0.21,0.47
42,2015-03-11,5.17,5.26,5.47,5.16,1334174,936332464.0,6.01,1.94,0.1,0.42
43,2015-03-12,5.39,5.55,5.79,5.31,3140786,2279925584.0,9.13,5.51,0.29,0.98
44,2015-03-13,5.58,5.49,5.78,5.42,2096676,1533656912.0,6.49,-1.08,-0.06,0.66
45,2015-03-16,5.49,5.54,5.59,5.37,1602620,1154141968.0,4.01,0.91,0.05,0.5
46,2015-03-17,5.68,5.63,5.74,5.54,1708596,1251386032.0,3.61,1.62,0.09,0.54
47,2015-03-18,5.63,5.8,5.85,5.6,2066964,1538595024.0,4.44,3.02,0.17,0.65
48,2015-03-19,5.78,5.72,5.78,5.62,1541747,1139415888.0,2.76,-1.38,-0.08,0.48
49,2015-03-20,5.71,5.79,5.97,5.57,2460743,1839372624.0,6.99,1.22,0.07,0.77
50,2015-03-23,5.8,5.81,5.84,5.72,2026395,1519987216.0,2.07,0.35,0.02,0.64
51,2015-03-24,5.78,5.7,5.87,5.6,1744464,1295266448.0,4.65,-1.89,-0.11,0.55
52,2015-03-25,5.68,5.52,5.68,5.49,1459192,1061220192.0,3.33,-3.16,-0.18,0.46
53,2015-03-26,5.45,5.52,5.64,5.39,1337644,967912272.0,4.53,0.0,0.0,0.42
54,2015-03-27,5.54,5.58,5.65,5.47,1216488,884858608.0,3.26,1.09,0.06,0.38
55,2015-03-30,5.61,5.75,5.81,5.55,2254466,1671889088.0,4.66,3.05,0.17,0.71
56,2015-03-31,5.84,5.65,5.92,5.61,2114991,1582740784.0,5.39,-1.74,-0.1,0.66
57,2015-04-01,5.65,5.7,5.76,5.59,1320532,975059744.0,3.01,0.88,0.05,0.41
58,2015-04-02,5.72,5.64,5.75,5.59,1342814,987678064.0,2.81,-1.05,-0.06,0.42
59,2015-04-03,5.6,5.68,5.71,5.57,1288888,949282400.0,2.48,0.71,0.04,0.4
60,2015-04-07,5.78,5.9,5.95,5.71,2784911,2100968880.0,4.23,3.87,0.22,0.87
61,2015-04-08,5.94,6.13,6.14,5.85,3505164,2709343440.0,4.92,3.9,0.23,1.1
62,2015-04-09,6.13,5.98,6.27,5.96,2756681,2148909616.0,5.06,-2.45,-0.15,0.86
63,2015-04-10,5.93,6.13,6.19,5.88,2548177,1983697856.0,5.18,2.51,0.15,0.8
64,2015-04-13,6.3,6.29,6.48,6.15,2953929,2371766768.0,5.38,2.61,0.16,0.93
65,2015-04-14,6.26,6.15,6.26,6.06,1787452,1404672336.0,3.18,-2.23,-0.14,0.56
66,2015-04-15,6.13,6.22,6.46,6.09,2667826,2135440432.0,6.02,1.14,0.07,0.84
67,2015-04-16,6.14,6.57,6.58,6.06,2677534,2163734480.0,8.36,5.63,0.35,0.84
68,2015-04-17,6.68,6.56,6.79,6.42,3222258,2666470208.0,5.63,-0.15,-0.01,1.01
69,2015-04-20,6.64,6.22,6.64,6.19,2999439,2439350000.0,6.86,-5.18,-0.34,0.94
70,2015-04-21,6.21,6.32,6.35,6.12,1735045,1379570080.0,3.7,1.61,0.1,0.54
71,2015-04-22,6.36,6.48,6.49,6.28,2455921,1981031200.0,3.32,2.53,0.16,0.77
72,2015-04-23,6.48,6.34,6.48,6.22,2088792,1683169760.0,4.01,-2.16,-0.14,0.65
73,2015-04-24,6.18,6.18,6.23,6.08,1744737,1371953696.0,2.37,-2.52,-0.16,0.55
74,2015-04-27,6.22,6.4,6.41,6.21,2374206,1908322592.0,3.24,3.56,0.22,0.74
75,2015-04-28,6.44,6.55,6.96,6.37,4605505,3842074832.0,9.22,2.34,0.15,1.44
76,2015-04-29,6.49,6.39,6.49,6.21,1925160,1553111344.0,4.27,-2.44,-0.16,0.6
77,2015-04-30,6.4,6.21,6.44,6.19,1660299,1329760208.0,3.91,-2.82,-0.18,0.52
78,2015-05-04,6.2,6.24,6.32,6.13,1105768,878471088.0,3.06,0.48,0.03,0.35
79,2015-05-05,6.21,5.8,6.23,5.77,1652429,1273191328.0,7.37,-7.05,-0.44,0.52
80,2015-05-06,5.81,5.65,5.99,5.58,1364756,1026118320.0,7.07,-2.59,-0.15,0.43
81,2015-05-07,5.65,5.58,5.77,5.56,958408,705476352.0,3.72,-1.24,-0.07,0.3
82,2015-05-08,5.66,5.66,5.71,5.47,1016393,743675824.0,4.3,1.43,0.08,0.32
83,2015-05-11,5.66,5.84,5.87,5.57,1456251,1079391904.0,5.3,3.18,0.18,0.46
84,2015-05-12,5.84,6.07,6.25,5.75,2572740,1991704480.0,8.56,3.94,0.23,0.81
85,2015-05-13,6.09,5.91,6.14,5.84,1537533,1179119856.0,4.94,-2.64,-0.16,0.48
86,2015-05-14,5.99,5.89,6.03,5.86,1172068,895690560.0,2.88,-0.34,-0.02,0.37
87,2015-05-15,5.87,5.64,5.89,5.59,1146732,849859920.0,5.09,-4.24,-0.25,0.36
88,2015-05-18,5.58,5.54,5.67,5.51,760501,554816272.0,2.84,-1.77,-0.1,0.24
89,2015-05-19,5.5,5.76,5.79,5.5,1156984,857313392.0,5.23,3.97,0.22,0.36
90,2015-05-20,5.79,5.71,5.88,5.68,1479383,1107027520.0,3.47,-0.87,-0.05,0.46
91,2015-05-21,5.7,5.71,5.75,5.64,1175825,869429792.0,1.93,0.0,0.0,0.37
92,2015-05-22,5.75,5.95,6.04,5.74,1829578,1386872176.0,5.25,4.2,0.24,0.57
93,2015-05-25,5.97,6.11,6.13,5.97,2061321,1603211744.0,2.69,2.69,0.16,0.65
94,2015-05-26,6.14,6.17,6.18,6.02,1852043,1445465888.0,2.62,0.98,0.06,0.58
95,2015-05-27,6.2,6.12,6.24,6.05,1551032,1216107648.0,3.08,-0.81,-0.05,0.49
96,2015-05-28,6.11,5.76,6.29,5.73,2924874,2283190384.0,9.15,-5.88,-0.36,0.92
97,2015-05-29,5.76,5.68,5.85,5.49,1756152,1299567920.0,6.25,-1.39,-0.08,0.55
98,2015-06-01,5.69,6.0,6.02,5.59,1826181,1378175712.0,7.57,5.63,0.32,0.57
99,2015-06-02,5.97,6.03,6.09,5.88,1647718,1265317136.0,3.5,0.5,0.03,0.52
100,2015-06-03,6.04,6.18,6.23,5.9,2595498,2025031232.0,5.47,2.49,0.15,0.81
101,2015-06-04,6.16,6.4,6.58,6.0,3968516,3194897792.0,9.39,3.56,0.22,1.24
102,2015-06-05,6.48,6.29,6.56,6.14,3138933,2524702928.0,6.56,-1.72,-0.11,0.98
103,2015-06-08,6.33,6.78,6.84,6.28,4693880,3909880528.0,8.9,7.79,0.49,1.47
104,2015-06-09,6.87,6.78,7.11,6.6,4014464,3442760272.0,7.52,0.0,0.0,1.26
105,2015-06-10,6.66,6.6,6.74,6.54,2022828,1684101744.0,2.95,-2.65,-0.18,0.63
106,2015-06-11,6.61,6.47,6.65,6.35,1833369,1494145536.0,4.55,-1.97,-0.13,0.57
107,2015-06-12,6.47,6.75,6.78,6.36,2744848,2257717568.0,6.49,4.33,0.28,0.86
108,2015-06-15,6.69,6.37,6.69,6.33,2540007,2088445184.0,5.33,-5.63,-0.38,0.8
109,2015-06-16,6.29,6.66,6.7,6.24,3539292,2920510192.0,7.22,4.55,0.29,1.11
110,2015-06-17,6.78,6.83,7.27,6.65,5524535,4744168448.0,9.31,2.55,0.17,1.73
111,2015-06-18,6.63,6.3,6.65,6.29,2894857,2367741328.0,5.27,-7.76,-0.53,0.91
112,2015-06-19,6.16,5.73,6.29,5.65,1917984,1489431056.0,10.16,-9.05,-0.57,0.6
113,2015-06-23,5.79,6.0,6.01,5.48,1487926,1122106480.0,9.25,4.71,0.27,0.47
114,2015-06-24,6.0,6.23,6.34,5.87,1764868,1369265296.0,7.83,3.83,0.23,0.55
115,2015-06-25,6.46,5.95,6.48,5.88,2540618,2020613200.0,9.63,-4.49,-0.28,0.8
116,2015-06-26,5.77,5.46,5.99,5.18,2387669,1749904720.0,13.61,-8.24,-0.49,0.75
117,2015-06-29,5.68,5.55,5.83,4.88,2508841,1821146416.0,17.4,1.65,0.09,0.79
118,2015-06-30,5.69,6.0,6.09,5.49,2597815,1952036512.0,10.81,8.11,0.45,0.81
119,2015-07-01,5.9,5.67,6.04,5.64,1765997,1337627456.0,6.67,-5.5,-0.33,0.55
120,2015-07-02,6.09,6.41,6.41,5.68,5258502,4106935008.0,12.87,13.05,0.74,1.65
121,2015-07-03,6.2,5.92,6.4,5.8,3106904,2450928560.0,9.36,-7.64,-0.49,0.97
122,2015-07-06,6.59,6.56,6.63,6.05,6451652,5242015232.0,9.8,10.81,0.64,2.02
123,2015-07-07,6.29,7.39,7.39,6.29,5510009,4789162752.0,16.77,12.65,0.83,1.73
124,2015-07-08,6.57,7.69,7.91,6.49,7545413,6923373312.0,19.22,4.06,0.3,2.36
125,2015-07-09,7.69,8.08,8.54,6.97,3802649,3597208048.0,20.42,5.07,0.39,1.19
126,2015-07-10,7.7,8.07,8.79,7.47,4337692,4333943296.0,16.34,-0.12,-0.01,1.36
127,2015-07-13,7.67,7.49,7.85,7.35,3435658,3195025088.0,6.2,-7.19,-0.58,1.08
128,2015-07-14,7.29,8.26,8.34,7.0,4426522,4095573920.0,17.89,10.28,0.77,1.39
129,2015-07-15,7.89,8.57,8.76,7.81,4748775,4814360832.0,11.5,3.75,0.31,1.49
130,2015-07-16,8.57,8.17,8.79,7.84,3265049,3268463808.0,11.09,-4.67,-0.4,1.02
131,2015-07-17,8.17,8.09,8.37,7.89,2518222,2469467472.0,5.88,-0.98,-0.08,0.79
132,2015-07-20,7.94,8.27,8.57,7.76,3319795,3275561728.0,10.01,2.22,0.18,1.04
133,2015-07-21,8.08,7.82,8.25,7.8,2538130,2457707264.0,5.44,-5.44,-0.45,0.8
134,2015-07-22,7.62,7.65,8.03,7.57,2403587,2272317024.0,5.88,-2.17,-0.17,0.75
135,2015-07-23,7.58,7.71,7.75,7.49,1854825,1736591584.0,3.4,0.78,0.06,0.58
136,2015-07-24,7.68,7.5,7.89,7.39,2158242,2031298448.0,6.49,-2.72,-0.21,0.68
137,2015-07-27,7.31,6.6,7.43,6.58,2515410,2214232208.0,11.33,-12.0,-0.9,0.79
138,2015-07-28,6.29,6.49,7.04,6.14,2434244,2047426672.0,13.64,-1.67,-0.11,0.76
139,2015-07-29,6.31,6.4,6.47,6.04,1725902,1378066176.0,6.63,-1.39,-0.09,0.54
140,2015-07-30,6.41,6.26,6.46,6.19,1435029,1150154144.0,4.22,-2.19,-0.14,0.45
141,2015-07-31,6.17,5.89,6.25,5.72,1178977,911803104.0,8.47,-5.91,-0.37,0.37
142,2015-08-03,5.77,6.0,6.17,5.66,1245514,950459056.0,8.66,1.87,0.11,0.39
143,2015-08-04,5.95,6.08,6.11,5.81,902836,693559136.0,5.0,1.33,0.08,0.28
144,2015-08-05,6.06,5.9,6.06,5.89,838331,643039040.0,2.8,-2.96,-0.18,0.26
145,2015-08-06,5.89,5.9,6.04,5.81,629459,482610048.0,3.9,0.0,0.0,0.2
146,2015-08-07,5.87,5.93,5.99,5.86,753828,574696032.0,2.2,0.51,0.03,0.24
147,2015-08-10,5.93,6.17,6.25,5.85,1323643,1026455456.0,6.75,4.05,0.24,0.41
148,2015-08-11,6.1,6.08,6.15,6.0,997026,775975328.0,2.43,-1.46,-0.09,0.31
149,2015-08-12,5.99,5.91,6.07,5.88,745388,570479792.0,3.13,-2.8,-0.17,0.23
150,2015-08-13,5.88,5.92,5.96,5.79,693622,525574624.0,2.88,0.17,0.01,0.22
151,2015-08-14,5.92,5.89,5.96,5.86,659602,502502192.0,1.69,-0.51,-0.03,0.21
152,2015-08-17,5.87,5.75,5.87,5.69,766876,571762560.0,3.06,-2.38,-0.14,0.24
153,2015-08-18,5.75,5.89,6.07,5.73,1702760,1298476928.0,5.91,2.43,0.14,0.53
154,2015-08-19,5.71,5.69,5.89,5.36,1346165,984801872.0,9.0,-3.4,-0.2,0.42
155,2015-08-20,5.69,5.38,5.69,5.37,835238,602093008.0,5.62,-5.45,-0.31,0.26
156,2015-08-21,5.3,5.08,5.45,5.03,854157,592957104.0,7.81,-5.58,-0.3,0.27
157,2015-08-24,4.89,4.4,4.98,4.4,1172603,737787296.0,11.42,-13.39,-0.68,0.37
158,2015-08-25,4.12,3.79,4.36,3.79,1470604,845835184.0,12.95,-13.86,-0.61,0.46
159,2015-08-26,3.9,3.94,4.17,3.7,1378314,779771280.0,12.4,3.96,0.15,0.43
160,2015-08-27,4.07,4.51,4.51,3.94,1391894,818356272.0,14.47,14.47,0.57,0.44
161,2015-08-28,4.64,4.66,4.77,4.55,1531576,974983488.0,4.88,3.33,0.15,0.48
162,2015-08-31,4.52,4.69,4.74,4.34,1288835,808237024.0,8.58,0.64,0.03,0.4
163,2015-09-01,4.57,4.71,4.96,4.47,1740113,1126958944.0,10.45,0.43,0.02,0.55
164,2015-09-02,4.49,4.52,4.94,4.41,1661771,1058736816.0,11.25,-4.03,-0.19,0.52
165,2015-09-07,4.51,4.14,4.51,4.1,1157343,700665760.0,9.07,-8.41,-0.38,0.36
166,2015-09-08,4.06,4.55,4.64,4.06,1384006,848971056.0,14.01,9.9,0.41,0.43
167,2015-09-09,4.44,4.67,4.7,4.39,1481408,931381536.0,6.81,2.64,0.12,0.46
168,2015-09-10,4.57,4.53,4.74,4.4,905776,571288048.0,7.28,-3.0,-0.14,0.28
169,2015-09-11,4.49,4.46,4.57,4.42,530484,328312128.0,3.31,-1.55,-0.07,0.17
170,2015-09-14,4.46,4.41,4.71,4.21,1116658,688609856.0,11.21,-1.12,-0.05,0.35
171,2015-09-15,4.29,4.43,4.72,4.24,1634994,1017899648.0,10.88,0.45,0.02,0.51
172,2015-09-16,4.3,4.53,4.63,4.22,1417597,861451840.0,9.26,2.26,0.1,0.44
173,2015-09-17,4.4,4.38,4.55,4.37,928845,572859952.0,3.97,-3.31,-0.15,0.29
174,2015-09-18,4.39,4.34,4.42,4.33,417027,253629020.0,2.05,-0.91,-0.04,0.13
175,2015-09-21,4.25,4.34,4.37,4.23,553466,332062544.0,3.23,0.0,0.0,0.17
176,2015-09-22,4.32,4.38,4.48,4.3,796021,485632720.0,4.15,0.92,0.04,0.25
177,2015-09-23,4.31,4.24,4.34,4.22,597098,357170640.0,2.74,-3.2,-0.14,0.19
178,2015-09-24,4.25,4.28,4.34,4.23,339767,203627885.0,2.59,0.94,0.04,0.11
179,2015-09-25,4.24,4.3,4.33,4.22,658118,394878480.0,2.57,0.47,0.02,0.21
180,2015-09-28,4.25,4.25,4.28,4.22,340904,203000543.0,1.4,-1.16,-0.05,0.11
181,2015-09-29,4.21,4.16,4.24,4.12,354885,208871347.0,2.82,-2.12,-0.09,0.11
182,2015-09-30,4.14,4.16,4.24,4.14,296038,174500885.0,2.4,0.0,0.0,0.09
183,2015-10-08,4.27,4.27,4.33,4.19,542316,324624544.0,3.37,2.64,0.11,0.17
184,2015-10-09,4.27,4.3,4.33,4.25,492168,295915616.0,1.87,0.7,0.03,0.15
185,2015-10-12,4.33,4.47,4.59,4.3,1213376,746823328.0,6.74,3.95,0.17,0.38
186,2015-10-13,4.44,4.47,4.49,4.39,574981,354329344.0,2.24,0.0,0.0,0.18
187,2015-10-14,4.44,4.51,4.59,4.42,917432,569251968.0,3.8,0.89,0.04,0.29
188,2015-10-15,4.47,4.58,4.59,4.45,973588,608448784.0,3.1,1.55,0.07,0.31
189,2015-10-16,4.61,4.62,4.7,4.56,936716,593253600.0,3.06,0.87,0.04,0.29
190,2015-10-19,4.63,4.6,4.73,4.55,985552,625295600.0,3.9,-0.43,-0.02,0.31
191,2015-10-20,4.57,4.6,4.62,4.51,816086,511893888.0,2.39,0.0,0.0,0.26
192,2015-10-21,4.59,4.88,5.08,4.55,2766085,1810569232.0,11.52,6.09,0.28,0.87
193,2015-10-22,4.73,4.79,4.95,4.62,1410212,912586112.0,6.76,-1.84,-0.09,0.44
194,2015-10-23,4.77,4.78,4.85,4.71,1254833,815356256.0,2.92,-0.21,-0.01,0.39
195,2015-10-26,4.82,4.74,4.91,4.7,1096067,714714512.0,4.39,-0.84,-0.04,0.34
196,2015-10-27,4.7,4.69,4.77,4.63,777792,497621616.0,2.95,-1.05,-0.05,0.24
197,2015-10-28,4.63,4.72,4.84,4.62,1126093,726585984.0,4.69,0.64,0.03,0.35
198,2015-10-29,4.7,4.65,4.7,4.63,604395,385061472.0,1.48,-1.48,-0.07,0.19
199,2015-10-30,4.64,4.69,4.81,4.62,699173,448208096.0,4.09,0.86,0.04,0.22
200,2015-11-02,4.66,4.58,4.68,4.57,437424,277742096.0,2.35,-2.35,-0.11,0.14
201,2015-11-03,4.57,4.55,4.62,4.5,463060,290608096.0,2.62,-0.66,-0.03,0.15
202,2015-11-04,4.56,4.78,4.82,4.54,1015334,650444400.0,6.15,5.05,0.23,0.32
203,2015-11-05,4.74,5.09,5.31,4.74,2152556,1465467984.0,11.92,6.49,0.31,0.67
204,2015-11-06,5.0,5.25,5.28,4.9,1418667,967044128.0,7.47,3.14,0.16,0.44
205,2015-11-09,5.49,5.95,5.95,5.39,1331131,1002610592.0,10.67,13.33,0.7,0.42
206,2015-11-10,5.97,6.12,6.39,5.74,2565170,1985728592.0,10.92,2.86,0.17,0.8
207,2015-11-11,5.99,5.97,6.1,5.8,1405975,1072818272.0,4.9,-2.45,-0.15,0.44
208,2015-11-12,6.06,5.92,6.16,5.84,1088518,835453376.0,5.36,-0.84,-0.05,0.34
209,2015-11-13,5.8,5.73,5.95,5.69,933056,700621936.0,4.39,-3.21,-0.19,0.29
210,2015-11-18,5.89,6.42,6.47,5.78,3123249,2452120784.0,12.04,12.04,0.69,0.98
211,2015-11-19,6.29,6.19,6.29,6.06,1793665,1409237344.0,3.58,-3.58,-0.23,0.56
212,2015-11-20,6.18,6.03,6.24,5.94,1129111,879824688.0,4.85,-2.58,-0.16,0.35
213,2015-11-23,5.99,6.0,6.16,5.88,960300,740339488.0,4.64,-0.5,-0.03,0.3
214,2015-11-24,5.98,5.85,5.99,5.79,811149,614470528.0,3.33,-2.5,-0.15,0.25
215,2015-11-25,5.81,5.88,5.96,5.77,631069,476537440.0,3.25,0.51,0.03,0.2
216,2015-11-26,5.9,5.87,6.19,5.85,993894,764385568.0,5.78,-0.17,-0.01,0.31
217,2015-11-27,5.8,5.34,5.92,5.27,787075,577581184.0,11.07,-9.03,-0.53,0.25
218,2015-11-30,5.38,5.55,5.72,5.3,1101080,795190112.0,7.87,3.93,0.21,0.35
219,2015-12-01,5.51,5.41,5.57,5.22,831124,588814640.0,6.31,-2.52,-0.14,0.26
220,2015-12-02,5.38,6.12,6.12,5.34,1914210,1450098688.0,14.42,13.12,0.71,0.6
221,2015-12-03,6.29,6.22,6.76,5.98,2716964,2180027152.0,12.75,1.63,0.1,0.85
222,2015-12-04,6.06,5.99,6.18,5.9,1214600,941263744.0,4.5,-3.7,-0.23,0.38
223,2015-12-07,5.96,5.93,6.05,5.79,826674,629626096.0,4.34,-1.0,-0.06,0.26
224,2015-12-08,5.89,5.75,5.9,5.63,966214,720499856.0,4.55,-3.04,-0.18,0.3
225,2015-12-09,5.7,5.79,5.9,5.69,752699,565518672.0,3.65,0.7,0.04,0.24
226,2015-12-10,5.74,5.64,6.09,5.6,990954,741807136.0,8.46,-2.59,-0.15,0.31
227,2015-12-11,5.6,5.56,5.66,5.43,641984,464890192.0,4.08,-1.42,-0.08,0.2
228,2015-12-14,5.45,5.86,5.9,5.42,917847,679525200.0,8.63,5.4,0.3,0.29
229,2015-12-15,5.81,5.6,5.81,5.59,727759,537974656.0,3.75,-4.44,-0.26,0.23
230,2015-12-16,5.6,5.55,5.65,5.49,766304,556258272.0,2.86,-0.89,-0.05,0.24
231,2015-12-17,5.61,5.73,5.85,5.53,1170979,868658368.0,5.77,3.24,0.18,0.37
232,2015-12-18,5.67,5.74,6.1,5.63,1906944,1445736848.0,8.2,0.17,0.01,0.6
233,2015-12-21,5.64,5.89,6.09,5.59,1605936,1215994592.0,8.71,2.61,0.15,0.5
234,2015-12-22,5.82,5.79,5.87,5.71,936347,700524800.0,2.72,-1.7,-0.1,0.29
235,2015-12-23,5.77,6.0,6.27,5.73,1911700,1467633712.0,9.33,3.63,0.21,0.6
236,2015-12-24,5.92,5.94,6.08,5.79,1164999,890963600.0,4.83,-1.0,-0.06,0.37
237,2015-12-25,5.9,5.93,5.98,5.86,671496,512377920.0,2.02,-0.17,-0.01,0.21
238,2015-12-28,5.92,5.55,5.94,5.54,1184151,877703392.0,6.75,-6.41,-0.38,0.37
239,2015-12-29,5.55,5.6,5.63,5.49,488575,354800000.0,2.52,0.9,0.05,0.15
240,2015-12-30,5.56,5.61,5.62,5.51,447866,325959312.0,1.96,0.18,0.01,0.14
241,2015-12-31,5.61,5.51,5.73,5.49,538580,394754640.0,4.28,-1.78,-0.1,0.17
242,2016-01-04,5.51,5.05,5.54,4.88,609011,425450016.0,11.98,-8.35,-0.46,0.19
243,2016-01-05,4.81,5.05,5.23,4.79,769417,520894736.0,8.71,0.0,0.0,0.24
244,2016-01-06,5.06,5.13,5.19,4.96,727306,491360720.0,4.55,1.58,0.08,0.23
245,2016-01-07,5.02,4.68,5.04,4.65,187240,123130447.0,7.6,-8.77,-0.45,0.06
246,2016-01-08,4.82,4.82,4.96,4.61,885390,578313712.0,7.48,2.99,0.14,0.28
247,2016-01-11,4.72,4.79,5.1,4.66,1093840,722326720.0,9.13,-0.62,-0.03,0.34
248,2016-01-12,4.89,4.81,5.03,4.75,821668,539591488.0,5.85,0.42,0.02,0.26
249,2016-01-13,4.79,4.56,4.81,4.5,741941,475564272.0,6.44,-5.2,-0.25,0.23
250,2016-01-14,4.44,4.61,4.64,4.38,658655,409924176.0,5.7,1.1,0.05,0.21
251,2016-01-15,4.55,4.32,4.59,4.23,716520,437032512.0,7.81,-6.29,-0.29,0.22
252,2016-01-18,4.21,4.32,4.36,4.17,648889,388163104.0,4.4,0.0,0.0,0.2
253,2016-01-19,4.29,4.48,4.55,4.23,828524,506400048.0,7.41,3.7,0.16,0.26
254,2016-01-20,4.4,4.37,4.45,4.3,656310,399058320.0,3.35,-2.46,-0.11,0.21
255,2016-01-21,4.32,4.43,4.79,4.29,1171852,728836336.0,11.44,1.37,0.06,0.37
256,2016-01-22,4.45,4.41,4.45,4.26,741288,450021888.0,4.29,-0.45,-0.02,0.23
257,2016-01-25,4.36,4.35,4.43,4.27,541648,328437952.0,3.63,-1.36,-0.06,0.17
258,2016-01-26,4.29,3.97,4.33,3.89,620871,363420256.0,10.11,-8.74,-0.38,0.19
259,2016-01-27,3.97,3.89,4.05,3.76,623274,350664096.0,7.3,-2.02,-0.08,0.2
260,2016-01-28,3.9,3.73,3.93,3.71,459605,254111648.0,5.66,-4.11,-0.16,0.14
261,2016-01-29,3.61,3.84,4.02,3.6,761507,418488896.0,11.26,2.95,0.11,0.24
262,2016-02-01,3.78,3.75,3.82,3.67,382097,208655074.0,3.91,-2.34,-0.09,0.12
263,2016-02-02,3.76,3.85,3.95,3.74,429453,238060506.0,5.6,2.67,0.1,0.13
264,2016-02-03,3.78,3.78,3.8,3.69,294406,160550976.0,2.86,-1.82,-0.07,0.09
265,2016-02-04,3.79,3.86,3.94,3.78,421011,234392842.0,4.23,2.12,0.08,0.13
266,2016-02-05,3.87,3.81,3.88,3.79,260931,144588983.0,2.33,-1.3,-0.05,0.08
267,2016-02-15,3.65,3.71,3.74,3.61,290347,156530454.0,3.41,-2.62,-0.1,0.09
268,2016-02-16,3.74,3.9,3.91,3.72,535304,297892768.0,5.12,5.12,0.19,0.17
269,2016-02-17,3.89,3.94,3.97,3.86,448089,251775167.0,2.82,1.03,0.04,0.14
270,2016-02-18,3.96,3.92,4.01,3.89,481852,272873040.0,3.05,-0.51,-0.02,0.15
271,2016-02-19,3.91,3.9,3.94,3.84,334587,187388344.0,2.55,-0.51,-0.02,0.1
272,2016-02-22,3.93,4.09,4.14,3.89,773099,443334832.0,6.41,4.87,0.19,0.24
273,2016-02-23,4.05,3.96,4.07,3.91,494553,280973536.0,3.91,-3.18,-0.13,0.16
274,2016-02-24,3.93,3.99,3.99,3.87,354428,200199308.0,3.03,0.76,0.03,0.11
275,2016-02-25,3.99,3.89,4.11,3.79,1062194,599138896.0,8.02,-2.51,-0.1,0.33
276,2016-02-26,3.83,3.87,3.91,3.79,496281,276209664.0,3.08,-0.51,-0.02,0.16
277,2016-02-29,3.85,3.67,3.85,3.44,792796,422691136.0,10.59,-5.17,-0.2,0.25
278,2016-03-01,3.65,3.7,3.77,3.56,541608,291086752.0,5.72,0.82,0.03,0.17
279,2016-03-02,3.7,3.91,3.92,3.68,733419,405568304.0,6.49,5.68,0.21,0.23
280,2016-03-03,3.9,3.94,3.95,3.82,631246,354054032.0,3.32,0.77,0.03,0.2
281,2016-03-04,3.89,4.24,4.27,3.87,1743057,1018621056.0,10.15,7.61,0.3,0.55
282,2016-03-07,4.16,4.18,4.25,4.1,779909,458978560.0,3.54,-1.42,-0.06,0.24
283,2016-03-08,4.1,4.21,4.22,3.95,678544,392852432.0,6.46,0.72,0.03,0.21
284,2016-03-09,4.09,4.18,4.2,4.04,566042,330586656.0,3.8,-0.71,-0.03,0.18
285,2016-03-10,4.13,4.05,4.17,4.03,284776,165665350.0,3.35,-3.11,-0.13,0.09
286,2016-03-11,3.94,4.08,4.11,3.94,367765,211390090.0,4.2,0.74,0.03,0.12
287,2016-03-14,4.09,4.11,4.2,4.03,568622,333093216.0,4.17,0.74,0.03,0.18
288,2016-03-15,4.11,4.22,4.29,4.04,599068,352503104.0,6.08,2.68,0.11,0.19
289,2016-03-16,4.15,4.24,4.34,4.13,1061934,633272384.0,4.98,0.47,0.02,0.33
290,2016-03-17,4.18,4.29,4.34,4.16,719304,428180928.0,4.25,1.18,0.05,0.23
291,2016-03-18,4.26,4.29,4.33,4.24,1087727,651614144.0,2.1,0.0,0.0,0.34
292,2016-03-21,4.29,4.38,4.47,4.27,1173363,714669184.0,4.66,2.1,0.09,0.37
293,2016-03-22,4.35,4.46,4.56,4.33,1145526,707863280.0,5.25,1.83,0.08,0.36
294,2016-03-23,4.39,4.4,4.45,4.31,627602,382295312.0,3.14,-1.35,-0.06,0.2
295,2016-03-24,4.37,4.29,4.37,4.28,432095,260209088.0,2.05,-2.5,-0.11,0.14
296,2016-03-25,4.25,4.27,4.31,4.22,298187,178209375.0,2.1,-0.47,-0.02,0.09
297,2016-03-28,4.29,4.19,4.33,4.18,348419,207886768.0,3.51,-1.87,-0.08,0.11
298,2016-03-29,4.21,4.19,4.26,4.16,321607,190247073.0,2.39,0.0,0.0,0.1
299,2016-03-30,4.24,4.37,4.38,4.22,577197,348551408.0,3.82,4.3,0.18,0.18
300,2016-03-31,4.4,4.36,4.42,4.31,478850,290483184.0,2.52,-0.23,-0.01,0.15
301,2016-04-01,4.35,4.38,4.4,4.24,488485,295115984.0,3.67,0.46,0.02,0.15
302,2016-04-05,4.33,4.4,4.41,4.3,592669,359979680.0,2.51,0.46,0.02,0.19
303,2016-04-06,4.36,4.33,4.38,4.29,404347,244507887.0,2.05,-1.59,-0.07,0.13
304,2016-04-07,4.33,4.25,4.35,4.25,361170,216761121.0,2.31,-1.85,-0.08,0.11
305,2016-04-08,4.25,4.26,4.31,4.21,324731,194241717.0,2.35,0.24,0.01,0.1
306,2016-04-11,4.25,4.32,4.37,4.25,360213,217463128.0,2.82,1.41,0.06,0.11
307,2016-04-12,4.32,4.29,4.33,4.25,189328,113574161.0,1.85,-0.69,-0.03,0.06
308,2016-04-13,4.32,4.41,4.51,4.29,833234,510617632.0,5.13,2.8,0.12,0.26
309,2016-04-14,4.44,4.41,4.47,4.37,326433,199520826.0,2.27,0.0,0.0,0.1
310,2016-04-15,4.41,4.43,4.48,4.39,414815,255162509.0,2.04,0.45,0.02,0.13
311,2016-04-18,4.4,4.32,4.4,4.31,312159,189004417.0,2.03,-2.48,-0.11,0.1
312,2016-04-19,4.36,4.28,4.36,4.25,324693,194622462.0,2.55,-0.93,-0.04,0.1
313,2016-04-20,4.29,4.18,4.3,4.05,565776,332615664.0,5.84,-2.34,-0.1,0.18
314,2016-04-21,4.15,4.18,4.28,4.11,388286,229541769.0,4.07,0.0,0.0,0.12
315,2016-04-22,4.16,4.2,4.22,4.14,248107,146194645.0,1.91,0.48,0.02,0.08
316,2016-04-25,4.18,4.17,4.22,4.08,232315,136056010.0,3.33,-0.71,-0.03,0.07
317,2016-04-26,4.14,4.18,4.22,4.12,250114,147067985.0,2.4,0.24,0.01,0.08
318,2016-04-27,4.19,4.16,4.21,4.15,172158,101333191.0,1.44,-0.48,-0.02,0.05
319,2016-04-28,4.18,4.19,4.26,4.14,369977,218636996.0,2.88,0.72,0.03,0.12
320,2016-04-29,4.15,4.16,4.19,4.14,241904,141942849.0,1.19,-0.72,-0.03,0.08
321,2016-05-03,4.14,4.26,4.27,4.14,419125,249049430.0,3.13,2.4,0.1,0.13
322,2016-05-04,4.29,4.26,4.29,4.23,191779,114338362.0,1.41,0.0,0.0,0.06
323,2016-05-05,4.26,4.26,4.29,4.21,214944,128110195.0,1.88,0.0,0.0,0.07
324,2016-05-06,4.25,4.11,4.27,4.1,257136,151930424.0,3.99,-3.52,-0.15,0.08
325,2016-05-09,4.11,3.9,4.11,3.83,377379,214482585.0,6.81,-5.11,-0.21,0.12
326,2016-05-10,3.88,3.87,3.91,3.85,181608,101432421.0,1.54,-0.77,-0.03,0.06
327,2016-05-11,3.89,3.92,3.95,3.82,293510,164083791.0,3.36,1.29,0.05,0.09
328,2016-05-12,3.88,3.86,3.89,3.82,215734,119976230.0,1.79,-1.53,-0.06,0.07
329,2016-05-13,3.84,3.8,3.88,3.78,213409,118246388.0,2.59,-1.55,-0.06,0.07
330,2016-05-16,3.78,3.85,3.86,3.77,173216,95767117.0,2.37,1.32,0.05,0.05
331,2016-05-17,3.84,3.81,3.85,3.76,232608,128085591.0,2.34,-1.04,-0.04,0.07
332,2016-05-18,3.79,3.83,3.84,3.74,276408,152113868.0,2.62,0.52,0.02,0.09
333,2016-05-19,3.79,3.79,3.83,3.78,144675,79769604.0,1.31,-1.04,-0.04,0.05
334,2016-05-20,3.77,3.82,3.82,3.77,104690,57683164.0,1.32,0.79,0.03,0.03
335,2016-05-23,3.8,3.82,3.84,3.8,108158,59867833.0,1.05,0.0,0.0,0.03
336,2016-05-24,3.82,3.77,3.83,3.76,128218,70461949.0,1.83,-1.31,-0.05,0.04
337,2016-05-25,3.8,3.78,3.83,3.76,138745,76428694.0,1.86,0.27,0.01,0.04
338,2016-05-26,3.76,3.78,3.8,3.74,136032,74468952.0,1.59,0.0,0.0,0.04
339,2016-05-27,3.78,3.83,3.87,3.77,200313,110811152.0,2.65,1.32,0.05,0.06
340,2016-05-30,3.82,3.88,3.89,3.81,224006,124838307.0,2.09,1.31,0.05,0.07
341,2016-05-31,3.88,4.09,4.12,3.87,436191,250850723.0,6.44,5.41,0.21,0.14
342,2016-06-01,4.07,4.07,4.1,4.02,254902,147207586.0,1.96,-0.49,-0.02,0.08
343,2016-06-02,4.06,4.02,4.08,3.98,288322,164983485.0,2.46,-1.23,-0.05,0.09
344,2016-06-03,4.02,4.01,4.04,3.98,251307,143720684.0,1.49,-0.25,-0.01,0.08
345,2016-06-06,4.01,3.98,4.02,3.95,202578,115269253.0,1.75,-0.75,-0.03,0.06
346,2016-06-07,3.98,4.0,4.0,3.95,200266,113851098.0,1.26,0.5,0.02,0.06
347,2016-06-08,3.98,3.98,3.99,3.96,137281,78037642.0,0.75,-0.5,-0.02,0.04
348,2016-06-13,3.95,3.8,3.95,3.79,261404,146284259.0,4.02,-4.52,-0.18,0.08
349,2016-06-14,3.81,3.86,3.87,3.8,174947,96976362.0,1.84,1.58,0.06,0.05
350,2016-06-15,3.8,3.9,3.99,3.79,323236,181576505.0,5.18,1.04,0.04,0.1
351,2016-06-16,3.86,3.86,3.92,3.82,178992,99986643.0,2.56,-1.03,-0.04,0.06
352,2016-06-17,3.86,3.85,3.9,3.82,265779,148013703.0,2.07,-0.26,-0.01,0.08
353,2016-06-20,3.86,3.84,3.87,3.8,224332,124150463.0,1.82,-0.26,-0.01,0.07
354,2016-06-21,3.84,3.86,3.91,3.83,239093,133258161.0,2.08,0.52,0.02,0.07
355,2016-06-22,3.86,3.89,3.9,3.83,162338,90608392.0,1.81,0.78,0.03,0.05
356,2016-06-23,3.89,3.93,3.97,3.88,242177,136674838.0,2.31,1.03,0.04,0.08
357,2016-06-24,3.92,3.88,3.99,3.79,342446,192218959.0,5.09,-1.27,-0.05,0.11
358,2016-06-27,3.85,3.89,3.91,3.82,209420,116791995.0,2.32,0.26,0.01,0.07
359,2016-06-28,3.88,3.89,3.89,3.84,170335,94978676.0,1.29,0.0,0.0,0.05
360,2016-06-29,3.9,3.99,3.99,3.88,367960,207826476.0,2.83,2.57,0.1,0.12
361,2016-06-30,3.97,3.96,3.98,3.94,240183,136056380.0,1.0,-0.75,-0.03,0.08
362,2016-07-01,3.96,3.96,3.98,3.94,228867,129788707.0,1.01,0.0,0.0,0.07
363,2016-07-04,3.96,4.02,4.05,3.94,372018,212821377.0,2.78,1.52,0.06,0.12
364,2016-07-05,4.02,4.04,4.06,4.01,286119,164491960.0,1.24,0.5,0.02,0.09
365,2016-07-06,4.03,4.03,4.06,4.0,268851,154219401.0,1.49,-0.25,-0.01,0.08
366,2016-07-07,4.04,4.05,4.07,4.01,337495,194039851.0,1.49,0.5,0.02,0.11
367,2016-07-08,4.05,4.01,4.05,4.0,184054,105287889.0,1.23,-0.99,-0.04,0.06
368,2016-07-11,4.01,4.01,4.04,4.0,256005,146685363.0,1.0,0.0,0.0,0.08
369,2016-07-12,4.01,4.12,4.14,3.99,462418,267375051.0,3.74,2.74,0.11,0.14
370,2016-07-13,4.14,4.25,4.49,4.14,863971,518886016.0,8.5,3.16,0.13,0.27
371,2016-07-14,4.25,4.31,4.39,4.23,415287,250193626.0,3.76,1.41,0.06,0.13
372,2016-07-15,4.32,4.35,4.4,4.29,387814,235275018.0,2.55,0.93,0.04,0.12
373,2016-07-18,4.36,4.55,4.64,4.35,703856,437999440.0,6.67,4.6,0.2,0.22
374,2016-07-19,4.52,4.46,4.54,4.4,327156,201622570.0,3.08,-1.98,-0.09,0.1
375,2016-07-20,4.46,4.42,4.49,4.36,254287,155411053.0,2.91,-0.9,-0.04,0.08
376,2016-07-21,4.41,4.43,4.45,4.36,224349,137348124.0,2.04,0.23,0.01,0.07
377,2016-07-22,4.41,4.42,4.44,4.38,233773,143118215.0,1.35,-0.23,-0.01,0.07
378,2016-07-25,4.38,4.35,4.39,4.27,389985,227198357.0,2.71,-1.58,-0.07,0.12
379,2016-07-26,4.32,4.4,4.44,4.31,255179,149841908.0,2.99,1.15,0.05,0.08
380,2016-07-27,4.39,4.43,4.44,4.3,470813,276137856.0,3.18,0.68,0.03,0.15
381,2016-07-28,4.36,4.37,4.42,4.34,264188,155510580.0,1.81,-1.35,-0.06,0.08
382,2016-07-29,4.36,4.49,4.52,4.36,386355,229818583.0,3.66,2.75,0.12,0.12
383,2016-08-01,4.52,4.52,4.64,4.45,499602,301019984.0,4.23,0.67,0.03,0.16
384,2016-08-02,4.49,4.45,4.54,4.41,253927,151498141.0,2.88,-1.55,-0.07,0.08
385,2016-08-03,4.42,4.4,4.44,4.39,146521,86631872.0,1.12,-1.12,-0.05,0.05
386,2016-08-04,4.4,4.39,4.42,4.32,208121,122228511.0,2.27,-0.23,-0.01,0.07
387,2016-08-05,4.39,4.46,4.51,4.36,370588,220344173.0,3.42,1.59,0.07,0.12
388,2016-08-08,4.44,4.5,4.52,4.41,223111,133289918.0,2.47,0.9,0.04,0.07
389,2016-08-09,4.5,4.56,4.57,4.5,241409,145830511.0,1.56,1.33,0.06,0.08
390,2016-08-10,4.55,4.55,4.58,4.51,199492,120635902.0,1.54,-0.22,-0.01,0.06
391,2016-08-11,4.54,4.73,4.95,4.52,898782,565138288.0,9.45,3.96,0.18,0.28
392,2016-08-12,4.71,4.93,4.99,4.7,655857,417806736.0,6.13,4.23,0.2,0.21
393,2016-08-15,4.93,5.17,5.25,4.88,910093,601629968.0,7.51,4.87,0.24,0.29
394,2016-08-16,5.15,5.08,5.21,4.91,940196,612794464.0,5.8,-1.74,-0.09,0.29
395,2016-08-17,5.01,5.0,5.1,4.95,424123,276886784.0,2.95,-1.57,-0.08,0.13
396,2016-08-18,4.96,4.98,5.13,4.93,379040,246192910.0,4.0,-0.4,-0.02,0.12
397,2016-08-19,4.98,4.93,4.99,4.93,218437,141158730.0,1.2,-1.0,-0.05,0.07
398,2016-08-22,4.94,4.94,4.99,4.87,156498,100762462.0,2.43,0.2,0.01,0.05
399,2016-08-23,4.93,4.89,4.98,4.84,250859,161185205.0,2.83,-1.01,-0.05,0.08
400,2016-08-24,4.9,4.82,4.91,4.78,375141,237151119.0,2.66,-1.43,-0.07,0.12
401,2016-08-25,4.8,4.84,4.85,4.75,242494,152969468.0,2.07,0.41,0.02,0.08
402,2016-08-26,4.8,4.87,4.88,4.76,361388,228602524.0,2.48,0.62,0.03,0.11
403,2016-08-29,4.83,4.78,4.85,4.75,297780,187137827.0,2.05,-1.85,-0.09,0.09
404,2016-08-30,4.78,4.81,4.84,4.76,212719,134058540.0,1.67,0.63,0.03,0.07
405,2016-08-31,4.8,4.85,4.94,4.79,264553,168485940.0,3.12,0.83,0.04,0.08
406,2016-09-01,4.84,4.84,4.91,4.79,292875,186236121.0,2.47,-0.21,-0.01,0.09
407,2016-09-02,4.84,4.79,4.87,4.76,260534,164396132.0,2.27,-1.03,-0.05,0.08
408,2016-09-05,4.78,4.8,4.83,4.77,194419,122392725.0,1.25,0.21,0.01,0.06
409,2016-09-06,4.8,4.77,4.84,4.73,305722,191998632.0,2.29,-0.63,-0.03,0.1
410,2016-09-07,4.76,4.73,4.77,4.7,429586,267393096.0,1.47,-0.84,-0.04,0.13
411,2016-09-08,4.72,4.72,4.73,4.68,301078,186760537.0,1.06,-0.21,-0.01,0.09
412,2016-09-09,4.72,4.63,4.72,4.62,258080,159094748.0,2.12,-1.91,-0.09,0.08
413,2016-09-12,4.58,4.49,4.58,4.46,470424,282335536.0,2.59,-3.02,-0.14,0.15
414,2016-09-13,4.51,4.45,4.52,4.44,262102,156526187.0,1.78,-0.89,-0.04,0.08
415,2016-09-14,4.44,4.37,4.44,4.34,431806,253940134.0,2.25,-1.8,-0.08,0.14
416,2016-09-19,4.37,4.38,4.45,4.37,567242,334798672.0,1.83,0.23,0.01,0.18
417,2016-09-20,4.39,4.41,4.42,4.37,204217,120237904.0,1.14,0.68,0.03,0.06
418,2016-09-21,4.39,4.44,4.46,4.38,216126,128243336.0,1.81,0.68,0.03,0.07
419,2016-09-22,4.46,4.45,4.48,4.43,282421,168227263.0,1.13,0.23,0.01,0.09
420,2016-09-23,4.46,4.46,4.47,4.43,162683,96857445.0,0.9,0.22,0.01,0.05
421,2016-09-26,4.45,4.37,4.45,4.36,233612,137700896.0,2.02,-2.02,-0.09,0.07
422,2016-09-27,4.36,4.41,4.41,4.3,170809,100263361.0,2.52,0.92,0.04,0.05
423,2016-09-28,4.41,4.39,4.42,4.37,107630,63438907.0,1.13,-0.45,-0.02,0.03
424,2016-09-29,4.4,4.44,4.47,4.39,214305,127354987.0,1.82,1.14,0.05,0.07
425,2016-09-30,4.42,4.48,4.53,4.42,236545,141597810.0,2.48,0.9,0.04,0.07
426,2016-10-10,4.48,4.51,4.52,4.45,293174,175360763.0,1.56,0.67,0.03,0.09
427,2016-10-11,4.51,4.5,4.52,4.45,235639,140897811.0,1.55,-0.22,-0.01,0.07
428,2016-10-12,4.47,4.47,4.5,4.46,136243,81414624.0,0.89,-0.67,-0.03,0.04
429,2016-10-13,4.48,4.47,4.49,4.46,140823,84102995.0,0.67,0.0,0.0,0.04
430,2016-10-14,4.46,4.46,4.47,4.42,173318,103020855.0,1.12,-0.22,-0.01,0.05
431,2016-10-17,4.46,4.46,4.52,4.43,255217,152049461.0,2.02,0.0,0.0,0.08
432,2016-10-18,4.45,4.53,4.55,4.45,398976,239821358.0,2.24,1.57,0.07,0.13
433,2016-10-19,4.53,4.56,4.59,4.5,264700,160189656.0,1.99,0.66,0.03,0.08
434,2016-10-20,4.56,4.58,4.6,4.53,205832,124870146.0,1.54,0.44,0.02,0.06
435,2016-10-21,4.57,4.6,4.62,4.56,180306,109727770.0,1.31,0.44,0.02,0.06
436,2016-10-24,4.66,4.66,4.77,4.61,523292,323597072.0,3.48,1.3,0.06,0.16
437,2016-10-25,4.65,4.67,4.69,4.64,182776,112828801.0,1.07,0.21,0.01,0.06
438,2016-10-26,4.65,4.59,4.67,4.58,190396,116234328.0,1.93,-1.71,-0.08,0.06
439,2016-10-27,4.57,4.55,4.58,4.51,178017,107596801.0,1.53,-0.87,-0.04,0.06
440,2016-10-28,4.55,4.62,4.69,4.54,262431,160931568.0,3.3,1.54,0.07,0.08
441,2016-10-31,4.6,4.57,4.61,4.54,145860,88448817.0,1.52,-1.08,-0.05,0.05
442,2016-11-01,4.58,4.59,4.59,4.54,246411,149470525.0,1.09,0.44,0.02,0.08
443,2016-11-02,4.56,4.46,4.57,4.45,417671,250860318.0,2.61,-2.83,-0.13,0.13
444,2016-11-03,4.45,4.51,4.53,4.45,321479,192620290.0,1.79,1.12,0.05,0.1
445,2016-11-04,4.5,4.56,4.64,4.5,459789,279844464.0,3.1,1.11,0.05,0.14
446,2016-11-07,4.53,4.55,4.59,4.53,162349,98270622.0,1.32,-0.22,-0.01,0.05
447,2016-11-08,4.58,4.68,4.71,4.56,509291,313530864.0,3.3,2.86,0.13,0.16
448,2016-11-09,4.66,4.63,4.68,4.59,241460,147988200.0,1.92,-1.07,-0.05,0.08
449,2016-11-10,4.66,4.72,4.79,4.65,426473,266406268.0,3.02,1.94,0.09,0.13
450,2016-11-11,4.71,4.83,4.89,4.7,522518,328918832.0,4.03,2.33,0.11,0.16
451,2016-11-14,4.8,4.92,5.06,4.78,592333,381593312.0,5.8,1.86,0.09,0.19
452,2016-11-15,4.9,4.85,4.94,4.8,233586,148071341.0,2.85,-1.42,-0.07,0.07
453,2016-11-16,4.84,4.83,4.85,4.79,155582,98326227.0,1.24,-0.41,-0.02,0.05
454,2016-11-17,4.81,4.85,4.85,4.77,163892,103756981.0,1.66,0.41,0.02,0.05
455,2016-11-18,4.83,4.82,4.86,4.8,177864,112326425.0,1.24,-0.62,-0.03,0.06
456,2016-11-21,4.81,4.95,5.03,4.77,381505,244991890.0,5.39,2.7,0.13,0.12
457,2016-11-22,4.93,5.11,5.24,4.91,601883,396332992.0,6.67,3.23,0.16,0.19
458,2016-11-23,5.07,5.39,5.72,5.07,1492821,1028439280.0,12.72,5.48,0.28,0.47
459,2016-11-24,5.31,5.4,5.43,5.23,460302,314734864.0,3.71,0.19,0.01,0.14
460,2016-11-25,5.4,5.43,5.58,5.29,547050,378896096.0,5.37,0.56,0.03,0.17
461,2016-11-28,5.44,5.49,5.7,5.4,811503,572775472.0,5.52,1.1,0.06,0.25
462,2016-11-29,5.46,5.42,5.51,5.33,483308,334110080.0,3.28,-1.28,-0.07,0.15
463,2016-11-30,5.38,5.22,5.4,5.11,604248,406749680.0,5.35,-3.69,-0.2,0.19
464,2016-12-01,5.22,5.24,5.32,5.15,442361,298151840.0,3.26,0.38,0.02,0.14
465,2016-12-02,5.24,5.22,5.25,5.13,412016,275782400.0,2.29,-0.38,-0.02,0.13
466,2016-12-05,5.17,5.22,5.23,5.11,500664,333843024.0,2.3,0.0,0.0,0.16
467,2016-12-06,5.18,5.18,5.29,5.17,357941,241375907.0,2.3,-0.77,-0.04,0.11
468,2016-12-07,5.18,5.18,5.26,5.05,509384,337616176.0,4.05,0.0,0.0,0.16
469,2016-12-08,5.18,5.44,5.45,5.16,531110,362833584.0,5.6,5.02,0.26,0.17
470,2016-12-09,5.4,5.69,6.02,5.34,1137724,820356640.0,12.5,4.6,0.25,0.36
471,2016-12-12,5.69,5.65,5.82,5.4,766151,544553472.0,7.38,-0.7,-0.04,0.24
472,2016-12-13,5.56,5.53,5.58,5.4,351155,245212426.0,3.19,-2.12,-0.12,0.11
473,2016-12-14,5.47,5.5,5.71,5.43,535337,378110768.0,5.06,-0.54,-0.03,0.17
474,2016-12-15,5.41,5.16,5.47,5.15,841512,569544160.0,5.82,-6.18,-0.34,0.26
475,2016-12-16,5.12,5.22,5.24,5.11,365059,243587034.0,2.52,1.16,0.06,0.11
476,2016-12-19,5.17,5.13,5.18,5.08,264519,175558529.0,1.92,-1.72,-0.09,0.08
477,2016-12-20,5.13,4.96,5.13,4.9,496058,320114704.0,4.48,-3.31,-0.17,0.16
478,2016-12-21,4.96,5.06,5.1,4.95,256480,167515889.0,3.02,2.02,0.1,0.08
479,2016-12-22,5.06,5.05,5.07,4.99,167840,109561008.0,1.58,-0.2,-0.01,0.05
480,2016-12-23,5.05,5.0,5.05,4.93,197232,127960050.0,2.38,-0.99,-0.05,0.06
481,2016-12-26,4.98,5.02,5.02,4.88,178306,114859702.0,2.8,0.4,0.02,0.06
482,2016-12-27,5.01,4.93,5.01,4.91,195784,126451633.0,1.99,-1.79,-0.09,0.06
483,2016-12-28,4.93,4.83,4.95,4.79,271221,172668080.0,3.25,-2.03,-0.1,0.09
484,2016-12-29,4.82,4.86,4.92,4.8,202563,129008887.0,2.48,0.62,0.03,0.06
485,2016-12-30,4.85,4.91,4.96,4.85,222539,142280689.0,2.26,1.03,0.05,0.07
486,2017-01-03,4.94,5.25,5.26,4.92,698579,464410176.0,6.92,6.92,0.34,0.22
487,2017-01-04,5.25,5.25,5.49,5.22,509791,347831856.0,5.14,0.0,0.0,0.16
488,2017-01-05,5.25,5.29,5.4,5.19,229455,156136860.0,4.0,0.76,0.04,0.07
489,2017-01-06,5.25,5.29,5.35,5.12,269492,180929075.0,4.35,0.0,0.0,0.08
490,2017-01-09,5.25,5.34,5.35,5.22,255376,173804140.0,2.46,0.95,0.05,0.08
491,2017-01-10,5.33,5.2,5.34,5.19,168992,114012919.0,2.81,-2.62,-0.14,0.05
492,2017-01-11,5.22,5.16,5.3,5.14,137663,92238987.0,3.08,-0.77,-0.04,0.04
493,2017-01-12,5.18,5.16,5.19,5.11,120847,80409395.0,1.55,0.0,0.0,0.04
494,2017-01-13,5.16,5.27,5.46,5.13,510853,347237280.0,6.4,2.13,0.11,0.16
495,2017-01-16,5.28,5.37,5.42,5.1,718280,486536672.0,6.07,1.9,0.1,0.23
496,2017-01-17,5.3,5.32,5.4,5.24,291512,198875384.0,2.98,-0.93,-0.05,0.09
497,2017-01-18,5.28,5.39,5.39,5.28,315336,215896466.0,2.07,1.32,0.07,0.1
498,2017-01-19,5.39,5.37,5.45,5.34,261865,180674002.0,2.04,-0.37,-0.02,0.08
499,2017-01-20,5.34,5.42,5.44,5.32,268230,184315159.0,2.23,0.93,0.05,0.08
500,2017-01-23,5.41,5.42,5.43,5.35,153100,105612352.0,1.48,0.0,0.0,0.05
501,2017-01-24,5.41,5.43,5.47,5.37,240455,166219130.0,1.85,0.18,0.01,0.08
502,2017-01-25,5.41,5.42,5.45,5.36,192253,132606683.0,1.66,-0.18,-0.01,0.06
503,2017-01-26,5.42,5.48,5.52,5.4,288352,201465851.0,2.21,1.11,0.06,0.09
504,2017-02-03,5.47,5.37,5.5,5.36,169816,117476602.0,2.55,-2.01,-0.11,0.05
505,2017-02-06,5.39,5.32,5.41,5.23,267308,181782820.0,3.35,-0.93,-0.05,0.08
506,2017-02-07,5.31,5.3,5.34,5.24,251615,170621845.0,1.88,-0.38,-0.02,0.08
507,2017-02-08,5.29,5.32,5.33,5.25,237654,161246426.0,1.51,0.38,0.02,0.07
508,2017-02-09,5.31,5.35,5.37,5.28,311350,212588214.0,1.69,0.56,0.03,0.1
509,2017-02-10,5.34,5.35,5.42,5.32,348053,238736930.0,1.87,0.0,0.0,0.11
510,2017-02-13,5.35,5.48,5.49,5.35,418013,290507824.0,2.62,2.43,0.13,0.13
511,2017-02-14,5.47,5.42,5.48,5.4,259509,179594612.0,1.46,-1.09,-0.06,0.08
512,2017-02-15,5.43,5.55,5.58,5.41,600847,421269504.0,3.14,2.4,0.13,0.19
513,2017-02-16,5.58,5.55,5.6,5.46,359225,252273622.0,2.52,0.0,0.0,0.11
514,2017-02-17,5.54,5.4,5.54,5.39,244556,170782336.0,2.7,-2.7,-0.15,0.08
515,2017-02-20,5.38,5.55,5.57,5.38,550673,385988368.0,3.52,2.78,0.15,0.17
516,2017-02-21,5.54,5.57,5.63,5.51,456338,323450336.0,2.16,0.36,0.02,0.14
517,2017-02-22,5.58,5.58,5.61,5.49,284178,200125116.0,2.15,0.18,0.01,0.09
518,2017-02-23,5.56,5.54,5.62,5.51,184305,130034429.0,1.97,-0.72,-0.04,0.06
519,2017-02-24,5.55,5.45,5.56,5.42,337839,235197491.0,2.53,-1.62,-0.09,0.11
520,2017-02-27,5.44,5.4,5.46,5.38,331930,229299167.0,1.47,-0.92,-0.05,0.1
521,2017-02-28,5.39,5.4,5.44,5.35,245528,169224231.0,1.67,0.0,0.0,0.08
522,2017-03-01,5.39,5.42,5.47,5.36,312261,216204342.0,2.04,0.37,0.02,0.1
523,2017-03-02,5.43,5.36,5.44,5.35,293303,202197584.0,1.66,-1.11,-0.06,0.09
524,2017-03-03,5.33,5.34,5.37,5.3,132972,90796879.0,1.31,-0.37,-0.02,0.04
525,2017-03-06,5.32,5.32,5.34,5.24,330783,224659497.0,1.87,-0.37,-0.02,0.1
526,2017-03-07,5.29,5.32,5.33,5.28,117419,79936013.0,0.94,0.0,0.0,0.04
527,2017-03-08,5.3,5.32,5.33,5.26,140251,95324265.0,1.32,0.0,0.0,0.04
528,2017-03-09,5.3,5.26,5.31,5.25,134316,91096006.0,1.13,-1.13,-0.06,0.04
529,2017-03-10,5.26,5.2,5.28,5.18,183995,123566037.0,1.9,-1.14,-0.06,0.06
530,2017-03-13,5.2,5.26,5.26,5.17,184555,123980914.0,1.73,1.15,0.06,0.06
531,2017-03-14,5.24,5.32,5.32,5.21,278495,188737052.0,2.09,1.14,0.06,0.09
532,2017-03-15,5.29,5.26,5.33,5.21,213106,144275439.0,2.26,-1.13,-0.06,0.07
533,2017-03-16,5.25,5.27,5.35,5.25,368754,250574983.0,1.9,0.19,0.01,0.12
534,2017-03-17,5.28,5.22,5.31,5.21,298760,202028896.0,1.9,-0.95,-0.05,0.09
535,2017-03-20,5.23,5.15,5.24,5.12,256778,171062423.0,2.3,-1.34,-0.07,0.08
536,2017-03-21,5.15,5.18,5.19,5.11,185970,123463597.0,1.55,0.58,0.03,0.06
537,2017-03-22,5.15,5.05,5.15,5.04,287163,188901186.0,2.12,-2.51,-0.13,0.09
538,2017-03-23,5.08,5.16,5.2,5.07,299033,198529671.0,2.57,2.18,0.11,0.09
539,2017-03-24,5.14,5.2,5.22,5.08,291432,193569722.0,2.71,0.78,0.04,0.09
540,2017-03-27,5.18,5.23,5.26,5.17,250106,168142886.0,1.73,0.58,0.03,0.08
541,2017-03-28,5.22,5.14,5.23,5.11,212103,141238123.0,2.29,-1.72,-0.09,0.07
542,2017-03-29,5.14,5.1,5.17,5.05,263606,174133075.0,2.33,-0.78,-0.04,0.08
543,2017-03-30,5.08,5.13,5.14,5.06,183463,121180011.0,1.57,0.59,0.03,0.06
544,2017-03-31,5.11,5.21,5.23,5.09,349369,233092659.0,2.73,1.56,0.08,0.11
545,2017-04-05,5.18,5.26,5.27,5.16,314801,211454246.0,2.11,0.96,0.05,0.1
546,2017-04-06,5.26,5.23,5.26,5.19,220475,148231687.0,1.33,-0.57,-0.03,0.07
547,2017-04-07,5.24,5.25,5.25,5.18,204806,137811437.0,1.34,0.38,0.02,0.06
548,2017-04-10,5.24,5.16,5.26,5.11,223546,149353023.0,2.86,-1.71,-0.09,0.07
549,2017-04-11,5.13,5.2,5.21,5.13,193723,129395232.0,1.55,0.78,0.04,0.06
550,2017-04-12,5.19,5.17,5.24,5.13,240604,160522148.0,2.12,-0.58,-0.03,0.08
551,2017-04-13,5.14,5.11,5.16,5.09,200946,133016885.0,1.35,-1.16,-0.06,0.06
552,2017-04-14,5.1,5.01,5.12,4.95,305410,198826032.0,3.33,-1.96,-0.1,0.1
553,2017-04-17,4.99,4.9,4.99,4.81,456826,291096288.0,3.59,-2.2,-0.11,0.14
554,2017-04-18,4.87,4.75,4.88,4.75,297111,187731027.0,2.65,-3.06,-0.15,0.09
555,2017-04-19,4.73,4.67,4.74,4.64,382644,236221705.0,2.11,-1.68,-0.08,0.12
556,2017-04-20,4.65,4.63,4.69,4.57,323437,198006078.0,2.57,-0.86,-0.04,0.1
557,2017-04-21,4.62,4.74,4.75,4.61,284111,176287826.0,3.02,2.38,0.11,0.09
558,2017-04-24,4.77,4.67,4.77,4.64,256930,159396978.0,2.74,-1.48,-0.07,0.08
559,2017-04-25,4.68,4.69,4.73,4.66,180837,112148487.0,1.5,0.43,0.02,0.06
560,2017-04-26,4.68,4.52,4.68,4.48,819262,496251440.0,4.26,-3.62,-0.17,0.26
561,2017-04-27,4.48,4.5,4.51,4.37,493093,292710896.0,3.1,-0.44,-0.02,0.15
562,2017-04-28,4.5,4.52,4.52,4.47,213719,128141249.0,1.11,0.44,0.02,0.07
563,2017-05-02,4.51,4.47,4.53,4.45,175207,104872076.0,1.77,-1.11,-0.05,0.05
564,2017-05-03,4.47,4.41,4.47,4.4,237383,140627787.0,1.57,-1.34,-0.06,0.07
565,2017-05-04,4.4,4.37,4.41,4.32,386722,226932156.0,2.04,-0.91,-0.04,0.12
566,2017-05-05,4.35,4.34,4.36,4.29,297767,173054462.0,1.6,-0.69,-0.03,0.09
567,2017-05-08,4.33,4.37,4.39,4.31,282930,165492743.0,1.84,0.69,0.03,0.09
568,2017-05-09,4.37,4.39,4.4,4.34,195849,115066091.0,1.37,0.46,0.02,0.06
569,2017-05-10,4.38,4.39,4.48,4.36,450334,266632351.0,2.73,0.0,0.0,0.14
570,2017-05-11,4.36,4.47,4.48,4.35,418390,248183503.0,2.96,1.82,0.08,0.13
571,2017-05-12,4.46,4.64,4.65,4.44,637247,386530016.0,4.7,3.8,0.17,0.2
572,2017-05-15,4.63,4.57,4.68,4.56,393376,239891476.0,2.59,-1.51,-0.07,0.12
573,2017-05-16,4.55,4.56,4.57,4.49,376015,226520422.0,1.75,-0.22,-0.01,0.12
574,2017-05-17,4.56,4.51,4.56,4.49,232597,139945299.0,1.54,-1.1,-0.05,0.07
575,2017-05-18,4.48,4.43,4.51,4.4,253210,150873011.0,2.44,-1.77,-0.08,0.08
576,2017-05-19,4.42,4.44,4.46,4.4,152622,90517733.0,1.35,0.23,0.01,0.05
577,2017-05-22,4.45,4.39,4.47,4.36,219333,129728695.0,2.48,-1.13,-0.05,0.07
578,2017-05-23,4.39,4.51,4.55,4.38,454628,272123696.0,3.87,2.73,0.12,0.14
579,2017-05-24,4.49,4.49,4.54,4.43,303247,181108598.0,2.44,-0.44,-0.02,0.1
580,2017-05-25,4.45,4.7,4.77,4.44,1072273,660220432.0,7.35,4.68,0.21,0.34
581,2017-05-26,4.67,4.68,4.71,4.63,498023,307282384.0,1.7,-0.43,-0.02,0.16
582,2017-05-31,4.65,4.69,4.74,4.64,446849,276324048.0,2.14,0.21,0.01,0.14
583,2017-06-01,4.66,4.69,4.7,4.58,545070,334195952.0,2.56,0.0,0.0,0.17
584,2017-06-02,4.66,4.61,4.69,4.59,621653,381119488.0,2.13,-1.71,-0.08,0.19
585,2017-06-05,4.59,4.56,4.61,4.54,373827,226807189.0,1.52,-1.08,-0.05,0.12
586,2017-06-06,4.54,4.59,4.6,4.54,221469,134442529.0,1.32,0.66,0.03,0.07
587,2017-06-07,4.58,4.61,4.65,4.57,454191,277679776.0,1.74,0.44,0.02,0.14
588,2017-06-08,4.6,4.61,4.63,4.56,301611,183629455.0,1.52,0.0,0.0,0.09
589,2017-06-09,4.61,4.67,4.73,4.6,689403,425851680.0,2.82,1.3,0.06,0.22
590,2017-06-12,4.66,4.63,4.73,4.6,373092,230045078.0,2.78,-0.86,-0.04,0.12
591,2017-06-13,4.61,4.62,4.63,4.59,237864,145264835.0,0.86,-0.22,-0.01,0.07
592,2017-06-14,4.61,4.6,4.62,4.57,200195,121924817.0,1.08,-0.43,-0.02,0.06
593,2017-06-15,4.6,4.61,4.64,4.57,247391,151027759.0,1.52,0.22,0.01,0.08
594,2017-06-16,4.6,4.61,4.64,4.58,258707,158060408.0,1.3,0.0,0.0,0.08
595,2017-06-19,4.62,4.65,4.66,4.6,251755,154512290.0,1.3,0.87,0.04,0.08
596,2017-06-20,4.65,4.62,4.67,4.59,265443,162195635.0,1.72,-0.65,-0.03,0.08
597,2017-06-21,4.63,4.63,4.64,4.59,229064,140075445.0,1.08,0.22,0.01,0.07
598,2017-06-22,4.63,4.67,4.76,4.61,788464,489100304.0,3.24,0.86,0.04,0.25
599,2017-06-23,4.65,4.71,4.71,4.61,405476,249681951.0,2.14,0.86,0.04,0.13
600,2017-06-26,4.69,4.75,4.78,4.69,482070,300998304.0,1.91,0.85,0.04,0.15
601,2017-06-27,4.73,4.78,4.79,4.7,355140,221968771.0,1.89,0.63,0.03,0.11
602,2017-06-28,4.77,4.81,4.88,4.73,521849,329181232.0,3.14,0.63,0.03,0.16
603,2017-06-29,4.8,4.8,4.82,4.76,284202,178817165.0,1.25,-0.21,-0.01,0.09
604,2017-06-30,4.77,4.79,4.8,4.73,246130,154063942.0,1.46,-0.21,-0.01,0.08
605,2017-07-03,4.77,4.76,4.79,4.72,253926,158628580.0,1.46,-0.63,-0.03,0.08
606,2017-07-04,4.75,4.7,4.76,4.68,476665,295587664.0,1.68,-1.26,-0.06,0.15
607,2017-07-05,4.7,4.75,4.76,4.68,256629,159754886.0,1.7,1.06,0.05,0.08
608,2017-07-06,4.75,4.72,4.75,4.7,309612,192812350.0,1.05,-0.63,-0.03,0.1
609,2017-07-07,4.71,4.71,4.73,4.69,269507,167342728.0,0.85,-0.21,-0.01,0.08
610,2017-07-10,4.7,4.7,4.73,4.69,353558,219307100.0,0.85,-0.21,-0.01,0.11
611,2017-07-11,4.7,4.82,4.88,4.69,881217,555264832.0,4.04,2.55,0.12,0.28
612,2017-07-12,4.81,4.93,5.13,4.81,1193401,771043280.0,6.64,2.28,0.11,0.37
613,2017-07-13,4.89,5.04,5.06,4.88,824285,534761024.0,3.65,2.23,0.11,0.26
614,2017-07-14,5.06,5.18,5.22,5.0,1176774,776700672.0,4.37,2.78,0.14,0.37
615,2017-07-17,5.2,5.59,5.85,5.08,2605544,1822763968.0,14.86,7.92,0.41,0.82
616,2017-07-18,5.52,5.53,5.56,5.35,1102229,768968864.0,3.76,-1.07,-0.06,0.35
617,2017-07-19,5.47,5.49,5.65,5.45,1181102,830682432.0,3.62,-0.72,-0.04,0.37
618,2017-07-20,5.49,5.57,5.6,5.44,962019,675656976.0,2.91,1.46,0.08,0.3
619,2017-07-21,5.54,5.51,5.55,5.44,732946,511617744.0,1.97,-1.08,-0.06,0.23
620,2017-07-24,5.52,5.48,5.54,5.42,771882,523669632.0,2.18,-0.54,-0.03,0.24
621,2017-07-25,5.48,5.45,5.56,5.43,668379,453365120.0,2.37,-0.55,-0.03,0.21
622,2017-07-26,5.43,5.39,5.55,5.33,770094,517495520.0,4.04,-1.1,-0.06,0.24
623,2017-07-27,5.38,5.36,5.43,5.32,468149,311968128.0,2.04,-0.56,-0.03,0.15
624,2017-07-28,5.35,5.38,5.4,5.33,327871,218007226.0,1.31,0.37,0.02,0.1
625,2017-07-31,5.38,5.36,5.4,5.31,482233,319935024.0,1.67,-0.37,-0.02,0.15
626,2017-08-01,5.36,5.45,5.46,5.34,745150,498986560.0,2.24,1.68,0.09,0.23
627,2017-08-02,5.44,5.45,5.54,5.42,867026,585834944.0,2.2,0.0,0.0,0.27
628,2017-08-03,5.44,5.27,5.44,5.24,759231,501463872.0,3.67,-3.3,-0.18,0.24
629,2017-08-04,5.27,5.21,5.29,5.21,437864,285858144.0,1.52,-1.14,-0.06,0.14
630,2017-08-07,5.16,5.21,5.21,5.15,254978,165097372.0,1.15,0.0,0.0,0.08
631,2017-08-08,5.21,5.25,5.26,5.18,257765,168164475.0,1.54,0.77,0.04,0.08
632,2017-08-09,5.23,5.22,5.26,5.18,286695,186663683.0,1.52,-0.57,-0.03,0.09
633,2017-08-10,5.21,5.16,5.25,5.13,366949,237484995.0,2.3,-1.15,-0.06,0.12
634,2017-08-11,5.12,5.02,5.14,4.94,661944,417415936.0,3.88,-2.71,-0.14,0.21
635,2017-08-14,4.99,5.03,5.04,4.98,264402,166561483.0,1.2,0.2,0.01,0.08
636,2017-08-15,5.03,5.11,5.18,5.01,531826,339964624.0,3.38,1.59,0.08,0.17
637,2017-08-16,5.07,5.03,5.08,5.0,355479,224397599.0,1.57,-1.57,-0.08,0.11
638,2017-08-17,5.03,5.08,5.09,4.99,343729,217079215.0,1.99,0.99,0.05,0.11
639,2017-08-18,5.03,5.02,5.07,5.0,275098,173878115.0,1.38,-1.18,-0.06,0.09
640,2017-08-21,5.01,5.06,5.06,5.01,291324,183991674.0,1.0,0.8,0.04,0.09
641,2017-08-22,5.07,5.05,5.09,5.01,315693,200141122.0,1.58,-0.2,-0.01,0.1
642,2017-08-23,5.04,5.16,5.17,5.02,793879,509641712.0,2.97,2.18,0.11,0.25
643,2017-08-24,5.13,5.04,5.21,5.04,539972,346279056.0,3.29,-2.33,-0.12,0.17
644,2017-08-25,5.06,5.27,5.28,5.03,1060736,688074656.0,4.96,4.56,0.23,0.33
645,2017-08-28,5.3,5.31,5.38,5.27,817080,539666064.0,2.09,0.76,0.04,0.26
646,2017-08-29,5.29,5.36,5.37,5.25,503964,332593104.0,2.26,0.94,0.05,0.16
647,2017-08-30,5.34,5.25,5.38,5.21,592240,390341264.0,3.17,-2.05,-0.11,0.19
648,2017-08-31,5.26,5.24,5.28,5.17,509281,330936112.0,2.1,-0.19,-0.01,0.16
649,2017-09-01,5.23,5.17,5.26,5.16,428198,278200576.0,1.91,-1.34,-0.07,0.13
650,2017-09-04,5.16,5.23,5.23,5.14,316056,205241364.0,1.74,1.16,0.06,0.1
651,2017-09-05,5.22,5.32,5.34,5.22,554432,364970528.0,2.29,1.72,0.09,0.17
652,2017-09-06,5.3,5.26,5.32,5.24,429126,281179024.0,1.5,-1.13,-0.06,0.13
653,2017-09-07,5.27,5.22,5.28,5.21,257686,168302800.0,1.33,-0.76,-0.04,0.08
654,2017-09-08,5.22,5.21,5.25,5.19,269921,175470730.0,1.15,-0.19,-0.01,0.08
655,2017-09-11,5.23,5.17,5.26,5.16,469731,304620112.0,1.92,-0.77,-0.04,0.15
656,2017-09-12,5.19,5.16,5.19,5.12,548950,353134752.0,1.35,-0.19,-0.01,0.17
657,2017-09-13,5.16,5.14,5.16,5.12,194005,124592955.0,0.78,-0.39,-0.02,0.06
658,2017-09-14,5.15,5.12,5.16,5.09,269464,172957881.0,1.36,-0.39,-0.02,0.08
659,2017-09-15,5.11,5.1,5.12,5.06,349787,222945673.0,1.17,-0.39,-0.02,0.11
660,2017-09-18,5.11,5.11,5.13,5.07,301393,192707459.0,1.18,0.2,0.01,0.09
661,2017-09-19,5.1,5.12,5.13,5.09,228060,146019595.0,0.78,0.2,0.01,0.07
662,2017-09-20,5.12,5.11,5.12,5.08,166443,106386226.0,0.78,-0.2,-0.01,0.05
663,2017-09-21,5.1,5.12,5.17,5.07,332330,213021791.0,1.96,0.2,0.01,0.1
664,2017-09-22,5.1,5.09,5.14,5.05,302310,192636694.0,1.76,-0.59,-0.03,0.09
665,2017-09-25,5.08,5.05,5.08,4.99,367408,232359020.0,1.77,-0.79,-0.04,0.12
666,2017-09-26,5.04,5.06,5.06,5.02,155220,98303956.0,0.79,0.2,0.01,0.05
667,2017-09-27,5.05,5.04,5.07,5.03,149465,94671128.0,0.79,-0.4,-0.02,0.05
668,2017-09-28,5.03,5.02,5.05,5.0,180317,113716504.0,0.99,-0.4,-0.02,0.06
669,2017-09-29,5.01,5.01,5.06,4.99,190134,120092089.0,1.39,-0.2,-0.01,0.06
670,2017-10-09,5.16,5.08,5.19,5.07,456219,292378256.0,2.4,1.4,0.07,0.14
671,2017-10-10,5.08,5.11,5.12,5.06,204436,130411555.0,1.18,0.59,0.03,0.06
672,2017-10-11,5.1,5.11,5.15,5.09,266415,170687724.0,1.17,0.0,0.0,0.08
673,2017-10-12,5.11,5.09,5.12,5.08,150208,95873189.0,0.78,-0.39,-0.02,0.05
674,2017-10-13,5.08,5.05,5.09,5.05,223285,141960275.0,0.79,-0.79,-0.04,0.07
675,2017-10-16,5.05,5.08,5.11,5.04,346674,220457505.0,1.39,0.59,0.03,0.11
676,2017-10-17,5.08,5.06,5.09,5.03,211490,134257422.0,1.18,-0.39,-0.02,0.07
677,2017-10-18,5.04,5.1,5.11,5.04,286600,182586883.0,1.38,0.79,0.04,0.09
678,2017-10-19,5.09,5.1,5.11,5.04,294389,187458816.0,1.37,0.0,0.0,0.09
679,2017-10-20,5.07,5.1,5.11,5.05,237336,151214677.0,1.18,0.0,0.0,0.07
680,2017-10-23,5.1,5.06,5.1,5.05,169902,108108630.0,0.98,-0.78,-0.04,0.05
681,2017-10-24,5.05,5.1,5.11,5.04,241750,154071623.0,1.38,0.79,0.04,0.08
682,2017-10-25,5.09,5.08,5.1,5.05,275257,174946139.0,0.98,-0.39,-0.02,0.09
683,2017-10-26,5.07,5.02,5.07,5.01,362451,229036581.0,1.18,-1.18,-0.06,0.11
684,2017-10-27,5.02,5.04,5.08,5.01,343703,217837179.0,1.39,0.4,0.02,0.11
685,2017-10-30,5.05,4.93,5.05,4.92,410345,256323601.0,2.58,-2.18,-0.11,0.13
686,2017-10-31,4.92,4.93,4.94,4.87,230981,143301642.0,1.42,0.0,0.0,0.07
687,2017-11-01,4.93,4.87,4.93,4.86,237814,146984000.0,1.42,-1.22,-0.06,0.07
688,2017-11-02,4.86,4.83,4.87,4.77,294530,179607491.0,2.05,-0.82,-0.04,0.09
689,2017-11-03,4.81,4.84,4.86,4.77,275942,168196636.0,1.86,0.21,0.01,0.09
690,2017-11-06,4.83,4.81,4.84,4.8,154075,94091936.0,0.83,-0.62,-0.03,0.05
691,2017-11-07,4.82,4.88,4.9,4.81,242869,149192583.0,1.87,1.46,0.07,0.08
692,2017-11-08,4.88,4.9,4.94,4.85,224316,138997556.0,1.84,0.41,0.02,0.07
693,2017-11-09,4.9,4.89,4.91,4.87,114135,70491336.0,0.82,-0.2,-0.01,0.04
694,2017-11-10,4.88,4.83,4.89,4.8,189681,116061218.0,1.84,-1.23,-0.06,0.06
695,2017-11-13,4.82,4.89,4.94,4.82,361051,222904818.0,2.48,1.24,0.06,0.11
696,2017-11-14,4.87,4.8,4.88,4.78,302858,184557973.0,2.04,-1.84,-0.09,0.09
697,2017-11-15,4.79,4.8,4.81,4.77,203441,123651722.0,0.83,0.0,0.0,0.06
698,2017-11-16,4.77,4.72,4.79,4.7,229259,138237399.0,1.88,-1.67,-0.08,0.07
699,2017-11-17,4.71,4.84,4.86,4.7,665640,405169888.0,3.39,2.54,0.12,0.21
700,2017-11-20,4.8,4.98,5.06,4.78,716206,447346336.0,5.79,2.89,0.14,0.22
701,2017-11-21,4.96,5.03,5.09,4.93,700308,443120480.0,3.21,1.0,0.05,0.22
702,2017-11-22,5.06,5.21,5.27,5.02,1037406,668302688.0,4.97,3.58,0.18,0.33
703,2017-11-23,5.17,5.03,5.27,4.99,959493,619442560.0,5.37,-3.45,-0.18,0.3
704,2017-11-24,5.05,5.04,5.1,5.02,400832,254246812.0,1.59,0.2,0.01,0.13
705,2017-11-27,5.03,5.05,5.06,4.97,310019,195951340.0,1.79,0.2,0.01,0.1
706,2017-11-28,5.04,4.99,5.05,4.96,248071,155891204.0,1.78,-1.19,-0.06,0.08
707,2017-11-29,5.0,4.94,5.01,4.85,367256,228505099.0,3.21,-1.0,-0.05,0.12
708,2017-11-30,4.91,5.07,5.26,4.91,1063374,680257072.0,7.09,2.63,0.13,0.33
709,2017-12-01,5.08,5.1,5.19,5.04,824271,528064608.0,2.96,0.59,0.03,0.26
710,2017-12-04,5.08,5.15,5.2,5.07,419391,269117280.0,2.55,0.98,0.05,0.13
711,2017-12-05,5.14,5.22,5.27,5.12,1037308,675051904.0,2.91,1.36,0.07,0.33
712,2017-12-06,5.2,5.11,5.21,5.07,506580,325342704.0,2.68,-2.11,-0.11,0.16
713,2017-12-07,5.1,5.11,5.12,5.04,302057,192293834.0,1.57,0.0,0.0,0.09
714,2017-12-08,5.09,5.06,5.1,5.02,311555,197608147.0,1.57,-0.98,-0.05,0.1
715,2017-12-11,5.04,5.07,5.1,4.98,342858,216887299.0,2.37,0.2,0.01,0.11
716,2017-12-12,5.05,4.95,5.06,4.95,250420,157605593.0,2.17,-2.37,-0.12,0.08
717,2017-12-13,4.95,4.97,4.99,4.85,641314,397388064.0,2.83,0.4,0.02,0.2
718,2017-12-14,4.94,4.89,4.97,4.87,260911,161595529.0,2.01,-1.61,-0.08,0.08
719,2017-12-15,4.89,4.83,4.89,4.82,244681,149943134.0,1.43,-1.23,-0.06,0.08
720,2017-12-18,4.83,4.84,4.88,4.82,188781,115953763.0,1.24,0.21,0.01,0.06
721,2017-12-19,4.86,4.9,4.91,4.84,178651,110270553.0,1.45,1.24,0.06,0.06
722,2017-12-20,4.91,4.9,4.92,4.86,214330,132395547.0,1.22,0.0,0.0,0.07
723,2017-12-21,4.89,4.89,4.93,4.85,233505,144641431.0,1.63,-0.2,-0.01,0.07
724,2017-12-22,4.89,4.9,4.94,4.87,162664,100803035.0,1.43,0.2,0.01,0.05
725,2017-12-25,4.89,4.87,4.94,4.82,187054,115423318.0,2.45,-0.61,-0.03,0.06
726,2017-12-26,4.85,4.94,4.95,4.84,261787,162374520.0,2.26,1.44,0.07,0.08
727,2017-12-27,4.93,4.91,4.96,4.86,221514,137293441.0,2.02,-0.61,-0.03,0.07
728,2017-12-28,4.88,4.89,4.93,4.87,135236,83591256.0,1.22,-0.41,-0.02,0.04
729,2017-12-29,4.89,4.91,4.91,4.87,102978,63628647.0,0.82,0.41,0.02,0.03
730,2018-01-02,4.91,5.03,5.05,4.89,413774,260641104.0,3.26,2.44,0.12,0.13
731,2018-01-03,5.0,5.08,5.12,5.0,436439,278034384.0,2.39,0.99,0.05,0.14
732,2018-01-04,5.08,5.1,5.11,5.02,272839,173481334.0,1.77,0.39,0.02,0.09
733,2018-01-05,5.11,5.15,5.17,5.06,355457,228112020.0,2.16,0.98,0.05,0.11
734,2018-01-08,5.15,5.25,5.26,5.13,669988,435567712.0,2.52,1.94,0.1,0.21
735,2018-01-09,5.24,5.19,5.3,5.18,527921,344440432.0,2.29,-1.14,-0.06,0.17
736,2018-01-10,5.2,5.31,5.39,5.14,1071890,705810640.0,4.82,2.31,0.12,0.34
737,2018-01-11,5.31,5.43,5.55,5.3,904136,609295984.0,4.71,2.26,0.12,0.28
738,2018-01-12,5.4,5.56,5.66,5.38,888684,609083408.0,5.16,2.39,0.13,0.28
739,2018-01-15,5.56,5.68,5.82,5.54,979828,685720672.0,5.04,2.16,0.12,0.31
740,2018-01-16,5.65,5.71,5.79,5.6,738255,515736224.0,3.35,0.53,0.03,0.23
741,2018-01-17,5.73,5.62,5.98,5.6,972248,687965984.0,6.65,-1.58,-0.09,0.3
742,2018-01-18,5.66,5.91,5.96,5.63,1243233,881625488.0,5.87,5.16,0.29,0.39
743,2018-01-19,5.88,5.91,6.2,5.78,1687762,1231377568.0,7.11,0.0,0.0,0.53
744,2018-01-22,5.87,5.83,6.03,5.77,1110973,796862256.0,4.4,-1.35,-0.08,0.35
745,2018-01-23,5.83,6.09,6.1,5.78,1216135,875640208.0,5.49,4.46,0.26,0.38
746,2018-01-24,6.1,6.11,6.24,6.01,1012733,749498608.0,3.78,0.33,0.02,0.32
747,2018-01-25,6.01,5.97,6.06,5.84,712940,515736768.0,3.6,-2.29,-0.14,0.22
748,2018-01-26,5.91,6.08,6.15,5.86,653729,477916256.0,4.86,1.84,0.11,0.2
749,2018-01-29,6.06,5.99,6.16,5.93,542338,398408032.0,3.78,-1.48,-0.09,0.17
750,2018-01-30,5.96,5.86,6.02,5.84,505447,365043104.0,3.01,-2.17,-0.13,0.16
751,2018-01-31,5.86,5.93,5.95,5.79,454614,326634336.0,2.73,1.19,0.07,0.14
752,2018-02-01,5.93,6.09,6.16,5.91,862456,633025984.0,4.22,2.7,0.16,0.27
753,2018-02-02,5.95,6.13,6.14,5.86,569834,416373680.0,4.6,0.66,0.04,0.18
754,2018-02-05,6.06,6.85,6.87,6.05,1303819,1020399392.0,13.38,11.75,0.72,0.41
755,2018-02-06,6.68,6.72,6.81,6.46,1294632,1028956720.0,5.11,-1.9,-0.13,0.41
756,2018-02-07,6.77,6.46,6.99,6.16,1305442,1032151008.0,12.35,-3.87,-0.26,0.41
757,2018-02-08,6.23,5.96,6.29,5.82,1149146,842313120.0,7.28,-7.74,-0.5,0.36
758,2018-02-09,5.77,5.61,5.8,5.24,1300135,884144912.0,9.4,-5.87,-0.35,0.41
759,2018-02-12,5.54,5.42,5.54,5.37,773805,521279552.0,3.03,-3.39,-0.19,0.24
760,2018-02-13,5.46,5.52,5.66,5.44,1025551,701403056.0,4.06,1.85,0.1,0.32
761,2018-02-14,5.53,5.45,5.54,5.36,517536,348176576.0,3.26,-1.27,-0.07,0.16
762,2018-02-22,5.61,5.82,5.86,5.56,795694,555047824.0,5.5,6.79,0.37,0.25
763,2018-02-23,5.76,5.85,5.97,5.71,499914,356506992.0,4.47,0.52,0.03,0.16
764,2018-02-26,5.94,5.85,5.97,5.72,569681,405098752.0,4.27,0.0,0.0,0.18
765,2018-02-27,5.81,5.74,5.83,5.67,468209,329416000.0,2.74,-1.88,-0.11,0.15
766,2018-02-28,5.62,5.55,5.66,5.53,372130,255499891.0,2.26,-3.31,-0.19,0.12
767,2018-03-01,5.51,5.53,5.65,5.45,501827,342719328.0,3.6,-0.36,-0.02,0.16
768,2018-03-02,5.46,5.43,5.5,5.36,405723,272358784.0,2.53,-1.81,-0.1,0.13
769,2018-03-05,5.4,5.39,5.47,5.32,402305,268170020.0,2.76,-0.74,-0.04,0.13
770,2018-03-06,5.42,5.44,5.46,5.3,613002,409507568.0,2.97,0.93,0.05,0.19
771,2018-03-07,5.48,5.46,5.6,5.44,708947,483334688.0,2.94,0.37,0.02,0.22
772,2018-03-08,5.43,5.43,5.47,5.37,313540,210248653.0,1.83,-0.55,-0.03,0.1
773,2018-03-09,5.45,5.43,5.47,5.38,308201,206455371.0,1.66,0.0,0.0,0.1
774,2018-03-12,5.43,5.43,5.47,5.38,508969,341906976.0,1.66,0.0,0.0,0.16
775,2018-03-13,5.4,5.43,5.53,5.39,419593,283361536.0,2.58,0.0,0.0,0.13
776,2018-03-14,5.39,5.37,5.42,5.32,297349,197567360.0,1.84,-1.1,-0.06,0.09
777,2018-03-15,5.33,5.36,5.39,5.33,190086,126411293.0,1.12,-0.19,-0.01,0.06
778,2018-03-16,5.34,5.31,5.37,5.3,288395,190879571.0,1.31,-0.93,-0.05,0.09
779,2018-03-19,5.31,5.36,5.37,5.27,286742,190292178.0,1.88,0.94,0.05,0.09
780,2018-03-20,5.33,5.44,5.45,5.32,267593,178931548.0,2.43,1.49,0.08,0.08
781,2018-03-21,5.46,5.46,5.55,5.43,449363,305241488.0,2.21,0.37,0.02,0.14
782,2018-03-22,5.46,5.45,5.5,5.31,418403,280121632.0,3.48,-0.18,-0.01,0.13
783,2018-03-23,5.29,5.43,5.46,5.22,682085,452026640.0,4.4,-0.37,-0.02,0.21
784,2018-03-26,5.36,5.11,5.38,5.01,816803,524884560.0,6.81,-5.89,-0.32,0.26
785,2018-03-27,5.15,5.13,5.18,5.08,436006,279783808.0,1.96,0.39,0.02,0.14
786,2018-03-28,5.11,5.13,5.19,5.05,542064,347868688.0,2.73,0.0,0.0,0.17
787,2018-03-29,5.1,5.2,5.25,5.06,382810,246571645.0,3.7,1.36,0.07,0.12
788,2018-03-30,5.19,5.16,5.2,5.13,214658,138574975.0,1.35,-0.77,-0.04,0.07
789,2018-04-02,5.17,5.11,5.22,5.09,270630,174387145.0,2.52,-0.97,-0.05,0.08
790,2018-04-03,5.07,5.04,5.1,4.99,287920,182019143.0,2.15,-1.37,-0.07,0.09
791,2018-04-04,5.05,5.03,5.1,5.01,278323,176576373.0,1.79,-0.2,-0.01,0.09
792,2018-04-09,5.01,4.95,5.05,4.93,354315,221851948.0,2.39,-1.59,-0.08,0.11
793,2018-04-10,4.94,5.14,5.14,4.93,454412,287875168.0,4.24,3.84,0.19,0.14
794,2018-04-11,5.15,5.34,5.4,5.14,770416,506211120.0,5.06,3.89,0.2,0.24
795,2018-04-12,5.33,5.19,5.34,5.19,397320,259253227.0,2.81,-2.81,-0.15,0.12
796,2018-04-13,5.25,5.19,5.29,5.15,207660,134897532.0,2.7,0.0,0.0,0.07
797,2018-04-16,5.17,4.98,5.17,4.93,447218,281721344.0,4.62,-4.05,-0.21,0.14
798,2018-04-17,5.0,5.04,5.12,4.97,311113,197216758.0,3.01,1.2,0.06,0.1
799,2018-04-18,5.17,5.12,5.21,5.06,241056,154985175.0,2.98,1.59,0.08,0.08
800,2018-04-19,5.08,5.11,5.16,5.05,231924,148367422.0,2.15,-0.2,-0.01,0.07
801,2018-04-20,5.09,5.09,5.12,4.99,297614,188863068.0,2.54,-0.39,-0.02,0.09
802,2018-04-23,5.09,5.09,5.12,5.02,293122,186576633.0,1.96,0.0,0.0,0.09
803,2018-04-24,5.08,5.19,5.25,5.08,416384,270073248.0,3.34,1.96,0.1,0.13
804,2018-04-25,5.17,5.11,5.21,5.09,192744,123871925.0,2.31,-1.54,-0.08,0.06
805,2018-04-26,5.14,5.09,5.14,4.99,278958,177078373.0,2.94,-0.39,-0.02,0.09
806,2018-04-27,5.08,5.1,5.12,5.0,245989,156405895.0,2.36,0.2,0.01,0.08
807,2018-05-02,5.11,5.26,5.26,5.11,469012,303759360.0,2.94,3.14,0.16,0.15
808,2018-05-03,5.18,5.26,5.32,5.16,281549,183943540.0,3.04,0.0,0.0,0.09
809,2018-05-04,5.25,5.24,5.29,5.21,167161,109289939.0,1.52,-0.38,-0.02,0.05
810,2018-05-07,5.23,5.28,5.29,5.19,176190,115222944.0,1.91,0.76,0.04,0.06
811,2018-05-08,5.26,5.36,5.41,5.26,259431,172531086.0,2.84,1.52,0.08,0.08
812,2018-05-09,5.33,5.34,5.35,5.3,148078,97924458.0,0.93,-0.37,-0.02,0.05
813,2018-05-10,5.36,5.3,5.39,5.24,176086,116158421.0,2.81,-0.75,-0.04,0.06
814,2018-05-11,5.33,5.35,5.38,5.28,161733,107339316.0,1.89,0.94,0.05,0.05
815,2018-05-14,5.36,5.46,5.51,5.35,295855,199407180.0,2.99,2.06,0.11,0.09
816,2018-05-15,5.48,5.41,5.5,5.32,272176,182024324.0,3.3,-0.92,-0.05,0.09
817,2018-05-16,5.36,5.28,5.39,5.27,199061,131880447.0,2.22,-2.4,-0.13,0.06
818,2018-05-17,5.29,5.3,5.35,5.27,167916,110896360.0,1.52,0.38,0.02,0.05
819,2018-05-18,5.33,5.45,5.46,5.29,269161,179884376.0,3.21,2.83,0.15,0.08
820,2018-05-21,5.47,5.45,5.5,5.41,182939,123116775.0,1.65,0.0,0.0,0.06
821,2018-05-22,5.43,5.41,5.46,5.35,150417,100477097.0,2.02,-0.73,-0.04,0.05
822,2018-05-23,5.4,5.3,5.4,5.3,170794,113098204.0,1.85,-2.03,-0.11,0.05
823,2018-05-24,5.31,5.32,5.36,5.29,104614,69093663.0,1.32,0.38,0.02,0.03
824,2018-05-25,5.32,5.34,5.35,5.23,172144,113042449.0,2.26,0.38,0.02,0.05
825,2018-05-28,5.34,5.33,5.34,5.28,129883,85748705.0,1.12,-0.19,-0.01,0.04
826,2018-05-29,5.31,5.32,5.33,5.13,345193,224951347.0,3.75,-0.19,-0.01,0.11
827,2018-05-30,5.21,5.12,5.24,5.09,209409,134946999.0,2.82,-3.76,-0.2,0.07
828,2018-05-31,5.14,5.12,5.18,5.03,223521,143193256.0,2.93,0.0,0.0,0.07
829,2018-06-01,5.12,5.05,5.12,4.98,314348,199074101.0,2.73,-1.37,-0.07,0.1
830,2018-06-04,5.06,5.08,5.1,5.04,197275,125367366.0,1.19,0.59,0.03,0.06
831,2018-06-05,5.07,5.05,5.09,5.02,248981,157673536.0,1.38,-0.59,-0.03,0.08
832,2018-06-06,5.04,5.04,5.06,5.0,170188,107524328.0,1.19,-0.2,-0.01,0.05
833,2018-06-07,5.05,5.04,5.1,5.0,281986,178638184.0,1.98,0.0,0.0,0.09
834,2018-06-08,5.01,4.92,5.02,4.89,275087,171498588.0,2.58,-2.38,-0.12,0.09
835,2018-06-11,4.9,4.89,4.92,4.81,157232,96899109.0,2.24,-0.61,-0.03,0.05
836,2018-06-12,4.88,4.9,4.91,4.83,121310,74879340.0,1.64,0.2,0.01,0.04
837,2018-06-13,4.89,4.9,4.9,4.84,112709,69467252.0,1.22,0.0,0.0,0.04
838,2018-06-14,4.88,4.92,4.93,4.85,114866,71133635.0,1.63,0.41,0.02,0.04
839,2018-06-15,4.92,4.98,4.99,4.9,221945,138604085.0,1.83,1.22,0.06,0.07
840,2018-06-19,4.92,5.05,5.08,4.89,733207,460824432.0,3.82,1.41,0.07,0.23
841,2018-06-20,4.97,4.96,5.01,4.93,249346,155767429.0,1.58,-1.78,-0.09,0.08
842,2018-06-21,4.96,4.93,4.99,4.9,203269,126783943.0,1.81,-0.6,-0.03,0.06
843,2018-06-22,4.88,4.95,4.95,4.87,132428,82142745.0,1.62,0.41,0.02,0.04
844,2018-06-25,4.97,4.84,4.98,4.84,167353,103595695.0,2.83,-2.22,-0.11,0.05
845,2018-06-26,4.87,4.83,4.88,4.77,186543,114003566.0,2.27,-0.21,-0.01,0.06
846,2018-06-27,4.81,4.84,4.94,4.79,239838,147638534.0,3.11,0.21,0.01,0.08
847,2018-06-28,4.8,4.84,4.88,4.73,149386,91398807.0,3.1,0.0,0.0,0.05
848,2018-06-29,4.84,4.92,4.94,4.83,181677,112705742.0,2.27,1.65,0.08,0.06
849,2018-07-02,4.93,4.89,4.93,4.81,226389,139548151.0,2.44,-0.61,-0.03,0.07
850,2018-07-03,4.86,4.71,4.86,4.62,323836,185561673.0,4.91,-3.68,-0.18,0.1
851,2018-07-04,4.68,4.69,4.74,4.64,224099,127888093.0,2.12,-0.42,-0.02,0.07
852,2018-07-05,4.66,4.77,4.78,4.65,215803,123950062.0,2.77,1.71,0.08,0.07
853,2018-07-06,4.75,4.72,4.78,4.6,226493,129509835.0,3.77,-1.05,-0.05,0.07
854,2018-07-09,4.73,4.89,4.91,4.71,245675,143807568.0,4.24,3.6,0.17,0.08
855,2018-07-10,4.9,4.91,4.93,4.85,151128,89371382.0,1.64,0.41,0.02,0.05
856,2018-07-11,4.84,4.81,4.86,4.77,138064,80615412.0,1.83,-2.04,-0.1,0.04
857,2018-07-12,4.84,4.88,4.94,4.82,195080,115491996.0,2.49,1.46,0.07,0.06
858,2018-07-13,4.91,4.91,4.93,4.84,137750,81378407.0,1.84,0.61,0.03,0.04
859,2018-07-16,4.9,4.9,4.94,4.86,118340,70033267.0,1.63,-0.2,-0.01,0.04
860,2018-07-17,4.91,4.86,4.92,4.83,134545,79028111.0,1.84,-0.82,-0.04,0.04
861,2018-07-18,4.87,4.83,4.92,4.82,90309,53206676.0,2.06,-0.62,-0.03,0.03
862,2018-07-19,4.85,4.83,4.87,4.8,64310,37648489.0,1.45,0.0,0.0,0.02
863,2018-07-20,4.82,5.05,5.12,4.78,304547,183107096.0,7.04,4.55,0.22,0.1
864,2018-07-23,5.02,5.11,5.12,4.98,231084,140580933.0,2.77,1.19,0.06,0.07
865,2018-07-24,5.1,5.13,5.19,5.08,300714,185047401.0,2.15,0.39,0.02,0.09
866,2018-07-25,5.14,5.12,5.18,5.08,119266,73177240.0,1.95,-0.19,-0.01,0.04
867,2018-07-26,5.14,5.08,5.15,5.05,174782,107308905.0,1.95,-0.78,-0.04,0.05
868,2018-07-27,5.1,5.11,5.16,5.07,99488,61081546.0,1.77,0.59,0.03,0.03
869,2018-07-30,5.11,5.16,5.19,5.09,149500,92223063.0,1.96,0.98,0.05,0.05
870,2018-07-31,5.16,5.25,5.3,5.1,232685,145201086.0,3.88,1.74,0.09,0.07
871,2018-08-01,5.25,4.87,5.26,4.85,600833,362794832.0,7.81,-7.24,-0.38,0.19
872,2018-08-02,4.9,4.85,4.92,4.76,277662,162938223.0,3.29,-0.41,-0.02,0.09
873,2018-08-03,4.84,4.83,4.89,4.78,144563,84795000.0,2.27,-0.41,-0.02,0.05
874,2018-08-06,4.84,4.83,4.91,4.8,151482,89151506.0,2.28,0.0,0.0,0.05
875,2018-08-07,4.83,4.93,4.95,4.81,131519,77613321.0,2.9,2.07,0.1,0.04
876,2018-08-08,4.93,4.88,4.94,4.87,100965,59754009.0,1.42,-1.01,-0.05,0.03
877,2018-08-09,4.87,4.95,4.96,4.87,136044,80960700.0,1.84,1.43,0.07,0.04
878,2018-08-10,4.94,4.93,4.98,4.91,73308,43664858.0,1.41,-0.4,-0.02,0.02
879,2018-08-13,4.9,4.84,4.9,4.78,170886,99758626.0,2.43,-1.83,-0.09,0.05
880,2018-08-14,4.83,4.83,4.85,4.79,85161,49685568.0,1.24,-0.21,-0.01,0.03
881,2018-08-15,4.81,4.73,4.82,4.71,131751,76127684.0,2.28,-2.07,-0.1,0.04
882,2018-08-16,4.68,4.73,4.77,4.66,99619,57117037.0,2.33,0.0,0.0,0.03
883,2018-08-17,4.75,4.7,4.76,4.69,77565,44497033.0,1.48,-0.63,-0.03,0.02
884,2018-08-20,4.71,4.76,4.77,4.7,109593,63065639.0,1.49,1.28,0.06,0.03
885,2018-08-21,4.76,4.81,4.83,4.74,116859,68092008.0,1.89,1.05,0.05,0.04
886,2018-08-22,4.82,4.78,4.82,4.73,57763,33418388.0,1.87,-0.62,-0.03,0.02
887,2018-08-23,4.77,4.76,4.81,4.74,77453,44901756.0,1.46,-0.42,-0.02,0.02
888,2018-08-24,4.77,4.88,4.98,4.75,248666,146730583.0,4.83,2.52,0.12,0.08
889,2018-08-27,4.9,5.01,5.03,4.87,299652,179268102.0,3.28,2.66,0.13,0.09
890,2018-08-28,5.01,5.0,5.06,4.94,229885,138357443.0,2.4,-0.2,-0.01,0.07
891,2018-08-29,4.99,5.01,5.06,4.96,142969,86093815.0,2.0,0.2,0.01,0.04
892,2018-08-30,5.01,4.94,5.05,4.93,105274,63072010.0,2.4,-1.4,-0.07,0.03
893,2018-08-31,4.9,4.95,5.02,4.9,166794,99923529.0,2.43,0.2,0.01,0.05
894,2018-09-03,4.97,4.96,5.0,4.93,124535,74475344.0,1.41,0.2,0.01,0.04
895,2018-09-04,4.95,5.02,5.06,4.95,199430,120180183.0,2.22,1.21,0.06,0.06
896,2018-09-05,5.0,4.85,5.03,4.82,242171,143628500.0,4.18,-3.39,-0.17,0.08
897,2018-09-06,4.82,4.85,4.88,4.8,79481,46629371.0,1.65,0.0,0.0,0.02
898,2018-09-07,4.83,4.81,4.9,4.77,218042,127376293.0,2.68,-0.82,-0.04,0.07
899,2018-09-10,4.8,4.73,4.8,4.7,190156,109396981.0,2.08,-1.66,-0.08,0.06
900,2018-09-11,4.73,4.7,4.76,4.68,174955,100346076.0,1.69,-0.63,-0.03,0.05
901,2018-09-12,4.68,4.7,4.74,4.68,130290,74542680.0,1.28,0.0,0.0,0.04
902,2018-09-13,4.73,4.73,4.76,4.65,223002,127646803.0,2.34,0.64,0.03,0.07
903,2018-09-14,4.73,4.69,4.74,4.69,158299,90732376.0,1.06,-0.85,-0.04,0.05
904,2018-09-17,4.71,4.63,4.71,4.61,229611,130217508.0,2.13,-1.28,-0.06,0.07
905,2018-09-18,4.64,4.73,4.73,4.61,219436,124890633.0,2.59,2.16,0.1,0.07
906,2018-09-19,4.72,4.77,4.79,4.7,284881,164827104.0,1.9,0.85,0.04,0.09
907,2018-09-20,4.78,4.81,4.82,4.75,149079,86632942.0,1.47,0.84,0.04,0.05
908,2018-09-21,4.8,5.02,5.06,4.76,381008,226878677.0,6.24,4.37,0.21,0.12
909,2018-09-25,4.95,4.96,4.97,4.89,216862,129004666.0,1.59,-1.2,-0.06,0.07
910,2018-09-26,4.96,5.02,5.12,4.92,384188,232460774.0,4.03,1.21,0.06,0.12
911,2018-09-27,5.01,5.0,5.03,4.95,259058,155652912.0,1.59,-0.4,-0.02,0.08
912,2018-09-28,5.0,5.04,5.13,4.98,303579,184323917.0,3.0,0.8,0.04,0.1
913,2018-10-08,4.95,4.88,4.97,4.83,313423,185445607.0,2.78,-3.17,-0.16,0.1
914,2018-10-09,4.86,4.81,4.89,4.78,245565,143749892.0,2.25,-1.43,-0.07,0.08
915,2018-10-10,4.82,4.84,4.88,4.79,147840,86541403.0,1.87,0.62,0.03,0.05
916,2018-10-11,4.73,4.72,4.76,4.58,284366,162282334.0,3.72,-2.48,-0.12,0.09
917,2018-10-12,4.67,4.73,4.75,4.63,252071,144067634.0,2.54,0.21,0.01,0.08
918,2018-10-15,4.73,4.56,4.74,4.52,379177,213473748.0,4.65,-3.59,-0.17,0.12
919,2018-10-16,4.57,4.55,4.63,4.52,268667,150530712.0,2.41,-0.22,-0.01,0.08
920,2018-10-17,4.59,4.67,4.67,4.56,271660,153376100.0,2.42,2.64,0.12,0.09
921,2018-10-18,4.64,4.56,4.65,4.54,247142,138682015.0,2.36,-2.36,-0.11,0.08
922,2018-10-19,4.56,4.72,4.74,4.5,270194,152836333.0,5.26,3.51,0.16,0.08
923,2018-10-22,4.72,4.87,4.96,4.72,513953,302054768.0,5.08,3.18,0.15,0.16
924,2018-10-23,4.85,4.74,4.87,4.71,241544,140745269.0,3.29,-2.67,-0.13,0.08
925,2018-10-24,4.73,4.87,4.98,4.72,398314,234993822.0,5.49,2.74,0.13,0.12
926,2018-10-25,4.71,4.95,4.95,4.7,317266,186383090.0,5.13,1.64,0.08,0.1
927,2018-10-26,4.93,4.9,4.94,4.85,259648,153722428.0,1.82,-1.01,-0.05,0.08
928,2018-10-29,4.94,4.81,4.97,4.76,269968,158539270.0,4.29,-1.84,-0.09,0.08
929,2018-10-30,4.84,4.89,4.93,4.82,265191,156604419.0,2.29,1.66,0.08,0.08
930,2018-10-31,4.9,4.9,4.93,4.86,195636,115692934.0,1.43,0.2,0.01,0.06
931,2018-11-01,4.92,4.83,4.95,4.81,302818,178623219.0,2.86,-1.43,-0.07,0.09
932,2018-11-02,4.9,4.92,4.95,4.82,389072,229750734.0,2.69,1.86,0.09,0.12
933,2018-11-05,4.9,4.87,4.91,4.8,211983,124553103.0,2.24,-1.02,-0.05,0.07
934,2018-11-06,4.86,4.85,4.87,4.82,118391,69380221.0,1.03,-0.41,-0.02,0.04
935,2018-11-07,4.84,4.82,4.88,4.8,188223,110209554.0,1.65,-0.62,-0.03,0.06
936,2018-11-08,4.85,4.85,4.87,4.83,152152,89236533.0,0.83,0.62,0.03,0.05
937,2018-11-09,4.81,4.67,4.82,4.64,306131,175051776.0,3.71,-3.71,-0.18,0.1
938,2018-11-12,4.69,4.7,4.71,4.67,219612,125252486.0,0.86,0.64,0.03,0.07
939,2018-11-13,4.64,4.71,4.74,4.64,228030,130135851.0,2.13,0.21,0.01,0.07
940,2018-11-14,4.71,4.66,4.73,4.64,231685,132244967.0,1.91,-1.06,-0.05,0.07
941,2018-11-15,4.66,4.72,4.72,4.65,195186,111423468.0,1.5,1.29,0.06,0.06
942,2018-11-16,4.72,4.74,4.78,4.69,244062,140582320.0,1.91,0.42,0.02,0.08
943,2018-11-19,4.74,4.78,4.8,4.73,276604,160270087.0,1.48,0.84,0.04,0.09
944,2018-11-20,4.75,4.69,4.76,4.68,207916,119218276.0,1.67,-1.88,-0.09,0.07
945,2018-11-21,4.68,4.7,4.71,4.66,120043,68512018.0,1.07,0.21,0.01,0.04
946,2018-11-22,4.7,4.68,4.71,4.66,95606,54450354.0,1.06,-0.43,-0.02,0.03
947,2018-11-23,4.67,4.62,4.69,4.61,159639,90408689.0,1.71,-1.28,-0.06,0.05
948,2018-11-26,4.63,4.63,4.67,4.62,118405,67057162.0,1.08,0.22,0.01,0.04
949,2018-11-27,4.64,4.62,4.66,4.61,86522,48936664.0,1.08,-0.22,-0.01,0.03
950,2018-11-28,4.63,4.64,4.66,4.61,114757,64920080.0,1.08,0.43,0.02,0.04
951,2018-11-29,4.66,4.61,4.67,4.61,115301,65261752.0,1.29,-0.65,-0.03,0.04
952,2018-11-30,4.61,4.65,4.65,4.6,98317,55557750.0,1.08,0.87,0.04,0.03
953,2018-12-03,4.72,4.71,4.75,4.69,262482,150785906.0,1.29,1.29,0.06,0.08
954,2018-12-04,4.71,4.71,4.72,4.67,198091,113275497.0,1.06,0.0,0.0,0.06
955,2018-12-05,4.66,4.67,4.69,4.66,125721,71625060.0,0.64,-0.85,-0.04,0.04
956,2018-12-06,4.64,4.6,4.66,4.6,165738,93428843.0,1.28,-1.5,-0.07,0.05
957,2018-12-07,4.62,4.61,4.63,4.59,100576,56600961.0,0.87,0.22,0.01,0.03
958,2018-12-10,4.58,4.53,4.59,4.51,162833,90477290.0,1.74,-1.74,-0.08,0.05
959,2018-12-11,4.53,4.54,4.54,4.51,98499,54634667.0,0.66,0.22,0.01,0.03
960,2018-12-12,4.56,4.55,4.56,4.53,83543,46457820.0,0.66,0.22,0.01,0.03
961,2018-12-13,4.54,4.57,4.62,4.52,207307,115957745.0,2.2,0.44,0.02,0.06
962,2018-12-14,4.55,4.53,4.58,4.53,147755,82256412.0,1.09,-0.88,-0.04,0.05
963,2018-12-17,4.52,4.55,4.55,4.51,118576,65772187.0,0.88,0.44,0.02,0.04
964,2018-12-18,4.51,4.5,4.55,4.49,133528,73849611.0,1.32,-1.1,-0.05,0.04
965,2018-12-19,4.52,4.48,4.52,4.48,105991,58533665.0,0.89,-0.44,-0.02,0.03
966,2018-12-20,4.48,4.42,4.49,4.36,239919,130400100.0,2.9,-1.34,-0.06,0.08
967,2018-12-21,4.39,4.39,4.41,4.32,175302,94305939.0,2.04,-0.68,-0.03,0.05
968,2018-12-24,4.35,4.46,4.48,4.34,174662,94922629.0,3.19,1.59,0.07,0.05
969,2018-12-25,4.43,4.37,4.45,4.29,214005,115068144.0,3.59,-2.02,-0.09,0.07
970,2018-12-26,4.36,4.37,4.39,4.34,128912,69444593.0,1.14,0.0,0.0,0.04
971,2018-12-27,4.4,4.35,4.42,4.34,164235,88711654.0,1.83,-0.46,-0.02,0.05
972,2018-12-28,4.36,4.43,4.45,4.36,194897,105833772.0,2.07,1.84,0.08,0.06
973,2019-01-02,4.43,4.31,4.44,4.26,199964,106673423.0,4.06,-2.71,-0.12,0.06
974,2019-01-03,4.3,4.32,4.35,4.29,134374,71681120.0,1.39,0.23,0.01,0.04
975,2019-01-04,4.3,4.42,4.43,4.27,206600,111386673.0,3.7,2.31,0.1,0.06
976,2019-01-07,4.44,4.4,4.45,4.38,162270,87979342.0,1.58,-0.45,-0.02,0.05
977,2019-01-08,4.4,4.41,4.42,4.37,139156,75359319.0,1.14,0.23,0.01,0.04
978,2019-01-09,4.43,4.46,4.51,4.4,294047,161356879.0,2.49,1.13,0.05,0.09
979,2019-01-10,4.44,4.4,4.45,4.39,181026,98294362.0,1.35,-1.35,-0.06,0.06
980,2019-01-11,4.42,4.41,4.44,4.38,117789,63961739.0,1.36,0.23,0.01,0.04
981,2019-01-14,4.41,4.43,4.45,4.4,224048,121970779.0,1.13,0.45,0.02,0.07
982,2019-01-15,4.43,4.45,4.45,4.39,248946,135453491.0,1.35,0.45,0.02,0.08
983,2019-01-16,4.44,4.43,4.44,4.41,141311,76950736.0,0.67,-0.45,-0.02,0.04
984,2019-01-17,4.44,4.44,4.48,4.41,322420,176292038.0,1.58,0.23,0.01,0.1
985,2019-01-18,4.46,4.53,4.54,4.43,423321,233452013.0,2.48,2.03,0.09,0.13
986,2019-01-21,4.52,4.5,4.56,4.47,353607,195208127.0,1.99,-0.66,-0.03,0.11
987,2019-01-22,4.49,4.44,4.5,4.43,191838,105019744.0,1.56,-1.33,-0.06,0.06
988,2019-01-23,4.44,4.45,4.47,4.44,120594,65988884.0,0.68,0.23,0.01,0.04
989,2019-01-24,4.46,4.45,4.47,4.4,202376,110509860.0,1.57,0.0,0.0,0.06
990,2019-01-25,4.46,4.53,4.59,4.43,474513,263232631.0,3.6,1.8,0.08,0.15
991,2019-01-28,4.55,4.59,4.62,4.55,426734,239370386.0,1.55,1.32,0.06,0.13
992,2019-01-29,4.58,4.62,4.64,4.53,280246,157324559.0,2.4,0.65,0.03,0.09
993,2019-01-30,4.61,4.6,4.64,4.6,192855,108765573.0,0.87,-0.43,-0.02,0.06
994,2019-01-31,4.62,4.7,4.7,4.6,424317,240936367.0,2.17,2.17,0.1,0.13
995,2019-02-01,4.72,4.68,4.72,4.64,219119,124677281.0,1.7,-0.43,-0.02,0.07
996,2019-02-11,4.66,4.68,4.69,4.64,319893,181951245.0,1.07,0.0,0.0,0.1
997,2019-02-12,4.69,4.67,4.7,4.63,444173,252135340.0,1.5,-0.21,-0.01,0.14
998,2019-02-13,4.67,4.74,4.78,4.64,427863,244684267.0,3.0,1.5,0.07,0.13
999,2019-02-14,4.72,4.7,4.74,4.68,214893,123055015.0,1.27,-0.84,-0.04,0.07
1000,2019-02-15,4.69,4.6,4.7,4.6,296293,167685109.0,2.13,-2.13,-0.1,0.09
1001,2019-02-18,4.63,4.7,4.71,4.62,531551,301671088.0,1.96,2.17,0.1,0.17
1002,2019-02-19,4.69,4.75,4.76,4.67,571547,327648896.0,1.91,1.06,0.05,0.18
1003,2019-02-20,4.74,4.74,4.76,4.71,238805,137311571.0,1.05,-0.21,-0.01,0.07
1004,2019-02-21,4.73,4.73,4.79,4.69,320086,184301887.0,2.11,-0.21,-0.01,0.1
1005,2019-02-22,4.72,4.89,4.93,4.66,589909,342813200.0,5.71,3.38,0.16,0.18
1006,2019-02-25,4.95,5.45,5.48,4.93,1445810,894550912.0,11.25,11.45,0.56,0.45
1007,2019-02-26,5.46,5.28,5.46,5.26,922972,587964624.0,3.67,-3.12,-0.17,0.29
1008,2019-02-27,5.28,5.43,5.71,5.24,1031709,667292400.0,8.9,2.84,0.15,0.32
1009,2019-02-28,5.53,5.53,5.76,5.39,905599,595796800.0,6.81,1.84,0.1,0.28
1010,2019-03-01,5.48,5.93,5.93,5.42,1481170,991404784.0,9.22,7.23,0.4,0.46
1011,2019-03-04,5.78,5.89,6.22,5.77,1749271,1213126032.0,7.59,-0.67,-0.04,0.55
1012,2019-03-05,5.79,5.83,5.85,5.69,699812,474997104.0,2.72,-1.02,-0.06,0.22
1013,2019-03-06,5.8,5.77,5.86,5.66,1019158,690131472.0,3.43,-1.03,-0.06,0.32
1014,2019-03-07,5.74,5.68,5.91,5.63,1141134,770138688.0,4.85,-1.56,-0.09,0.36
1015,2019-03-08,5.49,5.31,5.54,5.3,998349,643985712.0,4.23,-6.51,-0.37,0.31
1016,2019-03-11,5.28,5.32,5.36,5.12,881566,552858752.0,4.52,0.19,0.01,0.28
1017,2019-03-12,5.35,5.35,5.42,5.27,731575,466224368.0,2.82,0.56,0.03,0.23
1018,2019-03-13,5.36,5.31,5.43,5.24,762679,484310016.0,3.55,-0.75,-0.04,0.24
1019,2019-03-14,5.32,5.32,5.4,5.27,519752,329956128.0,2.45,0.19,0.01,0.16
1020,2019-03-15,5.32,5.34,5.4,5.3,550724,350800496.0,1.88,0.38,0.02,0.17
1021,2019-03-18,5.33,5.45,5.45,5.28,1012559,644482688.0,3.18,2.06,0.11,0.32
1022,2019-03-19,5.44,5.38,5.47,5.34,623142,400098144.0,2.39,-1.28,-0.07,0.2
1023,2019-03-20,5.35,5.36,5.4,5.31,436933,278288144.0,1.67,-0.37,-0.02,0.14
1024,2019-03-21,5.36,5.31,5.38,5.3,618804,393416560.0,1.49,-0.93,-0.05,0.19
1025,2019-03-22,5.32,5.28,5.33,5.23,424380,266837070.0,1.88,-0.56,-0.03,0.13
1026,2019-03-25,5.22,5.13,5.22,5.12,457250,283412944.0,1.89,-2.84,-0.15,0.14
1027,2019-03-26,5.17,5.08,5.17,5.07,334775,205431035.0,1.95,-0.97,-0.05,0.1
1028,2019-03-27,5.1,5.13,5.17,5.1,324983,200100980.0,1.38,0.98,0.05,0.1
1029,2019-03-28,5.15,5.07,5.15,5.04,297870,181676594.0,2.14,-1.17,-0.06,0.09
1030,2019-03-29,5.08,5.27,5.28,5.07,739458,460246720.0,4.14,3.94,0.2,0.23
1031,2019-04-01,5.31,5.38,5.41,5.29,865924,552408144.0,2.28,2.09,0.11,0.27
1032,2019-04-02,5.4,5.34,5.44,5.31,611219,390785872.0,2.42,-0.74,-0.04,0.19
1033,2019-04-03,5.29,5.37,5.39,5.25,733721,463657904.0,2.62,0.56,0.03,0.23
1034,2019-04-04,5.38,5.48,5.53,5.37,1033704,670609664.0,2.98,2.05,0.11,0.32
1035,2019-04-08,5.48,5.54,5.68,5.47,1118071,738157200.0,3.83,1.09,0.06,0.35
1036,2019-04-09,5.57,5.47,5.59,5.43,560069,364552016.0,2.89,-1.26,-0.07,0.18
1037,2019-04-10,5.44,5.41,5.45,5.36,475169,304993536.0,1.65,-1.1,-0.06,0.15
1038,2019-04-11,5.41,5.35,5.49,5.31,440564,282354224.0,3.33,-1.11,-0.06,0.14
1039,2019-04-12,5.35,5.3,5.36,5.23,312295,197159795.0,2.43,-0.93,-0.05,0.1
1040,2019-04-15,5.38,5.34,5.5,5.33,592361,381954784.0,3.21,0.75,0.04,0.19
1041,2019-04-16,5.32,5.63,5.63,5.29,1248440,818416288.0,6.37,5.43,0.29,0.39
1042,2019-04-17,5.6,5.61,5.75,5.55,925491,614958816.0,3.55,-0.36,-0.02,0.29
1043,2019-04-18,5.6,5.52,5.64,5.49,418194,274687808.0,2.67,-1.6,-0.09,0.13
1044,2019-04-19,5.54,5.52,5.61,5.43,444759,290055216.0,3.26,0.0,0.0,0.14
1045,2019-04-22,5.49,5.39,5.52,5.36,527205,339249248.0,2.9,-2.36,-0.13,0.17
1046,2019-04-23,5.38,5.33,5.41,5.32,406774,259132835.0,1.67,-1.11,-0.06,0.13
1047,2019-04-24,5.36,5.33,5.37,5.26,430982,272941632.0,2.06,0.0,0.0,0.14
1048,2019-04-25,5.31,5.25,5.33,5.24,394605,248567610.0,1.69,-1.5,-0.08,0.12
1049,2019-04-26,5.26,5.26,5.31,5.21,366409,230103774.0,1.9,0.19,0.01,0.11
1050,2019-04-29,5.28,5.32,5.36,5.26,453372,287462848.0,1.9,1.14,0.06,0.14
1051,2019-04-30,5.35,5.27,5.35,5.22,389721,245043129.0,2.44,-0.94,-0.05,0.12
1052,2019-05-06,5.12,5.08,5.13,4.99,793495,482244976.0,2.66,-3.61,-0.19,0.25
1053,2019-05-07,5.08,5.06,5.08,5.0,431548,262194831.0,1.57,-0.39,-0.02,0.14
1054,2019-05-08,4.99,4.94,5.02,4.92,361759,216826509.0,1.98,-2.37,-0.12,0.11
1055,2019-05-09,4.93,4.86,4.96,4.85,260936,154120827.0,2.23,-1.62,-0.08,0.08
1056,2019-05-10,4.89,4.94,4.95,4.83,453782,268701136.0,2.47,1.65,0.08,0.14
1057,2019-05-13,4.88,4.85,4.91,4.84,260060,153197568.0,1.42,-1.82,-0.09,0.08
1058,2019-05-14,4.81,4.81,4.87,4.8,273864,160094141.0,1.44,-0.82,-0.04,0.09
1059,2019-05-15,4.83,4.87,4.88,4.82,214262,125708966.0,1.25,1.25,0.06,0.07
1060,2019-05-16,4.86,4.88,4.89,4.84,191837,112949177.0,1.03,0.21,0.01,0.06
1061,2019-05-17,4.88,4.78,4.89,4.77,258672,151009834.0,2.46,-2.05,-0.1,0.08
1062,2019-05-20,4.77,4.79,4.81,4.75,136539,79254900.0,1.26,0.21,0.01,0.04
1063,2019-05-21,4.79,4.84,4.89,4.79,207935,122076676.0,2.09,1.04,0.05,0.07
1064,2019-05-22,4.84,4.83,4.85,4.8,145221,84876798.0,1.03,-0.21,-0.01,0.05
1065,2019-05-23,4.81,4.77,4.83,4.74,174108,100809834.0,1.86,-1.24,-0.06,0.05
1066,2019-05-24,4.78,4.8,4.81,4.76,152672,88744544.0,1.05,0.63,0.03,0.05
1067,2019-05-27,4.79,4.85,4.86,4.76,222610,129830997.0,2.08,1.04,0.05,0.07
1068,2019-05-28,4.84,4.81,4.86,4.76,279039,163050732.0,2.06,-0.82,-0.04,0.09
1069,2019-05-29,4.78,4.78,4.81,4.76,304644,176613573.0,1.04,-0.62,-0.03,0.1
1070,2019-05-30,4.78,4.77,4.78,4.74,178824,103372210.0,0.84,-0.21,-0.01,0.06
1071,2019-05-31,4.77,4.76,4.8,4.75,151863,87932052.0,1.05,-0.21,-0.01,0.05
1072,2019-06-03,4.78,4.81,4.81,4.76,249023,144688079.0,1.05,1.05,0.05,0.08
1073,2019-06-04,4.81,4.8,4.81,4.77,115786,67228626.0,0.83,-0.21,-0.01,0.04
1074,2019-06-05,4.81,4.83,4.87,4.8,242068,141726417.0,1.46,0.63,0.03,0.08
1075,2019-06-06,4.83,4.83,4.85,4.78,200358,117034806.0,1.45,0.0,0.0,0.06
1076,2019-06-10,4.83,4.9,4.94,4.83,287277,169807054.0,2.28,1.45,0.07,0.09
1077,2019-06-11,4.91,4.96,4.96,4.88,303127,180293208.0,1.63,1.22,0.06,0.1
1078,2019-06-12,4.95,4.91,4.95,4.89,235414,139655901.0,1.21,-1.01,-0.05,0.07
1079,2019-06-13,4.9,4.89,4.92,4.84,217724,128398988.0,1.63,-0.41,-0.02,0.07
1080,2019-06-14,4.88,4.85,4.9,4.85,167621,98706179.0,1.02,-0.82,-0.04,0.05
1081,2019-06-17,4.87,4.88,4.9,4.84,161528,95225592.0,1.24,0.62,0.03,0.05
1082,2019-06-18,4.88,4.89,4.91,4.86,155201,91671177.0,1.02,0.2,0.01,0.05
1083,2019-06-19,4.97,4.93,5.01,4.91,287663,171603513.0,2.04,0.82,0.04,0.09
1084,2019-06-20,4.92,5.03,5.08,4.92,580686,350086304.0,3.25,2.03,0.1,0.18
1085,2019-06-21,5.05,5.07,5.07,5.01,366623,222145871.0,1.19,0.8,0.04,0.11
1086,2019-06-24,5.04,5.04,5.06,5.02,181871,110122004.0,0.79,-0.59,-0.03,0.06
1087,2019-06-25,5.03,4.95,5.04,4.93,244566,146508756.0,2.18,-1.79,-0.09,0.08
1088,2019-06-26,4.94,4.96,4.98,4.94,127763,76447480.0,0.81,0.2,0.01,0.04
1089,2019-06-27,4.96,4.99,5.02,4.95,181379,109103423.0,1.41,0.6,0.03,0.06
1090,2019-06-28,4.98,4.95,5.0,4.92,139660,83338031.0,1.6,-0.8,-0.04,0.04
1091,2019-07-01,5.01,5.05,5.06,4.99,283834,171605698.0,1.41,2.02,0.1,0.09
1092,2019-07-02,5.05,5.03,5.05,5.01,173191,104730143.0,0.79,-0.4,-0.02,0.05
1093,2019-07-03,5.03,5.04,5.04,5.0,164822,99525796.0,0.8,0.2,0.01,0.05
1094,2019-07-04,5.03,5.06,5.08,5.03,220668,134009400.0,0.99,0.4,0.02,0.07
1095,2019-07-05,5.06,5.03,5.06,5.01,124497,75290835.0,0.99,-0.59,-0.03,0.04
1096,2019-07-08,5.01,4.91,5.02,4.88,226017,134438280.0,2.78,-2.39,-0.12,0.07
1097,2019-07-09,4.9,4.9,4.92,4.88,90750,53697482.0,0.81,-0.2,-0.01,0.03
1098,2019-07-10,4.91,4.85,4.92,4.83,171493,100871727.0,1.84,-1.02,-0.05,0.05
1099,2019-07-11,4.87,4.84,4.88,4.83,128288,75399688.0,1.03,-0.21,-0.01,0.04
1100,2019-07-12,4.86,4.91,4.92,4.84,154294,91156927.0,1.65,1.45,0.07,0.05
1101,2019-07-15,4.91,4.91,4.93,4.83,200673,118603183.0,2.04,0.0,0.0,0.06
1102,2019-07-16,4.92,4.93,4.95,4.9,174767,103944824.0,1.02,0.41,0.02,0.05
1103,2019-07-17,4.92,4.93,4.93,4.89,136860,81206532.0,0.81,0.0,0.0,0.04
1104,2019-07-18,4.92,4.9,4.92,4.88,109090,64608653.0,0.81,-0.61,-0.03,0.03
1105,2019-07-19,4.91,4.93,4.95,4.9,270376,160790975.0,1.02,0.61,0.03,0.08
1106,2019-07-22,4.93,4.88,4.93,4.85,241071,136672623.0,1.62,-1.01,-0.05,0.08
1107,2019-07-23,4.88,4.91,4.92,4.86,125617,71322584.0,1.23,0.61,0.03,0.04
1108,2019-07-24,4.92,4.98,5.0,4.91,302582,174406673.0,1.83,1.43,0.07,0.09
1109,2019-07-25,4.99,5.06,5.06,4.98,312376,181468755.0,1.61,1.61,0.08,0.1
1110,2019-07-26,5.05,5.06,5.07,5.03,238140,139146322.0,0.79,0.0,0.0,0.07
1111,2019-07-29,5.07,5.08,5.1,5.04,231369,135961639.0,1.19,0.4,0.02,0.07
1112,2019-07-30,5.08,5.17,5.2,5.08,319303,189653666.0,2.36,1.77,0.09,0.1
1113,2019-07-31,5.15,5.15,5.18,5.13,264800,157195240.0,0.97,-0.39,-0.02,0.08
1114,2019-08-01,5.13,5.12,5.16,5.09,161251,95290417.0,1.36,-0.58,-0.03,0.05
1115,2019-08-02,5.06,5.03,5.06,5.0,178487,103865668.0,1.17,-1.76,-0.09,0.06
1116,2019-08-05,5.03,4.9,5.07,4.89,234039,134337421.0,3.58,-2.58,-0.13,0.07
1117,2019-08-06,4.82,4.8,4.86,4.77,203370,113827015.0,1.84,-2.04,-0.1,0.06
1118,2019-08-07,4.85,4.84,4.87,4.8,157403,88521682.0,1.46,0.83,0.04,0.05
1119,2019-08-08,4.91,4.86,4.91,4.83,121739,68882448.0,1.65,0.41,0.02,0.04
1120,2019-08-09,4.87,4.82,4.89,4.79,144934,81737690.0,2.06,-0.82,-0.04,0.05
1121,2019-08-12,4.78,4.84,4.84,4.77,123962,69486376.0,1.45,0.41,0.02,0.04
1122,2019-08-13,4.81,4.77,4.82,4.74,216687,120374338.0,1.65,-1.45,-0.07,0.07
1123,2019-08-14,4.8,4.77,4.82,4.76,111583,62252032.0,1.26,0.0,0.0,0.03
1124,2019-08-15,4.71,4.74,4.74,4.68,190272,104624205.0,1.26,-0.63,-0.03,0.06
1125,2019-08-16,4.74,4.73,4.76,4.71,147397,81337123.0,1.05,-0.21,-0.01,0.05
1126,2019-08-19,4.71,4.8,4.8,4.69,252063,139458251.0,2.33,1.48,0.07,0.08
1127,2019-08-20,4.78,4.75,4.82,4.74,219992,122505024.0,1.67,-1.04,-0.05,0.07
1128,2019-08-21,4.73,4.78,4.81,4.73,159292,88655609.0,1.68,0.63,0.03,0.05
1129,2019-08-22,4.79,4.76,4.8,4.74,115989,64378875.0,1.26,-0.42,-0.02,0.04
1130,2019-08-23,4.77,4.78,4.8,4.74,177537,98727320.0,1.26,0.42,0.02,0.06
1131,2019-08-26,4.73,4.73,4.74,4.71,176998,97533658.0,0.63,-1.05,-0.05,0.06
1132,2019-08-27,4.74,4.76,4.81,4.73,187493,104295173.0,1.69,0.63,0.03,0.06
1133,2019-08-28,4.78,4.78,4.79,4.75,126225,70212988.0,0.84,0.42,0.02,0.04
1134,2019-08-29,4.78,4.8,4.8,4.76,174831,97464751.0,0.84,0.42,0.02,0.05
1135,2019-08-30,4.82,4.8,4.85,4.76,167211,93506396.0,1.88,0.0,0.0,0.05
1136,2019-09-02,4.8,4.85,4.87,4.79,188495,106219391.0,1.67,1.04,0.05,0.06
1137,2019-09-03,4.86,4.89,4.91,4.84,167144,94859733.0,1.44,0.82,0.04,0.05
1138,2019-09-04,4.92,4.97,4.98,4.9,271772,155955364.0,1.64,1.64,0.08,0.09
1139,2019-09-05,4.99,4.95,5.07,4.92,504209,291589008.0,3.02,-0.4,-0.02,0.16
1140,2019-09-06,4.96,4.98,4.98,4.94,193828,111521903.0,0.81,0.61,0.03,0.06
1141,2019-09-09,5.04,5.01,5.05,4.98,215393,124947192.0,1.41,0.6,0.03,0.07
1142,2019-09-10,5.02,4.99,5.02,4.96,163355,94240177.0,1.2,-0.4,-0.02,0.05
1143,2019-09-11,5.0,5.03,5.05,4.99,178040,103443039.0,1.2,0.8,0.04,0.06
1144,2019-09-12,5.05,5.05,5.06,5.01,161436,94027475.0,0.99,0.4,0.02,0.05
1145,2019-09-16,5.05,5.01,5.05,4.98,159917,92664591.0,1.39,-0.79,-0.04,0.05
1146,2019-09-17,4.98,4.93,4.99,4.91,161648,92652060.0,1.6,-1.6,-0.08,0.05
1147,2019-09-18,4.95,4.92,4.95,4.9,129261,73902954.0,1.01,-0.2,-0.01,0.04
1148,2019-09-19,4.93,4.93,4.94,4.89,135114,77123524.0,1.02,0.2,0.01,0.04
1149,2019-09-20,4.93,4.91,4.94,4.91,159270,90930166.0,0.61,-0.41,-0.02,0.05
1150,2019-09-23,4.9,4.87,4.92,4.84,142243,80412943.0,1.63,-0.81,-0.04,0.04
1151,2019-09-24,4.88,4.89,4.92,4.86,112742,64044335.0,1.23,0.41,0.02,0.04
1152,2019-09-25,4.89,4.91,4.96,4.87,189736,108421486.0,1.84,0.41,0.02,0.06
1153,2019-09-26,4.92,4.98,5.04,4.91,346475,200401571.0,2.65,1.43,0.07,0.11
1154,2019-09-27,4.97,4.93,4.98,4.88,229997,131337165.0,2.01,-1.0,-0.05,0.07
1155,2019-09-30,4.89,4.85,4.93,4.84,159926,90943723.0,1.83,-1.62,-0.08,0.05
1156,2019-10-08,4.85,4.95,5.0,4.84,220087,126233655.0,3.3,2.06,0.1,0.07
1157,2019-10-09,4.93,5.05,5.15,4.92,563403,329951632.0,4.65,2.02,0.1,0.18
1158,2019-10-10,5.06,5.13,5.15,5.03,464365,274171536.0,2.38,1.58,0.08,0.15
1159,2019-10-11,5.19,5.21,5.21,5.14,363731,217166205.0,1.36,1.56,0.08,0.11
1160,2019-10-14,5.22,5.34,5.51,5.21,663669,408260448.0,5.76,2.5,0.13,0.21
1161,2019-10-15,5.33,5.31,5.36,5.27,335721,204643612.0,1.69,-0.56,-0.03,0.11
1162,2019-10-16,5.34,5.28,5.44,5.23,352682,215211045.0,3.95,-0.56,-0.03,0.11
1163,2019-10-17,5.28,5.23,5.28,5.19,248148,149368002.0,1.7,-0.95,-0.05,0.08
1164,2019-10-18,5.31,5.23,5.43,5.19,629853,384065232.0,4.59,0.0,0.0,0.2
1165,2019-10-21,5.23,5.49,5.49,5.19,897192,554197712.0,5.74,4.97,0.26,0.28
1166,2019-10-22,5.47,5.49,5.51,5.35,707650,439854688.0,2.91,0.0,0.0,0.22
1167,2019-10-23,5.5,5.44,5.51,5.41,439082,274963840.0,1.82,-0.91,-0.05,0.14
1168,2019-10-24,5.45,5.46,5.53,5.43,362474,227224478.0,1.84,0.37,0.02,0.11
1169,2019-10-25,5.46,5.48,5.5,5.37,300072,187001013.0,2.38,0.37,0.02,0.09
1170,2019-10-28,5.44,5.4,5.47,5.34,330274,204079383.0,2.37,-1.46,-0.08,0.1
1171,2019-10-29,5.41,5.44,5.47,5.37,327285,203324427.0,1.85,0.74,0.04,0.1
1172,2019-10-30,5.42,5.43,5.47,5.38,199802,124039020.0,1.65,-0.18,-0.01,0.06
1173,2019-10-31,5.41,5.34,5.41,5.27,271326,165843120.0,2.58,-1.66,-0.09,0.09
1174,2019-11-01,5.31,5.45,5.46,5.3,298252,184432570.0,3.0,2.06,0.11,0.09
1175,2019-11-04,5.43,5.54,5.58,5.43,383462,241908878.0,2.75,1.65,0.09,0.12
1176,2019-11-05,5.52,5.6,5.7,5.51,468568,300736704.0,3.43,1.08,0.06,0.15
1177,2019-11-06,5.62,5.61,5.69,5.57,291962,187445231.0,2.14,0.18,0.01,0.09
1178,2019-11-07,5.61,5.59,5.66,5.54,210878,134633922.0,2.14,-0.36,-0.02,0.07
1179,2019-11-08,5.64,5.48,5.65,5.47,267471,169091738.0,3.22,-1.97,-0.11,0.08
1180,2019-11-11,5.45,5.39,5.52,5.35,275563,171278578.0,3.1,-1.64,-0.09,0.09
1181,2019-11-12,5.43,5.37,5.43,5.33,184308,113426754.0,1.86,-0.37,-0.02,0.06
1182,2019-11-13,5.36,5.32,5.37,5.29,190718,116600514.0,1.49,-0.93,-0.05,0.06
1183,2019-11-14,5.36,5.29,5.36,5.24,198482,120656037.0,2.26,-0.56,-0.03,0.06
1184,2019-11-15,5.3,5.3,5.35,5.26,121969,74278263.0,1.7,0.19,0.01,0.04
1185,2019-11-18,5.29,5.33,5.36,5.25,144583,88132599.0,2.08,0.57,0.03,0.05
1186,2019-11-19,5.32,5.32,5.39,5.29,195796,119884503.0,1.88,-0.19,-0.01,0.06
1187,2019-11-20,5.3,5.22,5.32,5.22,173493,104870641.0,1.88,-1.88,-0.1,0.05
1188,2019-11-21,5.2,5.22,5.22,5.16,172232,103056953.0,1.15,0.0,0.0,0.05
1189,2019-11-22,5.23,5.22,5.26,5.18,146097,87849144.0,1.53,0.0,0.0,0.05
1190,2019-11-25,5.23,5.28,5.29,5.21,167500,101300150.0,1.53,1.15,0.06,0.05
1191,2019-11-26,5.3,5.36,5.36,5.26,253493,154903530.0,1.89,1.52,0.08,0.08
1192,2019-11-27,5.31,5.25,5.34,5.22,208603,126243579.0,2.24,-2.05,-0.11,0.07
1193,2019-11-28,5.24,5.22,5.26,5.19,99373,59798159.0,1.33,-0.57,-0.03,0.03
1194,2019-11-29,5.21,5.21,5.28,5.19,126301,75990894.0,1.72,-0.19,-0.01,0.04
1195,2019-12-02,5.23,5.17,5.26,5.16,143766,86149328.0,1.92,-0.77,-0.04,0.05
1196,2019-12-03,5.17,5.17,5.18,5.12,148185,88002561.0,1.16,0.0,0.0,0.05
1197,2019-12-04,5.16,5.16,5.17,5.13,102237,60780838.0,0.77,-0.19,-0.01,0.03
1198,2019-12-05,5.19,5.18,5.2,5.15,123054,73394181.0,0.97,0.39,0.02,0.04
1199,2019-12-06,5.19,5.18,5.2,5.14,112356,66972863.0,1.16,0.0,0.0,0.04
1200,2019-12-09,5.19,5.17,5.2,5.14,143290,85291642.0,1.16,-0.19,-0.01,0.04
1201,2019-12-10,5.16,5.12,5.17,5.1,178073,105441945.0,1.35,-0.97,-0.05,0.06
1202,2019-12-11,5.14,5.19,5.19,5.1,195064,115967279.0,1.76,1.37,0.07,0.06
1203,2019-12-12,5.19,5.2,5.21,5.16,232015,138501717.0,0.96,0.19,0.01,0.07
1204,2019-12-13,5.24,5.33,5.35,5.19,288596,174886332.0,3.08,2.5,0.13,0.09
1205,2019-12-16,5.34,5.33,5.36,5.28,215243,131576088.0,1.5,0.0,0.0,0.07
1206,2019-12-17,5.33,5.43,5.47,5.29,371383,229989866.0,3.38,1.88,0.1,0.12
1207,2019-12-18,5.41,5.44,5.46,5.4,219465,136549230.0,1.1,0.18,0.01,0.07
1208,2019-12-19,5.46,5.43,5.48,5.42,160951,100314545.0,1.1,-0.18,-0.01,0.05
1209,2019-12-20,5.45,5.37,5.45,5.36,235187,145567088.0,1.66,-1.1,-0.06,0.07
1210,2019-12-23,5.37,5.34,5.42,5.32,181783,111932587.0,1.86,-0.56,-0.03,0.06
1211,2019-12-24,5.36,5.34,5.36,5.32,88668,54335513.0,0.75,0.0,0.0,0.03
1212,2019-12-25,5.33,5.31,5.33,5.28,137702,83824798.0,0.94,-0.56,-0.03,0.04
1213,2019-12-26,5.32,5.35,5.35,5.3,94373,57701266.0,0.94,0.75,0.04,0.03
1214,2019-12-27,5.35,5.37,5.42,5.33,208266,128543781.0,1.68,0.37,0.02,0.07
1215,2019-12-30,5.33,5.38,5.38,5.28,252795,154498973.0,1.86,0.19,0.01,0.08
1216,2019-12-31,5.36,5.38,5.38,5.33,152862,93843679.0,0.93,0.0,0.0,0.05
1217,2020-01-02,5.41,5.42,5.48,5.4,349385,217666252.0,1.49,0.74,0.04,0.11
1218,2020-01-03,5.43,5.41,5.44,5.39,187600,116328328.0,0.92,-0.18,-0.01,0.06
1219,2020-01-06,5.39,5.34,5.43,5.31,327195,201885717.0,2.22,-1.29,-0.07,0.1
1220,2020-01-07,5.36,5.39,5.4,5.35,184873,113995776.0,0.94,0.94,0.05,0.06
1221,2020-01-08,5.36,5.31,5.37,5.29,171084,104583641.0,1.48,-1.48,-0.08,0.05
1222,2020-01-09,5.32,5.3,5.34,5.25,376705,229021020.0,1.69,-0.19,-0.01,0.12
1223,2020-01-10,5.3,5.29,5.31,5.25,172896,104767796.0,1.13,-0.19,-0.01,0.05
1224,2020-01-13,5.3,5.3,5.31,5.25,198221,120185239.0,1.13,0.19,0.01,0.06
1225,2020-01-14,5.31,5.29,5.34,5.27,188873,115205845.0,1.32,-0.19,-0.01,0.06
1226,2020-01-15,5.29,5.24,5.29,5.22,177417,107088072.0,1.32,-0.95,-0.05,0.06
1227,2020-01-16,5.24,5.2,5.25,5.2,140864,84613576.0,0.95,-0.76,-0.04,0.04
1228,2020-01-17,5.21,5.19,5.24,5.18,148178,88767829.0,1.15,-0.19,-0.01,0.05
1229,2020-01-20,5.19,5.22,5.22,5.18,139318,83525771.0,0.77,0.58,0.03,0.04
1230,2020-01-21,5.21,5.12,5.21,5.11,238061,141117901.0,1.92,-1.92,-0.1,0.07
1231,2020-01-22,5.09,5.13,5.13,5.05,216182,127079978.0,1.56,0.2,0.01,0.07
1232,2020-01-23,5.08,5.03,5.1,4.99,232353,135287642.0,2.14,-1.95,-0.1,0.07
1233,2020-02-03,4.54,4.61,4.7,4.49,412604,222923024.0,4.17,-8.35,-0.42,0.13
1234,2020-02-04,4.62,4.72,4.74,4.62,283218,155445388.0,2.6,2.39,0.11,0.09
1235,2020-02-05,4.73,4.72,4.77,4.67,191908,105935423.0,2.12,0.0,0.0,0.06
1236,2020-02-06,4.77,4.79,4.81,4.72,140888,78153705.0,1.91,1.48,0.07,0.04
1237,2020-02-07,4.75,4.79,4.8,4.71,203084,112274661.0,1.88,0.0,0.0,0.06
1238,2020-02-10,4.75,4.75,4.76,4.71,219759,121427462.0,1.04,-0.84,-0.04,0.07
1239,2020-02-11,4.76,4.79,4.8,4.73,223621,124428980.0,1.47,0.84,0.04,0.07
1240,2020-02-12,4.78,4.79,4.79,4.74,144255,80196992.0,1.04,0.0,0.0,0.05
1241,2020-02-13,4.77,4.74,4.79,4.74,150640,83532443.0,1.04,-1.04,-0.05,0.05
1242,2020-02-14,4.74,4.77,4.77,4.71,155564,86064143.0,1.27,0.63,0.03,0.05
1243,2020-02-17,4.76,4.87,4.87,4.75,308464,172641091.0,2.52,2.1,0.1,0.1
1244,2020-02-18,4.85,4.83,4.87,4.81,177987,100119638.0,1.23,-0.82,-0.04,0.06
1245,2020-02-19,4.82,4.82,4.87,4.81,185049,104110368.0,1.24,-0.21,-0.01,0.06
1246,2020-02-20,4.83,4.92,4.92,4.8,245173,138515426.0,2.49,2.07,0.1,0.08
1247,2020-02-21,4.92,4.9,4.94,4.87,249269,141832580.0,1.42,-0.41,-0.02,0.08
1248,2020-02-24,4.89,4.85,4.89,4.82,214258,120850875.0,1.43,-1.02,-0.05,0.07
1249,2020-02-25,4.78,4.76,4.8,4.73,222647,123566313.0,1.44,-1.86,-0.09,0.07
1250,2020-02-26,4.71,4.77,4.84,4.7,266363,148174597.0,2.94,0.21,0.01,0.08
1251,2020-02-27,4.78,4.77,4.82,4.74,212765,118367942.0,1.68,0.0,0.0,0.07
1252,2020-02-28,4.73,4.64,4.75,4.64,292486,160140449.0,2.31,-2.73,-0.13,0.09
1253,2020-03-02,4.67,4.74,4.75,4.65,269246,148272205.0,2.16,2.16,0.1,0.08
1254,2020-03-03,4.77,4.76,4.79,4.74,210537,116818901.0,1.05,0.42,0.02,0.07
1255,2020-03-04,4.74,4.76,4.76,4.72,168736,93254159.0,0.84,0.0,0.0,0.05
1256,2020-03-05,4.78,4.87,4.89,4.76,456410,256844496.0,2.73,2.31,0.11,0.14
1257,2020-03-06,4.83,4.77,4.84,4.77,251183,140299873.0,1.44,-2.05,-0.1,0.08
1258,2020-03-09,4.71,4.68,4.73,4.66,282318,154674014.0,1.47,-1.89,-0.09,0.09
1259,2020-03-10,4.64,4.73,4.74,4.64,228730,125621164.0,2.14,1.07,0.05,0.07
1260,2020-03-11,4.74,4.67,4.75,4.66,211046,115890994.0,1.9,-1.27,-0.06,0.07
1261,2020-03-12,4.65,4.64,4.68,4.6,241378,130893867.0,1.71,-0.64,-0.03,0.08
1262,2020-03-13,4.51,4.6,4.62,4.49,257290,137288906.0,2.8,-0.86,-0.04,0.08
1263,2020-03-16,4.62,4.54,4.62,4.53,265808,142616962.0,1.96,-1.3,-0.06,0.08
1264,2020-03-17,4.53,4.5,4.59,4.45,231458,122798820.0,3.08,-0.88,-0.04,0.07
1265,2020-03-18,4.53,4.43,4.54,4.43,166387,87786046.0,2.44,-1.56,-0.07,0.05
1266,2020-03-19,4.41,4.36,4.45,4.28,238136,122490158.0,3.84,-1.58,-0.07,0.07
1267,2020-03-20,4.42,4.44,4.45,4.33,266276,137930890.0,2.75,1.83,0.08,0.08
1268,2020-03-23,4.34,4.36,4.39,4.31,207491,106665040.0,1.8,-1.8,-0.08,0.07
1269,2020-03-24,4.41,4.43,4.45,4.39,124913,65072181.0,1.38,1.61,0.07,0.04
1270,2020-03-25,4.49,4.47,4.5,4.45,131027,68923440.0,1.13,0.9,0.04,0.04
1271,2020-03-26,4.46,4.49,4.52,4.42,168406,88686177.0,2.24,0.45,0.02,0.05
1272,2020-03-27,4.52,4.5,4.54,4.48,125848,66667447.0,1.34,0.22,0.01,0.04
1273,2020-03-30,4.44,4.48,4.49,4.43,125239,65833650.0,1.33,-0.44,-0.02,0.04
1274,2020-03-31,4.5,4.39,4.51,4.36,156358,81576440.0,3.35,-2.01,-0.09,0.05
1275,2020-04-01,4.39,4.36,4.43,4.35,142463,73699382.0,1.82,-0.68,-0.03,0.04
1276,2020-04-02,4.33,4.39,4.39,4.31,188056,96506900.0,1.83,0.69,0.03,0.06
1277,2020-04-03,4.35,4.34,4.38,4.33,113444,58285398.0,1.14,-1.14,-0.05,0.04
1278,2020-04-07,4.39,4.39,4.4,4.37,190621,98660542.0,0.69,1.15,0.05,0.06
1279,2020-04-08,4.38,4.37,4.38,4.35,111373,57413098.0,0.68,-0.46,-0.02,0.03
1280,2020-04-09,4.39,4.37,4.4,4.36,104251,53821497.0,0.92,0.0,0.0,0.03
1281,2020-04-10,4.38,4.35,4.38,4.34,75081,38649403.0,0.92,-0.46,-0.02,0.02
1282,2020-04-13,4.34,4.32,4.35,4.3,88245,45067084.0,1.15,-0.69,-0.03,0.03
1283,2020-04-14,4.33,4.35,4.35,4.3,131023,67041052.0,1.16,0.69,0.03,0.04
1284,2020-04-15,4.32,4.31,4.34,4.31,101435,51824828.0,0.69,-0.92,-0.04,0.03
1285,2020-04-16,4.3,4.33,4.33,4.3,92702,47299063.0,0.7,0.46,0.02,0.03
1286,2020-04-17,4.33,4.34,4.37,4.32,143860,73875897.0,1.15,0.23,0.01,0.05
1287,2020-04-20,4.33,4.33,4.34,4.31,125874,64301674.0,0.69,-0.23,-0.01,0.04
1288,2020-04-21,4.31,4.29,4.32,4.28,132925,67543337.0,0.92,-0.92,-0.04,0.04
1289,2020-04-22,4.27,4.27,4.28,4.25,154981,78361595.0,0.7,-0.47,-0.02,0.05
1290,2020-04-23,4.27,4.26,4.28,4.25,113237,57249224.0,0.7,-0.23,-0.01,0.04
1291,2020-04-24,4.27,4.28,4.3,4.25,131937,66849225.0,1.17,0.47,0.02,0.04
1292,2020-04-27,4.28,4.33,4.36,4.27,241339,123687119.0,2.1,1.17,0.05,0.08
1293,2020-04-28,4.34,4.34,4.35,4.26,167774,85628757.0,2.08,0.23,0.01,0.05
1294,2020-04-29,4.34,4.42,4.43,4.32,280830,145551674.0,2.53,1.84,0.08,0.09
1295,2020-04-30,4.45,4.41,4.45,4.39,265584,138203325.0,1.36,-0.23,-0.01,0.08
1296,2020-05-06,4.34,4.36,4.37,4.31,277089,142017292.0,1.36,-1.13,-0.05,0.09
1297,2020-05-07,4.35,4.32,4.35,4.31,132713,67958032.0,0.92,-0.92,-0.04,0.04
1298,2020-05-08,4.33,4.36,4.37,4.32,195532,100429956.0,1.16,0.93,0.04,0.06
1299,2020-05-11,4.36,4.34,4.38,4.33,180373,92717608.0,1.15,-0.46,-0.02,0.06
1300,2020-05-12,4.34,4.31,4.35,4.3,115659,59061705.0,1.15,-0.69,-0.03,0.04
1301,2020-05-13,4.3,4.33,4.33,4.29,116751,59503482.0,0.93,0.46,0.02,0.04
1302,2020-05-14,4.3,4.28,4.31,4.26,155634,78882007.0,1.15,-1.15,-0.05,0.05
1303,2020-05-15,4.29,4.29,4.3,4.27,103009,52255477.0,0.7,0.23,0.01,0.03
1304,2020-05-18,4.29,4.29,4.32,4.26,133602,67958529.0,1.4,0.0,0.0,0.04
1305,2020-05-19,4.32,4.3,4.32,4.29,89193,45409791.0,0.7,0.23,0.01,0.03
1306,2020-05-20,4.3,4.31,4.32,4.28,117553,59838540.0,0.93,0.23,0.01,0.04
1307,2020-05-21,4.32,4.29,4.32,4.29,79006,40224367.0,0.7,-0.46,-0.02,0.02
1308,2020-05-22,4.29,4.21,4.29,4.21,168920,85059379.0,1.86,-1.86,-0.08,0.05
1309,2020-05-25,4.22,4.21,4.23,4.18,97658,48779789.0,1.19,0.0,0.0,0.03
1310,2020-05-26,4.22,4.22,4.23,4.2,74961,37518445.0,0.71,0.24,0.01,0.02
1311,2020-05-27,4.23,4.26,4.28,4.22,95810,48351388.0,1.42,0.95,0.04,0.03
1312,2020-05-28,4.26,4.28,4.32,4.25,130213,66164944.0,1.64,0.47,0.02,0.04
1313,2020-05-29,4.27,4.23,4.3,4.23,123809,62501002.0,1.64,-1.17,-0.05,0.04
1314,2020-06-01,4.26,4.28,4.3,4.25,173869,88220759.0,1.18,1.18,0.05,0.05
1315,2020-06-02,4.27,4.32,4.33,4.27,170934,87065915.0,1.4,0.93,0.04,0.05
1316,2020-06-03,4.33,4.31,4.37,4.31,162263,83178425.0,1.39,-0.23,-0.01,0.05
1317,2020-06-04,4.33,4.28,4.33,4.28,103344,52510412.0,1.16,-0.7,-0.03,0.03
1318,2020-06-05,4.3,4.32,4.33,4.27,105647,53781083.0,1.4,0.93,0.04,0.03
1319,2020-06-08,4.31,4.29,4.32,4.29,103233,52582932.0,0.69,-0.69,-0.03,0.03
1320,2020-06-09,4.3,4.32,4.33,4.28,100759,51391962.0,1.17,0.7,0.03,0.03
1321,2020-06-10,4.33,4.29,4.33,4.28,74425,37836756.0,1.16,-0.69,-0.03,0.02
1322,2020-06-11,4.29,4.25,4.3,4.25,101050,51139586.0,1.17,-0.93,-0.04,0.03
1323,2020-06-12,4.23,4.25,4.27,4.21,115569,58115803.0,1.41,0.0,0.0,0.04
1324,2020-06-15,4.23,4.22,4.26,4.21,128352,64449912.0,1.18,-0.71,-0.03,0.04
1325,2020-06-16,4.25,4.25,4.26,4.22,95036,47768922.0,0.95,0.71,0.03,0.03
1326,2020-06-17,4.24,4.24,4.26,4.22,118306,59458547.0,0.94,-0.24,-0.01,0.04
1327,2020-06-18,4.24,4.27,4.3,4.21,187038,94402935.0,2.12,0.71,0.03,0.06
1328,2020-06-19,4.26,4.27,4.31,4.25,181905,92172378.0,1.41,0.0,0.0,0.06
1329,2020-06-22,4.27,4.27,4.32,4.26,186072,94400042.0,1.41,0.0,0.0,0.06
1330,2020-06-23,4.26,4.23,4.28,4.23,122989,61903864.0,1.17,-0.94,-0.04,0.04
1331,2020-06-24,4.25,4.28,4.28,4.23,131315,66408437.0,1.18,1.18,0.05,0.04
1332,2020-06-29,4.34,4.45,4.53,4.33,1308632,681529040.0,4.67,3.97,0.17,0.41
1333,2020-06-30,4.42,4.36,4.42,4.35,636902,329033824.0,1.57,-2.02,-0.09,0.2
1334,2020-07-01,4.36,4.52,4.59,4.31,991087,518708768.0,6.42,3.67,0.16,0.31
1335,2020-07-02,4.47,4.7,4.73,4.44,1175511,632397472.0,6.42,3.98,0.18,0.37
1336,2020-07-03,4.73,4.8,4.85,4.63,1112287,615090176.0,4.68,2.13,0.1,0.35
1337,2020-07-06,4.87,5.35,5.36,4.83,2037571,1210066032.0,11.04,11.46,0.55,0.64
1338,2020-07-07,5.36,5.11,5.51,5.1,1798128,1090449104.0,7.66,-4.49,-0.24,0.56
1339,2020-07-08,5.11,5.2,5.27,5.02,1126737,665594448.0,4.89,1.76,0.09,0.35
1340,2020-07-09,5.14,5.13,5.2,5.04,860630,508199664.0,3.08,-1.35,-0.07,0.27
1341,2020-07-10,5.09,4.93,5.1,4.9,731468,423390640.0,3.9,-3.9,-0.2,0.23
1342,2020-07-13,4.89,4.97,5.04,4.88,583509,335433088.0,3.25,0.81,0.04,0.18
1343,2020-07-14,4.97,4.9,5.0,4.84,510411,291422832.0,3.22,-1.41,-0.07,0.16
1344,2020-07-15,4.9,4.81,4.94,4.79,438008,236502573.0,3.06,-1.84,-0.09,0.14
1345,2020-07-16,4.81,4.74,4.88,4.72,448332,240690111.0,3.33,-1.46,-0.07,0.14
1346,2020-07-17,4.79,4.66,4.79,4.61,423785,222276027.0,3.8,-1.69,-0.08,0.13
1347,2020-07-20,4.69,4.82,4.83,4.68,485309,258343559.0,3.22,3.43,0.16,0.15
1348,2020-07-21,4.84,4.78,4.84,4.75,256466,136990703.0,1.87,-0.83,-0.04,0.08
1349,2020-07-22,4.79,4.79,4.88,4.73,356958,191503750.0,3.14,0.21,0.01,0.11
1350,2020-07-23,4.73,4.69,4.76,4.64,326766,171712003.0,2.51,-2.09,-0.1,0.1
1351,2020-07-24,4.66,4.56,4.69,4.54,399109,206024686.0,3.2,-2.77,-0.13,0.13
1352,2020-07-27,4.6,4.56,4.6,4.53,155484,79509641.0,1.54,0.0,0.0,0.05
1353,2020-07-28,4.59,4.57,4.61,4.55,165039,84716454.0,1.32,0.22,0.01,0.05
1354,2020-07-29,4.57,4.64,4.65,4.54,253594,131246316.0,2.41,1.53,0.07,0.08
1355,2020-07-30,4.62,4.6,4.66,4.6,153478,79498467.0,1.29,-0.86,-0.04,0.05
1356,2020-07-31,4.59,4.6,4.66,4.57,244559,126351374.0,1.96,0.0,0.0,0.08
1357,2020-08-03,4.61,4.63,4.66,4.6,311583,161425237.0,1.3,0.65,0.03,0.1
1358,2020-08-04,4.63,4.71,4.73,4.61,560244,293802000.0,2.59,1.73,0.08,0.18
1359,2020-08-05,4.67,4.65,4.68,4.62,306343,159269135.0,1.27,-1.27,-0.06,0.1
1360,2020-08-06,4.65,4.69,4.7,4.61,310254,161770955.0,1.94,0.86,0.04,0.1
1361,2020-08-07,4.66,4.63,4.69,4.59,265470,137661696.0,2.13,-1.28,-0.06,0.08
1362,2020-08-10,4.61,4.66,4.68,4.6,264497,137878849.0,1.73,0.65,0.03,0.08
1363,2020-08-11,4.67,4.64,4.76,4.64,442383,233090895.0,2.58,-0.43,-0.02,0.14
1364,2020-08-12,4.62,4.7,4.7,4.62,362588,189823222.0,1.72,1.29,0.06,0.11
1365,2020-08-13,4.71,4.66,4.73,4.65,199080,104243361.0,1.7,-0.85,-0.04,0.06
1366,2020-08-14,4.66,4.72,4.73,4.65,252445,132693079.0,1.72,1.29,0.06,0.08
1367,2020-08-17,4.74,4.89,5.01,4.72,800804,434532848.0,6.14,3.6,0.17,0.25
1368,2020-08-18,4.91,4.83,4.93,4.8,391490,211306170.0,2.66,-1.23,-0.06,0.12
1369,2020-08-19,4.81,4.78,4.85,4.76,240227,128877123.0,1.86,-1.04,-0.05,0.08
1370,2020-08-20,4.76,4.7,4.79,4.67,272853,143878112.0,2.51,-1.67,-0.08,0.09
1371,2020-08-21,4.74,4.72,4.74,4.69,189661,100070856.0,1.06,0.43,0.02,0.06
1372,2020-08-24,4.74,4.7,4.75,4.68,158326,83397289.0,1.48,-0.42,-0.02,0.05
1373,2020-08-25,4.7,4.69,4.73,4.68,165982,87285141.0,1.06,-0.21,-0.01,0.05
1374,2020-08-26,4.69,4.63,4.7,4.62,194628,101436284.0,1.71,-1.28,-0.06,0.06
1375,2020-08-27,4.64,4.64,4.65,4.6,146566,76076446.0,1.08,0.22,0.01,0.05
1376,2020-08-28,4.64,4.68,4.69,4.6,192861,100581634.0,1.94,0.86,0.04,0.06
1377,2020-08-31,4.68,4.66,4.74,4.64,255798,134290951.0,2.14,-0.43,-0.02,0.08
1378,2020-09-01,4.63,4.65,4.66,4.62,142504,74099051.0,0.86,-0.21,-0.01,0.04
1379,2020-09-02,4.65,4.62,4.66,4.6,167221,86622544.0,1.29,-0.65,-0.03,0.05
1380,2020-09-03,4.63,4.61,4.66,4.6,126889,65770582.0,1.3,-0.22,-0.01,0.04
1381,2020-09-04,4.6,4.59,4.61,4.57,131615,67784912.0,0.87,-0.43,-0.02,0.04
1382,2020-09-07,4.58,4.55,4.62,4.55,138909,71465807.0,1.53,-0.87,-0.04,0.04
1383,2020-09-08,4.58,4.61,4.62,4.55,162477,83720233.0,1.54,1.32,0.06,0.05
1384,2020-09-09,4.59,4.58,4.63,4.58,164572,84930697.0,1.08,-0.65,-0.03,0.05
1385,2020-09-10,4.61,4.54,4.61,4.52,199139,101944344.0,1.97,-0.87,-0.04,0.06
1386,2020-09-11,4.54,4.54,4.56,4.51,123219,62719362.0,1.1,0.0,0.0,0.04
1387,2020-09-14,4.53,4.53,4.55,4.51,113350,57631410.0,0.88,-0.22,-0.01,0.04
1388,2020-09-15,4.54,4.54,4.57,4.52,85602,43688464.0,1.1,0.22,0.01,0.03
1389,2020-09-16,4.55,4.56,4.59,4.52,102332,52404352.0,1.54,0.44,0.02,0.03
1390,2020-09-17,4.54,4.53,4.56,4.52,75703,38613657.0,0.88,-0.66,-0.03,0.02
1391,2020-09-18,4.55,4.62,4.62,4.53,210966,108624619.0,1.99,1.99,0.09,0.07
1392,2020-09-21,4.64,4.59,4.65,4.57,155477,80304744.0,1.73,-0.65,-0.03,0.05
1393,2020-09-22,4.57,4.55,4.61,4.54,174656,89590598.0,1.53,-0.87,-0.04,0.05
1394,2020-09-23,4.57,4.54,4.57,4.53,112991,57689923.0,0.88,-0.22,-0.01,0.04
1395,2020-09-24,4.54,4.49,4.54,4.46,181962,91878365.0,1.76,-1.1,-0.05,0.06
1396,2020-09-25,4.48,4.47,4.51,4.46,91379,46061817.0,1.11,-0.45,-0.02,0.03
1397,2020-09-28,4.49,4.5,4.51,4.47,86188,43572769.0,0.89,0.67,0.03,0.03
1398,2020-09-29,4.51,4.48,4.52,4.48,76027,38442769.0,0.89,-0.44,-0.02,0.02
1399,2020-09-30,4.5,4.49,4.52,4.46,114003,57602616.0,1.34,0.22,0.01,0.04
1400,2020-10-09,4.53,4.51,4.54,4.5,107641,54708910.0,0.89,0.45,0.02,0.03
1401,2020-10-12,4.53,4.61,4.63,4.51,242503,124847633.0,2.66,2.22,0.1,0.08
1402,2020-10-13,4.61,4.59,4.63,4.57,122497,63180572.0,1.3,-0.43,-0.02,0.04
1403,2020-10-14,4.61,4.6,4.63,4.57,107315,55310049.0,1.31,0.22,0.01,0.03
1404,2020-10-15,4.6,4.65,4.7,4.59,295692,154407557.0,2.39,1.09,0.05,0.09
1405,2020-10-16,4.63,4.72,4.79,4.63,422047,223118839.0,3.44,1.51,0.07,0.13
1406,2020-10-19,4.74,4.69,4.82,4.68,348820,185321330.0,2.97,-0.64,-0.03,0.11
1407,2020-10-20,4.68,4.59,4.68,4.56,231729,119683449.0,2.56,-2.13,-0.1,0.07
1408,2020-10-21,4.6,4.69,4.69,4.58,242732,126365255.0,2.4,2.18,0.1,0.08
1409,2020-10-22,4.66,4.7,4.75,4.65,182853,95879494.0,2.13,0.21,0.01,0.06
1410,2020-10-23,4.68,4.72,4.79,4.67,314439,166859861.0,2.55,0.43,0.02,0.1
1411,2020-10-26,4.72,4.65,4.76,4.62,247468,129063916.0,2.97,-1.48,-0.07,0.08
1412,2020-10-27,4.65,4.6,4.66,4.6,151149,78218078.0,1.29,-1.08,-0.05,0.05
1413,2020-10-28,4.6,4.55,4.62,4.54,183646,94248339.0,1.74,-1.09,-0.05,0.06
1414,2020-10-29,4.52,4.53,4.55,4.51,145005,73784468.0,0.88,-0.44,-0.02,0.05
1415,2020-10-30,4.53,4.49,4.58,4.48,252285,128296787.0,2.21,-0.88,-0.04,0.08
1416,2020-11-02,4.51,4.49,4.52,4.48,189598,95856677.0,0.89,0.0,0.0,0.06
1417,2020-11-03,4.52,4.56,4.6,4.5,207766,106385990.0,2.23,1.56,0.07,0.07
1418,2020-11-04,4.59,4.53,4.6,4.52,141259,72169093.0,1.75,-0.66,-0.03,0.04
1419,2020-11-05,4.56,4.55,4.58,4.52,144580,73790205.0,1.32,0.44,0.02,0.05
1420,2020-11-06,4.55,4.55,4.58,4.53,131338,67025369.0,1.1,0.0,0.0,0.04
1421,2020-11-09,4.57,4.59,4.6,4.56,227284,116820246.0,0.88,0.88,0.04,0.07
1422,2020-11-10,4.62,4.58,4.65,4.56,222453,115111552.0,1.96,-0.22,-0.01,0.07
1423,2020-11-11,4.59,4.61,4.63,4.55,206186,106327268.0,1.75,0.66,0.03,0.06
1424,2020-11-12,4.59,4.55,4.61,4.55,142240,72939800.0,1.3,-1.3,-0.06,0.04
1425,2020-11-13,4.54,4.5,4.55,4.48,280765,141948067.0,1.54,-1.1,-0.05,0.09
1426,2020-11-16,4.49,4.51,4.53,4.49,121875,61803627.0,0.89,0.22,0.01,0.04
1427,2020-11-17,4.52,4.53,4.54,4.5,132393,67279829.0,0.89,0.44,0.02,0.04
1428,2020-11-18,4.52,4.62,4.64,4.51,377711,194775408.0,2.87,1.99,0.09,0.12
1429,2020-11-19,4.62,4.62,4.64,4.57,215684,111385126.0,1.52,0.0,0.0,0.07
1430,2020-11-20,4.6,4.59,4.61,4.55,176571,90691122.0,1.3,-0.65,-0.03,0.06
1431,2020-11-23,4.57,4.67,4.69,4.56,430882,224695533.0,2.83,1.74,0.08,0.14
1432,2020-11-24,4.66,4.63,4.7,4.62,206034,107459517.0,1.71,-0.86,-0.04,0.06
1433,2020-11-25,4.69,4.63,4.73,4.63,247344,129513765.0,2.16,0.0,0.0,0.08
1434,2020-11-26,4.62,4.7,4.71,4.61,236984,124105150.0,2.16,1.51,0.07,0.07
1435,2020-11-27,4.73,4.9,4.9,4.7,820430,440291632.0,4.26,4.26,0.2,0.26
1436,2020-11-30,4.95,4.68,5.07,4.68,1444877,786408224.0,7.96,-4.49,-0.22,0.45
1437,2020-12-01,4.71,4.83,4.87,4.67,744197,396616832.0,4.27,3.21,0.15,0.23
1438,2020-12-02,4.8,4.78,4.83,4.72,532072,283943792.0,2.28,-1.04,-0.05,0.17
1439,2020-12-03,4.77,4.79,4.82,4.72,479458,255408243.0,2.09,0.21,0.01,0.15
1440,2020-12-04,4.8,4.71,4.8,4.69,402504,212629923.0,2.3,-1.67,-0.08,0.13
1441,2020-12-07,4.71,4.59,4.72,4.59,469577,243464487.0,2.76,-2.55,-0.12,0.15
1442,2020-12-08,4.61,4.57,4.64,4.57,230834,118973568.0,1.53,-0.44,-0.02,0.07
1443,2020-12-09,4.59,4.54,4.62,4.54,231921,119268338.0,1.75,-0.66,-0.03,0.07
1444,2020-12-10,4.55,4.54,4.57,4.52,236028,120404465.0,1.1,0.0,0.0,0.07
1445,2020-12-11,4.55,4.59,4.59,4.5,350180,178211324.0,1.98,1.1,0.05,0.11
1446,2020-12-14,4.56,4.56,4.59,4.52,176425,90057890.0,1.53,-0.65,-0.03,0.06
1447,2020-12-15,4.55,4.55,4.55,4.5,152364,77442277.0,1.1,-0.22,-0.01,0.05
1448,2020-12-16,4.55,4.52,4.57,4.52,143618,73252092.0,1.1,-0.66,-0.03,0.05
1449,2020-12-17,4.52,4.55,4.55,4.51,142090,72336033.0,0.88,0.66,0.03,0.04
1450,2020-12-18,4.54,4.54,4.56,4.52,124834,63613575.0,0.88,-0.22,-0.01,0.04
1451,2020-12-21,4.53,4.55,4.55,4.51,123076,62689576.0,0.88,0.22,0.01,0.04
1452,2020-12-22,4.54,4.49,4.55,4.49,187126,94948345.0,1.32,-1.32,-0.06,0.06
1453,2020-12-23,4.51,4.52,4.53,4.49,151419,76652107.0,0.89,0.67,0.03,0.05
1454,2020-12-24,4.51,4.51,4.55,4.49,111143,56367753.0,1.33,-0.22,-0.01,0.03
1455,2020-12-25,4.51,4.51,4.52,4.49,100875,51102052.0,0.67,0.0,0.0,0.03
1456,2020-12-28,4.5,4.51,4.54,4.49,117840,59749191.0,1.11,0.0,0.0,0.04
1457,2020-12-29,4.52,4.51,4.53,4.5,118890,60263220.0,0.67,0.0,0.0,0.04
1458,2020-12-30,4.51,4.52,4.52,4.49,120205,60840500.0,0.67,0.22,0.01,0.04
1459,2020-12-31,4.51,4.55,4.57,4.51,209259,106759411.0,1.33,0.66,0.03,0.07
1460,2021-01-04,4.53,4.53,4.54,4.5,199950,101620525.0,0.88,-0.44,-0.02,0.06
1461,2021-01-05,4.51,4.53,4.54,4.49,226219,114782413.0,1.1,0.0,0.0,0.07
1462,2021-01-06,4.51,4.53,4.55,4.51,234808,119408076.0,0.88,0.0,0.0,0.07
1463,2021-01-07,4.53,4.53,4.55,4.49,250293,127111766.0,1.32,0.0,0.0,0.08
1464,2021-01-08,4.53,4.54,4.56,4.5,206143,104995095.0,1.32,0.22,0.01,0.06
1465,2021-01-11,4.54,4.55,4.59,4.53,415051,212509173.0,1.32,0.22,0.01,0.13
1466,2021-01-12,4.55,4.55,4.56,4.49,369308,187508720.0,1.54,0.0,0.0,0.12
1467,2021-01-13,4.54,4.55,4.58,4.5,359309,183244587.0,1.76,0.0,0.0,0.11
1468,2021-01-14,4.55,4.6,4.62,4.52,409166,210391822.0,2.2,1.1,0.05,0.13
1469,2021-01-15,4.61,4.64,4.76,4.61,720374,378046544.0,3.26,0.87,0.04,0.23
1470,2021-01-18,4.6,4.6,4.64,4.55,469436,241810416.0,1.94,-0.86,-0.04,0.15
1471,2021-01-19,4.59,4.64,4.67,4.55,412563,213549919.0,2.61,0.87,0.04,0.13
1472,2021-01-20,4.63,4.57,4.69,4.57,268845,138924057.0,2.59,-1.51,-0.07,0.08
1473,2021-01-21,4.57,4.58,4.62,4.55,254022,130681425.0,1.53,0.22,0.01,0.07
1474,2021-01-22,4.57,4.52,4.58,4.5,332146,169117133.0,1.75,-1.31,-0.06,0.1
1475,2021-01-25,4.54,4.6,4.6,4.49,350296,178812407.0,2.43,1.77,0.08,0.1
1476,2021-01-26,4.6,4.64,4.71,4.58,601042,313479648.0,2.83,0.87,0.04,0.18
1477,2021-01-27,4.64,4.68,4.73,4.6,532276,279323808.0,2.8,0.86,0.04,0.16
1478,2021-01-28,4.64,4.64,4.66,4.58,371634,192700751.0,1.71,-0.85,-0.04,0.11
1479,2021-01-29,4.65,4.67,4.72,4.6,343157,179168420.0,2.59,0.65,0.03,0.1
1480,2021-02-01,4.66,4.73,4.76,4.61,470327,246594467.0,3.21,1.28,0.06,0.14
1481,2021-02-02,4.72,4.67,4.76,4.64,351561,184593661.0,2.54,-1.27,-0.06,0.1
1482,2021-02-03,4.65,4.67,4.72,4.63,322329,168903470.0,1.93,0.0,0.0,0.09
1483,2021-02-04,4.65,4.65,4.72,4.62,337509,176216242.0,2.14,-0.43,-0.02,0.1
1484,2021-02-05,4.63,4.83,4.91,4.62,986158,526667536.0,6.24,3.87,0.18,0.29
1485,2021-02-08,4.78,4.73,4.79,4.68,661383,350398384.0,2.28,-2.07,-0.1,0.19
1486,2021-02-09,4.7,4.72,4.73,4.66,465012,244230219.0,1.48,-0.21,-0.01,0.14
1487,2021-02-10,4.72,4.71,4.81,4.69,454449,240663610.0,2.54,-0.21,-0.01,0.13
1488,2021-02-18,4.74,4.72,4.82,4.69,747361,396354784.0,2.76,0.21,0.01,0.22
1489,2021-02-19,4.71,4.75,4.79,4.7,627748,332946704.0,1.91,0.64,0.03,0.18
1490,2021-02-22,4.75,4.8,4.83,4.73,824335,440075200.0,2.11,1.05,0.05,0.24
1491,2021-02-23,4.77,4.79,4.87,4.76,667159,358788640.0,2.29,-0.21,-0.01,0.2
1492,2021-02-24,4.78,4.73,4.81,4.69,551145,292597376.0,2.51,-1.25,-0.06,0.16
1493,2021-02-25,4.73,4.8,4.81,4.7,558061,297298080.0,2.33,1.48,0.07,0.16
1494,2021-02-26,4.77,4.67,4.81,4.64,647351,341254592.0,3.54,-2.71,-0.13,0.19
1495,2021-03-01,4.69,4.64,4.69,4.62,363028,188965095.0,1.5,-0.64,-0.03,0.11
1496,2021-03-02,4.66,4.57,4.67,4.54,425917,219860268.0,2.8,-1.51,-0.07,0.13
1497,2021-03-03,4.55,4.68,4.68,4.55,443998,230806543.0,2.84,2.41,0.11,0.13
1498,2021-03-04,4.66,4.66,4.71,4.64,454137,237896225.0,1.5,-0.43,-0.02,0.13
1499,2021-03-05,4.65,4.69,4.71,4.6,387903,202167132.0,2.36,0.64,0.03,0.11
1500,2021-03-08,4.69,4.66,4.75,4.66,353170,185818754.0,1.92,-0.64,-0.03,0.1
1501,2021-03-09,4.68,4.69,4.73,4.62,427596,224102610.0,2.36,0.64,0.03,0.13
1502,2021-03-10,4.67,4.67,4.71,4.64,248930,130504607.0,1.49,-0.43,-0.02,0.07
1503,2021-03-11,4.69,4.73,4.76,4.68,428467,226514269.0,1.71,1.28,0.06,0.13
1504,2021-03-12,4.71,4.77,4.79,4.7,432310,229948741.0,1.9,0.85,0.04,0.13
1505,2021-03-15,4.76,4.81,4.85,4.76,464034,249460882.0,1.89,0.84,0.04,0.14
1506,2021-03-16,4.82,4.9,4.99,4.81,608631,332943664.0,3.74,1.87,0.09,0.18
1507,2021-03-17,4.9,4.85,4.91,4.81,283231,153280613.0,2.04,-1.02,-0.05,0.08
1508,2021-03-18,4.83,4.84,4.87,4.78,339520,182748608.0,1.86,-0.21,-0.01,0.1
1509,2021-03-19,4.83,4.73,4.84,4.73,298999,159358968.0,2.27,-2.27,-0.11,0.09
1510,2021-03-22,4.75,4.78,4.8,4.73,240809,128358967.0,1.48,1.06,0.05,0.07
1511,2021-03-23,4.8,4.77,4.83,4.74,198557,105938901.0,1.88,-0.21,-0.01,0.06
1512,2021-03-24,4.78,4.74,4.78,4.71,191348,101438765.0,1.47,-0.63,-0.03,0.06
1513,2021-03-25,4.75,4.73,4.78,4.71,216735,115034251.0,1.48,-0.21,-0.01,0.06
1514,2021-03-26,4.75,4.83,4.85,4.75,466470,250685279.0,2.11,2.11,0.1,0.14
1515,2021-03-29,4.83,4.92,4.93,4.79,617513,336553248.0,2.9,1.86,0.09,0.18
1516,2021-03-30,4.91,4.91,4.91,4.82,278876,151509333.0,1.83,-0.2,-0.01,0.08
1517,2021-03-31,4.91,4.89,4.93,4.85,264419,144147930.0,1.63,-0.41,-0.02,0.08
1518,2021-04-01,4.91,4.86,4.92,4.83,203437,110360417.0,1.84,-0.61,-0.03,0.06
1519,2021-04-02,4.87,4.78,4.87,4.77,286065,153406498.0,2.06,-1.65,-0.08,0.08
1520,2021-04-06,4.78,4.8,4.82,4.77,169833,90921593.0,1.05,0.42,0.02,0.05
1521,2021-04-07,4.79,4.82,4.84,4.75,277105,148243810.0,1.88,0.42,0.02,0.08
1522,2021-04-08,4.81,4.78,4.83,4.77,192571,103045777.0,1.24,-0.83,-0.04,0.06
1523,2021-04-09,4.78,4.82,4.82,4.76,203176,108681539.0,1.26,0.84,0.04,0.06
1524,2021-04-12,4.81,4.82,4.84,4.77,276474,148576122.0,1.45,0.0,0.0,0.08
1525,2021-04-13,4.83,4.81,4.86,4.77,278083,149383247.0,1.87,-0.21,-0.01,0.08
1526,2021-04-14,4.81,4.77,4.81,4.74,234126,124840597.0,1.46,-0.83,-0.04,0.07
1527,2021-04-15,4.77,4.78,4.79,4.69,282535,149572235.0,2.1,0.21,0.01,0.08
1528,2021-04-16,4.77,4.84,4.84,4.74,313910,168373927.0,2.09,1.26,0.06,0.09
1529,2021-04-19,4.84,4.82,4.85,4.8,248702,133926467.0,1.03,-0.41,-0.02,0.07
1530,2021-04-20,4.82,4.82,4.86,4.81,250670,135161738.0,1.04,0.0,0.0,0.07
1531,2021-04-21,4.81,4.83,4.88,4.8,309757,167401349.0,1.66,0.21,0.01,0.09
1532,2021-04-22,4.84,4.77,4.84,4.76,253066,135434872.0,1.66,-1.24,-0.06,0.07
1533,2021-04-23,4.78,4.75,4.78,4.71,388647,205964129.0,1.47,-0.42,-0.02,0.11
1534,2021-04-26,4.77,4.68,4.77,4.68,220503,116539893.0,1.89,-1.47,-0.07,0.06
1535,2021-04-27,4.69,4.7,4.71,4.66,192863,101216006.0,1.07,0.43,0.02,0.06
1536,2021-04-28,4.71,4.66,4.71,4.62,247414,128900409.0,1.91,-0.85,-0.04,0.07
1537,2021-04-29,4.65,4.72,4.73,4.64,204534,107565194.0,1.93,1.29,0.06,0.06
1538,2021-04-30,4.74,4.62,4.74,4.59,346331,179869065.0,3.18,-2.12,-0.1,0.1
1539,2021-05-06,4.62,4.64,4.7,4.62,285849,149297161.0,1.73,0.43,0.02,0.08
1540,2021-05-07,4.64,4.75,4.79,4.64,386737,205002212.0,3.23,2.37,0.11,0.11
1541,2021-05-10,4.76,4.73,4.77,4.67,224481,118333291.0,2.11,-0.42,-0.02,0.07
1542,2021-05-11,4.71,4.76,4.77,4.7,243557,129206635.0,1.48,0.63,0.03,0.07
1543,2021-05-12,4.75,4.78,4.79,4.72,299791,159550892.0,1.47,0.42,0.02,0.09
1544,2021-05-13,4.75,4.73,4.77,4.69,262528,138606545.0,1.67,-1.05,-0.05,0.08
1545,2021-05-14,4.73,4.76,4.76,4.7,208292,110364906.0,1.27,0.63,0.03,0.06
1546,2021-05-17,4.76,4.76,4.81,4.73,255213,136130571.0,1.68,0.0,0.0,0.07
1547,2021-05-18,4.76,4.75,4.78,4.74,132775,70570217.0,0.84,-0.21,-0.01,0.04
1548,2021-05-19,4.74,4.7,4.75,4.69,154891,81663848.0,1.26,-1.05,-0.05,0.05
1549,2021-05-20,4.7,4.7,4.72,4.64,321334,168390637.0,1.7,0.0,0.0,0.09
1550,2021-05-21,4.69,4.7,4.71,4.66,145293,76203551.0,1.06,0.0,0.0,0.04
1551,2021-05-24,4.69,4.66,4.7,4.65,196665,102775115.0,1.06,-0.85,-0.04,0.06
1552,2021-05-25,4.67,4.72,4.74,4.65,293449,154496212.0,1.93,1.29,0.06,0.09
1553,2021-05-26,4.72,4.74,4.79,4.71,284939,151189687.0,1.69,0.42,0.02,0.08
1554,2021-05-27,4.73,4.73,4.74,4.7,206557,109013184.0,0.84,-0.21,-0.01,0.06
1555,2021-05-28,4.72,4.72,4.74,4.69,152659,80508160.0,1.06,-0.21,-0.01,0.04
1556,2021-05-31,4.72,4.7,4.73,4.67,128985,67743912.0,1.27,-0.42,-0.02,0.04
1557,2021-06-01,4.69,4.68,4.7,4.66,212599,111254791.0,0.85,-0.43,-0.02,0.06
1558,2021-06-02,4.67,4.67,4.68,4.64,189637,98934794.0,0.85,-0.21,-0.01,0.06
1559,2021-06-03,4.67,4.66,4.7,4.66,182194,95355004.0,0.86,-0.21,-0.01,0.05
1560,2021-06-04,4.65,4.68,4.71,4.64,263159,137779071.0,1.5,0.43,0.02,0.08
1561,2021-06-07,4.73,4.72,4.75,4.7,270711,142905816.0,1.07,0.85,0.04,0.08
1562,2021-06-08,4.71,4.74,4.76,4.69,287212,151956855.0,1.48,0.42,0.02,0.08
1563,2021-06-09,4.73,4.7,4.76,4.69,201669,106434701.0,1.48,-0.84,-0.04,0.06
1564,2021-06-10,4.69,4.7,4.73,4.68,210137,110731105.0,1.06,0.0,0.0,0.06
1565,2021-06-11,4.69,4.68,4.71,4.67,209265,109793503.0,0.85,-0.43,-0.02,0.06
1566,2021-06-15,4.67,4.63,4.7,4.63,248596,129555841.0,1.5,-1.07,-0.05,0.07
1567,2021-06-16,4.62,4.63,4.65,4.62,216432,112362403.0,0.65,0.0,0.0,0.06
1568,2021-06-17,4.63,4.6,4.64,4.6,188829,97674449.0,0.86,-0.65,-0.03,0.06
1569,2021-06-18,4.61,4.57,4.61,4.56,207953,106890129.0,1.09,-0.65,-0.03,0.06
1570,2021-06-21,4.57,4.55,4.58,4.54,170137,86994015.0,0.88,-0.44,-0.02,0.05
1571,2021-06-22,4.55,4.56,4.58,4.54,181526,92920667.0,0.88,0.22,0.01,0.05
1572,2021-06-23,4.56,4.55,4.57,4.54,166122,84909395.0,0.66,-0.22,-0.01,0.05
1573,2021-06-24,4.55,4.56,4.58,4.54,192630,98594500.0,0.88,0.22,0.01,0.06
1574,2021-06-25,4.56,4.59,4.61,4.55,251191,129177904.0,1.32,0.66,0.03,0.07
1575,2021-06-28,4.6,4.56,4.6,4.55,164576,84376034.0,1.09,-0.65,-0.03,0.05
1576,2021-06-29,4.55,4.52,4.57,4.52,207297,105750949.0,1.1,-0.88,-0.04,0.06
1577,2021-06-30,4.53,4.54,4.55,4.52,125270,63855737.0,0.66,0.44,0.02,0.04
1578,2021-07-01,4.54,4.59,4.59,4.54,199536,102195510.0,1.1,1.1,0.05,0.06
1579,2021-07-02,4.56,4.53,4.57,4.52,198641,101360596.0,1.09,-1.31,-0.06,0.06
1580,2021-07-05,4.54,4.54,4.56,4.5,173592,88350938.0,1.32,0.22,0.01,0.05
1581,2021-07-06,4.53,4.57,4.57,4.52,143383,73297447.0,1.1,0.66,0.03,0.04
1582,2021-07-07,4.56,4.54,4.58,4.54,119942,61335701.0,0.88,-0.66,-0.03,0.04
1583,2021-07-08,4.56,4.52,4.57,4.51,149931,76295970.0,1.32,-0.44,-0.02,0.04
1584,2021-07-09,4.51,4.49,4.54,4.49,187355,94905813.0,1.11,-0.66,-0.03,0.06
1585,2021-07-12,4.51,4.48,4.53,4.47,225703,114106070.0,1.34,-0.22,-0.01,0.07
1586,2021-07-13,4.49,4.5,4.52,4.47,142772,72296028.0,1.12,0.45,0.02,0.04
1587,2021-07-14,4.51,4.46,4.51,4.45,181760,91420270.0,1.33,-0.89,-0.04,0.05
1588,2021-07-15,4.46,4.49,4.5,4.45,144921,73083677.0,1.12,0.67,0.03,0.04
1589,2021-07-16,4.49,4.47,4.49,4.46,146047,73508157.0,0.67,-0.45,-0.02,0.04
1590,2021-07-19,4.46,4.47,4.48,4.44,144001,72270842.0,0.89,0.0,0.0,0.04
1591,2021-07-20,4.46,4.47,4.48,4.44,90264,45276315.0,0.89,0.0,0.0,0.03
1592,2021-07-21,4.47,4.47,4.48,4.45,111365,55954019.0,0.67,0.0,0.0,0.03
1593,2021-07-22,4.48,4.5,4.52,4.46,166074,84093882.0,1.34,0.67,0.03,0.05
1594,2021-07-23,4.5,4.49,4.51,4.46,155154,78317563.0,1.11,-0.22,-0.01,0.05
1595,2021-07-26,4.49,4.46,4.5,4.44,186261,93466854.0,1.34,-0.67,-0.03,0.05
1596,2021-07-27,4.45,4.38,4.47,4.38,234899,117206482.0,2.02,-1.79,-0.08,0.07
1597,2021-07-28,4.38,4.4,4.43,4.37,226141,112178442.0,1.37,0.46,0.02,0.07
1598,2021-07-29,4.41,4.29,4.41,4.23,294187,135962956.0,4.09,-2.5,-0.11,0.09
1599,2021-07-30,4.28,4.24,4.29,4.22,162558,73928090.0,1.63,-1.17,-0.05,0.05
1600,2021-08-02,4.24,4.28,4.31,4.19,192059,87386391.0,2.83,0.94,0.04,0.06
1601,2021-08-03,4.29,4.26,4.29,4.24,133788,60937205.0,1.17,-0.47,-0.02,0.04
1602,2021-08-04,4.26,4.22,4.26,4.22,122872,55641761.0,0.94,-0.94,-0.04,0.04
1603,2021-08-05,4.22,4.23,4.24,4.2,107699,48715924.0,0.95,0.24,0.01,0.03
1604,2021-08-06,4.22,4.2,4.23,4.19,142766,64242866.0,0.95,-0.71,-0.03,0.04
1605,2021-08-09,4.2,4.32,4.33,4.19,296493,135702084.0,3.33,2.86,0.12,0.09
1606,2021-08-10,4.3,4.32,4.33,4.27,146064,67139926.0,1.39,0.0,0.0,0.04
1607,2021-08-11,4.31,4.35,4.37,4.31,208707,96798402.0,1.39,0.69,0.03,0.06
1608,2021-08-12,4.35,4.32,4.36,4.31,98781,45689046.0,1.15,-0.69,-0.03,0.03
1609,2021-08-13,4.32,4.29,4.32,4.29,88052,40498316.0,0.69,-0.69,-0.03,0.03
1610,2021-08-16,4.31,4.35,4.35,4.29,151057,69927278.0,1.4,1.4,0.06,0.04
1611,2021-08-17,4.33,4.31,4.38,4.3,161410,75011789.0,1.84,-0.92,-0.04,0.05
1612,2021-08-18,4.32,4.39,4.41,4.3,267582,125017867.0,2.55,1.86,0.08,0.08
1613,2021-08-19,4.37,4.32,4.39,4.31,156598,72652183.0,1.82,-1.59,-0.07,0.05
1614,2021-08-20,4.33,4.31,4.35,4.29,145409,67020828.0,1.39,-0.23,-0.01,0.04
1615,2021-08-23,4.31,4.29,4.34,4.28,148543,68336919.0,1.39,-0.46,-0.02,0.04
1616,2021-08-24,4.3,4.29,4.32,4.27,251041,115480027.0,1.17,0.0,0.0,0.07
1617,2021-08-25,4.31,4.29,4.34,4.28,234305,107729879.0,1.4,0.0,0.0,0.07
1618,2021-08-26,4.31,4.26,4.31,4.25,232134,106093067.0,1.4,-0.7,-0.03,0.07
1619,2021-08-27,4.27,4.28,4.3,4.25,153567,70358255.0,1.17,0.47,0.02,0.05
1620,2021-08-30,4.28,4.25,4.29,4.23,213786,97407792.0,1.4,-0.7,-0.03,0.06
1621,2021-08-31,4.25,4.29,4.3,4.24,198602,90755349.0,1.41,0.94,0.04,0.06
1622,2021-09-01,4.28,4.39,4.41,4.27,482255,224728775.0,3.26,2.33,0.1,0.14
1623,2021-09-02,4.37,4.38,4.41,4.35,313010,146228615.0,1.37,-0.23,-0.01,0.09
1624,2021-09-03,4.38,4.41,4.46,4.35,357810,168498329.0,2.51,0.68,0.03,0.11
1625,2021-09-06,4.4,4.41,4.46,4.4,244186,115301636.0,1.36,0.0,0.0,0.07
1626,2021-09-07,4.42,4.44,4.45,4.38,426184,201189965.0,1.59,0.68,0.03,0.13
1627,2021-09-08,4.43,4.46,4.48,4.41,403847,191773451.0,1.58,0.45,0.02,0.12
1628,2021-09-09,4.45,4.46,4.47,4.42,241046,114619214.0,1.12,0.0,0.0,0.07
1629,2021-09-10,4.44,4.49,4.54,4.44,384818,184730992.0,2.24,0.67,0.03,0.11
1630,2021-09-13,4.49,4.54,4.56,4.47,317495,153037049.0,2.0,1.11,0.05,0.09
1631,2021-09-14,4.54,4.42,4.55,4.41,350158,166789157.0,3.08,-2.64,-0.12,0.1
1632,2021-09-15,4.4,4.38,4.43,4.36,246594,115755603.0,1.58,-0.9,-0.04,0.07
1633,2021-09-16,4.39,4.38,4.42,4.38,375748,176279532.0,0.91,0.0,0.0,0.11
1634,2021-09-17,4.39,4.34,4.41,4.33,191872,89380525.0,1.83,-0.91,-0.04,0.06
1635,2021-09-22,4.22,4.26,4.27,4.21,313496,142281582.0,1.38,-1.84,-0.08,0.09
1636,2021-09-23,4.27,4.26,4.31,4.25,282298,129138454.0,1.41,0.0,0.0,0.08
1637,2021-09-24,4.27,4.25,4.28,4.24,198184,90247113.0,0.94,-0.23,-0.01,0.06
1638,2021-09-27,4.24,4.22,4.25,4.21,173078,78381322.0,0.94,-0.71,-0.03,0.05
1639,2021-09-28,4.23,4.26,4.28,4.22,186538,85041779.0,1.42,0.95,0.04,0.05
1640,2021-09-29,4.24,4.26,4.29,4.23,170427,77706883.0,1.41,0.0,0.0,0.05
1641,2021-09-30,4.26,4.26,4.27,4.24,138230,62977871.0,0.7,0.0,0.0,0.04
1642,2021-10-08,4.27,4.3,4.31,4.27,165125,75805103.0,0.94,0.94,0.04,0.05
1643,2021-10-11,4.32,4.35,4.37,4.31,226697,105373617.0,1.4,1.16,0.05,0.07
1644,2021-10-12,4.34,4.31,4.35,4.29,224896,103922923.0,1.38,-0.92,-0.04,0.07
1645,2021-10-13,4.32,4.32,4.34,4.28,124982,57618991.0,1.39,0.23,0.01,0.04
1646,2021-10-14,4.33,4.29,4.33,4.29,90359,41591887.0,0.93,-0.69,-0.03,0.03
1647,2021-10-15,4.29,4.29,4.31,4.28,162969,74945352.0,0.7,0.0,0.0,0.05
1648,2021-10-18,4.3,4.3,4.32,4.27,162691,74808932.0,1.17,0.23,0.01,0.05
1649,2021-10-19,4.3,4.31,4.34,4.29,128093,59130188.0,1.16,0.23,0.01,0.04
1650,2021-10-20,4.32,4.31,4.34,4.3,108278,49939129.0,0.93,0.0,0.0,0.03
1651,2021-10-21,4.32,4.35,4.35,4.3,185536,85895431.0,1.16,0.93,0.04,0.05
1652,2021-10-22,4.35,4.34,4.37,4.32,141376,65533948.0,1.15,-0.23,-0.01,0.04
1653,2021-10-25,4.34,4.32,4.34,4.28,147076,67757808.0,1.38,-0.46,-0.02,0.04
1654,2021-10-26,4.32,4.31,4.35,4.31,128851,59617821.0,0.93,-0.23,-0.01,0.04
1655,2021-10-27,4.3,4.31,4.34,4.29,169806,78330962.0,1.16,0.0,0.0,0.05
1656,2021-10-28,4.3,4.27,4.32,4.26,118478,54342481.0,1.39,-0.93,-0.04,0.03
1657,2021-10-29,4.27,4.24,4.3,4.22,212985,97233528.0,1.87,-0.7,-0.03,0.06
1658,2021-11-01,4.24,4.26,4.29,4.22,275436,125517728.0,1.65,0.47,0.02,0.08
1659,2021-11-02,4.26,4.2,4.27,4.19,290961,131532950.0,1.88,-1.41,-0.06,0.09
1660,2021-11-03,4.2,4.2,4.22,4.19,107787,48573985.0,0.71,0.0,0.0,0.03
1661,2021-11-04,4.2,4.2,4.22,4.19,96124,43331528.0,0.71,0.0,0.0,0.03
1662,2021-11-05,4.2,4.2,4.21,4.19,123126,55412800.0,0.48,0.0,0.0,0.04
1663,2021-11-08,4.2,4.2,4.22,4.18,132591,59671676.0,0.95,0.0,0.0,0.04
1664,2021-11-09,4.21,4.21,4.22,4.19,101498,45712761.0,0.71,0.24,0.01,0.03
1665,2021-11-10,4.21,4.2,4.21,4.17,162439,72851144.0,0.95,-0.24,-0.01,0.05
1666,2021-11-11,4.19,4.23,4.25,4.18,165350,74778369.0,1.67,0.71,0.03,0.05
1667,2021-11-12,4.23,4.21,4.24,4.2,119677,54016203.0,0.95,-0.47,-0.02,0.04
1668,2021-11-15,4.21,4.23,4.23,4.2,114154,51585824.0,0.71,0.48,0.02,0.03
1669,2021-11-16,4.23,4.22,4.24,4.21,108565,49151910.0,0.71,-0.24,-0.01,0.03
1670,2021-11-17,4.22,4.21,4.23,4.2,105847,47786953.0,0.71,-0.24,-0.01,0.03
1671,2021-11-18,4.21,4.2,4.22,4.2,81794,36845374.0,0.48,-0.24,-0.01,0.02
1672,2021-11-19,4.2,4.22,4.22,4.18,210761,94892164.0,0.95,0.48,0.02,0.06
1673,2021-11-22,4.21,4.19,4.21,4.19,207373,93296828.0,0.47,-0.71,-0.03,0.06
1674,2021-11-23,4.2,4.21,4.21,4.19,126068,56781730.0,0.48,0.48,0.02,0.04
1675,2021-11-24,4.21,4.2,4.21,4.19,144018,64822545.0,0.48,-0.24,-0.01,0.04
1676,2021-11-25,4.2,4.21,4.21,4.19,121262,54606508.0,0.48,0.24,0.01,0.04
1677,2021-11-26,4.2,4.2,4.21,4.19,157740,71050055.0,0.48,-0.24,-0.01,0.05
1678,2021-11-29,4.19,4.24,4.24,4.19,260292,117699066.0,1.19,0.95,0.04,0.08
1679,2021-11-30,4.23,4.2,4.26,4.2,145644,65843128.0,1.42,-0.94,-0.04,0.04
1680,2021-12-01,4.2,4.23,4.23,4.2,141553,63948828.0,0.71,0.71,0.03,0.04
1681,2021-12-02,4.23,4.23,4.25,4.21,157465,71333882.0,0.95,0.0,0.0,0.05
1682,2021-12-03,4.23,4.24,4.24,4.21,149419,67610253.0,0.71,0.24,0.01,0.04
1683,2021-12-06,4.24,4.23,4.27,4.23,201548,91676461.0,0.94,-0.24,-0.01,0.06
1684,2021-12-07,4.26,4.25,4.27,4.23,233387,106267365.0,0.95,0.47,0.02,0.07
1685,2021-12-08,4.26,4.26,4.27,4.24,243760,111032378.0,0.71,0.24,0.01,0.07
1686,2021-12-09,4.26,4.28,4.31,4.24,290418,132981297.0,1.64,0.47,0.02,0.09
1687,2021-12-10,4.27,4.26,4.31,4.26,418780,192117403.0,1.17,-0.47,-0.02,0.12
1688,2021-12-13,4.28,4.24,4.3,4.24,281812,128841165.0,1.41,-0.47,-0.02,0.08
1689,2021-12-14,4.24,4.22,4.25,4.21,188457,85233206.0,0.94,-0.47,-0.02,0.06
1690,2021-12-15,4.22,4.22,4.23,4.21,106110,47938449.0,0.47,0.0,0.0,0.03
1691,2021-12-16,4.22,4.23,4.24,4.21,111111,50275058.0,0.71,0.24,0.01,0.03
1692,2021-12-17,4.23,4.23,4.25,4.21,195196,88383083.0,0.95,0.0,0.0,0.06
1693,2021-12-20,4.22,4.22,4.24,4.21,133013,60178843.0,0.71,-0.24,-0.01,0.04
1694,2021-12-21,4.22,4.28,4.29,4.21,203809,92850989.0,1.9,1.42,0.06,0.06
1695,2021-12-22,4.28,4.25,4.28,4.25,106744,48663934.0,0.7,-0.7,-0.03,0.03
1696,2021-12-23,4.25,4.32,4.34,4.25,381025,175433896.0,2.12,1.65,0.07,0.11
1697,2021-12-24,4.32,4.31,4.33,4.3,118346,54590292.0,0.69,-0.23,-0.01,0.03
1698,2021-12-27,4.32,4.29,4.33,4.28,100633,46354697.0,1.16,-0.46,-0.02,0.03
1699,2021-12-28,4.29,4.32,4.32,4.27,145618,66852465.0,1.17,0.7,0.03,0.04
1700,2021-12-29,4.32,4.33,4.34,4.3,126101,58245508.0,0.93,0.23,0.01,0.04
1701,2021-12-30,4.32,4.31,4.34,4.3,160683,74190967.0,0.92,-0.46,-0.02,0.05
1702,2021-12-31,4.31,4.32,4.33,4.3,121148,55868035.0,0.7,0.23,0.01,0.04
1703,2022-01-04,4.32,4.33,4.33,4.28,246228,113382655.0,1.16,0.23,0.01,0.07
1704,2022-01-05,4.33,4.36,4.38,4.31,254835,118561172.0,1.62,0.69,0.03,0.07
1705,2022-01-06,4.36,4.33,4.37,4.31,173422,80317559.0,1.38,-0.69,-0.03,0.05
1706,2022-01-07,4.33,4.4,4.4,4.32,381488,178152127.0,1.85,1.62,0.07,0.11
1707,2022-01-10,4.41,4.39,4.43,4.36,262429,123137695.0,1.59,-0.23,-0.01,0.08
1708,2022-01-11,4.4,4.43,4.45,4.38,256230,121101790.0,1.59,0.91,0.04,0.08
1709,2022-01-12,4.45,4.43,4.45,4.4,238550,112697421.0,1.13,0.0,0.0,0.07
1710,2022-01-13,4.43,4.44,4.48,4.4,244670,116416293.0,1.81,0.23,0.01,0.07
1711,2022-01-14,4.43,4.35,4.43,4.34,272291,127393362.0,2.03,-2.03,-0.09,0.08
1712,2022-01-17,4.36,4.36,4.4,4.35,172050,80364584.0,1.15,0.23,0.01,0.05
1713,2022-01-18,4.37,4.45,4.47,4.36,251563,118599668.0,2.52,2.06,0.09,0.07
1714,2022-01-19,4.45,4.46,4.48,4.42,237169,112794126.0,1.35,0.22,0.01,0.07
1715,2022-01-20,4.47,4.5,4.51,4.46,251761,120686976.0,1.12,0.9,0.04,0.07
1716,2022-01-21,4.5,4.46,4.5,4.44,186607,88793201.0,1.33,-0.89,-0.04,0.05
1717,2022-01-24,4.45,4.43,4.46,4.41,184144,87149841.0,1.12,-0.67,-0.03,0.05
1718,2022-01-25,4.42,4.36,4.45,4.36,200348,94153816.0,2.03,-1.58,-0.07,0.06
1719,2022-01-26,4.38,4.38,4.4,4.35,159436,74568866.0,1.15,0.46,0.02,0.05
1720,2022-01-27,4.38,4.39,4.43,4.36,182040,85553987.0,1.6,0.23,0.01,0.05
1721,2022-01-28,4.38,4.35,4.43,4.35,222425,104246832.0,1.82,-0.91,-0.04,0.07
1722,2022-02-07,4.39,4.47,4.48,4.38,232321,110047066.0,2.3,2.76,0.12,0.07
1723,2022-02-08,4.47,4.53,4.54,4.45,295461,141849492.0,2.01,1.34,0.06,0.09
1724,2022-02-09,4.52,4.52,4.56,4.51,238273,115084284.0,1.1,-0.22,-0.01,0.07
1725,2022-02-10,4.52,4.54,4.56,4.48,208459,100604219.0,1.77,0.44,0.02,0.06
1726,2022-02-11,4.53,4.56,4.59,4.53,259249,126186263.0,1.32,0.44,0.02,0.08
1727,2022-02-14,4.54,4.49,4.55,4.47,320204,153709175.0,1.75,-1.54,-0.07,0.09
1728,2022-02-15,4.5,4.45,4.51,4.42,223197,106294789.0,2.0,-0.89,-0.04,0.07
1729,2022-02-16,4.47,4.45,4.5,4.45,157749,75182270.0,1.12,0.0,0.0,0.05
1730,2022-02-17,4.47,4.44,4.5,4.43,190668,90815131.0,1.57,-0.22,-0.01,0.06
1731,2022-02-18,4.44,4.49,4.49,4.39,334037,158336213.0,2.25,1.13,0.05,0.1
1732,2022-02-21,4.47,4.48,4.49,4.44,189825,90363824.0,1.11,-0.22,-0.01,0.06
1733,2022-02-22,4.45,4.43,4.47,4.41,181956,86191588.0,1.34,-1.12,-0.05,0.05
1734,2022-02-23,4.43,4.39,4.45,4.39,209398,98471916.0,1.35,-0.9,-0.04,0.06
1735,2022-02-24,4.39,4.32,4.4,4.31,266453,123870467.0,2.05,-1.59,-0.07,0.08
1736,2022-02-25,4.32,4.31,4.35,4.3,208697,96442145.0,1.16,-0.23,-0.01,0.06
1737,2022-02-28,4.31,4.3,4.32,4.25,194631,89196859.0,1.62,-0.23,-0.01,0.06
1738,2022-03-01,4.3,4.33,4.34,4.29,218104,100690604.0,1.16,0.7,0.03,0.06
1739,2022-03-02,4.31,4.33,4.35,4.31,166662,77103455.0,0.92,0.0,0.0,0.05
1740,2022-03-03,4.33,4.36,4.37,4.33,195607,91107104.0,0.92,0.69,0.03,0.06
1741,2022-03-04,4.35,4.36,4.39,4.31,217762,101260817.0,1.83,0.0,0.0,0.06
1742,2022-03-07,4.35,4.3,4.36,4.29,240521,111076560.0,1.61,-1.38,-0.06,0.07
1743,2022-03-08,4.29,4.23,4.31,4.23,235948,107765185.0,1.86,-1.63,-0.07,0.07
1744,2022-03-09,4.24,4.19,4.26,4.11,297208,133487363.0,3.55,-0.95,-0.04,0.09
1745,2022-03-10,4.23,4.18,4.24,4.18,223560,100784871.0,1.43,-0.24,-0.01,0.07
1746,2022-03-11,4.18,4.26,4.27,4.12,327410,146870463.0,3.59,1.91,0.08,0.1
1747,2022-03-14,4.22,4.22,4.29,4.2,249498,113554402.0,2.11,-0.94,-0.04,0.07
1748,2022-03-15,4.21,4.06,4.22,4.02,362658,160586985.0,4.74,-3.79,-0.16,0.11
1749,2022-03-16,4.09,4.11,4.14,4.01,304472,133285561.0,3.2,1.23,0.05,0.09
1750,2022-03-17,4.15,4.11,4.16,4.1,248988,110136229.0,1.46,0.0,0.0,0.07
1751,2022-03-18,4.11,4.18,4.21,4.1,284238,126724888.0,2.68,1.7,0.07,0.08
1752,2022-03-21,4.18,4.15,4.19,4.14,184913,82413338.0,1.2,-0.72,-0.03,0.05
1753,2022-03-22,4.15,4.22,4.24,4.14,238327,107242033.0,2.41,1.69,0.07,0.07
1754,2022-03-23,4.22,4.19,4.22,4.15,320846,143736951.0,1.66,-0.71,-0.03,0.09
1755,2022-03-24,4.18,4.17,4.2,4.15,204570,91559198.0,1.19,-0.48,-0.02,0.06
1756,2022-03-25,4.2,4.26,4.33,4.18,575486,262740832.0,3.6,2.16,0.09,0.17
1757,2022-03-28,4.26,4.55,4.59,4.23,1320662,630446768.0,8.45,6.81,0.29,0.39
1758,2022-03-29,4.57,4.57,4.65,4.47,726254,352968384.0,3.96,0.44,0.02,0.21
1759,2022-03-30,4.57,4.81,4.83,4.53,1132873,565818512.0,6.56,5.25,0.24,0.33
1760,2022-03-31,4.78,4.79,4.85,4.72,643975,327515712.0,2.7,-0.42,-0.02,0.19
1761,2022-04-01,4.75,4.94,4.95,4.75,931740,482926448.0,4.18,3.13,0.15,0.27
1762,2022-04-06,4.91,4.88,4.95,4.82,738621,383344784.0,2.63,-1.21,-0.06,0.22
1763,2022-04-07,4.88,4.74,4.91,4.7,1064277,540743728.0,4.3,-2.87,-0.14,0.31
1764,2022-04-08,4.75,4.79,4.8,4.7,698480,353056576.0,2.11,1.05,0.05,0.21
1765,2022-04-11,4.78,4.7,4.79,4.68,467962,235290713.0,2.3,-1.88,-0.09,0.14
1766,2022-04-12,4.72,4.75,4.83,4.65,569730,286766976.0,3.83,1.06,0.05,0.17
1767,2022-04-13,4.72,4.73,4.8,4.72,364284,184285672.0,1.68,-0.42,-0.02,0.11
1768,2022-04-14,4.76,4.8,4.88,4.71,435567,221713374.0,3.59,1.48,0.07,0.13
1769,2022-04-15,4.75,4.86,4.94,4.75,776823,402327136.0,3.96,1.25,0.06,0.23
1770,2022-04-18,4.8,4.79,4.97,4.73,708404,363067072.0,4.94,-1.44,-0.07,0.21
1771,2022-04-19,4.77,4.81,4.83,4.73,329712,167810605.0,2.09,0.42,0.02,0.1
1772,2022-04-20,4.8,4.71,4.81,4.69,291863,146886173.0,2.49,-2.08,-0.1,0.09
1773,2022-04-21,4.69,4.69,4.77,4.66,411320,206659049.0,2.34,-0.42,-0.02,0.12
1774,2022-04-22,4.67,4.79,4.81,4.63,392723,198912411.0,3.84,2.13,0.1,0.12
1775,2022-04-25,4.75,4.6,4.79,4.59,449376,224650000.0,4.18,-3.97,-0.19,0.13
1776,2022-04-26,4.61,4.64,4.72,4.55,468722,231633782.0,3.7,0.87,0.04,0.14
1777,2022-04-27,4.63,4.63,4.7,4.54,487479,240121308.0,3.45,-0.22,-0.01,0.14
1778,2022-04-28,4.6,4.71,4.73,4.59,351026,174883739.0,3.02,1.73,0.08,0.1
1779,2022-04-29,4.71,4.73,4.79,4.58,694699,343610032.0,4.46,0.42,0.02,0.2
1780,2022-05-05,4.5,4.41,4.52,4.38,958227,453115072.0,2.96,-6.77,-0.32,0.28
1781,2022-05-06,4.35,4.34,4.38,4.28,475407,220479463.0,2.27,-1.59,-0.07,0.14
1782,2022-05-09,4.32,4.37,4.41,4.29,300723,140164632.0,2.76,0.69,0.03,0.09
1783,2022-05-10,4.35,4.41,4.42,4.33,297726,139518179.0,2.06,0.92,0.04,0.09
1784,2022-05-11,4.41,4.4,4.43,4.37,245721,115444741.0,1.36,-0.23,-0.01,0.07
1785,2022-05-12,4.38,4.37,4.39,4.34,174902,81619920.0,1.14,-0.68,-0.03,0.05
1786,2022-05-13,4.38,4.39,4.41,4.35,257018,120351066.0,1.37,0.46,0.02,0.08
1787,2022-05-16,4.37,4.38,4.4,4.34,227282,105961660.0,1.37,-0.23,-0.01,0.07
1788,2022-05-17,4.39,4.38,4.39,4.34,202807,94707079.0,1.14,0.0,0.0,0.06
1789,2022-05-18,4.38,4.32,4.39,4.31,232775,107720020.0,1.83,-1.37,-0.06,0.07
1790,2022-05-19,4.28,4.31,4.33,4.26,397908,182209774.0,1.62,-0.23,-0.01,0.12
1791,2022-05-20,4.29,4.34,4.35,4.29,354392,163968940.0,1.39,0.7,0.03,0.1
1792,2022-05-23,4.34,4.33,4.35,4.32,219667,101730733.0,0.69,-0.23,-0.01,0.06
1793,2022-05-24,4.34,4.28,4.34,4.28,235522,108670164.0,1.39,-1.15,-0.05,0.07
1794,2022-05-25,4.28,4.32,4.33,4.27,196843,90631219.0,1.4,0.93,0.04,0.06
1795,2022-05-26,4.32,4.33,4.36,4.31,237215,109991196.0,1.16,0.23,0.01,0.07
1796,2022-05-27,4.34,4.35,4.36,4.32,213066,98912850.0,0.92,0.46,0.02,0.06
1797,2022-05-30,4.36,4.35,4.38,4.34,172303,80291698.0,0.92,0.0,0.0,0.05
1798,2022-05-31,4.36,4.35,4.37,4.33,199330,92688456.0,0.92,0.0,0.0,0.06
1799,2022-06-01,4.35,4.35,4.37,4.34,208636,97048881.0,0.69,0.0,0.0,0.06
1800,2022-06-02,4.37,4.38,4.38,4.35,213477,99607448.0,0.69,0.69,0.03,0.06
1801,2022-06-06,4.36,4.37,4.37,4.32,272627,126748685.0,1.14,-0.23,-0.01,0.08
1802,2022-06-07,4.37,4.4,4.41,4.35,279013,130688098.0,1.37,0.69,0.03,0.08
1803,2022-06-08,4.4,4.41,4.42,4.37,210089,98624788.0,1.14,0.23,0.01,0.06
1804,2022-06-09,4.41,4.44,4.45,4.4,234039,110655366.0,1.13,0.68,0.03,0.07
1805,2022-06-10,4.41,4.46,4.46,4.39,267531,126374479.0,1.58,0.45,0.02,0.08
1806,2022-06-13,4.43,4.38,4.44,4.36,249753,117172425.0,1.79,-1.79,-0.08,0.07
1807,2022-06-14,4.36,4.43,4.44,4.34,213211,99804300.0,2.28,1.14,0.05,0.06
1808,2022-06-15,4.43,4.52,4.59,4.43,484382,233498366.0,3.61,2.03,0.09,0.14
1809,2022-06-16,4.53,4.49,4.54,4.46,275039,131676204.0,1.77,-0.66,-0.03,0.08
1810,2022-06-17,4.48,4.48,4.49,4.44,437948,209058989.0,1.11,-0.22,-0.01,0.13
1811,2022-06-20,4.49,4.46,4.49,4.42,230143,109208206.0,1.56,-0.45,-0.02,0.07
1812,2022-06-21,4.45,4.48,4.5,4.44,193142,92353922.0,1.35,0.45,0.02,0.06
1813,2022-06-22,4.48,4.44,4.49,4.43,175792,83539677.0,1.34,-0.89,-0.04,0.05
1814,2022-06-23,4.45,4.5,4.53,4.44,273456,130891869.0,2.03,1.35,0.06,0.08
1815,2022-06-24,4.5,4.47,4.53,4.45,223485,106657773.0,1.78,-0.67,-0.03,0.07
1816,2022-06-27,4.48,4.45,4.49,4.45,260807,124175232.0,0.89,-0.45,-0.02,0.08
1817,2022-06-28,4.46,4.44,4.46,4.43,269957,128018316.0,0.67,-0.22,-0.01,0.08
1818,2022-06-29,4.44,4.46,4.46,4.43,276982,131614072.0,0.68,0.45,0.02,0.08
1819,2022-06-30,4.45,4.45,4.47,4.44,227215,108039740.0,0.67,-0.22,-0.01,0.07
1820,2022-07-01,4.45,4.44,4.46,4.43,182569,86596882.0,0.67,-0.22,-0.01,0.05
1821,2022-07-04,4.44,4.44,4.45,4.41,237657,112475711.0,0.9,0.0,0.0,0.07
1822,2022-07-05,4.44,4.47,4.47,4.42,269719,128062426.0,1.13,0.68,0.03,0.08
1823,2022-07-06,4.47,4.42,4.47,4.41,180581,85425792.0,1.34,-1.12,-0.05,0.05
1824,2022-07-07,4.42,4.38,4.42,4.38,208519,97987816.0,0.9,-0.9,-0.04,0.06
1825,2022-07-08,4.39,4.4,4.41,4.37,142842,67042048.0,0.91,0.46,0.02,0.04
1826,2022-07-11,4.38,4.44,4.44,4.38,232325,109446727.0,1.36,0.91,0.04,0.07
1827,2022-07-12,4.43,4.45,4.47,4.41,225936,107241883.0,1.35,0.23,0.01,0.07
1828,2022-07-13,4.43,4.37,4.44,4.35,296121,138635747.0,2.02,-1.8,-0.08,0.09
1829,2022-07-14,4.37,4.32,4.37,4.28,250566,115520683.0,2.06,-1.14,-0.05,0.07
1830,2022-07-15,4.31,4.24,4.32,4.22,278612,127751714.0,2.31,-1.85,-0.08,0.08
1831,2022-07-18,4.26,4.29,4.3,4.25,215796,98748779.0,1.18,1.18,0.05,0.06
1832,2022-07-19,4.29,4.33,4.33,4.27,174638,80407166.0,1.4,0.93,0.04,0.05
1833,2022-07-20,4.33,4.4,4.41,4.33,243210,113798800.0,1.85,1.62,0.07,0.07
1834,2022-07-21,4.39,4.36,4.41,4.36,185410,86816067.0,1.14,-0.91,-0.04,0.05
1835,2022-07-22,4.36,4.39,4.41,4.36,171897,80612892.0,1.15,0.69,0.03,0.05
1836,2022-07-25,4.4,4.44,4.45,4.38,224684,106235766.0,1.59,1.14,0.05,0.07
1837,2022-07-26,4.44,4.43,4.45,4.41,220860,104529126.0,0.9,-0.23,-0.01,0.06
1838,2022-07-27,4.44,4.43,4.44,4.4,312012,147298268.0,0.9,0.0,0.0,0.09
1839,2022-07-28,4.42,4.38,4.43,4.37,386092,169369321.0,1.35,-1.13,-0.05,0.11
1840,2022-07-29,4.39,4.36,4.43,4.34,322423,141421352.0,2.05,-0.46,-0.02,0.09
1841,2022-08-01,4.36,4.33,4.37,4.31,218965,94930193.0,1.38,-0.69,-0.03,0.06
1842,2022-08-02,4.32,4.28,4.33,4.26,231464,99111429.0,1.62,-1.15,-0.05,0.07
1843,2022-08-03,4.27,4.25,4.3,4.25,153618,65565021.0,1.17,-0.7,-0.03,0.05
1844,2022-08-04,4.27,4.26,4.28,4.25,136043,57983183.0,0.71,0.24,0.01,0.04
1845,2022-08-05,4.27,4.29,4.31,4.26,135202,57898723.0,1.17,0.7,0.03,0.04
1846,2022-08-08,4.3,4.29,4.34,4.26,183158,78520429.0,1.86,0.0,0.0,0.05
1847,2022-08-09,4.29,4.28,4.3,4.27,103140,44173412.0,0.7,-0.23,-0.01,0.03
1848,2022-08-10,4.28,4.26,4.28,4.26,88568,37760724.0,0.47,-0.47,-0.02,0.03
1849,2022-08-11,4.27,4.31,4.32,4.26,133740,57417063.0,1.41,1.17,0.05,0.04
1850,2022-08-12,4.3,4.31,4.33,4.28,174454,75147450.0,1.16,0.0,0.0,0.05
1851,2022-08-15,4.3,4.3,4.32,4.27,182566,78401668.0,1.16,-0.23,-0.01,0.05
1852,2022-08-16,4.3,4.31,4.32,4.29,150036,64684766.0,0.7,0.23,0.01,0.04
1853,2022-08-17,4.32,4.35,4.35,4.28,198343,85800699.0,1.62,0.93,0.04,0.06
1854,2022-08-18,4.34,4.33,4.35,4.31,122501,53033693.0,0.92,-0.46,-0.02,0.04
1855,2022-08-19,4.34,4.35,4.36,4.33,134530,58502415.0,0.69,0.46,0.02,0.04
1856,2022-08-22,4.33,4.35,4.39,4.33,198405,86548778.0,1.38,0.0,0.0,0.06
1857,2022-08-23,4.36,4.34,4.36,4.31,144011,62340767.0,1.15,-0.23,-0.01,0.04
1858,2022-08-24,4.33,4.32,4.37,4.31,141171,61327247.0,1.38,-0.46,-0.02,0.04
1859,2022-08-25,4.33,4.37,4.38,4.32,172670,75176200.0,1.39,1.16,0.05,0.05
1860,2022-08-26,4.38,4.36,4.39,4.34,119396,52092757.0,1.14,-0.23,-0.01,0.04
1861,2022-08-29,4.34,4.42,4.47,4.34,411804,181193241.0,2.98,1.38,0.06,0.12
1862,2022-08-30,4.43,4.47,4.47,4.42,301323,134057395.0,1.13,1.13,0.05,0.09
1863,2022-08-31,4.46,4.48,4.52,4.46,342837,154001334.0,1.34,0.22,0.01,0.1
1864,2022-09-01,4.47,4.55,4.58,4.45,448708,203659487.0,2.9,1.56,0.07,0.13
1865,2022-09-02,4.55,4.57,4.58,4.52,279346,127211958.0,1.32,0.44,0.02,0.08
1866,2022-09-05,4.55,4.63,4.64,4.53,352344,161749286.0,2.41,1.31,0.06,0.1
1867,2022-09-06,4.64,4.63,4.69,4.59,297007,137785682.0,2.16,0.0,0.0,0.09
1868,2022-09-07,4.64,4.61,4.64,4.55,194011,88963744.0,1.94,-0.43,-0.02,0.06
1869,2022-09-08,4.61,4.62,4.65,4.56,206791,95485031.0,1.95,0.22,0.01,0.06
1870,2022-09-09,4.63,4.63,4.67,4.59,219131,101815189.0,1.73,0.22,0.01,0.06
1871,2022-09-13,4.62,4.62,4.68,4.59,261590,121146941.0,1.94,-0.22,-0.01,0.08
1872,2022-09-14,4.59,4.58,4.61,4.56,193900,88731450.0,1.08,-0.87,-0.04,0.06
1873,2022-09-15,4.58,4.64,4.66,4.57,311612,144430279.0,1.97,1.31,0.06,0.09
1874,2022-09-16,4.63,4.54,4.65,4.54,255419,117070989.0,2.37,-2.16,-0.1,0.08
1875,2022-09-19,4.57,4.58,4.6,4.54,267066,122017521.0,1.32,0.88,0.04,0.08
1876,2022-09-20,4.58,4.55,4.59,4.53,235666,107334419.0,1.31,-0.66,-0.03,0.07
1877,2022-09-21,4.53,4.62,4.64,4.5,229568,105399503.0,3.08,1.54,0.07,0.07
1878,2022-09-22,4.59,4.59,4.62,4.55,147181,67364188.0,1.52,-0.65,-0.03,0.04
1879,2022-09-23,4.59,4.65,4.66,4.59,221191,102635424.0,1.53,1.31,0.06,0.06
1880,2022-09-26,4.67,4.56,4.68,4.55,347016,159109272.0,2.8,-1.94,-0.09,0.1
1881,2022-09-27,4.56,4.59,4.61,4.51,211645,96583138.0,2.19,0.66,0.03,0.06
1882,2022-09-28,4.59,4.61,4.64,4.55,210369,96993742.0,1.96,0.44,0.02,0.06
1883,2022-09-29,4.62,4.53,4.63,4.53,262082,119828886.0,2.17,-1.74,-0.08,0.08
1884,2022-09-30,4.55,4.56,4.6,4.54,167132,76443168.0,1.32,0.66,0.03,0.05
1885,2022-10-10,4.53,4.62,4.69,4.53,341223,158392654.0,3.51,1.32,0.06,0.1
1886,2022-10-11,4.63,4.57,4.65,4.55,194834,89347910.0,2.16,-1.08,-0.05,0.06
1887,2022-10-12,4.58,4.67,4.67,4.56,332847,154312711.0,2.41,2.19,0.1,0.1
1888,2022-10-13,4.67,4.63,4.69,4.61,243825,112981673.0,1.71,-0.86,-0.04,0.07
1889,2022-10-14,4.65,4.68,4.83,4.65,437975,208157716.0,3.89,1.08,0.05,0.13
1890,2022-10-17,4.67,4.66,4.73,4.64,251133,117489259.0,1.92,-0.43,-0.02,0.07
1891,2022-10-18,4.66,4.59,4.68,4.57,247441,114014631.0,2.36,-1.5,-0.07,0.07
1892,2022-10-19,4.57,4.57,4.61,4.56,122224,56084397.0,1.09,-0.44,-0.02,0.04
1893,2022-10-20,4.56,4.56,4.61,4.55,155285,71103771.0,1.31,-0.22,-0.01,0.05
1894,2022-10-21,4.58,4.62,4.65,4.55,273644,125775246.0,2.19,1.32,0.06,0.08
1895,2022-10-24,4.63,4.55,4.64,4.53,264869,120751871.0,2.38,-1.52,-0.07,0.08
1896,2022-10-25,4.55,4.47,4.56,4.46,215421,97198446.0,2.2,-1.76,-0.08,0.06
1897,2022-10-26,4.47,4.42,4.52,4.4,249477,110934723.0,2.68,-1.12,-0.05,0.07
1898,2022-10-27,4.41,4.41,4.45,4.41,202932,89879539.0,0.9,-0.23,-0.01,0.06
1899,2022-10-28,4.4,4.4,4.45,4.36,233167,102811669.0,2.04,-0.23,-0.01,0.07
1900,2022-10-31,4.39,4.33,4.4,4.31,295858,128515556.0,2.05,-1.59,-0.07,0.09
1901,2022-11-01,4.35,4.44,4.45,4.34,304133,133772757.0,2.54,2.54,0.11,0.09
1902,2022-11-02,4.41,4.4,4.44,4.37,166692,73223659.0,1.58,-0.9,-0.04,0.05
1903,2022-11-03,4.41,4.38,4.41,4.34,148966,65011025.0,1.59,-0.45,-0.02,0.04
1904,2022-11-04,4.37,4.42,4.44,4.35,210838,92980346.0,2.05,0.91,0.04,0.06
1905,2022-11-07,4.39,4.45,4.46,4.38,207370,91741322.0,1.81,0.68,0.03,0.06
1906,2022-11-08,4.45,4.46,4.47,4.42,143127,63720974.0,1.12,0.22,0.01,0.04
1907,2022-11-09,4.45,4.44,4.48,4.43,119696,53288988.0,1.12,-0.45,-0.02,0.04
1908,2022-11-10,4.43,4.48,4.48,4.4,150560,67004025.0,1.8,0.9,0.04,0.04
1909,2022-11-11,4.5,4.59,4.6,4.49,316518,143870222.0,2.46,2.46,0.11,0.09
1910,2022-11-14,4.6,4.71,4.77,4.59,649798,306470119.0,3.92,2.61,0.12,0.19
1911,2022-11-15,4.71,4.68,4.75,4.67,290355,136861973.0,1.7,-0.64,-0.03,0.09
1912,2022-11-16,4.68,4.64,4.72,4.63,201301,93970958.0,1.92,-0.85,-0.04,0.06
1913,2022-11-17,4.65,4.61,4.67,4.59,167992,77521047.0,1.72,-0.65,-0.03,0.05
1914,2022-11-18,4.62,4.57,4.63,4.56,177181,81250328.0,1.52,-0.87,-0.04,0.05
1915,2022-11-21,4.55,4.58,4.64,4.53,214256,98219522.0,2.41,0.22,0.01,0.06
1916,2022-11-22,4.57,4.75,4.85,4.57,521344,246991158.0,6.11,3.71,0.17,0.15
1917,2022-11-23,4.78,4.94,5.08,4.77,866613,429607589.0,6.53,4.0,0.19,0.25
1918,2022-11-24,4.97,4.92,5.02,4.9,551587,273133171.0,2.43,-0.4,-0.02,0.16
1919,2022-11-25,4.94,5.05,5.08,4.92,545686,274763837.0,3.25,2.64,0.13,0.16
1920,2022-11-28,4.97,4.86,4.97,4.8,543805,264170306.0,3.37,-3.76,-0.19,0.16
1921,2022-11-29,4.9,5.14,5.15,4.87,978560,494862626.0,5.76,5.76,0.28,0.29
1922,2022-11-30,5.11,5.03,5.11,4.98,501592,252591977.0,2.53,-2.14,-0.11,0.15
1923,2022-12-01,5.08,4.98,5.09,4.95,411839,205678832.0,2.78,-0.99,-0.05,0.12
1924,2022-12-02,4.97,4.92,5.0,4.9,318435,156773648.0,2.01,-1.2,-0.06,0.09
1925,2022-12-05,4.97,5.1,5.16,4.93,662092,335135383.0,4.67,3.66,0.18,0.19
1926,2022-12-06,5.08,5.1,5.13,5.03,336392,170666986.0,1.96,0.0,0.0,0.1
1927,2022-12-07,5.09,5.01,5.11,4.98,454717,228592283.0,2.55,-1.76,-0.09,0.13
1928,2022-12-08,5.03,5.07,5.14,5.02,379015,192976560.0,2.4,1.2,0.06,0.11
1929,2022-12-09,5.06,5.11,5.19,5.02,531148,271677745.0,3.35,0.79,0.04,0.16
1930,2022-12-12,5.09,5.04,5.16,5.02,311305,158400369.0,2.74,-1.37,-0.07,0.09
1931,2022-12-13,5.04,5.09,5.13,5.03,251525,127884808.0,1.98,0.99,0.05,0.07
1932,2022-12-14,5.1,5.11,5.16,5.04,294276,150673742.0,2.36,0.39,0.02,0.09
1933,2022-12-15,5.12,5.03,5.13,5.03,216751,109561279.0,1.96,-1.57,-0.08,0.06
1934,2022-12-16,5.02,5.06,5.1,5.02,186933,94674337.0,1.59,0.6,0.03,0.05
1935,2022-12-19,5.09,4.98,5.1,4.95,238122,119331765.0,2.96,-1.58,-0.08,0.07
1936,2022-12-20,4.95,4.9,5.0,4.82,354272,173408428.0,3.61,-1.61,-0.08,0.1
1937,2022-12-21,4.92,4.93,4.97,4.88,180040,88896796.0,1.84,0.61,0.03,0.05
1938,2022-12-22,4.96,4.93,5.01,4.91,148345,73513210.0,2.03,0.0,0.0,0.04
1939,2022-12-23,4.92,4.88,4.96,4.87,124190,60827869.0,1.83,-1.01,-0.05,0.04
1940,2022-12-26,4.9,4.83,4.91,4.83,189583,92209197.0,1.64,-1.02,-0.05,0.06
1941,2022-12-27,4.89,4.9,4.93,4.86,170231,83528189.0,1.45,1.45,0.07,0.05
1942,2022-12-28,4.91,4.98,5.02,4.87,209361,103967749.0,3.06,1.63,0.08,0.06
1943,2022-12-29,4.95,4.93,4.96,4.84,260632,127533792.0,2.41,-1.0,-0.05,0.08
1944,2022-12-30,4.94,4.98,5.02,4.93,216134,107621813.0,1.83,1.01,0.05,0.06
