,日期,开盘,收盘,最高,最低,成交量,成交额,振幅,涨跌幅,涨跌额,换手率
0,2015-01-05,10.62,10.84,10.88,10.62,15291,59004990.0,2.44,1.88,0.2,2.55
1,2015-01-06,10.75,11.07,11.08,10.73,20977,82125992.0,3.23,2.12,0.23,3.5
2,2015-01-07,11.07,10.92,11.07,10.83,14670,57143621.0,2.17,-1.36,-0.15,2.45
3,2015-01-08,10.86,10.86,10.97,10.85,12691,49444442.0,1.1,-0.55,-0.06,2.12
4,2015-01-09,10.8,10.68,10.88,10.65,15374,59328113.0,2.12,-1.66,-0.18,2.56
5,2015-01-12,10.65,10.34,10.65,10.31,15508,58084172.0,3.18,-3.18,-0.34,2.58
6,2015-01-13,10.36,10.51,10.55,10.32,11355,42631303.0,2.22,1.64,0.17,1.89
7,2015-01-14,10.45,10.3,10.53,10.25,16157,60281222.0,2.66,-2.0,-0.21,2.69
8,2015-01-15,10.33,10.44,10.55,10.33,10948,41137655.0,2.14,1.36,0.14,1.82
9,2015-01-16,10.44,10.6,10.63,10.4,15513,58801515.0,2.2,1.53,0.16,2.59
10,2015-01-19,10.53,10.61,10.91,10.35,28504,109514207.0,5.28,0.09,0.01,4.75
11,2015-01-20,10.77,11.25,11.29,10.67,44711,176216133.0,5.84,6.03,0.64,7.45
12,2015-01-21,11.27,11.22,11.34,11.1,29618,118024021.0,2.13,-0.27,-0.03,4.94
13,2015-01-22,11.24,11.33,11.38,11.14,23723,95151788.0,2.14,0.98,0.11,3.95
14,2015-01-23,11.33,11.09,11.4,11.08,21407,85351750.0,2.82,-2.12,-0.24,3.57
15,2015-01-26,11.08,11.15,11.17,10.98,14263,56369588.0,1.71,0.54,0.06,2.38
16,2015-01-27,11.14,11.04,11.16,10.92,15746,62037874.0,2.15,-0.99,-0.11,2.62
17,2015-01-28,11.06,11.23,11.31,10.98,22831,91293115.0,2.99,1.72,0.19,3.81
18,2015-01-29,11.14,11.11,11.23,11.04,12162,48200367.0,1.69,-1.07,-0.12,2.03
19,2015-01-30,11.14,10.93,11.19,10.92,11758,46241935.0,2.43,-1.62,-0.18,1.96
20,2015-02-02,10.91,10.79,10.91,10.76,8435,32645166.0,1.37,-1.28,-0.14,1.41
21,2015-02-03,10.81,11.07,11.11,10.81,13225,51895594.0,2.78,2.59,0.28,2.2
22,2015-02-04,11.09,10.99,11.2,10.98,11484,45393147.0,1.99,-0.72,-0.08,1.91
23,2015-02-05,11.08,10.84,11.14,10.83,10336,40569561.0,2.82,-1.36,-0.15,1.72
24,2015-02-06,10.84,10.48,10.84,10.44,14368,54614105.0,3.69,-3.32,-0.36,2.39
25,2015-02-09,10.49,10.42,10.49,10.36,7816,29290704.0,1.24,-0.57,-0.06,1.3
26,2015-02-10,10.42,10.38,10.47,10.27,9862,36806965.0,1.92,-0.38,-0.04,1.64
27,2015-02-11,10.38,10.45,10.57,10.38,8618,32405485.0,1.83,0.67,0.07,1.44
28,2015-02-12,10.5,10.59,10.62,10.49,8903,33754616.0,1.24,1.34,0.14,1.48
29,2015-02-13,10.71,10.73,10.85,10.66,12320,47526370.0,1.79,1.32,0.14,2.05
30,2015-02-16,10.74,10.92,10.93,10.74,11132,43254238.0,1.77,1.77,0.19,1.86
31,2015-02-17,10.96,10.88,10.99,10.85,10040,39090719.0,1.28,-0.37,-0.04,1.67
32,2015-02-25,10.88,10.7,10.95,10.69,8595,33292436.0,2.39,-1.65,-0.18,1.43
33,2015-02-26,10.7,10.91,10.92,10.7,8035,31070445.0,2.06,1.96,0.21,1.34
34,2015-02-27,10.94,11.02,11.05,10.87,14535,57040313.0,1.65,1.01,0.11,2.42
35,2015-03-02,11.05,11.15,11.17,10.99,16543,65340226.0,1.63,1.18,0.13,2.76
36,2015-03-03,11.08,10.95,11.08,10.94,21371,83753015.0,1.26,-1.79,-0.2,3.56
37,2015-03-04,10.91,11.07,11.08,10.89,15340,60262348.0,1.74,1.1,0.12,2.56
38,2015-03-05,11.14,11.55,11.56,11.05,50597,203607254.0,4.61,4.34,0.48,8.43
39,2015-03-06,11.6,12.18,12.73,11.56,95577,410207280.0,10.13,5.45,0.63,15.93
40,2015-03-09,12.21,11.89,12.21,11.53,41483,173481355.0,5.58,-2.38,-0.29,6.91
41,2015-03-10,11.85,12.77,13.06,11.76,112420,498059536.0,10.93,7.4,0.88,18.74
42,2015-03-11,12.57,12.48,12.73,12.45,57716,254158774.0,2.19,-2.27,-0.29,9.62
43,2015-03-12,12.45,11.96,12.45,11.71,55775,236299955.0,5.93,-4.17,-0.52,9.3
44,2015-03-13,11.79,11.99,12.12,11.79,26161,110391328.0,2.76,0.25,0.03,4.36
45,2015-03-16,12.12,12.39,12.44,12.08,42866,184744594.0,3.0,3.34,0.4,7.14
46,2015-03-17,12.4,12.35,12.48,12.22,43813,190061870.0,2.1,-0.32,-0.04,7.3
47,2015-03-18,12.35,12.54,12.55,12.29,43278,188689254.0,2.11,1.54,0.19,7.21
48,2015-03-19,12.49,12.35,12.54,12.25,35718,155224545.0,2.31,-1.52,-0.19,5.95
49,2015-03-20,12.34,12.27,12.47,12.23,28704,124191154.0,1.94,-0.65,-0.08,4.78
50,2015-03-23,12.27,12.55,12.67,12.27,46560,203789664.0,3.26,2.28,0.28,7.76
51,2015-03-24,12.55,12.26,12.55,12.02,49178,212433216.0,4.22,-2.31,-0.29,8.2
52,2015-03-25,12.27,12.44,12.5,12.09,48786,212052956.0,3.34,1.47,0.18,8.13
53,2015-03-26,12.26,12.55,12.55,12.22,50363,219864208.0,2.65,0.88,0.11,8.39
54,2015-03-27,12.58,13.03,13.48,12.58,83100,380048848.0,7.17,3.82,0.48,13.85
55,2015-03-30,12.88,12.91,13.04,12.79,43309,194872334.0,1.92,-0.92,-0.12,7.22
56,2015-03-31,12.91,12.78,13.02,12.77,37389,168412509.0,1.94,-1.01,-0.13,6.23
57,2015-04-01,12.75,12.86,12.89,12.61,32718,146251520.0,2.19,0.63,0.08,5.45
58,2015-04-02,12.88,12.92,12.97,12.78,36371,163578710.0,1.48,0.47,0.06,6.06
59,2015-04-03,12.88,13.33,13.4,12.8,64866,297044256.0,4.64,3.17,0.41,10.81
60,2015-04-07,13.38,13.58,13.62,13.17,62780,292643072.0,3.38,1.88,0.25,10.46
61,2015-04-08,13.65,13.15,13.65,13.02,58239,268930992.0,4.64,-3.17,-0.43,9.71
62,2015-04-09,13.14,13.07,13.41,12.69,45515,207401907.0,5.48,-0.61,-0.08,7.59
63,2015-04-10,12.64,13.18,13.2,12.55,62019,278873296.0,4.97,0.84,0.11,10.34
64,2015-04-13,13.18,13.59,13.61,13.16,70609,330573888.0,3.41,3.11,0.41,11.77
65,2015-04-14,13.55,13.22,13.56,13.2,49854,231525903.0,2.65,-2.72,-0.37,8.31
66,2015-04-15,13.23,12.63,13.23,12.59,39780,178502050.0,4.84,-4.46,-0.59,6.63
67,2015-04-16,12.55,13.31,13.41,12.38,59380,271190672.0,8.16,5.38,0.68,9.9
68,2015-04-17,13.43,13.43,13.84,13.4,63129,298147440.0,3.31,0.9,0.12,10.52
69,2015-04-20,13.28,13.34,13.52,13.06,52511,242933991.0,3.43,-0.67,-0.09,8.75
70,2015-04-21,13.4,14.85,14.85,13.4,115700,568259616.0,10.87,11.32,1.51,19.28
71,2015-04-22,15.15,15.99,16.1,14.69,115041,603611648.0,9.49,7.68,1.14,19.17
72,2015-04-23,15.74,15.87,16.06,15.5,58298,313668368.0,3.5,-0.75,-0.12,9.72
73,2015-04-24,15.53,16.15,16.62,15.5,54638,300509968.0,7.06,1.76,0.28,9.11
74,2015-04-27,16.96,15.95,16.96,15.93,47775,265563405.0,6.38,-1.24,-0.2,7.96
75,2015-04-28,16.34,15.91,16.34,15.59,39201,212663507.0,4.7,-0.25,-0.04,6.53
76,2015-04-29,15.77,16.59,16.69,15.49,52091,286312352.0,7.54,4.27,0.68,8.68
77,2015-04-30,16.53,16.6,17.38,16.47,41683,239927834.0,5.49,0.06,0.01,6.95
78,2015-05-04,16.47,16.74,16.96,16.31,34900,198111127.0,3.92,0.84,0.14,5.82
79,2015-05-05,16.49,15.62,16.72,15.38,36238,197676691.0,8.0,-6.69,-1.12,6.04
80,2015-05-06,15.65,15.18,15.75,15.0,37680,198208167.0,4.8,-2.82,-0.44,6.28
81,2015-05-07,15.16,15.19,15.55,14.84,20950,109372879.0,4.68,0.07,0.01,3.49
82,2015-05-08,15.35,15.98,15.98,15.24,26220,139970064.0,4.87,5.2,0.79,4.37
83,2015-05-11,16.04,16.19,16.37,15.92,42848,235792004.0,2.82,1.31,0.21,7.14
84,2015-05-12,16.22,16.7,16.82,16.05,39966,224860853.0,4.76,3.15,0.51,6.66
85,2015-05-13,16.7,16.83,16.92,16.11,46626,259706883.0,4.85,0.78,0.13,7.77
86,2015-06-05,18.68,18.68,18.68,18.68,10167,63330679.0,0.0,10.99,1.85,1.69
87,2015-06-08,18.8,19.56,19.89,17.42,80675,504215744.0,13.22,4.71,0.88,13.45
88,2015-06-09,19.56,19.64,20.22,18.81,47084,304786976.0,7.21,0.41,0.08,7.85
89,2015-06-10,19.22,19.89,19.99,18.92,49457,323237872.0,5.45,1.27,0.25,8.24
90,2015-06-11,19.59,19.98,20.51,19.57,33760,224071356.0,4.73,0.45,0.09,5.63
91,2015-06-12,19.7,19.22,20.01,19.13,32965,212924088.0,4.4,-3.8,-0.76,5.49
92,2015-06-15,19.24,18.52,19.65,18.16,31668,198380660.0,7.75,-3.64,-0.7,5.28
93,2015-06-16,18.58,19.9,20.54,17.87,51640,332248976.0,14.42,7.45,1.38,8.61
94,2015-06-17,19.63,21.73,21.85,19.4,52538,366652864.0,12.31,9.2,1.83,8.76
95,2015-06-18,21.23,20.62,22.34,20.37,27229,190829195.0,9.07,-5.11,-1.11,4.54
96,2015-06-19,19.88,19.38,20.14,18.45,22945,147472050.0,8.2,-6.01,-1.24,3.82
97,2015-06-23,19.45,20.84,20.86,19.24,33424,224171504.0,8.36,7.53,1.46,5.57
98,2015-06-24,21.2,20.39,21.67,19.56,38429,258393049.0,10.12,-2.16,-0.45,6.4
99,2015-06-25,20.17,19.68,20.22,19.11,26231,170964356.0,5.44,-3.48,-0.71,4.37
100,2015-06-26,18.94,18.89,19.19,17.54,30368,184426645.0,8.38,-4.01,-0.79,5.06
101,2015-06-29,19.1,18.79,19.46,16.83,43789,265962508.0,13.92,-0.53,-0.1,7.3
102,2015-06-30,18.26,19.63,19.89,16.88,35467,220965809.0,16.02,4.47,0.84,5.91
103,2015-07-01,19.56,18.99,20.7,18.91,32137,213658043.0,9.12,-3.26,-0.64,5.36
104,2015-07-02,18.26,17.93,18.98,16.92,31137,184917514.0,10.85,-5.58,-1.06,5.19
105,2015-07-03,17.43,16.4,17.56,15.97,28552,157818203.0,8.87,-8.53,-1.53,4.76
106,2015-07-06,18.07,15.53,18.07,14.6,39323,208596279.0,21.16,-5.3,-0.87,6.55
107,2015-07-07,14.12,13.81,14.94,13.81,6483,30982575.0,7.28,-11.08,-1.72,1.08
108,2015-07-13,15.36,15.36,15.36,14.96,26686,138996122.0,2.9,11.22,1.55,4.45
109,2015-07-14,15.97,15.78,16.77,15.35,38343,209123066.0,9.24,2.73,0.42,6.39
110,2015-07-15,14.98,14.38,14.98,14.03,30334,148274193.0,6.02,-8.87,-1.4,5.06
111,2015-07-16,13.28,13.95,14.33,12.81,26433,123447581.0,10.57,-2.99,-0.43,4.41
112,2015-07-17,13.89,14.57,14.96,13.75,27846,137068794.0,8.67,4.44,0.62,4.64
113,2015-07-20,14.98,14.13,15.05,13.97,27906,137643686.0,7.41,-3.02,-0.44,4.65
114,2015-07-21,14.09,14.28,14.75,13.58,37655,180762142.0,8.28,1.06,0.15,6.28
115,2015-07-22,14.28,14.39,14.66,13.73,38190,186590020.0,6.51,0.77,0.11,6.37
116,2015-07-23,14.37,15.28,15.52,14.02,52454,267134178.0,10.42,6.18,0.89,8.74
117,2015-07-24,15.15,14.68,15.39,14.63,41624,213370798.0,4.97,-3.93,-0.6,6.94
118,2015-07-27,14.33,13.04,14.46,13.04,31448,149510695.0,9.67,-11.17,-1.64,5.24
119,2015-07-28,11.57,11.6,12.62,11.57,43486,179331738.0,8.05,-11.04,-1.44,7.25
120,2015-07-29,11.88,12.61,12.7,11.32,35759,148732338.0,11.9,8.71,1.01,5.96
121,2015-07-30,12.37,12.24,13.21,12.09,37772,166847503.0,8.88,-2.93,-0.37,6.3
122,2015-07-31,11.9,12.07,12.29,11.65,26536,110663687.0,5.23,-1.39,-0.17,4.42
123,2015-08-03,11.71,11.86,12.07,11.26,27722,113365062.0,6.71,-1.74,-0.21,4.62
124,2015-08-04,11.72,12.72,12.72,11.72,49418,212336104.0,8.43,7.25,0.86,8.24
125,2015-08-05,12.53,12.34,12.69,12.11,39573,170827681.0,4.56,-2.99,-0.38,6.6
126,2015-08-06,11.98,12.06,12.29,11.86,26468,110966561.0,3.48,-2.27,-0.28,4.41
127,2015-08-07,12.18,12.56,12.58,12.11,36634,158245262.0,3.9,4.15,0.5,6.11
128,2015-08-10,12.6,13.22,13.31,12.56,44868,201091863.0,5.97,5.25,0.66,7.48
129,2015-08-11,13.29,13.01,13.29,12.85,42977,193944209.0,3.33,-1.59,-0.21,7.16
130,2015-08-12,12.88,12.98,13.7,12.8,42092,192408813.0,6.92,-0.23,-0.03,7.02
131,2015-08-13,12.89,13.18,13.21,12.76,28980,130087610.0,3.47,1.54,0.2,4.83
132,2015-08-14,13.28,13.18,13.3,12.99,31072,141194109.0,2.35,0.0,0.0,5.18
133,2015-08-17,13.15,12.91,13.19,12.37,24599,109319341.0,6.22,-2.05,-0.27,4.1
134,2015-08-18,12.87,11.69,12.9,11.52,38014,163559045.0,10.69,-9.45,-1.22,6.34
135,2015-08-19,11.49,13.03,13.03,11.42,51021,218617024.0,13.77,11.46,1.34,8.5
136,2015-08-20,13.04,13.45,13.98,12.84,63608,294495360.0,8.75,3.22,0.42,10.6
137,2015-08-21,13.04,12.48,13.28,12.04,30521,134316769.0,9.22,-7.21,-0.97,5.09
138,2015-08-24,12.0,11.06,12.0,11.06,29084,114987314.0,7.53,-11.38,-1.42,4.85
139,2015-08-25,9.78,9.78,10.36,9.78,86615,305230352.0,5.24,-11.57,-1.28,14.44
140,2015-08-26,9.82,9.0,10.37,8.87,92207,316753264.0,15.34,-7.98,-0.78,15.37
141,2015-08-27,9.26,9.36,9.53,8.12,75232,244177579.0,15.67,4.0,0.36,12.54
142,2015-08-28,9.34,10.08,10.1,9.16,77949,268092046.0,10.04,7.69,0.72,12.99
143,2015-08-31,9.92,8.92,9.92,8.9,57931,196908035.0,10.12,-11.51,-1.16,9.66
144,2015-09-01,8.77,7.86,8.77,7.86,84630,251026209.0,10.2,-11.88,-1.06,14.1
145,2015-09-02,7.14,7.37,8.24,7.14,59096,167908177.0,13.99,-6.23,-0.49,9.85
146,2015-09-07,7.66,7.74,8.15,7.65,50808,148395477.0,6.78,5.02,0.37,8.47
147,2015-09-08,7.72,8.49,8.6,7.63,60737,182176198.0,12.53,9.69,0.75,6.73
148,2015-09-09,8.54,9.24,9.35,8.45,87025,281279360.0,10.6,8.83,0.75,9.65
149,2015-09-10,8.94,8.71,9.09,8.69,57315,185646412.0,4.33,-5.74,-0.53,6.35
150,2015-09-11,8.77,8.97,9.05,8.71,39534,127899747.0,3.9,2.99,0.26,4.38
151,2015-09-14,8.95,7.9,8.97,7.9,53804,164631540.0,11.93,-11.93,-1.07,5.96
152,2015-09-15,7.63,7.29,7.74,7.14,48501,134839871.0,7.59,-7.72,-0.61,5.38
153,2015-09-16,7.43,8.15,8.19,7.19,49152,141247480.0,13.72,11.8,0.86,5.45
154,2015-09-17,8.12,7.75,8.47,7.71,59559,179778562.0,9.33,-4.91,-0.4,6.6
155,2015-09-18,7.87,8.01,8.08,7.76,35292,103803183.0,4.13,3.35,0.26,3.91
156,2015-09-21,8.01,8.65,8.76,7.75,47391,145295423.0,12.61,7.99,0.64,5.25
157,2015-09-22,8.57,8.64,8.8,8.48,45437,143855410.0,3.7,-0.12,-0.01,5.04
158,2015-09-23,8.41,8.7,8.93,8.35,49755,157140362.0,6.71,0.69,0.06,5.52
159,2015-09-24,8.7,8.8,9.05,8.64,39656,127454046.0,4.71,1.15,0.1,4.4
160,2015-09-25,8.71,8.28,8.8,7.99,47934,147479796.0,9.2,-5.91,-0.52,5.31
161,2015-09-28,8.37,8.55,8.56,8.16,24298,75122561.0,4.83,3.26,0.27,2.69
162,2015-09-29,8.35,8.36,8.43,8.25,23118,71020792.0,2.11,-2.22,-0.19,2.56
163,2015-09-30,8.47,8.58,8.69,8.35,26063,81659093.0,4.07,2.63,0.22,2.89
164,2015-10-08,8.97,9.13,9.3,8.89,46926,154978262.0,4.78,6.41,0.55,5.2
165,2015-10-09,9.13,9.42,9.55,9.06,40304,135625987.0,5.37,3.18,0.29,4.47
166,2015-10-12,9.56,9.86,9.97,9.52,53199,186696396.0,4.78,4.67,0.44,5.9
167,2015-10-13,9.86,9.87,9.98,9.68,43418,153227513.0,3.04,0.1,0.01,4.81
168,2015-10-14,9.78,9.84,10.18,9.72,50092,177497745.0,4.66,-0.3,-0.03,5.55
169,2015-10-15,9.74,10.3,10.33,9.74,45299,163801184.0,6.0,4.67,0.46,5.02
170,2015-10-16,10.32,10.34,10.48,9.98,47804,174655435.0,4.85,0.39,0.04,5.3
171,2015-10-19,10.37,10.14,10.6,9.95,46418,169955744.0,6.29,-1.93,-0.2,5.15
172,2015-10-20,10.06,10.27,10.3,9.99,31981,116170482.0,3.06,1.28,0.13,3.55
173,2015-10-21,10.34,9.37,10.36,9.29,50161,176682776.0,10.42,-8.76,-0.9,5.56
174,2015-10-22,9.39,9.77,9.78,9.38,36973,127746773.0,4.27,4.27,0.4,4.1
175,2015-10-23,9.88,10.18,10.3,9.71,44106,156903110.0,6.04,4.2,0.41,4.89
176,2015-10-26,10.35,10.42,10.6,9.98,46360,169701026.0,6.09,2.36,0.24,5.14
177,2015-10-27,10.39,10.32,10.47,9.45,48266,173037310.0,9.79,-0.96,-0.1,5.35
178,2015-10-28,10.15,10.32,10.76,10.09,50888,189688311.0,6.49,0.0,0.0,5.64
179,2015-10-29,10.41,10.68,10.74,10.24,45720,171192443.0,4.84,3.49,0.36,5.07
180,2015-10-30,10.69,10.64,10.86,10.31,41856,157625097.0,5.15,-0.37,-0.04,4.64
181,2015-11-02,10.34,10.71,11.14,10.24,51525,195828907.0,8.46,0.66,0.07,5.71
182,2015-11-03,10.7,11.1,11.23,10.7,51983,201680287.0,4.95,3.64,0.39,5.76
183,2015-11-04,11.23,11.86,12.04,10.99,66907,267830920.0,9.46,6.85,0.76,7.42
184,2015-11-05,11.76,11.52,12.1,11.39,63154,257549380.0,5.99,-2.87,-0.34,7.0
185,2015-11-06,11.53,11.79,11.85,11.39,41500,170212386.0,3.99,2.34,0.27,4.6
186,2015-11-09,11.7,12.12,12.37,11.63,54402,228327624.0,6.28,2.8,0.33,6.03
187,2015-11-10,12.01,11.95,12.11,11.66,43593,181968316.0,3.71,-1.4,-0.17,4.83
188,2015-11-11,11.89,12.4,12.43,11.72,59582,252060272.0,5.94,3.77,0.45,6.6
189,2015-11-12,12.55,13.31,13.76,12.52,68968,310282624.0,10.0,7.34,0.91,7.65
190,2015-11-13,12.99,12.31,13.15,12.04,59596,261243252.0,8.34,-7.51,-1.0,6.61
191,2015-11-16,11.96,12.53,12.62,11.84,36661,157402757.0,6.34,1.79,0.22,4.06
192,2015-11-17,12.64,12.42,13.02,12.26,43070,188743975.0,6.07,-0.88,-0.11,4.77
193,2015-11-18,12.37,11.89,12.52,11.84,34371,145676310.0,5.48,-4.27,-0.53,3.81
194,2015-11-19,11.98,12.26,12.26,11.73,26668,112097409.0,4.46,3.11,0.37,2.96
195,2015-11-20,12.26,12.46,12.59,12.15,32969,141759594.0,3.59,1.63,0.2,3.65
196,2015-11-23,12.5,12.36,12.72,12.28,31064,134860714.0,3.53,-0.8,-0.1,3.44
197,2015-11-24,12.37,13.07,13.09,12.3,45704,201784686.0,6.39,5.74,0.71,5.07
198,2015-11-25,13.07,13.12,13.47,13.02,44339,201951763.0,3.44,0.38,0.05,4.92
199,2015-11-26,13.15,13.21,13.64,13.06,40525,186132892.0,4.42,0.69,0.09,4.49
200,2015-11-27,13.08,12.65,13.58,12.57,55666,250882022.0,7.65,-4.24,-0.56,6.17
201,2015-11-30,12.53,13.05,13.11,11.73,52640,230002144.0,10.91,3.16,0.4,5.84
202,2015-12-01,13.06,13.45,13.68,12.92,58980,272224496.0,5.82,3.07,0.4,6.54
203,2015-12-02,13.24,12.82,13.41,12.05,35182,156458881.0,10.11,-4.68,-0.63,3.9
204,2015-12-03,12.87,13.64,13.68,12.87,45361,207685588.0,6.32,6.4,0.82,5.03
205,2015-12-04,13.5,13.39,13.74,13.14,40531,187380789.0,4.4,-1.83,-0.25,4.49
206,2015-12-07,13.44,13.33,13.45,13.08,32997,150524694.0,2.76,-0.45,-0.06,3.66
207,2015-12-08,13.2,12.76,13.31,12.74,28285,127196756.0,4.28,-4.28,-0.57,3.14
208,2015-12-09,12.76,12.39,12.84,12.26,30537,132706225.0,4.55,-2.9,-0.37,3.39
209,2015-12-10,12.43,12.4,12.68,12.34,26767,116238177.0,2.74,0.08,0.01,2.97
210,2015-12-11,12.4,12.3,12.52,12.28,15289,65926850.0,1.94,-0.81,-0.1,1.69
211,2015-12-14,12.29,12.74,12.75,12.17,18657,80681475.0,4.72,3.58,0.44,2.07
212,2015-12-15,12.79,13.09,13.19,12.53,21305,95802751.0,5.18,2.75,0.35,2.36
213,2015-12-16,13.19,13.01,13.24,12.94,19166,86577849.0,2.29,-0.61,-0.08,2.12
214,2015-12-17,13.14,13.46,13.51,13.1,33380,153359096.0,3.15,3.46,0.45,3.7
215,2015-12-18,13.41,13.1,13.56,13.08,23823,108898184.0,3.57,-2.67,-0.36,2.64
216,2015-12-21,13.02,13.28,13.29,12.93,20072,91105418.0,2.75,1.37,0.18,2.23
217,2015-12-22,13.41,13.53,13.62,13.25,26065,120804044.0,2.79,1.88,0.25,2.89
218,2015-12-23,13.51,13.4,13.76,13.3,31844,148673512.0,3.4,-0.96,-0.13,3.53
219,2015-12-24,13.41,13.6,13.62,13.11,22307,102988565.0,3.81,1.49,0.2,2.47
220,2015-12-25,13.63,14.15,14.22,13.63,46176,221338260.0,4.34,4.04,0.55,5.12
221,2015-12-28,14.16,13.55,14.61,13.36,47220,227578199.0,8.83,-4.24,-0.6,5.23
222,2015-12-29,13.62,13.98,13.98,13.46,30415,143404970.0,3.84,3.17,0.43,3.37
223,2015-12-30,14.0,14.23,14.33,13.92,25702,124327736.0,2.93,1.79,0.25,2.85
224,2015-12-31,14.31,14.65,15.06,14.18,61849,308693296.0,6.18,2.95,0.42,6.86
225,2016-01-04,14.65,13.02,14.69,13.02,32117,152677324.0,11.4,-11.13,-1.63,3.56
226,2016-01-05,12.27,12.53,13.18,11.55,43487,189490322.0,12.52,-3.76,-0.49,4.82
227,2016-01-06,12.66,12.86,12.88,12.37,26422,115909890.0,4.07,2.63,0.33,2.93
228,2016-01-07,12.53,11.41,12.53,11.4,8949,37202549.0,8.79,-11.28,-1.45,0.99
229,2016-01-08,11.78,11.35,12.02,10.73,33756,137306040.0,11.31,-0.53,-0.06,3.74
230,2016-01-11,10.84,11.0,11.22,10.45,37463,143408797.0,6.78,-3.08,-0.35,4.15
231,2016-01-12,10.96,11.26,11.51,10.73,32004,126287927.0,7.09,2.36,0.26,3.55
232,2016-01-13,11.35,10.94,11.43,10.86,15538,61166266.0,5.06,-2.84,-0.32,1.72
233,2016-01-14,10.6,11.26,11.3,10.5,28206,109933903.0,7.31,2.93,0.32,3.13
234,2016-01-15,11.19,10.49,11.26,10.37,23017,88544568.0,7.9,-6.84,-0.77,2.55
235,2016-01-18,10.37,10.49,10.7,10.14,26208,98021347.0,5.34,0.0,0.0,2.91
236,2016-01-19,10.49,10.83,10.86,10.3,23889,90054509.0,5.34,3.24,0.34,2.65
237,2016-01-20,10.67,10.62,10.96,10.45,18060,68454047.0,4.71,-1.94,-0.21,2.0
238,2016-01-21,10.41,9.94,10.73,9.9,18857,69742980.0,7.82,-6.4,-0.68,2.09
239,2016-01-22,10.0,10.07,10.24,9.65,17845,63536588.0,5.94,1.31,0.13,1.98
240,2016-01-25,10.24,9.97,10.26,9.9,14722,53061228.0,3.57,-0.99,-0.1,1.63
241,2016-01-26,9.78,9.03,9.89,8.97,26506,89762931.0,9.23,-9.43,-0.94,2.94
242,2016-01-27,9.1,9.09,9.17,8.44,21438,69214635.0,8.08,0.66,0.06,2.38
243,2016-01-28,8.97,8.93,9.31,8.82,20737,68640228.0,5.39,-1.76,-0.16,2.3
244,2016-01-29,8.8,9.4,9.42,8.8,30040,100850610.0,6.94,5.26,0.47,3.33
245,2016-02-01,9.75,10.04,10.51,9.71,38003,137840633.0,8.51,6.81,0.64,4.21
246,2016-02-02,9.84,10.79,11.22,9.84,46935,176797930.0,13.75,7.47,0.75,5.2
247,2016-02-03,10.59,10.71,10.73,10.41,20201,75854486.0,2.97,-0.74,-0.08,2.24
248,2016-02-04,10.72,10.79,10.95,10.63,16353,62551114.0,2.99,0.75,0.08,1.81
249,2016-02-05,10.67,10.64,11.02,10.57,10550,39960074.0,4.17,-1.39,-0.15,1.17
250,2016-02-15,10.08,10.52,10.69,10.07,13182,48698668.0,5.83,-1.13,-0.12,1.46
251,2016-02-16,10.51,10.95,11.03,10.5,22611,86930892.0,5.04,4.09,0.43,2.51
252,2016-02-17,10.76,11.0,11.05,10.7,43734,167721285.0,3.2,0.46,0.05,4.85
253,2016-02-18,10.9,11.02,11.24,10.9,33629,131672091.0,3.09,0.18,0.02,3.73
254,2016-02-19,10.9,10.82,11.05,10.61,26655,102320725.0,3.99,-1.81,-0.2,2.95
255,2016-02-22,10.91,11.09,11.11,10.91,21487,83479009.0,1.85,2.5,0.27,2.38
256,2016-02-23,11.09,11.52,11.53,10.96,40814,163114662.0,5.14,3.88,0.43,4.52
257,2016-02-24,11.49,11.17,11.49,10.86,30125,118590099.0,5.47,-3.04,-0.35,3.34
258,2016-02-25,11.19,9.9,11.19,9.89,38243,141326378.0,11.64,-11.37,-1.27,4.24
259,2016-02-26,10.02,9.99,10.18,9.73,20875,74335832.0,4.55,0.91,0.09,2.31
260,2016-02-29,9.95,9.2,9.98,9.03,21097,70778806.0,9.51,-7.91,-0.79,2.34
261,2016-03-01,9.23,9.64,9.81,9.13,25538,87597014.0,7.39,4.78,0.44,2.83
262,2016-03-02,9.67,10.23,10.26,9.58,29443,104833968.0,7.05,6.12,0.59,3.26
263,2016-03-03,10.24,10.22,10.41,10.14,22013,80529972.0,2.64,-0.1,-0.01,2.44
264,2016-03-04,10.24,9.83,10.24,9.67,18203,64653901.0,5.58,-3.82,-0.39,2.02
265,2016-03-07,9.86,10.09,10.27,9.86,11663,42205472.0,4.17,2.64,0.26,1.29
266,2016-03-08,10.14,10.18,10.24,9.68,14054,49890091.0,5.55,0.89,0.09,1.56
267,2016-03-09,9.93,9.92,10.14,9.76,10714,38103316.0,3.73,-2.55,-0.26,1.19
268,2016-03-10,9.92,9.9,10.11,9.87,10164,36338315.0,2.42,-0.2,-0.02,1.13
269,2016-03-11,9.88,10.06,10.14,9.76,11179,39866478.0,3.84,1.62,0.16,1.24
270,2016-03-14,10.14,10.51,10.73,10.14,25165,94059117.0,5.86,4.47,0.45,2.79
271,2016-03-15,10.49,10.4,10.63,10.13,29705,109246757.0,4.76,-1.05,-0.11,3.29
272,2016-03-16,10.4,10.0,10.49,9.94,25923,94260849.0,5.29,-3.85,-0.4,2.87
273,2016-03-17,10.01,10.31,10.39,9.92,23860,86699739.0,4.7,3.1,0.31,2.64
274,2016-03-18,10.4,10.73,10.98,10.34,36667,138959640.0,6.21,4.07,0.42,4.06
275,2016-03-21,10.94,10.93,10.95,10.77,39891,153223059.0,1.68,1.86,0.2,4.42
276,2016-03-22,10.86,10.94,11.06,10.77,32154,124268575.0,2.65,0.09,0.01,3.56
277,2016-03-23,10.87,11.13,11.18,10.87,37563,146547567.0,2.83,1.74,0.19,4.16
278,2016-03-24,11.08,11.31,11.49,10.95,47974,190496275.0,4.85,1.62,0.18,5.32
279,2016-03-25,11.26,11.82,11.84,11.13,58677,237052097.0,6.28,4.51,0.51,6.5
280,2016-03-28,11.55,11.0,11.55,10.93,85624,340585952.0,5.25,-6.94,-0.82,9.49
281,2016-03-29,10.99,10.6,10.99,10.51,32255,121991485.0,4.36,-3.64,-0.4,3.58
282,2016-03-30,10.73,10.97,11.04,10.67,40572,155742902.0,3.49,3.49,0.37,4.5
283,2016-03-31,10.95,10.87,11.11,10.82,32477,125843237.0,2.64,-0.91,-0.1,3.6
284,2016-04-01,10.87,10.79,10.87,10.59,22741,86291719.0,2.58,-0.74,-0.08,2.52
285,2016-04-05,10.83,11.22,11.32,10.83,39996,157155345.0,4.54,3.99,0.43,4.43
286,2016-04-06,11.24,11.34,11.45,11.16,29736,118428740.0,2.58,1.07,0.12,3.3
287,2016-04-07,11.32,11.0,11.41,10.98,27474,108160529.0,3.79,-3.0,-0.34,3.05
288,2016-04-08,10.87,11.06,11.06,10.86,23243,89968124.0,1.82,0.55,0.06,2.58
289,2016-04-11,11.19,11.42,11.58,11.13,39574,158285118.0,4.07,3.25,0.36,4.39
290,2016-04-12,11.38,11.28,11.52,11.16,23692,94026410.0,3.15,-1.23,-0.14,2.63
291,2016-04-13,11.35,11.32,11.7,11.32,42017,169557196.0,3.37,0.35,0.04,4.66
292,2016-04-14,11.44,11.58,11.6,11.36,26556,107004641.0,2.12,2.3,0.26,2.94
293,2016-04-15,11.62,11.77,11.9,11.51,42831,176098848.0,3.37,1.64,0.19,4.75
294,2016-04-18,11.7,11.39,11.7,11.34,28326,113873468.0,3.06,-3.23,-0.38,3.14
295,2016-04-19,11.47,11.43,11.53,11.26,17653,70614364.0,2.37,0.35,0.04,1.96
296,2016-04-20,11.41,10.79,11.54,10.61,37992,147108808.0,8.14,-5.6,-0.64,4.21
297,2016-04-21,10.78,10.69,10.87,10.67,22377,85434405.0,1.85,-0.93,-0.1,2.48
298,2016-04-22,10.61,10.79,10.81,10.54,15094,57297499.0,2.53,0.94,0.1,1.67
299,2016-04-25,10.73,10.92,10.93,10.68,15519,59455387.0,2.32,1.2,0.13,1.72
300,2016-04-26,10.93,11.3,11.31,10.9,21317,83237987.0,3.75,3.48,0.38,2.36
301,2016-04-27,11.3,11.46,11.71,11.3,31947,129223628.0,3.63,1.42,0.16,3.54
302,2016-04-28,11.49,11.26,11.6,11.06,25470,100896836.0,4.71,-1.75,-0.2,2.82
303,2016-04-29,11.29,11.02,11.29,10.91,18753,72012447.0,3.37,-2.13,-0.24,2.08
304,2016-05-03,11.03,11.49,11.53,10.93,26060,101722126.0,5.44,4.26,0.47,2.89
305,2016-05-04,11.4,11.52,11.6,11.4,28993,114957350.0,1.74,0.26,0.03,3.21
306,2016-05-05,11.42,11.38,11.54,11.23,33378,130994372.0,2.69,-1.22,-0.14,3.7
307,2016-05-06,11.43,10.91,11.44,10.9,30299,116875373.0,4.75,-4.13,-0.47,3.36
308,2016-05-09,10.89,10.43,10.89,10.36,26609,98118209.0,4.86,-4.4,-0.48,2.95
309,2016-05-10,10.4,10.49,10.52,10.36,13234,48177112.0,1.53,0.58,0.06,1.47
310,2016-05-11,10.61,10.33,10.61,10.31,16965,61695103.0,2.86,-1.53,-0.16,1.88
311,2016-05-12,10.23,10.22,10.25,10.05,16286,57868020.0,1.94,-1.06,-0.11,1.81
312,2016-05-13,10.22,10.24,10.34,10.16,13335,47740889.0,1.76,0.2,0.02,1.48
313,2016-05-16,10.1,10.46,10.48,10.09,13389,48152564.0,3.81,2.15,0.22,1.48
314,2016-05-17,10.47,10.33,10.49,10.26,12878,46608043.0,2.2,-1.24,-0.13,1.43
315,2016-05-18,10.2,9.97,10.29,9.85,17192,60383885.0,4.26,-3.48,-0.36,1.91
316,2016-05-19,9.93,9.98,10.21,9.93,11780,41628625.0,2.81,0.1,0.01,1.31
317,2016-05-20,9.98,10.15,10.16,9.86,13465,47488514.0,3.01,1.7,0.17,1.49
318,2016-05-23,10.16,10.34,10.4,10.16,15632,56324403.0,2.36,1.87,0.19,1.73
319,2016-05-24,10.34,10.44,10.48,10.19,20588,74411171.0,2.8,0.97,0.1,2.28
320,2016-05-25,10.47,10.3,10.59,10.27,18099,65880398.0,3.07,-1.34,-0.14,2.01
321,2016-05-26,10.26,10.24,10.38,9.99,18070,64295473.0,3.79,-0.58,-0.06,2.0
322,2016-05-27,10.24,10.34,10.47,10.18,13890,50279692.0,2.83,0.98,0.1,1.54
323,2016-05-30,10.3,10.3,10.4,10.18,10299,37034630.0,2.13,-0.39,-0.04,1.14
324,2016-05-31,10.31,10.83,10.84,10.31,27569,102300850.0,5.15,5.15,0.53,3.06
325,2016-06-01,10.87,10.98,11.06,10.81,24157,91417589.0,2.31,1.39,0.15,2.68
326,2016-06-02,10.93,10.94,11.14,10.86,26005,99043038.0,2.55,-0.36,-0.04,2.88
327,2016-06-03,10.93,12.18,12.18,10.93,107638,434844832.0,11.43,11.33,1.24,11.93
328,2016-06-06,12.47,13.55,13.55,12.47,156850,699131424.0,8.87,11.25,1.37,17.39
329,2016-06-07,13.84,14.34,14.88,13.52,136151,649039232.0,10.04,5.83,0.79,15.09
330,2016-06-08,15.21,15.0,15.65,14.83,126844,642809552.0,5.72,4.6,0.66,14.06
331,2016-06-13,14.68,14.37,15.04,14.08,104811,515100688.0,6.4,-4.2,-0.63,11.62
332,2016-06-14,14.37,14.4,14.69,13.75,80327,386212192.0,6.54,0.21,0.03,8.9
333,2016-06-15,14.23,15.99,15.99,14.16,117673,597898256.0,12.71,11.04,1.59,13.04
334,2016-06-16,15.87,15.34,15.97,15.11,92645,479776528.0,5.38,-4.07,-0.65,10.27
335,2016-06-17,15.25,14.67,15.42,14.51,77009,386637040.0,5.93,-4.37,-0.67,8.54
336,2016-06-20,14.89,16.14,16.28,14.72,119395,624152688.0,10.63,10.02,1.47,13.24
337,2016-06-21,15.9,14.61,16.0,14.56,96571,495051808.0,8.92,-9.48,-1.53,10.71
338,2016-06-22,14.92,14.99,15.25,14.13,89878,443651936.0,7.67,2.6,0.38,9.96
339,2016-06-23,14.67,14.61,14.87,14.34,45563,223732141.0,3.54,-2.54,-0.38,5.05
340,2016-06-24,14.5,15.64,16.22,14.42,122883,635647760.0,12.32,7.05,1.03,13.62
341,2016-06-27,15.48,16.29,16.47,15.47,81171,438056496.0,6.39,4.16,0.65,9.0
342,2016-06-28,16.24,16.23,16.29,15.73,56584,302886896.0,3.44,-0.37,-0.06,6.27
343,2016-06-29,16.39,16.28,17.01,15.92,53042,288871136.0,6.72,0.31,0.05,5.88
344,2016-06-30,16.16,15.6,16.36,15.28,62876,329551760.0,6.63,-4.18,-0.68,6.97
345,2016-07-01,15.55,15.58,16.03,15.54,33626,176812297.0,3.14,-0.13,-0.02,3.73
346,2016-07-04,15.38,15.73,15.88,15.38,37401,196292138.0,3.21,0.96,0.15,4.15
347,2016-07-05,15.81,16.25,16.78,15.6,68285,370921648.0,7.5,3.31,0.52,7.57
348,2016-07-06,16.16,15.89,16.16,15.65,43502,230504672.0,3.14,-2.22,-0.36,4.82
349,2016-07-07,15.88,15.82,16.06,15.6,39281,207115444.0,2.89,-0.44,-0.07,4.35
350,2016-07-08,15.87,15.63,15.91,15.44,34423,179877973.0,2.97,-1.2,-0.19,3.82
351,2016-07-11,15.54,14.98,15.72,14.94,44019,226522687.0,4.99,-4.16,-0.65,4.88
352,2016-07-12,14.87,15.05,15.17,14.45,36831,183147815.0,4.81,0.47,0.07,4.08
353,2016-07-13,15.01,15.12,15.29,14.93,23791,120538832.0,2.39,0.47,0.07,2.64
354,2016-07-14,15.01,15.06,15.21,14.82,18355,92621646.0,2.58,-0.4,-0.06,2.03
355,2016-07-15,15.18,15.05,15.5,15.04,29917,152894970.0,3.05,-0.07,-0.01,3.32
356,2016-07-18,14.89,14.62,14.89,14.58,21668,107362424.0,2.06,-2.86,-0.43,2.4
357,2016-07-19,14.56,14.79,14.82,14.53,16987,84052897.0,1.98,1.16,0.17,1.88
358,2016-07-20,14.71,14.78,15.34,14.71,40538,204298320.0,4.26,-0.07,-0.01,4.49
359,2016-07-21,14.72,14.68,14.88,14.46,26247,129402315.0,2.84,-0.68,-0.1,2.91
360,2016-07-22,14.69,14.26,15.08,14.19,53986,266287210.0,6.06,-2.86,-0.42,5.98
361,2016-07-25,14.1,14.04,14.41,13.91,35082,166929880.0,3.51,-1.54,-0.22,3.89
362,2016-07-26,14.11,14.37,14.39,14.0,20241,97142965.0,2.78,2.35,0.33,2.24
363,2016-07-27,14.43,13.46,14.45,13.25,40706,188897783.0,8.35,-6.33,-0.91,4.51
364,2016-07-28,13.32,13.65,13.72,13.31,27313,125025322.0,3.05,1.41,0.19,3.03
365,2016-07-29,13.63,13.84,13.96,13.59,25884,120751062.0,2.71,1.39,0.19,2.87
366,2016-08-01,13.66,13.92,14.05,13.41,23592,109496485.0,4.62,0.58,0.08,2.62
367,2016-08-02,14.0,13.88,14.02,13.74,14318,67043294.0,2.01,-0.29,-0.04,1.59
368,2016-08-03,13.84,13.87,14.06,13.67,14509,68084136.0,2.81,-0.07,-0.01,1.61
369,2016-08-04,13.87,14.14,14.2,13.79,20692,98088681.0,2.96,1.95,0.27,2.29
370,2016-08-05,14.1,13.95,14.16,13.92,15594,73797839.0,1.7,-1.34,-0.19,1.73
371,2016-08-08,13.87,14.25,14.36,13.78,18648,88915727.0,4.16,2.15,0.3,2.07
372,2016-08-09,14.25,14.36,14.37,14.16,14995,72043217.0,1.47,0.77,0.11,1.66
373,2016-08-10,14.27,14.5,14.64,14.27,17827,87115185.0,2.58,0.97,0.14,1.98
374,2016-08-11,14.4,14.0,14.55,13.96,16784,80645975.0,4.07,-3.45,-0.5,1.86
375,2016-08-12,14.0,14.5,14.58,13.97,21516,104117715.0,4.36,3.57,0.5,2.39
376,2016-08-15,14.5,14.98,15.02,14.4,33852,168032616.0,4.28,3.31,0.48,3.75
377,2016-08-16,14.99,15.17,15.21,14.78,23826,119806705.0,2.87,1.27,0.19,2.64
378,2016-08-17,15.16,15.53,15.83,15.05,46224,239359968.0,5.14,2.37,0.36,5.12
379,2016-08-18,15.67,15.36,15.67,15.31,32361,167047006.0,2.32,-1.09,-0.17,3.59
380,2016-08-19,15.44,15.33,15.6,15.31,19674,101529739.0,1.89,-0.2,-0.03,2.18
381,2016-08-22,15.28,14.65,15.28,14.57,39181,195062785.0,4.63,-4.44,-0.68,4.34
382,2016-08-23,14.61,14.69,14.84,14.59,14467,71416335.0,1.71,0.27,0.04,1.6
383,2016-08-24,14.69,14.66,14.8,14.55,13316,65619249.0,1.7,-0.2,-0.03,1.48
384,2016-08-25,14.57,14.67,14.7,14.45,13650,66799280.0,1.71,0.07,0.01,1.51
385,2016-08-26,14.72,14.55,14.84,14.49,21049,103991011.0,2.39,-0.82,-0.12,2.33
386,2016-08-29,14.52,14.56,14.67,14.4,10350,50696853.0,1.86,0.07,0.01,1.15
387,2016-08-30,14.56,14.76,14.82,14.51,16697,82562741.0,2.13,1.37,0.2,1.85
388,2016-08-31,14.79,14.64,14.8,14.51,13579,66730136.0,1.96,-0.81,-0.12,1.51
389,2016-09-01,14.6,14.52,14.7,14.49,12417,60908035.0,1.43,-0.82,-0.12,1.38
390,2016-09-02,14.55,14.15,14.58,13.98,21544,103472753.0,4.13,-2.55,-0.37,2.39
391,2016-09-05,14.2,14.14,14.24,14.07,11911,56899585.0,1.2,-0.07,-0.01,1.32
392,2016-09-06,14.17,14.67,14.7,14.03,24336,117663074.0,4.74,3.75,0.53,2.7
393,2016-09-07,14.66,14.42,14.74,14.42,17020,83589422.0,2.18,-1.7,-0.25,1.89
394,2016-09-08,14.42,14.55,14.68,14.42,14598,71494938.0,1.8,0.9,0.13,1.62
395,2016-09-09,14.51,14.44,14.64,14.43,12969,63316164.0,1.44,-0.76,-0.11,1.44
396,2016-09-12,14.01,13.85,14.14,13.81,22795,107394095.0,2.29,-4.09,-0.59,2.53
397,2016-09-13,13.98,13.86,14.01,13.79,10910,51217964.0,1.59,0.07,0.01,1.21
398,2016-09-14,13.87,13.86,13.92,13.81,8182,38334274.0,0.79,0.0,0.0,0.91
399,2016-09-19,13.87,13.95,14.13,13.87,9961,46994010.0,1.88,0.65,0.09,1.1
400,2016-09-20,14.06,13.83,14.06,13.78,9278,43519409.0,2.01,-0.86,-0.12,1.03
401,2016-09-21,13.8,13.92,14.06,13.8,11802,55631983.0,1.88,0.65,0.09,1.31
402,2016-09-22,14.05,14.06,14.2,13.94,15682,74603290.0,1.87,1.01,0.14,1.74
403,2016-09-23,14.13,14.22,14.28,14.02,16298,78087691.0,1.85,1.14,0.16,1.81
404,2016-09-26,14.17,13.7,14.25,13.68,16484,77686671.0,4.01,-3.66,-0.52,1.83
405,2016-09-27,13.71,13.83,13.83,13.58,15937,73830704.0,1.82,0.95,0.13,1.77
406,2016-09-28,13.83,13.83,13.93,13.7,10156,47408408.0,1.66,0.0,0.0,1.13
407,2016-09-29,13.84,13.81,13.94,13.78,9093,42572546.0,1.16,-0.14,-0.02,1.01
408,2016-09-30,13.78,13.79,13.89,13.75,6794,31751583.0,1.01,-0.14,-0.02,0.75
409,2016-10-10,13.86,14.03,14.14,13.78,20696,97752218.0,2.61,1.74,0.24,2.29
410,2016-10-11,14.03,14.23,14.29,14.02,21797,104025463.0,1.92,1.43,0.2,2.42
411,2016-10-12,14.14,14.0,14.18,13.99,21171,100545402.0,1.34,-1.62,-0.23,2.35
412,2016-10-13,14.05,14.01,14.17,13.99,11498,54520425.0,1.29,0.07,0.01,1.27
413,2016-10-14,13.97,14.13,14.19,13.97,20146,95844813.0,1.57,0.86,0.12,2.23
414,2016-10-17,14.17,14.38,14.68,14.17,46586,227478601.0,3.61,1.77,0.25,5.16
415,2016-10-18,14.39,14.68,14.72,14.32,29470,144046686.0,2.78,2.09,0.3,3.27
416,2016-10-19,14.69,14.62,14.69,14.51,18778,92146561.0,1.23,-0.41,-0.06,2.08
417,2016-10-20,14.42,14.45,14.51,14.23,26487,128382972.0,1.92,-1.16,-0.17,2.94
418,2016-10-21,14.45,14.11,14.51,13.97,32473,155416758.0,3.74,-2.35,-0.34,3.6
419,2016-10-24,14.11,14.09,14.2,13.93,24592,116508865.0,1.91,-0.14,-0.02,2.73
420,2016-10-25,14.07,14.15,14.24,14.0,17329,82619776.0,1.7,0.43,0.06,1.92
421,2016-10-26,14.07,13.86,14.16,13.81,23632,111258117.0,2.47,-2.05,-0.29,2.62
422,2016-10-27,13.9,13.93,13.99,13.83,14214,66854367.0,1.15,0.51,0.07,1.58
423,2016-10-28,13.99,13.88,13.99,13.83,12946,60809064.0,1.15,-0.36,-0.05,1.44
424,2016-10-31,13.89,13.96,13.98,13.75,15877,74396763.0,1.66,0.58,0.08,1.76
425,2016-11-01,13.95,14.47,14.54,13.92,50616,245562279.0,4.44,3.65,0.51,5.61
426,2016-11-02,14.46,14.49,14.71,14.37,33695,164800323.0,2.35,0.14,0.02,3.74
427,2016-11-03,14.48,14.51,14.62,14.41,28489,139448468.0,1.45,0.14,0.02,3.16
428,2016-11-04,14.51,14.72,14.89,14.43,45169,223819123.0,3.17,1.45,0.21,5.01
429,2016-11-07,14.8,14.55,14.83,14.49,22664,111668337.0,2.31,-1.15,-0.17,2.51
430,2016-11-08,14.62,14.74,14.87,14.61,22154,109947772.0,1.79,1.31,0.19,2.46
431,2016-11-09,14.77,14.3,14.8,14.1,37150,180580524.0,4.75,-2.99,-0.44,4.12
432,2016-11-10,14.44,14.82,14.87,14.4,36861,181965276.0,3.29,3.64,0.52,4.09
433,2016-11-11,14.85,15.8,16.42,14.83,91589,481849584.0,10.73,6.61,0.98,10.15
434,2016-11-14,15.82,15.59,16.11,15.5,52794,277227616.0,3.86,-1.33,-0.21,5.85
435,2016-11-15,15.49,15.53,15.72,15.38,29808,154760936.0,2.18,-0.38,-0.06,3.3
436,2016-11-16,15.55,15.46,15.72,15.45,23136,120620310.0,1.74,-0.45,-0.07,2.56
437,2016-11-17,15.41,15.11,15.46,15.05,29745,151139091.0,2.65,-2.26,-0.35,3.3
438,2016-11-18,15.13,15.34,15.64,15.13,32278,166826066.0,3.38,1.52,0.23,3.58
439,2016-11-21,15.54,15.68,15.77,15.45,38735,202460023.0,2.09,2.22,0.34,4.29
440,2016-11-22,15.67,15.72,15.93,15.57,51161,269277344.0,2.3,0.26,0.04,5.67
441,2016-11-23,15.62,15.39,15.74,15.34,33984,176303404.0,2.54,-2.1,-0.33,3.77
442,2016-11-24,15.39,15.2,15.49,15.06,24796,127392564.0,2.79,-1.23,-0.19,2.75
443,2016-11-25,15.18,15.11,15.25,14.56,29634,148642490.0,4.54,-0.59,-0.09,3.29
444,2016-11-28,15.13,14.95,15.21,14.91,16987,85666022.0,1.99,-1.06,-0.16,1.88
445,2016-11-29,14.95,14.84,15.11,14.82,16595,83441838.0,1.94,-0.74,-0.11,1.84
446,2016-11-30,14.84,14.89,15.02,14.78,13949,69782689.0,1.62,0.34,0.05,1.55
447,2016-12-01,14.98,14.89,15.01,14.82,14241,71166486.0,1.28,0.0,0.0,1.58
448,2016-12-02,14.88,14.36,14.9,14.31,25960,127227912.0,3.96,-3.56,-0.53,2.88
449,2016-12-05,14.24,14.4,14.52,14.17,14135,68412212.0,2.44,0.28,0.04,1.57
450,2016-12-06,14.46,14.48,14.56,14.4,12616,61555424.0,1.11,0.56,0.08,1.4
451,2016-12-07,14.41,14.59,14.66,14.4,12848,62908284.0,1.8,0.76,0.11,1.42
452,2016-12-08,14.66,14.35,14.66,14.33,13911,67927747.0,2.26,-1.64,-0.24,1.54
453,2016-12-09,14.35,14.31,14.56,14.25,13901,67406408.0,2.16,-0.28,-0.04,1.54
454,2016-12-12,14.23,13.39,14.36,13.35,29018,134824542.0,7.06,-6.43,-0.92,3.22
455,2016-12-13,13.32,13.55,13.64,13.22,15148,68886323.0,3.14,1.19,0.16,1.68
456,2016-12-14,13.52,13.5,13.7,13.42,14736,67709873.0,2.07,-0.37,-0.05,1.63
457,2016-12-15,13.46,13.77,13.86,13.46,14325,66644979.0,2.96,2.0,0.27,1.59
458,2016-12-16,13.73,13.88,13.99,13.71,9546,44772747.0,2.03,0.8,0.11,1.06
459,2016-12-19,13.99,13.76,13.99,13.71,8480,39511340.0,2.02,-0.86,-0.12,0.94
460,2016-12-20,13.73,13.72,13.83,13.69,9686,45071330.0,1.02,-0.29,-0.04,1.07
461,2016-12-21,13.74,13.79,13.96,13.74,10290,48082835.0,1.6,0.51,0.07,1.14
462,2016-12-22,13.87,13.83,13.87,13.74,6595,30829553.0,0.94,0.29,0.04,0.73
463,2016-12-23,13.83,13.54,13.86,13.44,11223,51693249.0,3.04,-2.1,-0.29,1.24
464,2016-12-26,13.39,13.74,13.74,13.39,7456,34368394.0,2.58,1.48,0.2,0.83
465,2016-12-27,13.74,13.83,13.94,13.65,8714,40790041.0,2.11,0.66,0.09,0.97
466,2016-12-28,13.76,13.74,13.92,13.72,6286,29403273.0,1.45,-0.65,-0.09,0.7
467,2016-12-29,13.76,13.77,13.85,13.69,7503,35009592.0,1.16,0.22,0.03,0.83
468,2016-12-30,13.83,13.67,13.84,13.58,7352,34124790.0,1.89,-0.73,-0.1,0.81
469,2017-01-03,13.68,13.82,13.91,13.51,8696,40560472.0,2.93,1.1,0.15,0.96
470,2017-01-04,13.77,14.06,14.09,13.77,12723,60016918.0,2.32,1.74,0.24,1.41
471,2017-01-05,14.05,13.98,14.07,13.91,8816,41635684.0,1.14,-0.57,-0.08,0.98
472,2017-01-06,14.03,13.75,14.03,13.74,8600,40222266.0,2.07,-1.65,-0.23,0.95
473,2017-01-09,13.59,13.68,13.76,13.58,9070,41936344.0,1.31,-0.51,-0.07,1.01
474,2017-01-10,13.66,13.69,13.85,13.62,8053,37421741.0,1.68,0.07,0.01,0.89
475,2017-01-11,13.69,13.26,13.75,13.25,13857,63244777.0,3.65,-3.14,-0.43,1.54
476,2017-01-12,13.26,13.31,13.4,13.26,7813,35289081.0,1.06,0.38,0.05,0.87
477,2017-01-13,13.34,13.32,13.39,12.65,22674,100363382.0,5.56,0.08,0.01,2.51
478,2017-01-16,13.19,13.53,13.6,12.73,40434,181985834.0,6.53,1.58,0.21,4.48
479,2017-01-17,13.53,13.56,13.62,13.33,12097,55236943.0,2.14,0.22,0.03,1.34
480,2017-01-18,13.54,13.27,13.55,13.26,8614,39199226.0,2.14,-2.14,-0.29,0.95
481,2017-01-19,13.21,12.93,13.21,12.92,11518,51105831.0,2.19,-2.56,-0.34,1.28
482,2017-01-20,12.82,13.22,13.24,12.81,9154,40778038.0,3.33,2.24,0.29,1.01
483,2017-01-23,13.23,13.24,13.53,13.09,8219,37131534.0,3.33,0.15,0.02,0.91
484,2017-01-24,13.19,13.29,13.42,13.15,6964,31408371.0,2.04,0.38,0.05,0.77
485,2017-01-25,13.26,13.48,13.51,13.22,8866,40309102.0,2.18,1.43,0.19,0.98
486,2017-01-26,13.43,13.61,13.63,13.43,7833,35962918.0,1.48,0.96,0.13,0.87
487,2017-02-03,13.64,13.5,13.67,13.44,5895,27003349.0,1.69,-0.81,-0.11,0.65
488,2017-02-06,13.53,13.54,13.63,13.42,8917,40854025.0,1.56,0.3,0.04,0.99
489,2017-02-07,13.55,13.44,13.55,13.36,7878,35943635.0,1.4,-0.74,-0.1,0.87
490,2017-02-08,13.44,13.4,13.44,13.23,17584,79650630.0,1.56,-0.3,-0.04,1.95
491,2017-02-09,13.37,13.54,13.64,13.36,14330,65645695.0,2.09,1.04,0.14,1.59
492,2017-02-10,13.54,13.51,13.68,13.45,11487,52812685.0,1.7,-0.22,-0.03,1.27
493,2017-02-13,13.48,13.73,13.76,13.45,13715,63369670.0,2.29,1.63,0.22,1.52
494,2017-02-14,13.77,13.67,13.85,13.58,8151,37673910.0,1.97,-0.44,-0.06,0.9
495,2017-02-15,13.65,13.61,13.84,13.58,14174,65824895.0,1.9,-0.44,-0.06,1.57
496,2017-02-16,13.67,13.67,13.72,13.59,10052,46427968.0,0.96,0.44,0.06,1.11
497,2017-02-17,13.67,13.4,13.71,13.38,10854,49654147.0,2.41,-1.98,-0.27,1.2
498,2017-02-20,13.35,13.69,13.7,13.29,11745,53854708.0,3.06,2.16,0.29,1.3
499,2017-02-21,13.72,13.77,13.82,13.63,10588,49277578.0,1.39,0.58,0.08,1.17
500,2017-02-22,13.81,13.99,14.05,13.74,14758,69247482.0,2.25,1.6,0.22,1.64
501,2017-02-23,13.91,13.96,14.05,13.8,11466,53872816.0,1.79,-0.21,-0.03,1.27
502,2017-02-24,13.96,14.14,14.26,13.89,14856,70827603.0,2.65,1.29,0.18,1.65
503,2017-02-27,14.16,14.01,14.26,13.91,13009,61905446.0,2.48,-0.92,-0.13,1.44
504,2017-02-28,13.96,14.04,14.07,13.96,6564,31041695.0,0.79,0.21,0.03,0.73
505,2017-03-01,13.99,14.04,14.09,13.92,10645,50383057.0,1.21,0.0,0.0,1.18
506,2017-03-02,14.06,14.33,14.5,14.01,25031,120763064.0,3.49,2.07,0.29,2.77
507,2017-03-03,14.27,14.38,14.44,14.22,20375,98399036.0,1.54,0.35,0.05,2.26
508,2017-03-06,14.43,14.53,14.73,14.38,31468,154450981.0,2.43,1.04,0.15,3.49
509,2017-03-07,14.51,14.53,14.68,14.46,15245,74814955.0,1.51,0.0,0.0,1.69
510,2017-03-08,14.54,14.36,14.59,14.33,12792,62120704.0,1.79,-1.17,-0.17,1.42
511,2017-03-09,14.36,14.62,14.72,14.3,21118,103577462.0,2.92,1.81,0.26,2.34
512,2017-03-10,14.64,14.63,14.69,14.53,15345,75524633.0,1.09,0.07,0.01,1.7
513,2017-03-13,14.58,14.61,14.8,14.28,18096,89051728.0,3.55,-0.14,-0.02,2.01
514,2017-03-14,14.64,14.79,14.95,14.61,20403,101468568.0,2.33,1.23,0.18,2.26
515,2017-03-15,14.72,14.79,14.88,14.67,15949,79130093.0,1.42,0.0,0.0,1.77
516,2017-03-16,14.88,15.13,15.16,14.74,27793,139754788.0,2.84,2.3,0.34,3.08
517,2017-03-17,15.12,15.21,15.82,15.12,47950,248383482.0,4.63,0.53,0.08,5.32
518,2017-03-20,15.21,15.63,15.77,15.21,46388,241500966.0,3.68,2.76,0.42,5.14
519,2017-03-21,14.95,14.51,15.04,14.49,78617,387964160.0,3.52,-7.17,-1.12,8.71
520,2017-03-22,14.42,14.63,14.66,14.26,32263,157487017.0,2.76,0.83,0.12,3.58
521,2017-03-23,14.66,14.44,14.68,14.26,24068,117153717.0,2.87,-1.3,-0.19,2.67
522,2017-03-24,14.43,14.44,14.55,14.34,17397,84769132.0,1.45,0.0,0.0,1.93
523,2017-03-27,14.47,14.38,14.53,14.37,14486,70536412.0,1.11,-0.42,-0.06,1.61
524,2017-03-28,14.38,14.07,14.46,13.95,28922,138006154.0,3.55,-2.16,-0.31,3.21
525,2017-03-29,14.07,13.81,14.07,13.8,19914,93417422.0,1.92,-1.85,-0.26,2.21
526,2017-03-30,13.84,13.49,13.89,13.45,22466,103601895.0,3.19,-2.32,-0.32,2.49
527,2017-03-31,13.49,13.71,13.73,13.49,11674,53981578.0,1.78,1.63,0.22,1.29
528,2017-04-05,13.72,14.03,14.06,13.72,16090,75764047.0,2.48,2.33,0.32,1.78
529,2017-04-06,14.05,13.99,14.12,13.97,11746,55603577.0,1.07,-0.29,-0.04,1.3
530,2017-04-07,13.97,13.99,14.1,13.92,11311,53486514.0,1.29,0.0,0.0,1.25
531,2017-04-10,14.01,13.6,14.02,13.58,15336,71297484.0,3.15,-2.79,-0.39,1.7
532,2017-04-11,13.63,13.82,13.91,13.58,15212,70881968.0,2.43,1.62,0.22,1.69
533,2017-04-12,13.83,13.63,13.83,13.58,8893,41239107.0,1.81,-1.37,-0.19,0.99
534,2017-04-13,13.62,13.59,13.76,13.57,9404,43484719.0,1.39,-0.29,-0.04,1.04
535,2017-04-14,13.59,13.48,13.59,13.37,12437,56672084.0,1.62,-0.81,-0.11,1.38
536,2017-04-17,13.41,13.34,13.53,13.29,7709,34982709.0,1.78,-1.04,-0.14,0.85
537,2017-04-18,13.34,13.38,13.53,13.34,8673,39544527.0,1.42,0.3,0.04,0.96
538,2017-04-19,13.35,13.66,13.71,13.35,11206,51466187.0,2.69,2.09,0.28,1.24
539,2017-04-20,13.69,13.65,13.78,13.6,8143,37701433.0,1.32,-0.07,-0.01,0.9
540,2017-04-21,13.66,13.53,13.66,13.4,7823,35848748.0,1.9,-0.88,-0.12,0.87
541,2017-04-24,13.57,13.36,13.58,13.35,10238,46682261.0,1.7,-1.26,-0.17,1.13
542,2017-04-25,13.42,13.47,13.57,13.4,7601,34747819.0,1.27,0.82,0.11,0.84
543,2017-04-26,11.98,11.98,11.98,11.98,6749,27745139.0,0.0,-11.06,-1.49,0.75
544,2017-04-27,10.93,10.89,11.11,10.67,53037,194027775.0,3.67,-9.1,-1.09,5.88
545,2017-04-28,10.8,10.84,10.91,10.67,16524,60411041.0,2.2,-0.46,-0.05,1.83
546,2017-05-02,10.83,10.27,10.83,10.26,30080,106856473.0,5.26,-5.26,-0.57,3.33
547,2017-05-03,10.31,10.42,10.47,10.26,12379,43602184.0,2.04,1.46,0.15,1.37
548,2017-05-04,10.44,10.28,10.46,10.26,9828,34460393.0,1.92,-1.34,-0.14,1.09
549,2017-05-05,10.26,10.2,10.36,10.18,8880,31026009.0,1.75,-0.78,-0.08,0.98
550,2017-05-08,10.14,9.62,10.14,9.59,18229,61146422.0,5.39,-5.69,-0.58,2.02
551,2017-05-09,9.7,9.75,9.82,9.53,10282,34063506.0,3.01,1.35,0.13,1.14
552,2017-05-10,9.77,9.55,9.83,9.53,8622,28616704.0,3.08,-2.05,-0.2,0.96
553,2017-05-11,9.32,9.54,9.59,9.29,12457,40220751.0,3.14,-0.1,-0.01,1.38
554,2017-05-12,9.58,9.39,9.58,9.32,11279,36329008.0,2.73,-1.57,-0.15,1.25
555,2017-05-15,9.49,9.4,9.49,9.35,6752,21788163.0,1.49,0.11,0.01,0.75
556,2017-05-16,9.45,9.76,9.77,9.35,10371,33949681.0,4.47,3.83,0.36,1.15
557,2017-05-17,9.75,9.78,9.87,9.65,11263,37622112.0,2.25,0.2,0.02,1.25
558,2017-05-18,9.66,9.63,9.83,9.62,6986,23150583.0,2.15,-1.53,-0.15,0.77
559,2017-05-19,9.66,9.55,9.74,9.51,6142,20161809.0,2.39,-0.83,-0.08,0.68
560,2017-05-22,9.46,9.23,9.58,9.01,12430,39480164.0,5.97,-3.35,-0.32,1.38
561,2017-05-23,9.14,8.85,9.32,8.82,12117,37933770.0,5.42,-4.12,-0.38,1.34
562,2017-05-24,8.85,9.06,9.13,8.77,9425,29266184.0,4.07,2.37,0.21,1.04
563,2017-05-25,9.13,9.19,9.25,9.02,7979,25065394.0,2.54,1.43,0.13,0.88
564,2017-05-26,9.19,9.13,9.26,9.07,6746,21247734.0,2.07,-0.65,-0.06,0.75
565,2017-05-31,9.28,9.16,9.48,9.09,11104,35369441.0,4.27,0.33,0.03,1.23
566,2017-06-01,9.22,8.94,9.22,8.84,6848,21320053.0,4.15,-2.4,-0.22,0.76
567,2017-06-02,8.87,9.14,9.17,8.85,8984,28015707.0,3.58,2.24,0.2,1.0
568,2017-06-05,9.29,9.34,9.48,9.18,8115,26116539.0,3.28,2.19,0.2,0.9
569,2017-06-06,9.32,9.43,9.45,9.32,6399,20661820.0,1.39,0.96,0.09,0.71
570,2017-06-07,9.44,9.57,9.59,9.44,9115,29740688.0,1.59,1.48,0.14,1.01
571,2017-06-08,9.57,9.47,9.61,9.39,9280,30092064.0,2.3,-1.04,-0.1,1.03
572,2017-06-09,9.47,9.45,9.48,9.33,6256,20154008.0,1.58,-0.21,-0.02,0.69
573,2017-06-12,9.44,9.2,9.44,9.2,5887,18802050.0,2.54,-2.65,-0.25,0.65
574,2017-06-13,9.17,9.51,9.59,9.13,8713,28167744.0,5.0,3.37,0.31,0.97
575,2017-06-14,9.52,9.56,9.61,9.44,7906,25754121.0,1.79,0.53,0.05,0.88
576,2017-06-15,9.56,9.66,9.76,9.51,9120,30053632.0,2.62,1.05,0.1,1.01
577,2017-06-16,9.66,9.56,9.7,9.52,6669,21928066.0,1.86,-1.04,-0.1,0.74
578,2017-06-19,9.62,9.73,9.75,9.53,9012,29836437.0,2.3,1.78,0.17,1.0
579,2017-06-20,9.66,9.61,9.79,9.58,8037,26641704.0,2.16,-1.23,-0.12,0.89
580,2017-06-21,9.63,9.61,9.72,9.53,6044,19832729.0,1.98,0.0,0.0,0.67
581,2017-06-22,9.62,9.45,9.65,9.44,6033,19769252.0,2.19,-1.66,-0.16,0.67
582,2017-06-23,9.45,9.42,9.55,9.09,11293,36030218.0,4.87,-0.32,-0.03,1.25
583,2017-06-26,9.39,9.52,9.57,9.27,7799,25155787.0,3.18,1.06,0.1,0.86
584,2017-06-27,9.51,9.45,9.57,9.42,5880,19102328.0,1.58,-0.74,-0.07,0.65
585,2017-06-28,9.45,9.3,9.48,9.29,5119,16426647.0,2.01,-1.59,-0.15,0.57
586,2017-06-29,9.35,9.26,9.39,9.23,8586,27438706.0,1.72,-0.43,-0.04,0.95
587,2017-06-30,9.26,9.33,9.36,9.21,6470,20615704.0,1.62,0.76,0.07,0.72
588,2017-07-03,9.29,9.37,9.39,9.22,7596,24212759.0,1.82,0.43,0.04,0.84
589,2017-07-04,9.43,9.26,9.49,9.23,7361,23517687.0,2.77,-1.17,-0.11,0.82
590,2017-07-05,9.27,9.31,9.32,9.25,5741,18293545.0,0.76,0.54,0.05,0.64
591,2017-07-06,9.35,9.26,9.36,9.18,9348,29735769.0,1.93,-0.54,-0.05,1.04
592,2017-07-07,9.26,9.33,9.33,9.22,9268,29498673.0,1.19,0.76,0.07,1.03
593,2017-07-10,9.3,9.18,9.31,9.06,12322,38829809.0,2.68,-1.61,-0.15,1.37
594,2017-07-11,9.18,9.01,9.18,9.01,8518,26618566.0,1.85,-1.85,-0.17,0.94
595,2017-07-12,9.01,9.02,9.06,8.8,9437,29001771.0,2.89,0.11,0.01,1.05
596,2017-07-13,9.02,8.9,9.02,8.89,5965,18340057.0,1.44,-1.33,-0.12,0.66
597,2017-07-14,8.9,8.83,8.94,8.81,6336,19386207.0,1.46,-0.79,-0.07,0.7
598,2017-07-17,8.83,8.41,8.83,8.13,16309,47538361.0,7.93,-4.76,-0.42,1.81
599,2017-07-18,8.35,8.36,8.44,8.24,7353,21323544.0,2.38,-0.59,-0.05,0.82
600,2017-07-19,8.34,8.49,8.51,8.28,8363,24394387.0,2.75,1.56,0.13,0.93
601,2017-07-20,8.53,8.51,8.61,8.48,8592,25428224.0,1.53,0.24,0.02,0.95
602,2017-07-21,8.51,8.49,8.6,8.41,8741,25737377.0,2.23,-0.24,-0.02,0.97
603,2017-07-24,8.44,8.58,8.6,8.41,14117,41553490.0,2.24,1.06,0.09,1.56
604,2017-07-25,8.57,8.54,8.62,8.5,6396,18922101.0,1.4,-0.47,-0.04,0.71
605,2017-07-26,8.51,8.47,8.57,8.42,6444,18939094.0,1.76,-0.82,-0.07,0.71
606,2017-07-27,8.44,8.7,8.74,8.42,10344,30821739.0,3.78,2.72,0.23,1.15
607,2017-07-28,8.74,8.67,8.75,8.65,5849,17578115.0,1.15,-0.34,-0.03,0.65
608,2017-07-31,8.64,9.65,9.65,8.61,41863,133741232.0,12.0,11.3,0.98,4.64
609,2017-08-01,9.66,9.79,10.26,9.66,57912,196105391.0,6.22,1.45,0.14,6.42
610,2017-08-02,9.78,9.64,9.87,9.43,29883,98220428.0,4.49,-1.53,-0.15,3.31
611,2017-08-03,9.53,9.47,9.85,9.46,18058,59341547.0,4.05,-1.76,-0.17,2.0
612,2017-08-04,9.52,9.25,9.59,9.23,15390,49516430.0,3.8,-2.32,-0.22,1.71
613,2017-08-07,9.2,9.33,9.41,9.2,9776,31298799.0,2.27,0.86,0.08,1.08
614,2017-08-08,9.36,9.16,9.54,9.07,18008,57415399.0,5.04,-1.82,-0.17,2.0
615,2017-08-09,9.16,9.21,9.25,9.06,9334,29379425.0,2.07,0.55,0.05,1.03
616,2017-08-10,9.12,8.89,9.25,8.87,15277,47360709.0,4.13,-3.47,-0.32,1.69
617,2017-08-11,8.88,8.78,8.96,8.71,8792,26920772.0,2.81,-1.24,-0.11,0.97
618,2017-08-14,8.76,8.97,9.03,8.74,8080,24922936.0,3.3,2.16,0.19,0.9
619,2017-08-15,8.93,9.06,9.07,8.92,8133,25213596.0,1.67,1.0,0.09,0.9
620,2017-08-16,8.96,9.45,9.61,8.92,22645,71896827.0,7.62,4.3,0.39,2.51
621,2017-08-17,9.39,9.29,9.39,9.26,14128,45110696.0,1.38,-1.69,-0.16,1.57
622,2017-08-18,9.3,9.31,9.4,9.24,12040,38400755.0,1.72,0.22,0.02,1.33
623,2017-08-21,9.33,9.18,9.35,9.11,13412,42336168.0,2.58,-1.4,-0.13,1.49
624,2017-08-22,9.12,9.05,9.18,8.96,12544,39018073.0,2.4,-1.42,-0.13,1.39
625,2017-08-23,9.01,8.96,9.09,8.94,7844,24282151.0,1.66,-0.99,-0.09,0.87
626,2017-08-24,8.96,8.81,8.96,8.76,8197,25036193.0,2.23,-1.67,-0.15,0.91
627,2017-08-25,8.79,8.94,8.96,8.79,5469,16821982.0,1.93,1.48,0.13,0.61
628,2017-08-28,8.98,9.07,9.07,8.97,9053,28169073.0,1.12,1.45,0.13,1.0
629,2017-08-29,9.07,9.14,9.23,9.07,15001,47262588.0,1.76,0.77,0.07,1.66
630,2017-08-30,9.11,9.03,9.14,9.01,11951,37202695.0,1.42,-1.2,-0.11,1.32
631,2017-08-31,9.01,8.94,9.06,8.87,8702,26840643.0,2.1,-1.0,-0.09,0.96
632,2017-09-01,8.93,8.99,9.04,8.87,8608,26589317.0,1.9,0.56,0.05,0.95
633,2017-09-04,8.97,9.1,9.11,8.97,15920,49574946.0,1.56,1.22,0.11,1.76
634,2017-09-05,9.12,9.26,9.26,9.06,19106,60278875.0,2.2,1.76,0.16,0.48
635,2017-09-06,9.21,9.51,9.61,9.21,30903,100215801.0,4.32,2.7,0.25,0.77
636,2017-09-07,9.49,9.37,9.61,9.35,18288,59244327.0,2.73,-1.47,-0.14,0.45
637,2017-09-08,9.39,9.54,9.61,9.33,18231,59261072.0,2.99,1.81,0.17,0.45
638,2017-09-11,9.59,9.97,10.14,9.49,33800,113340811.0,6.81,4.51,0.43,0.84
639,2017-09-12,10.03,9.83,10.1,9.82,24231,82338100.0,2.81,-1.4,-0.14,0.6
640,2017-09-13,9.82,10.6,10.63,9.76,42316,148215306.0,8.85,7.83,0.77,1.05
641,2017-09-14,10.63,10.51,10.9,10.39,36900,132552245.0,4.81,-0.85,-0.09,0.92
642,2017-09-15,10.48,10.13,10.5,10.12,19362,67459480.0,3.62,-3.62,-0.38,0.48
643,2017-09-18,10.14,10.23,10.29,9.9,22787,78731815.0,3.85,0.99,0.1,0.57
644,2017-09-19,10.23,10.08,10.38,10.04,20548,71428510.0,3.32,-1.47,-0.15,0.51
645,2017-09-20,10.14,10.29,10.47,10.04,18322,64018179.0,4.27,2.08,0.21,0.46
646,2017-09-21,10.21,10.36,10.57,10.21,19178,67573604.0,3.5,0.68,0.07,0.48
647,2017-09-22,10.36,10.04,10.36,9.98,13383,46010969.0,3.67,-3.09,-0.32,0.33
648,2017-09-25,9.98,9.86,10.13,9.85,7781,26399187.0,2.79,-1.79,-0.18,0.19
649,2017-09-26,9.92,10.07,10.11,9.8,8359,28477992.0,3.14,2.13,0.21,0.21
650,2017-09-27,9.99,10.08,10.11,9.92,6212,21235252.0,1.89,0.1,0.01,0.15
651,2017-09-28,9.99,10.24,10.27,9.92,11023,37872712.0,3.47,1.59,0.16,0.27
652,2017-09-29,10.14,10.33,10.45,10.14,10962,38426409.0,3.03,0.88,0.09,0.27
653,2017-10-09,10.38,10.29,10.51,10.19,14503,50759564.0,3.1,-0.39,-0.04,0.36
654,2017-10-10,10.32,10.39,10.4,10.2,8749,30583942.0,1.94,0.97,0.1,0.22
655,2017-10-11,10.39,10.24,10.45,10.21,9430,33125052.0,2.31,-1.44,-0.15,0.23
656,2017-10-12,10.24,9.91,10.31,9.87,13605,46508075.0,4.3,-3.22,-0.33,0.34
657,2017-10-13,9.9,10.36,10.42,9.89,18227,63137112.0,5.35,4.54,0.45,0.45
658,2017-10-16,10.43,10.18,10.44,10.0,12021,41600641.0,4.25,-1.74,-0.18,0.3
659,2017-10-17,10.23,9.99,10.23,9.91,7588,25948697.0,3.14,-1.87,-0.19,0.19
660,2017-10-18,10.14,10.14,10.2,9.99,9769,33605180.0,2.1,1.5,0.15,0.24
661,2017-10-19,10.16,10.18,10.22,9.98,10306,35425003.0,2.37,0.39,0.04,0.26
662,2017-10-20,10.31,10.33,10.36,10.15,8558,29916500.0,2.06,1.47,0.15,0.21
663,2017-10-23,10.32,10.31,10.37,10.21,6294,21968209.0,1.55,-0.19,-0.02,0.16
664,2017-10-24,10.41,10.25,10.41,10.13,7334,25574353.0,2.72,-0.58,-0.06,0.18
665,2017-10-25,10.3,11.17,11.32,10.26,48560,179521617.0,10.34,8.98,0.92,1.21
666,2017-10-26,11.13,11.07,11.22,10.9,28120,104636642.0,2.86,-0.9,-0.1,0.7
667,2017-10-27,11.06,10.85,11.11,10.78,18569,68469481.0,2.98,-1.99,-0.22,0.46
668,2017-10-30,10.85,11.29,11.53,10.83,48358,182863111.0,6.45,4.06,0.44,1.2
669,2017-10-31,11.19,11.66,11.72,11.13,32084,123766525.0,5.23,3.28,0.37,0.8
670,2017-11-01,11.55,11.42,11.9,11.35,25687,100322482.0,4.72,-2.06,-0.24,0.64
671,2017-11-02,11.4,11.51,11.66,11.37,16216,62827668.0,2.54,0.79,0.09,0.4
672,2017-11-03,11.41,11.29,11.57,11.06,19568,74253918.0,4.43,-1.91,-0.22,0.49
673,2017-11-06,11.29,11.06,11.29,10.86,19608,72814758.0,3.81,-2.04,-0.23,0.49
674,2017-11-07,11.07,11.02,11.12,10.91,15138,56159134.0,1.9,-0.36,-0.04,0.38
675,2017-11-08,11.02,11.24,11.52,11.01,17091,65073705.0,4.63,2.0,0.22,0.43
676,2017-11-09,11.2,11.13,11.28,11.03,11000,41329057.0,2.22,-0.98,-0.11,0.27
677,2017-11-10,11.13,11.78,11.8,11.13,31839,124187604.0,6.02,5.84,0.65,0.79
678,2017-11-13,11.94,11.68,12.1,11.52,35986,142272055.0,4.92,-0.85,-0.1,0.9
679,2017-11-14,11.7,12.01,12.27,11.7,31516,126839578.0,4.88,2.83,0.33,0.78
680,2017-11-15,12.01,11.86,12.43,11.81,22744,91685344.0,5.16,-1.25,-0.15,0.57
681,2017-11-16,11.81,11.74,11.94,11.49,14442,56443764.0,3.79,-1.01,-0.12,0.36
682,2017-11-17,11.7,10.98,11.79,10.82,18542,71181166.0,8.26,-6.47,-0.76,0.46
683,2017-11-20,11.08,11.22,11.4,10.56,16528,60859811.0,7.65,2.19,0.24,0.41
684,2017-11-21,11.25,10.83,11.25,10.6,25918,95340029.0,5.79,-3.48,-0.39,0.64
685,2017-11-22,10.84,10.79,10.98,10.64,12721,46539698.0,3.14,-0.37,-0.04,0.32
686,2017-11-23,10.79,10.56,10.97,10.52,13184,47969822.0,4.17,-2.13,-0.23,0.33
687,2017-11-24,10.49,10.61,10.73,10.4,7886,28243157.0,3.13,0.47,0.05,0.2
688,2017-11-27,10.61,9.56,10.67,9.49,22019,75113306.0,11.12,-9.9,-1.05,0.55
689,2017-11-28,9.49,9.92,10.08,9.49,11980,40176345.0,6.17,3.77,0.36,0.3
690,2017-11-29,9.88,10.13,10.23,9.88,11657,39989507.0,3.53,2.12,0.21,0.29
691,2017-11-30,10.14,9.95,10.25,9.9,10379,35369020.0,3.46,-1.78,-0.18,0.26
692,2017-12-01,9.89,10.11,10.2,9.85,5953,20481239.0,3.52,1.61,0.16,0.15
693,2017-12-04,10.11,10.02,10.19,9.98,9480,32533432.0,2.08,-0.89,-0.09,0.24
694,2017-12-05,9.98,9.32,10.07,9.04,17606,56861402.0,10.28,-6.99,-0.7,0.44
695,2017-12-06,9.31,9.49,9.5,9.18,9077,29190924.0,3.43,1.82,0.17,0.23
696,2017-12-07,9.59,9.54,9.65,9.44,7645,25023657.0,2.21,0.53,0.05,0.19
697,2017-12-08,9.63,9.78,9.91,9.51,8533,28470145.0,4.19,2.52,0.24,0.21
698,2017-12-11,9.8,9.64,9.86,9.4,15173,49635650.0,4.7,-1.43,-0.14,0.38
699,2017-12-12,9.56,9.61,9.76,9.52,8201,27042447.0,2.49,-0.31,-0.03,0.2
700,2017-12-13,9.65,9.68,9.7,9.45,7631,25009382.0,2.6,0.73,0.07,0.19
701,2017-12-14,9.68,9.52,9.68,9.4,10720,34861485.0,2.89,-1.65,-0.16,0.27
702,2017-12-15,9.57,9.69,9.74,9.41,9604,31666601.0,3.47,1.79,0.17,0.24
703,2017-12-18,9.6,9.7,9.81,9.46,8281,27361575.0,3.61,0.1,0.01,0.21
704,2017-12-19,9.7,9.77,9.8,9.7,6590,21981823.0,1.03,0.72,0.07,0.16
705,2017-12-20,9.78,9.71,9.8,9.59,9394,31058748.0,2.15,-0.61,-0.06,0.23
706,2017-12-21,9.66,9.68,9.77,9.58,7543,25006146.0,1.96,-0.31,-0.03,0.19
707,2017-12-22,9.68,9.96,9.98,9.65,10204,34380850.0,3.41,2.89,0.28,0.25
708,2017-12-25,9.96,9.98,10.06,9.88,8373,28444214.0,1.81,0.2,0.02,0.21
709,2017-12-26,10.11,10.0,10.11,9.88,6928,23501890.0,2.3,0.2,0.02,0.17
710,2017-12-27,9.94,9.92,10.01,9.84,7605,25690386.0,1.7,-0.8,-0.08,0.19
711,2017-12-28,9.82,9.8,9.97,9.77,8700,29216938.0,2.02,-1.21,-0.12,0.22
712,2017-12-29,9.66,10.01,10.14,9.66,9121,31094469.0,4.9,2.14,0.21,0.23
713,2018-01-02,10.0,10.09,10.12,10.0,8785,30074078.0,1.2,0.8,0.08,0.22
714,2018-01-03,10.06,10.1,10.13,9.98,9123,31306221.0,1.49,0.1,0.01,0.23
715,2018-01-04,10.15,10.18,10.19,10.05,7140,24595722.0,1.39,0.79,0.08,0.18
716,2018-01-05,10.18,10.23,10.24,10.04,8478,29284580.0,1.96,0.49,0.05,0.21
717,2018-01-08,10.39,10.4,10.63,10.29,11065,39018390.0,3.32,1.66,0.17,0.28
718,2018-01-09,10.31,10.41,10.45,10.25,6286,22054061.0,1.92,0.1,0.01,0.16
719,2018-01-10,10.43,10.08,10.5,10.03,8505,29468092.0,4.51,-3.17,-0.33,0.21
720,2018-01-11,10.11,10.04,10.2,9.94,6342,21653888.0,2.58,-0.4,-0.04,0.16
721,2018-01-12,10.02,10.07,10.08,9.95,5625,19182253.0,1.29,0.3,0.03,0.14
722,2018-01-15,10.05,10.08,10.13,9.85,8890,30348865.0,2.78,0.1,0.01,0.22
723,2018-01-16,9.98,9.98,10.13,9.95,8961,30673945.0,1.79,-0.99,-0.1,0.22
724,2018-01-17,9.92,9.87,10.02,9.75,6888,23204494.0,2.71,-1.1,-0.11,0.17
725,2018-01-18,9.87,9.82,9.91,9.75,5252,17640324.0,1.62,-0.51,-0.05,0.13
726,2018-01-19,9.82,9.86,10.03,9.82,5598,18894926.0,2.14,0.41,0.04,0.14
727,2018-01-22,9.85,9.76,9.88,9.66,7256,24191807.0,2.23,-1.01,-0.1,0.18
728,2018-01-23,9.72,9.71,9.83,9.69,5609,18625596.0,1.43,-0.51,-0.05,0.14
729,2018-01-24,9.73,9.84,9.88,9.71,7501,25022038.0,1.75,1.34,0.13,0.19
730,2018-01-25,9.96,9.92,9.97,9.79,6279,21235538.0,1.83,0.81,0.08,0.16
731,2018-01-26,9.92,9.84,9.94,9.79,3507,11763807.0,1.51,-0.81,-0.08,0.09
732,2018-01-29,9.82,9.75,9.84,9.52,6964,23018467.0,3.25,-0.91,-0.09,0.17
733,2018-01-30,9.77,9.8,9.88,9.59,4685,15657997.0,2.97,0.51,0.05,0.12
734,2018-01-31,9.69,9.62,9.82,9.58,4648,15345483.0,2.45,-1.84,-0.18,0.12
735,2018-02-01,9.72,9.38,9.74,9.37,11394,36817910.0,3.85,-2.49,-0.24,0.28
736,2018-02-02,9.37,9.19,9.41,9.1,9476,29957168.0,3.3,-2.03,-0.19,0.24
737,2018-02-05,9.0,8.93,9.16,8.87,11595,35826773.0,3.16,-2.83,-0.26,0.29
738,2018-02-06,8.9,8.36,8.98,8.34,16866,50203788.0,7.17,-6.38,-0.57,0.42
739,2018-02-07,8.47,8.59,8.79,8.37,9888,29284442.0,5.02,2.75,0.23,0.25
740,2018-02-08,8.41,8.9,9.0,8.41,6777,20684634.0,6.87,3.61,0.31,0.17
741,2018-02-09,8.77,8.62,8.88,8.48,7981,23738357.0,4.49,-3.15,-0.28,0.2
742,2018-02-12,8.73,9.1,9.26,8.62,7663,23780800.0,7.42,5.57,0.48,0.19
743,2018-02-13,9.1,9.27,9.36,9.04,5226,16665796.0,3.52,1.87,0.17,0.13
744,2018-02-14,9.3,9.19,9.3,9.1,2659,8401139.0,2.16,-0.86,-0.08,0.07
745,2018-02-22,9.2,9.33,9.39,9.2,2290,7311770.0,2.07,1.52,0.14,0.06
746,2018-02-23,9.26,9.48,9.53,9.22,4107,13299876.0,3.32,1.61,0.15,0.1
747,2018-02-26,9.47,9.89,9.91,9.34,6207,20689623.0,6.01,4.32,0.41,0.15
748,2018-02-27,9.81,9.82,9.94,9.64,5883,19666459.0,3.03,-0.71,-0.07,0.15
749,2018-02-28,9.79,9.95,9.96,9.73,5651,19049724.0,2.34,1.32,0.13,0.14
750,2018-03-01,9.98,9.85,10.04,9.75,3904,13125291.0,2.91,-1.01,-0.1,0.1
751,2018-03-02,9.85,9.79,9.91,9.71,2640,8819101.0,2.03,-0.61,-0.06,0.07
752,2018-03-05,9.87,9.67,9.95,9.64,2446,8100327.0,3.17,-1.23,-0.12,0.06
753,2018-03-06,9.67,9.88,9.9,9.54,3309,11082553.0,3.72,2.17,0.21,0.08
754,2018-03-07,9.88,9.87,9.95,9.67,6645,22350245.0,2.83,-0.1,-0.01,0.17
755,2018-03-08,9.77,9.8,9.86,9.73,2946,9833480.0,1.32,-0.71,-0.07,0.07
756,2018-03-09,9.8,9.92,9.92,9.7,3954,13251185.0,2.24,1.22,0.12,0.1
757,2018-03-12,9.98,10.32,10.33,9.94,12733,44284370.0,3.93,4.03,0.4,0.32
758,2018-03-13,10.31,10.22,10.38,10.12,8131,28278119.0,2.52,-0.97,-0.1,0.2
759,2018-03-14,10.17,9.94,10.22,9.93,7317,24951834.0,2.84,-2.74,-0.28,0.18
760,2018-03-15,9.98,9.55,9.98,9.46,11041,36251642.0,5.23,-3.92,-0.39,0.27
761,2018-03-16,9.83,10.12,10.37,9.62,20687,71107472.0,7.85,5.97,0.57,0.51
762,2018-03-19,10.23,9.88,10.23,9.79,13102,44402574.0,4.35,-2.37,-0.24,0.33
763,2018-03-20,9.79,9.88,9.94,9.56,10955,36519992.0,3.85,0.0,0.0,0.27
764,2018-03-21,9.8,9.93,10.12,9.8,12130,41335925.0,3.24,0.51,0.05,0.3
765,2018-03-22,9.96,9.63,10.04,9.61,9240,30998606.0,4.33,-3.02,-0.3,0.23
766,2018-03-23,9.33,9.42,9.78,9.26,13366,43514449.0,5.4,-2.18,-0.21,0.33
767,2018-03-26,9.35,10.41,10.48,9.33,30859,105968955.0,12.21,10.51,0.99,0.77
768,2018-03-27,10.54,10.37,10.6,10.27,19903,70263002.0,3.17,-0.38,-0.04,0.5
769,2018-03-28,10.36,10.83,11.05,10.2,25818,92480661.0,8.2,4.44,0.46,0.64
770,2018-03-29,10.68,10.63,10.85,10.48,19786,71183849.0,3.42,-1.85,-0.2,0.49
771,2018-03-30,10.6,10.85,10.9,10.58,17941,65334406.0,3.01,2.07,0.22,0.45
772,2018-04-02,10.86,11.09,11.12,10.61,18975,69633517.0,4.7,2.21,0.24,0.47
773,2018-04-03,10.88,11.15,11.24,10.78,11578,43133382.0,4.15,0.54,0.06,0.29
774,2018-04-04,11.16,10.81,11.2,10.8,9442,34906126.0,3.59,-3.05,-0.34,0.23
775,2018-04-09,10.65,10.99,11.06,10.64,7393,27246168.0,3.89,1.67,0.18,0.18
776,2018-04-10,10.99,10.97,11.14,10.85,6563,24368060.0,2.64,-0.18,-0.02,0.16
777,2018-04-11,10.91,11.02,11.09,10.91,6521,24282347.0,1.64,0.46,0.05,0.16
778,2018-04-12,10.93,10.75,11.09,10.74,7339,26976143.0,3.18,-2.45,-0.27,0.18
779,2018-04-13,10.8,11.06,11.23,10.8,11226,41986089.0,4.0,2.88,0.31,0.28
780,2018-04-16,11.19,10.75,11.23,10.55,9598,35282189.0,6.15,-2.8,-0.31,0.24
781,2018-04-17,10.8,10.74,10.96,10.63,4965,18075357.0,3.07,-0.09,-0.01,0.12
782,2018-04-18,10.74,10.54,10.83,10.19,11061,39131883.0,5.96,-1.86,-0.2,0.28
783,2018-04-19,10.58,10.81,10.84,10.44,6417,23294849.0,3.8,2.56,0.27,0.16
784,2018-04-20,10.65,10.54,10.68,10.44,8147,29102393.0,2.22,-2.5,-0.27,0.2
785,2018-04-23,10.36,10.38,10.54,9.76,12567,43287440.0,7.4,-1.52,-0.16,0.31
786,2018-04-24,10.26,10.44,10.5,10.11,11810,41452601.0,3.76,0.58,0.06,0.29
787,2018-04-25,10.35,10.35,10.5,10.22,5782,20346628.0,2.68,-0.86,-0.09,0.14
788,2018-04-26,10.31,10.13,10.45,10.1,3672,12711991.0,3.38,-2.13,-0.22,0.09
789,2018-04-27,10.33,10.27,10.33,10.01,3123,10875485.0,3.16,1.38,0.14,0.08
790,2018-05-02,10.34,10.64,10.69,10.05,10685,37998972.0,6.23,3.6,0.37,0.27
791,2018-05-03,10.55,10.92,11.07,10.5,11949,43670223.0,5.36,2.63,0.28,0.3
792,2018-05-04,10.79,10.88,11.08,10.79,8477,31392229.0,2.66,-0.37,-0.04,0.21
793,2018-05-07,10.92,11.29,11.58,10.55,19160,71905880.0,9.47,3.77,0.41,0.48
794,2018-05-08,11.13,11.38,11.54,11.13,12299,47170119.0,3.63,0.8,0.09,0.31
795,2018-05-09,11.38,11.48,11.51,11.29,7694,29596697.0,1.93,0.88,0.1,0.19
796,2018-05-10,11.48,11.45,11.71,11.34,9273,35975243.0,3.22,-0.26,-0.03,0.23
797,2018-05-11,11.37,11.64,11.68,11.37,8903,34731552.0,2.71,1.66,0.19,0.22
798,2018-05-14,11.64,11.58,11.78,11.53,8734,34193133.0,2.15,-0.52,-0.06,0.22
799,2018-05-15,11.52,12.11,12.2,11.52,15568,62365611.0,5.87,4.58,0.53,0.39
800,2018-05-16,12.11,11.96,12.14,11.81,7868,31563781.0,2.73,-1.24,-0.15,0.2
801,2018-05-17,11.78,11.66,12.0,11.59,7087,27828741.0,3.43,-2.51,-0.3,0.18
802,2018-05-18,11.63,12.01,12.1,11.63,6877,27522339.0,4.03,3.0,0.35,0.17
803,2018-05-21,12.0,12.15,12.49,12.0,8258,34029004.0,4.08,1.17,0.14,0.21
804,2018-05-22,12.27,12.73,12.76,12.17,12107,50701596.0,4.86,4.77,0.58,0.3
805,2018-05-23,12.72,12.38,12.72,12.27,8206,34082892.0,3.53,-2.75,-0.35,0.2
806,2018-05-24,12.58,12.1,12.59,12.01,10555,43050018.0,4.68,-2.26,-0.28,0.26
807,2018-05-25,12.24,12.07,12.24,11.98,6008,24334396.0,2.15,-0.25,-0.03,0.15
808,2018-05-28,12.06,11.96,12.29,11.72,8247,33159165.0,4.72,-0.91,-0.11,0.21
809,2018-05-29,11.81,12.01,12.19,11.81,11600,46799493.0,3.18,0.42,0.05,0.29
810,2018-05-30,12.0,11.82,12.01,11.58,13866,41556947.0,3.58,-1.58,-0.19,0.27
811,2018-05-31,11.83,11.11,12.02,10.85,28483,81054041.0,9.9,-6.01,-0.71,0.55
812,2018-06-01,11.17,10.84,11.17,10.73,19842,55196486.0,3.96,-2.43,-0.27,0.38
813,2018-06-04,9.97,9.66,10.32,9.66,40932,102391173.0,6.09,-10.89,-1.18,0.78
814,2018-06-05,9.38,9.36,9.52,9.27,37469,91148625.0,2.59,-3.11,-0.3,0.72
815,2018-06-06,9.29,9.76,9.79,9.29,27714,68983342.0,5.34,4.27,0.4,0.53
816,2018-06-07,9.81,9.13,9.84,8.86,50082,119473106.0,10.04,-6.45,-0.63,0.96
817,2018-06-08,9.09,9.12,9.24,8.86,19428,45406536.0,4.16,-0.11,-0.01,0.37
818,2018-06-11,9.19,9.35,9.51,8.9,24931,60159323.0,6.69,2.52,0.23,0.48
819,2018-06-12,9.37,9.18,9.43,9.0,15766,37527081.0,4.6,-1.82,-0.17,0.3
820,2018-06-13,9.23,8.91,9.24,8.9,16866,39485666.0,3.7,-2.94,-0.27,0.32
821,2018-06-14,8.85,8.65,9.08,8.56,17686,40545585.0,5.84,-2.92,-0.26,0.34
822,2018-06-15,8.7,8.78,9.14,8.66,22846,52508817.0,5.55,1.5,0.13,0.44
823,2018-06-19,8.85,8.33,8.96,8.06,19206,42404530.0,10.25,-5.13,-0.45,0.37
824,2018-06-20,8.36,8.92,8.99,8.33,17175,38861488.0,7.92,7.08,0.59,0.33
825,2018-06-21,8.98,8.41,8.98,8.37,27574,61108691.0,6.84,-5.72,-0.51,0.53
826,2018-06-22,8.11,8.36,8.4,8.05,11017,23735142.0,4.16,-0.59,-0.05,0.21
827,2018-06-25,8.41,8.14,8.5,8.06,12113,26071868.0,5.26,-2.63,-0.22,0.23
828,2018-06-26,7.98,8.17,8.32,7.86,8648,18466089.0,5.65,0.37,0.03,0.17
829,2018-06-27,8.27,8.33,8.44,7.93,12867,28089863.0,6.24,1.96,0.16,0.25
830,2018-06-28,8.41,8.25,8.41,8.2,7420,16135818.0,2.52,-0.96,-0.08,0.14
831,2018-06-29,8.4,8.41,8.48,8.2,5472,12007060.0,3.39,1.94,0.16,0.1
832,2018-07-02,8.44,8.26,8.58,8.13,7123,15654696.0,5.35,-1.78,-0.15,0.14
833,2018-07-03,8.41,8.5,8.55,8.07,9885,21655991.0,5.81,2.91,0.24,0.19
834,2018-07-04,8.41,8.27,8.53,8.25,5739,12551442.0,3.29,-2.71,-0.23,0.11
835,2018-07-05,8.24,8.34,8.5,8.13,10947,23966383.0,4.47,0.85,0.07,0.21
836,2018-07-06,8.21,8.34,8.49,8.0,6337,13724674.0,5.88,0.0,0.0,0.12
837,2018-07-09,8.34,8.5,8.51,8.22,5837,12874347.0,3.48,1.92,0.16,0.11
838,2018-07-10,8.43,8.44,8.66,8.34,5633,12429899.0,3.76,-0.71,-0.06,0.11
839,2018-07-11,8.4,8.46,8.48,8.09,6362,13771384.0,4.62,0.24,0.02,0.12
840,2018-07-12,8.45,8.58,8.64,8.39,8420,18834149.0,2.96,1.42,0.12,0.16
841,2018-07-13,8.58,8.66,8.73,8.5,4639,10402394.0,2.68,0.93,0.08,0.09
842,2018-07-16,8.7,8.63,8.7,8.52,3982,8925957.0,2.08,-0.35,-0.03,0.08
843,2018-07-17,8.63,8.53,8.63,8.37,4600,10192778.0,3.01,-1.16,-0.1,0.09
844,2018-07-18,8.52,8.29,8.55,8.27,5656,12421983.0,3.28,-2.81,-0.24,0.11
845,2018-07-19,8.36,8.34,8.39,8.21,4190,9121797.0,2.17,0.6,0.05,0.08
846,2018-07-20,8.36,8.52,8.55,8.21,5414,11978358.0,4.08,2.16,0.18,0.1
847,2018-07-23,8.51,8.45,8.75,8.4,6904,15323874.0,4.11,-0.82,-0.07,0.13
848,2018-07-24,8.5,8.67,8.75,8.41,8992,20288332.0,4.02,2.6,0.22,0.17
849,2018-07-25,8.64,8.57,8.79,8.55,5625,12670242.0,2.77,-1.15,-0.1,0.11
850,2018-07-26,8.58,8.28,8.65,8.27,11404,24984090.0,4.43,-3.38,-0.29,0.22
851,2018-07-27,8.32,8.34,8.44,8.26,6377,13929533.0,2.17,0.72,0.06,0.12
852,2018-07-30,8.36,8.22,8.4,8.2,5778,12523664.0,2.4,-1.44,-0.12,0.11
853,2018-07-31,8.19,8.03,8.32,7.93,8746,18631921.0,4.74,-2.31,-0.19,0.17
854,2018-08-01,8.05,8.23,8.44,7.98,13646,29494443.0,5.73,2.49,0.2,0.26
855,2018-08-02,8.23,7.72,8.23,7.54,15938,32682145.0,8.38,-6.2,-0.51,0.3
856,2018-08-03,7.76,7.89,8.15,7.6,11146,23312495.0,7.12,2.2,0.17,0.21
857,2018-08-06,7.98,8.16,8.39,7.82,14626,31360927.0,7.22,3.42,0.27,0.28
858,2018-08-07,8.16,8.42,8.46,8.16,12624,27690203.0,3.68,3.19,0.26,0.24
859,2018-08-08,8.41,8.76,8.93,8.36,21158,48191442.0,6.77,4.04,0.34,0.4
860,2018-08-09,8.57,8.79,8.96,8.55,17966,41060111.0,4.68,0.34,0.03,0.34
861,2018-08-10,8.69,8.72,8.83,8.62,7615,17294283.0,2.39,-0.8,-0.07,0.15
862,2018-08-13,8.62,8.88,8.94,8.53,11632,26548374.0,4.7,1.83,0.16,0.22
863,2018-08-14,8.76,9.17,9.18,8.76,10806,25436324.0,4.73,3.27,0.29,0.21
864,2018-08-15,9.12,9.0,9.23,8.93,11082,26137022.0,3.27,-1.85,-0.17,0.21
865,2018-08-16,8.92,9.44,9.68,8.7,15579,37523100.0,10.89,4.89,0.44,0.3
866,2018-08-17,9.47,8.83,9.49,8.57,15435,36103458.0,9.75,-6.46,-0.61,0.3
867,2018-08-20,8.78,8.89,8.96,8.7,8127,18680578.0,2.94,0.68,0.06,0.16
868,2018-08-21,8.88,8.87,9.05,8.71,9440,21961330.0,3.82,-0.22,-0.02,0.18
869,2018-08-22,8.75,9.06,9.15,8.71,10175,23651766.0,4.96,2.14,0.19,0.19
870,2018-08-23,8.98,8.85,9.17,8.57,12959,29746205.0,6.62,-2.32,-0.21,0.25
871,2018-08-24,9.05,8.93,9.05,8.76,4383,10182007.0,3.28,0.9,0.08,0.08
872,2018-08-27,8.98,9.09,9.41,8.98,7861,18725136.0,4.82,1.79,0.16,0.15
873,2018-08-28,9.01,9.2,9.25,8.97,8055,19099067.0,3.08,1.21,0.11,0.15
874,2018-08-29,9.18,8.99,9.18,8.98,7145,16746378.0,2.17,-2.28,-0.21,0.14
875,2018-08-30,8.96,8.87,9.04,8.68,6250,14351944.0,4.0,-1.33,-0.12,0.12
876,2018-08-31,8.82,8.7,8.88,8.6,6854,15533549.0,3.16,-1.92,-0.17,0.13
877,2018-09-03,8.69,9.03,9.05,8.67,8970,20844636.0,4.37,3.79,0.33,0.17
878,2018-09-04,9.03,8.95,9.09,8.8,9015,20990061.0,3.21,-0.89,-0.08,0.17
879,2018-09-05,8.94,8.91,9.09,8.87,5438,12728765.0,2.46,-0.45,-0.04,0.1
880,2018-09-06,9.01,8.8,9.01,8.79,3385,7810714.0,2.47,-1.23,-0.11,0.06
881,2018-09-07,8.78,8.84,9.03,8.71,3913,8999716.0,3.64,0.45,0.04,0.07
882,2018-09-10,8.84,8.47,8.84,8.45,4294,9630000.0,4.41,-4.19,-0.37,0.08
883,2018-09-11,8.46,8.5,8.65,8.31,3186,7044174.0,4.01,0.35,0.03,0.06
884,2018-09-12,8.5,8.69,8.75,8.41,5102,11490171.0,4.0,2.24,0.19,0.1
885,2018-09-13,8.68,8.63,8.83,8.47,5393,12166824.0,4.14,-0.69,-0.06,0.1
886,2018-09-14,8.65,8.69,8.88,8.64,4975,11354888.0,2.78,0.7,0.06,0.1
887,2018-09-17,8.61,8.59,8.77,8.53,3225,7295456.0,2.76,-1.15,-0.1,0.06
888,2018-09-18,8.46,8.77,8.82,8.46,4494,10229392.0,4.19,2.1,0.18,0.09
889,2018-09-19,8.79,8.85,9.02,8.63,6027,13949726.0,4.45,0.91,0.08,0.12
890,2018-09-20,8.82,8.89,9.03,8.79,4906,11341479.0,2.71,0.45,0.04,0.09
891,2018-09-21,9.04,8.9,9.04,8.84,5383,12477334.0,2.25,0.11,0.01,0.1
892,2018-09-25,8.9,8.89,8.99,8.8,3247,7525691.0,2.13,-0.11,-0.01,0.06
893,2018-09-26,8.89,8.89,9.0,8.85,3650,8464093.0,1.69,0.0,0.0,0.07
894,2018-09-27,8.96,8.96,8.96,8.84,4992,11570185.0,1.35,0.79,0.07,0.1
895,2018-09-28,8.96,8.82,8.96,8.74,4020,9239647.0,2.46,-1.56,-0.14,0.08
896,2018-10-08,8.79,8.49,8.79,8.46,5108,11449666.0,3.74,-3.74,-0.33,0.1
897,2018-10-09,8.48,8.47,8.63,8.45,2299,5112229.0,2.12,-0.24,-0.02,0.04
898,2018-10-10,8.49,8.57,8.65,8.46,2894,6482700.0,2.24,1.18,0.1,0.06
899,2018-10-11,8.41,8.13,8.41,8.02,7012,15181392.0,4.55,-5.13,-0.44,0.13
900,2018-10-12,8.24,7.91,8.29,7.9,7661,16157518.0,4.8,-2.71,-0.22,0.15
901,2018-10-15,7.86,7.8,8.01,7.73,9396,19366690.0,3.54,-1.39,-0.11,0.18
902,2018-10-16,7.81,7.73,7.9,7.61,5033,10324724.0,3.72,-0.9,-0.07,0.1
903,2018-10-17,7.82,7.88,8.06,7.78,6613,13749120.0,3.62,1.94,0.15,0.13
904,2018-10-18,7.97,7.7,7.97,7.63,4395,8941978.0,4.31,-2.28,-0.18,0.08
905,2018-10-19,7.77,8.05,8.11,7.56,5637,11734995.0,7.14,4.55,0.35,0.11
906,2018-10-22,8.03,8.44,8.45,7.99,7354,16102250.0,5.71,4.84,0.39,0.14
907,2018-10-23,8.46,8.3,8.46,8.18,7264,15760070.0,3.32,-1.66,-0.14,0.14
908,2018-10-24,8.5,8.5,8.65,8.32,4104,9075700.0,3.98,2.41,0.2,0.08
909,2018-10-25,8.41,8.59,8.62,7.96,5763,12737700.0,7.76,1.06,0.09,0.11
910,2018-10-26,8.59,8.62,8.75,8.57,4557,10279763.0,2.1,0.35,0.03,0.09
911,2018-10-29,8.69,8.78,8.84,8.49,6040,13794795.0,4.06,1.86,0.16,0.12
912,2018-10-30,8.9,8.83,8.97,8.56,5384,12342149.0,4.67,0.57,0.05,0.1
913,2018-10-31,8.8,9.1,9.15,8.72,6875,16100285.0,4.87,3.06,0.27,0.13
914,2018-11-01,8.95,9.15,9.3,8.95,8239,19622947.0,3.85,0.55,0.05,0.16
915,2018-11-02,9.26,9.54,9.93,9.15,11752,29070685.0,8.52,4.26,0.39,0.22
916,2018-11-05,10.17,9.94,10.32,9.54,39288,101420041.0,8.18,4.19,0.4,0.75
917,2018-11-06,9.86,9.93,10.03,9.72,19669,50305593.0,3.12,-0.1,-0.01,0.38
918,2018-11-07,10.06,9.69,10.09,9.69,12480,31649781.0,4.03,-2.42,-0.24,0.24
919,2018-11-08,9.84,9.71,9.97,9.71,11719,29656111.0,2.68,0.21,0.02,0.22
920,2018-11-09,9.72,10.12,10.16,9.52,24643,62997354.0,6.59,4.22,0.41,0.47
921,2018-11-12,10.11,9.9,10.12,9.7,12364,31425070.0,4.15,-2.17,-0.22,0.24
922,2018-11-13,9.87,9.88,10.0,9.72,14036,35914293.0,2.83,-0.2,-0.02,0.27
923,2018-11-14,9.88,9.79,10.01,9.78,3754,9529402.0,2.33,-0.91,-0.09,0.07
924,2018-11-15,9.79,9.89,9.94,9.78,8111,20671104.0,1.63,1.02,0.1,0.16
925,2018-11-16,9.9,9.87,10.02,9.77,5337,13570795.0,2.53,-0.2,-0.02,0.1
926,2018-11-19,9.87,9.78,9.98,9.69,5630,14239325.0,2.94,-0.91,-0.09,0.11
927,2018-11-20,9.77,9.52,9.86,9.45,7932,19719311.0,4.19,-2.66,-0.26,0.15
928,2018-11-21,9.49,9.38,9.53,9.28,5790,14050515.0,2.63,-1.47,-0.14,0.11
929,2018-11-22,9.38,9.29,9.45,9.22,6177,14909868.0,2.45,-0.96,-0.09,0.12
930,2018-11-23,9.32,9.03,9.37,8.99,4408,10476174.0,4.09,-2.8,-0.26,0.08
931,2018-11-26,9.07,9.68,9.78,9.07,12908,31705673.0,7.86,7.2,0.65,0.25
932,2018-11-27,9.52,9.8,9.83,9.34,9330,23205830.0,5.06,1.24,0.12,0.18
933,2018-11-28,9.75,9.98,10.07,9.64,8784,22361350.0,4.39,1.84,0.18,0.17
934,2018-11-29,9.98,10.01,10.27,9.97,9609,25055591.0,3.01,0.3,0.03,0.18
935,2018-11-30,9.97,10.1,10.18,9.86,4489,11581098.0,3.2,0.9,0.09,0.09
936,2018-12-03,10.32,10.54,10.6,10.12,9381,24986484.0,4.75,4.36,0.44,0.18
937,2018-12-04,10.54,10.63,10.7,10.26,5664,15174588.0,4.17,0.85,0.09,0.11
938,2018-12-05,10.56,10.47,10.69,10.21,8865,23854237.0,4.52,-1.51,-0.16,0.17
939,2018-12-06,10.47,10.33,10.62,10.07,9319,24820262.0,5.25,-1.34,-0.14,0.18
940,2018-12-07,10.51,11.14,11.34,10.37,17098,47917267.0,9.39,7.84,0.81,0.33
941,2018-12-10,10.99,10.88,11.22,10.47,11008,30296510.0,6.73,-2.33,-0.26,0.21
942,2018-12-11,10.88,10.64,10.88,10.58,5205,14230831.0,2.76,-2.21,-0.24,0.1
943,2018-12-12,10.91,10.68,10.91,10.61,3623,9969431.0,2.82,0.38,0.04,0.07
944,2018-12-13,10.91,10.64,10.91,10.55,6317,17324886.0,3.37,-0.37,-0.04,0.12
945,2018-12-14,10.64,10.55,10.82,10.49,4843,13191054.0,3.1,-0.85,-0.09,0.09
946,2018-12-17,10.43,10.54,10.61,10.2,6902,18453465.0,3.89,-0.09,-0.01,0.13
947,2018-12-18,10.22,10.55,10.65,10.22,3952,10652004.0,4.08,0.09,0.01,0.08
948,2018-12-19,10.75,10.39,10.75,10.32,4814,12933233.0,4.08,-1.52,-0.16,0.09
949,2018-12-20,10.64,10.34,10.64,10.22,3979,10630284.0,4.04,-0.48,-0.05,0.08
950,2018-12-21,10.45,10.42,10.62,10.32,2811,7509519.0,2.9,0.77,0.08,0.05
951,2018-12-24,10.41,10.41,10.71,10.29,4796,12818468.0,4.03,-0.1,-0.01,0.09
952,2018-12-25,10.2,10.04,10.46,10.02,7571,19728096.0,4.23,-3.55,-0.37,0.14
953,2018-12-26,10.16,10.23,10.46,9.99,7838,20779758.0,4.68,1.89,0.19,0.15
954,2018-12-27,10.35,10.45,11.29,10.28,8855,23796862.0,9.87,2.15,0.22,0.17
955,2018-12-28,10.35,10.45,10.66,9.9,11437,29845762.0,7.27,0.0,0.0,0.22
956,2019-01-02,10.22,10.56,10.6,9.95,10570,28163485.0,6.22,1.05,0.11,0.2
957,2019-01-03,10.56,10.29,10.62,10.18,6366,16958975.0,4.17,-2.56,-0.27,0.12
958,2019-01-04,10.13,10.32,10.46,10.13,6915,18340628.0,3.21,0.29,0.03,0.13
959,2019-01-07,10.35,10.61,10.78,10.32,8152,22127786.0,4.46,2.81,0.29,0.16
960,2019-01-08,10.61,11.02,11.1,10.53,8967,24997779.0,5.37,3.86,0.41,0.17
961,2019-01-09,11.02,10.83,11.17,10.83,6315,17765804.0,3.09,-1.72,-0.19,0.12
962,2019-01-10,10.82,10.86,11.12,10.82,10179,28522977.0,2.77,0.28,0.03,0.19
963,2019-01-11,10.84,11.04,11.16,10.84,9229,25993444.0,2.95,1.66,0.18,0.18
964,2019-01-14,11.23,10.86,11.23,10.75,6990,19477476.0,4.35,-1.63,-0.18,0.13
965,2019-01-15,10.92,11.11,11.14,10.86,8718,24627395.0,2.58,2.3,0.25,0.17
966,2019-01-16,11.23,10.99,11.25,10.97,6026,17006521.0,2.52,-1.08,-0.12,0.12
967,2019-01-17,10.99,10.78,11.05,10.73,6768,18778970.0,2.91,-1.91,-0.21,0.13
968,2019-01-18,10.91,10.76,10.93,10.59,9119,25043692.0,3.15,-0.19,-0.02,0.17
969,2019-01-21,10.76,11.35,11.35,10.76,15354,43776241.0,5.48,5.48,0.59,0.29
970,2019-01-22,11.34,10.83,11.34,10.63,17470,48435954.0,6.26,-4.58,-0.52,0.33
971,2019-01-23,10.65,10.63,10.77,10.5,11943,32480318.0,2.49,-1.85,-0.2,0.23
972,2019-01-24,10.57,10.97,11.09,10.55,16112,44290071.0,5.08,3.2,0.34,0.31
973,2019-01-25,11.13,10.99,11.15,10.78,15611,43889939.0,3.37,0.18,0.02,0.3
974,2019-01-28,11.14,11.37,11.51,11.08,14796,42858616.0,3.91,3.46,0.38,0.28
975,2019-01-29,11.5,11.44,11.51,11.12,14088,40766357.0,3.43,0.62,0.07,0.27
976,2019-01-30,11.43,11.91,12.24,11.26,16240,48922500.0,8.57,4.11,0.47,0.31
977,2019-01-31,11.74,11.75,12.02,11.55,10455,31295552.0,3.95,-1.34,-0.16,0.2
978,2019-02-01,11.77,11.8,11.88,11.6,15099,45073398.0,2.38,0.43,0.05,0.29
979,2019-02-11,11.79,12.09,12.24,11.65,11167,33884137.0,5.0,2.46,0.29,0.21
980,2019-02-12,12.14,12.32,12.56,12.14,9103,28562603.0,3.47,1.9,0.23,0.17
981,2019-02-13,11.9,12.35,12.56,11.9,9627,30073000.0,5.36,0.24,0.03,0.18
982,2019-02-14,12.35,12.19,12.49,12.14,6746,20981604.0,2.83,-1.3,-0.16,0.13
983,2019-02-15,12.2,12.16,12.38,12.12,6700,20714128.0,2.13,-0.25,-0.03,0.13
984,2019-02-18,12.07,12.51,12.73,12.01,13118,41328612.0,5.92,2.88,0.35,0.25
985,2019-02-19,12.64,12.19,12.7,12.02,14920,46422402.0,5.44,-2.56,-0.32,0.29
986,2019-02-20,12.19,12.74,12.87,12.19,17629,56580029.0,5.58,4.51,0.55,0.34
987,2019-02-21,12.7,12.92,13.22,12.53,18396,59428676.0,5.42,1.41,0.18,0.35
988,2019-02-22,12.75,13.03,13.19,12.65,12539,40837803.0,4.18,0.85,0.11,0.24
989,2019-02-25,13.15,13.17,13.29,12.92,19038,62873178.0,2.84,1.07,0.14,0.36
990,2019-02-26,13.11,13.04,13.17,12.77,16022,52389044.0,3.04,-0.99,-0.13,0.31
991,2019-02-27,12.89,12.31,13.27,12.22,35666,115754291.0,8.05,-5.6,-0.73,0.68
992,2019-02-28,12.37,13.22,13.29,12.37,31103,102869379.0,7.47,7.39,0.91,0.6
993,2019-03-01,13.5,13.93,14.19,13.24,37197,128607660.0,7.19,5.37,0.71,0.71
994,2019-03-04,14.18,14.09,14.49,13.67,26179,92001838.0,5.89,1.15,0.16,0.5
995,2019-03-05,14.09,13.93,14.1,13.59,20120,69863102.0,3.62,-1.14,-0.16,0.39
996,2019-03-06,14.0,13.8,14.07,13.55,25170,86696508.0,3.73,-0.93,-0.13,0.48
997,2019-03-07,13.64,13.6,13.85,13.46,17979,61530911.0,2.83,-1.45,-0.2,0.34
998,2019-03-08,13.59,13.4,14.04,13.34,18197,62461699.0,5.15,-1.47,-0.2,0.35
999,2019-03-11,13.25,13.84,13.89,13.25,20343,69858583.0,4.78,3.28,0.44,0.39
1000,2019-03-12,13.89,14.14,14.2,13.62,23595,82882666.0,4.19,2.17,0.3,0.45
1001,2019-03-13,14.17,13.86,14.17,13.76,16307,57132099.0,2.9,-1.98,-0.28,0.31
1002,2019-03-14,13.51,13.7,14.07,13.51,16256,56559460.0,4.04,-1.15,-0.16,0.31
1003,2019-03-15,13.81,13.92,14.07,13.73,10015,35006580.0,2.48,1.61,0.22,0.19
1004,2019-03-18,13.75,14.23,14.36,13.75,19513,69444264.0,4.38,2.23,0.31,0.37
1005,2019-03-19,14.3,13.95,14.32,13.92,11785,41522729.0,2.81,-1.97,-0.28,0.23
1006,2019-03-20,14.07,13.91,14.07,13.39,17531,60480209.0,4.87,-0.29,-0.04,0.34
1007,2019-03-21,13.85,14.11,14.3,13.64,17861,63155737.0,4.74,1.44,0.2,0.34
1008,2019-03-22,14.17,13.9,14.17,13.74,9844,34372211.0,3.05,-1.49,-0.21,0.19
1009,2019-03-25,13.74,14.1,14.43,13.74,21481,76686087.0,4.96,1.44,0.2,0.41
1010,2019-03-26,14.35,13.5,14.35,13.1,22728,77753032.0,8.87,-4.26,-0.6,0.43
1011,2019-03-27,13.5,13.22,13.63,13.13,14055,47104693.0,3.7,-2.07,-0.28,0.27
1012,2019-03-28,13.19,13.5,13.84,13.16,16048,54868861.0,5.14,2.12,0.28,0.31
1013,2019-03-29,13.24,13.09,13.39,13.01,31425,104106989.0,2.81,-3.04,-0.41,0.6
1014,2019-04-01,13.28,14.32,14.44,13.28,41549,146458631.0,8.86,9.4,1.23,0.8
1015,2019-04-02,14.36,13.73,14.36,13.45,37124,128460019.0,6.35,-4.12,-0.59,0.71
1016,2019-04-03,13.51,13.59,13.68,13.12,24396,82406263.0,4.08,-1.02,-0.14,0.47
1017,2019-04-04,13.6,13.38,13.62,13.22,20137,67583761.0,2.94,-1.55,-0.21,0.39
1018,2019-04-08,13.4,13.19,13.57,13.05,19404,64570300.0,3.89,-1.42,-0.19,0.37
1019,2019-04-09,13.19,13.34,13.37,13.06,15119,50267304.0,2.35,1.14,0.15,0.29
1020,2019-04-10,13.09,13.22,13.36,13.09,13236,44020878.0,2.02,-0.9,-0.12,0.25
1021,2019-04-11,13.22,13.11,13.34,12.95,10670,35234832.0,2.95,-0.83,-0.11,0.2
1022,2019-04-12,13.11,13.33,13.45,13.06,15054,50482904.0,2.97,1.68,0.22,0.29
1023,2019-04-15,13.33,13.26,13.51,13.15,13974,47168076.0,2.7,-0.53,-0.07,0.27
1024,2019-04-16,13.16,13.44,13.49,13.1,13239,44289932.0,2.94,1.36,0.18,0.25
1025,2019-04-17,13.44,13.7,13.89,13.44,19613,67567124.0,3.35,1.93,0.26,0.38
1026,2019-04-18,13.61,14.41,14.65,13.61,28650,102689269.0,7.59,5.18,0.71,0.55
1027,2019-04-19,14.47,14.28,14.47,13.78,22085,78292726.0,4.79,-0.9,-0.13,0.42
1028,2019-04-22,14.11,14.53,14.78,14.11,19863,72542380.0,4.69,1.75,0.25,0.38
1029,2019-04-23,14.53,14.3,14.75,14.16,12838,46319933.0,4.06,-1.58,-0.23,0.25
1030,2019-04-24,14.32,14.62,14.75,14.2,16035,58470091.0,3.85,2.24,0.32,0.31
1031,2019-04-25,14.61,14.32,14.75,14.3,15989,58127920.0,3.08,-2.05,-0.3,0.31
1032,2019-04-26,14.1,14.54,14.9,14.1,18353,67341974.0,5.59,1.54,0.22,0.35
1033,2019-04-29,14.63,14.45,14.75,14.16,15616,56401356.0,4.06,-0.62,-0.09,0.3
1034,2019-04-30,14.62,14.65,15.15,14.36,22443,82881906.0,5.47,1.38,0.2,0.43
1035,2019-05-06,14.25,13.6,14.25,13.3,26930,92916064.0,6.48,-7.17,-1.05,0.52
1036,2019-05-07,13.73,14.83,14.88,13.51,30177,109699216.0,10.07,9.04,1.23,0.58
1037,2019-05-08,14.7,14.41,14.83,14.41,15794,57724198.0,2.83,-2.83,-0.42,0.3
1038,2019-05-09,14.38,14.6,14.77,14.11,15742,56983818.0,4.58,1.32,0.19,0.3
1039,2019-05-10,14.7,14.73,14.97,14.31,13572,49879829.0,4.52,0.89,0.13,0.26
1040,2019-05-13,14.64,14.44,14.75,14.23,15000,54316498.0,3.53,-1.97,-0.29,0.29
1041,2019-05-14,14.23,14.45,14.73,14.12,11704,42325364.0,4.22,0.07,0.01,0.22
1042,2019-05-15,14.39,15.13,15.55,14.22,29645,111832796.0,9.2,4.71,0.68,0.57
1043,2019-05-16,15.34,14.81,15.42,14.79,18119,67867470.0,4.16,-2.12,-0.32,0.35
1044,2019-05-17,14.81,14.18,14.87,14.17,17271,61764916.0,4.73,-4.25,-0.63,0.33
1045,2019-05-20,13.84,14.42,14.49,13.19,13582,47107471.0,9.17,1.69,0.24,0.26
1046,2019-05-21,14.51,14.64,14.8,14.1,10990,39588323.0,4.85,1.53,0.22,0.21
1047,2019-05-22,14.73,14.51,14.85,14.45,6490,23420543.0,2.73,-0.89,-0.13,0.12
1048,2019-05-23,14.59,14.1,14.68,14.05,8737,30854260.0,4.34,-2.83,-0.41,0.17
1049,2019-05-24,14.21,13.7,14.66,13.66,10765,37044026.0,7.09,-2.84,-0.4,0.21
1050,2019-05-27,13.91,14.14,14.3,13.66,9267,32214747.0,4.67,3.21,0.44,0.18
1051,2019-05-28,13.98,13.91,14.22,13.78,8313,28838449.0,3.11,-1.63,-0.23,0.16
1052,2019-05-29,14.13,13.96,14.16,13.79,6000,20868915.0,2.66,0.36,0.05,0.11
1053,2019-05-30,13.96,13.82,14.11,13.24,18272,61634788.0,6.23,-1.0,-0.14,0.35
1054,2019-05-31,13.83,14.04,14.45,13.83,13101,45949104.0,4.49,1.59,0.22,0.25
1055,2019-06-03,14.04,13.87,14.29,13.84,10441,36216859.0,3.21,-1.21,-0.17,0.2
1056,2019-06-04,13.76,13.84,14.21,13.73,7590,26186144.0,3.46,-0.22,-0.03,0.15
1057,2019-06-05,14.05,13.57,14.13,13.32,11282,38080719.0,5.85,-1.95,-0.27,0.22
1058,2019-06-06,13.33,13.3,13.58,13.22,9580,31828919.0,2.65,-1.99,-0.27,0.18
1059,2019-06-10,13.15,13.67,13.91,13.14,11733,39548906.0,5.79,2.78,0.37,0.22
1060,2019-06-11,13.93,13.78,13.99,13.56,16498,56332971.0,3.15,0.8,0.11,0.32
1061,2019-06-12,13.78,13.31,13.83,13.27,16674,55504046.0,4.06,-3.41,-0.47,0.32
1062,2019-06-13,13.43,13.25,13.43,12.92,13223,43258354.0,3.83,-0.45,-0.06,0.25
1063,2019-06-14,13.25,13.19,13.47,13.11,10217,33704652.0,2.72,-0.45,-0.06,0.2
1064,2019-06-17,13.19,13.32,13.45,12.98,14014,46272419.0,3.56,0.99,0.13,0.27
1065,2019-06-18,13.02,13.7,13.88,13.02,13785,46480208.0,6.46,2.85,0.38,0.26
1066,2019-06-19,14.09,14.05,14.27,13.99,16007,56044482.0,2.04,2.55,0.35,0.31
1067,2019-06-20,14.05,14.5,14.85,14.05,19013,68147917.0,5.69,3.2,0.45,0.36
1068,2019-06-21,14.68,14.43,15.02,14.36,17431,62987617.0,4.55,-0.48,-0.07,0.33
1069,2019-06-24,14.85,14.4,14.85,14.1,13956,49554140.0,5.2,-0.21,-0.03,0.27
1070,2019-06-25,14.24,14.65,14.77,14.16,13492,48307491.0,4.24,1.74,0.25,0.26
1071,2019-06-26,14.66,14.72,14.75,14.21,8205,29375103.0,3.69,0.48,0.07,0.16
1072,2019-06-27,14.85,14.86,14.98,14.34,11073,40113212.0,4.35,0.95,0.14,0.21
1073,2019-06-28,14.66,14.86,15.02,14.58,8432,30908492.0,2.96,0.0,0.0,0.16
1074,2019-07-01,15.03,15.29,15.37,14.91,11525,43110046.0,3.1,2.89,0.43,0.22
1075,2019-07-02,15.31,14.98,15.31,14.81,9753,36047838.0,3.27,-2.03,-0.31,0.19
1076,2019-07-03,15.0,15.01,15.18,14.96,5618,20830779.0,1.47,0.2,0.03,0.11
1077,2019-07-04,14.95,15.06,15.23,14.92,6056,22482560.0,2.07,0.33,0.05,0.12
1078,2019-07-05,15.13,15.01,15.2,14.92,7339,27230522.0,1.86,-0.33,-0.05,0.14
1079,2019-07-08,15.13,14.85,15.19,14.68,10215,37725610.0,3.4,-1.07,-0.16,0.2
1080,2019-07-09,14.85,14.8,15.06,14.58,6635,24315047.0,3.23,-0.34,-0.05,0.13
1081,2019-07-10,14.98,14.85,15.1,14.64,8825,32364915.0,3.11,0.34,0.05,0.17
1082,2019-07-11,14.85,14.55,15.1,14.55,10157,37093799.0,3.7,-2.02,-0.3,0.19
1083,2019-07-12,14.61,15.46,15.53,14.61,24216,91656961.0,6.32,6.25,0.91,0.46
1084,2019-07-15,15.2,15.25,15.65,15.14,15905,60033666.0,3.3,-1.36,-0.21,0.3
1085,2019-07-16,15.38,15.12,15.49,15.06,6566,24648741.0,2.82,-0.85,-0.13,0.13
1086,2019-07-17,14.98,15.19,15.3,14.89,7771,29070869.0,2.71,0.46,0.07,0.15
1087,2019-07-18,14.99,14.98,15.14,14.9,8340,30874370.0,1.58,-1.38,-0.21,0.16
1088,2019-07-19,14.84,15.06,15.4,14.81,8484,31739145.0,3.94,0.53,0.08,0.16
1089,2019-07-22,15.02,14.97,15.38,14.59,13085,48715134.0,5.25,-0.6,-0.09,0.25
1090,2019-07-23,15.23,15.04,15.31,14.91,7251,26974959.0,2.67,0.47,0.07,0.14
1091,2019-07-24,15.25,15.17,15.25,14.75,9024,33564355.0,3.32,0.86,0.13,0.17
1092,2019-07-25,15.07,15.21,15.46,14.86,8837,33090614.0,3.96,0.26,0.04,0.17
1093,2019-07-26,15.11,15.55,15.56,15.03,9116,34486057.0,3.48,2.24,0.34,0.17
1094,2019-07-29,15.53,15.73,15.74,15.4,10092,38816501.0,2.19,1.16,0.18,0.19
1095,2019-07-30,15.73,15.76,15.99,15.57,11624,45237844.0,2.67,0.19,0.03,0.22
1096,2019-07-31,15.76,16.02,16.08,15.45,10008,39073164.0,4.0,1.65,0.26,0.19
1097,2019-08-01,16.02,15.91,16.14,15.85,7243,28478854.0,1.81,-0.69,-0.11,0.14
1098,2019-08-02,15.62,15.86,16.03,15.47,7865,30618762.0,3.52,-0.31,-0.05,0.15
1099,2019-08-05,15.88,16.55,16.81,15.88,15935,64657260.0,5.86,4.35,0.69,0.3
1100,2019-08-06,16.3,16.13,16.59,15.91,14307,57131555.0,4.11,-2.54,-0.42,0.27
1101,2019-08-07,16.14,16.32,16.66,16.05,9712,39254918.0,3.78,1.18,0.19,0.19
1102,2019-08-08,16.17,16.64,16.66,16.17,12305,50074676.0,3.0,1.96,0.32,0.24
1103,2019-08-09,16.55,16.2,16.72,16.13,9481,38206603.0,3.55,-2.64,-0.44,0.18
1104,2019-08-12,16.22,16.4,16.45,15.99,11123,44601113.0,2.84,1.23,0.2,0.21
1105,2019-08-13,16.43,16.58,16.64,16.11,8421,34197863.0,3.23,1.1,0.18,0.16
1106,2019-08-14,16.8,16.71,16.92,16.37,9522,38908266.0,3.32,0.78,0.13,0.18
1107,2019-08-15,16.26,16.6,16.68,16.26,7628,30877250.0,2.51,-0.66,-0.11,0.15
1108,2019-08-16,16.65,16.58,16.79,16.45,4857,19802218.0,2.05,-0.12,-0.02,0.09
1109,2019-08-19,16.45,16.18,16.52,15.27,26141,101794681.0,7.54,-2.41,-0.4,0.5
1110,2019-08-20,16.12,16.14,16.44,15.87,13365,53198389.0,3.52,-0.25,-0.04,0.26
1111,2019-08-21,15.99,17.83,17.83,15.99,29708,124577539.0,11.4,10.47,1.69,0.57
1112,2019-08-22,18.38,17.34,18.38,17.07,35992,156132752.0,7.35,-2.75,-0.49,0.69
1113,2019-08-23,17.39,16.73,17.61,16.72,18704,77920627.0,5.13,-3.52,-0.61,0.36
1114,2019-08-26,16.37,16.23,16.58,16.04,15343,61423963.0,3.23,-2.99,-0.5,0.29
1115,2019-08-27,16.46,16.46,16.71,16.13,13787,55784028.0,3.57,1.42,0.23,0.26
1116,2019-08-28,16.31,17.11,17.44,16.31,14707,61374878.0,6.87,3.95,0.65,0.28
1117,2019-08-29,17.17,17.24,17.35,16.86,11732,49455038.0,2.86,0.76,0.13,0.22
1118,2019-08-30,17.25,17.23,17.45,17.05,9084,38419662.0,2.32,-0.06,-0.01,0.17
1119,2019-09-02,17.23,17.67,18.11,16.94,17896,77088787.0,6.79,2.55,0.44,0.34
1120,2019-09-03,17.62,17.25,17.75,17.12,15531,66118399.0,3.57,-2.38,-0.42,0.3
1121,2019-09-04,17.34,17.23,17.42,16.89,12595,52828759.0,3.07,-0.12,-0.02,0.24
1122,2019-09-05,17.23,17.24,17.62,17.2,10606,45350896.0,2.44,0.06,0.01,0.2
1123,2019-09-06,17.41,17.11,17.51,17.04,9012,38040828.0,2.73,-0.75,-0.13,0.17
1124,2019-09-09,17.41,17.15,17.41,16.85,16734,70201978.0,3.27,0.23,0.04,0.32
1125,2019-09-10,17.17,17.26,17.65,16.97,13739,58046997.0,3.97,0.64,0.11,0.26
1126,2019-09-11,17.3,17.4,17.59,16.93,13011,55564428.0,3.82,0.81,0.14,0.25
1127,2019-09-12,17.4,17.84,17.84,17.4,16319,70736567.0,2.53,2.53,0.44,0.31
1128,2019-09-16,17.96,18.23,18.23,17.62,16240,71604140.0,3.42,2.19,0.39,0.31
1129,2019-09-17,18.2,18.02,18.2,17.7,12587,55367400.0,2.74,-1.15,-0.21,0.24
1130,2019-09-18,18.07,17.74,18.25,17.74,9297,40667634.0,2.83,-1.55,-0.28,0.18
1131,2019-09-19,17.85,18.19,18.3,17.74,14838,65888966.0,3.16,2.54,0.45,0.28
1132,2019-09-20,18.46,18.25,18.47,18.06,15480,69270218.0,2.25,0.33,0.06,0.3
1133,2019-09-23,18.44,18.68,18.84,17.96,14055,63620148.0,4.82,2.36,0.43,0.27
1134,2019-09-24,18.73,18.44,18.97,18.38,18114,82340925.0,3.16,-1.28,-0.24,0.35
1135,2019-09-25,18.27,18.28,18.68,18.17,11829,53340191.0,2.77,-0.87,-0.16,0.23
1136,2019-09-26,18.4,18.1,18.94,17.96,16702,75087847.0,5.36,-0.98,-0.18,0.32
1137,2019-09-27,18.08,18.5,18.55,17.83,11252,50540479.0,3.98,2.21,0.4,0.22
1138,2019-09-30,18.47,18.55,18.88,18.29,8859,40427019.0,3.19,0.27,0.05,0.17
1139,2019-10-08,18.73,17.94,18.73,17.72,20795,92215693.0,5.44,-3.29,-0.61,0.4
1140,2019-10-09,17.64,17.62,18.16,16.33,19414,83702978.0,10.2,-1.78,-0.32,0.37
1141,2019-10-10,17.74,18.28,18.68,17.74,21503,96158344.0,5.33,3.75,0.66,0.41
1142,2019-10-11,18.25,17.76,18.42,16.94,42003,181005364.0,8.1,-2.84,-0.52,0.8
1143,2019-10-14,17.79,17.3,18.1,17.11,22107,95054512.0,5.57,-2.59,-0.46,0.42
1144,2019-10-15,17.36,16.95,17.4,16.87,21680,90670636.0,3.06,-2.02,-0.35,0.41
1145,2019-10-16,16.95,17.16,17.23,16.48,27910,116321029.0,4.42,1.24,0.21,0.53
1146,2019-10-17,17.14,17.0,17.22,16.74,16782,69961017.0,2.8,-0.93,-0.16,0.32
1147,2019-10-18,17.14,16.79,17.14,16.51,19969,82759360.0,3.71,-1.24,-0.21,0.38
1148,2019-10-21,16.71,16.71,16.88,16.37,13134,53561578.0,3.04,-0.48,-0.08,0.25
1149,2019-10-22,16.71,17.0,17.31,16.71,13881,57989318.0,3.59,1.74,0.29,0.27
1150,2019-10-23,16.95,16.85,17.01,16.74,7669,31809572.0,1.59,-0.88,-0.15,0.15
1151,2019-10-24,16.99,16.92,17.1,16.67,11652,48529137.0,2.55,0.42,0.07,0.22
1152,2019-10-25,16.8,16.69,16.97,16.48,11952,48947763.0,2.9,-1.36,-0.23,0.23
1153,2019-10-28,16.98,16.76,17.28,16.7,23656,98985592.0,3.48,0.42,0.07,0.45
1154,2019-10-29,16.89,16.71,17.25,16.68,25666,106718895.0,3.4,-0.3,-0.05,0.49
1155,2019-10-30,16.89,16.78,16.97,16.39,18331,75373414.0,3.47,0.42,0.07,0.35
1156,2019-10-31,16.68,16.41,16.84,16.39,20727,84382320.0,2.68,-2.21,-0.37,0.4
1157,2019-11-01,16.31,17.4,17.45,16.31,23935,100842815.0,6.95,6.03,0.99,0.46
1158,2019-11-04,17.23,16.8,17.39,16.68,23324,97070829.0,4.08,-3.45,-0.6,0.45
1159,2019-11-05,16.74,17.06,17.35,16.47,18791,78263618.0,5.24,1.55,0.26,0.36
1160,2019-11-06,17.08,16.42,17.19,16.3,34272,139759064.0,5.22,-3.75,-0.64,0.66
1161,2019-11-07,16.13,16.34,16.94,16.13,22201,90239529.0,4.93,-0.49,-0.08,0.42
1162,2019-11-08,16.37,16.11,16.54,15.95,29968,119636665.0,3.61,-1.41,-0.23,0.57
1163,2019-11-11,16.11,15.93,16.32,15.86,23023,91191124.0,2.86,-1.12,-0.18,0.44
1164,2019-11-12,16.0,16.43,16.53,15.93,20516,81831149.0,3.77,3.14,0.5,0.39
1165,2019-11-13,16.52,16.51,16.6,16.17,10553,42684278.0,2.62,0.49,0.08,0.2
1166,2019-11-14,16.63,16.17,16.85,15.99,20321,80907535.0,5.21,-2.06,-0.34,0.39
1167,2019-11-15,16.2,16.37,16.67,16.0,25092,101597856.0,4.14,1.24,0.2,0.48
1168,2019-11-18,16.37,16.65,16.73,16.2,10646,43260419.0,3.24,1.71,0.28,0.2
1169,2019-11-19,16.6,16.84,17.19,16.57,11983,49649106.0,3.72,1.14,0.19,0.23
1170,2019-11-20,16.99,17.1,17.28,16.92,12808,53822311.0,2.14,1.54,0.26,0.25
1171,2019-11-21,17.28,17.04,17.31,16.77,12211,50930561.0,3.16,-0.35,-0.06,0.23
1172,2019-11-22,17.18,16.95,17.26,16.77,13657,56953355.0,2.88,-0.53,-0.09,0.26
1173,2019-11-25,16.77,16.58,16.89,16.47,9270,37878665.0,2.48,-2.18,-0.37,0.18
1174,2019-11-26,16.76,16.6,17.04,16.43,6284,25717926.0,3.68,0.12,0.02,0.12
1175,2019-11-27,16.6,16.64,16.87,16.41,11453,46861626.0,2.77,0.24,0.04,0.22
1176,2019-11-28,16.64,16.69,16.76,16.37,8689,35447817.0,2.34,0.3,0.05,0.17
1177,2019-11-29,16.62,16.65,17.01,16.53,6751,27758895.0,2.88,-0.24,-0.04,0.13
1178,2019-12-02,16.65,16.63,16.85,16.43,8416,34352738.0,2.52,-0.12,-0.02,0.16
1179,2019-12-03,16.45,16.7,16.79,16.45,8724,35748040.0,2.04,0.42,0.07,0.17
1180,2019-12-04,16.6,17.19,17.31,16.6,14298,60067616.0,4.25,2.93,0.49,0.27
1181,2019-12-05,17.26,17.49,17.65,16.96,12969,55003469.0,4.01,1.75,0.3,0.25
1182,2019-12-06,17.51,17.39,17.51,17.15,8999,38266356.0,2.06,-0.57,-0.1,0.17
1183,2019-12-09,17.42,17.5,17.79,17.33,11060,47475420.0,2.65,0.63,0.11,0.21
1184,2019-12-10,17.53,18.02,18.17,17.36,14433,63103472.0,4.63,2.97,0.52,0.28
1185,2019-12-11,18.13,17.91,18.27,17.7,12519,54890091.0,3.16,-0.61,-0.11,0.24
1186,2019-12-12,17.91,17.96,18.29,17.81,9540,42135890.0,2.68,0.28,0.05,0.18
1187,2019-12-13,18.2,18.3,18.56,18.02,15178,68459387.0,3.01,1.89,0.34,0.29
1188,2019-12-16,18.47,18.57,18.59,18.31,10915,49393925.0,1.53,1.48,0.27,0.21
1189,2019-12-17,18.55,18.47,18.61,18.19,11953,53934817.0,2.26,-0.54,-0.1,0.23
1190,2019-12-18,18.55,18.6,18.72,18.39,10756,48760693.0,1.79,0.7,0.13,0.21
1191,2019-12-19,18.66,18.72,18.72,17.81,14291,64676781.0,4.89,0.65,0.12,0.27
1192,2019-12-20,18.72,18.13,18.72,17.99,13198,58804948.0,3.9,-3.15,-0.59,0.25
1193,2019-12-23,18.09,19.12,19.99,18.0,24158,113792442.0,10.98,5.46,0.99,0.46
1194,2019-12-24,19.23,18.94,19.44,18.46,15924,73711138.0,5.13,-0.94,-0.18,0.3
1195,2019-12-25,18.74,19.11,19.44,18.67,14283,66832775.0,4.07,0.9,0.17,0.27
1196,2019-12-26,19.11,19.58,19.85,19.11,9864,47109661.0,3.87,2.46,0.47,0.19
1197,2019-12-27,19.58,19.18,19.79,19.14,12504,58963734.0,3.32,-2.04,-0.4,0.24
1198,2019-12-30,19.23,19.77,19.83,18.94,11145,53208804.0,4.64,3.08,0.59,0.21
1199,2019-12-31,19.77,19.91,20.38,19.58,11202,54415810.0,4.05,0.71,0.14,0.21
1200,2020-01-02,19.59,21.1,21.17,19.59,19532,99077643.0,7.94,5.98,1.19,0.37
1201,2020-01-03,21.36,20.42,21.4,20.15,16511,82514414.0,5.92,-3.22,-0.68,0.32
1202,2020-01-06,20.29,20.26,20.5,19.88,13164,64660517.0,3.04,-0.78,-0.16,0.25
1203,2020-01-07,20.2,20.49,20.59,20.09,12444,61956882.0,2.47,1.14,0.23,0.24
1204,2020-01-08,20.3,20.45,20.82,20.08,10078,50321197.0,3.61,-0.2,-0.04,0.19
1205,2020-01-09,20.6,20.25,20.72,19.95,17087,84407913.0,3.77,-0.98,-0.2,0.33
1206,2020-01-10,20.4,20.03,20.4,19.88,9951,48781861.0,2.57,-1.09,-0.22,0.19
1207,2020-01-13,20.03,20.2,20.38,19.98,15267,75128029.0,2.0,0.85,0.17,0.29
1208,2020-01-14,20.24,20.44,20.77,20.1,12105,60420291.0,3.32,1.19,0.24,0.23
1209,2020-01-15,20.55,20.51,20.62,19.98,13636,67654367.0,3.13,0.34,0.07,0.26
1210,2020-01-16,20.54,20.29,20.84,20.17,8667,43026533.0,3.27,-1.07,-0.22,0.17
1211,2020-01-17,20.32,20.17,20.46,19.96,13738,67446041.0,2.46,-0.59,-0.12,0.26
1212,2020-01-20,20.17,20.47,20.51,19.88,11730,58014161.0,3.12,1.49,0.3,0.22
1213,2020-01-21,20.51,21.06,21.12,19.92,25250,126618407.0,5.86,2.88,0.59,0.48
1214,2020-01-22,21.06,20.06,21.09,19.53,28280,138001958.0,7.41,-4.75,-1.0,0.54
1215,2020-01-23,19.63,19.95,21.03,19.49,31470,156873775.0,7.68,-0.55,-0.11,0.6
1216,2020-02-03,17.88,18.44,18.75,17.88,24989,110857940.0,4.36,-7.57,-1.51,0.48
1217,2020-02-04,18.69,20.29,20.37,18.38,24467,119365107.0,10.79,10.03,1.85,0.47
1218,2020-02-05,20.49,19.4,20.98,19.21,33511,160837866.0,8.72,-4.39,-0.89,0.64
1219,2020-02-06,19.28,18.93,19.35,18.56,26895,123982317.0,4.07,-2.42,-0.47,0.51
1220,2020-02-07,18.92,19.74,19.85,18.67,26697,126363546.0,6.23,4.28,0.81,0.51
1221,2020-02-10,19.5,19.29,19.74,19.14,13084,61762302.0,3.04,-2.28,-0.45,0.25
1222,2020-02-11,19.29,19.84,20.2,19.28,19752,95440620.0,4.77,2.85,0.55,0.38
1223,2020-02-12,20.21,21.9,21.9,20.21,53127,279121504.0,8.52,10.38,2.06,1.02
1224,2020-02-13,21.71,21.92,22.31,21.48,43708,232711741.0,3.79,0.09,0.02,0.84
1225,2020-02-14,21.94,20.53,21.94,20.34,44331,225547262.0,7.3,-6.34,-1.39,0.85
1226,2020-02-17,20.53,20.6,20.72,20.26,36125,179927479.0,2.24,0.34,0.07,0.69
1227,2020-02-18,20.5,21.35,21.57,20.38,48513,248616038.0,5.78,3.64,0.75,0.93
1228,2020-02-19,21.16,21.78,22.4,21.09,52637,279298448.0,6.14,2.01,0.43,1.01
1229,2020-02-20,22.16,21.4,22.16,20.55,34389,177772428.0,7.39,-1.74,-0.38,0.66
1230,2020-02-21,21.4,21.33,21.51,20.87,39238,202510699.0,2.99,-0.33,-0.07,0.75
1231,2020-02-24,21.36,21.03,21.36,20.51,36095,183705515.0,3.98,-1.41,-0.3,0.69
1232,2020-02-25,20.57,21.03,21.26,20.46,37230,189566450.0,3.8,0.0,0.0,0.71
1233,2020-02-26,20.92,20.17,21.34,20.08,35963,181368009.0,5.99,-4.09,-0.86,0.69
1234,2020-02-27,20.32,20.76,20.96,20.01,35797,178022854.0,4.71,2.93,0.59,0.68
1235,2020-02-28,20.12,19.16,20.45,18.84,39312,186475646.0,7.76,-7.71,-1.6,0.75
1236,2020-03-02,19.32,19.44,19.72,19.19,23651,112422580.0,2.77,1.46,0.28,0.45
1237,2020-03-03,19.63,19.76,20.33,19.5,29791,144902113.0,4.27,1.65,0.32,0.57
1238,2020-03-04,19.55,19.95,20.01,19.34,25953,124880719.0,3.39,0.96,0.19,0.5
1239,2020-03-05,19.97,20.03,20.23,19.79,24482,119462276.0,2.21,0.4,0.08,0.47
1240,2020-03-06,19.67,20.12,20.67,19.67,27152,134308687.0,4.99,0.45,0.09,0.52
1241,2020-03-09,20.12,19.12,20.12,18.99,21351,101137132.0,5.62,-4.97,-1.0,0.41
1242,2020-03-10,19.05,19.35,19.56,18.53,27228,127194396.0,5.39,1.2,0.23,0.52
1243,2020-03-11,19.49,19.22,19.56,19.13,20344,96277448.0,2.22,-0.67,-0.13,0.39
1244,2020-03-12,19.02,18.32,19.06,18.22,18137,82240076.0,4.37,-4.68,-0.9,0.35
1245,2020-03-13,16.84,18.08,18.49,16.84,22710,97789767.0,9.01,-1.31,-0.24,0.43
1246,2020-03-16,18.08,16.78,18.08,16.6,18966,80913918.0,8.19,-7.19,-1.3,0.36
1247,2020-03-17,17.04,16.68,17.26,16.34,22940,94122787.0,5.48,-0.6,-0.1,0.44
1248,2020-03-18,16.94,17.08,17.7,16.34,34440,145655473.0,8.15,2.4,0.4,0.66
1249,2020-03-19,17.01,16.45,17.34,16.1,21652,88653441.0,7.26,-3.69,-0.63,0.41
1250,2020-03-20,16.68,16.52,16.86,16.04,23790,95844026.0,4.98,0.43,0.07,0.46
1251,2020-03-23,16.26,16.58,16.93,15.76,44891,181996833.0,7.08,0.36,0.06,0.86
1252,2020-03-24,16.92,17.49,17.54,16.4,47776,199713970.0,6.88,5.49,0.91,0.91
1253,2020-03-25,17.74,17.18,17.79,17.11,39387,167807171.0,3.89,-1.77,-0.31,0.75
1254,2020-03-26,17.16,16.84,17.25,16.28,39928,163953065.0,5.65,-1.98,-0.34,0.76
1255,2020-03-27,17.11,16.74,17.19,16.62,25360,104968910.0,3.38,-0.59,-0.1,0.49
1256,2020-03-30,16.57,16.81,16.91,16.2,31109,127188022.0,4.24,0.42,0.07,0.6
1257,2020-03-31,16.88,16.56,17.05,16.55,18897,77619269.0,2.97,-1.49,-0.25,0.36
1258,2020-04-01,16.63,17.15,17.38,16.35,36065,151273633.0,6.22,3.56,0.59,0.69
1259,2020-04-02,17.13,17.51,17.57,16.97,36735,156361263.0,3.5,2.1,0.36,0.7
1260,2020-04-03,17.74,17.02,17.74,16.97,31524,132636151.0,4.4,-2.8,-0.49,0.6
1261,2020-04-07,17.2,17.91,17.93,17.2,40642,176874431.0,4.29,5.23,0.89,0.78
1262,2020-04-08,17.8,17.83,18.07,17.48,18465,80604198.0,3.29,-0.45,-0.08,0.35
1263,2020-04-09,18.01,17.82,18.53,17.58,24547,108257425.0,5.33,-0.06,-0.01,0.47
1264,2020-04-10,17.79,17.74,18.05,17.62,13881,60648052.0,2.41,-0.45,-0.08,0.27
1265,2020-04-13,17.5,17.12,17.65,16.95,21214,89638917.0,3.95,-3.49,-0.62,0.41
1266,2020-04-14,17.28,17.7,17.9,17.22,29529,126785169.0,3.97,3.39,0.58,0.57
1267,2020-04-15,17.72,18.36,18.66,17.62,35523,159474042.0,5.88,3.73,0.66,0.68
1268,2020-04-16,18.19,18.54,18.64,17.99,17639,79222918.0,3.54,0.98,0.18,0.34
1269,2020-04-17,18.79,18.72,19.35,18.65,28676,133098922.0,3.78,0.97,0.18,0.55
1270,2020-04-20,19.04,18.97,19.15,18.59,13682,63073948.0,2.99,1.34,0.25,0.26
1271,2020-04-21,18.81,19.18,19.29,18.19,16306,75920078.0,5.8,1.11,0.21,0.31
1272,2020-04-22,19.18,19.27,19.31,18.94,13799,64543221.0,1.93,0.47,0.09,0.26
1273,2020-04-23,19.33,19.28,19.53,19.07,11088,52195184.0,2.39,0.05,0.01,0.21
1274,2020-04-24,18.81,18.91,19.1,18.49,20589,94927795.0,3.16,-1.92,-0.37,0.39
1275,2020-04-27,18.88,18.38,18.88,18.27,21905,99149840.0,3.23,-2.8,-0.53,0.42
1276,2020-04-28,18.19,18.56,18.72,17.8,15639,70362479.0,5.01,0.98,0.18,0.3
1277,2020-04-29,18.51,19.49,20.0,18.51,27845,131861760.0,8.03,5.01,0.93,0.53
1278,2020-04-30,19.69,19.89,20.37,19.4,35304,171382880.0,4.98,2.05,0.4,0.68
1279,2020-05-06,20.07,19.67,20.25,19.24,37075,178286622.0,5.08,-1.11,-0.22,0.71
1280,2020-05-07,19.67,19.83,20.07,19.4,23950,115113814.0,3.41,0.81,0.16,0.46
1281,2020-05-08,19.95,20.18,20.43,19.75,28391,139658313.0,3.43,1.77,0.35,0.54
1282,2020-05-11,20.08,20.11,20.36,19.87,14525,71099060.0,2.43,-0.35,-0.07,0.28
1283,2020-05-12,20.12,20.12,20.56,19.68,18577,91271097.0,4.38,0.05,0.01,0.36
1284,2020-05-13,20.35,20.02,20.42,19.79,18034,87995460.0,3.13,-0.5,-0.1,0.35
1285,2020-05-14,19.81,19.75,20.05,19.61,23074,111462337.0,2.2,-1.35,-0.27,0.44
1286,2020-05-15,20.08,19.79,20.15,19.44,18366,88548963.0,3.59,0.2,0.04,0.35
1287,2020-05-18,20.14,20.02,20.39,19.4,21002,72466968.0,5.0,1.16,0.23,0.29
1288,2020-05-19,19.81,20.39,21.49,19.81,41447,148430356.0,8.39,1.85,0.37,0.57
1289,2020-05-20,20.74,21.6,22.48,20.68,73201,271813216.0,8.83,5.93,1.21,1.0
1290,2020-05-21,21.43,21.98,22.4,20.92,50759,191673142.0,6.85,1.76,0.38,0.69
1291,2020-05-22,22.03,21.8,22.26,21.24,45242,168946634.0,4.64,-0.82,-0.18,0.62
1292,2020-05-25,21.67,21.21,22.02,21.15,37610,138480536.0,3.99,-2.71,-0.59,0.51
1293,2020-05-26,21.61,21.46,22.24,21.2,29079,107543834.0,4.9,1.18,0.25,0.4
1294,2020-05-27,21.47,21.46,21.92,21.27,23381,86406857.0,3.03,0.0,0.0,0.32
1295,2020-05-28,21.78,20.95,21.78,20.71,23330,84352318.0,4.99,-2.38,-0.51,0.32
1296,2020-05-29,21.37,21.94,22.3,20.85,37725,141068788.0,6.92,4.73,0.99,0.52
1297,2020-06-01,22.4,23.24,23.81,22.22,57744,228651064.0,7.25,5.93,1.3,0.79
1298,2020-06-02,23.23,23.17,23.46,22.73,36962,146719324.0,3.14,-0.3,-0.07,0.51
1299,2020-06-03,23.17,23.41,23.56,22.89,44972,180707732.0,2.89,1.04,0.24,0.61
1300,2020-06-04,23.37,23.5,23.56,23.08,27300,109345887.0,2.05,0.38,0.09,0.37
1301,2020-06-05,23.31,23.36,23.74,23.23,32695,131604795.0,2.17,-0.6,-0.14,0.45
1302,2020-06-08,23.38,23.11,23.71,22.9,46690,185495270.0,3.47,-1.07,-0.25,0.64
1303,2020-06-09,23.11,23.61,23.88,22.88,38011,153343406.0,4.33,2.16,0.5,0.52
1304,2020-06-10,23.52,24.57,24.6,23.42,54353,225200080.0,5.0,4.07,0.96,0.74
1305,2020-06-11,24.39,24.37,24.71,23.95,56032,234411002.0,3.09,-0.81,-0.2,0.77
1306,2020-06-12,23.96,24.65,25.05,23.89,55886,234946342.0,4.76,1.15,0.28,0.76
1307,2020-06-15,24.62,24.42,24.96,24.24,33247,140228722.0,2.92,-0.93,-0.23,0.45
1308,2020-06-16,24.5,25.19,25.49,24.48,44827,193228017.0,4.14,3.15,0.77,0.61
1309,2020-06-17,25.23,25.68,25.79,25.0,43532,189395836.0,3.14,1.95,0.49,0.59
1310,2020-06-18,25.47,26.04,26.21,25.32,39320,174204633.0,3.47,1.4,0.36,0.54
1311,2020-06-19,26.04,26.0,26.13,24.98,92712,405331920.0,4.42,-0.15,-0.04,1.27
1312,2020-06-22,25.46,25.71,26.06,25.08,52845,232394322.0,3.77,-1.12,-0.29,0.72
1313,2020-06-23,25.66,26.33,26.54,25.26,50444,224075986.0,4.98,2.41,0.62,0.69
1314,2020-06-24,26.09,27.76,27.96,26.05,70540,329451936.0,7.25,5.43,1.43,0.96
1315,2020-06-29,27.68,28.62,29.62,27.68,88138,432893984.0,6.99,3.1,0.86,1.2
1316,2020-06-30,28.62,29.19,30.1,27.92,77471,387669168.0,7.62,1.99,0.57,1.02
1317,2020-07-01,31.03,29.23,31.03,28.38,56032,277227840.0,9.08,0.14,0.04,0.74
1318,2020-07-02,29.17,28.57,29.33,28.23,59569,292156368.0,3.76,-2.26,-0.66,0.79
1319,2020-07-03,28.26,29.04,29.18,27.86,41292,202685762.0,4.62,1.65,0.47,0.55
1320,2020-07-06,29.18,29.32,29.84,28.27,67496,335323472.0,5.41,0.96,0.28,0.89
1321,2020-07-07,29.32,30.88,31.55,28.95,64546,335495776.0,8.87,5.32,1.56,0.85
1322,2020-07-08,31.0,32.92,33.11,30.67,67755,370589024.0,7.9,6.61,2.04,0.9
1323,2020-07-09,33.06,32.98,33.44,31.8,64283,358035120.0,4.98,0.18,0.06,0.85
1324,2020-07-10,32.38,32.98,33.07,32.21,34720,193604418.0,2.61,0.0,0.0,0.46
1325,2020-07-13,33.13,32.75,33.74,31.91,90318,498073056.0,5.55,-0.7,-0.23,1.19
1326,2020-07-14,32.4,33.35,33.38,31.82,49866,279525120.0,4.76,1.83,0.6,0.66
1327,2020-07-15,33.29,34.36,36.3,33.29,77893,460957136.0,9.03,3.03,1.01,1.01
1328,2020-07-16,35.38,33.92,37.15,33.48,81129,484668832.0,10.68,-1.28,-0.44,1.05
1329,2020-07-17,33.92,35.19,35.76,33.47,51760,307261376.0,6.75,3.74,1.27,0.67
1330,2020-07-20,36.37,36.98,37.1,33.84,87500,521691808.0,9.26,5.09,1.79,1.14
1331,2020-07-21,33.76,35.79,36.96,33.76,102206,620436496.0,8.65,-3.22,-1.19,1.33
1332,2020-07-22,35.38,35.33,36.09,34.32,51037,307959216.0,4.95,-1.29,-0.46,0.66
1333,2020-07-23,35.2,36.29,37.57,35.04,64183,395678544.0,7.16,2.72,0.96,0.83
1334,2020-07-24,35.83,35.49,37.4,34.67,59942,368340928.0,7.52,-2.2,-0.8,0.78
1335,2020-07-27,36.33,38.66,38.7,35.53,69007,439647408.0,8.93,8.93,3.17,0.9
1336,2020-07-28,38.77,37.96,39.3,37.49,46650,303025088.0,4.68,-1.81,-0.7,0.61
1337,2020-07-29,37.94,40.73,40.85,37.58,47529,321581616.0,8.61,7.3,2.77,0.62
1338,2020-07-30,41.15,41.89,42.34,39.82,38748,269792960.0,6.19,2.85,1.16,0.5
1339,2020-07-31,41.45,42.06,43.29,40.05,56213,397964048.0,7.73,0.41,0.17,0.73
1340,2020-08-03,42.22,42.31,43.24,41.17,48159,343792512.0,4.92,0.59,0.25,0.63
1341,2020-08-04,41.84,41.34,42.79,39.7,66315,462797920.0,7.3,-2.29,-0.97,0.86
1342,2020-08-05,40.7,39.72,41.03,37.96,74781,500284256.0,7.43,-3.92,-1.62,0.97
1343,2020-08-06,39.99,37.88,40.54,37.43,71247,465437152.0,7.83,-4.63,-1.84,0.93
1344,2020-08-07,38.17,39.65,40.82,38.17,80899,546509456.0,7.0,4.67,1.77,1.05
1345,2020-08-10,39.84,42.99,43.53,39.84,86288,621380704.0,9.31,8.42,3.34,1.12
1346,2020-08-11,42.43,42.94,44.33,42.15,50856,375054976.0,5.07,-0.12,-0.05,0.66
1347,2020-08-12,43.53,41.21,43.77,40.01,78032,549611008.0,8.76,-4.03,-1.73,1.01
1348,2020-08-13,42.04,41.45,43.14,41.09,48046,342676736.0,4.97,0.58,0.24,0.62
1349,2020-08-14,42.04,41.74,42.64,40.77,39206,277516704.0,4.51,0.7,0.29,0.51
1350,2020-08-17,42.04,40.95,42.27,39.77,62744,433466624.0,5.99,-1.89,-0.79,0.82
1351,2020-08-18,40.85,39.96,41.67,39.52,92942,635416384.0,5.25,-2.42,-0.99,1.21
1352,2020-08-19,40.11,39.34,41.45,39.15,54813,373682112.0,5.76,-1.55,-0.62,0.71
1353,2020-08-20,39.53,39.55,40.71,38.19,60359,406598768.0,6.41,0.53,0.21,0.78
1354,2020-08-21,40.3,39.8,40.6,39.43,39600,269080496.0,2.96,0.63,0.25,0.51
1355,2020-08-24,39.58,39.73,40.24,39.22,48761,328469696.0,2.56,-0.18,-0.07,0.63
1356,2020-08-25,39.73,40.41,40.98,39.39,52293,358343440.0,4.0,1.71,0.68,0.68
1357,2020-08-26,40.32,40.07,40.88,39.55,23916,163677946.0,3.29,-0.84,-0.34,0.31
1358,2020-08-27,40.3,41.68,42.34,39.57,46873,329149888.0,6.91,4.02,1.61,0.61
1359,2020-08-28,41.86,42.94,43.05,41.15,36481,262718452.0,4.56,3.02,1.26,0.47
1360,2020-08-31,43.4,41.24,43.77,41.05,53728,381555472.0,6.33,-3.96,-1.7,0.7
1361,2020-09-01,41.08,42.13,42.28,41.04,36563,260776230.0,3.01,2.16,0.89,0.48
1362,2020-09-02,42.37,41.38,42.69,41.2,39277,280278064.0,3.54,-1.78,-0.75,0.51
1363,2020-09-03,41.03,40.14,41.48,39.84,41193,283572624.0,3.96,-3.0,-1.24,0.54
1364,2020-09-04,39.92,39.47,39.99,38.59,38770,257840930.0,3.49,-1.67,-0.67,0.5
1365,2020-09-07,39.37,36.91,39.9,36.73,54936,354440160.0,8.03,-6.49,-2.56,0.71
1366,2020-09-08,36.98,36.54,37.86,36.17,67116,420284416.0,4.58,-1.0,-0.37,0.87
1367,2020-09-09,36.68,35.73,36.98,34.8,49052,300267488.0,5.97,-2.22,-0.81,0.64
1368,2020-09-10,36.45,36.44,38.47,36.15,51416,326382688.0,6.49,1.99,0.71,0.67
1369,2020-09-11,37.39,40.14,40.14,36.39,50318,330749760.0,10.29,10.15,3.7,0.65
1370,2020-09-14,41.76,38.77,42.02,38.41,71513,485678032.0,8.99,-3.41,-1.37,0.93
1371,2020-09-15,39.13,39.23,39.55,38.54,32525,216997485.0,2.61,1.19,0.46,0.42
1372,2020-09-16,39.23,40.24,42.01,39.18,62874,435882592.0,7.21,2.57,1.01,0.82
1373,2020-09-17,40.64,39.85,41.2,39.19,45826,312252624.0,5.0,-0.97,-0.39,0.6
1374,2020-09-18,40.05,40.03,40.43,39.15,26393,178676539.0,3.21,0.45,0.18,0.34
1375,2020-09-21,40.21,39.5,41.09,38.83,43434,293062368.0,5.65,-1.32,-0.53,0.56
1376,2020-09-22,39.96,38.53,39.96,38.34,34266,227394205.0,4.1,-2.46,-0.97,0.45
1377,2020-09-23,38.98,40.79,41.08,38.25,69734,474562464.0,7.34,5.87,2.26,0.91
1378,2020-09-24,41.06,39.92,41.45,39.67,56177,388081920.0,4.36,-2.13,-0.87,0.73
1379,2020-09-25,40.42,40.3,41.2,39.51,37159,256817311.0,4.23,0.95,0.38,0.48
1380,2020-09-28,40.99,42.19,43.21,39.77,49240,353508016.0,8.54,4.69,1.89,0.64
1381,2020-09-29,42.51,42.17,42.61,40.83,37152,263224427.0,4.22,-0.05,-0.02,0.48
1382,2020-09-30,42.13,42.99,43.74,41.54,36191,264082385.0,5.22,1.94,0.82,0.47
1383,2020-10-09,47.34,47.34,47.34,46.3,34543,277066288.0,2.42,10.12,4.35,0.45
1384,2020-10-12,47.37,49.18,49.99,45.61,77910,634750944.0,9.25,3.89,1.84,1.01
1385,2020-10-13,47.99,51.57,51.73,46.74,49655,417852288.0,10.15,4.86,2.39,0.65
1386,2020-10-14,50.08,50.6,51.49,49.63,40870,351209696.0,3.61,-1.88,-0.97,0.53
1387,2020-10-15,51.26,49.57,51.55,47.22,45829,381159808.0,8.56,-2.04,-1.03,0.6
1388,2020-10-16,49.46,48.29,49.9,47.7,34850,287950400.0,4.44,-2.58,-1.28,0.45
1389,2020-10-19,48.69,44.36,48.76,43.83,57808,445552896.0,10.21,-8.14,-3.93,0.75
1390,2020-10-20,44.54,45.35,45.82,43.81,41640,316015136.0,4.53,2.23,0.99,0.54
1391,2020-10-21,46.08,45.08,46.3,44.02,34597,262918943.0,5.03,-0.6,-0.27,0.45
1392,2020-10-22,45.32,45.15,45.4,43.42,31428,237407189.0,4.39,0.16,0.07,0.41
1393,2020-10-23,45.58,43.3,46.48,42.93,33222,252562723.0,7.86,-4.1,-1.85,0.43
1394,2020-10-26,43.98,45.49,46.51,41.57,67271,509762832.0,11.41,5.06,2.19,0.87
1395,2020-10-27,45.49,46.73,47.36,44.9,61444,478943376.0,5.41,2.73,1.24,0.8
1396,2020-10-28,46.78,47.09,48.33,46.38,37855,303862848.0,4.17,0.77,0.36,0.49
1397,2020-10-29,46.48,46.87,47.57,45.91,38596,307574192.0,3.53,-0.47,-0.22,0.5
1398,2020-10-30,47.09,44.7,47.1,44.38,55639,432333952.0,5.8,-4.63,-2.17,0.72
1399,2020-11-02,45.36,45.33,45.68,44.15,70562,540585248.0,3.42,1.41,0.63,0.92
1400,2020-11-03,45.67,43.31,45.81,43.06,85219,632633408.0,6.07,-4.46,-2.02,1.11
1401,2020-11-04,43.88,42.93,44.38,42.29,83001,608096848.0,4.83,-0.88,-0.38,1.08
1402,2020-11-05,43.58,43.79,44.36,42.93,58929,438316800.0,3.33,2.0,0.86,0.77
1403,2020-11-06,44.32,43.3,44.46,42.35,48547,354637200.0,4.82,-1.12,-0.49,0.63
1404,2020-11-09,43.43,42.34,44.12,41.92,101222,737469664.0,5.08,-2.22,-0.96,1.32
1405,2020-11-10,42.34,42.8,43.35,40.8,89661,646923200.0,6.02,1.09,0.46,1.17
1406,2020-11-11,43.05,43.38,45.01,42.2,54035,403543328.0,6.57,1.36,0.58,0.7
1407,2020-11-12,43.74,44.7,44.84,42.93,40817,307746992.0,4.4,3.04,1.32,0.53
1408,2020-11-13,43.98,44.93,45.23,43.17,39953,301664192.0,4.61,0.51,0.23,0.52
1409,2020-11-16,43.8,43.67,44.49,42.64,55911,415013120.0,4.12,-2.8,-1.26,0.73
1410,2020-11-17,43.23,43.29,43.47,41.58,62035,448385392.0,4.33,-0.87,-0.38,0.81
1411,2020-11-18,43.41,42.41,44.18,42.35,31222,228785447.0,4.23,-2.03,-0.88,0.41
1412,2020-11-19,42.5,43.14,43.47,41.27,40564,295234768.0,5.19,1.72,0.73,0.53
1413,2020-11-20,42.78,43.97,44.22,42.78,36311,269110688.0,3.34,1.92,0.83,0.47
1414,2020-11-23,43.83,43.95,44.95,43.23,37545,281447504.0,3.91,-0.05,-0.02,0.49
1415,2020-11-24,43.96,42.24,44.23,42.14,61046,442445840.0,4.76,-3.89,-1.71,0.79
1416,2020-11-25,42.57,41.58,42.89,41.54,38791,276776432.0,3.2,-1.56,-0.66,0.5
1417,2020-11-26,41.36,40.55,41.74,39.97,45364,312530400.0,4.26,-2.48,-1.03,0.59
1418,2020-11-27,41.3,42.16,42.21,39.98,46506,326292624.0,5.5,3.97,1.61,0.6
1419,2020-11-30,41.98,42.13,42.13,40.17,66970,473628064.0,4.65,-0.07,-0.03,0.87
1420,2020-12-01,42.13,41.15,42.13,40.43,59846,419608944.0,4.04,-2.33,-0.98,0.78
1421,2020-12-02,41.24,41.07,41.95,40.08,47208,326089296.0,4.54,-0.19,-0.08,0.61
1422,2020-12-03,40.97,41.36,41.37,39.93,43188,299923024.0,3.51,0.71,0.29,0.56
1423,2020-12-04,41.21,41.23,42.32,40.55,40147,283807072.0,4.28,-0.31,-0.13,0.52
1424,2020-12-07,41.33,42.04,42.15,41.21,35806,254266904.0,2.28,1.96,0.81,0.47
1425,2020-12-08,42.03,42.98,43.16,41.65,49361,358169312.0,3.59,2.24,0.94,0.64
1426,2020-12-09,43.29,42.87,44.35,42.65,41937,310824480.0,3.96,-0.26,-0.11,0.54
1427,2020-12-10,42.73,44.48,45.53,42.1,53507,402266064.0,8.0,3.76,1.61,0.7
1428,2020-12-11,44.12,44.26,45.43,43.99,50921,387795168.0,3.24,-0.49,-0.22,0.66
1429,2020-12-14,44.78,47.55,47.86,44.78,79005,627763776.0,6.96,7.43,3.29,1.03
1430,2020-12-15,47.1,48.68,49.72,46.93,75574,625573600.0,5.87,2.38,1.13,0.98
1431,2020-12-16,49.44,49.11,49.89,47.96,38058,316952960.0,3.96,0.88,0.43,0.49
1432,2020-12-17,48.29,47.52,49.37,47.4,54942,447266000.0,4.01,-3.24,-1.59,0.71
1433,2020-12-18,48.29,47.37,48.54,46.67,46215,373009744.0,3.94,-0.32,-0.15,0.6
1434,2020-12-21,48.22,50.05,50.96,48.0,88172,745973824.0,6.25,5.66,2.68,1.15
1435,2020-12-22,49.78,51.17,52.67,49.36,57877,501984144.0,6.61,2.24,1.12,0.75
1436,2020-12-23,51.93,52.03,53.95,50.86,66044,587116832.0,6.04,1.68,0.86,0.86
1437,2020-12-24,53.02,51.71,53.02,49.89,45408,395068656.0,6.02,-0.62,-0.32,0.59
1438,2020-12-25,52.01,52.12,52.61,50.2,53447,469469664.0,4.66,0.79,0.41,0.69
1439,2020-12-28,52.24,50.85,53.05,48.96,79695,677692112.0,7.85,-2.44,-1.27,1.04
1440,2020-12-29,50.07,49.9,50.97,49.01,62348,529672560.0,3.85,-1.87,-0.95,0.81
1441,2020-12-30,50.08,50.26,52.16,49.9,44460,382339456.0,4.53,0.72,0.36,0.58
1442,2020-12-31,50.25,50.32,51.74,49.05,56530,483697920.0,5.35,0.12,0.06,0.73
1443,2021-01-04,50.32,53.49,54.46,50.32,67145,603462400.0,8.23,6.3,3.17,0.87
1444,2021-01-05,53.2,54.07,55.09,52.46,45598,416335056.0,4.92,1.08,0.58,0.59
1445,2021-01-06,54.01,53.01,54.6,52.38,39323,355025744.0,4.11,-1.96,-1.06,0.51
1446,2021-01-07,53.6,57.16,57.52,53.6,74182,704927040.0,7.39,7.83,4.15,0.96
1447,2021-01-08,57.54,54.69,58.35,52.51,76695,707439712.0,10.22,-4.32,-2.47,1.0
1448,2021-01-11,52.95,52.05,54.42,51.26,67696,608045264.0,5.78,-4.83,-2.64,0.88
1449,2021-01-12,52.04,52.08,53.53,51.57,63269,563331824.0,3.77,0.06,0.03,0.82
1450,2021-01-13,52.01,49.71,53.49,49.41,71211,618067424.0,7.83,-4.55,-2.37,0.93
1451,2021-01-14,49.7,49.78,51.2,48.95,52538,447355792.0,4.53,0.14,0.07,0.68
1452,2021-01-15,50.18,49.76,50.24,48.29,50123,420673872.0,3.92,-0.04,-0.02,0.65
1453,2021-01-18,49.48,49.73,50.35,48.0,59279,497853520.0,4.72,-0.06,-0.03,0.77
1454,2021-01-19,50.02,50.17,51.37,49.76,39494,337887168.0,3.24,0.88,0.44,0.51
1455,2021-01-20,50.32,52.42,52.76,49.79,57695,509203088.0,5.92,4.48,2.25,0.75
1456,2021-01-21,57.71,57.71,57.71,57.71,37148,363382224.0,0.0,10.09,5.29,0.48
1457,2021-01-22,58.41,62.27,63.31,57.71,134278,1381783760.0,9.7,7.9,4.56,1.74
1458,2021-01-25,62.58,64.26,64.96,61.37,99519,1068602320.0,5.77,3.2,1.99,1.29
1459,2021-01-26,63.33,64.12,64.71,61.39,66882,717287328.0,5.17,-0.22,-0.14,0.87
1460,2021-01-27,63.17,64.76,65.3,62.01,69758,751630448.0,5.13,1.0,0.64,0.91
1461,2021-01-28,62.58,61.1,63.43,60.78,51665,539697904.0,4.09,-5.65,-3.66,0.67
1462,2021-01-29,62.23,58.77,63.5,57.22,99753,1016956672.0,10.28,-3.81,-2.33,1.3
1463,2021-02-01,60.29,60.14,61.05,58.52,69671,707616800.0,4.3,2.33,1.37,0.91
1464,2021-02-02,60.2,62.46,63.46,59.12,66148,691548560.0,7.22,3.86,2.32,0.86
1465,2021-02-03,62.48,61.41,63.63,61.1,50366,528275696.0,4.05,-1.68,-1.05,0.65
1466,2021-02-04,60.55,60.35,62.11,59.23,52349,536958912.0,4.69,-1.73,-1.06,0.68
1467,2021-02-05,61.06,60.71,61.98,59.12,54012,559145200.0,4.74,0.6,0.36,0.7
1468,2021-02-08,60.2,61.3,61.3,58.33,60782,618437040.0,4.89,0.97,0.59,0.79
1469,2021-02-09,61.99,61.3,64.24,60.96,62238,658994304.0,5.35,0.0,0.0,0.81
1470,2021-02-10,62.48,62.57,62.87,60.49,48150,505639392.0,3.88,2.07,1.27,0.63
1471,2021-02-18,63.39,59.42,63.77,58.42,70065,718635632.0,8.55,-5.03,-3.15,0.91
1472,2021-02-19,59.45,58.11,61.23,56.03,64725,638712896.0,8.75,-2.2,-1.31,0.84
1473,2021-02-22,57.99,55.84,59.78,55.63,81961,796779648.0,7.14,-3.91,-2.27,1.07
1474,2021-02-23,53.95,54.9,56.92,53.95,73138,687223952.0,5.32,-1.68,-0.94,0.95
1475,2021-02-24,54.74,54.02,56.54,53.46,78516,730612432.0,5.61,-1.6,-0.88,1.02
1476,2021-02-25,54.55,53.92,55.14,53.35,44860,412073056.0,3.31,-0.19,-0.1,0.58
1477,2021-02-26,52.46,53.14,53.85,51.04,45977,412560176.0,5.21,-1.45,-0.78,0.6
1478,2021-03-01,53.65,54.77,55.68,53.02,48576,448459472.0,5.01,3.07,1.63,0.63
1479,2021-03-02,54.84,54.46,55.9,53.65,58274,540061456.0,4.11,-0.57,-0.31,0.76
1480,2021-03-03,53.79,53.67,54.29,52.4,42681,385558336.0,3.47,-1.45,-0.79,0.55
1481,2021-03-04,53.21,50.3,53.21,49.12,90557,779151056.0,7.62,-6.28,-3.37,1.18
1482,2021-03-05,49.14,49.3,50.67,48.04,68959,576170176.0,5.23,-1.99,-1.0,0.9
1483,2021-03-08,50.67,46.48,50.67,46.27,76118,618087232.0,8.92,-5.72,-2.82,0.99
1484,2021-03-09,45.9,45.12,46.82,44.3,72250,559340080.0,5.42,-2.93,-1.36,0.94
1485,2021-03-10,46.21,45.97,47.08,45.66,49410,388300960.0,3.15,1.88,0.85,0.64
1486,2021-03-11,46.51,46.7,47.16,45.32,40678,320860080.0,4.0,1.59,0.73,0.53
1487,2021-03-12,47.04,46.09,47.48,45.21,38898,304619456.0,4.86,-1.31,-0.61,0.51
1488,2021-03-15,45.99,44.91,46.37,44.06,48328,369746208.0,5.01,-2.56,-1.18,0.63
1489,2021-03-16,45.78,45.32,47.96,44.84,42433,331101376.0,6.95,0.91,0.41,0.55
1490,2021-03-17,44.41,44.72,45.92,43.6,41919,319040384.0,5.12,-1.32,-0.6,0.54
1491,2021-03-18,44.72,45.02,46.1,44.22,42638,326026080.0,4.2,0.67,0.3,0.55
1492,2021-03-19,44.24,44.01,45.37,43.59,43378,325578752.0,3.95,-2.24,-1.01,0.56
1493,2021-03-22,44.51,45.91,46.29,43.32,57346,441877232.0,6.75,4.32,1.9,0.75
1494,2021-03-23,45.9,45.77,46.21,44.96,39116,302327648.0,2.72,-0.3,-0.14,0.51
1495,2021-03-24,45.7,44.08,46.68,43.82,48965,373582192.0,6.25,-3.69,-1.69,0.64
1496,2021-03-25,43.29,46.14,46.49,43.26,49655,383535376.0,7.33,4.67,2.06,0.65
1497,2021-03-26,46.3,46.46,48.14,46.04,74540,594879200.0,4.55,0.69,0.32,0.97
1498,2021-03-29,47.47,47.96,48.23,46.54,63661,515060848.0,3.64,3.23,1.5,0.83
1499,2021-03-30,47.31,50.02,50.32,47.24,74128,618678496.0,6.42,4.3,2.06,0.96
1500,2021-03-31,49.96,50.62,50.95,48.65,55518,470199936.0,4.6,1.2,0.6,0.72
1501,2021-04-01,51.04,53.45,54.53,50.08,55898,495745728.0,8.79,5.59,2.83,0.73
1502,2021-04-02,53.05,51.98,53.3,51.12,40948,360386624.0,4.08,-2.75,-1.47,0.53
1503,2021-04-06,51.57,53.65,53.7,49.48,55741,492454848.0,8.12,3.21,1.67,0.72
1504,2021-04-07,52.45,50.37,52.46,49.53,64720,553023232.0,5.46,-6.11,-3.28,0.84
1505,2021-04-08,49.87,48.89,50.37,48.64,48523,405166688.0,3.43,-2.94,-1.48,0.63
1506,2021-04-09,48.82,48.61,49.82,48.42,32409,268906000.0,2.86,-0.57,-0.28,0.42
1507,2021-04-12,48.78,45.73,48.78,45.41,66684,527572208.0,6.93,-5.92,-2.88,0.87
1508,2021-04-13,45.87,45.57,46.89,45.08,38161,296643344.0,3.96,-0.35,-0.16,0.5
1509,2021-04-14,45.44,47.18,47.33,45.08,35993,286235984.0,4.94,3.53,1.61,0.47
1510,2021-04-15,47.24,47.39,47.7,46.51,20863,166964086.0,2.52,0.45,0.21,0.27
1511,2021-04-16,47.34,46.39,47.62,46.04,37934,299775088.0,3.33,-2.11,-1.0,0.49
1512,2021-04-19,46.43,47.1,47.64,45.47,60396,479313216.0,4.68,1.53,0.71,0.78
1513,2021-04-20,48.35,51.3,51.86,48.08,105494,897870896.0,8.03,8.92,4.2,1.37
1514,2021-04-21,51.0,50.55,51.66,49.67,68218,585454080.0,3.88,-1.46,-0.75,0.89
1515,2021-04-22,51.27,49.64,51.51,49.08,42329,357118768.0,4.81,-1.8,-0.91,0.55
1516,2021-04-23,49.65,51.27,51.43,49.49,41430,357043280.0,3.91,3.28,1.63,0.54
1517,2021-04-26,50.92,50.26,52.59,50.09,39865,347739056.0,4.88,-1.97,-1.01,0.52
1518,2021-04-27,50.05,50.91,51.21,49.93,27748,239237668.0,2.55,1.29,0.65,0.36
1519,2021-04-28,51.06,51.87,52.23,49.89,38099,331723664.0,4.6,1.89,0.96,0.5
1520,2021-04-29,51.86,50.89,52.36,50.67,44276,384908080.0,3.26,-1.89,-0.98,0.58
1521,2021-04-30,50.67,53.92,54.89,50.67,86688,791176000.0,8.29,5.95,3.03,1.13
1522,2021-05-06,53.65,51.75,54.35,51.39,84480,751940880.0,5.49,-4.02,-2.17,1.1
1523,2021-05-07,51.92,49.18,52.03,48.64,62388,530011856.0,6.55,-4.97,-2.57,0.81
1524,2021-05-10,49.47,51.93,52.89,48.68,54951,481743248.0,8.56,5.59,2.75,0.71
1525,2021-05-11,50.85,50.85,51.74,49.52,40331,345381328.0,4.27,-2.08,-1.08,0.52
1526,2021-05-12,50.36,50.21,50.85,49.71,27858,237974054.0,2.24,-1.26,-0.64,0.36
1527,2021-05-13,49.52,49.78,50.37,49.29,23787,201401787.0,2.15,-0.86,-0.43,0.31
1528,2021-05-14,50.23,51.34,51.36,48.83,36996,316972096.0,5.08,3.13,1.56,0.48
1529,2021-05-17,51.14,52.81,53.95,50.74,36634,326262128.0,6.25,2.86,1.47,0.48
1530,2021-05-18,52.84,52.99,53.78,52.76,22769,205315188.0,1.93,0.34,0.18,0.3
1531,2021-05-19,53.35,53.47,54.23,52.17,30326,274670624.0,3.89,0.91,0.48,0.39
1532,2021-05-20,53.58,52.8,54.36,52.35,30202,271858320.0,3.76,-1.25,-0.67,0.39
1533,2021-05-21,53.63,55.61,55.8,52.86,63985,593184800.0,5.57,5.32,2.81,0.83
1534,2021-05-24,55.56,54.9,55.97,52.38,73780,559596384.0,6.46,-1.28,-0.71,0.8
1535,2021-05-25,54.04,54.29,54.87,53.04,59693,453706016.0,3.33,-1.11,-0.61,0.65
1536,2021-05-26,53.96,53.14,54.04,52.78,55973,420186304.0,2.32,-2.12,-1.15,0.61
1537,2021-05-27,53.29,56.17,56.17,52.54,70340,538833568.0,6.83,5.7,3.03,0.76
1538,2021-05-28,55.18,56.17,57.61,54.51,48215,380790784.0,5.52,0.0,0.0,0.52
1539,2021-05-31,56.72,58.04,58.41,54.96,72396,580316816.0,6.14,3.33,1.87,0.78
1540,2021-06-01,57.61,56.47,58.67,56.25,64333,517225440.0,4.17,-2.71,-1.57,0.7
1541,2021-06-02,56.66,54.07,57.89,53.79,91864,717624432.0,7.26,-4.25,-2.4,0.99
1542,2021-06-03,54.07,51.18,54.39,50.91,104226,760311168.0,6.44,-5.34,-2.89,1.13
1543,2021-06-04,50.56,50.0,51.06,49.57,72523,512438192.0,2.91,-2.31,-1.18,0.79
1544,2021-06-07,50.31,51.39,51.65,48.34,89648,627746624.0,6.62,2.78,1.39,0.97
1545,2021-06-08,51.04,52.04,52.37,50.72,65656,478107040.0,3.21,1.26,0.65,0.71
1546,2021-06-09,51.76,54.52,55.72,51.25,86815,660781504.0,8.59,4.77,2.48,0.94
1547,2021-06-10,54.49,60.0,60.0,54.49,104592,867158944.0,10.11,10.05,5.48,1.13
1548,2021-06-11,60.46,66.03,66.03,60.46,222150,1993811280.0,9.28,10.05,6.03,2.41
1549,2021-06-15,66.05,66.61,67.31,64.04,127439,1181708496.0,4.95,0.88,0.58,1.38
1550,2021-06-16,66.23,63.37,67.61,62.92,101636,919443488.0,7.04,-4.86,-3.24,1.1
1551,2021-06-17,64.85,64.34,66.1,63.59,101651,926113056.0,3.96,1.53,0.97,1.1
1552,2021-06-18,65.4,66.94,68.21,65.01,101086,947045376.0,4.97,4.04,2.6,1.09
1553,2021-06-21,66.39,71.22,72.32,65.47,99388,979615264.0,10.23,6.39,4.28,1.07
1554,2021-06-22,70.39,73.71,75.77,69.27,95909,975567760.0,9.13,3.5,2.49,1.04
1555,2021-06-23,72.89,71.16,75.67,70.61,88035,895973824.0,6.86,-3.46,-2.55,0.95
1556,2021-06-24,73.29,71.69,76.04,70.68,96717,986562384.0,7.53,0.74,0.53,1.05
1557,2021-06-25,70.25,71.02,73.17,70.07,82515,829735376.0,4.32,-0.93,-0.67,0.89
1558,2021-06-28,71.03,71.36,72.82,70.69,75725,763591488.0,3.0,0.48,0.34,0.82
1559,2021-06-29,72.36,73.67,74.64,71.38,125702,1294452592.0,4.57,3.24,2.31,1.36
1560,2021-06-30,73.67,74.84,77.46,72.39,81214,858234496.0,6.88,1.59,1.17,0.87
1561,2021-07-01,75.66,74.0,75.82,71.89,58767,604294864.0,5.25,-1.12,-0.84,0.63
1562,2021-07-02,71.05,70.46,73.67,69.04,115082,1150936160.0,6.26,-4.78,-3.54,1.24
1563,2021-07-05,71.18,72.64,73.56,70.46,101983,1033366800.0,4.4,3.09,2.18,1.1
1564,2021-07-06,71.25,71.64,72.61,69.9,75220,750126256.0,3.73,-1.38,-1.0,0.81
1565,2021-07-07,70.83,77.18,78.82,69.99,124884,1328430128.0,12.33,7.73,5.54,1.34
1566,2021-07-08,77.2,82.3,83.09,77.2,136617,1553642096.0,7.63,6.63,5.12,1.47
1567,2021-07-09,80.89,80.32,82.25,76.6,95285,1062362976.0,6.87,-2.41,-1.98,1.03
1568,2021-07-12,80.54,79.21,81.69,77.91,96515,1077164240.0,4.71,-1.38,-1.11,1.04
1569,2021-07-13,78.96,78.18,80.16,76.11,83976,922217648.0,5.11,-1.3,-1.03,0.9
1570,2021-07-14,76.89,76.25,78.11,74.72,87472,938423632.0,4.34,-2.47,-1.93,0.94
1571,2021-07-15,76.04,82.04,83.88,74.31,147006,1626549232.0,12.55,7.59,5.79,1.56
1572,2021-07-16,81.0,78.54,83.25,78.33,82068,930922432.0,6.0,-4.27,-3.5,0.87
1573,2021-07-19,80.06,78.29,82.0,77.61,72610,807998080.0,5.59,-0.32,-0.25,0.77
1574,2021-07-20,76.86,78.54,79.04,76.18,49193,538488448.0,3.65,0.32,0.25,0.52
1575,2021-07-21,78.96,86.14,86.41,78.96,90955,1072522768.0,9.49,9.68,7.6,0.97
1576,2021-07-22,86.54,87.84,89.21,83.32,76845,928541008.0,6.84,1.97,1.7,0.82
1577,2021-07-23,86.89,91.23,92.44,85.66,76104,961219024.0,7.72,3.86,3.39,0.81
1578,2021-07-26,88.68,87.17,91.23,85.25,82921,1019996528.0,6.55,-4.45,-4.06,0.88
1579,2021-07-27,88.18,78.89,89.18,78.76,107032,1259354672.0,11.95,-9.5,-8.28,1.14
1580,2021-07-28,79.35,78.88,80.46,71.59,95037,1041022160.0,11.24,-0.01,-0.01,1.0
1581,2021-07-29,82.04,86.79,86.79,80.21,92405,1086356352.0,8.34,10.03,7.91,0.97
1582,2021-07-30,86.79,95.5,95.5,85.82,100725,1326173808.0,11.15,10.04,8.71,1.06
1583,2021-08-02,95.49,92.25,99.68,86.32,128863,1663224000.0,13.99,-3.4,-3.25,1.35
1584,2021-08-03,93.32,83.0,93.33,83.0,130213,1562620464.0,11.2,-10.03,-9.25,1.37
1585,2021-08-04,81.33,91.33,91.33,81.22,95823,1196226720.0,12.18,10.04,8.33,1.01
1586,2021-08-05,87.96,96.61,100.47,87.61,117866,1562327392.0,14.08,5.78,5.28,1.24
1587,2021-08-06,98.16,98.89,103.94,95.31,81456,1136316976.0,8.93,2.36,2.28,0.86
1588,2021-08-09,98.32,101.75,108.46,93.32,101794,1422029264.0,15.31,2.89,2.86,1.07
1589,2021-08-10,99.76,100.67,103.32,94.11,92761,1290048656.0,9.05,-1.06,-1.08,0.98
1590,2021-08-11,99.04,96.5,99.04,93.29,81245,1093303856.0,5.71,-4.14,-4.17,0.85
1591,2021-08-12,95.81,93.89,95.89,90.51,77477,1011536528.0,5.58,-2.7,-2.61,0.81
1592,2021-08-13,91.89,93.88,96.54,90.54,65790,858429072.0,6.39,-0.01,-0.01,0.69
1593,2021-08-16,91.18,92.25,94.86,89.81,62286,803484976.0,5.38,-1.74,-1.63,0.65
1594,2021-08-17,92.61,93.25,95.29,90.16,82250,1076419632.0,5.56,1.08,1.0,0.86
1595,2021-08-18,89.07,89.57,92.61,84.04,117506,1473111344.0,9.19,-3.95,-3.68,1.24
1596,2021-08-19,93.16,89.21,93.32,85.54,102253,1269404448.0,8.69,-0.4,-0.36,1.08
1597,2021-08-20,89.75,91.84,94.99,88.32,79489,1026170240.0,7.48,2.95,2.63,0.84
1598,2021-08-23,93.68,95.74,96.67,90.02,86516,1142380320.0,7.24,4.25,3.9,0.91
1599,2021-08-24,97.54,100.17,104.75,96.8,126828,1791099216.0,8.3,4.63,4.43,1.33
1600,2021-08-25,99.04,107.36,108.46,96.54,83108,1198796560.0,11.9,7.18,7.19,0.87
1601,2021-08-26,106.18,109.41,118.11,106.18,94220,1485768464.0,11.11,1.91,2.05,0.99
1602,2021-08-27,108.91,108.24,113.24,106.9,66831,1028795344.0,5.79,-1.07,-1.17,0.7
1603,2021-08-30,110.46,117.36,119.09,110.46,86501,1419394480.0,7.97,8.43,9.12,0.91
1604,2021-08-31,114.04,108.32,114.04,105.6,130576,1974790128.0,7.19,-7.7,-9.04,1.37
1605,2021-09-01,108.32,104.57,109.73,99.04,101055,1473634304.0,9.87,-3.46,-3.75,1.06
1606,2021-09-02,102.82,111.63,112.86,102.82,108142,1651374464.0,9.6,6.75,7.06,1.14
1607,2021-09-03,111.68,101.18,114.67,100.44,112746,1648837824.0,12.75,-9.36,-10.45,1.19
1608,2021-09-06,99.39,97.91,99.96,92.61,94487,1275342224.0,7.26,-3.23,-3.27,0.99
1609,2021-09-07,99.03,102.79,103.91,97.26,74453,1062697232.0,6.79,4.98,4.88,0.78
1610,2021-09-08,103.89,97.41,105.91,94.46,83589,1160472720.0,11.14,-5.23,-5.38,0.88
1611,2021-09-09,98.32,99.39,100.1,90.46,108452,1435133472.0,9.9,2.03,1.98,1.14
1612,2021-09-10,96.89,102.75,103.91,94.75,101047,1410974752.0,9.22,3.38,3.36,1.06
1613,2021-09-13,102.61,97.96,102.76,96.89,77682,1074706928.0,5.71,-4.66,-4.79,0.82
1614,2021-09-14,96.89,98.12,100.46,94.18,69828,961560688.0,6.41,0.16,0.16,0.73
1615,2021-09-15,99.04,101.89,105.46,97.64,77067,1106851792.0,7.97,3.84,3.77,0.81
1616,2021-09-16,105.04,95.39,108.95,94.5,112490,1588182448.0,14.18,-6.38,-6.5,1.18
1617,2021-09-17,96.9,94.56,98.25,88.32,110423,1436531552.0,10.41,-0.87,-0.83,1.16
1618,2021-09-22,91.6,88.39,94.04,87.61,99120,1259502272.0,6.8,-6.52,-6.17,1.04
1619,2021-09-23,89.75,84.06,90.01,82.61,151447,1793539680.0,8.37,-4.9,-4.33,1.59
1620,2021-09-24,83.85,86.39,89.21,82.1,101796,1233386720.0,8.46,2.77,2.33,1.07
1621,2021-09-27,85.46,90.09,92.45,85.43,107536,1344135248.0,8.13,4.28,3.7,1.13
1622,2021-09-28,90.82,86.96,91.53,85.82,69621,860548944.0,6.34,-3.47,-3.13,0.73
1623,2021-09-29,86.09,87.74,89.01,84.76,66756,824429440.0,4.89,0.9,0.78,0.7
1624,2021-09-30,88.25,90.32,93.31,86.18,85468,1083677968.0,8.13,2.94,2.58,0.9
1625,2021-10-08,92.61,90.11,93.32,87.62,83037,1050524832.0,6.31,-0.23,-0.21,0.87
1626,2021-10-11,91.01,86.96,91.01,86.81,56801,703358416.0,4.66,-3.5,-3.15,0.6
1627,2021-10-12,88.36,88.49,89.04,85.89,55281,677642928.0,3.62,1.76,1.53,0.58
1628,2021-10-13,87.6,94.59,95.29,87.32,82075,1064205472.0,9.01,6.89,6.1,0.86
1629,2021-10-14,95.46,97.43,100.11,94.59,73882,1020642880.0,5.84,3.0,2.84,0.78
1630,2021-10-15,95.93,99.25,101.02,95.06,69098,962838480.0,6.12,1.87,1.82,0.73
1631,2021-10-18,99.61,99.71,101.21,96.64,57593,799114784.0,4.6,0.46,0.46,0.61
1632,2021-10-19,99.68,100.19,101.54,97.87,72651,1021525088.0,3.68,0.48,0.48,0.76
1633,2021-10-20,99.75,101.27,103.74,98.68,106285,1524444400.0,5.05,1.08,1.08,1.12
1634,2021-10-21,101.17,99.45,101.38,98.13,51660,721214400.0,3.21,-1.8,-1.82,0.54
1635,2021-10-22,98.92,96.2,98.92,94.29,54533,736358320.0,4.66,-3.27,-3.25,0.57
1636,2021-10-25,96.19,100.82,101.86,95.44,92706,1306967792.0,6.67,4.8,4.62,0.97
1637,2021-10-26,101.9,98.12,101.9,97.63,48642,678067280.0,4.24,-2.68,-2.7,0.51
1638,2021-10-27,98.56,100.82,105.85,97.25,108304,1551875776.0,8.76,2.75,2.7,1.14
1639,2021-10-28,100.87,97.18,102.25,96.97,61206,849755456.0,5.24,-3.61,-3.64,0.64
1640,2021-10-29,97.18,102.11,104.31,92.69,111889,1538078480.0,11.96,5.07,4.93,1.18
1641,2021-11-01,102.61,96.89,103.96,95.22,127086,1754058784.0,8.56,-5.11,-5.22,1.34
1642,2021-11-02,95.3,92.61,95.67,90.1,131846,1708897952.0,5.75,-4.42,-4.28,1.39
1643,2021-11-03,92.18,92.6,94.52,91.19,58332,758417024.0,3.6,-0.01,-0.01,0.61
1644,2021-11-04,92.96,91.37,95.68,89.11,85273,1111200960.0,7.1,-1.33,-1.23,0.9
1645,2021-11-05,89.04,88.99,91.09,86.79,70730,884571680.0,4.71,-2.6,-2.38,0.74
1646,2021-11-08,88.99,92.44,92.52,87.46,55064,700900880.0,5.69,3.88,3.45,0.58
1647,2021-11-09,93.75,93.18,95.82,91.89,51649,679128528.0,4.25,0.8,0.74,0.54
1648,2021-11-10,92.96,94.82,95.39,92.04,46137,607007456.0,3.6,1.76,1.64,0.49
1649,2021-11-11,95.22,94.84,98.57,94.39,48509,655451536.0,4.41,0.02,0.02,0.51
1650,2021-11-12,95.46,98.17,98.18,95.14,54995,746029792.0,3.21,3.51,3.33,0.58
1651,2021-11-15,98.34,93.39,98.81,92.61,43671,579880592.0,6.32,-4.87,-4.78,0.46
1652,2021-11-16,92.68,90.08,95.26,89.75,52792,680397264.0,5.9,-3.54,-3.31,0.56
1653,2021-11-17,89.76,92.54,93.04,89.18,43894,563346832.0,4.29,2.73,2.46,0.46
1654,2021-11-18,92.29,90.61,92.46,90.24,48807,624308640.0,2.4,-2.09,-1.93,0.51
1655,2021-11-19,90.61,93.16,94.26,89.08,55280,709166016.0,5.72,2.81,2.55,0.58
1656,2021-11-22,93.21,94.75,94.99,92.02,68689,903997600.0,3.19,1.71,1.59,0.72
1657,2021-11-23,94.38,94.17,97.16,93.89,59396,793239184.0,3.45,-0.61,-0.58,0.62
1658,2021-11-24,94.04,88.36,94.11,87.68,107766,1356060720.0,6.83,-6.17,-5.81,1.13
1659,2021-11-25,87.96,84.48,88.89,83.24,111003,1323741312.0,6.39,-4.39,-3.88,1.17
1660,2021-11-26,84.19,86.61,87.52,84.04,81273,980902704.0,4.12,2.52,2.13,0.85
1661,2021-11-29,85.89,89.21,90.75,84.79,71061,882464896.0,6.88,3.0,2.6,0.75
1662,2021-11-30,89.16,86.61,89.41,86.04,42305,518547264.0,3.78,-2.91,-2.6,0.44
1663,2021-12-01,87.27,88.32,89.25,86.29,76904,953338704.0,3.42,1.97,1.71,0.81
1664,2021-12-02,88.13,89.03,89.61,87.61,40870,509316768.0,2.26,0.8,0.71,0.43
1665,2021-12-03,89.03,87.31,89.89,86.74,39710,489855760.0,3.54,-1.93,-1.72,0.42
1666,2021-12-06,87.64,88.41,89.75,86.75,45839,572394416.0,3.44,1.26,1.1,0.48
1667,2021-12-07,89.28,87.61,89.31,85.48,41382,504977040.0,4.33,-0.9,-0.8,0.44
1668,2021-12-08,87.29,90.71,90.76,86.04,62066,774316352.0,5.39,3.54,3.1,0.65
1669,2021-12-09,91.18,90.08,91.39,88.41,55102,692022176.0,3.29,-0.69,-0.63,0.58
1670,2021-12-10,89.04,97.11,97.61,88.75,114402,1525398704.0,9.84,7.8,7.03,1.2
1671,2021-12-13,97.06,96.59,98.29,94.16,53003,714521136.0,4.25,-0.54,-0.52,0.56
1672,2021-12-14,96.42,95.21,97.11,94.68,29937,400732656.0,2.52,-1.43,-1.38,0.31
1673,2021-12-15,95.46,94.04,96.32,93.74,33882,451087376.0,2.71,-1.23,-1.17,0.36
1674,2021-12-16,94.86,95.45,95.46,93.69,26201,348923600.0,1.88,1.5,1.41,0.28
1675,2021-12-17,95.75,90.46,96.59,90.39,54986,713502832.0,6.5,-5.23,-4.99,0.58
1676,2021-12-20,89.04,84.04,90.84,83.31,86953,1045316480.0,8.32,-7.1,-6.42,0.91
1677,2021-12-21,84.74,82.93,85.19,80.62,61598,713971600.0,5.44,-1.32,-1.11,0.65
1678,2021-12-22,83.04,81.93,83.95,81.29,48403,558484336.0,3.21,-1.21,-1.0,0.51
1679,2021-12-23,81.96,82.75,83.41,80.95,68326,789649104.0,3.0,1.0,0.82,0.72
1680,2021-12-24,82.24,79.61,82.82,78.62,48118,541305440.0,5.08,-3.79,-3.14,0.51
1681,2021-12-27,78.56,77.74,80.69,76.97,66745,735534064.0,4.67,-2.35,-1.87,0.7
1682,2021-12-28,78.32,82.16,82.57,77.71,66430,749024944.0,6.25,5.69,4.42,0.7
1683,2021-12-29,83.38,86.09,88.68,82.61,99262,1199425728.0,7.39,4.78,3.93,1.04
1684,2021-12-30,86.09,87.41,89.96,84.06,68624,849306864.0,6.85,1.53,1.32,0.72
1685,2021-12-31,91.26,93.0,95.32,91.26,99951,1310524736.0,4.64,6.4,5.59,1.05
1686,2022-01-04,92.82,84.51,92.82,84.39,97103,1177227312.0,9.06,-9.13,-8.49,1.02
1687,2022-01-05,85.63,80.18,85.63,79.95,75242,860074096.0,6.72,-5.12,-4.33,0.79
1688,2022-01-06,79.75,80.61,81.25,79.17,99832,1129079712.0,2.59,0.54,0.43,1.05
1689,2022-01-07,80.46,76.96,80.59,75.03,114393,1237696208.0,6.9,-4.53,-3.65,1.2
1690,2022-01-10,75.96,75.5,77.01,74.07,101748,1076964912.0,3.82,-1.9,-1.46,1.07
1691,2022-01-11,75.46,73.18,75.82,72.86,68624,711612512.0,3.92,-3.07,-2.32,0.72
1692,2022-01-12,74.04,77.89,78.02,74.04,83405,899911552.0,5.44,6.44,4.71,0.88
1693,2022-01-13,78.04,77.86,80.15,75.84,68189,748384832.0,5.53,-0.04,-0.03,0.72
1694,2022-01-14,76.86,81.18,81.74,76.31,76843,867950112.0,6.97,4.26,3.32,0.81
1695,2022-01-17,83.32,84.53,87.25,80.46,89831,1075598112.0,8.36,4.13,3.35,0.94
1696,2022-01-18,84.45,84.96,85.81,83.4,42884,510096336.0,2.85,0.51,0.43,0.45
1697,2022-01-19,84.16,82.11,85.18,80.82,71940,829508096.0,5.13,-3.35,-2.85,0.76
1698,2022-01-20,82.04,82.36,83.31,80.39,41826,482391168.0,3.56,0.3,0.25,0.44
1699,2022-01-21,81.99,83.11,85.39,80.46,44914,528311232.0,5.99,0.91,0.75,0.47
1700,2022-01-24,83.04,87.82,88.17,81.46,58150,706011280.0,8.07,5.67,4.71,0.61
1701,2022-01-25,87.39,83.44,88.66,83.44,62354,750065552.0,5.94,-4.99,-4.38,0.66
1702,2022-01-26,84.75,86.21,88.59,84.09,77718,939416304.0,5.39,3.32,2.77,0.82
1703,2022-01-27,85.48,82.95,86.5,82.33,48488,571949328.0,4.84,-3.78,-3.26,0.51
1704,2022-01-28,83.86,81.18,85.18,79.25,46399,533219680.0,7.15,-2.13,-1.77,0.49
1705,2022-02-07,83.51,82.54,85.31,81.75,42651,501428752.0,4.39,1.68,1.36,0.45
1706,2022-02-08,82.63,77.61,82.63,75.14,55158,597984912.0,9.07,-5.97,-4.93,0.58
1707,2022-02-09,77.61,77.96,78.28,74.14,58764,633520336.0,5.33,0.45,0.35,0.62
1708,2022-02-10,78.32,72.96,78.63,70.25,124454,1267191040.0,10.75,-6.41,-5.0,1.31
1709,2022-02-11,71.18,70.71,74.16,69.39,89476,901352208.0,6.54,-3.08,-2.25,0.94
1710,2022-02-14,69.31,71.44,72.11,69.11,70537,703214176.0,4.24,1.03,0.73,0.74
1711,2022-02-15,71.49,76.84,77.14,71.49,66903,706187024.0,7.91,7.56,5.4,0.7
1712,2022-02-16,77.66,74.66,78.04,74.06,58528,619823024.0,5.18,-2.84,-2.18,0.62
1713,2022-02-17,74.24,76.32,77.75,73.54,63252,673860112.0,5.64,2.22,1.66,0.67
1714,2022-02-18,75.46,75.19,75.89,74.08,40631,428240016.0,2.37,-1.48,-1.13,0.43
1715,2022-02-21,75.19,74.16,75.22,73.72,27552,287638512.0,1.99,-1.37,-1.03,0.29
1716,2022-02-22,73.62,76.68,78.08,72.46,66831,714054288.0,7.58,3.4,2.52,0.7
1717,2022-02-23,76.76,79.82,80.39,76.76,45626,508214304.0,4.73,4.09,3.14,0.48
1718,2022-02-24,79.04,81.39,84.74,78.75,69711,804693984.0,7.5,1.97,1.57,0.73
1719,2022-02-25,84.04,82.82,85.03,81.26,40991,477014080.0,4.63,1.76,1.43,0.43
1720,2022-02-28,82.61,84.49,85.31,81.46,40313,474439216.0,4.65,2.02,1.67,0.42
1721,2022-03-01,86.89,85.13,89.09,84.01,62817,756229312.0,6.01,0.76,0.64,0.66
1722,2022-03-02,85.46,84.11,85.46,81.69,46574,543203776.0,4.43,-1.2,-1.02,0.49
1723,2022-03-03,84.66,82.48,84.75,82.13,25081,291899040.0,3.11,-1.94,-1.63,0.26
1724,2022-03-04,81.35,82.06,83.68,80.94,35700,412999552.0,3.32,-0.51,-0.42,0.38
1725,2022-03-07,81.04,80.11,82.31,78.11,39899,450189488.0,5.12,-2.38,-1.95,0.42
1726,2022-03-08,80.34,80.72,85.47,79.75,77213,892694576.0,7.14,0.76,0.61,0.81
1727,2022-03-09,82.25,80.74,82.96,76.81,62190,699683600.0,7.62,0.02,0.02,0.65
1728,2022-03-10,83.89,83.01,86.31,81.9,77548,918335168.0,5.46,2.81,2.27,0.82
1729,2022-03-11,81.61,85.21,85.68,80.96,76530,900324144.0,5.69,2.65,2.2,0.8
1730,2022-03-14,84.04,84.04,86.17,81.96,46099,542066192.0,4.94,-1.37,-1.17,0.48
1731,2022-03-15,83.11,83.95,87.82,81.89,57361,682261856.0,7.06,-0.11,-0.09,0.6
1732,2022-03-16,86.18,92.37,92.37,83.04,63016,768040624.0,11.11,10.03,8.42,0.66
1733,2022-03-17,93.18,88.96,93.32,87.01,92190,1155136512.0,6.83,-3.69,-3.41,0.97
1734,2022-03-18,88.75,88.82,91.74,87.38,74301,931285104.0,4.9,-0.16,-0.14,0.78
1735,2022-03-21,87.32,85.68,88.51,85.39,68911,837353680.0,3.51,-3.54,-3.14,0.72
1736,2022-03-22,84.94,80.79,85.46,80.11,78989,910986640.0,6.24,-5.71,-4.89,0.83
1737,2022-03-23,82.09,81.18,83.25,80.82,58788,677115856.0,3.01,0.48,0.39,0.62
1738,2022-03-24,80.82,82.9,83.24,79.12,48002,547399872.0,5.08,2.12,1.72,0.5
1739,2022-03-25,82.64,79.89,83.89,79.89,44524,509096784.0,4.83,-3.63,-3.01,0.47
1740,2022-03-28,79.04,81.19,82.49,78.48,47250,538952496.0,5.02,1.63,1.3,0.5
1741,2022-03-29,81.07,84.02,84.18,80.89,45418,529548336.0,4.05,3.49,2.83,0.48
1742,2022-03-30,84.02,84.54,85.62,82.82,50199,596114736.0,3.33,0.62,0.52,0.53
1743,2022-03-31,84.54,80.81,84.54,80.61,33347,382890848.0,4.65,-4.41,-3.73,0.35
1744,2022-04-01,80.94,81.86,82.8,79.91,29872,342836832.0,3.58,1.3,1.05,0.31
1745,2022-04-06,80.89,77.21,81.89,75.88,55521,609435904.0,7.34,-5.68,-4.65,0.58
1746,2022-04-07,76.37,75.9,78.25,75.25,40268,433475376.0,3.89,-1.7,-1.31,0.42
1747,2022-04-08,75.71,75.03,77.04,74.66,30670,326371856.0,3.14,-1.15,-0.87,0.32
1748,2022-04-11,74.5,69.97,74.61,69.39,91528,906948640.0,6.96,-6.74,-5.06,0.96
1749,2022-04-12,69.94,70.18,71.41,69.46,61632,608446240.0,2.79,0.3,0.21,0.65
1750,2022-04-13,69.79,68.25,70.22,68.25,37961,368448656.0,2.81,-2.75,-1.93,0.4
1751,2022-04-14,68.25,66.94,68.92,64.46,85608,794025760.0,6.53,-1.92,-1.31,0.9
1752,2022-04-15,66.27,69.7,70.45,65.68,64527,623088656.0,7.13,4.12,2.76,0.68
1753,2022-04-18,68.93,74.38,75.46,67.71,64533,660053632.0,11.12,6.71,4.68,0.68
1754,2022-04-19,74.51,73.39,76.06,72.94,31210,324433648.0,4.19,-1.33,-0.99,0.33
1755,2022-04-20,72.92,70.86,72.92,70.39,33664,336707184.0,3.45,-3.45,-2.53,0.35
1756,2022-04-21,70.11,64.04,70.86,63.75,113008,1053572240.0,10.03,-9.62,-6.82,1.19
1757,2022-04-22,64.04,61.62,65.81,61.14,103620,909304112.0,7.29,-3.78,-2.42,1.09
1758,2022-04-25,59.16,59.32,62.51,58.69,79973,681068720.0,6.2,-3.73,-2.3,0.84
1759,2022-04-26,59.62,58.19,61.16,57.76,63813,532343184.0,5.73,-1.9,-1.13,0.67
1760,2022-04-27,58.16,63.01,63.84,58.16,95387,823253104.0,9.76,8.28,4.82,1.0
1761,2022-04-28,62.46,65.45,67.1,61.75,83360,762871584.0,8.49,3.87,2.44,0.88
1762,2022-04-29,65.52,65.99,67.05,62.25,94878,863583136.0,7.33,0.83,0.54,1.0
1763,2022-05-05,63.24,68.14,69.5,62.82,134484,1275986368.0,10.12,3.26,2.15,1.41
1764,2022-05-06,65.82,67.11,69.75,65.24,57999,549837216.0,6.62,-1.51,-1.03,0.61
1765,2022-05-09,66.86,69.22,70.37,65.67,55307,534976816.0,7.0,3.14,2.11,0.58
1766,2022-05-10,67.76,69.85,73.05,67.65,69553,690566672.0,7.8,0.91,0.63,0.73
1767,2022-05-11,70.54,75.77,76.86,70.54,101834,1076419312.0,9.05,8.48,5.92,1.07
1768,2022-05-12,75.56,72.75,75.82,71.89,66412,682145712.0,5.19,-3.99,-3.02,0.7
1769,2022-05-13,74.02,73.36,74.22,72.04,28200,290220784.0,3.0,0.84,0.61,0.3
1770,2022-05-16,73.15,71.11,74.69,70.49,36871,373027136.0,5.73,-3.07,-2.25,0.39
1771,2022-05-17,71.88,75.0,75.11,71.18,48385,501201584.0,5.53,5.47,3.89,0.51
1772,2022-05-18,75.79,76.89,77.84,73.77,43250,462865904.0,5.43,2.52,1.89,0.45
1773,2022-05-19,76.18,80.82,83.42,75.61,60808,683984768.0,10.16,5.11,3.93,0.64
1774,2022-05-20,81.89,80.19,81.89,77.44,60678,675416160.0,5.51,-0.78,-0.63,0.64
1775,2022-05-23,79.99,80.49,81.03,77.61,34080,379871952.0,4.26,0.37,0.3,0.36
1776,2022-05-24,80.63,78.11,81.69,78.06,30684,342592560.0,4.51,-2.96,-2.38,0.32
1777,2022-05-25,78.8,78.5,80.01,76.91,52126,408179408.0,3.97,0.5,0.39,0.39
1778,2022-05-26,78.98,78.8,80.12,76.98,46147,362851312.0,4.0,0.38,0.3,0.35
1779,2022-05-27,78.67,78.5,80.3,77.3,33045,259773858.0,3.81,-0.38,-0.3,0.25
1780,2022-05-30,77.66,78.3,78.51,76.61,52601,408565712.0,2.42,-0.25,-0.2,0.4
1781,2022-05-31,79.78,79.34,81.0,77.2,54286,429417424.0,4.85,1.33,1.04,0.41
1782,2022-06-01,78.8,77.01,79.0,76.51,69580,539417872.0,3.14,-2.94,-2.33,0.52
1783,2022-06-02,77.92,77.75,78.16,76.22,63250,489982880.0,2.52,0.96,0.74,0.48
1784,2022-06-06,77.05,81.62,83.13,76.78,114797,928773008.0,8.17,4.98,3.87,0.86
1785,2022-06-07,82.1,80.5,84.25,80.28,66135,539886400.0,4.86,-1.37,-1.12,0.5
1786,2022-06-08,80.19,80.1,81.0,78.44,62829,501455408.0,3.18,-0.5,-0.4,0.47
1787,2022-06-09,80.58,76.34,80.6,75.13,81868,630326992.0,6.83,-4.69,-3.76,0.61
1788,2022-06-10,75.1,76.34,78.1,74.35,99096,756153424.0,4.91,0.0,0.0,0.74
1789,2022-06-13,75.6,74.47,76.24,73.68,83511,624350000.0,3.35,-2.45,-1.87,0.63
1790,2022-06-14,74.0,72.08,74.0,69.4,146583,1038158112.0,6.18,-3.21,-2.39,1.1
1791,2022-06-15,71.86,71.49,74.29,69.91,91388,658286544.0,6.08,-0.82,-0.59,0.69
1792,2022-06-16,71.94,74.55,75.44,71.32,94672,699607936.0,5.76,4.28,3.06,0.71
1793,2022-06-17,73.45,76.59,77.18,73.43,88074,668403552.0,5.03,2.74,2.04,0.66
1794,2022-06-20,76.62,76.34,78.98,75.8,99495,767566480.0,4.15,-0.33,-0.25,0.75
1795,2022-06-21,76.34,74.66,76.65,73.26,107432,802077216.0,4.44,-2.2,-1.68,0.81
1796,2022-06-22,74.3,74.31,76.28,73.0,68336,510905136.0,4.39,-0.47,-0.35,0.51
1797,2022-06-23,74.6,74.05,75.15,72.71,88011,648101856.0,3.28,-0.35,-0.26,0.66
1798,2022-06-24,74.9,77.78,79.28,74.1,109078,846506112.0,7.0,5.04,3.73,0.82
1799,2022-06-27,78.5,75.32,78.5,75.03,122864,935718400.0,4.46,-3.16,-2.46,0.92
1800,2022-06-28,75.33,71.45,75.75,70.38,204362,1460680032.0,7.13,-5.14,-3.87,1.53
1801,2022-06-29,70.75,64.61,71.0,64.33,290976,1952039600.0,9.34,-9.57,-6.84,2.19
1802,2022-06-30,64.9,65.52,66.47,63.83,196676,1278677136.0,4.09,1.41,0.91,1.48
1803,2022-07-01,65.6,65.15,66.98,64.66,120735,792924160.0,3.54,-0.56,-0.37,0.91
1804,2022-07-04,65.1,63.99,65.32,63.18,201462,1287934704.0,3.28,-1.78,-1.16,1.51
1805,2022-07-05,63.98,63.18,64.3,61.8,173982,1091125936.0,3.91,-1.27,-0.81,1.31
1806,2022-07-06,63.2,63.41,64.35,62.48,108593,688363024.0,2.96,0.36,0.23,0.82
1807,2022-07-07,63.45,63.97,64.38,62.0,120620,767183840.0,3.75,0.88,0.56,0.91
1808,2022-07-08,65.27,62.69,66.0,61.89,173986,1109873657.0,6.42,-2.0,-1.28,1.31
1809,2022-07-11,61.91,63.13,64.04,61.5,141628,888976759.0,4.05,0.7,0.44,1.06
1810,2022-07-12,63.12,62.9,63.98,62.2,93995,593655511.0,2.82,-0.36,-0.23,0.71
1811,2022-07-13,62.73,66.52,67.78,62.38,214412,1408574638.0,8.59,5.76,3.62,1.61
1812,2022-07-14,66.06,69.58,71.18,65.77,226770,1565488380.0,8.13,4.6,3.06,1.7
1813,2022-07-15,69.2,69.41,70.8,69.0,112748,788091469.0,2.59,-0.24,-0.17,0.85
1814,2022-07-18,69.38,69.02,69.5,67.12,93119,636245473.0,3.43,-0.56,-0.39,0.7
1815,2022-07-19,69.01,67.42,69.01,66.69,101809,688215972.0,3.36,-2.32,-1.6,0.76
1816,2022-07-20,67.85,68.5,69.01,66.65,70798,482520018.0,3.5,1.6,1.08,0.53
1817,2022-07-21,70.1,70.7,72.5,69.52,128880,912164013.0,4.35,3.21,2.2,0.97
1818,2022-07-22,70.39,70.09,70.82,68.76,80775,563656259.0,2.91,-0.86,-0.61,0.61
1819,2022-07-25,70.08,67.75,70.08,67.3,58122,396192377.0,3.97,-3.34,-2.34,0.44
1820,2022-07-26,67.77,68.55,69.29,66.84,62833,428498926.0,3.62,1.18,0.8,0.47
1821,2022-07-27,68.77,68.53,69.5,67.09,62392,424823681.0,3.52,-0.03,-0.02,0.47
1822,2022-07-28,69.0,68.39,70.58,67.2,99858,687470942.0,4.93,-0.2,-0.14,0.75
1823,2022-07-29,68.0,69.73,71.26,68.0,93805,656986671.0,4.77,1.96,1.34,0.7
1824,2022-08-01,69.22,68.84,69.63,67.19,97146,661040958.0,3.5,-1.28,-0.89,0.73
1825,2022-08-02,67.62,67.27,69.19,66.76,79012,534702401.0,3.53,-2.28,-1.57,0.59
1826,2022-08-03,67.5,65.44,68.88,64.78,97200,648076473.0,6.09,-2.72,-1.83,0.73
1827,2022-08-04,65.23,65.0,66.6,63.71,61794,402204164.0,4.42,-0.67,-0.44,0.46
1828,2022-08-05,65.41,66.95,67.65,64.78,62854,418319653.0,4.42,3.0,1.95,0.47
1829,2022-08-08,66.86,67.59,68.33,65.49,52121,349633388.0,4.24,0.96,0.64,0.39
1830,2022-08-09,68.24,74.35,74.35,67.62,194913,1425941726.0,9.96,10.0,6.76,1.46
1831,2022-08-10,74.35,76.08,78.78,73.85,285176,2173236407.0,6.63,2.33,1.73,2.14
1832,2022-08-11,77.5,76.5,78.8,75.72,166432,1282028305.0,4.05,0.55,0.42,1.25
1833,2022-08-12,75.75,73.2,77.06,72.98,132315,984794983.0,5.33,-4.31,-3.3,0.99
1834,2022-08-15,73.41,74.95,75.92,72.5,98136,733037856.0,4.67,2.39,1.75,0.74
1835,2022-08-16,74.8,74.67,76.36,74.36,105505,795101186.0,2.67,-0.37,-0.28,0.79
1836,2022-08-17,74.58,74.68,76.2,72.8,110103,825071110.0,4.55,0.01,0.01,0.83
1837,2022-08-18,74.64,72.82,74.64,72.78,133369,976563110.0,2.49,-2.49,-1.86,1.0
1838,2022-08-19,73.0,70.17,73.36,69.0,131926,929630783.0,5.99,-3.64,-2.65,0.99
1839,2022-08-22,69.65,70.51,70.81,68.88,75266,525205195.0,2.75,0.48,0.34,0.57
1840,2022-08-23,69.96,70.21,71.46,69.81,95101,669740638.0,2.34,-0.43,-0.3,0.71
1841,2022-08-24,70.5,67.46,70.5,67.3,88706,608692421.0,4.56,-3.92,-2.75,0.67
1842,2022-08-25,67.43,67.17,68.18,66.5,56532,380642862.0,2.49,-0.43,-0.29,0.42
1843,2022-08-26,67.54,66.65,69.34,66.29,89058,604300914.0,4.54,-0.77,-0.52,0.67
1844,2022-08-29,65.65,68.32,68.32,65.18,88802,602185231.0,4.71,2.51,1.67,0.67
1845,2022-08-30,70.2,66.05,70.5,65.7,124102,835625668.0,7.03,-3.32,-2.27,0.93
1846,2022-08-31,65.65,64.88,66.8,63.66,98352,637480498.0,4.75,-1.77,-1.17,0.74
1847,2022-09-01,64.8,63.2,65.44,62.7,93066,594070138.0,4.22,-2.59,-1.68,0.7
1848,2022-09-02,63.57,63.17,63.79,62.01,53138,335011542.0,2.82,-0.05,-0.03,0.4
1849,2022-09-05,63.17,62.8,63.68,62.03,71426,448310736.0,2.61,-0.59,-0.37,0.54
1850,2022-09-06,63.0,63.74,63.97,60.37,101116,630877162.0,5.73,1.5,0.94,0.76
1851,2022-09-07,64.02,66.78,67.85,64.0,120500,802587014.0,6.04,4.77,3.04,0.9
1852,2022-09-08,66.2,66.68,68.34,65.65,88575,593400396.0,4.03,-0.15,-0.1,0.67
1853,2022-09-09,66.5,65.27,66.64,64.21,88009,571968247.0,3.64,-2.11,-1.41,0.66
1854,2022-09-13,65.68,65.97,66.1,64.77,47752,312416336.0,2.04,1.07,0.7,0.36
1855,2022-09-14,65.01,62.8,66.19,62.4,101256,645931972.0,5.75,-4.81,-3.17,0.76
1856,2022-09-15,63.0,58.29,63.35,58.0,145673,868729935.0,8.52,-7.18,-4.51,1.09
1857,2022-09-16,57.8,57.5,59.15,57.5,73832,429839911.0,2.83,-1.36,-0.79,0.55
1858,2022-09-19,57.54,55.7,57.9,55.33,96246,539069660.0,4.47,-3.13,-1.8,0.72
1859,2022-09-20,56.66,56.59,58.08,56.05,105779,602043077.0,3.64,1.6,0.89,0.79
1860,2022-09-21,56.7,55.0,57.1,54.88,69962,388893928.0,3.92,-2.81,-1.59,0.53
1861,2022-09-22,54.98,54.98,56.66,53.6,68784,378484791.0,5.56,-0.04,-0.02,0.52
1862,2022-09-23,54.74,53.63,55.6,52.63,89747,480890699.0,5.4,-2.46,-1.35,0.67
1863,2022-09-26,53.0,55.13,55.75,52.65,98223,539426002.0,5.78,2.8,1.5,0.74
1864,2022-09-27,55.67,55.59,56.52,54.5,63254,350972462.0,3.66,0.83,0.46,0.48
1865,2022-09-28,55.26,53.82,56.23,53.76,47526,259542286.0,4.44,-3.18,-1.77,0.36
1866,2022-09-29,54.0,55.03,55.2,53.38,63311,345427835.0,3.38,2.25,1.21,0.48
1867,2022-09-30,54.42,53.2,54.99,52.99,56965,305505550.0,3.63,-3.33,-1.83,0.43
1868,2022-10-10,53.2,51.66,53.98,51.07,72405,376804405.0,5.47,-2.89,-1.54,0.54
1869,2022-10-11,52.06,50.9,52.06,50.0,71778,366251047.0,3.99,-1.47,-0.76,0.54
1870,2022-10-12,50.9,52.96,53.04,49.43,80815,411250540.0,7.09,4.05,2.06,0.61
1871,2022-10-13,52.6,55.03,55.98,52.35,108537,595838637.0,6.85,3.91,2.07,0.82
1872,2022-10-14,55.1,56.72,57.84,54.6,87369,492657297.0,5.89,3.07,1.69,0.66
1873,2022-10-17,56.1,56.9,57.1,55.41,52207,293954795.0,2.98,0.32,0.18,0.39
1874,2022-10-18,57.73,58.52,60.88,56.82,105235,615068351.0,7.14,2.85,1.62,0.79
1875,2022-10-19,58.52,59.47,61.51,58.3,92070,552560711.0,5.49,1.62,0.95,0.69
1876,2022-10-20,58.92,57.15,59.15,56.76,65254,374561389.0,4.02,-3.9,-2.32,0.49
1877,2022-10-21,57.9,59.53,59.96,56.68,65997,387586587.0,5.74,4.16,2.38,0.5
1878,2022-10-24,59.01,57.0,59.8,56.3,68660,395186684.0,5.88,-4.25,-2.53,0.52
1879,2022-10-25,55.58,60.1,61.85,55.0,149909,897733652.0,12.02,5.44,3.1,1.13
1880,2022-10-26,59.5,62.1,62.23,59.3,101922,624839379.0,4.88,3.33,2.0,0.77
1881,2022-10-27,62.12,64.33,66.9,62.12,118839,778962771.0,7.7,3.59,2.23,0.89
1882,2022-10-28,63.69,64.0,66.99,63.69,116300,761080066.0,5.13,-0.51,-0.33,0.87
1883,2022-10-31,63.84,64.06,66.66,62.45,102094,657328143.0,6.58,0.09,0.06,0.77
1884,2022-11-01,64.06,64.66,66.2,63.66,83704,541225145.0,3.97,0.94,0.6,0.63
1885,2022-11-02,63.74,68.6,69.17,63.62,124120,835286617.0,8.58,6.09,3.94,0.93
1886,2022-11-03,68.13,66.93,71.18,66.62,108367,748980866.0,6.65,-2.43,-1.67,0.81
1887,2022-11-04,67.0,71.05,71.5,66.9,113938,801041487.0,6.87,6.16,4.12,0.86
1888,2022-11-07,70.34,69.69,71.54,69.0,62329,437903059.0,3.57,-1.91,-1.36,0.47
1889,2022-11-08,70.15,68.68,70.28,67.7,67259,462187359.0,3.7,-1.45,-1.01,0.51
1890,2022-11-09,68.6,66.85,68.6,66.01,77891,520260382.0,3.77,-2.66,-1.83,0.58
1891,2022-11-10,65.86,65.25,66.86,64.6,80115,521896568.0,3.38,-2.39,-1.6,0.6
1892,2022-11-11,67.21,65.25,68.15,64.6,77882,514595549.0,5.44,0.0,0.0,0.58
1893,2022-11-14,65.25,64.54,66.16,63.6,56097,361445579.0,3.92,-1.09,-0.71,0.42
1894,2022-11-15,64.55,66.59,67.1,64.55,63192,416373021.0,3.95,3.18,2.05,0.47
1895,2022-11-16,66.25,65.63,66.82,64.69,43092,282097334.0,3.2,-1.44,-0.96,0.32
1896,2022-11-17,64.94,64.65,65.2,63.56,55699,358140873.0,2.5,-1.49,-0.98,0.42
1897,2022-11-18,65.44,67.75,68.7,65.01,101784,684133710.0,5.71,4.8,3.1,0.76
1898,2022-11-21,66.91,66.65,67.9,65.88,67465,449828966.0,2.98,-1.62,-1.1,0.51
1899,2022-11-22,65.87,61.52,65.94,61.01,135568,848846143.0,7.4,-7.7,-5.13,1.02
1900,2022-11-23,61.18,65.06,65.26,61.1,87515,557816450.0,6.76,5.75,3.54,0.66
1901,2022-11-24,64.75,64.74,67.2,64.54,62058,406237247.0,4.09,-0.49,-0.32,0.47
1902,2022-11-25,64.74,62.74,64.74,62.01,54582,344957468.0,4.22,-3.09,-2.0,0.41
1903,2022-11-28,62.74,62.53,63.09,61.23,46037,285807105.0,2.96,-0.33,-0.21,0.35
1904,2022-11-29,62.32,60.1,62.72,59.78,101758,616876449.0,4.7,-3.89,-2.43,0.76
1905,2022-11-30,60.0,60.09,60.45,58.92,73696,438424964.0,2.55,-0.02,-0.01,0.55
1906,2022-12-01,60.3,61.2,62.76,60.3,90021,555090395.0,4.09,1.85,1.11,0.68
1907,2022-12-02,61.46,62.99,65.68,61.46,131422,840795431.0,6.9,2.92,1.79,0.99
1908,2022-12-05,62.99,59.99,63.29,59.96,129617,790458596.0,5.29,-4.76,-3.0,0.97
1909,2022-12-06,60.2,60.73,61.71,59.0,79629,480972347.0,4.52,1.23,0.74,0.6
1910,2022-12-07,60.54,60.53,62.35,59.88,56504,344414732.0,4.07,-0.33,-0.2,0.42
1911,2022-12-08,60.53,62.3,65.09,60.0,117665,747369142.0,8.41,2.92,1.77,0.88
1912,2022-12-09,62.29,63.52,64.69,61.5,117556,747082998.0,5.12,1.96,1.22,0.88
1913,2022-12-12,63.03,62.5,63.44,61.83,55050,344613954.0,2.53,-1.61,-1.02,0.41
1914,2022-12-13,62.81,60.07,62.89,59.5,81078,488926243.0,5.42,-3.89,-2.43,0.61
1915,2022-12-14,60.45,59.1,61.09,58.0,72350,428707081.0,5.14,-1.61,-0.97,0.54
1916,2022-12-15,59.08,60.98,62.0,58.68,81286,493259129.0,5.62,3.18,1.88,0.61
1917,2022-12-16,60.7,60.5,60.7,58.94,63115,376866685.0,2.89,-0.79,-0.48,0.47
1918,2022-12-19,60.18,61.0,62.5,60.1,50713,311167415.0,3.97,0.83,0.5,0.38
1919,2022-12-20,61.01,60.64,62.24,60.33,50325,306525766.0,3.13,-0.59,-0.36,0.38
1920,2022-12-21,60.52,60.2,61.0,59.15,37982,228317921.0,3.05,-0.73,-0.44,0.29
1921,2022-12-22,60.45,58.95,61.08,58.35,55944,330467944.0,4.53,-2.08,-1.25,0.42
1922,2022-12-23,58.86,57.33,59.38,56.16,84999,488472792.0,5.46,-2.75,-1.62,0.64
1923,2022-12-26,57.48,63.06,63.06,57.44,130054,798025753.0,9.8,9.99,5.73,0.98
1924,2022-12-27,63.82,66.41,66.68,63.2,121575,793988656.0,5.52,5.31,3.35,0.91
1925,2022-12-28,65.9,66.07,66.64,64.87,89983,591996068.0,2.67,-0.51,-0.34,0.68
1926,2022-12-29,65.73,66.86,67.67,65.3,77325,516857921.0,3.59,1.2,0.79,0.58
1927,2022-12-30,66.73,66.44,68.0,65.88,55013,367819326.0,3.17,-0.63,-0.42,0.41
